# exported from mesh.npz by build_env/build_object_urdf.py
# mesh coordinates preserved (origin convention goal_traj tracks)
v -0.038348 0.056166 0.012816
v -0.039055 0.055757 0.012886
v -0.038970 0.056083 0.012399
v -0.038970 0.056083 0.012399
v -0.036124 0.058054 0.012444
v -0.036124 0.058054 0.012444
v -0.038921 0.056518 0.012518
v -0.038101 0.052968 0.010808
v -0.037832 0.056266 0.012815
v -0.037832 0.056266 0.012815
v -0.033002 0.057043 0.011324
v -0.034326 0.052745 0.009379
v -0.030366 0.056091 0.009950
v -0.022112 0.057701 0.008862
v -0.025538 0.054295 0.007869
v -0.030370 0.052081 0.007944
v -0.025283 0.051344 0.006535
v -0.049615 0.019608 0.004582
v -0.050712 0.014434 0.004333
v -0.054208 0.013310 0.005536
v -0.045599 0.012515 0.002432
v -0.044982 0.016302 0.002652
v -0.042729 0.017787 0.001833
v -0.044140 0.013297 0.001614
v -0.046783 0.008379 0.002500
v -0.051231 0.007356 0.003929
v -0.045309 0.008836 0.001669
v -0.058025 0.036553 0.012036
v -0.055253 0.040567 0.012002
v -0.055253 0.040567 0.012002
v -0.056291 0.038774 0.011819
v -0.057174 0.037421 0.011883
v -0.051776 0.045031 0.012182
v -0.054221 0.042110 0.012776
v -0.054550 0.040491 0.011788
v -0.054550 0.040491 0.011788
v -0.053845 0.041757 0.011834
v -0.053622 0.041496 0.012438
v -0.053622 0.041496 0.012438
v -0.053622 0.041496 0.012438
v -0.053622 0.041496 0.012438
v -0.054924 0.039776 0.012458
v -0.054924 0.039776 0.012458
v -0.056486 0.039012 0.012775
v -0.056486 0.039012 0.012775
v -0.055319 0.040087 0.011893
v -0.055319 0.040087 0.011893
v -0.055319 0.040087 0.011893
v -0.055176 0.040011 0.011855
v -0.055176 0.040011 0.011855
v -0.055512 0.039347 0.011880
v -0.055512 0.039347 0.011880
v -0.054352 0.041175 0.013278
v -0.054696 0.039703 0.012441
v -0.056051 0.038196 0.012506
v -0.056051 0.038196 0.012506
v -0.057228 0.036243 0.012539
v -0.057228 0.036243 0.012539
v -0.057247 0.036990 0.013206
v -0.057247 0.036990 0.013206
v -0.055427 0.037349 0.012927
v -0.055427 0.037349 0.012927
v -0.050997 0.045199 0.013348
v -0.060254 0.032648 0.011857
v -0.059377 0.033654 0.011733
v -0.059377 0.033654 0.011733
v -0.059696 0.033897 0.012545
v -0.060555 0.032113 0.012838
v -0.058590 0.035680 0.012775
v -0.058022 0.035970 0.011905
v -0.058022 0.035970 0.011905
v -0.058757 0.034943 0.011832
v -0.058757 0.034943 0.011832
v -0.059496 0.032215 0.012459
v -0.059496 0.032215 0.012459
v -0.058203 0.034778 0.012450
v -0.060786 0.030551 0.013117
v -0.056476 0.033571 0.010972
v -0.059278 0.030337 0.012775
v -0.057398 0.031008 0.012163
v -0.061079 0.030827 0.011703
v -0.061781 0.029876 0.012411
v -0.061770 0.028609 0.011570
v -0.063167 0.026518 0.011829
v -0.064245 0.024185 0.012351
v -0.062607 0.027758 0.012846
v -0.060474 0.031294 0.011668
v -0.060474 0.031294 0.011668
v -0.060544 0.030210 0.012361
v -0.060544 0.030210 0.012361
v -0.060544 0.030210 0.012361
v -0.060544 0.030210 0.012361
v -0.059806 0.026750 0.010798
v -0.061053 0.029811 0.011638
v -0.062456 0.025254 0.012204
v -0.060751 0.029262 0.012290
v -0.060975 0.029568 0.011932
v -0.060975 0.029568 0.011932
v -0.060975 0.029568 0.011932
v -0.061023 0.029414 0.011965
v -0.061023 0.029414 0.011965
v -0.061023 0.029414 0.011965
v -0.061023 0.029414 0.011965
v -0.061017 0.029300 0.012149
v -0.061017 0.029300 0.012149
v -0.061017 0.029300 0.012149
v -0.060925 0.029484 0.012248
v -0.060925 0.029484 0.012248
v -0.060925 0.029484 0.012248
v -0.060925 0.029484 0.012248
v -0.062350 0.026214 0.012293
v -0.062350 0.026214 0.012293
v -0.062350 0.026214 0.012293
v -0.062350 0.026214 0.012293
v -0.063682 0.023836 0.011466
v -0.063682 0.023836 0.011466
v -0.062460 0.026272 0.011722
v -0.065105 0.021446 0.011838
v -0.064536 0.019233 0.012133
v -0.064536 0.019233 0.012133
v -0.062413 0.019746 0.010738
v -0.065871 0.017832 0.011547
v -0.064943 0.020127 0.011423
v -0.066059 0.015989 0.011486
v -0.066179 0.017964 0.011994
v -0.064893 0.019041 0.011520
v -0.065875 0.015259 0.012208
v -0.065875 0.015259 0.012208
v -0.065686 0.016351 0.011781
v -0.065071 0.018206 0.012141
v -0.065071 0.018206 0.012141
v -0.065813 0.014510 0.012163
v -0.065813 0.014510 0.012163
v -0.064334 0.021758 0.011429
v -0.064334 0.021758 0.011429
v -0.065898 0.018863 0.012687
v -0.064699 0.022416 0.012792
v -0.063791 0.023196 0.013087
v -0.066197 0.015387 0.012976
v -0.064342 0.020598 0.012184
v -0.064474 0.020437 0.011649
v -0.063816 0.022413 0.011747
v -0.064126 0.016049 0.012491
v -0.061508 0.023525 0.012423
v -0.064743 0.019288 0.012099
v -0.064635 0.019507 0.012141
v -0.064889 0.018814 0.012098
v -0.064889 0.018814 0.012098
v -0.053151 0.038636 0.010983
v -0.050558 0.033726 0.007980
v -0.053445 0.034136 0.009483
v -0.048085 0.040364 0.009138
v -0.047447 0.037402 0.007819
v -0.043640 0.041462 0.007757
v -0.041839 0.039888 0.006596
v -0.046353 0.033895 0.006366
v -0.040907 0.033422 0.004499
v -0.048929 0.034715 0.009288
v -0.048929 0.034715 0.009288
v -0.043995 0.034979 0.007546
v -0.043995 0.034979 0.007546
v -0.043607 0.039873 0.008934
v -0.035519 0.038748 0.004467
v -0.039483 0.040021 0.007631
v -0.041313 0.034087 0.006557
v -0.041313 0.034087 0.006557
v -0.035755 0.033596 0.003230
v -0.038137 0.029009 0.002784
v -0.044301 0.029860 0.004694
v -0.038662 0.032419 0.005732
v -0.038662 0.032419 0.005732
v -0.034849 0.036250 0.005788
v -0.048809 0.047334 0.012057
v -0.048809 0.047334 0.012057
v -0.049892 0.046441 0.011915
v -0.048914 0.047688 0.012048
v -0.047478 0.049571 0.012455
v -0.050704 0.046281 0.012919
v -0.047759 0.048726 0.012024
v -0.047077 0.049296 0.012176
v -0.047868 0.048326 0.012049
v -0.046951 0.049120 0.012644
v -0.046951 0.049120 0.012644
v -0.049853 0.045993 0.012537
v -0.047155 0.048664 0.012660
v -0.047155 0.048664 0.012660
v -0.047155 0.048664 0.012660
v -0.043054 0.049653 0.011090
v -0.043269 0.045917 0.009388
v -0.048579 0.043869 0.010850
v -0.039795 0.048486 0.009182
v -0.043159 0.053523 0.012651
v -0.043620 0.052743 0.012208
v -0.045814 0.051162 0.012544
v -0.046663 0.049679 0.013442
v -0.046829 0.050121 0.012966
v -0.046143 0.050250 0.012056
v -0.045465 0.050914 0.012105
v -0.044760 0.051200 0.012136
v -0.046274 0.049822 0.012136
v -0.045790 0.050140 0.012668
v -0.045790 0.050140 0.012668
v -0.045502 0.050538 0.012205
v -0.045187 0.050694 0.012641
v -0.045187 0.050694 0.012641
v -0.045187 0.050694 0.012641
v -0.045187 0.050694 0.012641
v -0.043097 0.052476 0.012710
v -0.043097 0.052476 0.012710
v -0.042421 0.052680 0.012610
v -0.042421 0.052680 0.012610
v -0.042421 0.052680 0.012610
v -0.045056 0.050690 0.012714
v -0.045056 0.050690 0.012714
v -0.042948 0.053542 0.013034
v -0.042658 0.053152 0.013486
v -0.045809 0.048701 0.013156
v -0.040241 0.055647 0.012829
v -0.040385 0.055178 0.012321
v -0.041526 0.054411 0.012314
v -0.040452 0.054928 0.012303
v -0.041497 0.054095 0.012350
v -0.040289 0.054752 0.012808
v -0.039928 0.055585 0.012640
v -0.039928 0.055585 0.012640
v -0.037565 0.056913 0.013594
v -0.041349 0.052640 0.013282
v -0.043136 0.052703 0.012130
v -0.039582 0.055236 0.012926
v -0.038607 0.056801 0.013026
v -0.035890 0.056595 0.013395
v -0.040798 0.051507 0.012741
v -0.046586 0.045969 0.012520
v -0.040531 0.047023 0.010607
v -0.051847 0.044060 0.011907
v -0.052579 0.043245 0.011822
v -0.051827 0.044415 0.011867
v -0.052952 0.042503 0.011895
v -0.052227 0.043392 0.011978
v -0.051828 0.043736 0.012431
v -0.052437 0.043008 0.012505
v -0.050553 0.045384 0.011897
v -0.051461 0.043940 0.012508
v -0.051461 0.043940 0.012508
v -0.050322 0.043183 0.012897
v -0.047362 0.041082 0.010839
v -0.053516 0.041780 0.012017
v -0.053388 0.037871 0.012362
v -0.053388 0.037871 0.012362
v -0.038019 0.045013 0.007148
v -0.038071 0.044849 0.008949
v -0.033916 0.048617 0.007374
v -0.030737 0.043506 0.004783
v -0.028973 0.048150 0.006038
v -0.033911 0.046595 0.006646
v -0.033347 0.045222 0.007753
v -0.029223 0.045394 0.006998
v -0.035228 0.040769 0.006824
v -0.028706 0.042856 0.006241
v -0.034214 0.052288 0.011020
v -0.031782 0.049284 0.008942
v -0.034010 0.056110 0.012847
v -0.028117 0.054543 0.010480
v -0.056987 0.028380 0.009600
v -0.054973 0.025061 0.007750
v -0.058610 0.022526 0.009052
v -0.052910 0.029110 0.007742
v -0.051105 0.027270 0.006529
v -0.054534 0.021060 0.008363
v -0.052060 0.021186 0.007352
v -0.051604 0.028431 0.008698
v -0.048026 0.028636 0.007316
v -0.053303 0.032602 0.010612
v -0.056186 0.027173 0.010526
v -0.059072 0.019108 0.010231
v -0.061309 0.017061 0.009551
v -0.057830 0.016305 0.007511
v -0.055064 0.020723 0.006917
v -0.059172 0.012495 0.009341
v -0.054150 0.014422 0.007262
v -0.046615 0.024503 0.004370
v -0.046266 0.027416 0.006547
v -0.049396 0.021555 0.006524
v -0.041671 0.026445 0.005398
v -0.045456 0.021647 0.005557
v -0.040366 0.025381 0.002668
v -0.042690 0.020880 0.002550
v -0.041014 0.021509 0.001831
v -0.039930 0.018051 0.004443
v -0.035684 0.026579 0.004644
v -0.049709 0.017616 0.006123
v -0.052847 0.009358 0.006364
v -0.047683 0.013565 0.005328
v -0.026625 0.049668 0.007949
v -0.020386 0.053669 0.006704
v -0.020077 0.054692 0.009019
v -0.020077 0.054692 0.009019
v -0.023335 0.047920 0.004903
v -0.023710 0.048424 0.007093
v -0.018877 0.051360 0.007462
v -0.016924 0.050217 0.004881
v -0.016144 0.056325 0.007288
v -0.017685 0.044731 0.003108
v -0.011334 0.051709 0.004925
v -0.019780 0.047736 0.006493
v -0.011459 0.050643 0.006747
v -0.015570 0.046613 0.005977
v -0.007591 0.047408 0.003176
v -0.013343 0.045613 0.002905
v -0.008150 0.044797 0.001118
v -0.010878 0.043897 0.000930
v -0.012862 0.043793 0.001211
v -0.011001 0.045178 0.002209
v -0.014865 0.044195 0.002306
v -0.005625 0.046462 0.002490
v -0.006923 0.044059 0.000779
v -0.003913 0.045327 0.001107
v -0.000921 0.043596 0.000995
v -0.008813 0.042457 0.000943
v -0.001898 0.047925 0.003281
v 0.002048 0.044948 0.000960
v 0.000179 0.045697 0.001390
v 0.000589 0.046514 0.002371
v 0.001186 0.041513 0.002037
v -0.004614 0.041152 0.001951
v 0.005929 0.043610 0.001044
v 0.004831 0.042919 0.001262
v -0.039281 0.022281 0.000501
v -0.039847 0.019599 0.000182
v -0.040974 0.018770 0.000413
v -0.042410 0.015546 0.000501
v -0.042280 0.013876 0.000142
v -0.043763 0.010909 0.000403
v -0.040358 0.014935 0.000323
v -0.038204 0.020170 0.000300
v -0.037455 0.016616 0.001398
v -0.039101 0.012155 0.001346
v -0.043378 0.008723 0.000048
v -0.044511 0.006435 0.000295
v -0.042245 0.008441 0.000239
v -0.040099 0.008047 0.001330
v -0.038821 0.007544 0.001615
v -0.020761 0.039670 0.000602
v -0.029069 0.033779 0.000415
v -0.024996 0.037795 0.000784
v -0.021405 0.037816 0.000645
v -0.021784 0.039819 0.000881
v -0.035239 0.028447 0.000668
v -0.033119 0.030721 0.000599
v -0.034702 0.027837 0.000319
v -0.034759 0.025838 0.000400
v -0.030816 0.030485 0.000460
v -0.030091 0.035678 0.002245
v -0.032542 0.032763 0.001724
v -0.033422 0.033296 0.002488
v -0.029150 0.034820 0.000835
v -0.028971 0.038266 0.002884
v -0.035921 0.029443 0.001959
v -0.031146 0.032745 0.004866
v -0.027237 0.033675 0.000575
v -0.027240 0.037840 0.002215
v -0.024467 0.039432 0.002022
v -0.022803 0.034276 0.001708
v -0.028065 0.029931 0.001629
v -0.031459 0.026571 0.001482
v -0.032182 0.022684 0.001844
v -0.025860 0.028069 0.002080
v -0.025446 0.033655 0.004602
v -0.028370 0.026983 0.004291
v -0.023007 0.041563 0.002813
v -0.022024 0.042985 0.005650
v -0.027306 0.038808 0.005342
v -0.016685 0.042255 0.000962
v -0.015127 0.041849 0.000655
v -0.019574 0.042480 0.002414
v -0.016043 0.037958 0.001805
v -0.016953 0.040512 0.005020
v -0.011849 0.036943 0.004703
v -0.014836 0.040822 0.000761
v -0.010301 0.040006 0.001896
v -0.014976 0.036287 0.002145
v -0.004424 0.036413 0.002495
v -0.009046 0.043725 0.005311
v -0.006777 0.048801 0.006243
v -0.015151 0.005528 0.004058
v -0.032343 0.019929 0.004163
v -0.004147 0.028136 0.002703
v -0.021169 0.021761 0.002299
v -0.038720 0.025311 0.001796
v -0.037249 0.025555 0.000526
v -0.034454 0.022661 0.001390
v -0.035258 0.014384 0.001847
v -0.037485 0.007203 0.004039
v -0.043648 0.008044 0.004452
v -0.029493 0.001336 0.002079
v -0.011936 0.006582 0.002314
v -0.005364 0.039742 0.002222
v 0.000396 0.038275 0.005013
v -0.001214 0.017782 0.002687
v 0.005707 0.039790 0.002401
v 0.018214 0.032858 0.002820
v 0.013918 0.011365 0.002820
v 0.001075 -0.001711 0.002202
v -0.014647 -0.015604 0.002183
v 0.006281 0.006640 0.004446
v -0.001780 -0.006196 0.004089
v -0.055150 0.039938 0.011959
v -0.055150 0.039938 0.011959
v -0.055150 0.039938 0.011959
v -0.055150 0.039938 0.011959
v -0.061000 0.029404 0.012080
v -0.061000 0.029404 0.012080
v -0.061000 0.029404 0.012080
v -0.061000 0.029404 0.012080
v -0.061000 0.029404 0.012080
v -0.047336 0.048847 0.012351
v -0.067102 0.011040 0.011516
v -0.067350 0.009398 0.011441
v -0.067350 0.009398 0.011441
v -0.067350 0.009398 0.011441
v -0.067272 0.011782 0.011514
v -0.067889 0.008670 0.011719
v -0.068153 0.008426 0.012126
v -0.067543 0.012385 0.012193
v -0.066997 0.010031 0.011637
v -0.067565 0.009108 0.011513
v -0.067565 0.009108 0.011513
v -0.067565 0.009108 0.011513
v -0.067948 0.006074 0.011418
v -0.068462 0.003074 0.012619
v -0.067620 0.010580 0.012690
v -0.067411 0.009072 0.011468
v -0.067411 0.009072 0.011468
v -0.067411 0.009072 0.011468
v -0.067371 0.008164 0.011382
v -0.067371 0.008164 0.011382
v -0.067092 0.009328 0.011646
v -0.067092 0.009328 0.011646
v -0.067092 0.009328 0.011646
v -0.067162 0.008359 0.011637
v -0.067056 0.008574 0.012061
v -0.067056 0.008574 0.012061
v -0.067033 0.009436 0.011722
v -0.067033 0.009436 0.011722
v -0.067033 0.009436 0.011722
v -0.066995 0.009376 0.011955
v -0.066995 0.009376 0.011955
v -0.067001 0.009459 0.011815
v -0.067001 0.009459 0.011815
v -0.067239 0.007085 0.012071
v -0.067239 0.007085 0.012071
v -0.066920 0.008166 0.012076
v -0.067277 0.006814 0.011502
v -0.067277 0.006814 0.011502
v -0.068503 0.004502 0.012088
v -0.067268 0.005985 0.012017
v -0.068179 0.000493 0.011435
v -0.068622 0.001530 0.012017
v -0.064073 0.008058 0.010045
v -0.064436 0.012816 0.010867
v -0.061555 0.011781 0.008905
v -0.062096 0.004263 0.008589
v -0.064277 0.001684 0.009799
v -0.058189 0.011091 0.007074
v -0.059269 0.005205 0.007147
v -0.055802 0.005269 0.005576
v -0.056541 0.009770 0.006237
v -0.058462 0.004862 0.008387
v -0.055324 0.009335 0.007273
v -0.059186 0.000293 0.006973
v -0.062046 0.006959 0.010387
v -0.067759 0.000235 0.011548
v -0.067759 0.000235 0.011548
v -0.067685 0.002498 0.011338
v -0.067685 0.002498 0.011338
v -0.067495 0.005218 0.011406
v -0.067495 0.005218 0.011406
v -0.067406 0.004600 0.012048
v -0.067391 0.003866 0.011872
v -0.067166 0.004269 0.011972
v -0.067461 0.001589 0.012099
v -0.065276 0.002729 0.012053
v -0.065202 0.008561 0.012281
v -0.066463 0.008476 0.012728
v -0.066901 0.000322 0.012683
v -0.067556 0.002933 0.012082
v -0.067627 0.001736 0.012019
v -0.067817 0.005802 0.012930
v -0.065023 -0.002959 0.010287
v -0.062536 -0.000958 0.010406
v -0.068529 -0.003007 0.011815
v -0.067659 -0.001767 0.011326
v -0.067776 -0.000936 0.011398
v -0.068090 -0.002763 0.011406
v -0.067393 -0.001486 0.012021
v -0.067629 -0.003062 0.012094
v -0.067629 -0.003062 0.012094
v -0.067574 -0.001403 0.011954
v -0.067574 -0.001403 0.011954
v -0.067834 -0.006644 0.011404
v -0.067732 -0.004419 0.011361
v -0.067283 -0.005156 0.012070
v -0.067283 -0.005156 0.012070
v -0.067722 -0.002821 0.011433
v -0.067722 -0.002821 0.011433
v -0.067485 -0.004680 0.011900
v -0.067673 -0.000062 0.012107
v -0.068485 -0.002976 0.012555
v -0.067975 -0.003560 0.012922
v -0.065578 -0.004921 0.012204
v -0.066064 -0.008494 0.012575
v -0.061701 -0.002267 0.008293
v -0.058837 -0.002627 0.008506
v -0.061965 -0.007424 0.008640
v -0.064570 -0.008391 0.010297
v -0.061669 -0.008070 0.010224
v -0.049684 0.008038 0.005484
v -0.055707 -0.001369 0.005427
v -0.052846 -0.001045 0.004281
v -0.052759 0.000946 0.006076
v -0.056139 0.001765 0.007244
v -0.048009 0.003787 0.002705
v -0.046622 0.005288 0.002196
v -0.048688 0.001738 0.005145
v -0.047371 -0.003108 0.002438
v -0.049679 -0.004424 0.005360
v -0.059111 -0.011305 0.007412
v -0.058012 -0.006260 0.006533
v -0.055557 -0.011594 0.005838
v -0.051629 -0.006690 0.004008
v -0.055776 -0.006424 0.007240
v -0.053608 -0.005356 0.006421
v -0.057581 -0.009484 0.008252
v -0.049741 -0.011614 0.005650
v -0.053618 -0.012093 0.006791
v -0.062609 -0.013082 0.009527
v -0.064792 -0.013091 0.010968
v -0.067074 -0.012635 0.011556
v -0.067074 -0.012635 0.011556
v -0.067466 -0.011703 0.011642
v -0.067262 -0.010294 0.011485
v -0.067262 -0.010294 0.011485
v -0.067568 -0.012180 0.012125
v -0.067191 -0.013389 0.011634
v -0.066773 -0.014265 0.011624
v -0.066773 -0.014265 0.011624
v -0.066354 -0.014213 0.012243
v -0.067027 -0.014883 0.012136
v -0.066905 -0.014636 0.011548
v -0.066905 -0.014636 0.011548
v -0.067579 -0.011803 0.012526
v -0.066734 -0.015096 0.011616
v -0.065862 -0.015940 0.012242
v -0.065862 -0.015940 0.012242
v -0.065862 -0.015940 0.012242
v -0.066276 -0.016335 0.011592
v -0.065830 -0.018935 0.011609
v -0.062550 -0.019318 0.010465
v -0.068209 -0.007132 0.012495
v -0.067544 -0.005332 0.011533
v -0.068100 -0.008136 0.011734
v -0.067460 -0.006487 0.012089
v -0.067278 -0.008187 0.011537
v -0.067560 -0.006448 0.011526
v -0.067010 -0.007882 0.012035
v -0.067010 -0.007882 0.012035
v -0.067553 -0.009007 0.011377
v -0.067553 -0.009007 0.011377
v -0.067164 -0.008264 0.012030
v -0.067052 -0.009349 0.012174
v -0.067106 -0.011562 0.012926
v -0.066580 -0.011691 0.012133
v -0.066580 -0.011691 0.012133
v -0.067010 -0.010310 0.012148
v -0.067010 -0.010310 0.012148
v -0.067199 -0.009543 0.011795
v -0.064103 -0.012185 0.011958
v -0.066704 -0.012039 0.012113
v -0.064672 -0.016893 0.012654
v -0.065914 -0.018848 0.012620
v -0.064544 -0.021779 0.012960
v -0.062789 -0.019010 0.012166
v -0.065404 -0.019522 0.011623
v -0.065435 -0.020910 0.012273
v -0.065441 -0.018167 0.012270
v -0.064260 -0.021422 0.012207
v -0.064260 -0.021422 0.012207
v -0.060089 -0.016185 0.008513
v -0.059214 -0.020423 0.008702
v -0.059108 -0.014706 0.009543
v -0.054178 -0.018380 0.007744
v -0.056478 -0.018031 0.006980
v -0.053187 -0.018714 0.005679
v -0.064743 -0.020512 0.012157
v -0.064216 -0.023107 0.011454
v -0.064560 -0.022866 0.011599
v -0.063850 -0.023472 0.012269
v -0.061767 -0.025543 0.012747
v -0.061096 -0.024456 0.010719
v -0.060547 -0.025093 0.012211
v -0.063753 -0.025236 0.012683
v -0.062707 -0.026159 0.012137
v -0.063397 -0.026471 0.012157
v -0.062468 -0.027187 0.011560
v -0.062468 -0.027187 0.011560
v -0.063635 -0.025451 0.011645
v -0.061510 -0.028537 0.012214
v -0.061510 -0.028537 0.012214
v -0.062871 -0.027061 0.011627
v -0.061192 -0.031154 0.012571
v -0.061482 -0.029396 0.013032
v -0.055266 -0.026532 0.007978
v -0.058787 -0.024843 0.009395
v -0.057547 -0.023103 0.010167
v -0.054610 -0.023927 0.007122
v -0.059000 -0.029439 0.010806
v -0.061255 -0.030143 0.011637
v -0.061657 -0.030250 0.012010
v -0.060136 -0.031937 0.012322
v -0.060136 -0.031937 0.012322
v -0.058192 -0.033392 0.012901
v -0.058547 -0.029944 0.012366
v -0.056319 -0.030878 0.009671
v -0.066736 0.015065 0.011720
v -0.066597 0.016164 0.012680
v -0.066595 0.014206 0.011544
v -0.066617 0.012880 0.011544
v -0.066597 0.011792 0.012175
v -0.066597 0.011792 0.012175
v -0.066597 0.011792 0.012175
v -0.066850 0.010056 0.012121
v -0.066850 0.010056 0.012121
v -0.066850 0.010056 0.012121
v -0.060412 -0.032398 0.011771
v -0.060270 -0.031871 0.011774
v -0.060270 -0.031871 0.011774
v -0.058468 -0.034573 0.012372
v -0.056102 -0.034645 0.010846
v -0.055297 -0.035078 0.012345
v -0.058755 -0.035583 0.012154
v -0.058686 -0.035652 0.012588
v -0.059189 -0.033902 0.011892
v -0.059048 -0.034563 0.011811
v -0.059048 -0.034563 0.011811
v -0.058802 -0.034536 0.013104
v -0.044698 -0.004726 0.000282
v -0.045100 0.001280 0.000387
v -0.044435 0.001005 0.000038
v -0.045918 0.002864 0.001454
v -0.045982 -0.002747 0.001618
v -0.042948 -0.003901 0.000116
v -0.043028 0.002245 0.000154
v -0.043817 -0.005232 -0.000007
v -0.046733 0.000910 0.002080
v -0.043421 0.001369 0.004354
v -0.040709 0.003755 0.001296
v -0.041184 -0.001299 0.001104
v -0.038424 -0.002724 0.004056
v -0.037579 -0.000455 0.001782
v -0.040336 -0.001419 0.001397
v -0.040643 -0.005329 0.001181
v -0.038778 -0.007178 0.001572
v -0.042799 -0.006339 0.004326
v -0.047257 -0.007857 0.002594
v -0.045706 -0.006657 0.001757
v -0.050431 -0.013430 0.004053
v -0.045685 -0.011883 0.002360
v -0.044014 -0.009019 0.000300
v -0.041545 -0.011552 0.000114
v -0.039464 -0.010425 0.001255
v -0.043032 -0.012918 0.000323
v -0.041349 -0.015387 -0.000018
v -0.044647 -0.010678 0.001492
v -0.043968 -0.013562 0.001609
v -0.045008 -0.015175 0.002474
v -0.045325 -0.011971 0.004889
v -0.040298 -0.018010 0.004523
v -0.034431 -0.012057 0.001828
v -0.041738 -0.016581 0.000305
v -0.039070 -0.017965 0.000122
v -0.036706 -0.015080 0.001511
v -0.037694 -0.015989 0.001149
v -0.034917 -0.021067 0.001255
v -0.035833 -0.015938 0.004173
v -0.021459 -0.013081 0.004052
v -0.048331 -0.020406 0.004139
v -0.050630 -0.017743 0.006430
v -0.046705 -0.018492 0.005553
v -0.051562 -0.024984 0.006090
v -0.052114 -0.021753 0.007484
v -0.047805 -0.024697 0.006553
v -0.042636 -0.017585 0.001749
v -0.042684 -0.020902 0.002478
v -0.043121 -0.024155 0.005452
v -0.050602 -0.029398 0.006635
v -0.051052 -0.025917 0.007860
v -0.052808 -0.032678 0.008469
v -0.053913 -0.031493 0.010545
v -0.050350 -0.030361 0.008691
v -0.044443 -0.027483 0.004105
v -0.046469 -0.031457 0.007522
v -0.048487 -0.033461 0.006870
v -0.045234 -0.033140 0.005635
v -0.049894 -0.037540 0.008689
v -0.049894 -0.037540 0.008689
v -0.039674 -0.021029 0.000328
v -0.040563 -0.021864 0.001693
v -0.038920 -0.025649 0.002097
v -0.041410 -0.025874 0.002973
v -0.038419 -0.021598 -0.000018
v -0.035925 -0.023522 0.000177
v -0.037689 -0.024190 0.000250
v -0.029591 -0.025488 0.001684
v -0.036923 -0.027059 0.001458
v -0.036082 -0.030243 0.002395
v -0.034208 -0.027716 0.000026
v -0.035397 -0.027479 0.000288
v -0.031031 -0.026780 0.004459
v -0.034136 -0.029009 0.004833
v -0.041369 -0.028768 0.005766
v -0.043334 -0.031668 0.006677
v -0.038243 -0.033132 0.005921
v -0.040155 -0.034113 0.004360
v -0.047920 -0.034685 0.008958
v -0.043081 -0.036831 0.007867
v -0.043081 -0.036831 0.007867
v -0.038638 -0.037303 0.006845
v -0.038638 -0.037303 0.006845
v -0.034222 -0.036885 0.005972
v -0.027576 -0.024102 0.004310
v -0.017990 -0.028750 0.002110
v -0.031846 -0.025310 0.001312
v -0.032524 -0.027917 0.000218
v -0.033379 -0.030015 0.000411
v -0.029994 -0.030657 0.000216
v -0.029243 -0.028435 0.001289
v -0.025652 -0.031620 0.001376
v -0.033765 -0.030948 0.001541
v -0.036160 -0.038158 0.004376
v -0.036160 -0.038158 0.004376
v -0.032191 -0.034531 0.002507
v -0.034958 -0.040909 0.007008
v -0.030941 -0.032401 0.000376
v -0.028421 -0.033519 0.000126
v -0.029595 -0.035211 0.001801
v -0.028639 -0.034367 0.000382
v -0.027106 -0.033221 0.000261
v -0.028878 -0.038117 0.002808
v -0.028878 -0.038117 0.002808
v -0.027104 -0.037657 0.002164
v -0.030499 -0.042806 0.004467
v -0.028007 -0.034645 0.004999
v -0.020203 -0.033259 0.004629
v -0.029366 -0.041448 0.006249
v -0.019964 -0.033575 0.001813
v -0.007109 -0.038105 0.002002
v -0.021531 -0.037237 0.000321
v -0.026236 -0.036307 0.000483
v -0.024008 -0.038872 0.001613
v -0.020699 -0.035294 0.001369
v -0.021065 -0.038929 0.000262
v -0.022714 -0.038635 0.000587
v -0.023720 -0.040298 0.002441
v -0.023720 -0.040298 0.002441
v -0.025840 -0.046018 0.004606
v -0.021402 -0.042508 0.002831
v -0.012986 -0.042091 0.000308
v -0.016635 -0.037221 0.001474
v -0.014002 -0.040537 0.000441
v -0.019120 -0.040639 0.000747
v -0.020097 -0.040996 0.001662
v -0.017130 -0.042584 0.001949
v -0.017130 -0.042584 0.001949
v -0.022271 -0.038798 0.005203
v -0.024515 -0.044027 0.006313
v -0.014419 -0.039396 0.005054
v -0.007045 -0.021957 0.004399
v -0.053670 -0.037435 0.010497
v -0.053670 -0.037435 0.010497
v -0.058170 -0.035713 0.011954
v -0.058170 -0.035713 0.011954
v -0.058396 -0.035714 0.011901
v -0.058396 -0.035714 0.011901
v -0.057220 -0.037158 0.013179
v -0.053463 -0.040240 0.013040
v -0.053463 -0.040240 0.013040
v -0.057548 -0.036974 0.011867
v -0.057548 -0.036974 0.011867
v -0.057548 -0.036974 0.011867
v -0.057548 -0.036974 0.011867
v -0.057118 -0.037055 0.012283
v -0.056331 -0.038540 0.011811
v -0.056196 -0.039592 0.012319
v -0.056196 -0.039592 0.012319
v -0.056745 -0.038236 0.011852
v -0.055921 -0.038647 0.012445
v -0.055921 -0.038647 0.012445
v -0.056201 -0.039114 0.011943
v -0.056438 -0.038980 0.012745
v -0.055431 -0.039703 0.013214
v -0.055431 -0.039703 0.013214
v -0.055891 -0.039391 0.012166
v -0.055473 -0.039505 0.012613
v -0.055473 -0.039505 0.012613
v -0.055473 -0.039505 0.012613
v -0.055473 -0.039505 0.012613
v -0.055596 -0.039843 0.012423
v -0.055596 -0.039843 0.012423
v -0.055596 -0.039843 0.012423
v -0.055596 -0.039843 0.012423
v -0.055596 -0.039843 0.012423
v -0.055742 -0.039943 0.012534
v -0.055742 -0.039943 0.012534
v -0.055742 -0.039943 0.012534
v -0.055742 -0.039943 0.012534
v -0.055501 -0.040095 0.012305
v -0.055501 -0.040095 0.012305
v -0.055501 -0.040449 0.012492
v -0.054853 -0.040338 0.012487
v -0.050555 -0.037450 0.010959
v -0.050643 -0.041598 0.010633
v -0.050030 -0.042722 0.012682
v -0.050030 -0.042722 0.012682
v -0.055200 -0.040571 0.012087
v -0.055099 -0.040394 0.012043
v -0.055099 -0.040394 0.012043
v -0.054265 -0.041458 0.011999
v -0.054265 -0.041458 0.011999
v -0.052154 -0.043426 0.012431
v -0.053183 -0.043426 0.012289
v -0.053161 -0.043345 0.012845
v -0.052200 -0.043949 0.013339
v -0.052196 -0.044118 0.012117
v -0.052196 -0.044118 0.012117
v -0.052816 -0.042870 0.012451
v -0.052816 -0.042870 0.012451
v -0.048442 -0.045966 0.013145
v -0.050734 -0.045389 0.012585
v -0.050734 -0.045389 0.012585
v -0.049608 -0.047390 0.012733
v -0.043945 -0.038949 0.006826
v -0.043945 -0.038949 0.006826
v -0.046388 -0.042868 0.009181
v -0.046760 -0.041232 0.010752
v -0.046760 -0.041232 0.010752
v -0.039662 -0.041156 0.008194
v -0.047653 -0.045005 0.010707
v -0.045888 -0.046700 0.012675
v -0.041276 -0.044879 0.008025
v -0.036933 -0.043885 0.006326
v -0.043500 -0.046337 0.009473
v -0.042626 -0.045690 0.010995
v -0.037510 -0.047486 0.010022
v -0.050464 -0.046169 0.012262
v -0.049977 -0.046482 0.012261
v -0.049256 -0.046957 0.012650
v -0.047696 -0.048748 0.013522
v -0.047696 -0.048748 0.013522
v -0.049454 -0.047390 0.012408
v -0.047472 -0.048653 0.012678
v -0.047705 -0.048878 0.012443
v -0.047705 -0.048878 0.012443
v -0.047448 -0.049424 0.012450
v -0.045755 -0.050432 0.012752
v -0.045570 -0.051222 0.013013
v -0.042537 -0.050382 0.011087
v -0.045091 -0.051305 0.012399
v -0.045091 -0.051305 0.012399
v -0.043035 -0.050246 0.013168
v -0.037769 -0.050606 0.009297
v -0.043120 -0.053241 0.012639
v -0.043814 -0.052221 0.013653
v -0.043814 -0.052221 0.013653
v -0.043274 -0.052510 0.012875
v -0.043274 -0.052510 0.012875
v -0.044042 -0.051663 0.012732
v -0.042891 -0.053181 0.012598
v -0.042891 -0.053181 0.012598
v -0.042718 -0.053580 0.013096
v -0.032638 -0.045511 0.007918
v -0.035693 -0.048415 0.007701
v -0.029239 -0.045105 0.007149
v -0.031113 -0.048338 0.006491
v -0.033872 -0.047707 0.009103
v -0.030674 -0.052159 0.007949
v -0.028833 -0.051190 0.009383
v -0.036805 -0.054648 0.011145
v -0.040888 -0.054322 0.012914
v -0.040888 -0.054322 0.012914
v -0.040737 -0.054798 0.012577
v -0.040737 -0.054798 0.012577
v -0.039839 -0.055780 0.013051
v -0.039522 -0.055415 0.012984
v -0.039522 -0.055415 0.012984
v -0.039915 -0.055563 0.012677
v -0.039915 -0.055563 0.012677
v -0.039554 -0.055640 0.012707
v -0.039554 -0.055640 0.012707
v -0.039766 -0.055753 0.012774
v -0.038838 -0.056267 0.012652
v -0.038838 -0.056267 0.012652
v -0.038472 -0.056633 0.012833
v -0.038472 -0.056633 0.012833
v -0.031845 -0.055131 0.009723
v -0.039255 -0.052212 0.012830
v -0.040051 -0.055202 0.013741
v -0.038734 -0.054205 0.013480
v -0.037574 -0.056717 0.012993
v -0.037574 -0.056717 0.012993
v -0.037574 -0.056717 0.012993
v -0.036984 -0.057514 0.013640
v -0.037195 -0.057032 0.013806
v -0.034104 -0.052393 0.011297
v -0.033846 -0.055991 0.013043
v -0.031440 -0.058821 0.013668
v -0.037844 -0.056897 0.012710
v -0.037844 -0.056897 0.012710
v -0.037386 -0.057429 0.012998
v -0.036888 -0.057567 0.012789
v -0.036888 -0.057567 0.012789
v -0.033312 -0.059397 0.013051
v -0.036112 -0.058091 0.012796
v -0.036112 -0.058091 0.012796
v -0.035238 -0.058768 0.013123
v -0.028284 -0.055579 0.011366
v -0.034959 -0.058738 0.012821
v -0.034959 -0.058738 0.012821
v -0.031196 -0.058089 0.011269
v -0.033920 -0.059136 0.013899
v -0.026235 -0.052970 0.007302
v -0.019642 -0.047439 0.004161
v -0.020453 -0.052076 0.005958
v -0.023115 -0.048168 0.007213
v -0.026821 -0.049079 0.008088
v -0.018316 -0.045332 0.006123
v -0.019386 -0.047697 0.006733
v -0.023300 -0.053766 0.009471
v -0.020670 -0.052184 0.008324
v -0.027676 -0.057265 0.009711
v -0.029049 -0.061419 0.014004
v -0.027607 -0.058925 0.013039
v -0.026023 -0.061252 0.011827
v -0.021342 -0.056697 0.008080
v -0.023864 -0.059267 0.009959
v -0.027830 -0.062103 0.013137
v -0.019958 -0.063111 0.011538
v -0.019753 -0.057046 0.010475
v -0.022373 -0.061483 0.013367
v -0.032179 -0.060378 0.012978
v -0.032179 -0.060378 0.012978
v -0.031293 -0.060941 0.013458
v -0.031172 -0.060761 0.013894
v -0.028542 -0.062222 0.013017
v -0.028542 -0.062222 0.013017
v -0.027400 -0.062626 0.013930
v -0.022263 -0.064366 0.013219
v -0.023550 -0.062573 0.013939
v -0.026625 -0.063092 0.013111
v -0.026625 -0.063092 0.013111
v -0.024142 -0.064120 0.013586
v -0.024680 -0.063790 0.013156
v -0.024680 -0.063790 0.013156
v -0.023774 -0.063839 0.014155
v -0.067396 0.009035 0.011496
v -0.067396 0.009035 0.011496
v -0.067396 0.009035 0.011496
v -0.067396 0.009035 0.011496
v -0.067033 0.009418 0.011781
v -0.067033 0.009418 0.011781
v -0.067033 0.009418 0.011781
v -0.067033 0.009418 0.011781
v -0.067033 0.009418 0.011781
v -0.067160 -0.009436 0.011974
v -0.066223 0.014418 0.011779
v 0.024426 0.017979 0.003040
v 0.018591 0.007557 0.005005
v 0.016807 0.029403 0.005367
v 0.008784 -0.007931 0.004513
v 0.023815 -0.010673 0.002994
v 0.038165 -0.001649 0.003034
v 0.035500 -0.016121 0.002818
v 0.039060 -0.008409 0.002801
v 0.038185 -0.015427 0.002482
v 0.040103 -0.009572 0.002536
v 0.040567 -0.018368 0.001270
v 0.041280 -0.013640 0.001392
v 0.043114 -0.011241 0.001316
v 0.042698 -0.014867 0.001611
v 0.001428 -0.037851 0.002206
v -0.015544 -0.041981 0.000609
v -0.011756 -0.043169 0.000622
v -0.013186 -0.038419 0.001580
v -0.014500 -0.044287 0.002436
v -0.015100 -0.045558 0.003037
v -0.013388 -0.043744 0.001847
v -0.013388 -0.043744 0.001847
v -0.010506 -0.043221 0.005453
v -0.008673 -0.039800 0.001591
v -0.008198 -0.042029 0.000531
v -0.009391 -0.044756 0.001839
v -0.009391 -0.044756 0.001839
v -0.010526 -0.045297 0.002451
v -0.007548 -0.044154 0.000704
v -0.004698 -0.047068 0.002877
v -0.009238 -0.047311 0.003179
v -0.000575 -0.043244 0.000514
v -0.003938 -0.040663 0.001603
v 0.004327 -0.040743 0.001727
v -0.003114 -0.044166 0.000475
v -0.005499 -0.045568 0.002034
v -0.005499 -0.045568 0.002034
v -0.003471 -0.044845 0.000943
v 0.003312 -0.044037 0.000534
v 0.000253 -0.040574 0.001796
v 0.004286 -0.044627 0.000831
v 0.000449 -0.044930 0.000897
v -0.001609 -0.045693 0.001877
v -0.000432 -0.046484 0.002521
v -0.000432 -0.046484 0.002521
v 0.002558 -0.045806 0.002074
v 0.006038 -0.017176 0.002524
v 0.011716 -0.022381 0.005032
v 0.008256 -0.028743 0.002570
v -0.002440 -0.038435 0.005100
v 0.011493 -0.036222 0.002392
v -0.001331 -0.044184 0.005665
v -0.004415 -0.050026 0.006760
v 0.006538 -0.042453 0.000723
v 0.005832 -0.042658 0.005691
v 0.005898 -0.046636 0.002908
v 0.005898 -0.046636 0.002908
v 0.001724 -0.047484 0.003042
v 0.001724 -0.047484 0.003042
v 0.001890 -0.052118 0.004641
v 0.001215 -0.048939 0.006632
v 0.033608 -0.014053 0.005989
v 0.028493 -0.023388 0.002782
v 0.019191 -0.031574 0.002567
v 0.033071 -0.022442 0.002600
v 0.036004 -0.019927 0.002383
v 0.033781 -0.023612 0.002288
v 0.027958 -0.027725 0.002574
v 0.037069 -0.023300 0.006679
v 0.030569 -0.029212 0.006314
v 0.022797 -0.024461 0.002756
v 0.023385 -0.029719 0.002577
v 0.021205 -0.033482 0.002363
v 0.024786 -0.032495 0.002191
v 0.024998 -0.036564 0.006402
v 0.022486 -0.031015 0.005767
v 0.029569 -0.028537 0.002231
v 0.030077 -0.030796 0.001215
v 0.034132 -0.026611 0.001248
v 0.027159 -0.033507 0.001113
v 0.028951 -0.033402 0.000996
v 0.028077 -0.035225 0.001296
v 0.031332 -0.032368 0.001322
v 0.010002 -0.039331 0.001975
v 0.011701 -0.041327 0.000832
v 0.014574 -0.038131 0.001980
v 0.017817 -0.039209 0.000938
v 0.011459 -0.042737 0.000694
v 0.019620 -0.039471 0.000788
v 0.015929 -0.041928 0.000989
v 0.014835 -0.042551 0.001249
v 0.012287 -0.043285 0.001109
v 0.014820 -0.042682 0.001375
v 0.012270 -0.036773 0.005524
v 0.014480 -0.041265 0.006008
v 0.007326 -0.045284 0.002119
v 0.008392 -0.044140 0.000964
v 0.009507 -0.046019 0.002958
v 0.009507 -0.046019 0.002958
v 0.002277 -0.048614 0.003469
v 0.002277 -0.048614 0.003469
v 0.002446 -0.048655 0.003488
v 0.002446 -0.048655 0.003488
v 0.002446 -0.048655 0.003488
v 0.002485 -0.048505 0.003438
v 0.002485 -0.048505 0.003438
v 0.002485 -0.048505 0.003438
v 0.002446 -0.048654 0.003488
v 0.002446 -0.048654 0.003488
v 0.002446 -0.048654 0.003488
v 0.002446 -0.048654 0.003488
v 0.002446 -0.048654 0.003488
v 0.003005 -0.048903 0.003589
v 0.003005 -0.048903 0.003589
v 0.002465 -0.048579 0.003463
v 0.002465 -0.048579 0.003463
v 0.009068 -0.051856 0.004908
v 0.009610 -0.047940 0.006808
v 0.011869 -0.044404 0.002267
v 0.015042 -0.043316 0.002190
v 0.014808 -0.042809 0.001512
v 0.013720 -0.045309 0.003159
v 0.016005 -0.049103 0.004648
v 0.016005 -0.049103 0.004648
v 0.017015 -0.043250 0.002722
v 0.017106 -0.047472 0.007362
v 0.004167 -0.051314 0.007300
v 0.011339 -0.050251 0.007496
v 0.020217 -0.035530 0.002073
v 0.023045 -0.035960 0.001220
v 0.019345 -0.040562 0.001117
v 0.019464 -0.041623 0.002299
v 0.023931 -0.037682 0.000998
v 0.024005 -0.038325 0.001393
v 0.021707 -0.041331 0.002919
v 0.019438 -0.043818 0.003437
v 0.024260 -0.039017 0.002355
v 0.026788 -0.038337 0.003043
v 0.025542 -0.040721 0.003597
v 0.022097 -0.045967 0.004535
v 0.020767 -0.041533 0.006650
v 0.013822 -0.054735 0.006538
v 0.019114 -0.051648 0.006042
v 0.019114 -0.051648 0.006042
v 0.016618 -0.051160 0.008338
v 0.025569 -0.048779 0.006156
v 0.024527 -0.053199 0.007666
v 0.024527 -0.053199 0.007666
v 0.018504 -0.056366 0.007888
v 0.028973 -0.035812 0.002499
v 0.031521 -0.034520 0.003118
v 0.030684 -0.037056 0.003710
v 0.032047 -0.040032 0.004836
v 0.027309 -0.042494 0.007699
v 0.032514 -0.038679 0.007876
v 0.028373 -0.043312 0.004959
v 0.022202 -0.045325 0.007535
v 0.032235 -0.030943 0.006684
v 0.023176 -0.048280 0.008434
v 0.015148 -0.054049 0.009213
v 0.019877 -0.052903 0.009503
v 0.030436 -0.044530 0.008818
v 0.026331 -0.049401 0.009472
v 0.023658 -0.053736 0.010719
v 0.029154 -0.052756 0.011726
v -0.012204 -0.051012 0.004599
v -0.011623 -0.049495 0.006719
v -0.017388 -0.057305 0.007757
v -0.014044 -0.056520 0.006978
v -0.016967 -0.051171 0.007560
v -0.013821 -0.054076 0.008370
v -0.008777 -0.052874 0.007610
v -0.017613 -0.062097 0.010414
v -0.014576 -0.060491 0.011676
v -0.017512 -0.063363 0.013690
v -0.012981 -0.057470 0.009879
v -0.013531 -0.061334 0.009405
v -0.007937 -0.060821 0.008615
v -0.012423 -0.064961 0.011580
v -0.005005 -0.051700 0.004484
v -0.008488 -0.056996 0.006772
v -0.002388 -0.056339 0.006297
v -0.003860 -0.059448 0.007745
v -0.007263 -0.063209 0.009937
v -0.022562 -0.064576 0.013214
v -0.022562 -0.064576 0.013214
v -0.021619 -0.064642 0.014189
v -0.020397 -0.065403 0.013677
v -0.020100 -0.065352 0.013250
v -0.020100 -0.065352 0.013250
v -0.018003 -0.065392 0.014301
v -0.015699 -0.066501 0.014213
v -0.019588 -0.065479 0.013300
v -0.019588 -0.065479 0.013300
v -0.018089 -0.065976 0.013339
v -0.018089 -0.065976 0.013339
v -0.016038 -0.066252 0.013362
v -0.008081 -0.055581 0.008647
v -0.011084 -0.064445 0.013623
v -0.000536 -0.053663 0.007873
v -0.000957 -0.055737 0.008624
v -0.005670 -0.058551 0.010026
v 0.001602 -0.059558 0.007796
v -0.008004 -0.061724 0.011838
v -0.007918 -0.066153 0.012028
v -0.000977 -0.063402 0.009856
v 0.002437 -0.058454 0.010031
v -0.000722 -0.062183 0.011994
v -0.002375 -0.066010 0.011641
v -0.005302 -0.068319 0.013795
v -0.003100 -0.065427 0.013896
v -0.004246 -0.066565 0.014403
v -0.011677 -0.065691 0.014193
v -0.000091 -0.067494 0.012917
v -0.015687 -0.066711 0.013719
v -0.014548 -0.066846 0.013336
v -0.014180 -0.066520 0.013234
v -0.011179 -0.067160 0.014455
v -0.012641 -0.067278 0.013542
v -0.011990 -0.067418 0.013851
v -0.011009 -0.067213 0.013391
v -0.010541 -0.067636 0.014112
v -0.009696 -0.067819 0.013595
v -0.001199 -0.068116 0.014710
v -0.006346 -0.068066 0.014415
v -0.001212 -0.068449 0.014438
v -0.002061 -0.068402 0.013889
v 0.005191 -0.054878 0.008518
v 0.003739 -0.056821 0.006607
v 0.007998 -0.057664 0.007213
v 0.005493 -0.062154 0.009351
v 0.010100 -0.052597 0.008081
v 0.009680 -0.056486 0.009597
v 0.012246 -0.059652 0.011575
v 0.005483 -0.061986 0.012183
v 0.012045 -0.059159 0.008325
v 0.004221 -0.065522 0.011436
v 0.002731 -0.068486 0.013992
v 0.002178 -0.065086 0.013850
v 0.003707 -0.066579 0.014588
v 0.006483 -0.067002 0.012799
v 0.011290 -0.064402 0.014185
v 0.002009 -0.068324 0.014655
v 0.004715 -0.068239 0.014692
v 0.008679 -0.063932 0.010684
v 0.009395 -0.067803 0.013965
v 0.007612 -0.067860 0.014824
v 0.010850 -0.065172 0.014551
v 0.013516 -0.066440 0.015061
v 0.010676 -0.067561 0.014833
v 0.008564 -0.067965 0.014469
v 0.017389 -0.058716 0.011912
v 0.013434 -0.062763 0.010548
v 0.014993 -0.059896 0.009131
v 0.020975 -0.058303 0.009312
v 0.017649 -0.062567 0.011165
v 0.012958 -0.065626 0.012517
v 0.019792 -0.063877 0.012603
v 0.016175 -0.066522 0.014105
v 0.013328 -0.067189 0.014142
v 0.015200 -0.066716 0.014918
v 0.023270 -0.057598 0.012581
v 0.021982 -0.061019 0.011151
v 0.026594 -0.057078 0.009991
v 0.026594 -0.057078 0.009991
v 0.019480 -0.062406 0.014465
v 0.025363 -0.060256 0.014639
v 0.019467 -0.064034 0.015054
v 0.019295 -0.065589 0.014063
v 0.019460 -0.065615 0.014859
v 0.022925 -0.064274 0.013980
v 0.024598 -0.063250 0.015361
v 0.019597 -0.065380 0.015143
v 0.022674 -0.064614 0.014500
v 0.023112 -0.064299 0.015178
v 0.034928 -0.027671 0.001183
v 0.037095 -0.022927 0.001267
v 0.039239 -0.018467 0.001342
v 0.036920 -0.021949 0.001479
v 0.040902 -0.019219 0.001561
v 0.038950 -0.022759 0.001493
v 0.036488 -0.026571 0.001466
v 0.040413 -0.022337 0.002822
v 0.037012 -0.027539 0.002652
v 0.037730 -0.027601 0.003228
v 0.042817 -0.018099 0.003168
v 0.040757 -0.024387 0.003690
v 0.033234 -0.032028 0.002684
v 0.033976 -0.029992 0.001647
v 0.033946 -0.032963 0.003475
v 0.037676 -0.029439 0.003731
v 0.038105 -0.029754 0.007558
v 0.036494 -0.035045 0.008034
v 0.042128 -0.030471 0.005309
v 0.046299 -0.026793 0.005963
v 0.039230 -0.036442 0.005827
v 0.041230 -0.030692 0.008361
v 0.045989 -0.034874 0.007730
v 0.032398 -0.046841 0.007091
v 0.036814 -0.042431 0.006868
v 0.037160 -0.038550 0.008949
v 0.036126 -0.042907 0.009887
v 0.031186 -0.047686 0.010080
v 0.040805 -0.038121 0.009937
v 0.037135 -0.047895 0.008929
v 0.041232 -0.044798 0.012564
v 0.034778 -0.046778 0.010909
v 0.028307 -0.051542 0.007819
v 0.032789 -0.049610 0.008252
v 0.032846 -0.052934 0.009764
v 0.031889 -0.056394 0.011254
v 0.031889 -0.056394 0.011254
v 0.036796 -0.049922 0.013019
v 0.037710 -0.052488 0.011339
v 0.037827 -0.054277 0.012435
v 0.035278 -0.054904 0.014931
v 0.042138 -0.041375 0.008309
v 0.042710 -0.045036 0.009913
v 0.042192 -0.048540 0.011282
v 0.026530 -0.060948 0.012416
v 0.032033 -0.058201 0.012505
v 0.032033 -0.058201 0.012505
v 0.027802 -0.062431 0.014249
v 0.025806 -0.063418 0.014628
v 0.030631 -0.057814 0.014836
v 0.026754 -0.061118 0.015239
v 0.027352 -0.062624 0.015264
v 0.033342 -0.057843 0.015463
v 0.030173 -0.061446 0.015079
v 0.037437 -0.056407 0.013758
v 0.037437 -0.056407 0.013758
v 0.033635 -0.059445 0.014333
v 0.033635 -0.059445 0.014333
v 0.030137 -0.060725 0.013714
v 0.031049 -0.060906 0.014417
v 0.037190 -0.057397 0.014604
v 0.033282 -0.059800 0.015169
v 0.032810 -0.059411 0.015649
v 0.041049 -0.054033 0.015949
v 0.037118 -0.057230 0.015657
v 0.036658 -0.057793 0.015215
v 0.030902 -0.060633 0.015580
v -0.034603 0.059257 0.013262
v -0.036102 0.058417 0.012695
v -0.036021 0.057787 0.012940
v -0.036021 0.057787 0.012940
v -0.023260 0.064253 0.013881
v -0.023260 0.064253 0.013881
v -0.026894 0.063143 0.013085
v -0.029166 0.061758 0.013783
v -0.025584 0.063528 0.012740
v -0.022958 0.064661 0.013112
v -0.022958 0.064661 0.013112
v -0.024542 0.063768 0.012772
v -0.024542 0.063768 0.012772
v -0.024542 0.063768 0.012772
v -0.024542 0.063768 0.012772
v -0.022976 0.064131 0.013245
v -0.022976 0.064131 0.013245
v -0.026618 0.062692 0.013121
v -0.026618 0.062692 0.013121
v -0.026618 0.062692 0.013121
v -0.026618 0.062692 0.013121
v -0.021504 0.064483 0.013201
v -0.021319 0.064782 0.013191
v -0.021319 0.064782 0.013191
v -0.021319 0.064782 0.013191
v -0.021319 0.064782 0.013191
v -0.021319 0.064782 0.013191
v -0.021319 0.064782 0.013191
v -0.030299 0.061486 0.013425
v -0.032694 0.060381 0.012652
v -0.028893 0.062286 0.012732
v -0.030470 0.061149 0.012521
v -0.030470 0.061149 0.012521
v -0.025804 0.060486 0.011361
v -0.028777 0.061544 0.013036
v -0.028777 0.061544 0.013036
v -0.031847 0.060148 0.013029
v -0.031847 0.060148 0.013029
v -0.034666 0.058366 0.012923
v -0.034666 0.058366 0.012923
v -0.026759 0.061375 0.013576
v -0.028919 0.058793 0.012926
v -0.023977 0.061310 0.013212
v -0.024071 0.057331 0.011040
v -0.021264 0.061888 0.011174
v 0.000742 0.068464 0.014460
v 0.000983 0.068350 0.013943
v 0.000983 0.068350 0.013943
v 0.000983 0.068350 0.013943
v -0.000283 0.068501 0.013831
v -0.000283 0.068501 0.013831
v 0.002307 0.068448 0.013962
v 0.002307 0.068448 0.013962
v 0.003710 0.068322 0.014004
v 0.003710 0.068322 0.014004
v 0.003710 0.068322 0.014004
v 0.005251 0.068246 0.014562
v 0.005251 0.068246 0.014562
v -0.022110 0.064664 0.012833
v -0.022110 0.064664 0.012833
v -0.020678 0.065436 0.013201
v -0.021479 0.064952 0.012830
v -0.021479 0.064952 0.012830
v -0.022002 0.064897 0.012981
v -0.022002 0.064897 0.012981
v -0.022002 0.064897 0.012981
v -0.021773 0.064754 0.012864
v -0.021773 0.064754 0.012864
v -0.021773 0.064754 0.012864
v -0.020847 0.065060 0.012893
v -0.020847 0.065060 0.012893
v -0.020847 0.065060 0.012893
v -0.020847 0.065060 0.012893
v -0.021018 0.065082 0.012839
v -0.021018 0.065082 0.012839
v -0.020697 0.065199 0.012882
v -0.020697 0.065199 0.012882
v -0.020697 0.065199 0.012882
v -0.021107 0.065053 0.012903
v -0.021107 0.065053 0.012903
v -0.016253 0.064497 0.012051
v -0.019302 0.065861 0.013379
v -0.019645 0.065569 0.012897
v -0.019645 0.065569 0.012897
v -0.019308 0.065418 0.013291
v -0.020144 0.065343 0.012926
v -0.020144 0.065343 0.012926
v -0.019071 0.065836 0.013081
v -0.019071 0.065836 0.013081
v -0.019071 0.065836 0.013081
v -0.019071 0.065836 0.013081
v -0.019187 0.065655 0.012883
v -0.019187 0.065655 0.012883
v -0.019187 0.065655 0.012883
v -0.019267 0.065646 0.012986
v -0.019267 0.065646 0.012986
v -0.019267 0.065646 0.012986
v -0.019267 0.065646 0.012986
v -0.019060 0.065645 0.013083
v -0.019060 0.065645 0.013083
v -0.019060 0.065645 0.013083
v -0.019060 0.065645 0.013083
v -0.019060 0.065645 0.013083
v -0.018939 0.065735 0.013981
v -0.018724 0.065982 0.013226
v -0.018724 0.065982 0.013226
v -0.018724 0.065982 0.013226
v -0.021185 0.064552 0.013973
v -0.016324 0.066304 0.014110
v -0.015798 0.065026 0.013865
v -0.017965 0.065714 0.013398
v -0.018970 0.065650 0.013042
v -0.018970 0.065650 0.013042
v -0.018801 0.065697 0.013050
v -0.018801 0.065697 0.013050
v -0.018801 0.065697 0.013050
v -0.018391 0.066105 0.013346
v -0.018527 0.065883 0.013043
v -0.018527 0.065883 0.013043
v -0.018397 0.065870 0.013144
v -0.018397 0.065870 0.013144
v -0.018397 0.065870 0.013144
v -0.018397 0.065870 0.013144
v -0.018040 0.066111 0.013151
v -0.018040 0.066111 0.013151
v -0.018040 0.066111 0.013151
v -0.017846 0.066025 0.013071
v -0.017846 0.066025 0.013071
v -0.016129 0.066202 0.013442
v -0.016129 0.066202 0.013442
v -0.016129 0.066202 0.013442
v -0.016129 0.066202 0.013442
v -0.016738 0.066542 0.013381
v -0.016738 0.066542 0.013381
v -0.017613 0.066220 0.013196
v -0.017613 0.066220 0.013196
v -0.017613 0.066220 0.013196
v -0.017613 0.066220 0.013196
v -0.017613 0.066220 0.013196
v -0.017498 0.065898 0.013369
v -0.017509 0.066169 0.013152
v -0.017509 0.066169 0.013152
v -0.017081 0.066274 0.013086
v -0.017081 0.066274 0.013086
v -0.016251 0.066523 0.013129
v -0.016251 0.066523 0.013129
v -0.016495 0.066373 0.013109
v -0.016495 0.066373 0.013109
v -0.015750 0.066658 0.013153
v -0.015750 0.066658 0.013153
v -0.019224 0.062312 0.012974
v -0.012798 0.064563 0.013500
v -0.013962 0.067154 0.013473
v -0.013962 0.067154 0.013473
v -0.014663 0.066843 0.013188
v -0.014663 0.066843 0.013188
v -0.015054 0.066753 0.013183
v -0.015054 0.066753 0.013183
v -0.013628 0.066773 0.013503
v -0.013627 0.063253 0.010780
v -0.016493 0.060383 0.009437
v -0.011811 0.059717 0.008495
v -0.009933 0.066094 0.012404
v -0.011830 0.061451 0.011579
v -0.017781 0.059604 0.011217
v -0.015382 0.056680 0.009406
v -0.022110 0.052622 0.008449
v -0.022110 0.052622 0.008449
v -0.022110 0.052622 0.008449
v -0.022110 0.052622 0.008449
v -0.021962 0.052572 0.008404
v -0.021962 0.052572 0.008404
v -0.021962 0.052572 0.008404
v -0.021962 0.052572 0.008404
v -0.021962 0.052572 0.008404
v -0.021962 0.052572 0.008404
v -0.022036 0.052597 0.008427
v -0.022036 0.052597 0.008427
v -0.013686 0.054060 0.008040
v -0.007592 0.064159 0.010794
v -0.005174 0.061095 0.008840
v -0.009590 0.057011 0.007000
v -0.009097 0.057643 0.009352
v -0.004449 0.062004 0.011537
v -0.001425 0.064209 0.010641
v 0.000276 0.061437 0.008992
v -0.003819 0.058603 0.007537
v -0.004641 0.053344 0.005261
v -0.006386 0.055647 0.008320
v -0.001821 0.058428 0.009613
v -0.009891 0.052439 0.007249
v -0.003329 0.052806 0.007259
v -0.013981 0.066956 0.013284
v -0.013981 0.066956 0.013284
v -0.013357 0.067065 0.013267
v -0.013357 0.067065 0.013267
v -0.013708 0.067130 0.013318
v -0.013708 0.067130 0.013318
v -0.013708 0.067130 0.013318
v -0.012688 0.067209 0.013290
v -0.012688 0.067209 0.013290
v -0.009536 0.067750 0.014205
v -0.009536 0.067750 0.014205
v -0.013800 0.066900 0.014172
v -0.013800 0.066900 0.014172
v -0.011609 0.067533 0.013556
v -0.011609 0.067533 0.013556
v -0.011609 0.067533 0.013556
v -0.011951 0.067374 0.013303
v -0.011951 0.067374 0.013303
v -0.011951 0.067374 0.013303
v -0.012061 0.067429 0.013451
v -0.012061 0.067429 0.013451
v -0.011537 0.067441 0.013354
v -0.011537 0.067441 0.013354
v -0.011537 0.067441 0.013354
v -0.011529 0.067144 0.013518
v -0.011529 0.067144 0.013518
v -0.012231 0.067404 0.013457
v -0.012231 0.067404 0.013457
v -0.012231 0.067404 0.013457
v -0.012231 0.067404 0.013457
v -0.012265 0.067300 0.013320
v -0.012265 0.067300 0.013320
v -0.012265 0.067300 0.013320
v -0.012081 0.067130 0.013510
v -0.012081 0.067130 0.013510
v -0.012081 0.067130 0.013510
v -0.009949 0.067401 0.013538
v -0.010820 0.067581 0.013473
v -0.010820 0.067581 0.013473
v -0.008444 0.067263 0.014296
v -0.009681 0.067830 0.013571
v -0.009681 0.067830 0.013571
v -0.009359 0.065333 0.013690
v -0.007893 0.068019 0.013556
v -0.007893 0.068019 0.013556
v -0.006241 0.067834 0.013575
v -0.001459 0.067034 0.014289
v -0.003194 0.066183 0.011986
v -0.002240 0.065418 0.013578
v -0.005602 0.068264 0.013682
v -0.005602 0.068264 0.013682
v -0.004008 0.068301 0.014363
v -0.002692 0.068471 0.013753
v -0.002692 0.068471 0.013753
v 0.000404 0.068161 0.014582
v -0.001408 0.068079 0.013632
v 0.002649 0.066666 0.012502
v 0.004217 0.065125 0.013686
v 0.002823 0.062337 0.011894
v 0.006832 0.067685 0.013719
v 0.006741 0.068177 0.013985
v 0.006741 0.068177 0.013985
v 0.008369 0.067389 0.014784
v 0.008275 0.066330 0.014550
v 0.011844 0.067482 0.014244
v 0.011844 0.067482 0.014244
v 0.009628 0.067737 0.014678
v 0.009628 0.067737 0.014678
v 0.008477 0.065509 0.012069
v 0.010805 0.067611 0.014760
v 0.010805 0.067611 0.014760
v 0.015847 0.064631 0.012603
v 0.013585 0.067045 0.014785
v 0.013585 0.067045 0.014785
v 0.013550 0.066528 0.014948
v 0.018439 0.064457 0.014927
v 0.013711 0.062950 0.011049
v 0.010921 0.064698 0.014103
v 0.016149 0.066533 0.014230
v 0.016149 0.066533 0.014230
v 0.016448 0.066106 0.014037
v 0.021453 0.062354 0.012291
v 0.019004 0.061371 0.011049
v 0.021552 0.064960 0.014402
v 0.021552 0.064960 0.014402
v 0.002081 0.058037 0.007284
v 0.001574 0.055863 0.008522
v 0.005425 0.058433 0.009953
v 0.002695 0.053066 0.005240
v 0.007725 0.052864 0.005410
v 0.008237 0.055356 0.008740
v 0.003986 0.053331 0.007688
v 0.006872 0.061230 0.009212
v 0.010384 0.057468 0.007626
v -0.002422 0.054379 0.005703
v 0.002337 0.049506 0.006557
v -0.001680 0.044331 0.005474
v 0.002423 0.047709 0.003292
v 0.013130 0.051952 0.007968
v 0.012710 0.054566 0.006588
v 0.015857 0.050502 0.005379
v 0.006276 0.047142 0.003230
v 0.006208 0.046224 0.002591
v 0.008895 0.044892 0.001495
v 0.005412 0.045249 0.001283
v 0.010309 0.046283 0.003247
v 0.011865 0.045146 0.002673
v 0.009921 0.048182 0.003983
v 0.009848 0.044092 0.001124
v 0.010574 0.042181 0.001261
v 0.007911 0.040758 0.002168
v 0.006010 0.043777 0.005683
v 0.013896 0.043546 0.001483
v 0.015727 0.044661 0.003270
v 0.015122 0.042049 0.001144
v 0.013090 0.039321 0.002290
v 0.013214 0.037130 0.002623
v 0.010046 0.047456 0.006593
v 0.009794 0.050366 0.007221
v 0.017348 0.045757 0.003940
v 0.015971 0.047550 0.007109
v 0.015725 0.041795 0.006030
v 0.018055 0.036807 0.005675
v 0.003766 0.064449 0.010941
v 0.008877 0.063220 0.010577
v 0.010641 0.061209 0.011999
v 0.011687 0.057404 0.010117
v 0.013245 0.060387 0.009441
v 0.016524 0.058271 0.008810
v 0.015588 0.054119 0.009127
v 0.021340 0.054137 0.007672
v 0.017168 0.059095 0.011915
v 0.020078 0.054760 0.010269
v 0.016473 0.063382 0.014243
v 0.021436 0.057957 0.009587
v 0.022987 0.057545 0.012354
v 0.022203 0.061852 0.014555
v 0.017203 0.066336 0.014759
v 0.018802 0.065495 0.015109
v 0.022242 0.064824 0.014914
v 0.024745 0.061524 0.012631
v 0.025802 0.063402 0.015177
v 0.025129 0.062703 0.015326
v 0.017880 0.042941 0.002552
v 0.019318 0.041371 0.001557
v 0.016736 0.040048 0.001403
v 0.021293 0.038213 0.001333
v 0.017179 0.037841 0.002310
v 0.021073 0.039659 0.001289
v 0.023547 0.034304 0.002415
v 0.020791 0.034505 0.002644
v 0.021141 0.042258 0.003242
v 0.022960 0.048880 0.005896
v 0.024203 0.042454 0.007041
v 0.023622 0.040032 0.002689
v 0.024374 0.041945 0.003921
v 0.027214 0.044951 0.005386
v 0.027075 0.038612 0.003280
v 0.025765 0.037673 0.001668
v 0.024899 0.037373 0.006342
v 0.027374 0.035273 0.001333
v 0.025995 0.034879 0.001473
v 0.029063 0.038755 0.003945
v 0.026689 0.037940 0.002634
v 0.029090 0.035080 0.001661
v 0.032455 0.042008 0.005672
v 0.030821 0.035177 0.003038
v 0.028979 0.032293 0.001558
v 0.031751 0.031866 0.001425
v 0.032612 0.032028 0.001873
v 0.034022 0.031836 0.002921
v 0.032166 0.035236 0.003665
v 0.034541 0.034392 0.004117
v 0.022919 0.051018 0.009166
v 0.020918 0.048294 0.007906
v 0.029269 0.049977 0.007703
v 0.030732 0.046537 0.009367
v 0.027284 0.045936 0.008356
v 0.026610 0.055197 0.009360
v 0.024410 0.059244 0.011045
v 0.029388 0.056818 0.011038
v 0.027023 0.051937 0.010584
v 0.030152 0.054572 0.012807
v 0.031698 0.051936 0.009210
v 0.028216 0.042828 0.007724
v 0.034040 0.047401 0.007942
v 0.035299 0.053202 0.011060
v 0.032338 0.049076 0.010879
v 0.036807 0.048947 0.009485
v 0.035175 0.046269 0.010614
v 0.039465 0.042798 0.007923
v 0.033445 0.041944 0.008626
v 0.032779 0.036089 0.007306
v 0.036166 0.039384 0.005852
v 0.031593 0.030735 0.006442
v 0.037054 0.037453 0.008391
v 0.036125 0.042507 0.009534
v 0.038968 0.043366 0.010812
v 0.038968 0.043366 0.010812
v 0.036270 0.030462 0.003497
v 0.042131 0.044105 0.009387
v 0.040431 0.049397 0.011090
v 0.040822 0.035650 0.006188
v 0.039258 0.027556 0.003835
v 0.038141 0.031610 0.007610
v 0.041844 0.037262 0.009772
v 0.041844 0.037262 0.009772
v 0.043095 0.039862 0.011123
v 0.041786 0.033172 0.008763
v 0.041786 0.033172 0.008763
v 0.045846 0.037981 0.008621
v 0.047034 0.034910 0.011170
v 0.047743 0.029513 0.009970
v 0.045145 0.030568 0.006369
v 0.049304 0.034148 0.008915
v 0.050751 0.029155 0.008194
v 0.049477 0.030925 0.011115
v 0.048108 0.040622 0.010576
v 0.052903 0.035021 0.010945
v 0.054194 0.030036 0.010038
v 0.027476 0.062717 0.014616
v 0.027476 0.062717 0.014616
v 0.028964 0.059755 0.012801
v 0.029789 0.060983 0.015463
v 0.029789 0.060983 0.015463
v 0.030521 0.061343 0.015237
v 0.030521 0.061343 0.015237
v 0.030521 0.061343 0.015237
v 0.030521 0.061343 0.015237
v 0.032918 0.058061 0.015329
v 0.032918 0.058061 0.015329
v 0.033066 0.059937 0.014709
v 0.032720 0.060077 0.015362
v 0.032720 0.060077 0.015362
v 0.035075 0.058753 0.015465
v 0.035075 0.058753 0.015465
v 0.029306 0.058706 0.014745
v 0.033726 0.057106 0.012790
v 0.034417 0.055778 0.014867
v 0.034417 0.055778 0.014867
v 0.036233 0.057471 0.015661
v 0.037564 0.054906 0.013040
v 0.036406 0.050161 0.012753
v 0.036406 0.050161 0.012753
v 0.039203 0.056068 0.014774
v 0.040242 0.051403 0.014862
v 0.040789 0.052386 0.012937
v 0.039158 0.053748 0.015439
v 0.044324 0.047948 0.012118
v 0.037363 0.057418 0.015373
v 0.040239 0.055487 0.015307
v 0.039970 0.055219 0.015696
v 0.045516 0.050549 0.015922
v 0.042465 0.053826 0.015445
v 0.045263 0.049059 0.015669
v 0.045355 0.049463 0.013602
v 0.043784 0.046232 0.011018
v 0.043534 0.044418 0.013064
v 0.048594 0.044630 0.012673
v 0.044523 0.051941 0.014888
v 0.046716 0.050122 0.015481
v 0.047313 0.049466 0.014967
v 0.046264 0.045794 0.014941
v 0.049803 0.046276 0.014465
v 0.050017 0.045864 0.016050
v 0.049824 0.047066 0.015583
v 0.051596 0.042383 0.015813
v 0.050530 0.046304 0.015188
v 0.053068 0.041394 0.013795
v 0.053159 0.043013 0.014902
v 0.051480 0.045263 0.015542
v 0.053218 0.042270 0.016098
v 0.048880 0.038127 0.013129
v 0.051794 0.039715 0.012174
v 0.051986 0.039724 0.015243
v 0.053580 0.042850 0.015367
v 0.054736 0.041024 0.015864
v 0.051927 0.033916 0.013237
v 0.056325 0.035238 0.013078
v 0.057389 0.030730 0.012068
v 0.054671 0.029440 0.013334
v 0.056585 0.032674 0.015344
v 0.056264 0.038569 0.014790
v 0.055957 0.039721 0.015453
v 0.056695 0.035060 0.015928
v 0.058972 0.034946 0.015295
v 0.059097 0.033895 0.014669
v 0.057174 0.037271 0.015992
v 0.057296 0.037602 0.015591
v 0.057919 0.035198 0.016197
v 0.059271 0.034283 0.015807
v 0.059508 0.033220 0.016129
v 0.027499 0.029315 0.002731
v 0.029494 0.023268 0.002966
v 0.029073 0.026006 0.005888
v 0.028761 0.029783 0.002494
v 0.033094 0.021776 0.002875
v 0.033379 0.028124 0.001488
v 0.032617 0.025469 0.002566
v 0.036411 0.025810 0.001453
v 0.035053 0.029085 0.001758
v 0.036964 0.028281 0.002905
v 0.035723 0.024697 0.001582
v 0.035978 0.020181 0.002627
v 0.037485 0.019077 0.006351
v 0.037144 0.026310 0.001803
v 0.039078 0.025510 0.003108
v 0.039467 0.022569 0.001756
v 0.039000 0.019251 0.001606
v 0.041653 0.016277 0.001472
v 0.041031 0.021908 0.002997
v 0.036578 0.013764 0.002959
v 0.038721 0.008747 0.006225
v 0.038679 0.014620 0.002603
v 0.042372 0.016696 0.001853
v 0.043037 0.017802 0.003132
v 0.042397 0.021865 0.003823
v 0.044557 0.017526 0.003889
v 0.041338 0.013279 0.001619
v 0.043068 0.006105 0.001584
v 0.040652 0.007283 0.002612
v 0.043920 0.007837 0.001445
v 0.043559 0.012592 0.001727
v 0.039192 0.006762 0.002901
v 0.044441 0.013857 0.003120
v 0.046740 0.011239 0.004002
v 0.046177 0.008946 0.003459
v 0.045336 0.009441 0.002857
v 0.044815 0.007873 0.001921
v 0.044010 0.007572 0.006886
v 0.037871 0.024204 0.006746
v 0.042146 0.025385 0.007668
v 0.044229 0.027926 0.008481
v 0.048308 0.024463 0.006231
v 0.041405 0.018132 0.006895
v 0.046573 0.022102 0.008337
v 0.045883 0.017053 0.007716
v 0.051873 0.015499 0.006258
v 0.049932 0.023810 0.009701
v 0.053980 0.025148 0.008729
v 0.052588 0.021457 0.007416
v 0.052897 0.024961 0.011268
v 0.050490 0.018551 0.009167
v 0.052550 0.019297 0.010062
v 0.050517 0.013756 0.008672
v 0.048078 0.009905 0.007825
v 0.041235 0.000413 0.002599
v 0.043431 -0.001158 0.001535
v 0.040794 -0.004403 0.002644
v 0.040503 -0.001978 0.006394
v 0.043962 -0.001947 0.006847
v 0.038932 -0.014575 0.006494
v 0.057166 0.023309 0.013179
v 0.059831 0.028989 0.013160
v 0.060940 0.031244 0.015221
v 0.060624 0.027882 0.016048
v 0.061621 0.028091 0.016273
v 0.062450 0.027785 0.014941
v 0.061355 0.030558 0.015674
v 0.062282 0.027959 0.016109
v 0.045151 0.003768 0.001703
v 0.046496 0.004360 0.003270
v 0.047592 0.006205 0.003954
v 0.053209 0.010491 0.006305
v 0.054477 0.005704 0.006535
v 0.056105 0.019288 0.008596
v 0.057717 0.024365 0.010504
v 0.056116 0.017310 0.011471
v 0.060284 0.018482 0.010734
v 0.051495 0.008767 0.008675
v 0.057956 0.013097 0.008667
v 0.058024 0.008292 0.008275
v 0.053231 0.004358 0.009125
v 0.055314 0.007124 0.010074
v 0.054256 0.012981 0.010021
v 0.061181 0.007845 0.009929
v 0.057753 0.010040 0.011482
v 0.061967 0.011793 0.010788
v 0.058056 0.002697 0.011235
v 0.059473 0.002256 0.008714
v 0.062197 0.016640 0.011630
v 0.063178 0.001898 0.010860
v 0.061859 0.004856 0.013540
v 0.064310 0.007307 0.011851
v 0.044588 -0.001998 0.001410
v 0.045347 0.000771 0.001752
v 0.046166 0.002278 0.002805
v 0.042751 -0.007188 0.001522
v 0.045334 -0.002899 0.001833
v 0.046235 -0.002568 0.002883
v 0.047057 -0.003345 0.003597
v 0.046912 0.000471 0.003405
v 0.044808 -0.006048 0.001625
v 0.045890 -0.007887 0.003205
v 0.048393 -0.000300 0.004127
v 0.049551 0.002230 0.007973
v 0.051971 0.001494 0.005421
v 0.048308 -0.004800 0.007783
v 0.047571 -0.007244 0.004024
v 0.052537 -0.005768 0.005790
v 0.055154 -0.001228 0.006722
v 0.044335 -0.009816 0.001841
v 0.043063 -0.009316 0.006874
v 0.041817 -0.016986 0.007017
v 0.044311 -0.013277 0.002915
v 0.045420 -0.013587 0.003743
v 0.050944 -0.010964 0.005513
v 0.051596 -0.015972 0.006246
v 0.044152 -0.018105 0.003838
v 0.049138 -0.009289 0.008120
v 0.052620 -0.003312 0.008906
v 0.047975 -0.015484 0.008218
v 0.052533 -0.010052 0.009220
v 0.050666 -0.017479 0.009244
v 0.054814 -0.008426 0.006851
v 0.053847 -0.015492 0.010255
v 0.058039 -0.009171 0.008395
v 0.057124 -0.015398 0.008608
v 0.055806 0.000250 0.010089
v 0.058900 -0.003225 0.008483
v 0.055260 -0.007263 0.010116
v 0.058045 -0.005875 0.011449
v 0.061961 -0.002820 0.010161
v 0.061609 -0.007291 0.010168
v 0.061878 -0.001983 0.013474
v 0.064899 -0.002348 0.012022
v 0.065519 0.004922 0.012555
v 0.066862 0.002957 0.013569
v 0.065207 -0.007112 0.012520
v 0.067317 -0.003689 0.014040
v 0.057198 -0.011723 0.011497
v 0.058437 -0.016040 0.012769
v 0.060325 -0.014531 0.010181
v 0.064074 -0.011798 0.012210
v 0.062710 -0.015990 0.011925
v 0.061261 -0.009823 0.013653
v 0.065025 -0.006528 0.015711
v 0.063971 -0.013169 0.015727
v 0.061807 -0.021436 0.015798
v 0.066664 -0.009530 0.013977
v 0.065053 -0.016801 0.013845
v 0.066556 -0.014447 0.014806
v 0.067537 -0.011208 0.015313
v 0.062630 -0.021753 0.013098
v 0.067382 -0.007865 0.016590
v 0.065238 -0.013697 0.016337
v 0.065395 -0.018210 0.016623
v 0.067223 -0.013727 0.015661
v 0.066412 -0.017130 0.015710
v 0.066610 -0.014941 0.016412
v 0.061075 0.023470 0.012335
v 0.060176 0.025724 0.015472
v 0.059949 0.016721 0.013543
v 0.062314 0.024351 0.013560
v 0.062748 0.020240 0.015825
v 0.063772 0.019077 0.013219
v 0.063537 0.025675 0.015576
v 0.064714 0.021853 0.014887
v 0.063869 0.024152 0.016177
v 0.065084 0.021476 0.015572
v 0.064420 0.020727 0.016338
v 0.064409 0.017075 0.016115
v 0.066231 0.017737 0.015549
v 0.065168 0.020332 0.016188
v 0.061467 0.010483 0.013685
v 0.063845 0.013410 0.015483
v 0.064562 0.012823 0.012656
v 0.065616 0.015453 0.014008
v 0.066971 0.013907 0.015051
v 0.066385 0.016115 0.016222
v 0.066417 0.013959 0.016410
v 0.066703 0.008918 0.013851
v 0.065916 0.008862 0.016112
v 0.065043 0.006272 0.015563
v 0.068095 0.007572 0.015325
v 0.068009 0.003324 0.014729
v 0.068522 0.002403 0.015450
v 0.068123 0.007091 0.015973
v 0.067549 0.011888 0.015705
v 0.067341 0.010634 0.016330
v 0.067620 0.005982 0.016498
v 0.065178 -0.001185 0.015586
v 0.068254 -0.001043 0.014992
v 0.067185 0.001252 0.016445
v 0.068448 0.001227 0.015978
v 0.068067 0.000357 0.016477
v 0.068576 -0.000331 0.015641
v 0.068624 -0.001503 0.015759
v 0.066382 -0.005533 0.016282
v 0.068071 -0.004461 0.016430
v 0.068044 -0.005891 0.015093
v 0.068314 -0.006480 0.015731
v 0.067306 -0.010894 0.016508
v 0.067681 -0.011375 0.015847
v 0.044355 -0.023652 0.008113
v 0.048319 -0.021796 0.005795
v 0.048239 -0.023457 0.009232
v 0.045006 -0.028905 0.009104
v 0.041423 -0.034112 0.009096
v 0.053059 -0.023782 0.008061
v 0.049727 -0.031108 0.008274
v 0.052595 -0.022201 0.010759
v 0.049446 -0.027551 0.010488
v 0.057250 -0.022460 0.009870
v 0.054515 -0.029144 0.010023
v 0.059145 -0.025860 0.011810
v 0.051225 -0.034770 0.010000
v 0.047585 -0.039666 0.009963
v 0.045794 -0.032003 0.010069
v 0.047317 -0.033843 0.011225
v 0.052887 -0.027911 0.012299
v 0.051426 -0.034522 0.013469
v 0.056028 -0.032364 0.015316
v 0.057557 -0.031397 0.012494
v 0.054720 -0.035719 0.012292
v 0.054720 -0.035719 0.012292
v 0.051599 -0.039630 0.012020
v 0.051599 -0.039630 0.012020
v 0.051429 -0.039926 0.015426
v 0.058100 -0.020890 0.013497
v 0.059890 -0.020918 0.011071
v 0.056131 -0.026428 0.013670
v 0.060222 -0.027081 0.016156
v 0.053140 -0.039933 0.016095
v 0.057594 -0.033266 0.016250
v 0.042470 -0.039934 0.011189
v 0.041238 -0.050651 0.015194
v 0.046635 -0.043970 0.011255
v 0.046640 -0.040963 0.013435
v 0.048417 -0.045262 0.012838
v 0.048417 -0.045262 0.012838
v 0.046593 -0.045327 0.015261
v 0.053188 -0.040847 0.013652
v 0.051124 -0.044721 0.014461
v 0.052403 -0.043012 0.016364
v 0.055934 -0.038665 0.016474
v 0.053631 -0.041963 0.016317
v 0.046916 -0.047203 0.015934
v 0.047183 -0.048949 0.014376
v 0.051146 -0.045490 0.015246
v 0.047533 -0.049244 0.015240
v 0.052262 -0.044086 0.015923
v 0.049479 -0.047089 0.015995
v 0.051004 -0.044811 0.016359
v 0.048430 -0.047594 0.016242
v 0.043355 -0.050874 0.013175
v 0.043355 -0.050874 0.013175
v 0.040084 -0.053099 0.015665
v 0.042367 -0.053080 0.014178
v 0.042367 -0.053080 0.014178
v 0.039786 -0.055742 0.015051
v 0.044392 -0.052148 0.015187
v 0.041943 -0.054110 0.014943
v 0.041602 -0.054102 0.015772
v 0.043637 -0.052416 0.015909
v 0.046328 -0.050099 0.015983
v 0.056384 -0.036555 0.013852
v 0.060534 -0.028300 0.013562
v 0.063437 -0.023159 0.014219
v 0.062263 -0.027975 0.015090
v 0.065150 -0.021127 0.015411
v 0.064107 -0.023859 0.016283
v 0.065441 -0.020275 0.015998
v 0.064938 -0.020843 0.016485
v 0.063204 -0.021341 0.016381
v 0.062566 -0.026484 0.016631
v 0.062922 -0.027127 0.015812
v 0.062610 -0.027028 0.016508
v 0.059468 -0.032866 0.014658
v 0.058383 -0.034720 0.016530
v 0.060771 -0.031550 0.015676
v 0.060306 -0.032067 0.016366
v 0.057621 -0.036525 0.014953
v 0.056320 -0.038893 0.015427
v 0.059083 -0.034550 0.015781
v 0.058437 -0.035432 0.016224
v 0.055801 -0.039469 0.016040
v 0.054403 -0.040976 0.014789
v 0.053874 -0.042190 0.015319
f 1 2 4
f 5 3 7
f 1 4 6
f 8 9 11
f 11 12 8
f 12 11 13
f 14 15 13
f 16 13 15
f 17 16 15
f 18 19 20
f 21 22 23
f 23 24 21
f 25 26 21
f 19 21 26
f 27 21 24
f 21 19 22
f 25 21 27
f 28 30 31
f 28 31 32
f 33 29 34
f 35 29 37
f 37 29 33
f 36 40 43
f 45 30 28
f 46 31 30
f 50 51 31
f 31 46 50
f 35 47 29
f 53 34 44
f 29 44 34
f 42 38 54
f 52 43 56
f 54 56 42
f 54 58 56
f 44 59 53
f 62 53 59
f 34 53 63
f 64 28 65
f 67 68 69
f 70 72 28
f 28 32 70
f 28 69 45
f 60 45 69
f 55 57 32
f 28 67 69
f 74 76 57
f 65 28 72
f 76 66 73
f 68 60 69
f 60 68 77
f 58 78 75
f 61 60 79
f 61 79 80
f 64 68 67
f 81 82 64
f 68 64 82
f 83 84 81
f 82 84 85
f 84 82 81
f 86 68 82
f 86 77 68
f 64 65 88
f 81 64 88
f 87 74 89
f 75 78 93
f 88 94 81
f 83 81 94
f 95 96 93
f 89 97 94
f 90 102 98
f 104 103 91
f 110 104 91
f 92 96 109
f 109 96 114
f 93 96 75
f 96 92 75
f 67 28 64
f 79 60 77
f 84 83 115
f 117 116 83
f 84 118 85
f 84 115 118
f 120 95 121
f 93 121 95
f 122 118 123
f 122 123 124
f 122 125 118
f 123 126 124
f 127 129 126
f 131 127 126
f 120 121 133
f 118 115 134
f 123 118 134
f 118 136 85
f 137 85 136
f 136 118 125
f 138 136 139
f 136 138 137
f 140 141 142
f 114 95 120
f 111 140 142
f 113 119 140
f 143 144 138
f 140 126 141
f 145 126 140
f 146 145 140
f 145 148 126
f 145 119 147
f 146 140 119
f 146 119 145
f 126 148 131
f 119 130 147
f 119 128 130
f 132 128 119
f 143 138 139
f 85 86 82
f 86 138 77
f 86 85 137
f 138 86 137
f 95 114 96
f 138 144 79
f 79 77 138
f 80 79 144
f 149 58 54
f 150 151 152
f 149 152 151
f 150 152 153
f 153 154 155
f 156 153 155
f 155 157 156
f 158 160 162
f 157 155 163
f 164 160 165
f 167 157 163
f 168 169 157
f 167 168 157
f 171 172 165
f 174 175 176
f 33 177 176
f 177 33 178
f 176 177 179
f 179 177 180
f 181 179 180
f 174 176 181
f 181 176 179
f 182 184 181
f 185 184 183
f 188 189 190
f 189 188 191
f 192 193 194
f 178 195 196
f 195 178 63
f 177 194 197
f 180 177 197
f 194 177 196
f 193 198 194
f 193 199 198
f 200 180 197
f 197 194 198
f 200 201 182
f 183 202 185
f 203 197 198
f 201 203 205
f 199 208 205
f 211 207 209
f 210 213 204
f 192 194 196
f 215 192 196
f 196 195 215
f 185 202 206
f 213 187 204
f 214 211 185
f 196 177 178
f 182 180 200
f 195 216 215
f 216 195 217
f 218 219 220
f 218 220 192
f 215 218 192
f 221 222 220
f 220 219 221
f 223 222 221
f 209 223 211
f 208 222 223
f 225 219 218
f 215 226 218
f 226 215 216
f 226 216 227
f 193 192 220
f 220 228 193
f 222 208 228
f 218 7 225
f 3 225 7
f 223 221 224
f 224 221 219
f 10 211 229
f 230 7 218
f 2 224 4
f 230 218 226
f 224 2 229
f 229 223 224
f 10 2 1
f 229 2 10
f 211 223 229
f 227 231 226
f 212 9 8
f 227 232 231
f 188 212 8
f 186 212 188
f 199 193 228
f 217 232 227
f 232 217 233
f 233 234 232
f 227 216 217
f 235 236 237
f 33 236 37
f 238 37 236
f 236 33 237
f 239 240 241
f 241 238 236
f 242 235 237
f 152 149 190
f 175 242 237
f 33 175 237
f 33 176 175
f 240 184 243
f 34 178 33
f 63 178 34
f 240 243 241
f 184 240 242
f 243 184 185
f 245 217 63
f 245 233 217
f 244 186 190
f 188 190 186
f 245 246 233
f 39 241 243
f 241 41 238
f 41 35 247
f 244 54 38
f 53 62 245
f 244 149 54
f 244 190 149
f 62 248 245
f 248 246 245
f 158 246 248
f 63 53 245
f 152 154 153
f 189 152 190
f 189 154 152
f 246 234 233
f 162 234 246
f 162 246 158
f 195 63 217
f 154 189 250
f 250 189 191
f 162 251 234
f 252 250 191
f 253 252 254
f 163 250 253
f 255 253 250
f 253 255 252
f 255 250 252
f 251 164 256
f 257 256 258
f 258 259 257
f 8 191 188
f 12 191 8
f 252 191 12
f 260 234 261
f 260 262 232
f 13 16 12
f 260 263 262
f 232 234 260
f 251 261 234
f 252 12 16
f 252 16 254
f 261 263 260
f 261 251 256
f 155 154 250
f 162 164 251
f 164 162 160
f 250 163 155
f 258 164 165
f 165 172 258
f 258 172 259
f 258 256 164
f 264 265 266
f 267 268 265
f 269 270 271
f 270 272 271
f 267 264 151
f 151 264 78
f 150 267 151
f 149 151 78
f 58 149 78
f 80 249 61
f 249 80 273
f 159 249 273
f 264 93 78
f 274 273 80
f 265 264 267
f 273 274 271
f 274 269 271
f 268 267 150
f 156 150 153
f 150 156 268
f 272 159 271
f 159 273 271
f 266 93 264
f 121 93 266
f 269 274 275
f 266 276 121
f 266 277 276
f 277 266 278
f 143 275 144
f 278 266 265
f 268 278 265
f 279 269 275
f 279 280 269
f 20 277 278
f 20 278 18
f 270 269 280
f 80 144 274
f 144 275 274
f 169 281 268
f 281 18 268
f 282 272 283
f 272 270 283
f 284 282 285
f 285 282 283
f 286 281 169
f 286 169 168
f 287 18 281
f 23 287 288
f 281 286 287
f 286 288 287
f 289 284 285
f 268 156 169
f 282 166 272
f 156 157 169
f 284 166 282
f 159 272 161
f 272 166 161
f 284 170 166
f 290 170 284
f 18 278 268
f 270 291 283
f 22 19 18
f 291 285 283
f 270 280 291
f 291 280 292
f 292 293 291
f 287 22 18
f 287 23 22
f 285 291 293
f 293 289 285
f 263 261 294
f 295 17 15
f 263 294 296
f 17 295 298
f 294 299 300
f 295 301 298
f 295 302 301
f 303 301 304
f 305 306 300
f 305 307 306
f 308 309 304
f 310 311 312
f 313 310 312
f 309 313 314
f 309 315 313
f 309 308 315
f 310 316 311
f 313 315 310
f 317 316 310
f 318 319 316
f 317 310 315
f 308 320 315
f 316 317 321
f 317 315 322
f 323 322 315
f 321 318 316
f 318 324 325
f 321 317 322
f 321 326 318
f 327 318 326
f 327 324 318
f 328 329 330
f 23 330 331
f 329 332 330
f 333 24 331
f 330 332 331
f 332 333 331
f 23 331 24
f 334 329 335
f 334 336 337
f 338 339 333
f 338 329 340
f 24 333 27
f 333 332 338
f 329 338 332
f 337 340 334
f 334 340 329
f 337 341 340
f 337 342 341
f 343 344 345
f 343 346 344
f 347 343 345
f 348 349 350
f 351 350 352
f 353 354 355
f 354 353 356
f 167 357 355
f 357 167 163
f 353 355 357
f 168 355 358
f 167 355 168
f 349 358 354
f 358 355 354
f 354 356 349
f 358 349 348
f 359 171 290
f 172 171 359
f 344 360 352
f 361 356 353
f 353 357 361
f 356 361 345
f 345 344 356
f 344 346 360
f 362 345 361
f 363 364 360
f 344 349 356
f 344 352 350
f 344 350 349
f 351 352 365
f 364 365 352
f 364 352 360
f 366 365 364
f 367 366 364
f 368 359 369
f 360 346 363
f 363 367 364
f 253 254 298
f 253 357 163
f 253 298 370
f 370 298 303
f 370 361 357
f 370 362 361
f 370 357 253
f 371 259 372
f 16 17 254
f 261 256 294
f 17 298 254
f 299 294 257
f 257 294 256
f 257 259 299
f 259 371 305
f 305 299 259
f 307 305 371
f 300 299 305
f 172 372 259
f 372 172 359
f 372 359 368
f 373 343 347
f 374 346 343
f 303 375 370
f 375 373 347
f 314 373 375
f 373 374 343
f 362 347 345
f 362 375 347
f 375 362 370
f 376 363 346
f 371 372 377
f 378 377 368
f 312 373 314
f 311 373 312
f 374 373 311
f 311 316 374
f 374 316 379
f 319 380 379
f 379 346 374
f 379 376 346
f 376 381 363
f 379 380 376
f 380 381 376
f 367 381 382
f 301 303 298
f 303 304 309
f 375 303 314
f 309 314 303
f 377 307 371
f 383 307 377
f 313 312 314
f 384 307 383
f 383 377 378
f 367 363 381
f 368 377 372
f 368 369 378
f 378 369 385
f 386 385 369
f 367 387 388
f 389 390 328
f 329 328 390
f 329 390 350
f 351 335 350
f 358 348 390
f 389 358 390
f 389 286 358
f 286 168 358
f 389 288 286
f 350 390 348
f 328 288 389
f 330 288 328
f 335 329 350
f 391 335 351
f 336 335 391
f 336 391 366
f 369 290 386
f 369 359 290
f 290 284 289
f 290 289 386
f 365 391 351
f 365 366 391
f 367 392 366
f 330 23 288
f 336 334 335
f 386 289 393
f 394 289 293
f 289 394 393
f 366 392 336
f 336 392 337
f 392 342 337
f 388 392 367
f 395 392 388
f 388 396 395
f 397 381 380
f 397 382 381
f 379 316 319
f 325 380 319
f 380 325 397
f 398 383 378
f 319 318 325
f 325 324 397
f 367 382 387
f 399 388 387
f 398 378 385
f 324 400 397
f 397 400 382
f 387 382 401
f 402 399 387
f 403 404 396
f 396 388 399
f 405 398 385
f 403 396 399
f 405 385 406
f 51 32 31
f 43 52 409
f 51 50 407
f 49 48 410
f 47 35 408
f 36 43 409
f 57 71 32
f 55 32 51
f 57 76 71
f 73 71 76
f 76 74 66
f 87 66 74
f 94 117 83
f 87 89 94
f 111 117 415
f 117 94 415
f 94 97 415
f 99 100 411
f 101 105 413
f 106 108 414
f 107 112 412
f 142 116 117
f 111 142 117
f 126 129 124
f 116 142 135
f 135 141 123
f 141 135 142
f 123 141 126
f 181 184 173
f 205 203 198
f 199 205 198
f 201 200 197
f 203 201 197
f 182 181 416
f 181 180 416
f 180 182 416
f 208 199 228
f 228 220 222
f 242 240 235
f 235 239 236
f 239 235 240
f 236 239 241
f 174 242 175
f 242 173 184
f 247 35 37
f 238 247 37
f 247 238 41
f 417 419 421
f 421 422 423
f 421 419 422
f 424 421 423
f 425 419 417
f 428 429 422
f 428 422 420
f 422 429 423
f 423 430 431
f 432 429 428
f 436 429 432
f 439 440 418
f 437 419 425
f 442 440 439
f 442 439 444
f 447 442 449
f 442 450 440
f 441 452 451
f 450 454 440
f 423 429 455
f 430 423 455
f 454 450 456
f 451 452 456
f 457 455 429
f 455 457 458
f 455 458 430
f 459 460 461
f 459 452 460
f 459 461 462
f 459 462 463
f 464 461 277
f 461 464 465
f 464 277 20
f 466 464 467
f 467 20 466
f 467 464 20
f 468 469 279
f 466 470 465
f 462 461 465
f 468 279 471
f 466 465 464
f 473 457 474
f 429 476 474
f 478 479 477
f 480 459 463
f 463 481 480
f 477 456 478
f 456 452 478
f 478 452 480
f 478 480 479
f 452 459 480
f 482 483 484
f 484 485 482
f 429 474 457
f 479 480 486
f 481 486 480
f 486 475 479
f 486 487 475
f 486 481 487
f 484 488 485
f 483 482 471
f 463 489 481
f 490 471 482
f 491 458 457
f 492 457 493
f 494 491 457
f 494 457 492
f 495 497 498
f 495 481 489
f 500 494 501
f 497 495 502
f 502 495 489
f 501 494 505
f 504 506 501
f 496 506 504
f 503 506 496
f 507 475 487
f 487 481 507
f 458 491 508
f 430 458 508
f 508 509 430
f 430 509 488
f 495 507 481
f 507 498 472
f 498 507 495
f 485 488 509
f 510 482 485
f 490 482 510
f 511 485 509
f 511 510 485
f 512 463 462
f 465 470 462
f 470 512 462
f 490 468 471
f 490 513 468
f 489 463 512
f 489 514 515
f 516 490 510
f 514 489 512
f 513 490 516
f 292 280 469
f 26 20 19
f 292 517 293
f 466 20 26
f 518 470 466
f 519 518 466
f 520 292 521
f 521 469 468
f 521 292 469
f 522 25 523
f 26 25 522
f 524 394 517
f 519 466 26
f 519 26 522
f 525 519 522
f 517 292 520
f 517 520 524
f 524 520 526
f 527 514 528
f 529 527 528
f 528 518 519
f 530 528 519
f 530 529 528
f 528 470 518
f 468 513 521
f 521 513 531
f 532 520 521
f 532 521 531
f 528 512 470
f 528 514 512
f 516 533 513
f 533 531 513
f 532 526 520
f 534 526 532
f 535 532 531
f 534 532 535
f 515 536 537
f 536 515 514
f 538 540 541
f 543 540 544
f 544 540 538
f 544 538 546
f 539 547 545
f 544 546 548
f 550 548 546
f 543 544 548
f 551 543 548
f 549 545 552
f 550 552 548
f 553 552 545
f 552 553 556
f 557 552 556
f 557 548 552
f 558 555 537
f 508 491 559
f 500 491 494
f 560 500 501
f 491 500 561
f 559 491 561
f 562 563 564
f 562 560 506
f 562 564 560
f 503 562 506
f 508 559 509
f 502 489 515
f 503 565 562
f 515 566 502
f 568 561 500
f 500 563 567
f 563 562 569
f 569 565 570
f 541 540 568
f 561 568 540
f 559 561 551
f 509 559 571
f 562 565 569
f 509 571 511
f 559 551 571
f 561 540 543
f 543 551 561
f 572 566 515
f 573 570 565
f 575 576 570
f 573 574 570
f 515 537 572
f 577 516 510
f 511 577 510
f 575 578 542
f 578 574 573
f 547 578 573
f 572 537 555
f 511 571 579
f 554 547 573
f 571 551 580
f 551 548 580
f 577 511 579
f 579 571 581
f 582 577 579
f 583 557 556
f 580 548 584
f 584 548 557
f 553 585 556
f 585 583 556
f 558 586 555
f 571 580 581
f 527 536 514
f 536 527 588
f 558 537 536
f 558 536 588
f 589 558 588
f 535 533 590
f 591 535 590
f 592 588 527
f 527 529 592
f 589 588 592
f 593 592 529
f 577 590 516
f 516 590 533
f 590 577 582
f 535 531 533
f 587 585 554
f 585 587 594
f 583 595 557
f 594 595 583
f 596 557 595
f 596 584 557
f 587 597 594
f 581 598 579
f 586 558 599
f 579 598 582
f 598 600 582
f 584 601 580
f 601 581 580
f 597 602 595
f 601 584 603
f 604 606 595
f 596 595 606
f 584 596 606
f 603 584 606
f 602 605 595
f 608 597 587
f 586 599 607
f 602 597 608
f 609 606 604
f 609 603 606
f 603 610 601
f 581 601 611
f 598 581 611
f 612 613 589
f 613 558 589
f 590 614 591
f 558 613 599
f 600 614 582
f 615 589 592
f 589 615 612
f 613 616 599
f 616 607 599
f 604 617 609
f 618 603 609
f 610 603 618
f 602 608 619
f 611 601 610
f 621 598 611
f 598 622 600
f 598 621 622
f 600 622 614
f 623 616 613
f 590 582 614
f 125 122 624
f 136 125 625
f 624 424 125
f 625 125 424
f 424 431 625
f 624 122 124
f 121 460 133
f 626 421 624
f 626 624 124
f 421 424 624
f 627 421 626
f 431 139 625
f 132 629 128
f 484 143 139
f 139 136 625
f 417 421 627
f 628 417 627
f 431 424 423
f 452 630 133
f 460 452 133
f 452 632 630
f 633 425 628
f 139 431 488
f 484 139 488
f 488 431 430
f 442 447 631
f 632 452 441
f 276 461 460
f 276 460 121
f 143 279 275
f 279 143 483
f 461 276 277
f 483 471 279
f 143 484 483
f 280 279 469
f 293 517 394
f 609 617 618
f 634 618 617
f 636 634 617
f 604 636 617
f 610 618 634
f 619 635 605
f 616 637 607
f 607 637 620
f 616 638 637
f 639 622 621
f 640 610 634
f 641 610 640
f 642 634 636
f 642 643 634
f 640 634 644
f 619 642 635
f 645 610 641
f 611 610 645
f 621 611 645
f 646 647 648
f 649 647 650
f 646 650 647
f 651 648 652
f 646 648 653
f 653 648 651
f 649 339 647
f 27 523 25
f 27 333 339
f 27 339 649
f 649 523 27
f 523 649 654
f 648 339 338
f 338 340 652
f 647 339 648
f 652 648 338
f 394 524 655
f 523 654 522
f 525 522 654
f 650 654 649
f 650 525 654
f 341 656 340
f 340 656 652
f 656 657 652
f 342 656 341
f 393 655 658
f 342 392 659
f 659 660 656
f 659 656 342
f 657 651 652
f 657 656 660
f 657 661 651
f 661 657 660
f 661 660 662
f 660 659 662
f 655 663 658
f 525 530 519
f 525 664 530
f 646 665 650
f 650 665 525
f 525 665 664
f 529 530 666
f 666 530 664
f 667 666 664
f 665 646 668
f 668 646 653
f 653 651 669
f 661 669 651
f 670 669 661
f 671 668 672
f 665 667 664
f 667 665 673
f 665 668 673
f 668 671 673
f 672 668 653
f 672 653 669
f 667 673 674
f 674 675 667
f 671 674 673
f 663 524 526
f 655 524 663
f 526 534 676
f 663 526 676
f 677 663 676
f 678 662 659
f 678 659 395
f 679 671 672
f 679 674 671
f 669 680 672
f 681 670 662
f 681 682 670
f 670 682 669
f 669 682 680
f 681 683 682
f 662 670 661
f 684 663 677
f 681 662 678
f 663 684 658
f 658 684 685
f 593 529 666
f 686 593 666
f 534 535 687
f 688 534 687
f 593 686 689
f 687 535 591
f 591 690 687
f 592 593 615
f 691 687 690
f 675 666 667
f 686 666 675
f 692 675 674
f 693 675 692
f 693 686 675
f 688 687 691
f 688 691 694
f 676 534 688
f 677 676 688
f 689 615 593
f 615 689 695
f 591 614 690
f 614 696 690
f 623 613 612
f 695 612 615
f 612 697 623
f 612 695 697
f 614 698 696
f 614 622 698
f 699 696 698
f 689 686 700
f 695 689 700
f 690 696 691
f 696 701 691
f 702 697 695
f 702 695 703
f 697 702 704
f 699 701 696
f 674 679 692
f 706 679 672
f 692 679 707
f 707 679 706
f 693 692 707
f 686 693 700
f 707 708 693
f 709 700 693
f 677 688 694
f 672 710 706
f 672 680 710
f 711 710 680
f 712 706 710
f 683 711 680
f 680 682 683
f 678 713 681
f 713 683 681
f 708 707 714
f 707 706 712
f 708 709 693
f 708 715 709
f 714 707 712
f 711 716 710
f 710 716 712
f 714 712 717
f 684 677 718
f 719 677 694
f 718 677 719
f 700 703 695
f 691 720 694
f 721 720 691
f 722 720 721
f 703 700 723
f 721 691 701
f 699 724 701
f 724 725 701
f 700 709 715
f 700 715 723
f 708 714 715
f 719 694 720
f 722 719 720
f 722 721 728
f 701 725 721
f 721 725 728
f 722 728 729
f 395 404 678
f 684 730 685
f 678 404 731
f 713 732 683
f 712 716 717
f 733 716 711
f 717 734 714
f 716 734 717
f 716 733 735
f 732 711 683
f 732 733 711
f 736 732 713
f 736 733 732
f 736 735 733
f 737 736 713
f 713 678 731
f 684 718 730
f 734 738 714
f 715 714 738
f 715 739 723
f 719 722 729
f 715 741 739
f 729 727 742
f 743 734 716
f 744 716 735
f 734 743 738
f 743 745 738
f 743 716 744
f 715 738 745
f 746 743 744
f 735 747 744
f 746 745 743
f 741 715 745
f 735 736 737
f 748 739 741
f 745 750 741
f 750 748 741
f 749 751 740
f 718 719 752
f 752 753 718
f 752 719 729
f 754 752 729
f 685 730 753
f 755 737 713
f 731 755 713
f 718 753 730
f 755 731 756
f 744 747 757
f 758 746 744
f 747 735 737
f 758 745 746
f 758 759 745
f 737 757 747
f 760 757 737
f 757 761 744
f 761 758 744
f 762 758 761
f 759 750 745
f 748 750 763
f 751 749 765
f 758 762 759
f 759 763 750
f 765 749 764
f 766 765 764
f 761 757 767
f 768 757 760
f 757 769 767
f 770 771 762
f 762 771 759
f 763 759 771
f 770 762 761
f 772 766 764
f 771 773 763
f 760 737 755
f 754 774 752
f 753 752 774
f 774 754 775
f 755 768 760
f 753 774 776
f 393 394 655
f 659 392 395
f 685 393 658
f 385 386 393
f 385 393 685
f 404 395 396
f 685 406 385
f 777 406 685
f 685 753 777
f 623 697 778
f 778 638 623
f 616 623 638
f 780 643 642
f 782 640 644
f 643 780 783
f 621 645 784
f 622 639 698
f 786 639 621
f 790 640 782
f 780 788 783
f 781 620 791
f 791 789 781
f 637 791 620
f 784 645 641
f 792 789 791
f 640 790 793
f 795 794 787
f 793 641 640
f 795 787 792
f 796 792 791
f 795 792 798
f 798 794 795
f 641 793 784
f 791 637 796
f 784 793 799
f 784 799 800
f 638 778 637
f 802 798 792
f 802 792 796
f 797 637 778
f 797 778 803
f 621 784 800
f 786 621 800
f 794 798 802
f 793 800 799
f 802 811 794
f 793 815 800
f 812 793 808
f 814 807 817
f 814 817 818
f 805 802 796
f 805 809 802
f 806 819 810
f 818 801 813
f 810 819 816
f 697 704 778
f 698 639 820
f 724 699 698
f 698 820 724
f 779 705 821
f 639 786 823
f 818 817 824
f 817 826 824
f 819 825 816
f 824 826 827
f 819 828 825
f 804 779 829
f 806 829 819
f 824 827 830
f 830 818 824
f 801 818 831
f 831 832 801
f 830 827 833
f 836 828 819
f 819 829 835
f 831 818 830
f 785 801 832
f 823 820 639
f 821 829 779
f 834 828 836
f 837 822 785
f 836 839 834
f 829 838 835
f 831 830 840
f 832 837 785
f 703 842 702
f 842 704 702
f 705 841 843
f 724 820 844
f 725 724 844
f 845 846 726
f 705 843 821
f 847 821 843
f 844 820 823
f 845 822 848
f 703 723 842
f 723 739 842
f 849 841 850
f 727 726 846
f 849 843 841
f 843 849 851
f 845 852 846
f 852 845 848
f 846 852 853
f 847 829 821
f 840 832 831
f 839 854 834
f 833 854 830
f 830 854 840
f 839 855 854
f 856 838 829
f 858 837 832
f 840 854 859
f 855 859 854
f 855 839 856
f 832 840 857
f 860 829 847
f 837 848 822
f 856 862 855
f 855 861 859
f 860 856 829
f 861 863 859
f 856 860 862
f 840 859 863
f 860 864 862
f 863 865 840
f 857 840 865
f 847 866 860
f 851 847 843
f 847 851 866
f 867 863 861
f 837 869 848
f 862 864 868
f 851 870 866
f 867 871 863
f 872 857 865
f 863 871 865
f 868 864 875
f 876 864 860
f 874 864 876
f 876 860 866
f 877 868 875
f 878 871 867
f 874 876 866
f 865 871 879
f 872 865 879
f 869 837 858
f 869 852 848
f 853 852 869
f 869 858 873
f 740 850 841
f 846 742 727
f 846 880 742
f 853 880 846
f 849 850 881
f 740 751 850
f 754 729 742
f 742 882 754
f 742 880 882
f 883 881 850
f 853 884 880
f 751 883 850
f 885 881 883
f 880 884 886
f 870 851 849
f 849 881 870
f 870 887 866
f 889 877 875
f 888 874 866
f 878 890 871
f 889 891 877
f 879 871 892
f 888 866 887
f 894 888 887
f 893 891 889
f 890 896 871
f 871 896 892
f 893 895 891
f 895 893 898
f 892 896 899
f 897 900 899
f 897 899 896
f 901 892 899
f 893 901 898
f 902 892 901
f 885 870 881
f 870 885 904
f 870 904 887
f 853 869 905
f 906 872 879
f 869 907 905
f 907 869 873
f 907 873 906
f 906 879 892
f 910 894 887
f 908 901 893
f 906 892 911
f 907 906 912
f 911 892 902
f 905 913 853
f 853 913 884
f 884 913 886
f 905 914 913
f 914 905 907
f 907 915 914
f 909 916 903
f 908 902 901
f 918 902 917
f 911 902 918
f 916 909 919
f 917 920 918
f 906 911 912
f 887 921 910
f 920 922 918
f 921 919 909
f 922 924 918
f 912 915 907
f 925 913 914
f 923 919 921
f 921 927 923
f 924 922 926
f 911 918 924
f 928 921 887
f 912 911 929
f 929 911 924
f 915 912 929
f 883 751 765
f 930 883 765
f 885 883 930
f 931 765 766
f 930 765 932
f 931 932 765
f 775 754 882
f 775 882 933
f 880 934 882
f 886 934 880
f 933 882 934
f 935 774 775
f 775 936 935
f 936 775 933
f 934 886 937
f 934 938 933
f 938 934 937
f 939 904 885
f 928 887 904
f 886 913 925
f 940 915 929
f 939 928 904
f 941 925 914
f 942 921 928
f 941 914 915
f 939 885 930
f 886 925 937
f 932 943 930
f 939 930 943
f 944 939 943
f 939 942 928
f 921 942 945
f 939 944 942
f 944 946 942
f 947 937 925
f 948 925 941
f 947 925 948
f 915 948 941
f 926 949 924
f 924 951 929
f 921 950 927
f 951 924 949
f 929 951 952
f 940 929 952
f 921 953 950
f 951 949 954
f 952 951 955
f 955 940 952
f 953 921 945
f 955 951 954
f 942 956 945
f 940 957 915
f 954 958 955
f 945 959 953
f 945 956 959
f 960 958 961
f 956 962 959
f 955 958 960
f 955 963 940
f 957 948 915
f 963 957 940
f 963 955 960
f 449 442 444
f 436 433 965
f 434 426 966
f 427 419 964
f 418 440 967
f 440 435 967
f 443 438 970
f 437 425 972
f 425 633 972
f 631 447 971
f 446 448 968
f 448 445 969
f 454 435 440
f 429 436 453
f 453 476 429
f 477 454 456
f 475 477 479
f 493 457 473
f 473 499 493
f 492 493 499
f 492 505 494
f 504 492 496
f 492 499 496
f 472 475 507
f 553 545 547
f 560 564 500
f 564 563 500
f 560 501 506
f 576 542 567
f 563 576 567
f 576 563 569
f 570 576 973
f 576 569 973
f 569 570 973
f 575 542 576
f 542 578 539
f 547 539 578
f 585 594 583
f 595 594 597
f 129 974 124
f 974 129 127
f 974 626 124
f 974 627 626
f 627 974 127
f 127 628 627
f 425 417 628
f 619 605 602
f 642 619 780
f 401 975 387
f 402 387 975
f 402 403 399
f 976 977 405
f 406 978 405
f 979 403 402
f 978 976 405
f 975 979 402
f 980 981 979
f 980 982 981
f 982 983 981
f 984 983 982
f 985 986 987
f 984 986 983
f 985 987 988
f 989 756 731
f 773 771 770
f 990 770 761
f 773 770 990
f 990 761 767
f 991 990 767
f 755 992 768
f 769 757 768
f 992 755 756
f 768 992 769
f 772 993 766
f 994 766 993
f 996 773 990
f 772 995 993
f 997 776 774
f 935 997 774
f 998 769 992
f 999 769 998
f 992 756 998
f 991 996 990
f 991 1000 996
f 1002 993 995
f 1001 1002 995
f 1002 994 993
f 999 767 769
f 1003 991 767
f 1000 991 1003
f 1002 1004 1005
f 767 999 1006
f 1007 999 998
f 756 1007 998
f 1007 1006 999
f 1008 1006 1007
f 767 1006 1009
f 1009 1003 767
f 1000 1003 1011
f 1012 1003 1009
f 1001 1004 1002
f 1010 1004 1001
f 1011 1003 1012
f 1013 1009 1006
f 1014 1008 1007
f 1013 1015 1016
f 1016 1012 1009
f 1012 1016 1017
f 1012 1017 1011
f 1017 1018 1011
f 1016 1020 1017
f 1017 1020 1018
f 1019 1004 1010
f 1013 1016 1009
f 1021 404 403
f 1022 406 777
f 404 1023 731
f 1021 1023 404
f 1022 978 406
f 403 979 1021
f 1024 777 753
f 989 731 1023
f 1022 777 1024
f 1024 753 776
f 776 997 1024
f 1025 989 1023
f 1014 1007 756
f 1026 1024 997
f 1027 1026 997
f 1014 756 989
f 989 1008 1014
f 1006 1008 1028
f 1029 1024 1026
f 1016 1015 1020
f 1020 1030 1018
f 1018 1030 1033
f 1032 1004 1019
f 1004 1032 1034
f 1035 1029 1026
f 1036 978 1022
f 978 1036 976
f 1021 979 1023
f 1037 1038 1023
f 979 981 1037
f 981 1039 1037
f 1039 981 1040
f 1041 1039 1040
f 1037 1039 1042
f 1043 1036 1044
f 1023 979 1045
f 1037 1045 979
f 1023 1045 1037
f 1038 1037 1046
f 1042 1038 1046
f 1046 1037 1042
f 1042 1047 1038
f 1042 1048 1047
f 1049 1044 1050
f 1042 1039 1051
f 1051 1039 1041
f 1052 1051 1053
f 1042 1051 1048
f 1048 1051 1054
f 1054 1052 1055
f 1052 1054 1051
f 1056 1055 1057
f 1036 1022 1050
f 1044 1036 1050
f 1058 1008 989
f 1058 1028 1008
f 1028 1058 1059
f 1025 1058 989
f 1060 1059 1058
f 1060 1061 1059
f 1059 1061 1062
f 1061 1063 1062
f 1062 1063 1064
f 1065 1066 1064
f 1067 1066 1065
f 1067 1065 1064
f 1022 1024 1068
f 1068 1024 1029
f 1038 1025 1023
f 1047 1025 1038
f 1047 1060 1025
f 1060 1058 1025
f 1050 1068 1069
f 1006 1028 1013
f 1015 1070 1020
f 1062 1071 1013
f 1028 1062 1013
f 1013 1071 1015
f 1070 1015 1071
f 1072 1030 1070
f 1070 1030 1020
f 1074 1034 1032
f 1077 1074 1079
f 1079 1074 1032
f 1082 1087 1074
f 1086 1075 1078
f 1074 1087 1034
f 1088 1081 1033
f 1030 1088 1033
f 1079 1085 1090
f 1083 1076 1089
f 1076 1080 1089
f 1088 1084 1081
f 1087 1031 1034
f 1031 1091 1034
f 1092 1029 1035
f 1066 1071 1062
f 1093 1070 1071
f 1028 1059 1062
f 1093 1071 1066
f 1093 1072 1070
f 1062 1064 1066
f 1093 1066 1094
f 1095 1066 1067
f 1094 1066 1095
f 1064 1095 1067
f 1094 1095 1064
f 1096 1072 1093
f 1073 1091 1031
f 1073 1097 1091
f 1069 1068 1029
f 1092 1069 1029
f 1094 1099 1093
f 1093 1099 1096
f 1092 1100 1069
f 1101 1102 1092
f 1072 1096 1098
f 1100 1092 1102
f 1103 1061 1060
f 1047 1103 1060
f 1104 1103 1048
f 1048 1103 1047
f 1104 1061 1103
f 1104 1063 1061
f 1105 1064 1063
f 1094 1064 1106
f 1106 1099 1094
f 1106 1064 1105
f 1063 1107 1105
f 1108 1105 1107
f 1105 1108 1106
f 1109 1099 1106
f 1109 1110 1099
f 1106 1108 1111
f 1107 1063 1055
f 1054 1104 1048
f 1063 1104 1054
f 1055 1063 1054
f 1107 1055 1056
f 1107 1056 1108
f 1109 1106 1111
f 1109 1111 1112
f 1109 1112 1113
f 1109 1113 1110
f 1110 1113 1114
f 1099 1110 1096
f 1110 1098 1096
f 1100 1115 1069
f 1098 1110 1114
f 1091 1097 1116
f 1098 1114 1117
f 1097 1118 1116
f 1100 1102 1119
f 1120 1117 1114
f 1122 1117 1120
f 1118 1121 1123
f 1022 1068 1050
f 1069 1049 1050
f 1049 1069 1115
f 1108 1056 1124
f 1112 1125 1126
f 1108 1124 1111
f 1111 1124 1112
f 1113 1112 1126
f 1113 1126 1127
f 1049 1128 1129
f 1130 1114 1113
f 1049 1115 1128
f 1128 1115 1131
f 1049 1132 1044
f 1049 1129 1132
f 1131 1115 1100
f 1133 1100 1119
f 1134 1135 1119
f 1100 1133 1131
f 1120 1114 1130
f 1128 1131 1133
f 1136 1128 1133
f 1136 1133 1137
f 1135 1137 1133
f 1133 1119 1135
f 1137 1135 1138
f 1138 1139 1137
f 994 931 766
f 1140 931 994
f 935 936 1141
f 1140 932 931
f 1142 943 932
f 1142 932 1143
f 933 1144 936
f 1144 933 938
f 1141 936 1144
f 1144 938 1145
f 938 947 1145
f 994 1005 1140
f 994 1002 1005
f 1141 997 935
f 1143 932 1140
f 1141 1144 1146
f 1146 1144 1145
f 947 938 937
f 946 944 1147
f 1147 944 943
f 1147 943 1142
f 1148 947 1149
f 1149 947 948
f 1150 1145 947
f 1150 947 1148
f 1151 1142 1143
f 1151 1143 1152
f 1147 1142 1151
f 1151 1153 1147
f 1005 1154 1140
f 1154 1005 1004
f 1154 1155 1140
f 1155 1143 1140
f 1155 1154 1156
f 1143 1155 1152
f 1157 1155 1156
f 1152 1155 1157
f 1158 1151 1152
f 1153 1151 1158
f 956 942 946
f 1160 962 956
f 960 961 1159
f 1161 957 963
f 960 1159 1162
f 1161 963 960
f 1161 960 1162
f 1160 956 1163
f 1162 1159 1164
f 1165 957 1161
f 1166 1165 1161
f 1162 1166 1161
f 956 1168 1163
f 1162 1164 1167
f 1168 956 1170
f 1162 1167 1169
f 946 1171 956
f 956 1171 1170
f 946 1147 1153
f 1171 946 1153
f 1172 1145 1150
f 1149 1173 1148
f 1027 997 1141
f 1027 1141 1146
f 1172 1146 1145
f 1174 1027 1146
f 1146 1172 1175
f 1174 1146 1175
f 1034 1154 1004
f 1026 1027 1035
f 1154 1034 1156
f 1101 1035 1027
f 1027 1174 1101
f 1175 1172 1176
f 1157 1156 1177
f 1150 1176 1172
f 1178 1150 1148
f 1150 1178 1176
f 1178 1148 1173
f 1153 1158 1179
f 1158 1152 1180
f 1152 1157 1180
f 1157 1177 1180
f 1181 1175 1176
f 1182 1176 1178
f 1181 1176 1182
f 1158 1183 1179
f 1183 1184 1179
f 1180 1183 1158
f 1185 1182 1178
f 1178 1173 1185
f 1173 1186 1185
f 1186 1173 1187
f 1183 1188 1184
f 957 1149 948
f 1149 957 1165
f 1166 1162 1189
f 1189 1162 1169
f 1165 1187 1149
f 1190 1170 1171
f 1189 1169 1190
f 1191 1171 1153
f 1165 1166 1192
f 1171 1191 1190
f 1189 1190 1193
f 1189 1193 1194
f 1173 1149 1187
f 1192 1187 1165
f 1193 1190 1191
f 1166 1189 1194
f 1191 1195 1193
f 1153 1195 1191
f 1195 1194 1193
f 1194 1196 1166
f 1196 1192 1166
f 1194 1195 1197
f 1194 1197 1196
f 1179 1195 1153
f 1179 1184 1195
f 1198 1187 1192
f 1196 1197 1199
f 1199 1192 1196
f 1197 1195 1184
f 1199 1197 1184
f 1198 1192 1199
f 1186 1187 1198
f 1200 1184 1201
f 1199 1184 1200
f 1198 1199 1200
f 1101 1174 1202
f 1203 1034 1091
f 1034 1203 1156
f 1203 1177 1156
f 1174 1175 1202
f 1181 1202 1175
f 1203 1091 1204
f 1116 1204 1091
f 1204 1177 1203
f 1204 1205 1177
f 1101 1092 1035
f 1206 1101 1202
f 1102 1101 1206
f 1202 1207 1206
f 1134 1206 1207
f 1134 1207 1208
f 1207 1202 1181
f 1181 1209 1207
f 1210 1205 1204
f 1180 1177 1205
f 1211 1180 1205
f 1201 1184 1188
f 1201 1188 1212
f 1183 1180 1211
f 1188 1183 1211
f 1209 1181 1182
f 1182 1213 1209
f 1182 1185 1213
f 1214 1185 1186
f 1186 1198 1214
f 1185 1214 1213
f 1215 1188 1211
f 1216 1209 1213
f 1217 1198 1200
f 1215 1212 1188
f 1217 1200 1212
f 1198 1217 1218
f 1205 1219 1211
f 1210 1219 1205
f 1215 1211 1219
f 1208 1207 1209
f 1209 1216 1208
f 1218 1217 1212
f 1212 1215 1220
f 1216 1213 1214
f 1198 1218 1221
f 1222 1216 1214
f 1214 1223 1222
f 1223 1221 1224
f 1218 1212 1225
f 1225 1212 1220
f 1223 1214 1198
f 1221 1218 1225
f 1221 1223 1198
f 1221 1225 1224
f 1123 1210 1116
f 1119 1102 1206
f 1206 1134 1119
f 1123 1116 1118
f 1134 1208 1226
f 1116 1210 1204
f 1227 1210 1228
f 1210 1123 1228
f 1229 1123 1121
f 1123 1229 1228
f 1230 1228 1229
f 1227 1228 1230
f 1227 1219 1210
f 1231 1215 1219
f 1231 1219 1227
f 1231 1232 1233
f 1220 1215 1231
f 1224 1225 1220
f 1224 1220 1234
f 1234 1220 1231
f 1224 1234 1235
f 1230 1231 1227
f 1230 1232 1231
f 1135 1134 1226
f 1226 1138 1135
f 1138 1226 1236
f 1237 1229 1239
f 1237 1230 1229
f 1232 1230 1237
f 1226 1240 1236
f 1240 1241 1236
f 1208 1216 1226
f 1226 1216 1240
f 1233 1234 1231
f 1242 1216 1222
f 1222 1223 1242
f 1223 1224 1235
f 1235 1234 1233
f 1232 1243 1233
f 1233 1244 1235
f 1232 1245 1243
f 1244 1233 1243
f 1240 1216 1242
f 1246 1242 1223
f 1247 1246 1223
f 1223 1235 1247
f 1247 1235 1244
f 1248 1243 1245
f 1246 1247 1249
f 1249 1247 1244
f 1243 1248 1244
f 1200 1201 1212
f 1250 1053 1251
f 983 1252 1040
f 1253 1040 1252
f 1251 1253 1252
f 1251 1252 985
f 1254 1255 985
f 981 983 1040
f 986 1252 983
f 985 1252 986
f 988 1254 985
f 1253 1041 1040
f 1053 1041 1253
f 1253 1251 1053
f 985 1250 1251
f 1255 1250 985
f 1256 1250 1255
f 1254 1257 1255
f 1255 1257 1258
f 1255 1258 1256
f 1258 1257 1259
f 1260 1254 988
f 1260 1257 1254
f 1261 1259 1257
f 1260 1261 1257
f 1053 1055 1052
f 1053 1051 1041
f 1250 1055 1053
f 1055 1250 1057
f 1258 1262 1263
f 1250 1256 1263
f 1258 1263 1256
f 1264 1262 1258
f 1056 1057 1124
f 1124 1057 1262
f 1263 1057 1250
f 1262 1057 1263
f 1124 1262 1125
f 1262 1264 1125
f 1259 1264 1258
f 1264 1259 1265
f 1043 1044 1132
f 1266 1043 1132
f 1132 1267 1266
f 1265 1259 1261
f 1265 1261 1268
f 1268 1261 1269
f 1270 1264 1265
f 1270 1265 1268
f 1267 1271 1266
f 1268 1272 1270
f 1125 1112 1124
f 1264 1126 1125
f 1264 1127 1126
f 1264 1270 1127
f 1113 1127 1130
f 1273 1130 1127
f 1127 1274 1273
f 1267 1132 1129
f 1129 1275 1267
f 1136 1129 1128
f 1276 1136 1277
f 1129 1136 1275
f 1270 1274 1127
f 1278 1275 1276
f 1279 1273 1274
f 1275 1136 1276
f 1280 1276 1281
f 1273 1120 1130
f 1137 1139 1277
f 1273 1282 1120
f 1273 1283 1282
f 1122 1120 1282
f 1238 1122 1282
f 1284 1238 1282
f 1282 1283 1284
f 1285 1238 1284
f 1277 1136 1137
f 1277 1281 1276
f 1283 1273 1279
f 1284 1283 1279
f 1287 1280 1281
f 1287 1281 1277
f 1287 1277 1139
f 1288 1284 1279
f 1284 1288 1285
f 1289 1285 1288
f 1287 1139 1290
f 1272 1291 1270
f 1291 1274 1270
f 1279 1274 1291
f 1291 1292 1279
f 1292 1293 1279
f 1279 1293 1288
f 1239 1229 1121
f 1139 1138 1236
f 1286 1294 1239
f 1295 1294 1286
f 1237 1294 1232
f 1237 1239 1294
f 1232 1294 1245
f 1297 1245 1294
f 1298 1245 1297
f 1236 1299 1139
f 1236 1241 1299
f 1240 1300 1241
f 1242 1300 1240
f 1242 1246 1300
f 1249 1301 1246
f 1241 1300 1299
f 1302 1299 1300
f 1301 1249 1298
f 1303 1298 1297
f 1303 1301 1298
f 1289 1296 1285
f 1305 1296 1289
f 1307 1308 1295
f 1307 1309 1308
f 1299 1290 1139
f 1307 1304 1310
f 1302 1290 1299
f 1309 1307 1303
f 1311 1303 1307
f 1306 1296 1305
f 1312 1313 1302
f 1314 1312 1311
f 1314 1313 1312
f 1315 1311 1307
f 1314 1311 1315
f 1295 1308 1294
f 1297 1294 1308
f 1308 1309 1297
f 1309 1303 1297
f 1316 1300 1246
f 1316 1246 1301
f 1301 1303 1316
f 1316 1302 1300
f 1311 1316 1303
f 1312 1302 1316
f 1311 1312 1316
f 1249 1244 1248
f 1298 1248 1245
f 1298 1249 1248
f 1315 1307 1310
f 1317 1318 230
f 1317 230 226
f 7 230 1318
f 1318 5 7
f 6 1320 1
f 1 1319 10
f 1321 1323 1324
f 1325 1323 1327
f 1327 1329 1325
f 1327 1323 1321
f 1331 1333 1334
f 1338 1337 1332
f 1331 1339 1333
f 1345 1346 1317
f 1317 1324 1345
f 1346 1347 1349
f 1345 1347 1346
f 1350 11 1351
f 1354 1348 1335
f 1353 1336 1352
f 1345 1323 1347
f 1348 1320 6
f 1318 1346 5
f 1349 5 1346
f 1346 1318 1317
f 1348 1354 1320
f 1319 1353 1356
f 1355 11 9
f 1356 10 1319
f 1324 1317 226
f 1324 226 231
f 1353 1352 1356
f 1355 1351 11
f 1324 231 1357
f 262 1357 231
f 262 1358 1357
f 1350 13 11
f 13 1350 14
f 1324 1323 1345
f 1323 1325 1347
f 1347 1325 1349
f 1329 1349 1325
f 1335 1348 1330
f 1359 1358 1360
f 1358 1359 1357
f 263 1358 262
f 263 1360 1358
f 1338 1351 1337
f 1338 1350 1351
f 1350 1338 1361
f 1322 1324 1357
f 231 232 262
f 1362 1363 1367
f 1368 1363 1362
f 1369 1372 1364
f 1362 1373 1368
f 1326 1375 1328
f 1377 1379 1380
f 1381 1375 1326
f 1339 1331 1376
f 1340 1375 1381
f 1341 1382 1385
f 1380 1379 1384
f 1377 1380 1327
f 1388 1391 1377
f 1377 1393 1386
f 1377 1391 1395
f 1390 1342 1396
f 1342 1378 1396
f 1379 1377 1395
f 1342 1390 1389
f 1342 1383 1378
f 1332 1343 1338
f 1344 1387 1394
f 1397 1361 1338
f 1398 1399 1377
f 1400 1401 1402
f 1405 1399 1398
f 1377 1399 1403
f 1407 1410 1414
f 1409 1416 1411
f 1417 1401 1412
f 1401 1400 1412
f 1399 1405 1413
f 1377 1420 1398
f 1398 1423 1405
f 1321 1420 1327
f 1420 1322 1424
f 1420 1377 1327
f 1322 1357 1424
f 1359 1424 1357
f 1402 1343 1392
f 1403 1393 1377
f 1401 1343 1402
f 1343 1401 1338
f 1420 1424 1425
f 1426 1425 1424
f 1426 1424 1359
f 1419 1408 1404
f 1397 1338 1427
f 1406 1429 1418
f 1432 1429 1406
f 1433 1434 1423
f 1437 1434 1433
f 1421 1435 1438
f 1401 1431 1436
f 1432 1406 1439
f 1406 1422 1439
f 1433 1423 1398
f 1442 1437 1433
f 1415 1428 1430
f 1431 1401 1417
f 1338 1401 1427
f 1440 1427 1436
f 1440 1443 1427
f 1436 1427 1401
f 1445 1397 1427
f 1433 1450 1442
f 1441 1454 1444
f 1456 1443 1453
f 1456 1452 1457
f 1449 1454 1441
f 1420 1433 1398
f 1433 1420 1450
f 1443 1456 1427
f 1446 1458 1455
f 1449 1459 1454
f 1451 1460 1448
f 1447 1456 1457
f 1449 1462 1463
f 1448 1464 1461
f 1459 1449 1463
f 1448 1460 1464
f 1466 1462 1449
f 1461 1465 1448
f 1425 1450 1420
f 1427 1456 1447
f 1467 1426 1359
f 1467 1468 1426
f 1469 1472 1474
f 1473 1471 1475
f 1476 1477 1361
f 1361 1397 1476
f 1478 1477 1476
f 1469 1466 1449
f 1469 1474 1466
f 1465 1473 1448
f 1475 1397 1445
f 1475 1448 1473
f 1479 1397 1475
f 1480 1468 1467
f 1397 1479 1476
f 1360 1481 1359
f 1361 14 1350
f 1481 1360 296
f 1360 263 296
f 14 295 15
f 295 14 302
f 14 1361 1477
f 296 1482 1481
f 302 14 1477
f 302 1477 1478
f 294 1484 296
f 294 1488 1484
f 300 1488 294
f 1485 1490 297
f 1487 1492 1494
f 1492 1486 1494
f 1483 1489 1493
f 1491 1488 296
f 1488 300 296
f 296 300 1495
f 1467 1359 1481
f 1467 1481 1480
f 1482 1480 1481
f 1476 1479 1496
f 1478 1496 1497
f 1498 1478 1497
f 1496 1478 1476
f 1499 1500 1480
f 1501 1497 1496
f 1497 1501 1502
f 1497 1503 1498
f 1498 1503 1504
f 1505 1506 1499
f 1506 1500 1499
f 302 304 301
f 1498 304 302
f 302 1478 1498
f 1499 1482 1495
f 296 1495 1482
f 1495 300 1507
f 1499 1495 1505
f 300 306 1507
f 304 1498 1504
f 1507 1505 1495
f 1505 1507 1508
f 306 1508 1507
f 306 307 384
f 1480 1482 1499
f 1469 1509 1472
f 1471 1510 1475
f 1469 1511 1515
f 1469 1514 1509
f 1475 1510 1513
f 1475 1513 1512
f 1469 1516 1511
f 1512 1517 1475
f 1519 1470 1521
f 1522 1525 1528
f 1523 1530 1533
f 1524 1534 1526
f 1475 1534 1479
f 1537 1539 1469
f 1469 1539 1516
f 1517 1540 1542
f 1517 1542 1475
f 1475 1542 1534
f 1522 1538 1470
f 1529 1527 1544
f 1529 1544 1536
f 1535 1543 1541
f 1522 1528 1538
f 1542 1526 1534
f 1545 1479 1534
f 1522 1546 1532
f 1531 1547 1534
f 1470 1519 1522
f 1548 1518 1520
f 1548 1520 1426
f 1545 1534 1547
f 1549 1546 1522
f 1519 1549 1522
f 1545 1547 1550
f 1426 1551 1548
f 1425 1470 1450
f 1425 1521 1470
f 1520 1425 1426
f 1551 1426 1468
f 1550 1552 1545
f 1519 1553 1549
f 1554 1545 1552
f 1554 1479 1545
f 1551 1555 1548
f 1556 1496 1479
f 1557 1551 1500
f 1552 1559 1554
f 1554 1556 1479
f 1519 1558 1553
f 1560 1558 1519
f 1560 1518 1548
f 1559 1561 1554
f 1560 1562 1558
f 1563 1560 1548
f 1563 1548 1555
f 1555 1551 1557
f 1468 1480 1551
f 1480 1500 1551
f 1496 1556 1501
f 1554 1564 1556
f 1564 1554 1561
f 1365 1565 1564
f 1565 1556 1564
f 1566 1555 1557
f 1500 1567 1557
f 1560 1362 1562
f 1563 1362 1560
f 1562 1362 1367
f 1366 1564 1561
f 1366 1365 1564
f 1370 1565 1365
f 1370 1568 1565
f 1362 1563 1374
f 1373 1371 1368
f 1373 1570 1371
f 1370 1569 1568
f 1374 1563 1571
f 1563 1572 1571
f 1569 1574 1568
f 1575 1570 1373
f 1570 1575 1573
f 1576 1374 1571
f 1568 1574 1577
f 1573 1575 1578
f 1579 1576 1571
f 1580 1577 1574
f 1581 1573 1578
f 1583 1579 1571
f 1582 1579 1583
f 1583 1571 1572
f 1583 1572 1584
f 1580 1585 1577
f 1586 1584 1572
f 1588 1589 1574
f 1589 1580 1574
f 1580 1590 1591
f 1589 1593 1580
f 1580 1593 1590
f 1504 1503 1594
f 1595 1505 1508
f 1502 1503 1497
f 1502 1594 1503
f 1506 1505 1595
f 1596 1506 1595
f 1597 1594 1598
f 1596 1595 1599
f 1600 1599 1595
f 1601 1602 1594
f 1594 1602 1598
f 304 1504 308
f 308 1504 320
f 1603 1597 1504
f 1504 1594 1603
f 1603 1594 1597
f 1508 306 384
f 1604 1508 384
f 383 1605 384
f 1504 1597 320
f 1606 320 1597
f 315 320 1606
f 315 1606 323
f 384 1605 1604
f 1595 1508 1600
f 1508 1604 1600
f 1607 1599 1600
f 1598 1602 1608
f 1608 1609 1598
f 323 1606 1610
f 1610 1611 323
f 1611 1612 1613
f 1611 1610 1614
f 1614 1615 1611
f 1606 1616 1610
f 323 1613 322
f 1613 321 322
f 1611 1613 323
f 1617 321 1613
f 327 326 1618
f 1619 400 324
f 1619 324 327
f 327 1618 1619
f 1620 1604 1605
f 1612 1617 1613
f 1615 1612 1611
f 1616 1614 1610
f 1612 1615 1621
f 1612 1621 1617
f 1615 1614 1622
f 321 1617 326
f 326 1617 1623
f 1618 326 1623
f 1619 1624 400
f 1625 400 1624
f 1598 1606 1597
f 1598 1616 1606
f 1620 1626 1604
f 1627 1604 1626
f 1604 1627 1600
f 1627 1607 1600
f 1609 1616 1598
f 1616 1609 1628
f 1628 1614 1616
f 1628 1622 1614
f 1626 1629 1627
f 1629 1626 1630
f 1626 1620 1630
f 1630 1620 1631
f 1501 1632 1502
f 1601 1594 1502
f 1502 1632 1601
f 1501 1556 1632
f 1565 1632 1556
f 1566 1557 1567
f 1577 1632 1565
f 1506 1567 1500
f 1596 1567 1506
f 1632 1633 1601
f 1633 1632 1577
f 1634 1567 1596
f 1566 1567 1634
f 1596 1635 1634
f 1563 1555 1572
f 1565 1568 1577
f 1572 1555 1566
f 1586 1566 1634
f 1572 1566 1586
f 1601 1636 1602
f 1608 1602 1637
f 1636 1637 1602
f 1636 1601 1633
f 1633 1585 1636
f 1596 1599 1635
f 1635 1599 1638
f 1637 1639 1608
f 1638 1599 1607
f 1608 1639 1609
f 1640 1635 1638
f 1640 1638 1641
f 1577 1585 1633
f 1585 1580 1591
f 1640 1634 1635
f 1634 1642 1586
f 1640 1642 1634
f 1584 1586 1642
f 1636 1585 1591
f 1591 1637 1636
f 1643 1637 1591
f 1644 1640 1641
f 1645 1642 1640
f 1645 1640 1644
f 1607 1627 1629
f 1573 1581 1646
f 1646 1582 1583
f 1573 1646 1587
f 1647 1646 1583
f 1647 1583 1584
f 1593 1589 1588
f 1646 1592 1587
f 1592 1646 1648
f 1647 1648 1646
f 1590 1593 1649
f 1650 1648 1647
f 1647 1584 1651
f 1651 1650 1647
f 1584 1642 1645
f 383 398 1605
f 398 1620 1605
f 398 1631 1620
f 1625 382 400
f 1621 1615 1652
f 1652 1653 1621
f 1624 1619 1618
f 1623 1617 1621
f 1623 1654 1618
f 1653 1623 1621
f 1623 1655 1654
f 1618 1654 1624
f 1654 1656 1624
f 1624 1656 1625
f 1657 1655 1623
f 1657 1623 1653
f 1654 1655 1656
f 1655 1658 1656
f 1658 1659 1656
f 1622 1652 1615
f 1622 1660 1652
f 1609 1661 1628
f 1662 1629 1630
f 1628 1660 1622
f 1652 1660 1663
f 1661 1664 1628
f 1664 1661 1665
f 1660 1628 1664
f 1664 1666 1660
f 1653 1652 1663
f 1657 1653 1667
f 1668 1662 1630
f 1631 1668 1630
f 1669 1655 1657
f 1655 1670 1658
f 1665 1671 1664
f 1667 1653 1663
f 1667 1669 1657
f 1666 1663 1660
f 1663 1672 1667
f 1666 1672 1663
f 1655 1669 1670
f 1669 1667 1673
f 1664 1671 1666
f 1665 1674 1671
f 1675 1667 1672
f 1666 1675 1672
f 1676 1670 1669
f 1675 1673 1667
f 1677 1669 1673
f 1673 1675 1678
f 1678 1677 1673
f 1679 1678 1675
f 1666 1671 1680
f 1680 1671 1681
f 1680 1675 1666
f 1639 1637 1643
f 1639 1661 1609
f 1641 1638 1682
f 1607 1682 1638
f 1683 1682 1607
f 1684 1661 1639
f 1685 1682 1686
f 1687 1639 1643
f 1591 1688 1643
f 1591 1590 1688
f 1688 1590 1649
f 1688 1687 1643
f 1649 1689 1688
f 1641 1682 1690
f 1644 1641 1690
f 1688 1689 1687
f 1690 1691 1644
f 1684 1639 1687
f 1692 1684 1687
f 1685 1690 1682
f 1607 1629 1683
f 1683 1629 1662
f 1693 1686 1683
f 1662 1693 1683
f 1686 1682 1683
f 1684 1665 1661
f 1684 1694 1665
f 1689 1692 1687
f 1689 1695 1692
f 1696 1690 1685
f 1684 1692 1694
f 1697 1694 1692
f 1685 1698 1696
f 1696 1691 1690
f 1692 1695 1697
f 1697 1699 1694
f 1694 1674 1665
f 1686 1693 1700
f 1668 1701 1662
f 1694 1699 1674
f 1702 1674 1699
f 1671 1674 1702
f 1701 1668 1703
f 1681 1671 1702
f 1701 1693 1662
f 1693 1701 1704
f 1700 1693 1704
f 1700 1685 1686
f 1698 1685 1705
f 1685 1700 1705
f 1698 1705 1706
f 1680 1679 1675
f 1680 1681 1708
f 1708 1679 1680
f 1709 1699 1697
f 1709 1697 1710
f 1681 1702 1711
f 1681 1711 1712
f 1704 1701 1713
f 1704 1705 1700
f 1705 1704 1715
f 1702 1699 1711
f 1705 1715 1706
f 1716 1707 1714
f 1718 1704 1713
f 1699 1719 1711
f 1719 1699 1709
f 1715 1704 1718
f 1716 1714 1720
f 1720 1714 1721
f 1717 1721 1714
f 1722 1711 1719
f 1719 1723 1722
f 1724 1722 1723
f 1720 1721 1725
f 1726 1723 1719
f 1723 1727 1728
f 1723 1728 1724
f 1593 1730 1649
f 1731 1649 1730
f 1592 1648 1729
f 1650 1729 1648
f 1732 1650 1651
f 1650 1736 1729
f 1650 1732 1737
f 1738 1732 1651
f 1731 1730 1740
f 1735 1740 1730
f 1741 1734 1733
f 1742 1740 1735
f 1742 1744 1740
f 1584 1645 1651
f 1645 1644 1745
f 1691 1745 1644
f 1745 1651 1645
f 1745 1738 1651
f 1689 1649 1731
f 1746 1689 1731
f 1746 1731 1740
f 1748 1738 1745
f 1749 1741 1733
f 1739 1749 1733
f 1743 1741 1749
f 1689 1746 1695
f 1746 1750 1695
f 1748 1745 1691
f 1748 1691 1752
f 1740 1753 1746
f 1750 1746 1753
f 1747 1751 1754
f 1691 1696 1752
f 1695 1710 1697
f 1750 1755 1695
f 1710 1695 1755
f 1756 1747 1754
f 1753 1755 1750
f 1757 1710 1755
f 1698 1752 1696
f 1752 1698 1706
f 1758 1740 1744
f 1758 1753 1740
f 1749 1739 1756
f 1749 1758 1743
f 1747 1756 1739
f 1759 1753 1758
f 1749 1760 1758
f 1759 1758 1760
f 1761 1749 1756
f 1760 1749 1761
f 1759 1760 1762
f 1762 1753 1759
f 1761 1762 1760
f 1761 1756 1763
f 1763 1756 1754
f 1764 1757 1755
f 1757 1765 1710
f 1765 1709 1710
f 1766 1751 1707
f 1754 1751 1766
f 1726 1765 1757
f 1764 1767 1757
f 1767 1726 1757
f 1755 1753 1768
f 1768 1764 1755
f 1768 1753 1762
f 1768 1762 1769
f 1769 1762 1761
f 1768 1770 1764
f 1770 1768 1769
f 1763 1754 1771
f 1771 1754 1766
f 1764 1772 1767
f 1772 1764 1770
f 1761 1763 1773
f 1774 1770 1769
f 1773 1763 1775
f 1776 1772 1770
f 1774 1776 1770
f 1772 1777 1767
f 1775 1763 1771
f 1776 1778 1772
f 1774 1769 1761
f 1773 1774 1761
f 1776 1774 1779
f 1773 1779 1774
f 1779 1773 1780
f 1780 1773 1775
f 1766 1707 1716
f 1726 1709 1765
f 1726 1719 1709
f 1781 1766 1716
f 1767 1782 1726
f 1783 1766 1781
f 1716 1720 1781
f 1771 1766 1783
f 1783 1775 1771
f 1778 1777 1772
f 1778 1779 1784
f 1776 1779 1778
f 1780 1785 1779
f 1779 1785 1784
f 1726 1782 1727
f 1767 1777 1782
f 1723 1726 1727
f 1781 1720 1786
f 1786 1720 1725
f 1781 1786 1783
f 1782 1787 1727
f 1787 1782 1777
f 1788 1728 1727
f 1788 1727 1787
f 1725 1789 1786
f 1790 1786 1789
f 1778 1791 1777
f 1792 1778 1784
f 1792 1791 1778
f 1775 1783 1793
f 1785 1792 1784
f 1777 1791 1787
f 1794 1791 1792
f 1795 1787 1791
f 1795 1791 1794
f 1780 1775 1793
f 1792 1785 1796
f 1796 1785 1780
f 1792 1797 1794
f 1796 1797 1792
f 1798 1796 1780
f 1797 1796 1799
f 1797 1799 1794
f 1783 1786 1790
f 1793 1783 1790
f 1780 1793 1798
f 1799 1796 1798
f 1798 1800 1799
f 401 382 1625
f 1631 398 977
f 401 1625 1659
f 1625 1656 1659
f 405 977 398
f 1801 1659 1658
f 1659 1801 401
f 1802 975 401
f 1801 1802 401
f 1803 1631 977
f 1670 1676 1658
f 1676 1804 1658
f 1801 1658 1804
f 1631 1703 1668
f 1703 1631 1803
f 1801 1805 1802
f 977 976 1803
f 1676 1669 1806
f 1806 1669 1677
f 1806 1804 1676
f 1804 1806 1807
f 1677 1808 1806
f 1678 1809 1677
f 1677 1809 1808
f 1678 1679 1809
f 1810 1809 1679
f 1708 1810 1679
f 1708 1681 1712
f 1807 1801 1804
f 1801 1807 1805
f 1811 1807 1806
f 1805 1807 1812
f 1803 1813 1703
f 1809 1814 1808
f 1809 1810 1814
f 1815 1810 1708
f 1810 1815 1814
f 1815 1816 1814
f 1712 1815 1708
f 1811 1806 1808
f 1811 1812 1807
f 1811 1808 1817
f 1814 1816 1808
f 1811 1817 1812
f 1818 1817 1808
f 1819 1816 1815
f 975 1802 1820
f 1803 976 1821
f 1802 1805 1820
f 1820 1805 1812
f 1822 1820 1812
f 1803 1821 1813
f 1816 1818 1808
f 1823 1816 1819
f 1818 1816 1823
f 1823 1819 1824
f 1825 1819 1815
f 1712 1825 1815
f 1819 1825 1824
f 1826 1824 1825
f 1827 1828 1829
f 1828 1818 1830
f 1817 1822 1812
f 1827 1822 1817
f 1823 1831 1818
f 1827 1817 1818
f 1822 1832 1820
f 1829 1832 1822
f 1829 1822 1827
f 1833 1823 1824
f 1833 1831 1823
f 1826 1833 1824
f 1834 1833 1826
f 1833 1835 1836
f 1834 1835 1833
f 1828 1827 1818
f 1818 1831 1830
f 1837 1830 1831
f 1836 1837 1831
f 1833 1836 1831
f 1813 1821 1838
f 1703 1713 1701
f 1713 1703 1839
f 1813 1839 1703
f 1840 1713 1839
f 1711 1722 1712
f 1841 1713 1840
f 1718 1713 1841
f 1842 1825 1712
f 1712 1722 1842
f 1840 1839 1843
f 1825 1842 1826
f 1844 1841 1840
f 1845 1840 1843
f 1844 1840 1845
f 1826 1842 1846
f 1721 1717 1841
f 1722 1724 1842
f 1847 1841 1844
f 1841 1847 1721
f 1848 1842 1724
f 1849 1842 1848
f 1725 1721 1850
f 1724 1728 1848
f 1847 1844 1851
f 1852 1847 1851
f 1721 1847 1850
f 1852 1850 1847
f 1839 1813 1843
f 1843 1838 1845
f 1838 1843 1813
f 1846 1834 1826
f 1844 1853 1851
f 1845 1853 1844
f 1854 1853 1845
f 1845 1838 1854
f 980 975 1820
f 1832 980 1820
f 979 975 980
f 976 1036 1821
f 1832 1829 1855
f 1855 1828 1856
f 1855 1829 1828
f 1832 1855 980
f 1857 980 1855
f 1858 1821 1036
f 1838 1821 1858
f 1859 1838 1858
f 982 980 1857
f 1858 1036 1860
f 1789 1725 1850
f 1789 1850 1861
f 1787 1862 1788
f 1794 1863 1795
f 1795 1862 1787
f 1864 1793 1790
f 1864 1865 1793
f 1862 1795 1866
f 1863 1866 1795
f 1866 1863 1867
f 1798 1793 1865
f 1798 1865 1800
f 1867 1863 1794
f 1794 1799 1867
f 1799 1800 1867
f 1867 1800 1868
f 1868 1800 1865
f 1837 1869 1830
f 1870 1837 1836
f 1835 1870 1836
f 1871 1835 1834
f 1872 1871 1834
f 1872 1873 1871
f 1842 1849 1846
f 1849 1848 1874
f 1875 1874 1848
f 1846 1849 1874
f 1876 1850 1852
f 1877 1874 1875
f 1846 1872 1834
f 1854 1878 1853
f 1846 1879 1872
f 1879 1880 1872
f 1881 1882 1878
f 1880 1873 1872
f 1883 1851 1853
f 1852 1851 1883
f 1874 1879 1846
f 1876 1852 1883
f 1879 1884 1880
f 1879 1874 1877
f 1885 1876 1883
f 1886 1879 1877
f 1878 1883 1853
f 1883 1878 1882
f 1883 1882 1885
f 1887 1885 1882
f 1873 1880 1888
f 1877 1889 1886
f 1884 1879 1886
f 1888 1880 1884
f 1884 1890 1888
f 1891 1885 1887
f 1886 1892 1884
f 1890 1884 1892
f 1869 1893 1830
f 1893 1828 1830
f 1893 1856 1828
f 1869 1894 1893
f 1895 1894 1869
f 1856 1896 1857
f 1856 1857 1855
f 1893 1896 1856
f 1897 1893 1894
f 1898 1894 1895
f 1894 1898 1897
f 1899 1898 1900
f 1897 1901 1893
f 1898 1901 1897
f 1901 1898 1902
f 1899 1902 1898
f 1837 1870 1869
f 1895 1869 1870
f 1900 1895 1870
f 1871 1870 1835
f 1870 1871 1903
f 1895 1900 1898
f 1900 1870 1903
f 1904 1838 1859
f 1903 1871 1905
f 1873 1905 1871
f 1899 1900 1903
f 1906 1904 1859
f 1899 1903 1907
f 1903 1908 1907
f 1905 1908 1903
f 1909 1908 1905
f 984 982 1857
f 1896 984 1857
f 1901 1902 1910
f 987 1896 1893
f 986 1896 987
f 1893 1901 987
f 987 1901 1910
f 984 1896 986
f 1911 1858 1860
f 1912 1911 1860
f 1910 1902 1913
f 1907 1902 1899
f 1914 1913 1902
f 1907 1914 1902
f 1910 988 987
f 1913 988 1910
f 1915 1914 1907
f 1915 1916 1914
f 1914 1916 1917
f 1858 1911 1859
f 1906 1859 1911
f 1906 1911 1918
f 1912 1918 1911
f 1915 1907 1908
f 1906 1918 1919
f 1920 1921 1918
f 1918 1912 1920
f 1921 1920 1922
f 1923 1915 1908
f 1923 1916 1915
f 1924 1921 1922
f 1925 1926 1923
f 1926 1916 1923
f 1854 1838 1904
f 1904 1878 1854
f 1878 1904 1881
f 1881 1904 1919
f 1873 1909 1905
f 1881 1919 1927
f 1904 1906 1919
f 1927 1882 1881
f 1887 1882 1927
f 1918 1921 1919
f 1888 1909 1873
f 1909 1923 1908
f 1888 1928 1909
f 1923 1909 1928
f 1923 1928 1925
f 1927 1919 1929
f 1930 1927 1929
f 1928 1888 1931
f 1931 1932 1928
f 1925 1928 1932
f 1933 1891 1887
f 1927 1930 1887
f 1933 1887 1930
f 1888 1890 1931
f 1931 1890 1934
f 1935 1890 1892
f 1935 1934 1890
f 1936 1934 1935
f 1931 1934 1932
f 1937 1932 1934
f 1938 1937 1934
f 1921 1929 1919
f 1924 1939 1929
f 1929 1939 1930
f 1924 1929 1921
f 1924 1940 1939
f 1925 1941 1926
f 1932 1941 1925
f 1932 1942 1941
f 1943 1941 1942
f 1930 1944 1933
f 1944 1930 1939
f 1944 1939 1940
f 1942 1932 1937
f 1945 1944 1946
f 1945 1933 1944
f 1944 1940 1946
f 1946 1940 1947
f 1948 1937 1938
f 1942 1937 1948
f 1948 1949 1942
f 1948 1950 1949
f 1950 1948 1951
f 1949 1943 1942
f 1943 1949 1952
f 1953 1954 1955
f 1956 1950 1951
f 1957 1950 1956
f 1958 1957 1956
f 1875 1848 1728
f 1875 1728 1788
f 1959 1875 1788
f 1960 1789 1861
f 1862 1959 1788
f 1861 1850 1876
f 1861 1961 1960
f 1877 1875 1959
f 1962 1959 1862
f 1866 1962 1862
f 1877 1959 1889
f 1961 1861 1876
f 1960 1961 1963
f 1889 1959 1964
f 1962 1964 1959
f 1960 1790 1789
f 1864 1790 1960
f 1867 1965 1866
f 1868 1965 1867
f 1966 1866 1965
f 1962 1866 1966
f 1864 1960 1963
f 1963 1865 1864
f 1868 1967 1965
f 1962 1966 1964
f 1968 1966 1965
f 1967 1968 1965
f 1967 1868 1865
f 1963 1969 1865
f 1967 1865 1969
f 1970 1969 1963
f 1968 1971 1966
f 1968 1967 1972
f 1972 1967 1969
f 1876 1885 1961
f 1961 1885 1973
f 1974 1963 1961
f 1975 1889 1964
f 1966 1976 1964
f 1977 1976 1966
f 1971 1977 1966
f 1972 1971 1968
f 1978 1972 1969
f 1970 1979 1969
f 1969 1979 1978
f 1971 1972 1978
f 1975 1886 1889
f 1892 1886 1975
f 1975 1980 1892
f 1976 1975 1964
f 1974 1961 1973
f 1970 1974 1981
f 1980 1975 1976
f 1977 1980 1976
f 1973 1885 1891
f 1980 1935 1892
f 1982 1973 1891
f 1982 1974 1973
f 1981 1974 1982
f 1983 1980 1977
f 1936 1935 1980
f 1980 1984 1936
f 1983 1984 1980
f 1985 1984 1983
f 1986 1985 1983
f 1970 1963 1974
f 1987 1977 1971
f 1978 1987 1971
f 1979 1970 1981
f 1979 1988 1978
f 1987 1978 1988
f 1987 1983 1977
f 1986 1983 1987
f 1987 1988 1986
f 1979 1981 1989
f 1988 1979 1989
f 1989 1986 1988
f 1982 1891 1933
f 1982 1933 1990
f 1936 1938 1934
f 1938 1936 1984
f 1984 1991 1938
f 1982 1992 1981
f 1992 1989 1981
f 1982 1990 1992
f 1985 1986 1993
f 1993 1986 1994
f 1989 1994 1986
f 1989 1992 1994
f 1985 1991 1984
f 1995 1991 1985
f 1993 1995 1985
f 1993 1996 1995
f 1994 1996 1993
f 1997 1992 1990
f 1945 1990 1933
f 1997 1990 1945
f 1992 1997 1953
f 1994 1992 1953
f 1998 1994 1953
f 1997 1945 1946
f 1995 1996 1991
f 1991 1999 1938
f 2000 1999 1991
f 1999 1948 1938
f 1991 1996 2000
f 1998 2000 1996
f 1996 1994 1998
f 1997 1954 1953
f 1951 1948 1999
f 1951 1999 2000
f 1998 2001 2000
f 1998 1953 2001
f 1997 1946 1954
f 2002 1951 2000
f 2002 2000 2001
f 1958 2001 1953
f 2002 1956 1951
f 1958 1956 2002
f 2001 1958 2002
f 1958 1953 1955
f 1036 1043 1860
f 1043 1912 1860
f 2003 1912 1043
f 988 1913 1260
f 1917 1913 1914
f 1913 1917 1260
f 2004 1917 1916
f 1260 1917 1261
f 2004 1261 1917
f 1269 1261 2004
f 1912 2003 1920
f 2005 2003 2006
f 2003 1922 1920
f 1043 1266 2003
f 1266 1271 2003
f 1271 2006 2003
f 2007 1271 1267
f 2006 1271 2007
f 2008 1269 2004
f 2009 1269 2008
f 1916 2008 2004
f 1924 1922 2010
f 1922 2005 2010
f 1922 2003 2005
f 2005 2011 2010
f 1926 2008 1916
f 2008 1926 2012
f 1926 1941 2012
f 2013 2008 2012
f 2012 2014 2013
f 1268 1269 1272
f 1269 2009 1272
f 2015 2016 1272
f 2007 2017 2006
f 2007 1278 2017
f 2017 1278 2018
f 2015 1272 2009
f 2013 2009 2008
f 2006 2011 2005
f 2017 2011 2006
f 2019 2010 2011
f 2017 2018 2011
f 2015 2009 2013
f 2018 2019 2011
f 2019 2018 2020
f 2021 2019 2020
f 2014 2022 2013
f 2022 2015 2013
f 2024 2015 2022
f 2024 2025 2015
f 2027 2021 2020
f 1940 1924 2010
f 2010 2028 1940
f 2012 1941 2029
f 1943 2029 1941
f 2030 2028 2010
f 2019 2030 2010
f 1947 2028 2030
f 1947 2030 2031
f 1940 2028 1947
f 2021 2030 2019
f 2030 2021 2031
f 2027 2032 2021
f 2021 2032 2033
f 1267 1275 2007
f 1275 1278 2007
f 1276 2034 1278
f 2034 1276 1280
f 2035 1287 1290
f 1291 1272 2016
f 1291 2016 1292
f 2018 1278 2034
f 1292 2036 1293
f 2034 1280 2037
f 2025 2016 2015
f 2025 2036 2016
f 1292 2016 2036
f 1293 2036 2038
f 2037 2018 2034
f 2037 2020 2018
f 2037 1280 2040
f 2023 2041 2026
f 2036 2025 2038
f 2026 2041 2039
f 2042 2039 2041
f 2027 2020 2037
f 2032 2043 2044
f 2043 2045 2044
f 2040 2027 2037
f 2040 2046 2027
f 2042 2047 2039
f 2048 2049 2047
f 2048 2047 2042
f 2050 2051 2048
f 2032 2027 2046
f 2052 2032 2046
f 2052 2043 2032
f 2045 2043 2050
f 2050 2043 2052
f 2052 2046 2053
f 2052 2053 2051
f 2052 2051 2050
f 1288 1293 2054
f 1287 2035 1280
f 1280 2035 2040
f 2046 2035 2056
f 2035 1290 2056
f 2056 1290 1302
f 1305 1289 2058
f 2059 1310 1304
f 1302 1313 2056
f 1314 1315 2059
f 1289 1288 2054
f 2058 1289 2054
f 2060 2061 2057
f 1304 2057 2061
f 2061 2059 1304
f 2062 2059 2061
f 2062 1314 2059
f 1313 1314 2062
f 2060 2062 2061
f 2060 2063 2062
f 2046 2056 1313
f 2063 1313 2062
f 1293 2038 2054
f 2039 2047 2055
f 2057 2055 2047
f 1313 2063 2064
f 2064 2063 2060
f 2049 2060 2047
f 2064 2060 2049
f 2060 2057 2047
f 2035 2046 2040
f 2064 2053 1313
f 2046 1313 2053
f 2053 2064 2051
f 2064 2049 2051
f 2051 2049 2048
f 2065 2023 2022
f 2065 2041 2023
f 2029 2014 2012
f 1952 2029 1943
f 2029 1952 2014
f 2014 1952 2066
f 2066 1952 2067
f 2068 2066 2067
f 2067 1952 1949
f 1950 2069 1949
f 2069 2067 1949
f 2070 2069 2071
f 2072 2070 2071
f 1954 1947 2073
f 1946 1947 1954
f 1954 2073 1955
f 2069 1950 1957
f 1958 2071 1957
f 2069 1957 2071
f 1955 2072 1958
f 1958 2072 2071
f 1955 2074 2072
f 1947 2031 2073
f 2031 2074 2073
f 2068 2067 2069
f 2075 2068 2069
f 2070 2075 2069
f 1955 2073 2074
f 2072 2074 2070
f 2074 2076 2070
f 2075 2070 2076
f 2022 2014 2066
f 2077 2022 2066
f 2031 2021 2033
f 2031 2033 2078
f 2078 2074 2031
f 2068 2077 2066
f 2068 2075 2079
f 2068 2079 2077
f 2080 2074 2078
f 2022 2077 2065
f 2081 2065 2077
f 2032 2078 2033
f 2032 2044 2078
f 2082 2081 2083
f 2084 2082 2083
f 2078 2044 2084
f 2085 2082 2084
f 2044 2085 2084
f 2078 2084 2080
f 2079 2081 2077
f 2081 2079 2083
f 2079 2080 2083
f 2083 2080 2084
f 2074 2080 2076
f 2080 2079 2075
f 2076 2080 2075
f 2065 2081 2041
f 2041 2081 2086
f 2082 2086 2081
f 2087 2086 2082
f 2041 2086 2042
f 2087 2042 2086
f 2085 2087 2082
f 2085 2050 2087
f 2045 2050 2085
f 2042 2087 2048
f 2050 2048 2087
f 2085 2044 2045
f 1315 1310 2059
