# exported from mesh.npz by build_env/build_object_urdf.py
# mesh coordinates preserved (origin convention goal_traj tracks)
mtllib visual.mtl
v -0.001274 -0.063747 0.003060
v -0.000108 0.039162 0.003060
v -0.002032 -0.063882 0.136253
v -0.000166 0.039152 0.136253
v -0.000133 0.039158 0.120378
v -0.001365 -0.063763 0.120378
v -0.001128 -0.050883 0.003060
v -0.000982 -0.038020 0.003060
v -0.000836 -0.025156 0.003060
v -0.000691 -0.012292 0.003060
v -0.000545 0.000572 0.003060
v -0.000399 0.013435 0.003060
v -0.000254 0.026299 0.003060
v -0.001500 -0.050949 0.136253
v -0.001213 -0.038060 0.136253
v -0.000909 -0.025169 0.136253
v -0.000215 -0.012208 0.136253
v -0.000988 0.000493 0.136253
v -0.001161 0.013300 0.136253
v -0.000660 0.026226 0.136253
v -0.001174 -0.050891 0.120378
v -0.001018 -0.038026 0.120378
v -0.000840 -0.025156 0.120378
v -0.000657 -0.012286 0.120378
v -0.000546 0.000571 0.120378
v -0.000473 0.013422 0.120378
v -0.000289 0.026292 0.120378
v -0.001416 -0.063772 0.128316
v -0.000146 0.039156 0.128316
v -0.000555 0.026245 0.128316
v -0.000665 0.013388 0.128316
v -0.000640 0.000554 0.128316
v -0.000605 -0.012277 0.128316
v -0.000967 -0.025179 0.128316
v -0.001026 -0.038027 0.128316
v -0.001427 -0.050936 0.128316
v -0.000965 0.032591 0.136253
v -0.001523 -0.057372 0.136253
v -0.001209 -0.044479 0.136253
v -0.001642 -0.031718 0.136253
v -0.000827 -0.018735 0.136253
v -0.000173 -0.005781 0.136253
v -0.000444 0.007008 0.136253
v -0.000638 0.019812 0.136253
v -0.000126 0.040120 0.003060
v -0.000200 0.040107 0.136253
v -0.000155 0.040115 0.120378
v -0.000178 0.040110 0.128316
v -0.001257 -0.064633 0.003060
v -0.002011 -0.064767 0.136253
v -0.001288 -0.064639 0.120378
v -0.001552 -0.064686 0.128316
v -0.000108 0.039162 0.004903
v -0.001274 -0.063747 0.004903
v -0.000254 0.026299 0.004903
v -0.000399 0.013435 0.004903
v -0.000545 0.000572 0.004903
v -0.000691 -0.012292 0.004903
v -0.000836 -0.025156 0.004903
v -0.000982 -0.038020 0.004903
v -0.001128 -0.050883 0.004903
v -0.000126 0.040120 0.004903
v -0.001257 -0.064633 0.004903
v -0.001993 -0.063875 0.137292
v -0.000224 0.039142 0.137292
v -0.001548 -0.050958 0.137292
v -0.001392 -0.038092 0.137292
v -0.000943 -0.025175 0.137292
v -0.000151 -0.012196 0.137292
v -0.001038 0.000484 0.137292
v -0.001186 0.013295 0.137292
v -0.000327 0.026286 0.137292
v -0.000966 0.032591 0.137292
v -0.001284 -0.057330 0.137292
v -0.001256 -0.044487 0.137292
v -0.001641 -0.031718 0.137292
v -0.000589 -0.018693 0.137292
v -0.000254 -0.005796 0.137292
v -0.000856 0.006935 0.137292
v -0.000593 0.019820 0.137292
v -0.000318 0.040086 0.137292
v -0.002051 -0.064774 0.137292
v -0.000392 0.033003 0.128316
v -0.000586 0.019151 0.128316
v -0.000723 0.006946 0.128316
v -0.000444 -0.004988 0.128316
v -0.000869 -0.020191 0.128316
v -0.001052 -0.031290 0.128316
v -0.001245 -0.043898 0.128316
v -0.001596 -0.057123 0.128316
v -0.000266 0.026297 0.043393
v -0.000277 0.026294 0.081885
v -0.000424 0.013431 0.043393
v -0.000448 0.013426 0.081885
v -0.000545 0.000571 0.043393
v -0.000546 0.000571 0.081885
v -0.000680 -0.012290 0.043393
v -0.000668 -0.012288 0.081885
v -0.000838 -0.025156 0.043393
v -0.000839 -0.025156 0.081885
v -0.000994 -0.038022 0.043393
v -0.001006 -0.038024 0.081885
v -0.001143 -0.050886 0.043393
v -0.001159 -0.050889 0.081885
v -0.000116 0.039161 0.043393
v -0.000125 0.039159 0.081885
v -0.001304 -0.063752 0.043393
v -0.001334 -0.063758 0.081885
v -0.000136 0.040118 0.043393
v -0.000146 0.040116 0.081885
v -0.001267 -0.064635 0.043393
v -0.001278 -0.064637 0.081885
v -0.001345 0.039274 0.002034
v -0.003666 -0.063455 0.002484
v -0.001605 0.039418 0.135349
v -0.003529 -0.064307 0.134864
v -0.003692 -0.063459 0.119723
v -0.001474 0.039194 0.119226
v -0.001635 0.026433 0.000674
v -0.001925 0.013592 0.002478
v -0.002216 0.000750 0.002484
v -0.002506 -0.012090 0.002484
v -0.002796 -0.024932 0.002484
v -0.003086 -0.037773 0.002484
v -0.003376 -0.050614 0.002484
v -0.001952 0.026298 0.133468
v -0.001547 0.013594 0.134468
v -0.002205 0.000466 0.135613
v -0.002461 -0.012118 0.135468
v -0.002454 -0.024773 0.135331
v -0.003143 -0.038104 0.134983
v -0.003528 -0.050579 0.133931
v -0.001683 0.026432 0.117634
v -0.001955 0.013606 0.119552
v -0.002210 0.000568 0.119701
v -0.002293 -0.012003 0.119664
v -0.002816 -0.025412 0.119740
v -0.003072 -0.037685 0.119759
v -0.003412 -0.050610 0.119778
v -0.001200 0.039384 0.127405
v -0.003714 -0.063948 0.127679
v -0.003656 -0.050548 0.127632
v -0.002735 -0.037668 0.127413
v -0.002592 -0.025558 0.127435
v -0.002662 -0.012230 0.127606
v -0.002203 0.000636 0.127436
v -0.001975 0.013553 0.127143
v -0.001796 0.026528 0.125512
v -0.003823 -0.057145 0.134395
v -0.001416 0.032979 0.134486
v -0.001795 0.019908 0.135176
v -0.002356 0.007032 0.135026
v -0.002813 -0.005932 0.135492
v -0.003033 -0.018688 0.135548
v -0.002780 -0.033216 0.135464
v -0.003107 -0.044019 0.135450
v -0.003717 -0.064412 0.002484
v -0.003678 -0.065257 0.135528
v -0.003755 -0.064484 0.119795
v -0.003770 -0.064712 0.127184
v -0.001298 0.040160 0.001974
v -0.001800 0.040064 0.135024
v -0.001214 0.040215 0.119693
v -0.001500 0.039956 0.127158
v -0.003666 -0.063455 0.004326
v -0.001345 0.039274 0.003712
v -0.003376 -0.050614 0.004326
v -0.003086 -0.037773 0.004326
v -0.002796 -0.024932 0.004326
v -0.002506 -0.012090 0.004326
v -0.002216 0.000750 0.004326
v -0.001925 0.013592 0.004260
v -0.001635 0.026433 0.002159
v -0.003717 -0.064412 0.004326
v -0.001298 0.040160 0.003711
v -0.001938 0.039184 0.136240
v -0.003640 -0.064296 0.136029
v -0.001976 0.026456 0.134510
v -0.002154 0.013506 0.136322
v -0.002415 -0.000054 0.135893
v -0.002736 -0.012224 0.136516
v -0.002590 -0.025228 0.136379
v -0.003334 -0.037611 0.135981
v -0.003354 -0.050727 0.135074
v -0.003808 -0.056988 0.135187
v -0.001310 0.032354 0.135367
v -0.002062 0.020026 0.135378
v -0.002311 0.007352 0.136022
v -0.002602 -0.005962 0.136598
v -0.002716 -0.018706 0.136489
v -0.002790 -0.032900 0.136357
v -0.003180 -0.044286 0.136500
v -0.003818 -0.065241 0.136505
v -0.002026 0.039618 0.136380
v -0.003746 -0.057724 0.127161
v -0.003164 -0.043554 0.127050
v -0.003059 -0.033062 0.127502
v -0.002279 -0.019697 0.127331
v -0.002521 -0.004798 0.127488
v -0.001722 0.006781 0.127379
v -0.002145 0.019462 0.126434
v -0.002136 0.032122 0.127397
v -0.003388 -0.050612 0.042816
v -0.003400 -0.050611 0.081308
v -0.003110 -0.037770 0.042816
v -0.003135 -0.037767 0.081308
v -0.002796 -0.024932 0.042816
v -0.002796 -0.024932 0.081308
v -0.002494 -0.012092 0.042816
v -0.002483 -0.012093 0.081308
v -0.002217 0.000751 0.042816
v -0.002218 0.000751 0.081308
v -0.001937 0.013593 0.042816
v -0.001950 0.013594 0.081308
v -0.001650 0.026434 0.042816
v -0.001666 0.026436 0.081308
v -0.003675 -0.063454 0.042816
v -0.003683 -0.063453 0.081308
v -0.001375 0.039277 0.042816
v -0.001406 0.039281 0.081308
v -0.003727 -0.064411 0.042816
v -0.003737 -0.064410 0.081308
v -0.001308 0.040162 0.042816
v -0.001318 0.040163 0.081308
v -0.000986 0.038236 0.001384
v -0.002838 -0.064711 0.001384
v -0.000810 0.038488 0.134314
v -0.002720 -0.065524 0.133712
v -0.002812 -0.064715 0.118623
v -0.000984 0.038295 0.118662
v -0.001218 0.025368 0.001384
v -0.001449 0.012499 0.001384
v -0.001681 -0.000369 0.001384
v -0.001912 -0.013238 0.001384
v -0.002144 -0.026106 0.001384
v -0.002375 -0.038974 0.001384
v -0.002606 -0.051843 0.001384
v -0.000948 0.025271 0.134523
v -0.001672 0.012600 0.134370
v -0.001951 -0.000485 0.134408
v -0.001885 -0.013261 0.134468
v -0.002240 -0.026356 0.134437
v -0.001792 -0.039883 0.134166
v -0.002183 -0.052022 0.132914
v -0.001170 0.025369 0.118702
v -0.001454 0.012511 0.118683
v -0.001719 -0.000496 0.118677
v -0.002121 -0.013157 0.118564
v -0.002116 -0.026631 0.118662
v -0.002338 -0.038986 0.118702
v -0.002571 -0.051838 0.118678
v -0.001285 0.038514 0.126446
v -0.002764 -0.065195 0.126575
v -0.002301 -0.051846 0.126563
v -0.002318 -0.039016 0.126269
v -0.002249 -0.026959 0.126446
v -0.001704 -0.013360 0.126592
v -0.001704 -0.000314 0.126545
v -0.001643 0.012530 0.126531
v -0.001064 0.025480 0.126574
v -0.001925 -0.058326 0.133160
v -0.001298 0.032065 0.134347
v -0.001410 0.018820 0.134465
v -0.001234 0.006145 0.134390
v -0.001526 -0.006828 0.134510
v -0.001603 -0.019963 0.134515
v -0.002393 -0.034812 0.134564
v -0.002337 -0.045633 0.134547
v -0.002826 -0.065670 0.001384
v -0.002691 -0.066480 0.134402
v -0.002791 -0.065740 0.118695
v -0.002751 -0.065964 0.126076
v -0.000997 0.039124 0.001384
v -0.000574 0.039126 0.134420
v -0.001085 0.039183 0.118649
v -0.001091 0.039240 0.126463
v -0.002838 -0.064711 0.003226
v -0.000986 0.038236 0.003226
v -0.002606 -0.051843 0.003226
v -0.002375 -0.038974 0.003226
v -0.002144 -0.026106 0.003226
v -0.001912 -0.013238 0.003226
v -0.001681 -0.000369 0.003226
v -0.001449 0.012499 0.003226
v -0.001218 0.025368 0.003226
v -0.002826 -0.065670 0.003226
v -0.000997 0.039124 0.003226
v -0.000973 0.038795 0.135309
v -0.002661 -0.065515 0.134894
v -0.000896 0.025422 0.135570
v -0.001090 0.012566 0.135592
v -0.001828 -0.000411 0.135412
v -0.001525 -0.013365 0.135628
v -0.002076 -0.026912 0.135537
v -0.001768 -0.039673 0.135306
v -0.002522 -0.051980 0.133953
v -0.001936 -0.058172 0.133953
v -0.001480 0.031491 0.135390
v -0.001329 0.018926 0.135524
v -0.001686 0.006242 0.135226
v -0.001930 -0.006935 0.135507
v -0.001834 -0.020074 0.135497
v -0.002144 -0.034748 0.135580
v -0.002281 -0.045835 0.135564
v -0.002574 -0.066462 0.135386
v -0.001276 0.039679 0.135139
v -0.002484 -0.058957 0.126048
v -0.002235 -0.044958 0.126001
v -0.001905 -0.034663 0.126575
v -0.002286 -0.021053 0.126323
v -0.001655 -0.005725 0.126579
v -0.001872 0.005796 0.126435
v -0.001180 0.018373 0.126624
v -0.000778 0.031409 0.126599
v -0.002595 -0.051841 0.041716
v -0.002583 -0.051839 0.080208
v -0.002351 -0.038971 0.041716
v -0.002326 -0.038967 0.080208
v -0.002143 -0.026106 0.041716
v -0.002143 -0.026106 0.080208
v -0.001924 -0.013239 0.041716
v -0.001935 -0.013241 0.080208
v -0.001679 -0.000369 0.041716
v -0.001678 -0.000369 0.080208
v -0.001437 0.012501 0.041716
v -0.001425 0.012503 0.080208
v -0.001202 0.025370 0.041716
v -0.001187 0.025372 0.080208
v -0.002830 -0.064710 0.041716
v -0.002821 -0.064709 0.080208
v -0.000956 0.038240 0.041716
v -0.000926 0.038245 0.080208
v -0.002816 -0.065668 0.041716
v -0.002807 -0.065667 0.080208
v -0.000987 0.039125 0.041716
v -0.000976 0.039126 0.080208
v -0.005240 -0.064356 0.001384
v -0.002857 0.038595 0.001384
v -0.005416 -0.064605 0.134314
v -0.002972 0.039410 0.133712
v -0.002883 0.038599 0.118623
v -0.005242 -0.064415 0.118662
v -0.004942 -0.051487 0.001384
v -0.004644 -0.038618 0.001384
v -0.004346 -0.025749 0.001384
v -0.004048 -0.012880 0.001384
v -0.003751 -0.000012 0.001384
v -0.003453 0.012857 0.001384
v -0.003155 0.025726 0.001384
v -0.005211 -0.051384 0.134523
v -0.004422 -0.038724 0.134370
v -0.004075 -0.025639 0.134408
v -0.004076 -0.012856 0.134468
v -0.003653 0.000236 0.134437
v -0.004031 0.013779 0.134166
v -0.003578 0.025914 0.132914
v -0.004990 -0.051487 0.118702
v -0.004640 -0.038630 0.118683
v -0.004307 -0.025623 0.118677
v -0.003840 -0.012965 0.118564
v -0.003775 0.000514 0.118662
v -0.003490 0.012870 0.118702
v -0.003191 0.025722 0.118678
v -0.004943 -0.064640 0.126446
v -0.002929 0.039081 0.126575
v -0.003460 0.025736 0.126563
v -0.003510 0.012900 0.126269
v -0.003641 0.000840 0.126446
v -0.004256 -0.012754 0.126592
v -0.004324 -0.025805 0.126545
v -0.004450 -0.038653 0.126531
v -0.005096 -0.051596 0.126574
v -0.003803 0.032226 0.133160
v -0.004896 -0.058189 0.134347
v -0.004716 -0.044941 0.134465
v -0.004826 -0.032257 0.134390
v -0.004468 -0.019285 0.134510
v -0.004322 -0.006146 0.134515
v -0.003456 0.008693 0.134564
v -0.003456 0.019520 0.134547
v -0.002864 0.039554 0.001384
v -0.002995 0.040368 0.134402
v -0.002899 0.039625 0.118695
v -0.002938 0.039850 0.126076
v -0.005233 -0.065244 0.001384
v -0.005656 -0.065238 0.134420
v -0.005146 -0.065306 0.118649
v -0.005140 -0.065362 0.126463
v -0.002857 0.038595 0.003226
v -0.005240 -0.064356 0.003226
v -0.003155 0.025726 0.003226
v -0.003453 0.012857 0.003226
v -0.003751 -0.000012 0.003226
v -0.004048 -0.012880 0.003226
v -0.004346 -0.025749 0.003226
v -0.004644 -0.038618 0.003226
v -0.004942 -0.051487 0.003226
v -0.002864 0.039554 0.003226
v -0.005233 -0.065244 0.003226
v -0.005256 -0.064915 0.135309
v -0.003030 0.039403 0.134894
v -0.005264 -0.051534 0.135570
v -0.005004 -0.038678 0.135592
v -0.004198 -0.025711 0.135412
v -0.004435 -0.012745 0.135628
v -0.003814 0.000796 0.135537
v -0.004056 0.013569 0.135306
v -0.003238 0.025865 0.133953
v -0.003792 0.032073 0.133953
v -0.004711 -0.057618 0.135390
v -0.004798 -0.045045 0.135524
v -0.004375 -0.032364 0.135226
v -0.004063 -0.019186 0.135507
v -0.004091 -0.006040 0.135497
v -0.003706 0.008634 0.135580
v -0.003512 0.019723 0.135564
v -0.003112 0.040352 0.135386
v -0.004958 -0.065806 0.135139
v -0.003241 0.032846 0.126048
v -0.003562 0.018846 0.126001
v -0.003945 0.008554 0.126575
v -0.003634 -0.005070 0.126323
v -0.004344 -0.020391 0.126579
v -0.004188 -0.031920 0.126435
v -0.004944 -0.044489 0.126624
v -0.005413 -0.057522 0.126599
v -0.003167 0.025725 0.041716
v -0.003179 0.025723 0.080208
v -0.003477 0.012854 0.041716
v -0.003502 0.012851 0.080208
v -0.003751 -0.000012 0.041716
v -0.003751 -0.000012 0.080208
v -0.004037 -0.012879 0.041716
v -0.004026 -0.012878 0.080208
v -0.004348 -0.025749 0.041716
v -0.004349 -0.025750 0.080208
v -0.004656 -0.038620 0.041716
v -0.004668 -0.038621 0.080208
v -0.004957 -0.051489 0.041716
v -0.004973 -0.051491 0.080208
v -0.002866 0.038594 0.041716
v -0.002874 0.038593 0.080208
v -0.005270 -0.064360 0.041716
v -0.005300 -0.064364 0.080208
v -0.002874 0.039553 0.041716
v -0.002884 0.039552 0.080208
v -0.005244 -0.065245 0.041716
v -0.005254 -0.065246 0.080208
v -0.004668 -0.063743 0.003060
v -0.002287 0.038177 0.003060
v -0.003912 -0.063822 0.136253
v -0.002230 0.038171 0.136253
v -0.002262 0.038174 0.120378
v -0.004577 -0.063752 0.120378
v -0.004280 -0.051802 0.003060
v -0.004200 -0.039348 0.003060
v -0.003554 -0.026072 0.003060
v -0.002996 -0.013179 0.003060
v -0.003048 -0.000372 0.003060
v -0.003231 0.012416 0.003060
v -0.003021 0.025259 0.003060
v -0.004026 -0.051790 0.136253
v -0.004061 -0.039357 0.136253
v -0.003670 -0.026049 0.136253
v -0.003470 -0.013129 0.136253
v -0.003025 -0.000501 0.136253
v -0.002698 0.012218 0.136253
v -0.002562 0.025224 0.136253
v -0.004395 -0.051736 0.120378
v -0.004163 -0.039352 0.120378
v -0.003550 -0.026072 0.120378
v -0.003029 -0.013175 0.120378
v -0.003047 -0.000372 0.120378
v -0.003158 0.012408 0.120378
v -0.002985 0.025255 0.120378
v -0.004526 -0.063758 0.128316
v -0.002249 0.038173 0.128316
v -0.002254 0.025294 0.128316
v -0.003127 0.012355 0.128316
v -0.003071 -0.000451 0.128316
v -0.003081 -0.013170 0.128316
v -0.003477 -0.026077 0.128316
v -0.004182 -0.039348 0.128316
v -0.004463 -0.051623 0.128316
v -0.001779 0.031649 0.136253
v -0.004033 -0.058099 0.136253
v -0.003824 -0.045348 0.136253
v -0.003588 -0.032501 0.136253
v -0.003279 -0.019642 0.136253
v -0.003708 -0.006764 0.136253
v -0.003542 0.005532 0.136253
v -0.002564 0.018857 0.136253
v -0.002239 0.039135 0.003060
v -0.002165 0.039128 0.136253
v -0.002210 0.039132 0.120378
v -0.002187 0.039130 0.128316
v -0.004712 -0.064630 0.003060
v -0.003961 -0.064709 0.136253
v -0.004681 -0.064634 0.120378
v -0.004418 -0.064661 0.128316
v -0.002287 0.038177 0.004903
v -0.004668 -0.063743 0.004903
v -0.003021 0.025259 0.004903
v -0.003231 0.012416 0.004903
v -0.003048 -0.000372 0.004903
v -0.002996 -0.013179 0.004903
v -0.003554 -0.026072 0.004903
v -0.004200 -0.039348 0.004903
v -0.004280 -0.051802 0.004903
v -0.002239 0.039135 0.004903
v -0.004712 -0.064630 0.004903
v -0.003951 -0.063818 0.137292
v -0.002172 0.038165 0.137292
v -0.003982 -0.051793 0.137292
v -0.003810 -0.039388 0.137292
v -0.003600 -0.026058 0.137292
v -0.003534 -0.013123 0.137292
v -0.003144 -0.000582 0.137292
v -0.003138 0.012378 0.137292
v -0.002948 0.025252 0.137292
v -0.001741 0.031655 0.137292
v -0.004207 -0.057994 0.137292
v -0.003859 -0.045395 0.137292
v -0.003262 -0.032739 0.137292
v -0.003535 -0.019619 0.137292
v -0.003642 -0.006774 0.137292
v -0.003264 0.005498 0.137292
v -0.002676 0.018890 0.137292
v -0.002048 0.039115 0.137292
v -0.003920 -0.064713 0.137292
v -0.002212 0.032037 0.128316
v -0.002605 0.018182 0.128316
v -0.002918 0.005878 0.128316
v -0.003338 -0.005940 0.128316
v -0.003335 -0.021101 0.128316
v -0.003803 -0.032335 0.128316
v -0.003876 -0.044855 0.128316
v -0.004153 -0.057718 0.128316
v -0.003009 0.025258 0.043393
v -0.002997 0.025257 0.081885
v -0.003206 0.012413 0.043393
v -0.003182 0.012410 0.081885
v -0.003047 -0.000372 0.043393
v -0.003047 -0.000372 0.081885
v -0.003007 -0.013178 0.043393
v -0.003018 -0.013176 0.081885
v -0.003553 -0.026072 0.043393
v -0.003552 -0.026072 0.081885
v -0.004188 -0.039349 0.043393
v -0.004175 -0.039350 0.081885
v -0.004264 -0.051804 0.043393
v -0.004249 -0.051805 0.081885
v -0.002279 0.038176 0.043393
v -0.002270 0.038175 0.081885
v -0.004638 -0.063746 0.043393
v -0.004608 -0.063749 0.081885
v -0.002229 0.039134 0.043393
v -0.002220 0.039133 0.081885
v -0.004702 -0.064632 0.043393
v -0.004692 -0.064632 0.081885
v -0.004072 0.039404 0.003060
v -0.006506 -0.063546 0.003060
v -0.003313 0.039501 0.136253
v -0.006448 -0.063539 0.136253
v -0.006481 -0.063543 0.120378
v -0.003980 0.039416 0.120378
v -0.004376 0.026535 0.003060
v -0.004680 0.013666 0.003060
v -0.004985 0.000798 0.003060
v -0.005289 -0.012071 0.003060
v -0.005593 -0.024940 0.003060
v -0.005898 -0.037809 0.003060
v -0.006202 -0.050678 0.003060
v -0.004004 0.026582 0.136253
v -0.004449 0.013696 0.136253
v -0.004912 0.000807 0.136253
v -0.005765 -0.012132 0.136253
v -0.005150 -0.024884 0.136253
v -0.005135 -0.037712 0.136253
v -0.005795 -0.050626 0.136253
v -0.004330 0.026541 0.120378
v -0.004644 0.013671 0.120378
v -0.004981 0.000798 0.120378
v -0.005323 -0.012076 0.120378
v -0.005592 -0.024940 0.120378
v -0.005824 -0.037800 0.120378
v -0.006166 -0.050673 0.120378
v -0.003929 0.039422 0.128316
v -0.006468 -0.063542 0.128316
v -0.005900 -0.050639 0.128316
v -0.005631 -0.037775 0.128316
v -0.005498 -0.024928 0.128316
v -0.005375 -0.012082 0.128316
v -0.004854 0.000814 0.128316
v -0.004637 0.013672 0.128316
v -0.004076 0.026573 0.128316
v -0.005569 -0.057012 0.136253
v -0.003902 0.033010 0.136253
v -0.004374 0.020120 0.136253
v -0.004100 0.007325 0.136253
v -0.005073 -0.005629 0.136253
v -0.005886 -0.018562 0.136253
v -0.005774 -0.031378 0.136253
v -0.005738 -0.044204 0.136253
v -0.006500 -0.064506 0.003060
v -0.006425 -0.064496 0.136253
v -0.006470 -0.064502 0.120378
v -0.006447 -0.064499 0.128316
v -0.004078 0.040292 0.003060
v -0.003324 0.040388 0.136253
v -0.004046 0.040296 0.120378
v -0.003782 0.040330 0.128316
v -0.006506 -0.063546 0.004903
v -0.004072 0.039404 0.004903
v -0.006202 -0.050678 0.004903
v -0.005898 -0.037809 0.004903
v -0.005593 -0.024940 0.004903
v -0.005289 -0.012071 0.004903
v -0.004985 0.000798 0.004903
v -0.004680 0.013666 0.004903
v -0.004376 0.026535 0.004903
v -0.006500 -0.064506 0.004903
v -0.004078 0.040292 0.004903
v -0.003352 0.039496 0.137292
v -0.006390 -0.063532 0.137292
v -0.003956 0.026589 0.137292
v -0.004270 0.013718 0.137292
v -0.004878 0.000811 0.137292
v -0.005829 -0.012140 0.137292
v -0.005100 -0.024877 0.137292
v -0.005110 -0.037708 0.137292
v -0.006129 -0.050668 0.137292
v -0.005569 -0.057012 0.137292
v -0.004140 0.032980 0.137292
v -0.004328 0.020126 0.137292
v -0.004100 0.007325 0.137292
v -0.005311 -0.005659 0.137292
v -0.005805 -0.018552 0.137292
v -0.005362 -0.031326 0.137292
v -0.005783 -0.044209 0.137292
v -0.006308 -0.064481 0.137292
v -0.003283 0.040394 0.137292
v -0.006147 -0.057396 0.128316
v -0.005782 -0.043540 0.128316
v -0.005494 -0.031330 0.128316
v -0.005625 -0.019370 0.128316
v -0.005013 -0.004174 0.128316
v -0.004694 0.006926 0.128316
v -0.004346 0.019537 0.128316
v -0.003832 0.032757 0.128316
v -0.006190 -0.050676 0.043393
v -0.006178 -0.050675 0.081885
v -0.005873 -0.037806 0.043393
v -0.005848 -0.037803 0.081885
v -0.005593 -0.024940 0.043393
v -0.005593 -0.024940 0.081885
v -0.005300 -0.012073 0.043393
v -0.005312 -0.012074 0.081885
v -0.004983 0.000798 0.043393
v -0.004982 0.000798 0.081885
v -0.004668 0.013668 0.043393
v -0.004656 0.013669 0.081885
v -0.004361 0.026537 0.043393
v -0.004345 0.026539 0.081885
v -0.006498 -0.063545 0.043393
v -0.006489 -0.063544 0.081885
v -0.004041 0.039408 0.043393
v -0.004011 0.039412 0.081885
v -0.006490 -0.064504 0.043393
v -0.006480 -0.064503 0.081885
v -0.004067 0.040294 0.043393
v -0.004057 0.040295 0.081885
v -0.004171 0.038058 0.001384
v -0.008227 -0.064819 0.001384
v -0.003990 0.038296 0.134314
v -0.008126 -0.065643 0.133712
v -0.008201 -0.064825 0.118623
v -0.004168 0.038118 0.118662
v -0.004678 0.025198 0.001384
v -0.005185 0.012339 0.001384
v -0.005692 -0.000521 0.001384
v -0.006199 -0.013380 0.001384
v -0.006706 -0.026240 0.001384
v -0.007213 -0.039100 0.001384
v -0.007720 -0.051960 0.001384
v -0.004411 0.025078 0.134523
v -0.005405 0.012460 0.134370
v -0.005964 -0.000613 0.134408
v -0.006172 -0.013406 0.134468
v -0.006808 -0.026482 0.134437
v -0.006651 -0.040060 0.134166
v -0.007301 -0.052176 0.132914
v -0.004631 0.025196 0.118702
v -0.005190 0.012351 0.118683
v -0.005733 -0.000644 0.118677
v -0.006406 -0.013282 0.118564
v -0.006690 -0.026768 0.118662
v -0.007176 -0.039115 0.118702
v -0.007684 -0.051957 0.118678
v -0.004463 0.038363 0.126446
v -0.008163 -0.065310 0.126575
v -0.007416 -0.051990 0.126563
v -0.007157 -0.039146 0.126269
v -0.006829 -0.027085 0.126446
v -0.005994 -0.013520 0.126592
v -0.005714 -0.000463 0.126545
v -0.005378 0.012387 0.126531
v -0.004523 0.025298 0.126574
v -0.007180 -0.058508 0.133160
v -0.004614 0.031909 0.134347
v -0.005010 0.018662 0.134465
v -0.005107 0.005960 0.134390
v -0.005676 -0.006999 0.134510
v -0.006035 -0.020139 0.134515
v -0.007142 -0.034932 0.134564
v -0.007318 -0.045768 0.134547
v -0.008236 -0.065780 0.001384
v -0.008118 -0.066602 0.134402
v -0.008202 -0.065853 0.118695
v -0.008167 -0.066081 0.126076
v -0.004163 0.038948 0.001384
v -0.003742 0.038913 0.134420
v -0.004250 0.039015 0.118649
v -0.004254 0.039072 0.126463
v -0.008227 -0.064819 0.003226
v -0.004171 0.038058 0.003226
v -0.007720 -0.051960 0.003226
v -0.007213 -0.039100 0.003226
v -0.006706 -0.026240 0.003226
v -0.006199 -0.013380 0.003226
v -0.005692 -0.000521 0.003226
v -0.005185 0.012339 0.003226
v -0.004678 0.025198 0.003226
v -0.008236 -0.065780 0.003226
v -0.004163 0.038948 0.003226
v -0.004146 0.038617 0.135309
v -0.008068 -0.065639 0.134894
v -0.004356 0.025225 0.135570
v -0.004825 0.012375 0.135592
v -0.005840 -0.000549 0.135412
v -0.005816 -0.013542 0.135628
v -0.006656 -0.027053 0.135537
v -0.006623 -0.039852 0.135306
v -0.007639 -0.052104 0.133953
v -0.007187 -0.058354 0.133953
v -0.004809 0.031350 0.135390
v -0.004927 0.018762 0.135524
v -0.005556 0.006097 0.135226
v -0.006082 -0.007070 0.135507
v -0.006268 -0.020229 0.135497
v -0.006892 -0.034890 0.135580
v -0.007266 -0.045975 0.135564
v -0.008001 -0.066595 0.135386
v -0.004429 0.039528 0.135139
v -0.007750 -0.059091 0.126048
v -0.007202 -0.045101 0.126001
v -0.006652 -0.034826 0.126575
v -0.006740 -0.021170 0.126323
v -0.005781 -0.005883 0.126579
v -0.005750 0.005666 0.126435
v -0.004790 0.018194 0.126624
v -0.004110 0.031207 0.126599
v -0.007708 -0.051959 0.041716
v -0.007696 -0.051958 0.080208
v -0.007188 -0.039098 0.041716
v -0.007164 -0.039097 0.080208
v -0.006706 -0.026240 0.041716
v -0.006706 -0.026240 0.080208
v -0.006210 -0.013381 0.041716
v -0.006222 -0.013382 0.080208
v -0.005691 -0.000521 0.041716
v -0.005690 -0.000521 0.080208
v -0.005173 0.012340 0.041716
v -0.005161 0.012340 0.080208
v -0.004663 0.025200 0.041716
v -0.004647 0.025200 0.080208
v -0.008218 -0.064819 0.041716
v -0.008210 -0.064818 0.080208
v -0.004141 0.038060 0.041716
v -0.004110 0.038062 0.080208
v -0.008226 -0.065779 0.041716
v -0.008216 -0.065779 0.080208
v -0.004153 0.038948 0.041716
v -0.004142 0.038949 0.080208
v -0.004506 0.039128 0.002034
v -0.009026 -0.063490 0.002484
v -0.004763 0.039296 0.135349
v -0.008907 -0.064354 0.134864
v -0.009052 -0.063492 0.119723
v -0.004637 0.039060 0.119226
v -0.005072 0.026301 0.000674
v -0.005636 0.013474 0.002478
v -0.006201 0.000647 0.002484
v -0.006766 -0.012180 0.002484
v -0.007331 -0.025008 0.002484
v -0.007896 -0.037835 0.002484
v -0.008461 -0.050662 0.002484
v -0.005390 0.026194 0.133468
v -0.005260 0.013443 0.134468
v -0.006197 0.000361 0.135613
v -0.006722 -0.012212 0.135468
v -0.006987 -0.024879 0.135331
v -0.007960 -0.038161 0.134983
v -0.008612 -0.050614 0.133931
v -0.005119 0.026305 0.117634
v -0.005666 0.013491 0.119552
v -0.006199 0.000464 0.119701
v -0.006552 -0.012112 0.119664
v -0.007362 -0.025487 0.119740
v -0.007880 -0.037748 0.119759
v -0.008496 -0.050655 0.119778
v -0.004359 0.039226 0.127405
v -0.009084 -0.063979 0.127679
v -0.008738 -0.050572 0.127632
v -0.007544 -0.037761 0.127413
v -0.007141 -0.025652 0.127435
v -0.006926 -0.012307 0.127606
v -0.006192 0.000531 0.127436
v -0.005687 0.013440 0.127143
v -0.005230 0.026410 0.125512
v -0.009047 -0.057160 0.134395
v -0.004713 0.032835 0.134486
v -0.005371 0.019785 0.135176
v -0.006206 0.006946 0.135026
v -0.006940 -0.005990 0.135492
v -0.007434 -0.018737 0.135548
v -0.007493 -0.033301 0.135464
v -0.008051 -0.044085 0.135450
v -0.009097 -0.064444 0.002484
v -0.009076 -0.065292 0.135528
v -0.009136 -0.064512 0.119795
v -0.009156 -0.064739 0.127184
v -0.004440 0.040012 0.001974
v -0.004944 0.039960 0.135024
v -0.004356 0.040059 0.119693
v -0.004647 0.039825 0.127158
v -0.009026 -0.063490 0.004326
v -0.004506 0.039128 0.003712
v -0.008461 -0.050662 0.004326
v -0.007896 -0.037835 0.004326
v -0.007331 -0.025008 0.004326
v -0.006766 -0.012180 0.004326
v -0.006201 0.000647 0.004326
v -0.005636 0.013474 0.004260
v -0.005072 0.026301 0.002159
v -0.009097 -0.064444 0.004326
v -0.004440 0.040012 0.003711
v -0.005100 0.039090 0.136240
v -0.009018 -0.064334 0.136029
v -0.005411 0.026355 0.134510
v -0.005867 0.013408 0.136322
v -0.006418 -0.000142 0.135893
v -0.006999 -0.012294 0.136516
v -0.007132 -0.025323 0.136379
v -0.008140 -0.037652 0.135981
v -0.008441 -0.050778 0.135074
v -0.009028 -0.057004 0.135187
v -0.004620 0.032200 0.135367
v -0.005634 0.019926 0.135378
v -0.006155 0.007263 0.136022
v -0.006731 -0.006038 0.136598
v -0.007118 -0.018784 0.136489
v -0.007497 -0.032984 0.136357
v -0.008129 -0.044346 0.136500
v -0.009215 -0.065264 0.136505
v -0.005178 0.039532 0.136380
v -0.008983 -0.057747 0.127161
v -0.008098 -0.043614 0.127050
v -0.007768 -0.033122 0.127502
v -0.006703 -0.019814 0.127331
v -0.006625 -0.004880 0.127488
v -0.005579 0.006639 0.127379
v -0.005730 0.019369 0.126434
v -0.005450 0.032040 0.127397
v -0.008473 -0.050660 0.042816
v -0.008485 -0.050657 0.081308
v -0.007920 -0.037830 0.042816
v -0.007945 -0.037825 0.081308
v -0.007331 -0.025008 0.042816
v -0.007332 -0.025008 0.081308
v -0.006755 -0.012183 0.042816
v -0.006744 -0.012185 0.081308
v -0.006202 0.000647 0.042816
v -0.006204 0.000647 0.081308
v -0.005648 0.013476 0.042816
v -0.005660 0.013479 0.081308
v -0.005087 0.026304 0.042816
v -0.005102 0.026308 0.081308
v -0.009034 -0.063488 0.042816
v -0.009042 -0.063486 0.081308
v -0.004537 0.039135 0.042816
v -0.004567 0.039141 0.081308
v -0.009107 -0.064442 0.042816
v -0.009116 -0.064440 0.081308
v -0.004451 0.040014 0.042816
v -0.004461 0.040016 0.081308
v -0.005195 0.037582 0.003060
v -0.010435 -0.064064 0.003060
v -0.005947 0.037748 0.136253
v -0.010492 -0.064051 0.136253
v -0.010460 -0.064058 0.120378
v -0.005286 0.037602 0.120378
v -0.005918 0.025686 0.003060
v -0.006348 0.013241 0.003060
v -0.007365 0.000039 0.003060
v -0.008285 -0.012790 0.003060
v -0.008593 -0.025602 0.003060
v -0.008770 -0.038412 0.003060
v -0.009340 -0.051231 0.003060
v -0.006172 0.025703 0.136253
v -0.006486 0.013266 0.136253
v -0.007250 0.000003 0.136253
v -0.007813 -0.012894 0.136253
v -0.008612 -0.025470 0.136253
v -0.009296 -0.038152 0.136253
v -0.009797 -0.051143 0.136253
v -0.005805 0.025607 0.120378
v -0.006384 0.013249 0.120378
v -0.007369 0.000040 0.120378
v -0.008251 -0.012797 0.120378
v -0.008594 -0.025602 0.120378
v -0.008843 -0.038395 0.120378
v -0.009376 -0.051223 0.120378
v -0.005336 0.037613 0.128316
v -0.010473 -0.064056 0.128316
v -0.010106 -0.051177 0.128316
v -0.008872 -0.038339 0.128316
v -0.008568 -0.025526 0.128316
v -0.008200 -0.012808 0.128316
v -0.007442 0.000053 0.128316
v -0.006366 0.013243 0.128316
v -0.005741 0.025485 0.128316
v -0.010758 -0.057478 0.136253
v -0.005987 0.032012 0.136253
v -0.006554 0.019284 0.136253
v -0.007151 0.006464 0.136253
v -0.007820 -0.006360 0.136253
v -0.007755 -0.019287 0.136253
v -0.008266 -0.031564 0.136253
v -0.009616 -0.044776 0.136253
v -0.010510 -0.065017 0.003060
v -0.010584 -0.065001 0.136253
v -0.010539 -0.065010 0.120378
v -0.010562 -0.065006 0.128316
v -0.005126 0.038464 0.003060
v -0.005873 0.038630 0.136253
v -0.005157 0.038471 0.120378
v -0.005419 0.038529 0.128316
v -0.010435 -0.064064 0.004903
v -0.005195 0.037582 0.004903
v -0.009340 -0.051231 0.004903
v -0.008770 -0.038412 0.004903
v -0.008593 -0.025602 0.004903
v -0.008285 -0.012790 0.004903
v -0.007365 0.000039 0.004903
v -0.006348 0.013241 0.004903
v -0.005918 0.025686 0.004903
v -0.010510 -0.065017 0.004903
v -0.005126 0.038464 0.004903
v -0.005908 0.037740 0.137292
v -0.010550 -0.064038 0.137292
v -0.006215 0.025711 0.137292
v -0.006736 0.013326 0.137292
v -0.007319 0.000020 0.137292
v -0.007750 -0.012908 0.137292
v -0.008491 -0.025404 0.137292
v -0.008861 -0.038363 0.137292
v -0.009413 -0.051215 0.137292
v -0.010796 -0.057478 0.137292
v -0.005816 0.031886 0.137292
v -0.006518 0.019328 0.137292
v -0.007469 0.006740 0.137292
v -0.007566 -0.006411 0.137292
v -0.007820 -0.019269 0.137292
v -0.008542 -0.031497 0.137292
v -0.009505 -0.044822 0.137292
v -0.010700 -0.064975 0.137292
v -0.005914 0.038639 0.137292
v -0.010338 -0.057916 0.128316
v -0.009556 -0.044106 0.128316
v -0.008898 -0.031837 0.128316
v -0.008147 -0.020068 0.128316
v -0.007723 -0.004907 0.128316
v -0.006940 0.006274 0.128316
v -0.006516 0.018786 0.128316
v -0.005878 0.031616 0.128316
v -0.009352 -0.051228 0.043393
v -0.009364 -0.051226 0.081884
v -0.008794 -0.038406 0.043393
v -0.008818 -0.038401 0.081884
v -0.008593 -0.025602 0.043393
v -0.008593 -0.025602 0.081884
v -0.008274 -0.012792 0.043393
v -0.008262 -0.012794 0.081884
v -0.007366 0.000039 0.043393
v -0.007368 0.000040 0.081884
v -0.006360 0.013244 0.043393
v -0.006372 0.013246 0.081884
v -0.005934 0.025689 0.043393
v -0.005949 0.025692 0.081884
v -0.010443 -0.064062 0.043393
v -0.010452 -0.064060 0.081884
v -0.005225 0.037588 0.043393
v -0.005256 0.037595 0.081884
v -0.010520 -0.065015 0.043393
v -0.010529 -0.065013 0.081884
v -0.005136 0.038466 0.043393
v -0.005147 0.038469 0.081884
v -0.012215 -0.063393 0.003060
v -0.006171 0.038110 0.003060
v -0.011464 -0.063584 0.136253
v -0.006114 0.038096 0.136253
v -0.006146 0.038104 0.120378
v -0.012124 -0.063416 0.120378
v -0.011398 -0.051517 0.003060
v -0.010869 -0.039082 0.003060
v -0.009748 -0.025910 0.003060
v -0.008727 -0.013108 0.003060
v -0.008318 -0.000302 0.003060
v -0.008039 0.012505 0.003060
v -0.007367 0.025310 0.003060
v -0.011145 -0.051542 0.136253
v -0.010732 -0.039112 0.136253
v -0.009863 -0.025870 0.136253
v -0.009198 -0.012988 0.136253
v -0.008300 -0.000434 0.136253
v -0.007515 0.012228 0.136253
v -0.006911 0.025206 0.136253
v -0.011510 -0.051434 0.120378
v -0.010833 -0.039092 0.120378
v -0.009744 -0.025911 0.120378
v -0.008760 -0.013100 0.120378
v -0.008317 -0.000302 0.120378
v -0.007966 0.012486 0.120378
v -0.007332 0.025300 0.120378
v -0.012074 -0.063428 0.128316
v -0.006133 0.038100 0.128316
v -0.006602 0.025230 0.128316
v -0.007938 0.012429 0.128316
v -0.008344 -0.000378 0.128316
v -0.008812 -0.013087 0.128316
v -0.009671 -0.025927 0.128316
v -0.010851 -0.039086 0.128316
v -0.011574 -0.051311 0.128316
v -0.005900 0.031511 0.136253
v -0.011379 -0.057847 0.136253
v -0.010711 -0.045134 0.136253
v -0.010014 -0.032330 0.136253
v -0.009242 -0.019525 0.136253
v -0.009205 -0.006592 0.136253
v -0.008597 0.005672 0.136253
v -0.007143 0.018844 0.136253
v -0.006089 0.039061 0.003060
v -0.006015 0.039042 0.136253
v -0.006060 0.039054 0.120378
v -0.006037 0.039048 0.128316
v -0.012291 -0.064273 0.003060
v -0.011546 -0.064463 0.136253
v -0.012260 -0.064281 0.120378
v -0.011999 -0.064348 0.128316
v -0.006171 0.038110 0.004903
v -0.012215 -0.063393 0.004903
v -0.007367 0.025310 0.004903
v -0.008039 0.012505 0.004903
v -0.008318 -0.000302 0.004903
v -0.008727 -0.013108 0.004903
v -0.009748 -0.025910 0.004903
v -0.010869 -0.039082 0.004903
v -0.011398 -0.051517 0.004903
v -0.006089 0.039061 0.004903
v -0.012291 -0.064273 0.004903
v -0.011504 -0.063574 0.137292
v -0.006056 0.038081 0.137292
v -0.011102 -0.051552 0.137292
v -0.010483 -0.039180 0.137292
v -0.009794 -0.025890 0.137292
v -0.009261 -0.012972 0.137292
v -0.008421 -0.000497 0.137292
v -0.007948 0.012454 0.137292
v -0.007295 0.025291 0.137292
v -0.005862 0.031511 0.137292
v -0.011549 -0.057716 0.137292
v -0.010748 -0.045177 0.137292
v -0.009698 -0.032617 0.137292
v -0.009496 -0.019465 0.137292
v -0.009140 -0.006612 0.137292
v -0.008321 0.005596 0.137292
v -0.007253 0.018893 0.137292
v -0.005899 0.039012 0.137292
v -0.011505 -0.064473 0.137292
v -0.006317 0.031963 0.128316
v -0.007208 0.018175 0.128316
v -0.007963 0.005925 0.128316
v -0.008807 -0.005823 0.128316
v -0.009351 -0.020975 0.128316
v -0.010222 -0.032133 0.128316
v -0.010745 -0.044634 0.128316
v -0.011485 -0.057448 0.128316
v -0.007355 0.025306 0.043393
v -0.007344 0.025304 0.081885
v -0.008015 0.012499 0.043393
v -0.007990 0.012493 0.081885
v -0.008317 -0.000302 0.043393
v -0.008317 -0.000302 0.081885
v -0.008738 -0.013106 0.043393
v -0.008750 -0.013103 0.081885
v -0.009747 -0.025911 0.043393
v -0.009746 -0.025911 0.081885
v -0.010857 -0.039086 0.043393
v -0.010845 -0.039089 0.081885
v -0.011383 -0.051521 0.043393
v -0.011367 -0.051525 0.081885
v -0.006163 0.038108 0.043393
v -0.006154 0.038106 0.081885
v -0.012185 -0.063400 0.043393
v -0.012155 -0.063408 0.081885
v -0.006079 0.039058 0.043393
v -0.006069 0.039056 0.081885
v -0.012280 -0.064276 0.043393
v -0.012270 -0.064278 0.081885
v -0.012548 -0.064314 0.002034
v -0.006824 0.038118 0.002484
v -0.012293 -0.064494 0.135349
v -0.006932 0.038989 0.134864
v -0.006798 0.038119 0.119723
v -0.012416 -0.064252 0.119226
v -0.011832 -0.051510 0.000674
v -0.011116 -0.038706 0.002478
v -0.010401 -0.025902 0.002484
v -0.009686 -0.013098 0.002484
v -0.008970 -0.000294 0.002484
v -0.008255 0.012510 0.002484
v -0.007539 0.025314 0.002484
v -0.011512 -0.051419 0.133468
v -0.011493 -0.038657 0.134468
v -0.010402 -0.025616 0.135613
v -0.009729 -0.013064 0.135468
v -0.009316 -0.000406 0.135331
v -0.008187 0.012834 0.134983
v -0.007389 0.025259 0.133931
v -0.011784 -0.051517 0.117634
v -0.011087 -0.038725 0.119552
v -0.010401 -0.025719 0.119701
v -0.009900 -0.013156 0.119664
v -0.008934 0.000184 0.119740
v -0.008272 0.012424 0.119759
v -0.007504 0.025305 0.119778
v -0.012696 -0.064405 0.127405
v -0.006760 0.038605 0.127679
v -0.007263 0.025211 0.127632
v -0.008608 0.012453 0.127413
v -0.009152 0.000360 0.127435
v -0.009525 -0.012980 0.127606
v -0.010410 -0.025786 0.127436
v -0.011066 -0.038674 0.127143
v -0.011675 -0.051627 0.125512
v -0.006877 0.031786 0.134395
v -0.012267 -0.058028 0.134486
v -0.011456 -0.045006 0.135176
v -0.010470 -0.032204 0.135026
v -0.009584 -0.019300 0.135492
v -0.008942 -0.006572 0.135548
v -0.008711 0.007994 0.135464
v -0.008026 0.018755 0.135450
v -0.006741 0.039069 0.002484
v -0.006752 0.039919 0.135528
v -0.006701 0.039135 0.119795
v -0.006679 0.039362 0.127184
v -0.012624 -0.065195 0.001974
v -0.012121 -0.065167 0.135024
v -0.012708 -0.065238 0.119693
v -0.012416 -0.065018 0.127158
v -0.006824 0.038118 0.004327
v -0.012548 -0.064314 0.003712
v -0.007539 0.025314 0.004327
v -0.008255 0.012510 0.004327
v -0.008970 -0.000294 0.004327
v -0.009686 -0.013098 0.004327
v -0.010401 -0.025902 0.004327
v -0.011116 -0.038706 0.004261
v -0.011832 -0.051510 0.002159
v -0.006741 0.039069 0.004327
v -0.012624 -0.065195 0.003711
v -0.011954 -0.064305 0.136240
v -0.006822 0.038964 0.136029
v -0.011494 -0.051580 0.134510
v -0.010886 -0.038652 0.136322
v -0.010176 -0.025124 0.135893
v -0.009452 -0.012996 0.136516
v -0.009165 0.000031 0.136379
v -0.008014 0.012315 0.135981
v -0.007558 0.025430 0.135074
v -0.006898 0.031631 0.135187
v -0.012352 -0.057389 0.135367
v -0.011194 -0.045160 0.135378
v -0.010525 -0.032518 0.136022
v -0.009793 -0.019241 0.136598
v -0.009256 -0.006510 0.136489
v -0.008711 0.007677 0.136357
v -0.007945 0.019012 0.136500
v -0.006614 0.039884 0.136505
v -0.011881 -0.064751 0.136380
v -0.006934 0.032376 0.127161
v -0.007985 0.018282 0.127050
v -0.008438 0.007802 0.127502
v -0.009658 -0.005459 0.127331
v -0.009913 -0.020394 0.127488
v -0.011093 -0.031866 0.127379
v -0.011092 -0.044608 0.126434
v -0.011522 -0.057269 0.127397
v -0.007527 0.025311 0.042816
v -0.007516 0.025308 0.081308
v -0.008230 0.012504 0.042816
v -0.008206 0.012498 0.081308
v -0.008970 -0.000294 0.042816
v -0.008970 -0.000294 0.081308
v -0.009697 -0.013095 0.042816
v -0.009708 -0.013092 0.081308
v -0.010400 -0.025902 0.042816
v -0.010398 -0.025903 0.081308
v -0.011104 -0.038709 0.042816
v -0.011092 -0.038712 0.081308
v -0.011817 -0.051514 0.042816
v -0.011802 -0.051518 0.081308
v -0.006815 0.038116 0.042816
v -0.006807 0.038114 0.081308
v -0.012518 -0.064322 0.042816
v -0.012487 -0.064330 0.081308
v -0.006732 0.039067 0.042816
v -0.006722 0.039064 0.081308
v -0.012614 -0.065198 0.042816
v -0.012603 -0.065200 0.081308
v -0.013042 -0.063726 0.001384
v -0.006918 0.038890 0.001384
v -0.013228 -0.063949 0.134314
v -0.007002 0.039722 0.133712
v -0.006943 0.038898 0.118623
v -0.013047 -0.063785 0.118662
v -0.012277 -0.050899 0.001384
v -0.011511 -0.038072 0.001384
v -0.010746 -0.025245 0.001384
v -0.009980 -0.012418 0.001384
v -0.009214 0.000409 0.001384
v -0.008449 0.013236 0.001384
v -0.007683 0.026063 0.001384
v -0.012541 -0.050756 0.134523
v -0.011294 -0.038211 0.134370
v -0.010472 -0.025175 0.134408
v -0.010006 -0.012390 0.134468
v -0.009108 0.000642 0.134437
v -0.008990 0.014244 0.134166
v -0.008097 0.026314 0.132914
v -0.012324 -0.050892 0.118702
v -0.011507 -0.038084 0.118683
v -0.010702 -0.025124 0.118677
v -0.009776 -0.012534 0.118564
v -0.009220 0.000938 0.118662
v -0.008485 0.013254 0.118702
v -0.007719 0.026064 0.118678
v -0.012758 -0.064055 0.126446
v -0.006971 0.039387 0.126575
v -0.007986 0.026118 0.126563
v -0.008504 0.013287 0.126269
v -0.009074 0.001244 0.126446
v -0.010181 -0.012261 0.126592
v -0.010725 -0.025304 0.126545
v -0.011320 -0.038136 0.126531
v -0.012434 -0.050986 0.126574
v -0.008090 0.032661 0.133160
v -0.012476 -0.057609 0.134347
v -0.011813 -0.044385 0.134465
v -0.011461 -0.031682 0.134390
v -0.010630 -0.018761 0.134510
v -0.010007 -0.005641 0.134515
v -0.008604 0.009071 0.134564
v -0.008209 0.019900 0.134547
v -0.006890 0.039850 0.001384
v -0.006990 0.040683 0.134402
v -0.006921 0.039927 0.118695
v -0.006952 0.040158 0.126076
v -0.013068 -0.064615 0.001384
v -0.013488 -0.064546 0.134420
v -0.012984 -0.064690 0.118649
v -0.012980 -0.064748 0.126463
v -0.006918 0.038890 0.003226
v -0.013042 -0.063726 0.003226
v -0.007683 0.026063 0.003226
v -0.008449 0.013236 0.003226
v -0.009214 0.000409 0.003226
v -0.009980 -0.012418 0.003226
v -0.010746 -0.025245 0.003226
v -0.011511 -0.038072 0.003226
v -0.012277 -0.050899 0.003226
v -0.006890 0.039850 0.003226
v -0.013068 -0.064615 0.003226
v -0.013079 -0.064283 0.135309
v -0.007060 0.039724 0.134894
v -0.012599 -0.050898 0.135570
v -0.011871 -0.038078 0.135592
v -0.010597 -0.025229 0.135412
v -0.010359 -0.012225 0.135628
v -0.009248 0.001227 0.135537
v -0.009022 0.014037 0.135306
v -0.007761 0.026214 0.133953
v -0.008085 0.032506 0.133953
v -0.012271 -0.057066 0.135390
v -0.011898 -0.044478 0.135524
v -0.011015 -0.031856 0.135226
v -0.010224 -0.018723 0.135507
v -0.009773 -0.005570 0.135497
v -0.008854 0.009049 0.135580
v -0.008257 0.020112 0.135564
v -0.007107 0.040686 0.135386
v -0.012815 -0.065218 0.135139
v -0.007509 0.033197 0.126048
v -0.008338 0.019242 0.126001
v -0.009095 0.009006 0.126575
v -0.009283 -0.004668 0.126323
v -0.010548 -0.019886 0.126579
v -0.010813 -0.031441 0.126435
v -0.012024 -0.043899 0.126624
v -0.012965 -0.056865 0.126599
v -0.007695 0.026063 0.041716
v -0.007707 0.026064 0.080208
v -0.008473 0.013236 0.041716
v -0.008498 0.013237 0.080208
v -0.009215 0.000409 0.041716
v -0.009215 0.000409 0.080208
v -0.009969 -0.012418 0.041716
v -0.009958 -0.012418 0.080208
v -0.010747 -0.025245 0.041716
v -0.010748 -0.025245 0.080208
v -0.011523 -0.038072 0.041716
v -0.011536 -0.038072 0.080208
v -0.012292 -0.050899 0.041716
v -0.012308 -0.050898 0.080208
v -0.006926 0.038890 0.041716
v -0.006934 0.038890 0.080208
v -0.013073 -0.063725 0.041716
v -0.013103 -0.063725 0.080208
v -0.006899 0.039851 0.041716
v -0.006909 0.039851 0.080208
v -0.013079 -0.064615 0.041716
v -0.013089 -0.064615 0.080208
v -0.013795 -0.063395 0.003060
v -0.007670 0.039221 0.003060
v -0.014554 -0.063381 0.136253
v -0.007728 0.039222 0.136253
v -0.007696 0.039221 0.120378
v -0.013886 -0.063394 0.120378
v -0.013030 -0.050568 0.003060
v -0.012264 -0.037741 0.003060
v -0.011498 -0.024914 0.003060
v -0.010733 -0.012087 0.003060
v -0.009967 0.000740 0.003060
v -0.009202 0.013567 0.003060
v -0.008436 0.026394 0.003060
v -0.013402 -0.050561 0.136253
v -0.012495 -0.037737 0.136253
v -0.011571 -0.024913 0.136253
v -0.010257 -0.012096 0.136253
v -0.010410 0.000748 0.136253
v -0.009964 0.013581 0.136253
v -0.008842 0.026401 0.136253
v -0.013076 -0.050568 0.120378
v -0.012300 -0.037741 0.120378
v -0.011502 -0.024914 0.120378
v -0.010699 -0.012088 0.120378
v -0.009968 0.000740 0.120378
v -0.009275 0.013568 0.120378
v -0.008472 0.026394 0.120378
v -0.013938 -0.063392 0.128316
v -0.007709 0.039221 0.128316
v -0.008738 0.026399 0.128316
v -0.009468 0.013572 0.128316
v -0.010063 0.000742 0.128316
v -0.010647 -0.012089 0.128316
v -0.011629 -0.024912 0.128316
v -0.012308 -0.037740 0.128316
v -0.013329 -0.050563 0.128316
v -0.008838 0.032822 0.136253
v -0.013734 -0.056976 0.136253
v -0.012801 -0.044152 0.136253
v -0.012613 -0.031314 0.136253
v -0.011179 -0.018500 0.136253
v -0.009906 -0.005682 0.136253
v -0.009556 0.007153 0.136253
v -0.009130 0.019986 0.136253
v -0.007642 0.040181 0.003060
v -0.007717 0.040182 0.136253
v -0.007672 0.040182 0.120378
v -0.007695 0.040182 0.128316
v -0.013821 -0.064285 0.003060
v -0.014575 -0.064270 0.136253
v -0.013852 -0.064284 0.120378
v -0.014117 -0.064279 0.128316
v -0.007670 0.039221 0.004903
v -0.013795 -0.063395 0.004903
v -0.008436 0.026394 0.004903
v -0.009202 0.013567 0.004903
v -0.009967 0.000740 0.004903
v -0.010733 -0.012087 0.004903
v -0.011498 -0.024914 0.004903
v -0.012264 -0.037741 0.004903
v -0.013030 -0.050568 0.004903
v -0.007642 0.040181 0.004903
v -0.013821 -0.064285 0.004903
v -0.014514 -0.063382 0.137292
v -0.007786 0.039223 0.137292
v -0.013449 -0.050560 0.137292
v -0.012674 -0.037734 0.137292
v -0.011605 -0.024912 0.137292
v -0.010193 -0.012098 0.137292
v -0.010460 0.000749 0.137292
v -0.009988 0.013582 0.137292
v -0.008509 0.026395 0.137292
v -0.008838 0.032822 0.137292
v -0.013496 -0.056980 0.137292
v -0.012847 -0.044151 0.137292
v -0.012613 -0.031314 0.137292
v -0.010941 -0.018504 0.137292
v -0.009986 -0.005681 0.137292
v -0.009968 0.007160 0.137292
v -0.009085 0.019985 0.137292
v -0.007834 0.040185 0.137292
v -0.014616 -0.064270 0.137292
v -0.008249 0.033121 0.128316
v -0.009110 0.019316 0.128316
v -0.009836 0.007146 0.128316
v -0.010136 -0.004836 0.128316
v -0.011291 -0.019946 0.128316
v -0.012008 -0.031002 0.128316
v -0.012808 -0.043564 0.128316
v -0.013795 -0.056712 0.128316
v -0.008448 0.026394 0.043393
v -0.008460 0.026394 0.081885
v -0.009226 0.013567 0.043393
v -0.009251 0.013568 0.081885
v -0.009968 0.000740 0.043393
v -0.009968 0.000740 0.081885
v -0.010722 -0.012088 0.043393
v -0.010710 -0.012088 0.081885
v -0.011500 -0.024914 0.043393
v -0.011501 -0.024914 0.081885
v -0.012276 -0.037741 0.043393
v -0.012288 -0.037741 0.081885
v -0.013045 -0.050568 0.043393
v -0.013060 -0.050568 0.081885
v -0.007679 0.039221 0.043393
v -0.007687 0.039221 0.081885
v -0.013826 -0.063395 0.043393
v -0.013856 -0.063394 0.081885
v -0.007652 0.040181 0.043393
v -0.007662 0.040182 0.081885
v -0.013832 -0.064284 0.043393
v -0.013842 -0.064284 0.081885
v 0.012908 -0.063229 0.003060
v 0.008172 0.039588 0.003060
v 0.012159 -0.063417 0.136253
v 0.008115 0.039574 0.136253
v 0.008148 0.039582 0.120378
v 0.012818 -0.063252 0.120378
v 0.012316 -0.050377 0.003060
v 0.011724 -0.037525 0.003060
v 0.011132 -0.024673 0.003060
v 0.010540 -0.011820 0.003060
v 0.009948 0.001032 0.003060
v 0.009356 0.013884 0.003060
v 0.008764 0.026736 0.003060
v 0.011949 -0.050469 0.136253
v 0.011496 -0.037582 0.136253
v 0.011060 -0.024691 0.136253
v 0.011010 -0.011703 0.136253
v 0.009511 0.000922 0.136253
v 0.008604 0.013695 0.136253
v 0.008363 0.026636 0.136253
v 0.012270 -0.050388 0.120378
v 0.011688 -0.037534 0.120378
v 0.011128 -0.024674 0.120378
v 0.010574 -0.011812 0.120378
v 0.009947 0.001032 0.120378
v 0.009284 0.013866 0.120378
v 0.008729 0.026727 0.120378
v 0.012767 -0.063264 0.128316
v 0.008135 0.039579 0.128316
v 0.008466 0.026661 0.128316
v 0.009094 0.013818 0.128316
v 0.009854 0.001008 0.128316
v 0.010625 -0.011799 0.128316
v 0.011003 -0.024705 0.128316
v 0.011681 -0.037536 0.128316
v 0.012020 -0.050451 0.128316
v 0.007694 0.032968 0.136253
v 0.012294 -0.056883 0.136253
v 0.011868 -0.043989 0.136253
v 0.010705 -0.031280 0.136253
v 0.010773 -0.018262 0.136253
v 0.010683 -0.005284 0.136253
v 0.009680 0.007465 0.136253
v 0.008752 0.020233 0.136253
v 0.008099 0.040543 0.003060
v 0.008026 0.040524 0.136253
v 0.008070 0.040536 0.120378
v 0.008047 0.040530 0.128316
v 0.012976 -0.064113 0.003060
v 0.012231 -0.064300 0.136253
v 0.012944 -0.064121 0.120378
v 0.012684 -0.064186 0.128316
v 0.008172 0.039588 0.004903
v 0.012908 -0.063229 0.004903
v 0.008764 0.026736 0.004903
v 0.009356 0.013884 0.004903
v 0.009948 0.001032 0.004903
v 0.010540 -0.011820 0.004903
v 0.011132 -0.024673 0.004903
v 0.011724 -0.037525 0.004903
v 0.012316 -0.050377 0.004903
v 0.008099 0.040543 0.004903
v 0.012976 -0.064113 0.004903
v 0.012198 -0.063407 0.137292
v 0.008058 0.039560 0.137292
v 0.011902 -0.050481 0.137292
v 0.011319 -0.037626 0.137292
v 0.011027 -0.024699 0.137292
v 0.011073 -0.011687 0.137292
v 0.009462 0.000910 0.137292
v 0.008579 0.013689 0.137292
v 0.008692 0.026718 0.137292
v 0.007693 0.032968 0.137292
v 0.012529 -0.056824 0.137292
v 0.011822 -0.044000 0.137292
v 0.010706 -0.031280 0.137292
v 0.011008 -0.018204 0.137292
v 0.010603 -0.005304 0.137292
v 0.009273 0.007363 0.137292
v 0.008797 0.020244 0.137292
v 0.007910 0.040495 0.137292
v 0.012191 -0.064310 0.137292
v 0.008242 0.033420 0.128316
v 0.008843 0.019577 0.128316
v 0.009405 0.007384 0.128316
v 0.010367 -0.004511 0.128316
v 0.010815 -0.019718 0.128316
v 0.011269 -0.030812 0.128316
v 0.011799 -0.043412 0.128316
v 0.012206 -0.056639 0.128316
v 0.008752 0.026733 0.043393
v 0.008741 0.026730 0.081885
v 0.009332 0.013878 0.043393
v 0.009308 0.013872 0.081885
v 0.009948 0.001032 0.043393
v 0.009948 0.001032 0.081885
v 0.010551 -0.011818 0.043393
v 0.010562 -0.011815 0.081885
v 0.011131 -0.024673 0.043393
v 0.011129 -0.024673 0.081885
v 0.011712 -0.037528 0.043393
v 0.011700 -0.037531 0.081885
v 0.012301 -0.050381 0.043393
v 0.012286 -0.050385 0.081885
v 0.008164 0.039586 0.043393
v 0.008156 0.039584 0.081885
v 0.012878 -0.063237 0.043393
v 0.012848 -0.063244 0.081885
v 0.008090 0.040540 0.043393
v 0.008080 0.040538 0.081885
v 0.012965 -0.064116 0.043393
v 0.012955 -0.064118 0.081885
v 0.006932 0.039613 0.002034
v 0.010504 -0.063105 0.002484
v 0.006664 0.039739 0.135349
v 0.010690 -0.063946 0.134864
v 0.010478 -0.063112 0.119723
v 0.006807 0.039524 0.119226
v 0.007378 0.026773 0.000674
v 0.007825 0.013933 0.002478
v 0.008271 0.001094 0.002484
v 0.008718 -0.011746 0.002484
v 0.009164 -0.024586 0.002484
v 0.009611 -0.037426 0.002484
v 0.010057 -0.050266 0.002484
v 0.007070 0.026616 0.133468
v 0.008202 0.013962 0.134468
v 0.008298 0.000810 0.135613
v 0.008764 -0.011771 0.135468
v 0.009496 -0.024404 0.135331
v 0.009573 -0.037760 0.134983
v 0.009904 -0.050242 0.133931
v 0.007331 0.026770 0.117634
v 0.007794 0.013946 0.119552
v 0.008288 0.000912 0.119701
v 0.008925 -0.011644 0.119664
v 0.009172 -0.025067 0.119740
v 0.009620 -0.037337 0.119759
v 0.010022 -0.050264 0.119778
v 0.007070 0.039733 0.127405
v 0.010484 -0.063602 0.127679
v 0.009775 -0.050220 0.127632
v 0.009955 -0.037296 0.127413
v 0.009404 -0.025197 0.127435
v 0.008570 -0.011897 0.127606
v 0.008290 0.000980 0.127436
v 0.007777 0.013891 0.127143
v 0.007212 0.026856 0.125512
v 0.009986 -0.056817 0.134395
v 0.007221 0.033324 0.134486
v 0.007593 0.020248 0.135176
v 0.007772 0.007354 0.135026
v 0.008058 -0.005620 0.135492
v 0.008570 -0.018369 0.135548
v 0.009655 -0.032856 0.135464
v 0.009948 -0.043663 0.135450
v 0.010508 -0.064065 0.002484
v 0.010596 -0.064905 0.135528
v 0.010474 -0.064139 0.119795
v 0.010473 -0.064368 0.127184
v 0.006928 0.040501 0.001974
v 0.006432 0.040370 0.135024
v 0.007008 0.040562 0.119693
v 0.006738 0.040283 0.127158
v 0.010504 -0.063105 0.004326
v 0.006932 0.039613 0.003712
v 0.010057 -0.050266 0.004326
v 0.009611 -0.037426 0.004326
v 0.009164 -0.024586 0.004326
v 0.008718 -0.011746 0.004326
v 0.008271 0.001094 0.004326
v 0.007825 0.013933 0.004261
v 0.007378 0.026773 0.002159
v 0.010508 -0.064065 0.004326
v 0.006928 0.040501 0.003711
v 0.006345 0.039482 0.136240
v 0.010578 -0.063944 0.136029
v 0.007037 0.026773 0.134510
v 0.007601 0.013832 0.136322
v 0.008118 0.000276 0.135893
v 0.008496 -0.011896 0.136516
v 0.009386 -0.024868 0.136379
v 0.009354 -0.037282 0.135981
v 0.010086 -0.050377 0.135074
v 0.009992 -0.056659 0.135187
v 0.007363 0.032708 0.135367
v 0.007320 0.020347 0.135378
v 0.007797 0.007677 0.136022
v 0.008270 -0.005635 0.136598
v 0.008887 -0.018366 0.136489
v 0.009626 -0.032541 0.136357
v 0.009891 -0.043935 0.136500
v 0.010455 -0.064899 0.136505
v 0.006232 0.039908 0.136380
v 0.010096 -0.057390 0.127161
v 0.009864 -0.043202 0.127050
v 0.009368 -0.032721 0.127502
v 0.009380 -0.019324 0.127331
v 0.008285 -0.004467 0.127488
v 0.008418 0.007148 0.127379
v 0.007269 0.019778 0.126434
v 0.006552 0.032418 0.127397
v 0.010046 -0.050265 0.042816
v 0.010034 -0.050264 0.081308
v 0.009586 -0.037425 0.042816
v 0.009562 -0.037424 0.081308
v 0.009164 -0.024586 0.042816
v 0.009164 -0.024586 0.081308
v 0.008729 -0.011747 0.042816
v 0.008740 -0.011747 0.081308
v 0.008270 0.001094 0.042816
v 0.008269 0.001094 0.081308
v 0.007813 0.013934 0.042816
v 0.007800 0.013934 0.081308
v 0.007363 0.026774 0.042816
v 0.007348 0.026774 0.081308
v 0.010496 -0.063105 0.042816
v 0.010487 -0.063104 0.081308
v 0.006901 0.039614 0.042816
v 0.006871 0.039616 0.081308
v 0.010498 -0.064064 0.042816
v 0.010488 -0.064064 0.081308
v 0.006918 0.040502 0.042816
v 0.006907 0.040502 0.081308
v 0.007349 0.038602 0.001384
v 0.011402 -0.064302 0.001384
v 0.007510 0.038866 0.134314
v 0.011567 -0.065104 0.133712
v 0.011428 -0.064303 0.118623
v 0.007348 0.038661 0.118662
v 0.007856 0.025739 0.001384
v 0.008362 0.012876 0.001384
v 0.008869 0.000013 0.001384
v 0.009376 -0.012850 0.001384
v 0.009882 -0.025713 0.001384
v 0.010389 -0.038576 0.001384
v 0.010896 -0.051439 0.001384
v 0.008131 0.025661 0.134523
v 0.008134 0.012961 0.134370
v 0.008606 -0.000121 0.134408
v 0.009404 -0.012872 0.134468
v 0.009800 -0.025969 0.134437
v 0.011023 -0.039442 0.134166
v 0.011329 -0.051588 0.132914
v 0.007903 0.025744 0.118702
v 0.008357 0.012887 0.118683
v 0.008838 -0.000116 0.118677
v 0.009163 -0.012784 0.118564
v 0.009940 -0.026235 0.118662
v 0.010426 -0.038585 0.118702
v 0.010931 -0.051431 0.118678
v 0.007036 0.038859 0.126446
v 0.011504 -0.064780 0.126575
v 0.011200 -0.051421 0.126563
v 0.010448 -0.038613 0.126269
v 0.009826 -0.026572 0.126446
v 0.009590 -0.012957 0.126592
v 0.008843 0.000067 0.126545
v 0.008167 0.012893 0.126531
v 0.008002 0.025862 0.126574
v 0.011947 -0.057863 0.133160
v 0.007392 0.032420 0.134347
v 0.008039 0.019189 0.134465
v 0.008942 0.006548 0.134390
v 0.009394 -0.006424 0.134510
v 0.010069 -0.019542 0.134515
v 0.010132 -0.034422 0.134564
v 0.010808 -0.045221 0.134547
v 0.011469 -0.065258 0.001384
v 0.011650 -0.066057 0.134402
v 0.011508 -0.065326 0.118695
v 0.011560 -0.065546 0.126076
v 0.007287 0.039487 0.001384
v 0.007709 0.039519 0.134420
v 0.007196 0.039541 0.118649
v 0.007187 0.039597 0.126463
v 0.011402 -0.064302 0.003226
v 0.007349 0.038602 0.003226
v 0.010896 -0.051439 0.003226
v 0.010389 -0.038576 0.003226
v 0.009882 -0.025713 0.003226
v 0.009376 -0.012850 0.003226
v 0.008869 0.000013 0.003226
v 0.008362 0.012876 0.003226
v 0.007856 0.025739 0.003226
v 0.011469 -0.065258 0.003226
v 0.007287 0.039487 0.003226
v 0.007330 0.039161 0.135309
v 0.011625 -0.065092 0.134894
v 0.008174 0.025815 0.135570
v 0.008717 0.012968 0.135592
v 0.008724 -0.000039 0.135412
v 0.009769 -0.012950 0.135628
v 0.009996 -0.026513 0.135537
v 0.011034 -0.039230 0.135306
v 0.010987 -0.051570 0.133953
v 0.011927 -0.057711 0.133953
v 0.007243 0.031833 0.135390
v 0.008114 0.019301 0.135524
v 0.008484 0.006613 0.135226
v 0.008996 -0.006559 0.135507
v 0.009845 -0.019669 0.135497
v 0.010377 -0.034340 0.135580
v 0.010876 -0.045418 0.135564
v 0.011766 -0.066031 0.135386
v 0.006977 0.040022 0.135139
v 0.011426 -0.058532 0.126048
v 0.010871 -0.044540 0.126001
v 0.010611 -0.034239 0.126575
v 0.009450 -0.020678 0.126323
v 0.009202 -0.005332 0.126579
v 0.008325 0.006154 0.126435
v 0.008295 0.018759 0.126624
v 0.007948 0.031801 0.126599
v 0.010908 -0.051436 0.041716
v 0.010919 -0.051434 0.080208
v 0.010413 -0.038570 0.041716
v 0.010438 -0.038565 0.080208
v 0.009882 -0.025713 0.041716
v 0.009883 -0.025713 0.080208
v 0.009364 -0.012852 0.041716
v 0.009353 -0.012855 0.080208
v 0.008870 0.000013 0.041716
v 0.008872 0.000014 0.080208
v 0.008374 0.012878 0.041716
v 0.008386 0.012881 0.080208
v 0.007871 0.025742 0.041716
v 0.007886 0.025746 0.080208
v 0.011411 -0.064300 0.041716
v 0.011419 -0.064298 0.080208
v 0.007379 0.038608 0.041716
v 0.007409 0.038615 0.080208
v 0.011479 -0.065256 0.041716
v 0.011488 -0.065254 0.080208
v 0.007298 0.039489 0.041716
v 0.007308 0.039492 0.080208
v 0.008986 -0.064115 0.001384
v 0.005462 0.038829 0.001384
v 0.008824 -0.064376 0.134314
v 0.005301 0.039635 0.133712
v 0.005436 0.038831 0.118623
v 0.008987 -0.064174 0.118662
v 0.008546 -0.051247 0.001384
v 0.008105 -0.038379 0.001384
v 0.007664 -0.025511 0.001384
v 0.007224 -0.012643 0.001384
v 0.006783 0.000225 0.001384
v 0.006343 0.013093 0.001384
v 0.005902 0.025961 0.001384
v 0.008271 -0.051164 0.134523
v 0.008332 -0.038469 0.134370
v 0.007928 -0.025382 0.134408
v 0.007195 -0.012621 0.134468
v 0.006867 0.000480 0.134437
v 0.005713 0.013973 0.134166
v 0.005470 0.026120 0.132914
v 0.008498 -0.051251 0.118702
v 0.008110 -0.038390 0.118683
v 0.007696 -0.025382 0.118677
v 0.007436 -0.012713 0.118564
v 0.006729 0.000748 0.118662
v 0.006305 0.013103 0.118702
v 0.005867 0.025954 0.118678
v 0.009298 -0.064378 0.126446
v 0.005362 0.039309 0.126575
v 0.005597 0.025950 0.126563
v 0.006284 0.013131 0.126269
v 0.006844 0.001083 0.126446
v 0.007010 -0.012531 0.126592
v 0.007690 -0.025565 0.126545
v 0.008300 -0.038400 0.126531
v 0.008398 -0.051367 0.126574
v 0.004884 0.032405 0.133160
v 0.008975 -0.057935 0.134347
v 0.008396 -0.044696 0.134465
v 0.007558 -0.032041 0.134390
v 0.007173 -0.019066 0.134510
v 0.006564 -0.005939 0.134515
v 0.006578 0.008936 0.134564
v 0.005958 0.019744 0.134547
v 0.005400 0.039786 0.001384
v 0.005223 0.040589 0.134402
v 0.005362 0.039855 0.118695
v 0.005310 0.040077 0.126076
v 0.009043 -0.065001 0.001384
v 0.008621 -0.065024 0.134420
v 0.009134 -0.065057 0.118649
v 0.009143 -0.065113 0.126463
v 0.005462 0.038829 0.003226
v 0.008986 -0.064115 0.003226
v 0.005902 0.025961 0.003226
v 0.006343 0.013093 0.003226
v 0.006783 0.000225 0.003226
v 0.007224 -0.012643 0.003226
v 0.007664 -0.025511 0.003226
v 0.008105 -0.038379 0.003226
v 0.008546 -0.051247 0.003226
v 0.005400 0.039786 0.003226
v 0.009043 -0.065001 0.003226
v 0.009002 -0.064674 0.135309
v 0.005244 0.039624 0.134894
v 0.008227 -0.051317 0.135570
v 0.007750 -0.038464 0.135592
v 0.007810 -0.025462 0.135412
v 0.006831 -0.012535 0.135628
v 0.006674 0.001027 0.135537
v 0.005700 0.013761 0.135306
v 0.005811 0.026094 0.133953
v 0.004903 0.032252 0.133953
v 0.009127 -0.057352 0.135390
v 0.008320 -0.044806 0.135524
v 0.008015 -0.032116 0.135226
v 0.007571 -0.018939 0.135507
v 0.006790 -0.005817 0.135497
v 0.006333 0.008859 0.135580
v 0.005891 0.019943 0.135564
v 0.005106 0.040566 0.135386
v 0.009350 -0.065542 0.135139
v 0.005408 0.033063 0.126048
v 0.005891 0.019064 0.126001
v 0.006098 0.008763 0.126575
v 0.007190 -0.004816 0.126323
v 0.007359 -0.020162 0.126579
v 0.008176 -0.031661 0.126435
v 0.008142 -0.044261 0.126624
v 0.008422 -0.057304 0.126599
v 0.005890 0.025959 0.041716
v 0.005879 0.025956 0.080208
v 0.006318 0.013088 0.041716
v 0.006294 0.013083 0.080208
v 0.006783 0.000225 0.041716
v 0.006783 0.000225 0.080208
v 0.007235 -0.012641 0.041716
v 0.007246 -0.012638 0.080208
v 0.007663 -0.025511 0.041716
v 0.007662 -0.025512 0.080208
v 0.008093 -0.038381 0.041716
v 0.008081 -0.038384 0.080208
v 0.008530 -0.051250 0.041716
v 0.008515 -0.051253 0.080208
v 0.005454 0.038828 0.041716
v 0.005445 0.038826 0.080208
v 0.008956 -0.064121 0.041716
v 0.008926 -0.064127 0.080208
v 0.005390 0.039784 0.041716
v 0.005380 0.039782 0.080208
v 0.009033 -0.065003 0.041716
v 0.009022 -0.065005 0.080208
v 0.009521 -0.063463 0.003060
v 0.006055 0.038452 0.003060
v 0.010280 -0.063489 0.136253
v 0.006112 0.038450 0.136253
v 0.006080 0.038451 0.120378
v 0.009612 -0.063466 0.120378
v 0.009224 -0.051515 0.003060
v 0.008590 -0.039076 0.003060
v 0.008473 -0.025778 0.003060
v 0.008292 -0.012867 0.003060
v 0.007506 -0.000086 0.003060
v 0.006590 0.012668 0.003060
v 0.006063 0.025504 0.003060
v 0.009476 -0.051485 0.136253
v 0.008729 -0.039076 0.136253
v 0.008356 -0.025763 0.136253
v 0.007816 -0.012851 0.136253
v 0.007536 -0.000213 0.136253
v 0.007133 0.012508 0.136253
v 0.006523 0.025502 0.136253
v 0.009105 -0.051458 0.120378
v 0.008627 -0.039078 0.120378
v 0.008477 -0.025778 0.120378
v 0.008258 -0.012866 0.120378
v 0.007506 -0.000086 0.120378
v 0.006663 0.012665 0.120378
v 0.006099 0.025503 0.120378
v 0.009664 -0.063468 0.128316
v 0.006093 0.038450 0.128316
v 0.006826 0.025592 0.128316
v 0.006696 0.012614 0.128316
v 0.007487 -0.000166 0.128316
v 0.008206 -0.012864 0.128316
v 0.008551 -0.025777 0.128316
v 0.008608 -0.039076 0.128316
v 0.009031 -0.051349 0.128316
v 0.006936 0.031971 0.136253
v 0.009831 -0.057784 0.136253
v 0.009309 -0.045040 0.136253
v 0.008808 -0.032198 0.136253
v 0.008379 -0.019339 0.136253
v 0.007213 -0.006513 0.136253
v 0.006674 0.005774 0.136253
v 0.006886 0.019145 0.136253
v 0.006048 0.039412 0.003060
v 0.006122 0.039409 0.136253
v 0.006077 0.039411 0.120378
v 0.006100 0.039410 0.128316
v 0.009528 -0.064352 0.003060
v 0.010282 -0.064378 0.136253
v 0.009559 -0.064353 0.120378
v 0.009823 -0.064362 0.128316
v 0.006055 0.038452 0.004903
v 0.009521 -0.063463 0.004903
v 0.006063 0.025504 0.004903
v 0.006590 0.012668 0.004903
v 0.007506 -0.000086 0.004903
v 0.008292 -0.012867 0.004903
v 0.008473 -0.025778 0.004903
v 0.008590 -0.039076 0.004903
v 0.009224 -0.051515 0.004903
v 0.006048 0.039412 0.004903
v 0.009528 -0.064352 0.004903
v 0.010241 -0.063488 0.137292
v 0.006171 0.038448 0.137292
v 0.009520 -0.051485 0.137292
v 0.008981 -0.039089 0.137292
v 0.008426 -0.025767 0.137292
v 0.007751 -0.012849 0.137292
v 0.007422 -0.000302 0.137292
v 0.006684 0.012636 0.137292
v 0.006136 0.025502 0.137292
v 0.006973 0.031979 0.137292
v 0.009651 -0.057692 0.137292
v 0.009277 -0.045090 0.137292
v 0.009147 -0.032413 0.137292
v 0.008122 -0.019334 0.137292
v 0.007279 -0.006518 0.137292
v 0.006953 0.005759 0.137292
v 0.006772 0.019170 0.137292
v 0.006240 0.039405 0.137292
v 0.010323 -0.064379 0.137292
v 0.006482 0.032328 0.128316
v 0.006884 0.018468 0.128316
v 0.007277 0.006163 0.128316
v 0.007535 -0.005664 0.128316
v 0.008407 -0.020800 0.128316
v 0.008584 -0.032048 0.128316
v 0.009229 -0.044552 0.128316
v 0.009690 -0.057412 0.128316
v 0.006075 0.025504 0.043393
v 0.006087 0.025504 0.081885
v 0.006614 0.012667 0.043393
v 0.006639 0.012666 0.081885
v 0.007506 -0.000086 0.043393
v 0.007506 -0.000086 0.081885
v 0.008280 -0.012867 0.043393
v 0.008269 -0.012866 0.081885
v 0.008474 -0.025778 0.043393
v 0.008475 -0.025778 0.081885
v 0.008602 -0.039077 0.043393
v 0.008614 -0.039077 0.081885
v 0.009239 -0.051516 0.043393
v 0.009255 -0.051516 0.081885
v 0.006063 0.038451 0.043393
v 0.006072 0.038451 0.081885
v 0.009551 -0.063464 0.043393
v 0.009582 -0.063465 0.081885
v 0.006057 0.039412 0.043393
v 0.006067 0.039411 0.081885
v 0.009538 -0.064352 0.043393
v 0.009548 -0.064353 0.081885
v 0.004204 0.039552 0.003060
v 0.007676 -0.063396 0.003060
v 0.004956 0.039701 0.136253
v 0.007733 -0.063384 0.136253
v 0.007701 -0.063391 0.120378
v 0.004294 0.039570 0.120378
v 0.004638 0.026683 0.003060
v 0.005072 0.013815 0.003060
v 0.005506 0.000946 0.003060
v 0.005940 -0.011922 0.003060
v 0.006374 -0.024790 0.003060
v 0.006808 -0.037659 0.003060
v 0.007242 -0.050527 0.003060
v 0.005006 0.026756 0.136253
v 0.005301 0.013860 0.136253
v 0.005578 0.000960 0.136253
v 0.005468 -0.012016 0.136253
v 0.006813 -0.024703 0.136253
v 0.007563 -0.037508 0.136253
v 0.007645 -0.050447 0.136253
v 0.004684 0.026692 0.120378
v 0.005108 0.013822 0.120378
v 0.005510 0.000947 0.120378
v 0.005906 -0.011929 0.120378
v 0.006375 -0.024790 0.120378
v 0.006881 -0.037644 0.120378
v 0.007278 -0.050520 0.120378
v 0.004345 0.039580 0.128316
v 0.007714 -0.063388 0.128316
v 0.007541 -0.050468 0.128316
v 0.007072 -0.037606 0.128316
v 0.006468 -0.024772 0.128316
v 0.005855 -0.011939 0.128316
v 0.005635 0.000972 0.128316
v 0.005115 0.013823 0.128316
v 0.004934 0.026742 0.128316
v 0.008236 -0.056807 0.136253
v 0.004740 0.033181 0.136253
v 0.005008 0.020279 0.136253
v 0.006014 0.007525 0.136253
v 0.005786 -0.005475 0.136253
v 0.005716 -0.018444 0.136253
v 0.006563 -0.031230 0.136253
v 0.007334 -0.044032 0.136253
v 0.007737 -0.064353 0.003060
v 0.007811 -0.064338 0.136253
v 0.007766 -0.064347 0.120378
v 0.007790 -0.064343 0.128316
v 0.004147 0.040438 0.003060
v 0.004894 0.040587 0.136253
v 0.004178 0.040444 0.120378
v 0.004440 0.040496 0.128316
v 0.007676 -0.063396 0.004903
v 0.004204 0.039552 0.004903
v 0.007242 -0.050527 0.004903
v 0.006808 -0.037659 0.004903
v 0.006374 -0.024790 0.004903
v 0.005940 -0.011922 0.004903
v 0.005506 0.000946 0.004903
v 0.005072 0.013815 0.004903
v 0.004638 0.026683 0.004903
v 0.007737 -0.064353 0.004903
v 0.004147 0.040438 0.004903
v 0.004916 0.039694 0.137292
v 0.007791 -0.063373 0.137292
v 0.005054 0.026766 0.137292
v 0.005478 0.013896 0.137292
v 0.005611 0.000967 0.137292
v 0.005405 -0.012029 0.137292
v 0.006862 -0.024693 0.137292
v 0.007588 -0.037504 0.137292
v 0.007314 -0.050513 0.137292
v 0.008237 -0.056806 0.137292
v 0.004504 0.033134 0.137292
v 0.005053 0.020288 0.137292
v 0.006014 0.007525 0.137292
v 0.005550 -0.005522 0.137292
v 0.005796 -0.018428 0.137292
v 0.006971 -0.031149 0.137292
v 0.007289 -0.044040 0.137292
v 0.007928 -0.064315 0.137292
v 0.004934 0.040595 0.137292
v 0.007682 -0.057230 0.128316
v 0.007252 -0.043372 0.128316
v 0.006839 -0.031163 0.128316
v 0.006023 -0.019232 0.128316
v 0.005762 -0.004019 0.128316
v 0.005445 0.007086 0.128316
v 0.005070 0.019699 0.128316
v 0.004824 0.032933 0.128316
v 0.007254 -0.050525 0.043393
v 0.007266 -0.050523 0.081885
v 0.006832 -0.037654 0.043393
v 0.006856 -0.037649 0.081885
v 0.006374 -0.024790 0.043393
v 0.006374 -0.024790 0.081885
v 0.005929 -0.011924 0.043393
v 0.005918 -0.011926 0.081885
v 0.005507 0.000946 0.043393
v 0.005508 0.000947 0.081885
v 0.005084 0.013817 0.043393
v 0.005096 0.013820 0.081885
v 0.004653 0.026686 0.043393
v 0.004668 0.026689 0.081885
v 0.007684 -0.063394 0.043393
v 0.007693 -0.063392 0.081885
v 0.004234 0.039558 0.043393
v 0.004264 0.039564 0.081885
v 0.007747 -0.064351 0.043393
v 0.007757 -0.064349 0.081885
v 0.004157 0.040440 0.043393
v 0.004168 0.040442 0.081885
v 0.004182 0.038201 0.001384
v 0.006032 -0.064787 0.001384
v 0.004348 0.038451 0.134314
v 0.006180 -0.065602 0.133712
v 0.006058 -0.064791 0.118623
v 0.004182 0.038260 0.118662
v 0.004413 0.025328 0.001384
v 0.004644 0.012454 0.001384
v 0.004876 -0.000419 0.001384
v 0.005107 -0.013293 0.001384
v 0.005338 -0.026166 0.001384
v 0.005570 -0.039040 0.001384
v 0.005801 -0.051914 0.001384
v 0.004687 0.025226 0.134523
v 0.004418 0.012559 0.134370
v 0.004609 -0.000530 0.134408
v 0.005135 -0.013317 0.134468
v 0.005251 -0.026415 0.134437
v 0.006185 -0.039960 0.134166
v 0.006231 -0.052100 0.132914
v 0.004460 0.025328 0.118702
v 0.004639 0.012466 0.118683
v 0.004842 -0.000546 0.118677
v 0.004895 -0.013209 0.118564
v 0.005384 -0.026692 0.118662
v 0.005607 -0.039052 0.118702
v 0.005836 -0.051909 0.118678
v 0.003873 0.038485 0.126446
v 0.006124 -0.065273 0.126575
v 0.006106 -0.051922 0.126563
v 0.005628 -0.039082 0.126269
v 0.005264 -0.027018 0.126446
v 0.005319 -0.013418 0.126592
v 0.004851 -0.000364 0.126545
v 0.004449 0.012488 0.126531
v 0.004562 0.025438 0.126574
v 0.006715 -0.058413 0.133160
v 0.004092 0.032032 0.134347
v 0.004456 0.018779 0.134465
v 0.005088 0.006092 0.134390
v 0.005263 -0.006885 0.134510
v 0.005658 -0.020028 0.134515
v 0.005402 -0.034874 0.134564
v 0.005847 -0.045704 0.134547
v 0.006078 -0.065747 0.001384
v 0.006243 -0.066560 0.134402
v 0.006116 -0.065818 0.118695
v 0.006164 -0.066042 0.126076
v 0.004139 0.039090 0.001384
v 0.004562 0.039085 0.134420
v 0.004049 0.039151 0.118649
v 0.004040 0.039208 0.126463
v 0.006032 -0.064787 0.003226
v 0.004182 0.038201 0.003226
v 0.005801 -0.051914 0.003226
v 0.005570 -0.039040 0.003226
v 0.005338 -0.026166 0.003226
v 0.005107 -0.013293 0.003226
v 0.004876 -0.000419 0.003226
v 0.004644 0.012454 0.003226
v 0.004413 0.025328 0.003226
v 0.006078 -0.065747 0.003226
v 0.004139 0.039090 0.003226
v 0.004175 0.038761 0.135309
v 0.006238 -0.065594 0.134894
v 0.004733 0.025376 0.135570
v 0.005001 0.012515 0.135592
v 0.004729 -0.000458 0.135412
v 0.005498 -0.013427 0.135628
v 0.005434 -0.026974 0.135537
v 0.006202 -0.039749 0.135306
v 0.005890 -0.052052 0.133953
v 0.006699 -0.058260 0.133953
v 0.003930 0.031460 0.135390
v 0.004534 0.018884 0.135524
v 0.004632 0.006197 0.135226
v 0.004862 -0.006985 0.135507
v 0.005431 -0.020135 0.135497
v 0.005648 -0.034814 0.135580
v 0.005910 -0.045907 0.135564
v 0.006360 -0.066544 0.135386
v 0.003840 0.039650 0.135139
v 0.006180 -0.059035 0.126048
v 0.005924 -0.045030 0.126001
v 0.005885 -0.034734 0.126575
v 0.005014 -0.021107 0.126323
v 0.005094 -0.005779 0.126579
v 0.004463 0.005753 0.126435
v 0.004703 0.018328 0.126624
v 0.004636 0.031366 0.126599
v 0.005813 -0.051912 0.041716
v 0.005825 -0.051910 0.080208
v 0.005594 -0.039037 0.041716
v 0.005618 -0.039034 0.080208
v 0.005338 -0.026166 0.041716
v 0.005339 -0.026166 0.080208
v 0.005096 -0.013294 0.041716
v 0.005084 -0.013296 0.080208
v 0.004877 -0.000419 0.041716
v 0.004878 -0.000419 0.080208
v 0.004656 0.012456 0.041716
v 0.004668 0.012458 0.080208
v 0.004428 0.025330 0.041716
v 0.004444 0.025332 0.080208
v 0.006040 -0.064786 0.041716
v 0.006049 -0.064785 0.080208
v 0.004212 0.038205 0.041716
v 0.004242 0.038210 0.080208
v 0.006088 -0.065745 0.041716
v 0.006098 -0.065744 0.080208
v 0.004149 0.039091 0.041716
v 0.004160 0.039092 0.080208
v 0.003786 0.039246 0.002034
v 0.005159 -0.063516 0.002484
v 0.003520 0.039396 0.135349
v 0.005327 -0.064371 0.134864
v 0.005133 -0.063519 0.119723
v 0.003659 0.039168 0.119226
v 0.003958 0.026401 0.000674
v 0.004129 0.013556 0.002478
v 0.004301 0.000710 0.002484
v 0.004472 -0.012135 0.002484
v 0.004644 -0.024980 0.002484
v 0.004816 -0.037825 0.002484
v 0.004987 -0.050670 0.002484
v 0.003646 0.026272 0.133468
v 0.004507 0.013551 0.134468
v 0.004322 0.000426 0.135613
v 0.004518 -0.012163 0.135468
v 0.004980 -0.024827 0.135331
v 0.004770 -0.038155 0.134983
v 0.004834 -0.050633 0.133931
v 0.003910 0.026402 0.117634
v 0.004098 0.013571 0.119552
v 0.004313 0.000528 0.119701
v 0.004682 -0.012051 0.119664
v 0.004641 -0.025460 0.119740
v 0.004826 -0.037738 0.119759
v 0.004951 -0.050666 0.119778
v 0.003927 0.039354 0.127405
v 0.005128 -0.064008 0.127679
v 0.004706 -0.050600 0.127632
v 0.005163 -0.037726 0.127413
v 0.004871 -0.025610 0.127435
v 0.004321 -0.012272 0.127606
v 0.004317 0.000596 0.127436
v 0.004080 0.013518 0.127143
v 0.003793 0.026499 0.125512
v 0.004775 -0.057198 0.134395
v 0.003940 0.032948 0.134486
v 0.004032 0.019874 0.135176
v 0.003935 0.006999 0.135026
v 0.003944 -0.005966 0.135492
v 0.004182 -0.018727 0.135548
v 0.004958 -0.033270 0.135464
v 0.005019 -0.044076 0.135450
v 0.005142 -0.064473 0.002484
v 0.005212 -0.065318 0.135528
v 0.005107 -0.064544 0.119795
v 0.005100 -0.064772 0.127184
v 0.003801 0.040133 0.001974
v 0.003302 0.040045 0.135024
v 0.003882 0.040186 0.119693
v 0.003606 0.039932 0.127158
v 0.005159 -0.063516 0.004326
v 0.003786 0.039246 0.003712
v 0.004987 -0.050670 0.004326
v 0.004816 -0.037825 0.004326
v 0.004644 -0.024980 0.004326
v 0.004472 -0.012135 0.004326
v 0.004301 0.000710 0.004326
v 0.004129 0.013556 0.004261
v 0.003958 0.026401 0.002159
v 0.005142 -0.064473 0.004326
v 0.003801 0.040133 0.003711
v 0.003196 0.039167 0.136240
v 0.005215 -0.064358 0.136029
v 0.003616 0.026431 0.134510
v 0.003903 0.013474 0.136322
v 0.004130 -0.000092 0.135893
v 0.004247 -0.012265 0.136516
v 0.004860 -0.025280 0.136379
v 0.004562 -0.037659 0.135981
v 0.005014 -0.050784 0.135074
v 0.004785 -0.057041 0.135187
v 0.004069 0.032321 0.135367
v 0.003761 0.019997 0.135378
v 0.003968 0.007319 0.136022
v 0.004155 -0.006000 0.136598
v 0.004500 -0.018751 0.136489
v 0.004936 -0.032954 0.136357
v 0.004956 -0.044342 0.136500
v 0.005072 -0.065300 0.136505
v 0.003092 0.039602 0.136380
v 0.004873 -0.057780 0.127161
v 0.004946 -0.043609 0.127050
v 0.004673 -0.033111 0.127502
v 0.004972 -0.019751 0.127331
v 0.004195 -0.004836 0.127488
v 0.004578 0.006737 0.127379
v 0.003698 0.019434 0.126434
v 0.003252 0.032103 0.127397
v 0.004975 -0.050669 0.042816
v 0.004963 -0.050667 0.081308
v 0.004791 -0.037822 0.042816
v 0.004766 -0.037818 0.081308
v 0.004644 -0.024980 0.042816
v 0.004644 -0.024980 0.081308
v 0.004484 -0.012136 0.042816
v 0.004495 -0.012138 0.081308
v 0.004300 0.000711 0.042816
v 0.004298 0.000711 0.081308
v 0.004117 0.013558 0.042816
v 0.004105 0.013559 0.081308
v 0.003942 0.026403 0.042816
v 0.003927 0.026405 0.081308
v 0.005150 -0.063514 0.042816
v 0.005142 -0.063513 0.081308
v 0.003755 0.039250 0.042816
v 0.003725 0.039254 0.081308
v 0.005133 -0.064472 0.042816
v 0.005123 -0.064470 0.081308
v 0.003790 0.040134 0.042816
v 0.003780 0.040136 0.081308
v 0.003187 0.037654 0.003060
v 0.003786 -0.064188 0.003060
v 0.002428 0.037768 0.136253
v 0.003728 -0.064179 0.136253
v 0.003761 -0.064184 0.120378
v 0.003096 0.037668 0.120378
v 0.003148 0.025727 0.003060
v 0.003432 0.013273 0.003060
v 0.003175 0.000022 0.003060
v 0.002992 -0.012849 0.003060
v 0.003419 -0.025662 0.003060
v 0.003977 -0.038462 0.003060
v 0.004142 -0.051300 0.003060
v 0.002894 0.025726 0.136253
v 0.003293 0.013288 0.136253
v 0.003291 -0.000006 0.136253
v 0.003469 -0.012920 0.136253
v 0.003393 -0.025532 0.136253
v 0.003437 -0.038240 0.136253
v 0.003682 -0.051244 0.136253
v 0.003265 0.025656 0.120378
v 0.003396 0.013278 0.120378
v 0.003171 0.000023 0.120378
v 0.003026 -0.012854 0.120378
v 0.003418 -0.025662 0.120378
v 0.003903 -0.038451 0.120378
v 0.004107 -0.051294 0.120378
v 0.003045 0.037675 0.128316
v 0.003748 -0.064182 0.128316
v 0.003376 -0.051299 0.128316
v 0.003871 -0.038396 0.128316
v 0.003440 -0.025584 0.128316
v 0.003078 -0.012862 0.128316
v 0.003097 0.000031 0.128316
v 0.003414 0.013274 0.128316
v 0.003336 0.025540 0.128316
v 0.003086 -0.057635 0.136253
v 0.002717 0.032038 0.136253
v 0.002880 0.019292 0.136253
v 0.003020 0.006452 0.136253
v 0.003087 -0.006397 0.136253
v 0.003893 -0.019299 0.136253
v 0.004087 -0.031590 0.136253
v 0.003498 -0.044875 0.136253
v 0.003766 -0.065144 0.003060
v 0.003691 -0.065133 0.136253
v 0.003736 -0.065140 0.120378
v 0.003713 -0.065136 0.128316
v 0.003206 0.038540 0.003060
v 0.002451 0.038652 0.136253
v 0.003174 0.038544 0.120378
v 0.002910 0.038584 0.128316
v 0.003786 -0.064188 0.004903
v 0.003187 0.037654 0.004903
v 0.004142 -0.051300 0.004903
v 0.003977 -0.038462 0.004903
v 0.003419 -0.025662 0.004903
v 0.002992 -0.012849 0.004903
v 0.003175 0.000022 0.004903
v 0.003432 0.013273 0.004903
v 0.003148 0.025727 0.004903
v 0.003766 -0.065144 0.004903
v 0.003206 0.038540 0.004903
v 0.002467 0.037762 0.137292
v 0.003670 -0.064170 0.137292
v 0.002851 0.025732 0.137292
v 0.003041 0.013330 0.137292
v 0.003221 0.000007 0.137292
v 0.003533 -0.012930 0.137292
v 0.003509 -0.025457 0.137292
v 0.003883 -0.038420 0.137292
v 0.004070 -0.051289 0.137292
v 0.003048 -0.057639 0.137292
v 0.002894 0.031924 0.137292
v 0.002914 0.019338 0.137292
v 0.002687 0.006705 0.137292
v 0.003344 -0.006431 0.137292
v 0.003827 -0.019285 0.137292
v 0.003808 -0.031543 0.137292
v 0.003611 -0.044913 0.137292
v 0.003574 -0.065116 0.137292
v 0.002410 0.038658 0.137292
v 0.003531 -0.058043 0.128316
v 0.003519 -0.044202 0.128316
v 0.003472 -0.031908 0.128316
v 0.003547 -0.020106 0.128316
v 0.003100 -0.004940 0.128316
v 0.003241 0.006276 0.128316
v 0.002947 0.018797 0.128316
v 0.002848 0.031650 0.128316
v 0.004131 -0.051298 0.043393
v 0.004119 -0.051296 0.081884
v 0.003952 -0.038458 0.043393
v 0.003928 -0.038454 0.081884
v 0.003419 -0.025662 0.043393
v 0.003419 -0.025662 0.081884
v 0.003004 -0.012851 0.043393
v 0.003015 -0.012852 0.081884
v 0.003174 0.000022 0.043393
v 0.003172 0.000023 0.081884
v 0.003420 0.013275 0.043393
v 0.003408 0.013277 0.081884
v 0.003132 0.025730 0.043393
v 0.003117 0.025732 0.081884
v 0.003778 -0.064186 0.043393
v 0.003769 -0.064185 0.081884
v 0.003157 0.037658 0.043393
v 0.003126 0.037663 0.081884
v 0.003756 -0.065143 0.043393
v 0.003746 -0.065141 0.081884
v 0.003195 0.038541 0.043393
v 0.003185 0.038543 0.081884
v 0.001972 -0.063642 0.003060
v 0.002184 0.038113 0.003060
v 0.002731 -0.063780 0.136253
v 0.002242 0.038102 0.136253
v 0.002209 0.038108 0.120378
v 0.002064 -0.063659 0.120378
v 0.002106 -0.051729 0.003060
v 0.001921 -0.039279 0.003060
v 0.002284 -0.026050 0.003060
v 0.002569 -0.013198 0.003060
v 0.002244 -0.000385 0.003060
v 0.001788 0.012420 0.003060
v 0.001724 0.025250 0.003060
v 0.002360 -0.051737 0.136253
v 0.002060 -0.039299 0.136253
v 0.002168 -0.026018 0.136253
v 0.002093 -0.013112 0.136253
v 0.002269 -0.000516 0.136253
v 0.002326 0.012180 0.136253
v 0.002184 0.025179 0.136253
v 0.001989 -0.051654 0.120378
v 0.001958 -0.039286 0.120378
v 0.002288 -0.026051 0.120378
v 0.002535 -0.013192 0.120378
v 0.002245 -0.000385 0.120378
v 0.001861 0.012407 0.120378
v 0.001760 0.025244 0.120378
v 0.002114 -0.063668 0.128316
v 0.002222 0.038106 0.128316
v 0.002492 0.025224 0.128316
v 0.001893 0.012351 0.128316
v 0.002222 -0.000462 0.128316
v 0.002483 -0.013183 0.128316
v 0.002362 -0.026062 0.128316
v 0.001939 -0.039281 0.128316
v 0.001919 -0.051536 0.128316
v 0.002832 0.031544 0.136253
v 0.002488 -0.058047 0.136253
v 0.002425 -0.045309 0.136253
v 0.002388 -0.032478 0.136253
v 0.002423 -0.019640 0.136253
v 0.001719 -0.006726 0.136253
v 0.001623 0.005560 0.136253
v 0.002318 0.018811 0.136253
v 0.002211 0.039068 0.003060
v 0.002286 0.039054 0.136253
v 0.002241 0.039062 0.120378
v 0.002264 0.039058 0.128316
v 0.001946 -0.064526 0.003060
v 0.002701 -0.064664 0.136253
v 0.001978 -0.064532 0.120378
v 0.002242 -0.064580 0.128316
v 0.002184 0.038113 0.004903
v 0.001972 -0.063642 0.004903
v 0.001724 0.025250 0.004903
v 0.001788 0.012420 0.004903
v 0.002244 -0.000385 0.004903
v 0.002569 -0.013198 0.004903
v 0.002284 -0.026050 0.004903
v 0.001921 -0.039279 0.004903
v 0.002106 -0.051729 0.004903
v 0.002211 0.039068 0.004903
v 0.001946 -0.064526 0.004903
v 0.002692 -0.063773 0.137292
v 0.002300 0.038092 0.137292
v 0.002404 -0.051743 0.137292
v 0.002312 -0.039349 0.137292
v 0.002238 -0.026033 0.137292
v 0.002029 -0.013100 0.137292
v 0.002152 -0.000587 0.137292
v 0.001881 0.012375 0.137292
v 0.001797 0.025237 0.137292
v 0.002870 0.031546 0.137292
v 0.002311 -0.057928 0.137292
v 0.002391 -0.045354 0.137292
v 0.002719 -0.032742 0.137292
v 0.002166 -0.019598 0.137292
v 0.001785 -0.006742 0.137292
v 0.001902 0.005503 0.137292
v 0.002205 0.018852 0.137292
v 0.002404 0.039033 0.137292
v 0.002742 -0.064671 0.137292
v 0.002390 0.031966 0.128316
v 0.002292 0.018139 0.128316
v 0.002240 0.005856 0.128316
v 0.002072 -0.005931 0.128316
v 0.002398 -0.021096 0.128316
v 0.002168 -0.032295 0.128316
v 0.002363 -0.044813 0.128316
v 0.002359 -0.057656 0.128316
v 0.001736 0.025248 0.043393
v 0.001748 0.025246 0.081885
v 0.001812 0.012416 0.043393
v 0.001837 0.012411 0.081885
v 0.002244 -0.000385 0.043393
v 0.002244 -0.000385 0.081885
v 0.002558 -0.013196 0.043393
v 0.002547 -0.013194 0.081885
v 0.002285 -0.026050 0.043393
v 0.002287 -0.026051 0.081885
v 0.001933 -0.039281 0.043393
v 0.001945 -0.039283 0.081885
v 0.002122 -0.051732 0.043393
v 0.002137 -0.051735 0.081885
v 0.002192 0.038111 0.043393
v 0.002200 0.038110 0.081885
v 0.002002 -0.063648 0.043393
v 0.002033 -0.063653 0.081885
v 0.002221 0.039066 0.043393
v 0.002231 0.039064 0.081885
v 0.001957 -0.064528 0.043393
v 0.001967 -0.064530 0.081885
v 0.001693 -0.064586 0.002034
v 0.001532 0.038075 0.002484
v 0.001957 -0.064748 0.135349
v 0.001374 0.038937 0.134864
v 0.001558 0.038078 0.119723
v 0.001820 -0.064514 0.119226
v 0.001673 -0.051753 0.000674
v 0.001652 -0.038920 0.002478
v 0.001632 -0.026088 0.002484
v 0.001612 -0.013255 0.002484
v 0.001592 -0.000422 0.002484
v 0.001572 0.012410 0.002484
v 0.001552 0.025243 0.002484
v 0.001986 -0.051639 0.133468
v 0.001274 -0.038898 0.134468
v 0.001615 -0.025802 0.135613
v 0.001567 -0.013224 0.135468
v 0.001254 -0.000558 0.135331
v 0.001622 0.012738 0.134983
v 0.001705 0.025198 0.133931
v 0.001720 -0.051756 0.117634
v 0.001683 -0.038937 0.119552
v 0.001622 -0.025905 0.119701
v 0.001402 -0.013328 0.119664
v 0.001601 0.000057 0.119740
v 0.001560 0.012323 0.119759
v 0.001588 0.025236 0.119778
v 0.001550 -0.064687 0.127405
v 0.001568 0.038566 0.127679
v 0.001833 0.025159 0.127632
v 0.001223 0.012328 0.127413
v 0.001373 0.000217 0.127435
v 0.001766 -0.013126 0.127606
v 0.001617 -0.025973 0.127436
v 0.001702 -0.038885 0.127143
v 0.001836 -0.051858 0.125512
v 0.001842 0.031750 0.134395
v 0.001612 -0.058291 0.134486
v 0.001675 -0.045234 0.135176
v 0.001925 -0.032384 0.135026
v 0.002069 -0.019439 0.135492
v 0.001980 -0.006688 0.135548
v 0.001376 0.007870 0.135464
v 0.001442 0.018660 0.135450
v 0.001560 0.039030 0.002484
v 0.001500 0.039878 0.135528
v 0.001596 0.039099 0.119795
v 0.001605 0.039327 0.127184
v 0.001667 -0.065470 0.001974
v 0.002168 -0.065407 0.135024
v 0.001585 -0.065519 0.119693
v 0.001865 -0.065279 0.127158
v 0.001532 0.038075 0.004327
v 0.001693 -0.064586 0.003712
v 0.001552 0.025243 0.004327
v 0.001572 0.012410 0.004327
v 0.001592 -0.000422 0.004327
v 0.001612 -0.013255 0.004327
v 0.001632 -0.026088 0.004327
v 0.001652 -0.038920 0.004261
v 0.001673 -0.051753 0.002159
v 0.001560 0.039030 0.004327
v 0.001667 -0.065470 0.003711
v 0.002284 -0.064535 0.136240
v 0.001486 0.038919 0.136029
v 0.002014 -0.051800 0.134510
v 0.001880 -0.038850 0.136322
v 0.001813 -0.025295 0.135893
v 0.001840 -0.013136 0.136516
v 0.001379 -0.000112 0.136379
v 0.001824 0.012232 0.135981
v 0.001527 0.025358 0.135074
v 0.001830 0.031594 0.135187
v 0.001491 -0.057658 0.135367
v 0.001945 -0.045369 0.135378
v 0.001888 -0.032702 0.136022
v 0.001857 -0.019395 0.136598
v 0.001663 -0.006648 0.136489
v 0.001394 0.007553 0.136357
v 0.001508 0.018923 0.136500
v 0.001640 0.039853 0.136505
v 0.002383 -0.064975 0.136380
v 0.001751 0.032335 0.127161
v 0.001510 0.018191 0.127050
v 0.001659 0.007697 0.127502
v 0.001202 -0.005627 0.127331
v 0.001804 -0.020555 0.127488
v 0.001284 -0.032090 0.127379
v 0.002015 -0.044810 0.126434
v 0.002312 -0.057480 0.127397
v 0.001564 0.025240 0.042816
v 0.001576 0.025238 0.081308
v 0.001597 0.012406 0.042816
v 0.001621 0.012401 0.081308
v 0.001592 -0.000423 0.042816
v 0.001593 -0.000423 0.081308
v 0.001601 -0.013253 0.042816
v 0.001590 -0.013251 0.081308
v 0.001634 -0.026088 0.042816
v 0.001635 -0.026088 0.081308
v 0.001665 -0.038923 0.042816
v 0.001677 -0.038925 0.081308
v 0.001688 -0.051756 0.042816
v 0.001704 -0.051759 0.081308
v 0.001540 0.038074 0.042816
v 0.001549 0.038072 0.081308
v 0.001723 -0.064591 0.042816
v 0.001754 -0.064597 0.081308
v 0.001570 0.039028 0.042816
v 0.001579 0.039027 0.081308
v 0.001678 -0.065472 0.042816
v 0.001688 -0.065474 0.081308
v 0.001165 -0.064033 0.001384
v 0.001394 0.038839 0.001384
v 0.000994 -0.064268 0.134314
v 0.001263 0.039664 0.133712
v 0.001368 0.038845 0.118623
v 0.001164 -0.064092 0.118662
v 0.001194 -0.051174 0.001384
v 0.001222 -0.038315 0.001384
v 0.001251 -0.025456 0.001384
v 0.001280 -0.012597 0.001384
v 0.001308 0.000262 0.001384
v 0.001337 0.013121 0.001384
v 0.001366 0.025980 0.001384
v 0.000922 -0.051050 0.134523
v 0.001447 -0.038438 0.134370
v 0.001520 -0.025367 0.134408
v 0.001252 -0.012570 0.134468
v 0.001401 0.000502 0.134437
v 0.000739 0.014089 0.134166
v 0.000938 0.026202 0.132914
v 0.001146 -0.051170 0.118702
v 0.001227 -0.038327 0.118683
v 0.001288 -0.025333 0.118677
v 0.001490 -0.012698 0.118564
v 0.001273 0.000790 0.118662
v 0.001300 0.013137 0.118702
v 0.001330 0.025978 0.118678
v 0.001468 -0.064341 0.126446
v 0.001312 0.039331 0.126575
v 0.001060 0.026014 0.126563
v 0.001279 0.013168 0.126269
v 0.001400 0.001106 0.126446
v 0.001070 -0.012454 0.126592
v 0.001275 -0.025514 0.126545
v 0.001417 -0.038365 0.126531
v 0.001042 -0.051271 0.126574
v 0.000582 0.032538 0.133160
v 0.001380 -0.057887 0.134347
v 0.001283 -0.044639 0.134465
v 0.000907 -0.031933 0.134390
v 0.000994 -0.018975 0.134510
v 0.000865 -0.005834 0.134515
v 0.001421 0.008953 0.134564
v 0.001194 0.019791 0.134547
v 0.001367 0.039800 0.001384
v 0.001219 0.040624 0.134402
v 0.001331 0.039874 0.118695
v 0.001288 0.040102 0.126076
v 0.001190 -0.064922 0.001384
v 0.000767 -0.064883 0.134420
v 0.001279 -0.064991 0.118649
v 0.001286 -0.065049 0.126463
v 0.001394 0.038839 0.003226
v 0.001165 -0.064033 0.003226
v 0.001366 0.025980 0.003226
v 0.001337 0.013121 0.003226
v 0.001308 0.000262 0.003226
v 0.001280 -0.012597 0.003226
v 0.001251 -0.025456 0.003226
v 0.001222 -0.038315 0.003226
v 0.001194 -0.051174 0.003226
v 0.001367 0.039800 0.003226
v 0.001190 -0.064922 0.003226
v 0.001161 -0.064592 0.135309
v 0.001205 0.039662 0.134894
v 0.000873 -0.051196 0.135570
v 0.000864 -0.038346 0.135592
v 0.001398 -0.025429 0.135412
v 0.000890 -0.012431 0.135628
v 0.001228 0.001076 0.135537
v 0.000719 0.013881 0.135306
v 0.001279 0.026126 0.133953
v 0.000595 0.032384 0.133953
v 0.001553 -0.057330 0.135390
v 0.001204 -0.044737 0.135524
v 0.001361 -0.032075 0.135226
v 0.001398 -0.018908 0.135507
v 0.001094 -0.005746 0.135497
v 0.001172 0.008913 0.135580
v 0.001134 0.019998 0.135564
v 0.001102 0.040618 0.135386
v 0.001478 -0.065506 0.135139
v 0.001130 0.033114 0.126048
v 0.001103 0.019125 0.126001
v 0.000934 0.008852 0.126575
v 0.001531 -0.004811 0.126323
v 0.001141 -0.020092 0.126579
v 0.001539 -0.031646 0.126435
v 0.001045 -0.044168 0.126624
v 0.000849 -0.057178 0.126599
v 0.001354 0.025980 0.041716
v 0.001342 0.025979 0.080208
v 0.001312 0.013120 0.041716
v 0.001288 0.013119 0.080208
v 0.001308 0.000262 0.041716
v 0.001308 0.000262 0.080208
v 0.001291 -0.012596 0.041716
v 0.001302 -0.012596 0.080208
v 0.001250 -0.025456 0.041716
v 0.001248 -0.025456 0.080208
v 0.001210 -0.038316 0.041716
v 0.001198 -0.038316 0.080208
v 0.001178 -0.051175 0.041716
v 0.001163 -0.051176 0.080208
v 0.001386 0.038839 0.041716
v 0.001377 0.038838 0.080208
v 0.001135 -0.064034 0.041716
v 0.001104 -0.064036 0.080208
v 0.001357 0.039800 0.041716
v 0.001348 0.039799 0.080208
v 0.001180 -0.064923 0.041716
v 0.001170 -0.064924 0.080208
v 0.000395 -0.063756 0.003060
v 0.000624 0.039116 0.003060
v -0.000362 -0.063794 0.136253
v 0.000566 0.039114 0.136253
v 0.000599 0.039115 0.120378
v 0.000304 -0.063760 0.120378
v 0.000424 -0.050896 0.003060
v 0.000452 -0.038038 0.003060
v 0.000481 -0.025178 0.003060
v 0.000510 -0.012320 0.003060
v 0.000538 0.000540 0.003060
v 0.000567 0.013398 0.003060
v 0.000596 0.026258 0.003060
v 0.000052 -0.050916 0.136253
v 0.000222 -0.038049 0.136253
v 0.000409 -0.025182 0.136253
v 0.000985 -0.012295 0.136253
v 0.000096 0.000517 0.136253
v -0.000194 0.013360 0.136253
v 0.000190 0.026237 0.136253
v 0.000378 -0.050899 0.120378
v 0.000416 -0.038040 0.120378
v 0.000477 -0.025179 0.120378
v 0.000543 -0.012318 0.120378
v 0.000538 0.000540 0.120378
v 0.000494 0.013395 0.120378
v 0.000560 0.026256 0.120378
v 0.000253 -0.063763 0.128316
v 0.000586 0.039114 0.128316
v 0.000294 0.026242 0.128316
v 0.000301 0.013385 0.128316
v 0.000443 0.000535 0.128316
v 0.000596 -0.012315 0.128316
v 0.000351 -0.025185 0.128316
v 0.000409 -0.038040 0.128316
v 0.000125 -0.050912 0.128316
v -0.000174 0.032647 0.136253
v 0.000088 -0.057342 0.136253
v 0.000284 -0.044475 0.136253
v -0.000264 -0.031646 0.136253
v 0.000432 -0.018752 0.136253
v 0.000968 -0.005867 0.136253
v 0.000581 0.006970 0.136253
v 0.000270 0.019812 0.136253
v 0.000597 0.040077 0.003060
v 0.000523 0.040074 0.136253
v 0.000568 0.040076 0.120378
v 0.000545 0.040075 0.128316
v 0.000420 -0.064645 0.003060
v -0.000332 -0.064684 0.136253
v 0.000389 -0.064647 0.120378
v 0.000125 -0.064660 0.128316
v 0.000624 0.039116 0.004903
v 0.000395 -0.063756 0.004903
v 0.000596 0.026258 0.004903
v 0.000567 0.013398 0.004903
v 0.000538 0.000540 0.004903
v 0.000510 -0.012320 0.004903
v 0.000481 -0.025178 0.004903
v 0.000452 -0.038038 0.004903
v 0.000424 -0.050896 0.004903
v 0.000597 0.040077 0.004903
v 0.000420 -0.064645 0.004903
v -0.000323 -0.063792 0.137292
v 0.000508 0.039111 0.137292
v 0.000005 -0.050918 0.137292
v 0.000043 -0.038058 0.137292
v 0.000375 -0.025184 0.137292
v 0.001049 -0.012292 0.137292
v 0.000046 0.000514 0.137292
v -0.000219 0.013358 0.137292
v 0.000522 0.026254 0.137292
v -0.000174 0.032647 0.137292
v 0.000326 -0.057330 0.137292
v 0.000238 -0.044477 0.137292
v -0.000264 -0.031645 0.137292
v 0.000669 -0.018740 0.137292
v 0.000887 -0.005872 0.137292
v 0.000170 0.006950 0.137292
v 0.000315 0.019814 0.137292
v 0.000406 0.040068 0.137292
v -0.000373 -0.064686 0.137292
v 0.000396 0.032987 0.128316
v 0.000328 0.019144 0.128316
v 0.000302 0.006944 0.128316
v 0.000690 -0.005039 0.128316
v 0.000403 -0.020204 0.128316
v 0.000322 -0.031292 0.128316
v 0.000243 -0.043889 0.128316
v 0.000012 -0.057084 0.128316
v 0.000584 0.026257 0.043393
v 0.000572 0.026256 0.081885
v 0.000542 0.013397 0.043393
v 0.000518 0.013396 0.081885
v 0.000538 0.000540 0.043393
v 0.000538 0.000540 0.081885
v 0.000521 -0.012319 0.043393
v 0.000532 -0.012318 0.081885
v 0.000480 -0.025179 0.043393
v 0.000478 -0.025179 0.081885
v 0.000440 -0.038038 0.043393
v 0.000428 -0.038039 0.081885
v 0.000408 -0.050897 0.043393
v 0.000393 -0.050898 0.081885
v 0.000616 0.039116 0.043393
v 0.000607 0.039116 0.081885
v 0.000365 -0.063757 0.043393
v 0.000334 -0.063759 0.081885
v 0.000587 0.040077 0.043393
v 0.000578 0.040076 0.081885
v 0.000410 -0.064646 0.043393
v 0.000399 -0.064646 0.081885
v -0.012917 0.044276 0.000000
v -0.012917 0.044276 0.000000
v -0.015544 0.042268 0.138198
v -0.015544 0.042268 0.138198
v -0.015544 0.042268 0.138198
v -0.012917 0.044276 0.138198
v -0.012917 0.044276 0.138198
v -0.015544 0.042268 0.000000
v -0.015544 0.042268 0.000000
v -0.015544 0.042268 0.000000
v -0.008188 0.044276 0.000514
v 0.007292 0.044276 0.138198
v 0.007292 0.044276 0.138198
v -0.015544 -0.068707 0.138198
v -0.015544 -0.068707 0.138198
v -0.015544 -0.068707 0.138198
v -0.015544 -0.068707 0.000000
v -0.015544 -0.068707 0.000000
v -0.015544 -0.068707 0.000000
v -0.015544 0.040216 0.000000
v -0.015544 0.040216 0.000000
v -0.015544 0.040216 0.138198
v -0.015544 0.040216 0.138198
v -0.014713 0.042903 0.138198
v -0.014713 0.042903 0.138198
v -0.014713 0.042903 0.000000
v -0.014713 0.042903 0.000000
v -0.013714 0.043667 0.138198
v -0.013714 0.043667 0.138198
v -0.013714 0.043667 0.000000
v -0.013714 0.043667 0.000000
v -0.011571 0.044276 0.138198
v -0.011571 0.044276 0.138198
v -0.011571 0.044276 0.000000
v -0.011571 0.044276 0.000000
v -0.015544 0.042268 0.120388
v -0.015544 0.042268 0.120388
v -0.012917 0.044276 0.120388
v 0.007292 0.044276 0.000514
v -0.015544 -0.068707 0.120388
v -0.015544 -0.068707 0.120388
v -0.014713 0.042903 0.120388
v -0.013714 0.043667 0.120388
v -0.011571 0.044276 0.120388
v -0.015544 0.040216 0.120388
v -0.015544 0.042268 0.137122
v -0.015544 0.042268 0.137122
v -0.012917 0.044276 0.137122
v 0.007292 0.044276 0.001028
v -0.015544 -0.068707 0.137122
v -0.015544 -0.068707 0.137122
v -0.014713 0.042903 0.137122
v -0.013714 0.043667 0.137122
v -0.011571 0.044276 0.137122
v -0.015544 0.040216 0.137122
v -0.015544 0.042268 0.137660
v -0.015544 0.042268 0.137660
v -0.012917 0.044276 0.137660
v -0.008188 0.044276 0.001028
v -0.015544 -0.068707 0.137660
v -0.015544 -0.068707 0.137660
v -0.014713 0.042903 0.137660
v -0.013714 0.043667 0.137660
v -0.011571 0.044276 0.137660
v -0.015544 0.040216 0.137660
v -0.015544 0.042268 0.001028
v -0.015544 0.042268 0.001028
v -0.012917 0.044276 0.001028
v -0.008188 0.044276 0.137660
v -0.015544 -0.068707 0.001028
v -0.015544 -0.068707 0.001028
v -0.014713 0.042903 0.001028
v -0.013714 0.043667 0.001028
v -0.011571 0.044276 0.001028
v -0.015544 0.040216 0.001028
v -0.015544 0.042268 0.000514
v -0.015544 0.042268 0.000514
v -0.012917 0.044276 0.000514
v 0.007292 0.044276 0.120388
v -0.015544 -0.068707 0.000514
v -0.015544 -0.068707 0.000514
v -0.014713 0.042903 0.000514
v -0.013714 0.043667 0.000514
v -0.011571 0.044276 0.000514
v -0.015544 0.040216 0.000514
v 0.012022 0.044276 0.000000
v 0.012022 0.044276 0.000000
v 0.014648 0.042268 0.138198
v 0.014648 0.042268 0.138198
v 0.014648 0.042268 0.138198
v 0.012022 0.044276 0.138198
v 0.012022 0.044276 0.138198
v 0.014648 0.042268 0.000000
v 0.014648 0.042268 0.000000
v 0.014648 0.042268 0.000000
v -0.008188 0.044276 0.120388
v 0.007292 0.044276 0.137660
v 0.014648 -0.068707 0.138198
v 0.014648 -0.068707 0.138198
v 0.014648 -0.068707 0.138198
v 0.014648 -0.068707 0.000000
v 0.014648 -0.068707 0.000000
v 0.014648 -0.068707 0.000000
v 0.014648 0.040216 0.000000
v 0.014648 0.040216 0.000000
v 0.014648 0.040216 0.138198
v 0.014648 0.040216 0.138198
v 0.013818 0.042903 0.138198
v 0.013818 0.042903 0.138198
v 0.013818 0.042903 0.000000
v 0.013818 0.042903 0.000000
v 0.012818 0.043667 0.138198
v 0.012818 0.043667 0.138198
v 0.012818 0.043667 0.000000
v 0.012818 0.043667 0.000000
v 0.010676 0.044276 0.138198
v 0.010676 0.044276 0.138198
v 0.010676 0.044276 0.000000
v 0.010676 0.044276 0.000000
v 0.014648 0.042268 0.120388
v 0.014648 0.042268 0.120388
v 0.012022 0.044276 0.120388
v 0.007292 0.044276 0.000000
v 0.007292 0.044276 0.000000
v 0.014648 -0.068707 0.120388
v 0.014648 -0.068707 0.120388
v 0.013818 0.042903 0.120388
v 0.012818 0.043667 0.120388
v 0.010676 0.044276 0.120388
v 0.014648 0.040216 0.120388
v 0.014648 0.042268 0.137122
v 0.014648 0.042268 0.137122
v 0.012022 0.044276 0.137122
v -0.008188 0.044276 0.137122
v 0.014648 -0.068707 0.137122
v 0.014648 -0.068707 0.137122
v 0.013818 0.042903 0.137122
v 0.012818 0.043667 0.137122
v 0.010676 0.044276 0.137122
v 0.014648 0.040216 0.137122
v 0.014648 0.042268 0.137660
v 0.014648 0.042268 0.137660
v 0.012022 0.044276 0.137660
v 0.007292 0.044276 0.137122
v 0.014648 -0.068707 0.137660
v 0.014648 -0.068707 0.137660
v 0.013818 0.042903 0.137660
v 0.012818 0.043667 0.137660
v 0.010676 0.044276 0.137660
v 0.014648 0.040216 0.137660
v 0.014648 0.042268 0.001028
v 0.014648 0.042268 0.001028
v 0.012022 0.044276 0.001028
v -0.008188 0.044276 0.000000
v -0.008188 0.044276 0.000000
v 0.014648 -0.068707 0.001028
v 0.014648 -0.068707 0.001028
v 0.013818 0.042903 0.001028
v 0.012818 0.043667 0.001028
v 0.010676 0.044276 0.001028
v 0.014648 0.040216 0.001028
v 0.014648 0.042268 0.000514
v 0.014648 0.042268 0.000514
v 0.012022 0.044276 0.000514
v -0.008188 0.044276 0.138198
v -0.008188 0.044276 0.138198
v 0.014648 -0.068707 0.000514
v 0.014648 -0.068707 0.000514
v 0.013818 0.042903 0.000514
v 0.012818 0.043667 0.000514
v 0.010676 0.044276 0.000514
v 0.014648 0.040216 0.000514
v -0.015544 0.042268 0.026606
v -0.015544 0.042268 0.026606
v -0.012917 0.044276 0.026606
v -0.015544 -0.068707 0.026606
v -0.015544 -0.068707 0.026606
v -0.014713 0.042903 0.026606
v -0.013714 0.043667 0.026606
v -0.011571 0.044276 0.026606
v -0.015544 0.040216 0.026606
v -0.008188 0.044276 0.026606
v 0.007292 0.044276 0.026606
v 0.014648 0.042268 0.026606
v 0.014648 0.042268 0.026606
v 0.012022 0.044276 0.026606
v 0.014648 -0.068707 0.026606
v 0.014648 -0.068707 0.026606
v 0.013818 0.042903 0.026606
v 0.012818 0.043667 0.026606
v 0.010676 0.044276 0.026606
v 0.014648 0.040216 0.026606
v -0.015544 -0.068707 0.010902
v -0.015544 -0.068707 0.010902
v -0.012917 0.044276 0.010902
v -0.015544 0.042268 0.010902
v -0.015544 0.042268 0.010902
v -0.014713 0.042903 0.010902
v -0.013714 0.043667 0.010902
v -0.011571 0.044276 0.010902
v -0.015544 0.040216 0.010902
v -0.008188 0.044276 0.010902
v 0.007292 0.044276 0.010902
v 0.014648 0.042268 0.010902
v 0.014648 0.042268 0.010902
v 0.012022 0.044276 0.010902
v 0.014648 -0.068707 0.010902
v 0.014648 -0.068707 0.010902
v 0.013818 0.042903 0.010902
v 0.012818 0.043667 0.010902
v 0.010676 0.044276 0.010902
v 0.014648 0.040216 0.010902
v -0.000448 0.044276 0.024204
v -0.000448 0.044276 0.024204
v 0.002277 0.044276 0.023474
v 0.002277 0.044276 0.023474
v 0.002277 0.044276 0.023474
v 0.004272 0.044276 0.021479
v 0.004272 0.044276 0.021479
v 0.005002 0.044276 0.018754
v 0.005002 0.044276 0.018754
v 0.004272 0.044276 0.016029
v 0.004272 0.044276 0.016029
v 0.004272 0.044276 0.016029
v 0.002277 0.044276 0.014035
v 0.002277 0.044276 0.014035
v -0.000448 0.044276 0.013305
v -0.000448 0.044276 0.013305
v -0.003172 0.044276 0.014035
v -0.003172 0.044276 0.014035
v -0.005167 0.044276 0.016029
v -0.005167 0.044276 0.016029
v -0.005167 0.044276 0.016029
v -0.005897 0.044276 0.018754
v -0.005897 0.044276 0.018754
v -0.005167 0.044276 0.021479
v -0.005167 0.044276 0.021479
v -0.003172 0.044276 0.023474
v -0.003172 0.044276 0.023474
v -0.003172 0.044276 0.023474
v -0.000448 0.044276 0.024936
v 0.002643 0.044276 0.024108
v 0.004906 0.044276 0.021845
v 0.005734 0.044276 0.018754
v 0.004906 0.044276 0.015663
v 0.002643 0.044276 0.013400
v -0.000448 0.044276 0.012572
v -0.003539 0.044276 0.013400
v -0.005801 0.044276 0.015663
v -0.006630 0.044276 0.018754
v -0.005801 0.044276 0.021845
v -0.003539 0.044276 0.024108
v -0.003356 0.044276 0.023791
v -0.000448 0.044276 0.024570
v -0.005484 0.044276 0.021662
v -0.006264 0.044276 0.018754
v -0.005484 0.044276 0.015846
v -0.003356 0.044276 0.013718
v -0.000448 0.044276 0.012938
v 0.002460 0.044276 0.013718
v 0.004589 0.044276 0.015846
v 0.005368 0.044276 0.018754
v 0.004589 0.044276 0.021662
v 0.002460 0.044276 0.023791
v -0.015544 0.003909 0.000000
v -0.015544 0.003909 0.000000
v -0.015544 -0.032399 0.000000
v -0.015544 -0.032399 0.000000
v -0.015544 0.003909 0.138198
v -0.015544 0.003909 0.138198
v -0.015544 -0.032399 0.138198
v -0.015544 -0.032399 0.138198
v -0.015544 0.003909 0.120388
v -0.015544 -0.032399 0.120388
v -0.015544 0.003909 0.137122
v -0.015544 -0.032399 0.137122
v -0.015544 0.003909 0.137660
v -0.015544 -0.032399 0.137660
v -0.015544 0.003909 0.001028
v -0.015544 -0.032399 0.001028
v -0.015544 0.003909 0.000514
v -0.015544 -0.032399 0.000514
v -0.015544 0.003909 0.026606
v -0.015544 -0.032399 0.026606
v -0.015544 0.003909 0.010902
v -0.015544 -0.032399 0.010902
v 0.014648 0.003909 0.000000
v 0.014648 0.003909 0.000000
v 0.014648 -0.032399 0.000000
v 0.014648 -0.032399 0.000000
v 0.014648 0.003909 0.138198
v 0.014648 0.003909 0.138198
v 0.014648 -0.032399 0.138198
v 0.014648 -0.032399 0.138198
v 0.014648 0.003909 0.120388
v 0.014648 -0.032399 0.120388
v 0.014648 0.003909 0.137122
v 0.014648 -0.032399 0.137122
v 0.014648 0.003909 0.137660
v 0.014648 -0.032399 0.137660
v 0.014648 0.003909 0.001028
v 0.014648 -0.032399 0.001028
v 0.014648 0.003909 0.000514
v 0.014648 -0.032399 0.000514
v 0.014648 0.003909 0.026606
v 0.014648 -0.032399 0.026606
v 0.014648 0.003909 0.010902
v 0.014648 -0.032399 0.010902
v -0.012524 0.043114 0.000000
v -0.012524 0.043114 0.000000
v -0.014381 0.041694 0.138198
v -0.014381 0.041694 0.138198
v -0.014381 0.041694 0.138198
v -0.012524 0.043114 0.138198
v -0.012524 0.043114 0.138198
v -0.014381 0.041694 0.000000
v -0.014381 0.041694 0.000000
v -0.014381 0.041694 0.000000
v -0.008188 0.043114 0.000514
v 0.007292 0.043114 0.138198
v 0.007292 0.043114 0.138198
v -0.014381 -0.068707 0.138198
v -0.014381 -0.068707 0.138198
v -0.014381 -0.068707 0.138198
v -0.014381 -0.068707 0.000000
v -0.014381 -0.068707 0.000000
v -0.014381 -0.068707 0.000000
v -0.014381 0.040216 0.000000
v -0.014381 0.040216 0.000000
v -0.014381 0.040216 0.138198
v -0.014381 0.040216 0.138198
v -0.014007 0.041980 0.138198
v -0.014007 0.041980 0.138198
v -0.014007 0.041980 0.000000
v -0.014007 0.041980 0.000000
v -0.013008 0.042744 0.138198
v -0.013008 0.042744 0.138198
v -0.013008 0.042744 0.000000
v -0.013008 0.042744 0.000000
v -0.011571 0.043114 0.138198
v -0.011571 0.043114 0.138198
v -0.011571 0.043114 0.000000
v -0.011571 0.043114 0.000000
v -0.014381 0.041694 0.120388
v -0.014381 0.041694 0.120388
v -0.012524 0.043114 0.120388
v 0.007292 0.043114 0.000514
v -0.014381 -0.068707 0.120388
v -0.014381 -0.068707 0.120388
v -0.014007 0.041980 0.120388
v -0.013008 0.042744 0.120388
v -0.011571 0.043114 0.120388
v -0.014381 0.040216 0.120388
v -0.014381 0.041694 0.137122
v -0.014381 0.041694 0.137122
v -0.012524 0.043114 0.137122
v 0.007292 0.043114 0.001028
v -0.014381 -0.068707 0.137122
v -0.014381 -0.068707 0.137122
v -0.014007 0.041980 0.137122
v -0.013008 0.042744 0.137122
v -0.011571 0.043114 0.137122
v -0.014381 0.040216 0.137122
v -0.014381 0.041694 0.137660
v -0.014381 0.041694 0.137660
v -0.012524 0.043114 0.137660
v -0.008188 0.043114 0.001028
v -0.014381 -0.068707 0.137660
v -0.014381 -0.068707 0.137660
v -0.014007 0.041980 0.137660
v -0.013008 0.042744 0.137660
v -0.011571 0.043114 0.137660
v -0.014381 0.040216 0.137660
v -0.014381 0.041694 0.001028
v -0.014381 0.041694 0.001028
v -0.012524 0.043114 0.001028
v -0.008188 0.043114 0.137660
v -0.014381 -0.068707 0.001028
v -0.014381 -0.068707 0.001028
v -0.014007 0.041980 0.001028
v -0.013008 0.042744 0.001028
v -0.011571 0.043114 0.001028
v -0.014381 0.040216 0.001028
v -0.014381 0.041694 0.000514
v -0.014381 0.041694 0.000514
v -0.012524 0.043114 0.000514
v 0.007292 0.043114 0.120388
v -0.014381 -0.068707 0.000514
v -0.014381 -0.068707 0.000514
v -0.014007 0.041980 0.000514
v -0.013008 0.042744 0.000514
v -0.011571 0.043114 0.000514
v -0.014381 0.040216 0.000514
v 0.011628 0.043114 0.000000
v 0.011628 0.043114 0.000000
v 0.013486 0.041694 0.138198
v 0.013486 0.041694 0.138198
v 0.013486 0.041694 0.138198
v 0.011628 0.043114 0.138198
v 0.011628 0.043114 0.138198
v 0.013486 0.041694 0.000000
v 0.013486 0.041694 0.000000
v 0.013486 0.041694 0.000000
v -0.008188 0.043114 0.120388
v 0.007292 0.043114 0.137660
v 0.013486 -0.068707 0.138198
v 0.013486 -0.068707 0.138198
v 0.013486 -0.068707 0.138198
v 0.013486 -0.068707 0.000000
v 0.013486 -0.068707 0.000000
v 0.013486 -0.068707 0.000000
v 0.013486 0.040216 0.000000
v 0.013486 0.040216 0.000000
v 0.013486 0.040216 0.138198
v 0.013486 0.040216 0.138198
v 0.013111 0.041980 0.138198
v 0.013111 0.041980 0.138198
v 0.013111 0.041980 0.000000
v 0.013111 0.041980 0.000000
v 0.012112 0.042744 0.138198
v 0.012112 0.042744 0.138198
v 0.012112 0.042744 0.000000
v 0.012112 0.042744 0.000000
v 0.010676 0.043114 0.138198
v 0.010676 0.043114 0.138198
v 0.010676 0.043114 0.000000
v 0.010676 0.043114 0.000000
v 0.013486 0.041694 0.120388
v 0.013486 0.041694 0.120388
v 0.011628 0.043114 0.120388
v 0.007292 0.043114 0.000000
v 0.007292 0.043114 0.000000
v 0.013486 -0.068707 0.120388
v 0.013486 -0.068707 0.120388
v 0.013111 0.041980 0.120388
v 0.012112 0.042744 0.120388
v 0.010676 0.043114 0.120388
v 0.013486 0.040216 0.120388
v 0.013486 0.041694 0.137122
v 0.013486 0.041694 0.137122
v 0.011628 0.043114 0.137122
v -0.008188 0.043114 0.137122
v 0.013486 -0.068707 0.137122
v 0.013486 -0.068707 0.137122
v 0.013111 0.041980 0.137122
v 0.012112 0.042744 0.137122
v 0.010676 0.043114 0.137122
v 0.013486 0.040216 0.137122
v 0.013486 0.041694 0.137660
v 0.013486 0.041694 0.137660
v 0.011628 0.043114 0.137660
v 0.007292 0.043114 0.137122
v 0.013486 -0.068707 0.137660
v 0.013486 -0.068707 0.137660
v 0.013111 0.041980 0.137660
v 0.012112 0.042744 0.137660
v 0.010676 0.043114 0.137660
v 0.013486 0.040216 0.137660
v 0.013486 0.041694 0.001028
v 0.013486 0.041694 0.001028
v 0.011628 0.043114 0.001028
v -0.008188 0.043114 0.000000
v -0.008188 0.043114 0.000000
v 0.013486 -0.068707 0.001028
v 0.013486 -0.068707 0.001028
v 0.013111 0.041980 0.001028
v 0.012112 0.042744 0.001028
v 0.010676 0.043114 0.001028
v 0.013486 0.040216 0.001028
v 0.013486 0.041694 0.000514
v 0.013486 0.041694 0.000514
v 0.011628 0.043114 0.000514
v -0.008188 0.043114 0.138198
v -0.008188 0.043114 0.138198
v 0.013486 -0.068707 0.000514
v 0.013486 -0.068707 0.000514
v 0.013111 0.041980 0.000514
v 0.012112 0.042744 0.000514
v 0.010676 0.043114 0.000514
v 0.013486 0.040216 0.000514
v -0.014381 0.041694 0.026606
v -0.014381 0.041694 0.026606
v -0.012524 0.043114 0.026606
v -0.014381 -0.068707 0.026606
v -0.014381 -0.068707 0.026606
v -0.014007 0.041980 0.026606
v -0.013008 0.042744 0.026606
v -0.011571 0.043114 0.026606
v -0.014381 0.040216 0.026606
v -0.008188 0.043114 0.026606
v 0.007292 0.043114 0.026606
v 0.013486 0.041694 0.026606
v 0.013486 0.041694 0.026606
v 0.011628 0.043114 0.026606
v 0.013486 -0.068707 0.026606
v 0.013486 -0.068707 0.026606
v 0.013111 0.041980 0.026606
v 0.012112 0.042744 0.026606
v 0.010676 0.043114 0.026606
v 0.013486 0.040216 0.026606
v -0.014381 -0.068707 0.010902
v -0.014381 -0.068707 0.010902
v -0.012524 0.043114 0.010902
v -0.014381 0.041694 0.010902
v -0.014381 0.041694 0.010902
v -0.014007 0.041980 0.010902
v -0.013008 0.042744 0.010902
v -0.011571 0.043114 0.010902
v -0.014381 0.040216 0.010902
v -0.008188 0.043114 0.010902
v 0.007292 0.043114 0.010902
v 0.013486 0.041694 0.010902
v 0.013486 0.041694 0.010902
v 0.011628 0.043114 0.010902
v 0.013486 -0.068707 0.010902
v 0.013486 -0.068707 0.010902
v 0.013111 0.041980 0.010902
v 0.012112 0.042744 0.010902
v 0.010676 0.043114 0.010902
v 0.013486 0.040216 0.010902
v -0.000448 0.043114 0.024204
v -0.000448 0.043114 0.024204
v 0.002277 0.043114 0.023474
v 0.002277 0.043114 0.023474
v 0.004272 0.043114 0.021479
v 0.004272 0.043114 0.021479
v 0.004272 0.043114 0.021479
v 0.005002 0.043114 0.018754
v 0.005002 0.043114 0.018754
v 0.004272 0.043114 0.016029
v 0.004272 0.043114 0.016029
v 0.002277 0.043114 0.014035
v 0.002277 0.043114 0.014035
v 0.002277 0.043114 0.014035
v -0.000448 0.043114 0.013305
v -0.000448 0.043114 0.013305
v -0.003172 0.043114 0.014035
v -0.003172 0.043114 0.014035
v -0.003172 0.043114 0.014035
v -0.005167 0.043114 0.016029
v -0.005167 0.043114 0.016029
v -0.005897 0.043114 0.018754
v -0.005897 0.043114 0.018754
v -0.005167 0.043114 0.021479
v -0.005167 0.043114 0.021479
v -0.005167 0.043114 0.021479
v -0.003172 0.043114 0.023474
v -0.003172 0.043114 0.023474
v -0.000448 0.043114 0.024936
v 0.002643 0.043114 0.024108
v 0.004906 0.043114 0.021845
v 0.005734 0.043114 0.018754
v 0.004906 0.043114 0.015663
v 0.002643 0.043114 0.013400
v -0.000448 0.043114 0.012572
v -0.003539 0.043114 0.013400
v -0.005801 0.043114 0.015663
v -0.006630 0.043114 0.018754
v -0.005801 0.043114 0.021845
v -0.003539 0.043114 0.024108
v -0.003356 0.043114 0.023791
v -0.000448 0.043114 0.024570
v -0.005484 0.043114 0.021662
v -0.006264 0.043114 0.018754
v -0.005484 0.043114 0.015846
v -0.003356 0.043114 0.013718
v -0.000448 0.043114 0.012938
v 0.002460 0.043114 0.013718
v 0.004589 0.043114 0.015846
v 0.005368 0.043114 0.018754
v 0.004589 0.043114 0.021662
v 0.002460 0.043114 0.023791
v -0.014381 0.003909 0.000000
v -0.014381 0.003909 0.000000
v -0.014381 -0.032399 0.000000
v -0.014381 -0.032399 0.000000
v -0.014381 0.003909 0.138198
v -0.014381 0.003909 0.138198
v -0.014381 -0.032399 0.138198
v -0.014381 -0.032399 0.138198
v -0.014381 0.003909 0.120388
v -0.014381 -0.032399 0.120388
v -0.014381 0.003909 0.137122
v -0.014381 -0.032399 0.137122
v -0.014381 0.003909 0.137660
v -0.014381 -0.032399 0.137660
v -0.014381 0.003909 0.001028
v -0.014381 -0.032399 0.001028
v -0.014381 0.003909 0.000514
v -0.014381 -0.032399 0.000514
v -0.014381 0.003909 0.026606
v -0.014381 -0.032399 0.026606
v -0.014381 0.003909 0.010902
v -0.014381 -0.032399 0.010902
v 0.013486 0.003909 0.000000
v 0.013486 0.003909 0.000000
v 0.013486 -0.032399 0.000000
v 0.013486 -0.032399 0.000000
v 0.013486 0.003909 0.138198
v 0.013486 0.003909 0.138198
v 0.013486 -0.032399 0.138198
v 0.013486 -0.032399 0.138198
v 0.013486 0.003909 0.120388
v 0.013486 -0.032399 0.120388
v 0.013486 0.003909 0.137122
v 0.013486 -0.032399 0.137122
v 0.013486 0.003909 0.137660
v 0.013486 -0.032399 0.137660
v 0.013486 0.003909 0.001028
v 0.013486 -0.032399 0.001028
v 0.013486 0.003909 0.000514
v 0.013486 -0.032399 0.000514
v 0.013486 0.003909 0.026606
v 0.013486 -0.032399 0.026606
v 0.013486 0.003909 0.010902
v 0.013486 -0.032399 0.010902
v -0.012841 0.044051 0.000000
v -0.015318 0.042156 0.138198
v -0.012841 0.044051 0.138198
v -0.015318 0.042156 0.000000
v 0.007292 0.044050 0.138198
v -0.015318 -0.068707 0.138198
v -0.015318 -0.068707 0.138198
v -0.015318 -0.068707 0.000000
v -0.015318 -0.068707 0.000000
v -0.015318 0.040216 0.000000
v -0.015318 0.040216 0.138198
v -0.014576 0.042724 0.138198
v -0.014576 0.042724 0.000000
v -0.013577 0.043488 0.138198
v -0.013577 0.043488 0.000000
v -0.011571 0.044051 0.138198
v -0.011571 0.044051 0.000000
v -0.015318 -0.068707 0.120388
v -0.015318 -0.068707 0.137122
v -0.015318 -0.068707 0.137660
v -0.015318 -0.068707 0.001028
v -0.015318 -0.068707 0.000514
v 0.011945 0.044050 0.000000
v 0.014422 0.042156 0.138198
v 0.011945 0.044050 0.138198
v 0.014422 0.042156 0.000000
v 0.014422 -0.068707 0.138198
v 0.014422 -0.068707 0.138198
v 0.014422 -0.068707 0.000000
v 0.014422 -0.068707 0.000000
v 0.014422 0.040216 0.000000
v 0.014422 0.040216 0.138198
v 0.013680 0.042724 0.138198
v 0.013680 0.042724 0.000000
v 0.012681 0.043488 0.138198
v 0.012681 0.043488 0.000000
v 0.010676 0.044050 0.138198
v 0.010676 0.044050 0.000000
v 0.007292 0.044050 0.000000
v 0.014422 -0.068707 0.120388
v 0.014422 -0.068707 0.137122
v 0.014422 -0.068707 0.137660
v -0.008188 0.044051 0.000000
v 0.014422 -0.068707 0.001028
v -0.008188 0.044051 0.138198
v 0.014422 -0.068707 0.000514
v -0.015318 -0.068707 0.026606
v 0.014422 -0.068707 0.026606
v -0.015318 -0.068707 0.010902
v 0.014422 -0.068707 0.010902
v -0.015318 0.003909 0.000000
v -0.015318 -0.032399 0.000000
v -0.015318 0.003909 0.138198
v -0.015318 -0.032399 0.138198
v 0.014422 0.003909 0.000000
v 0.014422 -0.032399 0.000000
v 0.014422 0.003909 0.138198
v 0.014422 -0.032399 0.138198
v -0.012589 0.043307 0.000000
v -0.014574 0.041789 0.138198
v -0.012589 0.043307 0.138198
v -0.014574 0.041789 0.000000
v 0.007292 0.043307 0.138198
v -0.014574 -0.068707 0.138198
v -0.014574 -0.068707 0.138198
v -0.014574 -0.068707 0.000000
v -0.014574 -0.068707 0.000000
v -0.014574 0.040216 0.000000
v -0.014574 0.040216 0.138198
v -0.014124 0.042133 0.138198
v -0.014124 0.042133 0.000000
v -0.013125 0.042897 0.138198
v -0.013125 0.042897 0.000000
v -0.011571 0.043307 0.138198
v -0.011571 0.043307 0.000000
v -0.014574 -0.068707 0.120388
v -0.014574 -0.068707 0.137122
v -0.014574 -0.068707 0.137660
v -0.014574 -0.068707 0.001028
v -0.014574 -0.068707 0.000514
v 0.011694 0.043307 0.000000
v 0.013679 0.041789 0.138198
v 0.011694 0.043307 0.138198
v 0.013679 0.041789 0.000000
v 0.013678 -0.068707 0.138198
v 0.013678 -0.068707 0.138198
v 0.013678 -0.068707 0.000000
v 0.013678 -0.068707 0.000000
v 0.013679 0.040216 0.000000
v 0.013679 0.040216 0.138198
v 0.013229 0.042133 0.138198
v 0.013229 0.042133 0.000000
v 0.012230 0.042897 0.138198
v 0.012230 0.042897 0.000000
v 0.010676 0.043307 0.138198
v 0.010676 0.043307 0.000000
v 0.007292 0.043307 0.000000
v 0.013678 -0.068707 0.120388
v 0.013678 -0.068707 0.137122
v 0.013678 -0.068707 0.137660
v -0.008188 0.043307 0.000000
v 0.013678 -0.068707 0.001028
v -0.008188 0.043307 0.138198
v 0.013678 -0.068707 0.000514
v -0.014574 -0.068707 0.026606
v 0.013678 -0.068707 0.026606
v -0.014574 -0.068707 0.010902
v 0.013678 -0.068707 0.010902
v -0.014574 0.003909 0.000000
v -0.014574 -0.032399 0.000000
v -0.014574 0.003909 0.138198
v -0.014574 -0.032399 0.138198
v 0.013679 0.003909 0.000000
v 0.013679 -0.032399 0.000000
v 0.013679 0.003909 0.138198
v 0.013679 -0.032399 0.138198
v 0.014648 -0.066990 0.000000
v 0.014648 -0.066990 0.000000
v 0.014648 -0.066990 0.138198
v 0.014648 -0.066990 0.138198
v 0.014648 -0.066990 0.120388
v 0.014648 -0.066990 0.137122
v 0.014648 -0.066990 0.137660
v 0.014648 -0.066990 0.001028
v 0.014648 -0.066990 0.000514
v 0.014648 -0.066990 0.026606
v 0.014648 -0.066990 0.010902
v 0.013486 -0.066990 0.000000
v 0.013486 -0.066990 0.000000
v 0.013486 -0.066990 0.138198
v 0.013486 -0.066990 0.138198
v 0.013486 -0.066990 0.120388
v 0.013486 -0.066990 0.137122
v 0.013486 -0.066990 0.137660
v 0.013486 -0.066990 0.001028
v 0.013486 -0.066990 0.000514
v 0.013486 -0.066990 0.026606
v 0.013486 -0.066990 0.010902
v 0.014422 -0.066990 0.000000
v 0.014422 -0.066990 0.138198
v 0.013679 -0.066990 0.000000
v 0.013678 -0.066990 0.138198
v 0.014648 -0.067848 0.000000
v 0.014648 -0.067848 0.000000
v 0.014648 -0.067848 0.138198
v 0.014648 -0.067848 0.138198
v 0.014648 -0.067848 0.120388
v 0.014648 -0.067848 0.137122
v 0.014648 -0.067848 0.137660
v 0.014648 -0.067848 0.001028
v 0.014648 -0.067848 0.000514
v 0.014648 -0.067848 0.026606
v 0.014648 -0.067848 0.010902
v 0.013486 -0.067848 0.000000
v 0.013486 -0.067848 0.000000
v 0.013486 -0.067848 0.138198
v 0.013486 -0.067848 0.138198
v 0.013486 -0.067848 0.120388
v 0.013486 -0.067848 0.137122
v 0.013486 -0.067848 0.137660
v 0.013486 -0.067848 0.001028
v 0.013486 -0.067848 0.000514
v 0.013486 -0.067848 0.026606
v 0.013486 -0.067848 0.010902
v 0.014422 -0.067848 0.138198
v 0.013678 -0.067848 0.138198
v 0.014422 -0.067848 0.000000
v 0.013679 -0.067848 0.000000
v -0.015544 -0.066463 0.000000
v -0.015544 -0.066463 0.000000
v -0.015544 -0.066463 0.138198
v -0.015544 -0.066463 0.138198
v -0.015544 -0.066463 0.120388
v -0.015544 -0.066463 0.137122
v -0.015544 -0.066463 0.137660
v -0.015544 -0.066463 0.001028
v -0.015544 -0.066463 0.000514
v -0.015544 -0.066463 0.026606
v -0.015544 -0.066463 0.010902
v -0.014381 -0.066463 0.000000
v -0.014381 -0.066463 0.000000
v -0.014381 -0.066463 0.138198
v -0.014381 -0.066463 0.138198
v -0.014381 -0.066463 0.120388
v -0.014381 -0.066463 0.137122
v -0.014381 -0.066463 0.137660
v -0.014381 -0.066463 0.001028
v -0.014381 -0.066463 0.000514
v -0.014381 -0.066463 0.026606
v -0.014381 -0.066463 0.010902
v -0.015318 -0.066463 0.000000
v -0.015318 -0.066463 0.138198
v -0.014574 -0.066463 0.000000
v -0.014574 -0.066463 0.138198
v -0.015544 -0.067585 0.000000
v -0.015544 -0.067585 0.000000
v -0.015544 -0.067585 0.138198
v -0.015544 -0.067585 0.138198
v -0.015544 -0.067585 0.120388
v -0.015544 -0.067585 0.137122
v -0.015544 -0.067585 0.137660
v -0.015544 -0.067585 0.001028
v -0.015544 -0.067585 0.000514
v -0.015544 -0.067585 0.026606
v -0.015544 -0.067585 0.010902
v -0.014381 -0.067585 0.000000
v -0.014381 -0.067585 0.000000
v -0.014381 -0.067585 0.138198
v -0.014381 -0.067585 0.138198
v -0.014381 -0.067585 0.120388
v -0.014381 -0.067585 0.137122
v -0.014381 -0.067585 0.137660
v -0.014381 -0.067585 0.001028
v -0.014381 -0.067585 0.000514
v -0.014381 -0.067585 0.026606
v -0.014381 -0.067585 0.010902
v -0.015318 -0.067585 0.000000
v -0.014574 -0.067585 0.000000
v -0.015318 -0.067585 0.138198
v -0.014574 -0.067585 0.138198
v -0.000448 0.043695 0.024112
v -0.000448 0.043695 0.024112
v 0.002231 0.043695 0.023394
v 0.002231 0.043695 0.023394
v 0.002231 0.043695 0.023394
v 0.004193 0.043695 0.021433
v 0.004193 0.043695 0.021433
v 0.004193 0.043695 0.021433
v 0.004910 0.043695 0.018754
v 0.004910 0.043695 0.018754
v 0.004193 0.043695 0.016075
v 0.004193 0.043695 0.016075
v 0.004193 0.043695 0.016075
v 0.002231 0.043695 0.014114
v 0.002231 0.043695 0.014114
v 0.002231 0.043695 0.014114
v -0.000448 0.043695 0.013396
v -0.000448 0.043695 0.013396
v -0.003127 0.043695 0.014114
v -0.003127 0.043695 0.014114
v -0.003127 0.043695 0.014114
v -0.005088 0.043695 0.016075
v -0.005088 0.043695 0.016075
v -0.005088 0.043695 0.016075
v -0.005806 0.043695 0.018754
v -0.005806 0.043695 0.018754
v -0.005088 0.043695 0.021433
v -0.005088 0.043695 0.021433
v -0.005088 0.043695 0.021433
v -0.003127 0.043695 0.023394
v -0.003127 0.043695 0.023394
v -0.003127 0.043695 0.023394
v 0.005160 0.044276 0.100169
v 0.005160 0.044276 0.100169
v 0.006090 0.044276 0.099920
v 0.006090 0.044276 0.099920
v 0.006770 0.044276 0.099240
v 0.006770 0.044276 0.099240
v 0.006770 0.044276 0.099240
v 0.007019 0.044276 0.098310
v 0.007019 0.044276 0.098310
v 0.006770 0.044276 0.097381
v 0.006770 0.044276 0.097381
v 0.006090 0.044276 0.096701
v 0.006090 0.044276 0.096701
v 0.006090 0.044276 0.096701
v 0.005160 0.044276 0.096452
v 0.005160 0.044276 0.096452
v 0.004231 0.044276 0.096701
v 0.004231 0.044276 0.096701
v 0.004231 0.044276 0.096701
v 0.003550 0.044276 0.097381
v 0.003550 0.044276 0.097381
v 0.003302 0.044276 0.098310
v 0.003302 0.044276 0.098310
v 0.003550 0.044276 0.099240
v 0.003550 0.044276 0.099240
v 0.003550 0.044276 0.099240
v 0.004231 0.044276 0.099920
v 0.004231 0.044276 0.099920
v 0.005160 0.044443 0.099839
v 0.005924 0.044443 0.099634
v 0.006484 0.044443 0.099075
v 0.006689 0.044443 0.098310
v 0.006484 0.044443 0.097546
v 0.005924 0.044443 0.096987
v 0.005160 0.044443 0.096782
v 0.004396 0.044443 0.096987
v 0.003836 0.044443 0.097546
v 0.003632 0.044443 0.098310
v 0.003836 0.044443 0.099075
v 0.004396 0.044443 0.099634
v 0.005160 0.044574 0.099204
v 0.005607 0.044574 0.099084
v 0.005934 0.044574 0.098757
v 0.006054 0.044574 0.098310
v 0.005934 0.044574 0.097864
v 0.005607 0.044574 0.097536
v 0.005160 0.044574 0.097416
v 0.004713 0.044574 0.097536
v 0.004386 0.044574 0.097864
v 0.004266 0.044574 0.098310
v 0.004386 0.044574 0.098757
v 0.004713 0.044574 0.099084
v 0.005160 0.044620 0.098555
v 0.005282 0.044620 0.098522
v 0.005372 0.044620 0.098432
v 0.005404 0.044620 0.098310
v 0.005372 0.044620 0.098188
v 0.005282 0.044620 0.098099
v 0.005160 0.044620 0.098066
v 0.005038 0.044620 0.098099
v 0.004949 0.044620 0.098188
v 0.004916 0.044620 0.098310
v 0.004949 0.044620 0.098432
v 0.005038 0.044620 0.098522
v 0.005160 0.044620 0.098310
v 0.003550 0.044211 0.099240
v 0.003550 0.044211 0.099240
v 0.003550 0.044211 0.099240
v 0.003302 0.044211 0.098310
v 0.003302 0.044211 0.098310
v 0.003550 0.044211 0.097381
v 0.003550 0.044211 0.097381
v 0.004231 0.044211 0.096701
v 0.004231 0.044211 0.096701
v 0.004231 0.044211 0.096701
v 0.005160 0.044211 0.096452
v 0.005160 0.044211 0.096452
v 0.006090 0.044211 0.096701
v 0.006090 0.044211 0.096701
v 0.006090 0.044211 0.096701
v 0.006770 0.044211 0.097381
v 0.006770 0.044211 0.097381
v 0.007019 0.044211 0.098310
v 0.007019 0.044211 0.098310
v 0.006770 0.044211 0.099240
v 0.006770 0.044211 0.099240
v 0.006770 0.044211 0.099240
v 0.006090 0.044211 0.099920
v 0.006090 0.044211 0.099920
v 0.005160 0.044211 0.100169
v 0.005160 0.044211 0.100169
v 0.004231 0.044211 0.099920
v 0.004231 0.044211 0.099920
v 0.003623 0.044211 0.099198
v 0.003386 0.044211 0.098310
v 0.003623 0.044211 0.097423
v 0.004273 0.044211 0.096774
v 0.005160 0.044211 0.096536
v 0.006048 0.044211 0.096774
v 0.006697 0.044211 0.097423
v 0.006935 0.044211 0.098310
v 0.006697 0.044211 0.099198
v 0.006048 0.044211 0.099847
v 0.005160 0.044211 0.100085
v 0.004273 0.044211 0.099847
v 0.005160 0.044211 0.098310
v -0.005331 0.044276 0.100169
v -0.005331 0.044276 0.100169
v -0.004402 0.044276 0.099920
v -0.004402 0.044276 0.099920
v -0.003721 0.044276 0.099240
v -0.003721 0.044276 0.099240
v -0.003721 0.044276 0.099240
v -0.003472 0.044276 0.098310
v -0.003472 0.044276 0.098310
v -0.003721 0.044276 0.097381
v -0.003721 0.044276 0.097381
v -0.004402 0.044276 0.096701
v -0.004402 0.044276 0.096701
v -0.004402 0.044276 0.096701
v -0.005331 0.044276 0.096452
v -0.005331 0.044276 0.096452
v -0.006260 0.044276 0.096701
v -0.006260 0.044276 0.096701
v -0.006260 0.044276 0.096701
v -0.006940 0.044276 0.097381
v -0.006940 0.044276 0.097381
v -0.007189 0.044276 0.098310
v -0.007189 0.044276 0.098310
v -0.006940 0.044276 0.099240
v -0.006940 0.044276 0.099240
v -0.006260 0.044276 0.099920
v -0.006260 0.044276 0.099920
v -0.005331 0.044443 0.099839
v -0.004566 0.044443 0.099634
v -0.004007 0.044443 0.099075
v -0.003802 0.044443 0.098310
v -0.004007 0.044443 0.097546
v -0.004566 0.044443 0.096987
v -0.005331 0.044443 0.096782
v -0.006095 0.044443 0.096987
v -0.006654 0.044443 0.097546
v -0.006859 0.044443 0.098310
v -0.006654 0.044443 0.099075
v -0.006095 0.044443 0.099634
v -0.005331 0.044574 0.099204
v -0.004884 0.044574 0.099084
v -0.004557 0.044574 0.098757
v -0.004437 0.044574 0.098310
v -0.004557 0.044574 0.097864
v -0.004884 0.044574 0.097536
v -0.005331 0.044574 0.097416
v -0.005778 0.044574 0.097536
v -0.006105 0.044574 0.097864
v -0.006225 0.044574 0.098310
v -0.006105 0.044574 0.098757
v -0.005778 0.044574 0.099084
v -0.005331 0.044620 0.098555
v -0.005209 0.044620 0.098522
v -0.005119 0.044620 0.098432
v -0.005086 0.044620 0.098310
v -0.005119 0.044620 0.098188
v -0.005209 0.044620 0.098099
v -0.005331 0.044620 0.098066
v -0.005453 0.044620 0.098099
v -0.005542 0.044620 0.098188
v -0.005575 0.044620 0.098310
v -0.005542 0.044620 0.098432
v -0.005453 0.044620 0.098522
v -0.005331 0.044620 0.098310
v -0.006940 0.044211 0.099240
v -0.006940 0.044211 0.099240
v -0.007189 0.044211 0.098310
v -0.007189 0.044211 0.098310
v -0.006940 0.044211 0.097381
v -0.006940 0.044211 0.097381
v -0.006260 0.044211 0.096701
v -0.006260 0.044211 0.096701
v -0.006260 0.044211 0.096701
v -0.005331 0.044211 0.096452
v -0.005331 0.044211 0.096452
v -0.004402 0.044211 0.096701
v -0.004402 0.044211 0.096701
v -0.004402 0.044211 0.096701
v -0.003721 0.044211 0.097381
v -0.003721 0.044211 0.097381
v -0.003472 0.044211 0.098310
v -0.003472 0.044211 0.098310
v -0.003721 0.044211 0.099240
v -0.003721 0.044211 0.099240
v -0.003721 0.044211 0.099240
v -0.004402 0.044211 0.099920
v -0.004402 0.044211 0.099920
v -0.005331 0.044211 0.100169
v -0.005331 0.044211 0.100169
v -0.006260 0.044211 0.099920
v -0.006260 0.044211 0.099920
v -0.006868 0.044211 0.099198
v -0.007106 0.044211 0.098310
v -0.006868 0.044211 0.097423
v -0.006218 0.044211 0.096774
v -0.005331 0.044211 0.096536
v -0.004444 0.044211 0.096774
v -0.003794 0.044211 0.097423
v -0.003556 0.044211 0.098310
v -0.003794 0.044211 0.099198
v -0.004444 0.044211 0.099847
v -0.005331 0.044211 0.100085
v -0.006218 0.044211 0.099847
v -0.005331 0.044211 0.098310
v 0.005160 0.044276 0.041311
v 0.005160 0.044276 0.041311
v 0.006090 0.044276 0.041062
v 0.006090 0.044276 0.041062
v 0.006770 0.044276 0.040382
v 0.006770 0.044276 0.040382
v 0.006770 0.044276 0.040382
v 0.007019 0.044276 0.039453
v 0.007019 0.044276 0.039453
v 0.006770 0.044276 0.038523
v 0.006770 0.044276 0.038523
v 0.006090 0.044276 0.037843
v 0.006090 0.044276 0.037843
v 0.006090 0.044276 0.037843
v 0.005160 0.044276 0.037594
v 0.005160 0.044276 0.037594
v 0.004231 0.044276 0.037843
v 0.004231 0.044276 0.037843
v 0.004231 0.044276 0.037843
v 0.003550 0.044276 0.038523
v 0.003550 0.044276 0.038523
v 0.003302 0.044276 0.039453
v 0.003302 0.044276 0.039453
v 0.003550 0.044276 0.040382
v 0.003550 0.044276 0.040382
v 0.003550 0.044276 0.040382
v 0.004231 0.044276 0.041062
v 0.004231 0.044276 0.041062
v 0.005160 0.044443 0.040981
v 0.005924 0.044443 0.040776
v 0.006484 0.044443 0.040217
v 0.006689 0.044443 0.039453
v 0.006484 0.044443 0.038688
v 0.005924 0.044443 0.038129
v 0.005160 0.044443 0.037924
v 0.004396 0.044443 0.038129
v 0.003836 0.044443 0.038688
v 0.003632 0.044443 0.039453
v 0.003836 0.044443 0.040217
v 0.004396 0.044443 0.040776
v 0.005160 0.044574 0.040347
v 0.005607 0.044574 0.040227
v 0.005934 0.044574 0.039900
v 0.006054 0.044574 0.039453
v 0.005934 0.044574 0.039006
v 0.005607 0.044574 0.038678
v 0.005160 0.044574 0.038559
v 0.004713 0.044574 0.038678
v 0.004386 0.044574 0.039006
v 0.004266 0.044574 0.039453
v 0.004386 0.044574 0.039900
v 0.004713 0.044574 0.040227
v 0.005160 0.044620 0.039697
v 0.005282 0.044620 0.039664
v 0.005372 0.044620 0.039575
v 0.005404 0.044620 0.039453
v 0.005372 0.044620 0.039330
v 0.005282 0.044620 0.039241
v 0.005160 0.044620 0.039208
v 0.005038 0.044620 0.039241
v 0.004949 0.044620 0.039330
v 0.004916 0.044620 0.039453
v 0.004949 0.044620 0.039575
v 0.005038 0.044620 0.039664
v 0.005160 0.044620 0.039453
v 0.003550 0.044211 0.040382
v 0.003550 0.044211 0.040382
v 0.003550 0.044211 0.040382
v 0.003302 0.044211 0.039453
v 0.003302 0.044211 0.039453
v 0.003550 0.044211 0.038523
v 0.003550 0.044211 0.038523
v 0.004231 0.044211 0.037843
v 0.004231 0.044211 0.037843
v 0.004231 0.044211 0.037843
v 0.005160 0.044211 0.037594
v 0.005160 0.044211 0.037594
v 0.006090 0.044211 0.037843
v 0.006090 0.044211 0.037843
v 0.006090 0.044211 0.037843
v 0.006770 0.044211 0.038523
v 0.006770 0.044211 0.038523
v 0.007019 0.044211 0.039453
v 0.007019 0.044211 0.039453
v 0.006770 0.044211 0.040382
v 0.006770 0.044211 0.040382
v 0.006770 0.044211 0.040382
v 0.006090 0.044211 0.041062
v 0.006090 0.044211 0.041062
v 0.005160 0.044211 0.041311
v 0.005160 0.044211 0.041311
v 0.004231 0.044211 0.041062
v 0.004231 0.044211 0.041062
v 0.003623 0.044211 0.040340
v 0.003386 0.044211 0.039453
v 0.003623 0.044211 0.038565
v 0.004273 0.044211 0.037916
v 0.005160 0.044211 0.037678
v 0.006048 0.044211 0.037916
v 0.006697 0.044211 0.038565
v 0.006935 0.044211 0.039453
v 0.006697 0.044211 0.040340
v 0.006048 0.044211 0.040990
v 0.005160 0.044211 0.041227
v 0.004273 0.044211 0.040990
v 0.005160 0.044211 0.039453
v -0.005331 0.044276 0.041311
v -0.005331 0.044276 0.041311
v -0.004402 0.044276 0.041062
v -0.004402 0.044276 0.041062
v -0.003721 0.044276 0.040382
v -0.003721 0.044276 0.040382
v -0.003721 0.044276 0.040382
v -0.003472 0.044276 0.039453
v -0.003472 0.044276 0.039453
v -0.003721 0.044276 0.038523
v -0.003721 0.044276 0.038523
v -0.004402 0.044276 0.037843
v -0.004402 0.044276 0.037843
v -0.004402 0.044276 0.037843
v -0.005331 0.044276 0.037594
v -0.005331 0.044276 0.037594
v -0.006260 0.044276 0.037843
v -0.006260 0.044276 0.037843
v -0.006260 0.044276 0.037843
v -0.006940 0.044276 0.038523
v -0.006940 0.044276 0.038523
v -0.007189 0.044276 0.039453
v -0.007189 0.044276 0.039453
v -0.006940 0.044276 0.040382
v -0.006940 0.044276 0.040382
v -0.006940 0.044276 0.040382
v -0.006260 0.044276 0.041062
v -0.006260 0.044276 0.041062
v -0.005331 0.044443 0.040981
v -0.004566 0.044443 0.040776
v -0.004007 0.044443 0.040217
v -0.003802 0.044443 0.039453
v -0.004007 0.044443 0.038688
v -0.004566 0.044443 0.038129
v -0.005331 0.044443 0.037924
v -0.006095 0.044443 0.038129
v -0.006654 0.044443 0.038688
v -0.006859 0.044443 0.039453
v -0.006654 0.044443 0.040217
v -0.006095 0.044443 0.040776
v -0.005331 0.044574 0.040347
v -0.004884 0.044574 0.040227
v -0.004557 0.044574 0.039900
v -0.004437 0.044574 0.039453
v -0.004557 0.044574 0.039006
v -0.004884 0.044574 0.038678
v -0.005331 0.044574 0.038559
v -0.005778 0.044574 0.038678
v -0.006105 0.044574 0.039006
v -0.006225 0.044574 0.039453
v -0.006105 0.044574 0.039900
v -0.005778 0.044574 0.040227
v -0.005331 0.044620 0.039697
v -0.005209 0.044620 0.039664
v -0.005119 0.044620 0.039575
v -0.005086 0.044620 0.039453
v -0.005119 0.044620 0.039330
v -0.005209 0.044620 0.039241
v -0.005331 0.044620 0.039208
v -0.005453 0.044620 0.039241
v -0.005542 0.044620 0.039330
v -0.005575 0.044620 0.039453
v -0.005542 0.044620 0.039575
v -0.005453 0.044620 0.039664
v -0.005331 0.044620 0.039453
v -0.006940 0.044211 0.040382
v -0.006940 0.044211 0.040382
v -0.006940 0.044211 0.040382
v -0.007189 0.044211 0.039453
v -0.007189 0.044211 0.039453
v -0.006940 0.044211 0.038523
v -0.006940 0.044211 0.038523
v -0.006260 0.044211 0.037843
v -0.006260 0.044211 0.037843
v -0.006260 0.044211 0.037843
v -0.005331 0.044211 0.037594
v -0.005331 0.044211 0.037594
v -0.004402 0.044211 0.037843
v -0.004402 0.044211 0.037843
v -0.004402 0.044211 0.037843
v -0.003721 0.044211 0.038523
v -0.003721 0.044211 0.038523
v -0.003472 0.044211 0.039453
v -0.003472 0.044211 0.039453
v -0.003721 0.044211 0.040382
v -0.003721 0.044211 0.040382
v -0.003721 0.044211 0.040382
v -0.004402 0.044211 0.041062
v -0.004402 0.044211 0.041062
v -0.005331 0.044211 0.041311
v -0.005331 0.044211 0.041311
v -0.006260 0.044211 0.041062
v -0.006260 0.044211 0.041062
v -0.006868 0.044211 0.040340
v -0.007106 0.044211 0.039453
v -0.006868 0.044211 0.038565
v -0.006218 0.044211 0.037916
v -0.005331 0.044211 0.037678
v -0.004444 0.044211 0.037916
v -0.003794 0.044211 0.038565
v -0.003556 0.044211 0.039453
v -0.003794 0.044211 0.040340
v -0.004444 0.044211 0.040990
v -0.005331 0.044211 0.041227
v -0.006218 0.044211 0.040990
v -0.005331 0.044211 0.039453
v 0.005160 0.043221 0.040347
v 0.005607 0.043221 0.040227
v 0.005934 0.043221 0.039900
v 0.005934 0.043221 0.039900
v 0.006054 0.043221 0.039453
v 0.005934 0.043221 0.039006
v 0.005607 0.043221 0.038678
v 0.005607 0.043221 0.038678
v 0.005160 0.043221 0.038559
v 0.004713 0.043221 0.038678
v 0.004713 0.043221 0.038678
v 0.004386 0.043221 0.039006
v 0.004266 0.043221 0.039453
v 0.004386 0.043221 0.039900
v 0.004386 0.043221 0.039900
v 0.004713 0.043221 0.040227
v 0.005160 0.037101 0.040347
v 0.005607 0.037101 0.040227
v 0.005607 0.037101 0.040227
v 0.005934 0.037101 0.039900
v 0.005934 0.037101 0.039900
v 0.006054 0.037101 0.039453
v 0.005934 0.037101 0.039006
v 0.005934 0.037101 0.039006
v 0.005607 0.037101 0.038678
v 0.005607 0.037101 0.038678
v 0.005160 0.037101 0.038559
v 0.004713 0.037101 0.038678
v 0.004713 0.037101 0.038678
v 0.004386 0.037101 0.039006
v 0.004266 0.037101 0.039453
v 0.004386 0.037101 0.039900
v 0.004386 0.037101 0.039900
v 0.004713 0.037101 0.040227
v 0.004819 0.035177 0.040347
v 0.005239 0.035024 0.040227
v 0.005239 0.035024 0.040227
v 0.005547 0.034912 0.039900
v 0.005547 0.034912 0.039900
v 0.005659 0.034872 0.039453
v 0.005547 0.034912 0.039006
v 0.005547 0.034912 0.039006
v 0.005239 0.035024 0.038678
v 0.004819 0.035177 0.038559
v 0.004399 0.035330 0.038678
v 0.004399 0.035330 0.038678
v 0.004092 0.035442 0.039006
v 0.004092 0.035442 0.039006
v 0.003979 0.035483 0.039453
v 0.004092 0.035442 0.039900
v 0.004092 0.035442 0.039900
v 0.004399 0.035330 0.040227
v 0.003841 0.033486 0.040347
v 0.004183 0.033199 0.040227
v 0.004434 0.032988 0.039900
v 0.004434 0.032988 0.039900
v 0.004434 0.032988 0.039900
v 0.004526 0.032912 0.039453
v 0.004526 0.032912 0.039453
v 0.004434 0.032988 0.039006
v 0.004434 0.032988 0.039006
v 0.004434 0.032988 0.039006
v 0.004183 0.033199 0.038678
v 0.003841 0.033486 0.038559
v 0.003498 0.033773 0.038678
v 0.003248 0.033984 0.039006
v 0.003248 0.033984 0.039006
v 0.003248 0.033984 0.039006
v 0.003156 0.034061 0.039453
v 0.003156 0.034061 0.039453
v 0.003248 0.033984 0.039900
v 0.003248 0.033984 0.039900
v 0.003248 0.033984 0.039900
v 0.003498 0.033773 0.040227
v 0.002343 0.032232 0.040347
v 0.002566 0.031844 0.040227
v 0.002730 0.031561 0.039900
v 0.002730 0.031561 0.039900
v 0.002790 0.031457 0.039453
v 0.002730 0.031561 0.039006
v 0.002730 0.031561 0.039006
v 0.002566 0.031844 0.038678
v 0.002343 0.032232 0.038559
v 0.002120 0.032619 0.038678
v 0.001956 0.032902 0.039006
v 0.001956 0.032902 0.039006
v 0.001896 0.033006 0.039453
v 0.001956 0.032902 0.039900
v 0.001956 0.032902 0.039900
v 0.002120 0.032619 0.040227
v 0.000843 0.031565 0.040347
v 0.000965 0.031125 0.040227
v 0.000965 0.031125 0.040227
v 0.001055 0.030802 0.039900
v 0.001055 0.030802 0.039900
v 0.001088 0.030685 0.039453
v 0.001055 0.030802 0.039006
v 0.001055 0.030802 0.039006
v 0.000965 0.031125 0.038678
v 0.000843 0.031565 0.038559
v 0.000720 0.032005 0.038678
v 0.000720 0.032005 0.038678
v 0.000631 0.032327 0.039006
v 0.000631 0.032327 0.039006
v 0.000598 0.032445 0.039453
v 0.000631 0.032327 0.039900
v 0.000631 0.032327 0.039900
v 0.000720 0.032005 0.040227
v -0.000996 0.031567 0.040347
v -0.001118 0.031126 0.040227
v -0.001118 0.031126 0.040227
v -0.001208 0.030804 0.039900
v -0.001208 0.030804 0.039900
v -0.001240 0.030686 0.039453
v -0.001208 0.030804 0.039006
v -0.001208 0.030804 0.039006
v -0.001118 0.031126 0.038678
v -0.000996 0.031567 0.038559
v -0.000873 0.032007 0.038678
v -0.000873 0.032007 0.038678
v -0.000784 0.032329 0.039006
v -0.000784 0.032329 0.039006
v -0.000751 0.032447 0.039453
v -0.000784 0.032329 0.039900
v -0.000784 0.032329 0.039900
v -0.000873 0.032007 0.040227
v -0.002494 0.032236 0.040347
v -0.002718 0.031850 0.040227
v -0.002882 0.031566 0.039900
v -0.002882 0.031566 0.039900
v -0.002942 0.031462 0.039453
v -0.002882 0.031566 0.039006
v -0.002882 0.031566 0.039006
v -0.002718 0.031850 0.038678
v -0.002494 0.032236 0.038559
v -0.002271 0.032624 0.038678
v -0.002108 0.032907 0.039006
v -0.002108 0.032907 0.039006
v -0.002048 0.033011 0.039453
v -0.002108 0.032907 0.039900
v -0.002108 0.032907 0.039900
v -0.002271 0.032624 0.040227
v -0.003990 0.033494 0.040347
v -0.004332 0.033206 0.040227
v -0.004583 0.032996 0.039900
v -0.004583 0.032996 0.039900
v -0.004583 0.032996 0.039900
v -0.004675 0.032919 0.039453
v -0.004675 0.032919 0.039453
v -0.004583 0.032996 0.039006
v -0.004583 0.032996 0.039006
v -0.004583 0.032996 0.039006
v -0.004332 0.033206 0.038678
v -0.003990 0.033494 0.038559
v -0.003648 0.033781 0.038678
v -0.003397 0.033991 0.039006
v -0.003397 0.033991 0.039006
v -0.003397 0.033991 0.039006
v -0.003305 0.034068 0.039453
v -0.003305 0.034068 0.039453
v -0.003397 0.033991 0.039900
v -0.003397 0.033991 0.039900
v -0.003397 0.033991 0.039900
v -0.003648 0.033781 0.040227
v -0.004966 0.035187 0.040347
v -0.005386 0.035034 0.040227
v -0.005386 0.035034 0.040227
v -0.005693 0.034922 0.039900
v -0.005693 0.034922 0.039900
v -0.005806 0.034881 0.039453
v -0.005693 0.034922 0.039006
v -0.005693 0.034922 0.039006
v -0.005386 0.035034 0.038678
v -0.004966 0.035187 0.038559
v -0.004546 0.035340 0.038678
v -0.004546 0.035340 0.038678
v -0.004238 0.035452 0.039006
v -0.004238 0.035452 0.039006
v -0.004126 0.035492 0.039453
v -0.004238 0.035452 0.039900
v -0.004238 0.035452 0.039900
v -0.004546 0.035340 0.040227
v -0.005303 0.037111 0.040347
v -0.005750 0.037111 0.040227
v -0.005750 0.037111 0.040227
v -0.006077 0.037111 0.039900
v -0.006077 0.037111 0.039900
v -0.006197 0.037111 0.039453
v -0.006077 0.037111 0.039006
v -0.006077 0.037111 0.039006
v -0.005750 0.037111 0.038679
v -0.005750 0.037111 0.038679
v -0.005303 0.037111 0.038559
v -0.004856 0.037111 0.038678
v -0.004856 0.037111 0.038678
v -0.004529 0.037111 0.039006
v -0.004409 0.037111 0.039453
v -0.004529 0.037111 0.039900
v -0.004529 0.037111 0.039900
v -0.004856 0.037111 0.040227
v -0.005303 0.043359 0.040347
v -0.005750 0.043359 0.040227
v -0.006077 0.043359 0.039900
v -0.006077 0.043359 0.039900
v -0.006197 0.043359 0.039453
v -0.006077 0.043359 0.039006
v -0.005750 0.043359 0.038679
v -0.005750 0.043359 0.038679
v -0.005303 0.043359 0.038559
v -0.004856 0.043359 0.038678
v -0.004856 0.043359 0.038678
v -0.004529 0.043359 0.039006
v -0.004409 0.043359 0.039453
v -0.004529 0.043359 0.039900
v -0.004529 0.043359 0.039900
v -0.004856 0.043359 0.040227
v -0.004856 0.038840 0.040227
v -0.005303 0.038840 0.040347
v -0.004529 0.038840 0.039900
v -0.004529 0.038840 0.039900
v -0.004409 0.038840 0.039453
v -0.004529 0.038840 0.039006
v -0.004856 0.038840 0.038678
v -0.004856 0.038840 0.038678
v -0.005303 0.038840 0.038559
v -0.005750 0.038840 0.038679
v -0.005750 0.038840 0.038679
v -0.006077 0.038840 0.039006
v -0.006197 0.038840 0.039453
v -0.006077 0.038840 0.039900
v -0.006077 0.038840 0.039900
v -0.005750 0.038840 0.040227
v 0.004713 0.038631 0.040227
v 0.005160 0.038631 0.040347
v 0.004386 0.038631 0.039900
v 0.004386 0.038631 0.039900
v 0.004266 0.038631 0.039453
v 0.004386 0.038631 0.039006
v 0.004713 0.038631 0.038678
v 0.004713 0.038631 0.038678
v 0.005160 0.038631 0.038559
v 0.005607 0.038631 0.038678
v 0.005607 0.038631 0.038678
v 0.005934 0.038631 0.039006
v 0.006054 0.038631 0.039453
v 0.005934 0.038631 0.039900
v 0.005934 0.038631 0.039900
v 0.005607 0.038631 0.040227
v 0.005160 0.043221 0.099163
v 0.005607 0.043221 0.099043
v 0.005934 0.043221 0.098716
v 0.005934 0.043221 0.098716
v 0.006054 0.043221 0.098269
v 0.005934 0.043221 0.097822
v 0.005607 0.043221 0.097495
v 0.005607 0.043221 0.097495
v 0.005160 0.043221 0.097375
v 0.004713 0.043221 0.097495
v 0.004713 0.043221 0.097495
v 0.004386 0.043221 0.097822
v 0.004266 0.043221 0.098269
v 0.004386 0.043221 0.098716
v 0.004386 0.043221 0.098716
v 0.004713 0.043221 0.099043
v 0.005160 0.037101 0.099163
v 0.005607 0.037101 0.099043
v 0.005607 0.037101 0.099043
v 0.005934 0.037101 0.098716
v 0.005934 0.037101 0.098716
v 0.006054 0.037101 0.098269
v 0.005934 0.037101 0.097822
v 0.005934 0.037101 0.097822
v 0.005607 0.037101 0.097495
v 0.005607 0.037101 0.097495
v 0.005160 0.037101 0.097375
v 0.004713 0.037101 0.097495
v 0.004713 0.037101 0.097495
v 0.004386 0.037101 0.097822
v 0.004266 0.037101 0.098269
v 0.004386 0.037101 0.098716
v 0.004386 0.037101 0.098716
v 0.004713 0.037101 0.099043
v 0.004819 0.035177 0.099163
v 0.005239 0.035024 0.099043
v 0.005239 0.035024 0.099043
v 0.005547 0.034912 0.098716
v 0.005547 0.034912 0.098716
v 0.005659 0.034872 0.098269
v 0.005547 0.034912 0.097822
v 0.005547 0.034912 0.097822
v 0.005239 0.035024 0.097495
v 0.004819 0.035177 0.097375
v 0.004399 0.035330 0.097495
v 0.004399 0.035330 0.097495
v 0.004092 0.035442 0.097822
v 0.004092 0.035442 0.097822
v 0.003979 0.035483 0.098269
v 0.004092 0.035442 0.098716
v 0.004092 0.035442 0.098716
v 0.004399 0.035330 0.099043
v 0.003841 0.033486 0.099163
v 0.004183 0.033199 0.099043
v 0.004434 0.032988 0.098716
v 0.004434 0.032988 0.098716
v 0.004434 0.032988 0.098716
v 0.004526 0.032912 0.098269
v 0.004526 0.032912 0.098269
v 0.004434 0.032988 0.097822
v 0.004434 0.032988 0.097822
v 0.004434 0.032988 0.097822
v 0.004183 0.033199 0.097495
v 0.003841 0.033486 0.097375
v 0.003498 0.033773 0.097495
v 0.003248 0.033984 0.097822
v 0.003248 0.033984 0.097822
v 0.003248 0.033984 0.097822
v 0.003156 0.034061 0.098269
v 0.003156 0.034061 0.098269
v 0.003248 0.033984 0.098716
v 0.003248 0.033984 0.098716
v 0.003248 0.033984 0.098716
v 0.003498 0.033773 0.099043
v 0.002343 0.032232 0.099163
v 0.002566 0.031844 0.099043
v 0.002730 0.031561 0.098716
v 0.002730 0.031561 0.098716
v 0.002790 0.031457 0.098269
v 0.002730 0.031561 0.097822
v 0.002730 0.031561 0.097822
v 0.002566 0.031844 0.097495
v 0.002343 0.032232 0.097375
v 0.002120 0.032619 0.097495
v 0.001956 0.032902 0.097822
v 0.001956 0.032902 0.097822
v 0.001896 0.033006 0.098269
v 0.001956 0.032902 0.098716
v 0.001956 0.032902 0.098716
v 0.002120 0.032619 0.099043
v 0.000843 0.031565 0.099163
v 0.000965 0.031125 0.099043
v 0.000965 0.031125 0.099043
v 0.001055 0.030802 0.098716
v 0.001055 0.030802 0.098716
v 0.001088 0.030685 0.098269
v 0.001055 0.030802 0.097822
v 0.001055 0.030802 0.097822
v 0.000965 0.031125 0.097495
v 0.000843 0.031565 0.097375
v 0.000720 0.032005 0.097495
v 0.000720 0.032005 0.097495
v 0.000631 0.032327 0.097822
v 0.000631 0.032327 0.097822
v 0.000598 0.032445 0.098269
v 0.000631 0.032327 0.098716
v 0.000631 0.032327 0.098716
v 0.000720 0.032005 0.099043
v -0.000996 0.031567 0.099163
v -0.001118 0.031126 0.099043
v -0.001118 0.031126 0.099043
v -0.001208 0.030804 0.098716
v -0.001208 0.030804 0.098716
v -0.001240 0.030686 0.098269
v -0.001208 0.030804 0.097822
v -0.001208 0.030804 0.097822
v -0.001118 0.031126 0.097495
v -0.000996 0.031567 0.097375
v -0.000873 0.032007 0.097495
v -0.000873 0.032007 0.097495
v -0.000784 0.032329 0.097822
v -0.000784 0.032329 0.097822
v -0.000751 0.032447 0.098269
v -0.000784 0.032329 0.098716
v -0.000784 0.032329 0.098716
v -0.000873 0.032007 0.099043
v -0.002494 0.032236 0.099163
v -0.002718 0.031850 0.099043
v -0.002882 0.031566 0.098716
v -0.002882 0.031566 0.098716
v -0.002942 0.031462 0.098269
v -0.002882 0.031566 0.097822
v -0.002882 0.031566 0.097822
v -0.002718 0.031850 0.097495
v -0.002494 0.032236 0.097375
v -0.002271 0.032624 0.097495
v -0.002108 0.032907 0.097822
v -0.002108 0.032907 0.097822
v -0.002048 0.033011 0.098269
v -0.002108 0.032907 0.098716
v -0.002108 0.032907 0.098716
v -0.002271 0.032624 0.099043
v -0.003990 0.033494 0.099163
v -0.004332 0.033206 0.099043
v -0.004583 0.032996 0.098716
v -0.004583 0.032996 0.098716
v -0.004583 0.032996 0.098716
v -0.004675 0.032919 0.098269
v -0.004675 0.032919 0.098269
v -0.004583 0.032996 0.097822
v -0.004583 0.032996 0.097822
v -0.004583 0.032996 0.097822
v -0.004332 0.033206 0.097495
v -0.003990 0.033494 0.097375
v -0.003648 0.033781 0.097495
v -0.003397 0.033991 0.097822
v -0.003397 0.033991 0.097822
v -0.003397 0.033991 0.097822
v -0.003305 0.034068 0.098269
v -0.003305 0.034068 0.098269
v -0.003397 0.033991 0.098716
v -0.003397 0.033991 0.098716
v -0.003397 0.033991 0.098716
v -0.003648 0.033781 0.099043
v -0.004966 0.035187 0.099163
v -0.005386 0.035034 0.099043
v -0.005386 0.035034 0.099043
v -0.005693 0.034922 0.098716
v -0.005693 0.034922 0.098716
v -0.005806 0.034881 0.098269
v -0.005693 0.034922 0.097822
v -0.005693 0.034922 0.097822
v -0.005386 0.035034 0.097495
v -0.004966 0.035187 0.097375
v -0.004546 0.035340 0.097495
v -0.004546 0.035340 0.097495
v -0.004238 0.035452 0.097822
v -0.004238 0.035452 0.097822
v -0.004126 0.035492 0.098269
v -0.004238 0.035452 0.098716
v -0.004238 0.035452 0.098716
v -0.004546 0.035340 0.099043
v -0.005303 0.037111 0.099163
v -0.005750 0.037111 0.099043
v -0.005750 0.037111 0.099043
v -0.006077 0.037111 0.098716
v -0.006077 0.037111 0.098716
v -0.006197 0.037111 0.098269
v -0.006077 0.037111 0.097822
v -0.006077 0.037111 0.097822
v -0.005750 0.037111 0.097495
v -0.005750 0.037111 0.097495
v -0.005303 0.037111 0.097375
v -0.004856 0.037111 0.097495
v -0.004856 0.037111 0.097495
v -0.004529 0.037111 0.097822
v -0.004409 0.037111 0.098269
v -0.004529 0.037111 0.098716
v -0.004529 0.037111 0.098716
v -0.004856 0.037111 0.099043
v -0.005303 0.043359 0.099163
v -0.005750 0.043359 0.099043
v -0.006077 0.043359 0.098716
v -0.006077 0.043359 0.098716
v -0.006197 0.043359 0.098269
v -0.006077 0.043359 0.097822
v -0.005750 0.043359 0.097495
v -0.005750 0.043359 0.097495
v -0.005303 0.043359 0.097375
v -0.004856 0.043359 0.097495
v -0.004856 0.043359 0.097495
v -0.004529 0.043359 0.097822
v -0.004409 0.043359 0.098269
v -0.004529 0.043359 0.098716
v -0.004529 0.043359 0.098716
v -0.004856 0.043359 0.099043
v -0.004856 0.038840 0.099043
v -0.005303 0.038840 0.099163
v -0.004529 0.038840 0.098716
v -0.004529 0.038840 0.098716
v -0.004409 0.038840 0.098269
v -0.004529 0.038840 0.097822
v -0.004856 0.038840 0.097495
v -0.004856 0.038840 0.097495
v -0.005303 0.038840 0.097375
v -0.005750 0.038840 0.097495
v -0.005750 0.038840 0.097495
v -0.006077 0.038840 0.097822
v -0.006197 0.038840 0.098269
v -0.006077 0.038840 0.098716
v -0.006077 0.038840 0.098716
v -0.005750 0.038840 0.099043
v 0.004713 0.038631 0.099043
v 0.005160 0.038631 0.099163
v 0.004386 0.038631 0.098716
v 0.004386 0.038631 0.098716
v 0.004266 0.038631 0.098269
v 0.004386 0.038631 0.097822
v 0.004713 0.038631 0.097495
v 0.004713 0.038631 0.097495
v 0.005160 0.038631 0.097375
v 0.005607 0.038631 0.097495
v 0.005607 0.038631 0.097495
v 0.005934 0.038631 0.097822
v 0.006054 0.038631 0.098269
v 0.005934 0.038631 0.098716
v 0.005934 0.038631 0.098716
v 0.005607 0.038631 0.099043
vt 0.791922 0.599808
vt 0.943087 0.599801
vt 0.791725 0.795444
vt 0.943080 0.795439
vt 0.943088 0.772122
vt 0.791905 0.772128
vt 0.810817 0.599807
vt 0.829713 0.599806
vt 0.848609 0.599805
vt 0.867504 0.599804
vt 0.886400 0.599803
vt 0.905296 0.599803
vt 0.924191 0.599802
vt 0.810725 0.795444
vt 0.829659 0.795443
vt 0.848598 0.795443
vt 0.867643 0.795443
vt 0.886289 0.795441
vt 0.905098 0.795439
vt 0.924090 0.795439
vt 0.810813 0.772127
vt 0.829711 0.772126
vt 0.848616 0.772126
vt 0.867522 0.772125
vt 0.886408 0.772124
vt 0.905284 0.772123
vt 0.924190 0.772122
vt 0.791892 0.783786
vt 0.943085 0.783780
vt 0.924118 0.783781
vt 0.905232 0.783781
vt 0.886383 0.783783
vt 0.867536 0.783784
vt 0.848582 0.783784
vt 0.829710 0.783785
vt 0.810745 0.783785
vt 0.933435 0.795438
vt 0.801291 0.795444
vt 0.820232 0.795444
vt 0.838971 0.795442
vt 0.858048 0.795442
vt 0.877082 0.795442
vt 0.895865 0.795441
vt 0.914668 0.795440
vt 0.944493 0.599801
vt 0.944482 0.795439
vt 0.944493 0.772121
vt 0.944488 0.783780
vt 0.790620 0.599808
vt 0.790424 0.795444
vt 0.790619 0.772128
vt 0.790548 0.783786
vt 0.943087 0.602508
vt 0.791922 0.602514
vt 0.924191 0.602508
vt 0.905296 0.602509
vt 0.886400 0.602510
vt 0.867504 0.602511
vt 0.848609 0.602512
vt 0.829713 0.602512
vt 0.810817 0.602513
vt 0.944493 0.602508
vt 0.790620 0.602514
vt 0.791735 0.796970
vt 0.943065 0.796965
vt 0.810713 0.796970
vt 0.829611 0.796969
vt 0.848589 0.796969
vt 0.867660 0.796969
vt 0.886275 0.796966
vt 0.905091 0.796965
vt 0.924181 0.796965
vt 0.933435 0.796964
vt 0.801356 0.796971
vt 0.820220 0.796970
vt 0.838971 0.796968
vt 0.858113 0.796969
vt 0.877060 0.796968
vt 0.895753 0.796966
vt 0.914680 0.796965
vt 0.944450 0.796964
vt 0.790413 0.796970
vt 0.934046 0.783780
vt 0.913698 0.783781
vt 0.895770 0.783782
vt 0.878244 0.783783
vt 0.855910 0.783784
vt 0.839605 0.783784
vt 0.821085 0.783785
vt 0.801656 0.783786
vt 0.924191 0.659043
vt 0.924190 0.715581
vt 0.905292 0.659044
vt 0.905288 0.715582
vt 0.886403 0.659045
vt 0.886405 0.715583
vt 0.867510 0.659046
vt 0.867516 0.715584
vt 0.848611 0.659047
vt 0.848613 0.715585
vt 0.829712 0.659047
vt 0.829712 0.715585
vt 0.810816 0.659048
vt 0.810814 0.715586
vt 0.943087 0.659043
vt 0.943088 0.715581
vt 0.791916 0.659049
vt 0.791911 0.715587
vt 0.944493 0.659043
vt 0.944493 0.715581
vt 0.790620 0.659049
vt 0.790619 0.715587
vt 0.479651 0.197626
vt 0.328740 0.197026
vt 0.479769 0.001808
vt 0.327398 0.002585
vt 0.328652 0.024822
vt 0.479451 0.025491
vt 0.460788 0.199631
vt 0.441923 0.196989
vt 0.423059 0.196988
vt 0.404195 0.196995
vt 0.385331 0.197003
vt 0.366467 0.197010
vt 0.347603 0.197018
vt 0.460496 0.004579
vt 0.441839 0.003121
vt 0.422549 0.001444
vt 0.404063 0.001666
vt 0.385476 0.001876
vt 0.365889 0.002393
vt 0.347562 0.003944
vt 0.460707 0.027836
vt 0.441863 0.025028
vt 0.422711 0.024817
vt 0.404245 0.024880
vt 0.384545 0.024775
vt 0.366515 0.024754
vt 0.347528 0.024733
vt 0.479729 0.013478
vt 0.327928 0.013136
vt 0.347610 0.013196
vt 0.366539 0.013514
vt 0.384328 0.013474
vt 0.403902 0.013212
vt 0.422805 0.013455
vt 0.441780 0.013877
vt 0.460840 0.016265
vt 0.337915 0.003266
vt 0.470314 0.003082
vt 0.451110 0.002075
vt 0.432192 0.002301
vt 0.413146 0.001624
vt 0.394408 0.001549
vt 0.373071 0.001685
vt 0.357201 0.001710
vt 0.327332 0.197026
vt 0.326001 0.001608
vt 0.327146 0.024717
vt 0.326806 0.013863
vt 0.480954 0.197714
vt 0.480716 0.002283
vt 0.480954 0.024805
vt 0.480565 0.013838
vt 0.328738 0.194319
vt 0.479650 0.195162
vt 0.347602 0.194311
vt 0.366466 0.194304
vt 0.385330 0.194296
vt 0.404194 0.194289
vt 0.423058 0.194281
vt 0.441922 0.194370
vt 0.460787 0.197450
vt 0.327331 0.194319
vt 0.480953 0.195162
vt 0.479421 0.000498
vt 0.327411 0.000873
vt 0.460727 0.003048
vt 0.441703 0.000394
vt 0.421783 0.001033
vt 0.403904 0.000125
vt 0.384805 0.000336
vt 0.366610 0.000925
vt 0.347346 0.002267
vt 0.338145 0.002102
vt 0.469396 0.001789
vt 0.451281 0.001777
vt 0.432663 0.000838
vt 0.413103 0.000000
vt 0.394384 0.000169
vt 0.373534 0.000372
vt 0.356807 0.000169
vt 0.326021 0.000173
vt 0.480056 0.000291
vt 0.337069 0.013893
vt 0.357889 0.014049
vt 0.373301 0.013378
vt 0.392938 0.013624
vt 0.414820 0.013381
vt 0.431835 0.013537
vt 0.450458 0.014914
vt 0.469052 0.013490
vt 0.347578 0.137777
vt 0.347553 0.081239
vt 0.366443 0.137769
vt 0.366421 0.081232
vt 0.385303 0.137762
vt 0.385277 0.081224
vt 0.404166 0.137754
vt 0.404137 0.081217
vt 0.423032 0.137747
vt 0.423005 0.081209
vt 0.441897 0.137739
vt 0.441873 0.081201
vt 0.460762 0.137731
vt 0.460738 0.081194
vt 0.328713 0.137784
vt 0.328688 0.081247
vt 0.479628 0.137724
vt 0.479606 0.081186
vt 0.327306 0.137785
vt 0.327281 0.081247
vt 0.480928 0.137723
vt 0.480903 0.081186
vt 0.636688 0.599801
vt 0.787916 0.599801
vt 0.636313 0.404548
vt 0.789106 0.405431
vt 0.787919 0.427596
vt 0.636599 0.427538
vt 0.655591 0.599801
vt 0.674495 0.599801
vt 0.693398 0.599801
vt 0.712302 0.599801
vt 0.731205 0.599801
vt 0.750109 0.599801
vt 0.769012 0.599801
vt 0.655728 0.404240
vt 0.674347 0.404466
vt 0.693569 0.404410
vt 0.712334 0.404321
vt 0.731571 0.404368
vt 0.751435 0.404765
vt 0.769269 0.406603
vt 0.655587 0.427480
vt 0.674476 0.427508
vt 0.693583 0.427517
vt 0.712184 0.427684
vt 0.731974 0.427538
vt 0.750124 0.427480
vt 0.769002 0.427514
vt 0.636280 0.416105
vt 0.788624 0.415915
vt 0.769012 0.415932
vt 0.750166 0.416365
vt 0.732458 0.416104
vt 0.712476 0.415891
vt 0.693315 0.415959
vt 0.674449 0.415981
vt 0.655422 0.415916
vt 0.778525 0.406242
vt 0.645752 0.404500
vt 0.665208 0.404327
vt 0.683823 0.404435
vt 0.702881 0.404260
vt 0.722174 0.404253
vt 0.743993 0.404180
vt 0.759887 0.404206
vt 0.789324 0.599801
vt 0.790510 0.404419
vt 0.789425 0.427490
vt 0.789753 0.416649
vt 0.635384 0.599801
vt 0.635374 0.404393
vt 0.635295 0.427558
vt 0.635212 0.416081
vt 0.787916 0.597094
vt 0.636688 0.597094
vt 0.769012 0.597094
vt 0.750109 0.597094
vt 0.731205 0.597094
vt 0.712302 0.597094
vt 0.693398 0.597094
vt 0.674495 0.597094
vt 0.655591 0.597094
vt 0.789324 0.597094
vt 0.635384 0.597094
vt 0.635864 0.403087
vt 0.789092 0.403696
vt 0.655506 0.402703
vt 0.674390 0.402671
vt 0.693458 0.402936
vt 0.712482 0.402618
vt 0.732387 0.402752
vt 0.751126 0.403090
vt 0.769211 0.405078
vt 0.778300 0.405077
vt 0.646598 0.402969
vt 0.665051 0.402772
vt 0.683685 0.403209
vt 0.703042 0.402796
vt 0.722339 0.402810
vt 0.743896 0.402688
vt 0.760182 0.402712
vt 0.790483 0.402974
vt 0.634569 0.403337
vt 0.779458 0.416689
vt 0.758894 0.416758
vt 0.743770 0.415915
vt 0.723783 0.416286
vt 0.701262 0.415910
vt 0.684344 0.416122
vt 0.665862 0.415843
vt 0.646711 0.415879
vt 0.769009 0.540559
vt 0.769005 0.484021
vt 0.750102 0.540559
vt 0.750096 0.484021
vt 0.731205 0.540559
vt 0.731204 0.484021
vt 0.712304 0.540559
vt 0.712306 0.484021
vt 0.693397 0.540559
vt 0.693396 0.484021
vt 0.674491 0.540559
vt 0.674488 0.484021
vt 0.655587 0.540559
vt 0.655583 0.484021
vt 0.787913 0.540559
vt 0.787911 0.484021
vt 0.636680 0.540559
vt 0.636672 0.484021
vt 0.789321 0.540559
vt 0.789318 0.484021
vt 0.635381 0.540559
vt 0.635378 0.484021
vt 0.483094 0.197183
vt 0.634332 0.197183
vt 0.482713 0.001931
vt 0.635516 0.002815
vt 0.634326 0.024980
vt 0.482995 0.024921
vt 0.501999 0.197183
vt 0.520904 0.197183
vt 0.539809 0.197183
vt 0.558713 0.197183
vt 0.577618 0.197183
vt 0.596523 0.197183
vt 0.615428 0.197183
vt 0.502133 0.001623
vt 0.520737 0.001851
vt 0.539959 0.001795
vt 0.558735 0.001705
vt 0.577970 0.001752
vt 0.597857 0.002146
vt 0.615687 0.003985
vt 0.501986 0.024863
vt 0.520875 0.024891
vt 0.539982 0.024900
vt 0.558579 0.025068
vt 0.578378 0.024921
vt 0.596529 0.024864
vt 0.615409 0.024898
vt 0.482666 0.013490
vt 0.635033 0.013298
vt 0.615427 0.013315
vt 0.596572 0.013748
vt 0.578857 0.013489
vt 0.558884 0.013274
vt 0.539714 0.013343
vt 0.520842 0.013366
vt 0.501824 0.013299
vt 0.624955 0.003622
vt 0.492142 0.001885
vt 0.511603 0.001711
vt 0.530232 0.001817
vt 0.549289 0.001643
vt 0.568589 0.001634
vt 0.590393 0.001565
vt 0.606295 0.001589
vt 0.635741 0.197183
vt 0.636921 0.001802
vt 0.635834 0.024873
vt 0.636163 0.014032
vt 0.481790 0.197183
vt 0.481781 0.001774
vt 0.481688 0.024942
vt 0.481604 0.013465
vt 0.634332 0.194476
vt 0.483094 0.194476
vt 0.615427 0.194476
vt 0.596523 0.194476
vt 0.577618 0.194476
vt 0.558713 0.194476
vt 0.539808 0.194476
vt 0.520903 0.194476
vt 0.501999 0.194476
vt 0.635741 0.194476
vt 0.481789 0.194476
vt 0.482259 0.000471
vt 0.635504 0.001079
vt 0.501912 0.000086
vt 0.520799 0.000053
vt 0.539853 0.000320
vt 0.558895 0.000000
vt 0.578791 0.000136
vt 0.597548 0.000471
vt 0.615618 0.002461
vt 0.624730 0.002457
vt 0.492982 0.000354
vt 0.511448 0.000155
vt 0.530080 0.000594
vt 0.549438 0.000180
vt 0.568747 0.000193
vt 0.590303 0.000071
vt 0.606593 0.000095
vt 0.636898 0.000356
vt 0.480954 0.000722
vt 0.625872 0.014071
vt 0.605306 0.014140
vt 0.590185 0.013297
vt 0.570177 0.013671
vt 0.547666 0.013293
vt 0.530733 0.013507
vt 0.512265 0.013226
vt 0.493118 0.013262
vt 0.615421 0.137942
vt 0.615415 0.081404
vt 0.596514 0.137942
vt 0.596505 0.081404
vt 0.577614 0.137942
vt 0.577610 0.081404
vt 0.558712 0.137942
vt 0.558710 0.081405
vt 0.539804 0.137942
vt 0.539800 0.081404
vt 0.520897 0.137942
vt 0.520891 0.081404
vt 0.501992 0.137942
vt 0.501985 0.081404
vt 0.634327 0.137942
vt 0.634321 0.081404
vt 0.483084 0.137942
vt 0.483074 0.081404
vt 0.635735 0.137942
vt 0.635730 0.081404
vt 0.481783 0.137942
vt 0.481777 0.081404
vt 0.791826 0.994130
vt 0.941549 0.994144
vt 0.791722 0.798498
vt 0.941546 0.798508
vt 0.941550 0.821825
vt 0.791817 0.821811
vt 0.809368 0.994132
vt 0.827662 0.994132
vt 0.847168 0.994136
vt 0.866111 0.994140
vt 0.884921 0.994139
vt 0.903702 0.994138
vt 0.922569 0.994139
vt 0.809394 0.798498
vt 0.827654 0.798497
vt 0.847206 0.798500
vt 0.866184 0.798501
vt 0.884736 0.798503
vt 0.903422 0.798505
vt 0.922527 0.798506
vt 0.809468 0.821812
vt 0.827661 0.821814
vt 0.847172 0.821817
vt 0.866120 0.821821
vt 0.884925 0.821820
vt 0.903696 0.821820
vt 0.922568 0.821821
vt 0.791810 0.810153
vt 0.941549 0.810167
vt 0.922632 0.810167
vt 0.903618 0.810161
vt 0.884809 0.810162
vt 0.866128 0.810162
vt 0.847166 0.810159
vt 0.827666 0.810155
vt 0.809634 0.810153
vt 0.931972 0.798511
vt 0.800126 0.798498
vt 0.818858 0.798499
vt 0.837730 0.798500
vt 0.856621 0.798502
vt 0.875531 0.798499
vt 0.893593 0.798500
vt 0.913175 0.798506
vt 0.942958 0.994144
vt 0.942952 0.798509
vt 0.942958 0.821825
vt 0.942955 0.810167
vt 0.790522 0.994129
vt 0.790419 0.798498
vt 0.790521 0.821811
vt 0.790484 0.810154
vt 0.941549 0.991437
vt 0.791826 0.991423
vt 0.922569 0.991433
vt 0.903702 0.991432
vt 0.884921 0.991433
vt 0.866111 0.991433
vt 0.847168 0.991430
vt 0.827662 0.991426
vt 0.809368 0.991425
vt 0.942958 0.991438
vt 0.790522 0.991423
vt 0.791728 0.796972
vt 0.941538 0.796983
vt 0.809390 0.796972
vt 0.827612 0.796973
vt 0.847193 0.796974
vt 0.866193 0.796975
vt 0.884617 0.796977
vt 0.903652 0.796977
vt 0.922563 0.796978
vt 0.931980 0.796986
vt 0.800279 0.796971
vt 0.818788 0.796973
vt 0.837383 0.796976
vt 0.856651 0.796975
vt 0.875517 0.796974
vt 0.893545 0.796976
vt 0.913222 0.796980
vt 0.942935 0.796984
vt 0.790413 0.796972
vt 0.932537 0.810167
vt 0.912183 0.810165
vt 0.894107 0.810163
vt 0.876745 0.810160
vt 0.854476 0.810160
vt 0.837971 0.810157
vt 0.819580 0.810157
vt 0.800685 0.810155
vt 0.922568 0.934898
vt 0.922568 0.878361
vt 0.903700 0.934897
vt 0.903698 0.878360
vt 0.884922 0.934898
vt 0.884924 0.878361
vt 0.866114 0.934899
vt 0.866117 0.878361
vt 0.847170 0.934895
vt 0.847171 0.878358
vt 0.827661 0.934891
vt 0.827661 0.878354
vt 0.809368 0.934891
vt 0.809367 0.878354
vt 0.941550 0.934903
vt 0.941550 0.878366
vt 0.791823 0.934889
vt 0.791820 0.878351
vt 0.942958 0.934903
vt 0.942958 0.878366
vt 0.790522 0.934888
vt 0.790522 0.878351
vt 0.152654 0.802791
vt 0.001415 0.802791
vt 0.152790 0.607160
vt 0.001413 0.607155
vt 0.001408 0.630472
vt 0.152660 0.630473
vt 0.133749 0.802791
vt 0.114844 0.802791
vt 0.095939 0.802791
vt 0.077035 0.802791
vt 0.058130 0.802791
vt 0.039225 0.802791
vt 0.020320 0.802791
vt 0.133809 0.607157
vt 0.114876 0.607157
vt 0.095940 0.607156
vt 0.076927 0.607152
vt 0.058204 0.607158
vt 0.039362 0.607160
vt 0.020387 0.607158
vt 0.133746 0.630472
vt 0.114839 0.630472
vt 0.095928 0.630472
vt 0.077016 0.630472
vt 0.058118 0.630472
vt 0.039227 0.630473
vt 0.020315 0.630472
vt 0.152669 0.618815
vt 0.001410 0.618814
vt 0.020367 0.618815
vt 0.039265 0.618815
vt 0.058136 0.618814
vt 0.077005 0.618813
vt 0.095952 0.618814
vt 0.114840 0.618814
vt 0.133795 0.618816
vt 0.011009 0.607160
vt 0.143251 0.607157
vt 0.124313 0.607156
vt 0.105523 0.607160
vt 0.086486 0.607155
vt 0.067481 0.607152
vt 0.048658 0.607155
vt 0.029820 0.607157
vt 0.000006 0.802791
vt 0.000007 0.607156
vt 0.000000 0.630472
vt 0.000004 0.618814
vt 0.153958 0.802791
vt 0.154094 0.607160
vt 0.153952 0.630472
vt 0.154004 0.618815
vt 0.001415 0.800084
vt 0.152654 0.800085
vt 0.020320 0.800084
vt 0.039225 0.800084
vt 0.058130 0.800085
vt 0.077034 0.800085
vt 0.095939 0.800085
vt 0.114844 0.800085
vt 0.133749 0.800085
vt 0.000006 0.800085
vt 0.153958 0.800084
vt 0.152782 0.605634
vt 0.001424 0.605630
vt 0.133818 0.605632
vt 0.114911 0.605632
vt 0.095946 0.605630
vt 0.076914 0.605626
vt 0.058213 0.605632
vt 0.039367 0.605634
vt 0.020321 0.605630
vt 0.011009 0.605634
vt 0.143204 0.605630
vt 0.124322 0.605631
vt 0.105522 0.605634
vt 0.086439 0.605628
vt 0.067496 0.605627
vt 0.048739 0.605632
vt 0.029811 0.605631
vt 0.000030 0.605631
vt 0.154101 0.605634
vt 0.010441 0.618815
vt 0.030796 0.618815
vt 0.048732 0.618815
vt 0.066297 0.618813
vt 0.088624 0.618814
vt 0.104932 0.618815
vt 0.123457 0.618815
vt 0.142880 0.618816
vt 0.020318 0.743550
vt 0.020317 0.687013
vt 0.039226 0.743550
vt 0.039227 0.687013
vt 0.058126 0.743550
vt 0.058122 0.687013
vt 0.077028 0.743550
vt 0.077022 0.687012
vt 0.095935 0.743550
vt 0.095932 0.687013
vt 0.114842 0.743550
vt 0.114841 0.687013
vt 0.133748 0.743550
vt 0.133747 0.687013
vt 0.001413 0.743550
vt 0.001411 0.687013
vt 0.152656 0.743550
vt 0.152658 0.687013
vt 0.000004 0.743550
vt 0.000002 0.687013
vt 0.153956 0.743550
vt 0.153954 0.687013
vt 0.638257 0.400176
vt 0.789407 0.400177
vt 0.637900 0.204924
vt 0.790609 0.205807
vt 0.789409 0.227972
vt 0.638164 0.227913
vt 0.657150 0.400177
vt 0.676044 0.400177
vt 0.694938 0.400177
vt 0.713832 0.400177
vt 0.732725 0.400177
vt 0.751619 0.400177
vt 0.770513 0.400177
vt 0.657318 0.204616
vt 0.675863 0.204841
vt 0.695070 0.204786
vt 0.713863 0.204697
vt 0.733075 0.204743
vt 0.753018 0.205141
vt 0.770820 0.206979
vt 0.657148 0.227855
vt 0.676021 0.227883
vt 0.695114 0.227892
vt 0.713683 0.228059
vt 0.733494 0.227914
vt 0.751635 0.227856
vt 0.770504 0.227890
vt 0.637806 0.216480
vt 0.790121 0.216291
vt 0.770548 0.216308
vt 0.751680 0.216741
vt 0.733962 0.216480
vt 0.714029 0.216267
vt 0.694848 0.216335
vt 0.675970 0.216357
vt 0.656997 0.216292
vt 0.780119 0.206618
vt 0.647287 0.204876
vt 0.666748 0.204703
vt 0.685406 0.204811
vt 0.704446 0.204636
vt 0.723750 0.204628
vt 0.745491 0.204556
vt 0.761408 0.204581
vt 0.790817 0.400177
vt 0.792018 0.204794
vt 0.790919 0.227866
vt 0.791253 0.217024
vt 0.636950 0.400177
vt 0.636990 0.204768
vt 0.636846 0.227933
vt 0.636762 0.216456
vt 0.789406 0.397470
vt 0.638257 0.397470
vt 0.770513 0.397470
vt 0.751619 0.397470
vt 0.732725 0.397470
vt 0.713831 0.397470
vt 0.694938 0.397470
vt 0.676044 0.397470
vt 0.657150 0.397470
vt 0.790817 0.397470
vt 0.636950 0.397470
vt 0.637430 0.203463
vt 0.790603 0.204072
vt 0.657102 0.203079
vt 0.675981 0.203046
vt 0.694975 0.203312
vt 0.714058 0.202994
vt 0.733912 0.203128
vt 0.752711 0.203466
vt 0.770718 0.205453
vt 0.779892 0.205452
vt 0.648110 0.203344
vt 0.666602 0.203147
vt 0.685210 0.203585
vt 0.704556 0.203172
vt 0.723886 0.203186
vt 0.745425 0.203064
vt 0.761711 0.203088
vt 0.792006 0.203350
vt 0.636094 0.203712
vt 0.780981 0.217065
vt 0.760428 0.217133
vt 0.745330 0.216290
vt 0.725273 0.216661
vt 0.702809 0.216285
vt 0.685845 0.216498
vt 0.667433 0.216219
vt 0.648313 0.216255
vt 0.770510 0.340935
vt 0.770507 0.284397
vt 0.751615 0.340935
vt 0.751610 0.284397
vt 0.732723 0.340935
vt 0.732722 0.284397
vt 0.713831 0.340935
vt 0.713830 0.284397
vt 0.694936 0.340935
vt 0.694934 0.284397
vt 0.676041 0.340935
vt 0.676038 0.284397
vt 0.657147 0.340935
vt 0.657143 0.284397
vt 0.789404 0.340935
vt 0.789401 0.284397
vt 0.638252 0.340935
vt 0.638247 0.284397
vt 0.790815 0.340935
vt 0.790812 0.284397
vt 0.636947 0.340935
vt 0.636944 0.284397
vt 0.153500 0.603624
vt 0.002728 0.603000
vt 0.153663 0.407806
vt 0.001379 0.408559
vt 0.002654 0.430797
vt 0.153327 0.431488
vt 0.134654 0.605626
vt 0.115806 0.602981
vt 0.096960 0.602977
vt 0.078114 0.602981
vt 0.059267 0.602986
vt 0.040421 0.602991
vt 0.021574 0.602995
vt 0.134414 0.410574
vt 0.115685 0.409113
vt 0.096460 0.407433
vt 0.077988 0.407652
vt 0.059380 0.407859
vt 0.039861 0.408373
vt 0.021564 0.409921
vt 0.134589 0.433831
vt 0.115761 0.431019
vt 0.096621 0.430806
vt 0.078146 0.430866
vt 0.058493 0.430758
vt 0.040478 0.430735
vt 0.021514 0.430710
vt 0.153570 0.419476
vt 0.001933 0.419110
vt 0.021628 0.419174
vt 0.040458 0.419494
vt 0.058248 0.419456
vt 0.077851 0.419198
vt 0.096716 0.419444
vt 0.115681 0.419869
vt 0.134737 0.422260
vt 0.011945 0.409242
vt 0.144173 0.409078
vt 0.124999 0.408069
vt 0.106133 0.408291
vt 0.087125 0.407611
vt 0.068396 0.407533
vt 0.047004 0.407666
vt 0.031159 0.407689
vt 0.001326 0.603000
vt 0.000000 0.407582
vt 0.001155 0.430691
vt 0.000817 0.419837
vt 0.154798 0.603712
vt 0.154636 0.408281
vt 0.154798 0.430803
vt 0.154446 0.419836
vt 0.002727 0.600293
vt 0.153499 0.601159
vt 0.021573 0.600289
vt 0.040420 0.600284
vt 0.059266 0.600279
vt 0.078113 0.600275
vt 0.096959 0.600270
vt 0.115805 0.600362
vt 0.134653 0.603445
vt 0.001325 0.600294
vt 0.154797 0.601160
vt 0.153357 0.406495
vt 0.001407 0.406847
vt 0.134649 0.409042
vt 0.115628 0.406386
vt 0.095720 0.407021
vt 0.077863 0.406111
vt 0.058726 0.406319
vt 0.040608 0.406905
vt 0.021326 0.408245
vt 0.012174 0.408078
vt 0.143242 0.407785
vt 0.125204 0.407770
vt 0.106598 0.406829
vt 0.087055 0.405987
vt 0.068331 0.406154
vt 0.047469 0.406354
vt 0.030774 0.406148
vt 0.000039 0.406147
vt 0.154005 0.406289
vt 0.011088 0.419868
vt 0.031855 0.420028
vt 0.047269 0.419359
vt 0.066827 0.419608
vt 0.088763 0.419368
vt 0.105693 0.419528
vt 0.124389 0.420907
vt 0.143002 0.419486
vt 0.021554 0.543754
vt 0.021534 0.487217
vt 0.040404 0.543749
vt 0.040388 0.487212
vt 0.059243 0.543745
vt 0.059220 0.487207
vt 0.078086 0.543740
vt 0.078060 0.487203
vt 0.096936 0.543735
vt 0.096913 0.487198
vt 0.115786 0.543731
vt 0.115766 0.487193
vt 0.134633 0.543726
vt 0.134614 0.487188
vt 0.002706 0.543759
vt 0.002685 0.487221
vt 0.153484 0.543721
vt 0.153470 0.487183
vt 0.001305 0.543759
vt 0.001284 0.487222
vt 0.154776 0.543721
vt 0.154756 0.487184
vt 0.001534 0.999954
vt 0.150887 0.999969
vt 0.001308 0.804317
vt 0.150879 0.804331
vt 0.150888 0.827648
vt 0.001515 0.827634
vt 0.019015 0.999956
vt 0.037298 0.999957
vt 0.056700 0.999960
vt 0.075552 0.999962
vt 0.094375 0.999963
vt 0.113191 0.999964
vt 0.132026 0.999966
vt 0.019003 0.804318
vt 0.037273 0.804320
vt 0.056763 0.804322
vt 0.075711 0.804323
vt 0.094192 0.804325
vt 0.112826 0.804327
vt 0.131913 0.804329
vt 0.019139 0.827635
vt 0.037296 0.827637
vt 0.056708 0.827639
vt 0.075572 0.827641
vt 0.094384 0.827643
vt 0.113177 0.827644
vt 0.132024 0.827646
vt 0.001500 0.815975
vt 0.150885 0.815989
vt 0.131965 0.815988
vt 0.113095 0.815985
vt 0.094273 0.815984
vt 0.075589 0.815983
vt 0.056690 0.815981
vt 0.037305 0.815978
vt 0.019317 0.815976
vt 0.141227 0.804331
vt 0.009735 0.804318
vt 0.028435 0.804319
vt 0.047271 0.804321
vt 0.066113 0.804323
vt 0.085101 0.804324
vt 0.103139 0.804325
vt 0.122559 0.804328
vt 0.152288 0.999969
vt 0.152275 0.804331
vt 0.152288 0.827648
vt 0.152281 0.815990
vt 0.000237 0.999954
vt 0.000013 0.804317
vt 0.000237 0.827633
vt 0.000155 0.815975
vt 0.150887 0.997262
vt 0.001534 0.997247
vt 0.132026 0.997259
vt 0.113191 0.997258
vt 0.094375 0.997257
vt 0.075552 0.997255
vt 0.056700 0.997253
vt 0.037298 0.997251
vt 0.019015 0.997249
vt 0.152288 0.997262
vt 0.000237 0.997247
vt 0.001320 0.802791
vt 0.150861 0.802805
vt 0.018991 0.802793
vt 0.037189 0.802794
vt 0.056738 0.802796
vt 0.075731 0.802797
vt 0.094093 0.802799
vt 0.113131 0.802801
vt 0.132014 0.802803
vt 0.141229 0.802805
vt 0.009917 0.802792
vt 0.028371 0.802793
vt 0.046869 0.802796
vt 0.066187 0.802797
vt 0.085075 0.802798
vt 0.103044 0.802800
vt 0.122625 0.802802
vt 0.152238 0.802805
vt 0.000000 0.802791
vt 0.141865 0.815989
vt 0.121573 0.815987
vt 0.103546 0.815985
vt 0.086251 0.815983
vt 0.063978 0.815981
vt 0.047548 0.815979
vt 0.029166 0.815978
vt 0.010314 0.815976
vt 0.132026 0.940724
vt 0.132025 0.884187
vt 0.113187 0.940723
vt 0.113182 0.884185
vt 0.094378 0.940722
vt 0.094381 0.884184
vt 0.075559 0.940720
vt 0.075565 0.884182
vt 0.056703 0.940718
vt 0.056705 0.884180
vt 0.037298 0.940716
vt 0.037297 0.884178
vt 0.019013 0.940714
vt 0.019011 0.884176
vt 0.150888 0.940727
vt 0.150888 0.884189
vt 0.001528 0.940712
vt 0.001521 0.884174
vt 0.152288 0.940727
vt 0.152288 0.884189
vt 0.000237 0.940712
vt 0.000237 0.884174
vt 0.164569 0.999956
vt 0.313717 0.999999
vt 0.164307 0.804325
vt 0.313709 0.804364
vt 0.313719 0.827681
vt 0.164546 0.827638
vt 0.182020 0.999962
vt 0.200289 0.999966
vt 0.219648 0.999974
vt 0.238462 0.999981
vt 0.257276 0.999984
vt 0.276090 0.999986
vt 0.294904 0.999991
vt 0.181997 0.804328
vt 0.200259 0.804331
vt 0.219717 0.804337
vt 0.238645 0.804342
vt 0.257094 0.804348
vt 0.275700 0.804354
vt 0.294769 0.804358
vt 0.182151 0.827642
vt 0.200287 0.827647
vt 0.219657 0.827655
vt 0.238484 0.827662
vt 0.257286 0.827665
vt 0.276074 0.827668
vt 0.294901 0.827672
vt 0.164529 0.815980
vt 0.313715 0.816022
vt 0.294806 0.816019
vt 0.275990 0.816009
vt 0.257176 0.816006
vt 0.238504 0.816003
vt 0.219635 0.815997
vt 0.200296 0.815989
vt 0.182332 0.815984
vt 0.304040 0.804365
vt 0.172735 0.804326
vt 0.191414 0.804331
vt 0.210227 0.804336
vt 0.229044 0.804341
vt 0.248041 0.804342
vt 0.266060 0.804347
vt 0.285421 0.804356
vt 0.315115 1.000000
vt 0.315100 0.804364
vt 0.315115 0.827681
vt 0.315107 0.816023
vt 0.163275 0.999956
vt 0.163015 0.804325
vt 0.163274 0.827637
vt 0.163180 0.815980
vt 0.313718 0.997293
vt 0.164569 0.997250
vt 0.294904 0.997285
vt 0.276090 0.997280
vt 0.257276 0.997277
vt 0.238462 0.997274
vt 0.219648 0.997267
vt 0.200289 0.997260
vt 0.182020 0.997256
vt 0.315115 0.997293
vt 0.163275 0.997249
vt 0.164322 0.802799
vt 0.313688 0.802838
vt 0.181984 0.802802
vt 0.200162 0.802807
vt 0.219689 0.802812
vt 0.238668 0.802816
vt 0.257001 0.802821
vt 0.276027 0.802825
vt 0.294890 0.802830
vt 0.304040 0.802839
vt 0.172926 0.802799
vt 0.191351 0.802805
vt 0.209810 0.802812
vt 0.229130 0.802814
vt 0.248012 0.802817
vt 0.265951 0.802822
vt 0.285492 0.802830
vt 0.315058 0.802839
vt 0.163001 0.802799
vt 0.304699 0.816021
vt 0.284438 0.816014
vt 0.266437 0.816009
vt 0.249173 0.816003
vt 0.226912 0.815999
vt 0.210515 0.815993
vt 0.192147 0.815989
vt 0.173320 0.815984
vt 0.294903 0.940750
vt 0.294902 0.884213
vt 0.276085 0.940745
vt 0.276079 0.884208
vt 0.257279 0.940743
vt 0.257283 0.884205
vt 0.238469 0.940740
vt 0.238477 0.884202
vt 0.219651 0.940733
vt 0.219654 0.884195
vt 0.200288 0.940725
vt 0.200287 0.884188
vt 0.182018 0.940721
vt 0.182016 0.884184
vt 0.313718 0.940758
vt 0.313719 0.884221
vt 0.164561 0.940716
vt 0.164554 0.884178
vt 0.315115 0.940759
vt 0.315115 0.884222
vt 0.163275 0.940715
vt 0.163274 0.884178
vt 0.633275 0.600250
vt 0.482761 0.599638
vt 0.633464 0.404432
vt 0.481409 0.405194
vt 0.482695 0.427433
vt 0.633117 0.428114
vt 0.614462 0.602254
vt 0.595646 0.599610
vt 0.576832 0.599607
vt 0.558018 0.599613
vt 0.539204 0.599619
vt 0.520389 0.599625
vt 0.501575 0.599632
vt 0.614251 0.407201
vt 0.595505 0.405739
vt 0.576339 0.404062
vt 0.557895 0.404282
vt 0.539299 0.404489
vt 0.519841 0.405006
vt 0.501582 0.406557
vt 0.614406 0.430458
vt 0.595609 0.427647
vt 0.576499 0.427435
vt 0.558041 0.427496
vt 0.538437 0.427390
vt 0.520451 0.427368
vt 0.501523 0.427345
vt 0.633341 0.416100
vt 0.481976 0.415747
vt 0.501655 0.415810
vt 0.520408 0.416126
vt 0.538176 0.416087
vt 0.557773 0.415830
vt 0.576593 0.416073
vt 0.595530 0.416497
vt 0.614563 0.418887
vt 0.491990 0.405878
vt 0.623966 0.405703
vt 0.604830 0.404695
vt 0.586016 0.404921
vt 0.567052 0.404243
vt 0.548350 0.404166
vt 0.526954 0.404298
vt 0.511141 0.404322
vt 0.481363 0.599638
vt 0.480042 0.404218
vt 0.481201 0.427327
vt 0.480864 0.416474
vt 0.634569 0.600338
vt 0.634450 0.404908
vt 0.634569 0.427427
vt 0.634238 0.416462
vt 0.482760 0.596931
vt 0.633274 0.597785
vt 0.501574 0.596925
vt 0.520388 0.596919
vt 0.539203 0.596913
vt 0.558017 0.596907
vt 0.576831 0.596900
vt 0.595645 0.596991
vt 0.614461 0.600072
vt 0.481362 0.596932
vt 0.634568 0.597786
vt 0.633181 0.403123
vt 0.481446 0.403483
vt 0.614487 0.405670
vt 0.595490 0.403014
vt 0.575613 0.403651
vt 0.557791 0.402742
vt 0.538655 0.402949
vt 0.520600 0.403539
vt 0.501331 0.404879
vt 0.492217 0.404715
vt 0.623028 0.404409
vt 0.605054 0.404398
vt 0.586477 0.403458
vt 0.566967 0.402618
vt 0.548263 0.402785
vt 0.527419 0.402985
vt 0.510762 0.402782
vt 0.480090 0.402784
vt 0.633835 0.402917
vt 0.491128 0.416505
vt 0.511840 0.416662
vt 0.527238 0.415993
vt 0.546728 0.416238
vt 0.568668 0.415999
vt 0.585531 0.416154
vt 0.604246 0.417535
vt 0.622847 0.416114
vt 0.501557 0.540390
vt 0.501540 0.483852
vt 0.520376 0.540384
vt 0.520363 0.483846
vt 0.539181 0.540378
vt 0.539160 0.483840
vt 0.557992 0.540372
vt 0.557966 0.483834
vt 0.576810 0.540365
vt 0.576790 0.483828
vt 0.595628 0.540359
vt 0.595612 0.483821
vt 0.614444 0.540353
vt 0.614428 0.483815
vt 0.482742 0.540396
vt 0.482723 0.483858
vt 0.633264 0.540347
vt 0.633253 0.483809
vt 0.481344 0.540397
vt 0.481327 0.483859
vt 0.634550 0.540347
vt 0.634533 0.483809
vt 0.165234 0.802799
vt 0.316019 0.802799
vt 0.164861 0.607547
vt 0.317197 0.608431
vt 0.315991 0.630595
vt 0.165109 0.630537
vt 0.184082 0.802799
vt 0.202930 0.802799
vt 0.221778 0.802799
vt 0.240626 0.802799
vt 0.259475 0.802799
vt 0.278323 0.802799
vt 0.297171 0.802799
vt 0.184245 0.607239
vt 0.202685 0.607467
vt 0.221839 0.607411
vt 0.240624 0.607321
vt 0.259774 0.607368
vt 0.279753 0.607762
vt 0.297492 0.609601
vt 0.184053 0.630479
vt 0.202873 0.630507
vt 0.221917 0.630516
vt 0.240420 0.630684
vt 0.260213 0.630537
vt 0.278310 0.630480
vt 0.297133 0.630514
vt 0.164712 0.619105
vt 0.316706 0.618914
vt 0.297208 0.618930
vt 0.278355 0.619364
vt 0.260662 0.619104
vt 0.240814 0.618890
vt 0.221650 0.618959
vt 0.202797 0.618981
vt 0.183912 0.618915
vt 0.306814 0.609238
vt 0.174180 0.607501
vt 0.193610 0.607327
vt 0.212272 0.607433
vt 0.231259 0.607258
vt 0.250536 0.607250
vt 0.272160 0.607180
vt 0.288069 0.607205
vt 0.317430 0.802799
vt 0.318608 0.607417
vt 0.317503 0.630489
vt 0.317839 0.619648
vt 0.163928 0.802799
vt 0.163981 0.607390
vt 0.163780 0.630558
vt 0.163692 0.619081
vt 0.316018 0.800092
vt 0.165233 0.800092
vt 0.297170 0.800092
vt 0.278322 0.800092
vt 0.259474 0.800092
vt 0.240626 0.800092
vt 0.221778 0.800092
vt 0.202930 0.800092
vt 0.184082 0.800092
vt 0.317429 0.800092
vt 0.163927 0.800092
vt 0.164371 0.606087
vt 0.317198 0.606695
vt 0.184035 0.605702
vt 0.202873 0.605668
vt 0.221759 0.605936
vt 0.240862 0.605616
vt 0.260631 0.605751
vt 0.279449 0.606087
vt 0.297349 0.608077
vt 0.306585 0.608073
vt 0.174980 0.605970
vt 0.193473 0.605771
vt 0.212021 0.606210
vt 0.231319 0.605796
vt 0.250643 0.605809
vt 0.272124 0.605687
vt 0.288379 0.605711
vt 0.318610 0.605972
vt 0.163001 0.606338
vt 0.307609 0.619687
vt 0.287105 0.619756
vt 0.272061 0.618913
vt 0.251976 0.619287
vt 0.229610 0.618909
vt 0.212636 0.619123
vt 0.194325 0.618842
vt 0.175271 0.618877
vt 0.297158 0.743558
vt 0.297145 0.687020
vt 0.278310 0.743558
vt 0.278297 0.687020
vt 0.259461 0.743558
vt 0.259448 0.687020
vt 0.240613 0.743558
vt 0.240600 0.687020
vt 0.221765 0.743558
vt 0.221752 0.687020
vt 0.202917 0.743558
vt 0.202905 0.687020
vt 0.184069 0.743558
vt 0.184057 0.687020
vt 0.316006 0.743558
vt 0.315993 0.687020
vt 0.165221 0.743557
vt 0.165209 0.687020
vt 0.317417 0.743558
vt 0.317404 0.687020
vt 0.163914 0.743558
vt 0.163902 0.687020
vt 0.945005 0.197172
vt 0.794218 0.197163
vt 0.944993 0.001535
vt 0.794217 0.001526
vt 0.794218 0.024843
vt 0.945004 0.024852
vt 0.926157 0.197171
vt 0.907308 0.197170
vt 0.888460 0.197169
vt 0.869611 0.197168
vt 0.850763 0.197167
vt 0.831914 0.197166
vt 0.813066 0.197165
vt 0.926151 0.001534
vt 0.907305 0.001532
vt 0.888459 0.001531
vt 0.869620 0.001529
vt 0.850756 0.001529
vt 0.831902 0.001529
vt 0.813060 0.001527
vt 0.926157 0.024850
vt 0.907308 0.024849
vt 0.888460 0.024848
vt 0.869613 0.024847
vt 0.850763 0.024846
vt 0.831914 0.024845
vt 0.813066 0.024844
vt 0.945003 0.013193
vt 0.794217 0.013184
vt 0.813061 0.013186
vt 0.831910 0.013187
vt 0.850762 0.013188
vt 0.869613 0.013188
vt 0.888458 0.013190
vt 0.907308 0.013191
vt 0.926152 0.013192
vt 0.803629 0.001527
vt 0.935576 0.001534
vt 0.916730 0.001533
vt 0.897872 0.001533
vt 0.879035 0.001531
vt 0.860195 0.001529
vt 0.841340 0.001528
vt 0.822485 0.001528
vt 0.792806 0.197163
vt 0.792806 0.001526
vt 0.792806 0.024843
vt 0.792806 0.013184
vt 0.946312 0.197172
vt 0.946299 0.001535
vt 0.946312 0.024852
vt 0.946307 0.013193
vt 0.794218 0.194457
vt 0.945005 0.194465
vt 0.813066 0.194458
vt 0.831914 0.194459
vt 0.850763 0.194460
vt 0.869611 0.194461
vt 0.888460 0.194462
vt 0.907308 0.194463
vt 0.926157 0.194464
vt 0.792806 0.194457
vt 0.946312 0.194465
vt 0.944993 0.000009
vt 0.794216 0.000000
vt 0.926150 0.000008
vt 0.907302 0.000007
vt 0.888459 0.000005
vt 0.869621 0.000003
vt 0.850755 0.000004
vt 0.831901 0.000003
vt 0.813065 0.000001
vt 0.803629 0.000002
vt 0.935580 0.000008
vt 0.916730 0.000007
vt 0.897872 0.000007
vt 0.879039 0.000004
vt 0.860194 0.000003
vt 0.841333 0.000003
vt 0.822486 0.000002
vt 0.792804 0.000000
vt 0.946299 0.000010
vt 0.803183 0.013185
vt 0.823470 0.013186
vt 0.841353 0.013187
vt 0.858955 0.013188
vt 0.881160 0.013189
vt 0.897408 0.013190
vt 0.915867 0.013191
vt 0.935189 0.013193
vt 0.813066 0.137923
vt 0.813066 0.081385
vt 0.831914 0.137924
vt 0.831914 0.081386
vt 0.850763 0.137925
vt 0.850763 0.081387
vt 0.869612 0.137926
vt 0.869612 0.081388
vt 0.888460 0.137927
vt 0.888460 0.081389
vt 0.907308 0.137928
vt 0.907308 0.081390
vt 0.926157 0.137929
vt 0.926157 0.081391
vt 0.794218 0.137922
vt 0.794218 0.081384
vt 0.945005 0.137930
vt 0.945005 0.081392
vt 0.792806 0.137922
vt 0.792806 0.081384
vt 0.946312 0.137930
vt 0.946312 0.081392
vt 0.792092 0.402636
vt 0.943059 0.402618
vt 0.791821 0.598273
vt 0.943050 0.598256
vt 0.943061 0.574939
vt 0.792069 0.574957
vt 0.810963 0.402634
vt 0.829834 0.402632
vt 0.848705 0.402629
vt 0.867576 0.402627
vt 0.886446 0.402625
vt 0.905317 0.402623
vt 0.924188 0.402620
vt 0.810836 0.598271
vt 0.829760 0.598269
vt 0.848690 0.598267
vt 0.867766 0.598266
vt 0.886293 0.598262
vt 0.905045 0.598259
vt 0.924049 0.598258
vt 0.810957 0.574954
vt 0.829831 0.574952
vt 0.848714 0.574950
vt 0.867599 0.574948
vt 0.886457 0.574945
vt 0.905301 0.574943
vt 0.924186 0.574941
vt 0.792050 0.586615
vt 0.943057 0.586597
vt 0.924087 0.586599
vt 0.905230 0.586601
vt 0.886423 0.586604
vt 0.867620 0.586607
vt 0.848668 0.586608
vt 0.829829 0.586611
vt 0.810863 0.586613
vt 0.933343 0.598256
vt 0.801420 0.598272
vt 0.820353 0.598270
vt 0.839008 0.598267
vt 0.858129 0.598266
vt 0.877190 0.598265
vt 0.895905 0.598262
vt 0.914649 0.598259
vt 0.944461 0.402618
vt 0.944445 0.598256
vt 0.944461 0.574939
vt 0.944453 0.586597
vt 0.790794 0.402636
vt 0.790525 0.598273
vt 0.790794 0.574957
vt 0.790696 0.586615
vt 0.943059 0.405325
vt 0.792092 0.405343
vt 0.924188 0.405327
vt 0.905318 0.405329
vt 0.886447 0.405332
vt 0.867576 0.405334
vt 0.848705 0.405336
vt 0.829834 0.405338
vt 0.810963 0.405340
vt 0.944461 0.405325
vt 0.790795 0.405343
vt 0.791836 0.599799
vt 0.943029 0.599782
vt 0.810819 0.599797
vt 0.829693 0.599795
vt 0.848678 0.599793
vt 0.867790 0.599792
vt 0.886275 0.599788
vt 0.905036 0.599785
vt 0.924174 0.599784
vt 0.933343 0.599782
vt 0.801509 0.599799
vt 0.820336 0.599796
vt 0.839008 0.599793
vt 0.858218 0.599792
vt 0.877160 0.599790
vt 0.895751 0.599787
vt 0.914666 0.599785
vt 0.944401 0.599781
vt 0.790510 0.599799
vt 0.934011 0.586598
vt 0.913686 0.586601
vt 0.895782 0.586603
vt 0.878321 0.586605
vt 0.855990 0.586608
vt 0.839701 0.586609
vt 0.821200 0.586612
vt 0.801776 0.586614
vt 0.924188 0.461862
vt 0.924187 0.518400
vt 0.905312 0.461864
vt 0.905306 0.518402
vt 0.886450 0.461867
vt 0.886454 0.518405
vt 0.867584 0.461869
vt 0.867591 0.518407
vt 0.848708 0.461871
vt 0.848711 0.518409
vt 0.829833 0.461873
vt 0.829832 0.518411
vt 0.810961 0.461875
vt 0.810959 0.518413
vt 0.943060 0.461860
vt 0.943060 0.518398
vt 0.792084 0.461878
vt 0.792077 0.518416
vt 0.944461 0.461860
vt 0.944461 0.518398
vt 0.790794 0.461878
vt 0.790794 0.518416
vt 0.478737 0.600225
vt 0.327901 0.599669
vt 0.478818 0.404407
vt 0.326566 0.405228
vt 0.327802 0.427465
vt 0.478515 0.428089
vt 0.459884 0.602235
vt 0.441028 0.599598
vt 0.422173 0.599603
vt 0.403319 0.599616
vt 0.384464 0.599629
vt 0.365610 0.599642
vt 0.346755 0.599655
vt 0.459549 0.407183
vt 0.440973 0.405731
vt 0.421656 0.404060
vt 0.403182 0.404287
vt 0.384634 0.404502
vt 0.365017 0.405024
vt 0.346688 0.406582
vt 0.459789 0.430440
vt 0.440956 0.427637
vt 0.421818 0.427432
vt 0.403381 0.427501
vt 0.383668 0.427401
vt 0.365650 0.427386
vt 0.346668 0.427370
vt 0.478820 0.416077
vt 0.327076 0.415779
vt 0.346724 0.415834
vt 0.365708 0.416146
vt 0.383474 0.416100
vt 0.403001 0.415833
vt 0.421912 0.416070
vt 0.440870 0.416487
vt 0.459909 0.418869
vt 0.337031 0.405906
vt 0.469402 0.405683
vt 0.450200 0.404682
vt 0.431263 0.404913
vt 0.412209 0.404242
vt 0.393488 0.404173
vt 0.372221 0.404315
vt 0.356350 0.404345
vt 0.326491 0.599669
vt 0.325157 0.404252
vt 0.326293 0.427360
vt 0.325951 0.416506
vt 0.480042 0.600312
vt 0.479743 0.404881
vt 0.480042 0.427403
vt 0.479624 0.416437
vt 0.327899 0.596962
vt 0.478736 0.597760
vt 0.346754 0.596949
vt 0.365608 0.596936
vt 0.384463 0.596923
vt 0.403317 0.596909
vt 0.422172 0.596896
vt 0.441026 0.596980
vt 0.459882 0.600054
vt 0.326490 0.596963
vt 0.480041 0.597760
vt 0.478436 0.403096
vt 0.326568 0.403516
vt 0.459778 0.405652
vt 0.440775 0.403004
vt 0.420869 0.403648
vt 0.402994 0.402746
vt 0.383950 0.402962
vt 0.365717 0.403557
vt 0.346491 0.404905
vt 0.337263 0.404742
vt 0.468497 0.404390
vt 0.450342 0.404383
vt 0.431737 0.403451
vt 0.412188 0.402618
vt 0.393496 0.402793
vt 0.372683 0.403002
vt 0.355950 0.402804
vt 0.325163 0.402817
vt 0.479061 0.402890
vt 0.336196 0.416533
vt 0.357032 0.416684
vt 0.372422 0.416008
vt 0.392099 0.416248
vt 0.413911 0.415998
vt 0.430973 0.416150
vt 0.449513 0.417521
vt 0.468069 0.416091
vt 0.346725 0.540414
vt 0.346696 0.483877
vt 0.365580 0.540401
vt 0.365552 0.483863
vt 0.384433 0.540388
vt 0.384404 0.483851
vt 0.403287 0.540375
vt 0.403257 0.483838
vt 0.422142 0.540362
vt 0.422113 0.483824
vt 0.440998 0.540348
vt 0.440969 0.483811
vt 0.459852 0.540335
vt 0.459824 0.483798
vt 0.327870 0.540427
vt 0.327842 0.483890
vt 0.478708 0.540322
vt 0.478680 0.483784
vt 0.326461 0.540428
vt 0.326432 0.483891
vt 0.480011 0.540321
vt 0.479983 0.483784
vt 0.326356 0.799418
vt 0.477457 0.799418
vt 0.325975 0.604165
vt 0.478644 0.605048
vt 0.477467 0.627213
vt 0.326277 0.627155
vt 0.345244 0.799418
vt 0.364131 0.799418
vt 0.383019 0.799418
vt 0.401907 0.799418
vt 0.420794 0.799418
vt 0.439682 0.799418
vt 0.458569 0.799418
vt 0.345364 0.603857
vt 0.364018 0.604083
vt 0.383228 0.604027
vt 0.401947 0.603939
vt 0.421181 0.603985
vt 0.440957 0.604382
vt 0.458793 0.606220
vt 0.345245 0.627097
vt 0.364123 0.627125
vt 0.383218 0.627134
vt 0.401821 0.627301
vt 0.421568 0.627155
vt 0.439703 0.627097
vt 0.458566 0.627131
vt 0.325991 0.615722
vt 0.478167 0.615532
vt 0.458549 0.615549
vt 0.439744 0.615982
vt 0.422066 0.615722
vt 0.402070 0.615508
vt 0.382949 0.615576
vt 0.364117 0.615598
vt 0.345070 0.615533
vt 0.468004 0.605859
vt 0.335445 0.604117
vt 0.354871 0.603944
vt 0.373429 0.604052
vt 0.392477 0.603877
vt 0.411738 0.603870
vt 0.433592 0.603797
vt 0.449447 0.603823
vt 0.478861 0.799418
vt 0.480042 0.604036
vt 0.478968 0.627107
vt 0.479292 0.616266
vt 0.325057 0.799418
vt 0.325014 0.604010
vt 0.324987 0.627175
vt 0.324905 0.615698
vt 0.477457 0.796711
vt 0.326356 0.796711
vt 0.458569 0.796711
vt 0.439682 0.796711
vt 0.420794 0.796711
vt 0.401907 0.796711
vt 0.383019 0.796711
vt 0.364132 0.796711
vt 0.345244 0.796711
vt 0.478861 0.796711
vt 0.325057 0.796711
vt 0.325544 0.602704
vt 0.478624 0.603313
vt 0.345137 0.602320
vt 0.364001 0.602288
vt 0.383106 0.602553
vt 0.402059 0.602235
vt 0.421978 0.602369
vt 0.440646 0.602707
vt 0.458770 0.604695
vt 0.467780 0.604694
vt 0.336308 0.602586
vt 0.354707 0.602389
vt 0.373339 0.602827
vt 0.392680 0.602413
vt 0.411927 0.602427
vt 0.433470 0.602305
vt 0.449736 0.602329
vt 0.480003 0.602591
vt 0.324283 0.602954
vt 0.468991 0.616306
vt 0.448445 0.616375
vt 0.433318 0.615532
vt 0.413413 0.615903
vt 0.390874 0.615527
vt 0.374014 0.615739
vt 0.355500 0.615460
vt 0.336348 0.615497
vt 0.458568 0.740176
vt 0.458567 0.683638
vt 0.439676 0.740176
vt 0.439671 0.683638
vt 0.420797 0.740176
vt 0.420800 0.683638
vt 0.401913 0.740176
vt 0.401920 0.683638
vt 0.383021 0.740176
vt 0.383024 0.683638
vt 0.364130 0.740176
vt 0.364129 0.683638
vt 0.345242 0.740176
vt 0.345239 0.683638
vt 0.477457 0.740176
vt 0.477457 0.683638
vt 0.326349 0.740176
vt 0.326341 0.683638
vt 0.478860 0.740176
vt 0.478860 0.683638
vt 0.325056 0.740176
vt 0.325055 0.683638
vt 0.636627 0.796984
vt 0.787796 0.796984
vt 0.636277 0.601732
vt 0.789012 0.602616
vt 0.787829 0.624780
vt 0.636571 0.624722
vt 0.655523 0.796984
vt 0.674419 0.796984
vt 0.693315 0.796984
vt 0.712211 0.796984
vt 0.731108 0.796984
vt 0.750004 0.796984
vt 0.768900 0.796984
vt 0.655678 0.601424
vt 0.674324 0.601652
vt 0.693542 0.601596
vt 0.712278 0.601506
vt 0.731517 0.601553
vt 0.751324 0.601947
vt 0.769162 0.603786
vt 0.655548 0.624664
vt 0.674433 0.624692
vt 0.693535 0.624701
vt 0.712141 0.624869
vt 0.731906 0.624722
vt 0.750049 0.624665
vt 0.768919 0.624699
vt 0.636276 0.613291
vt 0.788533 0.613099
vt 0.768913 0.613115
vt 0.750092 0.613549
vt 0.732401 0.613290
vt 0.712406 0.613075
vt 0.693269 0.613144
vt 0.674423 0.613166
vt 0.655378 0.613100
vt 0.778389 0.603423
vt 0.645739 0.601686
vt 0.665178 0.601512
vt 0.683757 0.601618
vt 0.702812 0.601443
vt 0.722086 0.601435
vt 0.743934 0.601366
vt 0.759803 0.601390
vt 0.789201 0.796984
vt 0.790413 0.601602
vt 0.789332 0.624674
vt 0.789659 0.613833
vt 0.635326 0.796984
vt 0.635322 0.601575
vt 0.635276 0.624743
vt 0.635195 0.613266
vt 0.787796 0.794277
vt 0.636628 0.794277
vt 0.768900 0.794277
vt 0.750004 0.794277
vt 0.731108 0.794277
vt 0.712212 0.794277
vt 0.693316 0.794277
vt 0.674420 0.794277
vt 0.655524 0.794277
vt 0.789202 0.794277
vt 0.635327 0.794277
vt 0.635841 0.600272
vt 0.788995 0.600880
vt 0.655452 0.599887
vt 0.674326 0.599854
vt 0.693423 0.600121
vt 0.712401 0.599801
vt 0.732320 0.599936
vt 0.751013 0.600272
vt 0.769129 0.602262
vt 0.778165 0.602258
vt 0.646597 0.600155
vt 0.665016 0.599956
vt 0.683652 0.600395
vt 0.703002 0.599981
vt 0.722268 0.599994
vt 0.743819 0.599872
vt 0.760095 0.599896
vt 0.790378 0.600157
vt 0.634569 0.600523
vt 0.779358 0.613872
vt 0.758802 0.613941
vt 0.743674 0.613098
vt 0.723739 0.613472
vt 0.701202 0.613094
vt 0.684321 0.613308
vt 0.665813 0.613027
vt 0.646657 0.613062
vt 0.768907 0.737743
vt 0.768913 0.681205
vt 0.750007 0.737743
vt 0.750009 0.681205
vt 0.731118 0.737743
vt 0.731128 0.681205
vt 0.712225 0.737743
vt 0.712239 0.681206
vt 0.693326 0.737743
vt 0.693335 0.681205
vt 0.674426 0.737743
vt 0.674433 0.681205
vt 0.655529 0.737743
vt 0.655535 0.681205
vt 0.787804 0.737743
vt 0.787811 0.681205
vt 0.636629 0.737743
vt 0.636629 0.681205
vt 0.789209 0.737743
vt 0.789216 0.681205
vt 0.635333 0.737743
vt 0.635340 0.681205
vt 0.475379 0.799420
vt 0.325723 0.799422
vt 0.475378 0.995051
vt 0.325693 0.995058
vt 0.325696 0.971741
vt 0.475355 0.971738
vt 0.457833 0.799420
vt 0.439570 0.799421
vt 0.420038 0.799419
vt 0.401077 0.799418
vt 0.382311 0.799421
vt 0.363588 0.799424
vt 0.344739 0.799425
vt 0.457755 0.995054
vt 0.439536 0.995056
vt 0.419986 0.995056
vt 0.401026 0.995057
vt 0.382466 0.995056
vt 0.363787 0.995057
vt 0.344707 0.995058
vt 0.457722 0.971739
vt 0.439544 0.971740
vt 0.420010 0.971738
vt 0.401047 0.971737
vt 0.382284 0.971740
vt 0.363564 0.971742
vt 0.344713 0.971743
vt 0.475355 0.983397
vt 0.325694 0.983400
vt 0.344572 0.983397
vt 0.363636 0.983401
vt 0.382400 0.983398
vt 0.401044 0.983396
vt 0.420007 0.983396
vt 0.439539 0.983399
vt 0.457562 0.983398
vt 0.335201 0.995054
vt 0.467004 0.995053
vt 0.448290 0.995054
vt 0.429433 0.995055
vt 0.410550 0.995055
vt 0.391723 0.995060
vt 0.373681 0.995061
vt 0.354040 0.995057
vt 0.324312 0.799422
vt 0.324283 0.995058
vt 0.324285 0.971741
vt 0.324284 0.983399
vt 0.476685 0.799420
vt 0.476684 0.995052
vt 0.476659 0.971739
vt 0.476668 0.983396
vt 0.325722 0.802129
vt 0.475379 0.802127
vt 0.344739 0.802131
vt 0.363588 0.802130
vt 0.382311 0.802127
vt 0.401076 0.802125
vt 0.420037 0.802126
vt 0.439570 0.802128
vt 0.457833 0.802126
vt 0.324312 0.802129
vt 0.476685 0.802127
vt 0.475376 0.996577
vt 0.325695 0.996583
vt 0.457754 0.996580
vt 0.439552 0.996581
vt 0.419991 0.996582
vt 0.401023 0.996583
vt 0.382597 0.996583
vt 0.363602 0.996585
vt 0.344710 0.996586
vt 0.335189 0.996580
vt 0.466869 0.996580
vt 0.448363 0.996580
vt 0.429745 0.996578
vt 0.410546 0.996582
vt 0.391730 0.996585
vt 0.373700 0.996585
vt 0.354004 0.996583
vt 0.324288 0.996583
vt 0.476685 0.996577
vt 0.334683 0.983398
vt 0.355036 0.983398
vt 0.373106 0.983398
vt 0.390476 0.983399
vt 0.412697 0.983396
vt 0.429216 0.983397
vt 0.447576 0.983396
vt 0.466460 0.983395
vt 0.344730 0.858666
vt 0.344722 0.915203
vt 0.363580 0.858665
vt 0.363572 0.915202
vt 0.382302 0.858662
vt 0.382293 0.915199
vt 0.401067 0.858659
vt 0.401057 0.915197
vt 0.420028 0.858660
vt 0.420019 0.915198
vt 0.439561 0.858662
vt 0.439552 0.915200
vt 0.457824 0.858661
vt 0.457816 0.915198
vt 0.325713 0.858663
vt 0.325705 0.915201
vt 0.475371 0.858661
vt 0.475363 0.915198
vt 0.324303 0.858663
vt 0.324294 0.915201
vt 0.476676 0.858661
vt 0.476668 0.915199
vt 0.481571 0.602288
vt 0.632745 0.602254
vt 0.481354 0.797920
vt 0.632738 0.797890
vt 0.632747 0.774573
vt 0.481553 0.774607
vt 0.500468 0.602284
vt 0.519365 0.602280
vt 0.538262 0.602276
vt 0.557158 0.602271
vt 0.576055 0.602267
vt 0.594952 0.602263
vt 0.613848 0.602258
vt 0.500367 0.797918
vt 0.519306 0.797915
vt 0.538250 0.797911
vt 0.557311 0.797910
vt 0.575932 0.797900
vt 0.594733 0.797894
vt 0.613737 0.797892
vt 0.500463 0.774603
vt 0.519363 0.774599
vt 0.538269 0.774595
vt 0.557177 0.774590
vt 0.576064 0.774586
vt 0.594939 0.774581
vt 0.613847 0.774577
vt 0.481538 0.786265
vt 0.632743 0.786231
vt 0.613767 0.786234
vt 0.594881 0.786239
vt 0.576036 0.786244
vt 0.557194 0.786249
vt 0.538232 0.786252
vt 0.519361 0.786257
vt 0.500388 0.786260
vt 0.623071 0.797888
vt 0.490933 0.797920
vt 0.509880 0.797917
vt 0.528603 0.797909
vt 0.547701 0.797909
vt 0.566750 0.797908
vt 0.585522 0.797901
vt 0.604317 0.797895
vt 0.634151 0.602254
vt 0.634138 0.797889
vt 0.634151 0.774572
vt 0.634144 0.786231
vt 0.480270 0.602289
vt 0.480054 0.797920
vt 0.480270 0.774608
vt 0.480191 0.786265
vt 0.632745 0.604961
vt 0.481571 0.604995
vt 0.613849 0.604965
vt 0.594952 0.604969
vt 0.576055 0.604974
vt 0.557158 0.604978
vt 0.538262 0.604982
vt 0.519365 0.604986
vt 0.500468 0.604991
vt 0.634151 0.604960
vt 0.480270 0.604995
vt 0.481366 0.799446
vt 0.632721 0.799415
vt 0.500352 0.799443
vt 0.519252 0.799439
vt 0.538240 0.799437
vt 0.557331 0.799437
vt 0.575917 0.799426
vt 0.594726 0.799420
vt 0.613837 0.799420
vt 0.623071 0.799413
vt 0.491005 0.799448
vt 0.509867 0.799443
vt 0.528604 0.799435
vt 0.547772 0.799436
vt 0.566726 0.799433
vt 0.585398 0.799424
vt 0.604330 0.799421
vt 0.634103 0.799414
vt 0.480042 0.799446
vt 0.623698 0.786232
vt 0.603348 0.786237
vt 0.585420 0.786241
vt 0.567904 0.786247
vt 0.545562 0.786251
vt 0.529255 0.786254
vt 0.510732 0.786258
vt 0.491296 0.786261
vt 0.613848 0.661499
vt 0.613847 0.718037
vt 0.594947 0.661504
vt 0.594943 0.718041
vt 0.576058 0.661508
vt 0.576061 0.718046
vt 0.557165 0.661512
vt 0.557171 0.718050
vt 0.538264 0.661517
vt 0.538267 0.718054
vt 0.519364 0.661521
vt 0.519364 0.718058
vt 0.500467 0.661525
vt 0.500465 0.718062
vt 0.632746 0.661495
vt 0.632746 0.718033
vt 0.481565 0.661529
vt 0.481559 0.718067
vt 0.634151 0.661495
vt 0.634151 0.718032
vt 0.480270 0.661530
vt 0.480270 0.718067
vt 0.482239 0.400177
vt 0.633488 0.400177
vt 0.481875 0.204924
vt 0.634689 0.205807
vt 0.633498 0.227972
vt 0.482156 0.227913
vt 0.501145 0.400177
vt 0.520051 0.400177
vt 0.538957 0.400177
vt 0.557863 0.400177
vt 0.576770 0.400177
vt 0.595676 0.400177
vt 0.614582 0.400177
vt 0.501296 0.204616
vt 0.519904 0.204841
vt 0.539128 0.204786
vt 0.557903 0.204697
vt 0.577140 0.204743
vt 0.597025 0.205141
vt 0.614856 0.206979
vt 0.501148 0.227855
vt 0.520038 0.227883
vt 0.539148 0.227892
vt 0.557747 0.228059
vt 0.577545 0.227914
vt 0.595698 0.227856
vt 0.614579 0.227890
vt 0.481830 0.216480
vt 0.634205 0.216291
vt 0.614597 0.216308
vt 0.595742 0.216741
vt 0.578027 0.216480
vt 0.558050 0.216267
vt 0.538880 0.216335
vt 0.520008 0.216357
vt 0.500986 0.216292
vt 0.624124 0.206618
vt 0.491307 0.204876
vt 0.510768 0.204703
vt 0.529396 0.204811
vt 0.548455 0.204636
vt 0.567756 0.204628
vt 0.589564 0.204556
vt 0.605466 0.204581
vt 0.634897 0.400177
vt 0.636094 0.204794
vt 0.635005 0.227866
vt 0.635335 0.217025
vt 0.480934 0.400177
vt 0.480942 0.204768
vt 0.480849 0.227933
vt 0.480766 0.216456
vt 0.633488 0.397470
vt 0.482239 0.397470
vt 0.614582 0.397470
vt 0.595676 0.397470
vt 0.576770 0.397470
vt 0.557863 0.397470
vt 0.538957 0.397470
vt 0.520051 0.397470
vt 0.501145 0.397470
vt 0.634897 0.397470
vt 0.480934 0.397470
vt 0.481422 0.203463
vt 0.634677 0.204072
vt 0.501075 0.203079
vt 0.519963 0.203046
vt 0.539021 0.203312
vt 0.558061 0.202994
vt 0.577960 0.203128
vt 0.596716 0.203466
vt 0.614790 0.205453
vt 0.623898 0.205452
vt 0.492148 0.203344
vt 0.510613 0.203147
vt 0.529247 0.203585
vt 0.548606 0.203172
vt 0.567915 0.203186
vt 0.589473 0.203064
vt 0.605764 0.203088
vt 0.636070 0.203350
vt 0.480119 0.203712
vt 0.625042 0.217065
vt 0.604475 0.217133
vt 0.589353 0.216290
vt 0.569347 0.216661
vt 0.546832 0.216285
vt 0.529900 0.216498
vt 0.511428 0.216219
vt 0.492278 0.216255
vt 0.614581 0.340935
vt 0.614580 0.284397
vt 0.595672 0.340935
vt 0.595669 0.284397
vt 0.576771 0.340935
vt 0.576772 0.284397
vt 0.557867 0.340935
vt 0.557871 0.284397
vt 0.538958 0.340935
vt 0.538960 0.284397
vt 0.520050 0.340935
vt 0.520049 0.284397
vt 0.501143 0.340935
vt 0.501142 0.284397
vt 0.633488 0.340935
vt 0.633488 0.284397
vt 0.482234 0.340935
vt 0.482229 0.284397
vt 0.634896 0.340935
vt 0.634896 0.284397
vt 0.480934 0.340935
vt 0.480933 0.284397
vt 0.478817 0.400611
vt 0.327894 0.400031
vt 0.478944 0.204792
vt 0.326550 0.205591
vt 0.327809 0.227828
vt 0.478622 0.228475
vt 0.459952 0.402618
vt 0.441086 0.399978
vt 0.422221 0.399980
vt 0.403355 0.399990
vt 0.384490 0.400000
vt 0.365625 0.400011
vt 0.346759 0.400021
vt 0.459670 0.207566
vt 0.440994 0.206111
vt 0.421713 0.204437
vt 0.403224 0.204661
vt 0.384628 0.204873
vt 0.365050 0.205393
vt 0.346724 0.206947
vt 0.459874 0.230823
vt 0.441029 0.228017
vt 0.421874 0.227810
vt 0.403401 0.227875
vt 0.383705 0.227773
vt 0.365674 0.227755
vt 0.346687 0.227736
vt 0.478893 0.216463
vt 0.327085 0.216142
vt 0.346775 0.216199
vt 0.365689 0.216514
vt 0.383483 0.216471
vt 0.403068 0.216207
vt 0.421968 0.216447
vt 0.440946 0.216867
vt 0.460010 0.219252
vt 0.337080 0.206270
vt 0.469479 0.206067
vt 0.450277 0.205064
vt 0.431364 0.205292
vt 0.412320 0.204617
vt 0.393580 0.204545
vt 0.372226 0.204684
vt 0.356357 0.204712
vt 0.326488 0.400032
vt 0.325157 0.204614
vt 0.326305 0.227722
vt 0.325964 0.216869
vt 0.480119 0.400698
vt 0.479896 0.205267
vt 0.480119 0.227789
vt 0.479738 0.216822
vt 0.327893 0.397325
vt 0.478816 0.398146
vt 0.346758 0.397314
vt 0.365623 0.397304
vt 0.384489 0.397294
vt 0.403354 0.397284
vt 0.422219 0.397273
vt 0.441085 0.397360
vt 0.459951 0.400437
vt 0.326486 0.397325
vt 0.480118 0.398146
vt 0.478604 0.203482
vt 0.326567 0.203879
vt 0.459903 0.206035
vt 0.440874 0.203384
vt 0.420951 0.204025
vt 0.403072 0.203120
vt 0.383961 0.203333
vt 0.365776 0.203925
vt 0.346503 0.205270
vt 0.337310 0.205107
vt 0.468559 0.204774
vt 0.450454 0.204765
vt 0.431833 0.203829
vt 0.412272 0.202994
vt 0.393547 0.203166
vt 0.372690 0.203372
vt 0.355964 0.203171
vt 0.325181 0.203179
vt 0.479242 0.203276
vt 0.336232 0.216897
vt 0.357047 0.217051
vt 0.372463 0.216378
vt 0.392090 0.216621
vt 0.413988 0.216374
vt 0.430990 0.216528
vt 0.449632 0.217902
vt 0.468235 0.216475
vt 0.346734 0.340780
vt 0.346711 0.284242
vt 0.365602 0.340770
vt 0.365581 0.284232
vt 0.384463 0.340759
vt 0.384437 0.284222
vt 0.403326 0.340749
vt 0.403298 0.284212
vt 0.422194 0.340739
vt 0.422168 0.284201
vt 0.441061 0.340728
vt 0.441037 0.284191
vt 0.459927 0.340718
vt 0.459904 0.284181
vt 0.327868 0.340790
vt 0.327844 0.284253
vt 0.478795 0.340708
vt 0.478775 0.284170
vt 0.326462 0.340791
vt 0.326438 0.284253
vt 0.480093 0.340707
vt 0.480070 0.284170
vt 0.636029 0.994147
vt 0.785607 0.994150
vt 0.635878 0.798510
vt 0.785602 0.798513
vt 0.785608 0.821830
vt 0.636016 0.821827
vt 0.653548 0.994147
vt 0.671837 0.994148
vt 0.691303 0.994149
vt 0.710210 0.994149
vt 0.729025 0.994149
vt 0.747819 0.994149
vt 0.766674 0.994149
vt 0.653559 0.798510
vt 0.671823 0.798510
vt 0.691350 0.798511
vt 0.710316 0.798511
vt 0.728841 0.798512
vt 0.747506 0.798512
vt 0.766604 0.798512
vt 0.653657 0.821827
vt 0.671836 0.821827
vt 0.691308 0.821828
vt 0.710223 0.821829
vt 0.729031 0.821829
vt 0.747810 0.821829
vt 0.766672 0.821829
vt 0.636006 0.810168
vt 0.785606 0.810171
vt 0.766688 0.810171
vt 0.747731 0.810170
vt 0.728917 0.810170
vt 0.710234 0.810170
vt 0.691297 0.810170
vt 0.671842 0.810168
vt 0.653828 0.810168
vt 0.775998 0.798513
vt 0.644291 0.798510
vt 0.663010 0.798510
vt 0.681868 0.798511
vt 0.700740 0.798511
vt 0.719680 0.798510
vt 0.737733 0.798511
vt 0.757251 0.798512
vt 0.787013 0.994150
vt 0.787004 0.798513
vt 0.787013 0.821830
vt 0.787008 0.810171
vt 0.634728 0.994147
vt 0.634578 0.798510
vt 0.634728 0.821826
vt 0.634673 0.810168
vt 0.785608 0.991444
vt 0.636029 0.991440
vt 0.766674 0.991443
vt 0.747820 0.991442
vt 0.729025 0.991443
vt 0.710210 0.991443
vt 0.691303 0.991442
vt 0.671837 0.991441
vt 0.653548 0.991441
vt 0.787013 0.991444
vt 0.634728 0.991440
vt 0.635886 0.796984
vt 0.785590 0.796987
vt 0.653552 0.796984
vt 0.671764 0.796985
vt 0.691332 0.796985
vt 0.710330 0.796985
vt 0.728730 0.796986
vt 0.747766 0.796986
vt 0.766666 0.796986
vt 0.776003 0.796988
vt 0.644455 0.796984
vt 0.662942 0.796984
vt 0.681499 0.796985
vt 0.700787 0.796985
vt 0.719661 0.796985
vt 0.737666 0.796985
vt 0.757305 0.796986
vt 0.786980 0.796987
vt 0.634569 0.796984
vt 0.776592 0.810171
vt 0.756261 0.810171
vt 0.738205 0.810170
vt 0.720869 0.810170
vt 0.698599 0.810170
vt 0.682123 0.810169
vt 0.663736 0.810169
vt 0.644858 0.810169
vt 0.766673 0.934908
vt 0.766673 0.878370
vt 0.747816 0.934907
vt 0.747813 0.878369
vt 0.729027 0.934908
vt 0.729029 0.878370
vt 0.710214 0.934908
vt 0.710219 0.878370
vt 0.691304 0.934907
vt 0.691306 0.878369
vt 0.671837 0.934906
vt 0.671836 0.878368
vt 0.653547 0.934906
vt 0.653545 0.878368
vt 0.785608 0.934909
vt 0.785608 0.878371
vt 0.636025 0.934905
vt 0.636021 0.878367
vt 0.787013 0.934909
vt 0.787013 0.878371
vt 0.634728 0.934905
vt 0.634728 0.878367
vt 0.481534 0.996608
vt 0.630994 0.996614
vt 0.481350 0.800977
vt 0.630991 0.800978
vt 0.630998 0.824295
vt 0.481521 0.824290
vt 0.499033 0.996610
vt 0.517319 0.996609
vt 0.536752 0.996612
vt 0.555632 0.996614
vt 0.574449 0.996613
vt 0.593253 0.996610
vt 0.612097 0.996611
vt 0.499036 0.800975
vt 0.517302 0.800974
vt 0.536810 0.800975
vt 0.555766 0.800975
vt 0.574269 0.800977
vt 0.592918 0.800978
vt 0.612009 0.800977
vt 0.499152 0.824290
vt 0.517319 0.824290
vt 0.536762 0.824293
vt 0.555651 0.824295
vt 0.574459 0.824294
vt 0.593244 0.824292
vt 0.612098 0.824292
vt 0.481508 0.812632
vt 0.630995 0.812637
vt 0.612078 0.812638
vt 0.593163 0.812633
vt 0.574347 0.812635
vt 0.555665 0.812636
vt 0.536748 0.812635
vt 0.517327 0.812631
vt 0.499326 0.812631
vt 0.621364 0.800982
vt 0.489769 0.800976
vt 0.508478 0.800976
vt 0.527324 0.800976
vt 0.546180 0.800977
vt 0.565142 0.800973
vt 0.583186 0.800973
vt 0.602656 0.800978
vt 0.632397 0.996614
vt 0.632390 0.800979
vt 0.632400 0.824295
vt 0.632395 0.812637
vt 0.480235 0.996608
vt 0.480052 0.800977
vt 0.480237 0.824289
vt 0.480170 0.812632
vt 0.630994 0.993907
vt 0.481534 0.993902
vt 0.612097 0.993904
vt 0.593253 0.993904
vt 0.574449 0.993906
vt 0.555632 0.993908
vt 0.536753 0.993905
vt 0.517319 0.993902
vt 0.499033 0.993903
vt 0.632397 0.993908
vt 0.480235 0.993901
vt 0.481360 0.799451
vt 0.630976 0.799453
vt 0.499027 0.799450
vt 0.517231 0.799450
vt 0.536789 0.799450
vt 0.555783 0.799449
vt 0.574163 0.799450
vt 0.593199 0.799449
vt 0.612089 0.799449
vt 0.621368 0.799456
vt 0.489942 0.799449
vt 0.508412 0.799450
vt 0.526939 0.799452
vt 0.546240 0.799449
vt 0.565120 0.799448
vt 0.583106 0.799449
vt 0.602716 0.799451
vt 0.632360 0.799453
vt 0.480042 0.799451
vt 0.621979 0.812637
vt 0.601668 0.812636
vt 0.583627 0.812635
vt 0.566312 0.812634
vt 0.544042 0.812635
vt 0.527589 0.812633
vt 0.509206 0.812634
vt 0.490341 0.812633
vt 0.612097 0.937369
vt 0.612097 0.880832
vt 0.593250 0.937369
vt 0.593247 0.880832
vt 0.574453 0.937372
vt 0.574456 0.880834
vt 0.555638 0.937373
vt 0.555645 0.880835
vt 0.536756 0.937371
vt 0.536758 0.880833
vt 0.517319 0.937368
vt 0.517319 0.880831
vt 0.499033 0.937369
vt 0.499032 0.880831
vt 0.630996 0.937373
vt 0.630997 0.880835
vt 0.481530 0.937367
vt 0.481525 0.880830
vt 0.632398 0.937373
vt 0.632399 0.880836
vt 0.480236 0.937367
vt 0.480237 0.880830
vt 0.316518 0.603611
vt 0.165731 0.603014
vt 0.316670 0.407792
vt 0.164384 0.408571
vt 0.165654 0.430809
vt 0.316338 0.431474
vt 0.297670 0.605616
vt 0.278821 0.602974
vt 0.259972 0.602973
vt 0.241124 0.602982
vt 0.222276 0.602990
vt 0.203428 0.602998
vt 0.184579 0.603006
vt 0.297417 0.410563
vt 0.278709 0.409103
vt 0.259470 0.407429
vt 0.240997 0.407651
vt 0.222396 0.407859
vt 0.202863 0.408379
vt 0.184561 0.409931
vt 0.297601 0.433820
vt 0.278772 0.431011
vt 0.259631 0.430801
vt 0.241161 0.430864
vt 0.221498 0.430761
vt 0.203482 0.430740
vt 0.184515 0.430719
vt 0.316590 0.419460
vt 0.164932 0.419123
vt 0.184621 0.419184
vt 0.203474 0.419498
vt 0.221260 0.419458
vt 0.240854 0.419198
vt 0.259726 0.419439
vt 0.278690 0.419861
vt 0.297746 0.422249
vt 0.174936 0.409254
vt 0.307190 0.409064
vt 0.288011 0.408059
vt 0.269134 0.408286
vt 0.250119 0.407610
vt 0.231391 0.407536
vt 0.210015 0.407669
vt 0.194166 0.407696
vt 0.164328 0.603015
vt 0.163001 0.407595
vt 0.164153 0.430704
vt 0.163814 0.419850
vt 0.317817 0.603698
vt 0.317636 0.408268
vt 0.317817 0.430787
vt 0.317456 0.419822
vt 0.165730 0.600308
vt 0.316517 0.601146
vt 0.184578 0.600299
vt 0.203426 0.600291
vt 0.222275 0.600283
vt 0.241123 0.600275
vt 0.259971 0.600267
vt 0.278820 0.600356
vt 0.297669 0.603435
vt 0.164327 0.600308
vt 0.317816 0.601146
vt 0.316353 0.406483
vt 0.164409 0.406859
vt 0.297651 0.409032
vt 0.278632 0.406379
vt 0.258723 0.407018
vt 0.240864 0.406111
vt 0.221739 0.406320
vt 0.203603 0.406912
vt 0.184328 0.408254
vt 0.175166 0.408090
vt 0.306262 0.407770
vt 0.288207 0.407761
vt 0.269601 0.406823
vt 0.250056 0.405985
vt 0.231335 0.406154
vt 0.210480 0.406357
vt 0.193779 0.406155
vt 0.163035 0.406160
vt 0.316998 0.406277
vt 0.174082 0.419881
vt 0.194860 0.420035
vt 0.210271 0.419364
vt 0.229847 0.419607
vt 0.251766 0.419366
vt 0.268715 0.419519
vt 0.287391 0.420899
vt 0.305996 0.419476
vt 0.184557 0.543764
vt 0.184536 0.487226
vt 0.203409 0.543756
vt 0.203391 0.487218
vt 0.222251 0.543748
vt 0.222227 0.487210
vt 0.241096 0.543740
vt 0.241069 0.487202
vt 0.259948 0.543732
vt 0.259924 0.487194
vt 0.278799 0.543724
vt 0.278778 0.487186
vt 0.297648 0.543715
vt 0.297628 0.487177
vt 0.165708 0.543773
vt 0.165686 0.487235
vt 0.316500 0.543707
vt 0.316484 0.487169
vt 0.164305 0.543773
vt 0.164284 0.487235
vt 0.317794 0.543707
vt 0.317773 0.487169
vt 0.639078 0.197183
vt 0.790179 0.197183
vt 0.638735 0.001931
vt 0.791394 0.002815
vt 0.790191 0.024980
vt 0.638995 0.024921
vt 0.657966 0.197183
vt 0.676853 0.197183
vt 0.695741 0.197183
vt 0.714629 0.197183
vt 0.733516 0.197183
vt 0.752404 0.197183
vt 0.771292 0.197183
vt 0.658149 0.001623
vt 0.676679 0.001851
vt 0.695878 0.001795
vt 0.714671 0.001705
vt 0.733874 0.001752
vt 0.753824 0.002146
vt 0.771617 0.003985
vt 0.657974 0.024863
vt 0.676839 0.024891
vt 0.695926 0.024900
vt 0.714486 0.025068
vt 0.734295 0.024921
vt 0.752430 0.024864
vt 0.771292 0.024898
vt 0.638632 0.013490
vt 0.790905 0.013298
vt 0.771343 0.013315
vt 0.752476 0.013748
vt 0.734760 0.013489
vt 0.714840 0.013274
vt 0.695660 0.013343
vt 0.676785 0.013366
vt 0.657825 0.013299
vt 0.780920 0.003622
vt 0.648112 0.001885
vt 0.667570 0.001711
vt 0.686229 0.001817
vt 0.705262 0.001643
vt 0.724563 0.001634
vt 0.746286 0.001565
vt 0.762203 0.001589
vt 0.791590 0.197183
vt 0.792804 0.001802
vt 0.791702 0.024873
vt 0.792037 0.014032
vt 0.637772 0.197183
vt 0.637830 0.001775
vt 0.637675 0.024942
vt 0.637591 0.013465
vt 0.790179 0.194477
vt 0.639078 0.194476
vt 0.771292 0.194476
vt 0.752404 0.194476
vt 0.733516 0.194476
vt 0.714629 0.194476
vt 0.695741 0.194476
vt 0.676853 0.194476
vt 0.657966 0.194476
vt 0.791590 0.194476
vt 0.637772 0.194477
vt 0.638262 0.000471
vt 0.791389 0.001079
vt 0.657934 0.000086
vt 0.676808 0.000053
vt 0.695786 0.000320
vt 0.714873 0.000000
vt 0.734715 0.000136
vt 0.753518 0.000471
vt 0.771509 0.002461
vt 0.780693 0.002457
vt 0.648932 0.000354
vt 0.667425 0.000155
vt 0.686024 0.000594
vt 0.705364 0.000180
vt 0.724694 0.000193
vt 0.746225 0.000071
vt 0.762507 0.000095
vt 0.792794 0.000356
vt 0.636921 0.000722
vt 0.781771 0.014071
vt 0.761224 0.014140
vt 0.746134 0.013297
vt 0.726071 0.013671
vt 0.703622 0.013293
vt 0.686656 0.013507
vt 0.668258 0.013226
vt 0.649147 0.013262
vt 0.771292 0.137942
vt 0.771292 0.081404
vt 0.752403 0.137942
vt 0.752402 0.081404
vt 0.733518 0.137942
vt 0.733519 0.081404
vt 0.714631 0.137942
vt 0.714633 0.081405
vt 0.695742 0.137942
vt 0.695743 0.081404
vt 0.676854 0.137942
vt 0.676854 0.081404
vt 0.657966 0.137942
vt 0.657966 0.081404
vt 0.790180 0.137942
vt 0.790180 0.081404
vt 0.639077 0.137942
vt 0.639075 0.081404
vt 0.791591 0.137942
vt 0.791591 0.081404
vt 0.637772 0.137942
vt 0.637772 0.081404
vt 0.793390 0.202997
vt 0.944490 0.202994
vt 0.793328 0.398633
vt 0.944488 0.398631
vt 0.944491 0.375314
vt 0.793384 0.375317
vt 0.812277 0.202996
vt 0.831165 0.202996
vt 0.850052 0.202996
vt 0.868940 0.202995
vt 0.887828 0.202995
vt 0.906715 0.202995
vt 0.925603 0.202994
vt 0.812248 0.398634
vt 0.831148 0.398634
vt 0.850049 0.398633
vt 0.868984 0.398634
vt 0.887793 0.398632
vt 0.906653 0.398631
vt 0.925571 0.398631
vt 0.812276 0.375317
vt 0.831164 0.375316
vt 0.850055 0.375316
vt 0.868945 0.375316
vt 0.887830 0.375315
vt 0.906711 0.375315
vt 0.925602 0.375315
vt 0.793380 0.386976
vt 0.944490 0.386973
vt 0.925580 0.386973
vt 0.906695 0.386973
vt 0.887822 0.386974
vt 0.868950 0.386975
vt 0.850044 0.386975
vt 0.831164 0.386975
vt 0.812254 0.386975
vt 0.934982 0.398631
vt 0.802809 0.398634
vt 0.821711 0.398634
vt 0.840549 0.398633
vt 0.859494 0.398633
vt 0.878425 0.398634
vt 0.897277 0.398633
vt 0.916135 0.398632
vt 0.945901 0.202994
vt 0.945898 0.398631
vt 0.945901 0.375314
vt 0.945900 0.386973
vt 0.792083 0.202997
vt 0.792022 0.398634
vt 0.792083 0.375317
vt 0.792061 0.386976
vt 0.944490 0.205700
vt 0.793390 0.205703
vt 0.925603 0.205701
vt 0.906715 0.205701
vt 0.887828 0.205702
vt 0.868940 0.205702
vt 0.850052 0.205702
vt 0.831165 0.205703
vt 0.812277 0.205703
vt 0.945901 0.205700
vt 0.792083 0.205703
vt 0.793331 0.400159
vt 0.944483 0.400157
vt 0.812244 0.400159
vt 0.831133 0.400159
vt 0.850046 0.400159
vt 0.868989 0.400160
vt 0.887788 0.400158
vt 0.906651 0.400157
vt 0.925599 0.400158
vt 0.934982 0.400156
vt 0.802829 0.400160
vt 0.821707 0.400160
vt 0.840549 0.400158
vt 0.859514 0.400159
vt 0.878418 0.400159
vt 0.897241 0.400158
vt 0.916139 0.400158
vt 0.945888 0.400157
vt 0.792018 0.400159
vt 0.935487 0.386973
vt 0.915155 0.386973
vt 0.897235 0.386974
vt 0.879639 0.386974
vt 0.857361 0.386975
vt 0.841074 0.386975
vt 0.822571 0.386975
vt 0.803188 0.386975
vt 0.925603 0.262236
vt 0.925602 0.318774
vt 0.906714 0.262236
vt 0.906713 0.318774
vt 0.887828 0.262237
vt 0.887829 0.318774
vt 0.868942 0.262237
vt 0.868944 0.318775
vt 0.850053 0.262237
vt 0.850054 0.318775
vt 0.831165 0.262238
vt 0.831164 0.318776
vt 0.812277 0.262238
vt 0.812276 0.318776
vt 0.944490 0.262235
vt 0.944491 0.318773
vt 0.793388 0.262238
vt 0.793386 0.318776
vt 0.945901 0.262235
vt 0.945901 0.318773
vt 0.792083 0.262238
vt 0.792083 0.318776
vt 0.948318 0.433917
vt 0.984982 0.599801
vt 0.988840 0.802792
vt 0.163000 0.000000
vt 0.944493 0.965724
vt 0.984982 0.802792
vt 0.948351 0.968673
vt 0.988840 0.599801
vt 0.163000 0.202989
vt 0.944461 0.436866
vt 0.978035 0.600556
vt 0.978035 0.968673
vt 0.955298 0.802792
vt 0.000000 0.000005
vt 0.154798 0.608978
vt 0.944493 0.802792
vt 0.000000 0.202994
vt 0.154798 0.405987
vt 0.944461 0.599799
vt 0.159987 0.202989
vt 0.944461 0.439878
vt 0.944493 0.962712
vt 0.159987 0.000000
vt 0.945713 0.966656
vt 0.987620 0.802792
vt 0.987620 0.599801
vt 0.945681 0.435933
vt 0.986153 0.802792
vt 0.947180 0.967778
vt 0.986153 0.599801
vt 0.947148 0.434812
vt 0.983005 0.802792
vt 0.950328 0.968673
vt 0.950296 0.433917
vt 0.983005 0.599801
vt 0.988840 0.776631
vt 0.163001 0.026160
vt 0.984982 0.776631
vt 0.955298 0.600556
vt 0.000000 0.026165
vt 0.154798 0.582818
vt 0.987620 0.776631
vt 0.986153 0.776631
vt 0.983005 0.776631
vt 0.159987 0.026160
vt 0.163000 0.001581
vt 0.988840 0.801211
vt 0.984982 0.801211
vt 0.955298 0.601311
vt 0.154798 0.607397
vt 0.000000 0.001586
vt 0.987620 0.801211
vt 0.986153 0.801211
vt 0.983005 0.801211
vt 0.159987 0.001581
vt 0.163000 0.000791
vt 0.988840 0.802001
vt 0.984982 0.802001
vt 0.978035 0.601311
vt 0.154798 0.608187
vt 0.000000 0.000795
vt 0.987620 0.802001
vt 0.986153 0.802001
vt 0.983005 0.802001
vt 0.159987 0.000791
vt 0.988840 0.601311
vt 0.163001 0.201479
vt 0.984982 0.601311
vt 0.978035 0.802001
vt 0.000000 0.201484
vt 0.154798 0.407497
vt 0.987620 0.601311
vt 0.986153 0.601311
vt 0.983005 0.601311
vt 0.159987 0.201479
vt 0.163000 0.202234
vt 0.988840 0.600556
vt 0.984982 0.600556
vt 0.955298 0.776631
vt 0.000000 0.202239
vt 0.154798 0.406742
vt 0.987620 0.600556
vt 0.986153 0.600556
vt 0.983005 0.600556
vt 0.159987 0.202234
vt 0.948351 0.599801
vt 0.984949 0.433917
vt 0.944493 0.802792
vt 0.988840 0.965724
vt 0.326001 0.202991
vt 0.984982 0.968673
vt 0.948351 0.802792
vt 0.988807 0.436866
vt 0.326001 0.000000
vt 0.944493 0.599801
vt 0.978035 0.776631
vt 0.955298 0.802001
vt 0.988840 0.802792
vt 0.163001 0.202992
vt 0.162157 0.608978
vt 0.988807 0.599799
vt 0.162157 0.405987
vt 0.163001 0.000001
vt 0.322987 0.000000
vt 0.988807 0.439878
vt 0.322987 0.202991
vt 0.988840 0.962712
vt 0.987620 0.966656
vt 0.945713 0.802792
vt 0.987587 0.435933
vt 0.945713 0.599801
vt 0.947181 0.802792
vt 0.986152 0.967778
vt 0.986120 0.434812
vt 0.947181 0.599801
vt 0.983005 0.968673
vt 0.950328 0.802792
vt 0.982972 0.433917
vt 0.950328 0.599801
vt 0.944493 0.776631
vt 0.326001 0.176830
vt 0.948351 0.776631
vt 0.955298 0.599801
vt 0.978002 0.433917
vt 0.163001 0.176831
vt 0.162157 0.582818
vt 0.945713 0.776631
vt 0.947181 0.776631
vt 0.950328 0.776631
vt 0.322987 0.176830
vt 0.326001 0.201409
vt 0.944493 0.801211
vt 0.948351 0.801211
vt 0.978035 0.801211
vt 0.163001 0.201411
vt 0.162157 0.607397
vt 0.945713 0.801211
vt 0.947181 0.801211
vt 0.950328 0.801211
vt 0.322987 0.201410
vt 0.944493 0.802001
vt 0.326001 0.202200
vt 0.948351 0.802001
vt 0.955298 0.801211
vt 0.162157 0.608187
vt 0.163001 0.202201
vt 0.945713 0.802001
vt 0.947181 0.802001
vt 0.950328 0.802001
vt 0.322987 0.202200
vt 0.944493 0.601311
vt 0.326001 0.001510
vt 0.948351 0.601311
vt 0.955265 0.433917
vt 0.978035 0.599801
vt 0.163001 0.001511
vt 0.162157 0.407497
vt 0.945713 0.601311
vt 0.947181 0.601311
vt 0.950328 0.601311
vt 0.322987 0.001510
vt 0.944493 0.600556
vt 0.326001 0.000755
vt 0.948351 0.600556
vt 0.955298 0.968673
vt 0.978035 0.802792
vt 0.163001 0.000756
vt 0.162157 0.406742
vt 0.945713 0.600556
vt 0.947181 0.600556
vt 0.950328 0.600556
vt 0.322987 0.000755
vt 0.988840 0.638881
vt 0.163001 0.163909
vt 0.984982 0.638881
vt 0.154798 0.445068
vt 0.000000 0.163914
vt 0.987620 0.638881
vt 0.986153 0.638881
vt 0.983005 0.638881
vt 0.159987 0.163909
vt 0.978035 0.638881
vt 0.955298 0.638881
vt 0.326001 0.039080
vt 0.944493 0.638881
vt 0.948351 0.638881
vt 0.163001 0.039082
vt 0.162157 0.445068
vt 0.945713 0.638881
vt 0.947181 0.638881
vt 0.950328 0.638881
vt 0.322987 0.039080
vt 0.154798 0.422001
vt 0.000000 0.186981
vt 0.984982 0.615814
vt 0.163001 0.186976
vt 0.988840 0.615814
vt 0.987620 0.615814
vt 0.986153 0.615814
vt 0.983005 0.615814
vt 0.159987 0.186976
vt 0.978035 0.615814
vt 0.955298 0.615814
vt 0.326001 0.016013
vt 0.944493 0.615814
vt 0.948351 0.615814
vt 0.163001 0.016014
vt 0.162157 0.422001
vt 0.945713 0.615814
vt 0.947181 0.615814
vt 0.950328 0.615814
vt 0.322987 0.016013
vt 0.318704 0.466343
vt 0.966667 0.635352
vt 0.318736 0.470345
vt 0.962664 0.634280
vt 0.159595 0.469116
vt 0.159580 0.466173
vt 0.959734 0.631350
vt 0.958662 0.627348
vt 0.159580 0.462167
vt 0.159595 0.458169
vt 0.156624 0.419852
vt 0.959734 0.623345
vt 0.156537 0.416922
vt 0.962664 0.620416
vt 0.156505 0.412920
vt 0.966667 0.619343
vt 0.970669 0.620416
vt 0.156537 0.408917
vt 0.973599 0.623345
vt 0.156624 0.405987
vt 0.158656 0.458169
vt 0.974671 0.627348
vt 0.158640 0.462170
vt 0.973599 0.631350
vt 0.158640 0.466174
vt 0.318736 0.462341
vt 0.970669 0.634280
vt 0.158656 0.469106
vt 0.966667 0.636428
vt 0.962127 0.635211
vt 0.958803 0.631888
vt 0.957586 0.627348
vt 0.958803 0.622808
vt 0.962127 0.619484
vt 0.966667 0.618268
vt 0.971207 0.619484
vt 0.974530 0.622808
vt 0.975747 0.627348
vt 0.974530 0.631888
vt 0.971207 0.635211
vt 0.970938 0.634746
vt 0.966667 0.635890
vt 0.974064 0.631619
vt 0.975209 0.627348
vt 0.974064 0.623077
vt 0.970938 0.619950
vt 0.966667 0.618805
vt 0.962395 0.619950
vt 0.959269 0.623077
vt 0.958124 0.627348
vt 0.959269 0.631619
vt 0.962395 0.634746
vt 0.106658 0.202991
vt 0.944461 0.493185
vt 0.053329 0.202992
vt 0.944461 0.546492
vt 0.944493 0.909405
vt 0.106658 0.000002
vt 0.944493 0.856098
vt 0.053329 0.000003
vt 0.106658 0.026162
vt 0.053329 0.026164
vt 0.106658 0.001583
vt 0.053329 0.001584
vt 0.106658 0.000792
vt 0.053329 0.000794
vt 0.106658 0.201480
vt 0.053329 0.201482
vt 0.106658 0.202236
vt 0.053329 0.202237
vt 0.106658 0.163911
vt 0.053329 0.163912
vt 0.106658 0.186977
vt 0.053329 0.186979
vt 0.269658 0.000000
vt 0.988807 0.493185
vt 0.216329 0.000001
vt 0.988807 0.546492
vt 0.269658 0.202991
vt 0.988840 0.909405
vt 0.216329 0.202991
vt 0.988840 0.856098
vt 0.269658 0.176831
vt 0.216329 0.176831
vt 0.269658 0.201410
vt 0.216329 0.201410
vt 0.269658 0.202200
vt 0.216329 0.202201
vt 0.269658 0.001510
vt 0.216329 0.001511
vt 0.269658 0.000755
vt 0.216329 0.000756
vt 0.269658 0.039081
vt 0.216329 0.039081
vt 0.269658 0.016014
vt 0.216329 0.016014
vt 0.948896 0.435624
vt 0.948630 0.202994
vt 0.945902 0.405984
vt 0.946201 0.964881
vt 0.163001 0.202995
vt 0.948929 0.966966
vt 0.948630 0.405984
vt 0.946168 0.437709
vt 0.945902 0.202994
vt 0.163001 0.405985
vt 0.954999 0.203749
vt 0.978035 0.966966
vt 0.977736 0.405984
vt 0.325157 0.202994
vt 0.946201 0.802792
vt 0.156505 0.608978
vt 0.156505 0.405987
vt 0.325157 0.405984
vt 0.946168 0.599799
vt 0.946168 0.439878
vt 0.165171 0.405985
vt 0.165171 0.202995
vt 0.946201 0.962712
vt 0.946750 0.965301
vt 0.946451 0.405984
vt 0.946451 0.202994
vt 0.946718 0.437289
vt 0.948218 0.966422
vt 0.947918 0.405984
vt 0.947918 0.202994
vt 0.948185 0.436167
vt 0.950328 0.966966
vt 0.950029 0.405984
vt 0.950029 0.202994
vt 0.950296 0.435624
vt 0.163001 0.229155
vt 0.945902 0.379824
vt 0.948630 0.379824
vt 0.977736 0.203749
vt 0.325157 0.229154
vt 0.156505 0.582818
vt 0.946451 0.379824
vt 0.947918 0.379824
vt 0.950029 0.379824
vt 0.165171 0.229155
vt 0.163001 0.204576
vt 0.945902 0.404403
vt 0.948630 0.404403
vt 0.977736 0.204504
vt 0.325157 0.204575
vt 0.156505 0.607397
vt 0.946451 0.404403
vt 0.947918 0.404403
vt 0.950029 0.404403
vt 0.165171 0.204576
vt 0.163001 0.203785
vt 0.945902 0.405194
vt 0.948630 0.405194
vt 0.954999 0.204504
vt 0.156505 0.608187
vt 0.325157 0.203784
vt 0.946451 0.405194
vt 0.947918 0.405194
vt 0.950029 0.405194
vt 0.165171 0.203785
vt 0.945902 0.204504
vt 0.163001 0.404475
vt 0.948630 0.204504
vt 0.954999 0.405194
vt 0.156505 0.407497
vt 0.325157 0.404474
vt 0.946451 0.204504
vt 0.947918 0.204504
vt 0.950029 0.204504
vt 0.165171 0.404475
vt 0.163001 0.405230
vt 0.945902 0.203749
vt 0.948630 0.203749
vt 0.977736 0.379824
vt 0.156505 0.406742
vt 0.325157 0.405229
vt 0.946451 0.203749
vt 0.947918 0.203749
vt 0.950029 0.203749
vt 0.165171 0.405230
vt 0.984105 0.202994
vt 0.984371 0.435624
vt 0.986833 0.405984
vt 0.162157 0.202994
vt 0.987132 0.964880
vt 0.984404 0.966966
vt 0.984105 0.405984
vt 0.162157 0.405983
vt 0.987100 0.437709
vt 0.986833 0.202994
vt 0.954999 0.379824
vt 0.977736 0.405194
vt 0.000000 0.202999
vt 0.160449 0.608978
vt 0.987132 0.802792
vt 0.160449 0.405987
vt 0.987100 0.599799
vt 0.000000 0.405987
vt 0.159987 0.405983
vt 0.987100 0.439878
vt 0.987132 0.962712
vt 0.159987 0.202994
vt 0.986283 0.405984
vt 0.986583 0.965301
vt 0.986550 0.437289
vt 0.986283 0.202994
vt 0.984816 0.405984
vt 0.985115 0.966422
vt 0.984816 0.202994
vt 0.985083 0.436168
vt 0.983005 0.966966
vt 0.982705 0.405984
vt 0.982705 0.202994
vt 0.982972 0.435624
vt 0.162157 0.229154
vt 0.986833 0.379824
vt 0.984105 0.379824
vt 0.978002 0.435624
vt 0.977736 0.202994
vt 0.160449 0.582818
vt 0.000000 0.229159
vt 0.986283 0.379824
vt 0.984816 0.379824
vt 0.982705 0.379824
vt 0.159987 0.229154
vt 0.986833 0.404403
vt 0.162157 0.204575
vt 0.984105 0.404403
vt 0.954999 0.404403
vt 0.000000 0.204580
vt 0.160449 0.607397
vt 0.986283 0.404403
vt 0.984816 0.404403
vt 0.982705 0.404403
vt 0.159987 0.204575
vt 0.986833 0.405194
vt 0.162157 0.203784
vt 0.984105 0.405194
vt 0.977736 0.404403
vt 0.000000 0.203789
vt 0.160449 0.608187
vt 0.986283 0.405194
vt 0.984816 0.405194
vt 0.982705 0.405194
vt 0.159987 0.203784
vt 0.162157 0.404473
vt 0.986833 0.204504
vt 0.984105 0.204504
vt 0.955265 0.435624
vt 0.954999 0.202994
vt 0.000000 0.404477
vt 0.160449 0.407497
vt 0.986283 0.204504
vt 0.984816 0.204504
vt 0.982705 0.204504
vt 0.159987 0.404473
vt 0.162157 0.405228
vt 0.986833 0.203749
vt 0.984105 0.203749
vt 0.954999 0.405984
vt 0.955298 0.966966
vt 0.160449 0.406742
vt 0.000000 0.405232
vt 0.986283 0.203749
vt 0.984816 0.203749
vt 0.982705 0.203749
vt 0.159987 0.405228
vt 0.163001 0.366905
vt 0.945902 0.242074
vt 0.948630 0.242074
vt 0.156505 0.445068
vt 0.325157 0.366904
vt 0.946451 0.242074
vt 0.947918 0.242074
vt 0.950029 0.242074
vt 0.165171 0.366905
vt 0.954999 0.242074
vt 0.977736 0.242074
vt 0.162157 0.366903
vt 0.986833 0.242074
vt 0.984105 0.242074
vt 0.160449 0.445068
vt 0.000000 0.366907
vt 0.986283 0.242074
vt 0.984816 0.242074
vt 0.982705 0.242074
vt 0.159987 0.366903
vt 0.156505 0.422001
vt 0.325157 0.389971
vt 0.948630 0.219007
vt 0.945902 0.219007
vt 0.163001 0.389972
vt 0.946451 0.219007
vt 0.947918 0.219007
vt 0.950029 0.219007
vt 0.165171 0.389972
vt 0.954999 0.219007
vt 0.977736 0.219007
vt 0.162157 0.389969
vt 0.986833 0.219007
vt 0.984105 0.219007
vt 0.000000 0.389974
vt 0.160449 0.422001
vt 0.986283 0.219007
vt 0.984816 0.219007
vt 0.982705 0.219007
vt 0.159987 0.389969
vt 0.318643 0.455409
vt 0.966367 0.238545
vt 0.318675 0.459411
vt 0.970370 0.237473
vt 0.157730 0.469091
vt 0.318762 0.462341
vt 0.973299 0.234543
vt 0.157715 0.465084
vt 0.974372 0.230540
vt 0.157715 0.461086
vt 0.973299 0.226538
vt 0.319617 0.470345
vt 0.157730 0.458169
vt 0.970370 0.223608
vt 0.319585 0.466343
vt 0.966367 0.222536
vt 0.158671 0.458169
vt 0.319617 0.462341
vt 0.962365 0.223608
vt 0.959435 0.226538
vt 0.158656 0.461096
vt 0.958363 0.230540
vt 0.158656 0.465097
vt 0.158671 0.469100
vt 0.959435 0.234543
vt 0.318762 0.448477
vt 0.318675 0.451406
vt 0.962365 0.237473
vt 0.966367 0.239621
vt 0.970907 0.238404
vt 0.974231 0.235081
vt 0.975447 0.230540
vt 0.974231 0.226000
vt 0.970907 0.222677
vt 0.966367 0.221460
vt 0.961827 0.222677
vt 0.958504 0.226000
vt 0.957287 0.230540
vt 0.958504 0.235081
vt 0.961827 0.238404
vt 0.962096 0.237938
vt 0.966367 0.239083
vt 0.958969 0.234812
vt 0.957825 0.230540
vt 0.958969 0.226269
vt 0.962096 0.223143
vt 0.966367 0.221998
vt 0.970638 0.223143
vt 0.973765 0.226269
vt 0.974910 0.230540
vt 0.973765 0.234812
vt 0.970638 0.237938
vt 0.946168 0.493185
vt 0.218499 0.405985
vt 0.946168 0.546492
vt 0.271828 0.405985
vt 0.218499 0.202994
vt 0.946201 0.909405
vt 0.946201 0.856098
vt 0.271828 0.202994
vt 0.218499 0.229155
vt 0.271828 0.229155
vt 0.218499 0.204576
vt 0.271828 0.204575
vt 0.218499 0.203785
vt 0.271828 0.203785
vt 0.218499 0.404475
vt 0.271828 0.404475
vt 0.218499 0.405230
vt 0.271828 0.405230
vt 0.218499 0.366905
vt 0.271828 0.366904
vt 0.218499 0.389972
vt 0.271828 0.389971
vt 0.106658 0.405984
vt 0.987100 0.493185
vt 0.987100 0.546492
vt 0.053329 0.405986
vt 0.106658 0.202995
vt 0.987132 0.909405
vt 0.987132 0.856098
vt 0.053329 0.202997
vt 0.106658 0.229156
vt 0.053329 0.229157
vt 0.106658 0.204576
vt 0.053329 0.204578
vt 0.106658 0.203786
vt 0.053329 0.203787
vt 0.106658 0.404474
vt 0.053329 0.404476
vt 0.106658 0.405229
vt 0.053329 0.405231
vt 0.106658 0.366904
vt 0.053329 0.366906
vt 0.106658 0.389971
vt 0.053329 0.389973
vt 0.948431 0.434249
vt 0.944825 0.965560
vt 0.948463 0.968341
vt 0.944793 0.437030
vt 0.978035 0.968341
vt 0.155130 0.608978
vt 0.944825 0.802792
vt 0.944793 0.599799
vt 0.155130 0.405987
vt 0.944793 0.439878
vt 0.944825 0.962712
vt 0.945915 0.966393
vt 0.945882 0.436197
vt 0.947382 0.967514
vt 0.947350 0.435075
vt 0.950328 0.968341
vt 0.950296 0.434249
vt 0.155130 0.582818
vt 0.155130 0.607397
vt 0.155130 0.608187
vt 0.155130 0.407497
vt 0.155130 0.406742
vt 0.984837 0.434249
vt 0.988508 0.965560
vt 0.984870 0.968341
vt 0.988475 0.437030
vt 0.161825 0.608978
vt 0.988508 0.802792
vt 0.161825 0.405987
vt 0.988475 0.599799
vt 0.988475 0.439878
vt 0.988508 0.962712
vt 0.987418 0.966393
vt 0.987386 0.436197
vt 0.985951 0.967514
vt 0.985918 0.435075
vt 0.983005 0.968341
vt 0.982972 0.434249
vt 0.978002 0.434249
vt 0.161825 0.582818
vt 0.161825 0.607397
vt 0.161825 0.608187
vt 0.955265 0.434249
vt 0.161825 0.407497
vt 0.955298 0.968341
vt 0.161825 0.406742
vt 0.155130 0.445068
vt 0.161825 0.445068
vt 0.155130 0.422001
vt 0.161825 0.422001
vt 0.944793 0.493185
vt 0.944793 0.546492
vt 0.944825 0.909405
vt 0.944825 0.856098
vt 0.988475 0.493185
vt 0.988475 0.546492
vt 0.988508 0.909405
vt 0.988508 0.856098
vt 0.948800 0.435340
vt 0.945917 0.965021
vt 0.948833 0.967249
vt 0.945884 0.437569
vt 0.978035 0.967249
vt 0.945917 0.802792
vt 0.156222 0.608978
vt 0.945884 0.599799
vt 0.156222 0.405987
vt 0.945884 0.439878
vt 0.945917 0.962712
vt 0.946578 0.965526
vt 0.946546 0.437064
vt 0.948045 0.966647
vt 0.948013 0.435942
vt 0.950328 0.967249
vt 0.950296 0.435340
vt 0.156222 0.582818
vt 0.156222 0.607397
vt 0.156222 0.608187
vt 0.156222 0.407497
vt 0.156222 0.406742
vt 0.984467 0.435340
vt 0.987416 0.965021
vt 0.984500 0.967249
vt 0.987383 0.437569
vt 0.160733 0.608978
vt 0.987416 0.802792
vt 0.987383 0.599799
vt 0.160733 0.405987
vt 0.987383 0.439878
vt 0.987416 0.962712
vt 0.986755 0.965526
vt 0.986722 0.437064
vt 0.985288 0.966647
vt 0.985255 0.435942
vt 0.983005 0.967249
vt 0.982972 0.435340
vt 0.978002 0.435340
vt 0.160733 0.582818
vt 0.160733 0.607397
vt 0.160733 0.608187
vt 0.955265 0.435340
vt 0.160733 0.407497
vt 0.955298 0.967249
vt 0.160733 0.406742
vt 0.156222 0.445068
vt 0.160733 0.445068
vt 0.156222 0.422001
vt 0.160733 0.422001
vt 0.945884 0.493185
vt 0.945884 0.546492
vt 0.945917 0.909405
vt 0.945917 0.856098
vt 0.987383 0.493185
vt 0.987383 0.546492
vt 0.987416 0.909405
vt 0.987416 0.856098
vt 0.165523 0.000001
vt 0.988807 0.597278
vt 0.165523 0.202992
vt 0.988840 0.805312
vt 0.165523 0.176831
vt 0.165523 0.201411
vt 0.165523 0.202201
vt 0.165523 0.001511
vt 0.165523 0.000756
vt 0.165523 0.039082
vt 0.165523 0.016014
vt 0.002522 0.405987
vt 0.987100 0.597278
vt 0.002522 0.202998
vt 0.987132 0.805312
vt 0.002522 0.229159
vt 0.002522 0.204580
vt 0.002522 0.203789
vt 0.002522 0.404477
vt 0.002522 0.405232
vt 0.002522 0.366907
vt 0.002522 0.389974
vt 0.988475 0.597278
vt 0.988508 0.805312
vt 0.987383 0.597278
vt 0.987416 0.805312
vt 0.164262 0.000001
vt 0.988807 0.598538
vt 0.988840 0.804052
vt 0.164262 0.202992
vt 0.164262 0.176831
vt 0.164262 0.201411
vt 0.164262 0.202201
vt 0.164262 0.001511
vt 0.164262 0.000756
vt 0.164262 0.039082
vt 0.164262 0.016014
vt 0.001261 0.405987
vt 0.987100 0.598538
vt 0.987132 0.804052
vt 0.001261 0.202998
vt 0.001261 0.229159
vt 0.001261 0.204580
vt 0.001261 0.203789
vt 0.001261 0.404477
vt 0.001261 0.405232
vt 0.001261 0.366907
vt 0.001261 0.389974
vt 0.988508 0.804052
vt 0.987416 0.804052
vt 0.988475 0.598538
vt 0.987383 0.598538
vt 0.003296 0.202994
vt 0.944461 0.596504
vt 0.003296 0.000005
vt 0.944493 0.806086
vt 0.003296 0.026165
vt 0.003296 0.001586
vt 0.003296 0.000795
vt 0.003296 0.201484
vt 0.003296 0.202239
vt 0.003296 0.163914
vt 0.003296 0.186980
vt 0.321861 0.405984
vt 0.946168 0.596504
vt 0.946201 0.806086
vt 0.321861 0.202994
vt 0.321861 0.229154
vt 0.321861 0.204575
vt 0.321861 0.203784
vt 0.321861 0.404474
vt 0.321861 0.405229
vt 0.321861 0.366904
vt 0.321861 0.389971
vt 0.944793 0.596504
vt 0.944825 0.806086
vt 0.945884 0.596504
vt 0.945917 0.806086
vt 0.944461 0.598152
vt 0.001648 0.202994
vt 0.001648 0.000005
vt 0.944493 0.804439
vt 0.001648 0.026165
vt 0.001648 0.001586
vt 0.001648 0.000795
vt 0.001648 0.201484
vt 0.001648 0.202239
vt 0.001648 0.163914
vt 0.001648 0.186981
vt 0.323509 0.405984
vt 0.946168 0.598152
vt 0.323509 0.202994
vt 0.946201 0.804439
vt 0.323509 0.229154
vt 0.323509 0.204575
vt 0.323509 0.203784
vt 0.323509 0.404474
vt 0.323509 0.405229
vt 0.323509 0.366904
vt 0.323509 0.389971
vt 0.944793 0.598152
vt 0.945884 0.598152
vt 0.944825 0.804439
vt 0.945917 0.804439
vt 0.317855 0.466343
vt 0.319501 0.455409
vt 0.319532 0.459344
vt 0.160449 0.469002
vt 0.317886 0.470278
vt 0.156877 0.469026
vt 0.160435 0.466108
vt 0.319617 0.462225
vt 0.160435 0.462169
vt 0.156862 0.465086
vt 0.160449 0.458238
vt 0.156862 0.461156
vt 0.157479 0.419735
vt 0.318767 0.470278
vt 0.157394 0.416855
vt 0.156877 0.458287
vt 0.318736 0.466343
vt 0.157362 0.412920
vt 0.159526 0.458284
vt 0.318767 0.462408
vt 0.157394 0.408984
vt 0.159510 0.461161
vt 0.157479 0.406104
vt 0.157803 0.458235
vt 0.159510 0.465096
vt 0.157787 0.462169
vt 0.159526 0.469032
vt 0.319617 0.448593
vt 0.157787 0.466105
vt 0.157803 0.468989
vt 0.319532 0.451473
vt 0.317886 0.462408
vt 0.321813 0.431856
vt 0.162252 0.205358
vt 0.320590 0.431150
vt 0.162263 0.203993
vt 0.162433 0.202994
vt 0.162292 0.202994
vt 0.319883 0.429926
vt 0.319883 0.428513
vt 0.162428 0.204358
vt 0.320590 0.427289
vt 0.162428 0.205724
vt 0.321813 0.426582
vt 0.162433 0.206724
vt 0.162303 0.210452
vt 0.162292 0.211817
vt 0.323227 0.426582
vt 0.162303 0.213182
vt 0.324450 0.427289
vt 0.162529 0.210458
vt 0.162524 0.209454
vt 0.325157 0.428513
vt 0.162524 0.208088
vt 0.325157 0.429926
vt 0.162292 0.207722
vt 0.162529 0.206724
vt 0.324450 0.431150
vt 0.323227 0.431856
vt 0.162263 0.206723
vt 0.321939 0.431388
vt 0.320932 0.430807
vt 0.320351 0.429800
vt 0.320351 0.428638
vt 0.320932 0.427632
vt 0.321939 0.427051
vt 0.323101 0.427051
vt 0.324108 0.427632
vt 0.324689 0.428638
vt 0.324689 0.429800
vt 0.324108 0.430807
vt 0.323101 0.431388
vt 0.322180 0.430488
vt 0.321592 0.430148
vt 0.321252 0.429559
vt 0.321252 0.428879
vt 0.321592 0.428291
vt 0.322180 0.427951
vt 0.322860 0.427951
vt 0.323448 0.428291
vt 0.323788 0.428879
vt 0.323788 0.429559
vt 0.323448 0.430148
vt 0.322860 0.430488
vt 0.322427 0.429566
vt 0.322266 0.429473
vt 0.322173 0.429312
vt 0.322173 0.429127
vt 0.322266 0.428966
vt 0.322427 0.428873
vt 0.322613 0.428873
vt 0.322774 0.428966
vt 0.322867 0.429127
vt 0.322867 0.429312
vt 0.322774 0.429473
vt 0.322613 0.429566
vt 0.322520 0.429219
vt 0.162197 0.207722
vt 0.324450 0.437837
vt 0.162434 0.206724
vt 0.325157 0.439060
vt 0.162429 0.208087
vt 0.325157 0.440474
vt 0.162429 0.209454
vt 0.162434 0.210458
vt 0.162398 0.213182
vt 0.324450 0.441697
vt 0.162387 0.211817
vt 0.323227 0.442404
vt 0.321813 0.442404
vt 0.162398 0.210452
vt 0.162528 0.206724
vt 0.320590 0.441697
vt 0.162523 0.205724
vt 0.162523 0.204358
vt 0.319883 0.440474
vt 0.162197 0.202994
vt 0.162528 0.202994
vt 0.319883 0.439060
vt 0.320590 0.437837
vt 0.162168 0.203993
vt 0.321813 0.437130
vt 0.162157 0.205358
vt 0.162168 0.206723
vt 0.323227 0.437130
vt 0.324363 0.437924
vt 0.325038 0.439092
vt 0.325038 0.440442
vt 0.324363 0.441610
vt 0.323195 0.442285
vt 0.321845 0.442285
vt 0.320677 0.441610
vt 0.320002 0.440442
vt 0.320002 0.439092
vt 0.320677 0.437924
vt 0.321845 0.437249
vt 0.323195 0.437249
vt 0.322520 0.439767
vt 0.323227 0.421309
vt 0.162825 0.205358
vt 0.324450 0.422015
vt 0.162835 0.203993
vt 0.162865 0.202994
vt 0.162724 0.206724
vt 0.325157 0.423239
vt 0.162730 0.205359
vt 0.325157 0.424652
vt 0.324450 0.425876
vt 0.162730 0.203994
vt 0.162197 0.207722
vt 0.162724 0.202994
vt 0.323227 0.426582
vt 0.321813 0.426582
vt 0.162186 0.209087
vt 0.162865 0.211456
vt 0.320590 0.425876
vt 0.162197 0.210452
vt 0.162860 0.210452
vt 0.319883 0.424652
vt 0.162860 0.209086
vt 0.319883 0.423239
vt 0.162865 0.207722
vt 0.320590 0.422015
vt 0.321813 0.421309
vt 0.162835 0.206723
vt 0.323101 0.421777
vt 0.324108 0.422358
vt 0.324689 0.423364
vt 0.324689 0.424527
vt 0.324108 0.425533
vt 0.323101 0.426114
vt 0.321939 0.426114
vt 0.320932 0.425533
vt 0.320351 0.424527
vt 0.320351 0.423364
vt 0.320932 0.422358
vt 0.321939 0.421777
vt 0.322860 0.422677
vt 0.323448 0.423017
vt 0.323788 0.423606
vt 0.323788 0.424285
vt 0.323448 0.424874
vt 0.322860 0.425214
vt 0.322180 0.425214
vt 0.321591 0.424874
vt 0.321252 0.424285
vt 0.321252 0.423606
vt 0.321591 0.423017
vt 0.322180 0.422677
vt 0.322613 0.423599
vt 0.322774 0.423692
vt 0.322866 0.423853
vt 0.322866 0.424038
vt 0.322774 0.424199
vt 0.322613 0.424292
vt 0.322427 0.424292
vt 0.322266 0.424199
vt 0.322173 0.424038
vt 0.322173 0.423853
vt 0.322266 0.423692
vt 0.322427 0.423599
vt 0.322520 0.423945
vt 0.324450 0.432563
vt 0.162770 0.207722
vt 0.325157 0.433787
vt 0.162765 0.209085
vt 0.325157 0.435200
vt 0.162765 0.210452
vt 0.324450 0.436424
vt 0.162292 0.210452
vt 0.162770 0.211456
vt 0.323227 0.437130
vt 0.162281 0.209087
vt 0.162292 0.207722
vt 0.321813 0.437130
vt 0.162629 0.202994
vt 0.320590 0.436424
vt 0.162634 0.203994
vt 0.162634 0.205359
vt 0.319883 0.435200
vt 0.319883 0.433787
vt 0.162770 0.202994
vt 0.162629 0.206724
vt 0.320590 0.432563
vt 0.162740 0.203993
vt 0.162730 0.205358
vt 0.321813 0.431856
vt 0.162740 0.206723
vt 0.323227 0.431856
vt 0.324363 0.432650
vt 0.325038 0.433819
vt 0.325038 0.435168
vt 0.324363 0.436336
vt 0.323195 0.437011
vt 0.321845 0.437011
vt 0.320677 0.436336
vt 0.320002 0.435168
vt 0.320002 0.433819
vt 0.320677 0.432650
vt 0.321845 0.431975
vt 0.323195 0.431975
vt 0.322520 0.434493
vt 0.162906 0.205358
vt 0.319883 0.454882
vt 0.320590 0.453658
vt 0.162895 0.206723
vt 0.162865 0.207722
vt 0.162534 0.202994
vt 0.321813 0.452952
vt 0.323227 0.452952
vt 0.162529 0.204358
vt 0.162529 0.205724
vt 0.324450 0.453658
vt 0.162534 0.206724
vt 0.325157 0.454882
vt 0.162281 0.213182
vt 0.162292 0.211817
vt 0.325157 0.456295
vt 0.162281 0.210452
vt 0.163001 0.211456
vt 0.324450 0.457519
vt 0.323227 0.458226
vt 0.162996 0.210452
vt 0.321813 0.458226
vt 0.162996 0.209086
vt 0.162865 0.202994
vt 0.320590 0.457519
vt 0.163001 0.207722
vt 0.319883 0.456295
vt 0.162895 0.203993
vt 0.320351 0.455008
vt 0.320932 0.454001
vt 0.321939 0.453420
vt 0.323101 0.453420
vt 0.324108 0.454001
vt 0.324689 0.455008
vt 0.324689 0.456170
vt 0.324108 0.457176
vt 0.323101 0.457757
vt 0.321939 0.457757
vt 0.320932 0.457176
vt 0.320351 0.456170
vt 0.321252 0.455249
vt 0.321592 0.454660
vt 0.322180 0.454320
vt 0.322860 0.454320
vt 0.323448 0.454660
vt 0.323788 0.455249
vt 0.323788 0.455929
vt 0.323448 0.456517
vt 0.322860 0.456857
vt 0.322180 0.456857
vt 0.321592 0.456517
vt 0.321252 0.455928
vt 0.322173 0.455496
vt 0.322266 0.455335
vt 0.322427 0.455242
vt 0.322613 0.455242
vt 0.322774 0.455335
vt 0.322867 0.455496
vt 0.322867 0.455682
vt 0.322774 0.455842
vt 0.322613 0.455935
vt 0.322427 0.455935
vt 0.322266 0.455842
vt 0.322173 0.455682
vt 0.322520 0.455589
vt 0.320590 0.458932
vt 0.162960 0.202994
vt 0.162906 0.207722
vt 0.162901 0.209085
vt 0.321813 0.458226
vt 0.323227 0.458226
vt 0.162901 0.210452
vt 0.324450 0.458932
vt 0.162186 0.210452
vt 0.162906 0.211456
vt 0.325157 0.460156
vt 0.162197 0.211817
vt 0.325157 0.461569
vt 0.162186 0.213182
vt 0.162629 0.206724
vt 0.324450 0.462793
vt 0.162624 0.205724
vt 0.323227 0.463499
vt 0.162624 0.204358
vt 0.162960 0.207722
vt 0.162629 0.202994
vt 0.321813 0.463499
vt 0.162990 0.206723
vt 0.320590 0.462793
vt 0.163001 0.205358
vt 0.319883 0.461569
vt 0.162990 0.203993
vt 0.319883 0.460156
vt 0.320677 0.459019
vt 0.321845 0.458345
vt 0.323195 0.458345
vt 0.324363 0.459019
vt 0.325038 0.460188
vt 0.325038 0.461537
vt 0.324363 0.462706
vt 0.323195 0.463380
vt 0.321845 0.463380
vt 0.320677 0.462706
vt 0.320002 0.461537
vt 0.320002 0.460188
vt 0.322520 0.460862
vt 0.325157 0.449608
vt 0.162387 0.205358
vt 0.162398 0.203993
vt 0.325157 0.451021
vt 0.324450 0.452245
vt 0.162534 0.206724
vt 0.162428 0.202994
vt 0.323227 0.452952
vt 0.162529 0.208089
vt 0.321813 0.452952
vt 0.162529 0.209454
vt 0.320590 0.452245
vt 0.162303 0.207722
vt 0.162534 0.210454
vt 0.319883 0.451021
vt 0.162292 0.209087
vt 0.162729 0.210458
vt 0.319883 0.449608
vt 0.162303 0.210452
vt 0.162724 0.209454
vt 0.320590 0.448384
vt 0.321813 0.447678
vt 0.162724 0.208088
vt 0.162729 0.206724
vt 0.323227 0.447678
vt 0.162428 0.207722
vt 0.162398 0.206723
vt 0.324450 0.448384
vt 0.324689 0.449734
vt 0.324689 0.450896
vt 0.324108 0.451902
vt 0.323101 0.452483
vt 0.321939 0.452483
vt 0.320932 0.451902
vt 0.320351 0.450896
vt 0.320351 0.449734
vt 0.320932 0.448727
vt 0.321939 0.448146
vt 0.323101 0.448146
vt 0.324108 0.448727
vt 0.323788 0.449975
vt 0.323788 0.450655
vt 0.323448 0.451243
vt 0.322860 0.451583
vt 0.322180 0.451583
vt 0.321592 0.451243
vt 0.321252 0.450655
vt 0.321252 0.449975
vt 0.321592 0.449386
vt 0.322180 0.449046
vt 0.322860 0.449046
vt 0.323448 0.449386
vt 0.322866 0.450222
vt 0.322866 0.450408
vt 0.322774 0.450568
vt 0.322613 0.450661
vt 0.322427 0.450661
vt 0.322266 0.450568
vt 0.322173 0.450408
vt 0.322173 0.450222
vt 0.322266 0.450061
vt 0.322427 0.449968
vt 0.322613 0.449968
vt 0.322774 0.450061
vt 0.322520 0.450315
vt 0.162333 0.207722
vt 0.324450 0.446971
vt 0.162634 0.206724
vt 0.162629 0.208087
vt 0.323227 0.447678
vt 0.162629 0.209454
vt 0.321813 0.447678
vt 0.162398 0.210452
vt 0.162634 0.210457
vt 0.320590 0.446971
vt 0.162387 0.209087
vt 0.319883 0.445747
vt 0.162629 0.210454
vt 0.162398 0.207722
vt 0.319883 0.444334
vt 0.162624 0.209454
vt 0.320590 0.443111
vt 0.162624 0.208089
vt 0.321813 0.442404
vt 0.162629 0.206724
vt 0.162333 0.202994
vt 0.323227 0.442404
vt 0.324450 0.443111
vt 0.162303 0.203993
vt 0.162292 0.205358
vt 0.325157 0.444334
vt 0.162303 0.206723
vt 0.325157 0.445747
vt 0.324363 0.446884
vt 0.323195 0.447559
vt 0.321845 0.447559
vt 0.320677 0.446884
vt 0.320002 0.445716
vt 0.320002 0.444366
vt 0.320677 0.443198
vt 0.321845 0.442523
vt 0.323195 0.442523
vt 0.324363 0.443198
vt 0.325038 0.444366
vt 0.325038 0.445716
vt 0.322520 0.445041
vt 0.962817 0.018214
vt 0.963474 0.018219
vt 0.963955 0.018233
vt 0.321071 0.421142
vt 0.321727 0.421145
vt 0.322384 0.421145
vt 0.322865 0.421142
vt 0.946911 0.055185
vt 0.947567 0.055182
vt 0.948224 0.055168
vt 0.317822 0.434893
vt 0.318304 0.434889
vt 0.318962 0.434887
vt 0.961680 0.018233
vt 0.319617 0.434888
vt 0.962161 0.018219
vt 0.962818 0.009228
vt 0.320608 0.412148
vt 0.963474 0.009233
vt 0.963955 0.009247
vt 0.321089 0.412153
vt 0.321745 0.412155
vt 0.322402 0.412155
vt 0.946312 0.046192
vt 0.946792 0.046200
vt 0.322883 0.412153
vt 0.947449 0.046197
vt 0.317817 0.425903
vt 0.948105 0.046183
vt 0.318299 0.425900
vt 0.318957 0.425898
vt 0.319612 0.425899
vt 0.961680 0.009247
vt 0.962161 0.009233
vt 0.962317 0.006403
vt 0.962934 0.006184
vt 0.320615 0.409094
vt 0.321095 0.408934
vt 0.963385 0.006034
vt 0.321752 0.408876
vt 0.946839 0.042972
vt 0.322408 0.408937
vt 0.947293 0.043144
vt 0.947913 0.043366
vt 0.317817 0.423299
vt 0.948532 0.043577
vt 0.948986 0.043721
vt 0.318300 0.423460
vt 0.318957 0.423518
vt 0.961248 0.006812
vt 0.319613 0.423459
vt 0.961700 0.006633
vt 0.960880 0.003920
vt 0.961383 0.003504
vt 0.321103 0.406096
vt 0.157341 0.448274
vt 0.961751 0.003209
vt 0.157997 0.448409
vt 0.321759 0.405985
vt 0.948436 0.040126
vt 0.158654 0.448274
vt 0.322416 0.406099
vt 0.948808 0.040444
vt 0.949317 0.040864
vt 0.949825 0.041274
vt 0.950197 0.041564
vt 0.159136 0.458169
vt 0.318304 0.421309
vt 0.159793 0.458034
vt 0.318961 0.421421
vt 0.960009 0.004671
vt 0.319617 0.421309
vt 0.160449 0.458169
vt 0.960377 0.004347
vt 0.958680 0.002079
vt 0.959008 0.001515
vt 0.157341 0.445772
vt 0.959248 0.001114
vt 0.157997 0.445860
vt 0.950911 0.037997
vt 0.158654 0.445772
vt 0.951157 0.038424
vt 0.951493 0.038993
vt 0.951828 0.039552
vt 0.952074 0.039951
vt 0.159136 0.456272
vt 0.159793 0.456184
vt 0.958111 0.003082
vt 0.160449 0.456272
vt 0.958351 0.002652
vt 0.956476 0.001100
vt 0.156860 0.443180
vt 0.956656 0.000459
vt 0.956788 0.000000
vt 0.157341 0.443311
vt 0.157997 0.443360
vt 0.953356 0.036851
vt 0.158654 0.443311
vt 0.953494 0.037337
vt 0.953683 0.037986
vt 0.158656 0.454457
vt 0.953871 0.038624
vt 0.954009 0.039082
vt 0.159136 0.454325
vt 0.159793 0.454277
vt 0.956165 0.002239
vt 0.160449 0.454325
vt 0.956297 0.001751
vt 0.953776 0.001102
vt 0.953596 0.000461
vt 0.156860 0.440119
vt 0.157341 0.439988
vt 0.953464 0.000003
vt 0.157997 0.439940
vt 0.956680 0.036810
vt 0.158654 0.439988
vt 0.956554 0.037299
vt 0.956383 0.037953
vt 0.158656 0.452116
vt 0.956212 0.038596
vt 0.159136 0.452248
vt 0.956086 0.039057
vt 0.159793 0.452296
vt 0.954087 0.002241
vt 0.160449 0.452248
vt 0.953956 0.001754
vt 0.951574 0.002086
vt 0.951246 0.001523
vt 0.951006 0.001121
vt 0.157341 0.437529
vt 0.157997 0.437441
vt 0.158654 0.437529
vt 0.959153 0.037896
vt 0.958918 0.038330
vt 0.958598 0.038907
vt 0.958277 0.039475
vt 0.159136 0.450303
vt 0.958042 0.039880
vt 0.159793 0.450391
vt 0.160449 0.450303
vt 0.952143 0.003090
vt 0.951902 0.002659
vt 0.949377 0.003932
vt 0.948874 0.003515
vt 0.157341 0.435030
vt 0.323371 0.421194
vt 0.948506 0.003221
vt 0.324027 0.421309
vt 0.157997 0.434895
vt 0.324684 0.421195
vt 0.158654 0.435030
vt 0.961680 0.039963
vt 0.961316 0.040290
vt 0.960818 0.040724
vt 0.960321 0.041147
vt 0.157341 0.434895
vt 0.959957 0.041447
vt 0.159136 0.448409
vt 0.157998 0.434781
vt 0.159793 0.448544
vt 0.158654 0.434895
vt 0.950248 0.004682
vt 0.160449 0.448409
vt 0.949880 0.004359
vt 0.947945 0.006417
vt 0.947328 0.006198
vt 0.322885 0.418210
vt 0.946876 0.006048
vt 0.323364 0.418377
vt 0.324019 0.418439
vt 0.963347 0.042768
vt 0.324677 0.418377
vt 0.962897 0.042953
vt 0.962284 0.043190
vt 0.156859 0.432927
vt 0.961670 0.043418
vt 0.961220 0.043574
vt 0.157340 0.432759
vt 0.157997 0.432698
vt 0.949013 0.006825
vt 0.158653 0.432760
vt 0.948562 0.006647
vt 0.947449 0.009243
vt 0.946792 0.009248
vt 0.322883 0.415162
vt 0.946312 0.009262
vt 0.323361 0.415166
vt 0.324017 0.415167
vt 0.963953 0.045975
vt 0.324674 0.415166
vt 0.963473 0.045995
vt 0.325157 0.415162
vt 0.962817 0.046009
vt 0.156859 0.430328
vt 0.962160 0.046013
vt 0.157340 0.430325
vt 0.157997 0.430324
vt 0.948586 0.009262
vt 0.158653 0.430325
vt 0.948105 0.009248
vt 0.947449 0.018416
vt 0.946792 0.018421
vt 0.323361 0.405989
vt 0.946312 0.018435
vt 0.324017 0.405990
vt 0.324674 0.405989
vt 0.963594 0.055168
vt 0.325157 0.405985
vt 0.962937 0.055181
vt 0.156860 0.421151
vt 0.962281 0.055185
vt 0.157341 0.421148
vt 0.157998 0.421147
vt 0.948586 0.018435
vt 0.158654 0.421148
vt 0.948105 0.018421
vt 0.948105 0.011786
vt 0.947449 0.011781
vt 0.948586 0.011800
vt 0.158653 0.427786
vt 0.157997 0.427784
vt 0.157340 0.427786
vt 0.156859 0.427789
vt 0.962193 0.048551
vt 0.962850 0.048547
vt 0.325157 0.412623
vt 0.963506 0.048533
vt 0.324674 0.412627
vt 0.324017 0.412628
vt 0.323361 0.412626
vt 0.946312 0.011800
vt 0.946792 0.011786
vt 0.962161 0.011479
vt 0.962818 0.011474
vt 0.319614 0.428146
vt 0.961680 0.011494
vt 0.318958 0.428145
vt 0.318301 0.428147
vt 0.317818 0.428150
vt 0.948135 0.048429
vt 0.947479 0.048443
vt 0.322878 0.414400
vt 0.946822 0.048446
vt 0.322397 0.414403
vt 0.321741 0.414403
vt 0.963955 0.011494
vt 0.321084 0.414400
vt 0.963474 0.011479
vt 0.960966 0.433695
vt 0.961623 0.433701
vt 0.158638 0.421144
vt 0.962104 0.433715
vt 0.159294 0.421147
vt 0.159951 0.421147
vt 0.160432 0.421144
vt 0.946911 0.036810
vt 0.947567 0.036807
vt 0.317822 0.448477
vt 0.948224 0.036793
vt 0.318304 0.448473
vt 0.318961 0.448471
vt 0.319617 0.448472
vt 0.959829 0.433715
vt 0.960310 0.433701
vt 0.960967 0.424710
vt 0.158175 0.412150
vt 0.961623 0.424715
vt 0.962104 0.424729
vt 0.158655 0.412155
vt 0.159311 0.412157
vt 0.946312 0.027817
vt 0.159968 0.412157
vt 0.160449 0.412155
vt 0.946792 0.027825
vt 0.947449 0.027822
vt 0.317817 0.439487
vt 0.948105 0.027808
vt 0.318299 0.439484
vt 0.318957 0.439482
vt 0.319612 0.439483
vt 0.959829 0.424729
vt 0.960310 0.424715
vt 0.960466 0.421885
vt 0.961083 0.421666
vt 0.158181 0.409096
vt 0.961534 0.421516
vt 0.158662 0.408936
vt 0.159318 0.408878
vt 0.946839 0.024597
vt 0.159975 0.408939
vt 0.947293 0.024769
vt 0.947913 0.024991
vt 0.948532 0.025202
vt 0.317817 0.436883
vt 0.948986 0.025346
vt 0.318300 0.437044
vt 0.318957 0.437102
vt 0.319613 0.437043
vt 0.959397 0.422293
vt 0.959849 0.422115
vt 0.959029 0.419402
vt 0.959531 0.418986
vt 0.159135 0.448274
vt 0.959900 0.418691
vt 0.158669 0.406098
vt 0.159791 0.448409
vt 0.159326 0.405987
vt 0.948436 0.021751
vt 0.159982 0.406101
vt 0.160448 0.448274
vt 0.948808 0.022069
vt 0.949317 0.022489
vt 0.949825 0.022899
vt 0.318304 0.434893
vt 0.950197 0.023189
vt 0.157343 0.458169
vt 0.318961 0.435005
vt 0.157999 0.458034
vt 0.319617 0.434893
vt 0.958157 0.420152
vt 0.158656 0.458169
vt 0.958526 0.419829
vt 0.956829 0.417560
vt 0.957157 0.416997
vt 0.159135 0.445772
vt 0.957397 0.416596
vt 0.159791 0.445860
vt 0.950911 0.019622
vt 0.160448 0.445772
vt 0.951157 0.020049
vt 0.951493 0.020619
vt 0.951828 0.021177
vt 0.952074 0.021576
vt 0.157343 0.456272
vt 0.157999 0.456184
vt 0.158656 0.456272
vt 0.956260 0.418564
vt 0.956500 0.418134
vt 0.954625 0.416582
vt 0.954805 0.415941
vt 0.158654 0.443180
vt 0.159135 0.443311
vt 0.954937 0.415482
vt 0.159791 0.443360
vt 0.953356 0.018476
vt 0.160448 0.443311
vt 0.953494 0.018962
vt 0.953683 0.019611
vt 0.953871 0.020250
vt 0.156862 0.454457
vt 0.157343 0.454325
vt 0.954009 0.020707
vt 0.157999 0.454277
vt 0.954314 0.417721
vt 0.158656 0.454325
vt 0.954445 0.417233
vt 0.951925 0.416584
vt 0.951745 0.415943
vt 0.158654 0.440119
vt 0.951613 0.415484
vt 0.159135 0.439988
vt 0.159791 0.439940
vt 0.160448 0.439988
vt 0.956680 0.018435
vt 0.956554 0.018924
vt 0.956383 0.019578
vt 0.956212 0.020221
vt 0.156862 0.452116
vt 0.956086 0.020682
vt 0.157343 0.452248
vt 0.157999 0.452296
vt 0.158656 0.452248
vt 0.952236 0.417723
vt 0.952104 0.417236
vt 0.949723 0.417568
vt 0.949395 0.417005
vt 0.159135 0.437529
vt 0.949155 0.416603
vt 0.159791 0.437441
vt 0.959153 0.019521
vt 0.160448 0.437529
vt 0.958918 0.019955
vt 0.958597 0.020532
vt 0.958277 0.021100
vt 0.958042 0.021505
vt 0.157343 0.450303
vt 0.157999 0.450391
vt 0.950292 0.418572
vt 0.158656 0.450303
vt 0.950051 0.418141
vt 0.947526 0.419414
vt 0.947023 0.418997
vt 0.159135 0.435030
vt 0.318305 0.421195
vt 0.946655 0.418702
vt 0.318961 0.421309
vt 0.159791 0.434895
vt 0.319618 0.421195
vt 0.961679 0.021588
vt 0.160448 0.435030
vt 0.961316 0.021916
vt 0.960818 0.022349
vt 0.960321 0.022772
vt 0.157343 0.448409
vt 0.959957 0.023072
vt 0.159136 0.434895
vt 0.157999 0.448544
vt 0.159793 0.434781
vt 0.160449 0.434895
vt 0.948397 0.420164
vt 0.158656 0.448409
vt 0.948029 0.419841
vt 0.946094 0.421899
vt 0.945477 0.421680
vt 0.317819 0.418210
vt 0.318298 0.418377
vt 0.945025 0.421530
vt 0.318954 0.418439
vt 0.319611 0.418377
vt 0.963347 0.024393
vt 0.962897 0.024578
vt 0.962284 0.024816
vt 0.961670 0.025043
vt 0.158654 0.432927
vt 0.159135 0.432759
vt 0.961220 0.025199
vt 0.159792 0.432698
vt 0.160448 0.432760
vt 0.947162 0.422307
vt 0.946711 0.422129
vt 0.945598 0.424724
vt 0.944941 0.424730
vt 0.317817 0.415162
vt 0.944461 0.424744
vt 0.318295 0.415166
vt 0.318951 0.415167
vt 0.319608 0.415166
vt 0.963953 0.027600
vt 0.320091 0.415162
vt 0.963473 0.027620
vt 0.962816 0.027634
vt 0.158654 0.430328
vt 0.962160 0.027638
vt 0.159135 0.430325
vt 0.159792 0.430324
vt 0.946735 0.424744
vt 0.160448 0.430325
vt 0.946254 0.424730
vt 0.945598 0.433898
vt 0.944941 0.433903
vt 0.318295 0.405989
vt 0.944461 0.433917
vt 0.318951 0.405990
vt 0.319608 0.405989
vt 0.963594 0.036793
vt 0.320091 0.405985
vt 0.962937 0.036807
vt 0.158655 0.421151
vt 0.962281 0.036810
vt 0.159136 0.421148
vt 0.159793 0.421147
vt 0.160449 0.421148
vt 0.946735 0.433917
vt 0.946254 0.433903
vt 0.946254 0.427268
vt 0.945598 0.427263
vt 0.160448 0.427786
vt 0.946735 0.427282
vt 0.159792 0.427784
vt 0.159135 0.427786
vt 0.962193 0.030176
vt 0.158654 0.427789
vt 0.962850 0.030172
vt 0.320091 0.412623
vt 0.963506 0.030158
vt 0.319608 0.412627
vt 0.318951 0.412628
vt 0.318295 0.412626
vt 0.944461 0.427282
vt 0.944941 0.427268
vt 0.960310 0.426961
vt 0.960966 0.426956
vt 0.959829 0.426976
vt 0.319614 0.441730
vt 0.318958 0.441729
vt 0.318301 0.441731
vt 0.948135 0.030054
vt 0.317818 0.441734
vt 0.947479 0.030068
vt 0.160445 0.414402
vt 0.946822 0.030071
vt 0.159964 0.414405
vt 0.159307 0.414405
vt 0.158651 0.414402
vt 0.962104 0.426976
vt 0.961623 0.426961
usemtl libero_visual
f 36/36 14/14 38/38
f 38/38 90/90 36/36
f 104/104 21/21 6/6
f 6/6 108/108 104/104
f 29/29 4/4 37/37
f 37/37 83/83 29/29
f 30/30 20/20 44/44
f 44/44 84/84 30/30
f 31/31 19/19 43/43
f 43/43 85/85 31/31
f 32/32 18/18 42/42
f 42/42 86/86 32/32
f 33/33 17/17 41/41
f 41/41 87/87 33/33
f 34/34 16/16 40/40
f 40/40 88/88 34/34
f 35/35 15/15 39/39
f 39/39 89/89 35/35
f 106/106 5/5 27/27
f 27/27 92/92 106/106
f 92/92 27/27 26/26
f 26/26 94/94 92/92
f 94/94 26/26 25/25
f 25/25 96/96 94/94
f 96/96 25/25 24/24
f 24/24 98/98 96/96
f 98/98 24/24 23/23
f 23/23 100/100 98/98
f 100/100 23/23 22/22
f 22/22 102/102 100/100
f 102/102 22/22 21/21
f 21/21 104/104 102/102
f 21/21 36/36 90/90
f 21/21 90/90 28/28
f 21/21 28/28 6/6
f 5/5 29/29 83/83
f 5/5 83/83 30/30
f 5/5 30/30 27/27
f 27/27 30/30 84/84
f 27/27 84/84 31/31
f 27/27 31/31 26/26
f 26/26 31/31 85/85
f 26/26 85/85 32/32
f 26/26 32/32 25/25
f 25/25 32/32 86/86
f 25/25 86/86 33/33
f 25/25 33/33 24/24
f 24/24 33/33 87/87
f 24/24 87/87 34/34
f 24/24 34/34 23/23
f 23/23 34/34 88/88
f 23/23 88/88 35/35
f 23/23 35/35 22/22
f 22/22 35/35 89/89
f 22/22 89/89 36/36
f 22/22 36/36 21/21
f 5/5 47/47 48/48
f 48/48 29/29 5/5
f 29/29 48/48 46/46
f 46/46 4/4 29/29
f 106/106 110/110 47/47
f 47/47 5/5 106/106
f 28/28 52/52 51/51
f 51/51 6/6 28/28
f 54/54 63/63 49/49
f 49/49 1/1 54/54
f 3/3 50/50 52/52
f 52/52 28/28 3/3
f 7/7 61/61 54/54
f 54/54 1/1 7/7
f 2/2 53/53 55/55
f 55/55 13/13 2/2
f 13/13 55/55 56/56
f 56/56 12/12 13/13
f 12/12 56/56 57/57
f 57/57 11/11 12/12
f 11/11 57/57 58/58
f 58/58 10/10 11/11
f 10/10 58/58 59/59
f 59/59 9/9 10/10
f 9/9 59/59 60/60
f 60/60 8/8 9/9
f 8/8 60/60 61/61
f 61/61 7/7 8/8
f 2/2 45/45 62/62
f 62/62 53/53 2/2
f 107/107 111/111 63/63
f 63/63 54/54 107/107
f 46/46 81/81 65/65
f 65/65 4/4 46/46
f 41/41 77/77 68/68
f 68/68 16/16 41/41
f 15/15 67/67 75/75
f 75/75 39/39 15/15
f 39/39 75/75 66/66
f 66/66 14/14 39/39
f 37/37 73/73 72/72
f 72/72 20/20 37/37
f 20/20 72/72 80/80
f 80/80 44/44 20/20
f 44/44 80/80 71/71
f 71/71 19/19 44/44
f 18/18 70/70 78/78
f 78/78 42/42 18/18
f 42/42 78/78 69/69
f 69/69 17/17 42/42
f 16/16 68/68 76/76
f 76/76 40/40 16/16
f 40/40 76/76 67/67
f 67/67 15/15 40/40
f 14/14 66/66 74/74
f 74/74 38/38 14/14
f 3/3 64/64 82/82
f 82/82 50/50 3/3
f 38/38 74/74 64/64
f 64/64 3/3 38/38
f 4/4 65/65 73/73
f 73/73 37/37 4/4
f 19/19 71/71 79/79
f 79/79 43/43 19/19
f 43/43 79/79 70/70
f 70/70 18/18 43/43
f 17/17 69/69 77/77
f 77/77 41/41 17/17
f 83/83 37/37 20/20
f 20/20 30/30 83/83
f 84/84 44/44 19/19
f 19/19 31/31 84/84
f 85/85 43/43 18/18
f 18/18 32/32 85/85
f 86/86 42/42 17/17
f 17/17 33/33 86/86
f 87/87 41/41 16/16
f 16/16 34/34 87/87
f 88/88 40/40 15/15
f 15/15 35/35 88/88
f 89/89 39/39 14/14
f 14/14 36/36 89/89
f 90/90 38/38 3/3
f 3/3 28/28 90/90
f 61/61 103/103 107/107
f 107/107 54/54 61/61
f 103/103 104/104 108/108
f 108/108 107/107 103/103
f 53/53 105/105 91/91
f 91/91 55/55 53/53
f 105/105 106/106 92/92
f 92/92 91/91 105/105
f 55/55 91/91 93/93
f 93/93 56/56 55/55
f 91/91 92/92 94/94
f 94/94 93/93 91/91
f 56/56 93/93 95/95
f 95/95 57/57 56/56
f 93/93 94/94 96/96
f 96/96 95/95 93/93
f 57/57 95/95 97/97
f 97/97 58/58 57/57
f 95/95 96/96 98/98
f 98/98 97/97 95/95
f 58/58 97/97 99/99
f 99/99 59/59 58/58
f 97/97 98/98 100/100
f 100/100 99/99 97/97
f 59/59 99/99 101/101
f 101/101 60/60 59/59
f 99/99 100/100 102/102
f 102/102 101/101 99/99
f 60/60 101/101 103/103
f 103/103 61/61 60/60
f 101/101 102/102 104/104
f 104/104 103/103 101/101
f 53/53 62/62 109/109
f 109/109 105/105 53/53
f 105/105 109/109 110/110
f 110/110 106/106 105/105
f 6/6 51/51 112/112
f 112/112 108/108 6/6
f 108/108 112/112 111/111
f 111/111 107/107 108/108
f 148/148 126/126 150/150
f 150/150 202/202 148/148
f 216/216 133/133 118/118
f 118/118 220/220 216/216
f 141/141 116/116 149/149
f 149/149 195/195 141/141
f 142/142 132/132 156/156
f 156/156 196/196 142/142
f 143/143 131/131 155/155
f 155/155 197/197 143/143
f 144/144 130/130 154/154
f 154/154 198/198 144/144
f 145/145 129/129 153/153
f 153/153 199/199 145/145
f 146/146 128/128 152/152
f 152/152 200/200 146/146
f 147/147 127/127 151/151
f 151/151 201/201 147/147
f 218/218 117/117 139/139
f 139/139 204/204 218/218
f 204/204 139/139 138/138
f 138/138 206/206 204/204
f 206/206 138/138 137/137
f 137/137 208/208 206/206
f 208/208 137/137 136/136
f 136/136 210/210 208/208
f 210/210 136/136 135/135
f 135/135 212/212 210/210
f 212/212 135/135 134/134
f 134/134 214/214 212/212
f 214/214 134/134 133/133
f 133/133 216/216 214/214
f 133/133 148/148 202/202
f 133/133 202/202 140/140
f 133/133 140/140 118/118
f 117/117 141/141 195/195
f 117/117 195/195 142/142
f 117/117 142/142 139/139
f 139/139 142/142 196/196
f 139/139 196/196 143/143
f 139/139 143/143 138/138
f 138/138 143/143 197/197
f 138/138 197/197 144/144
f 138/138 144/144 137/137
f 137/137 144/144 198/198
f 137/137 198/198 145/145
f 137/137 145/145 136/136
f 136/136 145/145 199/199
f 136/136 199/199 146/146
f 136/136 146/146 135/135
f 135/135 146/146 200/200
f 135/135 200/200 147/147
f 135/135 147/147 134/134
f 134/134 147/147 201/201
f 134/134 201/201 148/148
f 134/134 148/148 133/133
f 117/117 159/159 160/160
f 160/160 141/141 117/117
f 141/141 160/160 158/158
f 158/158 116/116 141/141
f 218/218 222/222 159/159
f 159/159 117/117 218/218
f 140/140 164/164 163/163
f 163/163 118/118 140/140
f 166/166 175/175 161/161
f 161/161 113/113 166/166
f 115/115 162/162 164/164
f 164/164 140/140 115/115
f 119/119 173/173 166/166
f 166/166 113/113 119/119
f 114/114 165/165 167/167
f 167/167 125/125 114/114
f 125/125 167/167 168/168
f 168/168 124/124 125/125
f 124/124 168/168 169/169
f 169/169 123/123 124/124
f 123/123 169/169 170/170
f 170/170 122/122 123/123
f 122/122 170/170 171/171
f 171/171 121/121 122/122
f 121/121 171/171 172/172
f 172/172 120/120 121/121
f 120/120 172/172 173/173
f 173/173 119/119 120/120
f 114/114 157/157 174/174
f 174/174 165/165 114/114
f 219/219 223/223 175/175
f 175/175 166/166 219/219
f 158/158 193/193 177/177
f 177/177 116/116 158/158
f 153/153 189/189 180/180
f 180/180 128/128 153/153
f 127/127 179/179 187/187
f 187/187 151/151 127/127
f 151/151 187/187 178/178
f 178/178 126/126 151/151
f 149/149 185/185 184/184
f 184/184 132/132 149/149
f 132/132 184/184 192/192
f 192/192 156/156 132/132
f 156/156 192/192 183/183
f 183/183 131/131 156/156
f 130/130 182/182 190/190
f 190/190 154/154 130/130
f 154/154 190/190 181/181
f 181/181 129/129 154/154
f 128/128 180/180 188/188
f 188/188 152/152 128/128
f 152/152 188/188 179/179
f 179/179 127/127 152/152
f 126/126 178/178 186/186
f 186/186 150/150 126/126
f 115/115 176/176 194/194
f 194/194 162/162 115/115
f 150/150 186/186 176/176
f 176/176 115/115 150/150
f 116/116 177/177 185/185
f 185/185 149/149 116/116
f 131/131 183/183 191/191
f 191/191 155/155 131/131
f 155/155 191/191 182/182
f 182/182 130/130 155/155
f 129/129 181/181 189/189
f 189/189 153/153 129/129
f 195/195 149/149 132/132
f 132/132 142/142 195/195
f 196/196 156/156 131/131
f 131/131 143/143 196/196
f 197/197 155/155 130/130
f 130/130 144/144 197/197
f 198/198 154/154 129/129
f 129/129 145/145 198/198
f 199/199 153/153 128/128
f 128/128 146/146 199/199
f 200/200 152/152 127/127
f 127/127 147/147 200/200
f 201/201 151/151 126/126
f 126/126 148/148 201/201
f 202/202 150/150 115/115
f 115/115 140/140 202/202
f 173/173 215/215 219/219
f 219/219 166/166 173/173
f 215/215 216/216 220/220
f 220/220 219/219 215/215
f 165/165 217/217 203/203
f 203/203 167/167 165/165
f 217/217 218/218 204/204
f 204/204 203/203 217/217
f 167/167 203/203 205/205
f 205/205 168/168 167/167
f 203/203 204/204 206/206
f 206/206 205/205 203/203
f 168/168 205/205 207/207
f 207/207 169/169 168/168
f 205/205 206/206 208/208
f 208/208 207/207 205/205
f 169/169 207/207 209/209
f 209/209 170/170 169/169
f 207/207 208/208 210/210
f 210/210 209/209 207/207
f 170/170 209/209 211/211
f 211/211 171/171 170/170
f 209/209 210/210 212/212
f 212/212 211/211 209/209
f 171/171 211/211 213/213
f 213/213 172/172 171/171
f 211/211 212/212 214/214
f 214/214 213/213 211/211
f 172/172 213/213 215/215
f 215/215 173/173 172/172
f 213/213 214/214 216/216
f 216/216 215/215 213/213
f 165/165 174/174 221/221
f 221/221 217/217 165/165
f 217/217 221/221 222/222
f 222/222 218/218 217/217
f 118/118 163/163 224/224
f 224/224 220/220 118/118
f 220/220 224/224 223/223
f 223/223 219/219 220/220
f 260/260 314/314 262/262
f 262/262 238/238 260/260
f 328/328 332/332 230/230
f 230/230 245/245 328/328
f 253/253 307/307 261/261
f 261/261 228/228 253/253
f 254/254 308/308 268/268
f 268/268 244/244 254/254
f 255/255 309/309 267/267
f 267/267 243/243 255/255
f 256/256 310/310 266/266
f 266/266 242/242 256/256
f 257/257 311/311 265/265
f 265/265 241/241 257/257
f 258/258 312/312 264/264
f 264/264 240/240 258/258
f 259/259 313/313 263/263
f 263/263 239/239 259/259
f 330/330 316/316 251/251
f 251/251 229/229 330/330
f 316/316 318/318 250/250
f 250/250 251/251 316/316
f 318/318 320/320 249/249
f 249/249 250/250 318/318
f 320/320 322/322 248/248
f 248/248 249/249 320/320
f 322/322 324/324 247/247
f 247/247 248/248 322/322
f 324/324 326/326 246/246
f 246/246 247/247 324/324
f 326/326 328/328 245/245
f 245/245 246/246 326/326
f 245/245 230/230 252/252
f 245/245 252/252 314/314
f 245/245 314/314 260/260
f 229/229 251/251 254/254
f 229/229 254/254 307/307
f 229/229 307/307 253/253
f 251/251 250/250 255/255
f 251/251 255/255 308/308
f 251/251 308/308 254/254
f 250/250 249/249 256/256
f 250/250 256/256 309/309
f 250/250 309/309 255/255
f 249/249 248/248 257/257
f 249/249 257/257 310/310
f 249/249 310/310 256/256
f 248/248 247/247 258/258
f 248/248 258/258 311/311
f 248/248 311/311 257/257
f 247/247 246/246 259/259
f 247/247 259/259 312/312
f 247/247 312/312 258/258
f 246/246 245/245 260/260
f 246/246 260/260 313/313
f 246/246 313/313 259/259
f 229/229 253/253 272/272
f 272/272 271/271 229/229
f 253/253 228/228 270/270
f 270/270 272/272 253/253
f 330/330 229/229 271/271
f 271/271 334/334 330/330
f 252/252 230/230 275/275
f 275/275 276/276 252/252
f 278/278 225/225 273/273
f 273/273 287/287 278/278
f 227/227 252/252 276/276
f 276/276 274/274 227/227
f 231/231 225/225 278/278
f 278/278 285/285 231/231
f 226/226 237/237 279/279
f 279/279 277/277 226/226
f 237/237 236/236 280/280
f 280/280 279/279 237/237
f 236/236 235/235 281/281
f 281/281 280/280 236/236
f 235/235 234/234 282/282
f 282/282 281/281 235/235
f 234/234 233/233 283/283
f 283/283 282/282 234/234
f 233/233 232/232 284/284
f 284/284 283/283 233/233
f 232/232 231/231 285/285
f 285/285 284/284 232/232
f 226/226 277/277 286/286
f 286/286 269/269 226/226
f 331/331 278/278 287/287
f 287/287 335/335 331/331
f 270/270 228/228 289/289
f 289/289 305/305 270/270
f 265/265 240/240 292/292
f 292/292 301/301 265/265
f 239/239 263/263 299/299
f 299/299 291/291 239/239
f 263/263 238/238 290/290
f 290/290 299/299 263/263
f 261/261 244/244 296/296
f 296/296 297/297 261/261
f 244/244 268/268 304/304
f 304/304 296/296 244/244
f 268/268 243/243 295/295
f 295/295 304/304 268/268
f 242/242 266/266 302/302
f 302/302 294/294 242/242
f 266/266 241/241 293/293
f 293/293 302/302 266/266
f 240/240 264/264 300/300
f 300/300 292/292 240/240
f 264/264 239/239 291/291
f 291/291 300/300 264/264
f 238/238 262/262 298/298
f 298/298 290/290 238/238
f 227/227 274/274 306/306
f 306/306 288/288 227/227
f 262/262 227/227 288/288
f 288/288 298/298 262/262
f 228/228 261/261 297/297
f 297/297 289/289 228/228
f 243/243 267/267 303/303
f 303/303 295/295 243/243
f 267/267 242/242 294/294
f 294/294 303/303 267/267
f 241/241 265/265 301/301
f 301/301 293/293 241/241
f 307/307 254/254 244/244
f 244/244 261/261 307/307
f 308/308 255/255 243/243
f 243/243 268/268 308/308
f 309/309 256/256 242/242
f 242/242 267/267 309/309
f 310/310 257/257 241/241
f 241/241 266/266 310/310
f 311/311 258/258 240/240
f 240/240 265/265 311/311
f 312/312 259/259 239/239
f 239/239 264/264 312/312
f 313/313 260/260 238/238
f 238/238 263/263 313/313
f 314/314 252/252 227/227
f 227/227 262/262 314/314
f 285/285 278/278 331/331
f 331/331 327/327 285/285
f 327/327 331/331 332/332
f 332/332 328/328 327/327
f 277/277 279/279 315/315
f 315/315 329/329 277/277
f 329/329 315/315 316/316
f 316/316 330/330 329/329
f 279/279 280/280 317/317
f 317/317 315/315 279/279
f 315/315 317/317 318/318
f 318/318 316/316 315/315
f 280/280 281/281 319/319
f 319/319 317/317 280/280
f 317/317 319/319 320/320
f 320/320 318/318 317/317
f 281/281 282/282 321/321
f 321/321 319/319 281/281
f 319/319 321/321 322/322
f 322/322 320/320 319/319
f 282/282 283/283 323/323
f 323/323 321/321 282/282
f 321/321 323/323 324/324
f 324/324 322/322 321/321
f 283/283 284/284 325/325
f 325/325 323/323 283/283
f 323/323 325/325 326/326
f 326/326 324/324 323/323
f 284/284 285/285 327/327
f 327/327 325/325 284/284
f 325/325 327/327 328/328
f 328/328 326/326 325/325
f 277/277 329/329 333/333
f 333/333 286/286 277/277
f 329/329 330/330 334/334
f 334/334 333/333 329/329
f 230/230 332/332 336/336
f 336/336 275/275 230/230
f 332/332 331/331 335/335
f 335/335 336/336 332/332
f 372/372 426/426 374/374
f 374/374 350/350 372/372
f 440/440 444/444 342/342
f 342/342 357/357 440/440
f 365/365 419/419 373/373
f 373/373 340/340 365/365
f 366/366 420/420 380/380
f 380/380 356/356 366/366
f 367/367 421/421 379/379
f 379/379 355/355 367/367
f 368/368 422/422 378/378
f 378/378 354/354 368/368
f 369/369 423/423 377/377
f 377/377 353/353 369/369
f 370/370 424/424 376/376
f 376/376 352/352 370/370
f 371/371 425/425 375/375
f 375/375 351/351 371/371
f 442/442 428/428 363/363
f 363/363 341/341 442/442
f 428/428 430/430 362/362
f 362/362 363/363 428/428
f 430/430 432/432 361/361
f 361/361 362/362 430/430
f 432/432 434/434 360/360
f 360/360 361/361 432/432
f 434/434 436/436 359/359
f 359/359 360/360 434/434
f 436/436 438/438 358/358
f 358/358 359/359 436/436
f 438/438 440/440 357/357
f 357/357 358/358 438/438
f 357/357 342/342 364/364
f 357/357 364/364 426/426
f 357/357 426/426 372/372
f 341/341 363/363 366/366
f 341/341 366/366 419/419
f 341/341 419/419 365/365
f 363/363 362/362 367/367
f 363/363 367/367 420/420
f 363/363 420/420 366/366
f 362/362 361/361 368/368
f 362/362 368/368 421/421
f 362/362 421/421 367/367
f 361/361 360/360 369/369
f 361/361 369/369 422/422
f 361/361 422/422 368/368
f 360/360 359/359 370/370
f 360/360 370/370 423/423
f 360/360 423/423 369/369
f 359/359 358/358 371/371
f 359/359 371/371 424/424
f 359/359 424/424 370/370
f 358/358 357/357 372/372
f 358/358 372/372 425/425
f 358/358 425/425 371/371
f 341/341 365/365 384/384
f 384/384 383/383 341/341
f 365/365 340/340 382/382
f 382/382 384/384 365/365
f 442/442 341/341 383/383
f 383/383 446/446 442/442
f 364/364 342/342 387/387
f 387/387 388/388 364/364
f 390/390 337/337 385/385
f 385/385 399/399 390/390
f 339/339 364/364 388/388
f 388/388 386/386 339/339
f 343/343 337/337 390/390
f 390/390 397/397 343/343
f 338/338 349/349 391/391
f 391/391 389/389 338/338
f 349/349 348/348 392/392
f 392/392 391/391 349/349
f 348/348 347/347 393/393
f 393/393 392/392 348/348
f 347/347 346/346 394/394
f 394/394 393/393 347/347
f 346/346 345/345 395/395
f 395/395 394/394 346/346
f 345/345 344/344 396/396
f 396/396 395/395 345/345
f 344/344 343/343 397/397
f 397/397 396/396 344/344
f 338/338 389/389 398/398
f 398/398 381/381 338/338
f 443/443 390/390 399/399
f 399/399 447/447 443/443
f 382/382 340/340 401/401
f 401/401 417/417 382/382
f 377/377 352/352 404/404
f 404/404 413/413 377/377
f 351/351 375/375 411/411
f 411/411 403/403 351/351
f 375/375 350/350 402/402
f 402/402 411/411 375/375
f 373/373 356/356 408/408
f 408/408 409/409 373/373
f 356/356 380/380 416/416
f 416/416 408/408 356/356
f 380/380 355/355 407/407
f 407/407 416/416 380/380
f 354/354 378/378 414/414
f 414/414 406/406 354/354
f 378/378 353/353 405/405
f 405/405 414/414 378/378
f 352/352 376/376 412/412
f 412/412 404/404 352/352
f 376/376 351/351 403/403
f 403/403 412/412 376/376
f 350/350 374/374 410/410
f 410/410 402/402 350/350
f 339/339 386/386 418/418
f 418/418 400/400 339/339
f 374/374 339/339 400/400
f 400/400 410/410 374/374
f 340/340 373/373 409/409
f 409/409 401/401 340/340
f 355/355 379/379 415/415
f 415/415 407/407 355/355
f 379/379 354/354 406/406
f 406/406 415/415 379/379
f 353/353 377/377 413/413
f 413/413 405/405 353/353
f 419/419 366/366 356/356
f 356/356 373/373 419/419
f 420/420 367/367 355/355
f 355/355 380/380 420/420
f 421/421 368/368 354/354
f 354/354 379/379 421/421
f 422/422 369/369 353/353
f 353/353 378/378 422/422
f 423/423 370/370 352/352
f 352/352 377/377 423/423
f 424/424 371/371 351/351
f 351/351 376/376 424/424
f 425/425 372/372 350/350
f 350/350 375/375 425/425
f 426/426 364/364 339/339
f 339/339 374/374 426/426
f 397/397 390/390 443/443
f 443/443 439/439 397/397
f 439/439 443/443 444/444
f 444/444 440/440 439/439
f 389/389 391/391 427/427
f 427/427 441/441 389/389
f 441/441 427/427 428/428
f 428/428 442/442 441/441
f 391/391 392/392 429/429
f 429/429 427/427 391/391
f 427/427 429/429 430/430
f 430/430 428/428 427/427
f 392/392 393/393 431/431
f 431/431 429/429 392/392
f 429/429 431/431 432/432
f 432/432 430/430 429/429
f 393/393 394/394 433/433
f 433/433 431/431 393/393
f 431/431 433/433 434/434
f 434/434 432/432 431/431
f 394/394 395/395 435/435
f 435/435 433/433 394/394
f 433/433 435/435 436/436
f 436/436 434/434 433/433
f 395/395 396/396 437/437
f 437/437 435/435 395/395
f 435/435 437/437 438/438
f 438/438 436/436 435/435
f 396/396 397/397 439/439
f 439/439 437/437 396/396
f 437/437 439/439 440/440
f 440/440 438/438 437/437
f 389/389 441/441 445/445
f 445/445 398/398 389/389
f 441/441 442/442 446/446
f 446/446 445/445 441/441
f 342/342 444/444 448/448
f 448/448 387/387 342/342
f 444/444 443/443 447/447
f 447/447 448/448 444/444
f 484/484 538/538 486/486
f 486/486 462/462 484/484
f 552/552 556/556 454/454
f 454/454 469/469 552/552
f 477/477 531/531 485/485
f 485/485 452/452 477/477
f 478/478 532/532 492/492
f 492/492 468/468 478/478
f 479/479 533/533 491/491
f 491/491 467/467 479/479
f 480/480 534/534 490/490
f 490/490 466/466 480/480
f 481/481 535/535 489/489
f 489/489 465/465 481/481
f 482/482 536/536 488/488
f 488/488 464/464 482/482
f 483/483 537/537 487/487
f 487/487 463/463 483/483
f 554/554 540/540 475/475
f 475/475 453/453 554/554
f 540/540 542/542 474/474
f 474/474 475/475 540/540
f 542/542 544/544 473/473
f 473/473 474/474 542/542
f 544/544 546/546 472/472
f 472/472 473/473 544/544
f 546/546 548/548 471/471
f 471/471 472/472 546/546
f 548/548 550/550 470/470
f 470/470 471/471 548/548
f 550/550 552/552 469/469
f 469/469 470/470 550/550
f 469/469 454/454 476/476
f 469/469 476/476 538/538
f 469/469 538/538 484/484
f 453/453 475/475 478/478
f 453/453 478/478 531/531
f 453/453 531/531 477/477
f 475/475 474/474 479/479
f 475/475 479/479 532/532
f 475/475 532/532 478/478
f 474/474 473/473 480/480
f 474/474 480/480 533/533
f 474/474 533/533 479/479
f 473/473 472/472 481/481
f 473/473 481/481 534/534
f 473/473 534/534 480/480
f 472/472 471/471 482/482
f 472/472 482/482 535/535
f 472/472 535/535 481/481
f 471/471 470/470 483/483
f 471/471 483/483 536/536
f 471/471 536/536 482/482
f 470/470 469/469 484/484
f 470/470 484/484 537/537
f 470/470 537/537 483/483
f 453/453 477/477 496/496
f 496/496 495/495 453/453
f 477/477 452/452 494/494
f 494/494 496/496 477/477
f 554/554 453/453 495/495
f 495/495 558/558 554/554
f 476/476 454/454 499/499
f 499/499 500/500 476/476
f 502/502 449/449 497/497
f 497/497 511/511 502/502
f 451/451 476/476 500/500
f 500/500 498/498 451/451
f 455/455 449/449 502/502
f 502/502 509/509 455/455
f 450/450 461/461 503/503
f 503/503 501/501 450/450
f 461/461 460/460 504/504
f 504/504 503/503 461/461
f 460/460 459/459 505/505
f 505/505 504/504 460/460
f 459/459 458/458 506/506
f 506/506 505/505 459/459
f 458/458 457/457 507/507
f 507/507 506/506 458/458
f 457/457 456/456 508/508
f 508/508 507/507 457/457
f 456/456 455/455 509/509
f 509/509 508/508 456/456
f 450/450 501/501 510/510
f 510/510 493/493 450/450
f 555/555 502/502 511/511
f 511/511 559/559 555/555
f 494/494 452/452 513/513
f 513/513 529/529 494/494
f 489/489 464/464 516/516
f 516/516 525/525 489/489
f 463/463 487/487 523/523
f 523/523 515/515 463/463
f 487/487 462/462 514/514
f 514/514 523/523 487/487
f 485/485 468/468 520/520
f 520/520 521/521 485/485
f 468/468 492/492 528/528
f 528/528 520/520 468/468
f 492/492 467/467 519/519
f 519/519 528/528 492/492
f 466/466 490/490 526/526
f 526/526 518/518 466/466
f 490/490 465/465 517/517
f 517/517 526/526 490/490
f 464/464 488/488 524/524
f 524/524 516/516 464/464
f 488/488 463/463 515/515
f 515/515 524/524 488/488
f 462/462 486/486 522/522
f 522/522 514/514 462/462
f 451/451 498/498 530/530
f 530/530 512/512 451/451
f 486/486 451/451 512/512
f 512/512 522/522 486/486
f 452/452 485/485 521/521
f 521/521 513/513 452/452
f 467/467 491/491 527/527
f 527/527 519/519 467/467
f 491/491 466/466 518/518
f 518/518 527/527 491/491
f 465/465 489/489 525/525
f 525/525 517/517 465/465
f 531/531 478/478 468/468
f 468/468 485/485 531/531
f 532/532 479/479 467/467
f 467/467 492/492 532/532
f 533/533 480/480 466/466
f 466/466 491/491 533/533
f 534/534 481/481 465/465
f 465/465 490/490 534/534
f 535/535 482/482 464/464
f 464/464 489/489 535/535
f 536/536 483/483 463/463
f 463/463 488/488 536/536
f 537/537 484/484 462/462
f 462/462 487/487 537/537
f 538/538 476/476 451/451
f 451/451 486/486 538/538
f 509/509 502/502 555/555
f 555/555 551/551 509/509
f 551/551 555/555 556/556
f 556/556 552/552 551/551
f 501/501 503/503 539/539
f 539/539 553/553 501/501
f 553/553 539/539 540/540
f 540/540 554/554 553/553
f 503/503 504/504 541/541
f 541/541 539/539 503/503
f 539/539 541/541 542/542
f 542/542 540/540 539/539
f 504/504 505/505 543/543
f 543/543 541/541 504/504
f 541/541 543/543 544/544
f 544/544 542/542 541/541
f 505/505 506/506 545/545
f 545/545 543/543 505/505
f 543/543 545/545 546/546
f 546/546 544/544 543/543
f 506/506 507/507 547/547
f 547/547 545/545 506/506
f 545/545 547/547 548/548
f 548/548 546/546 545/545
f 507/507 508/508 549/549
f 549/549 547/547 507/507
f 547/547 549/549 550/550
f 550/550 548/548 547/547
f 508/508 509/509 551/551
f 551/551 549/549 508/508
f 549/549 551/551 552/552
f 552/552 550/550 549/549
f 501/501 553/553 557/557
f 557/557 510/510 501/501
f 553/553 554/554 558/558
f 558/558 557/557 553/553
f 454/454 556/556 560/560
f 560/560 499/499 454/454
f 556/556 555/555 559/559
f 559/559 560/560 556/556
f 596/596 574/574 598/598
f 598/598 650/650 596/596
f 664/664 581/581 566/566
f 566/566 668/668 664/664
f 589/589 564/564 597/597
f 597/597 643/643 589/589
f 590/590 580/580 604/604
f 604/604 644/644 590/590
f 591/591 579/579 603/603
f 603/603 645/645 591/591
f 592/592 578/578 602/602
f 602/602 646/646 592/592
f 593/593 577/577 601/601
f 601/601 647/647 593/593
f 594/594 576/576 600/600
f 600/600 648/648 594/594
f 595/595 575/575 599/599
f 599/599 649/649 595/595
f 666/666 565/565 587/587
f 587/587 652/652 666/666
f 652/652 587/587 586/586
f 586/586 654/654 652/652
f 654/654 586/586 585/585
f 585/585 656/656 654/654
f 656/656 585/585 584/584
f 584/584 658/658 656/656
f 658/658 584/584 583/583
f 583/583 660/660 658/658
f 660/660 583/583 582/582
f 582/582 662/662 660/660
f 662/662 582/582 581/581
f 581/581 664/664 662/662
f 581/581 596/596 650/650
f 581/581 650/650 588/588
f 581/581 588/588 566/566
f 565/565 589/589 643/643
f 565/565 643/643 590/590
f 565/565 590/590 587/587
f 587/587 590/590 644/644
f 587/587 644/644 591/591
f 587/587 591/591 586/586
f 586/586 591/591 645/645
f 586/586 645/645 592/592
f 586/586 592/592 585/585
f 585/585 592/592 646/646
f 585/585 646/646 593/593
f 585/585 593/593 584/584
f 584/584 593/593 647/647
f 584/584 647/647 594/594
f 584/584 594/594 583/583
f 583/583 594/594 648/648
f 583/583 648/648 595/595
f 583/583 595/595 582/582
f 582/582 595/595 649/649
f 582/582 649/649 596/596
f 582/582 596/596 581/581
f 565/565 607/607 608/608
f 608/608 589/589 565/565
f 589/589 608/608 606/606
f 606/606 564/564 589/589
f 666/666 670/670 607/607
f 607/607 565/565 666/666
f 588/588 612/612 611/611
f 611/611 566/566 588/588
f 614/614 623/623 609/609
f 609/609 561/561 614/614
f 563/563 610/610 612/612
f 612/612 588/588 563/563
f 567/567 621/621 614/614
f 614/614 561/561 567/567
f 562/562 613/613 615/615
f 615/615 573/573 562/562
f 573/573 615/615 616/616
f 616/616 572/572 573/573
f 572/572 616/616 617/617
f 617/617 571/571 572/572
f 571/571 617/617 618/618
f 618/618 570/570 571/571
f 570/570 618/618 619/619
f 619/619 569/569 570/570
f 569/569 619/619 620/620
f 620/620 568/568 569/569
f 568/568 620/620 621/621
f 621/621 567/567 568/568
f 562/562 605/605 622/622
f 622/622 613/613 562/562
f 667/667 671/671 623/623
f 623/623 614/614 667/667
f 606/606 641/641 625/625
f 625/625 564/564 606/606
f 601/601 637/637 628/628
f 628/628 576/576 601/601
f 575/575 627/627 635/635
f 635/635 599/599 575/575
f 599/599 635/635 626/626
f 626/626 574/574 599/599
f 597/597 633/633 632/632
f 632/632 580/580 597/597
f 580/580 632/632 640/640
f 640/640 604/604 580/580
f 604/604 640/640 631/631
f 631/631 579/579 604/604
f 578/578 630/630 638/638
f 638/638 602/602 578/578
f 602/602 638/638 629/629
f 629/629 577/577 602/602
f 576/576 628/628 636/636
f 636/636 600/600 576/576
f 600/600 636/636 627/627
f 627/627 575/575 600/600
f 574/574 626/626 634/634
f 634/634 598/598 574/574
f 563/563 624/624 642/642
f 642/642 610/610 563/563
f 598/598 634/634 624/624
f 624/624 563/563 598/598
f 564/564 625/625 633/633
f 633/633 597/597 564/564
f 579/579 631/631 639/639
f 639/639 603/603 579/579
f 603/603 639/639 630/630
f 630/630 578/578 603/603
f 577/577 629/629 637/637
f 637/637 601/601 577/577
f 643/643 597/597 580/580
f 580/580 590/590 643/643
f 644/644 604/604 579/579
f 579/579 591/591 644/644
f 645/645 603/603 578/578
f 578/578 592/592 645/645
f 646/646 602/602 577/577
f 577/577 593/593 646/646
f 647/647 601/601 576/576
f 576/576 594/594 647/647
f 648/648 600/600 575/575
f 575/575 595/595 648/648
f 649/649 599/599 574/574
f 574/574 596/596 649/649
f 650/650 598/598 563/563
f 563/563 588/588 650/650
f 621/621 663/663 667/667
f 667/667 614/614 621/621
f 663/663 664/664 668/668
f 668/668 667/667 663/663
f 613/613 665/665 651/651
f 651/651 615/615 613/613
f 665/665 666/666 652/652
f 652/652 651/651 665/665
f 615/615 651/651 653/653
f 653/653 616/616 615/615
f 651/651 652/652 654/654
f 654/654 653/653 651/651
f 616/616 653/653 655/655
f 655/655 617/617 616/616
f 653/653 654/654 656/656
f 656/656 655/655 653/653
f 617/617 655/655 657/657
f 657/657 618/618 617/617
f 655/655 656/656 658/658
f 658/658 657/657 655/655
f 618/618 657/657 659/659
f 659/659 619/619 618/618
f 657/657 658/658 660/660
f 660/660 659/659 657/657
f 619/619 659/659 661/661
f 661/661 620/620 619/619
f 659/659 660/660 662/662
f 662/662 661/661 659/659
f 620/620 661/661 663/663
f 663/663 621/621 620/620
f 661/661 662/662 664/664
f 664/664 663/663 661/661
f 613/613 622/622 669/669
f 669/669 665/665 613/613
f 665/665 669/669 670/670
f 670/670 666/666 665/665
f 566/566 611/611 672/672
f 672/672 668/668 566/566
f 668/668 672/672 671/671
f 671/671 667/667 668/668
f 708/708 762/762 710/710
f 710/710 686/686 708/708
f 776/776 780/780 678/678
f 678/678 693/693 776/776
f 701/701 755/755 709/709
f 709/709 676/676 701/701
f 702/702 756/756 716/716
f 716/716 692/692 702/702
f 703/703 757/757 715/715
f 715/715 691/691 703/703
f 704/704 758/758 714/714
f 714/714 690/690 704/704
f 705/705 759/759 713/713
f 713/713 689/689 705/705
f 706/706 760/760 712/712
f 712/712 688/688 706/706
f 707/707 761/761 711/711
f 711/711 687/687 707/707
f 778/778 764/764 699/699
f 699/699 677/677 778/778
f 764/764 766/766 698/698
f 698/698 699/699 764/764
f 766/766 768/768 697/697
f 697/697 698/698 766/766
f 768/768 770/770 696/696
f 696/696 697/697 768/768
f 770/770 772/772 695/695
f 695/695 696/696 770/770
f 772/772 774/774 694/694
f 694/694 695/695 772/772
f 774/774 776/776 693/693
f 693/693 694/694 774/774
f 693/693 678/678 700/700
f 693/693 700/700 762/762
f 693/693 762/762 708/708
f 677/677 699/699 702/702
f 677/677 702/702 755/755
f 677/677 755/755 701/701
f 699/699 698/698 703/703
f 699/699 703/703 756/756
f 699/699 756/756 702/702
f 698/698 697/697 704/704
f 698/698 704/704 757/757
f 698/698 757/757 703/703
f 697/697 696/696 705/705
f 697/697 705/705 758/758
f 697/697 758/758 704/704
f 696/696 695/695 706/706
f 696/696 706/706 759/759
f 696/696 759/759 705/705
f 695/695 694/694 707/707
f 695/695 707/707 760/760
f 695/695 760/760 706/706
f 694/694 693/693 708/708
f 694/694 708/708 761/761
f 694/694 761/761 707/707
f 677/677 701/701 720/720
f 720/720 719/719 677/677
f 701/701 676/676 718/718
f 718/718 720/720 701/701
f 778/778 677/677 719/719
f 719/719 782/782 778/778
f 700/700 678/678 723/723
f 723/723 724/724 700/700
f 726/726 673/673 721/721
f 721/721 735/735 726/726
f 675/675 700/700 724/724
f 724/724 722/722 675/675
f 679/679 673/673 726/726
f 726/726 733/733 679/679
f 674/674 685/685 727/727
f 727/727 725/725 674/674
f 685/685 684/684 728/728
f 728/728 727/727 685/685
f 684/684 683/683 729/729
f 729/729 728/728 684/684
f 683/683 682/682 730/730
f 730/730 729/729 683/683
f 682/682 681/681 731/731
f 731/731 730/730 682/682
f 681/681 680/680 732/732
f 732/732 731/731 681/681
f 680/680 679/679 733/733
f 733/733 732/732 680/680
f 674/674 725/725 734/734
f 734/734 717/717 674/674
f 779/779 726/726 735/735
f 735/735 783/783 779/779
f 718/718 676/676 737/737
f 737/737 753/753 718/718
f 713/713 688/688 740/740
f 740/740 749/749 713/713
f 687/687 711/711 747/747
f 747/747 739/739 687/687
f 711/711 686/686 738/738
f 738/738 747/747 711/711
f 709/709 692/692 744/744
f 744/744 745/745 709/709
f 692/692 716/716 752/752
f 752/752 744/744 692/692
f 716/716 691/691 743/743
f 743/743 752/752 716/716
f 690/690 714/714 750/750
f 750/750 742/742 690/690
f 714/714 689/689 741/741
f 741/741 750/750 714/714
f 688/688 712/712 748/748
f 748/748 740/740 688/688
f 712/712 687/687 739/739
f 739/739 748/748 712/712
f 686/686 710/710 746/746
f 746/746 738/738 686/686
f 675/675 722/722 754/754
f 754/754 736/736 675/675
f 710/710 675/675 736/736
f 736/736 746/746 710/710
f 676/676 709/709 745/745
f 745/745 737/737 676/676
f 691/691 715/715 751/751
f 751/751 743/743 691/691
f 715/715 690/690 742/742
f 742/742 751/751 715/715
f 689/689 713/713 749/749
f 749/749 741/741 689/689
f 755/755 702/702 692/692
f 692/692 709/709 755/755
f 756/756 703/703 691/691
f 691/691 716/716 756/756
f 757/757 704/704 690/690
f 690/690 715/715 757/757
f 758/758 705/705 689/689
f 689/689 714/714 758/758
f 759/759 706/706 688/688
f 688/688 713/713 759/759
f 760/760 707/707 687/687
f 687/687 712/712 760/760
f 761/761 708/708 686/686
f 686/686 711/711 761/761
f 762/762 700/700 675/675
f 675/675 710/710 762/762
f 733/733 726/726 779/779
f 779/779 775/775 733/733
f 775/775 779/779 780/780
f 780/780 776/776 775/775
f 725/725 727/727 763/763
f 763/763 777/777 725/725
f 777/777 763/763 764/764
f 764/764 778/778 777/777
f 727/727 728/728 765/765
f 765/765 763/763 727/727
f 763/763 765/765 766/766
f 766/766 764/764 763/763
f 728/728 729/729 767/767
f 767/767 765/765 728/728
f 765/765 767/767 768/768
f 768/768 766/766 765/765
f 729/729 730/730 769/769
f 769/769 767/767 729/729
f 767/767 769/769 770/770
f 770/770 768/768 767/767
f 730/730 731/731 771/771
f 771/771 769/769 730/730
f 769/769 771/771 772/772
f 772/772 770/770 769/769
f 731/731 732/732 773/773
f 773/773 771/771 731/731
f 771/771 773/773 774/774
f 774/774 772/772 771/771
f 732/732 733/733 775/775
f 775/775 773/773 732/732
f 773/773 775/775 776/776
f 776/776 774/774 773/773
f 725/725 777/777 781/781
f 781/781 734/734 725/725
f 777/777 778/778 782/782
f 782/782 781/781 777/777
f 678/678 780/780 784/784
f 784/784 723/723 678/678
f 780/780 779/779 783/783
f 783/783 784/784 780/780
f 820/820 798/798 822/822
f 822/822 874/874 820/820
f 888/888 805/805 790/790
f 790/790 892/892 888/888
f 813/813 788/788 821/821
f 821/821 867/867 813/813
f 814/814 804/804 828/828
f 828/828 868/868 814/814
f 815/815 803/803 827/827
f 827/827 869/869 815/815
f 816/816 802/802 826/826
f 826/826 870/870 816/816
f 817/817 801/801 825/825
f 825/825 871/871 817/817
f 818/818 800/800 824/824
f 824/824 872/872 818/818
f 819/819 799/799 823/823
f 823/823 873/873 819/819
f 890/890 789/789 811/811
f 811/811 876/876 890/890
f 876/876 811/811 810/810
f 810/810 878/878 876/876
f 878/878 810/810 809/809
f 809/809 880/880 878/878
f 880/880 809/809 808/808
f 808/808 882/882 880/880
f 882/882 808/808 807/807
f 807/807 884/884 882/882
f 884/884 807/807 806/806
f 806/806 886/886 884/884
f 886/886 806/806 805/805
f 805/805 888/888 886/886
f 805/805 820/820 874/874
f 805/805 874/874 812/812
f 805/805 812/812 790/790
f 789/789 813/813 867/867
f 789/789 867/867 814/814
f 789/789 814/814 811/811
f 811/811 814/814 868/868
f 811/811 868/868 815/815
f 811/811 815/815 810/810
f 810/810 815/815 869/869
f 810/810 869/869 816/816
f 810/810 816/816 809/809
f 809/809 816/816 870/870
f 809/809 870/870 817/817
f 809/809 817/817 808/808
f 808/808 817/817 871/871
f 808/808 871/871 818/818
f 808/808 818/818 807/807
f 807/807 818/818 872/872
f 807/807 872/872 819/819
f 807/807 819/819 806/806
f 806/806 819/819 873/873
f 806/806 873/873 820/820
f 806/806 820/820 805/805
f 789/789 831/831 832/832
f 832/832 813/813 789/789
f 813/813 832/832 830/830
f 830/830 788/788 813/813
f 890/890 894/894 831/831
f 831/831 789/789 890/890
f 812/812 836/836 835/835
f 835/835 790/790 812/812
f 838/838 847/847 833/833
f 833/833 785/785 838/838
f 787/787 834/834 836/836
f 836/836 812/812 787/787
f 791/791 845/845 838/838
f 838/838 785/785 791/791
f 786/786 837/837 839/839
f 839/839 797/797 786/786
f 797/797 839/839 840/840
f 840/840 796/796 797/797
f 796/796 840/840 841/841
f 841/841 795/795 796/796
f 795/795 841/841 842/842
f 842/842 794/794 795/795
f 794/794 842/842 843/843
f 843/843 793/793 794/794
f 793/793 843/843 844/844
f 844/844 792/792 793/793
f 792/792 844/844 845/845
f 845/845 791/791 792/792
f 786/786 829/829 846/846
f 846/846 837/837 786/786
f 891/891 895/895 847/847
f 847/847 838/838 891/891
f 830/830 865/865 849/849
f 849/849 788/788 830/830
f 825/825 861/861 852/852
f 852/852 800/800 825/825
f 799/799 851/851 859/859
f 859/859 823/823 799/799
f 823/823 859/859 850/850
f 850/850 798/798 823/823
f 821/821 857/857 856/856
f 856/856 804/804 821/821
f 804/804 856/856 864/864
f 864/864 828/828 804/804
f 828/828 864/864 855/855
f 855/855 803/803 828/828
f 802/802 854/854 862/862
f 862/862 826/826 802/802
f 826/826 862/862 853/853
f 853/853 801/801 826/826
f 800/800 852/852 860/860
f 860/860 824/824 800/800
f 824/824 860/860 851/851
f 851/851 799/799 824/824
f 798/798 850/850 858/858
f 858/858 822/822 798/798
f 787/787 848/848 866/866
f 866/866 834/834 787/787
f 822/822 858/858 848/848
f 848/848 787/787 822/822
f 788/788 849/849 857/857
f 857/857 821/821 788/788
f 803/803 855/855 863/863
f 863/863 827/827 803/803
f 827/827 863/863 854/854
f 854/854 802/802 827/827
f 801/801 853/853 861/861
f 861/861 825/825 801/801
f 867/867 821/821 804/804
f 804/804 814/814 867/867
f 868/868 828/828 803/803
f 803/803 815/815 868/868
f 869/869 827/827 802/802
f 802/802 816/816 869/869
f 870/870 826/826 801/801
f 801/801 817/817 870/870
f 871/871 825/825 800/800
f 800/800 818/818 871/871
f 872/872 824/824 799/799
f 799/799 819/819 872/872
f 873/873 823/823 798/798
f 798/798 820/820 873/873
f 874/874 822/822 787/787
f 787/787 812/812 874/874
f 845/845 887/887 891/891
f 891/891 838/838 845/845
f 887/887 888/888 892/892
f 892/892 891/891 887/887
f 837/837 889/889 875/875
f 875/875 839/839 837/837
f 889/889 890/890 876/876
f 876/876 875/875 889/889
f 839/839 875/875 877/877
f 877/877 840/840 839/839
f 875/875 876/876 878/878
f 878/878 877/877 875/875
f 840/840 877/877 879/879
f 879/879 841/841 840/840
f 877/877 878/878 880/880
f 880/880 879/879 877/877
f 841/841 879/879 881/881
f 881/881 842/842 841/841
f 879/879 880/880 882/882
f 882/882 881/881 879/879
f 842/842 881/881 883/883
f 883/883 843/843 842/842
f 881/881 882/882 884/884
f 884/884 883/883 881/881
f 843/843 883/883 885/885
f 885/885 844/844 843/843
f 883/883 884/884 886/886
f 886/886 885/885 883/883
f 844/844 885/885 887/887
f 887/887 845/845 844/844
f 885/885 886/886 888/888
f 888/888 887/887 885/885
f 837/837 846/846 893/893
f 893/893 889/889 837/837
f 889/889 893/893 894/894
f 894/894 890/890 889/889
f 790/790 835/835 896/896
f 896/896 892/892 790/790
f 892/892 896/896 895/895
f 895/895 891/891 892/892
f 932/932 986/986 934/934
f 934/934 910/910 932/932
f 1000/1000 1004/1004 902/902
f 902/902 917/917 1000/1000
f 925/925 979/979 933/933
f 933/933 900/900 925/925
f 926/926 980/980 940/940
f 940/940 916/916 926/926
f 927/927 981/981 939/939
f 939/939 915/915 927/927
f 928/928 982/982 938/938
f 938/938 914/914 928/928
f 929/929 983/983 937/937
f 937/937 913/913 929/929
f 930/930 984/984 936/936
f 936/936 912/912 930/930
f 931/931 985/985 935/935
f 935/935 911/911 931/931
f 1002/1002 988/988 923/923
f 923/923 901/901 1002/1002
f 988/988 990/990 922/922
f 922/922 923/923 988/988
f 990/990 992/992 921/921
f 921/921 922/922 990/990
f 992/992 994/994 920/920
f 920/920 921/921 992/992
f 994/994 996/996 919/919
f 919/919 920/920 994/994
f 996/996 998/998 918/918
f 918/918 919/919 996/996
f 998/998 1000/1000 917/917
f 917/917 918/918 998/998
f 917/917 902/902 924/924
f 917/917 924/924 986/986
f 917/917 986/986 932/932
f 901/901 923/923 926/926
f 901/901 926/926 979/979
f 901/901 979/979 925/925
f 923/923 922/922 927/927
f 923/923 927/927 980/980
f 923/923 980/980 926/926
f 922/922 921/921 928/928
f 922/922 928/928 981/981
f 922/922 981/981 927/927
f 921/921 920/920 929/929
f 921/921 929/929 982/982
f 921/921 982/982 928/928
f 920/920 919/919 930/930
f 920/920 930/930 983/983
f 920/920 983/983 929/929
f 919/919 918/918 931/931
f 919/919 931/931 984/984
f 919/919 984/984 930/930
f 918/918 917/917 932/932
f 918/918 932/932 985/985
f 918/918 985/985 931/931
f 901/901 925/925 944/944
f 944/944 943/943 901/901
f 925/925 900/900 942/942
f 942/942 944/944 925/925
f 1002/1002 901/901 943/943
f 943/943 1006/1006 1002/1002
f 924/924 902/902 947/947
f 947/947 948/948 924/924
f 950/950 897/897 945/945
f 945/945 959/959 950/950
f 899/899 924/924 948/948
f 948/948 946/946 899/899
f 903/903 897/897 950/950
f 950/950 957/957 903/903
f 898/898 909/909 951/951
f 951/951 949/949 898/898
f 909/909 908/908 952/952
f 952/952 951/951 909/909
f 908/908 907/907 953/953
f 953/953 952/952 908/908
f 907/907 906/906 954/954
f 954/954 953/953 907/907
f 906/906 905/905 955/955
f 955/955 954/954 906/906
f 905/905 904/904 956/956
f 956/956 955/955 905/905
f 904/904 903/903 957/957
f 957/957 956/956 904/904
f 898/898 949/949 958/958
f 958/958 941/941 898/898
f 1003/1003 950/950 959/959
f 959/959 1007/1007 1003/1003
f 942/942 900/900 961/961
f 961/961 977/977 942/942
f 937/937 912/912 964/964
f 964/964 973/973 937/937
f 911/911 935/935 971/971
f 971/971 963/963 911/911
f 935/935 910/910 962/962
f 962/962 971/971 935/935
f 933/933 916/916 968/968
f 968/968 969/969 933/933
f 916/916 940/940 976/976
f 976/976 968/968 916/916
f 940/940 915/915 967/967
f 967/967 976/976 940/940
f 914/914 938/938 974/974
f 974/974 966/966 914/914
f 938/938 913/913 965/965
f 965/965 974/974 938/938
f 912/912 936/936 972/972
f 972/972 964/964 912/912
f 936/936 911/911 963/963
f 963/963 972/972 936/936
f 910/910 934/934 970/970
f 970/970 962/962 910/910
f 899/899 946/946 978/978
f 978/978 960/960 899/899
f 934/934 899/899 960/960
f 960/960 970/970 934/934
f 900/900 933/933 969/969
f 969/969 961/961 900/900
f 915/915 939/939 975/975
f 975/975 967/967 915/915
f 939/939 914/914 966/966
f 966/966 975/975 939/939
f 913/913 937/937 973/973
f 973/973 965/965 913/913
f 979/979 926/926 916/916
f 916/916 933/933 979/979
f 980/980 927/927 915/915
f 915/915 940/940 980/980
f 981/981 928/928 914/914
f 914/914 939/939 981/981
f 982/982 929/929 913/913
f 913/913 938/938 982/982
f 983/983 930/930 912/912
f 912/912 937/937 983/983
f 984/984 931/931 911/911
f 911/911 936/936 984/984
f 985/985 932/932 910/910
f 910/910 935/935 985/985
f 986/986 924/924 899/899
f 899/899 934/934 986/986
f 957/957 950/950 1003/1003
f 1003/1003 999/999 957/957
f 999/999 1003/1003 1004/1004
f 1004/1004 1000/1000 999/999
f 949/949 951/951 987/987
f 987/987 1001/1001 949/949
f 1001/1001 987/987 988/988
f 988/988 1002/1002 1001/1001
f 951/951 952/952 989/989
f 989/989 987/987 951/951
f 987/987 989/989 990/990
f 990/990 988/988 987/987
f 952/952 953/953 991/991
f 991/991 989/989 952/952
f 989/989 991/991 992/992
f 992/992 990/990 989/989
f 953/953 954/954 993/993
f 993/993 991/991 953/953
f 991/991 993/993 994/994
f 994/994 992/992 991/991
f 954/954 955/955 995/995
f 995/995 993/993 954/954
f 993/993 995/995 996/996
f 996/996 994/994 993/993
f 955/955 956/956 997/997
f 997/997 995/995 955/955
f 995/995 997/997 998/998
f 998/998 996/996 995/995
f 956/956 957/957 999/999
f 999/999 997/997 956/956
f 997/997 999/999 1000/1000
f 1000/1000 998/998 997/997
f 949/949 1001/1001 1005/1005
f 1005/1005 958/958 949/949
f 1001/1001 1002/1002 1006/1006
f 1006/1006 1005/1005 1001/1001
f 902/902 1004/1004 1008/1008
f 1008/1008 947/947 902/902
f 1004/1004 1003/1003 1007/1007
f 1007/1007 1008/1008 1004/1004
f 1044/1044 1098/1098 1046/1046
f 1046/1046 1022/1022 1044/1044
f 1112/1112 1116/1116 1014/1014
f 1014/1014 1029/1029 1112/1112
f 1037/1037 1091/1091 1045/1045
f 1045/1045 1012/1012 1037/1037
f 1038/1038 1092/1092 1052/1052
f 1052/1052 1028/1028 1038/1038
f 1039/1039 1093/1093 1051/1051
f 1051/1051 1027/1027 1039/1039
f 1040/1040 1094/1094 1050/1050
f 1050/1050 1026/1026 1040/1040
f 1041/1041 1095/1095 1049/1049
f 1049/1049 1025/1025 1041/1041
f 1042/1042 1096/1096 1048/1048
f 1048/1048 1024/1024 1042/1042
f 1043/1043 1097/1097 1047/1047
f 1047/1047 1023/1023 1043/1043
f 1114/1114 1100/1100 1035/1035
f 1035/1035 1013/1013 1114/1114
f 1100/1100 1102/1102 1034/1034
f 1034/1034 1035/1035 1100/1100
f 1102/1102 1104/1104 1033/1033
f 1033/1033 1034/1034 1102/1102
f 1104/1104 1106/1106 1032/1032
f 1032/1032 1033/1033 1104/1104
f 1106/1106 1108/1108 1031/1031
f 1031/1031 1032/1032 1106/1106
f 1108/1108 1110/1110 1030/1030
f 1030/1030 1031/1031 1108/1108
f 1110/1110 1112/1112 1029/1029
f 1029/1029 1030/1030 1110/1110
f 1029/1029 1014/1014 1036/1036
f 1029/1029 1036/1036 1098/1098
f 1029/1029 1098/1098 1044/1044
f 1013/1013 1035/1035 1038/1038
f 1013/1013 1038/1038 1091/1091
f 1013/1013 1091/1091 1037/1037
f 1035/1035 1034/1034 1039/1039
f 1035/1035 1039/1039 1092/1092
f 1035/1035 1092/1092 1038/1038
f 1034/1034 1033/1033 1040/1040
f 1034/1034 1040/1040 1093/1093
f 1034/1034 1093/1093 1039/1039
f 1033/1033 1032/1032 1041/1041
f 1033/1033 1041/1041 1094/1094
f 1033/1033 1094/1094 1040/1040
f 1032/1032 1031/1031 1042/1042
f 1032/1032 1042/1042 1095/1095
f 1032/1032 1095/1095 1041/1041
f 1031/1031 1030/1030 1043/1043
f 1031/1031 1043/1043 1096/1096
f 1031/1031 1096/1096 1042/1042
f 1030/1030 1029/1029 1044/1044
f 1030/1030 1044/1044 1097/1097
f 1030/1030 1097/1097 1043/1043
f 1013/1013 1037/1037 1056/1056
f 1056/1056 1055/1055 1013/1013
f 1037/1037 1012/1012 1054/1054
f 1054/1054 1056/1056 1037/1037
f 1114/1114 1013/1013 1055/1055
f 1055/1055 1118/1118 1114/1114
f 1036/1036 1014/1014 1059/1059
f 1059/1059 1060/1060 1036/1036
f 1062/1062 1009/1009 1057/1057
f 1057/1057 1071/1071 1062/1062
f 1011/1011 1036/1036 1060/1060
f 1060/1060 1058/1058 1011/1011
f 1015/1015 1009/1009 1062/1062
f 1062/1062 1069/1069 1015/1015
f 1010/1010 1021/1021 1063/1063
f 1063/1063 1061/1061 1010/1010
f 1021/1021 1020/1020 1064/1064
f 1064/1064 1063/1063 1021/1021
f 1020/1020 1019/1019 1065/1065
f 1065/1065 1064/1064 1020/1020
f 1019/1019 1018/1018 1066/1066
f 1066/1066 1065/1065 1019/1019
f 1018/1018 1017/1017 1067/1067
f 1067/1067 1066/1066 1018/1018
f 1017/1017 1016/1016 1068/1068
f 1068/1068 1067/1067 1017/1017
f 1016/1016 1015/1015 1069/1069
f 1069/1069 1068/1068 1016/1016
f 1010/1010 1061/1061 1070/1070
f 1070/1070 1053/1053 1010/1010
f 1115/1115 1062/1062 1071/1071
f 1071/1071 1119/1119 1115/1115
f 1054/1054 1012/1012 1073/1073
f 1073/1073 1089/1089 1054/1054
f 1049/1049 1024/1024 1076/1076
f 1076/1076 1085/1085 1049/1049
f 1023/1023 1047/1047 1083/1083
f 1083/1083 1075/1075 1023/1023
f 1047/1047 1022/1022 1074/1074
f 1074/1074 1083/1083 1047/1047
f 1045/1045 1028/1028 1080/1080
f 1080/1080 1081/1081 1045/1045
f 1028/1028 1052/1052 1088/1088
f 1088/1088 1080/1080 1028/1028
f 1052/1052 1027/1027 1079/1079
f 1079/1079 1088/1088 1052/1052
f 1026/1026 1050/1050 1086/1086
f 1086/1086 1078/1078 1026/1026
f 1050/1050 1025/1025 1077/1077
f 1077/1077 1086/1086 1050/1050
f 1024/1024 1048/1048 1084/1084
f 1084/1084 1076/1076 1024/1024
f 1048/1048 1023/1023 1075/1075
f 1075/1075 1084/1084 1048/1048
f 1022/1022 1046/1046 1082/1082
f 1082/1082 1074/1074 1022/1022
f 1011/1011 1058/1058 1090/1090
f 1090/1090 1072/1072 1011/1011
f 1046/1046 1011/1011 1072/1072
f 1072/1072 1082/1082 1046/1046
f 1012/1012 1045/1045 1081/1081
f 1081/1081 1073/1073 1012/1012
f 1027/1027 1051/1051 1087/1087
f 1087/1087 1079/1079 1027/1027
f 1051/1051 1026/1026 1078/1078
f 1078/1078 1087/1087 1051/1051
f 1025/1025 1049/1049 1085/1085
f 1085/1085 1077/1077 1025/1025
f 1091/1091 1038/1038 1028/1028
f 1028/1028 1045/1045 1091/1091
f 1092/1092 1039/1039 1027/1027
f 1027/1027 1052/1052 1092/1092
f 1093/1093 1040/1040 1026/1026
f 1026/1026 1051/1051 1093/1093
f 1094/1094 1041/1041 1025/1025
f 1025/1025 1050/1050 1094/1094
f 1095/1095 1042/1042 1024/1024
f 1024/1024 1049/1049 1095/1095
f 1096/1096 1043/1043 1023/1023
f 1023/1023 1048/1048 1096/1096
f 1097/1097 1044/1044 1022/1022
f 1022/1022 1047/1047 1097/1097
f 1098/1098 1036/1036 1011/1011
f 1011/1011 1046/1046 1098/1098
f 1069/1069 1062/1062 1115/1115
f 1115/1115 1111/1111 1069/1069
f 1111/1111 1115/1115 1116/1116
f 1116/1116 1112/1112 1111/1111
f 1061/1061 1063/1063 1099/1099
f 1099/1099 1113/1113 1061/1061
f 1113/1113 1099/1099 1100/1100
f 1100/1100 1114/1114 1113/1113
f 1063/1063 1064/1064 1101/1101
f 1101/1101 1099/1099 1063/1063
f 1099/1099 1101/1101 1102/1102
f 1102/1102 1100/1100 1099/1099
f 1064/1064 1065/1065 1103/1103
f 1103/1103 1101/1101 1064/1064
f 1101/1101 1103/1103 1104/1104
f 1104/1104 1102/1102 1101/1101
f 1065/1065 1066/1066 1105/1105
f 1105/1105 1103/1103 1065/1065
f 1103/1103 1105/1105 1106/1106
f 1106/1106 1104/1104 1103/1103
f 1066/1066 1067/1067 1107/1107
f 1107/1107 1105/1105 1066/1066
f 1105/1105 1107/1107 1108/1108
f 1108/1108 1106/1106 1105/1105
f 1067/1067 1068/1068 1109/1109
f 1109/1109 1107/1107 1067/1067
f 1107/1107 1109/1109 1110/1110
f 1110/1110 1108/1108 1107/1107
f 1068/1068 1069/1069 1111/1111
f 1111/1111 1109/1109 1068/1068
f 1109/1109 1111/1111 1112/1112
f 1112/1112 1110/1110 1109/1109
f 1061/1061 1113/1113 1117/1117
f 1117/1117 1070/1070 1061/1061
f 1113/1113 1114/1114 1118/1118
f 1118/1118 1117/1117 1113/1113
f 1014/1014 1116/1116 1120/1120
f 1120/1120 1059/1059 1014/1014
f 1116/1116 1115/1115 1119/1119
f 1119/1119 1120/1120 1116/1116
f 1156/1156 1134/1134 1158/1158
f 1158/1158 1210/1210 1156/1156
f 1224/1224 1141/1141 1126/1126
f 1126/1126 1228/1228 1224/1224
f 1149/1149 1124/1124 1157/1157
f 1157/1157 1203/1203 1149/1149
f 1150/1150 1140/1140 1164/1164
f 1164/1164 1204/1204 1150/1150
f 1151/1151 1139/1139 1163/1163
f 1163/1163 1205/1205 1151/1151
f 1152/1152 1138/1138 1162/1162
f 1162/1162 1206/1206 1152/1152
f 1153/1153 1137/1137 1161/1161
f 1161/1161 1207/1207 1153/1153
f 1154/1154 1136/1136 1160/1160
f 1160/1160 1208/1208 1154/1154
f 1155/1155 1135/1135 1159/1159
f 1159/1159 1209/1209 1155/1155
f 1226/1226 1125/1125 1147/1147
f 1147/1147 1212/1212 1226/1226
f 1212/1212 1147/1147 1146/1146
f 1146/1146 1214/1214 1212/1212
f 1214/1214 1146/1146 1145/1145
f 1145/1145 1216/1216 1214/1214
f 1216/1216 1145/1145 1144/1144
f 1144/1144 1218/1218 1216/1216
f 1218/1218 1144/1144 1143/1143
f 1143/1143 1220/1220 1218/1218
f 1220/1220 1143/1143 1142/1142
f 1142/1142 1222/1222 1220/1220
f 1222/1222 1142/1142 1141/1141
f 1141/1141 1224/1224 1222/1222
f 1141/1141 1156/1156 1210/1210
f 1141/1141 1210/1210 1148/1148
f 1141/1141 1148/1148 1126/1126
f 1125/1125 1149/1149 1203/1203
f 1125/1125 1203/1203 1150/1150
f 1125/1125 1150/1150 1147/1147
f 1147/1147 1150/1150 1204/1204
f 1147/1147 1204/1204 1151/1151
f 1147/1147 1151/1151 1146/1146
f 1146/1146 1151/1151 1205/1205
f 1146/1146 1205/1205 1152/1152
f 1146/1146 1152/1152 1145/1145
f 1145/1145 1152/1152 1206/1206
f 1145/1145 1206/1206 1153/1153
f 1145/1145 1153/1153 1144/1144
f 1144/1144 1153/1153 1207/1207
f 1144/1144 1207/1207 1154/1154
f 1144/1144 1154/1154 1143/1143
f 1143/1143 1154/1154 1208/1208
f 1143/1143 1208/1208 1155/1155
f 1143/1143 1155/1155 1142/1142
f 1142/1142 1155/1155 1209/1209
f 1142/1142 1209/1209 1156/1156
f 1142/1142 1156/1156 1141/1141
f 1125/1125 1167/1167 1168/1168
f 1168/1168 1149/1149 1125/1125
f 1149/1149 1168/1168 1166/1166
f 1166/1166 1124/1124 1149/1149
f 1226/1226 1230/1230 1167/1167
f 1167/1167 1125/1125 1226/1226
f 1148/1148 1172/1172 1171/1171
f 1171/1171 1126/1126 1148/1148
f 1174/1174 1183/1183 1169/1169
f 1169/1169 1121/1121 1174/1174
f 1123/1123 1170/1170 1172/1172
f 1172/1172 1148/1148 1123/1123
f 1127/1127 1181/1181 1174/1174
f 1174/1174 1121/1121 1127/1127
f 1122/1122 1173/1173 1175/1175
f 1175/1175 1133/1133 1122/1122
f 1133/1133 1175/1175 1176/1176
f 1176/1176 1132/1132 1133/1133
f 1132/1132 1176/1176 1177/1177
f 1177/1177 1131/1131 1132/1132
f 1131/1131 1177/1177 1178/1178
f 1178/1178 1130/1130 1131/1131
f 1130/1130 1178/1178 1179/1179
f 1179/1179 1129/1129 1130/1130
f 1129/1129 1179/1179 1180/1180
f 1180/1180 1128/1128 1129/1129
f 1128/1128 1180/1180 1181/1181
f 1181/1181 1127/1127 1128/1128
f 1122/1122 1165/1165 1182/1182
f 1182/1182 1173/1173 1122/1122
f 1227/1227 1231/1231 1183/1183
f 1183/1183 1174/1174 1227/1227
f 1166/1166 1201/1201 1185/1185
f 1185/1185 1124/1124 1166/1166
f 1161/1161 1197/1197 1188/1188
f 1188/1188 1136/1136 1161/1161
f 1135/1135 1187/1187 1195/1195
f 1195/1195 1159/1159 1135/1135
f 1159/1159 1195/1195 1186/1186
f 1186/1186 1134/1134 1159/1159
f 1157/1157 1193/1193 1192/1192
f 1192/1192 1140/1140 1157/1157
f 1140/1140 1192/1192 1200/1200
f 1200/1200 1164/1164 1140/1140
f 1164/1164 1200/1200 1191/1191
f 1191/1191 1139/1139 1164/1164
f 1138/1138 1190/1190 1198/1198
f 1198/1198 1162/1162 1138/1138
f 1162/1162 1198/1198 1189/1189
f 1189/1189 1137/1137 1162/1162
f 1136/1136 1188/1188 1196/1196
f 1196/1196 1160/1160 1136/1136
f 1160/1160 1196/1196 1187/1187
f 1187/1187 1135/1135 1160/1160
f 1134/1134 1186/1186 1194/1194
f 1194/1194 1158/1158 1134/1134
f 1123/1123 1184/1184 1202/1202
f 1202/1202 1170/1170 1123/1123
f 1158/1158 1194/1194 1184/1184
f 1184/1184 1123/1123 1158/1158
f 1124/1124 1185/1185 1193/1193
f 1193/1193 1157/1157 1124/1124
f 1139/1139 1191/1191 1199/1199
f 1199/1199 1163/1163 1139/1139
f 1163/1163 1199/1199 1190/1190
f 1190/1190 1138/1138 1163/1163
f 1137/1137 1189/1189 1197/1197
f 1197/1197 1161/1161 1137/1137
f 1203/1203 1157/1157 1140/1140
f 1140/1140 1150/1150 1203/1203
f 1204/1204 1164/1164 1139/1139
f 1139/1139 1151/1151 1204/1204
f 1205/1205 1163/1163 1138/1138
f 1138/1138 1152/1152 1205/1205
f 1206/1206 1162/1162 1137/1137
f 1137/1137 1153/1153 1206/1206
f 1207/1207 1161/1161 1136/1136
f 1136/1136 1154/1154 1207/1207
f 1208/1208 1160/1160 1135/1135
f 1135/1135 1155/1155 1208/1208
f 1209/1209 1159/1159 1134/1134
f 1134/1134 1156/1156 1209/1209
f 1210/1210 1158/1158 1123/1123
f 1123/1123 1148/1148 1210/1210
f 1181/1181 1223/1223 1227/1227
f 1227/1227 1174/1174 1181/1181
f 1223/1223 1224/1224 1228/1228
f 1228/1228 1227/1227 1223/1223
f 1173/1173 1225/1225 1211/1211
f 1211/1211 1175/1175 1173/1173
f 1225/1225 1226/1226 1212/1212
f 1212/1212 1211/1211 1225/1225
f 1175/1175 1211/1211 1213/1213
f 1213/1213 1176/1176 1175/1175
f 1211/1211 1212/1212 1214/1214
f 1214/1214 1213/1213 1211/1211
f 1176/1176 1213/1213 1215/1215
f 1215/1215 1177/1177 1176/1176
f 1213/1213 1214/1214 1216/1216
f 1216/1216 1215/1215 1213/1213
f 1177/1177 1215/1215 1217/1217
f 1217/1217 1178/1178 1177/1177
f 1215/1215 1216/1216 1218/1218
f 1218/1218 1217/1217 1215/1215
f 1178/1178 1217/1217 1219/1219
f 1219/1219 1179/1179 1178/1178
f 1217/1217 1218/1218 1220/1220
f 1220/1220 1219/1219 1217/1217
f 1179/1179 1219/1219 1221/1221
f 1221/1221 1180/1180 1179/1179
f 1219/1219 1220/1220 1222/1222
f 1222/1222 1221/1221 1219/1219
f 1180/1180 1221/1221 1223/1223
f 1223/1223 1181/1181 1180/1180
f 1221/1221 1222/1222 1224/1224
f 1224/1224 1223/1223 1221/1221
f 1173/1173 1182/1182 1229/1229
f 1229/1229 1225/1225 1173/1173
f 1225/1225 1229/1229 1230/1230
f 1230/1230 1226/1226 1225/1225
f 1126/1126 1171/1171 1232/1232
f 1232/1232 1228/1228 1126/1126
f 1228/1228 1232/1232 1231/1231
f 1231/1231 1227/1227 1228/1228
f 1268/1268 1322/1322 1270/1270
f 1270/1270 1246/1246 1268/1268
f 1336/1336 1340/1340 1238/1238
f 1238/1238 1253/1253 1336/1336
f 1261/1261 1315/1315 1269/1269
f 1269/1269 1236/1236 1261/1261
f 1262/1262 1316/1316 1276/1276
f 1276/1276 1252/1252 1262/1262
f 1263/1263 1317/1317 1275/1275
f 1275/1275 1251/1251 1263/1263
f 1264/1264 1318/1318 1274/1274
f 1274/1274 1250/1250 1264/1264
f 1265/1265 1319/1319 1273/1273
f 1273/1273 1249/1249 1265/1265
f 1266/1266 1320/1320 1272/1272
f 1272/1272 1248/1248 1266/1266
f 1267/1267 1321/1321 1271/1271
f 1271/1271 1247/1247 1267/1267
f 1338/1338 1324/1324 1259/1259
f 1259/1259 1237/1237 1338/1338
f 1324/1324 1326/1326 1258/1258
f 1258/1258 1259/1259 1324/1324
f 1326/1326 1328/1328 1257/1257
f 1257/1257 1258/1258 1326/1326
f 1328/1328 1330/1330 1256/1256
f 1256/1256 1257/1257 1328/1328
f 1330/1330 1332/1332 1255/1255
f 1255/1255 1256/1256 1330/1330
f 1332/1332 1334/1334 1254/1254
f 1254/1254 1255/1255 1332/1332
f 1334/1334 1336/1336 1253/1253
f 1253/1253 1254/1254 1334/1334
f 1253/1253 1238/1238 1260/1260
f 1253/1253 1260/1260 1322/1322
f 1253/1253 1322/1322 1268/1268
f 1237/1237 1259/1259 1262/1262
f 1237/1237 1262/1262 1315/1315
f 1237/1237 1315/1315 1261/1261
f 1259/1259 1258/1258 1263/1263
f 1259/1259 1263/1263 1316/1316
f 1259/1259 1316/1316 1262/1262
f 1258/1258 1257/1257 1264/1264
f 1258/1258 1264/1264 1317/1317
f 1258/1258 1317/1317 1263/1263
f 1257/1257 1256/1256 1265/1265
f 1257/1257 1265/1265 1318/1318
f 1257/1257 1318/1318 1264/1264
f 1256/1256 1255/1255 1266/1266
f 1256/1256 1266/1266 1319/1319
f 1256/1256 1319/1319 1265/1265
f 1255/1255 1254/1254 1267/1267
f 1255/1255 1267/1267 1320/1320
f 1255/1255 1320/1320 1266/1266
f 1254/1254 1253/1253 1268/1268
f 1254/1254 1268/1268 1321/1321
f 1254/1254 1321/1321 1267/1267
f 1237/1237 1261/1261 1280/1280
f 1280/1280 1279/1279 1237/1237
f 1261/1261 1236/1236 1278/1278
f 1278/1278 1280/1280 1261/1261
f 1338/1338 1237/1237 1279/1279
f 1279/1279 1342/1342 1338/1338
f 1260/1260 1238/1238 1283/1283
f 1283/1283 1284/1284 1260/1260
f 1286/1286 1233/1233 1281/1281
f 1281/1281 1295/1295 1286/1286
f 1235/1235 1260/1260 1284/1284
f 1284/1284 1282/1282 1235/1235
f 1239/1239 1233/1233 1286/1286
f 1286/1286 1293/1293 1239/1239
f 1234/1234 1245/1245 1287/1287
f 1287/1287 1285/1285 1234/1234
f 1245/1245 1244/1244 1288/1288
f 1288/1288 1287/1287 1245/1245
f 1244/1244 1243/1243 1289/1289
f 1289/1289 1288/1288 1244/1244
f 1243/1243 1242/1242 1290/1290
f 1290/1290 1289/1289 1243/1243
f 1242/1242 1241/1241 1291/1291
f 1291/1291 1290/1290 1242/1242
f 1241/1241 1240/1240 1292/1292
f 1292/1292 1291/1291 1241/1241
f 1240/1240 1239/1239 1293/1293
f 1293/1293 1292/1292 1240/1240
f 1234/1234 1285/1285 1294/1294
f 1294/1294 1277/1277 1234/1234
f 1339/1339 1286/1286 1295/1295
f 1295/1295 1343/1343 1339/1339
f 1278/1278 1236/1236 1297/1297
f 1297/1297 1313/1313 1278/1278
f 1273/1273 1248/1248 1300/1300
f 1300/1300 1309/1309 1273/1273
f 1247/1247 1271/1271 1307/1307
f 1307/1307 1299/1299 1247/1247
f 1271/1271 1246/1246 1298/1298
f 1298/1298 1307/1307 1271/1271
f 1269/1269 1252/1252 1304/1304
f 1304/1304 1305/1305 1269/1269
f 1252/1252 1276/1276 1312/1312
f 1312/1312 1304/1304 1252/1252
f 1276/1276 1251/1251 1303/1303
f 1303/1303 1312/1312 1276/1276
f 1250/1250 1274/1274 1310/1310
f 1310/1310 1302/1302 1250/1250
f 1274/1274 1249/1249 1301/1301
f 1301/1301 1310/1310 1274/1274
f 1248/1248 1272/1272 1308/1308
f 1308/1308 1300/1300 1248/1248
f 1272/1272 1247/1247 1299/1299
f 1299/1299 1308/1308 1272/1272
f 1246/1246 1270/1270 1306/1306
f 1306/1306 1298/1298 1246/1246
f 1235/1235 1282/1282 1314/1314
f 1314/1314 1296/1296 1235/1235
f 1270/1270 1235/1235 1296/1296
f 1296/1296 1306/1306 1270/1270
f 1236/1236 1269/1269 1305/1305
f 1305/1305 1297/1297 1236/1236
f 1251/1251 1275/1275 1311/1311
f 1311/1311 1303/1303 1251/1251
f 1275/1275 1250/1250 1302/1302
f 1302/1302 1311/1311 1275/1275
f 1249/1249 1273/1273 1309/1309
f 1309/1309 1301/1301 1249/1249
f 1315/1315 1262/1262 1252/1252
f 1252/1252 1269/1269 1315/1315
f 1316/1316 1263/1263 1251/1251
f 1251/1251 1276/1276 1316/1316
f 1317/1317 1264/1264 1250/1250
f 1250/1250 1275/1275 1317/1317
f 1318/1318 1265/1265 1249/1249
f 1249/1249 1274/1274 1318/1318
f 1319/1319 1266/1266 1248/1248
f 1248/1248 1273/1273 1319/1319
f 1320/1320 1267/1267 1247/1247
f 1247/1247 1272/1272 1320/1320
f 1321/1321 1268/1268 1246/1246
f 1246/1246 1271/1271 1321/1321
f 1322/1322 1260/1260 1235/1235
f 1235/1235 1270/1270 1322/1322
f 1293/1293 1286/1286 1339/1339
f 1339/1339 1335/1335 1293/1293
f 1335/1335 1339/1339 1340/1340
f 1340/1340 1336/1336 1335/1335
f 1285/1285 1287/1287 1323/1323
f 1323/1323 1337/1337 1285/1285
f 1337/1337 1323/1323 1324/1324
f 1324/1324 1338/1338 1337/1337
f 1287/1287 1288/1288 1325/1325
f 1325/1325 1323/1323 1287/1287
f 1323/1323 1325/1325 1326/1326
f 1326/1326 1324/1324 1323/1323
f 1288/1288 1289/1289 1327/1327
f 1327/1327 1325/1325 1288/1288
f 1325/1325 1327/1327 1328/1328
f 1328/1328 1326/1326 1325/1325
f 1289/1289 1290/1290 1329/1329
f 1329/1329 1327/1327 1289/1289
f 1327/1327 1329/1329 1330/1330
f 1330/1330 1328/1328 1327/1327
f 1290/1290 1291/1291 1331/1331
f 1331/1331 1329/1329 1290/1290
f 1329/1329 1331/1331 1332/1332
f 1332/1332 1330/1330 1329/1329
f 1291/1291 1292/1292 1333/1333
f 1333/1333 1331/1331 1291/1291
f 1331/1331 1333/1333 1334/1334
f 1334/1334 1332/1332 1331/1331
f 1292/1292 1293/1293 1335/1335
f 1335/1335 1333/1333 1292/1292
f 1333/1333 1335/1335 1336/1336
f 1336/1336 1334/1334 1333/1333
f 1285/1285 1337/1337 1341/1341
f 1341/1341 1294/1294 1285/1285
f 1337/1337 1338/1338 1342/1342
f 1342/1342 1341/1341 1337/1337
f 1238/1238 1340/1340 1344/1344
f 1344/1344 1283/1283 1238/1238
f 1340/1340 1339/1339 1343/1343
f 1343/1343 1344/1344 1340/1340
f 1380/1380 1358/1358 1382/1382
f 1382/1382 1434/1434 1380/1380
f 1448/1448 1365/1365 1350/1350
f 1350/1350 1452/1452 1448/1448
f 1373/1373 1348/1348 1381/1381
f 1381/1381 1427/1427 1373/1373
f 1374/1374 1364/1364 1388/1388
f 1388/1388 1428/1428 1374/1374
f 1375/1375 1363/1363 1387/1387
f 1387/1387 1429/1429 1375/1375
f 1376/1376 1362/1362 1386/1386
f 1386/1386 1430/1430 1376/1376
f 1377/1377 1361/1361 1385/1385
f 1385/1385 1431/1431 1377/1377
f 1378/1378 1360/1360 1384/1384
f 1384/1384 1432/1432 1378/1378
f 1379/1379 1359/1359 1383/1383
f 1383/1383 1433/1433 1379/1379
f 1450/1450 1349/1349 1371/1371
f 1371/1371 1436/1436 1450/1450
f 1436/1436 1371/1371 1370/1370
f 1370/1370 1438/1438 1436/1436
f 1438/1438 1370/1370 1369/1369
f 1369/1369 1440/1440 1438/1438
f 1440/1440 1369/1369 1368/1368
f 1368/1368 1442/1442 1440/1440
f 1442/1442 1368/1368 1367/1367
f 1367/1367 1444/1444 1442/1442
f 1444/1444 1367/1367 1366/1366
f 1366/1366 1446/1446 1444/1444
f 1446/1446 1366/1366 1365/1365
f 1365/1365 1448/1448 1446/1446
f 1365/1365 1380/1380 1434/1434
f 1365/1365 1434/1434 1372/1372
f 1365/1365 1372/1372 1350/1350
f 1349/1349 1373/1373 1427/1427
f 1349/1349 1427/1427 1374/1374
f 1349/1349 1374/1374 1371/1371
f 1371/1371 1374/1374 1428/1428
f 1371/1371 1428/1428 1375/1375
f 1371/1371 1375/1375 1370/1370
f 1370/1370 1375/1375 1429/1429
f 1370/1370 1429/1429 1376/1376
f 1370/1370 1376/1376 1369/1369
f 1369/1369 1376/1376 1430/1430
f 1369/1369 1430/1430 1377/1377
f 1369/1369 1377/1377 1368/1368
f 1368/1368 1377/1377 1431/1431
f 1368/1368 1431/1431 1378/1378
f 1368/1368 1378/1378 1367/1367
f 1367/1367 1378/1378 1432/1432
f 1367/1367 1432/1432 1379/1379
f 1367/1367 1379/1379 1366/1366
f 1366/1366 1379/1379 1433/1433
f 1366/1366 1433/1433 1380/1380
f 1366/1366 1380/1380 1365/1365
f 1349/1349 1391/1391 1392/1392
f 1392/1392 1373/1373 1349/1349
f 1373/1373 1392/1392 1390/1390
f 1390/1390 1348/1348 1373/1373
f 1450/1450 1454/1454 1391/1391
f 1391/1391 1349/1349 1450/1450
f 1372/1372 1396/1396 1395/1395
f 1395/1395 1350/1350 1372/1372
f 1398/1398 1407/1407 1393/1393
f 1393/1393 1345/1345 1398/1398
f 1347/1347 1394/1394 1396/1396
f 1396/1396 1372/1372 1347/1347
f 1351/1351 1405/1405 1398/1398
f 1398/1398 1345/1345 1351/1351
f 1346/1346 1397/1397 1399/1399
f 1399/1399 1357/1357 1346/1346
f 1357/1357 1399/1399 1400/1400
f 1400/1400 1356/1356 1357/1357
f 1356/1356 1400/1400 1401/1401
f 1401/1401 1355/1355 1356/1356
f 1355/1355 1401/1401 1402/1402
f 1402/1402 1354/1354 1355/1355
f 1354/1354 1402/1402 1403/1403
f 1403/1403 1353/1353 1354/1354
f 1353/1353 1403/1403 1404/1404
f 1404/1404 1352/1352 1353/1353
f 1352/1352 1404/1404 1405/1405
f 1405/1405 1351/1351 1352/1352
f 1346/1346 1389/1389 1406/1406
f 1406/1406 1397/1397 1346/1346
f 1451/1451 1455/1455 1407/1407
f 1407/1407 1398/1398 1451/1451
f 1390/1390 1425/1425 1409/1409
f 1409/1409 1348/1348 1390/1390
f 1385/1385 1421/1421 1412/1412
f 1412/1412 1360/1360 1385/1385
f 1359/1359 1411/1411 1419/1419
f 1419/1419 1383/1383 1359/1359
f 1383/1383 1419/1419 1410/1410
f 1410/1410 1358/1358 1383/1383
f 1381/1381 1417/1417 1416/1416
f 1416/1416 1364/1364 1381/1381
f 1364/1364 1416/1416 1424/1424
f 1424/1424 1388/1388 1364/1364
f 1388/1388 1424/1424 1415/1415
f 1415/1415 1363/1363 1388/1388
f 1362/1362 1414/1414 1422/1422
f 1422/1422 1386/1386 1362/1362
f 1386/1386 1422/1422 1413/1413
f 1413/1413 1361/1361 1386/1386
f 1360/1360 1412/1412 1420/1420
f 1420/1420 1384/1384 1360/1360
f 1384/1384 1420/1420 1411/1411
f 1411/1411 1359/1359 1384/1384
f 1358/1358 1410/1410 1418/1418
f 1418/1418 1382/1382 1358/1358
f 1347/1347 1408/1408 1426/1426
f 1426/1426 1394/1394 1347/1347
f 1382/1382 1418/1418 1408/1408
f 1408/1408 1347/1347 1382/1382
f 1348/1348 1409/1409 1417/1417
f 1417/1417 1381/1381 1348/1348
f 1363/1363 1415/1415 1423/1423
f 1423/1423 1387/1387 1363/1363
f 1387/1387 1423/1423 1414/1414
f 1414/1414 1362/1362 1387/1387
f 1361/1361 1413/1413 1421/1421
f 1421/1421 1385/1385 1361/1361
f 1427/1427 1381/1381 1364/1364
f 1364/1364 1374/1374 1427/1427
f 1428/1428 1388/1388 1363/1363
f 1363/1363 1375/1375 1428/1428
f 1429/1429 1387/1387 1362/1362
f 1362/1362 1376/1376 1429/1429
f 1430/1430 1386/1386 1361/1361
f 1361/1361 1377/1377 1430/1430
f 1431/1431 1385/1385 1360/1360
f 1360/1360 1378/1378 1431/1431
f 1432/1432 1384/1384 1359/1359
f 1359/1359 1379/1379 1432/1432
f 1433/1433 1383/1383 1358/1358
f 1358/1358 1380/1380 1433/1433
f 1434/1434 1382/1382 1347/1347
f 1347/1347 1372/1372 1434/1434
f 1405/1405 1447/1447 1451/1451
f 1451/1451 1398/1398 1405/1405
f 1447/1447 1448/1448 1452/1452
f 1452/1452 1451/1451 1447/1447
f 1397/1397 1449/1449 1435/1435
f 1435/1435 1399/1399 1397/1397
f 1449/1449 1450/1450 1436/1436
f 1436/1436 1435/1435 1449/1449
f 1399/1399 1435/1435 1437/1437
f 1437/1437 1400/1400 1399/1399
f 1435/1435 1436/1436 1438/1438
f 1438/1438 1437/1437 1435/1435
f 1400/1400 1437/1437 1439/1439
f 1439/1439 1401/1401 1400/1400
f 1437/1437 1438/1438 1440/1440
f 1440/1440 1439/1439 1437/1437
f 1401/1401 1439/1439 1441/1441
f 1441/1441 1402/1402 1401/1401
f 1439/1439 1440/1440 1442/1442
f 1442/1442 1441/1441 1439/1439
f 1402/1402 1441/1441 1443/1443
f 1443/1443 1403/1403 1402/1402
f 1441/1441 1442/1442 1444/1444
f 1444/1444 1443/1443 1441/1441
f 1403/1403 1443/1443 1445/1445
f 1445/1445 1404/1404 1403/1403
f 1443/1443 1444/1444 1446/1446
f 1446/1446 1445/1445 1443/1443
f 1404/1404 1445/1445 1447/1447
f 1447/1447 1405/1405 1404/1404
f 1445/1445 1446/1446 1448/1448
f 1448/1448 1447/1447 1445/1445
f 1397/1397 1406/1406 1453/1453
f 1453/1453 1449/1449 1397/1397
f 1449/1449 1453/1453 1454/1454
f 1454/1454 1450/1450 1449/1449
f 1350/1350 1395/1395 1456/1456
f 1456/1456 1452/1452 1350/1350
f 1452/1452 1456/1456 1455/1455
f 1455/1455 1451/1451 1452/1452
f 1492/1492 1470/1470 1494/1494
f 1494/1494 1546/1546 1492/1492
f 1560/1560 1477/1477 1462/1462
f 1462/1462 1564/1564 1560/1560
f 1485/1485 1460/1460 1493/1493
f 1493/1493 1539/1539 1485/1485
f 1486/1486 1476/1476 1500/1500
f 1500/1500 1540/1540 1486/1486
f 1487/1487 1475/1475 1499/1499
f 1499/1499 1541/1541 1487/1487
f 1488/1488 1474/1474 1498/1498
f 1498/1498 1542/1542 1488/1488
f 1489/1489 1473/1473 1497/1497
f 1497/1497 1543/1543 1489/1489
f 1490/1490 1472/1472 1496/1496
f 1496/1496 1544/1544 1490/1490
f 1491/1491 1471/1471 1495/1495
f 1495/1495 1545/1545 1491/1491
f 1562/1562 1461/1461 1483/1483
f 1483/1483 1548/1548 1562/1562
f 1548/1548 1483/1483 1482/1482
f 1482/1482 1550/1550 1548/1548
f 1550/1550 1482/1482 1481/1481
f 1481/1481 1552/1552 1550/1550
f 1552/1552 1481/1481 1480/1480
f 1480/1480 1554/1554 1552/1552
f 1554/1554 1480/1480 1479/1479
f 1479/1479 1556/1556 1554/1554
f 1556/1556 1479/1479 1478/1478
f 1478/1478 1558/1558 1556/1556
f 1558/1558 1478/1478 1477/1477
f 1477/1477 1560/1560 1558/1558
f 1477/1477 1492/1492 1546/1546
f 1477/1477 1546/1546 1484/1484
f 1477/1477 1484/1484 1462/1462
f 1461/1461 1485/1485 1539/1539
f 1461/1461 1539/1539 1486/1486
f 1461/1461 1486/1486 1483/1483
f 1483/1483 1486/1486 1540/1540
f 1483/1483 1540/1540 1487/1487
f 1483/1483 1487/1487 1482/1482
f 1482/1482 1487/1487 1541/1541
f 1482/1482 1541/1541 1488/1488
f 1482/1482 1488/1488 1481/1481
f 1481/1481 1488/1488 1542/1542
f 1481/1481 1542/1542 1489/1489
f 1481/1481 1489/1489 1480/1480
f 1480/1480 1489/1489 1543/1543
f 1480/1480 1543/1543 1490/1490
f 1480/1480 1490/1490 1479/1479
f 1479/1479 1490/1490 1544/1544
f 1479/1479 1544/1544 1491/1491
f 1479/1479 1491/1491 1478/1478
f 1478/1478 1491/1491 1545/1545
f 1478/1478 1545/1545 1492/1492
f 1478/1478 1492/1492 1477/1477
f 1461/1461 1503/1503 1504/1504
f 1504/1504 1485/1485 1461/1461
f 1485/1485 1504/1504 1502/1502
f 1502/1502 1460/1460 1485/1485
f 1562/1562 1566/1566 1503/1503
f 1503/1503 1461/1461 1562/1562
f 1484/1484 1508/1508 1507/1507
f 1507/1507 1462/1462 1484/1484
f 1510/1510 1519/1519 1505/1505
f 1505/1505 1457/1457 1510/1510
f 1459/1459 1506/1506 1508/1508
f 1508/1508 1484/1484 1459/1459
f 1463/1463 1517/1517 1510/1510
f 1510/1510 1457/1457 1463/1463
f 1458/1458 1509/1509 1511/1511
f 1511/1511 1469/1469 1458/1458
f 1469/1469 1511/1511 1512/1512
f 1512/1512 1468/1468 1469/1469
f 1468/1468 1512/1512 1513/1513
f 1513/1513 1467/1467 1468/1468
f 1467/1467 1513/1513 1514/1514
f 1514/1514 1466/1466 1467/1467
f 1466/1466 1514/1514 1515/1515
f 1515/1515 1465/1465 1466/1466
f 1465/1465 1515/1515 1516/1516
f 1516/1516 1464/1464 1465/1465
f 1464/1464 1516/1516 1517/1517
f 1517/1517 1463/1463 1464/1464
f 1458/1458 1501/1501 1518/1518
f 1518/1518 1509/1509 1458/1458
f 1563/1563 1567/1567 1519/1519
f 1519/1519 1510/1510 1563/1563
f 1502/1502 1537/1537 1521/1521
f 1521/1521 1460/1460 1502/1502
f 1497/1497 1533/1533 1524/1524
f 1524/1524 1472/1472 1497/1497
f 1471/1471 1523/1523 1531/1531
f 1531/1531 1495/1495 1471/1471
f 1495/1495 1531/1531 1522/1522
f 1522/1522 1470/1470 1495/1495
f 1493/1493 1529/1529 1528/1528
f 1528/1528 1476/1476 1493/1493
f 1476/1476 1528/1528 1536/1536
f 1536/1536 1500/1500 1476/1476
f 1500/1500 1536/1536 1527/1527
f 1527/1527 1475/1475 1500/1500
f 1474/1474 1526/1526 1534/1534
f 1534/1534 1498/1498 1474/1474
f 1498/1498 1534/1534 1525/1525
f 1525/1525 1473/1473 1498/1498
f 1472/1472 1524/1524 1532/1532
f 1532/1532 1496/1496 1472/1472
f 1496/1496 1532/1532 1523/1523
f 1523/1523 1471/1471 1496/1496
f 1470/1470 1522/1522 1530/1530
f 1530/1530 1494/1494 1470/1470
f 1459/1459 1520/1520 1538/1538
f 1538/1538 1506/1506 1459/1459
f 1494/1494 1530/1530 1520/1520
f 1520/1520 1459/1459 1494/1494
f 1460/1460 1521/1521 1529/1529
f 1529/1529 1493/1493 1460/1460
f 1475/1475 1527/1527 1535/1535
f 1535/1535 1499/1499 1475/1475
f 1499/1499 1535/1535 1526/1526
f 1526/1526 1474/1474 1499/1499
f 1473/1473 1525/1525 1533/1533
f 1533/1533 1497/1497 1473/1473
f 1539/1539 1493/1493 1476/1476
f 1476/1476 1486/1486 1539/1539
f 1540/1540 1500/1500 1475/1475
f 1475/1475 1487/1487 1540/1540
f 1541/1541 1499/1499 1474/1474
f 1474/1474 1488/1488 1541/1541
f 1542/1542 1498/1498 1473/1473
f 1473/1473 1489/1489 1542/1542
f 1543/1543 1497/1497 1472/1472
f 1472/1472 1490/1490 1543/1543
f 1544/1544 1496/1496 1471/1471
f 1471/1471 1491/1491 1544/1544
f 1545/1545 1495/1495 1470/1470
f 1470/1470 1492/1492 1545/1545
f 1546/1546 1494/1494 1459/1459
f 1459/1459 1484/1484 1546/1546
f 1517/1517 1559/1559 1563/1563
f 1563/1563 1510/1510 1517/1517
f 1559/1559 1560/1560 1564/1564
f 1564/1564 1563/1563 1559/1559
f 1509/1509 1561/1561 1547/1547
f 1547/1547 1511/1511 1509/1509
f 1561/1561 1562/1562 1548/1548
f 1548/1548 1547/1547 1561/1561
f 1511/1511 1547/1547 1549/1549
f 1549/1549 1512/1512 1511/1511
f 1547/1547 1548/1548 1550/1550
f 1550/1550 1549/1549 1547/1547
f 1512/1512 1549/1549 1551/1551
f 1551/1551 1513/1513 1512/1512
f 1549/1549 1550/1550 1552/1552
f 1552/1552 1551/1551 1549/1549
f 1513/1513 1551/1551 1553/1553
f 1553/1553 1514/1514 1513/1513
f 1551/1551 1552/1552 1554/1554
f 1554/1554 1553/1553 1551/1551
f 1514/1514 1553/1553 1555/1555
f 1555/1555 1515/1515 1514/1514
f 1553/1553 1554/1554 1556/1556
f 1556/1556 1555/1555 1553/1553
f 1515/1515 1555/1555 1557/1557
f 1557/1557 1516/1516 1515/1515
f 1555/1555 1556/1556 1558/1558
f 1558/1558 1557/1557 1555/1555
f 1516/1516 1557/1557 1559/1559
f 1559/1559 1517/1517 1516/1516
f 1557/1557 1558/1558 1560/1560
f 1560/1560 1559/1559 1557/1557
f 1509/1509 1518/1518 1565/1565
f 1565/1565 1561/1561 1509/1509
f 1561/1561 1565/1565 1566/1566
f 1566/1566 1562/1562 1561/1561
f 1462/1462 1507/1507 1568/1568
f 1568/1568 1564/1564 1462/1462
f 1564/1564 1568/1568 1567/1567
f 1567/1567 1563/1563 1564/1564
f 1604/1604 1582/1582 1606/1606
f 1606/1606 1658/1658 1604/1604
f 1672/1672 1589/1589 1574/1574
f 1574/1574 1676/1676 1672/1672
f 1597/1597 1572/1572 1605/1605
f 1605/1605 1651/1651 1597/1597
f 1598/1598 1588/1588 1612/1612
f 1612/1612 1652/1652 1598/1598
f 1599/1599 1587/1587 1611/1611
f 1611/1611 1653/1653 1599/1599
f 1600/1600 1586/1586 1610/1610
f 1610/1610 1654/1654 1600/1600
f 1601/1601 1585/1585 1609/1609
f 1609/1609 1655/1655 1601/1601
f 1602/1602 1584/1584 1608/1608
f 1608/1608 1656/1656 1602/1602
f 1603/1603 1583/1583 1607/1607
f 1607/1607 1657/1657 1603/1603
f 1674/1674 1573/1573 1595/1595
f 1595/1595 1660/1660 1674/1674
f 1660/1660 1595/1595 1594/1594
f 1594/1594 1662/1662 1660/1660
f 1662/1662 1594/1594 1593/1593
f 1593/1593 1664/1664 1662/1662
f 1664/1664 1593/1593 1592/1592
f 1592/1592 1666/1666 1664/1664
f 1666/1666 1592/1592 1591/1591
f 1591/1591 1668/1668 1666/1666
f 1668/1668 1591/1591 1590/1590
f 1590/1590 1670/1670 1668/1668
f 1670/1670 1590/1590 1589/1589
f 1589/1589 1672/1672 1670/1670
f 1589/1589 1604/1604 1658/1658
f 1589/1589 1658/1658 1596/1596
f 1589/1589 1596/1596 1574/1574
f 1573/1573 1597/1597 1651/1651
f 1573/1573 1651/1651 1598/1598
f 1573/1573 1598/1598 1595/1595
f 1595/1595 1598/1598 1652/1652
f 1595/1595 1652/1652 1599/1599
f 1595/1595 1599/1599 1594/1594
f 1594/1594 1599/1599 1653/1653
f 1594/1594 1653/1653 1600/1600
f 1594/1594 1600/1600 1593/1593
f 1593/1593 1600/1600 1654/1654
f 1593/1593 1654/1654 1601/1601
f 1593/1593 1601/1601 1592/1592
f 1592/1592 1601/1601 1655/1655
f 1592/1592 1655/1655 1602/1602
f 1592/1592 1602/1602 1591/1591
f 1591/1591 1602/1602 1656/1656
f 1591/1591 1656/1656 1603/1603
f 1591/1591 1603/1603 1590/1590
f 1590/1590 1603/1603 1657/1657
f 1590/1590 1657/1657 1604/1604
f 1590/1590 1604/1604 1589/1589
f 1573/1573 1615/1615 1616/1616
f 1616/1616 1597/1597 1573/1573
f 1597/1597 1616/1616 1614/1614
f 1614/1614 1572/1572 1597/1597
f 1674/1674 1678/1678 1615/1615
f 1615/1615 1573/1573 1674/1674
f 1596/1596 1620/1620 1619/1619
f 1619/1619 1574/1574 1596/1596
f 1622/1622 1631/1631 1617/1617
f 1617/1617 1569/1569 1622/1622
f 1571/1571 1618/1618 1620/1620
f 1620/1620 1596/1596 1571/1571
f 1575/1575 1629/1629 1622/1622
f 1622/1622 1569/1569 1575/1575
f 1570/1570 1621/1621 1623/1623
f 1623/1623 1581/1581 1570/1570
f 1581/1581 1623/1623 1624/1624
f 1624/1624 1580/1580 1581/1581
f 1580/1580 1624/1624 1625/1625
f 1625/1625 1579/1579 1580/1580
f 1579/1579 1625/1625 1626/1626
f 1626/1626 1578/1578 1579/1579
f 1578/1578 1626/1626 1627/1627
f 1627/1627 1577/1577 1578/1578
f 1577/1577 1627/1627 1628/1628
f 1628/1628 1576/1576 1577/1577
f 1576/1576 1628/1628 1629/1629
f 1629/1629 1575/1575 1576/1576
f 1570/1570 1613/1613 1630/1630
f 1630/1630 1621/1621 1570/1570
f 1675/1675 1679/1679 1631/1631
f 1631/1631 1622/1622 1675/1675
f 1614/1614 1649/1649 1633/1633
f 1633/1633 1572/1572 1614/1614
f 1609/1609 1645/1645 1636/1636
f 1636/1636 1584/1584 1609/1609
f 1583/1583 1635/1635 1643/1643
f 1643/1643 1607/1607 1583/1583
f 1607/1607 1643/1643 1634/1634
f 1634/1634 1582/1582 1607/1607
f 1605/1605 1641/1641 1640/1640
f 1640/1640 1588/1588 1605/1605
f 1588/1588 1640/1640 1648/1648
f 1648/1648 1612/1612 1588/1588
f 1612/1612 1648/1648 1639/1639
f 1639/1639 1587/1587 1612/1612
f 1586/1586 1638/1638 1646/1646
f 1646/1646 1610/1610 1586/1586
f 1610/1610 1646/1646 1637/1637
f 1637/1637 1585/1585 1610/1610
f 1584/1584 1636/1636 1644/1644
f 1644/1644 1608/1608 1584/1584
f 1608/1608 1644/1644 1635/1635
f 1635/1635 1583/1583 1608/1608
f 1582/1582 1634/1634 1642/1642
f 1642/1642 1606/1606 1582/1582
f 1571/1571 1632/1632 1650/1650
f 1650/1650 1618/1618 1571/1571
f 1606/1606 1642/1642 1632/1632
f 1632/1632 1571/1571 1606/1606
f 1572/1572 1633/1633 1641/1641
f 1641/1641 1605/1605 1572/1572
f 1587/1587 1639/1639 1647/1647
f 1647/1647 1611/1611 1587/1587
f 1611/1611 1647/1647 1638/1638
f 1638/1638 1586/1586 1611/1611
f 1585/1585 1637/1637 1645/1645
f 1645/1645 1609/1609 1585/1585
f 1651/1651 1605/1605 1588/1588
f 1588/1588 1598/1598 1651/1651
f 1652/1652 1612/1612 1587/1587
f 1587/1587 1599/1599 1652/1652
f 1653/1653 1611/1611 1586/1586
f 1586/1586 1600/1600 1653/1653
f 1654/1654 1610/1610 1585/1585
f 1585/1585 1601/1601 1654/1654
f 1655/1655 1609/1609 1584/1584
f 1584/1584 1602/1602 1655/1655
f 1656/1656 1608/1608 1583/1583
f 1583/1583 1603/1603 1656/1656
f 1657/1657 1607/1607 1582/1582
f 1582/1582 1604/1604 1657/1657
f 1658/1658 1606/1606 1571/1571
f 1571/1571 1596/1596 1658/1658
f 1629/1629 1671/1671 1675/1675
f 1675/1675 1622/1622 1629/1629
f 1671/1671 1672/1672 1676/1676
f 1676/1676 1675/1675 1671/1671
f 1621/1621 1673/1673 1659/1659
f 1659/1659 1623/1623 1621/1621
f 1673/1673 1674/1674 1660/1660
f 1660/1660 1659/1659 1673/1673
f 1623/1623 1659/1659 1661/1661
f 1661/1661 1624/1624 1623/1623
f 1659/1659 1660/1660 1662/1662
f 1662/1662 1661/1661 1659/1659
f 1624/1624 1661/1661 1663/1663
f 1663/1663 1625/1625 1624/1624
f 1661/1661 1662/1662 1664/1664
f 1664/1664 1663/1663 1661/1661
f 1625/1625 1663/1663 1665/1665
f 1665/1665 1626/1626 1625/1625
f 1663/1663 1664/1664 1666/1666
f 1666/1666 1665/1665 1663/1663
f 1626/1626 1665/1665 1667/1667
f 1667/1667 1627/1627 1626/1626
f 1665/1665 1666/1666 1668/1668
f 1668/1668 1667/1667 1665/1665
f 1627/1627 1667/1667 1669/1669
f 1669/1669 1628/1628 1627/1627
f 1667/1667 1668/1668 1670/1670
f 1670/1670 1669/1669 1667/1667
f 1628/1628 1669/1669 1671/1671
f 1671/1671 1629/1629 1628/1628
f 1669/1669 1670/1670 1672/1672
f 1672/1672 1671/1671 1669/1669
f 1621/1621 1630/1630 1677/1677
f 1677/1677 1673/1673 1621/1621
f 1673/1673 1677/1677 1678/1678
f 1678/1678 1674/1674 1673/1673
f 1574/1574 1619/1619 1680/1680
f 1680/1680 1676/1676 1574/1574
f 1676/1676 1680/1680 1679/1679
f 1679/1679 1675/1675 1676/1676
f 1716/1716 1770/1770 1718/1718
f 1718/1718 1694/1694 1716/1716
f 1784/1784 1788/1788 1686/1686
f 1686/1686 1701/1701 1784/1784
f 1709/1709 1763/1763 1717/1717
f 1717/1717 1684/1684 1709/1709
f 1710/1710 1764/1764 1724/1724
f 1724/1724 1700/1700 1710/1710
f 1711/1711 1765/1765 1723/1723
f 1723/1723 1699/1699 1711/1711
f 1712/1712 1766/1766 1722/1722
f 1722/1722 1698/1698 1712/1712
f 1713/1713 1767/1767 1721/1721
f 1721/1721 1697/1697 1713/1713
f 1714/1714 1768/1768 1720/1720
f 1720/1720 1696/1696 1714/1714
f 1715/1715 1769/1769 1719/1719
f 1719/1719 1695/1695 1715/1715
f 1786/1786 1772/1772 1707/1707
f 1707/1707 1685/1685 1786/1786
f 1772/1772 1774/1774 1706/1706
f 1706/1706 1707/1707 1772/1772
f 1774/1774 1776/1776 1705/1705
f 1705/1705 1706/1706 1774/1774
f 1776/1776 1778/1778 1704/1704
f 1704/1704 1705/1705 1776/1776
f 1778/1778 1780/1780 1703/1703
f 1703/1703 1704/1704 1778/1778
f 1780/1780 1782/1782 1702/1702
f 1702/1702 1703/1703 1780/1780
f 1782/1782 1784/1784 1701/1701
f 1701/1701 1702/1702 1782/1782
f 1701/1701 1686/1686 1708/1708
f 1701/1701 1708/1708 1770/1770
f 1701/1701 1770/1770 1716/1716
f 1685/1685 1707/1707 1710/1710
f 1685/1685 1710/1710 1763/1763
f 1685/1685 1763/1763 1709/1709
f 1707/1707 1706/1706 1711/1711
f 1707/1707 1711/1711 1764/1764
f 1707/1707 1764/1764 1710/1710
f 1706/1706 1705/1705 1712/1712
f 1706/1706 1712/1712 1765/1765
f 1706/1706 1765/1765 1711/1711
f 1705/1705 1704/1704 1713/1713
f 1705/1705 1713/1713 1766/1766
f 1705/1705 1766/1766 1712/1712
f 1704/1704 1703/1703 1714/1714
f 1704/1704 1714/1714 1767/1767
f 1704/1704 1767/1767 1713/1713
f 1703/1703 1702/1702 1715/1715
f 1703/1703 1715/1715 1768/1768
f 1703/1703 1768/1768 1714/1714
f 1702/1702 1701/1701 1716/1716
f 1702/1702 1716/1716 1769/1769
f 1702/1702 1769/1769 1715/1715
f 1685/1685 1709/1709 1728/1728
f 1728/1728 1727/1727 1685/1685
f 1709/1709 1684/1684 1726/1726
f 1726/1726 1728/1728 1709/1709
f 1786/1786 1685/1685 1727/1727
f 1727/1727 1790/1790 1786/1786
f 1708/1708 1686/1686 1731/1731
f 1731/1731 1732/1732 1708/1708
f 1734/1734 1681/1681 1729/1729
f 1729/1729 1743/1743 1734/1734
f 1683/1683 1708/1708 1732/1732
f 1732/1732 1730/1730 1683/1683
f 1687/1687 1681/1681 1734/1734
f 1734/1734 1741/1741 1687/1687
f 1682/1682 1693/1693 1735/1735
f 1735/1735 1733/1733 1682/1682
f 1693/1693 1692/1692 1736/1736
f 1736/1736 1735/1735 1693/1693
f 1692/1692 1691/1691 1737/1737
f 1737/1737 1736/1736 1692/1692
f 1691/1691 1690/1690 1738/1738
f 1738/1738 1737/1737 1691/1691
f 1690/1690 1689/1689 1739/1739
f 1739/1739 1738/1738 1690/1690
f 1689/1689 1688/1688 1740/1740
f 1740/1740 1739/1739 1689/1689
f 1688/1688 1687/1687 1741/1741
f 1741/1741 1740/1740 1688/1688
f 1682/1682 1733/1733 1742/1742
f 1742/1742 1725/1725 1682/1682
f 1787/1787 1734/1734 1743/1743
f 1743/1743 1791/1791 1787/1787
f 1726/1726 1684/1684 1745/1745
f 1745/1745 1761/1761 1726/1726
f 1721/1721 1696/1696 1748/1748
f 1748/1748 1757/1757 1721/1721
f 1695/1695 1719/1719 1755/1755
f 1755/1755 1747/1747 1695/1695
f 1719/1719 1694/1694 1746/1746
f 1746/1746 1755/1755 1719/1719
f 1717/1717 1700/1700 1752/1752
f 1752/1752 1753/1753 1717/1717
f 1700/1700 1724/1724 1760/1760
f 1760/1760 1752/1752 1700/1700
f 1724/1724 1699/1699 1751/1751
f 1751/1751 1760/1760 1724/1724
f 1698/1698 1722/1722 1758/1758
f 1758/1758 1750/1750 1698/1698
f 1722/1722 1697/1697 1749/1749
f 1749/1749 1758/1758 1722/1722
f 1696/1696 1720/1720 1756/1756
f 1756/1756 1748/1748 1696/1696
f 1720/1720 1695/1695 1747/1747
f 1747/1747 1756/1756 1720/1720
f 1694/1694 1718/1718 1754/1754
f 1754/1754 1746/1746 1694/1694
f 1683/1683 1730/1730 1762/1762
f 1762/1762 1744/1744 1683/1683
f 1718/1718 1683/1683 1744/1744
f 1744/1744 1754/1754 1718/1718
f 1684/1684 1717/1717 1753/1753
f 1753/1753 1745/1745 1684/1684
f 1699/1699 1723/1723 1759/1759
f 1759/1759 1751/1751 1699/1699
f 1723/1723 1698/1698 1750/1750
f 1750/1750 1759/1759 1723/1723
f 1697/1697 1721/1721 1757/1757
f 1757/1757 1749/1749 1697/1697
f 1763/1763 1710/1710 1700/1700
f 1700/1700 1717/1717 1763/1763
f 1764/1764 1711/1711 1699/1699
f 1699/1699 1724/1724 1764/1764
f 1765/1765 1712/1712 1698/1698
f 1698/1698 1723/1723 1765/1765
f 1766/1766 1713/1713 1697/1697
f 1697/1697 1722/1722 1766/1766
f 1767/1767 1714/1714 1696/1696
f 1696/1696 1721/1721 1767/1767
f 1768/1768 1715/1715 1695/1695
f 1695/1695 1720/1720 1768/1768
f 1769/1769 1716/1716 1694/1694
f 1694/1694 1719/1719 1769/1769
f 1770/1770 1708/1708 1683/1683
f 1683/1683 1718/1718 1770/1770
f 1741/1741 1734/1734 1787/1787
f 1787/1787 1783/1783 1741/1741
f 1783/1783 1787/1787 1788/1788
f 1788/1788 1784/1784 1783/1783
f 1733/1733 1735/1735 1771/1771
f 1771/1771 1785/1785 1733/1733
f 1785/1785 1771/1771 1772/1772
f 1772/1772 1786/1786 1785/1785
f 1735/1735 1736/1736 1773/1773
f 1773/1773 1771/1771 1735/1735
f 1771/1771 1773/1773 1774/1774
f 1774/1774 1772/1772 1771/1771
f 1736/1736 1737/1737 1775/1775
f 1775/1775 1773/1773 1736/1736
f 1773/1773 1775/1775 1776/1776
f 1776/1776 1774/1774 1773/1773
f 1737/1737 1738/1738 1777/1777
f 1777/1777 1775/1775 1737/1737
f 1775/1775 1777/1777 1778/1778
f 1778/1778 1776/1776 1775/1775
f 1738/1738 1739/1739 1779/1779
f 1779/1779 1777/1777 1738/1738
f 1777/1777 1779/1779 1780/1780
f 1780/1780 1778/1778 1777/1777
f 1739/1739 1740/1740 1781/1781
f 1781/1781 1779/1779 1739/1739
f 1779/1779 1781/1781 1782/1782
f 1782/1782 1780/1780 1779/1779
f 1740/1740 1741/1741 1783/1783
f 1783/1783 1781/1781 1740/1740
f 1781/1781 1783/1783 1784/1784
f 1784/1784 1782/1782 1781/1781
f 1733/1733 1785/1785 1789/1789
f 1789/1789 1742/1742 1733/1733
f 1785/1785 1786/1786 1790/1790
f 1790/1790 1789/1789 1785/1785
f 1686/1686 1788/1788 1792/1792
f 1792/1792 1731/1731 1686/1686
f 1788/1788 1787/1787 1791/1791
f 1791/1791 1792/1792 1788/1788
f 1828/1828 1882/1882 1830/1830
f 1830/1830 1806/1806 1828/1828
f 1896/1896 1900/1900 1798/1798
f 1798/1798 1813/1813 1896/1896
f 1821/1821 1875/1875 1829/1829
f 1829/1829 1796/1796 1821/1821
f 1822/1822 1876/1876 1836/1836
f 1836/1836 1812/1812 1822/1822
f 1823/1823 1877/1877 1835/1835
f 1835/1835 1811/1811 1823/1823
f 1824/1824 1878/1878 1834/1834
f 1834/1834 1810/1810 1824/1824
f 1825/1825 1879/1879 1833/1833
f 1833/1833 1809/1809 1825/1825
f 1826/1826 1880/1880 1832/1832
f 1832/1832 1808/1808 1826/1826
f 1827/1827 1881/1881 1831/1831
f 1831/1831 1807/1807 1827/1827
f 1898/1898 1884/1884 1819/1819
f 1819/1819 1797/1797 1898/1898
f 1884/1884 1886/1886 1818/1818
f 1818/1818 1819/1819 1884/1884
f 1886/1886 1888/1888 1817/1817
f 1817/1817 1818/1818 1886/1886
f 1888/1888 1890/1890 1816/1816
f 1816/1816 1817/1817 1888/1888
f 1890/1890 1892/1892 1815/1815
f 1815/1815 1816/1816 1890/1890
f 1892/1892 1894/1894 1814/1814
f 1814/1814 1815/1815 1892/1892
f 1894/1894 1896/1896 1813/1813
f 1813/1813 1814/1814 1894/1894
f 1813/1813 1798/1798 1820/1820
f 1813/1813 1820/1820 1882/1882
f 1813/1813 1882/1882 1828/1828
f 1797/1797 1819/1819 1822/1822
f 1797/1797 1822/1822 1875/1875
f 1797/1797 1875/1875 1821/1821
f 1819/1819 1818/1818 1823/1823
f 1819/1819 1823/1823 1876/1876
f 1819/1819 1876/1876 1822/1822
f 1818/1818 1817/1817 1824/1824
f 1818/1818 1824/1824 1877/1877
f 1818/1818 1877/1877 1823/1823
f 1817/1817 1816/1816 1825/1825
f 1817/1817 1825/1825 1878/1878
f 1817/1817 1878/1878 1824/1824
f 1816/1816 1815/1815 1826/1826
f 1816/1816 1826/1826 1879/1879
f 1816/1816 1879/1879 1825/1825
f 1815/1815 1814/1814 1827/1827
f 1815/1815 1827/1827 1880/1880
f 1815/1815 1880/1880 1826/1826
f 1814/1814 1813/1813 1828/1828
f 1814/1814 1828/1828 1881/1881
f 1814/1814 1881/1881 1827/1827
f 1797/1797 1821/1821 1840/1840
f 1840/1840 1839/1839 1797/1797
f 1821/1821 1796/1796 1838/1838
f 1838/1838 1840/1840 1821/1821
f 1898/1898 1797/1797 1839/1839
f 1839/1839 1902/1902 1898/1898
f 1820/1820 1798/1798 1843/1843
f 1843/1843 1844/1844 1820/1820
f 1846/1846 1793/1793 1841/1841
f 1841/1841 1855/1855 1846/1846
f 1795/1795 1820/1820 1844/1844
f 1844/1844 1842/1842 1795/1795
f 1799/1799 1793/1793 1846/1846
f 1846/1846 1853/1853 1799/1799
f 1794/1794 1805/1805 1847/1847
f 1847/1847 1845/1845 1794/1794
f 1805/1805 1804/1804 1848/1848
f 1848/1848 1847/1847 1805/1805
f 1804/1804 1803/1803 1849/1849
f 1849/1849 1848/1848 1804/1804
f 1803/1803 1802/1802 1850/1850
f 1850/1850 1849/1849 1803/1803
f 1802/1802 1801/1801 1851/1851
f 1851/1851 1850/1850 1802/1802
f 1801/1801 1800/1800 1852/1852
f 1852/1852 1851/1851 1801/1801
f 1800/1800 1799/1799 1853/1853
f 1853/1853 1852/1852 1800/1800
f 1794/1794 1845/1845 1854/1854
f 1854/1854 1837/1837 1794/1794
f 1899/1899 1846/1846 1855/1855
f 1855/1855 1903/1903 1899/1899
f 1838/1838 1796/1796 1857/1857
f 1857/1857 1873/1873 1838/1838
f 1833/1833 1808/1808 1860/1860
f 1860/1860 1869/1869 1833/1833
f 1807/1807 1831/1831 1867/1867
f 1867/1867 1859/1859 1807/1807
f 1831/1831 1806/1806 1858/1858
f 1858/1858 1867/1867 1831/1831
f 1829/1829 1812/1812 1864/1864
f 1864/1864 1865/1865 1829/1829
f 1812/1812 1836/1836 1872/1872
f 1872/1872 1864/1864 1812/1812
f 1836/1836 1811/1811 1863/1863
f 1863/1863 1872/1872 1836/1836
f 1810/1810 1834/1834 1870/1870
f 1870/1870 1862/1862 1810/1810
f 1834/1834 1809/1809 1861/1861
f 1861/1861 1870/1870 1834/1834
f 1808/1808 1832/1832 1868/1868
f 1868/1868 1860/1860 1808/1808
f 1832/1832 1807/1807 1859/1859
f 1859/1859 1868/1868 1832/1832
f 1806/1806 1830/1830 1866/1866
f 1866/1866 1858/1858 1806/1806
f 1795/1795 1842/1842 1874/1874
f 1874/1874 1856/1856 1795/1795
f 1830/1830 1795/1795 1856/1856
f 1856/1856 1866/1866 1830/1830
f 1796/1796 1829/1829 1865/1865
f 1865/1865 1857/1857 1796/1796
f 1811/1811 1835/1835 1871/1871
f 1871/1871 1863/1863 1811/1811
f 1835/1835 1810/1810 1862/1862
f 1862/1862 1871/1871 1835/1835
f 1809/1809 1833/1833 1869/1869
f 1869/1869 1861/1861 1809/1809
f 1875/1875 1822/1822 1812/1812
f 1812/1812 1829/1829 1875/1875
f 1876/1876 1823/1823 1811/1811
f 1811/1811 1836/1836 1876/1876
f 1877/1877 1824/1824 1810/1810
f 1810/1810 1835/1835 1877/1877
f 1878/1878 1825/1825 1809/1809
f 1809/1809 1834/1834 1878/1878
f 1879/1879 1826/1826 1808/1808
f 1808/1808 1833/1833 1879/1879
f 1880/1880 1827/1827 1807/1807
f 1807/1807 1832/1832 1880/1880
f 1881/1881 1828/1828 1806/1806
f 1806/1806 1831/1831 1881/1881
f 1882/1882 1820/1820 1795/1795
f 1795/1795 1830/1830 1882/1882
f 1853/1853 1846/1846 1899/1899
f 1899/1899 1895/1895 1853/1853
f 1895/1895 1899/1899 1900/1900
f 1900/1900 1896/1896 1895/1895
f 1845/1845 1847/1847 1883/1883
f 1883/1883 1897/1897 1845/1845
f 1897/1897 1883/1883 1884/1884
f 1884/1884 1898/1898 1897/1897
f 1847/1847 1848/1848 1885/1885
f 1885/1885 1883/1883 1847/1847
f 1883/1883 1885/1885 1886/1886
f 1886/1886 1884/1884 1883/1883
f 1848/1848 1849/1849 1887/1887
f 1887/1887 1885/1885 1848/1848
f 1885/1885 1887/1887 1888/1888
f 1888/1888 1886/1886 1885/1885
f 1849/1849 1850/1850 1889/1889
f 1889/1889 1887/1887 1849/1849
f 1887/1887 1889/1889 1890/1890
f 1890/1890 1888/1888 1887/1887
f 1850/1850 1851/1851 1891/1891
f 1891/1891 1889/1889 1850/1850
f 1889/1889 1891/1891 1892/1892
f 1892/1892 1890/1890 1889/1889
f 1851/1851 1852/1852 1893/1893
f 1893/1893 1891/1891 1851/1851
f 1891/1891 1893/1893 1894/1894
f 1894/1894 1892/1892 1891/1891
f 1852/1852 1853/1853 1895/1895
f 1895/1895 1893/1893 1852/1852
f 1893/1893 1895/1895 1896/1896
f 1896/1896 1894/1894 1893/1893
f 1845/1845 1897/1897 1901/1901
f 1901/1901 1854/1854 1845/1845
f 1897/1897 1898/1898 1902/1902
f 1902/1902 1901/1901 1897/1897
f 1798/1798 1900/1900 1904/1904
f 1904/1904 1843/1843 1798/1798
f 1900/1900 1899/1899 1903/1903
f 1903/1903 1904/1904 1900/1900
f 1940/1940 1994/1994 1942/1942
f 1942/1942 1918/1918 1940/1940
f 2008/2008 2012/2012 1910/1910
f 1910/1910 1925/1925 2008/2008
f 1933/1933 1987/1987 1941/1941
f 1941/1941 1908/1908 1933/1933
f 1934/1934 1988/1988 1948/1948
f 1948/1948 1924/1924 1934/1934
f 1935/1935 1989/1989 1947/1947
f 1947/1947 1923/1923 1935/1935
f 1936/1936 1990/1990 1946/1946
f 1946/1946 1922/1922 1936/1936
f 1937/1937 1991/1991 1945/1945
f 1945/1945 1921/1921 1937/1937
f 1938/1938 1992/1992 1944/1944
f 1944/1944 1920/1920 1938/1938
f 1939/1939 1993/1993 1943/1943
f 1943/1943 1919/1919 1939/1939
f 2010/2010 1996/1996 1931/1931
f 1931/1931 1909/1909 2010/2010
f 1996/1996 1998/1998 1930/1930
f 1930/1930 1931/1931 1996/1996
f 1998/1998 2000/2000 1929/1929
f 1929/1929 1930/1930 1998/1998
f 2000/2000 2002/2002 1928/1928
f 1928/1928 1929/1929 2000/2000
f 2002/2002 2004/2004 1927/1927
f 1927/1927 1928/1928 2002/2002
f 2004/2004 2006/2006 1926/1926
f 1926/1926 1927/1927 2004/2004
f 2006/2006 2008/2008 1925/1925
f 1925/1925 1926/1926 2006/2006
f 1925/1925 1910/1910 1932/1932
f 1925/1925 1932/1932 1994/1994
f 1925/1925 1994/1994 1940/1940
f 1909/1909 1931/1931 1934/1934
f 1909/1909 1934/1934 1987/1987
f 1909/1909 1987/1987 1933/1933
f 1931/1931 1930/1930 1935/1935
f 1931/1931 1935/1935 1988/1988
f 1931/1931 1988/1988 1934/1934
f 1930/1930 1929/1929 1936/1936
f 1930/1930 1936/1936 1989/1989
f 1930/1930 1989/1989 1935/1935
f 1929/1929 1928/1928 1937/1937
f 1929/1929 1937/1937 1990/1990
f 1929/1929 1990/1990 1936/1936
f 1928/1928 1927/1927 1938/1938
f 1928/1928 1938/1938 1991/1991
f 1928/1928 1991/1991 1937/1937
f 1927/1927 1926/1926 1939/1939
f 1927/1927 1939/1939 1992/1992
f 1927/1927 1992/1992 1938/1938
f 1926/1926 1925/1925 1940/1940
f 1926/1926 1940/1940 1993/1993
f 1926/1926 1993/1993 1939/1939
f 1909/1909 1933/1933 1952/1952
f 1952/1952 1951/1951 1909/1909
f 1933/1933 1908/1908 1950/1950
f 1950/1950 1952/1952 1933/1933
f 2010/2010 1909/1909 1951/1951
f 1951/1951 2014/2014 2010/2010
f 1932/1932 1910/1910 1955/1955
f 1955/1955 1956/1956 1932/1932
f 1958/1958 1905/1905 1953/1953
f 1953/1953 1967/1967 1958/1958
f 1907/1907 1932/1932 1956/1956
f 1956/1956 1954/1954 1907/1907
f 1911/1911 1905/1905 1958/1958
f 1958/1958 1965/1965 1911/1911
f 1906/1906 1917/1917 1959/1959
f 1959/1959 1957/1957 1906/1906
f 1917/1917 1916/1916 1960/1960
f 1960/1960 1959/1959 1917/1917
f 1916/1916 1915/1915 1961/1961
f 1961/1961 1960/1960 1916/1916
f 1915/1915 1914/1914 1962/1962
f 1962/1962 1961/1961 1915/1915
f 1914/1914 1913/1913 1963/1963
f 1963/1963 1962/1962 1914/1914
f 1913/1913 1912/1912 1964/1964
f 1964/1964 1963/1963 1913/1913
f 1912/1912 1911/1911 1965/1965
f 1965/1965 1964/1964 1912/1912
f 1906/1906 1957/1957 1966/1966
f 1966/1966 1949/1949 1906/1906
f 2011/2011 1958/1958 1967/1967
f 1967/1967 2015/2015 2011/2011
f 1950/1950 1908/1908 1969/1969
f 1969/1969 1985/1985 1950/1950
f 1945/1945 1920/1920 1972/1972
f 1972/1972 1981/1981 1945/1945
f 1919/1919 1943/1943 1979/1979
f 1979/1979 1971/1971 1919/1919
f 1943/1943 1918/1918 1970/1970
f 1970/1970 1979/1979 1943/1943
f 1941/1941 1924/1924 1976/1976
f 1976/1976 1977/1977 1941/1941
f 1924/1924 1948/1948 1984/1984
f 1984/1984 1976/1976 1924/1924
f 1948/1948 1923/1923 1975/1975
f 1975/1975 1984/1984 1948/1948
f 1922/1922 1946/1946 1982/1982
f 1982/1982 1974/1974 1922/1922
f 1946/1946 1921/1921 1973/1973
f 1973/1973 1982/1982 1946/1946
f 1920/1920 1944/1944 1980/1980
f 1980/1980 1972/1972 1920/1920
f 1944/1944 1919/1919 1971/1971
f 1971/1971 1980/1980 1944/1944
f 1918/1918 1942/1942 1978/1978
f 1978/1978 1970/1970 1918/1918
f 1907/1907 1954/1954 1986/1986
f 1986/1986 1968/1968 1907/1907
f 1942/1942 1907/1907 1968/1968
f 1968/1968 1978/1978 1942/1942
f 1908/1908 1941/1941 1977/1977
f 1977/1977 1969/1969 1908/1908
f 1923/1923 1947/1947 1983/1983
f 1983/1983 1975/1975 1923/1923
f 1947/1947 1922/1922 1974/1974
f 1974/1974 1983/1983 1947/1947
f 1921/1921 1945/1945 1981/1981
f 1981/1981 1973/1973 1921/1921
f 1987/1987 1934/1934 1924/1924
f 1924/1924 1941/1941 1987/1987
f 1988/1988 1935/1935 1923/1923
f 1923/1923 1948/1948 1988/1988
f 1989/1989 1936/1936 1922/1922
f 1922/1922 1947/1947 1989/1989
f 1990/1990 1937/1937 1921/1921
f 1921/1921 1946/1946 1990/1990
f 1991/1991 1938/1938 1920/1920
f 1920/1920 1945/1945 1991/1991
f 1992/1992 1939/1939 1919/1919
f 1919/1919 1944/1944 1992/1992
f 1993/1993 1940/1940 1918/1918
f 1918/1918 1943/1943 1993/1993
f 1994/1994 1932/1932 1907/1907
f 1907/1907 1942/1942 1994/1994
f 1965/1965 1958/1958 2011/2011
f 2011/2011 2007/2007 1965/1965
f 2007/2007 2011/2011 2012/2012
f 2012/2012 2008/2008 2007/2007
f 1957/1957 1959/1959 1995/1995
f 1995/1995 2009/2009 1957/1957
f 2009/2009 1995/1995 1996/1996
f 1996/1996 2010/2010 2009/2009
f 1959/1959 1960/1960 1997/1997
f 1997/1997 1995/1995 1959/1959
f 1995/1995 1997/1997 1998/1998
f 1998/1998 1996/1996 1995/1995
f 1960/1960 1961/1961 1999/1999
f 1999/1999 1997/1997 1960/1960
f 1997/1997 1999/1999 2000/2000
f 2000/2000 1998/1998 1997/1997
f 1961/1961 1962/1962 2001/2001
f 2001/2001 1999/1999 1961/1961
f 1999/1999 2001/2001 2002/2002
f 2002/2002 2000/2000 1999/1999
f 1962/1962 1963/1963 2003/2003
f 2003/2003 2001/2001 1962/1962
f 2001/2001 2003/2003 2004/2004
f 2004/2004 2002/2002 2001/2001
f 1963/1963 1964/1964 2005/2005
f 2005/2005 2003/2003 1963/1963
f 2003/2003 2005/2005 2006/2006
f 2006/2006 2004/2004 2003/2003
f 1964/1964 1965/1965 2007/2007
f 2007/2007 2005/2005 1964/1964
f 2005/2005 2007/2007 2008/2008
f 2008/2008 2006/2006 2005/2005
f 1957/1957 2009/2009 2013/2013
f 2013/2013 1966/1966 1957/1957
f 2009/2009 2010/2010 2014/2014
f 2014/2014 2013/2013 2009/2009
f 1910/1910 2012/2012 2016/2016
f 2016/2016 1955/1955 1910/1910
f 2012/2012 2011/2011 2015/2015
f 2015/2015 2016/2016 2012/2012
f 2052/2052 2030/2030 2054/2054
f 2054/2054 2106/2106 2052/2052
f 2120/2120 2037/2037 2022/2022
f 2022/2022 2124/2124 2120/2120
f 2045/2045 2020/2020 2053/2053
f 2053/2053 2099/2099 2045/2045
f 2046/2046 2036/2036 2060/2060
f 2060/2060 2100/2100 2046/2046
f 2047/2047 2035/2035 2059/2059
f 2059/2059 2101/2101 2047/2047
f 2048/2048 2034/2034 2058/2058
f 2058/2058 2102/2102 2048/2048
f 2049/2049 2033/2033 2057/2057
f 2057/2057 2103/2103 2049/2049
f 2050/2050 2032/2032 2056/2056
f 2056/2056 2104/2104 2050/2050
f 2051/2051 2031/2031 2055/2055
f 2055/2055 2105/2105 2051/2051
f 2122/2122 2021/2021 2043/2043
f 2043/2043 2108/2108 2122/2122
f 2108/2108 2043/2043 2042/2042
f 2042/2042 2110/2110 2108/2108
f 2110/2110 2042/2042 2041/2041
f 2041/2041 2112/2112 2110/2110
f 2112/2112 2041/2041 2040/2040
f 2040/2040 2114/2114 2112/2112
f 2114/2114 2040/2040 2039/2039
f 2039/2039 2116/2116 2114/2114
f 2116/2116 2039/2039 2038/2038
f 2038/2038 2118/2118 2116/2116
f 2118/2118 2038/2038 2037/2037
f 2037/2037 2120/2120 2118/2118
f 2037/2037 2052/2052 2106/2106
f 2037/2037 2106/2106 2044/2044
f 2037/2037 2044/2044 2022/2022
f 2021/2021 2045/2045 2099/2099
f 2021/2021 2099/2099 2046/2046
f 2021/2021 2046/2046 2043/2043
f 2043/2043 2046/2046 2100/2100
f 2043/2043 2100/2100 2047/2047
f 2043/2043 2047/2047 2042/2042
f 2042/2042 2047/2047 2101/2101
f 2042/2042 2101/2101 2048/2048
f 2042/2042 2048/2048 2041/2041
f 2041/2041 2048/2048 2102/2102
f 2041/2041 2102/2102 2049/2049
f 2041/2041 2049/2049 2040/2040
f 2040/2040 2049/2049 2103/2103
f 2040/2040 2103/2103 2050/2050
f 2040/2040 2050/2050 2039/2039
f 2039/2039 2050/2050 2104/2104
f 2039/2039 2104/2104 2051/2051
f 2039/2039 2051/2051 2038/2038
f 2038/2038 2051/2051 2105/2105
f 2038/2038 2105/2105 2052/2052
f 2038/2038 2052/2052 2037/2037
f 2021/2021 2063/2063 2064/2064
f 2064/2064 2045/2045 2021/2021
f 2045/2045 2064/2064 2062/2062
f 2062/2062 2020/2020 2045/2045
f 2122/2122 2126/2126 2063/2063
f 2063/2063 2021/2021 2122/2122
f 2044/2044 2068/2068 2067/2067
f 2067/2067 2022/2022 2044/2044
f 2070/2070 2079/2079 2065/2065
f 2065/2065 2017/2017 2070/2070
f 2019/2019 2066/2066 2068/2068
f 2068/2068 2044/2044 2019/2019
f 2023/2023 2077/2077 2070/2070
f 2070/2070 2017/2017 2023/2023
f 2018/2018 2069/2069 2071/2071
f 2071/2071 2029/2029 2018/2018
f 2029/2029 2071/2071 2072/2072
f 2072/2072 2028/2028 2029/2029
f 2028/2028 2072/2072 2073/2073
f 2073/2073 2027/2027 2028/2028
f 2027/2027 2073/2073 2074/2074
f 2074/2074 2026/2026 2027/2027
f 2026/2026 2074/2074 2075/2075
f 2075/2075 2025/2025 2026/2026
f 2025/2025 2075/2075 2076/2076
f 2076/2076 2024/2024 2025/2025
f 2024/2024 2076/2076 2077/2077
f 2077/2077 2023/2023 2024/2024
f 2018/2018 2061/2061 2078/2078
f 2078/2078 2069/2069 2018/2018
f 2123/2123 2127/2127 2079/2079
f 2079/2079 2070/2070 2123/2123
f 2062/2062 2097/2097 2081/2081
f 2081/2081 2020/2020 2062/2062
f 2057/2057 2093/2093 2084/2084
f 2084/2084 2032/2032 2057/2057
f 2031/2031 2083/2083 2091/2091
f 2091/2091 2055/2055 2031/2031
f 2055/2055 2091/2091 2082/2082
f 2082/2082 2030/2030 2055/2055
f 2053/2053 2089/2089 2088/2088
f 2088/2088 2036/2036 2053/2053
f 2036/2036 2088/2088 2096/2096
f 2096/2096 2060/2060 2036/2036
f 2060/2060 2096/2096 2087/2087
f 2087/2087 2035/2035 2060/2060
f 2034/2034 2086/2086 2094/2094
f 2094/2094 2058/2058 2034/2034
f 2058/2058 2094/2094 2085/2085
f 2085/2085 2033/2033 2058/2058
f 2032/2032 2084/2084 2092/2092
f 2092/2092 2056/2056 2032/2032
f 2056/2056 2092/2092 2083/2083
f 2083/2083 2031/2031 2056/2056
f 2030/2030 2082/2082 2090/2090
f 2090/2090 2054/2054 2030/2030
f 2019/2019 2080/2080 2098/2098
f 2098/2098 2066/2066 2019/2019
f 2054/2054 2090/2090 2080/2080
f 2080/2080 2019/2019 2054/2054
f 2020/2020 2081/2081 2089/2089
f 2089/2089 2053/2053 2020/2020
f 2035/2035 2087/2087 2095/2095
f 2095/2095 2059/2059 2035/2035
f 2059/2059 2095/2095 2086/2086
f 2086/2086 2034/2034 2059/2059
f 2033/2033 2085/2085 2093/2093
f 2093/2093 2057/2057 2033/2033
f 2099/2099 2053/2053 2036/2036
f 2036/2036 2046/2046 2099/2099
f 2100/2100 2060/2060 2035/2035
f 2035/2035 2047/2047 2100/2100
f 2101/2101 2059/2059 2034/2034
f 2034/2034 2048/2048 2101/2101
f 2102/2102 2058/2058 2033/2033
f 2033/2033 2049/2049 2102/2102
f 2103/2103 2057/2057 2032/2032
f 2032/2032 2050/2050 2103/2103
f 2104/2104 2056/2056 2031/2031
f 2031/2031 2051/2051 2104/2104
f 2105/2105 2055/2055 2030/2030
f 2030/2030 2052/2052 2105/2105
f 2106/2106 2054/2054 2019/2019
f 2019/2019 2044/2044 2106/2106
f 2077/2077 2119/2119 2123/2123
f 2123/2123 2070/2070 2077/2077
f 2119/2119 2120/2120 2124/2124
f 2124/2124 2123/2123 2119/2119
f 2069/2069 2121/2121 2107/2107
f 2107/2107 2071/2071 2069/2069
f 2121/2121 2122/2122 2108/2108
f 2108/2108 2107/2107 2121/2121
f 2071/2071 2107/2107 2109/2109
f 2109/2109 2072/2072 2071/2071
f 2107/2107 2108/2108 2110/2110
f 2110/2110 2109/2109 2107/2107
f 2072/2072 2109/2109 2111/2111
f 2111/2111 2073/2073 2072/2072
f 2109/2109 2110/2110 2112/2112
f 2112/2112 2111/2111 2109/2109
f 2073/2073 2111/2111 2113/2113
f 2113/2113 2074/2074 2073/2073
f 2111/2111 2112/2112 2114/2114
f 2114/2114 2113/2113 2111/2111
f 2074/2074 2113/2113 2115/2115
f 2115/2115 2075/2075 2074/2074
f 2113/2113 2114/2114 2116/2116
f 2116/2116 2115/2115 2113/2113
f 2075/2075 2115/2115 2117/2117
f 2117/2117 2076/2076 2075/2075
f 2115/2115 2116/2116 2118/2118
f 2118/2118 2117/2117 2115/2115
f 2076/2076 2117/2117 2119/2119
f 2119/2119 2077/2077 2076/2076
f 2117/2117 2118/2118 2120/2120
f 2120/2120 2119/2119 2117/2117
f 2069/2069 2078/2078 2125/2125
f 2125/2125 2121/2121 2069/2069
f 2121/2121 2125/2125 2126/2126
f 2126/2126 2122/2122 2121/2121
f 2022/2022 2067/2067 2128/2128
f 2128/2128 2124/2124 2022/2022
f 2124/2124 2128/2128 2127/2127
f 2127/2127 2123/2123 2124/2124
f 2164/2164 2218/2218 2166/2166
f 2166/2166 2142/2142 2164/2164
f 2232/2232 2236/2236 2134/2134
f 2134/2134 2149/2149 2232/2232
f 2157/2157 2211/2211 2165/2165
f 2165/2165 2132/2132 2157/2157
f 2158/2158 2212/2212 2172/2172
f 2172/2172 2148/2148 2158/2158
f 2159/2159 2213/2213 2171/2171
f 2171/2171 2147/2147 2159/2159
f 2160/2160 2214/2214 2170/2170
f 2170/2170 2146/2146 2160/2160
f 2161/2161 2215/2215 2169/2169
f 2169/2169 2145/2145 2161/2161
f 2162/2162 2216/2216 2168/2168
f 2168/2168 2144/2144 2162/2162
f 2163/2163 2217/2217 2167/2167
f 2167/2167 2143/2143 2163/2163
f 2234/2234 2220/2220 2155/2155
f 2155/2155 2133/2133 2234/2234
f 2220/2220 2222/2222 2154/2154
f 2154/2154 2155/2155 2220/2220
f 2222/2222 2224/2224 2153/2153
f 2153/2153 2154/2154 2222/2222
f 2224/2224 2226/2226 2152/2152
f 2152/2152 2153/2153 2224/2224
f 2226/2226 2228/2228 2151/2151
f 2151/2151 2152/2152 2226/2226
f 2228/2228 2230/2230 2150/2150
f 2150/2150 2151/2151 2228/2228
f 2230/2230 2232/2232 2149/2149
f 2149/2149 2150/2150 2230/2230
f 2149/2149 2134/2134 2156/2156
f 2149/2149 2156/2156 2218/2218
f 2149/2149 2218/2218 2164/2164
f 2133/2133 2155/2155 2158/2158
f 2133/2133 2158/2158 2211/2211
f 2133/2133 2211/2211 2157/2157
f 2155/2155 2154/2154 2159/2159
f 2155/2155 2159/2159 2212/2212
f 2155/2155 2212/2212 2158/2158
f 2154/2154 2153/2153 2160/2160
f 2154/2154 2160/2160 2213/2213
f 2154/2154 2213/2213 2159/2159
f 2153/2153 2152/2152 2161/2161
f 2153/2153 2161/2161 2214/2214
f 2153/2153 2214/2214 2160/2160
f 2152/2152 2151/2151 2162/2162
f 2152/2152 2162/2162 2215/2215
f 2152/2152 2215/2215 2161/2161
f 2151/2151 2150/2150 2163/2163
f 2151/2151 2163/2163 2216/2216
f 2151/2151 2216/2216 2162/2162
f 2150/2150 2149/2149 2164/2164
f 2150/2150 2164/2164 2217/2217
f 2150/2150 2217/2217 2163/2163
f 2133/2133 2157/2157 2176/2176
f 2176/2176 2175/2175 2133/2133
f 2157/2157 2132/2132 2174/2174
f 2174/2174 2176/2176 2157/2157
f 2234/2234 2133/2133 2175/2175
f 2175/2175 2238/2238 2234/2234
f 2156/2156 2134/2134 2179/2179
f 2179/2179 2180/2180 2156/2156
f 2182/2182 2129/2129 2177/2177
f 2177/2177 2191/2191 2182/2182
f 2131/2131 2156/2156 2180/2180
f 2180/2180 2178/2178 2131/2131
f 2135/2135 2129/2129 2182/2182
f 2182/2182 2189/2189 2135/2135
f 2130/2130 2141/2141 2183/2183
f 2183/2183 2181/2181 2130/2130
f 2141/2141 2140/2140 2184/2184
f 2184/2184 2183/2183 2141/2141
f 2140/2140 2139/2139 2185/2185
f 2185/2185 2184/2184 2140/2140
f 2139/2139 2138/2138 2186/2186
f 2186/2186 2185/2185 2139/2139
f 2138/2138 2137/2137 2187/2187
f 2187/2187 2186/2186 2138/2138
f 2137/2137 2136/2136 2188/2188
f 2188/2188 2187/2187 2137/2137
f 2136/2136 2135/2135 2189/2189
f 2189/2189 2188/2188 2136/2136
f 2130/2130 2181/2181 2190/2190
f 2190/2190 2173/2173 2130/2130
f 2235/2235 2182/2182 2191/2191
f 2191/2191 2239/2239 2235/2235
f 2174/2174 2132/2132 2193/2193
f 2193/2193 2209/2209 2174/2174
f 2169/2169 2144/2144 2196/2196
f 2196/2196 2205/2205 2169/2169
f 2143/2143 2167/2167 2203/2203
f 2203/2203 2195/2195 2143/2143
f 2167/2167 2142/2142 2194/2194
f 2194/2194 2203/2203 2167/2167
f 2165/2165 2148/2148 2200/2200
f 2200/2200 2201/2201 2165/2165
f 2148/2148 2172/2172 2208/2208
f 2208/2208 2200/2200 2148/2148
f 2172/2172 2147/2147 2199/2199
f 2199/2199 2208/2208 2172/2172
f 2146/2146 2170/2170 2206/2206
f 2206/2206 2198/2198 2146/2146
f 2170/2170 2145/2145 2197/2197
f 2197/2197 2206/2206 2170/2170
f 2144/2144 2168/2168 2204/2204
f 2204/2204 2196/2196 2144/2144
f 2168/2168 2143/2143 2195/2195
f 2195/2195 2204/2204 2168/2168
f 2142/2142 2166/2166 2202/2202
f 2202/2202 2194/2194 2142/2142
f 2131/2131 2178/2178 2210/2210
f 2210/2210 2192/2192 2131/2131
f 2166/2166 2131/2131 2192/2192
f 2192/2192 2202/2202 2166/2166
f 2132/2132 2165/2165 2201/2201
f 2201/2201 2193/2193 2132/2132
f 2147/2147 2171/2171 2207/2207
f 2207/2207 2199/2199 2147/2147
f 2171/2171 2146/2146 2198/2198
f 2198/2198 2207/2207 2171/2171
f 2145/2145 2169/2169 2205/2205
f 2205/2205 2197/2197 2145/2145
f 2211/2211 2158/2158 2148/2148
f 2148/2148 2165/2165 2211/2211
f 2212/2212 2159/2159 2147/2147
f 2147/2147 2172/2172 2212/2212
f 2213/2213 2160/2160 2146/2146
f 2146/2146 2171/2171 2213/2213
f 2214/2214 2161/2161 2145/2145
f 2145/2145 2170/2170 2214/2214
f 2215/2215 2162/2162 2144/2144
f 2144/2144 2169/2169 2215/2215
f 2216/2216 2163/2163 2143/2143
f 2143/2143 2168/2168 2216/2216
f 2217/2217 2164/2164 2142/2142
f 2142/2142 2167/2167 2217/2217
f 2218/2218 2156/2156 2131/2131
f 2131/2131 2166/2166 2218/2218
f 2189/2189 2182/2182 2235/2235
f 2235/2235 2231/2231 2189/2189
f 2231/2231 2235/2235 2236/2236
f 2236/2236 2232/2232 2231/2231
f 2181/2181 2183/2183 2219/2219
f 2219/2219 2233/2233 2181/2181
f 2233/2233 2219/2219 2220/2220
f 2220/2220 2234/2234 2233/2233
f 2183/2183 2184/2184 2221/2221
f 2221/2221 2219/2219 2183/2183
f 2219/2219 2221/2221 2222/2222
f 2222/2222 2220/2220 2219/2219
f 2184/2184 2185/2185 2223/2223
f 2223/2223 2221/2221 2184/2184
f 2221/2221 2223/2223 2224/2224
f 2224/2224 2222/2222 2221/2221
f 2185/2185 2186/2186 2225/2225
f 2225/2225 2223/2223 2185/2185
f 2223/2223 2225/2225 2226/2226
f 2226/2226 2224/2224 2223/2223
f 2186/2186 2187/2187 2227/2227
f 2227/2227 2225/2225 2186/2186
f 2225/2225 2227/2227 2228/2228
f 2228/2228 2226/2226 2225/2225
f 2187/2187 2188/2188 2229/2229
f 2229/2229 2227/2227 2187/2187
f 2227/2227 2229/2229 2230/2230
f 2230/2230 2228/2228 2227/2227
f 2188/2188 2189/2189 2231/2231
f 2231/2231 2229/2229 2188/2188
f 2229/2229 2231/2231 2232/2232
f 2232/2232 2230/2230 2229/2229
f 2181/2181 2233/2233 2237/2237
f 2237/2237 2190/2190 2181/2181
f 2233/2233 2234/2234 2238/2238
f 2238/2238 2237/2237 2233/2233
f 2134/2134 2236/2236 2240/2240
f 2240/2240 2179/2179 2134/2134
f 2236/2236 2235/2235 2239/2239
f 2239/2239 2240/2240 2236/2236
f 2276/2276 2254/2254 2278/2278
f 2278/2278 2330/2330 2276/2276
f 2344/2344 2261/2261 2246/2246
f 2246/2246 2348/2348 2344/2344
f 2269/2269 2244/2244 2277/2277
f 2277/2277 2323/2323 2269/2269
f 2270/2270 2260/2260 2284/2284
f 2284/2284 2324/2324 2270/2270
f 2271/2271 2259/2259 2283/2283
f 2283/2283 2325/2325 2271/2271
f 2272/2272 2258/2258 2282/2282
f 2282/2282 2326/2326 2272/2272
f 2273/2273 2257/2257 2281/2281
f 2281/2281 2327/2327 2273/2273
f 2274/2274 2256/2256 2280/2280
f 2280/2280 2328/2328 2274/2274
f 2275/2275 2255/2255 2279/2279
f 2279/2279 2329/2329 2275/2275
f 2346/2346 2245/2245 2267/2267
f 2267/2267 2332/2332 2346/2346
f 2332/2332 2267/2267 2266/2266
f 2266/2266 2334/2334 2332/2332
f 2334/2334 2266/2266 2265/2265
f 2265/2265 2336/2336 2334/2334
f 2336/2336 2265/2265 2264/2264
f 2264/2264 2338/2338 2336/2336
f 2338/2338 2264/2264 2263/2263
f 2263/2263 2340/2340 2338/2338
f 2340/2340 2263/2263 2262/2262
f 2262/2262 2342/2342 2340/2340
f 2342/2342 2262/2262 2261/2261
f 2261/2261 2344/2344 2342/2342
f 2261/2261 2276/2276 2330/2330
f 2261/2261 2330/2330 2268/2268
f 2261/2261 2268/2268 2246/2246
f 2245/2245 2269/2269 2323/2323
f 2245/2245 2323/2323 2270/2270
f 2245/2245 2270/2270 2267/2267
f 2267/2267 2270/2270 2324/2324
f 2267/2267 2324/2324 2271/2271
f 2267/2267 2271/2271 2266/2266
f 2266/2266 2271/2271 2325/2325
f 2266/2266 2325/2325 2272/2272
f 2266/2266 2272/2272 2265/2265
f 2265/2265 2272/2272 2326/2326
f 2265/2265 2326/2326 2273/2273
f 2265/2265 2273/2273 2264/2264
f 2264/2264 2273/2273 2327/2327
f 2264/2264 2327/2327 2274/2274
f 2264/2264 2274/2274 2263/2263
f 2263/2263 2274/2274 2328/2328
f 2263/2263 2328/2328 2275/2275
f 2263/2263 2275/2275 2262/2262
f 2262/2262 2275/2275 2329/2329
f 2262/2262 2329/2329 2276/2276
f 2262/2262 2276/2276 2261/2261
f 2245/2245 2287/2287 2288/2288
f 2288/2288 2269/2269 2245/2245
f 2269/2269 2288/2288 2286/2286
f 2286/2286 2244/2244 2269/2269
f 2346/2346 2350/2350 2287/2287
f 2287/2287 2245/2245 2346/2346
f 2268/2268 2292/2292 2291/2291
f 2291/2291 2246/2246 2268/2268
f 2294/2294 2303/2303 2289/2289
f 2289/2289 2241/2241 2294/2294
f 2243/2243 2290/2290 2292/2292
f 2292/2292 2268/2268 2243/2243
f 2247/2247 2301/2301 2294/2294
f 2294/2294 2241/2241 2247/2247
f 2242/2242 2293/2293 2295/2295
f 2295/2295 2253/2253 2242/2242
f 2253/2253 2295/2295 2296/2296
f 2296/2296 2252/2252 2253/2253
f 2252/2252 2296/2296 2297/2297
f 2297/2297 2251/2251 2252/2252
f 2251/2251 2297/2297 2298/2298
f 2298/2298 2250/2250 2251/2251
f 2250/2250 2298/2298 2299/2299
f 2299/2299 2249/2249 2250/2250
f 2249/2249 2299/2299 2300/2300
f 2300/2300 2248/2248 2249/2249
f 2248/2248 2300/2300 2301/2301
f 2301/2301 2247/2247 2248/2248
f 2242/2242 2285/2285 2302/2302
f 2302/2302 2293/2293 2242/2242
f 2347/2347 2351/2351 2303/2303
f 2303/2303 2294/2294 2347/2347
f 2286/2286 2321/2321 2305/2305
f 2305/2305 2244/2244 2286/2286
f 2281/2281 2317/2317 2308/2308
f 2308/2308 2256/2256 2281/2281
f 2255/2255 2307/2307 2315/2315
f 2315/2315 2279/2279 2255/2255
f 2279/2279 2315/2315 2306/2306
f 2306/2306 2254/2254 2279/2279
f 2277/2277 2313/2313 2312/2312
f 2312/2312 2260/2260 2277/2277
f 2260/2260 2312/2312 2320/2320
f 2320/2320 2284/2284 2260/2260
f 2284/2284 2320/2320 2311/2311
f 2311/2311 2259/2259 2284/2284
f 2258/2258 2310/2310 2318/2318
f 2318/2318 2282/2282 2258/2258
f 2282/2282 2318/2318 2309/2309
f 2309/2309 2257/2257 2282/2282
f 2256/2256 2308/2308 2316/2316
f 2316/2316 2280/2280 2256/2256
f 2280/2280 2316/2316 2307/2307
f 2307/2307 2255/2255 2280/2280
f 2254/2254 2306/2306 2314/2314
f 2314/2314 2278/2278 2254/2254
f 2243/2243 2304/2304 2322/2322
f 2322/2322 2290/2290 2243/2243
f 2278/2278 2314/2314 2304/2304
f 2304/2304 2243/2243 2278/2278
f 2244/2244 2305/2305 2313/2313
f 2313/2313 2277/2277 2244/2244
f 2259/2259 2311/2311 2319/2319
f 2319/2319 2283/2283 2259/2259
f 2283/2283 2319/2319 2310/2310
f 2310/2310 2258/2258 2283/2283
f 2257/2257 2309/2309 2317/2317
f 2317/2317 2281/2281 2257/2257
f 2323/2323 2277/2277 2260/2260
f 2260/2260 2270/2270 2323/2323
f 2324/2324 2284/2284 2259/2259
f 2259/2259 2271/2271 2324/2324
f 2325/2325 2283/2283 2258/2258
f 2258/2258 2272/2272 2325/2325
f 2326/2326 2282/2282 2257/2257
f 2257/2257 2273/2273 2326/2326
f 2327/2327 2281/2281 2256/2256
f 2256/2256 2274/2274 2327/2327
f 2328/2328 2280/2280 2255/2255
f 2255/2255 2275/2275 2328/2328
f 2329/2329 2279/2279 2254/2254
f 2254/2254 2276/2276 2329/2329
f 2330/2330 2278/2278 2243/2243
f 2243/2243 2268/2268 2330/2330
f 2301/2301 2343/2343 2347/2347
f 2347/2347 2294/2294 2301/2301
f 2343/2343 2344/2344 2348/2348
f 2348/2348 2347/2347 2343/2343
f 2293/2293 2345/2345 2331/2331
f 2331/2331 2295/2295 2293/2293
f 2345/2345 2346/2346 2332/2332
f 2332/2332 2331/2331 2345/2345
f 2295/2295 2331/2331 2333/2333
f 2333/2333 2296/2296 2295/2295
f 2331/2331 2332/2332 2334/2334
f 2334/2334 2333/2333 2331/2331
f 2296/2296 2333/2333 2335/2335
f 2335/2335 2297/2297 2296/2296
f 2333/2333 2334/2334 2336/2336
f 2336/2336 2335/2335 2333/2333
f 2297/2297 2335/2335 2337/2337
f 2337/2337 2298/2298 2297/2297
f 2335/2335 2336/2336 2338/2338
f 2338/2338 2337/2337 2335/2335
f 2298/2298 2337/2337 2339/2339
f 2339/2339 2299/2299 2298/2298
f 2337/2337 2338/2338 2340/2340
f 2340/2340 2339/2339 2337/2337
f 2299/2299 2339/2339 2341/2341
f 2341/2341 2300/2300 2299/2299
f 2339/2339 2340/2340 2342/2342
f 2342/2342 2341/2341 2339/2339
f 2300/2300 2341/2341 2343/2343
f 2343/2343 2301/2301 2300/2300
f 2341/2341 2342/2342 2344/2344
f 2344/2344 2343/2343 2341/2341
f 2293/2293 2302/2302 2349/2349
f 2349/2349 2345/2345 2293/2293
f 2345/2345 2349/2349 2350/2350
f 2350/2350 2346/2346 2345/2345
f 2246/2246 2291/2291 2352/2352
f 2352/2352 2348/2348 2246/2246
f 2348/2348 2352/2352 2351/2351
f 2351/2351 2347/2347 2348/2348
f 2388/2388 2442/2442 2390/2390
f 2390/2390 2366/2366 2388/2388
f 2456/2456 2460/2460 2358/2358
f 2358/2358 2373/2373 2456/2456
f 2381/2381 2435/2435 2389/2389
f 2389/2389 2356/2356 2381/2381
f 2382/2382 2436/2436 2396/2396
f 2396/2396 2372/2372 2382/2382
f 2383/2383 2437/2437 2395/2395
f 2395/2395 2371/2371 2383/2383
f 2384/2384 2438/2438 2394/2394
f 2394/2394 2370/2370 2384/2384
f 2385/2385 2439/2439 2393/2393
f 2393/2393 2369/2369 2385/2385
f 2386/2386 2440/2440 2392/2392
f 2392/2392 2368/2368 2386/2386
f 2387/2387 2441/2441 2391/2391
f 2391/2391 2367/2367 2387/2387
f 2458/2458 2444/2444 2379/2379
f 2379/2379 2357/2357 2458/2458
f 2444/2444 2446/2446 2378/2378
f 2378/2378 2379/2379 2444/2444
f 2446/2446 2448/2448 2377/2377
f 2377/2377 2378/2378 2446/2446
f 2448/2448 2450/2450 2376/2376
f 2376/2376 2377/2377 2448/2448
f 2450/2450 2452/2452 2375/2375
f 2375/2375 2376/2376 2450/2450
f 2452/2452 2454/2454 2374/2374
f 2374/2374 2375/2375 2452/2452
f 2454/2454 2456/2456 2373/2373
f 2373/2373 2374/2374 2454/2454
f 2373/2373 2358/2358 2380/2380
f 2373/2373 2380/2380 2442/2442
f 2373/2373 2442/2442 2388/2388
f 2357/2357 2379/2379 2382/2382
f 2357/2357 2382/2382 2435/2435
f 2357/2357 2435/2435 2381/2381
f 2379/2379 2378/2378 2383/2383
f 2379/2379 2383/2383 2436/2436
f 2379/2379 2436/2436 2382/2382
f 2378/2378 2377/2377 2384/2384
f 2378/2378 2384/2384 2437/2437
f 2378/2378 2437/2437 2383/2383
f 2377/2377 2376/2376 2385/2385
f 2377/2377 2385/2385 2438/2438
f 2377/2377 2438/2438 2384/2384
f 2376/2376 2375/2375 2386/2386
f 2376/2376 2386/2386 2439/2439
f 2376/2376 2439/2439 2385/2385
f 2375/2375 2374/2374 2387/2387
f 2375/2375 2387/2387 2440/2440
f 2375/2375 2440/2440 2386/2386
f 2374/2374 2373/2373 2388/2388
f 2374/2374 2388/2388 2441/2441
f 2374/2374 2441/2441 2387/2387
f 2357/2357 2381/2381 2400/2400
f 2400/2400 2399/2399 2357/2357
f 2381/2381 2356/2356 2398/2398
f 2398/2398 2400/2400 2381/2381
f 2458/2458 2357/2357 2399/2399
f 2399/2399 2462/2462 2458/2458
f 2380/2380 2358/2358 2403/2403
f 2403/2403 2404/2404 2380/2380
f 2406/2406 2353/2353 2401/2401
f 2401/2401 2415/2415 2406/2406
f 2355/2355 2380/2380 2404/2404
f 2404/2404 2402/2402 2355/2355
f 2359/2359 2353/2353 2406/2406
f 2406/2406 2413/2413 2359/2359
f 2354/2354 2365/2365 2407/2407
f 2407/2407 2405/2405 2354/2354
f 2365/2365 2364/2364 2408/2408
f 2408/2408 2407/2407 2365/2365
f 2364/2364 2363/2363 2409/2409
f 2409/2409 2408/2408 2364/2364
f 2363/2363 2362/2362 2410/2410
f 2410/2410 2409/2409 2363/2363
f 2362/2362 2361/2361 2411/2411
f 2411/2411 2410/2410 2362/2362
f 2361/2361 2360/2360 2412/2412
f 2412/2412 2411/2411 2361/2361
f 2360/2360 2359/2359 2413/2413
f 2413/2413 2412/2412 2360/2360
f 2354/2354 2405/2405 2414/2414
f 2414/2414 2397/2397 2354/2354
f 2459/2459 2406/2406 2415/2415
f 2415/2415 2463/2463 2459/2459
f 2398/2398 2356/2356 2417/2417
f 2417/2417 2433/2433 2398/2398
f 2393/2393 2368/2368 2420/2420
f 2420/2420 2429/2429 2393/2393
f 2367/2367 2391/2391 2427/2427
f 2427/2427 2419/2419 2367/2367
f 2391/2391 2366/2366 2418/2418
f 2418/2418 2427/2427 2391/2391
f 2389/2389 2372/2372 2424/2424
f 2424/2424 2425/2425 2389/2389
f 2372/2372 2396/2396 2432/2432
f 2432/2432 2424/2424 2372/2372
f 2396/2396 2371/2371 2423/2423
f 2423/2423 2432/2432 2396/2396
f 2370/2370 2394/2394 2430/2430
f 2430/2430 2422/2422 2370/2370
f 2394/2394 2369/2369 2421/2421
f 2421/2421 2430/2430 2394/2394
f 2368/2368 2392/2392 2428/2428
f 2428/2428 2420/2420 2368/2368
f 2392/2392 2367/2367 2419/2419
f 2419/2419 2428/2428 2392/2392
f 2366/2366 2390/2390 2426/2426
f 2426/2426 2418/2418 2366/2366
f 2355/2355 2402/2402 2434/2434
f 2434/2434 2416/2416 2355/2355
f 2390/2390 2355/2355 2416/2416
f 2416/2416 2426/2426 2390/2390
f 2356/2356 2389/2389 2425/2425
f 2425/2425 2417/2417 2356/2356
f 2371/2371 2395/2395 2431/2431
f 2431/2431 2423/2423 2371/2371
f 2395/2395 2370/2370 2422/2422
f 2422/2422 2431/2431 2395/2395
f 2369/2369 2393/2393 2429/2429
f 2429/2429 2421/2421 2369/2369
f 2435/2435 2382/2382 2372/2372
f 2372/2372 2389/2389 2435/2435
f 2436/2436 2383/2383 2371/2371
f 2371/2371 2396/2396 2436/2436
f 2437/2437 2384/2384 2370/2370
f 2370/2370 2395/2395 2437/2437
f 2438/2438 2385/2385 2369/2369
f 2369/2369 2394/2394 2438/2438
f 2439/2439 2386/2386 2368/2368
f 2368/2368 2393/2393 2439/2439
f 2440/2440 2387/2387 2367/2367
f 2367/2367 2392/2392 2440/2440
f 2441/2441 2388/2388 2366/2366
f 2366/2366 2391/2391 2441/2441
f 2442/2442 2380/2380 2355/2355
f 2355/2355 2390/2390 2442/2442
f 2413/2413 2406/2406 2459/2459
f 2459/2459 2455/2455 2413/2413
f 2455/2455 2459/2459 2460/2460
f 2460/2460 2456/2456 2455/2455
f 2405/2405 2407/2407 2443/2443
f 2443/2443 2457/2457 2405/2405
f 2457/2457 2443/2443 2444/2444
f 2444/2444 2458/2458 2457/2457
f 2407/2407 2408/2408 2445/2445
f 2445/2445 2443/2443 2407/2407
f 2443/2443 2445/2445 2446/2446
f 2446/2446 2444/2444 2443/2443
f 2408/2408 2409/2409 2447/2447
f 2447/2447 2445/2445 2408/2408
f 2445/2445 2447/2447 2448/2448
f 2448/2448 2446/2446 2445/2445
f 2409/2409 2410/2410 2449/2449
f 2449/2449 2447/2447 2409/2409
f 2447/2447 2449/2449 2450/2450
f 2450/2450 2448/2448 2447/2447
f 2410/2410 2411/2411 2451/2451
f 2451/2451 2449/2449 2410/2410
f 2449/2449 2451/2451 2452/2452
f 2452/2452 2450/2450 2449/2449
f 2411/2411 2412/2412 2453/2453
f 2453/2453 2451/2451 2411/2411
f 2451/2451 2453/2453 2454/2454
f 2454/2454 2452/2452 2451/2451
f 2412/2412 2413/2413 2455/2455
f 2455/2455 2453/2453 2412/2412
f 2453/2453 2455/2455 2456/2456
f 2456/2456 2454/2454 2453/2453
f 2405/2405 2457/2457 2461/2461
f 2461/2461 2414/2414 2405/2405
f 2457/2457 2458/2458 2462/2462
f 2462/2462 2461/2461 2457/2457
f 2358/2358 2460/2460 2464/2464
f 2464/2464 2403/2403 2358/2358
f 2460/2460 2459/2459 2463/2463
f 2463/2463 2464/2464 2460/2460
f 2500/2500 2554/2554 2502/2502
f 2502/2502 2478/2478 2500/2500
f 2568/2568 2572/2572 2470/2470
f 2470/2470 2485/2485 2568/2568
f 2493/2493 2547/2547 2501/2501
f 2501/2501 2468/2468 2493/2493
f 2494/2494 2548/2548 2508/2508
f 2508/2508 2484/2484 2494/2494
f 2495/2495 2549/2549 2507/2507
f 2507/2507 2483/2483 2495/2495
f 2496/2496 2550/2550 2506/2506
f 2506/2506 2482/2482 2496/2496
f 2497/2497 2551/2551 2505/2505
f 2505/2505 2481/2481 2497/2497
f 2498/2498 2552/2552 2504/2504
f 2504/2504 2480/2480 2498/2498
f 2499/2499 2553/2553 2503/2503
f 2503/2503 2479/2479 2499/2499
f 2570/2570 2556/2556 2491/2491
f 2491/2491 2469/2469 2570/2570
f 2556/2556 2558/2558 2490/2490
f 2490/2490 2491/2491 2556/2556
f 2558/2558 2560/2560 2489/2489
f 2489/2489 2490/2490 2558/2558
f 2560/2560 2562/2562 2488/2488
f 2488/2488 2489/2489 2560/2560
f 2562/2562 2564/2564 2487/2487
f 2487/2487 2488/2488 2562/2562
f 2564/2564 2566/2566 2486/2486
f 2486/2486 2487/2487 2564/2564
f 2566/2566 2568/2568 2485/2485
f 2485/2485 2486/2486 2566/2566
f 2485/2485 2470/2470 2492/2492
f 2485/2485 2492/2492 2554/2554
f 2485/2485 2554/2554 2500/2500
f 2469/2469 2491/2491 2494/2494
f 2469/2469 2494/2494 2547/2547
f 2469/2469 2547/2547 2493/2493
f 2491/2491 2490/2490 2495/2495
f 2491/2491 2495/2495 2548/2548
f 2491/2491 2548/2548 2494/2494
f 2490/2490 2489/2489 2496/2496
f 2490/2490 2496/2496 2549/2549
f 2490/2490 2549/2549 2495/2495
f 2489/2489 2488/2488 2497/2497
f 2489/2489 2497/2497 2550/2550
f 2489/2489 2550/2550 2496/2496
f 2488/2488 2487/2487 2498/2498
f 2488/2488 2498/2498 2551/2551
f 2488/2488 2551/2551 2497/2497
f 2487/2487 2486/2486 2499/2499
f 2487/2487 2499/2499 2552/2552
f 2487/2487 2552/2552 2498/2498
f 2486/2486 2485/2485 2500/2500
f 2486/2486 2500/2500 2553/2553
f 2486/2486 2553/2553 2499/2499
f 2469/2469 2493/2493 2512/2512
f 2512/2512 2511/2511 2469/2469
f 2493/2493 2468/2468 2510/2510
f 2510/2510 2512/2512 2493/2493
f 2570/2570 2469/2469 2511/2511
f 2511/2511 2574/2574 2570/2570
f 2492/2492 2470/2470 2515/2515
f 2515/2515 2516/2516 2492/2492
f 2518/2518 2465/2465 2513/2513
f 2513/2513 2527/2527 2518/2518
f 2467/2467 2492/2492 2516/2516
f 2516/2516 2514/2514 2467/2467
f 2471/2471 2465/2465 2518/2518
f 2518/2518 2525/2525 2471/2471
f 2466/2466 2477/2477 2519/2519
f 2519/2519 2517/2517 2466/2466
f 2477/2477 2476/2476 2520/2520
f 2520/2520 2519/2519 2477/2477
f 2476/2476 2475/2475 2521/2521
f 2521/2521 2520/2520 2476/2476
f 2475/2475 2474/2474 2522/2522
f 2522/2522 2521/2521 2475/2475
f 2474/2474 2473/2473 2523/2523
f 2523/2523 2522/2522 2474/2474
f 2473/2473 2472/2472 2524/2524
f 2524/2524 2523/2523 2473/2473
f 2472/2472 2471/2471 2525/2525
f 2525/2525 2524/2524 2472/2472
f 2466/2466 2517/2517 2526/2526
f 2526/2526 2509/2509 2466/2466
f 2571/2571 2518/2518 2527/2527
f 2527/2527 2575/2575 2571/2571
f 2510/2510 2468/2468 2529/2529
f 2529/2529 2545/2545 2510/2510
f 2505/2505 2480/2480 2532/2532
f 2532/2532 2541/2541 2505/2505
f 2479/2479 2503/2503 2539/2539
f 2539/2539 2531/2531 2479/2479
f 2503/2503 2478/2478 2530/2530
f 2530/2530 2539/2539 2503/2503
f 2501/2501 2484/2484 2536/2536
f 2536/2536 2537/2537 2501/2501
f 2484/2484 2508/2508 2544/2544
f 2544/2544 2536/2536 2484/2484
f 2508/2508 2483/2483 2535/2535
f 2535/2535 2544/2544 2508/2508
f 2482/2482 2506/2506 2542/2542
f 2542/2542 2534/2534 2482/2482
f 2506/2506 2481/2481 2533/2533
f 2533/2533 2542/2542 2506/2506
f 2480/2480 2504/2504 2540/2540
f 2540/2540 2532/2532 2480/2480
f 2504/2504 2479/2479 2531/2531
f 2531/2531 2540/2540 2504/2504
f 2478/2478 2502/2502 2538/2538
f 2538/2538 2530/2530 2478/2478
f 2467/2467 2514/2514 2546/2546
f 2546/2546 2528/2528 2467/2467
f 2502/2502 2467/2467 2528/2528
f 2528/2528 2538/2538 2502/2502
f 2468/2468 2501/2501 2537/2537
f 2537/2537 2529/2529 2468/2468
f 2483/2483 2507/2507 2543/2543
f 2543/2543 2535/2535 2483/2483
f 2507/2507 2482/2482 2534/2534
f 2534/2534 2543/2543 2507/2507
f 2481/2481 2505/2505 2541/2541
f 2541/2541 2533/2533 2481/2481
f 2547/2547 2494/2494 2484/2484
f 2484/2484 2501/2501 2547/2547
f 2548/2548 2495/2495 2483/2483
f 2483/2483 2508/2508 2548/2548
f 2549/2549 2496/2496 2482/2482
f 2482/2482 2507/2507 2549/2549
f 2550/2550 2497/2497 2481/2481
f 2481/2481 2506/2506 2550/2550
f 2551/2551 2498/2498 2480/2480
f 2480/2480 2505/2505 2551/2551
f 2552/2552 2499/2499 2479/2479
f 2479/2479 2504/2504 2552/2552
f 2553/2553 2500/2500 2478/2478
f 2478/2478 2503/2503 2553/2553
f 2554/2554 2492/2492 2467/2467
f 2467/2467 2502/2502 2554/2554
f 2525/2525 2518/2518 2571/2571
f 2571/2571 2567/2567 2525/2525
f 2567/2567 2571/2571 2572/2572
f 2572/2572 2568/2568 2567/2567
f 2517/2517 2519/2519 2555/2555
f 2555/2555 2569/2569 2517/2517
f 2569/2569 2555/2555 2556/2556
f 2556/2556 2570/2570 2569/2569
f 2519/2519 2520/2520 2557/2557
f 2557/2557 2555/2555 2519/2519
f 2555/2555 2557/2557 2558/2558
f 2558/2558 2556/2556 2555/2555
f 2520/2520 2521/2521 2559/2559
f 2559/2559 2557/2557 2520/2520
f 2557/2557 2559/2559 2560/2560
f 2560/2560 2558/2558 2557/2557
f 2521/2521 2522/2522 2561/2561
f 2561/2561 2559/2559 2521/2521
f 2559/2559 2561/2561 2562/2562
f 2562/2562 2560/2560 2559/2559
f 2522/2522 2523/2523 2563/2563
f 2563/2563 2561/2561 2522/2522
f 2561/2561 2563/2563 2564/2564
f 2564/2564 2562/2562 2561/2561
f 2523/2523 2524/2524 2565/2565
f 2565/2565 2563/2563 2523/2523
f 2563/2563 2565/2565 2566/2566
f 2566/2566 2564/2564 2563/2563
f 2524/2524 2525/2525 2567/2567
f 2567/2567 2565/2565 2524/2524
f 2565/2565 2567/2567 2568/2568
f 2568/2568 2566/2566 2565/2565
f 2517/2517 2569/2569 2573/2573
f 2573/2573 2526/2526 2517/2517
f 2569/2569 2570/2570 2574/2574
f 2574/2574 2573/2573 2569/2569
f 2470/2470 2572/2572 2576/2576
f 2576/2576 2515/2515 2470/2470
f 2572/2572 2571/2571 2575/2575
f 2575/2575 2576/2576 2572/2572
f 2612/2612 2590/2590 2614/2614
f 2614/2614 2666/2666 2612/2612
f 2680/2680 2597/2597 2582/2582
f 2582/2582 2684/2684 2680/2680
f 2605/2605 2580/2580 2613/2613
f 2613/2613 2659/2659 2605/2605
f 2606/2606 2596/2596 2620/2620
f 2620/2620 2660/2660 2606/2606
f 2607/2607 2595/2595 2619/2619
f 2619/2619 2661/2661 2607/2607
f 2608/2608 2594/2594 2618/2618
f 2618/2618 2662/2662 2608/2608
f 2609/2609 2593/2593 2617/2617
f 2617/2617 2663/2663 2609/2609
f 2610/2610 2592/2592 2616/2616
f 2616/2616 2664/2664 2610/2610
f 2611/2611 2591/2591 2615/2615
f 2615/2615 2665/2665 2611/2611
f 2682/2682 2581/2581 2603/2603
f 2603/2603 2668/2668 2682/2682
f 2668/2668 2603/2603 2602/2602
f 2602/2602 2670/2670 2668/2668
f 2670/2670 2602/2602 2601/2601
f 2601/2601 2672/2672 2670/2670
f 2672/2672 2601/2601 2600/2600
f 2600/2600 2674/2674 2672/2672
f 2674/2674 2600/2600 2599/2599
f 2599/2599 2676/2676 2674/2674
f 2676/2676 2599/2599 2598/2598
f 2598/2598 2678/2678 2676/2676
f 2678/2678 2598/2598 2597/2597
f 2597/2597 2680/2680 2678/2678
f 2597/2597 2612/2612 2666/2666
f 2597/2597 2666/2666 2604/2604
f 2597/2597 2604/2604 2582/2582
f 2581/2581 2605/2605 2659/2659
f 2581/2581 2659/2659 2606/2606
f 2581/2581 2606/2606 2603/2603
f 2603/2603 2606/2606 2660/2660
f 2603/2603 2660/2660 2607/2607
f 2603/2603 2607/2607 2602/2602
f 2602/2602 2607/2607 2661/2661
f 2602/2602 2661/2661 2608/2608
f 2602/2602 2608/2608 2601/2601
f 2601/2601 2608/2608 2662/2662
f 2601/2601 2662/2662 2609/2609
f 2601/2601 2609/2609 2600/2600
f 2600/2600 2609/2609 2663/2663
f 2600/2600 2663/2663 2610/2610
f 2600/2600 2610/2610 2599/2599
f 2599/2599 2610/2610 2664/2664
f 2599/2599 2664/2664 2611/2611
f 2599/2599 2611/2611 2598/2598
f 2598/2598 2611/2611 2665/2665
f 2598/2598 2665/2665 2612/2612
f 2598/2598 2612/2612 2597/2597
f 2581/2581 2623/2623 2624/2624
f 2624/2624 2605/2605 2581/2581
f 2605/2605 2624/2624 2622/2622
f 2622/2622 2580/2580 2605/2605
f 2682/2682 2686/2686 2623/2623
f 2623/2623 2581/2581 2682/2682
f 2604/2604 2628/2628 2627/2627
f 2627/2627 2582/2582 2604/2604
f 2630/2630 2639/2639 2625/2625
f 2625/2625 2577/2577 2630/2630
f 2579/2579 2626/2626 2628/2628
f 2628/2628 2604/2604 2579/2579
f 2583/2583 2637/2637 2630/2630
f 2630/2630 2577/2577 2583/2583
f 2578/2578 2629/2629 2631/2631
f 2631/2631 2589/2589 2578/2578
f 2589/2589 2631/2631 2632/2632
f 2632/2632 2588/2588 2589/2589
f 2588/2588 2632/2632 2633/2633
f 2633/2633 2587/2587 2588/2588
f 2587/2587 2633/2633 2634/2634
f 2634/2634 2586/2586 2587/2587
f 2586/2586 2634/2634 2635/2635
f 2635/2635 2585/2585 2586/2586
f 2585/2585 2635/2635 2636/2636
f 2636/2636 2584/2584 2585/2585
f 2584/2584 2636/2636 2637/2637
f 2637/2637 2583/2583 2584/2584
f 2578/2578 2621/2621 2638/2638
f 2638/2638 2629/2629 2578/2578
f 2683/2683 2687/2687 2639/2639
f 2639/2639 2630/2630 2683/2683
f 2622/2622 2657/2657 2641/2641
f 2641/2641 2580/2580 2622/2622
f 2617/2617 2653/2653 2644/2644
f 2644/2644 2592/2592 2617/2617
f 2591/2591 2643/2643 2651/2651
f 2651/2651 2615/2615 2591/2591
f 2615/2615 2651/2651 2642/2642
f 2642/2642 2590/2590 2615/2615
f 2613/2613 2649/2649 2648/2648
f 2648/2648 2596/2596 2613/2613
f 2596/2596 2648/2648 2656/2656
f 2656/2656 2620/2620 2596/2596
f 2620/2620 2656/2656 2647/2647
f 2647/2647 2595/2595 2620/2620
f 2594/2594 2646/2646 2654/2654
f 2654/2654 2618/2618 2594/2594
f 2618/2618 2654/2654 2645/2645
f 2645/2645 2593/2593 2618/2618
f 2592/2592 2644/2644 2652/2652
f 2652/2652 2616/2616 2592/2592
f 2616/2616 2652/2652 2643/2643
f 2643/2643 2591/2591 2616/2616
f 2590/2590 2642/2642 2650/2650
f 2650/2650 2614/2614 2590/2590
f 2579/2579 2640/2640 2658/2658
f 2658/2658 2626/2626 2579/2579
f 2614/2614 2650/2650 2640/2640
f 2640/2640 2579/2579 2614/2614
f 2580/2580 2641/2641 2649/2649
f 2649/2649 2613/2613 2580/2580
f 2595/2595 2647/2647 2655/2655
f 2655/2655 2619/2619 2595/2595
f 2619/2619 2655/2655 2646/2646
f 2646/2646 2594/2594 2619/2619
f 2593/2593 2645/2645 2653/2653
f 2653/2653 2617/2617 2593/2593
f 2659/2659 2613/2613 2596/2596
f 2596/2596 2606/2606 2659/2659
f 2660/2660 2620/2620 2595/2595
f 2595/2595 2607/2607 2660/2660
f 2661/2661 2619/2619 2594/2594
f 2594/2594 2608/2608 2661/2661
f 2662/2662 2618/2618 2593/2593
f 2593/2593 2609/2609 2662/2662
f 2663/2663 2617/2617 2592/2592
f 2592/2592 2610/2610 2663/2663
f 2664/2664 2616/2616 2591/2591
f 2591/2591 2611/2611 2664/2664
f 2665/2665 2615/2615 2590/2590
f 2590/2590 2612/2612 2665/2665
f 2666/2666 2614/2614 2579/2579
f 2579/2579 2604/2604 2666/2666
f 2637/2637 2679/2679 2683/2683
f 2683/2683 2630/2630 2637/2637
f 2679/2679 2680/2680 2684/2684
f 2684/2684 2683/2683 2679/2679
f 2629/2629 2681/2681 2667/2667
f 2667/2667 2631/2631 2629/2629
f 2681/2681 2682/2682 2668/2668
f 2668/2668 2667/2667 2681/2681
f 2631/2631 2667/2667 2669/2669
f 2669/2669 2632/2632 2631/2631
f 2667/2667 2668/2668 2670/2670
f 2670/2670 2669/2669 2667/2667
f 2632/2632 2669/2669 2671/2671
f 2671/2671 2633/2633 2632/2632
f 2669/2669 2670/2670 2672/2672
f 2672/2672 2671/2671 2669/2669
f 2633/2633 2671/2671 2673/2673
f 2673/2673 2634/2634 2633/2633
f 2671/2671 2672/2672 2674/2674
f 2674/2674 2673/2673 2671/2671
f 2634/2634 2673/2673 2675/2675
f 2675/2675 2635/2635 2634/2634
f 2673/2673 2674/2674 2676/2676
f 2676/2676 2675/2675 2673/2673
f 2635/2635 2675/2675 2677/2677
f 2677/2677 2636/2636 2635/2635
f 2675/2675 2676/2676 2678/2678
f 2678/2678 2677/2677 2675/2675
f 2636/2636 2677/2677 2679/2679
f 2679/2679 2637/2637 2636/2636
f 2677/2677 2678/2678 2680/2680
f 2680/2680 2679/2679 2677/2677
f 2629/2629 2638/2638 2685/2685
f 2685/2685 2681/2681 2629/2629
f 2681/2681 2685/2685 2686/2686
f 2686/2686 2682/2682 2681/2681
f 2582/2582 2627/2627 2688/2688
f 2688/2688 2684/2684 2582/2582
f 2684/2684 2688/2688 2687/2687
f 2687/2687 2683/2683 2684/2684
f 2724/2724 2778/2778 2726/2726
f 2726/2726 2702/2702 2724/2724
f 2792/2792 2796/2796 2694/2694
f 2694/2694 2709/2709 2792/2792
f 2717/2717 2771/2771 2725/2725
f 2725/2725 2692/2692 2717/2717
f 2718/2718 2772/2772 2732/2732
f 2732/2732 2708/2708 2718/2718
f 2719/2719 2773/2773 2731/2731
f 2731/2731 2707/2707 2719/2719
f 2720/2720 2774/2774 2730/2730
f 2730/2730 2706/2706 2720/2720
f 2721/2721 2775/2775 2729/2729
f 2729/2729 2705/2705 2721/2721
f 2722/2722 2776/2776 2728/2728
f 2728/2728 2704/2704 2722/2722
f 2723/2723 2777/2777 2727/2727
f 2727/2727 2703/2703 2723/2723
f 2794/2794 2780/2780 2715/2715
f 2715/2715 2693/2693 2794/2794
f 2780/2780 2782/2782 2714/2714
f 2714/2714 2715/2715 2780/2780
f 2782/2782 2784/2784 2713/2713
f 2713/2713 2714/2714 2782/2782
f 2784/2784 2786/2786 2712/2712
f 2712/2712 2713/2713 2784/2784
f 2786/2786 2788/2788 2711/2711
f 2711/2711 2712/2712 2786/2786
f 2788/2788 2790/2790 2710/2710
f 2710/2710 2711/2711 2788/2788
f 2790/2790 2792/2792 2709/2709
f 2709/2709 2710/2710 2790/2790
f 2709/2709 2694/2694 2716/2716
f 2709/2709 2716/2716 2778/2778
f 2709/2709 2778/2778 2724/2724
f 2693/2693 2715/2715 2718/2718
f 2693/2693 2718/2718 2771/2771
f 2693/2693 2771/2771 2717/2717
f 2715/2715 2714/2714 2719/2719
f 2715/2715 2719/2719 2772/2772
f 2715/2715 2772/2772 2718/2718
f 2714/2714 2713/2713 2720/2720
f 2714/2714 2720/2720 2773/2773
f 2714/2714 2773/2773 2719/2719
f 2713/2713 2712/2712 2721/2721
f 2713/2713 2721/2721 2774/2774
f 2713/2713 2774/2774 2720/2720
f 2712/2712 2711/2711 2722/2722
f 2712/2712 2722/2722 2775/2775
f 2712/2712 2775/2775 2721/2721
f 2711/2711 2710/2710 2723/2723
f 2711/2711 2723/2723 2776/2776
f 2711/2711 2776/2776 2722/2722
f 2710/2710 2709/2709 2724/2724
f 2710/2710 2724/2724 2777/2777
f 2710/2710 2777/2777 2723/2723
f 2693/2693 2717/2717 2736/2736
f 2736/2736 2735/2735 2693/2693
f 2717/2717 2692/2692 2734/2734
f 2734/2734 2736/2736 2717/2717
f 2794/2794 2693/2693 2735/2735
f 2735/2735 2798/2798 2794/2794
f 2716/2716 2694/2694 2739/2739
f 2739/2739 2740/2740 2716/2716
f 2742/2742 2689/2689 2737/2737
f 2737/2737 2751/2751 2742/2742
f 2691/2691 2716/2716 2740/2740
f 2740/2740 2738/2738 2691/2691
f 2695/2695 2689/2689 2742/2742
f 2742/2742 2749/2749 2695/2695
f 2690/2690 2701/2701 2743/2743
f 2743/2743 2741/2741 2690/2690
f 2701/2701 2700/2700 2744/2744
f 2744/2744 2743/2743 2701/2701
f 2700/2700 2699/2699 2745/2745
f 2745/2745 2744/2744 2700/2700
f 2699/2699 2698/2698 2746/2746
f 2746/2746 2745/2745 2699/2699
f 2698/2698 2697/2697 2747/2747
f 2747/2747 2746/2746 2698/2698
f 2697/2697 2696/2696 2748/2748
f 2748/2748 2747/2747 2697/2697
f 2696/2696 2695/2695 2749/2749
f 2749/2749 2748/2748 2696/2696
f 2690/2690 2741/2741 2750/2750
f 2750/2750 2733/2733 2690/2690
f 2795/2795 2742/2742 2751/2751
f 2751/2751 2799/2799 2795/2795
f 2734/2734 2692/2692 2753/2753
f 2753/2753 2769/2769 2734/2734
f 2729/2729 2704/2704 2756/2756
f 2756/2756 2765/2765 2729/2729
f 2703/2703 2727/2727 2763/2763
f 2763/2763 2755/2755 2703/2703
f 2727/2727 2702/2702 2754/2754
f 2754/2754 2763/2763 2727/2727
f 2725/2725 2708/2708 2760/2760
f 2760/2760 2761/2761 2725/2725
f 2708/2708 2732/2732 2768/2768
f 2768/2768 2760/2760 2708/2708
f 2732/2732 2707/2707 2759/2759
f 2759/2759 2768/2768 2732/2732
f 2706/2706 2730/2730 2766/2766
f 2766/2766 2758/2758 2706/2706
f 2730/2730 2705/2705 2757/2757
f 2757/2757 2766/2766 2730/2730
f 2704/2704 2728/2728 2764/2764
f 2764/2764 2756/2756 2704/2704
f 2728/2728 2703/2703 2755/2755
f 2755/2755 2764/2764 2728/2728
f 2702/2702 2726/2726 2762/2762
f 2762/2762 2754/2754 2702/2702
f 2691/2691 2738/2738 2770/2770
f 2770/2770 2752/2752 2691/2691
f 2726/2726 2691/2691 2752/2752
f 2752/2752 2762/2762 2726/2726
f 2692/2692 2725/2725 2761/2761
f 2761/2761 2753/2753 2692/2692
f 2707/2707 2731/2731 2767/2767
f 2767/2767 2759/2759 2707/2707
f 2731/2731 2706/2706 2758/2758
f 2758/2758 2767/2767 2731/2731
f 2705/2705 2729/2729 2765/2765
f 2765/2765 2757/2757 2705/2705
f 2771/2771 2718/2718 2708/2708
f 2708/2708 2725/2725 2771/2771
f 2772/2772 2719/2719 2707/2707
f 2707/2707 2732/2732 2772/2772
f 2773/2773 2720/2720 2706/2706
f 2706/2706 2731/2731 2773/2773
f 2774/2774 2721/2721 2705/2705
f 2705/2705 2730/2730 2774/2774
f 2775/2775 2722/2722 2704/2704
f 2704/2704 2729/2729 2775/2775
f 2776/2776 2723/2723 2703/2703
f 2703/2703 2728/2728 2776/2776
f 2777/2777 2724/2724 2702/2702
f 2702/2702 2727/2727 2777/2777
f 2778/2778 2716/2716 2691/2691
f 2691/2691 2726/2726 2778/2778
f 2749/2749 2742/2742 2795/2795
f 2795/2795 2791/2791 2749/2749
f 2791/2791 2795/2795 2796/2796
f 2796/2796 2792/2792 2791/2791
f 2741/2741 2743/2743 2779/2779
f 2779/2779 2793/2793 2741/2741
f 2793/2793 2779/2779 2780/2780
f 2780/2780 2794/2794 2793/2793
f 2743/2743 2744/2744 2781/2781
f 2781/2781 2779/2779 2743/2743
f 2779/2779 2781/2781 2782/2782
f 2782/2782 2780/2780 2779/2779
f 2744/2744 2745/2745 2783/2783
f 2783/2783 2781/2781 2744/2744
f 2781/2781 2783/2783 2784/2784
f 2784/2784 2782/2782 2781/2781
f 2745/2745 2746/2746 2785/2785
f 2785/2785 2783/2783 2745/2745
f 2783/2783 2785/2785 2786/2786
f 2786/2786 2784/2784 2783/2783
f 2746/2746 2747/2747 2787/2787
f 2787/2787 2785/2785 2746/2746
f 2785/2785 2787/2787 2788/2788
f 2788/2788 2786/2786 2785/2785
f 2747/2747 2748/2748 2789/2789
f 2789/2789 2787/2787 2747/2747
f 2787/2787 2789/2789 2790/2790
f 2790/2790 2788/2788 2787/2787
f 2748/2748 2749/2749 2791/2791
f 2791/2791 2789/2789 2748/2748
f 2789/2789 2791/2791 2792/2792
f 2792/2792 2790/2790 2789/2789
f 2741/2741 2793/2793 2797/2797
f 2797/2797 2750/2750 2741/2741
f 2793/2793 2794/2794 2798/2798
f 2798/2798 2797/2797 2793/2793
f 2694/2694 2796/2796 2800/2800
f 2800/2800 2739/2739 2694/2694
f 2796/2796 2795/2795 2799/2799
f 2799/2799 2800/2800 2796/2796
f 2836/2836 2814/2814 2838/2838
f 2838/2838 2890/2890 2836/2836
f 2904/2904 2821/2821 2806/2806
f 2806/2806 2908/2908 2904/2904
f 2829/2829 2804/2804 2837/2837
f 2837/2837 2883/2883 2829/2829
f 2830/2830 2820/2820 2844/2844
f 2844/2844 2884/2884 2830/2830
f 2831/2831 2819/2819 2843/2843
f 2843/2843 2885/2885 2831/2831
f 2832/2832 2818/2818 2842/2842
f 2842/2842 2886/2886 2832/2832
f 2833/2833 2817/2817 2841/2841
f 2841/2841 2887/2887 2833/2833
f 2834/2834 2816/2816 2840/2840
f 2840/2840 2888/2888 2834/2834
f 2835/2835 2815/2815 2839/2839
f 2839/2839 2889/2889 2835/2835
f 2906/2906 2805/2805 2827/2827
f 2827/2827 2892/2892 2906/2906
f 2892/2892 2827/2827 2826/2826
f 2826/2826 2894/2894 2892/2892
f 2894/2894 2826/2826 2825/2825
f 2825/2825 2896/2896 2894/2894
f 2896/2896 2825/2825 2824/2824
f 2824/2824 2898/2898 2896/2896
f 2898/2898 2824/2824 2823/2823
f 2823/2823 2900/2900 2898/2898
f 2900/2900 2823/2823 2822/2822
f 2822/2822 2902/2902 2900/2900
f 2902/2902 2822/2822 2821/2821
f 2821/2821 2904/2904 2902/2902
f 2821/2821 2836/2836 2890/2890
f 2821/2821 2890/2890 2828/2828
f 2821/2821 2828/2828 2806/2806
f 2805/2805 2829/2829 2883/2883
f 2805/2805 2883/2883 2830/2830
f 2805/2805 2830/2830 2827/2827
f 2827/2827 2830/2830 2884/2884
f 2827/2827 2884/2884 2831/2831
f 2827/2827 2831/2831 2826/2826
f 2826/2826 2831/2831 2885/2885
f 2826/2826 2885/2885 2832/2832
f 2826/2826 2832/2832 2825/2825
f 2825/2825 2832/2832 2886/2886
f 2825/2825 2886/2886 2833/2833
f 2825/2825 2833/2833 2824/2824
f 2824/2824 2833/2833 2887/2887
f 2824/2824 2887/2887 2834/2834
f 2824/2824 2834/2834 2823/2823
f 2823/2823 2834/2834 2888/2888
f 2823/2823 2888/2888 2835/2835
f 2823/2823 2835/2835 2822/2822
f 2822/2822 2835/2835 2889/2889
f 2822/2822 2889/2889 2836/2836
f 2822/2822 2836/2836 2821/2821
f 2805/2805 2847/2847 2848/2848
f 2848/2848 2829/2829 2805/2805
f 2829/2829 2848/2848 2846/2846
f 2846/2846 2804/2804 2829/2829
f 2906/2906 2910/2910 2847/2847
f 2847/2847 2805/2805 2906/2906
f 2828/2828 2852/2852 2851/2851
f 2851/2851 2806/2806 2828/2828
f 2854/2854 2863/2863 2849/2849
f 2849/2849 2801/2801 2854/2854
f 2803/2803 2850/2850 2852/2852
f 2852/2852 2828/2828 2803/2803
f 2807/2807 2861/2861 2854/2854
f 2854/2854 2801/2801 2807/2807
f 2802/2802 2853/2853 2855/2855
f 2855/2855 2813/2813 2802/2802
f 2813/2813 2855/2855 2856/2856
f 2856/2856 2812/2812 2813/2813
f 2812/2812 2856/2856 2857/2857
f 2857/2857 2811/2811 2812/2812
f 2811/2811 2857/2857 2858/2858
f 2858/2858 2810/2810 2811/2811
f 2810/2810 2858/2858 2859/2859
f 2859/2859 2809/2809 2810/2810
f 2809/2809 2859/2859 2860/2860
f 2860/2860 2808/2808 2809/2809
f 2808/2808 2860/2860 2861/2861
f 2861/2861 2807/2807 2808/2808
f 2802/2802 2845/2845 2862/2862
f 2862/2862 2853/2853 2802/2802
f 2907/2907 2911/2911 2863/2863
f 2863/2863 2854/2854 2907/2907
f 2846/2846 2881/2881 2865/2865
f 2865/2865 2804/2804 2846/2846
f 2841/2841 2877/2877 2868/2868
f 2868/2868 2816/2816 2841/2841
f 2815/2815 2867/2867 2875/2875
f 2875/2875 2839/2839 2815/2815
f 2839/2839 2875/2875 2866/2866
f 2866/2866 2814/2814 2839/2839
f 2837/2837 2873/2873 2872/2872
f 2872/2872 2820/2820 2837/2837
f 2820/2820 2872/2872 2880/2880
f 2880/2880 2844/2844 2820/2820
f 2844/2844 2880/2880 2871/2871
f 2871/2871 2819/2819 2844/2844
f 2818/2818 2870/2870 2878/2878
f 2878/2878 2842/2842 2818/2818
f 2842/2842 2878/2878 2869/2869
f 2869/2869 2817/2817 2842/2842
f 2816/2816 2868/2868 2876/2876
f 2876/2876 2840/2840 2816/2816
f 2840/2840 2876/2876 2867/2867
f 2867/2867 2815/2815 2840/2840
f 2814/2814 2866/2866 2874/2874
f 2874/2874 2838/2838 2814/2814
f 2803/2803 2864/2864 2882/2882
f 2882/2882 2850/2850 2803/2803
f 2838/2838 2874/2874 2864/2864
f 2864/2864 2803/2803 2838/2838
f 2804/2804 2865/2865 2873/2873
f 2873/2873 2837/2837 2804/2804
f 2819/2819 2871/2871 2879/2879
f 2879/2879 2843/2843 2819/2819
f 2843/2843 2879/2879 2870/2870
f 2870/2870 2818/2818 2843/2843
f 2817/2817 2869/2869 2877/2877
f 2877/2877 2841/2841 2817/2817
f 2883/2883 2837/2837 2820/2820
f 2820/2820 2830/2830 2883/2883
f 2884/2884 2844/2844 2819/2819
f 2819/2819 2831/2831 2884/2884
f 2885/2885 2843/2843 2818/2818
f 2818/2818 2832/2832 2885/2885
f 2886/2886 2842/2842 2817/2817
f 2817/2817 2833/2833 2886/2886
f 2887/2887 2841/2841 2816/2816
f 2816/2816 2834/2834 2887/2887
f 2888/2888 2840/2840 2815/2815
f 2815/2815 2835/2835 2888/2888
f 2889/2889 2839/2839 2814/2814
f 2814/2814 2836/2836 2889/2889
f 2890/2890 2838/2838 2803/2803
f 2803/2803 2828/2828 2890/2890
f 2861/2861 2903/2903 2907/2907
f 2907/2907 2854/2854 2861/2861
f 2903/2903 2904/2904 2908/2908
f 2908/2908 2907/2907 2903/2903
f 2853/2853 2905/2905 2891/2891
f 2891/2891 2855/2855 2853/2853
f 2905/2905 2906/2906 2892/2892
f 2892/2892 2891/2891 2905/2905
f 2855/2855 2891/2891 2893/2893
f 2893/2893 2856/2856 2855/2855
f 2891/2891 2892/2892 2894/2894
f 2894/2894 2893/2893 2891/2891
f 2856/2856 2893/2893 2895/2895
f 2895/2895 2857/2857 2856/2856
f 2893/2893 2894/2894 2896/2896
f 2896/2896 2895/2895 2893/2893
f 2857/2857 2895/2895 2897/2897
f 2897/2897 2858/2858 2857/2857
f 2895/2895 2896/2896 2898/2898
f 2898/2898 2897/2897 2895/2895
f 2858/2858 2897/2897 2899/2899
f 2899/2899 2859/2859 2858/2858
f 2897/2897 2898/2898 2900/2900
f 2900/2900 2899/2899 2897/2897
f 2859/2859 2899/2899 2901/2901
f 2901/2901 2860/2860 2859/2859
f 2899/2899 2900/2900 2902/2902
f 2902/2902 2901/2901 2899/2899
f 2860/2860 2901/2901 2903/2903
f 2903/2903 2861/2861 2860/2860
f 2901/2901 2902/2902 2904/2904
f 2904/2904 2903/2903 2901/2901
f 2853/2853 2862/2862 2909/2909
f 2909/2909 2905/2905 2853/2853
f 2905/2905 2909/2909 2910/2910
f 2910/2910 2906/2906 2905/2905
f 2806/2806 2851/2851 2912/2912
f 2912/2912 2908/2908 2806/2806
f 2908/2908 2912/2912 2911/2911
f 2911/2911 2907/2907 2908/2908
f 2976/2976 2970/2970 2918/2918
f 2918/2918 2944/2944 2976/2976
f 2994/2994 2938/2938 2920/2920
f 2920/2920 2989/2989 2994/2994
f 3731/3731 3724/3724 2929/2929
f 2929/2929 2992/2992 3731/3731
f 2995/2995 2942/2942 2938/2938
f 2938/2938 2994/2994 2995/2995
f 2990/2990 2914/2914 2942/2942
f 2942/2942 2995/2995 2990/2990
f 3056/3056 3009/3009 3061/3061
f 3061/3061 3051/3051 3056/3056
f 2988/2988 2921/2921 2932/2932
f 2932/2932 2997/2997 2988/2988
f 3092/3092 3087/3087 2950/2950
f 2950/2950 2956/2956 3092/3092
f 2964/2964 2954/2954 2948/2948
f 2948/2948 2959/2959 2964/2964
f 3728/3728 3727/3727 2952/2952
f 2952/2952 2963/2963 3728/3728
f 2965/2965 2955/2955 2954/2954
f 2954/2954 2964/2964 2965/2965
f 2960/2960 2950/2950 2955/2955
f 2955/2955 2965/2965 2960/2960
f 2954/2954 3090/3090 3085/3085
f 3085/3085 2948/2948 2954/2954
f 2958/2958 2949/2949 2957/2957
f 2957/2957 2967/2967 2958/2958
f 2956/2956 2950/2950 2960/2960
f 2960/2960 2966/2966 2956/2956
f 3114/3114 3112/3112 3092/3092
f 3092/3092 3094/3094 3114/3114
f 2974/2974 2964/2964 2959/2959
f 2959/2959 2969/2969 2974/2974
f 3729/3729 3728/3728 2963/2963
f 2963/2963 2973/2973 3729/3729
f 2975/2975 2965/2965 2964/2964
f 2964/2964 2974/2974 2975/2975
f 2970/2970 2960/2960 2965/2965
f 2965/2965 2975/2975 2970/2970
f 2968/2968 2958/2958 2967/2967
f 2967/2967 2977/2977 2968/2968
f 2966/2966 2960/2960 2970/2970
f 2970/2970 2976/2976 2966/2966
f 3094/3094 3092/3092 2956/2956
f 2956/2956 3008/3008 3094/3094
f 2937/2937 2974/2974 2969/2969
f 2969/2969 2915/2915 2937/2937
f 3725/3725 3729/3729 2973/2973
f 2973/2973 2926/2926 3725/3725
f 2940/2940 2975/2975 2974/2974
f 2974/2974 2937/2937 2940/2940
f 2918/2918 2970/2970 2975/2975
f 2975/2975 2940/2940 2918/2918
f 2916/2916 2968/2968 2977/2977
f 2977/2977 2935/2935 2916/2916
f 3110/3110 2984/2984 2978/2978
f 2978/2978 3109/3109 3110/3110
f 3733/3733 3730/3730 2982/2982
f 2982/2982 3106/3106 3733/3733
f 3111/3111 2985/2985 2984/2984
f 2984/2984 3110/3110 3111/3111
f 3107/3107 2980/2980 2985/2985
f 2985/2985 3111/3111 3107/3107
f 3108/3108 2979/2979 2987/2987
f 2987/2987 3113/3113 3108/3108
f 2996/2996 2990/2990 2980/2980
f 2980/2980 2986/2986 2996/2996
f 3112/3112 3107/3107 3087/3087
f 3087/3087 3092/3092 3112/3112
f 2984/2984 2994/2994 2989/2989
f 2989/2989 2978/2978 2984/2984
f 3730/3730 3731/3731 2992/2992
f 2992/2992 2982/2982 3730/3730
f 2985/2985 2995/2995 2994/2994
f 2994/2994 2984/2984 2985/2985
f 2980/2980 2990/2990 2995/2995
f 2995/2995 2985/2985 2980/2980
f 2979/2979 2988/2988 2997/2997
f 2997/2997 2987/2987 2979/2979
f 2947/2947 2914/2914 2990/2990
f 2990/2990 2996/2996 2947/2947
f 2991/2991 3008/3008 3046/3046
f 3046/3046 3056/3056 2991/2991
f 3061/3061 3029/3029 3004/3004
f 3004/3004 3055/3055 3061/3061
f 3081/3081 3074/3074 3007/3007
f 3007/3007 3023/3023 3081/3081
f 3679/3679 3079/3079 3015/3015
f 3015/3015 3671/3671 3679/3679
f 3082/3082 3081/3081 3023/3023
f 3023/3023 3027/3027 3082/3082
f 3076/3076 3082/3082 3027/3027
f 3027/3027 2998/2998 3076/3076
f 3041/3041 2991/2991 3056/3056
f 3056/3056 3051/3051 3041/3041
f 3075/3075 3084/3084 3016/3016
f 3016/3016 3006/3006 3075/3075
f 3103/3103 3041/3041 3034/3034
f 3034/3034 3098/3098 3103/3103
f 3049/3049 3044/3044 3032/3032
f 3032/3032 3039/3039 3049/3049
f 3676/3676 3047/3047 3037/3037
f 3037/3037 3675/3675 3676/3676
f 3050/3050 3049/3049 3039/3039
f 3039/3039 3040/3040 3050/3050
f 3045/3045 3050/3050 3040/3040
f 3040/3040 3034/3034 3045/3045
f 3067/3067 2947/2947 2996/2996
f 2996/2996 2923/2923 3067/3067
f 3043/3043 3052/3052 3042/3042
f 3042/3042 3033/3033 3043/3043
f 3041/3041 3051/3051 3045/3045
f 3045/3045 3034/3034 3041/3041
f 2923/2923 2971/2971 2961/2961
f 2961/2961 2951/2951 2923/2923
f 3059/3059 3053/3053 3044/3044
f 3044/3044 3049/3049 3059/3059
f 3677/3677 3058/3058 3047/3047
f 3047/3047 3676/3676 3677/3677
f 3060/3060 3059/3059 3049/3049
f 3049/3049 3050/3050 3060/3060
f 3055/3055 3060/3060 3050/3050
f 3050/3050 3045/3045 3055/3055
f 3054/3054 3062/3062 3052/3052
f 3052/3052 3043/3043 3054/3054
f 3051/3051 3061/3061 3055/3055
f 3055/3055 3045/3045 3051/3051
f 2996/2996 2986/2986 2971/2971
f 2971/2971 2923/2923 2996/2996
f 3021/3021 3000/3000 3053/3053
f 3053/3053 3059/3059 3021/3021
f 3674/3674 3011/3011 3058/3058
f 3058/3058 3677/3677 3674/3674
f 3024/3024 3021/3021 3059/3059
f 3059/3059 3060/3060 3024/3024
f 3004/3004 3024/3024 3060/3060
f 3060/3060 3055/3055 3004/3004
f 3002/3002 3018/3018 3062/3062
f 3062/3062 3054/3054 3002/3002
f 3121/3121 3117/3117 3063/3063
f 3063/3063 3070/3070 3121/3121
f 3681/3681 3119/3119 3068/3068
f 3068/3068 3678/3678 3681/3681
f 3122/3122 3121/3121 3070/3070
f 3070/3070 3071/3071 3122/3122
f 3118/3118 3122/3122 3071/3071
f 3071/3071 3065/3065 3118/3118
f 3116/3116 3124/3124 3073/3073
f 3073/3073 3064/3064 3116/3116
f 3083/3083 3072/3072 3065/3065
f 3065/3065 3076/3076 3083/3083
f 2981/2981 3078/3078 2925/2925
f 2925/2925 3009/3009 2981/2981
f 3070/3070 3063/3063 3074/3074
f 3074/3074 3081/3081 3070/3070
f 3678/3678 3068/3068 3079/3079
f 3079/3079 3679/3679 3678/3678
f 3071/3071 3070/3070 3081/3081
f 3081/3081 3082/3082 3071/3071
f 3065/3065 3071/3071 3082/3082
f 3082/3082 3076/3076 3065/3065
f 3064/3064 3073/3073 3084/3084
f 3084/3084 3075/3075 3064/3064
f 3031/3031 3083/3083 3076/3076
f 3076/3076 2998/2998 3031/3031
f 3009/3009 2925/2925 3029/3029
f 3029/3029 3061/3061 3009/3009
f 3031/3031 3035/3035 2951/2951
f 2951/2951 3083/3083 3031/3031
f 2951/2951 2961/2961 3072/3072
f 3072/3072 3083/3083 2951/2951
f 2966/2966 2976/2976 2981/2981
f 2981/2981 3046/3046 2966/2966
f 3008/3008 2956/2956 2966/2966
f 2966/2966 3046/3046 3008/3008
f 2976/2976 2944/2944 3078/3078
f 3078/3078 2981/2981 2976/2976
f 3103/3103 3095/3095 2991/2991
f 2991/2991 3041/3041 3103/3103
f 3035/3035 3067/3067 2923/2923
f 2923/2923 2951/2951 3035/3035
f 3046/3046 2981/2981 3009/3009
f 3009/3009 3056/3056 3046/3046
f 3095/3095 3094/3094 3008/3008
f 3008/3008 2991/2991 3095/3095
f 3727/3727 3732/3732 3089/3089
f 3089/3089 2952/2952 3727/3727
f 2955/2955 3091/3091 3090/3090
f 3090/3090 2954/2954 2955/2955
f 2950/2950 3087/3087 3091/3091
f 3091/3091 2955/2955 2950/2950
f 2949/2949 3086/3086 3093/3093
f 3093/3093 2957/2957 2949/2949
f 3123/3123 3103/3103 3098/3098
f 3098/3098 3118/3118 3123/3123
f 3039/3039 3032/3032 3097/3097
f 3097/3097 3101/3101 3039/3039
f 3675/3675 3037/3037 3099/3099
f 3099/3099 3680/3680 3675/3675
f 3040/3040 3039/3039 3101/3101
f 3101/3101 3102/3102 3040/3040
f 3034/3034 3040/3040 3102/3102
f 3102/3102 3098/3098 3034/3034
f 3033/3033 3042/3042 3104/3104
f 3104/3104 3096/3096 3033/3033
f 3123/3123 3115/3115 3095/3095
f 3095/3095 3103/3103 3123/3123
f 2971/2971 2986/2986 3112/3112
f 3112/3112 3114/3114 2971/2971
f 3090/3090 3110/3110 3109/3109
f 3109/3109 3085/3085 3090/3090
f 3732/3732 3733/3733 3106/3106
f 3106/3106 3089/3089 3732/3732
f 3091/3091 3111/3111 3110/3110
f 3110/3110 3090/3090 3091/3091
f 3087/3087 3107/3107 3111/3111
f 3111/3111 3091/3091 3087/3087
f 3086/3086 3108/3108 3113/3113
f 3113/3113 3093/3093 3086/3086
f 2986/2986 2980/2980 3107/3107
f 3107/3107 3112/3112 2986/2986
f 3101/3101 3097/3097 3117/3117
f 3117/3117 3121/3121 3101/3101
f 3680/3680 3099/3099 3119/3119
f 3119/3119 3681/3681 3680/3680
f 3102/3102 3101/3101 3121/3121
f 3121/3121 3122/3122 3102/3102
f 3098/3098 3102/3102 3122/3122
f 3122/3122 3118/3118 3098/3098
f 3096/3096 3104/3104 3124/3124
f 3124/3124 3116/3116 3096/3096
f 3072/3072 3123/3123 3118/3118
f 3118/3118 3065/3065 3072/3072
f 3072/3072 2961/2961 3115/3115
f 3115/3115 3123/3123 3072/3072
f 2961/2961 2971/2971 3114/3114
f 3114/3114 3115/3115 2961/2961
f 3165/3165 3164/3164 3153/3153
f 3153/3153 3166/3166 3165/3165
f 3167/3167 3163/3163 3164/3164
f 3164/3164 3165/3165 3167/3167
f 3168/3168 3162/3162 3163/3163
f 3163/3163 3167/3167 3168/3168
f 3169/3169 3161/3161 3162/3162
f 3162/3162 3168/3168 3169/3169
f 3170/3170 3160/3160 3161/3161
f 3161/3161 3169/3169 3170/3170
f 3171/3171 3159/3159 3160/3160
f 3160/3160 3170/3170 3171/3171
f 3172/3172 3158/3158 3159/3159
f 3159/3159 3171/3171 3172/3172
f 3173/3173 3157/3157 3158/3158
f 3158/3158 3172/3172 3173/3173
f 3174/3174 3156/3156 3157/3157
f 3157/3157 3173/3173 3174/3174
f 3175/3175 3155/3155 3156/3156
f 3156/3156 3174/3174 3175/3175
f 3176/3176 3154/3154 3155/3155
f 3155/3155 3175/3175 3176/3176
f 3166/3166 3153/3153 3154/3154
f 3154/3154 3176/3176 3166/3166
f 3115/3115 3156/3156 3095/3095
f 3156/3156 3155/3155 3095/3095
f 3155/3155 3154/3154 3095/3095
f 3154/3154 3153/3153 3095/3095
f 3153/3153 3094/3094 3095/3095
f 3153/3153 3164/3164 3094/3094
f 3164/3164 3163/3163 3094/3094
f 3163/3163 3162/3162 3094/3094
f 3162/3162 3114/3114 3094/3094
f 3115/3115 3157/3157 3156/3156
f 3161/3161 3114/3114 3162/3162
f 3115/3115 3158/3158 3157/3157
f 3160/3160 3114/3114 3161/3161
f 3115/3115 3159/3159 3158/3158
f 3159/3159 3114/3114 3160/3160
f 3115/3115 3114/3114 3159/3159
f 3151/3151 3165/3165 3166/3166
f 3166/3166 3126/3126 3151/3151
f 3148/3148 3167/3167 3165/3165
f 3165/3165 3151/3151 3148/3148
f 3146/3146 3168/3168 3167/3167
f 3167/3167 3148/3148 3146/3146
f 3143/3143 3169/3169 3168/3168
f 3168/3168 3146/3146 3143/3143
f 3141/3141 3170/3170 3169/3169
f 3169/3169 3143/3143 3141/3141
f 3140/3140 3171/3171 3170/3170
f 3170/3170 3141/3141 3140/3140
f 3138/3138 3172/3172 3171/3171
f 3171/3171 3140/3140 3138/3138
f 3136/3136 3173/3173 3172/3172
f 3172/3172 3138/3138 3136/3136
f 3132/3132 3174/3174 3173/3173
f 3173/3173 3136/3136 3132/3132
f 3131/3131 3175/3175 3174/3174
f 3174/3174 3132/3132 3131/3131
f 3128/3128 3176/3176 3175/3175
f 3175/3175 3131/3131 3128/3128
f 3126/3126 3166/3166 3176/3176
f 3176/3176 3128/3128 3126/3126
f 2997/2997 2932/2932 3177/3177
f 3177/3177 3193/3193 2997/2997
f 3193/3193 3177/3177 3179/3179
f 3179/3179 3194/3194 3193/3193
f 2967/2967 2957/2957 3185/3185
f 3185/3185 3187/3187 2967/2967
f 3187/3187 3185/3185 3186/3186
f 3186/3186 3188/3188 3187/3187
f 2977/2977 2967/2967 3187/3187
f 3187/3187 3189/3189 2977/2977
f 3189/3189 3187/3187 3188/3188
f 3188/3188 3190/3190 3189/3189
f 2935/2935 2977/2977 3189/3189
f 3189/3189 3182/3182 2935/2935
f 3182/3182 3189/3189 3190/3190
f 3190/3190 3184/3184 3182/3182
f 3113/3113 2987/2987 3191/3191
f 3191/3191 3197/3197 3113/3113
f 3197/3197 3191/3191 3192/3192
f 3192/3192 3198/3198 3197/3197
f 2987/2987 2997/2997 3193/3193
f 3193/3193 3191/3191 2987/2987
f 3191/3191 3193/3193 3194/3194
f 3194/3194 3192/3192 3191/3191
f 2957/2957 3093/3093 3195/3195
f 3195/3195 3185/3185 2957/2957
f 3185/3185 3195/3195 3196/3196
f 3196/3196 3186/3186 3185/3185
f 3093/3093 3113/3113 3197/3197
f 3197/3197 3195/3195 3093/3093
f 3195/3195 3197/3197 3198/3198
f 3198/3198 3196/3196 3195/3195
f 3084/3084 3215/3215 3199/3199
f 3199/3199 3016/3016 3084/3084
f 3215/3215 3216/3216 3201/3201
f 3201/3201 3199/3199 3215/3215
f 3052/3052 3209/3209 3207/3207
f 3207/3207 3042/3042 3052/3052
f 3209/3209 3210/3210 3208/3208
f 3208/3208 3207/3207 3209/3209
f 3062/3062 3211/3211 3209/3209
f 3209/3209 3052/3052 3062/3062
f 3211/3211 3212/3212 3210/3210
f 3210/3210 3209/3209 3211/3211
f 3018/3018 3203/3203 3211/3211
f 3211/3211 3062/3062 3018/3018
f 3203/3203 3205/3205 3212/3212
f 3212/3212 3211/3211 3203/3203
f 3124/3124 3219/3219 3213/3213
f 3213/3213 3073/3073 3124/3124
f 3219/3219 3220/3220 3214/3214
f 3214/3214 3213/3213 3219/3219
f 3073/3073 3213/3213 3215/3215
f 3215/3215 3084/3084 3073/3073
f 3213/3213 3214/3214 3216/3216
f 3216/3216 3215/3215 3213/3213
f 3042/3042 3207/3207 3217/3217
f 3217/3217 3104/3104 3042/3042
f 3207/3207 3208/3208 3218/3218
f 3218/3218 3217/3217 3207/3207
f 3104/3104 3217/3217 3219/3219
f 3219/3219 3124/3124 3104/3104
f 3217/3217 3218/3218 3220/3220
f 3220/3220 3219/3219 3217/3217
f 3253/3253 3227/3227 3278/3278
f 3278/3278 3284/3284 3253/3253
f 3297/3297 3229/3229 3246/3246
f 3246/3246 3302/3302 3297/3297
f 3716/3716 3708/3708 3488/3488
f 3488/3488 3502/3502 3716/3716
f 3302/3302 3246/3246 3250/3250
f 3250/3250 3303/3303 3302/3302
f 3303/3303 3250/3250 3222/3222
f 3222/3222 3298/3298 3303/3303
f 3359/3359 3369/3369 3317/3317
f 3317/3317 3364/3364 3359/3359
f 3305/3305 3241/3241 3230/3230
f 3230/3230 3296/3296 3305/3305
f 3264/3264 3258/3258 3395/3395
f 3395/3395 3400/3400 3264/3264
f 3267/3267 3257/3257 3262/3262
f 3262/3262 3272/3272 3267/3267
f 3713/3713 3712/3712 3494/3494
f 3494/3494 3496/3496 3713/3713
f 3272/3272 3262/3262 3263/3263
f 3263/3263 3273/3273 3272/3272
f 3273/3273 3263/3263 3258/3258
f 3258/3258 3268/3268 3273/3273
f 3257/3257 3394/3394 3398/3398
f 3398/3398 3262/3262 3257/3257
f 3275/3275 3265/3265 3256/3256
f 3256/3256 3266/3266 3275/3275
f 3274/3274 3268/3268 3258/3258
f 3258/3258 3264/3264 3274/3274
f 3402/3402 3400/3400 3420/3420
f 3420/3420 3422/3422 3402/3402
f 3277/3277 3267/3267 3272/3272
f 3272/3272 3282/3282 3277/3277
f 3714/3714 3713/3713 3496/3496
f 3496/3496 3498/3498 3714/3714
f 3282/3282 3272/3272 3273/3273
f 3273/3273 3283/3283 3282/3282
f 3283/3283 3273/3273 3268/3268
f 3268/3268 3278/3278 3283/3283
f 3285/3285 3275/3275 3266/3266
f 3266/3266 3276/3276 3285/3285
f 3284/3284 3278/3278 3268/3268
f 3268/3268 3274/3274 3284/3284
f 3316/3316 3264/3264 3400/3400
f 3400/3400 3402/3402 3316/3316
f 3223/3223 3277/3277 3282/3282
f 3282/3282 3245/3245 3223/3223
f 3711/3711 3714/3714 3498/3498
f 3498/3498 3492/3492 3711/3711
f 3245/3245 3282/3282 3283/3283
f 3283/3283 3249/3249 3245/3245
f 3249/3249 3283/3283 3278/3278
f 3278/3278 3227/3227 3249/3249
f 3242/3242 3285/3285 3276/3276
f 3276/3276 3225/3225 3242/3242
f 3416/3416 3286/3286 3292/3292
f 3292/3292 3418/3418 3416/3416
f 3718/3718 3715/3715 3500/3500
f 3500/3500 3506/3506 3718/3718
f 3418/3418 3292/3292 3293/3293
f 3293/3293 3419/3419 3418/3418
f 3419/3419 3293/3293 3288/3288
f 3288/3288 3415/3415 3419/3419
f 3421/3421 3295/3295 3287/3287
f 3287/3287 3417/3417 3421/3421
f 3294/3294 3288/3288 3298/3298
f 3298/3298 3304/3304 3294/3294
f 3400/3400 3395/3395 3415/3415
f 3415/3415 3420/3420 3400/3400
f 3286/3286 3297/3297 3302/3302
f 3302/3302 3292/3292 3286/3286
f 3715/3715 3716/3716 3502/3502
f 3502/3502 3500/3500 3715/3715
f 3292/3292 3302/3302 3303/3303
f 3303/3303 3293/3293 3292/3292
f 3293/3293 3303/3303 3298/3298
f 3298/3298 3288/3288 3293/3293
f 3295/3295 3305/3305 3296/3296
f 3296/3296 3287/3287 3295/3295
f 3304/3304 3298/3298 3222/3222
f 3222/3222 3254/3254 3304/3304
f 3364/3364 3354/3354 3316/3316
f 3316/3316 3299/3299 3364/3364
f 3363/3363 3312/3312 3337/3337
f 3337/3337 3369/3369 3363/3363
f 3331/3331 3315/3315 3383/3383
f 3383/3383 3389/3389 3331/3331
f 3682/3682 3323/3323 3388/3388
f 3388/3388 3690/3690 3682/3682
f 3334/3334 3331/3331 3389/3389
f 3389/3389 3390/3390 3334/3334
f 3306/3306 3334/3334 3390/3390
f 3390/3390 3384/3384 3306/3306
f 3359/3359 3364/3364 3299/3299
f 3299/3299 3349/3349 3359/3359
f 3313/3313 3324/3324 3392/3392
f 3392/3392 3382/3382 3313/3313
f 3406/3406 3342/3342 3349/3349
f 3349/3349 3411/3411 3406/3406
f 3347/3347 3341/3341 3351/3351
f 3351/3351 3357/3357 3347/3347
f 3686/3686 3346/3346 3355/3355
f 3355/3355 3687/3687 3686/3686
f 3348/3348 3347/3347 3357/3357
f 3357/3357 3358/3358 3348/3348
f 3342/3342 3348/3348 3358/3358
f 3358/3358 3353/3353 3342/3342
f 3231/3231 3304/3304 3254/3254
f 3254/3254 3375/3375 3231/3231
f 3340/3340 3350/3350 3360/3360
f 3360/3360 3352/3352 3340/3340
f 3342/3342 3353/3353 3359/3359
f 3359/3359 3349/3349 3342/3342
f 3259/3259 3269/3269 3279/3279
f 3279/3279 3231/3231 3259/3259
f 3357/3357 3351/3351 3361/3361
f 3361/3361 3367/3367 3357/3357
f 3687/3687 3355/3355 3365/3365
f 3365/3365 3688/3688 3687/3687
f 3358/3358 3357/3357 3367/3367
f 3367/3367 3368/3368 3358/3358
f 3353/3353 3358/3358 3368/3368
f 3368/3368 3363/3363 3353/3353
f 3352/3352 3360/3360 3370/3370
f 3370/3370 3362/3362 3352/3352
f 3353/3353 3363/3363 3369/3369
f 3369/3369 3359/3359 3353/3353
f 3231/3231 3279/3279 3294/3294
f 3294/3294 3304/3304 3231/3231
f 3367/3367 3361/3361 3308/3308
f 3308/3308 3328/3328 3367/3367
f 3688/3688 3365/3365 3318/3318
f 3318/3318 3685/3685 3688/3688
f 3368/3368 3367/3367 3328/3328
f 3328/3328 3332/3332 3368/3368
f 3363/3363 3368/3368 3332/3332
f 3332/3332 3312/3312 3363/3363
f 3362/3362 3370/3370 3327/3327
f 3327/3327 3309/3309 3362/3362
f 3378/3378 3372/3372 3425/3425
f 3425/3425 3429/3429 3378/3378
f 3689/3689 3376/3376 3427/3427
f 3427/3427 3692/3692 3689/3689
f 3379/3379 3378/3378 3429/3429
f 3429/3429 3430/3430 3379/3379
f 3373/3373 3379/3379 3430/3430
f 3430/3430 3426/3426 3373/3373
f 3371/3371 3381/3381 3432/3432
f 3432/3432 3424/3424 3371/3371
f 3384/3384 3373/3373 3380/3380
f 3380/3380 3391/3391 3384/3384
f 3317/3317 3233/3233 3385/3385
f 3385/3385 3289/3289 3317/3317
f 3389/3389 3383/3383 3372/3372
f 3372/3372 3378/3378 3389/3389
f 3690/3690 3388/3388 3376/3376
f 3376/3376 3689/3689 3690/3690
f 3390/3390 3389/3389 3378/3378
f 3378/3378 3379/3379 3390/3390
f 3384/3384 3390/3390 3379/3379
f 3379/3379 3373/3373 3384/3384
f 3382/3382 3392/3392 3381/3381
f 3381/3381 3371/3371 3382/3382
f 3306/3306 3384/3384 3391/3391
f 3391/3391 3338/3338 3306/3306
f 3369/3369 3337/3337 3233/3233
f 3233/3233 3317/3317 3369/3369
f 3391/3391 3259/3259 3344/3344
f 3344/3344 3338/3338 3391/3391
f 3391/3391 3380/3380 3269/3269
f 3269/3269 3259/3259 3391/3391
f 3354/3354 3289/3289 3284/3284
f 3284/3284 3274/3274 3354/3354
f 3354/3354 3274/3274 3264/3264
f 3264/3264 3316/3316 3354/3354
f 3289/3289 3385/3385 3253/3253
f 3253/3253 3284/3284 3289/3289
f 3349/3349 3299/3299 3403/3403
f 3403/3403 3411/3411 3349/3349
f 3259/3259 3231/3231 3375/3375
f 3375/3375 3344/3344 3259/3259
f 3364/3364 3317/3317 3289/3289
f 3289/3289 3354/3354 3364/3364
f 3299/3299 3316/3316 3402/3402
f 3402/3402 3403/3403 3299/3299
f 3712/3712 3717/3717 3504/3504
f 3504/3504 3494/3494 3712/3712
f 3262/3262 3398/3398 3399/3399
f 3399/3399 3263/3263 3262/3262
f 3263/3263 3399/3399 3395/3395
f 3395/3395 3258/3258 3263/3263
f 3265/3265 3401/3401 3393/3393
f 3393/3393 3256/3256 3265/3265
f 3426/3426 3406/3406 3411/3411
f 3411/3411 3431/3431 3426/3426
f 3409/3409 3405/3405 3341/3341
f 3341/3341 3347/3347 3409/3409
f 3691/3691 3408/3408 3346/3346
f 3346/3346 3686/3686 3691/3691
f 3410/3410 3409/3409 3347/3347
f 3347/3347 3348/3348 3410/3410
f 3406/3406 3410/3410 3348/3348
f 3348/3348 3342/3342 3406/3406
f 3404/3404 3412/3412 3350/3350
f 3350/3350 3340/3340 3404/3404
f 3411/3411 3403/3403 3423/3423
f 3423/3423 3431/3431 3411/3411
f 3422/3422 3420/3420 3294/3294
f 3294/3294 3279/3279 3422/3422
f 3394/3394 3416/3416 3418/3418
f 3418/3418 3398/3398 3394/3394
f 3717/3717 3718/3718 3506/3506
f 3506/3506 3504/3504 3717/3717
f 3398/3398 3418/3418 3419/3419
f 3419/3419 3399/3399 3398/3398
f 3399/3399 3419/3419 3415/3415
f 3415/3415 3395/3395 3399/3399
f 3401/3401 3421/3421 3417/3417
f 3417/3417 3393/3393 3401/3401
f 3420/3420 3415/3415 3288/3288
f 3288/3288 3294/3294 3420/3420
f 3429/3429 3425/3425 3405/3405
f 3405/3405 3409/3409 3429/3429
f 3692/3692 3427/3427 3408/3408
f 3408/3408 3691/3691 3692/3692
f 3430/3430 3429/3429 3409/3409
f 3409/3409 3410/3410 3430/3430
f 3426/3426 3430/3430 3410/3410
f 3410/3410 3406/3406 3426/3426
f 3424/3424 3432/3432 3412/3412
f 3412/3412 3404/3404 3424/3424
f 3373/3373 3426/3426 3431/3431
f 3431/3431 3380/3380 3373/3373
f 3431/3431 3423/3423 3269/3269
f 3269/3269 3380/3380 3431/3431
f 3423/3423 3422/3422 3279/3279
f 3279/3279 3269/3269 3423/3423
f 3474/3474 3461/3461 3472/3472
f 3472/3472 3473/3473 3474/3474
f 3473/3473 3472/3472 3471/3471
f 3471/3471 3475/3475 3473/3473
f 3475/3475 3471/3471 3470/3470
f 3470/3470 3476/3476 3475/3475
f 3476/3476 3470/3470 3469/3469
f 3469/3469 3477/3477 3476/3476
f 3477/3477 3469/3469 3468/3468
f 3468/3468 3478/3478 3477/3477
f 3478/3478 3468/3468 3467/3467
f 3467/3467 3479/3479 3478/3478
f 3479/3479 3467/3467 3466/3466
f 3466/3466 3480/3480 3479/3479
f 3480/3480 3466/3466 3465/3465
f 3465/3465 3481/3481 3480/3480
f 3481/3481 3465/3465 3464/3464
f 3464/3464 3482/3482 3481/3481
f 3482/3482 3464/3464 3463/3463
f 3463/3463 3483/3483 3482/3482
f 3483/3483 3463/3463 3462/3462
f 3462/3462 3484/3484 3483/3483
f 3484/3484 3462/3462 3461/3461
f 3461/3461 3474/3474 3484/3484
f 3403/3403 3464/3464 3423/3423
f 3403/3403 3463/3463 3464/3464
f 3403/3403 3462/3462 3463/3463
f 3403/3403 3461/3461 3462/3462
f 3403/3403 3402/3402 3461/3461
f 3402/3402 3472/3472 3461/3461
f 3402/3402 3471/3471 3472/3472
f 3402/3402 3470/3470 3471/3471
f 3402/3402 3422/3422 3470/3470
f 3464/3464 3465/3465 3423/3423
f 3470/3470 3422/3422 3469/3469
f 3465/3465 3466/3466 3423/3423
f 3469/3469 3422/3422 3468/3468
f 3466/3466 3467/3467 3423/3423
f 3468/3468 3422/3422 3467/3467
f 3467/3467 3422/3422 3423/3423
f 3434/3434 3474/3474 3473/3473
f 3473/3473 3460/3460 3434/3434
f 3460/3460 3473/3473 3475/3475
f 3475/3475 3457/3457 3460/3460
f 3457/3457 3475/3475 3476/3476
f 3476/3476 3454/3454 3457/3457
f 3454/3454 3476/3476 3477/3477
f 3477/3477 3452/3452 3454/3454
f 3452/3452 3477/3477 3478/3478
f 3478/3478 3451/3451 3452/3452
f 3451/3451 3478/3478 3479/3479
f 3479/3479 3448/3448 3451/3451
f 3448/3448 3479/3479 3480/3480
f 3480/3480 3446/3446 3448/3448
f 3446/3446 3480/3480 3481/3481
f 3481/3481 3443/3443 3446/3446
f 3443/3443 3481/3481 3482/3482
f 3482/3482 3441/3441 3443/3443
f 3441/3441 3482/3482 3483/3483
f 3483/3483 3439/3439 3441/3441
f 3439/3439 3483/3483 3484/3484
f 3484/3484 3436/3436 3439/3439
f 3436/3436 3484/3484 3474/3474
f 3474/3474 3434/3434 3436/3436
f 3501/3501 3486/3486 3241/3241
f 3241/3241 3305/3305 3501/3501
f 3502/3502 3488/3488 3486/3486
f 3486/3486 3501/3501 3502/3502
f 3495/3495 3493/3493 3265/3265
f 3265/3265 3275/3275 3495/3495
f 3496/3496 3494/3494 3493/3493
f 3493/3493 3495/3495 3496/3496
f 3497/3497 3495/3495 3275/3275
f 3275/3275 3285/3285 3497/3497
f 3498/3498 3496/3496 3495/3495
f 3495/3495 3497/3497 3498/3498
f 3489/3489 3497/3497 3285/3285
f 3285/3285 3242/3242 3489/3489
f 3492/3492 3498/3498 3497/3497
f 3497/3497 3489/3489 3492/3492
f 3505/3505 3499/3499 3295/3295
f 3295/3295 3421/3421 3505/3505
f 3506/3506 3500/3500 3499/3499
f 3499/3499 3505/3505 3506/3506
f 3499/3499 3501/3501 3305/3305
f 3305/3305 3295/3295 3499/3499
f 3500/3500 3502/3502 3501/3501
f 3501/3501 3499/3499 3500/3500
f 3493/3493 3503/3503 3401/3401
f 3401/3401 3265/3265 3493/3493
f 3494/3494 3504/3504 3503/3503
f 3503/3503 3493/3493 3494/3494
f 3503/3503 3505/3505 3421/3421
f 3421/3421 3401/3401 3503/3503
f 3504/3504 3506/3506 3505/3505
f 3505/3505 3503/3503 3504/3504
f 3324/3324 3507/3507 3523/3523
f 3523/3523 3392/3392 3324/3324
f 3507/3507 3510/3510 3524/3524
f 3524/3524 3523/3523 3507/3507
f 3350/3350 3515/3515 3517/3517
f 3517/3517 3360/3360 3350/3350
f 3515/3515 3516/3516 3518/3518
f 3518/3518 3517/3517 3515/3515
f 3360/3360 3517/3517 3519/3519
f 3519/3519 3370/3370 3360/3360
f 3517/3517 3518/3518 3520/3520
f 3520/3520 3519/3519 3517/3517
f 3370/3370 3519/3519 3511/3511
f 3511/3511 3327/3327 3370/3370
f 3519/3519 3520/3520 3514/3514
f 3514/3514 3511/3511 3519/3519
f 3381/3381 3521/3521 3527/3527
f 3527/3527 3432/3432 3381/3381
f 3521/3521 3522/3522 3528/3528
f 3528/3528 3527/3527 3521/3521
f 3392/3392 3523/3523 3521/3521
f 3521/3521 3381/3381 3392/3392
f 3523/3523 3524/3524 3522/3522
f 3522/3522 3521/3521 3523/3523
f 3412/3412 3525/3525 3515/3515
f 3515/3515 3350/3350 3412/3412
f 3525/3525 3526/3526 3516/3516
f 3516/3516 3515/3515 3525/3525
f 3432/3432 3527/3527 3525/3525
f 3525/3525 3412/3412 3432/3432
f 3527/3527 3528/3528 3526/3526
f 3526/3526 3525/3525 3527/3527
f 3590/3590 3599/3599 3247/3247
f 3247/3247 3228/3228 3590/3590
f 3589/3589 3600/3600 3248/3248
f 3248/3248 3226/3226 3589/3589
f 3587/3587 3603/3603 3255/3255
f 3255/3255 3221/3221 3587/3587
f 3602/3602 3589/3589 3226/3226
f 3226/3226 3252/3252 3602/3602
f 3593/3593 3606/3606 3280/3280
f 3280/3280 3236/3236 3593/3593
f 3588/3588 3597/3597 3243/3243
f 3243/3243 3224/3224 3588/3588
f 3721/3721 3638/3638 3487/3487
f 3487/3487 3709/3709 3721/3721
f 3748/3748 3592/3592 3235/3235
f 3235/3235 3737/3737 3748/3748
f 3600/3600 3598/3598 3244/3244
f 3244/3244 3248/3248 3600/3600
f 3599/3599 3601/3601 3251/3251
f 3251/3251 3247/3247 3599/3599
f 3598/3598 3588/3588 3224/3224
f 3224/3224 3244/3244 3598/3598
f 3601/3601 3587/3587 3221/3221
f 3221/3221 3251/3251 3601/3601
f 3623/3623 3591/3591 3232/3232
f 3232/3232 3336/3336 3623/3623
f 3635/3635 3607/3607 3290/3290
f 3290/3290 3413/3413 3635/3635
f 3596/3596 3590/3590 3228/3228
f 3228/3228 3240/3240 3596/3596
f 3608/3608 3595/3595 3237/3237
f 3237/3237 3300/3300 3608/3608
f 3605/3605 3604/3604 3261/3261
f 3261/3261 3271/3271 3605/3605
f 3606/3606 3605/3605 3271/3271
f 3271/3271 3280/3280 3606/3606
f 3604/3604 3633/3633 3396/3396
f 3396/3396 3261/3261 3604/3604
f 3607/3607 3608/3608 3300/3300
f 3300/3300 3290/3290 3607/3607
f 3620/3620 3612/3612 3314/3314
f 3314/3314 3330/3330 3620/3620
f 3621/3621 3611/3611 3311/3311
f 3311/3311 3333/3333 3621/3621
f 3624/3624 3609/3609 3307/3307
f 3307/3307 3339/3339 3624/3624
f 3611/3611 3623/3623 3336/3336
f 3336/3336 3311/3311 3611/3611
f 3628/3628 3613/3613 3319/3319
f 3319/3319 3366/3366 3628/3628
f 3618/3618 3610/3610 3310/3310
f 3310/3310 3326/3326 3618/3618
f 3696/3696 3615/3615 3322/3322
f 3322/3322 3683/3683 3696/3696
f 3670/3670 3644/3644 3513/3513
f 3513/3513 3659/3659 3670/3670
f 3619/3619 3621/3621 3333/3333
f 3333/3333 3329/3329 3619/3619
f 3622/3622 3620/3620 3330/3330
f 3330/3330 3335/3335 3622/3622
f 3610/3610 3619/3619 3329/3329
f 3329/3329 3310/3310 3610/3610
f 3609/3609 3622/3622 3335/3335
f 3335/3335 3307/3307 3609/3609
f 3612/3612 3617/3617 3325/3325
f 3325/3325 3314/3314 3612/3612
f 3616/3616 3632/3632 3387/3387
f 3387/3387 3321/3321 3616/3616
f 3629/3629 3625/3625 3343/3343
f 3343/3343 3374/3374 3629/3629
f 3626/3626 3627/3627 3356/3356
f 3356/3356 3345/3345 3626/3626
f 3627/3627 3628/3628 3366/3366
f 3366/3366 3356/3356 3627/3627
f 3634/3634 3626/3626 3345/3345
f 3345/3345 3407/3407 3634/3634
f 3603/3603 3629/3629 3374/3374
f 3374/3374 3255/3255 3603/3603
f 3632/3632 3630/3630 3377/3377
f 3377/3377 3387/3387 3632/3632
f 3625/3625 3624/3624 3339/3339
f 3339/3339 3343/3343 3625/3625
f 3591/3591 3631/3631 3386/3386
f 3386/3386 3232/3232 3591/3591
f 3631/3631 3602/3602 3252/3252
f 3252/3252 3386/3386 3631/3631
f 3630/3630 3636/3636 3428/3428
f 3428/3428 3377/3377 3630/3630
f 3633/3633 3635/3635 3413/3413
f 3413/3413 3396/3396 3633/3633
f 3636/3636 3634/3634 3407/3407
f 3407/3407 3428/3428 3636/3636
f 3750/3750 3751/3751 3435/3435
f 3435/3435 3433/3433 3750/3750
f 3751/3751 3756/3756 3438/3438
f 3438/3438 3435/3435 3751/3751
f 3754/3754 3758/3758 3440/3440
f 3440/3440 3437/3437 3754/3754
f 3758/3758 3760/3760 3442/3442
f 3442/3442 3440/3440 3758/3758
f 3760/3760 3764/3764 3445/3445
f 3445/3445 3442/3442 3760/3760
f 3762/3762 3765/3765 3447/3447
f 3447/3447 3444/3444 3762/3762
f 3765/3765 3768/3768 3450/3450
f 3450/3450 3447/3447 3765/3765
f 3767/3767 3770/3770 3453/3453
f 3453/3453 3449/3449 3767/3767
f 3770/3770 3773/3773 3455/3455
f 3455/3455 3453/3453 3770/3770
f 3773/3773 3775/3775 3456/3456
f 3456/3456 3455/3455 3773/3773
f 3776/3776 3779/3779 3459/3459
f 3459/3459 3458/3458 3776/3776
f 3779/3779 3750/3750 3433/3433
f 3433/3433 3459/3459 3779/3779
f 3637/3637 3596/3596 3240/3240
f 3240/3240 3485/3485 3637/3637
f 3638/3638 3637/3637 3485/3485
f 3485/3485 3487/3487 3638/3638
f 3597/3597 3639/3639 3490/3490
f 3490/3490 3243/3243 3597/3597
f 3639/3639 3640/3640 3491/3491
f 3491/3491 3490/3490 3639/3639
f 3617/3617 3641/3641 3508/3508
f 3508/3508 3325/3325 3617/3617
f 3641/3641 3642/3642 3509/3509
f 3509/3509 3508/3508 3641/3641
f 3643/3643 3618/3618 3326/3326
f 3326/3326 3512/3512 3643/3643
f 3644/3644 3643/3643 3512/3512
f 3512/3512 3513/3513 3644/3644
f 2922/2922 2939/2939 3541/3541
f 3541/3541 3532/3532 2922/2922
f 2919/2919 2941/2941 3542/3542
f 3542/3542 3531/3531 2919/2919
f 2913/2913 2946/2946 3545/3545
f 3545/3545 3529/3529 2913/2913
f 2945/2945 2919/2919 3531/3531
f 3531/3531 3544/3544 2945/2945
f 2927/2927 2972/2972 3548/3548
f 3548/3548 3534/3534 2927/2927
f 2917/2917 2934/2934 3539/3539
f 3539/3539 3530/3530 2917/2917
f 3698/3698 3180/3180 3580/3580
f 3580/3580 3719/3719 3698/3698
f 3726/3726 2928/2928 3535/3535
f 3535/3535 3747/3747 3726/3726
f 2941/2941 2936/2936 3540/3540
f 3540/3540 3542/3542 2941/2941
f 2939/2939 2943/2943 3543/3543
f 3543/3543 3541/3541 2939/2939
f 2936/2936 2917/2917 3530/3530
f 3530/3530 3540/3540 2936/2936
f 2943/2943 2913/2913 3529/3529
f 3529/3529 3543/3543 2943/2943
f 3028/3028 2924/2924 3533/3533
f 3533/3533 3565/3565 3028/3028
f 3105/3105 2983/2983 3549/3549
f 3549/3549 3577/3577 3105/3105
f 2933/2933 2922/2922 3532/3532
f 3532/3532 3538/3538 2933/2933
f 2993/2993 2930/2930 3537/3537
f 3537/3537 3550/3550 2993/2993
f 2962/2962 2953/2953 3546/3546
f 3546/3546 3547/3547 2962/2962
f 2972/2972 2962/2962 3547/3547
f 3547/3547 3548/3548 2972/2972
f 2953/2953 3088/3088 3575/3575
f 3575/3575 3546/3546 2953/2953
f 2983/2983 2993/2993 3550/3550
f 3550/3550 3549/3549 2983/2983
f 3022/3022 3005/3005 3554/3554
f 3554/3554 3562/3562 3022/3022
f 3025/3025 3003/3003 3553/3553
f 3553/3553 3563/3563 3025/3025
f 3030/3030 2999/2999 3551/3551
f 3551/3551 3566/3566 3030/3030
f 3003/3003 3028/3028 3565/3565
f 3565/3565 3553/3553 3003/3003
f 3057/3057 3012/3012 3555/3555
f 3555/3555 3570/3570 3057/3057
f 3019/3019 3001/3001 3552/3552
f 3552/3552 3560/3560 3019/3019
f 3672/3672 3013/3013 3558/3558
f 3558/3558 3695/3695 3672/3672
f 3648/3648 3206/3206 3586/3586
f 3586/3586 3668/3668 3648/3648
f 3020/3020 3025/3025 3563/3563
f 3563/3563 3561/3561 3020/3020
f 3026/3026 3022/3022 3562/3562
f 3562/3562 3564/3564 3026/3026
f 3001/3001 3020/3020 3561/3561
f 3561/3561 3552/3552 3001/3001
f 2999/2999 3026/3026 3564/3564
f 3564/3564 3551/3551 2999/2999
f 3005/3005 3017/3017 3559/3559
f 3559/3559 3554/3554 3005/3005
f 3014/3014 3080/3080 3574/3574
f 3574/3574 3557/3557 3014/3014
f 3066/3066 3036/3036 3567/3567
f 3567/3567 3571/3571 3066/3066
f 3038/3038 3048/3048 3569/3569
f 3569/3569 3568/3568 3038/3038
f 3048/3048 3057/3057 3570/3570
f 3570/3570 3569/3569 3048/3048
f 3100/3100 3038/3038 3568/3568
f 3568/3568 3576/3576 3100/3100
f 2946/2946 3066/3066 3571/3571
f 3571/3571 3545/3545 2946/2946
f 3080/3080 3069/3069 3572/3572
f 3572/3572 3574/3574 3080/3080
f 3036/3036 3030/3030 3566/3566
f 3566/3566 3567/3567 3036/3036
f 2924/2924 3077/3077 3573/3573
f 3573/3573 3533/3533 2924/2924
f 3077/3077 2945/2945 3544/3544
f 3544/3544 3573/3573 3077/3077
f 3069/3069 3120/3120 3578/3578
f 3578/3578 3572/3572 3069/3069
f 3088/3088 3105/3105 3577/3577
f 3577/3577 3575/3575 3088/3088
f 3120/3120 3100/3100 3576/3576
f 3576/3576 3578/3578 3120/3120
f 3178/3178 2933/2933 3538/3538
f 3538/3538 3579/3579 3178/3178
f 3180/3180 3178/3178 3579/3579
f 3579/3579 3580/3580 3180/3180
f 2934/2934 3181/3181 3581/3581
f 3581/3581 3539/3539 2934/2934
f 3181/3181 3183/3183 3582/3582
f 3582/3582 3581/3581 3181/3181
f 3017/3017 3200/3200 3583/3583
f 3583/3583 3559/3559 3017/3017
f 3200/3200 3202/3202 3584/3584
f 3584/3584 3583/3583 3200/3200
f 3204/3204 3019/3019 3560/3560
f 3560/3560 3585/3585 3204/3204
f 3206/3206 3204/3204 3585/3585
f 3585/3585 3586/3586 3206/3206
f 3532/3532 3541/3541 3599/3599
f 3599/3599 3590/3590 3532/3532
f 3531/3531 3542/3542 3600/3600
f 3600/3600 3589/3589 3531/3531
f 3529/3529 3545/3545 3603/3603
f 3603/3603 3587/3587 3529/3529
f 3544/3544 3531/3531 3589/3589
f 3589/3589 3602/3602 3544/3544
f 3534/3534 3548/3548 3606/3606
f 3606/3606 3593/3593 3534/3534
f 3530/3530 3539/3539 3597/3597
f 3597/3597 3588/3588 3530/3530
f 3719/3719 3580/3580 3638/3638
f 3638/3638 3721/3721 3719/3719
f 3747/3747 3535/3535 3592/3592
f 3592/3592 3748/3748 3747/3747
f 3542/3542 3540/3540 3598/3598
f 3598/3598 3600/3600 3542/3542
f 3541/3541 3543/3543 3601/3601
f 3601/3601 3599/3599 3541/3541
f 3540/3540 3530/3530 3588/3588
f 3588/3588 3598/3598 3540/3540
f 3543/3543 3529/3529 3587/3587
f 3587/3587 3601/3601 3543/3543
f 3565/3565 3533/3533 3591/3591
f 3591/3591 3623/3623 3565/3565
f 3577/3577 3549/3549 3607/3607
f 3607/3607 3635/3635 3577/3577
f 3538/3538 3532/3532 3590/3590
f 3590/3590 3596/3596 3538/3538
f 3550/3550 3537/3537 3595/3595
f 3595/3595 3608/3608 3550/3550
f 3547/3547 3546/3546 3604/3604
f 3604/3604 3605/3605 3547/3547
f 3548/3548 3547/3547 3605/3605
f 3605/3605 3606/3606 3548/3548
f 3546/3546 3575/3575 3633/3633
f 3633/3633 3604/3604 3546/3546
f 3549/3549 3550/3550 3608/3608
f 3608/3608 3607/3607 3549/3549
f 3562/3562 3554/3554 3612/3612
f 3612/3612 3620/3620 3562/3562
f 3563/3563 3553/3553 3611/3611
f 3611/3611 3621/3621 3563/3563
f 3566/3566 3551/3551 3609/3609
f 3609/3609 3624/3624 3566/3566
f 3553/3553 3565/3565 3623/3623
f 3623/3623 3611/3611 3553/3553
f 3570/3570 3555/3555 3613/3613
f 3613/3613 3628/3628 3570/3570
f 3560/3560 3552/3552 3610/3610
f 3610/3610 3618/3618 3560/3560
f 3695/3695 3558/3558 3615/3615
f 3615/3615 3696/3696 3695/3695
f 3668/3668 3586/3586 3644/3644
f 3644/3644 3670/3670 3668/3668
f 3561/3561 3563/3563 3621/3621
f 3621/3621 3619/3619 3561/3561
f 3564/3564 3562/3562 3620/3620
f 3620/3620 3622/3622 3564/3564
f 3552/3552 3561/3561 3619/3619
f 3619/3619 3610/3610 3552/3552
f 3551/3551 3564/3564 3622/3622
f 3622/3622 3609/3609 3551/3551
f 3554/3554 3559/3559 3617/3617
f 3617/3617 3612/3612 3554/3554
f 3557/3557 3574/3574 3632/3632
f 3632/3632 3616/3616 3557/3557
f 3571/3571 3567/3567 3625/3625
f 3625/3625 3629/3629 3571/3571
f 3568/3568 3569/3569 3627/3627
f 3627/3627 3626/3626 3568/3568
f 3569/3569 3570/3570 3628/3628
f 3628/3628 3627/3627 3569/3569
f 3576/3576 3568/3568 3626/3626
f 3626/3626 3634/3634 3576/3576
f 3545/3545 3571/3571 3629/3629
f 3629/3629 3603/3603 3545/3545
f 3574/3574 3572/3572 3630/3630
f 3630/3630 3632/3632 3574/3574
f 3567/3567 3566/3566 3624/3624
f 3624/3624 3625/3625 3567/3567
f 3533/3533 3573/3573 3631/3631
f 3631/3631 3591/3591 3533/3533
f 3573/3573 3544/3544 3602/3602
f 3602/3602 3631/3631 3573/3573
f 3572/3572 3578/3578 3636/3636
f 3636/3636 3630/3630 3572/3572
f 3575/3575 3577/3577 3635/3635
f 3635/3635 3633/3633 3575/3575
f 3578/3578 3576/3576 3634/3634
f 3634/3634 3636/3636 3578/3578
f 3579/3579 3538/3538 3596/3596
f 3596/3596 3637/3637 3579/3579
f 3580/3580 3579/3579 3637/3637
f 3637/3637 3638/3638 3580/3580
f 3539/3539 3581/3581 3639/3639
f 3639/3639 3597/3597 3539/3539
f 3581/3581 3582/3582 3640/3640
f 3640/3640 3639/3639 3581/3581
f 3559/3559 3583/3583 3641/3641
f 3641/3641 3617/3617 3559/3559
f 3583/3583 3584/3584 3642/3642
f 3642/3642 3641/3641 3583/3583
f 3585/3585 3560/3560 3618/3618
f 3618/3618 3643/3643 3585/3585
f 3586/3586 3585/3585 3643/3643
f 3643/3643 3644/3644 3586/3586
f 3216/3216 3653/3653 3645/3645
f 3645/3645 3201/3201 3216/3216
f 3210/3210 3650/3650 3649/3649
f 3649/3649 3208/3208 3210/3210
f 3212/3212 3651/3651 3650/3650
f 3650/3650 3210/3210 3212/3212
f 3205/3205 3647/3647 3651/3651
f 3651/3651 3212/3212 3205/3205
f 3220/3220 3655/3655 3652/3652
f 3652/3652 3214/3214 3220/3220
f 3214/3214 3652/3652 3653/3653
f 3653/3653 3216/3216 3214/3214
f 3208/3208 3649/3649 3654/3654
f 3654/3654 3218/3218 3208/3208
f 3218/3218 3654/3654 3655/3655
f 3655/3655 3220/3220 3218/3218
f 3510/3510 3656/3656 3664/3664
f 3664/3664 3524/3524 3510/3510
f 3516/3516 3660/3660 3661/3661
f 3661/3661 3518/3518 3516/3516
f 3518/3518 3661/3661 3662/3662
f 3662/3662 3520/3520 3518/3518
f 3520/3520 3662/3662 3658/3658
f 3658/3658 3514/3514 3520/3520
f 3522/3522 3663/3663 3666/3666
f 3666/3666 3528/3528 3522/3522
f 3524/3524 3664/3664 3663/3663
f 3663/3663 3522/3522 3524/3524
f 3526/3526 3665/3665 3660/3660
f 3660/3660 3516/3516 3526/3526
f 3528/3528 3666/3666 3665/3665
f 3665/3665 3526/3526 3528/3528
f 3642/3642 3669/3669 3657/3657
f 3657/3657 3509/3509 3642/3642
f 3694/3694 3670/3670 3659/3659
f 3659/3659 3684/3684 3694/3694
f 3202/3202 3646/3646 3667/3667
f 3667/3667 3584/3584 3202/3202
f 3673/3673 3648/3648 3668/3668
f 3668/3668 3693/3693 3673/3673
f 3584/3584 3667/3667 3669/3669
f 3669/3669 3642/3642 3584/3584
f 3693/3693 3668/3668 3670/3670
f 3670/3670 3694/3694 3693/3693
f 3653/3653 3679/3679 3671/3671
f 3671/3671 3645/3645 3653/3653
f 3650/3650 3676/3676 3675/3675
f 3675/3675 3649/3649 3650/3650
f 3651/3651 3677/3677 3676/3676
f 3676/3676 3650/3650 3651/3651
f 3647/3647 3674/3674 3677/3677
f 3677/3677 3651/3651 3647/3647
f 3655/3655 3681/3681 3678/3678
f 3678/3678 3652/3652 3655/3655
f 3652/3652 3678/3678 3679/3679
f 3679/3679 3653/3653 3652/3652
f 3649/3649 3675/3675 3680/3680
f 3680/3680 3654/3654 3649/3649
f 3654/3654 3680/3680 3681/3681
f 3681/3681 3655/3655 3654/3654
f 3656/3656 3682/3682 3690/3690
f 3690/3690 3664/3664 3656/3656
f 3660/3660 3686/3686 3687/3687
f 3687/3687 3661/3661 3660/3660
f 3661/3661 3687/3687 3688/3688
f 3688/3688 3662/3662 3661/3661
f 3662/3662 3688/3688 3685/3685
f 3685/3685 3658/3658 3662/3662
f 3663/3663 3689/3689 3692/3692
f 3692/3692 3666/3666 3663/3663
f 3664/3664 3690/3690 3689/3689
f 3689/3689 3663/3663 3664/3664
f 3665/3665 3691/3691 3686/3686
f 3686/3686 3660/3660 3665/3665
f 3666/3666 3692/3692 3691/3691
f 3691/3691 3665/3665 3666/3666
f 3669/3669 3696/3696 3683/3683
f 3683/3683 3657/3657 3669/3669
f 3646/3646 3672/3672 3695/3695
f 3695/3695 3667/3667 3646/3646
f 3667/3667 3695/3695 3696/3696
f 3696/3696 3669/3669 3667/3667
f 3614/3614 3694/3694 3684/3684
f 3684/3684 3320/3320 3614/3614
f 3010/3010 3673/3673 3693/3693
f 3693/3693 3556/3556 3010/3010
f 3556/3556 3693/3693 3694/3694
f 3694/3694 3614/3614 3556/3556
f 3194/3194 3179/3179 3697/3697
f 3697/3697 3705/3705 3194/3194
f 3188/3188 3186/3186 3701/3701
f 3701/3701 3702/3702 3188/3188
f 3190/3190 3188/3188 3702/3702
f 3702/3702 3703/3703 3190/3190
f 3184/3184 3190/3190 3703/3703
f 3703/3703 3699/3699 3184/3184
f 3198/3198 3192/3192 3704/3704
f 3704/3704 3707/3707 3198/3198
f 3192/3192 3194/3194 3705/3705
f 3705/3705 3704/3704 3192/3192
f 3186/3186 3196/3196 3706/3706
f 3706/3706 3701/3701 3186/3186
f 3196/3196 3198/3198 3707/3707
f 3707/3707 3706/3706 3196/3196
f 3742/3742 3734/3734 3708/3708
f 3708/3708 3716/3716 3742/3742
f 3739/3739 3738/3738 3712/3712
f 3712/3712 3713/3713 3739/3739
f 3740/3740 3739/3739 3713/3713
f 3713/3713 3714/3714 3740/3740
f 3736/3736 3740/3740 3714/3714
f 3714/3714 3711/3711 3736/3736
f 3744/3744 3741/3741 3715/3715
f 3715/3715 3718/3718 3744/3744
f 3741/3741 3742/3742 3716/3716
f 3716/3716 3715/3715 3741/3741
f 3738/3738 3743/3743 3717/3717
f 3717/3717 3712/3712 3738/3738
f 3743/3743 3744/3744 3718/3718
f 3718/3718 3717/3717 3743/3743
f 3746/3746 3721/3721 3709/3709
f 3709/3709 3735/3735 3746/3746
f 3640/3640 3722/3722 3710/3710
f 3710/3710 3491/3491 3640/3640
f 3723/3723 3698/3698 3719/3719
f 3719/3719 3745/3745 3723/3723
f 3183/3183 3700/3700 3720/3720
f 3720/3720 3582/3582 3183/3183
f 3745/3745 3719/3719 3721/3721
f 3721/3721 3746/3746 3745/3745
f 3582/3582 3720/3720 3722/3722
f 3722/3722 3640/3640 3582/3582
f 3705/3705 3697/3697 3724/3724
f 3724/3724 3731/3731 3705/3705
f 3702/3702 3701/3701 3727/3727
f 3727/3727 3728/3728 3702/3702
f 3703/3703 3702/3702 3728/3728
f 3728/3728 3729/3729 3703/3703
f 3699/3699 3703/3703 3729/3729
f 3729/3729 3725/3725 3699/3699
f 3707/3707 3704/3704 3730/3730
f 3730/3730 3733/3733 3707/3707
f 3704/3704 3705/3705 3731/3731
f 3731/3731 3730/3730 3704/3704
f 3701/3701 3706/3706 3732/3732
f 3732/3732 3727/3727 3701/3701
f 3706/3706 3707/3707 3733/3733
f 3733/3733 3732/3732 3706/3706
f 3722/3722 3748/3748 3737/3737
f 3737/3737 3710/3710 3722/3722
f 3700/3700 3726/3726 3747/3747
f 3747/3747 3720/3720 3700/3700
f 3720/3720 3747/3747 3748/3748
f 3748/3748 3722/3722 3720/3720
f 3301/3301 3238/3238 3734/3734
f 3734/3734 3742/3742 3301/3301
f 3270/3270 3260/3260 3738/3738
f 3738/3738 3739/3739 3270/3270
f 3281/3281 3270/3270 3739/3739
f 3739/3739 3740/3740 3281/3281
f 3234/3234 3281/3281 3740/3740
f 3740/3740 3736/3736 3234/3234
f 3414/3414 3291/3291 3741/3741
f 3741/3741 3744/3744 3414/3414
f 3291/3291 3301/3301 3742/3742
f 3742/3742 3741/3741 3291/3291
f 3260/3260 3397/3397 3743/3743
f 3743/3743 3738/3738 3260/3260
f 3397/3397 3414/3414 3744/3744
f 3744/3744 3743/3743 3397/3397
f 3594/3594 3746/3746 3735/3735
f 3735/3735 3239/3239 3594/3594
f 2931/2931 3723/3723 3745/3745
f 3745/3745 3536/3536 2931/2931
f 3536/3536 3745/3745 3746/3746
f 3746/3746 3594/3594 3536/3536
f 3125/3125 3127/3127 3753/3753
f 3753/3753 3749/3749 3125/3125
f 3129/3129 3130/3130 3755/3755
f 3755/3755 3752/3752 3129/3129
f 3130/3130 3133/3133 3757/3757
f 3757/3757 3755/3755 3130/3130
f 3133/3133 3134/3134 3759/3759
f 3759/3759 3757/3757 3133/3133
f 3135/3135 3137/3137 3763/3763
f 3763/3763 3761/3761 3135/3135
f 3137/3137 3139/3139 3766/3766
f 3766/3766 3763/3763 3137/3137
f 3139/3139 3142/3142 3769/3769
f 3769/3769 3766/3766 3139/3139
f 3142/3142 3144/3144 3771/3771
f 3771/3771 3769/3769 3142/3142
f 3145/3145 3147/3147 3774/3774
f 3774/3774 3772/3772 3145/3145
f 3147/3147 3149/3149 3777/3777
f 3777/3777 3774/3774 3147/3147
f 3149/3149 3152/3152 3778/3778
f 3778/3778 3777/3777 3149/3149
f 3150/3150 3125/3125 3749/3749
f 3749/3749 3780/3780 3150/3150
f 3807/3807 3781/3781 3809/3809
f 3809/3809 3820/3820 3807/3807
f 3806/3806 3807/3807 3820/3820
f 3820/3820 3819/3819 3806/3806
f 3803/3803 3806/3806 3819/3819
f 3819/3819 3818/3818 3803/3803
f 3801/3801 3803/3803 3818/3818
f 3818/3818 3817/3817 3801/3801
f 3798/3798 3801/3801 3817/3817
f 3817/3817 3816/3816 3798/3798
f 3796/3796 3798/3798 3816/3816
f 3816/3816 3815/3815 3796/3796
f 3792/3792 3796/3796 3815/3815
f 3815/3815 3814/3814 3792/3792
f 3790/3790 3792/3792 3814/3814
f 3814/3814 3813/3813 3790/3790
f 3788/3788 3790/3790 3813/3813
f 3813/3813 3812/3812 3788/3788
f 3787/3787 3788/3788 3812/3812
f 3812/3812 3811/3811 3787/3787
f 3783/3783 3787/3787 3811/3811
f 3811/3811 3810/3810 3783/3783
f 3781/3781 3783/3783 3810/3810
f 3810/3810 3809/3809 3781/3781
f 3820/3820 3809/3809 3821/3821
f 3821/3821 3832/3832 3820/3820
f 3819/3819 3820/3820 3832/3832
f 3832/3832 3831/3831 3819/3819
f 3818/3818 3819/3819 3831/3831
f 3831/3831 3830/3830 3818/3818
f 3817/3817 3818/3818 3830/3830
f 3830/3830 3829/3829 3817/3817
f 3816/3816 3817/3817 3829/3829
f 3829/3829 3828/3828 3816/3816
f 3815/3815 3816/3816 3828/3828
f 3828/3828 3827/3827 3815/3815
f 3814/3814 3815/3815 3827/3827
f 3827/3827 3826/3826 3814/3814
f 3813/3813 3814/3814 3826/3826
f 3826/3826 3825/3825 3813/3813
f 3812/3812 3813/3813 3825/3825
f 3825/3825 3824/3824 3812/3812
f 3811/3811 3812/3812 3824/3824
f 3824/3824 3823/3823 3811/3811
f 3810/3810 3811/3811 3823/3823
f 3823/3823 3822/3822 3810/3810
f 3809/3809 3810/3810 3822/3822
f 3822/3822 3821/3821 3809/3809
f 3832/3832 3821/3821 3833/3833
f 3833/3833 3844/3844 3832/3832
f 3831/3831 3832/3832 3844/3844
f 3844/3844 3843/3843 3831/3831
f 3830/3830 3831/3831 3843/3843
f 3843/3843 3842/3842 3830/3830
f 3829/3829 3830/3830 3842/3842
f 3842/3842 3841/3841 3829/3829
f 3828/3828 3829/3829 3841/3841
f 3841/3841 3840/3840 3828/3828
f 3827/3827 3828/3828 3840/3840
f 3840/3840 3839/3839 3827/3827
f 3826/3826 3827/3827 3839/3839
f 3839/3839 3838/3838 3826/3826
f 3825/3825 3826/3826 3838/3838
f 3838/3838 3837/3837 3825/3825
f 3824/3824 3825/3825 3837/3837
f 3837/3837 3836/3836 3824/3824
f 3823/3823 3824/3824 3836/3836
f 3836/3836 3835/3835 3823/3823
f 3822/3822 3823/3823 3835/3835
f 3835/3835 3834/3834 3822/3822
f 3821/3821 3822/3822 3834/3834
f 3834/3834 3833/3833 3821/3821
f 3784/3784 3782/3782 3871/3871
f 3871/3871 3869/3869 3784/3784
f 3786/3786 3784/3784 3869/3869
f 3869/3869 3865/3865 3786/3786
f 3789/3789 3785/3785 3866/3866
f 3866/3866 3863/3863 3789/3789
f 3791/3791 3789/3789 3863/3863
f 3863/3863 3862/3862 3791/3791
f 3793/3793 3791/3791 3862/3862
f 3862/3862 3860/3860 3793/3793
f 3795/3795 3794/3794 3859/3859
f 3859/3859 3856/3856 3795/3795
f 3797/3797 3795/3795 3856/3856
f 3856/3856 3854/3854 3797/3797
f 3800/3800 3799/3799 3853/3853
f 3853/3853 3852/3852 3800/3800
f 3802/3802 3800/3800 3852/3852
f 3852/3852 3850/3850 3802/3802
f 3805/3805 3802/3802 3850/3850
f 3850/3850 3848/3848 3805/3805
f 3808/3808 3804/3804 3846/3846
f 3846/3846 3872/3872 3808/3808
f 3782/3782 3808/3808 3872/3872
f 3872/3872 3871/3871 3782/3782
f 3844/3844 3833/3833 3845/3845
f 3843/3843 3844/3844 3845/3845
f 3842/3842 3843/3843 3845/3845
f 3841/3841 3842/3842 3845/3845
f 3840/3840 3841/3841 3845/3845
f 3839/3839 3840/3840 3845/3845
f 3838/3838 3839/3839 3845/3845
f 3837/3837 3838/3838 3845/3845
f 3836/3836 3837/3837 3845/3845
f 3835/3835 3836/3836 3845/3845
f 3834/3834 3835/3835 3845/3845
f 3833/3833 3834/3834 3845/3845
f 3868/3868 3870/3870 3884/3884
f 3884/3884 3883/3883 3868/3868
f 3867/3867 3868/3868 3883/3883
f 3883/3883 3882/3882 3867/3867
f 3864/3864 3867/3867 3882/3882
f 3882/3882 3881/3881 3864/3864
f 3861/3861 3864/3864 3881/3881
f 3881/3881 3880/3880 3861/3861
f 3858/3858 3861/3861 3880/3880
f 3880/3880 3879/3879 3858/3858
f 3857/3857 3858/3858 3879/3879
f 3879/3879 3878/3878 3857/3857
f 3855/3855 3857/3857 3878/3878
f 3878/3878 3877/3877 3855/3855
f 3851/3851 3855/3855 3877/3877
f 3877/3877 3876/3876 3851/3851
f 3849/3849 3851/3851 3876/3876
f 3876/3876 3875/3875 3849/3849
f 3847/3847 3849/3849 3875/3875
f 3875/3875 3874/3874 3847/3847
f 3873/3873 3847/3847 3874/3874
f 3874/3874 3885/3885 3873/3873
f 3870/3870 3873/3873 3885/3885
f 3885/3885 3884/3884 3870/3870
f 3883/3883 3884/3884 3886/3886
f 3882/3882 3883/3883 3886/3886
f 3881/3881 3882/3882 3886/3886
f 3880/3880 3881/3881 3886/3886
f 3879/3879 3880/3880 3886/3886
f 3878/3878 3879/3879 3886/3886
f 3877/3877 3878/3878 3886/3886
f 3876/3876 3877/3877 3886/3886
f 3875/3875 3876/3876 3886/3886
f 3874/3874 3875/3875 3886/3886
f 3885/3885 3874/3874 3886/3886
f 3884/3884 3885/3885 3886/3886
f 3912/3912 3887/3887 3914/3914
f 3914/3914 3925/3925 3912/3912
f 3911/3911 3912/3912 3925/3925
f 3925/3925 3924/3924 3911/3911
f 3909/3909 3911/3911 3924/3924
f 3924/3924 3923/3923 3909/3909
f 3907/3907 3909/3909 3923/3923
f 3923/3923 3922/3922 3907/3907
f 3904/3904 3907/3907 3922/3922
f 3922/3922 3921/3921 3904/3904
f 3901/3901 3904/3904 3921/3921
f 3921/3921 3920/3920 3901/3901
f 3900/3900 3901/3901 3920/3920
f 3920/3920 3919/3919 3900/3900
f 3896/3896 3900/3900 3919/3919
f 3919/3919 3918/3918 3896/3896
f 3895/3895 3896/3896 3918/3918
f 3918/3918 3917/3917 3895/3895
f 3893/3893 3895/3895 3917/3917
f 3917/3917 3916/3916 3893/3893
f 3889/3889 3893/3893 3916/3916
f 3916/3916 3915/3915 3889/3889
f 3887/3887 3889/3889 3915/3915
f 3915/3915 3914/3914 3887/3887
f 3925/3925 3914/3914 3926/3926
f 3926/3926 3937/3937 3925/3925
f 3924/3924 3925/3925 3937/3937
f 3937/3937 3936/3936 3924/3924
f 3923/3923 3924/3924 3936/3936
f 3936/3936 3935/3935 3923/3923
f 3922/3922 3923/3923 3935/3935
f 3935/3935 3934/3934 3922/3922
f 3921/3921 3922/3922 3934/3934
f 3934/3934 3933/3933 3921/3921
f 3920/3920 3921/3921 3933/3933
f 3933/3933 3932/3932 3920/3920
f 3919/3919 3920/3920 3932/3932
f 3932/3932 3931/3931 3919/3919
f 3918/3918 3919/3919 3931/3931
f 3931/3931 3930/3930 3918/3918
f 3917/3917 3918/3918 3930/3930
f 3930/3930 3929/3929 3917/3917
f 3916/3916 3917/3917 3929/3929
f 3929/3929 3928/3928 3916/3916
f 3915/3915 3916/3916 3928/3928
f 3928/3928 3927/3927 3915/3915
f 3914/3914 3915/3915 3927/3927
f 3927/3927 3926/3926 3914/3914
f 3937/3937 3926/3926 3938/3938
f 3938/3938 3949/3949 3937/3937
f 3936/3936 3937/3937 3949/3949
f 3949/3949 3948/3948 3936/3936
f 3935/3935 3936/3936 3948/3948
f 3948/3948 3947/3947 3935/3935
f 3934/3934 3935/3935 3947/3947
f 3947/3947 3946/3946 3934/3934
f 3933/3933 3934/3934 3946/3946
f 3946/3946 3945/3945 3933/3933
f 3932/3932 3933/3933 3945/3945
f 3945/3945 3944/3944 3932/3932
f 3931/3931 3932/3932 3944/3944
f 3944/3944 3943/3943 3931/3931
f 3930/3930 3931/3931 3943/3943
f 3943/3943 3942/3942 3930/3930
f 3929/3929 3930/3930 3942/3942
f 3942/3942 3941/3941 3929/3929
f 3928/3928 3929/3929 3941/3941
f 3941/3941 3940/3940 3928/3928
f 3927/3927 3928/3928 3940/3940
f 3940/3940 3939/3939 3927/3927
f 3926/3926 3927/3927 3939/3939
f 3939/3939 3938/3938 3926/3926
f 3890/3890 3888/3888 3974/3974
f 3974/3974 3973/3973 3890/3890
f 3891/3891 3890/3890 3973/3973
f 3973/3973 3970/3970 3891/3891
f 3894/3894 3892/3892 3971/3971
f 3971/3971 3967/3967 3894/3894
f 3897/3897 3894/3894 3967/3967
f 3967/3967 3966/3966 3897/3897
f 3899/3899 3897/3897 3966/3966
f 3966/3966 3964/3964 3899/3899
f 3902/3902 3898/3898 3962/3962
f 3962/3962 3961/3961 3902/3902
f 3905/3905 3902/3902 3961/3961
f 3961/3961 3958/3958 3905/3905
f 3906/3906 3903/3903 3959/3959
f 3959/3959 3956/3956 3906/3906
f 3908/3908 3906/3906 3956/3956
f 3956/3956 3954/3954 3908/3908
f 3910/3910 3908/3908 3954/3954
f 3954/3954 3952/3952 3910/3910
f 3913/3913 3910/3910 3952/3952
f 3952/3952 3976/3976 3913/3913
f 3888/3888 3913/3913 3976/3976
f 3976/3976 3974/3974 3888/3888
f 3949/3949 3938/3938 3950/3950
f 3948/3948 3949/3949 3950/3950
f 3947/3947 3948/3948 3950/3950
f 3946/3946 3947/3947 3950/3950
f 3945/3945 3946/3946 3950/3950
f 3944/3944 3945/3945 3950/3950
f 3943/3943 3944/3944 3950/3950
f 3942/3942 3943/3943 3950/3950
f 3941/3941 3942/3942 3950/3950
f 3940/3940 3941/3941 3950/3950
f 3939/3939 3940/3940 3950/3950
f 3938/3938 3939/3939 3950/3950
f 3972/3972 3975/3975 3988/3988
f 3988/3988 3987/3987 3972/3972
f 3969/3969 3972/3972 3987/3987
f 3987/3987 3986/3986 3969/3969
f 3968/3968 3969/3969 3986/3986
f 3986/3986 3985/3985 3968/3968
f 3965/3965 3968/3968 3985/3985
f 3985/3985 3984/3984 3965/3965
f 3963/3963 3965/3965 3984/3984
f 3984/3984 3983/3983 3963/3963
f 3960/3960 3963/3963 3983/3983
f 3983/3983 3982/3982 3960/3960
f 3957/3957 3960/3960 3982/3982
f 3982/3982 3981/3981 3957/3957
f 3955/3955 3957/3957 3981/3981
f 3981/3981 3980/3980 3955/3955
f 3953/3953 3955/3955 3980/3980
f 3980/3980 3979/3979 3953/3953
f 3951/3951 3953/3953 3979/3979
f 3979/3979 3978/3978 3951/3951
f 3977/3977 3951/3951 3978/3978
f 3978/3978 3989/3989 3977/3977
f 3975/3975 3977/3977 3989/3989
f 3989/3989 3988/3988 3975/3975
f 3987/3987 3988/3988 3990/3990
f 3986/3986 3987/3987 3990/3990
f 3985/3985 3986/3986 3990/3990
f 3984/3984 3985/3985 3990/3990
f 3983/3983 3984/3984 3990/3990
f 3982/3982 3983/3983 3990/3990
f 3981/3981 3982/3982 3990/3990
f 3980/3980 3981/3981 3990/3990
f 3979/3979 3980/3980 3990/3990
f 3978/3978 3979/3979 3990/3990
f 3989/3989 3978/3978 3990/3990
f 3988/3988 3989/3989 3990/3990
f 4017/4017 3992/3992 4019/4019
f 4019/4019 4030/4030 4017/4017
f 4015/4015 4017/4017 4030/4030
f 4030/4030 4029/4029 4015/4015
f 4012/4012 4015/4015 4029/4029
f 4029/4029 4028/4028 4012/4012
f 4010/4010 4012/4012 4028/4028
f 4028/4028 4027/4027 4010/4010
f 4009/4009 4010/4010 4027/4027
f 4027/4027 4026/4026 4009/4009
f 4006/4006 4009/4009 4026/4026
f 4026/4026 4025/4025 4006/4006
f 4003/4003 4006/4006 4025/4025
f 4025/4025 4024/4024 4003/4003
f 4001/4001 4003/4003 4024/4024
f 4024/4024 4023/4023 4001/4001
f 3998/3998 4001/4001 4023/4023
f 4023/4023 4022/4022 3998/3998
f 3997/3997 3998/3998 4022/4022
f 4022/4022 4021/4021 3997/3997
f 3993/3993 3997/3997 4021/4021
f 4021/4021 4020/4020 3993/3993
f 3992/3992 3993/3993 4020/4020
f 4020/4020 4019/4019 3992/3992
f 4030/4030 4019/4019 4031/4031
f 4031/4031 4042/4042 4030/4030
f 4029/4029 4030/4030 4042/4042
f 4042/4042 4041/4041 4029/4029
f 4028/4028 4029/4029 4041/4041
f 4041/4041 4040/4040 4028/4028
f 4027/4027 4028/4028 4040/4040
f 4040/4040 4039/4039 4027/4027
f 4026/4026 4027/4027 4039/4039
f 4039/4039 4038/4038 4026/4026
f 4025/4025 4026/4026 4038/4038
f 4038/4038 4037/4037 4025/4025
f 4024/4024 4025/4025 4037/4037
f 4037/4037 4036/4036 4024/4024
f 4023/4023 4024/4024 4036/4036
f 4036/4036 4035/4035 4023/4023
f 4022/4022 4023/4023 4035/4035
f 4035/4035 4034/4034 4022/4022
f 4021/4021 4022/4022 4034/4034
f 4034/4034 4033/4033 4021/4021
f 4020/4020 4021/4021 4033/4033
f 4033/4033 4032/4032 4020/4020
f 4019/4019 4020/4020 4032/4032
f 4032/4032 4031/4031 4019/4019
f 4042/4042 4031/4031 4043/4043
f 4043/4043 4054/4054 4042/4042
f 4041/4041 4042/4042 4054/4054
f 4054/4054 4053/4053 4041/4041
f 4040/4040 4041/4041 4053/4053
f 4053/4053 4052/4052 4040/4040
f 4039/4039 4040/4040 4052/4052
f 4052/4052 4051/4051 4039/4039
f 4038/4038 4039/4039 4051/4051
f 4051/4051 4050/4050 4038/4038
f 4037/4037 4038/4038 4050/4050
f 4050/4050 4049/4049 4037/4037
f 4036/4036 4037/4037 4049/4049
f 4049/4049 4048/4048 4036/4036
f 4035/4035 4036/4036 4048/4048
f 4048/4048 4047/4047 4035/4035
f 4034/4034 4035/4035 4047/4047
f 4047/4047 4046/4046 4034/4034
f 4033/4033 4034/4034 4046/4046
f 4046/4046 4045/4045 4033/4033
f 4032/4032 4033/4033 4045/4045
f 4045/4045 4044/4044 4032/4032
f 4031/4031 4032/4032 4044/4044
f 4044/4044 4043/4043 4031/4031
f 3994/3994 3991/3991 4080/4080
f 4080/4080 4078/4078 3994/3994
f 3995/3995 3994/3994 4078/4078
f 4078/4078 4075/4075 3995/3995
f 3999/3999 3996/3996 4076/4076
f 4076/4076 4074/4074 3999/3999
f 4000/4000 3999/3999 4074/4074
f 4074/4074 4072/4072 4000/4000
f 4002/4002 4000/4000 4072/4072
f 4072/4072 4070/4070 4002/4002
f 4005/4005 4004/4004 4069/4069
f 4069/4069 4067/4067 4005/4005
f 4007/4007 4005/4005 4067/4067
f 4067/4067 4064/4064 4007/4007
f 4011/4011 4008/4008 4065/4065
f 4065/4065 4062/4062 4011/4011
f 4013/4013 4011/4011 4062/4062
f 4062/4062 4059/4059 4013/4013
f 4016/4016 4013/4013 4059/4059
f 4059/4059 4058/4058 4016/4016
f 4018/4018 4014/4014 4057/4057
f 4057/4057 4082/4082 4018/4018
f 3991/3991 4018/4018 4082/4082
f 4082/4082 4080/4080 3991/3991
f 4054/4054 4043/4043 4055/4055
f 4053/4053 4054/4054 4055/4055
f 4052/4052 4053/4053 4055/4055
f 4051/4051 4052/4052 4055/4055
f 4050/4050 4051/4051 4055/4055
f 4049/4049 4050/4050 4055/4055
f 4048/4048 4049/4049 4055/4055
f 4047/4047 4048/4048 4055/4055
f 4046/4046 4047/4047 4055/4055
f 4045/4045 4046/4046 4055/4055
f 4044/4044 4045/4045 4055/4055
f 4043/4043 4044/4044 4055/4055
f 4079/4079 4081/4081 4094/4094
f 4094/4094 4093/4093 4079/4079
f 4077/4077 4079/4079 4093/4093
f 4093/4093 4092/4092 4077/4077
f 4073/4073 4077/4077 4092/4092
f 4092/4092 4091/4091 4073/4073
f 4071/4071 4073/4073 4091/4091
f 4091/4091 4090/4090 4071/4071
f 4068/4068 4071/4071 4090/4090
f 4090/4090 4089/4089 4068/4068
f 4066/4066 4068/4068 4089/4089
f 4089/4089 4088/4088 4066/4066
f 4063/4063 4066/4066 4088/4088
f 4088/4088 4087/4087 4063/4063
f 4061/4061 4063/4063 4087/4087
f 4087/4087 4086/4086 4061/4061
f 4060/4060 4061/4061 4086/4086
f 4086/4086 4085/4085 4060/4060
f 4056/4056 4060/4060 4085/4085
f 4085/4085 4084/4084 4056/4056
f 4083/4083 4056/4056 4084/4084
f 4084/4084 4095/4095 4083/4083
f 4081/4081 4083/4083 4095/4095
f 4095/4095 4094/4094 4081/4081
f 4093/4093 4094/4094 4096/4096
f 4092/4092 4093/4093 4096/4096
f 4091/4091 4092/4092 4096/4096
f 4090/4090 4091/4091 4096/4096
f 4089/4089 4090/4090 4096/4096
f 4088/4088 4089/4089 4096/4096
f 4087/4087 4088/4088 4096/4096
f 4086/4086 4087/4087 4096/4096
f 4085/4085 4086/4086 4096/4096
f 4084/4084 4085/4085 4096/4096
f 4095/4095 4084/4084 4096/4096
f 4094/4094 4095/4095 4096/4096
f 4124/4124 4097/4097 4125/4125
f 4125/4125 4136/4136 4124/4124
f 4121/4121 4124/4124 4136/4136
f 4136/4136 4135/4135 4121/4121
f 4118/4118 4121/4121 4135/4135
f 4135/4135 4134/4134 4118/4118
f 4117/4117 4118/4118 4134/4134
f 4134/4134 4133/4133 4117/4117
f 4114/4114 4117/4117 4133/4133
f 4133/4133 4132/4132 4114/4114
f 4111/4111 4114/4114 4132/4132
f 4132/4132 4131/4131 4111/4111
f 4108/4108 4111/4111 4131/4131
f 4131/4131 4130/4130 4108/4108
f 4106/4106 4108/4108 4130/4130
f 4130/4130 4129/4129 4106/4106
f 4104/4104 4106/4106 4129/4129
f 4129/4129 4128/4128 4104/4104
f 4101/4101 4104/4104 4128/4128
f 4128/4128 4127/4127 4101/4101
f 4100/4100 4101/4101 4127/4127
f 4127/4127 4126/4126 4100/4100
f 4097/4097 4100/4100 4126/4126
f 4126/4126 4125/4125 4097/4097
f 4136/4136 4125/4125 4137/4137
f 4137/4137 4148/4148 4136/4136
f 4135/4135 4136/4136 4148/4148
f 4148/4148 4147/4147 4135/4135
f 4134/4134 4135/4135 4147/4147
f 4147/4147 4146/4146 4134/4134
f 4133/4133 4134/4134 4146/4146
f 4146/4146 4145/4145 4133/4133
f 4132/4132 4133/4133 4145/4145
f 4145/4145 4144/4144 4132/4132
f 4131/4131 4132/4132 4144/4144
f 4144/4144 4143/4143 4131/4131
f 4130/4130 4131/4131 4143/4143
f 4143/4143 4142/4142 4130/4130
f 4129/4129 4130/4130 4142/4142
f 4142/4142 4141/4141 4129/4129
f 4128/4128 4129/4129 4141/4141
f 4141/4141 4140/4140 4128/4128
f 4127/4127 4128/4128 4140/4140
f 4140/4140 4139/4139 4127/4127
f 4126/4126 4127/4127 4139/4139
f 4139/4139 4138/4138 4126/4126
f 4125/4125 4126/4126 4138/4138
f 4138/4138 4137/4137 4125/4125
f 4148/4148 4137/4137 4149/4149
f 4149/4149 4160/4160 4148/4148
f 4147/4147 4148/4148 4160/4160
f 4160/4160 4159/4159 4147/4147
f 4146/4146 4147/4147 4159/4159
f 4159/4159 4158/4158 4146/4146
f 4145/4145 4146/4146 4158/4158
f 4158/4158 4157/4157 4145/4145
f 4144/4144 4145/4145 4157/4157
f 4157/4157 4156/4156 4144/4144
f 4143/4143 4144/4144 4156/4156
f 4156/4156 4155/4155 4143/4143
f 4142/4142 4143/4143 4155/4155
f 4155/4155 4154/4154 4142/4142
f 4141/4141 4142/4142 4154/4154
f 4154/4154 4153/4153 4141/4141
f 4140/4140 4141/4141 4153/4153
f 4153/4153 4152/4152 4140/4140
f 4139/4139 4140/4140 4152/4152
f 4152/4152 4151/4151 4139/4139
f 4138/4138 4139/4139 4151/4151
f 4151/4151 4150/4150 4138/4138
f 4137/4137 4138/4138 4150/4150
f 4150/4150 4149/4149 4137/4137
f 4099/4099 4098/4098 4186/4186
f 4186/4186 4185/4185 4099/4099
f 4103/4103 4099/4099 4185/4185
f 4185/4185 4182/4182 4103/4103
f 4105/4105 4102/4102 4181/4181
f 4181/4181 4179/4179 4105/4105
f 4107/4107 4105/4105 4179/4179
f 4179/4179 4177/4177 4107/4107
f 4110/4110 4107/4107 4177/4177
f 4177/4177 4174/4174 4110/4110
f 4112/4112 4109/4109 4175/4175
f 4175/4175 4172/4172 4112/4112
f 4115/4115 4112/4112 4172/4172
f 4172/4172 4169/4169 4115/4115
f 4116/4116 4113/4113 4170/4170
f 4170/4170 4167/4167 4116/4116
f 4119/4119 4116/4116 4167/4167
f 4167/4167 4165/4165 4119/4119
f 4120/4120 4119/4119 4165/4165
f 4165/4165 4164/4164 4120/4120
f 4123/4123 4122/4122 4162/4162
f 4162/4162 4188/4188 4123/4123
f 4098/4098 4123/4123 4188/4188
f 4188/4188 4186/4186 4098/4098
f 4160/4160 4149/4149 4161/4161
f 4159/4159 4160/4160 4161/4161
f 4158/4158 4159/4159 4161/4161
f 4157/4157 4158/4158 4161/4161
f 4156/4156 4157/4157 4161/4161
f 4155/4155 4156/4156 4161/4161
f 4154/4154 4155/4155 4161/4161
f 4153/4153 4154/4154 4161/4161
f 4152/4152 4153/4153 4161/4161
f 4151/4151 4152/4152 4161/4161
f 4150/4150 4151/4151 4161/4161
f 4149/4149 4150/4150 4161/4161
f 4184/4184 4187/4187 4200/4200
f 4200/4200 4199/4199 4184/4184
f 4183/4183 4184/4184 4199/4199
f 4199/4199 4198/4198 4183/4183
f 4180/4180 4183/4183 4198/4198
f 4198/4198 4197/4197 4180/4180
f 4178/4178 4180/4180 4197/4197
f 4197/4197 4196/4196 4178/4178
f 4176/4176 4178/4178 4196/4196
f 4196/4196 4195/4195 4176/4176
f 4173/4173 4176/4176 4195/4195
f 4195/4195 4194/4194 4173/4173
f 4171/4171 4173/4173 4194/4194
f 4194/4194 4193/4193 4171/4171
f 4168/4168 4171/4171 4193/4193
f 4193/4193 4192/4192 4168/4168
f 4166/4166 4168/4168 4192/4192
f 4192/4192 4191/4191 4166/4166
f 4163/4163 4166/4166 4191/4191
f 4191/4191 4190/4190 4163/4163
f 4189/4189 4163/4163 4190/4190
f 4190/4190 4201/4201 4189/4189
f 4187/4187 4189/4189 4201/4201
f 4201/4201 4200/4200 4187/4187
f 4199/4199 4200/4200 4202/4202
f 4198/4198 4199/4199 4202/4202
f 4197/4197 4198/4198 4202/4202
f 4196/4196 4197/4197 4202/4202
f 4195/4195 4196/4196 4202/4202
f 4194/4194 4195/4195 4202/4202
f 4193/4193 4194/4194 4202/4202
f 4192/4192 4193/4193 4202/4202
f 4191/4191 4192/4192 4202/4202
f 4190/4190 4191/4191 4202/4202
f 4201/4201 4190/4190 4202/4202
f 4200/4200 4201/4201 4202/4202
f 4435/4435 4236/4236 4219/4219
f 4219/4219 4436/4436 4435/4435
f 4438/4438 4235/4235 4236/4236
f 4236/4236 4435/4435 4438/4438
f 4439/4439 4233/4233 4234/4234
f 4234/4234 4437/4437 4439/4439
f 4440/4440 4232/4232 4233/4233
f 4233/4233 4439/4439 4440/4440
f 4441/4441 4230/4230 4232/4232
f 4232/4232 4440/4440 4441/4441
f 4443/4443 4229/4229 4231/4231
f 4231/4231 4442/4442 4443/4443
f 4445/4445 4227/4227 4229/4229
f 4229/4229 4443/4443 4445/4445
f 4446/4446 4225/4225 4228/4228
f 4228/4228 4444/4444 4446/4446
f 4447/4447 4224/4224 4225/4225
f 4225/4225 4446/4446 4447/4447
f 4449/4449 4223/4223 4224/4224
f 4224/4224 4447/4447 4449/4449
f 4450/4450 4221/4221 4222/4222
f 4222/4222 4448/4448 4450/4450
f 4436/4436 4219/4219 4221/4221
f 4221/4221 4450/4450 4436/4436
f 4236/4236 4254/4254 4237/4237
f 4237/4237 4219/4219 4236/4236
f 4235/4235 4252/4252 4254/4254
f 4254/4254 4236/4236 4235/4235
f 4233/4233 4251/4251 4253/4253
f 4253/4253 4234/4234 4233/4233
f 4232/4232 4250/4250 4251/4251
f 4251/4251 4233/4233 4232/4232
f 4230/4230 4247/4247 4250/4250
f 4250/4250 4232/4232 4230/4230
f 4229/4229 4246/4246 4248/4248
f 4248/4248 4231/4231 4229/4229
f 4227/4227 4245/4245 4246/4246
f 4246/4246 4229/4229 4227/4227
f 4226/4226 4243/4243 4245/4245
f 4245/4245 4227/4227 4226/4226
f 4224/4224 4242/4242 4244/4244
f 4244/4244 4225/4225 4224/4224
f 4223/4223 4240/4240 4242/4242
f 4242/4242 4224/4224 4223/4223
f 4220/4220 4239/4239 4240/4240
f 4240/4240 4223/4223 4220/4220
f 4219/4219 4237/4237 4238/4238
f 4238/4238 4221/4221 4219/4219
f 4254/4254 4276/4276 4255/4255
f 4255/4255 4237/4237 4254/4254
f 4252/4252 4273/4273 4276/4276
f 4276/4276 4254/4254 4252/4252
f 4251/4251 4272/4272 4274/4274
f 4274/4274 4253/4253 4251/4251
f 4250/4250 4270/4270 4272/4272
f 4272/4272 4251/4251 4250/4250
f 4248/4248 4267/4267 4268/4268
f 4268/4268 4249/4249 4248/4248
f 4246/4246 4266/4266 4267/4267
f 4267/4267 4248/4248 4246/4246
f 4245/4245 4265/4265 4266/4266
f 4266/4266 4246/4246 4245/4245
f 4243/4243 4262/4262 4265/4265
f 4265/4265 4245/4245 4243/4243
f 4242/4242 4261/4261 4264/4264
f 4264/4264 4244/4244 4242/4242
f 4240/4240 4257/4257 4261/4261
f 4261/4261 4242/4242 4240/4240
f 4238/4238 4256/4256 4259/4259
f 4259/4259 4241/4241 4238/4238
f 4237/4237 4255/4255 4256/4256
f 4256/4256 4238/4238 4237/4237
f 4276/4276 4292/4292 4277/4277
f 4277/4277 4255/4255 4276/4276
f 4273/4273 4290/4290 4292/4292
f 4292/4292 4276/4276 4273/4273
f 4271/4271 4289/4289 4291/4291
f 4291/4291 4275/4275 4271/4271
f 4269/4269 4288/4288 4289/4289
f 4289/4289 4271/4271 4269/4269
f 4267/4267 4286/4286 4287/4287
f 4287/4287 4268/4268 4267/4267
f 4266/4266 4285/4285 4286/4286
f 4286/4286 4267/4267 4266/4266
f 4265/4265 4284/4284 4285/4285
f 4285/4285 4266/4266 4265/4265
f 4262/4262 4282/4282 4284/4284
f 4284/4284 4265/4265 4262/4262
f 4260/4260 4281/4281 4283/4283
f 4283/4283 4263/4263 4260/4260
f 4258/4258 4279/4279 4281/4281
f 4281/4281 4260/4260 4258/4258
f 4256/4256 4278/4278 4280/4280
f 4280/4280 4259/4259 4256/4256
f 4255/4255 4277/4277 4278/4278
f 4278/4278 4256/4256 4255/4255
f 4292/4292 4310/4310 4293/4293
f 4293/4293 4277/4277 4292/4292
f 4290/4290 4308/4308 4310/4310
f 4310/4310 4292/4292 4290/4290
f 4289/4289 4307/4307 4309/4309
f 4309/4309 4291/4291 4289/4289
f 4288/4288 4306/4306 4307/4307
f 4307/4307 4289/4289 4288/4288
f 4286/4286 4304/4304 4305/4305
f 4305/4305 4287/4287 4286/4286
f 4285/4285 4302/4302 4304/4304
f 4304/4304 4286/4286 4285/4285
f 4284/4284 4301/4301 4302/4302
f 4302/4302 4285/4285 4284/4284
f 4282/4282 4299/4299 4301/4301
f 4301/4301 4284/4284 4282/4282
f 4281/4281 4298/4298 4300/4300
f 4300/4300 4283/4283 4281/4281
f 4279/4279 4297/4297 4298/4298
f 4298/4298 4281/4281 4279/4279
f 4278/4278 4295/4295 4296/4296
f 4296/4296 4280/4280 4278/4278
f 4277/4277 4293/4293 4295/4295
f 4295/4295 4278/4278 4277/4277
f 4310/4310 4328/4328 4311/4311
f 4311/4311 4293/4293 4310/4310
f 4308/4308 4326/4326 4328/4328
f 4328/4328 4310/4310 4308/4308
f 4307/4307 4325/4325 4327/4327
f 4327/4327 4309/4309 4307/4307
f 4306/4306 4323/4323 4325/4325
f 4325/4325 4307/4307 4306/4306
f 4303/4303 4321/4321 4323/4323
f 4323/4323 4306/4306 4303/4303
f 4302/4302 4320/4320 4322/4322
f 4322/4322 4304/4304 4302/4302
f 4301/4301 4319/4319 4320/4320
f 4320/4320 4302/4302 4301/4301
f 4299/4299 4317/4317 4319/4319
f 4319/4319 4301/4301 4299/4299
f 4298/4298 4316/4316 4318/4318
f 4318/4318 4300/4300 4298/4298
f 4297/4297 4314/4314 4316/4316
f 4316/4316 4298/4298 4297/4297
f 4294/4294 4313/4313 4314/4314
f 4314/4314 4297/4297 4294/4294
f 4293/4293 4311/4311 4312/4312
f 4312/4312 4295/4295 4293/4293
f 4328/4328 4344/4344 4329/4329
f 4329/4329 4311/4311 4328/4328
f 4326/4326 4343/4343 4344/4344
f 4344/4344 4328/4328 4326/4326
f 4325/4325 4341/4341 4342/4342
f 4342/4342 4327/4327 4325/4325
f 4323/4323 4339/4339 4341/4341
f 4341/4341 4325/4325 4323/4323
f 4322/4322 4338/4338 4340/4340
f 4340/4340 4324/4324 4322/4322
f 4320/4320 4337/4337 4338/4338
f 4338/4338 4322/4322 4320/4320
f 4319/4319 4336/4336 4337/4337
f 4337/4337 4320/4320 4319/4319
f 4317/4317 4335/4335 4336/4336
f 4336/4336 4319/4319 4317/4317
f 4316/4316 4333/4333 4334/4334
f 4334/4334 4318/4318 4316/4316
f 4314/4314 4332/4332 4333/4333
f 4333/4333 4316/4316 4314/4314
f 4312/4312 4330/4330 4331/4331
f 4331/4331 4315/4315 4312/4312
f 4311/4311 4329/4329 4330/4330
f 4330/4330 4312/4312 4311/4311
f 4344/4344 4366/4366 4345/4345
f 4345/4345 4329/4329 4344/4344
f 4343/4343 4364/4364 4366/4366
f 4366/4366 4344/4344 4343/4343
f 4341/4341 4362/4362 4365/4365
f 4365/4365 4342/4342 4341/4341
f 4339/4339 4360/4360 4362/4362
f 4362/4362 4341/4341 4339/4339
f 4338/4338 4357/4357 4359/4359
f 4359/4359 4340/4340 4338/4338
f 4337/4337 4356/4356 4357/4357
f 4357/4357 4338/4338 4337/4337
f 4336/4336 4355/4355 4356/4356
f 4356/4356 4337/4337 4336/4336
f 4335/4335 4354/4354 4355/4355
f 4355/4355 4336/4336 4335/4335
f 4333/4333 4351/4351 4353/4353
f 4353/4353 4334/4334 4333/4333
f 4332/4332 4347/4347 4351/4351
f 4351/4351 4333/4333 4332/4332
f 4330/4330 4346/4346 4349/4349
f 4349/4349 4331/4331 4330/4330
f 4329/4329 4345/4345 4346/4346
f 4346/4346 4330/4330 4329/4329
f 4366/4366 4384/4384 4367/4367
f 4367/4367 4345/4345 4366/4366
f 4364/4364 4382/4382 4384/4384
f 4384/4384 4366/4366 4364/4364
f 4361/4361 4381/4381 4383/4383
f 4383/4383 4363/4363 4361/4361
f 4358/4358 4380/4380 4381/4381
f 4381/4381 4361/4361 4358/4358
f 4357/4357 4378/4378 4379/4379
f 4379/4379 4359/4359 4357/4357
f 4356/4356 4376/4376 4378/4378
f 4378/4378 4357/4357 4356/4356
f 4355/4355 4375/4375 4376/4376
f 4376/4376 4356/4356 4355/4355
f 4354/4354 4373/4373 4375/4375
f 4375/4375 4355/4355 4354/4354
f 4350/4350 4372/4372 4374/4374
f 4374/4374 4352/4352 4350/4350
f 4348/4348 4371/4371 4372/4372
f 4372/4372 4350/4350 4348/4348
f 4346/4346 4368/4368 4370/4370
f 4370/4370 4349/4349 4346/4346
f 4345/4345 4367/4367 4368/4368
f 4368/4368 4346/4346 4345/4345
f 4384/4384 4402/4402 4385/4385
f 4385/4385 4367/4367 4384/4384
f 4382/4382 4400/4400 4402/4402
f 4402/4402 4384/4384 4382/4382
f 4381/4381 4399/4399 4401/4401
f 4401/4401 4383/4383 4381/4381
f 4380/4380 4398/4398 4399/4399
f 4399/4399 4381/4381 4380/4380
f 4377/4377 4396/4396 4398/4398
f 4398/4398 4380/4380 4377/4377
f 4376/4376 4395/4395 4397/4397
f 4397/4397 4378/4378 4376/4376
f 4375/4375 4393/4393 4395/4395
f 4395/4395 4376/4376 4375/4375
f 4373/4373 4391/4391 4393/4393
f 4393/4393 4375/4375 4373/4373
f 4372/4372 4390/4390 4392/4392
f 4392/4392 4374/4374 4372/4372
f 4371/4371 4389/4389 4390/4390
f 4390/4390 4372/4372 4371/4371
f 4369/4369 4387/4387 4389/4389
f 4389/4389 4371/4371 4369/4369
f 4367/4367 4385/4385 4386/4386
f 4386/4386 4368/4368 4367/4367
f 4419/4419 4418/4418 4403/4403
f 4403/4403 4420/4420 4419/4419
f 4421/4421 4416/4416 4418/4418
f 4418/4418 4419/4419 4421/4421
f 4423/4423 4415/4415 4417/4417
f 4417/4417 4422/4422 4423/4423
f 4424/4424 4414/4414 4415/4415
f 4415/4415 4423/4423 4424/4424
f 4425/4425 4412/4412 4414/4414
f 4414/4414 4424/4424 4425/4425
f 4427/4427 4411/4411 4413/4413
f 4413/4413 4426/4426 4427/4427
f 4429/4429 4409/4409 4411/4411
f 4411/4411 4427/4427 4429/4429
f 4430/4430 4408/4408 4410/4410
f 4410/4410 4428/4428 4430/4430
f 4431/4431 4407/4407 4408/4408
f 4408/4408 4430/4430 4431/4431
f 4432/4432 4405/4405 4407/4407
f 4407/4407 4431/4431 4432/4432
f 4434/4434 4404/4404 4406/4406
f 4406/4406 4433/4433 4434/4434
f 4420/4420 4403/4403 4404/4404
f 4404/4404 4434/4434 4420/4420
f 4402/4402 4419/4419 4420/4420
f 4420/4420 4385/4385 4402/4402
f 4400/4400 4421/4421 4419/4419
f 4419/4419 4402/4402 4400/4400
f 4399/4399 4423/4423 4422/4422
f 4422/4422 4401/4401 4399/4399
f 4398/4398 4424/4424 4423/4423
f 4423/4423 4399/4399 4398/4398
f 4396/4396 4425/4425 4424/4424
f 4424/4424 4398/4398 4396/4396
f 4395/4395 4427/4427 4426/4426
f 4426/4426 4397/4397 4395/4395
f 4393/4393 4429/4429 4427/4427
f 4427/4427 4395/4395 4393/4393
f 4392/4392 4430/4430 4428/4428
f 4428/4428 4394/4394 4392/4392
f 4390/4390 4431/4431 4430/4430
f 4430/4430 4392/4392 4390/4390
f 4389/4389 4432/4432 4431/4431
f 4431/4431 4390/4390 4389/4389
f 4386/4386 4434/4434 4433/4433
f 4433/4433 4388/4388 4386/4386
f 4385/4385 4420/4420 4434/4434
f 4434/4434 4386/4386 4385/4385
f 4218/4218 4435/4435 4436/4436
f 4436/4436 4203/4203 4218/4218
f 4216/4216 4438/4438 4435/4435
f 4435/4435 4218/4218 4216/4216
f 4215/4215 4439/4439 4437/4437
f 4437/4437 4217/4217 4215/4215
f 4214/4214 4440/4440 4439/4439
f 4439/4439 4215/4215 4214/4214
f 4213/4213 4441/4441 4440/4440
f 4440/4440 4214/4214 4213/4213
f 4211/4211 4443/4443 4442/4442
f 4442/4442 4212/4212 4211/4211
f 4210/4210 4445/4445 4443/4443
f 4443/4443 4211/4211 4210/4210
f 4208/4208 4446/4446 4444/4444
f 4444/4444 4209/4209 4208/4208
f 4207/4207 4447/4447 4446/4446
f 4446/4446 4208/4208 4207/4207
f 4206/4206 4449/4449 4447/4447
f 4447/4447 4207/4207 4206/4206
f 4204/4204 4450/4450 4448/4448
f 4448/4448 4205/4205 4204/4204
f 4203/4203 4436/4436 4450/4450
f 4450/4450 4204/4204 4203/4203
f 4683/4683 4484/4484 4467/4467
f 4467/4467 4684/4684 4683/4683
f 4685/4685 4483/4483 4484/4484
f 4484/4484 4683/4683 4685/4685
f 4687/4687 4481/4481 4482/4482
f 4482/4482 4686/4686 4687/4687
f 4688/4688 4480/4480 4481/4481
f 4481/4481 4687/4687 4688/4688
f 4690/4690 4478/4478 4480/4480
f 4480/4480 4688/4688 4690/4690
f 4691/4691 4477/4477 4479/4479
f 4479/4479 4689/4689 4691/4691
f 4693/4693 4476/4476 4477/4477
f 4477/4477 4691/4691 4693/4693
f 4694/4694 4474/4474 4475/4475
f 4475/4475 4692/4692 4694/4694
f 4695/4695 4472/4472 4474/4474
f 4474/4474 4694/4694 4695/4695
f 4696/4696 4471/4471 4472/4472
f 4472/4472 4695/4695 4696/4696
f 4698/4698 4469/4469 4470/4470
f 4470/4470 4697/4697 4698/4698
f 4684/4684 4467/4467 4469/4469
f 4469/4469 4698/4698 4684/4684
f 4484/4484 4502/4502 4485/4485
f 4485/4485 4467/4467 4484/4484
f 4483/4483 4501/4501 4502/4502
f 4502/4502 4484/4484 4483/4483
f 4481/4481 4499/4499 4500/4500
f 4500/4500 4482/4482 4481/4481
f 4480/4480 4498/4498 4499/4499
f 4499/4499 4481/4481 4480/4480
f 4478/4478 4496/4496 4498/4498
f 4498/4498 4480/4480 4478/4478
f 4477/4477 4494/4494 4495/4495
f 4495/4495 4479/4479 4477/4477
f 4476/4476 4493/4493 4494/4494
f 4494/4494 4477/4477 4476/4476
f 4473/4473 4491/4491 4493/4493
f 4493/4493 4476/4476 4473/4473
f 4472/4472 4490/4490 4492/4492
f 4492/4492 4474/4474 4472/4472
f 4471/4471 4489/4489 4490/4490
f 4490/4490 4472/4472 4471/4471
f 4468/4468 4487/4487 4489/4489
f 4489/4489 4471/4471 4468/4468
f 4467/4467 4485/4485 4486/4486
f 4486/4486 4469/4469 4467/4467
f 4502/4502 4524/4524 4503/4503
f 4503/4503 4485/4485 4502/4502
f 4501/4501 4522/4522 4524/4524
f 4524/4524 4502/4502 4501/4501
f 4499/4499 4519/4519 4521/4521
f 4521/4521 4500/4500 4499/4499
f 4498/4498 4516/4516 4519/4519
f 4519/4519 4499/4499 4498/4498
f 4495/4495 4515/4515 4517/4517
f 4517/4517 4497/4497 4495/4495
f 4494/4494 4514/4514 4515/4515
f 4515/4515 4495/4495 4494/4494
f 4493/4493 4513/4513 4514/4514
f 4514/4514 4494/4494 4493/4493
f 4491/4491 4510/4510 4513/4513
f 4513/4513 4493/4493 4491/4491
f 4490/4490 4509/4509 4511/4511
f 4511/4511 4492/4492 4490/4490
f 4489/4489 4507/4507 4509/4509
f 4509/4509 4490/4490 4489/4489
f 4486/4486 4504/4504 4506/4506
f 4506/4506 4488/4488 4486/4486
f 4485/4485 4503/4503 4504/4504
f 4504/4504 4486/4486 4485/4485
f 4524/4524 4540/4540 4525/4525
f 4525/4525 4503/4503 4524/4524
f 4522/4522 4539/4539 4540/4540
f 4540/4540 4524/4524 4522/4522
f 4520/4520 4537/4537 4538/4538
f 4538/4538 4523/4523 4520/4520
f 4518/4518 4536/4536 4537/4537
f 4537/4537 4520/4520 4518/4518
f 4515/4515 4534/4534 4535/4535
f 4535/4535 4517/4517 4515/4515
f 4514/4514 4533/4533 4534/4534
f 4534/4534 4515/4515 4514/4514
f 4513/4513 4532/4532 4533/4533
f 4533/4533 4514/4514 4513/4513
f 4510/4510 4530/4530 4532/4532
f 4532/4532 4513/4513 4510/4510
f 4508/4508 4529/4529 4531/4531
f 4531/4531 4512/4512 4508/4508
f 4505/4505 4527/4527 4529/4529
f 4529/4529 4508/4508 4505/4505
f 4504/4504 4526/4526 4528/4528
f 4528/4528 4506/4506 4504/4504
f 4503/4503 4525/4525 4526/4526
f 4526/4526 4504/4504 4503/4503
f 4540/4540 4558/4558 4541/4541
f 4541/4541 4525/4525 4540/4540
f 4539/4539 4556/4556 4558/4558
f 4558/4558 4540/4540 4539/4539
f 4537/4537 4555/4555 4557/4557
f 4557/4557 4538/4538 4537/4537
f 4536/4536 4553/4553 4555/4555
f 4555/4555 4537/4537 4536/4536
f 4534/4534 4551/4551 4554/4554
f 4554/4554 4535/4535 4534/4534
f 4533/4533 4550/4550 4551/4551
f 4551/4551 4534/4534 4533/4533
f 4532/4532 4549/4549 4550/4550
f 4550/4550 4533/4533 4532/4532
f 4530/4530 4547/4547 4549/4549
f 4549/4549 4532/4532 4530/4530
f 4529/4529 4546/4546 4548/4548
f 4548/4548 4531/4531 4529/4529
f 4527/4527 4544/4544 4546/4546
f 4546/4546 4529/4529 4527/4527
f 4526/4526 4542/4542 4545/4545
f 4545/4545 4528/4528 4526/4526
f 4525/4525 4541/4541 4542/4542
f 4542/4542 4526/4526 4525/4525
f 4558/4558 4576/4576 4559/4559
f 4559/4559 4541/4541 4558/4558
f 4556/4556 4575/4575 4576/4576
f 4576/4576 4558/4558 4556/4556
f 4555/4555 4573/4573 4574/4574
f 4574/4574 4557/4557 4555/4555
f 4553/4553 4572/4572 4573/4573
f 4573/4573 4555/4555 4553/4553
f 4552/4552 4570/4570 4572/4572
f 4572/4572 4553/4553 4552/4552
f 4550/4550 4568/4568 4569/4569
f 4569/4569 4551/4551 4550/4550
f 4549/4549 4567/4567 4568/4568
f 4568/4568 4550/4550 4549/4549
f 4547/4547 4566/4566 4567/4567
f 4567/4567 4549/4549 4547/4547
f 4546/4546 4564/4564 4565/4565
f 4565/4565 4548/4548 4546/4546
f 4544/4544 4563/4563 4564/4564
f 4564/4564 4546/4546 4544/4544
f 4543/4543 4561/4561 4563/4563
f 4563/4563 4544/4544 4543/4543
f 4541/4541 4559/4559 4560/4560
f 4560/4560 4542/4542 4541/4541
f 4576/4576 4592/4592 4577/4577
f 4577/4577 4559/4559 4576/4576
f 4575/4575 4590/4590 4592/4592
f 4592/4592 4576/4576 4575/4575
f 4573/4573 4589/4589 4591/4591
f 4591/4591 4574/4574 4573/4573
f 4572/4572 4588/4588 4589/4589
f 4589/4589 4573/4573 4572/4572
f 4569/4569 4586/4586 4587/4587
f 4587/4587 4571/4571 4569/4569
f 4568/4568 4585/4585 4586/4586
f 4586/4586 4569/4569 4568/4568
f 4567/4567 4584/4584 4585/4585
f 4585/4585 4568/4568 4567/4567
f 4566/4566 4582/4582 4584/4584
f 4584/4584 4567/4567 4566/4566
f 4564/4564 4581/4581 4583/4583
f 4583/4583 4565/4565 4564/4564
f 4563/4563 4579/4579 4581/4581
f 4581/4581 4564/4564 4563/4563
f 4560/4560 4578/4578 4580/4580
f 4580/4580 4562/4562 4560/4560
f 4559/4559 4577/4577 4578/4578
f 4578/4578 4560/4560 4559/4559
f 4592/4592 4614/4614 4593/4593
f 4593/4593 4577/4577 4592/4592
f 4590/4590 4612/4612 4614/4614
f 4614/4614 4592/4592 4590/4590
f 4589/4589 4609/4609 4613/4613
f 4613/4613 4591/4591 4589/4589
f 4588/4588 4606/4606 4609/4609
f 4609/4609 4589/4589 4588/4588
f 4586/4586 4605/4605 4607/4607
f 4607/4607 4587/4587 4586/4586
f 4585/4585 4604/4604 4605/4605
f 4605/4605 4586/4586 4585/4585
f 4584/4584 4603/4603 4604/4604
f 4604/4604 4585/4585 4584/4584
f 4582/4582 4601/4601 4603/4603
f 4603/4603 4584/4584 4582/4582
f 4581/4581 4599/4599 4602/4602
f 4602/4602 4583/4583 4581/4581
f 4579/4579 4595/4595 4599/4599
f 4599/4599 4581/4581 4579/4579
f 4578/4578 4594/4594 4597/4597
f 4597/4597 4580/4580 4578/4578
f 4577/4577 4593/4593 4594/4594
f 4594/4594 4578/4578 4577/4577
f 4614/4614 4632/4632 4615/4615
f 4615/4615 4593/4593 4614/4614
f 4612/4612 4631/4631 4632/4632
f 4632/4632 4614/4614 4612/4612
f 4610/4610 4629/4629 4630/4630
f 4630/4630 4611/4611 4610/4610
f 4608/4608 4627/4627 4629/4629
f 4629/4629 4610/4610 4608/4608
f 4605/4605 4625/4625 4628/4628
f 4628/4628 4607/4607 4605/4605
f 4604/4604 4624/4624 4625/4625
f 4625/4625 4605/4605 4604/4604
f 4603/4603 4623/4623 4624/4624
f 4624/4624 4604/4604 4603/4603
f 4601/4601 4622/4622 4623/4623
f 4623/4623 4603/4603 4601/4601
f 4598/4598 4620/4620 4621/4621
f 4621/4621 4600/4600 4598/4598
f 4596/4596 4618/4618 4620/4620
f 4620/4620 4598/4598 4596/4596
f 4594/4594 4616/4616 4619/4619
f 4619/4619 4597/4597 4594/4594
f 4593/4593 4615/4615 4616/4616
f 4616/4616 4594/4594 4593/4593
f 4632/4632 4650/4650 4633/4633
f 4633/4633 4615/4615 4632/4632
f 4631/4631 4648/4648 4650/4650
f 4650/4650 4632/4632 4631/4631
f 4629/4629 4647/4647 4649/4649
f 4649/4649 4630/4630 4629/4629
f 4627/4627 4646/4646 4647/4647
f 4647/4647 4629/4629 4627/4627
f 4626/4626 4644/4644 4646/4646
f 4646/4646 4627/4627 4626/4626
f 4624/4624 4643/4643 4645/4645
f 4645/4645 4625/4625 4624/4624
f 4623/4623 4642/4642 4643/4643
f 4643/4643 4624/4624 4623/4623
f 4622/4622 4640/4640 4642/4642
f 4642/4642 4623/4623 4622/4622
f 4620/4620 4638/4638 4639/4639
f 4639/4639 4621/4621 4620/4620
f 4618/4618 4637/4637 4638/4638
f 4638/4638 4620/4620 4618/4618
f 4617/4617 4635/4635 4637/4637
f 4637/4637 4618/4618 4617/4617
f 4615/4615 4633/4633 4634/4634
f 4634/4634 4616/4616 4615/4615
f 4667/4667 4666/4666 4651/4651
f 4651/4651 4668/4668 4667/4667
f 4670/4670 4665/4665 4666/4666
f 4666/4666 4667/4667 4670/4670
f 4671/4671 4663/4663 4664/4664
f 4664/4664 4669/4669 4671/4671
f 4672/4672 4662/4662 4663/4663
f 4663/4663 4671/4671 4672/4672
f 4674/4674 4660/4660 4662/4662
f 4662/4662 4672/4672 4674/4674
f 4675/4675 4659/4659 4661/4661
f 4661/4661 4673/4673 4675/4675
f 4677/4677 4657/4657 4659/4659
f 4659/4659 4675/4675 4677/4677
f 4678/4678 4656/4656 4658/4658
f 4658/4658 4676/4676 4678/4678
f 4679/4679 4655/4655 4656/4656
f 4656/4656 4678/4678 4679/4679
f 4680/4680 4653/4653 4655/4655
f 4655/4655 4679/4679 4680/4680
f 4682/4682 4652/4652 4654/4654
f 4654/4654 4681/4681 4682/4682
f 4668/4668 4651/4651 4652/4652
f 4652/4652 4682/4682 4668/4668
f 4650/4650 4667/4667 4668/4668
f 4668/4668 4633/4633 4650/4650
f 4648/4648 4670/4670 4667/4667
f 4667/4667 4650/4650 4648/4648
f 4647/4647 4671/4671 4669/4669
f 4669/4669 4649/4649 4647/4647
f 4646/4646 4672/4672 4671/4671
f 4671/4671 4647/4647 4646/4646
f 4644/4644 4674/4674 4672/4672
f 4672/4672 4646/4646 4644/4644
f 4643/4643 4675/4675 4673/4673
f 4673/4673 4645/4645 4643/4643
f 4642/4642 4677/4677 4675/4675
f 4675/4675 4643/4643 4642/4642
f 4639/4639 4678/4678 4676/4676
f 4676/4676 4641/4641 4639/4639
f 4638/4638 4679/4679 4678/4678
f 4678/4678 4639/4639 4638/4638
f 4637/4637 4680/4680 4679/4679
f 4679/4679 4638/4638 4637/4637
f 4634/4634 4682/4682 4681/4681
f 4681/4681 4636/4636 4634/4634
f 4633/4633 4668/4668 4682/4682
f 4682/4682 4634/4634 4633/4633
f 4466/4466 4683/4683 4684/4684
f 4684/4684 4451/4451 4466/4466
f 4465/4465 4685/4685 4683/4683
f 4683/4683 4466/4466 4465/4465
f 4463/4463 4687/4687 4686/4686
f 4686/4686 4464/4464 4463/4463
f 4462/4462 4688/4688 4687/4687
f 4687/4687 4463/4463 4462/4462
f 4460/4460 4690/4690 4688/4688
f 4688/4688 4462/4462 4460/4460
f 4459/4459 4691/4691 4689/4689
f 4689/4689 4461/4461 4459/4459
f 4458/4458 4693/4693 4691/4691
f 4691/4691 4459/4459 4458/4458
f 4456/4456 4694/4694 4692/4692
f 4692/4692 4457/4457 4456/4456
f 4455/4455 4695/4695 4694/4694
f 4694/4694 4456/4456 4455/4455
f 4453/4453 4696/4696 4695/4695
f 4695/4695 4455/4455 4453/4453
f 4452/4452 4698/4698 4697/4697
f 4697/4697 4454/4454 4452/4452
f 4451/4451 4684/4684 4698/4698
f 4698/4698 4452/4452 4451/4451
