# exported from mesh.npz by build_env/build_object_urdf.py
# mesh coordinates preserved (origin convention goal_traj tracks)
v -0.000000 0.015605 0.080785
v 0.003044 0.015305 0.080785
v 0.005972 0.014417 0.080785
v 0.008670 0.012975 0.080785
v 0.011034 0.011034 0.080785
v 0.012975 0.008670 0.080785
v 0.014417 0.005972 0.080785
v 0.015305 0.003044 0.080785
v 0.015605 0.000000 0.080785
v 0.015305 -0.003044 0.080785
v 0.014417 -0.005972 0.080785
v 0.012975 -0.008670 0.080785
v 0.011034 -0.011034 0.080785
v 0.008670 -0.012975 0.080785
v 0.005972 -0.014417 0.080785
v 0.003045 -0.015305 0.080785
v -0.000000 -0.015605 0.080785
v -0.003044 -0.015305 0.080785
v -0.005972 -0.014417 0.080785
v -0.008670 -0.012975 0.080785
v -0.011034 -0.011034 0.080785
v -0.012975 -0.008670 0.080785
v -0.014417 -0.005972 0.080785
v -0.015305 -0.003044 0.080785
v -0.015605 0.000000 0.080785
v -0.015305 0.003044 0.080785
v -0.014417 0.005972 0.080785
v -0.012975 0.008670 0.080785
v -0.011034 0.011034 0.080785
v -0.008670 0.012975 0.080785
v -0.005972 0.014417 0.080785
v -0.003044 0.015305 0.080785
v -0.000000 0.013689 0.085368
v 0.002670 0.013425 0.085368
v 0.005238 0.012646 0.085368
v 0.007605 0.011382 0.085368
v 0.009679 0.009679 0.085368
v 0.011382 0.007605 0.085368
v 0.012646 0.005238 0.085368
v 0.013425 0.002670 0.085368
v 0.013689 0.000000 0.085368
v 0.013425 -0.002670 0.085368
v 0.012646 -0.005238 0.085368
v 0.011382 -0.007605 0.085368
v 0.009679 -0.009679 0.085368
v 0.007605 -0.011382 0.085368
v 0.005238 -0.012646 0.085368
v 0.002670 -0.013425 0.085368
v -0.000000 -0.013689 0.085368
v -0.002670 -0.013425 0.085368
v -0.005238 -0.012646 0.085368
v -0.007605 -0.011382 0.085368
v -0.009679 -0.009679 0.085368
v -0.011382 -0.007605 0.085368
v -0.012646 -0.005238 0.085368
v -0.013425 -0.002670 0.085368
v -0.013689 0.000000 0.085368
v -0.013425 0.002670 0.085368
v -0.012646 0.005238 0.085368
v -0.011382 0.007605 0.085368
v -0.009679 0.009679 0.085368
v -0.007605 0.011382 0.085368
v -0.005238 0.012646 0.085368
v -0.002670 0.013425 0.085368
v -0.000000 0.011491 0.091231
v 0.002242 0.011271 0.091231
v 0.004398 0.010617 0.091231
v 0.006384 0.009555 0.091230
v 0.008125 0.008125 0.091230
v 0.009555 0.006384 0.091231
v 0.010617 0.004398 0.091231
v 0.011271 0.002242 0.091231
v 0.011491 0.000000 0.091231
v 0.011271 -0.002242 0.091231
v 0.010617 -0.004398 0.091231
v 0.009555 -0.006384 0.091231
v 0.008125 -0.008125 0.091231
v 0.006384 -0.009555 0.091230
v 0.004398 -0.010617 0.091230
v 0.002242 -0.011271 0.091230
v -0.000000 -0.011491 0.091230
v -0.002242 -0.011271 0.091231
v -0.004398 -0.010617 0.091230
v -0.006384 -0.009555 0.091230
v -0.008125 -0.008125 0.091230
v -0.009555 -0.006384 0.091230
v -0.010617 -0.004398 0.091230
v -0.011271 -0.002242 0.091231
v -0.011491 0.000000 0.091231
v -0.011271 0.002242 0.091230
v -0.010617 0.004398 0.091230
v -0.009555 0.006384 0.091230
v -0.008125 0.008125 0.091231
v -0.006384 0.009555 0.091231
v -0.004398 0.010617 0.091231
v -0.002242 0.011271 0.091231
v -0.000000 0.009268 0.098774
v 0.001808 0.009090 0.098774
v 0.003547 0.008563 0.098774
v 0.005149 0.007706 0.098774
v 0.006553 0.006553 0.098774
v 0.007706 0.005149 0.098774
v 0.008563 0.003547 0.098774
v 0.009090 0.001808 0.098774
v 0.009268 0.000000 0.098774
v 0.009090 -0.001808 0.098774
v 0.008563 -0.003547 0.098774
v 0.007706 -0.005149 0.098774
v 0.006553 -0.006553 0.098774
v 0.005149 -0.007706 0.098774
v 0.003547 -0.008563 0.098774
v 0.001808 -0.009090 0.098774
v -0.000000 -0.009268 0.098774
v -0.001808 -0.009090 0.098774
v -0.003547 -0.008563 0.098774
v -0.005149 -0.007706 0.098774
v -0.006553 -0.006553 0.098774
v -0.007706 -0.005149 0.098774
v -0.008563 -0.003547 0.098774
v -0.009090 -0.001808 0.098774
v -0.009268 0.000000 0.098774
v -0.009090 0.001808 0.098774
v -0.008563 0.003547 0.098774
v -0.007706 0.005149 0.098774
v -0.006553 0.006553 0.098774
v -0.005149 0.007706 0.098774
v -0.003547 0.008563 0.098774
v -0.001808 0.009090 0.098774
v -0.000000 0.008143 0.104628
v 0.001589 0.007986 0.104628
v 0.003116 0.007522 0.104628
v 0.004524 0.006770 0.104628
v 0.005758 0.005758 0.104628
v 0.006770 0.004524 0.104628
v 0.007522 0.003116 0.104628
v 0.007986 0.001589 0.104628
v 0.008143 0.000000 0.104628
v 0.007986 -0.001589 0.104628
v 0.007522 -0.003116 0.104628
v 0.006770 -0.004524 0.104628
v 0.005758 -0.005758 0.104628
v 0.004524 -0.006770 0.104628
v 0.003116 -0.007522 0.104628
v 0.001589 -0.007986 0.104628
v -0.000000 -0.008143 0.104628
v -0.001589 -0.007986 0.104628
v -0.003116 -0.007522 0.104628
v -0.004524 -0.006770 0.104628
v -0.005758 -0.005758 0.104628
v -0.006770 -0.004524 0.104628
v -0.007522 -0.003116 0.104628
v -0.007986 -0.001589 0.104628
v -0.008143 0.000000 0.104628
v -0.007986 0.001589 0.104628
v -0.007522 0.003116 0.104628
v -0.006770 0.004524 0.104628
v -0.005758 0.005758 0.104628
v -0.004524 0.006770 0.104628
v -0.003116 0.007522 0.104628
v -0.001589 0.007986 0.104628
v -0.000000 0.007134 0.112628
v 0.001392 0.006997 0.112628
v 0.002730 0.006591 0.112628
v 0.003963 0.005931 0.112628
v 0.005044 0.005044 0.112628
v 0.005931 0.003963 0.112628
v 0.006591 0.002730 0.112628
v 0.006997 0.001392 0.112628
v 0.007134 0.000000 0.112628
v 0.006997 -0.001392 0.112628
v 0.006591 -0.002730 0.112628
v 0.005931 -0.003963 0.112628
v 0.005044 -0.005044 0.112628
v 0.003963 -0.005931 0.112628
v 0.002730 -0.006591 0.112628
v 0.001392 -0.006997 0.112628
v -0.000000 -0.007134 0.112628
v -0.001392 -0.006997 0.112628
v -0.002730 -0.006591 0.112628
v -0.003963 -0.005931 0.112628
v -0.005044 -0.005044 0.112628
v -0.005931 -0.003963 0.112628
v -0.006591 -0.002730 0.112628
v -0.006997 -0.001392 0.112628
v -0.007134 0.000000 0.112628
v -0.006997 0.001392 0.112628
v -0.006591 0.002730 0.112628
v -0.005931 0.003963 0.112628
v -0.005044 0.005044 0.112628
v -0.003963 0.005931 0.112628
v -0.002730 0.006591 0.112628
v -0.001392 0.006997 0.112628
v -0.000000 0.006550 0.122685
v 0.001278 0.006425 0.122685
v 0.002507 0.006052 0.122685
v 0.003639 0.005446 0.122685
v 0.004632 0.004632 0.122685
v 0.005446 0.003639 0.122685
v 0.006052 0.002507 0.122685
v 0.006425 0.001278 0.122685
v 0.006550 0.000000 0.122685
v 0.006425 -0.001278 0.122685
v 0.006052 -0.002507 0.122685
v 0.005446 -0.003639 0.122685
v 0.004632 -0.004632 0.122685
v 0.003639 -0.005446 0.122685
v 0.002507 -0.006051 0.122685
v 0.001278 -0.006425 0.122685
v -0.000000 -0.006550 0.122685
v -0.001278 -0.006425 0.122685
v -0.002507 -0.006051 0.122685
v -0.003639 -0.005446 0.122685
v -0.004632 -0.004632 0.122685
v -0.005446 -0.003639 0.122685
v -0.006051 -0.002507 0.122685
v -0.006425 -0.001278 0.122685
v -0.006550 0.000000 0.122685
v -0.006425 0.001278 0.122685
v -0.006051 0.002507 0.122685
v -0.005446 0.003639 0.122685
v -0.004632 0.004632 0.122685
v -0.003639 0.005446 0.122685
v -0.002507 0.006052 0.122685
v -0.001278 0.006425 0.122685
v -0.000000 0.017878 0.003163
v 0.003488 0.017534 0.003163
v 0.006842 0.016517 0.003163
v 0.009932 0.014865 0.003163
v 0.012642 0.012642 0.003163
v 0.014865 0.009932 0.003163
v 0.016517 0.006842 0.003163
v 0.017534 0.003488 0.003163
v 0.017878 0.000000 0.003163
v 0.017534 -0.003488 0.003163
v 0.016517 -0.006842 0.003163
v 0.014865 -0.009932 0.003163
v 0.012642 -0.012642 0.003163
v 0.009932 -0.014865 0.003163
v 0.006842 -0.016517 0.003163
v 0.003488 -0.017534 0.003163
v 0.000000 -0.017878 0.003163
v -0.003488 -0.017534 0.003163
v -0.006842 -0.016517 0.003163
v -0.009932 -0.014865 0.003163
v -0.012642 -0.012642 0.003163
v -0.014865 -0.009932 0.003163
v -0.016517 -0.006842 0.003163
v -0.017534 -0.003488 0.003163
v -0.017878 -0.000000 0.003163
v -0.017534 0.003488 0.003163
v -0.016517 0.006842 0.003163
v -0.014865 0.009932 0.003163
v -0.012642 0.012642 0.003163
v -0.009932 0.014865 0.003163
v -0.006842 0.016517 0.003163
v -0.003488 0.017534 0.003163
v -0.000000 0.020583 0.007785
v 0.004015 0.020187 0.007785
v 0.007876 0.019016 0.007785
v 0.011435 0.017114 0.007785
v 0.014554 0.014554 0.007785
v 0.017114 0.011435 0.007785
v 0.019016 0.007876 0.007785
v 0.020187 0.004015 0.007785
v 0.020583 0.000000 0.007785
v 0.020187 -0.004015 0.007785
v 0.019016 -0.007876 0.007785
v 0.017114 -0.011435 0.007785
v 0.014554 -0.014554 0.007785
v 0.011435 -0.017114 0.007785
v 0.007876 -0.019016 0.007785
v 0.004015 -0.020187 0.007785
v 0.000000 -0.020583 0.007785
v -0.004015 -0.020187 0.007785
v -0.007876 -0.019016 0.007785
v -0.011435 -0.017114 0.007785
v -0.014554 -0.014554 0.007785
v -0.017114 -0.011435 0.007785
v -0.019016 -0.007876 0.007785
v -0.020187 -0.004015 0.007785
v -0.020583 -0.000000 0.007785
v -0.020187 0.004015 0.007785
v -0.019016 0.007876 0.007785
v -0.017114 0.011435 0.007785
v -0.014554 0.014554 0.007785
v -0.011435 0.017114 0.007785
v -0.007876 0.019016 0.007785
v -0.004015 0.020187 0.007785
v -0.000000 0.016154 0.003271
v 0.003152 0.015844 0.003271
v 0.006182 0.014924 0.003271
v 0.008975 0.013431 0.003271
v 0.011423 0.011423 0.003271
v 0.013431 0.008975 0.003271
v 0.014924 0.006182 0.003271
v 0.015844 0.003152 0.003271
v 0.016154 0.000000 0.003271
v 0.015844 -0.003152 0.003271
v 0.014924 -0.006182 0.003271
v 0.013431 -0.008975 0.003271
v 0.011423 -0.011423 0.003271
v 0.008975 -0.013431 0.003271
v 0.006182 -0.014924 0.003271
v 0.003152 -0.015844 0.003271
v 0.000000 -0.016154 0.003271
v -0.003152 -0.015844 0.003271
v -0.006182 -0.014924 0.003271
v -0.008975 -0.013431 0.003271
v -0.011423 -0.011423 0.003271
v -0.013431 -0.008975 0.003271
v -0.014924 -0.006182 0.003271
v -0.015844 -0.003152 0.003271
v -0.016154 -0.000000 0.003271
v -0.015844 0.003152 0.003271
v -0.014924 0.006182 0.003271
v -0.013431 0.008975 0.003271
v -0.011423 0.011423 0.003271
v -0.008975 0.013431 0.003271
v -0.006182 0.014924 0.003271
v -0.003152 0.015844 0.003271
v -0.000000 0.014495 0.003593
v 0.002828 0.014216 0.003593
v 0.005547 0.013392 0.003593
v 0.008053 0.012052 0.003593
v 0.010249 0.010249 0.003593
v 0.012052 0.008053 0.003593
v 0.013392 0.005547 0.003593
v 0.014216 0.002828 0.003593
v 0.014495 0.000000 0.003593
v 0.014216 -0.002828 0.003593
v 0.013392 -0.005547 0.003593
v 0.012052 -0.008053 0.003593
v 0.010249 -0.010249 0.003593
v 0.008053 -0.012052 0.003593
v 0.005547 -0.013392 0.003593
v 0.002828 -0.014216 0.003593
v 0.000000 -0.014495 0.003593
v -0.002828 -0.014216 0.003593
v -0.005547 -0.013392 0.003593
v -0.008053 -0.012052 0.003593
v -0.010249 -0.010249 0.003593
v -0.012052 -0.008053 0.003593
v -0.013392 -0.005547 0.003593
v -0.014216 -0.002827 0.003593
v -0.014495 -0.000000 0.003593
v -0.014216 0.002828 0.003593
v -0.013392 0.005547 0.003593
v -0.012052 0.008053 0.003593
v -0.010249 0.010249 0.003593
v -0.008053 0.012052 0.003593
v -0.005547 0.013392 0.003593
v -0.002827 0.014216 0.003593
v -0.000000 0.010067 0.005691
v 0.001964 0.009873 0.005691
v 0.003852 0.009301 0.005691
v 0.005593 0.008370 0.005691
v 0.007118 0.007118 0.005691
v 0.008370 0.005593 0.005691
v 0.009301 0.003852 0.005691
v 0.009873 0.001964 0.005691
v 0.010067 0.000000 0.005691
v 0.009873 -0.001964 0.005691
v 0.009301 -0.003852 0.005691
v 0.008370 -0.005593 0.005691
v 0.007118 -0.007118 0.005691
v 0.005593 -0.008370 0.005691
v 0.003852 -0.009301 0.005691
v 0.001964 -0.009873 0.005691
v 0.000000 -0.010067 0.005691
v -0.001964 -0.009873 0.005691
v -0.003852 -0.009301 0.005691
v -0.005593 -0.008370 0.005691
v -0.007118 -0.007118 0.005691
v -0.008370 -0.005593 0.005691
v -0.009301 -0.003852 0.005691
v -0.009873 -0.001964 0.005691
v -0.010067 -0.000000 0.005691
v -0.009873 0.001964 0.005691
v -0.009301 0.003853 0.005691
v -0.008370 0.005593 0.005691
v -0.007118 0.007118 0.005691
v -0.005593 0.008370 0.005691
v -0.003852 0.009301 0.005691
v -0.001964 0.009873 0.005691
v -0.000000 0.004841 0.006716
v 0.000944 0.004748 0.006716
v 0.001853 0.004473 0.006716
v 0.002690 0.004025 0.006716
v 0.003423 0.003423 0.006716
v 0.004025 0.002690 0.006716
v 0.004473 0.001853 0.006716
v 0.004748 0.000944 0.006716
v 0.004841 0.000000 0.006716
v 0.004748 -0.000944 0.006716
v 0.004473 -0.001853 0.006716
v 0.004025 -0.002690 0.006716
v 0.003423 -0.003423 0.006716
v 0.002690 -0.004025 0.006716
v 0.001853 -0.004473 0.006716
v 0.000944 -0.004748 0.006716
v -0.000000 -0.004841 0.006716
v -0.000944 -0.004748 0.006716
v -0.001853 -0.004473 0.006716
v -0.002690 -0.004025 0.006716
v -0.003423 -0.003423 0.006716
v -0.004025 -0.002690 0.006716
v -0.004473 -0.001853 0.006716
v -0.004748 -0.000944 0.006716
v -0.004841 -0.000000 0.006716
v -0.004748 0.000944 0.006716
v -0.004473 0.001853 0.006716
v -0.004025 0.002690 0.006716
v -0.003423 0.003423 0.006716
v -0.002690 0.004025 0.006716
v -0.001853 0.004473 0.006716
v -0.000944 0.004748 0.006716
v -0.000000 0.000000 0.007186
v 0.003661 0.018406 0.003544
v 0.007182 0.017338 0.003544
v 0.010426 0.015604 0.003544
v 0.013270 0.013270 0.003544
v 0.015604 0.010426 0.003544
v 0.017338 0.007182 0.003544
v 0.018406 0.003661 0.003544
v 0.018767 0.000000 0.003544
v 0.018406 -0.003661 0.003544
v 0.017338 -0.007182 0.003544
v 0.015604 -0.010426 0.003544
v 0.013270 -0.013270 0.003544
v 0.010426 -0.015604 0.003544
v 0.007182 -0.017338 0.003544
v 0.003661 -0.018406 0.003544
v 0.000000 -0.018767 0.003544
v -0.003661 -0.018406 0.003544
v -0.007182 -0.017338 0.003544
v -0.010426 -0.015604 0.003544
v -0.013270 -0.013270 0.003544
v -0.015604 -0.010426 0.003544
v -0.017338 -0.007182 0.003544
v -0.018406 -0.003661 0.003544
v -0.018767 -0.000000 0.003544
v -0.018406 0.003661 0.003544
v -0.017338 0.007182 0.003544
v -0.015604 0.010426 0.003544
v -0.013270 0.013270 0.003544
v -0.010426 0.015604 0.003544
v -0.007182 0.017338 0.003544
v -0.003661 0.018406 0.003544
v -0.000000 0.018767 0.003544
v 0.003849 0.019352 0.004369
v 0.007551 0.018229 0.004369
v 0.010962 0.016405 0.004369
v 0.013952 0.013952 0.004369
v 0.016405 0.010962 0.004369
v 0.018229 0.007551 0.004369
v 0.019352 0.003849 0.004369
v 0.019731 0.000000 0.004369
v 0.019352 -0.003849 0.004369
v 0.018229 -0.007551 0.004369
v 0.016405 -0.010962 0.004369
v 0.013952 -0.013952 0.004369
v 0.010962 -0.016405 0.004369
v 0.007551 -0.018229 0.004369
v 0.003849 -0.019352 0.004369
v 0.000000 -0.019731 0.004369
v -0.003849 -0.019352 0.004369
v -0.007551 -0.018229 0.004369
v -0.010962 -0.016405 0.004369
v -0.013952 -0.013952 0.004369
v -0.016405 -0.010962 0.004369
v -0.018229 -0.007551 0.004369
v -0.019352 -0.003849 0.004369
v -0.019731 -0.000000 0.004369
v -0.019352 0.003849 0.004369
v -0.018229 0.007551 0.004369
v -0.016405 0.010962 0.004369
v -0.013952 0.013952 0.004369
v -0.010962 0.016405 0.004369
v -0.007551 0.018229 0.004369
v -0.003849 0.019352 0.004369
v -0.000000 0.019731 0.004369
v 0.003963 0.019923 0.006198
v 0.007773 0.018767 0.006198
v 0.011285 0.016890 0.006198
v 0.014364 0.014364 0.006198
v 0.016890 0.011285 0.006198
v 0.018767 0.007773 0.006198
v 0.019923 0.003963 0.006198
v 0.020313 0.000000 0.006198
v 0.019923 -0.003963 0.006198
v 0.018767 -0.007773 0.006198
v 0.016890 -0.011285 0.006198
v 0.014364 -0.014364 0.006198
v 0.011285 -0.016890 0.006198
v 0.007773 -0.018767 0.006198
v 0.003963 -0.019923 0.006198
v 0.000000 -0.020313 0.006198
v -0.003963 -0.019923 0.006198
v -0.007773 -0.018767 0.006198
v -0.011285 -0.016890 0.006198
v -0.014364 -0.014364 0.006198
v -0.016890 -0.011285 0.006198
v -0.018767 -0.007773 0.006198
v -0.019923 -0.003963 0.006198
v -0.020313 -0.000000 0.006198
v -0.019923 0.003963 0.006198
v -0.018767 0.007773 0.006198
v -0.016890 0.011285 0.006198
v -0.014364 0.014364 0.006198
v -0.011285 0.016890 0.006198
v -0.007773 0.018767 0.006198
v -0.003963 0.019923 0.006198
v -0.000000 0.020313 0.006198
v -0.000000 0.020522 0.055948
v 0.004004 0.020128 0.055948
v 0.007853 0.018960 0.055948
v 0.011401 0.017063 0.055948
v 0.014511 0.014511 0.055948
v 0.017063 0.011401 0.055948
v 0.018960 0.007853 0.055948
v 0.020128 0.004004 0.055948
v 0.020522 0.000000 0.055948
v 0.020128 -0.004004 0.055948
v 0.018960 -0.007853 0.055948
v 0.017063 -0.011401 0.055948
v 0.014511 -0.014511 0.055948
v 0.011401 -0.017063 0.055948
v 0.007853 -0.018960 0.055948
v 0.004004 -0.020128 0.055948
v -0.000000 -0.020522 0.055948
v -0.004004 -0.020128 0.055948
v -0.007853 -0.018960 0.055948
v -0.011401 -0.017063 0.055948
v -0.014511 -0.014511 0.055948
v -0.017063 -0.011401 0.055948
v -0.018960 -0.007853 0.055948
v -0.020128 -0.004004 0.055948
v -0.020522 -0.000000 0.055948
v -0.020128 0.004004 0.055948
v -0.018960 0.007853 0.055948
v -0.017063 0.011401 0.055948
v -0.014511 0.014511 0.055948
v -0.011401 0.017063 0.055948
v -0.007853 0.018960 0.055948
v -0.004004 0.020128 0.055948
v -0.000000 0.020297 0.060108
v 0.003960 0.019907 0.060108
v 0.007767 0.018752 0.060108
v 0.011276 0.016876 0.060108
v 0.014352 0.014352 0.060108
v 0.016876 0.011276 0.060108
v 0.018752 0.007767 0.060108
v 0.019907 0.003960 0.060108
v 0.020297 0.000000 0.060108
v 0.019907 -0.003960 0.060108
v 0.018752 -0.007767 0.060108
v 0.016876 -0.011276 0.060108
v 0.014352 -0.014352 0.060108
v 0.011276 -0.016876 0.060108
v 0.007767 -0.018752 0.060108
v 0.003960 -0.019907 0.060108
v -0.000000 -0.020297 0.060108
v -0.003960 -0.019907 0.060108
v -0.007767 -0.018752 0.060108
v -0.011276 -0.016876 0.060108
v -0.014352 -0.014352 0.060108
v -0.016876 -0.011276 0.060108
v -0.018752 -0.007767 0.060108
v -0.019907 -0.003960 0.060108
v -0.020297 -0.000000 0.060108
v -0.019907 0.003960 0.060108
v -0.018752 0.007767 0.060108
v -0.016876 0.011276 0.060108
v -0.014352 0.014352 0.060108
v -0.011276 0.016876 0.060108
v -0.007767 0.018752 0.060108
v -0.003960 0.019907 0.060108
v -0.000000 0.019422 0.065701
v 0.003789 0.019049 0.065701
v 0.007433 0.017944 0.065701
v 0.010790 0.016149 0.065701
v 0.013733 0.013733 0.065701
v 0.016149 0.010790 0.065701
v 0.017944 0.007433 0.065701
v 0.019049 0.003789 0.065701
v 0.019422 0.000000 0.065701
v 0.019049 -0.003789 0.065701
v 0.017944 -0.007433 0.065701
v 0.016149 -0.010790 0.065701
v 0.013733 -0.013733 0.065701
v 0.010790 -0.016149 0.065701
v 0.007433 -0.017944 0.065701
v 0.003789 -0.019049 0.065701
v -0.000000 -0.019422 0.065701
v -0.003789 -0.019049 0.065701
v -0.007433 -0.017944 0.065701
v -0.010790 -0.016149 0.065701
v -0.013733 -0.013733 0.065701
v -0.016149 -0.010790 0.065701
v -0.017944 -0.007433 0.065701
v -0.019049 -0.003789 0.065701
v -0.019422 -0.000000 0.065701
v -0.019049 0.003789 0.065701
v -0.017944 0.007433 0.065701
v -0.016149 0.010790 0.065701
v -0.013733 0.013733 0.065701
v -0.010790 0.016149 0.065701
v -0.007433 0.017944 0.065701
v -0.003789 0.019049 0.065701
v -0.000000 0.017430 0.074770
v 0.003400 0.017095 0.074770
v 0.006670 0.016103 0.074770
v 0.009683 0.014492 0.074770
v 0.012325 0.012325 0.074770
v 0.014492 0.009683 0.074770
v 0.016103 0.006670 0.074770
v 0.017095 0.003400 0.074770
v 0.017430 0.000000 0.074770
v 0.017095 -0.003400 0.074770
v 0.016103 -0.006670 0.074770
v 0.014492 -0.009683 0.074770
v 0.012325 -0.012325 0.074770
v 0.009683 -0.014492 0.074770
v 0.006670 -0.016103 0.074770
v 0.003400 -0.017095 0.074770
v -0.000000 -0.017430 0.074770
v -0.003400 -0.017095 0.074770
v -0.006670 -0.016103 0.074770
v -0.009683 -0.014492 0.074770
v -0.012325 -0.012325 0.074770
v -0.014492 -0.009683 0.074770
v -0.016103 -0.006670 0.074770
v -0.017095 -0.003400 0.074770
v -0.017430 0.000000 0.074770
v -0.017095 0.003400 0.074770
v -0.016103 0.006670 0.074770
v -0.014492 0.009683 0.074770
v -0.012325 0.012325 0.074770
v -0.009683 0.014492 0.074770
v -0.006670 0.016103 0.074770
v -0.003400 0.017095 0.074770
v -0.000000 0.006272 0.122603
v 0.001224 0.006151 0.122603
v 0.002400 0.005794 0.122603
v 0.003484 0.005215 0.122603
v 0.004435 0.004435 0.122603
v 0.005215 0.003484 0.122603
v 0.005794 0.002400 0.122603
v 0.006151 0.001224 0.122603
v 0.006272 0.000000 0.122603
v 0.006151 -0.001224 0.122603
v 0.005794 -0.002400 0.122603
v 0.005215 -0.003484 0.122603
v 0.004435 -0.004435 0.122603
v 0.003484 -0.005215 0.122603
v 0.002400 -0.005794 0.122603
v 0.001224 -0.006151 0.122603
v -0.000000 -0.006272 0.122603
v -0.001224 -0.006151 0.122603
v -0.002400 -0.005794 0.122603
v -0.003484 -0.005215 0.122603
v -0.004435 -0.004435 0.122603
v -0.005215 -0.003484 0.122603
v -0.005794 -0.002400 0.122603
v -0.006151 -0.001224 0.122603
v -0.006272 0.000000 0.122603
v -0.006151 0.001224 0.122603
v -0.005794 0.002400 0.122603
v -0.005215 0.003484 0.122603
v -0.004435 0.004435 0.122603
v -0.003484 0.005215 0.122603
v -0.002400 0.005794 0.122603
v -0.001224 0.006151 0.122603
v -0.000000 0.006550 0.122685
v 0.001278 0.006425 0.122685
v 0.002507 0.006052 0.122685
v 0.003639 0.005446 0.122685
v 0.004632 0.004632 0.122685
v 0.005446 0.003639 0.122685
v 0.006052 0.002507 0.122685
v 0.006425 0.001278 0.122685
v 0.006550 0.000000 0.122685
v 0.006425 -0.001278 0.122685
v 0.006052 -0.002507 0.122685
v 0.005446 -0.003639 0.122685
v 0.004632 -0.004632 0.122685
v 0.003639 -0.005446 0.122685
v 0.002507 -0.006051 0.122685
v 0.001278 -0.006425 0.122685
v -0.000000 -0.006550 0.122685
v -0.001278 -0.006425 0.122685
v -0.002507 -0.006051 0.122685
v -0.003639 -0.005446 0.122685
v -0.004632 -0.004632 0.122685
v -0.005446 -0.003639 0.122685
v -0.006051 -0.002507 0.122685
v -0.006425 -0.001278 0.122685
v -0.006550 0.000000 0.122685
v -0.006425 0.001278 0.122685
v -0.006051 0.002507 0.122685
v -0.005446 0.003639 0.122685
v -0.004632 0.004632 0.122685
v -0.003639 0.005446 0.122685
v -0.002507 0.006052 0.122685
v -0.001278 0.006425 0.122685
v 0.015398 -0.015448 0.007118
v 0.012098 -0.018156 0.007118
v 0.008333 -0.020169 0.007118
v 0.004248 -0.021408 0.007118
v 0.000000 -0.021826 0.007118
v -0.004248 -0.021408 0.007118
v -0.008333 -0.020169 0.007118
v -0.012098 -0.018156 0.007118
v -0.015398 -0.015448 0.007118
v 0.015369 -0.015420 0.056202
v 0.012076 -0.018123 0.056202
v 0.008318 -0.020132 0.056202
v 0.004240 -0.021369 0.056202
v -0.000000 -0.021786 0.056202
v -0.004240 -0.021369 0.056202
v -0.008318 -0.020131 0.056202
v -0.012076 -0.018123 0.056202
v -0.015369 -0.015420 0.056202
v 0.015179 -0.015230 0.061005
v 0.011926 -0.017899 0.061005
v 0.008215 -0.019883 0.061005
v 0.004188 -0.021104 0.061005
v -0.000000 -0.021517 0.061005
v -0.004188 -0.021104 0.061005
v -0.008215 -0.019883 0.061005
v -0.011926 -0.017899 0.061005
v -0.015179 -0.015230 0.061005
v -0.000000 0.018161 -0.000000
v -0.000000 0.007961 0.141619
v 0.003543 0.017812 -0.000000
v 0.001553 0.007808 0.141619
v 0.006950 0.016779 0.000000
v 0.003047 0.007355 0.141619
v 0.010090 0.015101 0.000000
v 0.004423 0.006619 0.141619
v 0.012842 0.012842 0.000000
v 0.005629 0.005629 0.141619
v 0.015101 0.010090 0.000000
v 0.006619 0.004423 0.141619
v 0.016779 0.006950 0.000000
v 0.007355 0.003047 0.141619
v 0.017812 0.003543 0.000000
v 0.007808 0.001553 0.141619
v 0.018161 0.000000 0.000000
v 0.007961 0.000000 0.141619
v 0.017812 -0.003543 0.000000
v 0.007808 -0.001553 0.141619
v 0.016779 -0.006950 0.000000
v 0.007355 -0.003047 0.141619
v 0.015101 -0.010090 0.000000
v 0.006619 -0.004423 0.141619
v 0.012842 -0.012842 0.000000
v 0.005629 -0.005629 0.141619
v 0.010090 -0.015101 0.000000
v 0.004423 -0.006619 0.141619
v 0.006950 -0.016779 0.000000
v 0.003047 -0.007355 0.141619
v 0.003543 -0.017812 0.000000
v 0.001553 -0.007808 0.141619
v 0.000000 -0.018161 0.000000
v -0.000000 -0.007961 0.141619
v -0.003543 -0.017812 0.000000
v -0.001553 -0.007808 0.141619
v -0.006950 -0.016779 -0.000000
v -0.003047 -0.007355 0.141619
v -0.010090 -0.015101 -0.000000
v -0.004423 -0.006619 0.141619
v -0.012842 -0.012842 -0.000000
v -0.005629 -0.005629 0.141619
v -0.015101 -0.010090 -0.000000
v -0.006619 -0.004423 0.141619
v -0.016779 -0.006950 -0.000000
v -0.007355 -0.003047 0.141619
v -0.017812 -0.003543 -0.000000
v -0.007808 -0.001553 0.141619
v -0.018161 -0.000000 -0.000000
v -0.007961 0.000000 0.141619
v -0.017812 0.003543 -0.000000
v -0.007808 0.001553 0.141619
v -0.016779 0.006950 -0.000000
v -0.007355 0.003047 0.141619
v -0.015101 0.010090 -0.000000
v -0.006619 0.004423 0.141619
v -0.012842 0.012842 -0.000000
v -0.005629 0.005629 0.141619
v -0.010090 0.015101 -0.000000
v -0.004423 0.006619 0.141619
v -0.006950 0.016779 -0.000000
v -0.003047 0.007355 0.141619
v -0.003543 0.017812 -0.000000
v -0.001553 0.007808 0.141619
v -0.000000 0.021776 0.007118
v 0.004248 0.021357 0.007118
v 0.008333 0.020118 0.007118
v 0.012098 0.018106 0.007118
v 0.015398 0.015398 0.007118
v 0.018106 0.012098 0.007118
v 0.020118 0.008333 0.007118
v 0.021357 0.004248 0.007118
v 0.021776 0.000000 0.007118
v 0.021357 -0.004248 0.007118
v 0.020118 -0.008333 0.007118
v 0.018106 -0.012098 0.007118
v 0.015398 -0.015398 0.007118
v 0.012098 -0.018106 0.007118
v 0.008333 -0.020118 0.007118
v 0.004248 -0.021357 0.007118
v 0.000000 -0.021776 0.007118
v -0.004248 -0.021357 0.007118
v -0.008333 -0.020118 0.007118
v -0.012098 -0.018106 0.007118
v -0.015398 -0.015398 0.007118
v -0.018106 -0.012098 0.007118
v -0.020118 -0.008333 0.007118
v -0.021357 -0.004248 0.007118
v -0.021776 -0.000000 0.007118
v -0.021357 0.004248 0.007118
v -0.020118 0.008334 0.007118
v -0.018106 0.012098 0.007118
v -0.015398 0.015398 0.007118
v -0.012098 0.018106 0.007118
v -0.008333 0.020118 0.007118
v -0.004248 0.021357 0.007118
v -0.000000 0.016276 -0.000000
v 0.003175 0.015963 -0.000000
v 0.006228 0.015036 0.000000
v 0.009042 0.013532 0.000000
v 0.011508 0.011508 0.000000
v 0.013532 0.009042 0.000000
v 0.015036 0.006228 0.000000
v 0.015963 0.003175 0.000000
v 0.016276 0.000000 0.000000
v 0.015963 -0.003175 0.000000
v 0.015036 -0.006228 0.000000
v 0.013532 -0.009042 0.000000
v 0.011508 -0.011508 0.000000
v 0.009042 -0.013532 0.000000
v 0.006228 -0.015036 0.000000
v 0.003175 -0.015963 0.000000
v 0.000000 -0.016276 0.000000
v -0.003175 -0.015963 0.000000
v -0.006228 -0.015036 -0.000000
v -0.009042 -0.013532 -0.000000
v -0.011508 -0.011508 -0.000000
v -0.013532 -0.009042 -0.000000
v -0.015036 -0.006228 -0.000000
v -0.015963 -0.003175 -0.000000
v -0.016276 -0.000000 -0.000000
v -0.015963 0.003175 -0.000000
v -0.015036 0.006228 -0.000000
v -0.013532 0.009042 -0.000000
v -0.011508 0.011508 -0.000000
v -0.009042 0.013532 -0.000000
v -0.006228 0.015036 -0.000000
v -0.003175 0.015963 -0.000000
v -0.000000 0.014521 0.000466
v 0.002833 0.014242 0.000466
v 0.005557 0.013415 0.000466
v 0.008067 0.012074 0.000466
v 0.010268 0.010268 0.000466
v 0.012074 0.008067 0.000466
v 0.013415 0.005557 0.000466
v 0.014242 0.002833 0.000466
v 0.014521 0.000000 0.000466
v 0.014242 -0.002833 0.000466
v 0.013415 -0.005557 0.000466
v 0.012074 -0.008067 0.000466
v 0.010268 -0.010268 0.000466
v 0.008067 -0.012074 0.000466
v 0.005557 -0.013415 0.000466
v 0.002833 -0.014242 0.000466
v 0.000000 -0.014521 0.000466
v -0.002833 -0.014242 0.000466
v -0.005557 -0.013415 0.000466
v -0.008067 -0.012074 0.000466
v -0.010268 -0.010268 0.000466
v -0.012074 -0.008067 0.000466
v -0.013415 -0.005557 0.000466
v -0.014242 -0.002833 0.000466
v -0.014521 -0.000000 0.000466
v -0.014242 0.002833 0.000466
v -0.013415 0.005557 0.000466
v -0.012074 0.008067 0.000466
v -0.010268 0.010268 0.000466
v -0.008067 0.012074 0.000466
v -0.005557 0.013415 0.000466
v -0.002833 0.014242 0.000466
v -0.000000 0.010055 0.002562
v 0.001961 0.009862 0.002562
v 0.003848 0.009289 0.002562
v 0.005586 0.008360 0.002562
v 0.007110 0.007110 0.002562
v 0.008360 0.005586 0.002562
v 0.009289 0.003848 0.002562
v 0.009862 0.001961 0.002562
v 0.010055 0.000000 0.002562
v 0.009862 -0.001961 0.002562
v 0.009289 -0.003848 0.002562
v 0.008360 -0.005586 0.002562
v 0.007110 -0.007110 0.002562
v 0.005586 -0.008360 0.002562
v 0.003848 -0.009289 0.002562
v 0.001961 -0.009862 0.002562
v 0.000000 -0.010055 0.002562
v -0.001961 -0.009862 0.002562
v -0.003848 -0.009289 0.002562
v -0.005586 -0.008360 0.002562
v -0.007110 -0.007110 0.002562
v -0.008360 -0.005586 0.002562
v -0.009289 -0.003848 0.002562
v -0.009862 -0.001961 0.002562
v -0.010055 -0.000000 0.002562
v -0.009862 0.001961 0.002562
v -0.009289 0.003848 0.002562
v -0.008360 0.005586 0.002562
v -0.007110 0.007110 0.002562
v -0.005586 0.008360 0.002562
v -0.003848 0.009289 0.002562
v -0.001961 0.009862 0.002562
v -0.000000 0.004840 0.003571
v 0.000944 0.004748 0.003571
v 0.001852 0.004472 0.003571
v 0.002689 0.004025 0.003571
v 0.003423 0.003423 0.003571
v 0.004025 0.002689 0.003571
v 0.004472 0.001852 0.003571
v 0.004748 0.000944 0.003571
v 0.004840 0.000000 0.003571
v 0.004748 -0.000944 0.003571
v 0.004472 -0.001852 0.003571
v 0.004025 -0.002689 0.003571
v 0.003423 -0.003423 0.003571
v 0.002689 -0.004025 0.003571
v 0.001852 -0.004472 0.003571
v 0.000944 -0.004748 0.003571
v 0.000000 -0.004840 0.003571
v -0.000944 -0.004748 0.003571
v -0.001852 -0.004472 0.003571
v -0.002689 -0.004025 0.003571
v -0.003423 -0.003423 0.003571
v -0.004025 -0.002689 0.003571
v -0.004472 -0.001852 0.003571
v -0.004748 -0.000944 0.003571
v -0.004840 -0.000000 0.003571
v -0.004748 0.000944 0.003571
v -0.004472 0.001852 0.003571
v -0.004025 0.002689 0.003571
v -0.003423 0.003423 0.003571
v -0.002689 0.004025 0.003571
v -0.001852 0.004472 0.003571
v -0.000944 0.004748 0.003571
v -0.000000 0.000000 0.004036
v 0.003748 0.018839 0.000610
v 0.007351 0.017746 0.000610
v 0.010672 0.015971 0.000610
v 0.013582 0.013582 0.000610
v 0.015971 0.010672 0.000610
v 0.017746 0.007351 0.000610
v 0.018839 0.003748 0.000610
v 0.019208 0.000000 0.000610
v 0.018839 -0.003748 0.000610
v 0.017746 -0.007351 0.000610
v 0.015971 -0.010672 0.000610
v 0.013582 -0.013582 0.000610
v 0.010672 -0.015971 0.000610
v 0.007351 -0.017746 0.000610
v 0.003748 -0.018839 0.000610
v 0.000000 -0.019208 0.000610
v -0.003748 -0.018839 0.000610
v -0.007351 -0.017746 0.000610
v -0.010672 -0.015971 0.000610
v -0.013582 -0.013582 0.000610
v -0.015971 -0.010672 0.000610
v -0.017746 -0.007351 0.000610
v -0.018839 -0.003747 0.000610
v -0.019208 -0.000000 0.000610
v -0.018839 0.003748 0.000610
v -0.017746 0.007351 0.000610
v -0.015971 0.010672 0.000610
v -0.013582 0.013582 0.000610
v -0.010672 0.015971 0.000610
v -0.007351 0.017746 0.000610
v -0.003747 0.018839 0.000610
v -0.000000 0.019208 0.000610
v 0.003993 0.020074 0.001803
v 0.007833 0.018909 0.001803
v 0.011371 0.017017 0.001803
v 0.014472 0.014472 0.001803
v 0.017017 0.011371 0.001803
v 0.018909 0.007833 0.001803
v 0.020074 0.003993 0.001803
v 0.020467 0.000000 0.001803
v 0.020074 -0.003993 0.001803
v 0.018909 -0.007833 0.001803
v 0.017017 -0.011371 0.001803
v 0.014472 -0.014472 0.001803
v 0.011371 -0.017017 0.001803
v 0.007833 -0.018909 0.001803
v 0.003993 -0.020074 0.001803
v 0.000000 -0.020467 0.001803
v -0.003993 -0.020074 0.001803
v -0.007833 -0.018909 0.001803
v -0.011371 -0.017017 0.001803
v -0.014472 -0.014472 0.001803
v -0.017017 -0.011371 0.001803
v -0.018909 -0.007833 0.001803
v -0.020074 -0.003993 0.001803
v -0.020467 -0.000000 0.001803
v -0.020074 0.003993 0.001803
v -0.018909 0.007833 0.001803
v -0.017017 0.011371 0.001803
v -0.014472 0.014472 0.001803
v -0.011371 0.017017 0.001803
v -0.007833 0.018909 0.001803
v -0.003993 0.020074 0.001803
v -0.000000 0.020467 0.001803
v 0.004164 0.020935 0.004461
v 0.008168 0.019721 0.004461
v 0.011859 0.017748 0.004461
v 0.015093 0.015093 0.004461
v 0.017748 0.011859 0.004461
v 0.019721 0.008168 0.004461
v 0.020935 0.004164 0.004461
v 0.021346 0.000000 0.004461
v 0.020935 -0.004164 0.004461
v 0.019721 -0.008168 0.004461
v 0.017748 -0.011859 0.004461
v 0.015093 -0.015093 0.004461
v 0.011859 -0.017748 0.004461
v 0.008168 -0.019721 0.004461
v 0.004164 -0.020935 0.004461
v 0.000000 -0.021345 0.004461
v -0.004164 -0.020935 0.004461
v -0.008168 -0.019721 0.004461
v -0.011859 -0.017748 0.004461
v -0.015093 -0.015093 0.004461
v -0.017748 -0.011859 0.004461
v -0.019721 -0.008168 0.004461
v -0.020935 -0.004164 0.004461
v -0.021346 -0.000000 0.004461
v -0.020935 0.004164 0.004461
v -0.019721 0.008169 0.004461
v -0.017748 0.011859 0.004461
v -0.015093 0.015093 0.004461
v -0.011859 0.017748 0.004461
v -0.008168 0.019721 0.004461
v -0.004164 0.020935 0.004461
v -0.000000 0.021346 0.004461
v -0.000000 0.021736 0.056202
v 0.004240 0.021318 0.056202
v 0.008318 0.020081 0.056202
v 0.012076 0.018072 0.056202
v 0.015369 0.015369 0.056202
v 0.018072 0.012076 0.056202
v 0.020081 0.008318 0.056202
v 0.021318 0.004240 0.056202
v 0.021736 0.000000 0.056202
v 0.021318 -0.004240 0.056202
v 0.020081 -0.008318 0.056202
v 0.018072 -0.012076 0.056202
v 0.015369 -0.015369 0.056202
v 0.012076 -0.018072 0.056202
v 0.008318 -0.020081 0.056202
v 0.004240 -0.021318 0.056202
v -0.000000 -0.021736 0.056202
v -0.004240 -0.021318 0.056202
v -0.008318 -0.020081 0.056202
v -0.012076 -0.018072 0.056202
v -0.015369 -0.015369 0.056202
v -0.018072 -0.012076 0.056202
v -0.020081 -0.008318 0.056202
v -0.021318 -0.004240 0.056202
v -0.021736 -0.000000 0.056202
v -0.021318 0.004240 0.056202
v -0.020081 0.008318 0.056202
v -0.018072 0.012076 0.056202
v -0.015369 0.015369 0.056202
v -0.012076 0.018072 0.056202
v -0.008318 0.020081 0.056202
v -0.004240 0.021318 0.056202
v -0.000000 0.021467 0.061005
v 0.004188 0.021054 0.061005
v 0.008215 0.019833 0.061005
v 0.011926 0.017849 0.061005
v 0.015179 0.015179 0.061005
v 0.017849 0.011926 0.061005
v 0.019833 0.008215 0.061005
v 0.021054 0.004188 0.061005
v 0.021467 0.000000 0.061005
v 0.021054 -0.004188 0.061005
v 0.019833 -0.008215 0.061005
v 0.017849 -0.011926 0.061005
v 0.015179 -0.015179 0.061005
v 0.011926 -0.017849 0.061005
v 0.008215 -0.019833 0.061005
v 0.004188 -0.021054 0.061005
v -0.000000 -0.021467 0.061005
v -0.004188 -0.021054 0.061005
v -0.008215 -0.019833 0.061005
v -0.011926 -0.017849 0.061005
v -0.015179 -0.015179 0.061005
v -0.017849 -0.011926 0.061005
v -0.019833 -0.008215 0.061005
v -0.021054 -0.004188 0.061005
v -0.021467 -0.000000 0.061005
v -0.021054 0.004188 0.061005
v -0.019833 0.008215 0.061005
v -0.017849 0.011926 0.061005
v -0.015179 0.015179 0.061005
v -0.011926 0.017849 0.061005
v -0.008215 0.019833 0.061005
v -0.004188 0.021054 0.061005
v -0.000000 0.020499 0.067183
v 0.003999 0.020105 0.067183
v 0.007845 0.018939 0.067183
v 0.011389 0.017044 0.067183
v 0.014495 0.014495 0.067183
v 0.017044 0.011389 0.067183
v 0.018939 0.007845 0.067183
v 0.020105 0.003999 0.067183
v 0.020499 0.000000 0.067183
v 0.020105 -0.003999 0.067183
v 0.018939 -0.007845 0.067183
v 0.017044 -0.011389 0.067183
v 0.014495 -0.014495 0.067183
v 0.011389 -0.017044 0.067183
v 0.007845 -0.018939 0.067183
v 0.003999 -0.020105 0.067183
v -0.000000 -0.020499 0.067183
v -0.003999 -0.020105 0.067183
v -0.007845 -0.018939 0.067183
v -0.011389 -0.017044 0.067183
v -0.014495 -0.014495 0.067183
v -0.017044 -0.011389 0.067183
v -0.018939 -0.007845 0.067183
v -0.020105 -0.003999 0.067183
v -0.020499 -0.000000 0.067183
v -0.020105 0.003999 0.067183
v -0.018939 0.007845 0.067183
v -0.017044 0.011389 0.067183
v -0.014495 0.014495 0.067183
v -0.011389 0.017044 0.067183
v -0.007845 0.018939 0.067183
v -0.003999 0.020105 0.067183
v -0.000000 0.018402 0.076633
v 0.003590 0.018049 0.076633
v 0.007042 0.017001 0.076633
v 0.010224 0.015301 0.076633
v 0.013012 0.013012 0.076633
v 0.015301 0.010224 0.076633
v 0.017001 0.007042 0.076633
v 0.018049 0.003590 0.076633
v 0.018402 0.000000 0.076633
v 0.018049 -0.003590 0.076633
v 0.017001 -0.007042 0.076633
v 0.015301 -0.010224 0.076633
v 0.013012 -0.013012 0.076633
v 0.010224 -0.015301 0.076633
v 0.007042 -0.017001 0.076633
v 0.003590 -0.018049 0.076633
v -0.000000 -0.018402 0.076633
v -0.003590 -0.018049 0.076633
v -0.007042 -0.017001 0.076633
v -0.010224 -0.015301 0.076633
v -0.013012 -0.013012 0.076633
v -0.015301 -0.010224 0.076633
v -0.017001 -0.007042 0.076633
v -0.018049 -0.003590 0.076633
v -0.018402 0.000000 0.076633
v -0.018049 0.003590 0.076633
v -0.017001 0.007042 0.076633
v -0.015301 0.010224 0.076633
v -0.013012 0.013012 0.076633
v -0.010224 0.015301 0.076633
v -0.007042 0.017001 0.076633
v -0.003590 0.018049 0.076633
v -0.000000 0.016452 0.082997
v 0.003210 0.016136 0.082997
v 0.006296 0.015200 0.082997
v 0.009141 0.013680 0.082997
v 0.011634 0.011634 0.082997
v 0.013680 0.009141 0.082997
v 0.015200 0.006296 0.082997
v 0.016136 0.003210 0.082997
v 0.016452 0.000000 0.082997
v 0.016136 -0.003210 0.082997
v 0.015200 -0.006296 0.082997
v 0.013680 -0.009141 0.082997
v 0.011634 -0.011634 0.082997
v 0.009141 -0.013680 0.082997
v 0.006296 -0.015200 0.082997
v 0.003210 -0.016136 0.082997
v -0.000000 -0.016452 0.082997
v -0.003210 -0.016136 0.082997
v -0.006296 -0.015200 0.082997
v -0.009141 -0.013680 0.082997
v -0.011634 -0.011634 0.082997
v -0.013680 -0.009141 0.082997
v -0.015200 -0.006296 0.082997
v -0.016136 -0.003210 0.082997
v -0.016452 0.000000 0.082997
v -0.016136 0.003210 0.082997
v -0.015200 0.006296 0.082997
v -0.013680 0.009141 0.082997
v -0.011634 0.011634 0.082997
v -0.009141 0.013680 0.082997
v -0.006296 0.015200 0.082997
v -0.003210 0.016136 0.082997
v -0.000000 0.014473 0.087697
v 0.002823 0.014195 0.087697
v 0.005538 0.013371 0.087697
v 0.008041 0.012034 0.087697
v 0.010234 0.010234 0.087697
v 0.012034 0.008041 0.087697
v 0.013371 0.005538 0.087697
v 0.014195 0.002823 0.087697
v 0.014473 0.000000 0.087697
v 0.014195 -0.002823 0.087697
v 0.013371 -0.005538 0.087697
v 0.012034 -0.008041 0.087697
v 0.010234 -0.010234 0.087697
v 0.008041 -0.012034 0.087697
v 0.005538 -0.013371 0.087697
v 0.002823 -0.014195 0.087697
v -0.000000 -0.014473 0.087697
v -0.002823 -0.014195 0.087697
v -0.005538 -0.013371 0.087697
v -0.008041 -0.012034 0.087697
v -0.010234 -0.010234 0.087697
v -0.012034 -0.008041 0.087697
v -0.013371 -0.005538 0.087697
v -0.014195 -0.002823 0.087697
v -0.014473 0.000000 0.087697
v -0.014195 0.002823 0.087697
v -0.013371 0.005538 0.087697
v -0.012034 0.008041 0.087697
v -0.010234 0.010234 0.087697
v -0.008041 0.012034 0.087697
v -0.005538 0.013371 0.087697
v -0.002823 0.014195 0.087697
v -0.000000 0.012316 0.093388
v 0.002403 0.012080 0.093388
v 0.004713 0.011379 0.093388
v 0.006843 0.010241 0.093388
v 0.008709 0.008709 0.093388
v 0.010241 0.006843 0.093388
v 0.011379 0.004713 0.093388
v 0.012080 0.002403 0.093388
v 0.012316 0.000000 0.093388
v 0.012080 -0.002403 0.093388
v 0.011379 -0.004713 0.093388
v 0.010241 -0.006843 0.093388
v 0.008709 -0.008709 0.093388
v 0.006843 -0.010241 0.093388
v 0.004713 -0.011379 0.093388
v 0.002403 -0.012080 0.093388
v -0.000000 -0.012316 0.093388
v -0.002403 -0.012080 0.093388
v -0.004713 -0.011379 0.093388
v -0.006843 -0.010241 0.093388
v -0.008709 -0.008709 0.093388
v -0.010241 -0.006843 0.093388
v -0.011379 -0.004713 0.093388
v -0.012080 -0.002403 0.093388
v -0.012316 0.000000 0.093388
v -0.012080 0.002403 0.093388
v -0.011379 0.004713 0.093388
v -0.010241 0.006843 0.093388
v -0.008709 0.008709 0.093388
v -0.006843 0.010241 0.093388
v -0.004713 0.011379 0.093388
v -0.002403 0.012080 0.093388
v -0.000000 0.010177 0.100564
v 0.001985 0.009981 0.100564
v 0.003895 0.009402 0.100564
v 0.005654 0.008462 0.100564
v 0.007196 0.007196 0.100564
v 0.008462 0.005654 0.100564
v 0.009402 0.003895 0.100564
v 0.009981 0.001985 0.100564
v 0.010177 0.000000 0.100564
v 0.009981 -0.001985 0.100564
v 0.009402 -0.003895 0.100564
v 0.008462 -0.005654 0.100564
v 0.007196 -0.007196 0.100564
v 0.005654 -0.008462 0.100564
v 0.003895 -0.009402 0.100564
v 0.001985 -0.009981 0.100564
v -0.000000 -0.010177 0.100564
v -0.001985 -0.009981 0.100564
v -0.003895 -0.009402 0.100564
v -0.005654 -0.008462 0.100564
v -0.007196 -0.007196 0.100564
v -0.008462 -0.005654 0.100564
v -0.009402 -0.003895 0.100564
v -0.009981 -0.001985 0.100564
v -0.010177 0.000000 0.100564
v -0.009981 0.001985 0.100564
v -0.009402 0.003895 0.100564
v -0.008462 0.005654 0.100564
v -0.007196 0.007196 0.100564
v -0.005654 0.008462 0.100564
v -0.003895 0.009402 0.100564
v -0.001985 0.009981 0.100564
v -0.000000 0.009135 0.105941
v 0.001782 0.008960 0.105941
v 0.003496 0.008440 0.105941
v 0.005075 0.007596 0.105941
v 0.006459 0.006459 0.105941
v 0.007596 0.005075 0.105941
v 0.008440 0.003496 0.105941
v 0.008960 0.001782 0.105941
v 0.009135 0.000000 0.105941
v 0.008960 -0.001782 0.105941
v 0.008440 -0.003496 0.105941
v 0.007596 -0.005075 0.105941
v 0.006459 -0.006459 0.105941
v 0.005075 -0.007596 0.105941
v 0.003496 -0.008440 0.105941
v 0.001782 -0.008960 0.105941
v -0.000000 -0.009135 0.105941
v -0.001782 -0.008960 0.105941
v -0.003496 -0.008440 0.105941
v -0.005075 -0.007596 0.105941
v -0.006459 -0.006459 0.105941
v -0.007596 -0.005075 0.105941
v -0.008440 -0.003496 0.105941
v -0.008960 -0.001782 0.105941
v -0.009135 0.000000 0.105941
v -0.008960 0.001782 0.105941
v -0.008440 0.003496 0.105941
v -0.007596 0.005075 0.105941
v -0.006459 0.006459 0.105941
v -0.005075 0.007596 0.105941
v -0.003496 0.008440 0.105941
v -0.001782 0.008960 0.105941
v -0.000000 0.008179 0.113439
v 0.001596 0.008022 0.113439
v 0.003130 0.007556 0.113439
v 0.004544 0.006800 0.113439
v 0.005783 0.005783 0.113439
v 0.006800 0.004544 0.113439
v 0.007556 0.003130 0.113439
v 0.008022 0.001596 0.113439
v 0.008179 0.000000 0.113439
v 0.008022 -0.001596 0.113439
v 0.007556 -0.003130 0.113439
v 0.006800 -0.004544 0.113439
v 0.005783 -0.005783 0.113439
v 0.004544 -0.006800 0.113439
v 0.003130 -0.007556 0.113439
v 0.001596 -0.008022 0.113439
v -0.000000 -0.008179 0.113439
v -0.001596 -0.008022 0.113439
v -0.003130 -0.007556 0.113439
v -0.004544 -0.006800 0.113439
v -0.005783 -0.005783 0.113439
v -0.006800 -0.004544 0.113439
v -0.007556 -0.003130 0.113439
v -0.008022 -0.001596 0.113439
v -0.008179 0.000000 0.113439
v -0.008022 0.001596 0.113439
v -0.007556 0.003130 0.113439
v -0.006800 0.004544 0.113439
v -0.005783 0.005783 0.113439
v -0.004544 0.006800 0.113439
v -0.003130 0.007556 0.113439
v -0.001596 0.008022 0.113439
v -0.000000 0.007621 0.122979
v 0.001487 0.007475 0.122979
v 0.002917 0.007042 0.122979
v 0.004234 0.006337 0.122979
v 0.005389 0.005389 0.122979
v 0.006337 0.004234 0.122979
v 0.007042 0.002917 0.122979
v 0.007475 0.001487 0.122979
v 0.007621 0.000000 0.122979
v 0.007475 -0.001487 0.122979
v 0.007042 -0.002917 0.122979
v 0.006337 -0.004234 0.122979
v 0.005389 -0.005389 0.122979
v 0.004234 -0.006337 0.122979
v 0.002917 -0.007042 0.122979
v 0.001487 -0.007475 0.122979
v -0.000000 -0.007621 0.122979
v -0.001487 -0.007475 0.122979
v -0.002917 -0.007042 0.122979
v -0.004234 -0.006337 0.122979
v -0.005389 -0.005389 0.122979
v -0.006337 -0.004234 0.122979
v -0.007042 -0.002917 0.122979
v -0.007475 -0.001487 0.122979
v -0.007621 0.000000 0.122979
v -0.007475 0.001487 0.122979
v -0.007042 0.002917 0.122979
v -0.006337 0.004234 0.122979
v -0.005389 0.005389 0.122979
v -0.004234 0.006337 0.122979
v -0.002917 0.007042 0.122979
v -0.001487 0.007475 0.122979
v -0.000000 0.007502 0.141318
v 0.001463 0.007358 0.141318
v 0.002871 0.006931 0.141318
v 0.004168 0.006238 0.141318
v 0.005305 0.005305 0.141318
v 0.006238 0.004168 0.141318
v 0.006931 0.002871 0.141318
v 0.007358 0.001463 0.141318
v 0.007502 0.000000 0.141318
v 0.007358 -0.001463 0.141318
v 0.006931 -0.002871 0.141318
v 0.006238 -0.004168 0.141318
v 0.005305 -0.005305 0.141318
v 0.004168 -0.006238 0.141318
v 0.002871 -0.006931 0.141318
v 0.001463 -0.007358 0.141318
v -0.000000 -0.007502 0.141318
v -0.001463 -0.007358 0.141318
v -0.002871 -0.006931 0.141318
v -0.004168 -0.006238 0.141318
v -0.005305 -0.005305 0.141318
v -0.006238 -0.004168 0.141318
v -0.006931 -0.002871 0.141318
v -0.007358 -0.001463 0.141318
v -0.007502 0.000000 0.141318
v -0.007358 0.001463 0.141318
v -0.006931 0.002871 0.141318
v -0.006238 0.004168 0.141318
v -0.005305 0.005305 0.141318
v -0.004168 0.006238 0.141318
v -0.002871 0.006931 0.141318
v -0.001463 0.007358 0.141318
v -0.000000 0.007961 0.147591
v 0.001553 0.007808 0.147591
v 0.003047 0.007355 0.147591
v 0.004423 0.006619 0.147591
v 0.005629 0.005629 0.147591
v 0.006619 0.004423 0.147591
v 0.007355 0.003047 0.147591
v 0.007808 0.001553 0.147591
v 0.007961 0.000000 0.147591
v 0.007808 -0.001553 0.147591
v 0.007355 -0.003047 0.147591
v 0.006619 -0.004423 0.147591
v 0.005629 -0.005629 0.147591
v 0.004423 -0.006619 0.147591
v 0.003047 -0.007355 0.147591
v 0.001553 -0.007808 0.147591
v -0.000000 -0.007961 0.147591
v -0.001553 -0.007808 0.147591
v -0.003047 -0.007355 0.147591
v -0.004423 -0.006619 0.147591
v -0.005629 -0.005629 0.147591
v -0.006619 -0.004423 0.147591
v -0.007355 -0.003047 0.147591
v -0.007808 -0.001553 0.147591
v -0.007961 0.000000 0.147591
v -0.007808 0.001553 0.147591
v -0.007355 0.003047 0.147591
v -0.006619 0.004423 0.147591
v -0.005629 0.005629 0.147591
v -0.004423 0.006619 0.147591
v -0.003047 0.007355 0.147591
v -0.001553 0.007808 0.147591
v -0.000000 0.007436 0.147935
v 0.001450 0.007293 0.147935
v 0.002845 0.006870 0.147935
v 0.004131 0.006182 0.147935
v 0.005258 0.005258 0.147935
v 0.006182 0.004131 0.147935
v 0.006870 0.002845 0.147935
v 0.007293 0.001450 0.147935
v 0.007436 0.000000 0.147935
v 0.007293 -0.001450 0.147935
v 0.006870 -0.002845 0.147935
v 0.006182 -0.004131 0.147935
v 0.005258 -0.005258 0.147935
v 0.004131 -0.006182 0.147935
v 0.002845 -0.006870 0.147935
v 0.001450 -0.007293 0.147935
v -0.000000 -0.007436 0.147935
v -0.001450 -0.007293 0.147935
v -0.002845 -0.006870 0.147935
v -0.004131 -0.006182 0.147935
v -0.005258 -0.005258 0.147935
v -0.006182 -0.004131 0.147935
v -0.006870 -0.002845 0.147935
v -0.007293 -0.001450 0.147935
v -0.007436 0.000000 0.147935
v -0.007293 0.001450 0.147935
v -0.006870 0.002845 0.147935
v -0.006182 0.004131 0.147935
v -0.005258 0.005258 0.147935
v -0.004131 0.006182 0.147935
v -0.002845 0.006870 0.147935
v -0.001450 0.007293 0.147935
v -0.000000 0.007436 0.151396
v 0.001450 0.007293 0.151396
v 0.002845 0.006870 0.151396
v 0.004131 0.006182 0.151396
v 0.005258 0.005258 0.151396
v 0.006182 0.004131 0.151396
v 0.006870 0.002845 0.151396
v 0.007293 0.001450 0.151396
v 0.007436 0.000000 0.151396
v 0.007293 -0.001450 0.151396
v 0.006870 -0.002845 0.151396
v 0.006182 -0.004131 0.151396
v 0.005258 -0.005258 0.151396
v 0.004131 -0.006182 0.151396
v 0.002845 -0.006870 0.151396
v 0.001450 -0.007293 0.151396
v -0.000000 -0.007436 0.151396
v -0.001450 -0.007293 0.151396
v -0.002845 -0.006870 0.151396
v -0.004131 -0.006182 0.151396
v -0.005258 -0.005258 0.151396
v -0.006182 -0.004131 0.151396
v -0.006870 -0.002845 0.151396
v -0.007293 -0.001450 0.151396
v -0.007436 0.000000 0.151396
v -0.007293 0.001450 0.151396
v -0.006870 0.002845 0.151396
v -0.006182 0.004131 0.151396
v -0.005258 0.005258 0.151396
v -0.004131 0.006182 0.151396
v -0.002845 0.006870 0.151396
v -0.001450 0.007293 0.151396
v -0.000000 0.018058 0.003014
v 0.003523 0.017711 0.003014
v 0.006910 0.016684 0.003014
v 0.010033 0.015015 0.003014
v 0.012769 0.012769 0.003014
v 0.015015 0.010033 0.003014
v 0.016684 0.006910 0.003014
v 0.017711 0.003523 0.003014
v 0.018058 0.000000 0.003014
v 0.017711 -0.003523 0.003014
v 0.016684 -0.006910 0.003014
v 0.015015 -0.010033 0.003014
v 0.012769 -0.012769 0.003014
v 0.010033 -0.015015 0.003014
v 0.006910 -0.016684 0.003014
v 0.003523 -0.017711 0.003014
v 0.000000 -0.018058 0.003014
v -0.003523 -0.017711 0.003014
v -0.006910 -0.016684 0.003014
v -0.010033 -0.015015 0.003014
v -0.012769 -0.012769 0.003014
v -0.015015 -0.010033 0.003014
v -0.016684 -0.006910 0.003014
v -0.017711 -0.003523 0.003014
v -0.018058 -0.000000 0.003014
v -0.017711 0.003523 0.003014
v -0.016684 0.006911 0.003014
v -0.015015 0.010033 0.003014
v -0.012769 0.012769 0.003014
v -0.010033 0.015015 0.003014
v -0.006910 0.016684 0.003014
v -0.003523 0.017711 0.003014
v -0.000000 0.020790 0.007785
v 0.004056 0.020391 0.007785
v 0.007956 0.019208 0.007785
v 0.011551 0.017287 0.007785
v 0.014701 0.014701 0.007785
v 0.017287 0.011551 0.007785
v 0.019208 0.007956 0.007785
v 0.020391 0.004056 0.007785
v 0.020790 0.000000 0.007785
v 0.020391 -0.004056 0.007785
v 0.019208 -0.007956 0.007785
v 0.017287 -0.011551 0.007785
v 0.014701 -0.014701 0.007785
v 0.011551 -0.017287 0.007785
v 0.007956 -0.019208 0.007785
v 0.004056 -0.020391 0.007785
v 0.000000 -0.020790 0.007785
v -0.004056 -0.020391 0.007785
v -0.007956 -0.019208 0.007785
v -0.011551 -0.017287 0.007785
v -0.014701 -0.014701 0.007785
v -0.017287 -0.011550 0.007785
v -0.019208 -0.007956 0.007785
v -0.020391 -0.004056 0.007785
v -0.020790 -0.000000 0.007785
v -0.020391 0.004056 0.007785
v -0.019208 0.007956 0.007785
v -0.017287 0.011551 0.007785
v -0.014701 0.014701 0.007785
v -0.011550 0.017287 0.007785
v -0.007956 0.019208 0.007785
v -0.004056 0.020391 0.007785
v -0.000000 0.016317 0.003027
v 0.003184 0.016003 0.003027
v 0.006244 0.015075 0.003027
v 0.009065 0.013567 0.003027
v 0.011538 0.011538 0.003027
v 0.013567 0.009065 0.003027
v 0.015075 0.006244 0.003027
v 0.016003 0.003184 0.003027
v 0.016317 0.000000 0.003027
v 0.016003 -0.003184 0.003027
v 0.015075 -0.006244 0.003027
v 0.013567 -0.009065 0.003027
v 0.011538 -0.011538 0.003027
v 0.009065 -0.013567 0.003027
v 0.006244 -0.015075 0.003027
v 0.003184 -0.016003 0.003027
v 0.000000 -0.016317 0.003027
v -0.003184 -0.016003 0.003027
v -0.006244 -0.015075 0.003027
v -0.009065 -0.013567 0.003027
v -0.011538 -0.011538 0.003027
v -0.013567 -0.009065 0.003027
v -0.015075 -0.006244 0.003027
v -0.016003 -0.003184 0.003027
v -0.016317 -0.000000 0.003027
v -0.016003 0.003184 0.003027
v -0.015075 0.006244 0.003027
v -0.013567 0.009065 0.003027
v -0.011538 0.011538 0.003027
v -0.009065 0.013567 0.003027
v -0.006244 0.015075 0.003027
v -0.003184 0.016003 0.003027
v -0.000000 0.014641 0.003474
v 0.002856 0.014360 0.003474
v 0.005603 0.013526 0.003474
v 0.008134 0.012174 0.003474
v 0.010353 0.010353 0.003474
v 0.012174 0.008134 0.003474
v 0.013526 0.005603 0.003474
v 0.014360 0.002856 0.003474
v 0.014641 0.000000 0.003474
v 0.014360 -0.002856 0.003474
v 0.013526 -0.005603 0.003474
v 0.012174 -0.008134 0.003474
v 0.010353 -0.010353 0.003474
v 0.008134 -0.012174 0.003474
v 0.005603 -0.013526 0.003474
v 0.002856 -0.014360 0.003474
v 0.000000 -0.014641 0.003474
v -0.002856 -0.014360 0.003474
v -0.005603 -0.013526 0.003474
v -0.008134 -0.012174 0.003474
v -0.010353 -0.010353 0.003474
v -0.012174 -0.008134 0.003474
v -0.013526 -0.005603 0.003474
v -0.014360 -0.002856 0.003474
v -0.014641 -0.000000 0.003474
v -0.014360 0.002856 0.003474
v -0.013526 0.005603 0.003474
v -0.012174 0.008134 0.003474
v -0.010353 0.010353 0.003474
v -0.008134 0.012174 0.003474
v -0.005603 0.013526 0.003474
v -0.002856 0.014360 0.003474
v -0.000000 0.010169 0.005572
v 0.001984 0.009973 0.005572
v 0.003892 0.009395 0.005572
v 0.005649 0.008455 0.005572
v 0.007190 0.007190 0.005572
v 0.008455 0.005649 0.005572
v 0.009395 0.003892 0.005572
v 0.009973 0.001984 0.005572
v 0.010169 0.000000 0.005572
v 0.009973 -0.001984 0.005572
v 0.009395 -0.003892 0.005572
v 0.008455 -0.005649 0.005572
v 0.007190 -0.007190 0.005572
v 0.005649 -0.008455 0.005572
v 0.003892 -0.009395 0.005572
v 0.001984 -0.009973 0.005572
v 0.000000 -0.010169 0.005572
v -0.001984 -0.009973 0.005572
v -0.003892 -0.009395 0.005572
v -0.005649 -0.008455 0.005572
v -0.007190 -0.007190 0.005572
v -0.008455 -0.005649 0.005572
v -0.009395 -0.003892 0.005572
v -0.009973 -0.001984 0.005572
v -0.010169 -0.000000 0.005572
v -0.009973 0.001984 0.005572
v -0.009395 0.003892 0.005572
v -0.008455 0.005649 0.005572
v -0.007190 0.007190 0.005572
v -0.005649 0.008455 0.005572
v -0.003892 0.009395 0.005572
v -0.001984 0.009973 0.005572
v -0.000000 0.004890 0.006597
v 0.000954 0.004796 0.006597
v 0.001872 0.004518 0.006597
v 0.002717 0.004066 0.006597
v 0.003458 0.003458 0.006597
v 0.004066 0.002717 0.006597
v 0.004518 0.001872 0.006597
v 0.004796 0.000954 0.006597
v 0.004890 0.000000 0.006597
v 0.004796 -0.000954 0.006597
v 0.004518 -0.001872 0.006597
v 0.004066 -0.002717 0.006597
v 0.003458 -0.003458 0.006597
v 0.002717 -0.004066 0.006597
v 0.001872 -0.004518 0.006597
v 0.000954 -0.004796 0.006597
v -0.000000 -0.004890 0.006597
v -0.000954 -0.004796 0.006597
v -0.001872 -0.004518 0.006597
v -0.002717 -0.004066 0.006597
v -0.003458 -0.003458 0.006597
v -0.004066 -0.002717 0.006597
v -0.004518 -0.001872 0.006597
v -0.004796 -0.000954 0.006597
v -0.004890 -0.000000 0.006597
v -0.004796 0.000954 0.006597
v -0.004518 0.001872 0.006597
v -0.004066 0.002717 0.006597
v -0.003458 0.003458 0.006597
v -0.002717 0.004066 0.006597
v -0.001872 0.004518 0.006597
v -0.000954 0.004796 0.006597
v -0.000000 0.000000 0.007066
v 0.003698 0.018592 0.003544
v 0.007254 0.017513 0.003544
v 0.010531 0.015762 0.003544
v 0.013404 0.013404 0.003544
v 0.015762 0.010531 0.003544
v 0.017513 0.007254 0.003544
v 0.018592 0.003698 0.003544
v 0.018956 0.000000 0.003544
v 0.018592 -0.003698 0.003544
v 0.017513 -0.007254 0.003544
v 0.015762 -0.010531 0.003544
v 0.013404 -0.013404 0.003544
v 0.010531 -0.015762 0.003544
v 0.007254 -0.017513 0.003544
v 0.003698 -0.018592 0.003544
v 0.000000 -0.018956 0.003544
v -0.003698 -0.018592 0.003544
v -0.007254 -0.017513 0.003544
v -0.010531 -0.015762 0.003544
v -0.013404 -0.013404 0.003544
v -0.015762 -0.010531 0.003544
v -0.017513 -0.007254 0.003544
v -0.018592 -0.003698 0.003544
v -0.018956 -0.000000 0.003544
v -0.018592 0.003698 0.003544
v -0.017513 0.007254 0.003544
v -0.015762 0.010532 0.003544
v -0.013404 0.013404 0.003544
v -0.010531 0.015762 0.003544
v -0.007254 0.017513 0.003544
v -0.003698 0.018592 0.003544
v -0.000000 0.018956 0.003544
v 0.003888 0.019547 0.004369
v 0.007627 0.018413 0.004369
v 0.011073 0.016571 0.004369
v 0.014093 0.014093 0.004369
v 0.016571 0.011073 0.004369
v 0.018413 0.007627 0.004369
v 0.019547 0.003888 0.004369
v 0.019930 0.000000 0.004369
v 0.019547 -0.003888 0.004369
v 0.018413 -0.007627 0.004369
v 0.016571 -0.011073 0.004369
v 0.014093 -0.014093 0.004369
v 0.011073 -0.016571 0.004369
v 0.007627 -0.018413 0.004369
v 0.003888 -0.019547 0.004369
v 0.000000 -0.019930 0.004369
v -0.003888 -0.019547 0.004369
v -0.007627 -0.018413 0.004369
v -0.011073 -0.016571 0.004369
v -0.014093 -0.014093 0.004369
v -0.016571 -0.011073 0.004369
v -0.018413 -0.007627 0.004369
v -0.019547 -0.003888 0.004369
v -0.019930 -0.000000 0.004369
v -0.019547 0.003888 0.004369
v -0.018413 0.007627 0.004369
v -0.016571 0.011073 0.004369
v -0.014093 0.014093 0.004369
v -0.011073 0.016571 0.004369
v -0.007627 0.018413 0.004369
v -0.003888 0.019547 0.004369
v -0.000000 0.019930 0.004369
v 0.004003 0.020124 0.006198
v 0.007852 0.018956 0.006198
v 0.011399 0.017060 0.006198
v 0.014509 0.014509 0.006198
v 0.017060 0.011399 0.006198
v 0.018956 0.007852 0.006198
v 0.020124 0.004003 0.006198
v 0.020518 0.000000 0.006198
v 0.020124 -0.004003 0.006198
v 0.018956 -0.007852 0.006198
v 0.017060 -0.011399 0.006198
v 0.014509 -0.014509 0.006198
v 0.011399 -0.017060 0.006198
v 0.007852 -0.018956 0.006198
v 0.004003 -0.020124 0.006198
v 0.000000 -0.020518 0.006198
v -0.004003 -0.020124 0.006198
v -0.007852 -0.018956 0.006198
v -0.011399 -0.017060 0.006198
v -0.014509 -0.014509 0.006198
v -0.017060 -0.011399 0.006198
v -0.018956 -0.007852 0.006198
v -0.020124 -0.004003 0.006198
v -0.020518 -0.000000 0.006198
v -0.020124 0.004003 0.006198
v -0.018956 0.007852 0.006198
v -0.017060 0.011399 0.006198
v -0.014509 0.014509 0.006198
v -0.011399 0.017060 0.006198
v -0.007852 0.018956 0.006198
v -0.004003 0.020124 0.006198
v -0.000000 0.020518 0.006198
v -0.000000 0.020729 0.055948
v 0.004044 0.020331 0.055948
v 0.007933 0.019151 0.055948
v 0.011517 0.017236 0.055948
v 0.014658 0.014658 0.055948
v 0.017236 0.011517 0.055948
v 0.019151 0.007933 0.055948
v 0.020331 0.004044 0.055948
v 0.020729 0.000000 0.055948
v 0.020331 -0.004044 0.055948
v 0.019151 -0.007933 0.055948
v 0.017236 -0.011517 0.055948
v 0.014658 -0.014658 0.055948
v 0.011517 -0.017236 0.055948
v 0.007933 -0.019151 0.055948
v 0.004044 -0.020331 0.055948
v -0.000000 -0.020729 0.055948
v -0.004044 -0.020331 0.055948
v -0.007933 -0.019151 0.055948
v -0.011517 -0.017236 0.055948
v -0.014658 -0.014658 0.055948
v -0.017236 -0.011517 0.055948
v -0.019151 -0.007933 0.055948
v -0.020331 -0.004044 0.055948
v -0.020729 -0.000000 0.055948
v -0.020331 0.004044 0.055948
v -0.019151 0.007933 0.055948
v -0.017236 0.011517 0.055948
v -0.014658 0.014658 0.055948
v -0.011517 0.017236 0.055948
v -0.007933 0.019151 0.055948
v -0.004044 0.020331 0.055948
v -0.000000 0.020502 0.060108
v 0.004000 0.020108 0.060108
v 0.007846 0.018942 0.060108
v 0.011390 0.017047 0.060108
v 0.014497 0.014497 0.060108
v 0.017047 0.011390 0.060108
v 0.018942 0.007846 0.060108
v 0.020108 0.004000 0.060108
v 0.020502 0.000000 0.060108
v 0.020108 -0.004000 0.060108
v 0.018942 -0.007846 0.060108
v 0.017047 -0.011390 0.060108
v 0.014497 -0.014497 0.060108
v 0.011390 -0.017047 0.060108
v 0.007846 -0.018942 0.060108
v 0.004000 -0.020108 0.060108
v -0.000000 -0.020502 0.060108
v -0.004000 -0.020108 0.060108
v -0.007846 -0.018942 0.060108
v -0.011390 -0.017047 0.060108
v -0.014497 -0.014497 0.060108
v -0.017047 -0.011390 0.060108
v -0.018942 -0.007846 0.060108
v -0.020108 -0.004000 0.060108
v -0.020502 -0.000000 0.060108
v -0.020108 0.004000 0.060108
v -0.018942 0.007846 0.060108
v -0.017047 0.011390 0.060108
v -0.014497 0.014497 0.060108
v -0.011390 0.017047 0.060108
v -0.007846 0.018942 0.060108
v -0.004000 0.020108 0.060108
v -0.000000 0.019618 0.065701
v 0.003827 0.019241 0.065701
v 0.007507 0.018125 0.065701
v 0.010899 0.016312 0.065701
v 0.013872 0.013872 0.065701
v 0.016312 0.010899 0.065701
v 0.018125 0.007507 0.065701
v 0.019241 0.003827 0.065701
v 0.019618 0.000000 0.065701
v 0.019241 -0.003827 0.065701
v 0.018125 -0.007507 0.065701
v 0.016312 -0.010899 0.065701
v 0.013872 -0.013872 0.065701
v 0.010899 -0.016312 0.065701
v 0.007507 -0.018125 0.065701
v 0.003827 -0.019241 0.065701
v -0.000000 -0.019618 0.065701
v -0.003827 -0.019241 0.065701
v -0.007507 -0.018125 0.065701
v -0.010899 -0.016312 0.065701
v -0.013872 -0.013872 0.065701
v -0.016312 -0.010899 0.065701
v -0.018125 -0.007507 0.065701
v -0.019241 -0.003827 0.065701
v -0.019618 -0.000000 0.065701
v -0.019241 0.003827 0.065701
v -0.018125 0.007507 0.065701
v -0.016312 0.010899 0.065701
v -0.013872 0.013872 0.065701
v -0.010899 0.016312 0.065701
v -0.007507 0.018125 0.065701
v -0.003827 0.019241 0.065701
v -0.000000 0.017606 0.074770
v 0.003435 0.017267 0.074770
v 0.006738 0.016266 0.074770
v 0.009781 0.014639 0.074770
v 0.012449 0.012449 0.074770
v 0.014639 0.009781 0.074770
v 0.016266 0.006738 0.074770
v 0.017267 0.003435 0.074770
v 0.017606 0.000000 0.074770
v 0.017267 -0.003435 0.074770
v 0.016266 -0.006738 0.074770
v 0.014639 -0.009781 0.074770
v 0.012449 -0.012449 0.074770
v 0.009781 -0.014639 0.074770
v 0.006738 -0.016266 0.074770
v 0.003435 -0.017267 0.074770
v -0.000000 -0.017606 0.074770
v -0.003435 -0.017267 0.074770
v -0.006738 -0.016266 0.074770
v -0.009781 -0.014639 0.074770
v -0.012449 -0.012449 0.074770
v -0.014639 -0.009781 0.074770
v -0.016266 -0.006738 0.074770
v -0.017267 -0.003435 0.074770
v -0.017606 0.000000 0.074770
v -0.017267 0.003435 0.074770
v -0.016266 0.006738 0.074770
v -0.014639 0.009781 0.074770
v -0.012449 0.012449 0.074770
v -0.009781 0.014639 0.074770
v -0.006738 0.016266 0.074770
v -0.003435 0.017267 0.074770
v -0.000000 0.015763 0.080785
v 0.003075 0.015460 0.080785
v 0.006032 0.014563 0.080785
v 0.008757 0.013106 0.080785
v 0.011146 0.011146 0.080785
v 0.013106 0.008757 0.080785
v 0.014563 0.006032 0.080785
v 0.015460 0.003075 0.080785
v 0.015763 0.000000 0.080785
v 0.015460 -0.003075 0.080785
v 0.014563 -0.006032 0.080785
v 0.013106 -0.008757 0.080785
v 0.011146 -0.011146 0.080785
v 0.008757 -0.013106 0.080785
v 0.006032 -0.014563 0.080785
v 0.003075 -0.015460 0.080785
v -0.000000 -0.015763 0.080785
v -0.003075 -0.015460 0.080785
v -0.006032 -0.014563 0.080785
v -0.008757 -0.013106 0.080785
v -0.011146 -0.011146 0.080785
v -0.013106 -0.008757 0.080785
v -0.014563 -0.006032 0.080785
v -0.015460 -0.003075 0.080785
v -0.015763 0.000000 0.080785
v -0.015460 0.003075 0.080785
v -0.014563 0.006032 0.080785
v -0.013106 0.008757 0.080785
v -0.011146 0.011146 0.080785
v -0.008757 0.013106 0.080785
v -0.006032 0.014563 0.080785
v -0.003075 0.015460 0.080785
v -0.000000 0.013826 0.085368
v 0.002698 0.013561 0.085368
v 0.005291 0.012774 0.085368
v 0.007682 0.011496 0.085368
v 0.009777 0.009777 0.085368
v 0.011496 0.007682 0.085368
v 0.012774 0.005291 0.085368
v 0.013561 0.002698 0.085368
v 0.013826 0.000000 0.085368
v 0.013561 -0.002697 0.085368
v 0.012774 -0.005291 0.085368
v 0.011496 -0.007682 0.085368
v 0.009777 -0.009777 0.085368
v 0.007682 -0.011496 0.085368
v 0.005291 -0.012774 0.085368
v 0.002698 -0.013561 0.085368
v -0.000000 -0.013826 0.085368
v -0.002698 -0.013561 0.085368
v -0.005291 -0.012774 0.085368
v -0.007682 -0.011496 0.085368
v -0.009777 -0.009777 0.085368
v -0.011496 -0.007682 0.085368
v -0.012774 -0.005291 0.085368
v -0.013561 -0.002697 0.085368
v -0.013826 0.000000 0.085368
v -0.013561 0.002698 0.085368
v -0.012774 0.005291 0.085368
v -0.011496 0.007682 0.085368
v -0.009777 0.009777 0.085368
v -0.007682 0.011496 0.085368
v -0.005291 0.012774 0.085368
v -0.002697 0.013561 0.085368
v -0.000000 0.011607 0.091231
v 0.002264 0.011384 0.091231
v 0.004442 0.010724 0.091231
v 0.006449 0.009651 0.091230
v 0.008208 0.008208 0.091230
v 0.009651 0.006449 0.091231
v 0.010724 0.004442 0.091231
v 0.011384 0.002264 0.091231
v 0.011607 0.000000 0.091231
v 0.011384 -0.002264 0.091231
v 0.010724 -0.004442 0.091231
v 0.009651 -0.006449 0.091231
v 0.008208 -0.008208 0.091231
v 0.006449 -0.009651 0.091230
v 0.004442 -0.010724 0.091230
v 0.002264 -0.011384 0.091230
v -0.000000 -0.011607 0.091230
v -0.002264 -0.011384 0.091231
v -0.004442 -0.010724 0.091230
v -0.006449 -0.009651 0.091230
v -0.008208 -0.008208 0.091230
v -0.009651 -0.006449 0.091230
v -0.010724 -0.004442 0.091230
v -0.011384 -0.002264 0.091231
v -0.011607 0.000000 0.091231
v -0.011384 0.002264 0.091230
v -0.010724 0.004442 0.091230
v -0.009651 0.006449 0.091230
v -0.008208 0.008208 0.091231
v -0.006449 0.009651 0.091231
v -0.004442 0.010724 0.091231
v -0.002264 0.011384 0.091231
v -0.000000 0.009362 0.098774
v 0.001827 0.009182 0.098774
v 0.003582 0.008649 0.098774
v 0.005201 0.007784 0.098774
v 0.006620 0.006620 0.098774
v 0.007784 0.005201 0.098774
v 0.008649 0.003582 0.098774
v 0.009182 0.001827 0.098774
v 0.009362 0.000000 0.098774
v 0.009182 -0.001827 0.098774
v 0.008649 -0.003582 0.098774
v 0.007784 -0.005201 0.098774
v 0.006620 -0.006620 0.098774
v 0.005201 -0.007784 0.098774
v 0.003582 -0.008649 0.098774
v 0.001827 -0.009182 0.098774
v -0.000000 -0.009362 0.098774
v -0.001827 -0.009182 0.098774
v -0.003582 -0.008649 0.098774
v -0.005201 -0.007784 0.098774
v -0.006620 -0.006620 0.098774
v -0.007784 -0.005201 0.098774
v -0.008649 -0.003582 0.098774
v -0.009182 -0.001827 0.098774
v -0.009362 0.000000 0.098774
v -0.009182 0.001827 0.098774
v -0.008649 0.003582 0.098774
v -0.007784 0.005201 0.098774
v -0.006620 0.006620 0.098774
v -0.005201 0.007784 0.098774
v -0.003582 0.008649 0.098774
v -0.001827 0.009182 0.098774
v -0.000000 0.008225 0.104628
v 0.001604 0.008067 0.104628
v 0.003148 0.007599 0.104628
v 0.004569 0.006839 0.104628
v 0.005816 0.005816 0.104628
v 0.006839 0.004569 0.104628
v 0.007599 0.003148 0.104628
v 0.008067 0.001604 0.104628
v 0.008225 0.000000 0.104628
v 0.008067 -0.001604 0.104628
v 0.007599 -0.003148 0.104628
v 0.006839 -0.004569 0.104628
v 0.005816 -0.005816 0.104628
v 0.004569 -0.006839 0.104628
v 0.003148 -0.007599 0.104628
v 0.001604 -0.008067 0.104628
v -0.000000 -0.008225 0.104628
v -0.001604 -0.008067 0.104628
v -0.003148 -0.007599 0.104628
v -0.004569 -0.006839 0.104628
v -0.005816 -0.005816 0.104628
v -0.006839 -0.004569 0.104628
v -0.007599 -0.003148 0.104628
v -0.008067 -0.001604 0.104628
v -0.008225 0.000000 0.104628
v -0.008067 0.001604 0.104628
v -0.007599 0.003148 0.104628
v -0.006839 0.004569 0.104628
v -0.005816 0.005816 0.104628
v -0.004569 0.006839 0.104628
v -0.003148 0.007599 0.104628
v -0.001604 0.008067 0.104628
v -0.000000 0.007206 0.112628
v 0.001406 0.007067 0.112628
v 0.002757 0.006657 0.112628
v 0.004003 0.005991 0.112628
v 0.005095 0.005095 0.112628
v 0.005991 0.004003 0.112628
v 0.006657 0.002757 0.112628
v 0.007067 0.001406 0.112628
v 0.007206 0.000000 0.112628
v 0.007067 -0.001406 0.112628
v 0.006657 -0.002757 0.112628
v 0.005991 -0.004003 0.112628
v 0.005095 -0.005095 0.112628
v 0.004003 -0.005991 0.112628
v 0.002757 -0.006657 0.112628
v 0.001406 -0.007067 0.112628
v -0.000000 -0.007206 0.112628
v -0.001406 -0.007067 0.112628
v -0.002757 -0.006657 0.112628
v -0.004003 -0.005991 0.112628
v -0.005095 -0.005095 0.112628
v -0.005991 -0.004003 0.112628
v -0.006657 -0.002757 0.112628
v -0.007067 -0.001406 0.112628
v -0.007206 0.000000 0.112628
v -0.007067 0.001406 0.112628
v -0.006657 0.002757 0.112628
v -0.005991 0.004003 0.112628
v -0.005095 0.005095 0.112628
v -0.004003 0.005991 0.112628
v -0.002757 0.006657 0.112628
v -0.001406 0.007067 0.112628
v -0.000000 0.006617 0.122685
v 0.001291 0.006489 0.122685
v 0.002532 0.006113 0.122685
v 0.003676 0.005501 0.122685
v 0.004678 0.004678 0.122685
v 0.005501 0.003676 0.122685
v 0.006113 0.002532 0.122685
v 0.006489 0.001291 0.122685
v 0.006617 0.000000 0.122685
v 0.006489 -0.001291 0.122685
v 0.006113 -0.002532 0.122685
v 0.005501 -0.003676 0.122685
v 0.004678 -0.004678 0.122685
v 0.003676 -0.005501 0.122685
v 0.002532 -0.006113 0.122685
v 0.001291 -0.006489 0.122685
v -0.000000 -0.006617 0.122685
v -0.001291 -0.006489 0.122685
v -0.002532 -0.006113 0.122685
v -0.003676 -0.005501 0.122685
v -0.004678 -0.004678 0.122685
v -0.005501 -0.003676 0.122685
v -0.006113 -0.002532 0.122685
v -0.006489 -0.001291 0.122685
v -0.006617 0.000000 0.122685
v -0.006489 0.001291 0.122685
v -0.006113 0.002532 0.122685
v -0.005501 0.003676 0.122685
v -0.004678 0.004678 0.122685
v -0.003676 0.005501 0.122685
v -0.002532 0.006113 0.122685
v -0.001291 0.006489 0.122685
v -0.000000 0.006665 0.145973
v 0.001300 0.006537 0.145973
v 0.002551 0.006158 0.145973
v 0.003703 0.005542 0.145973
v 0.004713 0.004713 0.145973
v 0.005542 0.003703 0.145973
v 0.006158 0.002551 0.145973
v 0.006537 0.001300 0.145973
v 0.006665 0.000000 0.145973
v 0.006537 -0.001300 0.145973
v 0.006158 -0.002551 0.145973
v 0.005542 -0.003703 0.145973
v 0.004713 -0.004713 0.145973
v 0.003703 -0.005542 0.145973
v 0.002551 -0.006158 0.145973
v 0.001300 -0.006537 0.145973
v -0.000000 -0.006665 0.145973
v -0.001300 -0.006537 0.145973
v -0.002551 -0.006158 0.145973
v -0.003703 -0.005542 0.145973
v -0.004713 -0.004713 0.145973
v -0.005542 -0.003703 0.145973
v -0.006158 -0.002551 0.145973
v -0.006537 -0.001300 0.145973
v -0.006665 0.000000 0.145973
v -0.006537 0.001300 0.145973
v -0.006158 0.002551 0.145973
v -0.005542 0.003703 0.145973
v -0.004713 0.004713 0.145973
v -0.003703 0.005542 0.145973
v -0.002551 0.006158 0.145973
v -0.001300 0.006537 0.145973
v -0.000000 0.006426 0.151396
v 0.001253 0.006302 0.151396
v 0.002459 0.005936 0.151396
v 0.003570 0.005342 0.151396
v 0.004543 0.004543 0.151396
v 0.005342 0.003570 0.151396
v 0.005936 0.002459 0.151396
v 0.006302 0.001253 0.151396
v 0.006426 0.000000 0.151396
v 0.006302 -0.001253 0.151396
v 0.005936 -0.002459 0.151396
v 0.005342 -0.003570 0.151396
v 0.004543 -0.004543 0.151396
v 0.003570 -0.005342 0.151396
v 0.002459 -0.005936 0.151396
v 0.001253 -0.006302 0.151396
v -0.000000 -0.006426 0.151396
v -0.001253 -0.006302 0.151396
v -0.002459 -0.005936 0.151396
v -0.003570 -0.005342 0.151396
v -0.004543 -0.004543 0.151396
v -0.005342 -0.003570 0.151396
v -0.005936 -0.002459 0.151396
v -0.006302 -0.001253 0.151396
v -0.006426 0.000000 0.151396
v -0.006302 0.001253 0.151396
v -0.005936 0.002459 0.151396
v -0.005342 0.003570 0.151396
v -0.004543 0.004543 0.151396
v -0.003570 0.005342 0.151396
v -0.002459 0.005936 0.151396
v -0.001253 0.006302 0.151396
v -0.001450 0.007293 0.151019
v -0.002845 0.006870 0.151019
v -0.005258 -0.005258 0.151019
v -0.004131 -0.006182 0.151019
v 0.007293 -0.001450 0.151019
v 0.007436 0.000000 0.151019
v -0.004131 0.006182 0.151019
v -0.005258 0.005258 0.151019
v -0.002845 -0.006870 0.151019
v -0.001450 -0.007293 0.151019
v 0.007293 0.001450 0.151019
v 0.006870 0.002845 0.151019
v -0.006182 0.004131 0.151019
v -0.006870 0.002845 0.151019
v 0.006182 0.004131 0.151019
v 0.005258 0.005258 0.151019
v -0.000000 -0.007436 0.151019
v 0.001450 -0.007293 0.151019
v -0.007293 0.001450 0.151019
v -0.007436 0.000000 0.151019
v 0.004131 0.006182 0.151019
v 0.002845 0.006870 0.151019
v 0.002845 -0.006870 0.151019
v 0.004131 -0.006182 0.151019
v -0.007293 -0.001450 0.151019
v -0.006870 -0.002845 0.151019
v 0.001450 0.007293 0.151019
v -0.000000 0.007436 0.151019
v 0.005258 -0.005258 0.151019
v 0.006182 -0.004131 0.151019
v -0.006182 -0.004131 0.151019
v 0.006870 -0.002845 0.151019
v -0.001450 0.007293 0.150538
v -0.005258 -0.005258 0.150538
v 0.007293 -0.001450 0.150538
v -0.004131 0.006182 0.150538
v -0.002845 -0.006870 0.150538
v 0.007293 0.001450 0.150538
v -0.006182 0.004131 0.150538
v 0.006182 0.004131 0.150538
v -0.000000 -0.007436 0.150538
v -0.007293 0.001450 0.150538
v 0.004131 0.006182 0.150538
v 0.002845 -0.006870 0.150538
v -0.007293 -0.001450 0.150538
v 0.001450 0.007293 0.150538
v 0.005258 -0.005258 0.150538
v -0.006182 -0.004131 0.150538
v 0.006870 -0.002845 0.150538
v -0.002845 0.006870 0.150538
v -0.004131 -0.006182 0.150538
v 0.007436 0.000000 0.150538
v -0.005258 0.005258 0.150538
v -0.001450 -0.007293 0.150538
v 0.006870 0.002845 0.150538
v -0.006870 0.002845 0.150538
v 0.005258 0.005258 0.150538
v 0.001450 -0.007293 0.150538
v -0.007436 0.000000 0.150538
v 0.002845 0.006870 0.150538
v 0.004131 -0.006182 0.150538
v -0.006870 -0.002845 0.150538
v -0.000000 0.007436 0.150538
v 0.006182 -0.004131 0.150538
f 2 34 33
f 33 1 2
f 3 35 34
f 34 2 3
f 4 36 35
f 35 3 4
f 5 37 36
f 36 4 5
f 6 38 37
f 37 5 6
f 7 39 38
f 38 6 7
f 8 40 39
f 39 7 8
f 9 41 40
f 40 8 9
f 10 42 41
f 41 9 10
f 11 43 42
f 42 10 11
f 12 44 43
f 43 11 12
f 13 45 44
f 44 12 13
f 14 46 45
f 45 13 14
f 15 47 46
f 46 14 15
f 16 48 47
f 47 15 16
f 17 49 48
f 48 16 17
f 18 50 49
f 49 17 18
f 19 51 50
f 50 18 19
f 20 52 51
f 51 19 20
f 21 53 52
f 52 20 21
f 22 54 53
f 53 21 22
f 23 55 54
f 54 22 23
f 24 56 55
f 55 23 24
f 25 57 56
f 56 24 25
f 26 58 57
f 57 25 26
f 27 59 58
f 58 26 27
f 28 60 59
f 59 27 28
f 29 61 60
f 60 28 29
f 30 62 61
f 61 29 30
f 31 63 62
f 62 30 31
f 1 33 64
f 64 32 1
f 32 64 63
f 63 31 32
f 34 66 65
f 65 33 34
f 35 67 66
f 66 34 35
f 36 68 67
f 67 35 36
f 37 69 68
f 68 36 37
f 38 70 69
f 69 37 38
f 39 71 70
f 70 38 39
f 40 72 71
f 71 39 40
f 41 73 72
f 72 40 41
f 42 74 73
f 73 41 42
f 43 75 74
f 74 42 43
f 44 76 75
f 75 43 44
f 45 77 76
f 76 44 45
f 46 78 77
f 77 45 46
f 47 79 78
f 78 46 47
f 48 80 79
f 79 47 48
f 49 81 80
f 80 48 49
f 50 82 81
f 81 49 50
f 51 83 82
f 82 50 51
f 52 84 83
f 83 51 52
f 53 85 84
f 84 52 53
f 54 86 85
f 85 53 54
f 55 87 86
f 86 54 55
f 56 88 87
f 87 55 56
f 57 89 88
f 88 56 57
f 58 90 89
f 89 57 58
f 59 91 90
f 90 58 59
f 60 92 91
f 91 59 60
f 61 93 92
f 92 60 61
f 62 94 93
f 93 61 62
f 63 95 94
f 94 62 63
f 33 65 96
f 96 64 33
f 64 96 95
f 95 63 64
f 66 98 97
f 97 65 66
f 67 99 98
f 98 66 67
f 68 100 99
f 99 67 68
f 69 101 100
f 100 68 69
f 70 102 101
f 101 69 70
f 71 103 102
f 102 70 71
f 72 104 103
f 103 71 72
f 73 105 104
f 104 72 73
f 74 106 105
f 105 73 74
f 75 107 106
f 106 74 75
f 76 108 107
f 107 75 76
f 77 109 108
f 108 76 77
f 78 110 109
f 109 77 78
f 79 111 110
f 110 78 79
f 80 112 111
f 111 79 80
f 81 113 112
f 112 80 81
f 82 114 113
f 113 81 82
f 83 115 114
f 114 82 83
f 84 116 115
f 115 83 84
f 85 117 116
f 116 84 85
f 86 118 117
f 117 85 86
f 87 119 118
f 118 86 87
f 88 120 119
f 119 87 88
f 89 121 120
f 120 88 89
f 90 122 121
f 121 89 90
f 91 123 122
f 122 90 91
f 92 124 123
f 123 91 92
f 93 125 124
f 124 92 93
f 94 126 125
f 125 93 94
f 95 127 126
f 126 94 95
f 65 97 128
f 128 96 65
f 96 128 127
f 127 95 96
f 98 130 129
f 129 97 98
f 99 131 130
f 130 98 99
f 100 132 131
f 131 99 100
f 101 133 132
f 132 100 101
f 102 134 133
f 133 101 102
f 103 135 134
f 134 102 103
f 104 136 135
f 135 103 104
f 105 137 136
f 136 104 105
f 106 138 137
f 137 105 106
f 107 139 138
f 138 106 107
f 108 140 139
f 139 107 108
f 109 141 140
f 140 108 109
f 110 142 141
f 141 109 110
f 111 143 142
f 142 110 111
f 112 144 143
f 143 111 112
f 113 145 144
f 144 112 113
f 114 146 145
f 145 113 114
f 115 147 146
f 146 114 115
f 116 148 147
f 147 115 116
f 117 149 148
f 148 116 117
f 118 150 149
f 149 117 118
f 119 151 150
f 150 118 119
f 120 152 151
f 151 119 120
f 121 153 152
f 152 120 121
f 122 154 153
f 153 121 122
f 123 155 154
f 154 122 123
f 124 156 155
f 155 123 124
f 125 157 156
f 156 124 125
f 126 158 157
f 157 125 126
f 127 159 158
f 158 126 127
f 97 129 160
f 160 128 97
f 128 160 159
f 159 127 128
f 130 162 161
f 161 129 130
f 131 163 162
f 162 130 131
f 132 164 163
f 163 131 132
f 133 165 164
f 164 132 133
f 134 166 165
f 165 133 134
f 135 167 166
f 166 134 135
f 136 168 167
f 167 135 136
f 137 169 168
f 168 136 137
f 138 170 169
f 169 137 138
f 139 171 170
f 170 138 139
f 140 172 171
f 171 139 140
f 141 173 172
f 172 140 141
f 142 174 173
f 173 141 142
f 143 175 174
f 174 142 143
f 144 176 175
f 175 143 144
f 145 177 176
f 176 144 145
f 146 178 177
f 177 145 146
f 147 179 178
f 178 146 147
f 148 180 179
f 179 147 148
f 149 181 180
f 180 148 149
f 150 182 181
f 181 149 150
f 151 183 182
f 182 150 151
f 152 184 183
f 183 151 152
f 153 185 184
f 184 152 153
f 154 186 185
f 185 153 154
f 155 187 186
f 186 154 155
f 156 188 187
f 187 155 156
f 157 189 188
f 188 156 157
f 158 190 189
f 189 157 158
f 159 191 190
f 190 158 159
f 129 161 192
f 192 160 129
f 160 192 191
f 191 159 160
f 162 194 193
f 193 161 162
f 163 195 194
f 194 162 163
f 164 196 195
f 195 163 164
f 165 197 196
f 196 164 165
f 166 198 197
f 197 165 166
f 167 199 198
f 198 166 167
f 168 200 199
f 199 167 168
f 169 201 200
f 200 168 169
f 170 202 201
f 201 169 170
f 171 203 202
f 202 170 171
f 172 204 203
f 203 171 172
f 173 205 204
f 204 172 173
f 174 206 205
f 205 173 174
f 175 207 206
f 206 174 175
f 176 208 207
f 207 175 176
f 177 209 208
f 208 176 177
f 178 210 209
f 209 177 178
f 179 211 210
f 210 178 179
f 180 212 211
f 211 179 180
f 181 213 212
f 212 180 181
f 182 214 213
f 213 181 182
f 183 215 214
f 214 182 183
f 184 216 215
f 215 183 184
f 185 217 216
f 216 184 185
f 186 218 217
f 217 185 186
f 187 219 218
f 218 186 187
f 188 220 219
f 219 187 188
f 189 221 220
f 220 188 189
f 190 222 221
f 221 189 190
f 191 223 222
f 222 190 191
f 161 193 224
f 224 192 161
f 192 224 223
f 223 191 192
f 315 316 252
f 252 251 315
f 482 258 257
f 257 513 482
f 483 259 258
f 258 482 483
f 484 260 259
f 259 483 484
f 485 261 260
f 260 484 485
f 486 262 261
f 261 485 486
f 487 263 262
f 262 486 487
f 488 264 263
f 263 487 488
f 489 265 264
f 264 488 489
f 490 266 265
f 265 489 490
f 491 267 266
f 266 490 491
f 492 268 267
f 267 491 492
f 493 269 268
f 268 492 493
f 494 270 269
f 269 493 494
f 495 271 270
f 270 494 495
f 496 272 271
f 271 495 496
f 497 273 272
f 272 496 497
f 498 274 273
f 273 497 498
f 499 275 274
f 274 498 499
f 500 276 275
f 275 499 500
f 501 277 276
f 276 500 501
f 502 278 277
f 277 501 502
f 503 279 278
f 278 502 503
f 504 280 279
f 279 503 504
f 505 281 280
f 280 504 505
f 506 282 281
f 281 505 506
f 507 283 282
f 282 506 507
f 508 284 283
f 283 507 508
f 509 285 284
f 284 508 509
f 510 286 285
f 285 509 510
f 511 287 286
f 286 510 511
f 513 257 288
f 288 512 513
f 512 288 287
f 287 511 512
f 350 351 319
f 319 318 350
f 293 294 230
f 230 229 293
f 304 305 241
f 241 240 304
f 318 319 255
f 255 254 318
f 307 308 244
f 244 243 307
f 289 290 226
f 226 225 289
f 296 297 233
f 233 232 296
f 310 311 247
f 247 246 310
f 299 300 236
f 236 235 299
f 313 314 250
f 250 249 313
f 291 292 228
f 228 227 291
f 302 303 239
f 239 238 302
f 316 317 253
f 253 252 316
f 305 306 242
f 242 241 305
f 294 295 231
f 231 230 294
f 319 320 256
f 256 255 319
f 308 309 245
f 245 244 308
f 297 298 234
f 234 233 297
f 311 312 248
f 248 247 311
f 300 301 237
f 237 236 300
f 314 315 251
f 251 250 314
f 292 293 229
f 229 228 292
f 303 304 240
f 240 239 303
f 317 318 254
f 254 253 317
f 306 307 243
f 243 242 306
f 295 296 232
f 232 231 295
f 320 289 225
f 225 256 320
f 309 310 246
f 246 245 309
f 298 299 235
f 235 234 298
f 312 313 249
f 249 248 312
f 290 291 227
f 227 226 290
f 301 302 238
f 238 237 301
f 384 353 321
f 321 352 384
f 339 340 308
f 308 307 339
f 328 329 297
f 297 296 328
f 348 349 317
f 317 316 348
f 337 338 306
f 306 305 337
f 326 327 295
f 295 294 326
f 346 347 315
f 315 314 346
f 324 325 293
f 293 292 324
f 335 336 304
f 304 303 335
f 344 345 313
f 313 312 344
f 322 323 291
f 291 290 322
f 333 334 302
f 302 301 333
f 342 343 311
f 311 310 342
f 331 332 300
f 300 299 331
f 351 352 320
f 320 319 351
f 340 341 309
f 309 308 340
f 329 330 298
f 298 297 329
f 349 350 318
f 318 317 349
f 338 339 307
f 307 306 338
f 327 328 296
f 296 295 327
f 347 348 316
f 316 315 347
f 325 326 294
f 294 293 325
f 336 337 305
f 305 304 336
f 345 346 314
f 314 313 345
f 323 324 292
f 292 291 323
f 334 335 303
f 303 302 334
f 343 344 312
f 312 311 343
f 321 322 290
f 290 289 321
f 332 333 301
f 301 300 332
f 352 321 289
f 289 320 352
f 341 342 310
f 310 309 341
f 330 331 299
f 299 298 330
f 407 408 376
f 376 375 407
f 373 374 342
f 342 341 373
f 362 363 331
f 331 330 362
f 382 383 351
f 351 350 382
f 371 372 340
f 340 339 371
f 360 361 329
f 329 328 360
f 380 381 349
f 349 348 380
f 369 370 338
f 338 337 369
f 358 359 327
f 327 326 358
f 378 379 347
f 347 346 378
f 356 357 325
f 325 324 356
f 367 368 336
f 336 335 367
f 376 377 345
f 345 344 376
f 354 355 323
f 323 322 354
f 365 366 334
f 334 333 365
f 374 375 343
f 343 342 374
f 363 364 332
f 332 331 363
f 383 384 352
f 352 351 383
f 372 373 341
f 341 340 372
f 361 362 330
f 330 329 361
f 381 382 350
f 350 349 381
f 370 371 339
f 339 338 370
f 359 360 328
f 328 327 359
f 379 380 348
f 348 347 379
f 357 358 326
f 326 325 357
f 368 369 337
f 337 336 368
f 377 378 346
f 346 345 377
f 355 356 324
f 324 323 355
f 366 367 335
f 335 334 366
f 375 376 344
f 344 343 375
f 353 354 322
f 322 321 353
f 364 365 333
f 333 332 364
f 385 386 354
f 354 353 385
f 396 397 365
f 365 364 396
f 416 385 353
f 353 384 416
f 405 406 374
f 374 373 405
f 394 395 363
f 363 362 394
f 414 415 383
f 383 382 414
f 403 404 372
f 372 371 403
f 392 393 361
f 361 360 392
f 412 413 381
f 381 380 412
f 401 402 370
f 370 369 401
f 390 391 359
f 359 358 390
f 410 411 379
f 379 378 410
f 388 389 357
f 357 356 388
f 399 400 368
f 368 367 399
f 408 409 377
f 377 376 408
f 386 387 355
f 355 354 386
f 397 398 366
f 366 365 397
f 406 407 375
f 375 374 406
f 395 396 364
f 364 363 395
f 415 416 384
f 384 383 415
f 404 405 373
f 373 372 404
f 393 394 362
f 362 361 393
f 413 414 382
f 382 381 413
f 402 403 371
f 371 370 402
f 391 392 360
f 360 359 391
f 411 412 380
f 380 379 411
f 389 390 358
f 358 357 389
f 400 401 369
f 369 368 400
f 409 410 378
f 378 377 409
f 387 388 356
f 356 355 387
f 398 399 367
f 367 366 398
f 417 410 409
f 417 388 387
f 417 399 398
f 417 408 407
f 417 386 385
f 417 397 396
f 417 385 416
f 417 406 405
f 417 395 394
f 417 415 414
f 417 404 403
f 417 393 392
f 417 413 412
f 417 402 401
f 417 391 390
f 417 411 410
f 417 389 388
f 417 400 399
f 417 409 408
f 417 387 386
f 417 398 397
f 417 407 406
f 417 396 395
f 417 416 415
f 417 405 404
f 417 394 393
f 417 414 413
f 417 403 402
f 417 392 391
f 417 412 411
f 417 390 389
f 417 401 400
f 226 418 449
f 449 225 226
f 227 419 418
f 418 226 227
f 228 420 419
f 419 227 228
f 229 421 420
f 420 228 229
f 230 422 421
f 421 229 230
f 231 423 422
f 422 230 231
f 232 424 423
f 423 231 232
f 233 425 424
f 424 232 233
f 234 426 425
f 425 233 234
f 235 427 426
f 426 234 235
f 236 428 427
f 427 235 236
f 237 429 428
f 428 236 237
f 238 430 429
f 429 237 238
f 239 431 430
f 430 238 239
f 240 432 431
f 431 239 240
f 241 433 432
f 432 240 241
f 242 434 433
f 433 241 242
f 243 435 434
f 434 242 243
f 244 436 435
f 435 243 244
f 245 437 436
f 436 244 245
f 246 438 437
f 437 245 246
f 247 439 438
f 438 246 247
f 248 440 439
f 439 247 248
f 249 441 440
f 440 248 249
f 250 442 441
f 441 249 250
f 251 443 442
f 442 250 251
f 252 444 443
f 443 251 252
f 253 445 444
f 444 252 253
f 254 446 445
f 445 253 254
f 255 447 446
f 446 254 255
f 225 449 448
f 448 256 225
f 256 448 447
f 447 255 256
f 418 450 481
f 481 449 418
f 419 451 450
f 450 418 419
f 420 452 451
f 451 419 420
f 421 453 452
f 452 420 421
f 422 454 453
f 453 421 422
f 423 455 454
f 454 422 423
f 424 456 455
f 455 423 424
f 425 457 456
f 456 424 425
f 426 458 457
f 457 425 426
f 427 459 458
f 458 426 427
f 428 460 459
f 459 427 428
f 429 461 460
f 460 428 429
f 430 462 461
f 461 429 430
f 431 463 462
f 462 430 431
f 432 464 463
f 463 431 432
f 433 465 464
f 464 432 433
f 434 466 465
f 465 433 434
f 435 467 466
f 466 434 435
f 436 468 467
f 467 435 436
f 437 469 468
f 468 436 437
f 438 470 469
f 469 437 438
f 439 471 470
f 470 438 439
f 440 472 471
f 471 439 440
f 441 473 472
f 472 440 441
f 442 474 473
f 473 441 442
f 443 475 474
f 474 442 443
f 444 476 475
f 475 443 444
f 445 477 476
f 476 444 445
f 446 478 477
f 477 445 446
f 447 479 478
f 478 446 447
f 449 481 480
f 480 448 449
f 448 480 479
f 479 447 448
f 450 482 513
f 513 481 450
f 451 483 482
f 482 450 451
f 452 484 483
f 483 451 452
f 453 485 484
f 484 452 453
f 454 486 485
f 485 453 454
f 455 487 486
f 486 454 455
f 456 488 487
f 487 455 456
f 457 489 488
f 488 456 457
f 458 490 489
f 489 457 458
f 459 491 490
f 490 458 459
f 460 492 491
f 491 459 460
f 461 493 492
f 492 460 461
f 462 494 493
f 493 461 462
f 463 495 494
f 494 462 463
f 464 496 495
f 495 463 464
f 465 497 496
f 496 464 465
f 466 498 497
f 497 465 466
f 467 499 498
f 498 466 467
f 468 500 499
f 499 467 468
f 469 501 500
f 500 468 469
f 470 502 501
f 501 469 470
f 471 503 502
f 502 470 471
f 472 504 503
f 503 471 472
f 473 505 504
f 504 472 473
f 474 506 505
f 505 473 474
f 475 507 506
f 506 474 475
f 476 508 507
f 507 475 476
f 477 509 508
f 508 476 477
f 478 510 509
f 509 477 478
f 479 511 510
f 510 478 479
f 481 513 512
f 512 480 481
f 480 512 511
f 511 479 480
f 258 515 514
f 514 257 258
f 259 516 515
f 515 258 259
f 260 517 516
f 516 259 260
f 261 518 517
f 517 260 261
f 262 519 518
f 518 261 262
f 263 520 519
f 519 262 263
f 264 521 520
f 520 263 264
f 265 522 521
f 521 264 265
f 266 523 522
f 522 265 266
f 267 524 523
f 523 266 267
f 268 525 524
f 524 267 268
f 269 526 525
f 525 268 269
f 270 527 526
f 526 269 270
f 271 528 527
f 527 270 271
f 272 529 528
f 528 271 272
f 273 530 529
f 529 272 273
f 274 531 530
f 530 273 274
f 275 532 531
f 531 274 275
f 276 533 532
f 532 275 276
f 277 534 533
f 533 276 277
f 278 535 534
f 534 277 278
f 279 536 535
f 535 278 279
f 280 537 536
f 536 279 280
f 281 538 537
f 537 280 281
f 282 539 538
f 538 281 282
f 283 540 539
f 539 282 283
f 284 541 540
f 540 283 284
f 285 542 541
f 541 284 285
f 286 543 542
f 542 285 286
f 287 544 543
f 543 286 287
f 257 514 545
f 545 288 257
f 288 545 544
f 544 287 288
f 515 547 546
f 546 514 515
f 516 548 547
f 547 515 516
f 517 549 548
f 548 516 517
f 518 550 549
f 549 517 518
f 519 551 550
f 550 518 519
f 520 552 551
f 551 519 520
f 521 553 552
f 552 520 521
f 522 554 553
f 553 521 522
f 523 555 554
f 554 522 523
f 524 556 555
f 555 523 524
f 525 557 556
f 556 524 525
f 526 558 557
f 557 525 526
f 527 559 558
f 558 526 527
f 528 560 559
f 559 527 528
f 529 561 560
f 560 528 529
f 530 562 561
f 561 529 530
f 531 563 562
f 562 530 531
f 532 564 563
f 563 531 532
f 533 565 564
f 564 532 533
f 534 566 565
f 565 533 534
f 535 567 566
f 566 534 535
f 536 568 567
f 567 535 536
f 537 569 568
f 568 536 537
f 538 570 569
f 569 537 538
f 539 571 570
f 570 538 539
f 540 572 571
f 571 539 540
f 541 573 572
f 572 540 541
f 542 574 573
f 573 541 542
f 543 575 574
f 574 542 543
f 544 576 575
f 575 543 544
f 514 546 577
f 577 545 514
f 545 577 576
f 576 544 545
f 547 579 578
f 578 546 547
f 548 580 579
f 579 547 548
f 549 581 580
f 580 548 549
f 550 582 581
f 581 549 550
f 551 583 582
f 582 550 551
f 552 584 583
f 583 551 552
f 553 585 584
f 584 552 553
f 554 586 585
f 585 553 554
f 555 587 586
f 586 554 555
f 556 588 587
f 587 555 556
f 557 589 588
f 588 556 557
f 558 590 589
f 589 557 558
f 559 591 590
f 590 558 559
f 560 592 591
f 591 559 560
f 561 593 592
f 592 560 561
f 562 594 593
f 593 561 562
f 563 595 594
f 594 562 563
f 564 596 595
f 595 563 564
f 565 597 596
f 596 564 565
f 566 598 597
f 597 565 566
f 567 599 598
f 598 566 567
f 568 600 599
f 599 567 568
f 569 601 600
f 600 568 569
f 570 602 601
f 601 569 570
f 571 603 602
f 602 570 571
f 572 604 603
f 603 571 572
f 573 605 604
f 604 572 573
f 574 606 605
f 605 573 574
f 575 607 606
f 606 574 575
f 576 608 607
f 607 575 576
f 546 578 609
f 609 577 546
f 577 609 608
f 608 576 577
f 579 611 610
f 610 578 579
f 580 612 611
f 611 579 580
f 581 613 612
f 612 580 581
f 582 614 613
f 613 581 582
f 583 615 614
f 614 582 583
f 584 616 615
f 615 583 584
f 585 617 616
f 616 584 585
f 586 618 617
f 617 585 586
f 587 619 618
f 618 586 587
f 588 620 619
f 619 587 588
f 589 621 620
f 620 588 589
f 590 622 621
f 621 589 590
f 591 623 622
f 622 590 591
f 592 624 623
f 623 591 592
f 593 625 624
f 624 592 593
f 594 626 625
f 625 593 594
f 595 627 626
f 626 594 595
f 596 628 627
f 627 595 596
f 597 629 628
f 628 596 597
f 598 630 629
f 629 597 598
f 599 631 630
f 630 598 599
f 600 632 631
f 631 599 600
f 601 633 632
f 632 600 601
f 602 634 633
f 633 601 602
f 603 635 634
f 634 602 603
f 604 636 635
f 635 603 604
f 605 637 636
f 636 604 605
f 606 638 637
f 637 605 606
f 607 639 638
f 638 606 607
f 608 640 639
f 639 607 608
f 578 610 641
f 641 609 578
f 609 641 640
f 640 608 609
f 30 29 638
f 638 639 30
f 31 30 639
f 639 640 31
f 32 31 640
f 640 641 32
f 1 32 641
f 641 610 1
f 2 1 610
f 610 611 2
f 3 2 611
f 611 612 3
f 4 3 612
f 612 613 4
f 5 4 613
f 613 614 5
f 6 5 614
f 614 615 6
f 7 6 615
f 615 616 7
f 8 7 616
f 616 617 8
f 9 8 617
f 617 618 9
f 10 9 618
f 618 619 10
f 11 10 619
f 619 620 11
f 12 11 620
f 620 621 12
f 13 12 621
f 621 622 13
f 14 13 622
f 622 623 14
f 15 14 623
f 623 624 15
f 16 15 624
f 624 625 16
f 17 16 625
f 625 626 17
f 18 17 626
f 626 627 18
f 19 18 627
f 627 628 19
f 20 19 628
f 628 629 20
f 21 20 629
f 629 630 21
f 22 21 630
f 630 631 22
f 23 22 631
f 631 632 23
f 24 23 632
f 632 633 24
f 25 24 633
f 633 634 25
f 26 25 634
f 634 635 26
f 27 26 635
f 635 636 27
f 28 27 636
f 636 637 28
f 29 28 637
f 637 638 29
f 698 699 667
f 667 666 698
f 673 667 668
f 676 677 645
f 645 644 676
f 687 688 656
f 656 655 687
f 696 697 665
f 665 664 696
f 674 675 643
f 643 642 674
f 685 686 654
f 654 653 685
f 704 705 673
f 673 672 704
f 694 695 663
f 663 662 694
f 683 684 652
f 652 651 683
f 703 704 672
f 672 671 703
f 692 693 661
f 661 660 692
f 681 682 650
f 650 649 681
f 701 702 670
f 670 669 701
f 690 691 659
f 659 658 690
f 679 680 648
f 648 647 679
f 699 700 668
f 668 667 699
f 677 678 646
f 646 645 677
f 688 689 657
f 657 656 688
f 697 698 666
f 666 665 697
f 675 676 644
f 644 643 675
f 686 687 655
f 655 654 686
f 695 696 664
f 664 663 695
f 684 685 653
f 653 652 684
f 705 674 642
f 642 673 705
f 693 694 662
f 662 661 693
f 682 683 651
f 651 650 682
f 702 703 671
f 671 670 702
f 691 692 660
f 660 659 691
f 680 681 649
f 649 648 680
f 700 701 669
f 669 668 700
f 678 679 647
f 647 646 678
f 689 690 658
f 658 657 689
f 642 643 673
f 651 652 656
f 646 647 645
f 648 644 647
f 650 651 649
f 664 665 660
f 657 643 649
f 656 653 655
f 658 659 657
f 673 659 667
f 653 654 655
f 664 661 663
f 666 667 665
f 670 671 669
f 668 669 672
f 647 644 645
f 664 660 661
f 651 657 649
f 669 671 672
f 659 673 643
f 656 652 653
f 667 659 665
f 665 659 660
f 672 673 668
f 656 657 651
f 643 648 649
f 661 662 663
f 657 659 643
f 643 644 648
f 706 715 716
f 707 716 717
f 708 717 718
f 709 718 719
f 710 719 720
f 711 720 721
f 712 721 722
f 713 722 723
f 715 724 725
f 716 725 726
f 717 726 727
f 718 727 728
f 719 728 729
f 720 729 730
f 721 730 731
f 722 731 732
f 716 707 706
f 717 708 707
f 718 709 708
f 719 710 709
f 720 711 710
f 721 712 711
f 722 713 712
f 723 714 713
f 725 716 715
f 726 717 716
f 727 718 717
f 728 719 718
f 729 720 719
f 730 721 720
f 731 722 721
f 732 723 722
f 1406 734 736
f 736 1407 1406
f 1407 736 738
f 738 1408 1407
f 1408 738 740
f 740 1409 1408
f 1409 740 742
f 742 1410 1409
f 1410 742 744
f 744 1411 1410
f 1411 744 746
f 746 1412 1411
f 1412 746 748
f 748 1413 1412
f 1413 748 750
f 750 1414 1413
f 1414 750 752
f 752 1415 1414
f 1415 752 754
f 754 1416 1415
f 1416 754 756
f 756 1417 1416
f 1417 756 758
f 758 1418 1417
f 1418 758 760
f 760 1419 1418
f 1419 760 762
f 762 1420 1419
f 1420 762 764
f 764 1421 1420
f 1421 764 766
f 766 1422 1421
f 1422 766 768
f 768 1423 1422
f 1423 768 770
f 770 1424 1423
f 1424 770 772
f 772 1425 1424
f 1425 772 774
f 774 1426 1425
f 1426 774 776
f 776 1427 1426
f 1427 776 778
f 778 1428 1427
f 1428 778 780
f 780 1429 1428
f 1429 780 782
f 782 1430 1429
f 1430 782 784
f 784 1431 1430
f 1431 784 786
f 786 1432 1431
f 1432 786 788
f 788 1433 1432
f 1433 788 790
f 790 1434 1433
f 1434 790 792
f 792 1435 1434
f 1435 792 794
f 794 1436 1435
f 790 788 1465
f 1465 1466 790
f 1437 796 734
f 734 1406 1437
f 1436 794 796
f 796 1437 1436
f 785 787 856
f 856 855 785
f 1053 797 798
f 798 1022 1053
f 1022 798 799
f 799 1023 1022
f 1023 799 800
f 800 1024 1023
f 1024 800 801
f 801 1025 1024
f 1025 801 802
f 802 1026 1025
f 1026 802 803
f 803 1027 1026
f 1027 803 804
f 804 1028 1027
f 1028 804 805
f 805 1029 1028
f 1029 805 806
f 806 1030 1029
f 1030 806 807
f 807 1031 1030
f 1031 807 808
f 808 1032 1031
f 1032 808 809
f 809 1033 1032
f 1033 809 810
f 810 1034 1033
f 1034 810 811
f 811 1035 1034
f 1035 811 812
f 812 1036 1035
f 1036 812 813
f 813 1037 1036
f 1037 813 814
f 814 1038 1037
f 1038 814 815
f 815 1039 1038
f 1039 815 816
f 816 1040 1039
f 1040 816 817
f 817 1041 1040
f 1041 817 818
f 818 1042 1041
f 1042 818 819
f 819 1043 1042
f 1043 819 820
f 820 1044 1043
f 1044 820 821
f 821 1045 1044
f 1045 821 822
f 822 1046 1045
f 1046 822 823
f 823 1047 1046
f 1047 823 824
f 824 1048 1047
f 1048 824 825
f 825 1049 1048
f 1049 825 826
f 826 1050 1049
f 1050 826 827
f 827 1051 1050
f 1052 828 797
f 797 1053 1052
f 1051 827 828
f 828 1052 1051
f 858 859 891
f 891 890 858
f 741 743 834
f 834 833 741
f 763 765 845
f 845 844 763
f 791 793 859
f 859 858 791
f 769 771 848
f 848 847 769
f 733 735 830
f 830 829 733
f 747 749 837
f 837 836 747
f 775 777 851
f 851 850 775
f 753 755 840
f 840 839 753
f 781 783 854
f 854 853 781
f 737 739 832
f 832 831 737
f 759 761 843
f 843 842 759
f 787 789 857
f 857 856 787
f 765 767 846
f 846 845 765
f 743 745 835
f 835 834 743
f 793 795 860
f 860 859 793
f 771 773 849
f 849 848 771
f 749 751 838
f 838 837 749
f 777 779 852
f 852 851 777
f 755 757 841
f 841 840 755
f 783 785 855
f 855 854 783
f 739 741 833
f 833 832 739
f 761 763 844
f 844 843 761
f 789 791 858
f 858 857 789
f 767 769 847
f 847 846 767
f 745 747 836
f 836 835 745
f 795 733 829
f 829 860 795
f 773 775 850
f 850 849 773
f 751 753 839
f 839 838 751
f 779 781 853
f 853 852 779
f 735 737 831
f 831 830 735
f 757 759 842
f 842 841 757
f 892 861 893
f 893 924 892
f 847 848 880
f 880 879 847
f 836 837 869
f 869 868 836
f 856 857 889
f 889 888 856
f 845 846 878
f 878 877 845
f 834 835 867
f 867 866 834
f 854 855 887
f 887 886 854
f 832 833 865
f 865 864 832
f 843 844 876
f 876 875 843
f 852 853 885
f 885 884 852
f 830 831 863
f 863 862 830
f 841 842 874
f 874 873 841
f 850 851 883
f 883 882 850
f 839 840 872
f 872 871 839
f 859 860 892
f 892 891 859
f 848 849 881
f 881 880 848
f 837 838 870
f 870 869 837
f 857 858 890
f 890 889 857
f 846 847 879
f 879 878 846
f 835 836 868
f 868 867 835
f 855 856 888
f 888 887 855
f 833 834 866
f 866 865 833
f 844 845 877
f 877 876 844
f 853 854 886
f 886 885 853
f 831 832 864
f 864 863 831
f 842 843 875
f 875 874 842
f 851 852 884
f 884 883 851
f 829 830 862
f 862 861 829
f 840 841 873
f 873 872 840
f 860 829 861
f 861 892 860
f 849 850 882
f 882 881 849
f 838 839 871
f 871 870 838
f 915 916 948
f 948 947 915
f 881 882 914
f 914 913 881
f 870 871 903
f 903 902 870
f 890 891 923
f 923 922 890
f 879 880 912
f 912 911 879
f 868 869 901
f 901 900 868
f 888 889 921
f 921 920 888
f 877 878 910
f 910 909 877
f 866 867 899
f 899 898 866
f 886 887 919
f 919 918 886
f 864 865 897
f 897 896 864
f 875 876 908
f 908 907 875
f 884 885 917
f 917 916 884
f 862 863 895
f 895 894 862
f 873 874 906
f 906 905 873
f 882 883 915
f 915 914 882
f 871 872 904
f 904 903 871
f 891 892 924
f 924 923 891
f 880 881 913
f 913 912 880
f 869 870 902
f 902 901 869
f 889 890 922
f 922 921 889
f 878 879 911
f 911 910 878
f 867 868 900
f 900 899 867
f 887 888 920
f 920 919 887
f 865 866 898
f 898 897 865
f 876 877 909
f 909 908 876
f 885 886 918
f 918 917 885
f 863 864 896
f 896 895 863
f 874 875 907
f 907 906 874
f 883 884 916
f 916 915 883
f 861 862 894
f 894 893 861
f 872 873 905
f 905 904 872
f 893 894 926
f 926 925 893
f 904 905 937
f 937 936 904
f 924 893 925
f 925 956 924
f 913 914 946
f 946 945 913
f 902 903 935
f 935 934 902
f 922 923 955
f 955 954 922
f 911 912 944
f 944 943 911
f 900 901 933
f 933 932 900
f 920 921 953
f 953 952 920
f 909 910 942
f 942 941 909
f 898 899 931
f 931 930 898
f 918 919 951
f 951 950 918
f 896 897 929
f 929 928 896
f 907 908 940
f 940 939 907
f 916 917 949
f 949 948 916
f 894 895 927
f 927 926 894
f 905 906 938
f 938 937 905
f 914 915 947
f 947 946 914
f 903 904 936
f 936 935 903
f 923 924 956
f 956 955 923
f 912 913 945
f 945 944 912
f 901 902 934
f 934 933 901
f 921 922 954
f 954 953 921
f 910 911 943
f 943 942 910
f 899 900 932
f 932 931 899
f 919 920 952
f 952 951 919
f 897 898 930
f 930 929 897
f 908 909 941
f 941 940 908
f 917 918 950
f 950 949 917
f 895 896 928
f 928 927 895
f 906 907 939
f 939 938 906
f 949 950 957
f 927 928 957
f 938 939 957
f 947 948 957
f 925 926 957
f 936 937 957
f 956 925 957
f 945 946 957
f 934 935 957
f 954 955 957
f 943 944 957
f 932 933 957
f 952 953 957
f 941 942 957
f 930 931 957
f 950 951 957
f 928 929 957
f 939 940 957
f 948 949 957
f 926 927 957
f 937 938 957
f 946 947 957
f 935 936 957
f 955 956 957
f 944 945 957
f 933 934 957
f 953 954 957
f 942 943 957
f 931 932 957
f 951 952 957
f 929 930 957
f 940 941 957
f 733 989 958
f 958 735 733
f 735 958 959
f 959 737 735
f 737 959 960
f 960 739 737
f 739 960 961
f 961 741 739
f 741 961 962
f 962 743 741
f 743 962 963
f 963 745 743
f 745 963 964
f 964 747 745
f 747 964 965
f 965 749 747
f 749 965 966
f 966 751 749
f 751 966 967
f 967 753 751
f 753 967 968
f 968 755 753
f 755 968 969
f 969 757 755
f 757 969 970
f 970 759 757
f 759 970 971
f 971 761 759
f 761 971 972
f 972 763 761
f 763 972 973
f 973 765 763
f 765 973 974
f 974 767 765
f 767 974 975
f 975 769 767
f 769 975 976
f 976 771 769
f 771 976 977
f 977 773 771
f 773 977 978
f 978 775 773
f 775 978 979
f 979 777 775
f 777 979 980
f 980 779 777
f 779 980 981
f 981 781 779
f 781 981 982
f 982 783 781
f 783 982 983
f 983 785 783
f 785 983 984
f 984 787 785
f 787 984 985
f 985 789 787
f 789 985 986
f 986 791 789
f 791 986 987
f 987 793 791
f 795 988 989
f 989 733 795
f 793 987 988
f 988 795 793
f 989 1021 990
f 990 958 989
f 958 990 991
f 991 959 958
f 959 991 992
f 992 960 959
f 960 992 993
f 993 961 960
f 961 993 994
f 994 962 961
f 962 994 995
f 995 963 962
f 963 995 996
f 996 964 963
f 964 996 997
f 997 965 964
f 965 997 998
f 998 966 965
f 966 998 999
f 999 967 966
f 967 999 1000
f 1000 968 967
f 968 1000 1001
f 1001 969 968
f 969 1001 1002
f 1002 970 969
f 970 1002 1003
f 1003 971 970
f 971 1003 1004
f 1004 972 971
f 972 1004 1005
f 1005 973 972
f 973 1005 1006
f 1006 974 973
f 974 1006 1007
f 1007 975 974
f 975 1007 1008
f 1008 976 975
f 976 1008 1009
f 1009 977 976
f 977 1009 1010
f 1010 978 977
f 978 1010 1011
f 1011 979 978
f 979 1011 1012
f 1012 980 979
f 980 1012 1013
f 1013 981 980
f 981 1013 1014
f 1014 982 981
f 982 1014 1015
f 1015 983 982
f 983 1015 1016
f 1016 984 983
f 984 1016 1017
f 1017 985 984
f 985 1017 1018
f 1018 986 985
f 986 1018 1019
f 1019 987 986
f 988 1020 1021
f 1021 989 988
f 987 1019 1020
f 1020 988 987
f 1021 1053 1022
f 1022 990 1021
f 990 1022 1023
f 1023 991 990
f 991 1023 1024
f 1024 992 991
f 992 1024 1025
f 1025 993 992
f 993 1025 1026
f 1026 994 993
f 994 1026 1027
f 1027 995 994
f 995 1027 1028
f 1028 996 995
f 996 1028 1029
f 1029 997 996
f 997 1029 1030
f 1030 998 997
f 998 1030 1031
f 1031 999 998
f 999 1031 1032
f 1032 1000 999
f 1000 1032 1033
f 1033 1001 1000
f 1001 1033 1034
f 1034 1002 1001
f 1002 1034 1035
f 1035 1003 1002
f 1003 1035 1036
f 1036 1004 1003
f 1004 1036 1037
f 1037 1005 1004
f 1005 1037 1038
f 1038 1006 1005
f 1006 1038 1039
f 1039 1007 1006
f 1007 1039 1040
f 1040 1008 1007
f 1008 1040 1041
f 1041 1009 1008
f 1009 1041 1042
f 1042 1010 1009
f 1010 1042 1043
f 1043 1011 1010
f 1011 1043 1044
f 1044 1012 1011
f 1012 1044 1045
f 1045 1013 1012
f 1013 1045 1046
f 1046 1014 1013
f 1014 1046 1047
f 1047 1015 1014
f 1015 1047 1048
f 1048 1016 1015
f 1016 1048 1049
f 1049 1017 1016
f 1017 1049 1050
f 1050 1018 1017
f 1018 1050 1051
f 1051 1019 1018
f 1020 1052 1053
f 1053 1021 1020
f 1019 1051 1052
f 1052 1020 1019
f 797 1054 1055
f 1055 798 797
f 798 1055 1056
f 1056 799 798
f 799 1056 1057
f 1057 800 799
f 800 1057 1058
f 1058 801 800
f 801 1058 1059
f 1059 802 801
f 802 1059 1060
f 1060 803 802
f 803 1060 1061
f 1061 804 803
f 804 1061 1062
f 1062 805 804
f 805 1062 1063
f 1063 806 805
f 806 1063 1064
f 1064 807 806
f 807 1064 1065
f 1065 808 807
f 808 1065 1066
f 1066 809 808
f 809 1066 1067
f 1067 810 809
f 810 1067 1068
f 1068 811 810
f 811 1068 1069
f 1069 812 811
f 812 1069 1070
f 1070 813 812
f 813 1070 1071
f 1071 814 813
f 814 1071 1072
f 1072 815 814
f 815 1072 1073
f 1073 816 815
f 816 1073 1074
f 1074 817 816
f 817 1074 1075
f 1075 818 817
f 818 1075 1076
f 1076 819 818
f 819 1076 1077
f 1077 820 819
f 820 1077 1078
f 1078 821 820
f 821 1078 1079
f 1079 822 821
f 822 1079 1080
f 1080 823 822
f 823 1080 1081
f 1081 824 823
f 824 1081 1082
f 1082 825 824
f 825 1082 1083
f 1083 826 825
f 826 1083 1084
f 1084 827 826
f 828 1085 1054
f 1054 797 828
f 827 1084 1085
f 1085 828 827
f 1054 1086 1087
f 1087 1055 1054
f 1055 1087 1088
f 1088 1056 1055
f 1056 1088 1089
f 1089 1057 1056
f 1057 1089 1090
f 1090 1058 1057
f 1058 1090 1091
f 1091 1059 1058
f 1059 1091 1092
f 1092 1060 1059
f 1060 1092 1093
f 1093 1061 1060
f 1061 1093 1094
f 1094 1062 1061
f 1062 1094 1095
f 1095 1063 1062
f 1063 1095 1096
f 1096 1064 1063
f 1064 1096 1097
f 1097 1065 1064
f 1065 1097 1098
f 1098 1066 1065
f 1066 1098 1099
f 1099 1067 1066
f 1067 1099 1100
f 1100 1068 1067
f 1068 1100 1101
f 1101 1069 1068
f 1069 1101 1102
f 1102 1070 1069
f 1070 1102 1103
f 1103 1071 1070
f 1071 1103 1104
f 1104 1072 1071
f 1072 1104 1105
f 1105 1073 1072
f 1073 1105 1106
f 1106 1074 1073
f 1074 1106 1107
f 1107 1075 1074
f 1075 1107 1108
f 1108 1076 1075
f 1076 1108 1109
f 1109 1077 1076
f 1077 1109 1110
f 1110 1078 1077
f 1078 1110 1111
f 1111 1079 1078
f 1079 1111 1112
f 1112 1080 1079
f 1080 1112 1113
f 1113 1081 1080
f 1081 1113 1114
f 1114 1082 1081
f 1082 1114 1115
f 1115 1083 1082
f 1083 1115 1116
f 1116 1084 1083
f 1085 1117 1086
f 1086 1054 1085
f 1084 1116 1117
f 1117 1085 1084
f 1086 1118 1119
f 1119 1087 1086
f 1087 1119 1120
f 1120 1088 1087
f 1088 1120 1121
f 1121 1089 1088
f 1089 1121 1122
f 1122 1090 1089
f 1090 1122 1123
f 1123 1091 1090
f 1091 1123 1124
f 1124 1092 1091
f 1092 1124 1125
f 1125 1093 1092
f 1093 1125 1126
f 1126 1094 1093
f 1094 1126 1127
f 1127 1095 1094
f 1095 1127 1128
f 1128 1096 1095
f 1096 1128 1129
f 1129 1097 1096
f 1097 1129 1130
f 1130 1098 1097
f 1098 1130 1131
f 1131 1099 1098
f 1099 1131 1132
f 1132 1100 1099
f 1100 1132 1133
f 1133 1101 1100
f 1101 1133 1134
f 1134 1102 1101
f 1102 1134 1135
f 1135 1103 1102
f 1103 1135 1136
f 1136 1104 1103
f 1104 1136 1137
f 1137 1105 1104
f 1105 1137 1138
f 1138 1106 1105
f 1106 1138 1139
f 1139 1107 1106
f 1107 1139 1140
f 1140 1108 1107
f 1108 1140 1141
f 1141 1109 1108
f 1109 1141 1142
f 1142 1110 1109
f 1110 1142 1143
f 1143 1111 1110
f 1111 1143 1144
f 1144 1112 1111
f 1112 1144 1145
f 1145 1113 1112
f 1113 1145 1146
f 1146 1114 1113
f 1114 1146 1147
f 1147 1115 1114
f 1115 1147 1148
f 1148 1116 1115
f 1117 1149 1118
f 1118 1086 1117
f 1116 1148 1149
f 1149 1117 1116
f 1118 1150 1151
f 1151 1119 1118
f 1119 1151 1152
f 1152 1120 1119
f 1120 1152 1153
f 1153 1121 1120
f 1121 1153 1154
f 1154 1122 1121
f 1122 1154 1155
f 1155 1123 1122
f 1123 1155 1156
f 1156 1124 1123
f 1124 1156 1157
f 1157 1125 1124
f 1125 1157 1158
f 1158 1126 1125
f 1126 1158 1159
f 1159 1127 1126
f 1127 1159 1160
f 1160 1128 1127
f 1128 1160 1161
f 1161 1129 1128
f 1129 1161 1162
f 1162 1130 1129
f 1130 1162 1163
f 1163 1131 1130
f 1131 1163 1164
f 1164 1132 1131
f 1132 1164 1165
f 1165 1133 1132
f 1133 1165 1166
f 1166 1134 1133
f 1134 1166 1167
f 1167 1135 1134
f 1135 1167 1168
f 1168 1136 1135
f 1136 1168 1169
f 1169 1137 1136
f 1137 1169 1170
f 1170 1138 1137
f 1138 1170 1171
f 1171 1139 1138
f 1139 1171 1172
f 1172 1140 1139
f 1140 1172 1173
f 1173 1141 1140
f 1141 1173 1174
f 1174 1142 1141
f 1142 1174 1175
f 1175 1143 1142
f 1143 1175 1176
f 1176 1144 1143
f 1144 1176 1177
f 1177 1145 1144
f 1145 1177 1178
f 1178 1146 1145
f 1146 1178 1179
f 1179 1147 1146
f 1147 1179 1180
f 1180 1148 1147
f 1149 1181 1150
f 1150 1118 1149
f 1148 1180 1181
f 1181 1149 1148
f 1150 1182 1183
f 1183 1151 1150
f 1151 1183 1184
f 1184 1152 1151
f 1152 1184 1185
f 1185 1153 1152
f 1153 1185 1186
f 1186 1154 1153
f 1154 1186 1187
f 1187 1155 1154
f 1155 1187 1188
f 1188 1156 1155
f 1156 1188 1189
f 1189 1157 1156
f 1157 1189 1190
f 1190 1158 1157
f 1158 1190 1191
f 1191 1159 1158
f 1159 1191 1192
f 1192 1160 1159
f 1160 1192 1193
f 1193 1161 1160
f 1161 1193 1194
f 1194 1162 1161
f 1162 1194 1195
f 1195 1163 1162
f 1163 1195 1196
f 1196 1164 1163
f 1164 1196 1197
f 1197 1165 1164
f 1165 1197 1198
f 1198 1166 1165
f 1166 1198 1199
f 1199 1167 1166
f 1167 1199 1200
f 1200 1168 1167
f 1168 1200 1201
f 1201 1169 1168
f 1169 1201 1202
f 1202 1170 1169
f 1170 1202 1203
f 1203 1171 1170
f 1171 1203 1204
f 1204 1172 1171
f 1172 1204 1205
f 1205 1173 1172
f 1173 1205 1206
f 1206 1174 1173
f 1174 1206 1207
f 1207 1175 1174
f 1175 1207 1208
f 1208 1176 1175
f 1176 1208 1209
f 1209 1177 1176
f 1177 1209 1210
f 1210 1178 1177
f 1178 1210 1211
f 1211 1179 1178
f 1179 1211 1212
f 1212 1180 1179
f 1181 1213 1182
f 1182 1150 1181
f 1180 1212 1213
f 1213 1181 1180
f 1182 1214 1215
f 1215 1183 1182
f 1183 1215 1216
f 1216 1184 1183
f 1184 1216 1217
f 1217 1185 1184
f 1185 1217 1218
f 1218 1186 1185
f 1186 1218 1219
f 1219 1187 1186
f 1187 1219 1220
f 1220 1188 1187
f 1188 1220 1221
f 1221 1189 1188
f 1189 1221 1222
f 1222 1190 1189
f 1190 1222 1223
f 1223 1191 1190
f 1191 1223 1224
f 1224 1192 1191
f 1192 1224 1225
f 1225 1193 1192
f 1193 1225 1226
f 1226 1194 1193
f 1194 1226 1227
f 1227 1195 1194
f 1195 1227 1228
f 1228 1196 1195
f 1196 1228 1229
f 1229 1197 1196
f 1197 1229 1230
f 1230 1198 1197
f 1198 1230 1231
f 1231 1199 1198
f 1199 1231 1232
f 1232 1200 1199
f 1200 1232 1233
f 1233 1201 1200
f 1201 1233 1234
f 1234 1202 1201
f 1202 1234 1235
f 1235 1203 1202
f 1203 1235 1236
f 1236 1204 1203
f 1204 1236 1237
f 1237 1205 1204
f 1205 1237 1238
f 1238 1206 1205
f 1206 1238 1239
f 1239 1207 1206
f 1207 1239 1240
f 1240 1208 1207
f 1208 1240 1241
f 1241 1209 1208
f 1209 1241 1242
f 1242 1210 1209
f 1210 1242 1243
f 1243 1211 1210
f 1211 1243 1244
f 1244 1212 1211
f 1213 1245 1214
f 1214 1182 1213
f 1212 1244 1245
f 1245 1213 1212
f 1214 1246 1247
f 1247 1215 1214
f 1215 1247 1248
f 1248 1216 1215
f 1216 1248 1249
f 1249 1217 1216
f 1217 1249 1250
f 1250 1218 1217
f 1218 1250 1251
f 1251 1219 1218
f 1219 1251 1252
f 1252 1220 1219
f 1220 1252 1253
f 1253 1221 1220
f 1221 1253 1254
f 1254 1222 1221
f 1222 1254 1255
f 1255 1223 1222
f 1223 1255 1256
f 1256 1224 1223
f 1224 1256 1257
f 1257 1225 1224
f 1225 1257 1258
f 1258 1226 1225
f 1226 1258 1259
f 1259 1227 1226
f 1227 1259 1260
f 1260 1228 1227
f 1228 1260 1261
f 1261 1229 1228
f 1229 1261 1262
f 1262 1230 1229
f 1230 1262 1263
f 1263 1231 1230
f 1231 1263 1264
f 1264 1232 1231
f 1232 1264 1265
f 1265 1233 1232
f 1233 1265 1266
f 1266 1234 1233
f 1234 1266 1267
f 1267 1235 1234
f 1235 1267 1268
f 1268 1236 1235
f 1236 1268 1269
f 1269 1237 1236
f 1237 1269 1270
f 1270 1238 1237
f 1238 1270 1271
f 1271 1239 1238
f 1239 1271 1272
f 1272 1240 1239
f 1240 1272 1273
f 1273 1241 1240
f 1241 1273 1274
f 1274 1242 1241
f 1242 1274 1275
f 1275 1243 1242
f 1243 1275 1276
f 1276 1244 1243
f 1245 1277 1246
f 1246 1214 1245
f 1244 1276 1277
f 1277 1245 1244
f 1246 1278 1279
f 1279 1247 1246
f 1247 1279 1280
f 1280 1248 1247
f 1248 1280 1281
f 1281 1249 1248
f 1249 1281 1282
f 1282 1250 1249
f 1250 1282 1283
f 1283 1251 1250
f 1251 1283 1284
f 1284 1252 1251
f 1252 1284 1285
f 1285 1253 1252
f 1253 1285 1286
f 1286 1254 1253
f 1254 1286 1287
f 1287 1255 1254
f 1255 1287 1288
f 1288 1256 1255
f 1256 1288 1289
f 1289 1257 1256
f 1257 1289 1290
f 1290 1258 1257
f 1258 1290 1291
f 1291 1259 1258
f 1259 1291 1292
f 1292 1260 1259
f 1260 1292 1293
f 1293 1261 1260
f 1261 1293 1294
f 1294 1262 1261
f 1262 1294 1295
f 1295 1263 1262
f 1263 1295 1296
f 1296 1264 1263
f 1264 1296 1297
f 1297 1265 1264
f 1265 1297 1298
f 1298 1266 1265
f 1266 1298 1299
f 1299 1267 1266
f 1267 1299 1300
f 1300 1268 1267
f 1268 1300 1301
f 1301 1269 1268
f 1269 1301 1302
f 1302 1270 1269
f 1270 1302 1303
f 1303 1271 1270
f 1271 1303 1304
f 1304 1272 1271
f 1272 1304 1305
f 1305 1273 1272
f 1273 1305 1306
f 1306 1274 1273
f 1274 1306 1307
f 1307 1275 1274
f 1275 1307 1308
f 1308 1276 1275
f 1277 1309 1278
f 1278 1246 1277
f 1276 1308 1309
f 1309 1277 1276
f 1278 1310 1311
f 1311 1279 1278
f 1279 1311 1312
f 1312 1280 1279
f 1280 1312 1313
f 1313 1281 1280
f 1281 1313 1314
f 1314 1282 1281
f 1282 1314 1315
f 1315 1283 1282
f 1283 1315 1316
f 1316 1284 1283
f 1284 1316 1317
f 1317 1285 1284
f 1285 1317 1318
f 1318 1286 1285
f 1286 1318 1319
f 1319 1287 1286
f 1287 1319 1320
f 1320 1288 1287
f 1288 1320 1321
f 1321 1289 1288
f 1289 1321 1322
f 1322 1290 1289
f 1290 1322 1323
f 1323 1291 1290
f 1291 1323 1324
f 1324 1292 1291
f 1292 1324 1325
f 1325 1293 1292
f 1293 1325 1326
f 1326 1294 1293
f 1294 1326 1327
f 1327 1295 1294
f 1295 1327 1328
f 1328 1296 1295
f 1296 1328 1329
f 1329 1297 1296
f 1297 1329 1330
f 1330 1298 1297
f 1298 1330 1331
f 1331 1299 1298
f 1299 1331 1332
f 1332 1300 1299
f 1300 1332 1333
f 1333 1301 1300
f 1301 1333 1334
f 1334 1302 1301
f 1302 1334 1335
f 1335 1303 1302
f 1303 1335 1336
f 1336 1304 1303
f 1304 1336 1337
f 1337 1305 1304
f 1305 1337 1338
f 1338 1306 1305
f 1306 1338 1339
f 1339 1307 1306
f 1307 1339 1340
f 1340 1308 1307
f 1309 1341 1310
f 1310 1278 1309
f 1308 1340 1341
f 1341 1309 1308
f 1310 1342 1343
f 1343 1311 1310
f 1311 1343 1344
f 1344 1312 1311
f 1312 1344 1345
f 1345 1313 1312
f 1313 1345 1346
f 1346 1314 1313
f 1314 1346 1347
f 1347 1315 1314
f 1315 1347 1348
f 1348 1316 1315
f 1316 1348 1349
f 1349 1317 1316
f 1317 1349 1350
f 1350 1318 1317
f 1318 1350 1351
f 1351 1319 1318
f 1319 1351 1352
f 1352 1320 1319
f 1320 1352 1353
f 1353 1321 1320
f 1321 1353 1354
f 1354 1322 1321
f 1322 1354 1355
f 1355 1323 1322
f 1323 1355 1356
f 1356 1324 1323
f 1324 1356 1357
f 1357 1325 1324
f 1325 1357 1358
f 1358 1326 1325
f 1326 1358 1359
f 1359 1327 1326
f 1327 1359 1360
f 1360 1328 1327
f 1328 1360 1361
f 1361 1329 1328
f 1329 1361 1362
f 1362 1330 1329
f 1330 1362 1363
f 1363 1331 1330
f 1331 1363 1364
f 1364 1332 1331
f 1332 1364 1365
f 1365 1333 1332
f 1333 1365 1366
f 1366 1334 1333
f 1334 1366 1367
f 1367 1335 1334
f 1335 1367 1368
f 1368 1336 1335
f 1336 1368 1369
f 1369 1337 1336
f 1337 1369 1370
f 1370 1338 1337
f 1338 1370 1371
f 1371 1339 1338
f 1339 1371 1372
f 1372 1340 1339
f 1341 1373 1342
f 1342 1310 1341
f 1340 1372 1373
f 1373 1341 1340
f 1342 1374 1375
f 1375 1343 1342
f 1343 1375 1376
f 1376 1344 1343
f 1344 1376 1377
f 1377 1345 1344
f 1345 1377 1378
f 1378 1346 1345
f 1346 1378 1379
f 1379 1347 1346
f 1347 1379 1380
f 1380 1348 1347
f 1348 1380 1381
f 1381 1349 1348
f 1349 1381 1382
f 1382 1350 1349
f 1350 1382 1383
f 1383 1351 1350
f 1351 1383 1384
f 1384 1352 1351
f 1352 1384 1385
f 1385 1353 1352
f 1353 1385 1386
f 1386 1354 1353
f 1354 1386 1387
f 1387 1355 1354
f 1355 1387 1388
f 1388 1356 1355
f 1356 1388 1389
f 1389 1357 1356
f 1357 1389 1390
f 1390 1358 1357
f 1358 1390 1391
f 1391 1359 1358
f 1359 1391 1392
f 1392 1360 1359
f 1360 1392 1393
f 1393 1361 1360
f 1361 1393 1394
f 1394 1362 1361
f 1362 1394 1395
f 1395 1363 1362
f 1363 1395 1396
f 1396 1364 1363
f 1364 1396 1397
f 1397 1365 1364
f 1365 1397 1398
f 1398 1366 1365
f 1366 1398 1399
f 1399 1367 1366
f 1367 1399 1400
f 1400 1368 1367
f 1368 1400 1401
f 1401 1369 1368
f 1369 1401 1402
f 1402 1370 1369
f 1370 1402 1403
f 1403 1371 1370
f 1371 1403 1404
f 1404 1372 1371
f 1373 1405 1374
f 1374 1342 1373
f 1372 1404 1405
f 1405 1373 1372
f 1374 1406 1407
f 1407 1375 1374
f 1375 1407 1408
f 1408 1376 1375
f 1376 1408 1409
f 1409 1377 1376
f 1377 1409 1410
f 1410 1378 1377
f 1378 1410 1411
f 1411 1379 1378
f 1379 1411 1412
f 1412 1380 1379
f 1380 1412 1413
f 1413 1381 1380
f 1381 1413 1414
f 1414 1382 1381
f 1382 1414 1415
f 1415 1383 1382
f 1383 1415 1416
f 1416 1384 1383
f 1384 1416 1417
f 1417 1385 1384
f 1385 1417 1418
f 1418 1386 1385
f 1386 1418 1419
f 1419 1387 1386
f 1387 1419 1420
f 1420 1388 1387
f 1388 1420 1421
f 1421 1389 1388
f 1389 1421 1422
f 1422 1390 1389
f 1390 1422 1423
f 1423 1391 1390
f 1391 1423 1424
f 1424 1392 1391
f 1392 1424 1425
f 1425 1393 1392
f 1393 1425 1426
f 1426 1394 1393
f 1394 1426 1427
f 1427 1395 1394
f 1395 1427 1428
f 1428 1396 1395
f 1396 1428 1429
f 1429 1397 1396
f 1397 1429 1430
f 1430 1398 1397
f 1398 1430 1431
f 1431 1399 1398
f 1399 1431 1432
f 1432 1400 1399
f 1400 1432 1433
f 1433 1401 1400
f 1401 1433 1434
f 1434 1402 1401
f 1402 1434 1435
f 1435 1403 1402
f 1403 1435 1436
f 1436 1404 1403
f 1405 1437 1406
f 1406 1374 1405
f 1404 1436 1437
f 1437 1405 1404
f 1467 1466 1498
f 1498 1499 1467
f 768 766 1454
f 1454 1455 768
f 746 744 1443
f 1443 1444 746
f 796 794 1468
f 1468 1469 796
f 774 772 1457
f 1457 1458 774
f 752 750 1446
f 1446 1447 752
f 780 778 1460
f 1460 1461 780
f 758 756 1449
f 1449 1450 758
f 786 784 1463
f 1463 1464 786
f 742 740 1441
f 1441 1442 742
f 764 762 1452
f 1452 1453 764
f 792 790 1466
f 1466 1467 792
f 770 768 1455
f 1455 1456 770
f 748 746 1444
f 1444 1445 748
f 734 796 1469
f 1469 1438 734
f 776 774 1458
f 1458 1459 776
f 754 752 1447
f 1447 1448 754
f 782 780 1461
f 1461 1462 782
f 738 736 1439
f 1439 1440 738
f 760 758 1450
f 1450 1451 760
f 788 786 1464
f 1464 1465 788
f 744 742 1442
f 1442 1443 744
f 766 764 1453
f 1453 1454 766
f 794 792 1467
f 1467 1468 794
f 772 770 1456
f 1456 1457 772
f 736 734 1438
f 1438 1439 736
f 750 748 1445
f 1445 1446 750
f 778 776 1459
f 1459 1460 778
f 756 754 1448
f 1448 1449 756
f 784 782 1462
f 1462 1463 784
f 740 738 1440
f 1440 1441 740
f 762 760 1451
f 1451 1452 762
f 2239 2240 1532
f 1532 1533 2239
f 1456 1455 1487
f 1487 1488 1456
f 1445 1444 1476
f 1476 1477 1445
f 1465 1464 1496
f 1496 1497 1465
f 1443 1442 1474
f 1474 1475 1443
f 1454 1453 1485
f 1485 1486 1454
f 1463 1462 1494
f 1494 1495 1463
f 1441 1440 1472
f 1472 1473 1441
f 1452 1451 1483
f 1483 1484 1452
f 1461 1460 1492
f 1492 1493 1461
f 1439 1438 1470
f 1470 1471 1439
f 1450 1449 1481
f 1481 1482 1450
f 1438 1469 1501
f 1501 1470 1438
f 1459 1458 1490
f 1490 1491 1459
f 1448 1447 1479
f 1479 1480 1448
f 1468 1467 1499
f 1499 1500 1468
f 1457 1456 1488
f 1488 1489 1457
f 1446 1445 1477
f 1477 1478 1446
f 1466 1465 1497
f 1497 1498 1466
f 1455 1454 1486
f 1486 1487 1455
f 1444 1443 1475
f 1475 1476 1444
f 1464 1463 1495
f 1495 1496 1464
f 1442 1441 1473
f 1473 1474 1442
f 1453 1452 1484
f 1484 1485 1453
f 1462 1461 1493
f 1493 1494 1462
f 1440 1439 1471
f 1471 1472 1440
f 1451 1450 1482
f 1482 1483 1451
f 1460 1459 1491
f 1491 1492 1460
f 1449 1448 1480
f 1480 1481 1449
f 1469 1468 1500
f 1500 1501 1469
f 1458 1457 1489
f 1489 1490 1458
f 1447 1446 1478
f 1478 1479 1447
f 2241 2242 1521
f 1521 1522 2241
f 2243 2244 1510
f 1510 1511 2243
f 2245 2246 1530
f 1530 1531 2245
f 2247 2248 1519
f 1519 1520 2247
f 2249 2250 1508
f 1508 1509 2249
f 2251 2252 1528
f 1528 1529 2251
f 2253 2254 1506
f 1506 1507 2253
f 2255 2256 1517
f 1517 1518 2255
f 2257 2258 1526
f 1526 1527 2257
f 2259 2260 1504
f 1504 1505 2259
f 2261 2262 1515
f 1515 1516 2261
f 2263 2264 1524
f 1524 1525 2263
f 2265 2266 1502
f 1502 1503 2265
f 2267 2268 1513
f 1513 1514 2267
f 2266 2239 1533
f 1533 1502 2266
f 2269 2241 1522
f 1522 1523 2269
f 2270 2243 1511
f 1511 1512 2270
f 2240 2245 1531
f 1531 1532 2240
f 2242 2247 1520
f 1520 1521 2242
f 2244 2249 1509
f 1509 1510 2244
f 2246 2251 1529
f 1529 1530 2246
f 2248 2255 1518
f 1518 1519 2248
f 2250 2253 1507
f 1507 1508 2250
f 2252 2257 1527
f 1527 1528 2252
f 2254 2259 1505
f 1505 1506 2254
f 2256 2261 1516
f 1516 1517 2256
f 2258 2263 1525
f 1525 1526 2258
f 2260 2265 1503
f 1503 1504 2260
f 2262 2267 1514
f 1514 1515 2262
f 2264 2269 1523
f 1523 1524 2264
f 2268 2270 1512
f 1512 1513 2268
f 1624 1625 1561
f 1561 1560 1624
f 1791 1567 1566
f 1566 1822 1791
f 1792 1568 1567
f 1567 1791 1792
f 1793 1569 1568
f 1568 1792 1793
f 1794 1570 1569
f 1569 1793 1794
f 1795 1571 1570
f 1570 1794 1795
f 1796 1572 1571
f 1571 1795 1796
f 1797 1573 1572
f 1572 1796 1797
f 1798 1574 1573
f 1573 1797 1798
f 1799 1575 1574
f 1574 1798 1799
f 1800 1576 1575
f 1575 1799 1800
f 1801 1577 1576
f 1576 1800 1801
f 1802 1578 1577
f 1577 1801 1802
f 1803 1579 1578
f 1578 1802 1803
f 1804 1580 1579
f 1579 1803 1804
f 1805 1581 1580
f 1580 1804 1805
f 1806 1582 1581
f 1581 1805 1806
f 1807 1583 1582
f 1582 1806 1807
f 1808 1584 1583
f 1583 1807 1808
f 1809 1585 1584
f 1584 1808 1809
f 1810 1586 1585
f 1585 1809 1810
f 1811 1587 1586
f 1586 1810 1811
f 1812 1588 1587
f 1587 1811 1812
f 1813 1589 1588
f 1588 1812 1813
f 1814 1590 1589
f 1589 1813 1814
f 1815 1591 1590
f 1590 1814 1815
f 1816 1592 1591
f 1591 1815 1816
f 1817 1593 1592
f 1592 1816 1817
f 1818 1594 1593
f 1593 1817 1818
f 1819 1595 1594
f 1594 1818 1819
f 1820 1596 1595
f 1595 1819 1820
f 1822 1566 1597
f 1597 1821 1822
f 1821 1597 1596
f 1596 1820 1821
f 1659 1660 1628
f 1628 1627 1659
f 1602 1603 1539
f 1539 1538 1602
f 1613 1614 1550
f 1550 1549 1613
f 1627 1628 1564
f 1564 1563 1627
f 1616 1617 1553
f 1553 1552 1616
f 1598 1599 1535
f 1535 1534 1598
f 1605 1606 1542
f 1542 1541 1605
f 1619 1620 1556
f 1556 1555 1619
f 1608 1609 1545
f 1545 1544 1608
f 1622 1623 1559
f 1559 1558 1622
f 1600 1601 1537
f 1537 1536 1600
f 1611 1612 1548
f 1548 1547 1611
f 1625 1626 1562
f 1562 1561 1625
f 1614 1615 1551
f 1551 1550 1614
f 1603 1604 1540
f 1540 1539 1603
f 1628 1629 1565
f 1565 1564 1628
f 1617 1618 1554
f 1554 1553 1617
f 1606 1607 1543
f 1543 1542 1606
f 1620 1621 1557
f 1557 1556 1620
f 1609 1610 1546
f 1546 1545 1609
f 1623 1624 1560
f 1560 1559 1623
f 1601 1602 1538
f 1538 1537 1601
f 1612 1613 1549
f 1549 1548 1612
f 1626 1627 1563
f 1563 1562 1626
f 1615 1616 1552
f 1552 1551 1615
f 1604 1605 1541
f 1541 1540 1604
f 1629 1598 1534
f 1534 1565 1629
f 1618 1619 1555
f 1555 1554 1618
f 1607 1608 1544
f 1544 1543 1607
f 1621 1622 1558
f 1558 1557 1621
f 1599 1600 1536
f 1536 1535 1599
f 1610 1611 1547
f 1547 1546 1610
f 1693 1662 1630
f 1630 1661 1693
f 1648 1649 1617
f 1617 1616 1648
f 1637 1638 1606
f 1606 1605 1637
f 1657 1658 1626
f 1626 1625 1657
f 1646 1647 1615
f 1615 1614 1646
f 1635 1636 1604
f 1604 1603 1635
f 1655 1656 1624
f 1624 1623 1655
f 1633 1634 1602
f 1602 1601 1633
f 1644 1645 1613
f 1613 1612 1644
f 1653 1654 1622
f 1622 1621 1653
f 1631 1632 1600
f 1600 1599 1631
f 1642 1643 1611
f 1611 1610 1642
f 1651 1652 1620
f 1620 1619 1651
f 1640 1641 1609
f 1609 1608 1640
f 1660 1661 1629
f 1629 1628 1660
f 1649 1650 1618
f 1618 1617 1649
f 1638 1639 1607
f 1607 1606 1638
f 1658 1659 1627
f 1627 1626 1658
f 1647 1648 1616
f 1616 1615 1647
f 1636 1637 1605
f 1605 1604 1636
f 1656 1657 1625
f 1625 1624 1656
f 1634 1635 1603
f 1603 1602 1634
f 1645 1646 1614
f 1614 1613 1645
f 1654 1655 1623
f 1623 1622 1654
f 1632 1633 1601
f 1601 1600 1632
f 1643 1644 1612
f 1612 1611 1643
f 1652 1653 1621
f 1621 1620 1652
f 1630 1631 1599
f 1599 1598 1630
f 1641 1642 1610
f 1610 1609 1641
f 1661 1630 1598
f 1598 1629 1661
f 1650 1651 1619
f 1619 1618 1650
f 1639 1640 1608
f 1608 1607 1639
f 1716 1717 1685
f 1685 1684 1716
f 1682 1683 1651
f 1651 1650 1682
f 1671 1672 1640
f 1640 1639 1671
f 1691 1692 1660
f 1660 1659 1691
f 1680 1681 1649
f 1649 1648 1680
f 1669 1670 1638
f 1638 1637 1669
f 1689 1690 1658
f 1658 1657 1689
f 1678 1679 1647
f 1647 1646 1678
f 1667 1668 1636
f 1636 1635 1667
f 1687 1688 1656
f 1656 1655 1687
f 1665 1666 1634
f 1634 1633 1665
f 1676 1677 1645
f 1645 1644 1676
f 1685 1686 1654
f 1654 1653 1685
f 1663 1664 1632
f 1632 1631 1663
f 1674 1675 1643
f 1643 1642 1674
f 1683 1684 1652
f 1652 1651 1683
f 1672 1673 1641
f 1641 1640 1672
f 1692 1693 1661
f 1661 1660 1692
f 1681 1682 1650
f 1650 1649 1681
f 1670 1671 1639
f 1639 1638 1670
f 1690 1691 1659
f 1659 1658 1690
f 1679 1680 1648
f 1648 1647 1679
f 1668 1669 1637
f 1637 1636 1668
f 1688 1689 1657
f 1657 1656 1688
f 1666 1667 1635
f 1635 1634 1666
f 1677 1678 1646
f 1646 1645 1677
f 1686 1687 1655
f 1655 1654 1686
f 1664 1665 1633
f 1633 1632 1664
f 1675 1676 1644
f 1644 1643 1675
f 1684 1685 1653
f 1653 1652 1684
f 1662 1663 1631
f 1631 1630 1662
f 1673 1674 1642
f 1642 1641 1673
f 1694 1695 1663
f 1663 1662 1694
f 1705 1706 1674
f 1674 1673 1705
f 1725 1694 1662
f 1662 1693 1725
f 1714 1715 1683
f 1683 1682 1714
f 1703 1704 1672
f 1672 1671 1703
f 1723 1724 1692
f 1692 1691 1723
f 1712 1713 1681
f 1681 1680 1712
f 1701 1702 1670
f 1670 1669 1701
f 1721 1722 1690
f 1690 1689 1721
f 1710 1711 1679
f 1679 1678 1710
f 1699 1700 1668
f 1668 1667 1699
f 1719 1720 1688
f 1688 1687 1719
f 1697 1698 1666
f 1666 1665 1697
f 1708 1709 1677
f 1677 1676 1708
f 1717 1718 1686
f 1686 1685 1717
f 1695 1696 1664
f 1664 1663 1695
f 1706 1707 1675
f 1675 1674 1706
f 1715 1716 1684
f 1684 1683 1715
f 1704 1705 1673
f 1673 1672 1704
f 1724 1725 1693
f 1693 1692 1724
f 1713 1714 1682
f 1682 1681 1713
f 1702 1703 1671
f 1671 1670 1702
f 1722 1723 1691
f 1691 1690 1722
f 1711 1712 1680
f 1680 1679 1711
f 1700 1701 1669
f 1669 1668 1700
f 1720 1721 1689
f 1689 1688 1720
f 1698 1699 1667
f 1667 1666 1698
f 1709 1710 1678
f 1678 1677 1709
f 1718 1719 1687
f 1687 1686 1718
f 1696 1697 1665
f 1665 1664 1696
f 1707 1708 1676
f 1676 1675 1707
f 1726 1719 1718
f 1726 1697 1696
f 1726 1708 1707
f 1726 1717 1716
f 1726 1695 1694
f 1726 1706 1705
f 1726 1694 1725
f 1726 1715 1714
f 1726 1704 1703
f 1726 1724 1723
f 1726 1713 1712
f 1726 1702 1701
f 1726 1722 1721
f 1726 1711 1710
f 1726 1700 1699
f 1726 1720 1719
f 1726 1698 1697
f 1726 1709 1708
f 1726 1718 1717
f 1726 1696 1695
f 1726 1707 1706
f 1726 1716 1715
f 1726 1705 1704
f 1726 1725 1724
f 1726 1714 1713
f 1726 1703 1702
f 1726 1723 1722
f 1726 1712 1711
f 1726 1701 1700
f 1726 1721 1720
f 1726 1699 1698
f 1726 1710 1709
f 1535 1727 1758
f 1758 1534 1535
f 1536 1728 1727
f 1727 1535 1536
f 1537 1729 1728
f 1728 1536 1537
f 1538 1730 1729
f 1729 1537 1538
f 1539 1731 1730
f 1730 1538 1539
f 1540 1732 1731
f 1731 1539 1540
f 1541 1733 1732
f 1732 1540 1541
f 1542 1734 1733
f 1733 1541 1542
f 1543 1735 1734
f 1734 1542 1543
f 1544 1736 1735
f 1735 1543 1544
f 1545 1737 1736
f 1736 1544 1545
f 1546 1738 1737
f 1737 1545 1546
f 1547 1739 1738
f 1738 1546 1547
f 1548 1740 1739
f 1739 1547 1548
f 1549 1741 1740
f 1740 1548 1549
f 1550 1742 1741
f 1741 1549 1550
f 1551 1743 1742
f 1742 1550 1551
f 1552 1744 1743
f 1743 1551 1552
f 1553 1745 1744
f 1744 1552 1553
f 1554 1746 1745
f 1745 1553 1554
f 1555 1747 1746
f 1746 1554 1555
f 1556 1748 1747
f 1747 1555 1556
f 1557 1749 1748
f 1748 1556 1557
f 1558 1750 1749
f 1749 1557 1558
f 1559 1751 1750
f 1750 1558 1559
f 1560 1752 1751
f 1751 1559 1560
f 1561 1753 1752
f 1752 1560 1561
f 1562 1754 1753
f 1753 1561 1562
f 1563 1755 1754
f 1754 1562 1563
f 1564 1756 1755
f 1755 1563 1564
f 1534 1758 1757
f 1757 1565 1534
f 1565 1757 1756
f 1756 1564 1565
f 1727 1759 1790
f 1790 1758 1727
f 1728 1760 1759
f 1759 1727 1728
f 1729 1761 1760
f 1760 1728 1729
f 1730 1762 1761
f 1761 1729 1730
f 1731 1763 1762
f 1762 1730 1731
f 1732 1764 1763
f 1763 1731 1732
f 1733 1765 1764
f 1764 1732 1733
f 1734 1766 1765
f 1765 1733 1734
f 1735 1767 1766
f 1766 1734 1735
f 1736 1768 1767
f 1767 1735 1736
f 1737 1769 1768
f 1768 1736 1737
f 1738 1770 1769
f 1769 1737 1738
f 1739 1771 1770
f 1770 1738 1739
f 1740 1772 1771
f 1771 1739 1740
f 1741 1773 1772
f 1772 1740 1741
f 1742 1774 1773
f 1773 1741 1742
f 1743 1775 1774
f 1774 1742 1743
f 1744 1776 1775
f 1775 1743 1744
f 1745 1777 1776
f 1776 1744 1745
f 1746 1778 1777
f 1777 1745 1746
f 1747 1779 1778
f 1778 1746 1747
f 1748 1780 1779
f 1779 1747 1748
f 1749 1781 1780
f 1780 1748 1749
f 1750 1782 1781
f 1781 1749 1750
f 1751 1783 1782
f 1782 1750 1751
f 1752 1784 1783
f 1783 1751 1752
f 1753 1785 1784
f 1784 1752 1753
f 1754 1786 1785
f 1785 1753 1754
f 1755 1787 1786
f 1786 1754 1755
f 1756 1788 1787
f 1787 1755 1756
f 1758 1790 1789
f 1789 1757 1758
f 1757 1789 1788
f 1788 1756 1757
f 1759 1791 1822
f 1822 1790 1759
f 1760 1792 1791
f 1791 1759 1760
f 1761 1793 1792
f 1792 1760 1761
f 1762 1794 1793
f 1793 1761 1762
f 1763 1795 1794
f 1794 1762 1763
f 1764 1796 1795
f 1795 1763 1764
f 1765 1797 1796
f 1796 1764 1765
f 1766 1798 1797
f 1797 1765 1766
f 1767 1799 1798
f 1798 1766 1767
f 1768 1800 1799
f 1799 1767 1768
f 1769 1801 1800
f 1800 1768 1769
f 1770 1802 1801
f 1801 1769 1770
f 1771 1803 1802
f 1802 1770 1771
f 1772 1804 1803
f 1803 1771 1772
f 1773 1805 1804
f 1804 1772 1773
f 1774 1806 1805
f 1805 1773 1774
f 1775 1807 1806
f 1806 1774 1775
f 1776 1808 1807
f 1807 1775 1776
f 1777 1809 1808
f 1808 1776 1777
f 1778 1810 1809
f 1809 1777 1778
f 1779 1811 1810
f 1810 1778 1779
f 1780 1812 1811
f 1811 1779 1780
f 1781 1813 1812
f 1812 1780 1781
f 1782 1814 1813
f 1813 1781 1782
f 1783 1815 1814
f 1814 1782 1783
f 1784 1816 1815
f 1815 1783 1784
f 1785 1817 1816
f 1816 1784 1785
f 1786 1818 1817
f 1817 1785 1786
f 1787 1819 1818
f 1818 1786 1787
f 1788 1820 1819
f 1819 1787 1788
f 1790 1822 1821
f 1821 1789 1790
f 1789 1821 1820
f 1820 1788 1789
f 1567 1824 1823
f 1823 1566 1567
f 1568 1825 1824
f 1824 1567 1568
f 1569 1826 1825
f 1825 1568 1569
f 1570 1827 1826
f 1826 1569 1570
f 1571 1828 1827
f 1827 1570 1571
f 1572 1829 1828
f 1828 1571 1572
f 1573 1830 1829
f 1829 1572 1573
f 1574 1831 1830
f 1830 1573 1574
f 1575 1832 1831
f 1831 1574 1575
f 1576 1833 1832
f 1832 1575 1576
f 1577 1834 1833
f 1833 1576 1577
f 1578 1835 1834
f 1834 1577 1578
f 1579 1836 1835
f 1835 1578 1579
f 1580 1837 1836
f 1836 1579 1580
f 1581 1838 1837
f 1837 1580 1581
f 1582 1839 1838
f 1838 1581 1582
f 1583 1840 1839
f 1839 1582 1583
f 1584 1841 1840
f 1840 1583 1584
f 1585 1842 1841
f 1841 1584 1585
f 1586 1843 1842
f 1842 1585 1586
f 1587 1844 1843
f 1843 1586 1587
f 1588 1845 1844
f 1844 1587 1588
f 1589 1846 1845
f 1845 1588 1589
f 1590 1847 1846
f 1846 1589 1590
f 1591 1848 1847
f 1847 1590 1591
f 1592 1849 1848
f 1848 1591 1592
f 1593 1850 1849
f 1849 1592 1593
f 1594 1851 1850
f 1850 1593 1594
f 1595 1852 1851
f 1851 1594 1595
f 1596 1853 1852
f 1852 1595 1596
f 1566 1823 1854
f 1854 1597 1566
f 1597 1854 1853
f 1853 1596 1597
f 1824 1856 1855
f 1855 1823 1824
f 1825 1857 1856
f 1856 1824 1825
f 1826 1858 1857
f 1857 1825 1826
f 1827 1859 1858
f 1858 1826 1827
f 1828 1860 1859
f 1859 1827 1828
f 1829 1861 1860
f 1860 1828 1829
f 1830 1862 1861
f 1861 1829 1830
f 1831 1863 1862
f 1862 1830 1831
f 1832 1864 1863
f 1863 1831 1832
f 1833 1865 1864
f 1864 1832 1833
f 1834 1866 1865
f 1865 1833 1834
f 1835 1867 1866
f 1866 1834 1835
f 1836 1868 1867
f 1867 1835 1836
f 1837 1869 1868
f 1868 1836 1837
f 1838 1870 1869
f 1869 1837 1838
f 1839 1871 1870
f 1870 1838 1839
f 1840 1872 1871
f 1871 1839 1840
f 1841 1873 1872
f 1872 1840 1841
f 1842 1874 1873
f 1873 1841 1842
f 1843 1875 1874
f 1874 1842 1843
f 1844 1876 1875
f 1875 1843 1844
f 1845 1877 1876
f 1876 1844 1845
f 1846 1878 1877
f 1877 1845 1846
f 1847 1879 1878
f 1878 1846 1847
f 1848 1880 1879
f 1879 1847 1848
f 1849 1881 1880
f 1880 1848 1849
f 1850 1882 1881
f 1881 1849 1850
f 1851 1883 1882
f 1882 1850 1851
f 1852 1884 1883
f 1883 1851 1852
f 1853 1885 1884
f 1884 1852 1853
f 1823 1855 1886
f 1886 1854 1823
f 1854 1886 1885
f 1885 1853 1854
f 1856 1888 1887
f 1887 1855 1856
f 1857 1889 1888
f 1888 1856 1857
f 1858 1890 1889
f 1889 1857 1858
f 1859 1891 1890
f 1890 1858 1859
f 1860 1892 1891
f 1891 1859 1860
f 1861 1893 1892
f 1892 1860 1861
f 1862 1894 1893
f 1893 1861 1862
f 1863 1895 1894
f 1894 1862 1863
f 1864 1896 1895
f 1895 1863 1864
f 1865 1897 1896
f 1896 1864 1865
f 1866 1898 1897
f 1897 1865 1866
f 1867 1899 1898
f 1898 1866 1867
f 1868 1900 1899
f 1899 1867 1868
f 1869 1901 1900
f 1900 1868 1869
f 1870 1902 1901
f 1901 1869 1870
f 1871 1903 1902
f 1902 1870 1871
f 1872 1904 1903
f 1903 1871 1872
f 1873 1905 1904
f 1904 1872 1873
f 1874 1906 1905
f 1905 1873 1874
f 1875 1907 1906
f 1906 1874 1875
f 1876 1908 1907
f 1907 1875 1876
f 1877 1909 1908
f 1908 1876 1877
f 1878 1910 1909
f 1909 1877 1878
f 1879 1911 1910
f 1910 1878 1879
f 1880 1912 1911
f 1911 1879 1880
f 1881 1913 1912
f 1912 1880 1881
f 1882 1914 1913
f 1913 1881 1882
f 1883 1915 1914
f 1914 1882 1883
f 1884 1916 1915
f 1915 1883 1884
f 1885 1917 1916
f 1916 1884 1885
f 1855 1887 1918
f 1918 1886 1855
f 1886 1918 1917
f 1917 1885 1886
f 1888 1920 1919
f 1919 1887 1888
f 1889 1921 1920
f 1920 1888 1889
f 1890 1922 1921
f 1921 1889 1890
f 1891 1923 1922
f 1922 1890 1891
f 1892 1924 1923
f 1923 1891 1892
f 1893 1925 1924
f 1924 1892 1893
f 1894 1926 1925
f 1925 1893 1894
f 1895 1927 1926
f 1926 1894 1895
f 1896 1928 1927
f 1927 1895 1896
f 1897 1929 1928
f 1928 1896 1897
f 1898 1930 1929
f 1929 1897 1898
f 1899 1931 1930
f 1930 1898 1899
f 1900 1932 1931
f 1931 1899 1900
f 1901 1933 1932
f 1932 1900 1901
f 1902 1934 1933
f 1933 1901 1902
f 1903 1935 1934
f 1934 1902 1903
f 1904 1936 1935
f 1935 1903 1904
f 1905 1937 1936
f 1936 1904 1905
f 1906 1938 1937
f 1937 1905 1906
f 1907 1939 1938
f 1938 1906 1907
f 1908 1940 1939
f 1939 1907 1908
f 1909 1941 1940
f 1940 1908 1909
f 1910 1942 1941
f 1941 1909 1910
f 1911 1943 1942
f 1942 1910 1911
f 1912 1944 1943
f 1943 1911 1912
f 1913 1945 1944
f 1944 1912 1913
f 1914 1946 1945
f 1945 1913 1914
f 1915 1947 1946
f 1946 1914 1915
f 1916 1948 1947
f 1947 1915 1916
f 1917 1949 1948
f 1948 1916 1917
f 1887 1919 1950
f 1950 1918 1887
f 1918 1950 1949
f 1949 1917 1918
f 1920 1952 1951
f 1951 1919 1920
f 1921 1953 1952
f 1952 1920 1921
f 1922 1954 1953
f 1953 1921 1922
f 1923 1955 1954
f 1954 1922 1923
f 1924 1956 1955
f 1955 1923 1924
f 1925 1957 1956
f 1956 1924 1925
f 1926 1958 1957
f 1957 1925 1926
f 1927 1959 1958
f 1958 1926 1927
f 1928 1960 1959
f 1959 1927 1928
f 1929 1961 1960
f 1960 1928 1929
f 1930 1962 1961
f 1961 1929 1930
f 1931 1963 1962
f 1962 1930 1931
f 1932 1964 1963
f 1963 1931 1932
f 1933 1965 1964
f 1964 1932 1933
f 1934 1966 1965
f 1965 1933 1934
f 1935 1967 1966
f 1966 1934 1935
f 1936 1968 1967
f 1967 1935 1936
f 1937 1969 1968
f 1968 1936 1937
f 1938 1970 1969
f 1969 1937 1938
f 1939 1971 1970
f 1970 1938 1939
f 1940 1972 1971
f 1971 1939 1940
f 1941 1973 1972
f 1972 1940 1941
f 1942 1974 1973
f 1973 1941 1942
f 1943 1975 1974
f 1974 1942 1943
f 1944 1976 1975
f 1975 1943 1944
f 1945 1977 1976
f 1976 1944 1945
f 1946 1978 1977
f 1977 1945 1946
f 1947 1979 1978
f 1978 1946 1947
f 1948 1980 1979
f 1979 1947 1948
f 1949 1981 1980
f 1980 1948 1949
f 1919 1951 1982
f 1982 1950 1919
f 1950 1982 1981
f 1981 1949 1950
f 1952 1984 1983
f 1983 1951 1952
f 1953 1985 1984
f 1984 1952 1953
f 1954 1986 1985
f 1985 1953 1954
f 1955 1987 1986
f 1986 1954 1955
f 1956 1988 1987
f 1987 1955 1956
f 1957 1989 1988
f 1988 1956 1957
f 1958 1990 1989
f 1989 1957 1958
f 1959 1991 1990
f 1990 1958 1959
f 1960 1992 1991
f 1991 1959 1960
f 1961 1993 1992
f 1992 1960 1961
f 1962 1994 1993
f 1993 1961 1962
f 1963 1995 1994
f 1994 1962 1963
f 1964 1996 1995
f 1995 1963 1964
f 1965 1997 1996
f 1996 1964 1965
f 1966 1998 1997
f 1997 1965 1966
f 1967 1999 1998
f 1998 1966 1967
f 1968 2000 1999
f 1999 1967 1968
f 1969 2001 2000
f 2000 1968 1969
f 1970 2002 2001
f 2001 1969 1970
f 1971 2003 2002
f 2002 1970 1971
f 1972 2004 2003
f 2003 1971 1972
f 1973 2005 2004
f 2004 1972 1973
f 1974 2006 2005
f 2005 1973 1974
f 1975 2007 2006
f 2006 1974 1975
f 1976 2008 2007
f 2007 1975 1976
f 1977 2009 2008
f 2008 1976 1977
f 1978 2010 2009
f 2009 1977 1978
f 1979 2011 2010
f 2010 1978 1979
f 1980 2012 2011
f 2011 1979 1980
f 1981 2013 2012
f 2012 1980 1981
f 1951 1983 2014
f 2014 1982 1951
f 1982 2014 2013
f 2013 1981 1982
f 1984 2016 2015
f 2015 1983 1984
f 1985 2017 2016
f 2016 1984 1985
f 1986 2018 2017
f 2017 1985 1986
f 1987 2019 2018
f 2018 1986 1987
f 1988 2020 2019
f 2019 1987 1988
f 1989 2021 2020
f 2020 1988 1989
f 1990 2022 2021
f 2021 1989 1990
f 1991 2023 2022
f 2022 1990 1991
f 1992 2024 2023
f 2023 1991 1992
f 1993 2025 2024
f 2024 1992 1993
f 1994 2026 2025
f 2025 1993 1994
f 1995 2027 2026
f 2026 1994 1995
f 1996 2028 2027
f 2027 1995 1996
f 1997 2029 2028
f 2028 1996 1997
f 1998 2030 2029
f 2029 1997 1998
f 1999 2031 2030
f 2030 1998 1999
f 2000 2032 2031
f 2031 1999 2000
f 2001 2033 2032
f 2032 2000 2001
f 2002 2034 2033
f 2033 2001 2002
f 2003 2035 2034
f 2034 2002 2003
f 2004 2036 2035
f 2035 2003 2004
f 2005 2037 2036
f 2036 2004 2005
f 2006 2038 2037
f 2037 2005 2006
f 2007 2039 2038
f 2038 2006 2007
f 2008 2040 2039
f 2039 2007 2008
f 2009 2041 2040
f 2040 2008 2009
f 2010 2042 2041
f 2041 2009 2010
f 2011 2043 2042
f 2042 2010 2011
f 2012 2044 2043
f 2043 2011 2012
f 2013 2045 2044
f 2044 2012 2013
f 1983 2015 2046
f 2046 2014 1983
f 2014 2046 2045
f 2045 2013 2014
f 2016 2048 2047
f 2047 2015 2016
f 2017 2049 2048
f 2048 2016 2017
f 2018 2050 2049
f 2049 2017 2018
f 2019 2051 2050
f 2050 2018 2019
f 2020 2052 2051
f 2051 2019 2020
f 2021 2053 2052
f 2052 2020 2021
f 2022 2054 2053
f 2053 2021 2022
f 2023 2055 2054
f 2054 2022 2023
f 2024 2056 2055
f 2055 2023 2024
f 2025 2057 2056
f 2056 2024 2025
f 2026 2058 2057
f 2057 2025 2026
f 2027 2059 2058
f 2058 2026 2027
f 2028 2060 2059
f 2059 2027 2028
f 2029 2061 2060
f 2060 2028 2029
f 2030 2062 2061
f 2061 2029 2030
f 2031 2063 2062
f 2062 2030 2031
f 2032 2064 2063
f 2063 2031 2032
f 2033 2065 2064
f 2064 2032 2033
f 2034 2066 2065
f 2065 2033 2034
f 2035 2067 2066
f 2066 2034 2035
f 2036 2068 2067
f 2067 2035 2036
f 2037 2069 2068
f 2068 2036 2037
f 2038 2070 2069
f 2069 2037 2038
f 2039 2071 2070
f 2070 2038 2039
f 2040 2072 2071
f 2071 2039 2040
f 2041 2073 2072
f 2072 2040 2041
f 2042 2074 2073
f 2073 2041 2042
f 2043 2075 2074
f 2074 2042 2043
f 2044 2076 2075
f 2075 2043 2044
f 2045 2077 2076
f 2076 2044 2045
f 2015 2047 2078
f 2078 2046 2015
f 2046 2078 2077
f 2077 2045 2046
f 2048 2080 2079
f 2079 2047 2048
f 2049 2081 2080
f 2080 2048 2049
f 2050 2082 2081
f 2081 2049 2050
f 2051 2083 2082
f 2082 2050 2051
f 2052 2084 2083
f 2083 2051 2052
f 2053 2085 2084
f 2084 2052 2053
f 2054 2086 2085
f 2085 2053 2054
f 2055 2087 2086
f 2086 2054 2055
f 2056 2088 2087
f 2087 2055 2056
f 2057 2089 2088
f 2088 2056 2057
f 2058 2090 2089
f 2089 2057 2058
f 2059 2091 2090
f 2090 2058 2059
f 2060 2092 2091
f 2091 2059 2060
f 2061 2093 2092
f 2092 2060 2061
f 2062 2094 2093
f 2093 2061 2062
f 2063 2095 2094
f 2094 2062 2063
f 2064 2096 2095
f 2095 2063 2064
f 2065 2097 2096
f 2096 2064 2065
f 2066 2098 2097
f 2097 2065 2066
f 2067 2099 2098
f 2098 2066 2067
f 2068 2100 2099
f 2099 2067 2068
f 2069 2101 2100
f 2100 2068 2069
f 2070 2102 2101
f 2101 2069 2070
f 2071 2103 2102
f 2102 2070 2071
f 2072 2104 2103
f 2103 2071 2072
f 2073 2105 2104
f 2104 2072 2073
f 2074 2106 2105
f 2105 2073 2074
f 2075 2107 2106
f 2106 2074 2075
f 2076 2108 2107
f 2107 2075 2076
f 2077 2109 2108
f 2108 2076 2077
f 2047 2079 2110
f 2110 2078 2047
f 2078 2110 2109
f 2109 2077 2078
f 2080 2112 2111
f 2111 2079 2080
f 2081 2113 2112
f 2112 2080 2081
f 2082 2114 2113
f 2113 2081 2082
f 2083 2115 2114
f 2114 2082 2083
f 2084 2116 2115
f 2115 2083 2084
f 2085 2117 2116
f 2116 2084 2085
f 2086 2118 2117
f 2117 2085 2086
f 2087 2119 2118
f 2118 2086 2087
f 2088 2120 2119
f 2119 2087 2088
f 2089 2121 2120
f 2120 2088 2089
f 2090 2122 2121
f 2121 2089 2090
f 2091 2123 2122
f 2122 2090 2091
f 2092 2124 2123
f 2123 2091 2092
f 2093 2125 2124
f 2124 2092 2093
f 2094 2126 2125
f 2125 2093 2094
f 2095 2127 2126
f 2126 2094 2095
f 2096 2128 2127
f 2127 2095 2096
f 2097 2129 2128
f 2128 2096 2097
f 2098 2130 2129
f 2129 2097 2098
f 2099 2131 2130
f 2130 2098 2099
f 2100 2132 2131
f 2131 2099 2100
f 2101 2133 2132
f 2132 2100 2101
f 2102 2134 2133
f 2133 2101 2102
f 2103 2135 2134
f 2134 2102 2103
f 2104 2136 2135
f 2135 2103 2104
f 2105 2137 2136
f 2136 2104 2105
f 2106 2138 2137
f 2137 2105 2106
f 2107 2139 2138
f 2138 2106 2107
f 2108 2140 2139
f 2139 2107 2108
f 2109 2141 2140
f 2140 2108 2109
f 2079 2111 2142
f 2142 2110 2079
f 2110 2142 2141
f 2141 2109 2110
f 2112 2144 2143
f 2143 2111 2112
f 2113 2145 2144
f 2144 2112 2113
f 2114 2146 2145
f 2145 2113 2114
f 2115 2147 2146
f 2146 2114 2115
f 2116 2148 2147
f 2147 2115 2116
f 2117 2149 2148
f 2148 2116 2117
f 2118 2150 2149
f 2149 2117 2118
f 2119 2151 2150
f 2150 2118 2119
f 2120 2152 2151
f 2151 2119 2120
f 2121 2153 2152
f 2152 2120 2121
f 2122 2154 2153
f 2153 2121 2122
f 2123 2155 2154
f 2154 2122 2123
f 2124 2156 2155
f 2155 2123 2124
f 2125 2157 2156
f 2156 2124 2125
f 2126 2158 2157
f 2157 2125 2126
f 2127 2159 2158
f 2158 2126 2127
f 2128 2160 2159
f 2159 2127 2128
f 2129 2161 2160
f 2160 2128 2129
f 2130 2162 2161
f 2161 2129 2130
f 2131 2163 2162
f 2162 2130 2131
f 2132 2164 2163
f 2163 2131 2132
f 2133 2165 2164
f 2164 2132 2133
f 2134 2166 2165
f 2165 2133 2134
f 2135 2167 2166
f 2166 2134 2135
f 2136 2168 2167
f 2167 2135 2136
f 2137 2169 2168
f 2168 2136 2137
f 2138 2170 2169
f 2169 2137 2138
f 2139 2171 2170
f 2170 2138 2139
f 2140 2172 2171
f 2171 2139 2140
f 2141 2173 2172
f 2172 2140 2141
f 2111 2143 2174
f 2174 2142 2111
f 2142 2174 2173
f 2173 2141 2142
f 2144 2176 2175
f 2175 2143 2144
f 2145 2177 2176
f 2176 2144 2145
f 2146 2178 2177
f 2177 2145 2146
f 2147 2179 2178
f 2178 2146 2147
f 2148 2180 2179
f 2179 2147 2148
f 2149 2181 2180
f 2180 2148 2149
f 2150 2182 2181
f 2181 2149 2150
f 2151 2183 2182
f 2182 2150 2151
f 2152 2184 2183
f 2183 2151 2152
f 2153 2185 2184
f 2184 2152 2153
f 2154 2186 2185
f 2185 2153 2154
f 2155 2187 2186
f 2186 2154 2155
f 2156 2188 2187
f 2187 2155 2156
f 2157 2189 2188
f 2188 2156 2157
f 2158 2190 2189
f 2189 2157 2158
f 2159 2191 2190
f 2190 2158 2159
f 2160 2192 2191
f 2191 2159 2160
f 2161 2193 2192
f 2192 2160 2161
f 2162 2194 2193
f 2193 2161 2162
f 2163 2195 2194
f 2194 2162 2163
f 2164 2196 2195
f 2195 2163 2164
f 2165 2197 2196
f 2196 2164 2165
f 2166 2198 2197
f 2197 2165 2166
f 2167 2199 2198
f 2198 2166 2167
f 2168 2200 2199
f 2199 2167 2168
f 2169 2201 2200
f 2200 2168 2169
f 2170 2202 2201
f 2201 2169 2170
f 2171 2203 2202
f 2202 2170 2171
f 2172 2204 2203
f 2203 2171 2172
f 2173 2205 2204
f 2204 2172 2173
f 2143 2175 2206
f 2206 2174 2143
f 2174 2206 2205
f 2205 2173 2174
f 2227 2226 2194
f 2194 2195 2227
f 2208 2207 2175
f 2175 2176 2208
f 2236 2235 2203
f 2203 2204 2236
f 2225 2224 2192
f 2192 2193 2225
f 2214 2213 2181
f 2181 2182 2214
f 2234 2233 2201
f 2201 2202 2234
f 2212 2211 2179
f 2179 2180 2212
f 2223 2222 2190
f 2190 2191 2223
f 2232 2231 2199
f 2199 2200 2232
f 2210 2209 2177
f 2177 2178 2210
f 2221 2220 2188
f 2188 2189 2221
f 2230 2229 2197
f 2197 2198 2230
f 2238 2237 2205
f 2205 2206 2238
f 2219 2218 2186
f 2186 2187 2219
f 2207 2238 2206
f 2206 2175 2207
f 2217 2216 2184
f 2184 2185 2217
f 2228 2227 2195
f 2195 2196 2228
f 2237 2236 2204
f 2204 2205 2237
f 2226 2225 2193
f 2193 2194 2226
f 2215 2214 2182
f 2182 2183 2215
f 2235 2234 2202
f 2202 2203 2235
f 2224 2223 2191
f 2191 2192 2224
f 2213 2212 2180
f 2180 2181 2213
f 2233 2232 2200
f 2200 2201 2233
f 2211 2210 2178
f 2178 2179 2211
f 2222 2221 2189
f 2189 2190 2222
f 2231 2230 2198
f 2198 2199 2231
f 2209 2208 2176
f 2176 2177 2209
f 2220 2219 2187
f 2187 2188 2220
f 2229 2228 2196
f 2196 2197 2229
f 2216 2215 2183
f 2183 2184 2216
f 1503 1502 2207
f 2207 2208 1503
f 1504 1503 2208
f 2208 2209 1504
f 1505 1504 2209
f 2209 2210 1505
f 1506 1505 2210
f 2210 2211 1506
f 1507 1506 2211
f 2211 2212 1507
f 1508 1507 2212
f 2212 2213 1508
f 1509 1508 2213
f 2213 2214 1509
f 1510 1509 2214
f 2214 2215 1510
f 1511 1510 2215
f 2215 2216 1511
f 1512 1511 2216
f 2216 2217 1512
f 1513 1512 2217
f 2217 2218 1513
f 1514 1513 2218
f 2218 2219 1514
f 1515 1514 2219
f 2219 2220 1515
f 1516 1515 2220
f 2220 2221 1516
f 1517 1516 2221
f 2221 2222 1517
f 1518 1517 2222
f 2222 2223 1518
f 1519 1518 2223
f 2223 2224 1519
f 1520 1519 2224
f 2224 2225 1520
f 1521 1520 2225
f 2225 2226 1521
f 1522 1521 2226
f 2226 2227 1522
f 1523 1522 2227
f 2227 2228 1523
f 1524 1523 2228
f 2228 2229 1524
f 1525 1524 2229
f 2229 2230 1525
f 1526 1525 2230
f 2230 2231 1526
f 1527 1526 2231
f 2231 2232 1527
f 1528 1527 2232
f 2232 2233 1528
f 1529 1528 2233
f 2233 2234 1529
f 1530 1529 2234
f 2234 2235 1530
f 1531 1530 2235
f 2235 2236 1531
f 1532 1531 2236
f 2236 2237 1532
f 1533 1532 2237
f 2237 2238 1533
f 1502 1533 2238
f 2238 2207 1502
f 2218 2217 2185
f 2185 2186 2218
f 2271 2288 2240
f 2240 2239 2271
f 2272 2289 2242
f 2242 2241 2272
f 2273 2290 2244
f 2244 2243 2273
f 2274 2291 2246
f 2246 2245 2274
f 2275 2292 2248
f 2248 2247 2275
f 2276 2293 2250
f 2250 2249 2276
f 2277 2294 2252
f 2252 2251 2277
f 2278 2295 2254
f 2254 2253 2278
f 2279 2296 2256
f 2256 2255 2279
f 2280 2297 2258
f 2258 2257 2280
f 2281 2298 2260
f 2260 2259 2281
f 2282 2299 2262
f 2262 2261 2282
f 2283 2300 2264
f 2264 2263 2283
f 2284 2301 2266
f 2266 2265 2284
f 2285 2302 2268
f 2268 2267 2285
f 2301 2271 2239
f 2239 2266 2301
f 2286 2272 2241
f 2241 2269 2286
f 2287 2273 2243
f 2243 2270 2287
f 2288 2274 2245
f 2245 2240 2288
f 2289 2275 2247
f 2247 2242 2289
f 2290 2276 2249
f 2249 2244 2290
f 2291 2277 2251
f 2251 2246 2291
f 2292 2279 2255
f 2255 2248 2292
f 2293 2278 2253
f 2253 2250 2293
f 2294 2280 2257
f 2257 2252 2294
f 2295 2281 2259
f 2259 2254 2295
f 2296 2282 2261
f 2261 2256 2296
f 2297 2283 2263
f 2263 2258 2297
f 2298 2284 2265
f 2265 2260 2298
f 2299 2285 2267
f 2267 2262 2299
f 2300 2286 2269
f 2269 2264 2300
f 2302 2287 2270
f 2270 2268 2302
f 1501 1500 2288
f 2288 2271 1501
f 1490 1489 2289
f 2289 2272 1490
f 1479 1478 2290
f 2290 2273 1479
f 1499 1498 2291
f 2291 2274 1499
f 1488 1487 2292
f 2292 2275 1488
f 1477 1476 2293
f 2293 2276 1477
f 1497 1496 2294
f 2294 2277 1497
f 1475 1474 2295
f 2295 2278 1475
f 1486 1485 2296
f 2296 2279 1486
f 1495 1494 2297
f 2297 2280 1495
f 1473 1472 2298
f 2298 2281 1473
f 1484 1483 2299
f 2299 2282 1484
f 1493 1492 2300
f 2300 2283 1493
f 1471 1470 2301
f 2301 2284 1471
f 1482 1481 2302
f 2302 2285 1482
f 1470 1501 2271
f 2271 2301 1470
f 1491 1490 2272
f 2272 2286 1491
f 1480 1479 2273
f 2273 2287 1480
f 1500 1499 2274
f 2274 2288 1500
f 1489 1488 2275
f 2275 2289 1489
f 1478 1477 2276
f 2276 2290 1478
f 1498 1497 2277
f 2277 2291 1498
f 1487 1486 2279
f 2279 2292 1487
f 1476 1475 2278
f 2278 2293 1476
f 1496 1495 2280
f 2280 2294 1496
f 1474 1473 2281
f 2281 2295 1474
f 1485 1484 2282
f 2282 2296 1485
f 1494 1493 2283
f 2283 2297 1494
f 1472 1471 2284
f 2284 2298 1472
f 1483 1482 2285
f 2285 2299 1483
f 1492 1491 2286
f 2286 2300 1492
f 1481 1480 2287
f 2287 2302 1481
