# exported from mesh.npz by build_env/build_object_urdf.py
# mesh coordinates preserved (origin convention goal_traj tracks)
v -0.000639 0.028931 0.011521
v 0.002292 0.027855 0.007062
v 0.002292 0.027855 0.007062
v -0.002085 0.027557 0.010617
v -0.002085 0.027557 0.010617
v -0.002085 0.027557 0.010617
v 0.002820 0.030107 0.010570
v 0.002820 0.030107 0.010570
v 0.001143 0.032108 0.015950
v -0.002374 0.029561 0.014658
v -0.002374 0.029561 0.014658
v -0.002374 0.029561 0.014658
v -0.011738 0.004400 0.001361
v -0.011073 0.003632 0.000753
v -0.011073 0.003632 0.000753
v -0.011073 0.003632 0.000753
v -0.011073 0.003632 0.000753
v -0.012486 0.000958 0.001513
v -0.012486 0.000958 0.001513
v -0.014472 -0.004177 0.003927
v -0.014443 0.000841 0.003814
v -0.014443 0.000841 0.003814
v -0.014443 0.000841 0.003814
v -0.013453 -0.003618 0.002565
v -0.013453 -0.003618 0.002565
v -0.043524 0.004182 0.023684
v -0.044538 0.002679 0.023130
v -0.044538 0.002679 0.023130
v -0.044538 0.002679 0.023130
v -0.047852 0.003537 0.025257
v -0.047852 0.003537 0.025257
v -0.047759 0.001039 0.024031
v -0.047759 0.001039 0.024031
v -0.047759 0.001039 0.024031
v -0.045289 0.004736 0.025243
v -0.045289 0.004736 0.025243
v -0.045289 0.004736 0.025243
v -0.049531 0.004270 0.027031
v -0.039468 0.004841 0.022684
v -0.039468 0.004841 0.022684
v -0.041770 0.003161 0.022231
v -0.044036 0.001097 0.022288
v -0.035637 0.004610 0.021391
v -0.035637 0.004610 0.021391
v -0.035637 0.004610 0.021391
v -0.035637 0.004610 0.021391
v -0.038937 0.003168 0.021308
v -0.038937 0.003168 0.021308
v -0.034359 0.003254 0.020119
v -0.034359 0.003254 0.020119
v -0.034359 0.003254 0.020119
v -0.040296 0.000855 0.020836
v -0.042165 -0.000900 0.021086
v -0.039945 -0.002247 0.020191
v -0.036101 0.002092 0.020055
v -0.032441 0.004758 0.020848
v -0.030585 0.001773 0.018558
v -0.030585 0.001773 0.018558
v -0.027974 0.004322 0.019359
v -0.027974 0.004322 0.019359
v -0.027974 0.004322 0.019359
v -0.027974 0.004322 0.019359
v -0.035811 -0.000208 0.019340
v -0.035785 -0.002824 0.018972
v -0.035785 -0.002824 0.018972
v -0.030598 -0.000916 0.017986
v -0.030598 -0.000916 0.017986
v -0.049168 0.004915 0.028172
v -0.049168 0.004915 0.028172
v -0.049168 0.004915 0.028172
v -0.045857 0.004773 0.027855
v -0.047030 0.004958 0.027755
v -0.050297 0.004916 0.030309
v -0.044246 0.005101 0.026276
v -0.044246 0.005101 0.026276
v -0.038620 0.005326 0.023525
v -0.044480 0.004985 0.027029
v -0.044584 0.004278 0.027932
v -0.042915 0.004672 0.026720
v -0.040469 0.005231 0.025089
v -0.040469 0.005231 0.025089
v -0.040469 0.005231 0.025089
v -0.039742 0.004575 0.025889
v -0.039742 0.004575 0.025889
v -0.041694 0.003335 0.027397
v -0.041694 0.003335 0.027397
v -0.046350 0.003869 0.029359
v -0.043759 0.003207 0.028361
v -0.040770 0.001169 0.027919
v -0.040770 0.001169 0.027919
v -0.035830 0.005314 0.023643
v -0.035830 0.005314 0.023643
v -0.035830 0.005314 0.023643
v -0.035870 0.004715 0.024750
v -0.037444 0.003810 0.025781
v -0.039213 0.002571 0.026904
v -0.039213 0.002571 0.026904
v -0.040317 0.001822 0.027613
v -0.038877 0.000576 0.027502
v -0.038877 0.000576 0.027502
v -0.036631 0.002226 0.026310
v -0.036631 0.002226 0.026310
v -0.036631 0.002226 0.026310
v -0.036631 0.002226 0.026310
v -0.034347 0.002893 0.025662
v -0.034347 0.002893 0.025662
v -0.031839 0.005227 0.021888
v -0.033207 0.005285 0.022981
v -0.033432 0.004676 0.024302
v -0.033432 0.004676 0.024302
v -0.029446 0.005392 0.022474
v -0.029446 0.005392 0.022474
v -0.026616 0.005556 0.020930
v -0.026616 0.005556 0.020930
v -0.031669 0.004978 0.023972
v -0.032848 0.003579 0.024997
v -0.032848 0.003579 0.024997
v -0.032848 0.003579 0.024997
v -0.029513 0.004827 0.023801
v -0.029513 0.004827 0.023801
v -0.030025 0.003463 0.024989
v -0.030025 0.003463 0.024989
v -0.032485 0.002457 0.025523
v -0.032485 0.002457 0.025523
v -0.032485 0.002457 0.025523
v -0.027605 0.003919 0.024687
v -0.027605 0.003919 0.024687
v -0.035224 0.001711 0.026331
v -0.033139 0.001426 0.026033
v -0.033139 0.001426 0.026033
v -0.033139 0.001426 0.026033
v -0.036833 0.000101 0.027012
v -0.034518 -0.000415 0.026533
v -0.034518 -0.000415 0.026533
v -0.031415 -0.002338 0.026365
v -0.031415 -0.002338 0.026365
v -0.029569 0.000964 0.026092
v -0.029569 0.000964 0.026092
v -0.031396 0.000359 0.026166
v -0.008066 0.016986 0.003822
v -0.005219 0.019377 0.003034
v -0.006192 0.016095 0.001287
v -0.006192 0.016095 0.001287
v -0.003842 0.022188 0.004596
v -0.003248 0.021190 0.003037
v -0.003248 0.021190 0.003037
v -0.001885 0.023654 0.004393
v -0.001885 0.023654 0.004393
v -0.001885 0.023654 0.004393
v -0.008891 0.019688 0.007796
v -0.008891 0.019688 0.007796
v -0.006415 0.020461 0.005529
v -0.001558 0.020387 0.000962
v -0.006164 0.023004 0.008359
v -0.013486 0.011466 0.006899
v -0.012443 0.009521 0.004020
v -0.015770 0.008978 0.009152
v -0.010933 0.011675 0.003286
v -0.008690 0.012273 0.001239
v -0.008690 0.012273 0.001239
v -0.010465 0.009105 0.001500
v -0.010465 0.009105 0.001500
v -0.010290 0.007862 0.000920
v -0.010290 0.007862 0.000920
v -0.007095 0.012836 0.000588
v -0.011125 0.014765 0.005850
v -0.011125 0.014765 0.005850
v -0.011125 0.014765 0.005850
v -0.011125 0.014765 0.005850
v -0.009467 0.013604 0.002832
v -0.009467 0.013604 0.002832
v -0.012693 0.006786 0.003098
v -0.012693 0.006786 0.003098
v -0.008864 0.008560 0.000536
v -0.014053 0.007057 0.005202
v -0.014053 0.007057 0.005202
v -0.014053 0.007057 0.005202
v -0.012399 0.016764 0.009907
v -0.012399 0.016764 0.009907
v -0.013339 0.013990 0.008728
v -0.015240 0.013124 0.011237
v -0.011615 0.019163 0.011418
v -0.017333 0.010398 0.013159
v -0.010377 0.023613 0.015597
v -0.012041 0.021332 0.015133
v -0.012041 0.021332 0.015133
v -0.011958 0.023284 0.017009
v -0.012074 0.023681 0.017606
v -0.010277 0.024967 0.017827
v -0.010277 0.024967 0.017827
v -0.008748 0.026110 0.017316
v -0.006981 0.028516 0.017777
v -0.006981 0.028516 0.017777
v -0.007063 0.027052 0.016157
v -0.011554 0.024693 0.019987
v -0.011554 0.024693 0.019987
v -0.011554 0.024693 0.019987
v -0.014556 0.018024 0.015389
v -0.014556 0.018024 0.015389
v -0.016182 0.015777 0.015898
v -0.017680 0.012923 0.016038
v -0.017680 0.012923 0.016038
v -0.017680 0.012923 0.016038
v -0.017679 0.014836 0.018150
v -0.017679 0.014836 0.018150
v -0.016460 0.017730 0.017919
v -0.016460 0.017730 0.017919
v -0.019371 0.011916 0.018205
v -0.019371 0.011916 0.018205
v -0.017835 0.015835 0.019872
v -0.014924 0.021504 0.021642
v -0.014924 0.021504 0.021642
v -0.016870 0.018845 0.022039
v -0.016870 0.018845 0.022039
v -0.016870 0.018845 0.022039
v -0.016870 0.018845 0.022039
v -0.016870 0.018845 0.022039
v -0.015785 0.022233 0.023668
v -0.017685 0.018823 0.024038
v -0.017685 0.018823 0.024038
v -0.018515 0.016268 0.022136
v -0.018515 0.016268 0.022136
v -0.019909 0.015963 0.024232
v -0.014162 0.020070 0.017508
v -0.014462 0.020548 0.018925
v -0.014462 0.020548 0.018925
v -0.014462 0.020548 0.018925
v -0.012745 0.022352 0.017320
v -0.012745 0.022352 0.017320
v -0.013296 0.023067 0.020795
v -0.013296 0.023067 0.020795
v -0.016544 0.018566 0.020572
v -0.016544 0.018566 0.020572
v -0.019242 0.014220 0.021551
v -0.019242 0.014220 0.021551
v -0.019242 0.014220 0.021551
v -0.003063 0.025244 0.008002
v -0.004844 0.026354 0.011841
v -0.004844 0.026354 0.011841
v -0.008659 0.023182 0.012110
v -0.008659 0.023182 0.012110
v -0.000226 0.026056 0.006464
v -0.004926 0.029414 0.017629
v -0.004926 0.029414 0.017629
v -0.003520 0.030343 0.017761
v -0.003520 0.030343 0.017761
v -0.003520 0.030343 0.017761
v -0.005643 0.028058 0.015947
v -0.005643 0.028058 0.015947
v -0.006995 0.014055 0.012914
v -0.006995 0.014055 0.012914
v -0.006172 0.015424 0.012900
v -0.006172 0.015424 0.012900
v -0.006172 0.015424 0.012900
v -0.006172 0.015424 0.012900
v -0.008046 0.015282 0.014045
v -0.008046 0.015282 0.014045
v -0.005434 0.013841 0.012062
v -0.005434 0.013841 0.012062
v -0.005109 0.013241 0.011873
v -0.005109 0.013241 0.011873
v -0.005109 0.013241 0.011873
v -0.020936 0.002912 0.016939
v -0.020936 0.002912 0.016939
v -0.019881 0.004812 0.015492
v -0.019881 0.004812 0.015492
v -0.020832 -0.000757 0.015855
v -0.020832 -0.000757 0.015855
v -0.025336 0.001588 0.017590
v -0.025336 0.001588 0.017590
v -0.025914 -0.001246 0.017196
v -0.028060 0.003109 0.018585
v -0.028060 0.003109 0.018585
v -0.030691 -0.003702 0.017791
v -0.034461 -0.005497 0.018771
v -0.025748 -0.004525 0.017080
v -0.028010 -0.006377 0.017730
v -0.021754 0.001201 0.017231
v -0.021754 0.001201 0.017231
v -0.021754 0.001201 0.017231
v -0.022621 -0.002014 0.016949
v -0.022578 0.001430 0.017538
v -0.022578 0.001430 0.017538
v -0.021688 -0.000957 0.016739
v -0.022410 -0.004650 0.016884
v -0.022707 -0.006481 0.017209
v -0.022707 -0.006481 0.017209
v -0.025940 -0.007872 0.018096
v -0.017360 0.006551 0.010746
v -0.017360 0.006551 0.010746
v -0.015365 0.003271 0.005865
v -0.017424 0.002777 0.009457
v -0.017007 -0.000679 0.007966
v -0.013661 0.003222 0.003168
v -0.013661 0.003222 0.003168
v -0.019514 0.001011 0.013185
v -0.019514 0.001011 0.013185
v -0.019277 -0.002514 0.012344
v -0.017283 -0.003980 0.008587
v -0.016005 -0.008071 0.007235
v -0.018461 -0.007102 0.011570
v -0.018461 -0.007102 0.011570
v -0.017199 -0.011465 0.010862
v -0.017199 -0.011465 0.010862
v -0.020557 -0.003798 0.015195
v -0.021141 -0.002352 0.016146
v -0.020908 -0.005658 0.016106
v -0.020908 -0.005658 0.016106
v -0.020908 -0.005658 0.016106
v -0.020908 -0.005658 0.016106
v -0.021703 -0.004169 0.016555
v -0.021703 -0.004169 0.016555
v -0.020268 -0.006847 0.015440
v -0.020268 -0.006847 0.015440
v -0.019810 -0.009802 0.015710
v -0.021194 -0.006957 0.016760
v -0.021194 -0.006957 0.016760
v -0.022031 -0.006738 0.017195
v -0.022570 -0.008069 0.017993
v -0.022570 -0.008069 0.017993
v -0.022195 -0.008811 0.018421
v -0.022195 -0.008811 0.018421
v -0.023341 -0.008884 0.018735
v -0.021028 -0.009305 0.017683
v -0.021028 -0.009305 0.017683
v -0.018840 -0.013790 0.015864
v -0.018840 -0.013790 0.015864
v -0.025229 0.005069 0.019582
v -0.025229 0.005069 0.019582
v -0.025229 0.005069 0.019582
v -0.024857 0.003737 0.018486
v -0.024857 0.003737 0.018486
v -0.024092 0.005706 0.021801
v -0.025254 0.005677 0.021939
v -0.025034 0.005092 0.023372
v -0.025034 0.005092 0.023372
v -0.023012 0.005854 0.022750
v -0.023012 0.005854 0.022750
v -0.022548 0.005819 0.021041
v -0.022548 0.005819 0.021041
v -0.019026 0.010064 0.016564
v -0.019026 0.010064 0.016564
v -0.019026 0.010064 0.016564
v -0.020377 0.007112 0.017678
v -0.020789 0.007873 0.019470
v -0.020789 0.007873 0.019470
v -0.020650 0.010789 0.021576
v -0.020650 0.010789 0.021576
v -0.020650 0.010789 0.021576
v -0.020650 0.010789 0.021576
v -0.020650 0.010789 0.021576
v -0.020650 0.010789 0.021576
v -0.021705 0.005651 0.019189
v -0.021705 0.005651 0.019189
v -0.020298 0.005639 0.016759
v -0.020298 0.005639 0.016759
v -0.021678 0.004705 0.018251
v -0.022180 0.004950 0.019021
v -0.022404 0.003356 0.018238
v -0.022759 0.004662 0.019087
v -0.021864 0.006960 0.021583
v -0.021864 0.006960 0.021583
v -0.021864 0.006960 0.021583
v -0.021389 0.008705 0.021641
v -0.021389 0.008705 0.021641
v -0.022037 0.006408 0.021275
v -0.022701 0.005515 0.020394
v -0.022701 0.005515 0.020394
v -0.022467 0.009041 0.023596
v -0.020540 0.012550 0.023122
v -0.021141 0.013769 0.026095
v -0.021141 0.013769 0.026095
v -0.021721 0.011753 0.025573
v -0.021721 0.011753 0.025573
v -0.022492 0.010408 0.026532
v -0.022393 0.007555 0.023172
v -0.022393 0.007555 0.023172
v -0.022760 0.006236 0.023495
v -0.022760 0.006236 0.023495
v -0.023229 0.007895 0.026392
v -0.023368 0.010021 0.029113
v -0.023368 0.010021 0.029113
v -0.023368 0.010021 0.029113
v -0.024010 0.007546 0.028163
v -0.024010 0.007546 0.028163
v -0.025575 0.004046 0.024645
v -0.025575 0.004046 0.024645
v -0.025575 0.004046 0.024645
v -0.024287 0.004308 0.024932
v -0.024287 0.004308 0.024932
v -0.024287 0.004308 0.024932
v -0.024287 0.004308 0.024932
v -0.024287 0.004308 0.024932
v -0.023982 0.005119 0.024071
v -0.023982 0.005119 0.024071
v -0.023982 0.005119 0.024071
v -0.024254 0.006276 0.027768
v -0.024254 0.006276 0.027768
v -0.024746 0.006500 0.029070
v -0.024854 0.005161 0.028986
v -0.023595 0.006049 0.026492
v -0.028388 0.000560 0.026157
v -0.028388 0.000560 0.026157
v -0.027933 0.002416 0.025471
v -0.001266 0.031118 0.016135
v -0.002310 0.030790 0.016655
v -0.001668 0.032087 0.017750
v -0.001151 0.032239 0.017444
v -0.001151 0.032239 0.017444
v -0.001053 0.031787 0.016615
v -0.001053 0.031787 0.016615
v 0.001027 0.033156 0.018601
v 0.001027 0.033156 0.018601
v 0.001027 0.033156 0.018601
v -0.000495 0.032963 0.020055
v -0.000495 0.032963 0.020055
v -0.000495 0.032963 0.020055
v -0.000495 0.032963 0.020055
v -0.002548 0.031883 0.019974
v -0.002548 0.031883 0.019974
v 0.004601 0.033533 0.016137
v 0.005511 0.035157 0.017997
v 0.006472 0.035188 0.017499
v 0.007223 0.034133 0.015756
v 0.007223 0.034133 0.015756
v 0.007223 0.034133 0.015756
v 0.006011 0.031362 0.010643
v 0.002986 0.033780 0.018256
v -0.002614 0.032779 0.022431
v -0.002614 0.032779 0.022431
v 0.000977 0.034403 0.022067
v 0.000977 0.034403 0.022067
v 0.003544 0.034597 0.019884
v 0.003544 0.034597 0.019884
v 0.003544 0.034597 0.019884
v 0.003544 0.034597 0.019884
v -0.001724 0.034021 0.024835
v -0.001724 0.034021 0.024835
v -0.000014 0.034704 0.024047
v -0.000014 0.034704 0.024047
v 0.002917 0.035266 0.022100
v 0.001648 0.035918 0.023750
v 0.001648 0.035918 0.023750
v 0.001648 0.035918 0.023750
v 0.004866 0.035921 0.022504
v 0.002788 0.036264 0.023795
v 0.002788 0.036264 0.023795
v 0.002788 0.036264 0.023795
v 0.005612 0.035566 0.020754
v 0.005612 0.035566 0.020754
v 0.008686 0.034850 0.016690
v 0.008686 0.034850 0.016690
v 0.007817 0.035766 0.019513
v 0.007817 0.035766 0.019513
v 0.007817 0.035766 0.019513
v 0.007817 0.035766 0.019513
v 0.007733 0.036208 0.021069
v 0.007733 0.036208 0.021069
v 0.007733 0.036208 0.021069
v 0.009745 0.035925 0.019195
v 0.009745 0.035925 0.019195
v 0.009745 0.035925 0.019195
v 0.007834 0.036793 0.022301
v 0.010087 0.036903 0.021652
v -0.002545 0.035541 0.028691
v -0.002545 0.035541 0.028691
v -0.001068 0.035295 0.027149
v -0.001068 0.035295 0.027149
v -0.001068 0.035295 0.027149
v -0.002857 0.034203 0.026887
v -0.002857 0.034203 0.026887
v -0.002857 0.034203 0.026887
v -0.002003 0.035964 0.029088
v -0.002003 0.035964 0.029088
v 0.000584 0.036171 0.027884
v 0.000584 0.036171 0.027884
v 0.000931 0.036845 0.029896
v -0.001053 0.036517 0.031392
v -0.000096 0.037230 0.032367
v -0.000096 0.037230 0.032367
v -0.001575 0.036909 0.033889
v -0.001575 0.036909 0.033889
v -0.001575 0.036909 0.033889
v 0.003706 0.039382 0.035485
v 0.003500 0.038978 0.033748
v 0.003500 0.038978 0.033748
v 0.001380 0.038765 0.033944
v 0.001380 0.038765 0.033944
v 0.000160 0.038181 0.034134
v -0.000813 0.037994 0.036428
v 0.000993 0.038800 0.034852
v 0.000993 0.038800 0.034852
v 0.000414 0.035580 0.026074
v 0.000414 0.035580 0.026074
v 0.002964 0.036701 0.026434
v 0.004866 0.036699 0.024729
v 0.004866 0.036699 0.024729
v 0.003537 0.037484 0.027802
v 0.003131 0.037840 0.030135
v 0.003131 0.037840 0.030135
v 0.005629 0.037261 0.025729
v 0.005629 0.037261 0.025729
v 0.004719 0.038292 0.028263
v 0.005429 0.038554 0.028241
v 0.005429 0.038554 0.028241
v 0.006521 0.037007 0.024148
v 0.006521 0.037007 0.024148
v 0.007642 0.037926 0.026099
v 0.007642 0.037926 0.026099
v 0.008998 0.037973 0.023521
v 0.008998 0.037973 0.023521
v 0.010056 0.038015 0.023635
v 0.010056 0.038015 0.023635
v 0.010056 0.038015 0.023635
v 0.010858 0.037338 0.022301
v 0.011725 0.037977 0.024309
v 0.011725 0.037977 0.024309
v 0.006994 0.038256 0.027325
v 0.010473 0.038382 0.026206
v 0.010473 0.038382 0.026206
v 0.007949 0.039784 0.032474
v 0.006969 0.039006 0.030689
v 0.006969 0.039006 0.030689
v 0.005940 0.039517 0.033664
v 0.002565 0.038194 0.032055
v 0.002565 0.038194 0.032055
v 0.003754 0.038352 0.031466
v 0.008200 0.038693 0.028693
v 0.010362 0.039236 0.029115
v 0.011792 0.038943 0.027133
v 0.013134 0.039914 0.028294
v 0.011417 0.039818 0.031041
v 0.001709 0.039062 0.036776
v -0.001432 0.038139 0.038340
v -0.001432 0.038139 0.038340
v 0.002172 0.039741 0.039193
v 0.004054 0.039967 0.037571
v 0.004054 0.039967 0.037571
v 0.002105 0.040247 0.041973
v 0.002105 0.040247 0.041973
v -0.000864 0.038968 0.040940
v -0.000864 0.038968 0.040940
v -0.000864 0.038968 0.040940
v 0.004288 0.041131 0.040088
v 0.004288 0.041131 0.040088
v 0.004288 0.041131 0.040088
v 0.000783 0.040109 0.043712
v 0.002446 0.040941 0.044481
v 0.002446 0.040941 0.044481
v 0.003798 0.041012 0.043322
v 0.004830 0.041315 0.040140
v 0.004830 0.041315 0.040140
v 0.004830 0.041315 0.040140
v 0.004830 0.041315 0.040140
v 0.005783 0.041501 0.042689
v 0.005783 0.041501 0.042689
v 0.000527 0.041170 0.046243
v 0.003467 0.041564 0.046578
v 0.007749 0.042192 0.044020
v 0.007749 0.042192 0.044020
v 0.005469 0.041951 0.045949
v 0.005469 0.041951 0.045949
v 0.008383 0.040941 0.034351
v 0.008383 0.040941 0.034351
v 0.008383 0.040941 0.034351
v 0.009042 0.040939 0.033906
v 0.009042 0.040939 0.033906
v 0.009042 0.040939 0.033906
v 0.009042 0.040939 0.033906
v 0.006369 0.040264 0.036130
v 0.009102 0.041092 0.034792
v 0.008717 0.040976 0.036719
v 0.008562 0.041195 0.038548
v 0.010429 0.041136 0.036763
v 0.010429 0.041136 0.036763
v 0.010429 0.041136 0.036763
v 0.005640 0.040542 0.037910
v 0.005640 0.040542 0.037910
v 0.006815 0.041041 0.038843
v 0.006815 0.041041 0.038843
v 0.009539 0.040184 0.032625
v 0.010748 0.040209 0.032516
v 0.011583 0.040770 0.034424
v 0.011583 0.040770 0.034424
v 0.012763 0.040149 0.031805
v 0.012763 0.040149 0.031805
v 0.012763 0.040149 0.031805
v 0.013491 0.040737 0.033736
v 0.016251 0.040441 0.032107
v 0.016251 0.040441 0.032107
v 0.014634 0.041501 0.036629
v 0.016535 0.041603 0.034432
v 0.016535 0.041603 0.034432
v 0.010970 0.041766 0.038974
v 0.007469 0.041620 0.041581
v 0.009707 0.042390 0.043600
v 0.010230 0.042071 0.041287
v 0.010230 0.042071 0.041287
v 0.012554 0.042758 0.040635
v 0.011213 0.042510 0.043308
v 0.011213 0.042510 0.043308
v 0.011213 0.042510 0.043308
v 0.013692 0.041768 0.037973
v 0.013692 0.041768 0.037973
v 0.017001 0.041749 0.037812
v 0.014595 0.042575 0.041131
v 0.014595 0.042575 0.041131
v 0.013298 0.042575 0.039936
v 0.013298 0.042575 0.039936
v 0.015925 0.042179 0.039848
v 0.017616 0.042163 0.039686
v 0.017616 0.042163 0.039686
v 0.002001 0.041450 0.047482
v 0.000754 0.041037 0.048783
v 0.000754 0.041037 0.048783
v 0.002477 0.041586 0.049377
v 0.002477 0.041586 0.049377
v 0.005809 0.042330 0.048089
v 0.005809 0.042330 0.048089
v 0.008398 0.043142 0.045899
v 0.004089 0.042342 0.050037
v 0.004089 0.042342 0.050037
v 0.002231 0.042101 0.052962
v 0.002806 0.042157 0.051189
v 0.004314 0.043231 0.051707
v 0.004314 0.043231 0.051707
v 0.006153 0.042760 0.049947
v 0.007890 0.042957 0.049111
v 0.004934 0.043431 0.052205
v 0.004934 0.043431 0.052205
v 0.004476 0.043278 0.052830
v 0.003542 0.042607 0.054759
v 0.007095 0.043167 0.051450
v 0.007312 0.043291 0.052684
v 0.007312 0.043291 0.052684
v 0.005273 0.043207 0.053806
v 0.005273 0.043207 0.053806
v 0.006429 0.043323 0.054619
v 0.006429 0.043323 0.054619
v 0.003018 0.042708 0.056817
v 0.003018 0.042708 0.056817
v 0.006443 0.043567 0.057554
v 0.007767 0.043749 0.056148
v 0.009326 0.043921 0.055490
v 0.009326 0.043921 0.055490
v 0.010703 0.043948 0.053218
v 0.010703 0.043948 0.053218
v 0.009270 0.043342 0.046341
v 0.010346 0.043108 0.045801
v 0.010346 0.043108 0.045801
v 0.012047 0.043169 0.046827
v 0.012047 0.043169 0.046827
v 0.014212 0.042771 0.043208
v 0.014212 0.042771 0.043208
v 0.008424 0.043261 0.046785
v 0.008424 0.043261 0.046785
v 0.009908 0.043258 0.048427
v 0.017791 0.042476 0.041631
v 0.017791 0.042476 0.041631
v 0.017006 0.042947 0.043777
v 0.015228 0.043209 0.044819
v 0.015228 0.043209 0.044819
v 0.019136 0.042741 0.043312
v 0.014413 0.043378 0.046285
v 0.014714 0.043580 0.048149
v 0.016502 0.043870 0.045815
v 0.016502 0.043870 0.045815
v 0.016502 0.043870 0.045815
v 0.018119 0.043092 0.044257
v 0.017472 0.043767 0.045615
v 0.017472 0.043767 0.045615
v 0.016918 0.043937 0.046589
v 0.010910 0.043668 0.050703
v 0.010910 0.043668 0.050703
v 0.012177 0.043863 0.050367
v 0.012177 0.043863 0.050367
v 0.014605 0.043795 0.049566
v 0.012343 0.044417 0.052164
v 0.013452 0.044513 0.051611
v 0.013452 0.044513 0.051611
v 0.016534 0.043991 0.051288
v 0.013165 0.044566 0.052940
v 0.013165 0.044566 0.052940
v 0.014252 0.044560 0.052835
v 0.016569 0.043669 0.048634
v 0.016569 0.043669 0.048634
v 0.018877 0.043587 0.048675
v 0.019949 0.043110 0.045952
v 0.019949 0.043110 0.045952
v 0.020685 0.043769 0.049895
v 0.020685 0.043769 0.049895
v 0.018830 0.043964 0.050730
v 0.018830 0.043964 0.050730
v -0.018562 0.022320 0.033003
v -0.018562 0.022320 0.033003
v -0.018412 0.023945 0.034454
v -0.018412 0.023945 0.034454
v -0.017439 0.023482 0.032260
v -0.019012 0.020732 0.031345
v -0.019012 0.020732 0.031345
v -0.020160 0.019951 0.033672
v -0.020160 0.019951 0.033672
v -0.019775 0.021223 0.034756
v -0.019775 0.021223 0.034756
v -0.020542 0.020969 0.037383
v -0.020542 0.020969 0.037383
v -0.020793 0.019884 0.035704
v -0.020793 0.019884 0.035704
v -0.010534 0.033863 0.040147
v -0.010534 0.033863 0.040147
v -0.010534 0.033863 0.040147
v -0.012271 0.031639 0.039988
v -0.012400 0.031952 0.041908
v -0.014728 0.027402 0.033985
v -0.014728 0.027402 0.033985
v -0.014728 0.027402 0.033985
v -0.016268 0.025685 0.034344
v -0.016994 0.025486 0.036222
v -0.016994 0.025486 0.036222
v -0.014217 0.028877 0.036326
v -0.015837 0.027203 0.037399
v -0.015837 0.027203 0.037399
v -0.014681 0.028738 0.038016
v -0.017293 0.026079 0.038668
v -0.017293 0.026079 0.038668
v -0.019335 0.022663 0.036503
v -0.018363 0.024196 0.035391
v -0.018363 0.024196 0.035391
v -0.018360 0.024199 0.037265
v -0.018360 0.024199 0.037265
v -0.019548 0.023067 0.038823
v -0.018349 0.025318 0.040604
v -0.018349 0.025318 0.040604
v -0.019915 0.023305 0.040848
v -0.021703 0.021310 0.040245
v -0.021703 0.021310 0.040245
v -0.019213 0.024926 0.043300
v -0.019213 0.024926 0.043300
v -0.020610 0.023345 0.044169
v -0.020610 0.023345 0.044169
v -0.020218 0.025323 0.045943
v -0.020218 0.025323 0.045943
v -0.020218 0.025323 0.045943
v -0.021356 0.023159 0.046832
v -0.021356 0.023159 0.046832
v -0.020249 0.025501 0.046653
v -0.014236 0.029747 0.039995
v -0.016082 0.028439 0.039769
v -0.016082 0.028439 0.039769
v -0.016684 0.027879 0.039792
v -0.016684 0.027879 0.039792
v -0.016848 0.027893 0.040670
v -0.014986 0.029542 0.042035
v -0.014986 0.029542 0.042035
v -0.015586 0.029188 0.042997
v -0.015586 0.029188 0.042997
v -0.017256 0.027350 0.042514
v -0.018278 0.026460 0.044166
v -0.015683 0.029579 0.044789
v -0.015683 0.029579 0.044789
v -0.021115 0.022196 0.042837
v -0.021115 0.022196 0.042837
v -0.018163 0.027139 0.045959
v -0.023593 0.011503 0.031445
v -0.023593 0.011503 0.031445
v -0.024718 0.009954 0.033019
v -0.024718 0.009954 0.033019
v -0.023313 0.012738 0.032087
v -0.022204 0.017833 0.034403
v -0.022204 0.017833 0.034403
v -0.020812 0.018065 0.031969
v -0.020812 0.018065 0.031969
v -0.022015 0.015459 0.031592
v -0.022015 0.015459 0.031592
v -0.022588 0.017211 0.034579
v -0.022588 0.017211 0.034579
v -0.022588 0.017211 0.034579
v -0.023572 0.013923 0.034760
v -0.023135 0.016254 0.036657
v -0.023135 0.016254 0.036657
v -0.021951 0.019051 0.038158
v -0.022181 0.018128 0.036446
v -0.023544 0.015957 0.038167
v -0.023544 0.015957 0.038167
v -0.025210 0.010625 0.034522
v -0.024739 0.012579 0.037407
v -0.024739 0.012579 0.037407
v -0.024360 0.013959 0.037792
v -0.024360 0.013959 0.037792
v -0.025168 0.014264 0.039907
v -0.025168 0.014264 0.039907
v -0.025675 0.010354 0.038620
v -0.025675 0.010354 0.038620
v -0.024138 0.017608 0.044720
v -0.023099 0.017904 0.040831
v -0.023099 0.017904 0.040831
v -0.024602 0.015724 0.042845
v -0.022413 0.019951 0.042634
v -0.025933 0.012740 0.043464
v -0.025933 0.012740 0.043464
v -0.026085 0.011357 0.041935
v -0.026085 0.011357 0.041935
v -0.026085 0.011357 0.041935
v -0.022702 0.020165 0.044677
v -0.022209 0.022042 0.048420
v -0.022209 0.022042 0.048420
v -0.024380 0.018843 0.047028
v -0.024380 0.018843 0.047028
v -0.025255 0.015739 0.046411
v -0.027386 0.011243 0.046853
v -0.027386 0.011243 0.046853
v -0.025932 0.014882 0.048438
v -0.024955 0.017746 0.049978
v -0.027410 0.008891 0.045024
v -0.027059 0.008332 0.042329
v -0.027247 0.011842 0.049004
v -0.027247 0.011842 0.049004
v -0.027961 0.009219 0.049427
v -0.026607 0.015830 0.051898
v -0.026607 0.015830 0.051898
v -0.026173 0.015337 0.050133
v -0.026970 0.013120 0.050835
v -0.026970 0.013120 0.050835
v -0.027859 0.010763 0.052403
v -0.005363 0.030248 0.020661
v -0.005363 0.030248 0.020661
v -0.005363 0.030248 0.020661
v -0.005363 0.030248 0.020661
v -0.005579 0.031220 0.022640
v -0.004101 0.031500 0.021413
v -0.006889 0.029239 0.020601
v -0.006889 0.029239 0.020601
v -0.006889 0.029239 0.020601
v -0.006889 0.029239 0.020601
v -0.008926 0.028878 0.023564
v -0.008926 0.028878 0.023564
v -0.007043 0.030283 0.023512
v -0.007043 0.030283 0.023512
v -0.010466 0.026495 0.021353
v -0.010466 0.026495 0.021353
v -0.012402 0.025221 0.022863
v -0.008738 0.027420 0.019877
v -0.008738 0.027420 0.019877
v -0.008738 0.027420 0.019877
v -0.008738 0.027420 0.019877
v -0.008738 0.027420 0.019877
v -0.009373 0.027631 0.021577
v -0.009373 0.027631 0.021577
v -0.009373 0.027631 0.021577
v -0.011325 0.027670 0.024056
v -0.011325 0.027670 0.024056
v -0.010042 0.028762 0.025644
v -0.010042 0.028762 0.025644
v -0.011221 0.027152 0.023039
v -0.013012 0.025711 0.025197
v -0.009124 0.029862 0.026536
v -0.011746 0.027589 0.026670
v -0.011746 0.027589 0.026670
v -0.013194 0.026175 0.026643
v -0.012075 0.028086 0.028903
v -0.012075 0.028086 0.028903
v -0.012075 0.028086 0.028903
v -0.009422 0.031255 0.029858
v -0.009065 0.031408 0.028547
v -0.009065 0.031408 0.028547
v -0.010538 0.029488 0.028476
v -0.010538 0.029488 0.028476
v -0.010538 0.029488 0.028476
v -0.010373 0.030730 0.031751
v -0.010373 0.030730 0.031751
v -0.005238 0.032469 0.023791
v -0.005238 0.032469 0.023791
v -0.003138 0.033506 0.025069
v -0.003138 0.033506 0.025069
v -0.007158 0.031215 0.026241
v -0.006252 0.032062 0.026625
v -0.006252 0.032062 0.026625
v -0.006570 0.032565 0.028573
v -0.004524 0.033162 0.026805
v -0.004524 0.033162 0.026805
v -0.014032 0.023725 0.023579
v -0.015303 0.023709 0.026778
v -0.015303 0.023709 0.026778
v -0.016305 0.021863 0.024231
v -0.016305 0.021863 0.024231
v -0.017209 0.021348 0.027282
v -0.017209 0.021348 0.027282
v -0.017753 0.020104 0.026250
v -0.018908 0.018098 0.025990
v -0.018908 0.018098 0.025990
v -0.017007 0.022611 0.029538
v -0.017007 0.022611 0.029538
v -0.019459 0.019525 0.028746
v -0.019656 0.019101 0.028551
v -0.020255 0.016349 0.027067
v -0.020255 0.016349 0.027067
v -0.014647 0.026107 0.028547
v -0.014647 0.026107 0.028547
v -0.015792 0.025010 0.031154
v -0.014312 0.026744 0.031091
v -0.015787 0.025596 0.032830
v -0.013011 0.028387 0.031991
v -0.013011 0.028387 0.031991
v -0.011816 0.029871 0.032673
v -0.011816 0.029871 0.032673
v -0.013397 0.029621 0.034081
v -0.012677 0.030106 0.033904
v -0.012677 0.030106 0.033904
v -0.008002 0.032431 0.031348
v -0.008002 0.032431 0.031348
v -0.010612 0.031324 0.034084
v -0.010612 0.031324 0.034084
v -0.013150 0.030056 0.034981
v -0.012572 0.030498 0.036292
v -0.012572 0.030498 0.036292
v -0.007109 0.033449 0.032572
v -0.008549 0.033120 0.034941
v -0.004878 0.034084 0.030278
v -0.004878 0.034084 0.030278
v -0.003310 0.034578 0.028151
v -0.003310 0.034578 0.028151
v -0.003762 0.035214 0.031622
v -0.003762 0.035214 0.031622
v -0.003762 0.035214 0.031622
v -0.005598 0.034399 0.032403
v -0.007983 0.034039 0.036779
v -0.007983 0.034039 0.036779
v -0.006760 0.034996 0.034592
v -0.006760 0.034996 0.034592
v -0.006760 0.034996 0.034592
v -0.006279 0.035148 0.034068
v -0.006279 0.035148 0.034068
v -0.007356 0.034644 0.037566
v -0.006059 0.035469 0.035001
v -0.005020 0.036011 0.037244
v -0.011414 0.031491 0.037062
v -0.011414 0.031491 0.037062
v -0.010515 0.032624 0.038089
v -0.010296 0.033900 0.039862
v -0.009179 0.033865 0.038642
v -0.009179 0.033865 0.038642
v -0.009179 0.033865 0.038642
v -0.008538 0.034823 0.040690
v -0.008538 0.034823 0.040690
v -0.004604 0.035582 0.033815
v -0.003683 0.036210 0.034890
v -0.002689 0.037170 0.037151
v -0.021037 0.015140 0.027550
v -0.020930 0.016338 0.029199
v -0.020930 0.016338 0.029199
v -0.022586 0.013260 0.028524
v -0.022586 0.013260 0.028524
v -0.024884 0.007558 0.032041
v -0.024884 0.007558 0.032041
v -0.024562 0.007306 0.029903
v -0.024562 0.007306 0.029903
v -0.011554 0.032918 0.042721
v -0.011554 0.032918 0.042721
v -0.012294 0.032684 0.044395
v -0.009446 0.034510 0.042833
v -0.009446 0.034510 0.042833
v -0.009152 0.035356 0.046048
v -0.009152 0.035356 0.046048
v -0.012183 0.033267 0.046620
v -0.012183 0.033267 0.046620
v -0.011636 0.034024 0.048857
v -0.008452 0.036315 0.047538
v -0.006886 0.037642 0.046589
v -0.006886 0.037642 0.046589
v -0.007570 0.037046 0.046043
v -0.009362 0.035648 0.048436
v -0.007261 0.037337 0.050570
v -0.007261 0.037337 0.050570
v -0.009648 0.036011 0.050529
v -0.009648 0.036011 0.050529
v -0.011409 0.035479 0.051681
v -0.011409 0.035479 0.051681
v -0.011409 0.035479 0.051681
v -0.011326 0.034694 0.050139
v -0.010882 0.035919 0.052232
v -0.006944 0.037385 0.048783
v -0.006944 0.037385 0.048783
v -0.006944 0.037385 0.048783
v -0.016108 0.029778 0.047754
v -0.016108 0.029778 0.047754
v -0.018432 0.027498 0.049323
v -0.018432 0.027498 0.049323
v -0.018432 0.027498 0.049323
v -0.018432 0.027498 0.049323
v -0.019066 0.026525 0.047929
v -0.019066 0.026525 0.047929
v -0.020531 0.024783 0.048969
v -0.020531 0.024783 0.048969
v -0.018275 0.028498 0.051297
v -0.016871 0.029370 0.049408
v -0.019194 0.027348 0.052731
v -0.019194 0.027348 0.052731
v -0.020758 0.025160 0.052118
v -0.014271 0.032014 0.045994
v -0.013886 0.031291 0.044085
v -0.013886 0.031291 0.044085
v -0.014690 0.031641 0.046388
v -0.013177 0.032714 0.048539
v -0.014821 0.031384 0.049266
v -0.014821 0.031384 0.049266
v -0.015507 0.030998 0.050438
v -0.015507 0.030998 0.050438
v -0.017492 0.030099 0.051841
v -0.017492 0.030099 0.051841
v -0.017492 0.030099 0.051841
v -0.017989 0.029579 0.052560
v -0.016809 0.030459 0.054761
v -0.014746 0.031992 0.052525
v -0.014746 0.031992 0.052525
v -0.018599 0.028387 0.054941
v -0.019900 0.026959 0.055832
v -0.012796 0.033446 0.050808
v -0.012796 0.033446 0.050808
v -0.012888 0.033797 0.052519
v -0.012888 0.033797 0.052519
v -0.011530 0.035472 0.052937
v -0.016877 0.031562 0.066570
v -0.018395 0.030664 0.064665
v -0.018097 0.030369 0.066819
v -0.009689 0.036328 0.054582
v -0.008458 0.036949 0.052684
v -0.011278 0.035266 0.054483
v -0.008157 0.037460 0.055396
v -0.005151 0.039090 0.054012
v -0.005588 0.038608 0.051914
v -0.009569 0.036801 0.057384
v -0.005971 0.038857 0.055835
v -0.005971 0.038857 0.055835
v -0.007988 0.038601 0.057819
v -0.009104 0.037417 0.059653
v -0.007990 0.038517 0.058764
v -0.007258 0.038963 0.058013
v -0.007258 0.038963 0.058013
v -0.007258 0.038963 0.058013
v -0.004596 0.039635 0.056975
v -0.004754 0.039814 0.060050
v -0.004754 0.039814 0.060050
v -0.005839 0.039366 0.058757
v -0.008157 0.038007 0.061532
v -0.008157 0.038007 0.061532
v -0.011427 0.035600 0.059680
v -0.011427 0.035600 0.059680
v -0.011427 0.035600 0.059680
v -0.007366 0.038547 0.060235
v -0.002062 0.040983 0.058457
v -0.001380 0.041377 0.060571
v -0.012647 0.034141 0.054357
v -0.012647 0.034141 0.054357
v -0.014748 0.032524 0.055534
v -0.012723 0.034395 0.057085
v -0.012723 0.034395 0.057085
v -0.015070 0.033208 0.058378
v -0.015070 0.033208 0.058378
v -0.015070 0.033208 0.058378
v -0.015562 0.032775 0.058398
v -0.013530 0.034054 0.060185
v -0.013530 0.034054 0.060185
v -0.016729 0.030786 0.057088
v -0.019273 0.028181 0.058155
v -0.017266 0.030443 0.059292
v -0.019497 0.028132 0.060769
v -0.015751 0.032225 0.060969
v -0.015751 0.032225 0.060969
v -0.017128 0.030981 0.061828
v -0.017128 0.030981 0.061828
v -0.019038 0.029001 0.062633
v -0.013035 0.034751 0.062717
v -0.009835 0.037182 0.062750
v -0.011385 0.035997 0.061755
v -0.011240 0.036786 0.063779
v -0.012063 0.036288 0.063952
v -0.012063 0.036288 0.063952
v -0.013669 0.034378 0.065198
v -0.015808 0.032360 0.064079
v -0.018315 0.030643 0.063945
v -0.018315 0.030643 0.063945
v -0.013987 0.034334 0.068328
v -0.008766 0.037764 0.063251
v -0.008766 0.037764 0.063251
v -0.008766 0.037764 0.063251
v -0.022968 0.023374 0.060811
v -0.022530 0.023950 0.059420
v -0.022530 0.023950 0.059420
v -0.023601 0.022083 0.058439
v -0.023601 0.022083 0.058439
v -0.025209 0.020301 0.059156
v -0.025209 0.020301 0.059156
v -0.024540 0.020089 0.056147
v -0.024540 0.020089 0.056147
v -0.025641 0.019615 0.058777
v -0.024569 0.020898 0.061817
v -0.024569 0.020898 0.061817
v -0.025683 0.019156 0.060493
v -0.025683 0.019156 0.060493
v -0.027718 0.013863 0.060119
v -0.027718 0.013863 0.060119
v -0.026469 0.016840 0.059767
v -0.026469 0.016840 0.059767
v -0.027286 0.014461 0.057963
v -0.025819 0.017697 0.056767
v -0.025819 0.017697 0.056767
v -0.026410 0.017445 0.061764
v -0.026410 0.017445 0.061764
v -0.027675 0.014405 0.061804
v -0.027675 0.014405 0.061804
v -0.027892 0.012246 0.055885
v -0.027892 0.012246 0.055885
v -0.028716 0.011894 0.058577
v -0.028716 0.011894 0.058577
v -0.028884 0.011176 0.059307
v -0.028884 0.011176 0.059307
v -0.028653 0.011369 0.061423
v -0.028653 0.011369 0.061423
v -0.029152 0.008758 0.059424
v -0.028891 0.011045 0.065085
v -0.028891 0.011045 0.065085
v -0.021566 0.023837 0.050441
v -0.023308 0.020594 0.049399
v -0.023308 0.020594 0.049399
v -0.022463 0.022262 0.049911
v -0.022463 0.022262 0.049911
v -0.023529 0.020869 0.051228
v -0.022733 0.023170 0.052214
v -0.022733 0.023170 0.052214
v -0.022965 0.022671 0.051838
v -0.022965 0.022671 0.051838
v -0.022066 0.023829 0.054544
v -0.023602 0.021359 0.054323
v -0.023602 0.021359 0.054323
v -0.023602 0.021359 0.054323
v -0.024597 0.018985 0.052200
v -0.024597 0.018985 0.052200
v -0.025982 0.016875 0.054252
v -0.021167 0.025440 0.056235
v -0.022372 0.023882 0.057661
v -0.021405 0.026508 0.058909
v -0.021405 0.026508 0.058909
v -0.027321 0.013189 0.053421
v -0.026564 0.015595 0.055531
v -0.026564 0.015595 0.055531
v -0.026564 0.015595 0.055531
v -0.028623 0.009762 0.056450
v -0.021642 0.025623 0.060805
v -0.020121 0.027649 0.064161
v -0.020121 0.027649 0.064161
v -0.020121 0.027649 0.064161
v -0.020121 0.027649 0.064161
v -0.021905 0.025216 0.061932
v -0.021905 0.025216 0.061932
v -0.021500 0.026016 0.064601
v -0.021500 0.026016 0.064601
v -0.023389 0.024152 0.064495
v -0.023389 0.024152 0.064495
v -0.023522 0.023141 0.062780
v -0.023689 0.023607 0.064333
v -0.023948 0.022629 0.066665
v -0.023948 0.022629 0.066665
v -0.024547 0.021393 0.064654
v -0.024547 0.021393 0.064654
v -0.024547 0.021393 0.064654
v -0.019551 0.028670 0.065997
v -0.019551 0.028670 0.065997
v -0.020755 0.027270 0.067506
v -0.022004 0.025704 0.068707
v -0.022004 0.025704 0.068707
v -0.019310 0.029169 0.069188
v -0.019310 0.029169 0.069188
v -0.020580 0.027801 0.069127
v -0.025302 0.020546 0.068115
v -0.026101 0.018928 0.067784
v -0.024520 0.022038 0.070218
v -0.022545 0.024803 0.066536
v -0.022749 0.024869 0.070488
v -0.024226 0.022754 0.073404
v -0.026148 0.018287 0.063358
v -0.027498 0.016430 0.064047
v -0.027498 0.016430 0.064047
v -0.027789 0.015605 0.063960
v -0.027789 0.015605 0.063960
v -0.026621 0.017685 0.065877
v -0.026975 0.017156 0.068956
v -0.027799 0.015052 0.066019
v -0.027799 0.015052 0.066019
v -0.028311 0.013628 0.067917
v -0.029460 0.012330 0.070710
v -0.029460 0.012330 0.070710
v -0.029002 0.011783 0.068315
v -0.026152 0.020192 0.070284
v -0.026625 0.019197 0.070351
v -0.026625 0.019197 0.070351
v -0.027304 0.016837 0.072225
v -0.027304 0.016837 0.072225
v -0.026411 0.019884 0.071025
v -0.024984 0.021456 0.072373
v -0.026244 0.019503 0.072677
v -0.026244 0.019503 0.072677
v -0.028021 0.014861 0.070065
v -0.028977 0.012407 0.073940
v -0.028301 0.014367 0.072450
v -0.028301 0.014367 0.072450
v -0.026792 0.018214 0.073928
v -0.026792 0.018214 0.073928
v -0.027834 0.016024 0.073717
v -0.028571 0.013830 0.074390
v -0.028571 0.013830 0.074390
v -0.028263 0.016210 0.075691
v -0.004947 0.036606 0.039004
v -0.004947 0.036606 0.039004
v -0.003786 0.037936 0.039978
v -0.003786 0.037936 0.039978
v -0.003786 0.037936 0.039978
v -0.007222 0.035522 0.040894
v -0.005781 0.036581 0.041577
v -0.007666 0.035944 0.043910
v -0.007666 0.035944 0.043910
v -0.007666 0.035944 0.043910
v -0.004643 0.037459 0.042616
v -0.004643 0.037459 0.042616
v -0.006649 0.036840 0.044475
v -0.004685 0.037746 0.044239
v -0.004685 0.037746 0.044239
v -0.003627 0.038088 0.040509
v -0.003627 0.038088 0.040509
v -0.003627 0.038088 0.040509
v -0.002918 0.038333 0.040235
v -0.002862 0.038446 0.042821
v -0.002862 0.038446 0.042821
v -0.002862 0.038446 0.042821
v -0.006856 0.037394 0.045620
v -0.004054 0.038422 0.046008
v -0.004054 0.038422 0.046008
v -0.004054 0.038422 0.046008
v -0.000829 0.039568 0.044126
v -0.005127 0.038267 0.048096
v -0.005127 0.038267 0.048096
v -0.004840 0.038739 0.050179
v -0.004840 0.038739 0.050179
v -0.002293 0.039372 0.046878
v -0.001427 0.040051 0.048376
v -0.002951 0.039610 0.049621
v -0.003567 0.040308 0.051852
v -0.004279 0.039829 0.051851
v -0.000875 0.040596 0.050574
v -0.000875 0.040596 0.050574
v -0.003488 0.039972 0.054620
v -0.003488 0.039972 0.054620
v -0.001517 0.040763 0.053498
v -0.001517 0.040763 0.053498
v -0.001059 0.041100 0.055877
v 0.000789 0.041723 0.055175
v 0.000789 0.041723 0.055175
v 0.000222 0.042476 0.057888
v 0.000222 0.042476 0.057888
v 0.000518 0.042615 0.058403
v -0.011018 0.016737 0.018803
v -0.011018 0.016737 0.018803
v -0.012775 0.017472 0.023186
v -0.013914 0.014140 0.020930
v -0.013914 0.014140 0.020930
v -0.014862 0.011702 0.020685
v -0.015724 0.012589 0.023438
v -0.015724 0.012589 0.023438
v -0.000431 0.024988 0.016277
v -0.002615 0.022858 0.015612
v 0.001542 0.023765 0.013827
v 0.004408 0.026293 0.014755
v 0.004408 0.026293 0.014755
v -0.005125 0.019228 0.014255
v -0.005125 0.019228 0.014255
v -0.005125 0.019228 0.014255
v -0.005125 0.019228 0.014255
v -0.003460 0.021385 0.014902
v -0.005149 0.022433 0.017435
v -0.005149 0.022433 0.017435
v -0.001676 0.020365 0.013162
v 0.001774 0.021086 0.012225
v -0.001814 0.021691 0.014070
v -0.001814 0.021691 0.014070
v -0.003306 0.018318 0.012787
v -0.001968 0.018405 0.012338
v -0.001968 0.018405 0.012338
v -0.001037 0.018164 0.011961
v -0.001037 0.018164 0.011961
v -0.003545 0.023849 0.017615
v -0.003545 0.023849 0.017615
v -0.011712 0.010926 0.015286
v -0.009896 0.011025 0.013647
v -0.009896 0.011025 0.013647
v -0.009728 0.015514 0.015968
v -0.009728 0.015514 0.015968
v -0.009728 0.015514 0.015968
v -0.009728 0.015514 0.015968
v -0.010465 0.008425 0.013237
v -0.012157 0.013277 0.017512
v -0.013339 0.010103 0.016875
v -0.003869 0.016339 0.012241
v -0.001946 0.014726 0.011478
v -0.001946 0.014726 0.011478
v -0.008757 0.008659 0.012296
v -0.008757 0.008659 0.012296
v -0.007484 0.012332 0.012545
v -0.007484 0.012332 0.012545
v -0.007484 0.012332 0.012545
v -0.005961 0.011230 0.011747
v -0.005961 0.011230 0.011747
v -0.007851 0.007677 0.011763
v -0.007851 0.007677 0.011763
v -0.005100 0.008706 0.011307
v -0.007698 0.019469 0.017033
v -0.007698 0.019469 0.017033
v -0.008250 0.022060 0.021303
v -0.008250 0.022060 0.021303
v -0.008959 0.019355 0.018670
v -0.010829 0.019661 0.022215
v -0.006856 0.022697 0.020101
v -0.006856 0.022697 0.020101
v -0.006856 0.022697 0.020101
v -0.009861 0.001856 0.011852
v -0.009861 0.001856 0.011852
v -0.008147 0.002509 0.011427
v -0.007558 0.004763 0.011420
v -0.012611 0.002498 0.013639
v -0.011655 0.000453 0.012783
v -0.009521 0.000059 0.011787
v -0.009521 0.000059 0.011787
v -0.010534 -0.001683 0.012108
v -0.010534 -0.001683 0.012108
v -0.012160 -0.002174 0.012961
v -0.011567 -0.003289 0.012683
v -0.011567 -0.003289 0.012683
v -0.013949 -0.001883 0.014596
v -0.013949 -0.001883 0.014596
v -0.013949 -0.001883 0.014596
v -0.014535 -0.005822 0.015534
v -0.013244 -0.003705 0.014015
v -0.012150 -0.005736 0.013126
v -0.012150 -0.005736 0.013126
v -0.012150 -0.005736 0.013126
v -0.012150 -0.005736 0.013126
v -0.013454 -0.006042 0.014369
v -0.014573 -0.007504 0.016115
v -0.014573 -0.007504 0.016115
v -0.013704 -0.009260 0.015241
v -0.013704 -0.009260 0.015241
v -0.013704 -0.009260 0.015241
v -0.016001 -0.007243 0.018107
v -0.016001 -0.007243 0.018107
v -0.016001 -0.007243 0.018107
v -0.023318 0.005544 0.024312
v -0.023318 0.005544 0.024312
v -0.023139 0.006214 0.025493
v -0.023139 0.006214 0.025493
v -0.016755 0.010170 0.023711
v -0.016755 0.010170 0.023711
v -0.016363 0.008033 0.020995
v -0.016363 0.008033 0.020995
v -0.017217 0.012334 0.027116
v -0.019212 0.004272 0.025835
v -0.019212 0.004272 0.025835
v -0.019212 0.004272 0.025835
v -0.017465 0.003629 0.021417
v -0.017465 0.003629 0.021417
v -0.018449 0.001668 0.022990
v -0.018837 0.007689 0.026861
v -0.025691 0.002670 0.025594
v -0.025691 0.002670 0.025594
v -0.026918 0.001347 0.025786
v -0.024694 0.003004 0.026004
v -0.024694 0.003004 0.026004
v -0.023786 0.004473 0.025718
v -0.023786 0.004473 0.025718
v -0.023786 0.004473 0.025718
v -0.025895 0.001722 0.025872
v -0.025485 0.000943 0.026662
v -0.025485 0.000943 0.026662
v -0.026356 0.000511 0.026494
v -0.024470 0.002802 0.026666
v -0.024470 0.002802 0.026666
v -0.025303 0.000217 0.027363
v -0.024097 0.003896 0.026919
v -0.024097 0.003896 0.026919
v -0.024097 0.003896 0.026919
v -0.024097 0.003896 0.026919
v -0.024950 0.002219 0.029204
v -0.024786 0.001213 0.028040
v -0.024786 0.001213 0.028040
v -0.027967 -0.001929 0.026291
v -0.027967 -0.001929 0.026291
v -0.026587 -0.001119 0.026662
v -0.026587 -0.001119 0.026662
v -0.025905 -0.000515 0.026999
v -0.025905 -0.000515 0.026999
v -0.025905 -0.000515 0.026999
v -0.025905 -0.000515 0.026999
v -0.025992 -0.001817 0.026954
v -0.025992 -0.001817 0.026954
v -0.025992 -0.001817 0.026954
v -0.025992 -0.001817 0.026954
v -0.025992 -0.001817 0.026954
v -0.025687 -0.001268 0.027568
v -0.025687 -0.001268 0.027568
v -0.026809 -0.003951 0.026244
v -0.026809 -0.003951 0.026244
v -0.025457 -0.004008 0.027223
v -0.025457 -0.004008 0.027223
v -0.025627 -0.000894 0.028375
v -0.025627 -0.000894 0.028375
v -0.025699 0.000088 0.030977
v -0.025550 -0.002203 0.028010
v -0.025817 -0.002153 0.029449
v -0.025817 -0.002153 0.029449
v -0.025221 -0.004773 0.029449
v -0.026048 -0.001237 0.031812
v -0.026048 -0.001237 0.031812
v -0.019373 -0.002749 0.024897
v -0.019373 -0.002749 0.024897
v -0.020793 0.000731 0.028830
v -0.020808 -0.002025 0.028712
v -0.020808 -0.002025 0.028712
v -0.025885 -0.005001 0.026432
v -0.025885 -0.005001 0.026432
v -0.025267 -0.003981 0.027932
v -0.025267 -0.003981 0.027932
v -0.024994 -0.005842 0.026867
v -0.021077 -0.005063 0.029545
v -0.021077 -0.005063 0.029545
v -0.015385 0.005614 0.017904
v -0.015385 0.005614 0.017904
v -0.013854 0.006257 0.015899
v -0.012529 0.006562 0.014436
v -0.012529 0.006562 0.014436
v -0.014923 0.002057 0.016189
v -0.014923 0.002057 0.016189
v -0.015776 -0.002109 0.017149
v -0.015776 -0.002109 0.017149
v -0.015776 -0.002109 0.017149
v -0.016741 0.001560 0.019131
v -0.016741 0.001560 0.019131
v -0.010680 0.006266 0.012845
v -0.010680 0.006266 0.012845
v -0.009589 0.005535 0.012170
v -0.009589 0.005535 0.012170
v -0.009589 0.005535 0.012170
v -0.009589 0.005535 0.012170
v -0.018409 -0.001516 0.022299
v -0.018409 -0.001516 0.022299
v -0.016829 -0.003496 0.018900
v -0.017891 -0.006995 0.021907
v -0.017891 -0.006995 0.021907
v -0.017891 -0.006995 0.021907
v -0.018272 -0.009839 0.023983
v -0.018272 -0.009839 0.023983
v -0.018272 -0.009839 0.023983
v -0.017055 -0.010923 0.021637
v -0.017055 -0.010923 0.021637
v -0.015572 -0.011765 0.019131
v 0.005619 0.030756 0.021204
v 0.005619 0.030756 0.021204
v 0.005619 0.030756 0.021204
v 0.003967 0.029902 0.020776
v 0.003967 0.029902 0.020776
v 0.006700 0.029689 0.018485
v 0.001790 0.030430 0.023967
v 0.005890 0.032877 0.026366
v 0.005890 0.032877 0.026366
v 0.007565 0.031918 0.022835
v 0.007565 0.031918 0.022835
v 0.009079 0.033704 0.026745
v 0.009079 0.033704 0.026745
v 0.006777 0.034664 0.031366
v 0.004001 0.033968 0.031383
v 0.004194 0.033358 0.029618
v 0.004073 0.034509 0.033596
v 0.012167 0.035374 0.030385
v 0.012167 0.035374 0.030385
v 0.009484 0.036148 0.034346
v 0.009484 0.036148 0.034346
v 0.006176 0.035271 0.034420
v 0.006176 0.035271 0.034420
v 0.004389 0.035673 0.037550
v 0.007761 0.036918 0.039181
v 0.007859 0.036148 0.035482
v 0.013662 0.036359 0.033348
v 0.013662 0.036359 0.033348
v 0.013662 0.036359 0.033348
v 0.011816 0.037451 0.037889
v 0.011816 0.037451 0.037889
v 0.011816 0.037451 0.037889
v 0.015382 0.037969 0.039514
v 0.015382 0.037969 0.039514
v 0.015382 0.037969 0.039514
v 0.005210 0.037232 0.044456
v 0.005210 0.037232 0.044456
v 0.008718 0.037920 0.043391
v 0.008718 0.037920 0.043391
v 0.009341 0.037720 0.041066
v 0.009341 0.037720 0.041066
v 0.012589 0.038191 0.040571
v 0.011903 0.038855 0.046353
v 0.011903 0.038855 0.046353
v 0.009508 0.038740 0.046859
v 0.009508 0.038740 0.046859
v 0.009508 0.038740 0.046859
v 0.009508 0.038740 0.046859
v 0.009508 0.038740 0.046859
v 0.011648 0.039358 0.049542
v 0.013920 0.038932 0.044528
v 0.017736 0.038680 0.042923
v 0.014980 0.039345 0.047554
v 0.013682 0.039603 0.051342
v 0.017531 0.039115 0.045172
v 0.017531 0.039115 0.045172
v 0.017977 0.039388 0.047830
v 0.017977 0.039388 0.047830
v 0.010224 0.039742 0.054613
v 0.014342 0.040216 0.054718
v 0.016529 0.040033 0.051377
v 0.016529 0.040033 0.051377
v 0.016529 0.040033 0.051377
v 0.019255 0.039309 0.048057
v 0.019255 0.039309 0.048057
v 0.019255 0.039309 0.048057
v 0.019255 0.039309 0.048057
v 0.018676 0.039875 0.052274
v -0.014934 0.024431 0.044895
v -0.014934 0.024431 0.044895
v -0.017815 0.019856 0.042180
v -0.017815 0.019856 0.042180
v -0.014330 0.024120 0.040812
v -0.026417 0.005349 0.036347
v -0.025683 0.006199 0.034383
v -0.025683 0.006199 0.034383
v -0.025683 0.006199 0.034383
v -0.026777 0.003314 0.034723
v -0.026121 0.008048 0.037561
v -0.026632 0.006346 0.038046
v -0.026632 0.006346 0.038046
v -0.026632 0.006346 0.038046
v -0.027365 0.006871 0.040177
v -0.027365 0.006871 0.040177
v -0.026905 0.004112 0.037577
v -0.027048 0.001948 0.035302
v -0.027048 0.001948 0.035302
v -0.027357 0.002516 0.039002
v -0.027357 0.002516 0.039002
v -0.027599 0.005793 0.040203
v -0.027599 0.005793 0.040203
v -0.027599 0.005793 0.040203
v -0.027599 0.005793 0.040203
v -0.028014 0.000237 0.039722
v -0.028014 0.000237 0.039722
v -0.027219 0.000213 0.037022
v -0.027219 0.000213 0.037022
v -0.027219 0.000213 0.037022
v -0.027598 0.006369 0.043527
v -0.027598 0.006369 0.043527
v -0.028004 0.005116 0.043861
v -0.028043 0.003027 0.042535
v -0.028419 0.002043 0.043834
v -0.028419 0.002043 0.043834
v -0.028419 0.002043 0.043834
v -0.028419 0.002043 0.043834
v -0.028419 0.002043 0.043834
v -0.019104 0.018806 0.045705
v -0.019104 0.018806 0.045705
v -0.019104 0.018806 0.045705
v -0.019636 0.016140 0.041463
v -0.019636 0.016140 0.041463
v -0.021649 0.014918 0.049820
v -0.020991 0.014635 0.044407
v -0.021852 0.011429 0.041385
v -0.021852 0.011429 0.041385
v -0.023438 0.010809 0.050678
v -0.023438 0.010809 0.050678
v -0.023438 0.010809 0.050678
v -0.028717 0.005413 0.048802
v -0.028717 0.005413 0.048802
v -0.028468 0.005357 0.046245
v -0.029305 0.002840 0.046670
v -0.029029 0.004168 0.049803
v -0.023277 0.008241 0.044205
v -0.023145 0.005428 0.040043
v -0.023145 0.005428 0.040043
v -0.022195 0.007094 0.037406
v -0.023097 0.010598 0.047120
v -0.023097 0.010598 0.047120
v -0.028531 0.006461 0.049757
v -0.028531 0.006461 0.049757
v -0.024991 0.002841 0.047876
v -0.024149 0.005643 0.046466
v -0.028333 0.007276 0.049226
v -0.028488 0.008676 0.051332
v -0.028488 0.008676 0.051332
v -0.029255 0.007273 0.052194
v -0.029500 0.005775 0.052617
v -0.024017 0.008215 0.048314
v -0.024605 0.007529 0.051549
v -0.024949 0.004991 0.052301
v -0.008352 0.025245 0.027744
v -0.008352 0.025245 0.027744
v -0.004479 0.026649 0.023628
v -0.004479 0.026649 0.023628
v -0.004479 0.026649 0.023628
v -0.004883 0.027584 0.026614
v -0.009278 0.025803 0.031510
v -0.006472 0.028604 0.032097
v -0.006472 0.028604 0.032097
v -0.010258 0.021691 0.024790
v -0.008595 0.024070 0.025602
v -0.012793 0.019927 0.027099
v -0.015354 0.016226 0.027387
v -0.015354 0.016226 0.027387
v -0.016106 0.017709 0.031693
v -0.016106 0.017709 0.031693
v -0.016106 0.017709 0.031693
v -0.013303 0.022798 0.034171
v -0.013303 0.022798 0.034171
v -0.014076 0.023133 0.037869
v -0.014076 0.023133 0.037869
v -0.014076 0.023133 0.037869
v -0.011258 0.023070 0.029441
v -0.005259 0.024421 0.020682
v -0.001968 0.025938 0.018970
v -0.001968 0.025938 0.018970
v -0.002778 0.026371 0.020999
v 0.001460 0.027981 0.019106
v 0.001460 0.027981 0.019106
v 0.002650 0.027322 0.017169
v 0.002650 0.027322 0.017169
v 0.004898 0.027701 0.016428
v 0.004898 0.027701 0.016428
v -0.000520 0.027803 0.020750
v -0.000520 0.027803 0.020750
v -0.000914 0.029162 0.024438
v -0.000914 0.029162 0.024438
v -0.003492 0.029676 0.029224
v -0.003492 0.029676 0.029224
v -0.000576 0.030275 0.026582
v -0.000625 0.033576 0.037136
v -0.000625 0.033576 0.037136
v -0.001247 0.032285 0.033077
v -0.004845 0.031548 0.037720
v -0.011480 0.025050 0.034490
v -0.011480 0.025050 0.034490
v -0.010663 0.026392 0.036503
v -0.016943 0.019762 0.038572
v -0.016943 0.019762 0.038572
v -0.008270 0.029563 0.039483
v -0.011687 0.026666 0.040655
v -0.011687 0.026666 0.040655
v -0.012487 0.027497 0.046734
v -0.012487 0.027497 0.046734
v 0.000079 0.031978 0.030656
v 0.000079 0.031978 0.030656
v 0.001386 0.032032 0.028619
v 0.001386 0.032032 0.028619
v -0.017641 0.015220 0.032166
v -0.017641 0.015220 0.032166
v -0.017641 0.015220 0.032166
v -0.017876 0.012619 0.029422
v -0.017876 0.012619 0.029422
v -0.019121 0.011980 0.031926
v -0.019121 0.011980 0.031926
v -0.019370 0.010035 0.030750
v -0.019370 0.010035 0.030750
v -0.019370 0.010035 0.030750
v -0.020399 0.009764 0.033457
v -0.020190 0.006729 0.029900
v -0.018637 0.010007 0.028104
v -0.018807 0.015763 0.037160
v -0.018807 0.015763 0.037160
v -0.020907 0.011092 0.037401
v -0.020907 0.011092 0.037401
v -0.025423 0.004395 0.031596
v -0.025423 0.004395 0.031596
v -0.025940 0.002624 0.032389
v -0.021174 0.004336 0.031593
v -0.022316 0.003247 0.034821
v -0.022316 0.003247 0.034821
v -0.021670 0.001495 0.032011
v -0.026320 -0.000491 0.033273
v -0.026320 -0.000491 0.033273
v -0.025757 -0.003709 0.031115
v -0.026742 0.002321 0.034177
v -0.022139 -0.001950 0.032731
v -0.022139 -0.001950 0.032731
v -0.022139 -0.001950 0.032731
v -0.023275 -0.000092 0.038147
v -0.023173 -0.003236 0.035710
v -0.024049 -0.000020 0.041381
v -0.023925 0.002720 0.041836
v -0.015887 0.024538 0.051750
v -0.015887 0.024538 0.051750
v -0.013566 0.027383 0.052875
v -0.004817 0.034233 0.059587
v -0.008290 0.032400 0.057660
v -0.008290 0.032400 0.057660
v -0.006508 0.033567 0.056962
v -0.009198 0.031811 0.061632
v -0.011366 0.030060 0.058257
v -0.011366 0.030060 0.058257
v -0.011366 0.030060 0.058257
v -0.010336 0.030539 0.064795
v -0.010552 0.030629 0.062071
v -0.010552 0.030629 0.062071
v -0.029171 0.009975 0.063185
v -0.029516 0.008129 0.062020
v -0.018056 0.021204 0.049311
v -0.019818 0.019272 0.053797
v -0.018069 0.021992 0.052983
v -0.020482 0.017389 0.051213
v -0.020482 0.017389 0.051213
v -0.020482 0.017389 0.051213
v -0.022220 0.014342 0.054069
v -0.022220 0.014342 0.054069
v -0.022220 0.014342 0.054069
v -0.028809 0.008412 0.054460
v -0.028809 0.008412 0.054460
v -0.029229 0.006548 0.055717
v -0.024690 0.008541 0.054991
v -0.024690 0.008541 0.054991
v -0.024052 0.010742 0.068523
v -0.024560 0.009689 0.063662
v -0.023005 0.013924 0.064959
v -0.023005 0.013924 0.064959
v -0.025207 0.006055 0.073962
v -0.025207 0.006055 0.073962
v -0.006582 0.031818 0.044239
v -0.005084 0.032282 0.042146
v -0.005084 0.032282 0.042146
v -0.004342 0.033636 0.045562
v -0.004342 0.033636 0.045562
v -0.002030 0.033990 0.041020
v 0.002493 0.035708 0.040297
v 0.001260 0.036297 0.046213
v 0.001260 0.036297 0.046213
v -0.005550 0.033872 0.050218
v -0.005550 0.033872 0.050218
v 0.002034 0.036936 0.049833
v -0.001664 0.035684 0.051239
v -0.009357 0.029738 0.043989
v -0.009357 0.029738 0.043989
v -0.009357 0.029738 0.043989
v -0.011492 0.028883 0.050188
v -0.009700 0.030461 0.049196
v 0.006009 0.037804 0.045904
v 0.006009 0.037804 0.045904
v 0.003578 0.037643 0.049606
v 0.003578 0.037643 0.049606
v 0.002243 0.037804 0.054803
v 0.002243 0.037804 0.054803
v -0.001469 0.035894 0.053290
v 0.003688 0.038491 0.057741
v 0.003688 0.038491 0.057741
v 0.003688 0.038491 0.057741
v -0.000790 0.036739 0.057936
v 0.007515 0.038959 0.051669
v -0.010139 0.030730 0.053169
v -0.010139 0.030730 0.053169
v -0.008155 0.031700 0.051788
v -0.017024 0.023878 0.058430
v -0.017024 0.023878 0.058430
v -0.008853 0.031746 0.055656
v -0.008853 0.031746 0.055656
v -0.006586 0.033446 0.054843
v -0.013062 0.028274 0.057435
v -0.015332 0.026277 0.061728
v -0.012485 0.029405 0.062443
v -0.014108 0.027577 0.065275
v -0.021751 0.016136 0.056847
v -0.021751 0.016136 0.056847
v -0.018901 0.021278 0.059189
v -0.021056 0.018011 0.061501
v -0.022487 0.014920 0.059965
v -0.022487 0.014920 0.059965
v -0.025746 0.005340 0.062242
v -0.025168 0.006673 0.057085
v -0.023734 0.011073 0.056912
v -0.025086 0.007455 0.063273
v -0.017562 0.023585 0.065313
v -0.017562 0.023585 0.065313
v -0.019567 0.020628 0.065977
v -0.021601 0.017037 0.066748
v -0.021601 0.017037 0.066748
v -0.012743 0.029054 0.069525
v -0.012743 0.029054 0.069525
v -0.017658 0.023350 0.069290
v -0.017658 0.023350 0.069290
v -0.015643 0.025926 0.070715
v -0.015643 0.025926 0.070715
v -0.015643 0.025926 0.070715
v -0.018071 0.022329 0.076985
v -0.019767 0.020138 0.070985
v -0.019767 0.020138 0.070985
v -0.021947 0.016128 0.070024
v -0.023110 0.012944 0.071756
v -0.007782 0.031700 0.049006
v -0.007782 0.031700 0.049006
v -0.006707 0.033170 0.051467
v -0.003695 0.034959 0.057075
v -0.003695 0.034959 0.057075
v -0.003380 0.035666 0.061472
v -0.002712 0.036067 0.061690
v -0.002712 0.036067 0.061690
v -0.002712 0.036067 0.061690
v 0.007601 0.039420 0.059921
v 0.007601 0.039420 0.059921
v -0.055839 0.000978 0.030273
v -0.053200 0.001738 0.028002
v -0.053200 0.001738 0.028002
v -0.054553 -0.000894 0.028492
v -0.054553 -0.000894 0.028492
v -0.056873 -0.001148 0.030908
v -0.056873 -0.001148 0.030908
v -0.056873 -0.001148 0.030908
v -0.056800 -0.003514 0.030656
v -0.056800 -0.003514 0.030656
v -0.059005 -0.001599 0.033471
v -0.054942 -0.003381 0.028648
v -0.054942 -0.003381 0.028648
v -0.058280 -0.005482 0.032702
v -0.058280 -0.005482 0.032702
v -0.056939 -0.006088 0.031187
v -0.055287 -0.005457 0.029216
v -0.056891 -0.008343 0.032286
v -0.061744 0.003861 0.041858
v -0.061250 0.002656 0.039377
v -0.061250 0.002656 0.039377
v -0.062902 0.001121 0.042209
v -0.060319 0.004765 0.040250
v -0.060319 0.004765 0.040250
v -0.061462 0.005102 0.043812
v -0.061462 0.005102 0.043812
v -0.063386 0.002910 0.045447
v -0.063599 -0.002153 0.043107
v -0.063599 -0.002153 0.043107
v -0.063599 -0.002153 0.043107
v -0.064242 0.000459 0.046432
v -0.064242 0.000459 0.046432
v -0.064703 -0.002200 0.047382
v -0.063810 -0.003686 0.043845
v -0.063810 -0.003686 0.043845
v -0.063810 -0.003686 0.043845
v -0.064474 -0.004405 0.046844
v -0.064474 -0.004405 0.046844
v -0.063813 -0.005682 0.044919
v -0.061563 0.000348 0.038671
v -0.061563 0.000348 0.038671
v -0.061563 0.000348 0.038671
v -0.061563 0.000348 0.038671
v -0.059739 0.002374 0.036252
v -0.059739 0.002374 0.036252
v -0.060499 -0.000851 0.036171
v -0.057807 0.002299 0.033373
v -0.059221 0.000561 0.034576
v -0.056431 0.004743 0.034301
v -0.056431 0.004743 0.034301
v -0.056431 0.004743 0.034301
v -0.057667 0.004048 0.034655
v -0.057667 0.004048 0.034655
v -0.058607 0.004587 0.036910
v -0.059936 0.003524 0.037711
v -0.054578 0.004998 0.032954
v -0.052403 0.004528 0.029535
v -0.054927 0.004110 0.031423
v -0.054927 0.004110 0.031423
v -0.051979 0.003544 0.027995
v -0.055884 0.002748 0.031242
v -0.055884 0.002748 0.031242
v -0.055884 0.002748 0.031242
v -0.056884 0.005225 0.036205
v -0.056884 0.005225 0.036205
v -0.056884 0.005225 0.036205
v -0.053850 0.005030 0.033764
v -0.053850 0.005030 0.033764
v -0.049427 0.004593 0.030545
v -0.049427 0.004593 0.030545
v -0.049427 0.004593 0.030545
v -0.049427 0.004593 0.030545
v -0.050915 0.004254 0.032510
v -0.050915 0.004254 0.032510
v -0.053290 0.004668 0.034426
v -0.053290 0.004668 0.034426
v -0.052367 0.003559 0.035217
v -0.052367 0.003559 0.035217
v -0.050789 0.003440 0.033374
v -0.058069 0.000179 0.032753
v -0.058018 0.005430 0.039495
v -0.058018 0.005430 0.039495
v -0.057057 0.005253 0.039042
v -0.057057 0.005253 0.039042
v -0.054913 0.004753 0.036932
v -0.054913 0.004753 0.036932
v -0.054913 0.004753 0.036932
v -0.055789 0.004621 0.038912
v -0.055789 0.004621 0.038912
v -0.058816 0.005190 0.038989
v -0.060023 0.005564 0.042626
v -0.059062 0.005667 0.043529
v -0.059062 0.005667 0.043529
v -0.053621 0.003422 0.037177
v -0.053621 0.003422 0.037177
v -0.055088 0.003674 0.039614
v -0.055088 0.003674 0.039614
v -0.062296 -0.001261 0.039694
v -0.062296 -0.001261 0.039694
v -0.061209 -0.003539 0.037090
v -0.061209 -0.003539 0.037090
v -0.062442 -0.005268 0.040327
v -0.060520 -0.005958 0.036352
v -0.061264 -0.007310 0.038788
v -0.061264 -0.007310 0.038788
v -0.059582 -0.004639 0.034462
v -0.058704 -0.007235 0.034056
v -0.058130 -0.008894 0.034673
v -0.058130 -0.008894 0.034673
v -0.058130 -0.008894 0.034673
v -0.059680 -0.007709 0.036034
v -0.056811 -0.009602 0.033808
v -0.058071 -0.009934 0.036815
v -0.058071 -0.009934 0.036815
v -0.056723 -0.010207 0.035562
v -0.056723 -0.010207 0.035562
v -0.059509 -0.008935 0.037214
v -0.059509 -0.008935 0.037214
v -0.061147 -0.008577 0.040156
v -0.061147 -0.008577 0.040156
v -0.059555 -0.009838 0.039755
v -0.057653 -0.010092 0.037314
v -0.062717 -0.003171 0.040577
v -0.062913 -0.006536 0.042435
v -0.062693 -0.008328 0.044517
v -0.062693 -0.008328 0.044517
v -0.061477 -0.009347 0.043673
v -0.061477 -0.009347 0.043673
v -0.063805 -0.007100 0.046659
v -0.063805 -0.007100 0.046659
v -0.059416 -0.009924 0.040749
v -0.059416 -0.009924 0.040749
v -0.060759 -0.009734 0.045163
v -0.060759 -0.009734 0.045163
v -0.053971 -0.008066 0.037604
v -0.055462 -0.007264 0.041053
v -0.055462 -0.007264 0.041053
v -0.055462 -0.007264 0.041053
v -0.055978 -0.008707 0.039862
v -0.056311 -0.009937 0.037473
v -0.056311 -0.009937 0.037473
v -0.058921 -0.009754 0.042524
v -0.058921 -0.009754 0.042524
v -0.057477 -0.009019 0.041800
v -0.057477 -0.009019 0.041800
v -0.059730 -0.009516 0.045481
v -0.059730 -0.009516 0.045481
v -0.058813 -0.008520 0.046579
v -0.057270 -0.008193 0.043207
v -0.056563 -0.006625 0.044256
v -0.056563 -0.006625 0.044256
v -0.062367 -0.009271 0.047898
v -0.062367 -0.009271 0.047898
v -0.050918 0.000960 0.025949
v -0.052889 -0.001071 0.027014
v -0.049057 0.002287 0.025272
v -0.049057 0.002287 0.025272
v -0.049799 -0.001020 0.024806
v -0.049887 -0.003872 0.024718
v -0.052600 -0.003198 0.026599
v -0.052834 -0.005312 0.026970
v -0.052834 -0.005312 0.026970
v -0.050671 -0.006710 0.025720
v -0.046327 -0.002314 0.022751
v -0.046327 -0.002314 0.022751
v -0.046327 -0.002314 0.022751
v -0.044953 -0.000305 0.022350
v -0.042718 -0.003598 0.021094
v -0.042718 -0.003598 0.021094
v -0.042718 -0.003598 0.021094
v -0.045214 -0.005850 0.022429
v -0.047660 -0.005107 0.023532
v -0.051341 -0.008411 0.027008
v -0.049265 -0.008501 0.025648
v -0.047682 -0.006769 0.023945
v -0.047682 -0.006769 0.023945
v -0.045356 -0.007964 0.023275
v -0.045356 -0.007964 0.023275
v -0.046628 -0.009267 0.024784
v -0.053142 -0.007288 0.027847
v -0.053142 -0.007288 0.027847
v -0.055495 -0.007521 0.030159
v -0.055495 -0.007521 0.030159
v -0.055495 -0.007521 0.030159
v -0.054685 -0.009309 0.030666
v -0.054685 -0.009309 0.030666
v -0.056119 -0.009326 0.032031
v -0.056119 -0.009326 0.032031
v -0.053351 -0.008406 0.028678
v -0.053351 -0.008406 0.028678
v -0.051727 -0.009332 0.028089
v -0.051727 -0.009332 0.028089
v -0.051457 -0.010122 0.029173
v -0.051457 -0.010122 0.029173
v -0.051457 -0.010122 0.029173
v -0.051457 -0.010122 0.029173
v -0.051457 -0.010122 0.029173
v -0.053797 -0.010105 0.031575
v -0.053797 -0.010105 0.031575
v -0.052410 -0.010314 0.031384
v -0.052410 -0.010314 0.031384
v -0.055791 -0.010133 0.033637
v -0.048101 -0.009773 0.026276
v -0.048101 -0.009773 0.026276
v -0.049561 -0.010286 0.029405
v -0.049561 -0.010286 0.029405
v -0.047893 -0.010199 0.027279
v -0.047893 -0.010199 0.027279
v -0.047076 -0.010135 0.027813
v -0.047076 -0.010135 0.027813
v -0.048292 -0.009689 0.029800
v -0.045958 -0.009550 0.028352
v -0.045958 -0.009550 0.028352
v -0.039357 -0.006123 0.020275
v -0.038701 -0.004139 0.019792
v -0.038701 -0.004139 0.019792
v -0.042753 -0.009455 0.023331
v -0.042753 -0.009455 0.023331
v -0.041507 -0.007465 0.021500
v -0.042824 -0.008718 0.022725
v -0.042824 -0.008718 0.022725
v -0.044328 -0.010000 0.024920
v -0.042030 -0.010012 0.024151
v -0.043762 -0.010100 0.025572
v -0.043762 -0.010100 0.025572
v -0.041059 -0.009731 0.025324
v -0.043521 -0.009700 0.026696
v -0.042078 -0.008361 0.027336
v -0.042078 -0.008361 0.027336
v -0.042078 -0.008361 0.027336
v -0.039861 -0.008822 0.025943
v -0.039861 -0.008822 0.025943
v -0.036801 -0.007380 0.019958
v -0.036801 -0.007380 0.019958
v -0.038515 -0.008466 0.021112
v -0.038515 -0.008466 0.021112
v -0.038515 -0.008466 0.021112
v -0.039805 -0.009392 0.022333
v -0.039438 -0.009853 0.022928
v -0.039438 -0.009853 0.022928
v -0.038569 -0.009488 0.021848
v -0.038569 -0.009488 0.021848
v -0.036359 -0.009884 0.022264
v -0.036783 -0.009156 0.021110
v -0.036783 -0.009156 0.021110
v -0.036783 -0.009156 0.021110
v -0.037374 -0.007314 0.026116
v -0.038718 -0.009375 0.024939
v -0.038505 -0.009804 0.023726
v -0.034267 -0.009859 0.022459
v -0.034267 -0.009859 0.022459
v -0.035485 -0.009349 0.023837
v -0.035485 -0.009349 0.023837
v -0.035879 -0.008324 0.025003
v -0.035879 -0.008324 0.025003
v -0.035879 -0.008324 0.025003
v -0.048644 0.003669 0.031108
v -0.048644 0.003669 0.031108
v -0.048644 0.003669 0.031108
v -0.048359 0.002386 0.031964
v -0.046245 0.002236 0.030449
v -0.045030 0.000217 0.030362
v -0.043559 0.001420 0.029198
v -0.042192 0.000127 0.028845
v -0.042192 0.000127 0.028845
v -0.042192 0.000127 0.028845
v -0.045255 -0.001113 0.030753
v -0.043396 -0.002073 0.029671
v -0.044109 -0.003974 0.029999
v -0.044109 -0.003974 0.029999
v -0.046486 -0.002841 0.031760
v -0.046486 -0.002841 0.031760
v -0.046189 -0.005442 0.031148
v -0.046189 -0.005442 0.031148
v -0.046189 -0.005442 0.031148
v -0.044411 -0.006011 0.029851
v -0.044411 -0.006011 0.029851
v -0.049229 -0.005168 0.033651
v -0.049229 -0.005168 0.033651
v -0.049229 -0.005168 0.033651
v -0.045696 -0.007255 0.030105
v -0.045696 -0.007255 0.030105
v -0.053836 -0.010298 0.032722
v -0.052396 -0.009965 0.033046
v -0.052396 -0.009965 0.033046
v -0.050811 -0.009921 0.031588
v -0.050811 -0.009921 0.031588
v -0.054522 -0.009152 0.036829
v -0.054522 -0.009152 0.036829
v -0.052446 -0.009070 0.034477
v -0.052446 -0.009070 0.034477
v -0.049543 -0.008678 0.032063
v -0.049543 -0.008678 0.032063
v -0.051204 -0.006950 0.035095
v -0.051204 -0.006950 0.035095
v -0.052690 -0.006883 0.036843
v -0.052690 -0.006883 0.036843
v -0.054130 -0.010171 0.034195
v -0.046928 -0.008033 0.030548
v -0.044583 -0.008206 0.028820
v -0.044583 -0.008206 0.028820
v -0.041165 -0.003588 0.028502
v -0.041165 -0.003588 0.028502
v -0.041165 -0.003588 0.028502
v -0.041165 -0.003588 0.028502
v -0.039255 -0.005457 0.027419
v -0.038293 -0.003256 0.027435
v -0.038293 -0.003256 0.027435
v -0.040039 -0.000710 0.028028
v -0.040039 -0.000710 0.028028
v -0.038420 -0.001626 0.027518
v -0.041739 -0.005463 0.028462
v -0.042084 -0.006985 0.028127
v -0.042084 -0.006985 0.028127
v -0.042084 -0.006985 0.028127
v -0.039835 -0.007218 0.026961
v -0.036793 -0.005271 0.026693
v -0.036071 -0.007109 0.025853
v -0.036071 -0.007109 0.025853
v -0.036532 -0.003051 0.027021
v -0.036532 -0.003051 0.027021
v -0.036532 -0.003051 0.027021
v -0.033687 -0.007921 0.019421
v -0.033090 -0.009196 0.020407
v -0.033090 -0.009196 0.020407
v -0.030170 -0.008172 0.018974
v -0.030170 -0.008172 0.018974
v -0.030170 -0.008172 0.018974
v -0.033278 -0.009691 0.021230
v -0.030561 -0.009813 0.021809
v -0.030561 -0.009813 0.021809
v -0.030561 -0.009813 0.021809
v -0.032182 -0.009468 0.023365
v -0.032182 -0.009468 0.023365
v -0.036070 -0.009414 0.021207
v -0.026152 -0.008943 0.018950
v -0.026888 -0.009651 0.020393
v -0.026888 -0.009651 0.020393
v -0.027865 -0.009830 0.022066
v -0.025193 -0.008883 0.019049
v -0.024524 -0.009243 0.019177
v -0.024999 -0.009608 0.020242
v -0.024999 -0.009608 0.020242
v -0.025452 -0.009724 0.021483
v -0.023111 -0.009624 0.020268
v -0.022194 -0.009752 0.019594
v -0.021270 -0.010014 0.018677
v -0.020120 -0.012339 0.018041
v -0.020120 -0.012339 0.018041
v -0.020120 -0.012339 0.018041
v -0.021814 -0.010545 0.020546
v -0.021814 -0.010545 0.020546
v -0.021814 -0.010545 0.020546
v -0.020996 -0.011610 0.019854
v -0.020996 -0.011610 0.019854
v -0.020996 -0.011610 0.019854
v -0.020996 -0.011610 0.019854
v -0.016148 -0.014090 0.010414
v -0.016148 -0.014090 0.010414
v -0.016148 -0.014090 0.010414
v -0.016148 -0.014090 0.010414
v -0.017838 -0.016902 0.016212
v -0.017838 -0.016902 0.016212
v -0.019342 -0.016642 0.018685
v -0.019712 -0.015427 0.018503
v -0.020980 -0.013704 0.021342
v -0.020980 -0.013704 0.021342
v -0.017442 -0.019187 0.017811
v -0.017442 -0.019187 0.017811
v -0.019239 -0.018136 0.020969
v -0.019239 -0.018136 0.020969
v -0.017836 -0.019879 0.019566
v -0.030557 -0.009333 0.023194
v -0.030557 -0.009333 0.023194
v -0.026723 -0.009316 0.023378
v -0.026723 -0.009316 0.023378
v -0.026723 -0.009316 0.023378
v -0.025516 -0.009557 0.022544
v -0.025369 -0.008831 0.023861
v -0.025369 -0.008831 0.023861
v -0.024400 -0.009087 0.023758
v -0.024400 -0.009087 0.023758
v -0.024400 -0.009087 0.023758
v -0.024143 -0.015536 0.032939
v -0.024143 -0.015536 0.032939
v -0.023936 -0.014144 0.031147
v -0.023747 -0.015540 0.031452
v -0.024713 -0.013139 0.032366
v -0.024713 -0.013139 0.032366
v -0.023603 -0.009805 0.021971
v -0.023603 -0.009805 0.021971
v -0.023603 -0.009805 0.021971
v -0.022844 -0.010062 0.021598
v -0.022844 -0.010062 0.021598
v -0.022844 -0.010062 0.021598
v -0.022844 -0.010062 0.021598
v -0.023846 -0.009599 0.022835
v -0.023846 -0.009599 0.022835
v -0.023846 -0.009599 0.022835
v -0.023846 -0.009599 0.022835
v -0.023204 -0.009984 0.023556
v -0.023204 -0.009984 0.023556
v -0.023204 -0.009984 0.023556
v -0.022180 -0.010913 0.022225
v -0.022180 -0.010913 0.022225
v -0.022180 -0.010913 0.022225
v -0.022020 -0.011444 0.022376
v -0.022020 -0.011444 0.022376
v -0.022497 -0.013281 0.023838
v -0.020699 -0.015286 0.021949
v -0.020699 -0.015286 0.021949
v -0.022358 -0.013968 0.024056
v -0.022358 -0.013968 0.024056
v -0.020713 -0.016903 0.023646
v -0.020713 -0.016903 0.023646
v -0.022758 -0.013918 0.026456
v -0.022758 -0.013918 0.026456
v -0.021836 -0.015628 0.025290
v -0.022319 -0.015807 0.027034
v -0.020642 -0.019285 0.025975
v -0.021290 -0.018410 0.027041
v -0.019524 -0.018655 0.022085
v -0.020059 -0.019791 0.023930
v -0.020059 -0.019791 0.023930
v -0.019634 -0.020550 0.023710
v -0.019634 -0.020550 0.023710
v -0.018775 -0.020933 0.022689
v -0.018775 -0.020933 0.022689
v -0.017528 -0.021639 0.021123
v -0.023499 -0.013501 0.028809
v -0.023164 -0.016458 0.029273
v -0.022708 -0.017457 0.028909
v -0.022962 -0.017352 0.029554
v -0.022962 -0.017352 0.029554
v -0.017509 -0.023216 0.023562
v -0.017509 -0.023216 0.023562
v -0.019063 -0.022177 0.025887
v -0.020448 -0.020787 0.028120
v -0.020448 -0.020787 0.028120
v -0.020448 -0.020787 0.028120
v -0.018880 -0.023439 0.027256
v -0.017131 -0.025748 0.026754
v -0.017131 -0.025748 0.026754
v -0.021962 -0.019053 0.029861
v -0.022870 -0.018156 0.031626
v -0.022870 -0.018156 0.031626
v -0.022870 -0.018156 0.031626
v -0.022870 -0.018156 0.031626
v -0.024038 -0.017221 0.035161
v -0.022705 -0.019203 0.032888
v -0.022705 -0.019203 0.032888
v -0.020999 -0.021771 0.031494
v -0.022805 -0.021127 0.034969
v -0.022805 -0.021127 0.034969
v -0.021016 -0.022740 0.033147
v -0.021016 -0.022740 0.033147
v -0.021016 -0.022740 0.033147
v -0.019461 -0.024397 0.029317
v -0.019461 -0.024397 0.029317
v -0.017309 -0.026767 0.029469
v -0.018764 -0.026071 0.032322
v -0.019901 -0.024143 0.032055
v -0.019901 -0.024143 0.032055
v -0.019829 -0.025634 0.035060
v -0.016504 -0.028203 0.030442
v -0.017783 -0.027543 0.032278
v -0.018303 -0.028523 0.034314
v -0.018303 -0.028523 0.034314
v -0.018303 -0.028523 0.034314
v -0.061143 0.006161 0.050275
v -0.061143 0.006161 0.050275
v -0.061143 0.006161 0.050275
v -0.062822 0.004908 0.047428
v -0.062822 0.004908 0.047428
v -0.061615 0.005579 0.046105
v -0.061615 0.005579 0.046105
v -0.061615 0.005579 0.046105
v -0.062261 0.005844 0.049905
v -0.060731 0.006073 0.051510
v -0.060007 0.005845 0.048176
v -0.059462 0.005297 0.050771
v -0.059462 0.005297 0.050771
v -0.059462 0.005297 0.050771
v -0.058055 0.004483 0.046722
v -0.058055 0.004483 0.046722
v -0.062857 0.006046 0.054323
v -0.063751 0.004086 0.049252
v -0.063751 0.004086 0.049252
v -0.064539 0.002490 0.050353
v -0.064539 0.002490 0.050353
v -0.064913 0.000368 0.050068
v -0.064913 0.000368 0.050068
v -0.065122 -0.003545 0.050318
v -0.065122 -0.003545 0.050318
v -0.064927 -0.005281 0.050431
v -0.065370 -0.001281 0.052316
v -0.065472 -0.003168 0.053540
v -0.065115 0.002357 0.056900
v -0.064664 0.003471 0.053799
v -0.064664 0.003471 0.053799
v -0.065188 0.001420 0.053988
v -0.065188 0.001420 0.053988
v -0.065627 -0.001502 0.056054
v -0.063857 0.004878 0.052848
v -0.063857 0.004878 0.052848
v -0.065611 -0.003291 0.057911
v -0.065611 -0.003291 0.057911
v -0.065419 -0.004435 0.055214
v -0.058402 0.005235 0.044294
v -0.057732 -0.007252 0.046499
v -0.057198 -0.006259 0.046396
v -0.058472 -0.007091 0.049864
v -0.058829 -0.006768 0.053359
v -0.057821 -0.005521 0.050383
v -0.057821 -0.005521 0.050383
v -0.058446 -0.005297 0.055419
v -0.058446 -0.005297 0.055419
v -0.058446 -0.005297 0.055419
v -0.063929 0.005223 0.056748
v -0.063929 0.005223 0.056748
v -0.063177 0.006046 0.057956
v -0.063756 0.005509 0.059950
v -0.064400 0.004392 0.058492
v -0.064400 0.004392 0.058492
v -0.064979 0.002639 0.060091
v -0.064979 0.002639 0.060091
v -0.061721 0.006527 0.057597
v -0.062771 0.006310 0.061215
v -0.064155 0.004588 0.062269
v -0.064155 0.004588 0.062269
v -0.065426 -0.000145 0.059639
v -0.064978 0.000655 0.063422
v -0.064978 0.000655 0.063422
v -0.064421 0.003014 0.064523
v -0.064421 0.003014 0.064523
v -0.065281 -0.001646 0.062594
v -0.065281 -0.001646 0.062594
v -0.065281 -0.001646 0.062594
v -0.060677 0.006147 0.055203
v -0.060581 0.006333 0.058484
v -0.060366 0.006516 0.060341
v -0.060366 0.006516 0.060341
v -0.061645 0.006775 0.062597
v -0.060470 0.006759 0.063061
v -0.062819 0.006081 0.064904
v -0.061333 0.006817 0.066403
v -0.059486 0.006821 0.066996
v -0.059486 0.006821 0.066996
v -0.059571 0.006498 0.063944
v -0.059571 0.006498 0.063944
v -0.064325 0.001037 0.066902
v -0.064325 0.001037 0.066902
v -0.064325 0.001037 0.066902
v -0.063334 0.005143 0.065898
v -0.063701 0.003292 0.067824
v -0.063701 0.003292 0.067824
v -0.064062 -0.007538 0.049614
v -0.064062 -0.007538 0.049614
v -0.064715 -0.006757 0.053171
v -0.063986 -0.008012 0.052672
v -0.065017 -0.006331 0.057385
v -0.065017 -0.006331 0.057385
v -0.064004 -0.008201 0.056521
v -0.063114 -0.008982 0.052778
v -0.063114 -0.008982 0.052778
v -0.063058 -0.008569 0.060780
v -0.063058 -0.008569 0.060780
v -0.063966 -0.007868 0.059889
v -0.063966 -0.007868 0.059889
v -0.063464 -0.008426 0.049380
v -0.061618 -0.009495 0.050395
v -0.060907 -0.009309 0.050650
v -0.060907 -0.009309 0.050650
v -0.059965 -0.008578 0.051008
v -0.059965 -0.008578 0.051008
v -0.062288 -0.009087 0.056898
v -0.059795 -0.007883 0.054896
v -0.060535 -0.008324 0.058454
v -0.060535 -0.008324 0.058454
v -0.060535 -0.008324 0.058454
v -0.059465 -0.007339 0.057200
v -0.061228 -0.008857 0.056556
v -0.058762 -0.006154 0.056734
v -0.065136 -0.005319 0.060680
v -0.065136 -0.005319 0.060680
v -0.065199 -0.003540 0.062594
v -0.065199 -0.003540 0.062594
v -0.064339 -0.007029 0.061331
v -0.064339 -0.007029 0.061331
v -0.064554 -0.005344 0.064733
v -0.063557 -0.007490 0.064642
v -0.063557 -0.007490 0.064642
v -0.063557 -0.007490 0.064642
v -0.062390 -0.008288 0.065982
v -0.061324 -0.008713 0.063145
v -0.061664 -0.008976 0.060015
v -0.064606 -0.001052 0.066377
v -0.064606 -0.001052 0.066377
v -0.064606 -0.001052 0.066377
v -0.064543 -0.003819 0.066294
v -0.064009 -0.002646 0.068750
v -0.064009 -0.002646 0.068750
v -0.063707 0.000593 0.069504
v -0.063707 0.000593 0.069504
v -0.063488 -0.004178 0.069962
v -0.063488 -0.004178 0.069962
v -0.063630 -0.005938 0.067815
v -0.061635 -0.008498 0.066747
v -0.061635 -0.008498 0.066747
v -0.063053 -0.007369 0.067082
v -0.060803 -0.008586 0.065288
v -0.060803 -0.008586 0.065288
v -0.062572 -0.006797 0.069937
v -0.062572 -0.006797 0.069937
v -0.061561 -0.007738 0.070845
v -0.059960 -0.008403 0.068357
v -0.059910 -0.007987 0.064464
v -0.059143 -0.006906 0.059666
v -0.059143 -0.006906 0.059666
v -0.059032 -0.007114 0.063726
v -0.058552 -0.007181 0.066763
v -0.058552 -0.007181 0.066763
v -0.058552 -0.007181 0.066763
v -0.062360 0.006088 0.067370
v -0.062360 0.006088 0.067370
v -0.062268 0.005623 0.069429
v -0.062268 0.005623 0.069429
v -0.060769 0.006643 0.070646
v -0.060769 0.006643 0.070646
v -0.060769 0.006643 0.070646
v -0.060169 0.007018 0.068802
v -0.060169 0.007018 0.068802
v -0.062841 0.003556 0.070517
v -0.062841 0.003556 0.070517
v -0.061476 0.005515 0.071901
v -0.061476 0.005515 0.071901
v -0.061498 0.004345 0.073309
v -0.061498 0.004345 0.073309
v -0.062533 0.002173 0.072359
v -0.062533 0.002173 0.072359
v -0.060610 0.006164 0.072783
v -0.058366 0.007136 0.073735
v -0.059351 0.006519 0.074829
v -0.058351 0.006836 0.069843
v -0.057241 0.007024 0.073519
v -0.057241 0.007024 0.073519
v -0.059573 0.005291 0.076556
v -0.059573 0.005291 0.076556
v -0.059991 0.003807 0.077009
v -0.058396 0.006233 0.077339
v -0.058396 0.006233 0.077339
v -0.056989 0.006892 0.078183
v -0.056989 0.006892 0.078183
v -0.056989 0.006892 0.078183
v -0.056989 0.006892 0.078183
v -0.061114 -0.000464 0.076329
v -0.061114 -0.000464 0.076329
v -0.055484 0.007194 0.077447
v -0.055252 0.006643 0.075558
v -0.055252 0.006643 0.075558
v -0.055252 0.006643 0.075558
v -0.054920 0.007322 0.079776
v -0.054920 0.007322 0.079776
v -0.057025 0.006083 0.079912
v -0.058250 0.003788 0.079964
v -0.058250 0.003788 0.079964
v -0.058250 0.003788 0.079964
v -0.058250 0.003788 0.079964
v -0.059020 0.000662 0.079734
v -0.059020 0.000662 0.079734
v -0.059020 0.000662 0.079734
v -0.054539 0.007067 0.081401
v -0.055196 0.006498 0.081775
v -0.057056 0.004638 0.081111
v -0.056688 0.002225 0.082596
v -0.054313 0.006174 0.083302
v -0.054313 0.006174 0.083302
v -0.055279 0.003840 0.083677
v -0.055279 0.003840 0.083677
v -0.055279 0.003840 0.083677
v -0.051817 0.007228 0.081343
v -0.051817 0.007228 0.081343
v -0.051817 0.007228 0.081343
v -0.050713 0.007335 0.082828
v -0.050081 0.007284 0.085252
v -0.049330 0.006990 0.082678
v -0.048489 0.007553 0.084790
v -0.048489 0.007553 0.084790
v -0.047843 0.007388 0.084091
v -0.047843 0.007388 0.084091
v -0.052977 0.006859 0.083531
v -0.052583 0.005892 0.085080
v -0.052583 0.005892 0.085080
v -0.051447 0.006522 0.085397
v -0.052528 0.004347 0.086063
v -0.052528 0.004347 0.086063
v -0.054625 0.002422 0.084797
v -0.062639 -0.001363 0.073050
v -0.062639 -0.001363 0.073050
v -0.062691 -0.003880 0.072409
v -0.061132 -0.003985 0.075953
v -0.061132 -0.003985 0.075953
v -0.061132 -0.003985 0.075953
v -0.062898 -0.005435 0.070805
v -0.062898 -0.005435 0.070805
v -0.060114 -0.008158 0.072871
v -0.060114 -0.008158 0.072871
v -0.058410 -0.008333 0.074198
v -0.058410 -0.008333 0.074198
v -0.061579 -0.006205 0.073530
v -0.061579 -0.006205 0.073530
v -0.061426 -0.005198 0.074690
v -0.059645 -0.007450 0.075809
v -0.059645 -0.007450 0.075809
v -0.058744 -0.002578 0.080302
v -0.059627 -0.006188 0.077514
v -0.059627 -0.006188 0.077514
v -0.058242 -0.008060 0.076812
v -0.058242 -0.008060 0.076812
v -0.058656 -0.004669 0.079890
v -0.057580 -0.007449 0.079256
v -0.056665 -0.008200 0.078732
v -0.058127 -0.007567 0.069825
v -0.058127 -0.007567 0.069825
v -0.058114 -0.008185 0.072745
v -0.058114 -0.008185 0.072745
v -0.056583 -0.007292 0.073318
v -0.056792 -0.008101 0.075276
v -0.054923 -0.006992 0.075885
v -0.054923 -0.006992 0.075885
v -0.054155 -0.007414 0.077825
v -0.055308 -0.008209 0.078628
v -0.055308 -0.008209 0.078628
v -0.056938 -0.000679 0.082754
v -0.056938 -0.000679 0.082754
v -0.055599 -0.002759 0.084210
v -0.056727 -0.006364 0.081610
v -0.057098 -0.004292 0.082170
v -0.056380 -0.007953 0.079962
v -0.056380 -0.007953 0.079962
v -0.056441 -0.007472 0.080772
v -0.055568 -0.006099 0.083136
v -0.055568 -0.006099 0.083136
v -0.055568 -0.006099 0.083136
v -0.055456 -0.007367 0.082081
v -0.053992 -0.006995 0.083998
v -0.053992 -0.006995 0.083998
v -0.053992 -0.006995 0.083998
v -0.053992 -0.006995 0.083998
v -0.054741 0.000384 0.085062
v -0.054741 0.000384 0.085062
v -0.052509 0.001989 0.086764
v -0.052509 0.001989 0.086764
v -0.053327 -0.000658 0.086386
v -0.053327 -0.000658 0.086386
v -0.053723 -0.003286 0.085885
v -0.053723 -0.003286 0.085885
v -0.051022 -0.002924 0.087972
v -0.054511 -0.005331 0.084606
v -0.054511 -0.005331 0.084606
v -0.054511 -0.005331 0.084606
v -0.052002 -0.004739 0.086872
v -0.052002 -0.004739 0.086872
v -0.052002 -0.004739 0.086872
v -0.052002 -0.004739 0.086872
v -0.053635 -0.008002 0.079635
v -0.052267 -0.007728 0.080350
v -0.052267 -0.007728 0.080350
v -0.054489 -0.008337 0.080574
v -0.054489 -0.008337 0.080574
v -0.054862 -0.008099 0.081307
v -0.054862 -0.008099 0.081307
v -0.053074 -0.008356 0.081748
v -0.053074 -0.008356 0.081748
v -0.053494 -0.007927 0.083337
v -0.052588 -0.008407 0.083004
v -0.051197 -0.008383 0.082534
v -0.049996 -0.008097 0.082685
v -0.049996 -0.008097 0.082685
v -0.049996 -0.008097 0.082685
v -0.051603 -0.006865 0.086117
v -0.051603 -0.006865 0.086117
v -0.051603 -0.006865 0.086117
v -0.049451 -0.008633 0.085540
v -0.049451 -0.008633 0.085540
v -0.051462 -0.007741 0.085412
v -0.049095 -0.008827 0.084734
v -0.049095 -0.008827 0.084734
v -0.050262 -0.006298 0.087341
v -0.047835 -0.007867 0.087706
v -0.047499 -0.008614 0.087043
v -0.049973 -0.007501 0.081937
v -0.049973 -0.007501 0.081937
v -0.047580 -0.007619 0.083110
v -0.047702 -0.008689 0.084473
v -0.047702 -0.008689 0.084473
v -0.046304 -0.009205 0.085621
v -0.046304 -0.009205 0.085621
v -0.044030 -0.009705 0.086723
v -0.044030 -0.009705 0.086723
v -0.044030 -0.009705 0.086723
v -0.044762 -0.009338 0.085630
v -0.025464 -0.014625 0.034954
v -0.025464 -0.014625 0.034954
v -0.025464 -0.014625 0.034954
v -0.025377 -0.014328 0.034368
v -0.025249 -0.015644 0.037268
v -0.024379 -0.017942 0.037585
v -0.024379 -0.017942 0.037585
v -0.024379 -0.017942 0.037585
v -0.025357 -0.016578 0.039255
v -0.025357 -0.016578 0.039255
v -0.025357 -0.016578 0.039255
v -0.025209 -0.018824 0.040318
v -0.025209 -0.018824 0.040318
v -0.023782 -0.019471 0.037700
v -0.023782 -0.019471 0.037700
v -0.023487 -0.021221 0.039988
v -0.023487 -0.021221 0.039988
v -0.025782 -0.016182 0.040438
v -0.025670 -0.017093 0.040944
v -0.025670 -0.017093 0.040944
v -0.023811 -0.021327 0.041825
v -0.025051 -0.019300 0.042767
v -0.025132 -0.019662 0.044548
v -0.025132 -0.019662 0.044548
v -0.025132 -0.019662 0.044548
v -0.025544 -0.018322 0.044214
v -0.025544 -0.018322 0.044214
v -0.026425 -0.016892 0.045727
v -0.026659 -0.015109 0.043761
v -0.026659 -0.015109 0.043761
v -0.025774 -0.019113 0.047103
v -0.024058 -0.021918 0.044132
v -0.024058 -0.021918 0.044132
v -0.024786 -0.022135 0.046434
v -0.024786 -0.022135 0.046434
v -0.022918 -0.021383 0.037662
v -0.022918 -0.021383 0.037662
v -0.021749 -0.023052 0.036309
v -0.021885 -0.023479 0.037898
v -0.023057 -0.022719 0.041005
v -0.023057 -0.022719 0.041005
v -0.022138 -0.025090 0.040408
v -0.022138 -0.025090 0.040408
v -0.020673 -0.025081 0.037146
v -0.020673 -0.025081 0.037146
v -0.018954 -0.027769 0.036728
v -0.018954 -0.027769 0.036728
v -0.019792 -0.027421 0.039458
v -0.022426 -0.024583 0.043021
v -0.022860 -0.024693 0.045856
v -0.026840 -0.017010 0.049007
v -0.027770 -0.014713 0.046664
v -0.027770 -0.014713 0.046664
v -0.027770 -0.014713 0.046664
v -0.027433 -0.015592 0.050101
v -0.028046 -0.013915 0.047156
v -0.028046 -0.013915 0.047156
v -0.027213 -0.018547 0.052196
v -0.027213 -0.018547 0.052196
v -0.025829 -0.019817 0.049429
v -0.025371 -0.021103 0.050126
v -0.027847 -0.016193 0.054848
v -0.028722 -0.012561 0.053098
v -0.028722 -0.012561 0.053098
v -0.028050 -0.016667 0.057446
v -0.028050 -0.016667 0.057446
v -0.028629 -0.014182 0.056253
v -0.026954 -0.018905 0.055274
v -0.029349 -0.014597 0.058983
v -0.029349 -0.014597 0.058983
v -0.017449 -0.029795 0.037386
v -0.018646 -0.029883 0.042461
v -0.018646 -0.029883 0.042461
v -0.017629 -0.030487 0.039454
v -0.017629 -0.030487 0.039454
v -0.020841 -0.026987 0.042749
v -0.020841 -0.026987 0.042749
v -0.020939 -0.027692 0.045141
v -0.020341 -0.029651 0.046257
v -0.020341 -0.029651 0.046257
v -0.020341 -0.029651 0.046257
v -0.021390 -0.027688 0.047996
v -0.016984 -0.032221 0.040496
v -0.016984 -0.032221 0.040496
v -0.017042 -0.032098 0.043490
v -0.019134 -0.029968 0.044229
v -0.019794 -0.030268 0.046066
v -0.019794 -0.030268 0.046066
v -0.019794 -0.030268 0.046066
v -0.017711 -0.031850 0.045643
v -0.018069 -0.031909 0.047363
v -0.018069 -0.031909 0.047363
v -0.018069 -0.031909 0.047363
v -0.024113 -0.023472 0.049329
v -0.024113 -0.023472 0.049329
v -0.025846 -0.021299 0.053947
v -0.025846 -0.021299 0.053947
v -0.024266 -0.023963 0.051845
v -0.023031 -0.025591 0.049742
v -0.023419 -0.026637 0.052300
v -0.023419 -0.026637 0.052300
v -0.024420 -0.024216 0.054420
v -0.026607 -0.020066 0.056664
v -0.026607 -0.020066 0.056664
v -0.025925 -0.021868 0.056266
v -0.025925 -0.021868 0.056266
v -0.025925 -0.021868 0.056266
v -0.027055 -0.019755 0.059255
v -0.026450 -0.022246 0.058708
v -0.023224 -0.026557 0.055216
v -0.023263 -0.026754 0.057447
v -0.023263 -0.026754 0.057447
v -0.024594 -0.024503 0.056988
v -0.025895 -0.023140 0.058516
v -0.025895 -0.023140 0.058516
v -0.023131 -0.027046 0.052878
v -0.024356 -0.025387 0.059675
v -0.022724 -0.028205 0.060552
v -0.022724 -0.028205 0.060552
v -0.020302 -0.029591 0.049016
v -0.020208 -0.030074 0.047056
v -0.020208 -0.030074 0.047056
v -0.021563 -0.028017 0.050436
v -0.021563 -0.028017 0.050436
v -0.019243 -0.030939 0.049096
v -0.021272 -0.029039 0.053338
v -0.021272 -0.029039 0.053338
v -0.019125 -0.031375 0.050512
v -0.019125 -0.031375 0.050512
v -0.019125 -0.031375 0.050512
v -0.016271 -0.033556 0.046291
v -0.017283 -0.033105 0.049265
v -0.015550 -0.034740 0.048578
v -0.015550 -0.034740 0.048578
v -0.019783 -0.031034 0.053280
v -0.019783 -0.031034 0.053280
v -0.018495 -0.033216 0.052338
v -0.018495 -0.033216 0.052338
v -0.018007 -0.033695 0.052205
v -0.018007 -0.033695 0.052205
v -0.018007 -0.033695 0.052205
v -0.016406 -0.034421 0.050815
v -0.016296 -0.035044 0.053805
v -0.014112 -0.036469 0.051124
v -0.014112 -0.036469 0.051124
v -0.014112 -0.036469 0.051124
v -0.021387 -0.029408 0.055905
v -0.018246 -0.033215 0.055355
v -0.021697 -0.030318 0.058519
v -0.020236 -0.031033 0.056341
v -0.019533 -0.032132 0.058141
v -0.017536 -0.034106 0.056754
v -0.017756 -0.034189 0.059680
v -0.017756 -0.034189 0.059680
v -0.017756 -0.034189 0.059680
v -0.016221 -0.035406 0.056006
v -0.016221 -0.035406 0.056006
v -0.016221 -0.035406 0.056006
v -0.016159 -0.036605 0.058562
v -0.016159 -0.036605 0.058562
v -0.015637 -0.036959 0.058199
v -0.014482 -0.037113 0.056472
v -0.014482 -0.037113 0.056472
v -0.030137 0.008409 0.064946
v -0.030137 0.008409 0.064946
v -0.030267 0.007642 0.064452
v -0.030136 0.005501 0.063209
v -0.028709 -0.015925 0.059704
v -0.028709 -0.015925 0.059704
v -0.029296 -0.013463 0.062041
v -0.029296 -0.013463 0.062041
v -0.029296 -0.013463 0.062041
v -0.029661 0.009007 0.067105
v -0.029661 0.009007 0.067105
v -0.029679 0.009895 0.070459
v -0.029679 0.009895 0.070459
v -0.029576 0.010324 0.073447
v -0.029576 0.010324 0.073447
v -0.030179 0.007465 0.072785
v -0.030179 0.007465 0.072785
v -0.029986 0.008974 0.073466
v -0.029774 0.010181 0.076526
v -0.030602 0.008430 0.076214
v -0.031668 -0.005496 0.070940
v -0.031668 -0.005496 0.070940
v -0.031668 -0.005496 0.070940
v -0.030860 -0.006791 0.068544
v -0.031020 -0.007302 0.070177
v -0.028201 -0.017195 0.061788
v -0.028201 -0.017195 0.061788
v -0.028920 -0.015164 0.063464
v -0.028920 -0.015164 0.063464
v -0.028705 -0.016785 0.066195
v -0.028705 -0.016785 0.066195
v -0.028271 -0.018817 0.064439
v -0.029203 -0.014992 0.067659
v -0.029203 -0.014992 0.067659
v -0.029203 -0.014992 0.067659
v -0.028734 -0.017068 0.069348
v -0.028734 -0.017068 0.069348
v -0.027708 -0.019701 0.067445
v -0.027708 -0.019701 0.067445
v -0.027708 -0.019701 0.067445
v -0.027708 -0.019701 0.067445
v -0.029706 -0.013316 0.067758
v -0.030124 -0.014158 0.071056
v -0.030234 -0.011375 0.069408
v -0.029899 -0.014874 0.071062
v -0.030166 -0.012677 0.072722
v -0.029516 -0.015084 0.074036
v -0.029124 -0.016530 0.072133
v -0.029124 -0.016530 0.072133
v -0.028968 -0.017226 0.074180
v -0.029490 -0.015689 0.076865
v -0.027457 -0.020921 0.072602
v -0.027457 -0.020921 0.072602
v -0.027457 -0.020921 0.072602
v -0.028915 -0.018663 0.076491
v -0.028915 -0.018663 0.076491
v -0.028915 -0.018663 0.076491
v -0.028185 -0.019536 0.074646
v -0.027431 -0.021246 0.076077
v -0.029825 -0.013592 0.075176
v -0.030086 -0.013131 0.077166
v -0.030478 -0.012157 0.076020
v -0.030478 -0.012157 0.076020
v -0.030478 -0.012157 0.076020
v -0.029864 -0.014738 0.079751
v -0.028825 -0.017877 0.079190
v -0.028825 -0.017877 0.079190
v -0.027443 -0.021267 0.079277
v -0.027443 -0.021267 0.079277
v -0.028240 -0.019529 0.082288
v -0.028240 -0.019529 0.082288
v -0.029028 -0.017244 0.082326
v -0.029028 -0.017244 0.082326
v -0.026481 -0.023425 0.079890
v -0.026481 -0.023425 0.079890
v -0.027420 -0.022522 0.082392
v -0.027420 -0.022522 0.082392
v -0.027158 -0.020032 0.061993
v -0.027158 -0.020032 0.061993
v -0.026386 -0.021733 0.061307
v -0.025585 -0.023439 0.061189
v -0.025585 -0.023439 0.061189
v -0.026864 -0.021265 0.065080
v -0.026864 -0.021265 0.065080
v -0.025720 -0.023475 0.064223
v -0.025502 -0.024268 0.066626
v -0.024793 -0.025144 0.062181
v -0.024793 -0.025144 0.062181
v -0.023452 -0.027341 0.062167
v -0.024775 -0.026178 0.064231
v -0.024314 -0.027035 0.064356
v -0.024314 -0.027035 0.064356
v -0.024314 -0.027035 0.064356
v -0.022799 -0.028707 0.065387
v -0.026636 -0.022378 0.067829
v -0.026636 -0.022378 0.067829
v -0.027559 -0.020670 0.069918
v -0.027020 -0.022825 0.070503
v -0.027020 -0.022825 0.070503
v -0.026631 -0.023408 0.069934
v -0.025649 -0.024446 0.068986
v -0.025649 -0.024446 0.068986
v -0.025587 -0.024879 0.071008
v -0.024018 -0.027279 0.071010
v -0.024018 -0.027279 0.071010
v -0.024185 -0.026703 0.067257
v -0.024185 -0.026703 0.067257
v -0.024185 -0.026703 0.067257
v -0.024185 -0.026703 0.067257
v -0.022019 -0.030004 0.067668
v -0.020784 -0.031448 0.065835
v -0.020784 -0.031448 0.065835
v -0.023097 -0.028678 0.068851
v -0.022711 -0.030109 0.070656
v -0.022333 -0.030740 0.070699
v -0.022333 -0.030740 0.070699
v -0.020830 -0.030873 0.061778
v -0.020830 -0.030873 0.061778
v -0.020830 -0.030873 0.061778
v -0.019705 -0.032200 0.060121
v -0.018609 -0.033643 0.061772
v -0.018609 -0.033643 0.061772
v -0.019959 -0.032504 0.063462
v -0.019183 -0.034104 0.064520
v -0.017224 -0.035182 0.062867
v -0.017224 -0.035182 0.062867
v -0.016721 -0.035527 0.060687
v -0.014334 -0.037660 0.061037
v -0.016138 -0.036254 0.064087
v -0.016138 -0.036254 0.064087
v -0.013740 -0.038370 0.062623
v -0.019282 -0.033428 0.067122
v -0.017842 -0.034981 0.066454
v -0.017842 -0.034981 0.066454
v -0.020534 -0.032063 0.069179
v -0.020249 -0.032587 0.071364
v -0.018252 -0.034796 0.071430
v -0.017365 -0.035587 0.068315
v -0.017365 -0.035587 0.068315
v -0.017365 -0.035587 0.068315
v -0.016540 -0.037289 0.070584
v -0.014420 -0.037985 0.066377
v -0.014420 -0.037985 0.066377
v -0.014330 -0.038078 0.064668
v -0.015298 -0.037491 0.068341
v -0.014262 -0.038480 0.069902
v -0.014262 -0.038480 0.069902
v -0.014262 -0.038480 0.069902
v -0.026524 -0.022984 0.073945
v -0.025156 -0.025713 0.073756
v -0.025156 -0.025713 0.073756
v -0.023831 -0.027894 0.074039
v -0.023831 -0.027894 0.074039
v -0.026131 -0.024047 0.076354
v -0.025266 -0.026429 0.076406
v -0.024807 -0.027241 0.076297
v -0.024807 -0.027241 0.076297
v -0.022747 -0.029417 0.073548
v -0.022747 -0.029417 0.073548
v -0.021555 -0.031146 0.072907
v -0.021555 -0.031146 0.072907
v -0.023398 -0.028754 0.076043
v -0.022183 -0.030495 0.078932
v -0.022183 -0.030495 0.078932
v -0.021058 -0.031820 0.074933
v -0.021058 -0.031820 0.074933
v -0.019663 -0.033418 0.073351
v -0.019663 -0.033418 0.073351
v -0.025317 -0.025590 0.079216
v -0.023696 -0.028335 0.078439
v -0.023696 -0.028335 0.078439
v -0.023781 -0.028165 0.080046
v -0.025882 -0.024701 0.082237
v -0.025882 -0.024701 0.082237
v -0.023852 -0.028069 0.083045
v -0.022564 -0.030694 0.081768
v -0.020558 -0.032593 0.077992
v -0.020558 -0.032593 0.077992
v -0.020690 -0.032430 0.080831
v -0.020744 -0.032397 0.083751
v -0.020744 -0.032397 0.083751
v -0.018718 -0.034671 0.081443
v -0.017737 -0.035591 0.074872
v -0.019518 -0.034419 0.076220
v -0.016942 -0.036195 0.073007
v -0.015386 -0.037756 0.075756
v -0.014547 -0.038322 0.072285
v -0.014547 -0.038322 0.072285
v -0.015846 -0.037371 0.072418
v -0.015846 -0.037371 0.072418
v -0.014720 -0.038269 0.073943
v -0.012321 -0.039912 0.070702
v -0.013070 -0.039572 0.073467
v -0.013263 -0.040150 0.076072
v -0.013263 -0.040150 0.076072
v -0.011128 -0.041049 0.074762
v -0.011128 -0.041049 0.074762
v -0.018695 -0.034733 0.078603
v -0.017359 -0.035993 0.077962
v -0.017359 -0.035993 0.077962
v -0.017518 -0.035979 0.079450
v -0.017518 -0.035979 0.079450
v -0.015719 -0.037710 0.080177
v -0.014590 -0.038474 0.078474
v -0.017734 -0.036138 0.081744
v -0.017734 -0.036138 0.081744
v -0.018032 -0.035404 0.084007
v -0.018032 -0.035404 0.084007
v -0.016795 -0.037320 0.082139
v -0.016795 -0.037320 0.082139
v -0.016795 -0.037320 0.082139
v -0.013441 -0.040013 0.076461
v -0.011214 -0.041068 0.077619
v -0.011214 -0.041068 0.077619
v -0.014208 -0.038826 0.082444
v -0.013296 -0.039481 0.079476
v -0.010796 -0.041344 0.079580
v -0.056562 0.004275 0.041895
v -0.055327 0.002835 0.041306
v -0.055327 0.002835 0.041306
v -0.051882 0.001180 0.036450
v -0.051882 0.001180 0.036450
v -0.050757 0.002140 0.034451
v -0.053902 0.002594 0.038574
v -0.053902 0.002594 0.038574
v -0.053902 0.002594 0.038574
v -0.052945 0.000950 0.038182
v -0.054574 0.001266 0.041367
v -0.053417 -0.001494 0.039635
v -0.052355 -0.000981 0.037774
v -0.052355 -0.000981 0.037774
v -0.054874 -0.000528 0.042596
v -0.054874 -0.000528 0.042596
v -0.054438 -0.004645 0.041120
v -0.054438 -0.004645 0.041120
v -0.053935 -0.005626 0.039533
v -0.052308 -0.002928 0.037825
v -0.052308 -0.002928 0.037825
v -0.054780 -0.003144 0.042379
v -0.049289 0.001536 0.033257
v -0.047875 -0.000758 0.032728
v -0.049672 0.000608 0.033995
v -0.049646 -0.001473 0.034467
v -0.048386 -0.003441 0.033270
v -0.048386 -0.003441 0.033270
v -0.048386 -0.003441 0.033270
v -0.050242 -0.003515 0.035086
v -0.050242 -0.003515 0.035086
v -0.050890 -0.002091 0.035901
v -0.048892 -0.007065 0.032703
v -0.052031 -0.004886 0.037002
v -0.034981 -0.006089 0.026148
v -0.033505 -0.004998 0.026249
v -0.032118 -0.006712 0.025407
v -0.034385 -0.003300 0.026609
v -0.034385 -0.003300 0.026609
v -0.030961 -0.008385 0.024303
v -0.030658 -0.007693 0.024836
v -0.031165 -0.005423 0.025945
v -0.031165 -0.005423 0.025945
v -0.028978 -0.004018 0.026181
v -0.028978 -0.004018 0.026181
v -0.028218 -0.007900 0.024833
v -0.028218 -0.007900 0.024833
v -0.028568 -0.005371 0.026054
v -0.029387 -0.006050 0.025736
v -0.029387 -0.006050 0.025736
v -0.026778 -0.005906 0.025843
v -0.026778 -0.005906 0.025843
v -0.026125 -0.007614 0.024902
v -0.025207 -0.007037 0.025676
v -0.025207 -0.007037 0.025676
v -0.025207 -0.007037 0.025676
v -0.025207 -0.007037 0.025676
v -0.025207 -0.007037 0.025676
v -0.024811 -0.008442 0.024458
v -0.024811 -0.008442 0.024458
v -0.024811 -0.008442 0.024458
v -0.024811 -0.008442 0.024458
v -0.023889 -0.009163 0.024356
v -0.023889 -0.009163 0.024356
v -0.024613 -0.007611 0.025551
v -0.024613 -0.007611 0.025551
v -0.024235 -0.008266 0.025565
v -0.024235 -0.008266 0.025565
v -0.023521 -0.009563 0.025537
v -0.023521 -0.009563 0.025537
v -0.023967 -0.008895 0.026452
v -0.024503 -0.007330 0.026449
v -0.024685 -0.006851 0.027804
v -0.023357 -0.011926 0.026955
v -0.023357 -0.011926 0.026955
v -0.024930 -0.009774 0.028737
v -0.024930 -0.009774 0.028737
v -0.025086 -0.009163 0.028957
v -0.025609 -0.007498 0.031454
v -0.026259 -0.004677 0.032821
v -0.026259 -0.004677 0.032821
v -0.024832 -0.011100 0.030565
v -0.024832 -0.011100 0.030565
v -0.025882 -0.009529 0.034038
v -0.025882 -0.009529 0.034038
v -0.025882 -0.009529 0.034038
v -0.025882 -0.009529 0.034038
v -0.025882 -0.009529 0.034038
v -0.025243 -0.011844 0.033065
v -0.025243 -0.011844 0.033065
v -0.022979 -0.010535 0.024326
v -0.022803 -0.012033 0.024870
v -0.019424 -0.009567 0.026874
v -0.019424 -0.009567 0.026874
v -0.015905 -0.013027 0.020349
v -0.014003 -0.012727 0.017184
v -0.018664 -0.014369 0.028332
v -0.018664 -0.014369 0.028332
v -0.016624 -0.016226 0.025011
v -0.016624 -0.016226 0.025011
v -0.014458 -0.015946 0.020137
v -0.014467 -0.018827 0.022914
v -0.014467 -0.018827 0.022914
v -0.021320 -0.009614 0.032210
v -0.016921 -0.018713 0.028802
v -0.019306 -0.016597 0.033156
v -0.019306 -0.016597 0.033156
v -0.018183 -0.018800 0.032309
v -0.015457 -0.022628 0.030654
v -0.015457 -0.022628 0.030654
v -0.015988 -0.022771 0.032614
v -0.015988 -0.022771 0.032614
v -0.058803 0.004527 0.052837
v -0.058235 0.003882 0.050380
v -0.056931 0.003981 0.043822
v -0.056190 0.001932 0.045410
v -0.056190 0.001932 0.045410
v -0.056087 -0.000883 0.046228
v -0.056087 -0.000883 0.046228
v -0.057305 0.002814 0.048249
v -0.057305 0.002814 0.048249
v -0.056943 -0.000676 0.049845
v -0.056897 -0.003489 0.048035
v -0.056897 -0.003489 0.048035
v -0.056209 -0.002779 0.046163
v -0.055491 -0.002085 0.044422
v -0.055491 -0.002085 0.044422
v -0.055649 -0.004426 0.043831
v -0.056122 -0.004541 0.045445
v -0.056122 -0.004541 0.045445
v -0.056122 -0.004541 0.045445
v -0.056643 -0.004445 0.046371
v -0.056643 -0.004445 0.046371
v -0.057694 0.003008 0.050853
v -0.057694 0.003008 0.050853
v -0.057151 0.001239 0.049702
v -0.057461 -0.002582 0.051733
v -0.057857 0.001825 0.054534
v -0.057857 0.001825 0.054534
v -0.057857 0.001825 0.054534
v -0.057674 0.001480 0.053941
v -0.057674 0.001480 0.053941
v -0.058695 0.004116 0.055228
v -0.057469 -0.000529 0.052679
v -0.057844 -0.002753 0.054874
v -0.059501 0.005404 0.057494
v -0.059501 0.005404 0.057494
v -0.059501 0.005404 0.057494
v -0.058749 0.004654 0.058692
v -0.058749 0.004654 0.058692
v -0.058141 0.002649 0.057216
v -0.057674 0.000387 0.059098
v -0.057674 0.000387 0.059098
v -0.057734 -0.000100 0.056288
v -0.057734 -0.000100 0.056288
v -0.057734 -0.000100 0.056288
v -0.057734 -0.000100 0.056288
v -0.057861 0.003288 0.061411
v -0.058917 0.005544 0.061612
v -0.057821 0.004380 0.063764
v -0.057821 0.004380 0.063764
v -0.057432 0.001103 0.062379
v -0.058578 0.005982 0.065525
v -0.058578 0.005982 0.065525
v -0.058578 0.005982 0.065525
v -0.057834 0.005116 0.065554
v -0.057202 0.003416 0.065191
v -0.057202 0.003416 0.065191
v -0.056713 0.001273 0.065875
v -0.056713 0.001273 0.065875
v -0.057147 -0.000841 0.063967
v -0.057147 -0.000841 0.063967
v -0.057923 -0.003147 0.056967
v -0.058344 -0.005045 0.059418
v -0.058344 -0.005045 0.059418
v -0.057692 -0.001201 0.060281
v -0.057692 -0.001201 0.060281
v -0.057953 -0.002836 0.059710
v -0.057953 -0.002836 0.059710
v -0.057455 -0.002912 0.063687
v -0.057455 -0.002912 0.063687
v -0.056301 -0.001091 0.067435
v -0.056515 -0.003091 0.067890
v -0.056515 -0.003091 0.067890
v -0.056515 -0.003091 0.067890
v -0.058220 -0.005274 0.061816
v -0.058220 -0.005274 0.061816
v -0.057663 -0.005538 0.066307
v -0.057663 -0.005538 0.066307
v -0.057053 0.005201 0.068515
v -0.057053 0.005201 0.068515
v -0.057307 0.006443 0.070983
v -0.056397 0.004081 0.068904
v -0.056397 0.004081 0.068904
v -0.056010 0.005727 0.072047
v -0.055477 0.004471 0.071599
v -0.055477 0.004471 0.071599
v -0.055945 0.002662 0.069162
v -0.055685 -0.000159 0.069316
v -0.055685 -0.000159 0.069316
v -0.054772 0.002861 0.072111
v -0.054445 0.006021 0.075587
v -0.054445 0.006021 0.075587
v -0.054479 -0.000873 0.072492
v -0.054266 0.000489 0.073059
v -0.053194 0.003502 0.075161
v -0.053597 0.001306 0.073730
v -0.054108 0.004560 0.074518
v -0.054108 0.004560 0.074518
v -0.054876 -0.002768 0.072157
v -0.054876 -0.002768 0.072157
v -0.053217 0.000804 0.074592
v -0.053072 -0.001334 0.075217
v -0.053072 -0.001334 0.075217
v -0.053072 -0.001334 0.075217
v -0.052454 -0.000900 0.075741
v -0.052454 -0.000900 0.075741
v -0.053409 0.006929 0.078829
v -0.053409 0.006929 0.078829
v -0.052380 0.006476 0.079082
v -0.052380 0.006476 0.079082
v -0.051694 0.005414 0.078652
v -0.052037 0.004337 0.077330
v -0.050861 0.002062 0.078048
v -0.050659 0.003954 0.078853
v -0.050659 0.003954 0.078853
v -0.051508 0.006647 0.079919
v -0.049524 0.005060 0.080552
v -0.049524 0.005060 0.080552
v -0.050836 0.006635 0.080858
v -0.050836 0.006635 0.080858
v -0.048749 0.006014 0.081882
v -0.052182 0.001297 0.076144
v -0.052182 0.001297 0.076144
v -0.052182 0.001297 0.076144
v -0.050476 -0.000057 0.078331
v -0.048549 0.001340 0.080317
v -0.048544 -0.001176 0.080264
v -0.048544 -0.001176 0.080264
v -0.045529 0.006287 0.083929
v -0.045529 0.006287 0.083929
v -0.046826 0.006952 0.083857
v -0.045581 0.005058 0.083108
v -0.045581 0.005058 0.083108
v -0.048551 0.003029 0.080611
v -0.047866 0.004380 0.081485
v -0.047866 0.004380 0.081485
v -0.047866 0.004380 0.081485
v -0.046831 0.002166 0.081676
v -0.046831 0.002166 0.081676
v -0.046410 -0.000470 0.081727
v -0.045938 0.003593 0.082404
v -0.044940 0.002389 0.082668
v -0.044940 0.002389 0.082668
v -0.043741 0.004310 0.083501
v -0.043741 0.004310 0.083501
v -0.043741 0.004310 0.083501
v -0.043673 -0.000995 0.082991
v -0.043673 -0.000995 0.082991
v -0.042990 0.002595 0.083303
v -0.042990 0.002595 0.083303
v -0.047099 -0.002957 0.081476
v -0.047099 -0.002957 0.081476
v -0.047099 -0.002957 0.081476
v -0.047099 -0.002957 0.081476
v -0.044871 -0.002851 0.082577
v -0.056982 -0.006328 0.070100
v -0.055474 -0.003989 0.071546
v -0.056068 -0.006248 0.072617
v -0.056068 -0.006248 0.072617
v -0.056068 -0.006248 0.072617
v -0.056068 -0.006248 0.072617
v -0.056068 -0.006248 0.072617
v -0.054305 -0.004814 0.074747
v -0.053101 -0.003194 0.075675
v -0.053101 -0.003194 0.075675
v -0.053101 -0.003194 0.075675
v -0.053101 -0.003194 0.075675
v -0.052412 -0.004152 0.077114
v -0.052833 -0.006187 0.078040
v -0.052833 -0.006187 0.078040
v -0.052833 -0.006187 0.078040
v -0.052833 -0.006187 0.078040
v -0.051381 -0.003391 0.078153
v -0.051381 -0.003391 0.078153
v -0.050933 -0.001289 0.078009
v -0.050933 -0.001289 0.078009
v -0.050801 -0.004589 0.079423
v -0.050145 -0.003469 0.079136
v -0.050145 -0.003469 0.079136
v -0.048779 -0.003401 0.080341
v -0.048779 -0.003401 0.080341
v -0.048779 -0.003401 0.080341
v -0.048779 -0.003401 0.080341
v -0.050048 -0.005888 0.080726
v -0.049171 -0.005323 0.080733
v -0.047858 -0.005541 0.081736
v -0.047858 -0.005541 0.081736
v -0.046136 -0.006009 0.082811
v -0.044809 -0.005432 0.083059
v -0.042283 -0.004003 0.083440
v -0.042283 -0.004003 0.083440
v -0.040735 -0.003113 0.083557
v -0.040735 -0.003113 0.083557
v -0.042641 -0.005926 0.083715
v -0.042641 -0.005926 0.083715
v -0.042641 -0.005926 0.083715
v -0.043663 -0.007361 0.084126
v -0.043663 -0.007361 0.084126
v -0.041651 -0.007211 0.084287
v -0.041651 -0.007211 0.084287
v -0.044903 -0.008581 0.084665
v -0.044903 -0.008581 0.084665
v -0.044903 -0.008581 0.084665
v -0.043903 -0.008628 0.084841
v -0.043903 -0.008628 0.084841
v -0.042571 -0.008272 0.084846
v -0.042571 -0.008272 0.084846
v -0.043616 -0.009238 0.085481
v -0.027546 -0.001828 0.038029
v -0.028570 -0.001400 0.040567
v -0.028570 -0.001400 0.040567
v -0.027626 -0.004456 0.038930
v -0.027626 -0.004456 0.038930
v -0.028574 -0.002031 0.040953
v -0.028149 0.000618 0.040965
v -0.028149 0.000618 0.040965
v -0.028149 0.000618 0.040965
v -0.028541 -0.000474 0.043722
v -0.028531 -0.003161 0.043319
v -0.028531 -0.003161 0.043319
v -0.028967 -0.002143 0.046047
v -0.028967 -0.002143 0.046047
v -0.028967 -0.002143 0.046047
v -0.028296 -0.004152 0.042277
v -0.028389 -0.006377 0.043866
v -0.028741 -0.004169 0.044520
v -0.029136 0.001270 0.046894
v -0.029136 0.001270 0.046894
v -0.029136 0.001270 0.046894
v -0.028845 -0.000447 0.045824
v -0.029275 0.001150 0.049281
v -0.029275 0.001150 0.049281
v -0.029275 0.001150 0.049281
v -0.029389 -0.001528 0.049293
v -0.029389 -0.001528 0.049293
v -0.029470 -0.004958 0.046747
v -0.029489 -0.005650 0.047010
v -0.028494 -0.008341 0.045808
v -0.028494 -0.008341 0.045808
v -0.028950 -0.007593 0.048138
v -0.029422 -0.003922 0.049244
v -0.029615 -0.003615 0.050544
v -0.029299 -0.006129 0.049724
v -0.029127 0.003283 0.050397
v -0.029620 0.000411 0.050892
v -0.029620 0.000411 0.050892
v -0.029743 0.001159 0.053176
v -0.029743 0.001159 0.053176
v -0.029743 0.001159 0.053176
v -0.029743 0.001159 0.053176
v -0.030222 -0.000976 0.052434
v -0.029497 0.004495 0.054504
v -0.030066 0.000710 0.056323
v -0.030066 0.000710 0.056323
v -0.030066 0.000710 0.056323
v -0.030066 0.000710 0.056323
v -0.030057 -0.000747 0.054852
v -0.030296 -0.002087 0.052633
v -0.030072 -0.002728 0.055111
v -0.030072 -0.002728 0.055111
v -0.025611 -0.003437 0.051633
v -0.025283 -0.000862 0.048612
v -0.025946 -0.002199 0.054413
v -0.025789 0.002279 0.055898
v -0.025284 0.000740 0.050269
v -0.030113 -0.001639 0.051451
v -0.030113 -0.001639 0.051451
v -0.029414 -0.006857 0.051273
v -0.029810 -0.004565 0.053394
v -0.029659 -0.007969 0.054118
v -0.030169 -0.004119 0.056121
v -0.028882 -0.008972 0.049077
v -0.028882 -0.008972 0.049077
v -0.029683 -0.009846 0.052302
v -0.029683 -0.009846 0.052302
v -0.029410 -0.010070 0.055438
v -0.029853 -0.007669 0.056570
v -0.029853 -0.007669 0.056570
v -0.029853 -0.007669 0.056570
v -0.029137 -0.012303 0.056952
v -0.029493 -0.011193 0.058618
v -0.029493 -0.011193 0.058618
v -0.026416 -0.002610 0.033666
v -0.026416 -0.002610 0.033666
v -0.027156 -0.006234 0.034355
v -0.027156 -0.006234 0.034355
v -0.026158 -0.006692 0.032741
v -0.026158 -0.006692 0.032741
v -0.026158 -0.006692 0.032741
v -0.027067 -0.003682 0.035935
v -0.027067 -0.003682 0.035935
v -0.027302 -0.006523 0.035345
v -0.026372 -0.008761 0.035026
v -0.027311 -0.005380 0.037148
v -0.027121 -0.007103 0.036895
v -0.027144 -0.007999 0.038111
v -0.026272 -0.012306 0.037887
v -0.026883 -0.010809 0.038727
v -0.023477 -0.006089 0.039285
v -0.023477 -0.006089 0.039285
v -0.023746 -0.004095 0.039036
v -0.023665 -0.008467 0.041130
v -0.025813 -0.013166 0.035199
v -0.026094 -0.014437 0.039996
v -0.026094 -0.014437 0.039996
v -0.023044 -0.011647 0.040628
v -0.023044 -0.011647 0.040628
v -0.024632 -0.001558 0.044009
v -0.024632 -0.001558 0.044009
v -0.024185 -0.003075 0.041560
v -0.024185 -0.003075 0.041560
v -0.024779 -0.006483 0.046874
v -0.024779 -0.006483 0.046874
v -0.027844 -0.006974 0.040630
v -0.027844 -0.006974 0.040630
v -0.027919 -0.009800 0.040496
v -0.028069 -0.009400 0.041259
v -0.028069 -0.009400 0.041259
v -0.028095 -0.008407 0.042896
v -0.028095 -0.008407 0.042896
v -0.027917 -0.009936 0.043927
v -0.026919 -0.012604 0.041223
v -0.026919 -0.012604 0.041223
v -0.027319 -0.012120 0.042953
v -0.027319 -0.013433 0.044215
v -0.027319 -0.013433 0.044215
v -0.024021 -0.010858 0.045406
v -0.024021 -0.010858 0.045406
v -0.023529 -0.013630 0.047402
v -0.022600 -0.016801 0.048307
v -0.022600 -0.016801 0.048307
v -0.021317 -0.015296 0.038451
v -0.021317 -0.015296 0.038451
v -0.021249 -0.019072 0.044288
v -0.020263 -0.014720 0.033669
v -0.018896 -0.018775 0.034391
v -0.020302 -0.017307 0.038191
v -0.018388 -0.021374 0.037540
v -0.019743 -0.019561 0.039998
v -0.017453 -0.023725 0.039365
v -0.017453 -0.023725 0.039365
v -0.014602 -0.026062 0.035228
v -0.014602 -0.026062 0.035228
v -0.019165 -0.022731 0.044825
v -0.017578 -0.024399 0.041112
v -0.014703 -0.027691 0.040263
v -0.014703 -0.027691 0.040263
v -0.017241 -0.025903 0.044712
v -0.017241 -0.025903 0.044712
v -0.025158 -0.004095 0.047792
v -0.025105 -0.007111 0.050513
v -0.025105 -0.007111 0.050513
v -0.024903 -0.009339 0.050819
v -0.024903 -0.009339 0.050819
v -0.025623 -0.005365 0.051243
v -0.025623 -0.005365 0.051243
v -0.028102 -0.011382 0.046549
v -0.028217 -0.012877 0.049143
v -0.028519 -0.011934 0.050253
v -0.023878 -0.014585 0.059245
v -0.023878 -0.014585 0.059245
v -0.024456 -0.012718 0.053731
v -0.025119 -0.010333 0.055402
v -0.025119 -0.010333 0.055402
v -0.023202 -0.016233 0.052640
v -0.020341 -0.021424 0.051407
v -0.020790 -0.020786 0.046850
v -0.019574 -0.023211 0.049803
v -0.019574 -0.023211 0.049803
v -0.017369 -0.026676 0.048687
v -0.015381 -0.029143 0.049399
v -0.015381 -0.029143 0.049399
v -0.014569 -0.029673 0.046916
v -0.014569 -0.029673 0.046916
v -0.013694 -0.031685 0.053124
v -0.013694 -0.031685 0.053124
v -0.020152 -0.021999 0.053183
v -0.018036 -0.026358 0.059741
v -0.018036 -0.026358 0.059741
v -0.018330 -0.025684 0.053172
v -0.017261 -0.027752 0.057056
v -0.017261 -0.027752 0.057056
v -0.017186 -0.027931 0.053915
v -0.017186 -0.027931 0.053915
v -0.017186 -0.027931 0.053915
v -0.030346 0.005135 0.066794
v -0.029879 0.004151 0.056730
v -0.030372 0.002893 0.057967
v -0.030550 0.002453 0.058813
v -0.029547 0.006310 0.058831
v -0.030337 0.003804 0.058934
v -0.030337 0.003804 0.058934
v -0.030123 0.004358 0.061464
v -0.030123 0.004358 0.061464
v -0.030370 -0.000031 0.059515
v -0.030370 -0.000031 0.059515
v -0.030370 -0.000031 0.059515
v -0.030370 -0.000031 0.059515
v -0.030361 -0.002097 0.058550
v -0.030441 0.001652 0.062025
v -0.030441 0.001652 0.062025
v -0.030579 -0.003529 0.061436
v -0.030657 -0.000704 0.062087
v -0.030657 -0.000704 0.062087
v -0.026015 -0.001326 0.057744
v -0.025875 0.002884 0.059473
v -0.025565 0.002494 0.066636
v -0.025565 0.002494 0.066636
v -0.025565 0.002494 0.066636
v -0.030680 0.002158 0.065774
v -0.031244 -0.000862 0.064635
v -0.031244 -0.000862 0.064635
v -0.030704 -0.002682 0.062828
v -0.031040 -0.001094 0.067450
v -0.031040 -0.001094 0.067450
v -0.031040 -0.001094 0.067450
v -0.031040 -0.001094 0.067450
v -0.031040 -0.001094 0.067450
v -0.026243 -0.004170 0.062725
v -0.026243 -0.004170 0.062725
v -0.026136 -0.002263 0.063132
v -0.025986 -0.002495 0.066524
v -0.030765 -0.004393 0.058843
v -0.030798 -0.005172 0.058884
v -0.030798 -0.005172 0.058884
v -0.030402 -0.006604 0.061491
v -0.030402 -0.006604 0.061491
v -0.029957 -0.008476 0.058822
v -0.029957 -0.008476 0.058822
v -0.030364 -0.007844 0.062215
v -0.029805 -0.011028 0.062134
v -0.029805 -0.011028 0.062134
v -0.030745 -0.009590 0.064692
v -0.029628 -0.012523 0.064137
v -0.029628 -0.012523 0.064137
v -0.030880 -0.003324 0.065225
v -0.030880 -0.003324 0.065225
v -0.030667 -0.006367 0.065511
v -0.030667 -0.006367 0.065511
v -0.030901 -0.004550 0.067811
v -0.030901 -0.004550 0.067811
v -0.030901 -0.004550 0.067811
v -0.031046 -0.002458 0.069133
v -0.030575 -0.008492 0.067252
v -0.030575 -0.008492 0.067252
v -0.030108 -0.011361 0.066731
v -0.030823 -0.008197 0.070260
v -0.030823 -0.008197 0.070260
v -0.025211 -0.009603 0.061868
v -0.025211 -0.009603 0.061868
v -0.025211 -0.009603 0.061868
v -0.025973 -0.005335 0.066446
v -0.025676 -0.007448 0.059411
v -0.030084 0.006921 0.067854
v -0.030084 0.006921 0.067854
v -0.030084 0.006921 0.067854
v -0.030769 0.003477 0.068092
v -0.030905 0.001159 0.068566
v -0.030645 0.005634 0.069793
v -0.031395 0.003296 0.070507
v -0.031131 0.001235 0.071643
v -0.031131 0.001235 0.071643
v -0.031193 0.004321 0.071046
v -0.031193 0.004321 0.071046
v -0.030524 0.006070 0.071799
v -0.030524 0.006070 0.071799
v -0.030960 0.003610 0.073763
v -0.030960 0.003610 0.073763
v -0.030625 0.005938 0.073997
v -0.030625 0.005938 0.073997
v -0.031125 0.001098 0.073333
v -0.031125 0.001098 0.073333
v -0.031149 0.002432 0.076153
v -0.030812 0.007109 0.076087
v -0.030855 0.005053 0.077310
v -0.031212 0.002064 0.078151
v -0.031212 0.002064 0.078151
v -0.031207 -0.002605 0.072109
v -0.031207 -0.002605 0.072109
v -0.031286 -0.000990 0.073555
v -0.031286 -0.000990 0.073555
v -0.031815 -0.000566 0.076012
v -0.031815 -0.000566 0.076012
v -0.031255 -0.002807 0.073708
v -0.031255 -0.002807 0.073708
v -0.031255 -0.002807 0.073708
v -0.031365 -0.003177 0.077378
v -0.031365 -0.003177 0.077378
v -0.031365 -0.003177 0.077378
v -0.031365 -0.003177 0.077378
v -0.031288 -0.000912 0.079581
v -0.031198 0.001271 0.080132
v -0.031324 -0.004340 0.080293
v -0.031324 -0.004340 0.080293
v -0.030908 -0.009009 0.080538
v -0.031330 -0.006156 0.081293
v -0.031330 -0.006156 0.081293
v -0.025759 -0.000139 0.065263
v -0.025845 0.002261 0.075295
v -0.025845 0.002261 0.075295
v -0.024968 0.006932 0.076220
v -0.024968 0.006932 0.076220
v -0.023502 0.011711 0.077771
v -0.031201 -0.005245 0.074040
v -0.031011 -0.007273 0.070058
v -0.031011 -0.007273 0.070058
v -0.031157 -0.007067 0.071771
v -0.030797 -0.008825 0.073171
v -0.031011 -0.007407 0.073952
v -0.025644 -0.007910 0.075155
v -0.026070 -0.002660 0.075175
v -0.026070 -0.002660 0.075175
v -0.024378 -0.013200 0.067921
v -0.024378 -0.013200 0.067921
v -0.024610 -0.012825 0.077849
v -0.024610 -0.012825 0.077849
v -0.025863 -0.001458 0.078710
v -0.025863 -0.001458 0.078710
v -0.031162 -0.007669 0.077293
v -0.031162 -0.007669 0.077293
v -0.031232 -0.009681 0.076282
v -0.031232 -0.009681 0.076282
v -0.031232 -0.009681 0.076282
v -0.025880 -0.005778 0.076381
v -0.025880 -0.005778 0.076381
v -0.025143 -0.010541 0.078375
v -0.025143 -0.010541 0.078375
v -0.040114 -0.006522 0.084092
v -0.042371 -0.009221 0.085696
v -0.030522 -0.011186 0.073990
v -0.030522 -0.011186 0.073990
v -0.030495 -0.011881 0.078291
v -0.030495 -0.011881 0.078291
v -0.030495 -0.011881 0.078291
v -0.030496 -0.011766 0.083751
v -0.030333 -0.012699 0.080664
v -0.030460 -0.014042 0.082628
v -0.023798 -0.014161 0.084589
v -0.023170 -0.017482 0.077539
v -0.016578 -0.028765 0.060723
v -0.016891 -0.028526 0.065508
v -0.016891 -0.028526 0.065508
v -0.016178 -0.029929 0.063135
v -0.019034 -0.025617 0.072010
v -0.019034 -0.025617 0.072010
v -0.019034 -0.025617 0.072010
v -0.016006 -0.030129 0.064119
v -0.016006 -0.030129 0.064119
v -0.016006 -0.030129 0.064119
v -0.016273 -0.029279 0.066552
v -0.016273 -0.029279 0.066552
v -0.014891 -0.030500 0.067799
v -0.022114 -0.019461 0.066176
v -0.021738 -0.020945 0.074752
v -0.019498 -0.025109 0.073941
v -0.019498 -0.025109 0.073941
v -0.019498 -0.025109 0.073941
v -0.019498 -0.025109 0.073941
v -0.017240 -0.028326 0.073313
v -0.020673 -0.022390 0.080375
v -0.020673 -0.022390 0.080375
v -0.020673 -0.022390 0.080375
v -0.019001 -0.024625 0.084595
v -0.017971 -0.026705 0.080160
v -0.017971 -0.026705 0.080160
v -0.016857 -0.028132 0.071409
v -0.015648 -0.030278 0.072662
v -0.014182 -0.031530 0.070762
v -0.014182 -0.031530 0.070762
v -0.012710 -0.033305 0.072509
v -0.010467 -0.035049 0.066792
v -0.010467 -0.035049 0.066792
v -0.012352 -0.033683 0.070127
v -0.009643 -0.035304 0.069562
v -0.009643 -0.035304 0.069562
v -0.013627 -0.032090 0.077832
v -0.012012 -0.033882 0.073957
v -0.016209 -0.028630 0.083513
v -0.008620 -0.036477 0.075280
v -0.008620 -0.036477 0.075280
v -0.010434 -0.034792 0.079354
v -0.010434 -0.034792 0.079354
v -0.025645 -0.004489 0.054513
v -0.025791 -0.006147 0.056361
v -0.017240 -0.027686 0.052258
v -0.015112 -0.030164 0.055894
v -0.015112 -0.030164 0.055894
v -0.013038 -0.033007 0.060963
v -0.013038 -0.033007 0.060963
v -0.013038 -0.033007 0.060963
v -0.013038 -0.033007 0.060963
v -0.014980 -0.030515 0.059700
v -0.014980 -0.030515 0.059700
v -0.026288 -0.000058 0.061511
v -0.026069 -0.003195 0.057849
v -0.026047 0.001197 0.062318
v -0.014415 -0.031474 0.062839
v -0.014345 -0.031364 0.065943
v -0.014345 -0.031364 0.065943
v -0.014345 -0.031364 0.065943
v -0.013015 -0.033165 0.065603
v -0.013015 -0.033165 0.065603
v 0.003995 0.026666 0.004079
v 0.003995 0.026666 0.004079
v 0.003739 0.024170 0.001296
v 0.003739 0.024170 0.001296
v 0.001799 0.025519 0.003984
v 0.001799 0.025519 0.003984
v 0.006817 0.024528 0.000622
v 0.003060 0.022750 0.000567
v 0.008528 0.024085 0.000471
v 0.008528 0.024085 0.000471
v 0.008528 0.024085 0.000471
v 0.007510 0.022811 0.000557
v 0.004294 0.021288 0.000659
v 0.004294 0.021288 0.000659
v 0.006850 0.025499 0.001375
v 0.007295 0.021309 0.001249
v 0.007295 0.021309 0.001249
v 0.011265 0.023257 0.000762
v 0.011265 0.023257 0.000762
v 0.011265 0.023257 0.000762
v 0.007798 0.027857 0.003819
v 0.005066 0.028576 0.006350
v 0.009821 0.030297 0.006828
v 0.009821 0.030297 0.006828
v 0.009821 0.030297 0.006828
v 0.011812 0.028801 0.003868
v 0.010226 0.026446 0.001363
v 0.011634 0.025758 0.000691
v 0.011634 0.025758 0.000691
v 0.011634 0.025758 0.000691
v 0.010063 0.021599 0.001778
v 0.009599 0.032925 0.011839
v 0.014073 0.030805 0.006648
v 0.014073 0.030805 0.006648
v 0.014772 0.029231 0.003994
v 0.012664 0.032768 0.010596
v 0.014444 0.027069 0.001375
v 0.014241 0.025650 0.000571
v 0.016738 0.025076 0.000512
v 0.016738 0.025076 0.000512
v 0.014797 0.024106 0.000645
v 0.014797 0.024106 0.000645
v 0.019692 0.027000 0.001413
v 0.019692 0.027000 0.001413
v 0.017644 0.026160 0.000756
v 0.017644 0.026160 0.000756
v 0.017632 0.028575 0.003135
v 0.013247 0.022602 0.001405
v 0.012356 0.020265 0.003563
v 0.012356 0.020265 0.003563
v 0.017876 0.023812 0.000743
v 0.016879 0.022708 0.001496
v 0.016879 0.022708 0.001496
v 0.015863 0.020835 0.003340
v 0.015863 0.020835 0.003340
v 0.015675 0.019632 0.004183
v 0.015675 0.019632 0.004183
v 0.020276 0.028064 0.002742
v 0.021244 0.025531 0.000581
v 0.021244 0.025531 0.000581
v 0.022127 0.024002 0.000490
v 0.022189 0.022996 0.000717
v 0.018315 0.020827 0.003302
v 0.019792 0.022001 0.001885
v 0.019792 0.022001 0.001885
v 0.020862 0.019502 0.003998
v 0.020862 0.019502 0.003998
v 0.020862 0.019502 0.003998
v 0.021642 0.020315 0.003262
v 0.022780 0.021554 0.001680
v 0.022780 0.021554 0.001680
v 0.017366 0.030336 0.005742
v 0.017366 0.030336 0.005742
v 0.017366 0.030336 0.005742
v 0.019117 0.029532 0.004415
v 0.019117 0.029532 0.004415
v 0.018172 0.031931 0.008540
v 0.019589 0.031050 0.007180
v 0.024985 0.025645 0.001193
v 0.021635 0.028761 0.003863
v 0.022250 0.030413 0.006626
v 0.024251 0.028997 0.005328
v 0.024251 0.028997 0.005328
v 0.025266 0.027882 0.003888
v 0.024922 0.029571 0.006323
v 0.024922 0.029571 0.006323
v 0.019947 0.018692 0.004313
v 0.025420 0.024365 0.000449
v 0.025420 0.024365 0.000449
v 0.025420 0.024365 0.000449
v 0.025420 0.024365 0.000449
v 0.025021 0.021934 0.000753
v 0.027321 0.021974 0.000371
v 0.027321 0.021974 0.000371
v 0.027321 0.021974 0.000371
v 0.027321 0.021974 0.000371
v 0.028217 0.026645 0.003621
v 0.028217 0.026645 0.003621
v 0.028217 0.026645 0.003621
v 0.027993 0.024116 0.000817
v 0.031832 0.020205 0.000201
v 0.031832 0.020205 0.000201
v 0.031832 0.020205 0.000201
v 0.030759 0.021917 0.000368
v 0.028128 0.020178 0.000945
v 0.028128 0.020178 0.000945
v 0.026433 0.020019 0.001787
v 0.026433 0.020019 0.001787
v 0.030085 0.025997 0.003806
v 0.030085 0.025997 0.003806
v 0.023913 0.019465 0.003368
v 0.023090 0.017166 0.004486
v 0.026294 0.017378 0.003982
v 0.026294 0.017378 0.003982
v 0.026294 0.017378 0.003982
v 0.026894 0.018237 0.003217
v 0.026894 0.018237 0.003217
v 0.030602 0.022887 0.000913
v 0.030168 0.019800 0.000507
v 0.034239 0.020390 0.000910
v 0.030775 0.018043 0.001222
v 0.030775 0.018043 0.001222
v 0.033846 0.016744 0.000546
v 0.033846 0.016744 0.000546
v 0.033846 0.016744 0.000546
v 0.033829 0.023698 0.003706
v 0.033829 0.023698 0.003706
v 0.030032 0.016168 0.003240
v 0.030032 0.016168 0.003240
v 0.029379 0.013167 0.004343
v 0.024288 0.012405 0.004906
v 0.029610 0.015239 0.003893
v 0.029610 0.015239 0.003893
v 0.033007 0.014089 0.002761
v 0.033007 0.014089 0.002761
v 0.033007 0.014089 0.002761
v 0.032491 0.013112 0.003660
v 0.032491 0.013112 0.003660
v 0.032155 0.012265 0.003981
v 0.035596 0.017786 0.000208
v 0.037437 0.017223 0.000774
v 0.037437 0.017223 0.000774
v 0.037437 0.017223 0.000774
v 0.037437 0.017223 0.000774
v 0.038206 0.014555 0.000133
v 0.038206 0.014555 0.000133
v 0.037025 0.020664 0.003209
v 0.037025 0.020664 0.003209
v 0.036197 0.022422 0.004332
v 0.036197 0.022422 0.004332
v 0.036197 0.022422 0.004332
v 0.040342 0.017728 0.003682
v 0.033716 0.015174 0.001365
v 0.033716 0.015174 0.001365
v 0.036532 0.014912 0.000221
v 0.036532 0.014912 0.000221
v 0.035926 0.013443 0.000886
v 0.036549 0.011163 0.001565
v 0.034730 0.011300 0.003161
v 0.034730 0.011300 0.003161
v 0.039025 0.011697 0.000121
v 0.039025 0.011697 0.000121
v 0.037707 0.010998 0.000763
v 0.037707 0.010998 0.000763
v 0.040615 0.010907 0.000096
v 0.039517 0.009273 0.000305
v 0.039517 0.009273 0.000305
v 0.039965 0.014005 0.000782
v 0.041823 0.010479 0.000543
v 0.042709 0.014049 0.003509
v -0.010100 0.003543 0.000562
v -0.010100 0.003543 0.000562
v -0.010876 0.000303 0.000497
v -0.009306 0.002793 0.000735
v -0.009306 0.002793 0.000735
v -0.012071 -0.001862 0.001109
v -0.012071 -0.001862 0.001109
v -0.010832 -0.002491 0.000488
v -0.009495 -0.002262 0.000742
v -0.009495 -0.002262 0.000742
v -0.008449 0.000671 0.001278
v -0.008449 0.000671 0.001278
v -0.012519 -0.005964 0.001761
v -0.012519 -0.005964 0.001761
v -0.012519 -0.005964 0.001761
v -0.011157 -0.005218 0.000623
v -0.011157 -0.005218 0.000623
v -0.011157 -0.005218 0.000623
v -0.009370 -0.007318 0.000553
v -0.009370 -0.007318 0.000553
v -0.011203 -0.007311 0.000808
v -0.011203 -0.007311 0.000808
v -0.011203 -0.007311 0.000808
v -0.009343 -0.011010 0.000421
v -0.009343 -0.011010 0.000421
v -0.009343 -0.011010 0.000421
v -0.008186 -0.004630 0.001375
v -0.008261 -0.002289 0.001499
v -0.008261 -0.002289 0.001499
v -0.008157 -0.008193 0.000945
v -0.008157 -0.008193 0.000945
v -0.013374 -0.009048 0.003387
v -0.013374 -0.009048 0.003387
v -0.013374 -0.009048 0.003387
v -0.011763 -0.009532 0.001661
v -0.011763 -0.009532 0.001661
v -0.010606 -0.010279 0.000836
v -0.010606 -0.010279 0.000836
v -0.011762 -0.012544 0.002680
v -0.011762 -0.012544 0.002680
v -0.013759 -0.011788 0.005087
v -0.012803 -0.014350 0.005079
v -0.009388 -0.012605 0.000632
v -0.009388 -0.012605 0.000632
v -0.010556 -0.012582 0.001461
v -0.008985 -0.015320 0.001204
v -0.008985 -0.015320 0.001204
v -0.007475 -0.015695 0.000438
v -0.007475 -0.015695 0.000438
v -0.007867 -0.011769 0.000537
v -0.006171 -0.012127 0.001214
v -0.006999 -0.008407 0.001828
v -0.006999 -0.008407 0.001828
v -0.010346 -0.015882 0.002821
v -0.010346 -0.015882 0.002821
v -0.010346 -0.015882 0.002821
v -0.012470 -0.018361 0.007649
v -0.012470 -0.018361 0.007649
v -0.009167 -0.017443 0.002539
v -0.009167 -0.017443 0.002539
v -0.009936 -0.019801 0.005316
v -0.009936 -0.019801 0.005316
v -0.009936 -0.019801 0.005316
v -0.005523 -0.015560 0.000599
v -0.005523 -0.015560 0.000599
v -0.004571 -0.014482 0.001423
v -0.004571 -0.014482 0.001423
v -0.003760 -0.016345 0.001147
v -0.003021 -0.013517 0.003412
v -0.003021 -0.013517 0.003412
v -0.001647 -0.015499 0.003449
v -0.006684 -0.018457 0.000937
v -0.005011 -0.018614 0.000283
v -0.005011 -0.018614 0.000283
v -0.004132 -0.021315 0.000781
v -0.004132 -0.021315 0.000781
v -0.006406 -0.020899 0.002274
v -0.003227 -0.018675 0.000517
v -0.002355 -0.018206 0.001083
v -0.001734 -0.022233 0.000261
v -0.001734 -0.022233 0.000261
v -0.001734 -0.022233 0.000261
v -0.001568 -0.023714 0.000748
v 0.000105 -0.022085 0.000479
v 0.000105 -0.022085 0.000479
v -0.000529 -0.019956 0.001052
v -0.000529 -0.019956 0.001052
v 0.000501 -0.018053 0.003386
v -0.003583 -0.024176 0.002576
v -0.003583 -0.024176 0.002576
v -0.003583 -0.024176 0.002576
v 0.001441 -0.021274 0.001280
v 0.001279 -0.024922 0.000410
v 0.001279 -0.024922 0.000410
v 0.003893 -0.025632 0.000230
v 0.003893 -0.025632 0.000230
v 0.003008 -0.023374 0.000671
v 0.004764 -0.023236 0.001516
v 0.004764 -0.023236 0.001516
v 0.007870 -0.026172 0.000532
v 0.007870 -0.026172 0.000532
v 0.007870 -0.026172 0.000532
v 0.007870 -0.026172 0.000532
v -0.004787 0.016391 0.000676
v -0.004787 0.016391 0.000676
v -0.004787 0.016391 0.000676
v -0.002163 0.019161 0.000716
v -0.002560 0.017597 0.000542
v -0.002560 0.017597 0.000542
v -0.005099 0.013056 0.000671
v -0.005099 0.013056 0.000671
v -0.002303 0.015932 0.000775
v -0.002303 0.015932 0.000775
v -0.002081 0.014215 0.001602
v -0.002081 0.014215 0.001602
v -0.003804 0.012566 0.001350
v 0.000954 0.020964 0.000450
v 0.001548 0.022776 0.001089
v 0.000838 0.019362 0.000578
v 0.000838 0.019362 0.000578
v 0.000409 0.017207 0.001317
v 0.000409 0.017207 0.001317
v 0.001292 0.015221 0.003344
v 0.001292 0.015221 0.003344
v -0.000515 0.013012 0.003600
v 0.003273 0.021516 0.000514
v 0.003273 0.021516 0.000514
v 0.004127 0.020243 0.001033
v 0.004665 0.019293 0.001945
v 0.004665 0.019293 0.001945
v 0.003966 0.017402 0.003204
v 0.006274 0.018441 0.003423
v 0.009085 0.019553 0.003460
v 0.003323 0.015676 0.004030
v 0.003323 0.015676 0.004030
v 0.002152 0.013213 0.004529
v 0.005818 0.016521 0.004335
v -0.006234 0.010287 0.000925
v -0.009184 0.006718 0.000561
v -0.005634 0.009685 0.001444
v -0.005634 0.009685 0.001444
v -0.007750 0.006597 0.001007
v -0.007750 0.006597 0.001007
v -0.002931 0.010389 0.003268
v -0.002931 0.010389 0.003268
v -0.004541 0.007727 0.003202
v -0.004541 0.007727 0.003202
v -0.008128 0.002221 0.001383
v -0.008128 0.002221 0.001383
v -0.007021 0.005567 0.001766
v -0.005727 0.004031 0.003350
v -0.005727 0.004031 0.003350
v -0.005727 0.004031 0.003350
v -0.003460 0.007681 0.003969
v -0.003460 0.007681 0.003969
v -0.004710 0.004119 0.004009
v -0.004710 0.004119 0.004009
v -0.001058 0.011076 0.004074
v -0.001626 0.008212 0.004563
v -0.003079 0.004123 0.004681
v 0.001878 0.011854 0.004697
v 0.001878 0.011854 0.004697
v 0.001878 0.011854 0.004697
v 0.002919 0.010181 0.004707
v 0.002919 0.010181 0.004707
v 0.001860 0.007937 0.004782
v 0.004846 0.011906 0.004584
v 0.004846 0.011906 0.004584
v 0.004359 0.010635 0.004131
v 0.004359 0.010635 0.004131
v 0.005888 0.012538 0.004006
v 0.005888 0.012538 0.004006
v 0.005461 0.010850 0.004032
v 0.001689 0.006604 0.004902
v -0.001452 0.003340 0.005000
v -0.004629 0.001803 0.004371
v 0.002663 0.001432 0.005198
v 0.006856 0.013054 0.003791
v 0.006856 0.013054 0.003791
v 0.009982 0.013412 0.003876
v 0.009982 0.013412 0.003876
v 0.010633 0.006130 0.005224
v 0.010633 0.006130 0.005224
v 0.008554 -0.003693 0.005452
v 0.008554 -0.003693 0.005452
v 0.008172 0.018289 0.004048
v 0.006048 0.012860 0.004630
v 0.006048 0.012860 0.004630
v 0.009225 0.025132 0.012564
v 0.009693 0.022350 0.011459
v 0.009693 0.022350 0.011459
v 0.010217 0.023499 0.011724
v 0.010217 0.023499 0.011724
v 0.011547 0.021533 0.011273
v 0.011547 0.021533 0.011273
v 0.012558 0.023232 0.011483
v 0.011422 0.018326 0.010921
v 0.011422 0.018326 0.010921
v 0.009979 0.020892 0.011192
v 0.010839 0.018587 0.004284
v 0.010839 0.018587 0.004284
v 0.007464 0.015936 0.004528
v 0.007464 0.015936 0.004528
v 0.007464 0.015936 0.004528
v 0.011584 0.017014 0.004408
v 0.011584 0.017014 0.004408
v 0.011584 0.017014 0.004408
v 0.011510 0.015809 0.003753
v 0.011510 0.015809 0.003753
v 0.010602 0.016246 0.004392
v 0.010602 0.016246 0.004392
v 0.013637 0.016537 0.003819
v 0.012896 0.017277 0.004267
v 0.012896 0.017277 0.004267
v 0.014336 0.017975 0.004315
v 0.009473 0.014953 0.003719
v 0.009473 0.014953 0.003719
v 0.009473 0.014953 0.003719
v 0.008388 0.014531 0.003997
v 0.008388 0.014531 0.003997
v 0.008388 0.014531 0.003997
v 0.008979 0.015110 0.004405
v 0.008979 0.015110 0.004405
v 0.009238 0.015538 0.004365
v 0.009238 0.015538 0.004365
v 0.009238 0.015538 0.004365
v 0.009238 0.015538 0.004365
v 0.009238 0.015538 0.004365
v 0.006640 0.013431 0.004546
v 0.006640 0.013431 0.004546
v 0.006640 0.013431 0.004546
v 0.007739 0.014179 0.004571
v 0.007739 0.014179 0.004571
v 0.007739 0.014179 0.004571
v 0.007739 0.014179 0.004571
v 0.016561 0.018518 0.004311
v 0.015303 0.016772 0.003907
v 0.015303 0.016772 0.003907
v 0.017600 0.017336 0.004166
v 0.017600 0.017336 0.004166
v 0.020547 0.014496 0.004783
v 0.020547 0.014496 0.004783
v 0.015668 0.011505 0.004738
v 0.019272 0.009618 0.005152
v 0.019272 0.009618 0.005152
v 0.019272 0.009618 0.005152
v 0.010193 0.015057 0.010943
v 0.010193 0.015057 0.010943
v 0.012436 0.013730 0.010783
v 0.012436 0.013730 0.010783
v 0.012436 0.013730 0.010783
v 0.013946 0.018145 0.010919
v 0.013946 0.018145 0.010919
v 0.012595 0.016162 0.010929
v 0.012595 0.016162 0.010929
v 0.018238 0.003576 0.005375
v -0.006349 0.001098 0.003303
v -0.006624 -0.002733 0.003176
v -0.006624 -0.002733 0.003176
v -0.005777 -0.001683 0.003900
v -0.003177 -0.000670 0.004857
v -0.003177 -0.000670 0.004857
v -0.004747 -0.001850 0.004426
v -0.004747 -0.001850 0.004426
v -0.005778 -0.006620 0.003496
v -0.005778 -0.006620 0.003496
v -0.004708 -0.005705 0.004278
v -0.003478 -0.006082 0.004716
v -0.003478 -0.006082 0.004716
v -0.000274 -0.009255 0.005112
v -0.004516 -0.008529 0.003978
v -0.004292 -0.010452 0.003682
v -0.004292 -0.010452 0.003682
v -0.002896 -0.009697 0.004549
v 0.011058 -0.012131 0.005434
v 0.011058 -0.012131 0.005434
v -0.002264 -0.012400 0.004231
v -0.002264 -0.012400 0.004231
v -0.000222 -0.015444 0.004246
v -0.000222 -0.015444 0.004246
v 0.000365 -0.013890 0.004799
v 0.000365 -0.013890 0.004799
v 0.002218 -0.017225 0.004498
v 0.002218 -0.017225 0.004498
v 0.005491 -0.016476 0.005157
v 0.005624 -0.018984 0.004756
v 0.003320 -0.020686 0.003056
v 0.003320 -0.020686 0.003056
v 0.003853 -0.019864 0.003935
v 0.004734 -0.017391 0.010990
v 0.004734 -0.017391 0.010990
v 0.004758 -0.015606 0.011026
v 0.003304 -0.020281 0.011133
v 0.003304 -0.020281 0.011133
v 0.003304 -0.020281 0.011133
v 0.026061 0.006925 0.005136
v 0.017520 -0.006556 0.005525
v 0.025188 -0.003779 0.005432
v 0.033046 0.004366 0.004449
v 0.033046 0.004366 0.004449
v 0.035707 0.007419 0.003823
v 0.030039 -0.001673 0.004946
v 0.038545 0.008242 0.001143
v 0.038545 0.008242 0.001143
v 0.037654 0.006372 0.002832
v 0.037654 0.006372 0.002832
v 0.039610 0.005021 0.001255
v 0.039610 0.005021 0.001255
v 0.039610 0.005021 0.001255
v 0.036490 0.008041 0.003295
v 0.036490 0.008041 0.003295
v 0.037144 0.004243 0.003754
v 0.037144 0.004243 0.003754
v 0.036558 -0.001653 0.004183
v 0.038373 0.002860 0.003167
v 0.028939 -0.006038 0.004675
v 0.028939 -0.006038 0.004675
v 0.028939 -0.006038 0.004675
v 0.029235 -0.010053 0.004246
v 0.029235 -0.010053 0.004246
v 0.029235 -0.010053 0.004246
v 0.029235 -0.010053 0.004246
v 0.024163 -0.008714 0.005409
v 0.024163 -0.008714 0.005409
v 0.033970 -0.005340 0.004361
v 0.033970 -0.005340 0.004361
v 0.033884 -0.010695 0.003804
v 0.023585 -0.003430 0.011043
v 0.023599 -0.005458 0.010920
v 0.025764 -0.004736 0.010974
v 0.029938 -0.006825 0.010859
v 0.028014 -0.004969 0.011067
v 0.028197 -0.006572 0.010920
v 0.028197 -0.006572 0.010920
v 0.018376 -0.014127 0.005446
v 0.018376 -0.014127 0.005446
v 0.007532 -0.022617 0.003415
v 0.007336 -0.021097 0.004303
v 0.009808 -0.021395 0.004613
v 0.008472 -0.025213 0.001230
v 0.008472 -0.025213 0.001230
v 0.008472 -0.025213 0.001230
v 0.011614 -0.026146 0.001227
v 0.011614 -0.026146 0.001227
v 0.011614 -0.026146 0.001227
v 0.011059 -0.023792 0.003494
v 0.011059 -0.023792 0.003494
v 0.013251 -0.023004 0.004283
v 0.013117 -0.024393 0.003331
v 0.011200 -0.019345 0.005088
v 0.018517 -0.020722 0.005062
v 0.018517 -0.020722 0.005062
v 0.018517 -0.020722 0.005062
v 0.013264 -0.021535 0.004819
v 0.012261 -0.027230 0.000513
v 0.011849 -0.028583 0.000147
v 0.011849 -0.028583 0.000147
v 0.015193 -0.027382 0.000605
v 0.017124 -0.028650 0.000140
v 0.017124 -0.028650 0.000140
v 0.015963 -0.024280 0.003658
v 0.015963 -0.024280 0.003658
v 0.015439 -0.026354 0.001466
v 0.019518 -0.024563 0.003142
v 0.019518 -0.024563 0.003142
v 0.014519 -0.029360 0.000165
v 0.019590 -0.029413 0.000287
v 0.019590 -0.029413 0.000287
v 0.019590 -0.029413 0.000287
v 0.015746 -0.030327 0.000707
v 0.015746 -0.030327 0.000707
v 0.018749 -0.026996 0.000679
v 0.018749 -0.026996 0.000679
v 0.020476 -0.026066 0.001304
v 0.019368 -0.028565 0.000105
v 0.020507 -0.027419 0.000333
v 0.026042 -0.027727 0.000127
v 0.023564 -0.025735 0.000919
v 0.023564 -0.025735 0.000919
v 0.023564 -0.025735 0.000919
v 0.023564 -0.025735 0.000919
v 0.022876 -0.027102 0.000274
v 0.022876 -0.027102 0.000274
v 0.019943 -0.030332 0.000966
v 0.020809 -0.021785 0.004665
v 0.020809 -0.021785 0.004665
v 0.016600 -0.022393 0.004695
v 0.016600 -0.022393 0.004695
v 0.019225 -0.023490 0.004032
v 0.019225 -0.023490 0.004032
v 0.023135 -0.022975 0.003755
v 0.023135 -0.022975 0.003755
v 0.025021 -0.020665 0.004546
v 0.023603 -0.019440 0.004923
v 0.023603 -0.019440 0.004923
v 0.025788 -0.022055 0.003565
v 0.018058 -0.004827 0.011291
v 0.018058 -0.004827 0.011291
v 0.016825 -0.005215 0.011153
v 0.017175 -0.006289 0.011174
v 0.017175 -0.006289 0.011174
v 0.017175 -0.006289 0.011174
v 0.017993 -0.008278 0.011183
v 0.017993 -0.008278 0.011183
v 0.017993 -0.008278 0.011183
v 0.018867 -0.007002 0.011283
v 0.018867 -0.007002 0.011283
v 0.022151 -0.003497 0.010946
v 0.022151 -0.003497 0.010946
v 0.020799 -0.012242 0.011266
v 0.020799 -0.012242 0.011266
v 0.019532 -0.010304 0.011313
v 0.018184 -0.014022 0.011120
v 0.018184 -0.014022 0.011120
v 0.024160 -0.012869 0.005149
v 0.024160 -0.012869 0.005149
v 0.029253 -0.015263 0.003901
v 0.029253 -0.015263 0.003901
v 0.031089 -0.013885 0.003691
v 0.031089 -0.013885 0.003691
v 0.026870 -0.017166 0.004397
v 0.026870 -0.017166 0.004397
v 0.028797 -0.018284 0.004334
v 0.028797 -0.018284 0.004334
v 0.025437 -0.007077 0.011082
v 0.021679 -0.006833 0.011120
v 0.021679 -0.006833 0.011120
v 0.026894 -0.008860 0.011013
v 0.027803 -0.008477 0.011090
v 0.027803 -0.008477 0.011090
v 0.030905 -0.008131 0.010965
v 0.031779 -0.011426 0.011015
v 0.031779 -0.011426 0.011015
v 0.021118 -0.017458 0.010993
v 0.021118 -0.017458 0.010993
v 0.017037 -0.018371 0.010980
v 0.017037 -0.018371 0.010980
v 0.019897 -0.021331 0.011044
v 0.019897 -0.021331 0.011044
v 0.021817 -0.020638 0.010931
v 0.021817 -0.020638 0.010931
v 0.021817 -0.020638 0.010931
v 0.019324 -0.024349 0.011035
v 0.043203 0.004781 0.000125
v 0.044751 0.010153 0.003532
v 0.044751 0.010153 0.003532
v 0.043260 0.008114 0.000951
v 0.041389 0.006030 0.000142
v 0.041389 0.006030 0.000142
v 0.040266 0.006343 0.000487
v 0.040266 0.006343 0.000487
v 0.041441 0.002644 0.000327
v 0.041441 0.002644 0.000327
v 0.043586 0.006138 0.000622
v 0.042942 0.002810 0.000009
v 0.045757 0.007240 0.003453
v 0.040577 0.001172 0.001008
v 0.038078 0.000641 0.003633
v 0.038078 0.000641 0.003633
v 0.037426 -0.004697 0.003976
v 0.037426 -0.004697 0.003976
v 0.037426 -0.004697 0.003976
v 0.038825 -0.000213 0.003092
v 0.038744 -0.002479 0.003227
v 0.041902 -0.001008 0.000294
v 0.041902 -0.001008 0.000294
v 0.040594 -0.002494 0.001189
v 0.044475 0.002486 0.000732
v 0.046365 0.004161 0.003211
v 0.043172 -0.001528 0.000011
v 0.043172 -0.001528 0.000011
v 0.043999 -0.001735 0.000153
v 0.043999 -0.001735 0.000153
v 0.041336 -0.004608 0.000474
v 0.044707 -0.000849 0.000692
v 0.044707 -0.000849 0.000692
v 0.043429 -0.005497 0.000024
v 0.043429 -0.005497 0.000024
v 0.043429 -0.005497 0.000024
v 0.043429 -0.005497 0.000024
v 0.044530 -0.003958 0.000597
v 0.046839 -0.003427 0.003148
v 0.046839 -0.003427 0.003148
v 0.046647 0.000603 0.003012
v 0.034216 -0.014167 0.003735
v 0.033722 -0.013072 0.003908
v 0.033722 -0.013072 0.003908
v 0.033722 -0.013072 0.003908
v 0.036231 -0.009677 0.003842
v 0.036231 -0.009677 0.003842
v 0.036122 -0.012468 0.003089
v 0.036122 -0.012468 0.003089
v 0.037410 -0.009390 0.003155
v 0.037410 -0.009390 0.003155
v 0.037410 -0.009390 0.003155
v 0.037410 -0.009390 0.003155
v 0.037410 -0.009390 0.003155
v 0.039129 -0.009004 0.001521
v 0.038154 -0.006666 0.003218
v 0.040098 -0.006018 0.001282
v 0.040475 -0.007798 0.000656
v 0.040475 -0.007798 0.000656
v 0.041562 -0.008131 0.000104
v 0.041562 -0.008131 0.000104
v 0.041562 -0.008131 0.000104
v 0.042272 -0.010487 0.000054
v 0.042272 -0.010487 0.000054
v 0.043836 -0.007432 0.000433
v 0.043836 -0.007432 0.000433
v 0.043160 -0.010476 0.000513
v 0.040293 -0.012120 0.000116
v 0.038040 -0.014698 0.000420
v 0.038040 -0.014698 0.000420
v 0.039346 -0.011110 0.000638
v 0.039280 -0.015351 0.000020
v 0.039280 -0.015351 0.000020
v 0.040390 -0.014065 -0.000005
v 0.036793 -0.014233 0.001514
v 0.038645 -0.004710 0.003125
v 0.046349 -0.007711 0.003205
v 0.040387 -0.016104 0.000324
v 0.040387 -0.016104 0.000324
v 0.040387 -0.016104 0.000324
v 0.041824 -0.013573 0.000393
v 0.041824 -0.013573 0.000393
v 0.045259 -0.011200 0.003024
v 0.044009 -0.014691 0.003147
v 0.042786 -0.016795 0.002970
v 0.042786 -0.016795 0.002970
v 0.042786 -0.016795 0.002970
v 0.047661 -0.005697 0.004486
v 0.047661 -0.005697 0.004486
v 0.047093 -0.013158 0.006435
v 0.047093 -0.013158 0.006435
v 0.048305 -0.009092 0.006425
v 0.048305 -0.009092 0.006425
v 0.029224 -0.020216 0.003377
v 0.032838 -0.019821 0.001130
v 0.029738 -0.022438 0.001105
v 0.036825 -0.017523 0.000221
v 0.036825 -0.017523 0.000221
v 0.038030 -0.018057 0.000033
v 0.038030 -0.018057 0.000033
v 0.034738 -0.020371 0.000136
v 0.033141 -0.021208 0.000304
v 0.033141 -0.021208 0.000304
v 0.035287 -0.017540 0.000877
v 0.035287 -0.017540 0.000877
v 0.030033 -0.023738 0.000276
v 0.030033 -0.023738 0.000276
v 0.030033 -0.023738 0.000276
v 0.031403 -0.024345 0.000091
v 0.031403 -0.024345 0.000091
v 0.031403 -0.024345 0.000091
v 0.035219 -0.021836 0.000083
v 0.031803 -0.024908 0.000230
v 0.031803 -0.024908 0.000230
v 0.033682 -0.024519 0.000796
v 0.036255 -0.022016 0.000632
v 0.036388 -0.024275 0.002460
v 0.023225 -0.029317 0.000531
v 0.023225 -0.029317 0.000531
v 0.023225 -0.029317 0.000531
v 0.026266 -0.026039 0.000206
v 0.026616 -0.028510 0.000724
v 0.026616 -0.028510 0.000724
v 0.024081 -0.031000 0.002510
v 0.024081 -0.031000 0.002510
v 0.019496 -0.031849 0.002575
v 0.027467 -0.024431 0.000633
v 0.027467 -0.024431 0.000633
v 0.028068 -0.029406 0.002295
v 0.028050 -0.031482 0.005003
v 0.030636 -0.026523 0.000742
v 0.030636 -0.026523 0.000742
v 0.030636 -0.026523 0.000742
v 0.030636 -0.026523 0.000742
v 0.030221 -0.029017 0.002940
v 0.030221 -0.029017 0.002940
v 0.033725 -0.026905 0.002769
v 0.033725 -0.026905 0.002769
v 0.031483 -0.016116 0.004120
v 0.031483 -0.016116 0.004120
v 0.033604 -0.016310 0.003145
v 0.033604 -0.016310 0.003145
v 0.030980 -0.017535 0.003989
v 0.028892 -0.019770 0.003795
v 0.028892 -0.019770 0.003795
v 0.028892 -0.019770 0.003795
v 0.037905 -0.019654 0.000317
v 0.037905 -0.019654 0.000317
v 0.038843 -0.021803 0.002487
v 0.038843 -0.021803 0.002487
v 0.035228 -0.026298 0.003364
v 0.035228 -0.026298 0.003364
v 0.037306 -0.026994 0.006296
v 0.035124 -0.027265 0.004718
v 0.035124 -0.027265 0.004718
v 0.035056 -0.028286 0.005823
v 0.031643 -0.030519 0.006002
v 0.032816 -0.030745 0.007345
v 0.030449 -0.032854 0.008733
v 0.030449 -0.032854 0.008733
v 0.033905 -0.030058 0.007185
v 0.033905 -0.030058 0.007185
v 0.034563 -0.030343 0.008479
v 0.034563 -0.030343 0.008479
v 0.034563 -0.030343 0.008479
v 0.036047 -0.029774 0.008887
v 0.034761 -0.032600 0.012145
v 0.034761 -0.032600 0.012145
v 0.039312 -0.018410 0.000676
v 0.041219 -0.019350 0.002944
v 0.041219 -0.019350 0.002944
v 0.037957 -0.023933 0.003531
v 0.037957 -0.023933 0.003531
v 0.041245 -0.022933 0.006235
v 0.041245 -0.022933 0.006235
v 0.038714 -0.025776 0.006421
v 0.045681 -0.016610 0.006584
v 0.044257 -0.019572 0.006919
v 0.044257 -0.019572 0.006919
v 0.047963 -0.017241 0.010479
v 0.044562 -0.022811 0.010522
v 0.044562 -0.022811 0.010522
v 0.042566 -0.024995 0.010228
v 0.042566 -0.024995 0.010228
v 0.040553 -0.027942 0.011414
v 0.037959 -0.029968 0.011250
v 0.038247 -0.032128 0.015370
v 0.038247 -0.032128 0.015370
v 0.038247 -0.032128 0.015370
v 0.018429 0.035381 0.015988
v 0.018429 0.035381 0.015988
v 0.018655 0.033941 0.012729
v 0.018655 0.033941 0.012729
v 0.016963 0.035663 0.016711
v 0.016963 0.035663 0.016711
v 0.019140 0.036624 0.017824
v 0.019140 0.036624 0.017824
v 0.019140 0.036624 0.017824
v 0.019961 0.036603 0.017775
v 0.019961 0.036603 0.017775
v 0.020209 0.035137 0.015723
v 0.020209 0.035137 0.015723
v 0.020644 0.035344 0.016273
v 0.020644 0.035344 0.016273
v 0.011908 0.035268 0.016328
v 0.011908 0.035268 0.016328
v 0.013848 0.035452 0.016220
v 0.008481 0.028195 0.015497
v 0.008481 0.028195 0.015497
v 0.008481 0.028195 0.015497
v 0.008217 0.026365 0.013654
v 0.010726 0.027028 0.013721
v 0.015490 0.033409 0.011439
v 0.012364 0.025866 0.012634
v 0.012364 0.025866 0.012634
v 0.013660 0.028461 0.014638
v 0.013660 0.028461 0.014638
v 0.010165 0.035616 0.018004
v 0.012915 0.036637 0.018122
v 0.012628 0.036840 0.019929
v 0.012628 0.036840 0.019929
v 0.012628 0.036840 0.019929
v 0.011579 0.036877 0.021072
v 0.011579 0.036877 0.021072
v 0.013870 0.036611 0.018045
v 0.013870 0.036611 0.018045
v 0.014948 0.035474 0.016231
v 0.013930 0.036867 0.019530
v 0.013930 0.036867 0.019530
v 0.013930 0.036867 0.019530
v 0.013930 0.036867 0.019530
v 0.015113 0.036356 0.018299
v 0.015113 0.036356 0.018299
v 0.016203 0.036585 0.019265
v 0.016203 0.036585 0.019265
v 0.016203 0.036585 0.019265
v 0.016203 0.036585 0.019265
v 0.016203 0.036585 0.019265
v 0.017296 0.036562 0.018853
v 0.017296 0.036562 0.018853
v 0.021599 0.033461 0.012222
v 0.021599 0.033461 0.012222
v 0.021599 0.033461 0.012222
v 0.021352 0.031738 0.008724
v 0.021352 0.031738 0.008724
v 0.023677 0.032108 0.010201
v 0.026029 0.030637 0.008566
v 0.026029 0.030637 0.008566
v 0.028109 0.028802 0.006719
v 0.029858 0.030012 0.009775
v 0.027738 0.031670 0.011470
v 0.024292 0.034216 0.015031
v 0.024292 0.034216 0.015031
v 0.023563 0.035244 0.017248
v 0.022082 0.035957 0.018189
v 0.022082 0.035957 0.018189
v 0.025991 0.034021 0.015389
v 0.025991 0.034021 0.015389
v 0.025991 0.034021 0.015389
v 0.027920 0.033674 0.015947
v 0.031259 0.032639 0.016200
v 0.031259 0.032639 0.016200
v 0.019125 0.037069 0.020578
v 0.019522 0.036868 0.018654
v 0.019522 0.036868 0.018654
v 0.020900 0.036773 0.020334
v 0.020900 0.036773 0.020334
v 0.016808 0.038481 0.023125
v 0.016808 0.038481 0.023125
v 0.017744 0.037426 0.021594
v 0.017744 0.037426 0.021594
v 0.016732 0.037360 0.021425
v 0.016732 0.037360 0.021425
v 0.019787 0.037630 0.022820
v 0.019787 0.037630 0.022820
v 0.018220 0.038233 0.023672
v 0.018220 0.038233 0.023672
v 0.021182 0.037387 0.022204
v 0.022496 0.036816 0.021038
v 0.022496 0.036816 0.021038
v 0.016810 0.038794 0.025610
v 0.016810 0.038794 0.025610
v 0.018228 0.038868 0.026477
v 0.018228 0.038868 0.026477
v 0.019495 0.038761 0.026312
v 0.021081 0.038517 0.025965
v 0.021081 0.038517 0.025965
v 0.021028 0.037949 0.023753
v 0.021028 0.037949 0.023753
v 0.021028 0.037949 0.023753
v 0.023443 0.038046 0.023054
v 0.023443 0.038046 0.023054
v 0.023443 0.038046 0.023054
v 0.022750 0.038377 0.025861
v 0.022750 0.038377 0.025861
v 0.018694 0.039451 0.027998
v 0.020061 0.039740 0.028184
v 0.020851 0.039710 0.028201
v 0.023408 0.038783 0.027860
v 0.023408 0.038783 0.027860
v 0.013938 0.037118 0.021164
v 0.013938 0.037118 0.021164
v 0.015485 0.037670 0.022049
v 0.013571 0.038208 0.024618
v 0.013571 0.038208 0.024618
v 0.014169 0.037677 0.022569
v 0.016110 0.038300 0.022785
v 0.016110 0.038300 0.022785
v 0.016110 0.038300 0.022785
v 0.015838 0.038604 0.023768
v 0.015838 0.038604 0.023768
v 0.015838 0.038604 0.023768
v 0.013500 0.038789 0.026342
v 0.014523 0.039157 0.027050
v 0.015239 0.038812 0.026184
v 0.015239 0.038812 0.026184
v 0.016049 0.039462 0.028494
v 0.016049 0.039462 0.028494
v 0.014645 0.039952 0.030143
v 0.023337 0.035879 0.018901
v 0.023337 0.035879 0.018901
v 0.023337 0.035879 0.018901
v 0.023337 0.035879 0.018901
v 0.024948 0.035005 0.016740
v 0.024948 0.035005 0.016740
v 0.026343 0.035545 0.017674
v 0.026343 0.035545 0.017674
v 0.026343 0.035545 0.017674
v 0.023736 0.036631 0.020961
v 0.023736 0.036631 0.020961
v 0.025277 0.036236 0.020889
v 0.027512 0.035546 0.020565
v 0.027512 0.035546 0.020565
v 0.029277 0.033915 0.017699
v 0.029277 0.033915 0.017699
v 0.028517 0.034984 0.019700
v 0.030793 0.033839 0.018956
v 0.030793 0.033839 0.018956
v 0.024878 0.037091 0.022475
v 0.026044 0.036927 0.023341
v 0.027002 0.037264 0.025468
v 0.028193 0.036121 0.022368
v 0.025352 0.037634 0.025159
v 0.025352 0.037634 0.025159
v 0.025352 0.037634 0.025159
v 0.025265 0.038126 0.026868
v 0.028995 0.036692 0.024948
v 0.028995 0.036692 0.024948
v 0.028995 0.036692 0.024948
v 0.029413 0.036983 0.026493
v 0.029623 0.034915 0.020531
v 0.030120 0.036096 0.022528
v 0.030120 0.036096 0.022528
v 0.031044 0.034643 0.020981
v 0.031044 0.034643 0.020981
v 0.031044 0.034643 0.020981
v 0.030789 0.035879 0.022495
v 0.030789 0.035879 0.022495
v 0.030789 0.035879 0.022495
v 0.032319 0.034181 0.021311
v 0.032319 0.034181 0.021311
v 0.032334 0.033595 0.019611
v 0.032334 0.033595 0.019611
v 0.030902 0.036037 0.023371
v 0.030902 0.036037 0.023371
v 0.031331 0.035960 0.024990
v 0.032853 0.034849 0.023692
v 0.032853 0.034849 0.023692
v 0.031981 0.028495 0.008826
v 0.031981 0.028495 0.008826
v 0.034542 0.025517 0.006667
v 0.034542 0.025517 0.006667
v 0.032708 0.030103 0.012394
v 0.032708 0.030103 0.012394
v 0.033415 0.031158 0.015211
v 0.035017 0.028371 0.011621
v 0.035017 0.028371 0.011621
v 0.037155 0.026376 0.010705
v 0.037155 0.026376 0.010705
v 0.040303 0.025314 0.013287
v 0.039713 0.027351 0.015842
v 0.039713 0.027351 0.015842
v 0.027236 0.019022 0.010949
v 0.025664 0.018550 0.010937
v 0.025664 0.018550 0.010937
v 0.025664 0.018550 0.010937
v 0.025906 0.017408 0.010784
v 0.025906 0.017408 0.010784
v 0.027955 0.017121 0.010870
v 0.027955 0.017121 0.010870
v 0.028155 0.019404 0.011184
v 0.028155 0.019404 0.011184
v 0.027208 0.021436 0.011419
v 0.027208 0.021436 0.011419
v 0.027208 0.021436 0.011419
v 0.027208 0.021436 0.011419
v 0.028390 0.021194 0.011405
v 0.028390 0.021194 0.011405
v 0.029275 0.020651 0.011611
v 0.029275 0.020651 0.011611
v 0.030440 0.019728 0.011341
v 0.029943 0.016716 0.010866
v 0.029943 0.016716 0.010866
v 0.029943 0.016716 0.010866
v 0.031199 0.025631 0.015131
v 0.029499 0.023430 0.012569
v 0.029499 0.023430 0.012569
v 0.029499 0.023430 0.012569
v 0.032041 0.022544 0.013037
v 0.032041 0.022544 0.013037
v 0.039159 0.023057 0.008272
v 0.040175 0.019828 0.005700
v 0.042399 0.016696 0.005212
v 0.042399 0.016696 0.005212
v 0.043540 0.018321 0.008326
v 0.043712 0.015804 0.006300
v 0.041702 0.021671 0.009777
v 0.046041 0.016510 0.010515
v 0.046041 0.016510 0.010515
v 0.044816 0.019550 0.011924
v 0.044816 0.019550 0.011924
v 0.032900 0.032007 0.016126
v 0.032900 0.032007 0.016126
v 0.035510 0.030730 0.016793
v 0.035510 0.030730 0.016793
v 0.033071 0.033053 0.017697
v 0.033071 0.033053 0.017697
v 0.033460 0.032811 0.017345
v 0.033460 0.032811 0.017345
v 0.033460 0.032811 0.017345
v 0.033756 0.033087 0.020049
v 0.033756 0.033087 0.020049
v 0.035303 0.031983 0.019299
v 0.035303 0.031983 0.019299
v 0.037743 0.028913 0.016044
v 0.037743 0.028913 0.016044
v 0.037743 0.028913 0.016044
v 0.037743 0.028913 0.016044
v 0.037035 0.030348 0.018198
v 0.037035 0.030348 0.018198
v 0.037035 0.030348 0.018198
v 0.039932 0.028975 0.017860
v 0.039932 0.028975 0.017860
v 0.040579 0.028306 0.017964
v 0.040709 0.027096 0.016668
v 0.040709 0.027096 0.016668
v 0.040709 0.027096 0.016668
v 0.036129 0.032178 0.021163
v 0.039044 0.029939 0.020117
v 0.038516 0.030690 0.021062
v 0.038516 0.030690 0.021062
v 0.035056 0.033295 0.022652
v 0.035056 0.033295 0.022652
v 0.035668 0.033615 0.024336
v 0.035668 0.033615 0.024336
v 0.035668 0.033615 0.024336
v 0.032867 0.035412 0.025597
v 0.032867 0.035412 0.025597
v 0.038042 0.032424 0.023224
v 0.038042 0.032424 0.023224
v 0.041266 0.027761 0.018929
v 0.041266 0.027761 0.018929
v 0.041552 0.028022 0.020431
v 0.038648 0.032123 0.023530
v 0.040246 0.029973 0.022594
v 0.040246 0.029973 0.022594
v 0.041667 0.029044 0.022979
v 0.041667 0.029044 0.022979
v 0.042594 0.027888 0.021912
v 0.042286 0.026185 0.017963
v 0.042286 0.026185 0.017963
v 0.042485 0.025003 0.016031
v 0.043686 0.023130 0.015007
v 0.043686 0.023130 0.015007
v 0.044740 0.023870 0.016839
v 0.044740 0.023870 0.016839
v 0.044740 0.023870 0.016839
v 0.047623 0.018276 0.015434
v 0.047623 0.018276 0.015434
v 0.044884 0.022107 0.015554
v 0.045940 0.021804 0.017032
v 0.045940 0.021804 0.017032
v 0.045940 0.021804 0.017032
v 0.047401 0.020099 0.017481
v 0.047401 0.020099 0.017481
v 0.047401 0.020099 0.017481
v 0.044532 0.024375 0.017306
v 0.044532 0.024375 0.017306
v 0.045165 0.023825 0.017754
v 0.043734 0.026330 0.021164
v 0.044460 0.025004 0.019749
v 0.044460 0.025004 0.019749
v 0.046086 0.023164 0.019819
v 0.044758 0.025545 0.021623
v 0.044758 0.025545 0.021623
v 0.047008 0.023466 0.022504
v 0.047008 0.023466 0.022504
v 0.047008 0.023466 0.022504
v 0.048000 0.020309 0.019314
v 0.048000 0.020309 0.019314
v 0.048923 0.018231 0.016823
v 0.049243 0.018561 0.018079
v 0.049243 0.018561 0.018079
v 0.049243 0.018561 0.018079
v 0.047690 0.022051 0.021398
v 0.047690 0.022051 0.021398
v 0.048542 0.020830 0.021336
v 0.048542 0.020830 0.021336
v 0.049388 0.018890 0.020336
v 0.049388 0.018890 0.020336
v 0.020327 0.039953 0.029148
v 0.018086 0.039940 0.030241
v 0.018086 0.039940 0.030241
v 0.019958 0.040195 0.031835
v 0.022218 0.039739 0.030787
v 0.022218 0.039739 0.030787
v 0.025647 0.038886 0.029483
v 0.023559 0.040048 0.032332
v 0.019251 0.041044 0.034763
v 0.021557 0.040727 0.034173
v 0.021557 0.040727 0.034173
v 0.025108 0.039282 0.030852
v 0.024884 0.039660 0.031933
v 0.024020 0.040935 0.034159
v 0.024626 0.040778 0.033940
v 0.024626 0.040778 0.033940
v 0.027026 0.039480 0.033328
v 0.026977 0.040009 0.035492
v 0.022957 0.041198 0.037230
v 0.025580 0.040670 0.037140
v 0.028440 0.040155 0.037888
v 0.028440 0.040155 0.037888
v 0.018016 0.040552 0.032480
v 0.018016 0.040552 0.032480
v 0.019300 0.041576 0.037395
v 0.020642 0.042575 0.039634
v 0.020642 0.042575 0.039634
v 0.021304 0.041575 0.037810
v 0.023736 0.041473 0.039468
v 0.026653 0.038131 0.027121
v 0.027305 0.038773 0.028749
v 0.027305 0.038773 0.028749
v 0.027305 0.038773 0.028749
v 0.028213 0.038536 0.028320
v 0.027397 0.038921 0.031385
v 0.029124 0.038302 0.030529
v 0.029571 0.037574 0.027959
v 0.030773 0.037300 0.029112
v 0.030773 0.037300 0.029112
v 0.031793 0.036629 0.028095
v 0.031793 0.036629 0.028095
v 0.034075 0.036099 0.027705
v 0.034693 0.034613 0.025661
v 0.034693 0.034613 0.025661
v 0.034962 0.035409 0.027206
v 0.034962 0.035409 0.027206
v 0.033184 0.036701 0.030368
v 0.033184 0.036701 0.030368
v 0.033184 0.036701 0.030368
v 0.035143 0.035752 0.028201
v 0.029911 0.038346 0.032152
v 0.029911 0.038346 0.032152
v 0.029911 0.038346 0.032152
v 0.029911 0.038346 0.032152
v 0.031774 0.037800 0.032185
v 0.031206 0.038738 0.033762
v 0.031206 0.038738 0.033762
v 0.029842 0.038895 0.033841
v 0.029842 0.038895 0.033841
v 0.029201 0.039425 0.035663
v 0.032392 0.038750 0.034554
v 0.032392 0.038750 0.034554
v 0.032033 0.038650 0.033883
v 0.033622 0.037299 0.032881
v 0.034224 0.036499 0.031405
v 0.034224 0.036499 0.031405
v 0.036451 0.035060 0.029929
v 0.036451 0.035060 0.029929
v 0.036451 0.035060 0.029929
v 0.036959 0.036150 0.035240
v 0.034680 0.037185 0.034576
v 0.034680 0.037185 0.034576
v 0.034413 0.037621 0.035950
v 0.035747 0.037410 0.037915
v 0.035747 0.037410 0.037915
v 0.035747 0.037410 0.037915
v 0.035747 0.037410 0.037915
v 0.026709 0.040904 0.038825
v 0.026709 0.040904 0.038825
v 0.026709 0.040904 0.038825
v 0.025308 0.041493 0.040728
v 0.025308 0.041493 0.040728
v 0.023332 0.041880 0.041082
v 0.028226 0.041465 0.040730
v 0.028226 0.041465 0.040730
v 0.027575 0.041513 0.042373
v 0.027575 0.041513 0.042373
v 0.028294 0.041155 0.039721
v 0.028988 0.041056 0.040342
v 0.028988 0.041056 0.040342
v 0.026345 0.041842 0.043752
v 0.026345 0.041842 0.043752
v 0.030606 0.040766 0.044333
v 0.029898 0.040744 0.042331
v 0.020265 0.042694 0.040475
v 0.020889 0.042549 0.042030
v 0.020889 0.042549 0.042030
v 0.023094 0.042415 0.043867
v 0.023094 0.042415 0.043867
v 0.023094 0.042415 0.043867
v 0.021490 0.042847 0.045225
v 0.021490 0.042847 0.045225
v 0.024480 0.042101 0.043289
v 0.024480 0.042101 0.043289
v 0.021945 0.043248 0.048234
v 0.021945 0.043248 0.048234
v 0.021945 0.043248 0.048234
v 0.022861 0.043122 0.046328
v 0.024101 0.043092 0.045548
v 0.025014 0.042834 0.045257
v 0.025014 0.042834 0.045257
v 0.024778 0.043213 0.046204
v 0.024778 0.043213 0.046204
v 0.023386 0.043200 0.048733
v 0.022645 0.043619 0.050648
v 0.022645 0.043619 0.050648
v 0.025024 0.042961 0.048209
v 0.025024 0.042961 0.048209
v 0.025024 0.042961 0.048209
v 0.026272 0.042847 0.050474
v 0.026929 0.042444 0.048414
v 0.026929 0.042444 0.048414
v 0.027698 0.041862 0.045890
v 0.027698 0.041862 0.045890
v 0.027698 0.041862 0.045890
v 0.030430 0.041247 0.046339
v 0.030686 0.039335 0.037230
v 0.030868 0.039697 0.039224
v 0.030868 0.039697 0.039224
v 0.033173 0.038423 0.037356
v 0.033173 0.038423 0.037356
v 0.031184 0.040062 0.041585
v 0.033826 0.038746 0.039916
v 0.034593 0.038383 0.039496
v 0.033920 0.038914 0.040894
v 0.036507 0.038215 0.040311
v 0.038018 0.036385 0.038322
v 0.039040 0.035503 0.037290
v 0.039040 0.035503 0.037290
v 0.037464 0.037723 0.040369
v 0.039601 0.036094 0.041328
v 0.039601 0.036094 0.041328
v 0.032723 0.039968 0.043710
v 0.032723 0.039968 0.043710
v 0.032723 0.039968 0.043710
v 0.032723 0.039968 0.043710
v 0.034937 0.038901 0.042966
v 0.034937 0.038901 0.042966
v 0.034937 0.038901 0.042966
v 0.034597 0.039404 0.044555
v 0.032421 0.040915 0.045674
v 0.031504 0.041231 0.048605
v 0.031504 0.041231 0.048605
v 0.032830 0.040953 0.046470
v 0.033353 0.040755 0.046140
v 0.033353 0.040755 0.046140
v 0.035684 0.039132 0.046048
v 0.035684 0.039132 0.046048
v 0.035684 0.039132 0.046048
v 0.036920 0.038226 0.041257
v 0.036920 0.038226 0.041257
v 0.036920 0.038226 0.041257
v 0.037009 0.038020 0.043803
v 0.037009 0.038020 0.043803
v 0.037009 0.038020 0.043803
v 0.038224 0.037287 0.042823
v 0.038797 0.037380 0.045166
v 0.038797 0.037380 0.045166
v 0.039986 0.036327 0.043512
v 0.036526 0.033593 0.025771
v 0.038959 0.032239 0.026166
v 0.038959 0.032239 0.026166
v 0.040056 0.031132 0.025251
v 0.040056 0.031132 0.025251
v 0.040056 0.031132 0.025251
v 0.040056 0.031132 0.025251
v 0.037008 0.034149 0.028023
v 0.037008 0.034149 0.028023
v 0.042544 0.029298 0.025373
v 0.042544 0.029298 0.025373
v 0.043956 0.028121 0.023711
v 0.043956 0.028121 0.023711
v 0.043956 0.028121 0.023711
v 0.040290 0.031709 0.026988
v 0.040290 0.031709 0.026988
v 0.042074 0.030356 0.026876
v 0.042304 0.031395 0.028400
v 0.043157 0.029223 0.026615
v 0.039358 0.032986 0.029109
v 0.039358 0.032986 0.029109
v 0.039358 0.032986 0.029109
v 0.037855 0.034922 0.032641
v 0.040027 0.033471 0.032248
v 0.040027 0.033471 0.032248
v 0.040027 0.033471 0.032248
v 0.040505 0.032679 0.030273
v 0.040063 0.034828 0.034728
v 0.042015 0.031998 0.032203
v 0.041056 0.033284 0.033550
v 0.041056 0.033284 0.033550
v 0.042133 0.031821 0.029733
v 0.042133 0.031821 0.029733
v 0.043026 0.030953 0.029586
v 0.043026 0.030953 0.029586
v 0.042957 0.030754 0.028481
v 0.043280 0.030852 0.031373
v 0.044157 0.029434 0.029386
v 0.044157 0.029434 0.029386
v 0.044157 0.029434 0.029386
v 0.045115 0.029611 0.032450
v 0.045746 0.029184 0.032780
v 0.045815 0.028250 0.030696
v 0.044414 0.027605 0.023279
v 0.045959 0.025250 0.023771
v 0.045959 0.025250 0.023771
v 0.044367 0.027931 0.025779
v 0.044367 0.027931 0.025779
v 0.045682 0.026347 0.025468
v 0.045682 0.026347 0.025468
v 0.045678 0.027322 0.027660
v 0.045678 0.027322 0.027660
v 0.045678 0.027322 0.027660
v 0.046880 0.025505 0.026350
v 0.046880 0.025505 0.026350
v 0.048168 0.023768 0.025856
v 0.048168 0.023768 0.025856
v 0.048168 0.023768 0.025856
v 0.047781 0.025042 0.027112
v 0.047521 0.023834 0.024100
v 0.049104 0.022435 0.023429
v 0.049287 0.022002 0.023257
v 0.049287 0.022002 0.023257
v 0.049865 0.020242 0.023193
v 0.050570 0.018599 0.022979
v 0.050570 0.018599 0.022979
v 0.049098 0.022775 0.026261
v 0.050292 0.020736 0.025596
v 0.051008 0.019756 0.026068
v 0.051008 0.019756 0.026068
v 0.047633 0.026321 0.028302
v 0.048083 0.025593 0.028065
v 0.048083 0.025593 0.028065
v 0.048105 0.026027 0.028938
v 0.048105 0.026027 0.028938
v 0.047091 0.027202 0.030791
v 0.046691 0.027953 0.032243
v 0.048561 0.025802 0.031910
v 0.048561 0.025802 0.031910
v 0.049357 0.024214 0.030110
v 0.050336 0.023747 0.032160
v 0.049709 0.022914 0.028483
v 0.050958 0.021090 0.028031
v 0.051014 0.021809 0.029820
v 0.051488 0.022423 0.032481
v 0.051488 0.022423 0.032481
v 0.052480 0.020496 0.031590
v 0.052480 0.020496 0.031590
v 0.051931 0.018678 0.026561
v 0.051931 0.018678 0.026561
v 0.052370 0.020153 0.028713
v 0.052370 0.020153 0.028713
v 0.040453 0.034687 0.035861
v 0.040453 0.034687 0.035861
v 0.042369 0.032706 0.035454
v 0.041144 0.034163 0.037306
v 0.041144 0.034163 0.037306
v 0.042460 0.033353 0.037924
v 0.042460 0.033353 0.037924
v 0.044019 0.031278 0.034520
v 0.044019 0.031278 0.034520
v 0.045682 0.030407 0.034686
v 0.046546 0.029707 0.034635
v 0.046546 0.029707 0.034635
v 0.046546 0.029707 0.034635
v 0.045394 0.030882 0.037215
v 0.045394 0.030882 0.037215
v 0.045288 0.031256 0.038633
v 0.047028 0.029288 0.036929
v 0.047028 0.029288 0.036929
v 0.041502 0.034764 0.040887
v 0.042896 0.033772 0.039706
v 0.043603 0.033899 0.040998
v 0.043603 0.033899 0.040998
v 0.043603 0.033899 0.040998
v 0.044431 0.033278 0.040485
v 0.044431 0.033278 0.040485
v 0.042406 0.034668 0.043311
v 0.042406 0.034668 0.043311
v 0.042406 0.034668 0.043311
v 0.041142 0.036513 0.045356
v 0.044313 0.033525 0.041931
v 0.044313 0.033525 0.041931
v 0.044193 0.033470 0.043587
v 0.044106 0.032570 0.039055
v 0.046697 0.030451 0.040799
v 0.047810 0.028985 0.038848
v 0.045762 0.031938 0.042789
v 0.045769 0.032381 0.044416
v 0.045769 0.032381 0.044416
v 0.048195 0.029889 0.043503
v 0.048195 0.029889 0.043503
v 0.048608 0.029269 0.042414
v 0.048608 0.029269 0.042414
v 0.047687 0.027544 0.033921
v 0.047687 0.027544 0.033921
v 0.047851 0.028130 0.036304
v 0.047851 0.028130 0.036304
v 0.049711 0.025463 0.034294
v 0.049711 0.025463 0.034294
v 0.049711 0.025463 0.034294
v 0.050398 0.025746 0.037596
v 0.050695 0.025080 0.035791
v 0.051784 0.024193 0.038430
v 0.051784 0.024193 0.038430
v 0.051784 0.024193 0.038430
v 0.051988 0.023726 0.034705
v 0.051988 0.023726 0.034705
v 0.052353 0.021327 0.033075
v 0.052353 0.021327 0.033075
v 0.053205 0.021061 0.035223
v 0.053802 0.019575 0.034340
v 0.053802 0.019575 0.034340
v 0.052741 0.022611 0.037240
v 0.054902 0.019097 0.037347
v 0.053421 0.021937 0.038098
v 0.053421 0.021937 0.038098
v 0.048848 0.027799 0.038249
v 0.048848 0.027799 0.038249
v 0.049513 0.028300 0.039890
v 0.050158 0.027835 0.040279
v 0.050158 0.027835 0.040279
v 0.049817 0.026887 0.038485
v 0.049817 0.026887 0.038485
v 0.050790 0.026264 0.039745
v 0.049724 0.028404 0.041030
v 0.049724 0.028404 0.041030
v 0.050413 0.027485 0.043331
v 0.051341 0.026107 0.042143
v 0.052307 0.025138 0.042882
v 0.053677 0.022635 0.040378
v 0.053677 0.022635 0.040378
v 0.054357 0.020352 0.037794
v 0.054357 0.020352 0.037794
v 0.055164 0.020959 0.039695
v 0.055164 0.020959 0.039695
v 0.055336 0.019406 0.038930
v 0.055336 0.019406 0.038930
v 0.055336 0.019406 0.038930
v 0.053547 0.023500 0.043131
v 0.054424 0.022013 0.041878
v 0.055270 0.020984 0.040215
v 0.055270 0.020984 0.040215
v 0.055336 0.020657 0.042294
v 0.055990 0.019245 0.042021
v 0.055990 0.019245 0.042021
v 0.006280 0.024611 0.012865
v 0.006280 0.024611 0.012865
v 0.006280 0.024611 0.012865
v 0.024889 0.015577 0.010780
v 0.022317 0.017623 0.010832
v 0.022317 0.017623 0.010832
v 0.021171 0.013520 0.010805
v 0.023471 0.011720 0.010728
v 0.025237 0.016353 0.010702
v 0.026101 0.013972 0.010732
v 0.025112 0.012231 0.010669
v 0.025112 0.012231 0.010669
v 0.021477 0.010240 0.010738
v 0.021477 0.010240 0.010738
v 0.037542 0.007191 0.011008
v 0.036128 0.005346 0.010790
v 0.038052 0.004164 0.010910
v 0.038052 0.004164 0.010910
v 0.032516 0.003368 0.010848
v 0.036407 0.002100 0.010809
v 0.036407 0.002100 0.010809
v 0.039559 0.005990 0.011245
v 0.040174 0.004182 0.011187
v 0.040976 0.005857 0.011536
v 0.028850 0.006351 0.010762
v 0.028850 0.006351 0.010762
v 0.028548 0.003471 0.010700
v 0.031482 0.005276 0.010824
v 0.044460 0.012701 0.004889
v 0.046648 0.013466 0.008685
v 0.047885 0.008510 0.007406
v 0.047885 0.008510 0.007406
v 0.049055 0.011090 0.011177
v 0.050630 0.007897 0.011969
v 0.050630 0.007897 0.011969
v 0.050630 0.007897 0.011969
v 0.048727 0.013960 0.012943
v 0.048727 0.013960 0.012943
v 0.048727 0.013960 0.012943
v 0.048097 0.017179 0.015103
v 0.048097 0.017179 0.015103
v 0.051295 0.010994 0.015485
v 0.051295 0.010994 0.015485
v 0.049396 0.015849 0.016177
v 0.050595 0.012896 0.015695
v 0.050595 0.012896 0.015695
v 0.050663 0.014659 0.017669
v 0.050663 0.014659 0.017669
v 0.050663 0.014659 0.017669
v 0.052311 0.011647 0.017160
v 0.052311 0.011647 0.017160
v 0.052311 0.011647 0.017160
v 0.052687 0.008759 0.017078
v 0.052687 0.008759 0.017078
v 0.049566 0.017780 0.017662
v 0.049566 0.017780 0.017662
v 0.049566 0.017780 0.017662
v 0.049566 0.017780 0.017662
v 0.050120 0.016340 0.018010
v 0.050120 0.016340 0.018010
v 0.050372 0.017037 0.020014
v 0.050372 0.017037 0.020014
v 0.052168 0.012715 0.017676
v 0.052168 0.012715 0.017676
v 0.051514 0.014394 0.019560
v 0.052544 0.012536 0.019274
v 0.051135 0.016488 0.021237
v 0.051135 0.016488 0.021237
v 0.051762 0.015449 0.021240
v 0.052677 0.013021 0.020921
v 0.052873 0.013677 0.022036
v 0.052704 0.011418 0.018103
v 0.052704 0.011418 0.018103
v 0.052704 0.011418 0.018103
v 0.052704 0.011418 0.018103
v 0.052704 0.011418 0.018103
v 0.053379 0.010355 0.020056
v 0.053379 0.010355 0.020056
v 0.051495 0.017308 0.022940
v 0.052777 0.016319 0.023413
v 0.051775 0.017947 0.024988
v 0.051775 0.017947 0.024988
v 0.053015 0.015884 0.023354
v 0.053613 0.013286 0.023725
v 0.052622 0.017100 0.026306
v 0.052622 0.017100 0.026306
v 0.052622 0.017100 0.026306
v 0.053141 0.016340 0.026673
v 0.053826 0.014280 0.025484
v 0.053826 0.014280 0.025484
v 0.054184 0.014110 0.026388
v 0.054184 0.014110 0.026388
v 0.054193 0.011376 0.023280
v 0.052733 0.019542 0.028474
v 0.053089 0.017895 0.028207
v 0.053970 0.016004 0.028500
v 0.053970 0.016004 0.028500
v 0.055757 0.013430 0.028333
v 0.055394 0.014124 0.028443
v 0.054932 0.015413 0.030587
v 0.053738 0.017926 0.030976
v 0.055927 0.013442 0.030961
v 0.054727 0.016707 0.031964
v 0.055650 0.015176 0.032623
v 0.054185 0.018127 0.032468
v 0.055291 0.017815 0.034066
v 0.055291 0.017815 0.034066
v 0.055724 0.017189 0.034024
v 0.055543 0.017708 0.036565
v 0.055543 0.017708 0.036565
v 0.056331 0.015876 0.036402
v 0.056331 0.015876 0.036402
v 0.056921 0.015317 0.037930
v 0.056921 0.015317 0.037930
v 0.056012 0.018044 0.039598
v 0.056012 0.018044 0.039598
v 0.056012 0.018044 0.039598
v 0.056752 0.016643 0.039845
v 0.056770 0.017442 0.041932
v 0.048547 -0.000705 0.005575
v 0.048769 0.004388 0.007050
v 0.050116 0.000590 0.008411
v 0.051220 0.004312 0.011428
v 0.050104 -0.004275 0.008229
v 0.050104 -0.004275 0.008229
v 0.050903 -0.002191 0.009595
v 0.050903 -0.002191 0.009595
v 0.052066 0.000940 0.012111
v 0.052066 0.000940 0.012111
v 0.052066 0.000940 0.012111
v 0.052334 -0.004313 0.012500
v 0.050516 -0.008434 0.009937
v 0.050150 -0.012316 0.011020
v 0.049280 -0.014614 0.010878
v 0.052724 -0.009288 0.014572
v 0.053583 -0.007059 0.015759
v 0.053583 -0.007059 0.015759
v 0.052800 0.006736 0.015891
v 0.053300 0.003733 0.015624
v 0.053836 0.006135 0.017151
v 0.054519 0.005025 0.017852
v 0.053933 0.003306 0.016738
v 0.054252 0.007309 0.019905
v 0.054275 0.006077 0.018020
v 0.054275 0.006077 0.018020
v 0.054898 0.005537 0.020559
v 0.054898 0.005537 0.020559
v 0.054898 0.005537 0.020559
v 0.054571 0.007889 0.021003
v 0.054571 0.007889 0.021003
v 0.054005 0.010049 0.021313
v 0.054005 0.010049 0.021313
v 0.055123 0.009427 0.022469
v 0.055123 0.009427 0.022469
v 0.055278 0.006127 0.021966
v 0.055278 0.006127 0.021966
v 0.055278 0.006127 0.021966
v 0.055278 0.006127 0.021966
v 0.055624 0.003936 0.021969
v 0.055624 0.003936 0.021969
v 0.055624 0.003936 0.021969
v 0.055624 0.003936 0.021969
v 0.054879 0.003174 0.019229
v 0.054879 0.003174 0.019229
v 0.054114 0.000335 0.016567
v 0.054114 0.000335 0.016567
v 0.054114 0.000335 0.016567
v 0.053813 -0.002014 0.015569
v 0.054922 0.001311 0.019004
v 0.055253 -0.001641 0.017840
v 0.055056 -0.002600 0.017570
v 0.055056 -0.002600 0.017570
v 0.055495 0.002575 0.020927
v 0.055692 -0.000344 0.020761
v 0.055795 -0.002665 0.020843
v 0.056262 0.000785 0.021863
v 0.056170 -0.000240 0.021871
v 0.056170 -0.000240 0.021871
v 0.057214 0.001476 0.023448
v 0.057214 0.001476 0.023448
v 0.057100 0.000476 0.023316
v 0.056775 -0.000649 0.023296
v 0.056775 -0.000649 0.023296
v 0.056780 -0.002854 0.023728
v 0.056780 -0.002854 0.023728
v 0.053949 -0.003620 0.015946
v 0.053949 -0.003620 0.015946
v 0.054345 -0.006080 0.017377
v 0.054432 -0.009283 0.017076
v 0.055197 -0.003483 0.018655
v 0.055197 -0.003483 0.018655
v 0.055197 -0.003483 0.018655
v 0.055300 -0.005003 0.019675
v 0.055300 -0.005003 0.019675
v 0.055300 -0.005003 0.019675
v 0.055300 -0.005003 0.019675
v 0.053217 -0.011856 0.016894
v 0.053217 -0.011856 0.016894
v 0.053173 -0.014121 0.018370
v 0.055053 -0.008116 0.019616
v 0.054558 -0.010933 0.019631
v 0.054709 -0.011862 0.020628
v 0.054304 -0.013086 0.020419
v 0.054304 -0.013086 0.020419
v 0.056161 -0.004263 0.021556
v 0.056161 -0.004263 0.021556
v 0.055496 -0.007019 0.020500
v 0.055825 -0.005541 0.020800
v 0.055825 -0.005541 0.020800
v 0.056928 -0.006032 0.022392
v 0.056928 -0.006032 0.022392
v 0.056928 -0.006032 0.022392
v 0.057322 -0.000372 0.025026
v 0.056149 -0.008286 0.022576
v 0.056149 -0.008286 0.022576
v 0.055747 -0.010203 0.022692
v 0.055747 -0.010203 0.022692
v 0.055788 -0.012930 0.022775
v 0.055788 -0.012930 0.022775
v 0.056750 -0.008034 0.024466
v 0.056963 -0.009197 0.025642
v 0.056963 -0.009197 0.025642
v 0.056301 -0.011681 0.024887
v 0.056301 -0.011681 0.024887
v 0.056115 -0.013262 0.025751
v 0.056863 -0.010770 0.025945
v 0.056863 -0.010770 0.025945
v 0.056863 -0.010770 0.025945
v 0.035264 -0.008671 0.010997
v 0.033615 -0.009247 0.010915
v 0.033615 -0.009247 0.010915
v 0.036730 -0.010938 0.010956
v 0.036730 -0.010938 0.010956
v 0.034173 -0.013682 0.010895
v 0.037053 -0.015828 0.011238
v 0.037053 -0.015828 0.011238
v 0.038030 -0.012798 0.011156
v 0.038030 -0.012798 0.011156
v 0.046486 -0.020282 0.010894
v 0.046486 -0.020282 0.010894
v 0.048677 -0.020714 0.015128
v 0.048677 -0.020714 0.015128
v 0.047108 -0.022601 0.014543
v 0.051479 -0.015552 0.015648
v 0.051479 -0.015552 0.015648
v 0.050605 -0.017642 0.015735
v 0.052103 -0.014492 0.016161
v 0.052473 -0.016283 0.017269
v 0.047850 -0.023171 0.016213
v 0.047850 -0.023171 0.016213
v 0.045876 -0.025425 0.016135
v 0.045876 -0.025425 0.016135
v 0.049098 -0.022736 0.017262
v 0.048266 -0.023672 0.017418
v 0.050635 -0.019172 0.017445
v 0.050635 -0.019172 0.017445
v 0.050946 -0.020632 0.019944
v 0.050477 -0.021890 0.020599
v 0.050477 -0.021890 0.020599
v 0.048787 -0.024454 0.020483
v 0.043733 -0.027273 0.015126
v 0.043733 -0.027273 0.015126
v 0.043733 -0.027273 0.015126
v 0.044913 -0.028222 0.017482
v 0.044913 -0.028222 0.017482
v 0.044157 -0.028718 0.017318
v 0.039627 -0.031015 0.015238
v 0.039476 -0.033028 0.017491
v 0.041245 -0.030827 0.017218
v 0.041245 -0.030827 0.017218
v 0.042977 -0.029139 0.016783
v 0.042977 -0.029139 0.016783
v 0.043539 -0.029950 0.019410
v 0.041163 -0.032127 0.019624
v 0.041163 -0.032127 0.019624
v 0.044443 -0.029464 0.020149
v 0.044443 -0.029464 0.020149
v 0.044443 -0.029464 0.020149
v 0.041814 -0.032022 0.020557
v 0.043037 -0.031214 0.020728
v 0.043037 -0.031214 0.020728
v 0.046280 -0.027832 0.020833
v 0.046280 -0.027832 0.020833
v 0.045946 -0.027786 0.019948
v 0.045946 -0.027786 0.019948
v 0.044586 -0.029948 0.021300
v 0.044586 -0.029948 0.021300
v 0.044036 -0.031913 0.022604
v 0.042627 -0.032300 0.021729
v 0.043504 -0.032404 0.022678
v 0.043504 -0.032404 0.022678
v 0.043504 -0.032404 0.022678
v 0.045635 -0.029795 0.023275
v 0.045635 -0.029795 0.023275
v 0.046941 -0.025472 0.018149
v 0.047448 -0.026205 0.020418
v 0.047448 -0.026205 0.020418
v 0.047448 -0.026205 0.020418
v 0.053424 -0.016088 0.020886
v 0.053424 -0.016088 0.020886
v 0.052245 -0.016948 0.017662
v 0.052245 -0.016948 0.017662
v 0.051963 -0.018678 0.019835
v 0.051963 -0.018678 0.019835
v 0.054630 -0.014008 0.021547
v 0.053215 -0.018049 0.021907
v 0.053215 -0.018049 0.021907
v 0.052218 -0.019176 0.020851
v 0.052218 -0.019176 0.020851
v 0.054185 -0.016536 0.023249
v 0.054185 -0.016536 0.023249
v 0.053199 -0.019562 0.022515
v 0.053199 -0.019562 0.022515
v 0.052637 -0.020631 0.022708
v 0.052637 -0.020631 0.022708
v 0.051493 -0.022520 0.023735
v 0.050203 -0.023739 0.022532
v 0.050203 -0.023739 0.022532
v 0.055672 -0.013438 0.022754
v 0.055385 -0.015175 0.025137
v 0.053703 -0.018408 0.023525
v 0.056658 -0.013053 0.027115
v 0.056658 -0.013053 0.027115
v 0.054551 -0.017804 0.025559
v 0.054551 -0.017804 0.025559
v 0.054551 -0.017804 0.025559
v 0.055613 -0.016261 0.026592
v 0.055613 -0.016261 0.026592
v 0.056285 -0.015340 0.027924
v 0.056285 -0.015340 0.027924
v 0.053562 -0.019604 0.024779
v 0.052608 -0.021527 0.025209
v 0.054056 -0.019390 0.026112
v 0.054056 -0.019390 0.026112
v 0.052621 -0.022429 0.026614
v 0.052621 -0.022429 0.026614
v 0.055851 -0.017929 0.027578
v 0.055851 -0.017929 0.027578
v 0.054510 -0.020302 0.028673
v 0.054510 -0.020302 0.028673
v 0.054510 -0.020302 0.028673
v 0.045054 -0.031326 0.025068
v 0.045758 -0.031249 0.026462
v 0.045758 -0.031249 0.026462
v 0.048400 -0.026568 0.021898
v 0.048534 -0.026911 0.022691
v 0.048534 -0.026911 0.022691
v 0.049148 -0.026309 0.022721
v 0.050385 -0.025067 0.025018
v 0.050385 -0.025067 0.025018
v 0.048746 -0.027412 0.025384
v 0.048746 -0.027412 0.025384
v 0.047205 -0.028381 0.023600
v 0.047468 -0.029145 0.025938
v 0.046931 -0.031320 0.027936
v 0.051315 -0.024478 0.026195
v 0.052009 -0.024990 0.027783
v 0.052009 -0.024990 0.027783
v 0.050165 -0.026330 0.026838
v 0.050165 -0.026330 0.026838
v 0.050808 -0.027068 0.030259
v 0.050808 -0.027068 0.030259
v 0.052572 -0.024350 0.028200
v 0.052572 -0.024350 0.028200
v 0.053723 -0.021977 0.029174
v 0.053723 -0.021977 0.029174
v 0.053444 -0.023103 0.030127
v 0.053444 -0.023103 0.030127
v 0.052033 -0.025415 0.029052
v 0.052156 -0.025448 0.030772
v 0.048967 -0.028613 0.028383
v 0.048967 -0.028613 0.028383
v 0.047517 -0.031012 0.028278
v 0.048946 -0.029459 0.030301
v 0.048946 -0.029459 0.030301
v 0.048464 -0.030358 0.031443
v 0.049889 -0.029147 0.031895
v 0.050805 -0.027887 0.031720
v 0.055573 0.009010 0.023430
v 0.055230 0.010330 0.025291
v 0.055230 0.010330 0.025291
v 0.055230 0.010330 0.025291
v 0.055572 0.008280 0.022812
v 0.056167 0.006562 0.025035
v 0.056167 0.006562 0.025035
v 0.056167 0.006562 0.025035
v 0.055323 0.011634 0.026748
v 0.056078 0.008059 0.025934
v 0.056078 0.008059 0.025934
v 0.056579 0.008782 0.028195
v 0.056579 0.008782 0.028195
v 0.056620 0.006791 0.026475
v 0.056620 0.006791 0.026475
v 0.057790 0.006251 0.028276
v 0.057790 0.006251 0.028276
v 0.057790 0.006251 0.028276
v 0.057170 0.003563 0.026262
v 0.056409 0.004105 0.024189
v 0.057051 0.004879 0.026409
v 0.058072 0.005376 0.028380
v 0.056999 0.011222 0.032123
v 0.056179 0.010705 0.028635
v 0.057648 0.007334 0.030194
v 0.057648 0.007334 0.030194
v 0.056454 0.011517 0.030597
v 0.057700 0.008632 0.031740
v 0.058427 0.006456 0.032787
v 0.058427 0.006456 0.032787
v 0.058309 0.005128 0.031343
v 0.058309 0.005128 0.031343
v 0.058309 0.005128 0.031343
v 0.057084 0.002837 0.025531
v 0.057452 0.000770 0.025990
v 0.057790 0.000872 0.027457
v 0.057790 0.000872 0.027457
v 0.057790 0.000872 0.027457
v 0.057999 0.002236 0.028688
v 0.057638 -0.000928 0.026346
v 0.058351 0.003531 0.030290
v 0.058544 0.000394 0.029789
v 0.058544 0.000394 0.029789
v 0.058930 0.002466 0.031827
v 0.058930 0.002466 0.031827
v 0.059023 0.004141 0.033088
v 0.059023 0.004141 0.033088
v 0.060008 0.002298 0.033929
v 0.060008 0.002298 0.033929
v 0.059050 -0.000620 0.031623
v 0.059050 -0.000620 0.031623
v 0.059050 -0.000620 0.031623
v 0.057353 -0.004493 0.025547
v 0.057353 -0.004493 0.025547
v 0.057868 -0.003253 0.026727
v 0.058322 -0.004665 0.028616
v 0.058322 -0.004665 0.028616
v 0.057335 -0.006570 0.025910
v 0.057335 -0.006570 0.025910
v 0.057335 -0.006570 0.025910
v 0.058783 -0.002014 0.028100
v 0.058873 -0.006930 0.031100
v 0.057812 -0.007628 0.027589
v 0.058019 -0.010345 0.027707
v 0.058019 -0.010345 0.027707
v 0.058974 -0.003289 0.030957
v 0.060133 0.001609 0.034279
v 0.059686 -0.000859 0.033777
v 0.059686 -0.003321 0.033734
v 0.059686 -0.003321 0.033734
v 0.059414 -0.004405 0.032416
v 0.059414 -0.004405 0.032416
v 0.060225 -0.006545 0.033553
v 0.060225 -0.006545 0.033553
v 0.060297 -0.004333 0.036361
v 0.058605 -0.007964 0.030623
v 0.058605 -0.007964 0.030623
v 0.058412 -0.009850 0.030902
v 0.058412 -0.009850 0.030902
v 0.058818 -0.011544 0.033643
v 0.058818 -0.011544 0.033643
v 0.057879 -0.012105 0.030407
v 0.059181 -0.008627 0.032789
v 0.059536 -0.009254 0.034836
v 0.056498 0.014555 0.034847
v 0.056498 0.014555 0.034847
v 0.057436 0.013524 0.037344
v 0.057244 0.012355 0.034543
v 0.057244 0.012355 0.034543
v 0.058607 0.009580 0.033958
v 0.058208 0.011161 0.036995
v 0.058208 0.011161 0.036995
v 0.059038 0.008273 0.036994
v 0.059038 0.008273 0.036994
v 0.059089 0.006990 0.035821
v 0.059297 0.004758 0.034728
v 0.059938 0.004856 0.037550
v 0.058130 0.014737 0.039640
v 0.058773 0.013927 0.040268
v 0.058773 0.013927 0.040268
v 0.057708 0.015833 0.041811
v 0.057992 0.015908 0.043870
v 0.057992 0.015908 0.043870
v 0.058239 0.014867 0.043276
v 0.058239 0.014867 0.043276
v 0.058969 0.012675 0.042646
v 0.058208 0.012550 0.038362
v 0.058208 0.012550 0.038362
v 0.058847 0.011071 0.039653
v 0.059184 0.011283 0.041613
v 0.059534 0.009029 0.040033
v 0.059794 0.007380 0.038653
v 0.060831 0.005835 0.039651
v 0.060831 0.005835 0.039651
v 0.060645 0.006843 0.040272
v 0.060645 0.006843 0.040272
v 0.060151 0.008336 0.042231
v 0.060151 0.008336 0.042231
v 0.059780 0.011022 0.043672
v 0.059780 0.011022 0.043672
v 0.061000 0.005384 0.041257
v 0.061000 0.005384 0.041257
v 0.060641 0.006852 0.043060
v 0.060641 0.006852 0.043060
v 0.060982 0.005136 0.043060
v 0.060982 0.005136 0.043060
v 0.059947 0.003232 0.036435
v 0.060297 0.001910 0.037744
v 0.060297 0.001910 0.037744
v 0.060297 0.001910 0.037744
v 0.060648 0.003641 0.039684
v 0.060648 0.003641 0.039684
v 0.060648 0.003641 0.039684
v 0.060185 -0.000153 0.036209
v 0.060783 0.000122 0.038888
v 0.060783 0.000122 0.038888
v 0.060693 -0.001826 0.037891
v 0.060726 -0.003323 0.037971
v 0.061529 -0.003000 0.039632
v 0.061529 -0.003000 0.039632
v 0.061711 -0.001918 0.040059
v 0.061253 -0.004295 0.040103
v 0.061253 -0.004295 0.040103
v 0.061253 -0.004295 0.040103
v 0.061253 -0.004295 0.040103
v 0.060419 -0.007042 0.037891
v 0.061539 -0.004319 0.042305
v 0.060985 -0.008068 0.040596
v 0.060985 -0.008068 0.040596
v 0.060207 -0.007030 0.036320
v 0.060207 -0.007030 0.036320
v 0.059789 -0.009987 0.036742
v 0.059789 -0.009987 0.036742
v 0.060381 -0.009232 0.038391
v 0.060381 -0.009232 0.038391
v 0.061135 0.002741 0.042178
v 0.061135 0.002741 0.042178
v 0.061328 0.000211 0.041497
v 0.061328 0.000211 0.041497
v 0.061669 -0.001455 0.042923
v 0.061802 -0.002533 0.040857
v 0.061469 0.003831 0.044274
v 0.061644 0.001713 0.043531
v 0.062325 0.001839 0.045103
v 0.062325 0.001839 0.045103
v 0.061789 -0.000063 0.043694
v 0.061464 -0.007615 0.043080
v 0.061464 -0.007615 0.043080
v 0.061756 -0.006192 0.043564
v 0.061891 -0.003873 0.044493
v 0.061891 -0.003873 0.044493
v 0.062039 -0.001331 0.045276
v 0.062039 -0.001331 0.045276
v 0.062039 -0.001331 0.045276
v 0.062512 -0.006211 0.045517
v 0.062512 -0.006211 0.045517
v 0.062452 -0.007150 0.045311
v 0.062452 -0.007150 0.045311
v 0.056061 -0.017767 0.027926
v 0.056826 -0.016017 0.030578
v 0.056826 -0.016017 0.030578
v 0.057955 -0.012948 0.031480
v 0.057955 -0.012948 0.031480
v 0.057502 -0.014593 0.031360
v 0.055259 -0.019746 0.030144
v 0.056031 -0.018377 0.030694
v 0.055583 -0.020079 0.031773
v 0.054312 -0.022258 0.031284
v 0.054312 -0.022258 0.031284
v 0.054312 -0.022258 0.031284
v 0.056898 -0.018263 0.034061
v 0.057503 -0.016151 0.032954
v 0.057503 -0.016151 0.032954
v 0.056232 -0.020844 0.033921
v 0.056232 -0.020844 0.033921
v 0.055853 -0.021925 0.033747
v 0.059065 -0.013751 0.034089
v 0.058860 -0.014376 0.033809
v 0.057729 -0.016863 0.034875
v 0.057729 -0.016863 0.034875
v 0.059187 -0.011749 0.035083
v 0.059511 -0.012480 0.037451
v 0.059511 -0.012480 0.037451
v 0.059195 -0.013321 0.036248
v 0.058647 -0.015194 0.035866
v 0.056547 -0.020638 0.036341
v 0.056547 -0.020638 0.036341
v 0.057633 -0.018604 0.037379
v 0.058409 -0.016562 0.037765
v 0.056755 -0.020786 0.037751
v 0.056755 -0.020786 0.037751
v 0.056755 -0.020786 0.037751
v 0.053803 -0.024121 0.033274
v 0.053803 -0.024121 0.033274
v 0.053803 -0.024121 0.033274
v 0.052387 -0.026253 0.033201
v 0.052387 -0.026253 0.033201
v 0.054866 -0.023677 0.036062
v 0.054866 -0.023677 0.036062
v 0.050801 -0.029169 0.033074
v 0.050690 -0.029602 0.033633
v 0.050690 -0.029602 0.033633
v 0.048581 -0.031023 0.033474
v 0.048581 -0.031023 0.033474
v 0.051184 -0.029137 0.034175
v 0.049299 -0.030803 0.034762
v 0.050832 -0.029611 0.035618
v 0.050832 -0.029611 0.035618
v 0.052526 -0.027083 0.035586
v 0.052526 -0.027083 0.035586
v 0.052184 -0.028094 0.037389
v 0.052184 -0.028094 0.037389
v 0.054965 -0.024297 0.037908
v 0.054965 -0.024297 0.037908
v 0.054965 -0.024297 0.037908
v 0.053844 -0.026011 0.037280
v 0.055747 -0.023619 0.039638
v 0.056797 -0.021934 0.040376
v 0.054299 -0.026905 0.039387
v 0.054843 -0.026013 0.039374
v 0.055630 -0.024570 0.041373
v 0.054694 -0.026452 0.040291
v 0.053731 -0.027702 0.042121
v 0.053731 -0.027702 0.042121
v 0.052486 -0.028748 0.040328
v 0.052486 -0.028748 0.040328
v 0.060109 -0.011331 0.038376
v 0.059343 -0.013965 0.038436
v 0.059343 -0.013965 0.038436
v 0.060686 -0.011807 0.040415
v 0.060850 -0.010239 0.039595
v 0.060831 -0.011113 0.039713
v 0.061105 -0.010609 0.040554
v 0.060483 -0.012972 0.042448
v 0.059164 -0.016228 0.040441
v 0.059164 -0.016228 0.040441
v 0.058748 -0.017956 0.039399
v 0.058748 -0.017956 0.039399
v 0.058588 -0.018980 0.039478
v 0.058588 -0.018980 0.039478
v 0.058538 -0.019612 0.040144
v 0.058538 -0.019612 0.040144
v 0.058945 -0.018365 0.040633
v 0.059371 -0.017189 0.043133
v 0.059371 -0.017189 0.043133
v 0.059002 -0.017772 0.041504
v 0.059002 -0.017772 0.041504
v 0.058744 -0.018786 0.042468
v 0.058744 -0.018786 0.042468
v 0.058409 -0.020294 0.044564
v 0.061123 -0.010002 0.042347
v 0.061387 -0.009629 0.044196
v 0.062108 -0.008807 0.047047
v 0.062108 -0.008807 0.047047
v 0.062108 -0.008807 0.047047
v 0.061365 -0.011535 0.046427
v 0.061365 -0.011535 0.046427
v 0.060681 -0.013503 0.043986
v 0.060681 -0.013503 0.043986
v 0.059977 -0.015906 0.043561
v 0.059977 -0.015906 0.043561
v 0.061145 -0.015200 0.045784
v 0.059610 -0.017916 0.045541
v 0.059610 -0.017916 0.045541
v 0.061314 -0.013261 0.047475
v 0.061314 -0.013261 0.047475
v 0.060925 -0.015111 0.048916
v 0.060325 -0.017032 0.048288
v 0.057293 -0.022280 0.043281
v 0.057293 -0.022280 0.043281
v 0.057784 -0.020895 0.042173
v 0.057784 -0.020895 0.042173
v 0.056144 -0.024346 0.043368
v 0.056144 -0.024346 0.043368
v 0.056144 -0.024346 0.043368
v 0.057670 -0.023675 0.045630
v 0.057670 -0.023675 0.045630
v 0.057670 -0.023675 0.045630
v 0.057930 -0.022687 0.045063
v 0.057930 -0.022687 0.045063
v 0.058082 -0.023037 0.045995
v 0.058082 -0.023037 0.045995
v 0.054825 -0.026173 0.041889
v 0.054537 -0.027676 0.046103
v 0.053123 -0.028989 0.043481
v 0.053123 -0.028989 0.043481
v 0.055824 -0.025578 0.045375
v 0.055824 -0.025578 0.045375
v 0.059032 -0.019908 0.047205
v 0.058221 -0.022263 0.047961
v 0.059636 -0.019407 0.049363
v 0.058709 -0.021400 0.049234
v 0.058709 -0.021400 0.049234
v 0.056412 -0.025296 0.047977
v 0.056412 -0.025296 0.047977
v 0.056412 -0.025296 0.047977
v 0.057173 -0.024146 0.048350
v 0.057173 -0.024146 0.048350
v 0.054545 -0.028298 0.048257
v 0.054545 -0.028298 0.048257
v 0.055414 -0.027652 0.049522
v 0.055414 -0.027652 0.049522
v 0.057208 -0.024652 0.050766
v 0.057208 -0.024652 0.050766
v 0.058231 -0.022968 0.051644
v 0.058231 -0.022968 0.051644
v 0.056087 -0.027821 0.051571
v 0.003656 0.023334 0.012789
v 0.003656 0.023334 0.012789
v 0.006091 0.022559 0.011928
v 0.006091 0.022559 0.011928
v 0.003839 0.020553 0.011629
v 0.003839 0.020553 0.011629
v 0.003839 0.020553 0.011629
v 0.003839 0.020553 0.011629
v 0.006240 0.020066 0.011285
v 0.002471 0.018150 0.011298
v 0.002471 0.018150 0.011298
v 0.002471 0.018150 0.011298
v 0.007520 0.017813 0.011031
v 0.007520 0.017813 0.011031
v 0.001184 0.013112 0.011100
v 0.005217 0.013936 0.010975
v 0.005217 0.013936 0.010975
v 0.008610 0.012755 0.010870
v 0.008610 0.012755 0.010870
v 0.008610 0.012755 0.010870
v -0.002180 0.012829 0.011239
v -0.002026 0.010521 0.011124
v 0.000780 0.010121 0.010939
v -0.005025 0.005226 0.011126
v -0.005025 0.005226 0.011126
v -0.001155 0.005529 0.011065
v -0.001155 0.005529 0.011065
v -0.001400 0.000618 0.011027
v 0.002794 0.008197 0.010968
v 0.005936 0.010311 0.010899
v 0.003947 0.012643 0.011088
v 0.004447 0.004981 0.010916
v 0.004447 0.004981 0.010916
v 0.006985 0.006376 0.010834
v 0.007302 0.011896 0.010795
v 0.007302 0.011896 0.010795
v 0.014437 0.021829 0.011142
v 0.015037 0.015335 0.010804
v 0.015037 0.015335 0.010804
v 0.018793 0.016911 0.010834
v 0.017754 0.012099 0.010752
v 0.016321 0.010718 0.010851
v 0.014782 0.007117 0.010732
v 0.014782 0.007117 0.010732
v 0.016686 0.006787 0.010920
v 0.016686 0.006787 0.010920
v 0.009168 0.001222 0.010976
v 0.009168 0.001222 0.010976
v 0.010036 0.009765 0.010756
v 0.012677 0.006941 0.010902
v 0.010386 0.005420 0.010823
v 0.010386 0.005420 0.010823
v 0.012410 0.004741 0.010946
v 0.012410 0.004741 0.010946
v 0.014175 0.004947 0.010734
v 0.015671 0.004097 0.010826
v 0.013579 0.001078 0.010986
v 0.016595 0.003365 0.010710
v 0.016595 0.003365 0.010710
v 0.016595 0.003365 0.010710
v 0.009759 -0.000609 0.010905
v 0.009759 -0.000609 0.010905
v 0.009759 -0.000609 0.010905
v -0.007105 0.000539 0.011248
v -0.007105 0.000539 0.011248
v -0.007771 -0.001548 0.011296
v -0.007771 -0.001548 0.011296
v -0.009651 -0.003915 0.011876
v -0.008258 -0.005082 0.011448
v -0.008258 -0.005082 0.011448
v -0.003723 -0.004853 0.011015
v -0.005721 -0.008335 0.011191
v -0.010587 -0.005095 0.012093
v -0.010587 -0.005095 0.012093
v -0.011002 -0.007508 0.012689
v -0.011939 -0.008300 0.013350
v -0.011939 -0.008300 0.013350
v -0.009004 -0.007144 0.011819
v -0.011079 -0.011557 0.013400
v -0.011079 -0.011557 0.013400
v -0.011079 -0.011557 0.013400
v -0.011079 -0.011557 0.013400
v -0.008980 -0.010959 0.012090
v -0.008980 -0.010959 0.012090
v -0.008566 -0.007995 0.011685
v -0.012410 -0.012991 0.015040
v -0.005767 -0.011730 0.011385
v -0.002410 -0.012726 0.011106
v -0.002410 -0.012726 0.011106
v -0.006546 -0.013275 0.011575
v -0.008771 -0.014528 0.012696
v -0.008771 -0.014528 0.012696
v -0.008771 -0.014528 0.012696
v -0.008771 -0.014528 0.012696
v -0.007033 -0.015159 0.012169
v -0.007649 -0.018324 0.013482
v -0.003830 -0.013892 0.011296
v -0.003830 -0.013892 0.011296
v -0.005005 -0.015891 0.011588
v -0.005005 -0.015891 0.011588
v -0.006139 -0.017114 0.012192
v -0.010891 -0.015044 0.014463
v -0.010891 -0.015044 0.014463
v -0.010891 -0.015044 0.014463
v -0.010891 -0.015044 0.014463
v 0.002380 -0.004971 0.010962
v 0.002380 -0.004971 0.010962
v 0.002380 -0.004971 0.010962
v 0.002380 -0.004971 0.010962
v -0.002463 -0.008767 0.011056
v -0.002463 -0.008767 0.011056
v 0.000371 -0.012316 0.011039
v 0.000371 -0.012316 0.011039
v -0.002176 -0.015086 0.011159
v -0.002176 -0.015086 0.011159
v -0.002486 -0.016747 0.011292
v -0.002486 -0.016747 0.011292
v -0.005060 -0.018993 0.012349
v -0.000907 -0.019728 0.011489
v -0.003115 -0.019027 0.011715
v -0.003115 -0.019027 0.011715
v 0.000766 -0.018004 0.011191
v 0.007072 -0.016348 0.011082
v 0.001280 -0.021258 0.011396
v 0.001280 -0.021258 0.011396
v 0.002527 -0.022490 0.011543
v 0.002527 -0.022490 0.011543
v 0.004973 0.000217 0.010901
v 0.007545 -0.005249 0.011018
v 0.010365 -0.005397 0.011120
v 0.010365 -0.005397 0.011120
v 0.013947 -0.003148 0.011228
v 0.008883 -0.009323 0.011012
v 0.005112 -0.011875 0.011050
v 0.011166 -0.006119 0.011045
v 0.009421 -0.014127 0.011078
v 0.020955 0.008333 0.010698
v 0.020955 0.008333 0.010698
v 0.022053 0.007389 0.010733
v 0.022053 0.007389 0.010733
v 0.017324 0.005752 0.010884
v 0.019016 0.006248 0.010844
v 0.019016 0.006248 0.010844
v 0.019599 0.004793 0.010619
v 0.020191 0.006323 0.010515
v 0.020191 0.006323 0.010515
v 0.018441 0.004247 0.011017
v 0.018441 0.004247 0.011017
v 0.018441 0.004247 0.011017
v 0.017297 0.001879 0.010846
v 0.017297 0.001879 0.010846
v 0.019007 0.003564 0.010839
v 0.019007 0.003564 0.010839
v 0.020673 0.004485 0.010839
v 0.023744 0.003931 0.010956
v 0.023744 0.003931 0.010956
v 0.020283 0.003252 0.010734
v 0.018754 0.002170 0.010798
v 0.018217 0.001399 0.010677
v 0.016789 -0.000273 0.011304
v 0.015474 -0.001858 0.011067
v 0.018539 0.000422 0.010770
v 0.018539 0.000422 0.010770
v 0.017628 -0.001449 0.010989
v 0.020382 0.000131 0.010970
v 0.020772 -0.001616 0.011028
v 0.020772 -0.001616 0.011028
v 0.017647 -0.002823 0.011167
v 0.018801 -0.002773 0.011089
v 0.018801 -0.002773 0.011089
v 0.018801 -0.002773 0.011089
v 0.019693 0.001314 0.011030
v 0.021773 0.002264 0.010898
v 0.023914 0.001677 0.010780
v 0.023914 0.001677 0.010780
v 0.025938 0.002550 0.010683
v 0.025938 0.002550 0.010683
v 0.026388 0.000781 0.010806
v 0.026388 0.000781 0.010806
v 0.020731 -0.003146 0.010899
v 0.023008 0.000092 0.010979
v 0.023754 -0.000658 0.010891
v 0.025336 -0.000209 0.010755
v 0.026364 -0.001751 0.010888
v 0.026364 -0.001751 0.010888
v 0.010897 -0.019377 0.011034
v 0.010897 -0.019377 0.011034
v 0.007960 -0.021802 0.011076
v 0.015150 -0.006780 0.011333
v 0.011957 -0.009416 0.011096
v 0.015894 -0.009905 0.011266
v 0.013985 -0.012058 0.011113
v 0.021334 -0.006032 0.011225
v 0.021334 -0.006032 0.011225
v 0.022485 -0.009779 0.011130
v 0.012715 -0.017378 0.011021
v 0.014255 -0.022720 0.011048
v 0.014255 -0.022720 0.011048
v 0.014255 -0.022720 0.011048
v 0.011705 -0.024294 0.011090
v 0.011705 -0.024294 0.011090
v 0.011705 -0.024294 0.011090
v 0.011705 -0.024294 0.011090
v 0.014131 -0.026061 0.011352
v 0.014131 -0.026061 0.011352
v 0.025103 -0.012742 0.011133
v 0.025103 -0.012742 0.011133
v 0.024548 -0.014233 0.011001
v 0.024548 -0.014233 0.011001
v 0.027458 -0.017238 0.010906
v 0.027458 -0.017238 0.010906
v 0.032409 -0.015274 0.010954
v 0.032409 -0.015274 0.010954
v 0.027871 -0.013879 0.011020
v 0.029957 -0.017132 0.011063
v 0.029957 -0.017132 0.011063
v 0.030209 -0.019568 0.010948
v 0.017852 -0.022153 0.010935
v 0.017852 -0.022153 0.010935
v 0.021592 -0.026112 0.011274
v 0.021592 -0.026112 0.011274
v 0.018410 -0.026873 0.011403
v 0.024692 -0.023814 0.011150
v 0.024692 -0.023814 0.011150
v 0.022697 -0.026795 0.011561
v 0.022697 -0.026795 0.011561
v 0.021940 -0.027263 0.011546
v 0.020776 -0.029138 0.012275
v 0.020776 -0.029138 0.012275
v 0.020776 -0.029138 0.012275
v 0.023477 -0.027021 0.011613
v 0.022692 -0.029032 0.012459
v 0.024831 -0.028514 0.012410
v 0.024858 -0.027044 0.011889
v 0.028074 -0.021775 0.011041
v 0.028074 -0.021775 0.011041
v 0.026030 -0.024743 0.011332
v 0.026466 -0.026154 0.011723
v 0.026466 -0.026154 0.011723
v 0.031704 -0.018682 0.011067
v 0.031704 -0.018682 0.011067
v 0.031704 -0.018682 0.011067
v 0.034773 -0.016866 0.011031
v 0.034726 -0.019299 0.011349
v 0.034726 -0.019299 0.011349
v 0.030628 -0.022068 0.011205
v 0.030628 -0.022068 0.011205
v 0.029475 -0.024220 0.011541
v 0.029475 -0.024220 0.011541
v 0.028416 -0.026919 0.012256
v 0.028416 -0.026919 0.012256
v 0.033133 -0.024371 0.012373
v 0.033133 -0.024371 0.012373
v 0.033133 -0.024371 0.012373
v 0.033126 -0.021428 0.011378
v 0.026831 -0.028737 0.012942
v 0.026831 -0.028737 0.012942
v 0.031012 -0.026760 0.012857
v 0.028646 -0.029500 0.014038
v 0.030856 -0.029560 0.015042
v 0.030856 -0.029560 0.015042
v 0.031810 -0.027718 0.013918
v 0.031810 -0.027718 0.013918
v 0.035924 -0.022677 0.012545
v 0.034361 -0.025826 0.013649
v 0.034361 -0.025826 0.013649
v 0.034361 -0.025826 0.013649
v 0.032150 -0.029407 0.015872
v 0.009824 0.030830 0.019208
v 0.009824 0.030830 0.019208
v 0.015375 0.027318 0.013454
v 0.011604 0.029803 0.016964
v 0.011604 0.029803 0.016964
v 0.011604 0.029803 0.016964
v 0.016628 0.028831 0.014905
v 0.016907 0.026035 0.012491
v 0.012429 0.032303 0.021622
v 0.012429 0.032303 0.021622
v 0.016329 0.032249 0.020829
v 0.016013 0.030816 0.017989
v 0.018677 0.031720 0.019772
v 0.018677 0.031720 0.019772
v 0.018918 0.029801 0.016317
v 0.018918 0.029801 0.016317
v 0.018918 0.029801 0.016317
v 0.014276 0.030623 0.017733
v 0.014276 0.030623 0.017733
v 0.017307 0.021487 0.011105
v 0.017307 0.021487 0.011105
v 0.017307 0.021487 0.011105
v 0.017651 0.023379 0.011458
v 0.017651 0.023379 0.011458
v 0.019456 0.023142 0.011293
v 0.018551 0.026443 0.012850
v 0.018551 0.026443 0.012850
v 0.020962 0.026493 0.013102
v 0.020647 0.027525 0.013785
v 0.021306 0.024527 0.011997
v 0.021306 0.024527 0.011997
v 0.019978 0.020620 0.010986
v 0.021249 0.022613 0.011295
v 0.021249 0.022613 0.011295
v 0.021947 0.020436 0.010950
v 0.021947 0.020436 0.010950
v 0.023419 0.025809 0.012798
v 0.023419 0.025809 0.012798
v 0.023723 0.023471 0.011658
v 0.024225 0.020804 0.011072
v 0.024225 0.020804 0.011072
v 0.024129 0.027229 0.014155
v 0.023095 0.029477 0.016676
v 0.021748 0.031157 0.019314
v 0.027280 0.025878 0.013693
v 0.026955 0.028133 0.016140
v 0.028569 0.026613 0.015084
v 0.027301 0.023478 0.012182
v 0.027301 0.023478 0.012182
v 0.027301 0.023478 0.012182
v 0.014191 0.033783 0.025244
v 0.016773 0.033899 0.025183
v 0.016773 0.033899 0.025183
v 0.020747 0.032755 0.022458
v 0.020747 0.032755 0.022458
v 0.015419 0.034990 0.028690
v 0.015419 0.034990 0.028690
v 0.019576 0.035199 0.029400
v 0.019576 0.035199 0.029400
v 0.019576 0.035199 0.029400
v 0.019576 0.035199 0.029400
v 0.022717 0.033782 0.026224
v 0.025347 0.029970 0.018532
v 0.024305 0.031468 0.020940
v 0.028151 0.029394 0.019195
v 0.028151 0.029394 0.019195
v 0.030135 0.027458 0.017073
v 0.026271 0.031893 0.023339
v 0.029320 0.031172 0.023916
v 0.031456 0.028744 0.020126
v 0.031456 0.028744 0.020126
v 0.031456 0.028744 0.020126
v 0.031456 0.028744 0.020126
v 0.026250 0.033460 0.027573
v 0.026250 0.033460 0.027573
v 0.032283 0.029715 0.023256
v 0.032628 0.030207 0.025373
v 0.032628 0.030207 0.025373
v 0.032471 0.018882 0.011601
v 0.032471 0.018882 0.011601
v 0.033068 0.016924 0.011200
v 0.032273 0.024451 0.014758
v 0.032273 0.024451 0.014758
v 0.032802 0.023789 0.014607
v 0.032802 0.023789 0.014607
v 0.029064 0.022226 0.012061
v 0.030608 0.022042 0.012329
v 0.033030 0.020501 0.012322
v 0.033030 0.020501 0.012322
v 0.035336 0.020199 0.013116
v 0.035336 0.020199 0.013116
v 0.034708 0.018232 0.011937
v 0.034708 0.018232 0.011937
v 0.034012 0.022974 0.014368
v 0.034012 0.022974 0.014368
v 0.034012 0.022974 0.014368
v 0.035267 0.015517 0.011357
v 0.035267 0.015517 0.011357
v 0.035267 0.015517 0.011357
v 0.037268 0.018104 0.013112
v 0.036224 0.016631 0.011942
v 0.036224 0.016631 0.011942
v 0.036224 0.016631 0.011942
v 0.036568 0.015042 0.011695
v 0.036568 0.015042 0.011695
v 0.038230 0.016885 0.012989
v 0.038230 0.016885 0.012989
v 0.038910 0.013717 0.012137
v 0.037540 0.020612 0.014859
v 0.037540 0.020612 0.014859
v 0.039300 0.018536 0.014673
v 0.039300 0.018536 0.014673
v 0.039300 0.018536 0.014673
v 0.040218 0.015942 0.013831
v 0.040218 0.015942 0.013831
v 0.039924 0.014569 0.012975
v 0.041970 0.015454 0.015089
v 0.032161 0.026097 0.016722
v 0.032161 0.026097 0.016722
v 0.034102 0.025406 0.017249
v 0.033332 0.027061 0.019073
v 0.035232 0.023533 0.015794
v 0.035232 0.023533 0.015794
v 0.035139 0.024225 0.016790
v 0.035139 0.024225 0.016790
v 0.037204 0.023949 0.018291
v 0.034942 0.027254 0.021130
v 0.034942 0.027254 0.021130
v 0.035534 0.028248 0.024368
v 0.037492 0.025494 0.021315
v 0.040055 0.022699 0.020206
v 0.038188 0.026065 0.023502
v 0.038188 0.026065 0.023502
v 0.038188 0.026065 0.023502
v 0.040525 0.023067 0.021737
v 0.040525 0.023067 0.021737
v 0.039846 0.021024 0.017765
v 0.039846 0.021024 0.017765
v 0.041919 0.017260 0.016437
v 0.041919 0.017260 0.016437
v 0.040349 0.019128 0.016205
v 0.040349 0.019128 0.016205
v 0.042563 0.019812 0.019994
v 0.042563 0.019812 0.019994
v 0.043994 0.014441 0.016705
v 0.043994 0.014441 0.016705
v 0.043994 0.014441 0.016705
v 0.043706 0.011469 0.014637
v 0.043706 0.011469 0.014637
v 0.043706 0.011469 0.014637
v 0.044407 0.016003 0.018754
v 0.042526 0.021129 0.022096
v 0.042526 0.021129 0.022096
v 0.043901 0.021522 0.025570
v 0.043973 0.018609 0.021156
v 0.043973 0.018609 0.021156
v 0.044588 0.019489 0.023511
v 0.045367 0.016289 0.020933
v 0.047143 0.013809 0.021532
v 0.047143 0.013809 0.021532
v 0.047143 0.013809 0.021532
v 0.046475 0.017589 0.025076
v 0.046475 0.017589 0.025076
v 0.017198 0.036677 0.033960
v 0.015690 0.036176 0.032183
v 0.019090 0.037247 0.036692
v 0.023431 0.035703 0.032481
v 0.023431 0.035703 0.032481
v 0.021293 0.036375 0.033705
v 0.020949 0.038577 0.042784
v 0.022541 0.037665 0.040123
v 0.025644 0.036658 0.037889
v 0.025644 0.036658 0.037889
v 0.027151 0.034584 0.031798
v 0.027151 0.034584 0.031798
v 0.030735 0.033031 0.030677
v 0.028544 0.034693 0.033245
v 0.030457 0.033634 0.032642
v 0.030457 0.033634 0.032642
v 0.030457 0.033634 0.032642
v 0.030457 0.033634 0.032642
v 0.029848 0.032058 0.027254
v 0.032033 0.031466 0.027597
v 0.032348 0.032147 0.030008
v 0.032348 0.032147 0.030008
v 0.032348 0.032147 0.030008
v 0.030064 0.034597 0.035373
v 0.030749 0.036133 0.041974
v 0.031557 0.034518 0.036354
v 0.031810 0.033125 0.032351
v 0.031810 0.033125 0.032351
v 0.035100 0.031110 0.031426
v 0.034230 0.032830 0.034481
v 0.034230 0.032830 0.034481
v 0.026345 0.037798 0.043891
v 0.026345 0.037798 0.043891
v 0.024337 0.038419 0.045228
v 0.024337 0.038419 0.045228
v 0.024337 0.038419 0.045228
v 0.023207 0.039061 0.049093
v 0.023207 0.039061 0.049093
v 0.023207 0.039061 0.049093
v 0.020482 0.039697 0.050453
v 0.020482 0.039697 0.050453
v 0.025830 0.038922 0.050140
v 0.027259 0.037820 0.046287
v 0.027259 0.037820 0.046287
v 0.027259 0.037820 0.046287
v 0.029355 0.038057 0.052227
v 0.029524 0.037679 0.049063
v 0.033934 0.034292 0.039694
v 0.036542 0.032035 0.036413
v 0.034781 0.034259 0.042216
v 0.034781 0.034259 0.042216
v 0.035380 0.034830 0.046296
v 0.032488 0.036499 0.048234
v 0.036756 0.032911 0.040251
v 0.036756 0.032911 0.040251
v 0.035864 0.034313 0.044295
v 0.037989 0.032952 0.042744
v 0.037989 0.032952 0.042744
v 0.037989 0.032952 0.042744
v 0.038404 0.033286 0.046692
v 0.034441 0.030587 0.028623
v 0.037783 0.028787 0.029550
v 0.036026 0.029677 0.028904
v 0.041937 0.024367 0.027167
v 0.041937 0.024367 0.027167
v 0.039147 0.028813 0.031750
v 0.039147 0.028813 0.031750
v 0.040010 0.026503 0.028177
v 0.043272 0.023941 0.028784
v 0.036698 0.030220 0.030868
v 0.036698 0.030220 0.030868
v 0.037237 0.030351 0.032617
v 0.037237 0.030351 0.032617
v 0.039284 0.030270 0.037002
v 0.039284 0.030270 0.037002
v 0.039284 0.030270 0.037002
v 0.042521 0.025429 0.030752
v 0.042521 0.025429 0.030752
v 0.042692 0.026502 0.033285
v 0.042692 0.026502 0.033285
v 0.042692 0.026502 0.033285
v 0.044183 0.025056 0.034065
v 0.044183 0.025056 0.034065
v 0.044561 0.020586 0.025095
v 0.044373 0.021898 0.027782
v 0.044373 0.021898 0.027782
v 0.045565 0.019581 0.026038
v 0.045267 0.021492 0.028732
v 0.046210 0.019945 0.028198
v 0.046210 0.019945 0.028198
v 0.046210 0.019945 0.028198
v 0.047508 0.017417 0.027134
v 0.047508 0.017417 0.027134
v 0.048979 0.015346 0.027918
v 0.048979 0.015346 0.027918
v 0.044259 0.023154 0.029757
v 0.044259 0.023154 0.029757
v 0.047347 0.020195 0.031387
v 0.046558 0.021839 0.032451
v 0.049740 0.016637 0.031315
v 0.049740 0.016637 0.031315
v 0.049044 0.018779 0.033110
v 0.049044 0.018779 0.033110
v 0.039288 0.031170 0.039344
v 0.039288 0.031170 0.039344
v 0.042399 0.028211 0.038379
v 0.042399 0.028211 0.038379
v 0.044014 0.026533 0.037611
v 0.044014 0.026533 0.037611
v 0.040919 0.031199 0.044979
v 0.042267 0.029656 0.042433
v 0.043526 0.028944 0.043993
v 0.043526 0.028944 0.043993
v 0.043657 0.028158 0.042172
v 0.043657 0.028158 0.042172
v 0.045739 0.025791 0.040291
v 0.045739 0.025791 0.040291
v 0.045690 0.027874 0.047118
v 0.046746 0.025675 0.043308
v 0.046746 0.025675 0.043308
v 0.046798 0.023402 0.036622
v 0.046798 0.023402 0.036622
v 0.046798 0.023402 0.036622
v 0.046798 0.023402 0.036622
v 0.048512 0.022428 0.039585
v 0.048956 0.020256 0.035910
v 0.048956 0.020256 0.035910
v 0.048953 0.023081 0.042912
v 0.048953 0.023081 0.042912
v 0.048953 0.023081 0.042912
v 0.048240 0.025641 0.049449
v 0.048240 0.025641 0.049449
v 0.050846 0.020245 0.043076
v 0.051748 0.017793 0.040661
v 0.016842 0.019842 0.010890
v 0.020227 0.018529 0.010744
v 0.020227 0.018529 0.010744
v 0.021403 0.019179 0.010977
v 0.021403 0.019179 0.010977
v 0.024897 0.008978 0.010761
v 0.024897 0.008978 0.010761
v 0.026724 0.011642 0.010832
v 0.028978 0.012552 0.010747
v 0.028978 0.012552 0.010747
v 0.030013 0.013864 0.010704
v 0.032045 0.013350 0.010794
v 0.032045 0.013350 0.010794
v 0.028679 0.009742 0.010805
v 0.031508 0.009420 0.010708
v 0.031508 0.009420 0.010708
v 0.034363 0.013047 0.010952
v 0.034498 0.010417 0.010813
v 0.034498 0.010417 0.010813
v 0.035745 0.012240 0.010978
v 0.035745 0.012240 0.010978
v 0.037980 0.012014 0.011439
v 0.037980 0.012014 0.011439
v 0.034994 0.007542 0.010848
v 0.034994 0.007542 0.010848
v 0.032913 0.008595 0.010912
v 0.032913 0.008595 0.010912
v 0.040355 0.000348 0.011148
v 0.040220 0.008119 0.011632
v 0.040220 0.008119 0.011632
v 0.041593 0.009201 0.012348
v 0.041593 0.009201 0.012348
v 0.041897 0.007823 0.012302
v 0.042054 0.011640 0.013282
v 0.042054 0.011640 0.013282
v 0.043224 0.008850 0.013404
v 0.043224 0.008850 0.013404
v 0.030605 0.000351 0.010857
v 0.030605 0.000351 0.010857
v 0.032555 -0.003294 0.010899
v 0.032555 -0.003294 0.010899
v 0.032555 -0.003294 0.010899
v 0.034460 -0.000547 0.010930
v 0.034460 -0.000547 0.010930
v 0.038686 -0.004121 0.010970
v 0.038686 -0.004121 0.010970
v 0.037584 -0.001083 0.010824
v 0.033347 -0.004155 0.010785
v 0.033347 -0.004155 0.010785
v 0.032913 -0.005210 0.010948
v 0.035511 -0.004977 0.010898
v 0.043873 0.009162 0.014232
v 0.045873 0.009388 0.015965
v 0.045873 0.009388 0.015965
v 0.045873 0.009388 0.015965
v 0.045873 0.009388 0.015965
v 0.047137 0.010102 0.018355
v 0.049645 0.011981 0.025288
v 0.050353 0.014432 0.030505
v 0.050435 0.013582 0.029401
v 0.050435 0.013582 0.029401
v 0.050435 0.013582 0.029401
v 0.051536 0.013271 0.032762
v 0.051536 0.013271 0.032762
v 0.051536 0.013271 0.032762
v 0.051310 0.016030 0.035285
v 0.051310 0.016030 0.035285
v 0.051618 0.016551 0.037949
v 0.051618 0.016551 0.037949
v 0.053391 0.017154 0.047265
v 0.053391 0.017154 0.047265
v 0.043066 0.006371 0.012496
v 0.043558 0.007238 0.013000
v 0.043558 0.007238 0.013000
v 0.044770 0.007780 0.014199
v 0.044770 0.007780 0.014199
v 0.042220 0.005034 0.012018
v 0.042921 0.003000 0.012011
v 0.042921 0.003000 0.012011
v 0.044737 0.004728 0.013366
v 0.044737 0.004728 0.013366
v 0.041950 0.001628 0.011534
v 0.044187 0.000872 0.012464
v 0.044996 0.002410 0.013029
v 0.044392 -0.000532 0.012392
v 0.045500 0.000329 0.013200
v 0.045939 0.004899 0.014530
v 0.047223 0.002699 0.015340
v 0.047223 0.002699 0.015340
v 0.046612 0.002119 0.014603
v 0.047240 0.000584 0.014978
v 0.047240 0.000584 0.014978
v 0.042581 -0.003271 0.011611
v 0.041017 -0.006391 0.011263
v 0.043185 -0.006636 0.012039
v 0.041740 -0.008769 0.011557
v 0.041740 -0.008769 0.011557
v 0.044270 -0.007716 0.012666
v 0.044270 -0.007716 0.012666
v 0.044270 -0.007716 0.012666
v 0.040392 -0.012515 0.011684
v 0.043648 -0.010600 0.012630
v 0.043648 -0.010600 0.012630
v 0.045732 -0.009177 0.013938
v 0.042030 -0.012851 0.012309
v 0.042030 -0.012851 0.012309
v 0.042030 -0.012851 0.012309
v 0.044381 -0.011665 0.013457
v 0.044380 -0.004672 0.012505
v 0.045873 -0.002287 0.013367
v 0.045753 -0.005709 0.013472
v 0.045753 -0.005709 0.013472
v 0.047244 -0.002964 0.014821
v 0.047360 -0.004954 0.015008
v 0.047360 -0.004954 0.015008
v 0.046489 -0.010804 0.015266
v 0.047984 -0.008115 0.016377
v 0.047984 -0.008115 0.016377
v 0.047458 -0.012309 0.016975
v 0.047458 -0.012309 0.016975
v 0.045685 -0.013218 0.015046
v 0.045685 -0.013218 0.015046
v 0.048769 -0.011036 0.018536
v 0.045474 0.008501 0.015276
v 0.047420 0.006430 0.016827
v 0.047420 0.006430 0.016827
v 0.047420 0.006430 0.016827
v 0.049147 0.005930 0.019418
v 0.048405 0.003633 0.017352
v 0.048405 0.003633 0.017352
v 0.048405 0.003633 0.017352
v 0.048731 -0.000436 0.016921
v 0.050291 0.005028 0.021267
v 0.050291 0.005028 0.021267
v 0.049552 0.001388 0.018528
v 0.048287 0.012019 0.022361
v 0.049335 0.009076 0.021724
v 0.049335 0.009076 0.021724
v 0.051367 0.006374 0.025130
v 0.050709 0.001656 0.020817
v 0.051297 0.004082 0.023155
v 0.052112 0.002290 0.024617
v 0.052112 0.002290 0.024617
v 0.052112 0.002290 0.024617
v 0.049167 -0.003527 0.017517
v 0.049555 -0.006114 0.018484
v 0.050702 -0.002298 0.020320
v 0.051164 -0.005410 0.021356
v 0.051164 -0.005410 0.021356
v 0.051164 -0.005410 0.021356
v 0.052407 -0.000633 0.024568
v 0.053389 -0.003100 0.026964
v 0.050176 -0.013291 0.022564
v 0.050176 -0.013291 0.022564
v 0.050176 -0.013291 0.022564
v 0.053079 -0.005902 0.026804
v 0.050958 -0.011363 0.023723
v 0.050958 -0.011363 0.023723
v 0.052018 -0.011210 0.025992
v 0.038923 -0.014785 0.011515
v 0.038923 -0.014785 0.011515
v 0.040033 -0.014524 0.011539
v 0.040033 -0.014524 0.011539
v 0.040033 -0.014524 0.011539
v 0.040138 -0.016221 0.012251
v 0.041925 -0.015577 0.012880
v 0.041925 -0.015577 0.012880
v 0.043476 -0.013650 0.013245
v 0.043476 -0.013650 0.013245
v 0.042615 -0.017044 0.013916
v 0.038197 -0.018219 0.011928
v 0.038197 -0.018219 0.011928
v 0.039646 -0.020176 0.013273
v 0.039953 -0.017418 0.012362
v 0.042036 -0.020187 0.015242
v 0.042036 -0.020187 0.015242
v 0.039601 -0.023011 0.015103
v 0.039601 -0.023011 0.015103
v 0.037791 -0.023298 0.013952
v 0.037791 -0.023298 0.013952
v 0.036721 -0.025099 0.014545
v 0.036721 -0.025099 0.014545
v 0.034020 -0.027621 0.014982
v 0.042353 -0.021001 0.016195
v 0.039629 -0.024715 0.016800
v 0.037821 -0.026814 0.017204
v 0.034430 -0.029599 0.017671
v 0.030744 -0.031782 0.018051
v 0.037424 -0.028845 0.019746
v 0.040445 -0.026325 0.019639
v 0.035413 -0.030052 0.019295
v 0.042899 -0.023117 0.018968
v 0.042899 -0.023117 0.018968
v 0.039345 -0.028957 0.022196
v 0.039345 -0.028957 0.022196
v 0.039345 -0.028957 0.022196
v 0.034965 -0.031799 0.022205
v 0.034965 -0.031799 0.022205
v 0.044157 -0.017221 0.015509
v 0.044157 -0.017221 0.015509
v 0.044157 -0.017221 0.015509
v 0.046113 -0.016719 0.017735
v 0.045367 -0.020055 0.019339
v 0.045367 -0.020055 0.019339
v 0.046210 -0.018406 0.019179
v 0.043109 -0.025535 0.022624
v 0.045411 -0.022924 0.022933
v 0.047965 -0.014153 0.019168
v 0.047965 -0.014153 0.019168
v 0.047688 -0.017759 0.020699
v 0.047688 -0.017759 0.020699
v 0.048846 -0.014862 0.020936
v 0.048161 -0.015996 0.020593
v 0.048161 -0.015996 0.020593
v 0.049668 -0.015469 0.023236
v 0.049668 -0.015469 0.023236
v 0.050413 -0.014825 0.024635
v 0.050413 -0.014825 0.024635
v 0.048676 -0.017198 0.022757
v 0.047351 -0.018720 0.021723
v 0.049177 -0.018400 0.025509
v 0.047642 -0.019432 0.023073
v 0.047642 -0.019432 0.023073
v 0.051265 -0.013980 0.026116
v 0.051265 -0.013980 0.026116
v 0.051265 -0.013980 0.026116
v 0.050541 -0.017420 0.027364
v 0.050541 -0.017420 0.027364
v 0.047233 -0.023155 0.027428
v 0.047233 -0.023155 0.027428
v 0.049297 -0.020439 0.028049
v 0.049297 -0.020439 0.028049
v 0.049297 -0.020439 0.028049
v 0.043173 -0.027787 0.026861
v 0.038876 -0.030948 0.025567
v 0.038876 -0.030948 0.025567
v 0.038876 -0.030948 0.025567
v 0.040269 -0.030851 0.027775
v 0.049536 -0.021851 0.031229
v 0.049536 -0.021851 0.031229
v 0.049536 -0.021851 0.031229
v 0.048244 -0.025230 0.033517
v 0.048244 -0.025230 0.033517
v 0.045879 -0.025995 0.029193
v 0.044398 -0.028537 0.031050
v 0.044398 -0.028537 0.031050
v 0.044398 -0.028537 0.031050
v 0.043629 -0.030387 0.033452
v 0.043629 -0.030387 0.033452
v 0.050102 0.011701 0.026309
v 0.050102 0.011701 0.026309
v 0.052067 0.011412 0.031494
v 0.051762 0.008353 0.027595
v 0.051762 0.008353 0.027595
v 0.052714 0.004104 0.027253
v 0.053202 0.006543 0.030210
v 0.052985 0.012536 0.035540
v 0.052985 0.012536 0.035540
v 0.054168 0.006824 0.033709
v 0.054168 0.006824 0.033709
v 0.054793 0.002088 0.032215
v 0.054609 -0.002481 0.030855
v 0.054609 -0.002481 0.030855
v 0.055196 -0.002584 0.033050
v 0.056050 -0.001365 0.035636
v 0.053539 -0.009283 0.029213
v 0.053539 -0.009283 0.029213
v 0.054864 -0.005551 0.032033
v 0.054864 -0.005551 0.032033
v 0.055210 -0.007224 0.033683
v 0.054680 -0.010964 0.034205
v 0.055958 -0.003820 0.036381
v 0.056924 -0.004887 0.039676
v 0.056216 -0.010319 0.039499
v 0.052375 0.013833 0.035789
v 0.054674 0.007965 0.036089
v 0.054646 0.009628 0.037978
v 0.054395 0.012236 0.040812
v 0.056256 0.005194 0.039674
v 0.055822 0.002511 0.036702
v 0.055822 0.002511 0.036702
v 0.054954 0.013414 0.046122
v 0.054954 0.013414 0.046122
v 0.054954 0.013414 0.046122
v 0.056518 0.007190 0.042894
v 0.055657 0.010154 0.044939
v 0.055657 0.010154 0.044939
v 0.055657 0.010154 0.044939
v 0.055846 0.009234 0.043411
v 0.055846 0.009234 0.043411
v 0.056521 0.009457 0.046399
v 0.056521 0.009457 0.046399
v 0.056812 0.000197 0.040248
v 0.056644 -0.002043 0.038383
v 0.056644 -0.002043 0.038383
v 0.057576 0.000398 0.043377
v 0.057602 0.002626 0.044783
v 0.057602 0.002626 0.044783
v 0.057602 0.002626 0.044783
v 0.057649 0.005121 0.047955
v 0.057649 0.005121 0.047955
v 0.057649 0.005121 0.047955
v 0.056785 -0.002921 0.039536
v 0.057610 -0.003196 0.043563
v 0.057994 0.000845 0.046258
v 0.056963 -0.006530 0.040774
v 0.056963 -0.006530 0.040774
v 0.056963 -0.006530 0.040774
v 0.058070 -0.005054 0.046712
v 0.053112 -0.013688 0.031014
v 0.050967 -0.018541 0.030302
v 0.050967 -0.018541 0.030302
v 0.051871 -0.017150 0.031406
v 0.051221 -0.019719 0.032351
v 0.051889 -0.018541 0.031946
v 0.054118 -0.014304 0.034812
v 0.054118 -0.014304 0.034812
v 0.054118 -0.014304 0.034812
v 0.053191 -0.016801 0.035387
v 0.053191 -0.016801 0.035387
v 0.052663 -0.018145 0.034469
v 0.055191 -0.013689 0.038607
v 0.055191 -0.013689 0.038607
v 0.052894 -0.019908 0.039228
v 0.052894 -0.019908 0.039228
v 0.052894 -0.019908 0.039228
v 0.052894 -0.019908 0.039228
v 0.049726 -0.023856 0.035319
v 0.047825 -0.027415 0.037487
v 0.045358 -0.029714 0.036998
v 0.045358 -0.029714 0.036998
v 0.053317 -0.020849 0.042099
v 0.053317 -0.020849 0.042099
v 0.050481 -0.024646 0.040537
v 0.050481 -0.024646 0.040537
v 0.052783 -0.022884 0.044783
v 0.052783 -0.022884 0.044783
v 0.050422 -0.025722 0.043698
v 0.049020 -0.027803 0.044110
v 0.049020 -0.027803 0.044110
v 0.055060 -0.017109 0.043172
v 0.055060 -0.017109 0.043172
v 0.057159 -0.010904 0.045230
v 0.057159 -0.010904 0.045230
v 0.056314 -0.014747 0.045944
v 0.056314 -0.014747 0.045944
v 0.054709 -0.018376 0.044601
v 0.054709 -0.018376 0.044601
v 0.057803 -0.006993 0.045068
v 0.058330 -0.008622 0.050213
v 0.058330 -0.008622 0.050213
v 0.053844 -0.019263 0.042538
v 0.053745 -0.020654 0.044156
v 0.053745 -0.020654 0.044156
v 0.053745 -0.020654 0.044156
v 0.055223 -0.019009 0.047498
v 0.055223 -0.019009 0.047498
v 0.052074 -0.024258 0.046547
v 0.052074 -0.024258 0.046547
v 0.052074 -0.024258 0.046547
v 0.050574 -0.026860 0.046923
v 0.050574 -0.026860 0.046923
v 0.051366 -0.026373 0.050390
v 0.051366 -0.026373 0.050390
v 0.053165 -0.023837 0.053517
v 0.053165 -0.023837 0.053517
v 0.053655 -0.022318 0.049379
v 0.053655 -0.022318 0.049379
v 0.053655 -0.022318 0.049379
v 0.058586 -0.002289 0.048849
v 0.057153 -0.013118 0.050741
v 0.056413 -0.014904 0.048002
v 0.056413 -0.014904 0.048002
v 0.056413 -0.014904 0.048002
v 0.055850 -0.018521 0.049872
v 0.055850 -0.018521 0.049872
v 0.056322 -0.016351 0.050812
v 0.056322 -0.016351 0.050812
v 0.055545 -0.019502 0.050891
v 0.055545 -0.019502 0.050891
v 0.054595 -0.021245 0.054087
v -0.006829 -0.022471 0.004111
v -0.006829 -0.022471 0.004111
v -0.006829 -0.022471 0.004111
v -0.006829 -0.022471 0.004111
v -0.009949 -0.021796 0.007165
v -0.004180 -0.026547 0.005739
v -0.001090 -0.026269 0.002638
v -0.001090 -0.026269 0.002638
v 0.001133 -0.025908 0.001009
v 0.001133 -0.025908 0.001009
v 0.001133 -0.025908 0.001009
v 0.001052 -0.028007 0.002987
v 0.001052 -0.028007 0.002987
v 0.003060 -0.028592 0.002418
v 0.003060 -0.028592 0.002418
v 0.006111 -0.027508 0.000368
v 0.006111 -0.027508 0.000368
v 0.004340 -0.027545 0.000868
v 0.004340 -0.027545 0.000868
v 0.005541 -0.029522 0.002272
v 0.005541 -0.029522 0.002272
v 0.007709 -0.027139 0.000255
v 0.007938 -0.029122 0.001048
v 0.007938 -0.029122 0.001048
v -0.014616 -0.016472 0.009508
v -0.014616 -0.016472 0.009508
v -0.015960 -0.017374 0.012769
v -0.015960 -0.017374 0.012769
v -0.014303 -0.019499 0.011672
v -0.014303 -0.019499 0.011672
v -0.011649 -0.022731 0.010759
v -0.014396 -0.022700 0.015619
v -0.012183 -0.026186 0.016440
v -0.009435 -0.026678 0.012585
v -0.015736 -0.021002 0.016096
v -0.016000 -0.022848 0.018083
v -0.016000 -0.022848 0.018083
v -0.014952 -0.024331 0.018981
v -0.016468 -0.022339 0.018243
v -0.016468 -0.022339 0.018243
v -0.016181 -0.023654 0.020963
v -0.010801 -0.027234 0.015712
v -0.013632 -0.025611 0.018434
v -0.013632 -0.025611 0.018434
v -0.013632 -0.025611 0.018434
v -0.011931 -0.028323 0.017874
v -0.012771 -0.027896 0.020470
v -0.012771 -0.027896 0.020470
v -0.009330 -0.029034 0.016364
v -0.011210 -0.029483 0.020560
v -0.009485 -0.030130 0.018650
v -0.009485 -0.030130 0.018650
v -0.008569 -0.024777 0.008665
v -0.006258 -0.027193 0.008924
v -0.006241 -0.029692 0.012789
v -0.006241 -0.029692 0.012789
v -0.003644 -0.029617 0.009334
v -0.000776 -0.029472 0.006271
v -0.000776 -0.029472 0.006271
v -0.002049 -0.031743 0.010920
v -0.002049 -0.031743 0.010920
v -0.002049 -0.031743 0.010920
v -0.006609 -0.031019 0.015626
v -0.006609 -0.031019 0.015626
v -0.007714 -0.030681 0.016566
v -0.008462 -0.030674 0.017939
v -0.006535 -0.032173 0.016776
v -0.006535 -0.032173 0.016776
v -0.006571 -0.032920 0.017830
v -0.008149 -0.032183 0.020687
v -0.004271 -0.032662 0.015497
v -0.004271 -0.032662 0.015497
v -0.000557 -0.033507 0.012573
v -0.003239 -0.034288 0.017690
v -0.004151 -0.034465 0.019383
v -0.004151 -0.034465 0.019383
v -0.001791 -0.034932 0.017033
v 0.000101 -0.035395 0.015761
v -0.002087 -0.035753 0.019352
v -0.015306 -0.025560 0.021818
v -0.014310 -0.026705 0.021659
v -0.015771 -0.026574 0.023570
v -0.015771 -0.026574 0.023570
v -0.015345 -0.027232 0.023625
v -0.015345 -0.027232 0.023625
v -0.015030 -0.028224 0.026114
v -0.015030 -0.028224 0.026114
v -0.015030 -0.028224 0.026114
v -0.011895 -0.029475 0.022026
v -0.011895 -0.029475 0.022026
v -0.013172 -0.028895 0.023506
v -0.013172 -0.028895 0.023506
v -0.010288 -0.030709 0.021317
v -0.011349 -0.031426 0.023561
v -0.011349 -0.031426 0.023561
v -0.011349 -0.031426 0.023561
v -0.012363 -0.030047 0.023949
v -0.010728 -0.032227 0.023568
v -0.010728 -0.032227 0.023568
v -0.008409 -0.032883 0.022514
v -0.013659 -0.030359 0.027237
v -0.013659 -0.030359 0.027237
v -0.014615 -0.029148 0.027146
v -0.012121 -0.031296 0.026390
v -0.011190 -0.032077 0.025483
v -0.011190 -0.032077 0.025483
v -0.009953 -0.033318 0.026727
v -0.009953 -0.033318 0.026727
v -0.008473 -0.033916 0.025350
v -0.015845 -0.028118 0.028247
v -0.014712 -0.030735 0.029088
v -0.014712 -0.030735 0.029088
v -0.014284 -0.031113 0.028977
v -0.014284 -0.031113 0.028977
v -0.014284 -0.031113 0.028977
v -0.015585 -0.029548 0.030226
v -0.015585 -0.029548 0.030226
v -0.016986 -0.028761 0.032664
v -0.016986 -0.028761 0.032664
v -0.015968 -0.029469 0.031737
v -0.015968 -0.029469 0.031737
v -0.015968 -0.029469 0.031737
v -0.016065 -0.030574 0.034829
v -0.016065 -0.030574 0.034829
v -0.016065 -0.030574 0.034829
v -0.014562 -0.031208 0.032241
v -0.014562 -0.031208 0.032241
v -0.011801 -0.032317 0.028282
v -0.011801 -0.032317 0.028282
v -0.012802 -0.032385 0.030565
v -0.010735 -0.033576 0.028999
v -0.010706 -0.034587 0.032017
v -0.010706 -0.034587 0.032017
v -0.010706 -0.034587 0.032017
v -0.009268 -0.035318 0.028918
v -0.009268 -0.035318 0.028918
v -0.009268 -0.035318 0.028918
v -0.006210 -0.033519 0.020143
v -0.005263 -0.034650 0.021452
v -0.006395 -0.034597 0.023158
v -0.006395 -0.034597 0.023158
v -0.006031 -0.035972 0.026098
v -0.006031 -0.035972 0.026098
v -0.004459 -0.036648 0.023457
v -0.003215 -0.035884 0.021176
v -0.001175 -0.037229 0.022061
v -0.001175 -0.037229 0.022061
v -0.000147 -0.037082 0.020154
v -0.000147 -0.037082 0.020154
v -0.000147 -0.037082 0.020154
v -0.003631 -0.037114 0.023460
v -0.003631 -0.037114 0.023460
v -0.003170 -0.037751 0.026049
v -0.002267 -0.037780 0.024554
v -0.002267 -0.037780 0.024554
v -0.008753 -0.034410 0.026919
v -0.007075 -0.035895 0.027531
v -0.007075 -0.035895 0.027531
v -0.001088 -0.038634 0.025657
v -0.000356 -0.038058 0.023175
v -0.000356 -0.038058 0.023175
v -0.012495 -0.033115 0.032056
v -0.013798 -0.032348 0.032902
v -0.013798 -0.032348 0.032902
v -0.013798 -0.032348 0.032902
v -0.013798 -0.032348 0.032902
v -0.011411 -0.034847 0.033776
v -0.011411 -0.034847 0.033776
v -0.011411 -0.034847 0.033776
v -0.009568 -0.035301 0.030790
v -0.009568 -0.035301 0.030790
v -0.008663 -0.035805 0.029003
v -0.006248 -0.037179 0.030135
v -0.006248 -0.037179 0.030135
v -0.006248 -0.037179 0.030135
v -0.007760 -0.036771 0.032227
v -0.004269 -0.038102 0.029232
v -0.004598 -0.038681 0.031841
v -0.002139 -0.039505 0.027927
v -0.002139 -0.039505 0.027927
v -0.002704 -0.039401 0.030389
v -0.000557 -0.039934 0.027665
v -0.000557 -0.039934 0.027665
v -0.000557 -0.039934 0.027665
v -0.000557 -0.039934 0.027665
v -0.001623 -0.039888 0.028521
v -0.001623 -0.039888 0.028521
v -0.000488 -0.040465 0.030431
v -0.000488 -0.040465 0.030431
v 0.003405 -0.030399 0.004505
v 0.003405 -0.030399 0.004505
v 0.001867 -0.032085 0.007985
v 0.006882 -0.031403 0.004090
v 0.012253 -0.029597 0.000433
v 0.012253 -0.029597 0.000433
v 0.008833 -0.030542 0.002242
v 0.008833 -0.030542 0.002242
v 0.008833 -0.030542 0.002242
v 0.010599 -0.032104 0.003735
v 0.005338 -0.032843 0.006971
v 0.003650 -0.034109 0.010095
v 0.007145 -0.035092 0.009830
v 0.007145 -0.035092 0.009830
v 0.011410 -0.034047 0.006340
v 0.010668 -0.036194 0.010373
v 0.001731 -0.035861 0.015275
v 0.005243 -0.035741 0.012234
v 0.000188 -0.036834 0.017807
v 0.000843 -0.037141 0.017963
v 0.000843 -0.037141 0.017963
v 0.000843 -0.037141 0.017963
v 0.002331 -0.036923 0.017042
v 0.002331 -0.036923 0.017042
v 0.002331 -0.036923 0.017042
v 0.004562 -0.037354 0.016169
v 0.006892 -0.037656 0.015200
v 0.006892 -0.037656 0.015200
v 0.006892 -0.037656 0.015200
v 0.008199 -0.038253 0.015796
v 0.008199 -0.038253 0.015796
v 0.012548 -0.031643 0.002576
v 0.012548 -0.031643 0.002576
v 0.012548 -0.031643 0.002576
v 0.015680 -0.032310 0.003115
v 0.015680 -0.032310 0.003115
v 0.015680 -0.032310 0.003115
v 0.014827 -0.036057 0.009210
v 0.020305 -0.034580 0.006871
v 0.023483 -0.033481 0.005916
v 0.017731 -0.036995 0.011093
v 0.001937 -0.037690 0.019405
v 0.001937 -0.037690 0.019405
v 0.001220 -0.037988 0.021168
v 0.003734 -0.038116 0.018991
v 0.002222 -0.039844 0.023189
v 0.000849 -0.039402 0.024997
v 0.000849 -0.039402 0.024997
v 0.003087 -0.038701 0.020971
v 0.003087 -0.038701 0.020971
v 0.004731 -0.038919 0.020257
v 0.004731 -0.038919 0.020257
v 0.004269 -0.039596 0.022025
v 0.004269 -0.039596 0.022025
v 0.002861 -0.039999 0.022959
v 0.002861 -0.039999 0.022959
v 0.006335 -0.039033 0.017591
v 0.010441 -0.039203 0.017280
v 0.010441 -0.039203 0.017280
v 0.008416 -0.039324 0.017997
v 0.006962 -0.039270 0.017728
v 0.006780 -0.040372 0.022627
v 0.007245 -0.039658 0.020150
v 0.007245 -0.039658 0.020150
v 0.009284 -0.040163 0.020480
v 0.009284 -0.040163 0.020480
v 0.009284 -0.040163 0.020480
v 0.007973 -0.040395 0.021667
v 0.003457 -0.040563 0.025620
v 0.003457 -0.040563 0.025620
v 0.004954 -0.040358 0.023717
v 0.007786 -0.041538 0.025207
v 0.005460 -0.041211 0.025963
v 0.005460 -0.041211 0.025963
v 0.005460 -0.041211 0.025963
v 0.009370 -0.041725 0.023053
v 0.010055 -0.041702 0.022568
v 0.010055 -0.041702 0.022568
v 0.010610 -0.042243 0.025484
v 0.010610 -0.042243 0.025484
v 0.022168 -0.036973 0.011959
v 0.019736 -0.039007 0.015750
v 0.012274 -0.038973 0.015906
v 0.014384 -0.039081 0.015684
v 0.014384 -0.039081 0.015684
v 0.013483 -0.040324 0.017754
v 0.013483 -0.040324 0.017754
v 0.011554 -0.040168 0.019242
v 0.010975 -0.040690 0.020907
v 0.013217 -0.040748 0.020303
v 0.016813 -0.039979 0.017958
v 0.016813 -0.039979 0.017958
v 0.018465 -0.039891 0.017549
v 0.018465 -0.039891 0.017549
v 0.012763 -0.041209 0.021943
v 0.015032 -0.040742 0.020054
v 0.016083 -0.041170 0.020992
v 0.016083 -0.041170 0.020992
v 0.012234 -0.042119 0.024571
v 0.012183 -0.042476 0.025730
v 0.012183 -0.042476 0.025730
v 0.012183 -0.042476 0.025730
v 0.013654 -0.042578 0.025705
v 0.013654 -0.042578 0.025705
v 0.013654 -0.042578 0.025705
v 0.014419 -0.041712 0.022843
v 0.015338 -0.042467 0.025006
v 0.015338 -0.042467 0.025006
v 0.016981 -0.042436 0.022941
v 0.016981 -0.042436 0.022941
v 0.016981 -0.042436 0.022941
v 0.016981 -0.042436 0.022941
v 0.018788 -0.040674 0.019889
v 0.018788 -0.040674 0.019889
v 0.018788 -0.040674 0.019889
v 0.018788 -0.040674 0.019889
v 0.018560 -0.041316 0.021547
v 0.018560 -0.041316 0.021547
v 0.018560 -0.041316 0.021547
v 0.020130 -0.040286 0.017917
v 0.021789 -0.039031 0.016342
v 0.020387 -0.041521 0.022841
v 0.020387 -0.041521 0.022841
v 0.020387 -0.041521 0.022841
v 0.021507 -0.040601 0.020390
v 0.021507 -0.040601 0.020390
v 0.016321 -0.042765 0.026101
v 0.000771 -0.039622 0.026144
v 0.000771 -0.039622 0.026144
v 0.001849 -0.040825 0.028757
v 0.001849 -0.040825 0.028757
v 0.003665 -0.040965 0.026775
v 0.005257 -0.042422 0.028219
v 0.005998 -0.042530 0.028167
v 0.005998 -0.042530 0.028167
v 0.007188 -0.041900 0.026672
v 0.007188 -0.041900 0.026672
v 0.007188 -0.041900 0.026672
v 0.009098 -0.042880 0.029025
v 0.010379 -0.042615 0.027051
v 0.024747 -0.035363 0.009772
v 0.024747 -0.035363 0.009772
v 0.026628 -0.033693 0.007659
v 0.028617 -0.034891 0.011125
v 0.025865 -0.037966 0.015704
v 0.025865 -0.037966 0.015704
v 0.027651 -0.037067 0.014933
v 0.027651 -0.037067 0.014933
v 0.023923 -0.039313 0.018013
v 0.028523 -0.038169 0.017352
v 0.027155 -0.038973 0.017853
v 0.027155 -0.038973 0.017853
v 0.027849 -0.038919 0.018372
v 0.027849 -0.038919 0.018372
v 0.025870 -0.039695 0.020005
v 0.032454 -0.035709 0.015788
v 0.033793 -0.035122 0.015961
v 0.029628 -0.037860 0.017990
v 0.031047 -0.036919 0.017251
v 0.031047 -0.036919 0.017251
v 0.031047 -0.036919 0.017251
v 0.028674 -0.039064 0.020453
v 0.028674 -0.039064 0.020453
v 0.022439 -0.040801 0.021223
v 0.022439 -0.040801 0.021223
v 0.025106 -0.040121 0.020594
v 0.023682 -0.041119 0.021790
v 0.023682 -0.041119 0.021790
v -0.014885 -0.031952 0.035264
v -0.014885 -0.031952 0.035264
v -0.013319 -0.034044 0.035002
v -0.013319 -0.034044 0.035002
v -0.013299 -0.034115 0.037102
v -0.013299 -0.034115 0.037102
v -0.015118 -0.032374 0.037444
v -0.016538 -0.031480 0.038750
v -0.016538 -0.031480 0.038750
v -0.015754 -0.032337 0.038914
v -0.015754 -0.032337 0.038914
v -0.015754 -0.032337 0.038914
v -0.016459 -0.032489 0.040066
v -0.013969 -0.033973 0.039255
v -0.013969 -0.033973 0.039255
v -0.012777 -0.034300 0.034085
v -0.011360 -0.035364 0.035868
v -0.009397 -0.036421 0.034916
v -0.009397 -0.036421 0.034916
v -0.011131 -0.036096 0.038135
v -0.011131 -0.036096 0.038135
v -0.011131 -0.036096 0.038135
v -0.012147 -0.035743 0.039324
v -0.012147 -0.035743 0.039324
v -0.012147 -0.035743 0.039324
v -0.008355 -0.038051 0.037967
v -0.008355 -0.038051 0.037967
v -0.015126 -0.033930 0.043029
v -0.013239 -0.035448 0.042454
v -0.015531 -0.034292 0.045341
v -0.015531 -0.034292 0.045341
v -0.014312 -0.034928 0.043672
v -0.014854 -0.035617 0.045887
v -0.014854 -0.035617 0.045887
v -0.012686 -0.036674 0.044864
v -0.012686 -0.036674 0.044864
v -0.012686 -0.036674 0.044864
v -0.014274 -0.036143 0.045694
v -0.014274 -0.036143 0.045694
v -0.012284 -0.036187 0.041115
v -0.011149 -0.037446 0.040194
v -0.011149 -0.037446 0.040194
v -0.011777 -0.036818 0.042899
v -0.011663 -0.037120 0.041595
v -0.011663 -0.037120 0.041595
v -0.010905 -0.037821 0.041331
v -0.009201 -0.037923 0.039052
v -0.010134 -0.038094 0.040448
v -0.010134 -0.038094 0.040448
v -0.009406 -0.038518 0.041448
v -0.009406 -0.038518 0.041448
v -0.007749 -0.039230 0.041109
v -0.010570 -0.037858 0.043055
v -0.010992 -0.037969 0.046067
v -0.010992 -0.037969 0.046067
v -0.009235 -0.038886 0.044152
v -0.006869 -0.040524 0.044182
v -0.006841 -0.038684 0.034325
v -0.007915 -0.037954 0.035371
v -0.006308 -0.037948 0.032483
v -0.006308 -0.037948 0.032483
v -0.004396 -0.039346 0.033467
v -0.004396 -0.039346 0.033467
v -0.006585 -0.038956 0.035024
v -0.006585 -0.038956 0.035024
v -0.006723 -0.039016 0.037265
v -0.004386 -0.040177 0.036734
v -0.004270 -0.040656 0.038009
v -0.004270 -0.040656 0.038009
v -0.000855 -0.040724 0.032073
v -0.000855 -0.040724 0.032073
v -0.001752 -0.040879 0.034182
v 0.000412 -0.042376 0.033930
v 0.000412 -0.042376 0.033930
v -0.001787 -0.041766 0.038023
v -0.001787 -0.041766 0.038023
v -0.000820 -0.041811 0.035950
v -0.000820 -0.041811 0.035950
v -0.006269 -0.039975 0.040231
v -0.004315 -0.041582 0.040162
v -0.005929 -0.040679 0.042637
v -0.005929 -0.040679 0.042637
v -0.005929 -0.040679 0.042637
v -0.004502 -0.041671 0.043725
v -0.004502 -0.041671 0.043725
v -0.003466 -0.042092 0.040229
v -0.000412 -0.042727 0.039684
v 0.000985 -0.042654 0.036238
v 0.002314 -0.043329 0.037682
v -0.002114 -0.042722 0.042744
v -0.002114 -0.042722 0.042744
v 0.001848 -0.043619 0.039695
v 0.002705 -0.044386 0.042169
v -0.014364 -0.036238 0.046830
v -0.014381 -0.035924 0.048704
v -0.012902 -0.037099 0.048461
v -0.012223 -0.037901 0.049790
v -0.012223 -0.037901 0.049790
v -0.008561 -0.040415 0.046110
v -0.008561 -0.040415 0.046110
v -0.008564 -0.040635 0.047158
v -0.009886 -0.039314 0.048507
v -0.007763 -0.041026 0.046543
v -0.010636 -0.039235 0.050459
v -0.010636 -0.039235 0.050459
v -0.011988 -0.039051 0.052042
v -0.008959 -0.040587 0.052605
v -0.008959 -0.040587 0.052605
v -0.008785 -0.040241 0.049137
v -0.006339 -0.041650 0.048995
v -0.006339 -0.041650 0.048995
v -0.006339 -0.041650 0.048995
v -0.014099 -0.036822 0.053254
v -0.012556 -0.038665 0.052764
v -0.012792 -0.038154 0.055143
v -0.012792 -0.038154 0.055143
v -0.010838 -0.039642 0.054839
v -0.013222 -0.038216 0.058006
v -0.011370 -0.039573 0.057565
v -0.007247 -0.041600 0.052473
v -0.007247 -0.041600 0.052473
v -0.009785 -0.040542 0.055948
v -0.007599 -0.041920 0.056208
v -0.009058 -0.041831 0.058476
v -0.009058 -0.041831 0.058476
v -0.009058 -0.041831 0.058476
v -0.005985 -0.042673 0.054874
v -0.005985 -0.042673 0.054874
v -0.005827 -0.041613 0.046614
v -0.002966 -0.042815 0.045873
v -0.000826 -0.043464 0.043680
v 0.001475 -0.044256 0.043469
v 0.001475 -0.044256 0.043469
v -0.000175 -0.044599 0.045558
v -0.000175 -0.044599 0.045558
v -0.000175 -0.044599 0.045558
v -0.004538 -0.042732 0.049538
v -0.004538 -0.042732 0.049538
v -0.005793 -0.042273 0.050524
v 0.000784 -0.044858 0.045549
v 0.000784 -0.044858 0.045549
v 0.002439 -0.045078 0.045848
v -0.000238 -0.044670 0.046397
v -0.000238 -0.044670 0.046397
v -0.001208 -0.044071 0.048413
v -0.001208 -0.044071 0.048413
v -0.002633 -0.043653 0.050028
v 0.000835 -0.044985 0.046422
v 0.001147 -0.045018 0.048329
v -0.005125 -0.043379 0.052245
v -0.004421 -0.043882 0.052288
v -0.004421 -0.043882 0.052288
v -0.001618 -0.044407 0.051994
v -0.003622 -0.043919 0.054886
v -0.003622 -0.043919 0.054886
v -0.002245 -0.044419 0.053967
v -0.002245 -0.044419 0.053967
v 0.001480 -0.045269 0.049995
v 0.001536 -0.045802 0.053625
v 0.001536 -0.045802 0.053625
v 0.000230 -0.045452 0.055276
v 0.000230 -0.045452 0.055276
v 0.003692 -0.046706 0.051414
v 0.003631 -0.046822 0.052457
v 0.003631 -0.046822 0.052457
v 0.012994 -0.043737 0.027821
v 0.014682 -0.043547 0.027961
v 0.014682 -0.043547 0.027961
v 0.016936 -0.043544 0.028817
v 0.023181 -0.041915 0.024323
v 0.022000 -0.041473 0.022819
v 0.018580 -0.042528 0.025305
v 0.018812 -0.042938 0.026692
v 0.018812 -0.042938 0.026692
v 0.018812 -0.042938 0.026692
v 0.021013 -0.042719 0.026430
v 0.022450 -0.042237 0.025759
v 0.018887 -0.043639 0.028564
v 0.018562 -0.044198 0.031449
v 0.020640 -0.043899 0.028395
v 0.020640 -0.043899 0.028395
v 0.020640 -0.043899 0.028395
v 0.019570 -0.044091 0.031055
v 0.019570 -0.044091 0.031055
v 0.022188 -0.043731 0.030688
v 0.022188 -0.043731 0.030688
v 0.024001 -0.042739 0.028198
v 0.024001 -0.042739 0.028198
v 0.024001 -0.042739 0.028198
v 0.020355 -0.044523 0.033464
v 0.022126 -0.044279 0.032536
v 0.001267 -0.041630 0.031829
v 0.003557 -0.042169 0.031293
v 0.001394 -0.042490 0.033152
v 0.002341 -0.042467 0.032844
v 0.004073 -0.043090 0.034326
v 0.006954 -0.043520 0.032659
v 0.006176 -0.043736 0.034381
v 0.006176 -0.043736 0.034381
v 0.001412 -0.042802 0.034312
v 0.002873 -0.043156 0.035703
v 0.002873 -0.043156 0.035703
v 0.006838 -0.043053 0.030915
v 0.008521 -0.043686 0.031872
v 0.008521 -0.043686 0.031872
v 0.009803 -0.043737 0.031396
v 0.008615 -0.044646 0.033652
v 0.008615 -0.044646 0.033652
v 0.009542 -0.044797 0.033828
v 0.010575 -0.044304 0.032822
v 0.010575 -0.044304 0.032822
v 0.010575 -0.044304 0.032822
v 0.010575 -0.044304 0.032822
v 0.011136 -0.043711 0.030759
v 0.011136 -0.043711 0.030759
v 0.007022 -0.044367 0.036380
v 0.004703 -0.044111 0.037566
v 0.004703 -0.044111 0.037566
v 0.006560 -0.044622 0.037935
v 0.004770 -0.045061 0.039811
v 0.004770 -0.045061 0.039811
v 0.004783 -0.045093 0.042356
v 0.004783 -0.045093 0.042356
v 0.008750 -0.044828 0.034758
v 0.008750 -0.044828 0.034758
v 0.008750 -0.044828 0.034758
v 0.009644 -0.044961 0.036614
v 0.012040 -0.044806 0.034765
v 0.007006 -0.045067 0.039409
v 0.009340 -0.045539 0.040379
v 0.010513 -0.045145 0.037401
v 0.013130 -0.045432 0.037385
v 0.013130 -0.045432 0.037385
v 0.013082 -0.043903 0.028746
v 0.013119 -0.043996 0.030620
v 0.013119 -0.043996 0.030620
v 0.013678 -0.044289 0.032226
v 0.013678 -0.044289 0.032226
v 0.013678 -0.044289 0.032226
v 0.013678 -0.044289 0.032226
v 0.014781 -0.044012 0.030564
v 0.014781 -0.044012 0.030564
v 0.015555 -0.044308 0.031706
v 0.013928 -0.044957 0.034983
v 0.013928 -0.044957 0.034983
v 0.017063 -0.044369 0.031715
v 0.014986 -0.044933 0.033651
v 0.014986 -0.044933 0.033651
v 0.016095 -0.045307 0.033675
v 0.016996 -0.045227 0.033390
v 0.015390 -0.045468 0.037186
v 0.015390 -0.045468 0.037186
v 0.016816 -0.045509 0.034494
v 0.017977 -0.045317 0.035418
v 0.011841 -0.045500 0.037781
v 0.018309 -0.044987 0.033583
v 0.018818 -0.045368 0.036608
v 0.018818 -0.045368 0.036608
v 0.021984 -0.044982 0.036147
v 0.021984 -0.044982 0.036147
v 0.023847 -0.044839 0.034204
v 0.024251 -0.044712 0.033718
v 0.006837 -0.045438 0.042048
v 0.006837 -0.045438 0.042048
v 0.006837 -0.045438 0.042048
v 0.006017 -0.045652 0.044177
v 0.006017 -0.045652 0.044177
v 0.007915 -0.046023 0.043598
v 0.007915 -0.046023 0.043598
v 0.007915 -0.046023 0.043598
v 0.007915 -0.046023 0.043598
v 0.005263 -0.045853 0.046769
v 0.005263 -0.045853 0.046769
v 0.009425 -0.046086 0.043200
v 0.009425 -0.046086 0.043200
v 0.010818 -0.045780 0.039479
v 0.012515 -0.046511 0.040366
v 0.012515 -0.046511 0.040366
v 0.012144 -0.046327 0.039489
v 0.011712 -0.046311 0.042013
v 0.011712 -0.046311 0.042013
v 0.008434 -0.047011 0.045471
v 0.011009 -0.046716 0.045211
v 0.014548 -0.046663 0.043548
v 0.013022 -0.046900 0.045766
v 0.010867 -0.047036 0.047982
v 0.014685 -0.047500 0.048780
v 0.003534 -0.045743 0.048963
v 0.006643 -0.046428 0.048275
v 0.005016 -0.046389 0.049839
v 0.005016 -0.046389 0.049839
v 0.005016 -0.046389 0.049839
v 0.004530 -0.046954 0.051776
v 0.004530 -0.046954 0.051776
v 0.004530 -0.046954 0.051776
v 0.006710 -0.046945 0.051587
v 0.006710 -0.046945 0.051587
v 0.009225 -0.046945 0.048266
v 0.009225 -0.046945 0.048266
v 0.009903 -0.047242 0.049989
v 0.011917 -0.047524 0.049667
v 0.011917 -0.047524 0.049667
v 0.012200 -0.048268 0.051713
v 0.012200 -0.048268 0.051713
v 0.014210 -0.047697 0.050097
v 0.015877 -0.046251 0.041095
v 0.015877 -0.046251 0.041095
v 0.017740 -0.046068 0.040004
v 0.013010 -0.046455 0.039592
v 0.013010 -0.046455 0.039592
v 0.013010 -0.046455 0.039592
v 0.014481 -0.046041 0.039147
v 0.014481 -0.046041 0.039147
v 0.014156 -0.046412 0.041819
v 0.018944 -0.046412 0.041838
v 0.020114 -0.045568 0.037649
v 0.019060 -0.045800 0.038284
v 0.019060 -0.045800 0.038284
v 0.019060 -0.045800 0.038284
v 0.021963 -0.045479 0.037984
v 0.019863 -0.046407 0.039413
v 0.019863 -0.046407 0.039413
v 0.020874 -0.046410 0.039363
v 0.020356 -0.046623 0.040642
v 0.021162 -0.046502 0.040386
v 0.024207 -0.044858 0.036834
v 0.024207 -0.044858 0.036834
v 0.024207 -0.044858 0.036834
v 0.024388 -0.045429 0.040101
v 0.024388 -0.045429 0.040101
v 0.022486 -0.045950 0.039764
v 0.016345 -0.046761 0.043598
v 0.016345 -0.046761 0.043598
v 0.015956 -0.047647 0.045719
v 0.015956 -0.047647 0.045719
v 0.019000 -0.046526 0.042901
v 0.017700 -0.047005 0.044511
v 0.016529 -0.047767 0.045925
v 0.020074 -0.046962 0.046004
v 0.020074 -0.046962 0.046004
v 0.018393 -0.047453 0.048197
v 0.018393 -0.047453 0.048197
v 0.021061 -0.046393 0.042013
v 0.022042 -0.046375 0.043328
v 0.022042 -0.046375 0.043328
v 0.022375 -0.046133 0.041703
v 0.023979 -0.046186 0.043356
v 0.024186 -0.047087 0.045861
v 0.025789 -0.046058 0.044022
v 0.025066 -0.046851 0.045400
v 0.025066 -0.046851 0.045400
v 0.025066 -0.046851 0.045400
v 0.022105 -0.046879 0.045943
v -0.010802 -0.040262 0.060762
v -0.009629 -0.041451 0.058536
v -0.009629 -0.041451 0.058536
v -0.012569 -0.039186 0.062031
v -0.013094 -0.039566 0.064124
v -0.011050 -0.040395 0.062768
v -0.011050 -0.040395 0.062768
v -0.006488 -0.042835 0.058956
v -0.006488 -0.042835 0.058956
v -0.009315 -0.041343 0.061231
v -0.008055 -0.042149 0.060819
v -0.006082 -0.043256 0.061405
v -0.006082 -0.043256 0.061405
v -0.006082 -0.043256 0.061405
v -0.007127 -0.042818 0.062586
v -0.007127 -0.042818 0.062586
v -0.013368 -0.039322 0.065149
v -0.013368 -0.039322 0.065149
v -0.012589 -0.040011 0.064794
v -0.012589 -0.040011 0.064794
v -0.012589 -0.040011 0.064794
v -0.012616 -0.039602 0.066535
v -0.012616 -0.039602 0.066535
v -0.010537 -0.040926 0.066091
v -0.010537 -0.040926 0.066091
v -0.009431 -0.041443 0.064066
v -0.009431 -0.041443 0.064066
v -0.011509 -0.040381 0.068225
v -0.011509 -0.040381 0.068225
v -0.010240 -0.041332 0.068035
v -0.008087 -0.042753 0.068675
v -0.008087 -0.042753 0.068675
v -0.007333 -0.042863 0.064960
v -0.005989 -0.044221 0.064385
v -0.005989 -0.044221 0.064385
v -0.005989 -0.044221 0.064385
v -0.005323 -0.044569 0.064059
v -0.005323 -0.044569 0.064059
v -0.006075 -0.043674 0.067535
v -0.006915 -0.043438 0.071083
v -0.006915 -0.043438 0.071083
v -0.006569 -0.043482 0.065645
v -0.006569 -0.043482 0.065645
v -0.005557 -0.043992 0.066416
v -0.005557 -0.043992 0.066416
v -0.003768 -0.044791 0.066488
v -0.003768 -0.044791 0.066488
v -0.003047 -0.044317 0.056795
v -0.001721 -0.044884 0.055962
v -0.001721 -0.044884 0.055962
v -0.000625 -0.046088 0.057995
v -0.000625 -0.046088 0.057995
v -0.000625 -0.046088 0.057995
v -0.001084 -0.045880 0.058391
v -0.003323 -0.044568 0.060948
v -0.003055 -0.044574 0.059447
v -0.004404 -0.044293 0.062022
v -0.004404 -0.044293 0.062022
v -0.000917 -0.045640 0.060469
v 0.003576 -0.046518 0.054975
v 0.001571 -0.046114 0.056548
v 0.004622 -0.047111 0.058805
v 0.005759 -0.047232 0.056269
v 0.005759 -0.047232 0.056269
v 0.005759 -0.047232 0.056269
v 0.005759 -0.047232 0.056269
v 0.001753 -0.046435 0.058619
v 0.000950 -0.046258 0.060516
v -0.002312 -0.045261 0.063949
v -0.000124 -0.046049 0.064033
v -0.001709 -0.045688 0.067070
v 0.002492 -0.046919 0.061943
v 0.004010 -0.047217 0.061234
v 0.003595 -0.047853 0.063920
v 0.001733 -0.046859 0.066369
v 0.005785 -0.047792 0.062608
v 0.005785 -0.047792 0.062608
v -0.009989 -0.042263 0.070417
v -0.009989 -0.042263 0.070417
v -0.010537 -0.041367 0.073002
v -0.010537 -0.041367 0.073002
v -0.008823 -0.042541 0.072185
v -0.007205 -0.043362 0.073325
v -0.003484 -0.045017 0.069022
v -0.003142 -0.045272 0.071244
v -0.001407 -0.046470 0.070260
v -0.001407 -0.046470 0.070260
v -0.000657 -0.046809 0.069714
v 0.000749 -0.046785 0.068222
v 0.001443 -0.047119 0.070122
v 0.001443 -0.047119 0.070122
v 0.004469 -0.047702 0.066280
v 0.004469 -0.047702 0.066280
v 0.006392 -0.047979 0.065550
v 0.005732 -0.048014 0.067472
v 0.003092 -0.047513 0.071515
v 0.004825 -0.047976 0.070317
v 0.006800 -0.048761 0.069624
v 0.005286 -0.048118 0.073069
v 0.005286 -0.048118 0.073069
v 0.007482 -0.048905 0.070079
v 0.007482 -0.048905 0.070079
v 0.007482 -0.048905 0.070079
v 0.007256 -0.048574 0.071967
v 0.005719 -0.046991 0.053795
v 0.005719 -0.046991 0.053795
v 0.008982 -0.047433 0.053390
v 0.007537 -0.047528 0.055529
v 0.007537 -0.047528 0.055529
v 0.007537 -0.047528 0.055529
v 0.007537 -0.047528 0.055529
v 0.009438 -0.047782 0.055644
v 0.007482 -0.048366 0.058029
v 0.007482 -0.048366 0.058029
v 0.008361 -0.048459 0.058088
v 0.011287 -0.047948 0.054755
v 0.011287 -0.047948 0.054755
v 0.010584 -0.048199 0.057748
v 0.010584 -0.048199 0.057748
v 0.013323 -0.048274 0.056501
v 0.013895 -0.048095 0.054139
v 0.013895 -0.048095 0.054139
v 0.015203 -0.047961 0.052351
v 0.009611 -0.048249 0.060349
v 0.009611 -0.048249 0.060349
v 0.009611 -0.048249 0.060349
v 0.009611 -0.048249 0.060349
v 0.006180 -0.047683 0.060348
v 0.008201 -0.048083 0.060834
v 0.008264 -0.048134 0.063185
v 0.009601 -0.048345 0.061972
v 0.012773 -0.048659 0.061300
v 0.012773 -0.048659 0.061300
v 0.012894 -0.048424 0.059018
v 0.012894 -0.048424 0.059018
v 0.015608 -0.048445 0.055592
v 0.015608 -0.048445 0.055592
v 0.015785 -0.049124 0.057905
v 0.015785 -0.049124 0.057905
v 0.014726 -0.048712 0.059809
v 0.014726 -0.048712 0.059809
v 0.016561 -0.049175 0.058126
v 0.016561 -0.049175 0.058126
v 0.017143 -0.048743 0.060367
v 0.017143 -0.048743 0.060367
v 0.011310 -0.049235 0.064022
v 0.021562 -0.047396 0.049200
v 0.021562 -0.047396 0.049200
v 0.018779 -0.047724 0.049784
v 0.017267 -0.047880 0.051527
v 0.017709 -0.048035 0.053233
v 0.017709 -0.048035 0.053233
v 0.017709 -0.048035 0.053233
v 0.020192 -0.048431 0.051953
v 0.020192 -0.048431 0.051953
v 0.020491 -0.048361 0.051308
v 0.020643 -0.048095 0.054346
v 0.024834 -0.047050 0.046254
v 0.023617 -0.047040 0.048096
v 0.026403 -0.046521 0.048131
v 0.024009 -0.047219 0.051095
v 0.024009 -0.047219 0.051095
v 0.022993 -0.047669 0.053211
v 0.022993 -0.047669 0.053211
v 0.022993 -0.047669 0.053211
v 0.026735 -0.046833 0.050480
v 0.026642 -0.046997 0.051936
v 0.027501 -0.046963 0.053958
v 0.021605 -0.048208 0.057239
v 0.021605 -0.048208 0.057239
v 0.021605 -0.048208 0.057239
v 0.019196 -0.048248 0.055816
v 0.019196 -0.048248 0.055816
v 0.023576 -0.047873 0.055471
v 0.023576 -0.047873 0.055471
v 0.023825 -0.048517 0.058111
v 0.024756 -0.048418 0.057973
v 0.024756 -0.048418 0.057973
v 0.026136 -0.047454 0.055865
v 0.018045 -0.048346 0.055698
v 0.018045 -0.048346 0.055698
v 0.016292 -0.049063 0.057304
v 0.018953 -0.048605 0.059528
v 0.018953 -0.048605 0.059528
v 0.009491 -0.048551 0.065578
v 0.009491 -0.048551 0.065578
v 0.009491 -0.048551 0.065578
v 0.008749 -0.048507 0.067087
v 0.007615 -0.048880 0.069272
v 0.007615 -0.048880 0.069272
v 0.010014 -0.048837 0.069418
v 0.011858 -0.048875 0.066880
v 0.011858 -0.048875 0.066880
v 0.015145 -0.048831 0.063280
v 0.015145 -0.048831 0.063280
v 0.017376 -0.048830 0.062859
v 0.017376 -0.048830 0.062859
v 0.011874 -0.049267 0.063723
v 0.011874 -0.049267 0.063723
v 0.011975 -0.049304 0.064451
v 0.011975 -0.049304 0.064451
v 0.013525 -0.049099 0.064564
v 0.013525 -0.049099 0.064564
v 0.014202 -0.049028 0.066243
v 0.015704 -0.049302 0.067660
v 0.015704 -0.049302 0.067660
v 0.018594 -0.048986 0.065683
v 0.017305 -0.048970 0.066341
v 0.009716 -0.048837 0.071492
v 0.012767 -0.048967 0.068114
v 0.012767 -0.048967 0.068114
v 0.013071 -0.049144 0.070089
v 0.013071 -0.049144 0.070089
v 0.008320 -0.048697 0.074254
v 0.008320 -0.048697 0.074254
v 0.008320 -0.048697 0.074254
v 0.010992 -0.049124 0.072933
v 0.010992 -0.049124 0.072933
v 0.012997 -0.049155 0.072080
v 0.012997 -0.049155 0.072080
v 0.012997 -0.049155 0.072080
v 0.013290 -0.049455 0.074542
v 0.015878 -0.049809 0.069512
v 0.015878 -0.049809 0.069512
v 0.018320 -0.049051 0.067576
v 0.018320 -0.049051 0.067576
v 0.014918 -0.049308 0.071818
v 0.014918 -0.049308 0.071818
v 0.014918 -0.049308 0.071818
v 0.015018 -0.049301 0.074159
v 0.015018 -0.049301 0.074159
v 0.015018 -0.049301 0.074159
v 0.018647 -0.049178 0.070100
v 0.017648 -0.049295 0.071902
v 0.017648 -0.049295 0.071902
v 0.018183 -0.049316 0.073421
v 0.027692 -0.047259 0.058065
v 0.027692 -0.047259 0.058065
v 0.026106 -0.047854 0.059735
v 0.026106 -0.047854 0.059735
v 0.024487 -0.048126 0.060751
v 0.027482 -0.047485 0.060636
v 0.029817 -0.046876 0.060313
v 0.029817 -0.046876 0.060313
v 0.026693 -0.047807 0.061820
v 0.026693 -0.047807 0.061820
v 0.029182 -0.047459 0.062168
v 0.028590 -0.048093 0.063717
v 0.028590 -0.048093 0.063717
v 0.029207 -0.047915 0.063840
v 0.029207 -0.047915 0.063840
v 0.018702 -0.048765 0.061367
v 0.018702 -0.048765 0.061367
v 0.018702 -0.048765 0.061367
v 0.021245 -0.048498 0.060675
v 0.021245 -0.048498 0.060675
v 0.019717 -0.049301 0.063986
v 0.019717 -0.049301 0.063986
v 0.019826 -0.049243 0.063069
v 0.019826 -0.049243 0.063069
v 0.022736 -0.048411 0.061599
v 0.020813 -0.049229 0.063440
v 0.023802 -0.048352 0.064162
v 0.023802 -0.048352 0.064162
v 0.023168 -0.048315 0.060061
v 0.022746 -0.048743 0.067147
v 0.021470 -0.048868 0.065740
v 0.021470 -0.048868 0.065740
v 0.020994 -0.048954 0.069832
v 0.026547 -0.048032 0.064068
v 0.026547 -0.048032 0.064068
v 0.026547 -0.048032 0.064068
v 0.026325 -0.048111 0.067180
v 0.027123 -0.047978 0.065444
v 0.027123 -0.047978 0.065444
v 0.024263 -0.049126 0.069802
v 0.029458 -0.047425 0.066614
v 0.029148 -0.047549 0.069809
v 0.029148 -0.047549 0.069809
v -0.005048 -0.044491 0.073390
v -0.001929 -0.045852 0.072676
v -0.001929 -0.045852 0.072676
v -0.009048 -0.042338 0.075841
v -0.009048 -0.042338 0.075841
v -0.006692 -0.044327 0.076605
v -0.007857 -0.043084 0.078168
v -0.007953 -0.043111 0.080025
v -0.007953 -0.043111 0.080025
v -0.007953 -0.043111 0.080025
v -0.005891 -0.044175 0.078946
v -0.005891 -0.044175 0.078946
v -0.006156 -0.044617 0.076128
v -0.003255 -0.045380 0.075447
v -0.003255 -0.045380 0.075447
v -0.003789 -0.045176 0.077927
v 0.000284 -0.046807 0.071955
v 0.000865 -0.046987 0.073506
v 0.000865 -0.046987 0.073506
v 0.000413 -0.046887 0.076656
v -0.001883 -0.046043 0.079234
v 0.002671 -0.048066 0.075403
v 0.002382 -0.047484 0.078573
v 0.002382 -0.047484 0.078573
v 0.003633 -0.047912 0.073537
v 0.003363 -0.048206 0.075507
v 0.003363 -0.048206 0.075507
v 0.003363 -0.048206 0.075507
v 0.005815 -0.048311 0.075481
v 0.005815 -0.048311 0.075481
v 0.004844 -0.048128 0.077765
v 0.035185 -0.034690 0.016764
v 0.033821 -0.036365 0.017591
v 0.033821 -0.036365 0.017591
v 0.033821 -0.036365 0.017591
v 0.035168 -0.036210 0.020176
v 0.035168 -0.036210 0.020176
v 0.036475 -0.034830 0.018762
v 0.029831 -0.038833 0.020845
v 0.029831 -0.038833 0.020845
v 0.032340 -0.037506 0.020023
v 0.032340 -0.037506 0.020023
v 0.031457 -0.038278 0.020849
v 0.031457 -0.038278 0.020849
v 0.030150 -0.039859 0.022928
v 0.031654 -0.039468 0.022455
v 0.035711 -0.036441 0.021280
v 0.035711 -0.036441 0.021280
v 0.035711 -0.036441 0.021280
v 0.033755 -0.037745 0.022261
v 0.033755 -0.037745 0.022261
v 0.035875 -0.037376 0.023860
v 0.032928 -0.039103 0.024545
v 0.032928 -0.039103 0.024545
v 0.033363 -0.039374 0.026146
v 0.034605 -0.038462 0.025345
v 0.036555 -0.037410 0.025188
v 0.036555 -0.037410 0.025188
v 0.036233 -0.038593 0.027090
v 0.035712 -0.039464 0.027780
v 0.035712 -0.039464 0.027780
v 0.035712 -0.039464 0.027780
v 0.037335 -0.038022 0.027798
v 0.037335 -0.038022 0.027798
v 0.023917 -0.041768 0.022946
v 0.024763 -0.041406 0.022585
v 0.024763 -0.041406 0.022585
v 0.024763 -0.041406 0.022585
v 0.026067 -0.041359 0.024910
v 0.026139 -0.040870 0.022952
v 0.026139 -0.040870 0.022952
v 0.027942 -0.040378 0.023659
v 0.025881 -0.041634 0.025844
v 0.028643 -0.041006 0.025976
v 0.030919 -0.040054 0.025108
v 0.025952 -0.042526 0.028349
v 0.025952 -0.042526 0.028349
v 0.028292 -0.042375 0.028270
v 0.025868 -0.043006 0.030472
v 0.024275 -0.043624 0.031500
v 0.024275 -0.043624 0.031500
v 0.025682 -0.043858 0.032836
v 0.028613 -0.042488 0.030845
v 0.028613 -0.042488 0.030845
v 0.028438 -0.043098 0.033504
v 0.030415 -0.040610 0.026706
v 0.032120 -0.040534 0.028314
v 0.032120 -0.040534 0.028314
v 0.031382 -0.041275 0.029930
v 0.035076 -0.039831 0.028082
v 0.035076 -0.039831 0.028082
v 0.035076 -0.039831 0.028082
v 0.035076 -0.039831 0.028082
v 0.037306 -0.033605 0.016950
v 0.038211 -0.034153 0.019295
v 0.038211 -0.034153 0.019295
v 0.038211 -0.034153 0.019295
v 0.040112 -0.033231 0.020441
v 0.040112 -0.033231 0.020441
v 0.037230 -0.035110 0.020314
v 0.037230 -0.035110 0.020314
v 0.037230 -0.035110 0.020314
v 0.038261 -0.034756 0.020818
v 0.039888 -0.034478 0.022737
v 0.039888 -0.034478 0.022737
v 0.037518 -0.036392 0.022257
v 0.037518 -0.036392 0.022257
v 0.038426 -0.035923 0.022346
v 0.040990 -0.033176 0.021718
v 0.039481 -0.035588 0.024812
v 0.039481 -0.035588 0.024812
v 0.041269 -0.033851 0.023825
v 0.041269 -0.033851 0.023825
v 0.040746 -0.035184 0.025962
v 0.037955 -0.036459 0.023057
v 0.037955 -0.036459 0.023057
v 0.037955 -0.036459 0.023057
v 0.037955 -0.036459 0.023057
v 0.037852 -0.036914 0.025826
v 0.037347 -0.038733 0.030248
v 0.036169 -0.039436 0.030151
v 0.029535 -0.042520 0.032213
v 0.026923 -0.044155 0.036226
v 0.026476 -0.044569 0.037616
v 0.030467 -0.043332 0.036588
v 0.030467 -0.043332 0.036588
v 0.029019 -0.043922 0.037252
v 0.032344 -0.041621 0.031994
v 0.034076 -0.040439 0.030770
v 0.034076 -0.040439 0.030770
v 0.034436 -0.041133 0.033555
v 0.034436 -0.041133 0.033555
v 0.032373 -0.042549 0.033707
v 0.032373 -0.042549 0.033707
v 0.033982 -0.042046 0.036390
v 0.036253 -0.039788 0.032114
v 0.036253 -0.039788 0.032114
v 0.031914 -0.042797 0.034304
v 0.028655 -0.045080 0.039635
v 0.029318 -0.044864 0.039603
v 0.029318 -0.044864 0.039603
v 0.030951 -0.043526 0.038328
v 0.030951 -0.043526 0.038328
v 0.030951 -0.043526 0.038328
v 0.036720 -0.040280 0.034620
v 0.036720 -0.040280 0.034620
v 0.039647 -0.039137 0.033919
v 0.038397 -0.039873 0.036433
v 0.038397 -0.039873 0.036433
v 0.038397 -0.039873 0.036433
v 0.038397 -0.039873 0.036433
v 0.035762 -0.041479 0.037430
v 0.037667 -0.040838 0.038637
v 0.037667 -0.040838 0.038637
v 0.035933 -0.042401 0.039437
v 0.040052 -0.039435 0.038876
v 0.033573 -0.042405 0.037637
v 0.033573 -0.042405 0.037637
v 0.033573 -0.042405 0.037637
v 0.032045 -0.043553 0.040259
v 0.032045 -0.043553 0.040259
v 0.033375 -0.043099 0.040051
v 0.033375 -0.043099 0.040051
v 0.030984 -0.044279 0.041858
v 0.030984 -0.044279 0.041858
v 0.036871 -0.041974 0.040304
v 0.035592 -0.042665 0.040323
v 0.043346 -0.032904 0.025301
v 0.043033 -0.033839 0.027164
v 0.043033 -0.033839 0.027164
v 0.042084 -0.035362 0.027851
v 0.042084 -0.035362 0.027851
v 0.045639 -0.032342 0.028725
v 0.044315 -0.033600 0.029443
v 0.041554 -0.036173 0.028462
v 0.041554 -0.036173 0.028462
v 0.038841 -0.036936 0.027468
v 0.038841 -0.036936 0.027468
v 0.038840 -0.037556 0.029480
v 0.040722 -0.036869 0.030778
v 0.038439 -0.038542 0.031620
v 0.040166 -0.037658 0.031993
v 0.042814 -0.035608 0.031572
v 0.042814 -0.035608 0.031572
v 0.045559 -0.033365 0.031491
v 0.046683 -0.032093 0.031068
v 0.044517 -0.034310 0.031608
v 0.044517 -0.034310 0.031608
v 0.047141 -0.032529 0.033158
v 0.045831 -0.034620 0.033626
v 0.045831 -0.034620 0.033626
v 0.043703 -0.035530 0.033240
v 0.041217 -0.037715 0.034319
v 0.041217 -0.037715 0.034319
v 0.043390 -0.036176 0.035123
v 0.040707 -0.038602 0.036730
v 0.042135 -0.038019 0.037878
v 0.042135 -0.038019 0.037878
v 0.045889 -0.034654 0.034382
v 0.045392 -0.035035 0.036389
v 0.025688 -0.045043 0.039238
v 0.026750 -0.045411 0.042236
v 0.028871 -0.044996 0.042462
v 0.028871 -0.044996 0.042462
v 0.031376 -0.044472 0.043525
v 0.031376 -0.044472 0.043525
v 0.038190 -0.041069 0.041092
v 0.034715 -0.042931 0.041684
v 0.033948 -0.043419 0.043257
v 0.036977 -0.041980 0.042623
v 0.036977 -0.041980 0.042623
v 0.036977 -0.041980 0.042623
v 0.036313 -0.042797 0.045827
v 0.036313 -0.042797 0.045827
v 0.036313 -0.042797 0.045827
v 0.033073 -0.044819 0.045668
v 0.033073 -0.044819 0.045668
v 0.034801 -0.043951 0.047962
v 0.038467 -0.041473 0.043722
v 0.038467 -0.041473 0.043722
v 0.040496 -0.040116 0.043093
v 0.040496 -0.040116 0.043093
v 0.040496 -0.040116 0.043093
v 0.038133 -0.042353 0.048176
v 0.033978 -0.044484 0.049800
v 0.036730 -0.043290 0.049194
v 0.036730 -0.043290 0.049194
v 0.040266 -0.041442 0.045838
v 0.040266 -0.041442 0.045838
v 0.037236 -0.043907 0.051582
v 0.037236 -0.043907 0.051582
v 0.036703 -0.044189 0.051716
v 0.036703 -0.044189 0.051716
v 0.041213 -0.040810 0.047729
v 0.041213 -0.040810 0.047729
v 0.041176 -0.040906 0.049631
v 0.038510 -0.042575 0.050372
v 0.038510 -0.042575 0.050372
v 0.041626 -0.041083 0.052858
v 0.041626 -0.041083 0.052858
v 0.041626 -0.041083 0.052858
v 0.047881 -0.032401 0.035510
v 0.046702 -0.033852 0.035906
v 0.047458 -0.033533 0.037577
v 0.047458 -0.033533 0.037577
v 0.049034 -0.033025 0.038650
v 0.049034 -0.033025 0.038650
v 0.047014 -0.034528 0.039717
v 0.047014 -0.034528 0.039717
v 0.043822 -0.036434 0.037191
v 0.043822 -0.036434 0.037191
v 0.045492 -0.035948 0.040380
v 0.045492 -0.035948 0.040380
v 0.043204 -0.038344 0.039763
v 0.048194 -0.034027 0.042138
v 0.049825 -0.030895 0.037062
v 0.049825 -0.030895 0.037062
v 0.049825 -0.030895 0.037062
v 0.048795 -0.032101 0.037095
v 0.048795 -0.032101 0.037095
v 0.048795 -0.032101 0.037095
v 0.049893 -0.032212 0.039389
v 0.049893 -0.032212 0.039389
v 0.046311 -0.036045 0.043177
v 0.044273 -0.037616 0.043049
v 0.045033 -0.037386 0.044203
v 0.048288 -0.034439 0.044098
v 0.048288 -0.034439 0.044098
v 0.049827 -0.032513 0.042547
v 0.046671 -0.036864 0.045311
v 0.046671 -0.036864 0.045311
v 0.047197 -0.036467 0.045962
v 0.051019 -0.030220 0.039149
v 0.051019 -0.030220 0.039149
v 0.050814 -0.031175 0.041164
v 0.049426 -0.033027 0.040040
v 0.049426 -0.033027 0.040040
v 0.051410 -0.030956 0.043241
v 0.051410 -0.030956 0.043241
v 0.050638 -0.032189 0.044679
v 0.041156 -0.039524 0.041806
v 0.044117 -0.038375 0.046475
v 0.044117 -0.038375 0.046475
v 0.042248 -0.039577 0.045561
v 0.042248 -0.039577 0.045561
v 0.042343 -0.040142 0.048854
v 0.042343 -0.040142 0.048854
v 0.042343 -0.040142 0.048854
v 0.045835 -0.037462 0.048456
v 0.045835 -0.037462 0.048456
v 0.039081 -0.042552 0.052258
v 0.037557 -0.043531 0.054303
v 0.039848 -0.042223 0.053947
v 0.039158 -0.042880 0.055750
v 0.039158 -0.042880 0.055750
v 0.042933 -0.040451 0.054842
v 0.042933 -0.040451 0.054842
v 0.042933 -0.040451 0.054842
v 0.041041 -0.041973 0.056039
v 0.041041 -0.041973 0.056039
v 0.044221 -0.039918 0.058530
v 0.042408 -0.041146 0.056859
v 0.040414 -0.042978 0.057637
v 0.041430 -0.042440 0.057880
v 0.041430 -0.042440 0.057880
v 0.041430 -0.042440 0.057880
v 0.041000 -0.042775 0.058555
v 0.042781 -0.041064 0.058793
v 0.042781 -0.041064 0.058793
v 0.042781 -0.041064 0.058793
v 0.042215 -0.041576 0.060508
v 0.049801 -0.033676 0.047416
v 0.048463 -0.034989 0.046905
v 0.047430 -0.036153 0.048636
v 0.047430 -0.036153 0.048636
v 0.048436 -0.035443 0.048985
v 0.051398 -0.032441 0.049233
v 0.050216 -0.033941 0.049187
v 0.050681 -0.034390 0.051043
v 0.050681 -0.034390 0.051043
v 0.050164 -0.034892 0.050833
v 0.050164 -0.034892 0.050833
v 0.047954 -0.036258 0.051371
v 0.047954 -0.036258 0.051371
v 0.052983 -0.030654 0.045942
v 0.051437 -0.032034 0.047021
v 0.053175 -0.030316 0.049001
v 0.053175 -0.030316 0.049001
v 0.050602 -0.034550 0.051750
v 0.048828 -0.035774 0.053364
v 0.050689 -0.033982 0.054383
v 0.050689 -0.033982 0.054383
v 0.052143 -0.032377 0.053650
v 0.051660 -0.033360 0.056610
v 0.053254 -0.031544 0.055676
v 0.054329 -0.029355 0.050520
v 0.052348 -0.031630 0.050925
v 0.052348 -0.031630 0.050925
v 0.054029 -0.030252 0.054639
v 0.055546 -0.028562 0.051721
v 0.055546 -0.028562 0.051721
v 0.055569 -0.028217 0.053724
v 0.055569 -0.028217 0.053724
v 0.055569 -0.028217 0.053724
v 0.054468 -0.029511 0.052778
v 0.044498 -0.038695 0.049019
v 0.046152 -0.037642 0.050848
v 0.044110 -0.039958 0.051089
v 0.044110 -0.039958 0.051089
v 0.044110 -0.039958 0.051089
v 0.045245 -0.038778 0.052280
v 0.045245 -0.038778 0.052280
v 0.045245 -0.038778 0.052280
v 0.045780 -0.038384 0.053906
v 0.045780 -0.038384 0.053906
v 0.045780 -0.038384 0.053906
v 0.044196 -0.039709 0.052989
v 0.044196 -0.039709 0.052989
v 0.047083 -0.037456 0.054907
v 0.045844 -0.038571 0.055784
v 0.045844 -0.038571 0.055784
v 0.047742 -0.037941 0.057907
v 0.047742 -0.037941 0.057907
v 0.049234 -0.035745 0.056185
v 0.048216 -0.037584 0.058359
v 0.046368 -0.038707 0.059619
v 0.027177 -0.046010 0.045727
v 0.029538 -0.045233 0.045167
v 0.029538 -0.045233 0.045167
v 0.029885 -0.045476 0.047237
v 0.029885 -0.045476 0.047237
v 0.029272 -0.046049 0.049242
v 0.029272 -0.046049 0.049242
v 0.027913 -0.046397 0.049299
v 0.027913 -0.046397 0.049299
v 0.032974 -0.044833 0.046017
v 0.032430 -0.044891 0.048498
v 0.029004 -0.046900 0.051157
v 0.031190 -0.045575 0.050359
v 0.032299 -0.045373 0.052506
v 0.032299 -0.045373 0.052506
v 0.030292 -0.046256 0.054323
v 0.028442 -0.047060 0.051811
v 0.034644 -0.044678 0.052764
v 0.034644 -0.044678 0.052764
v 0.034644 -0.044678 0.052764
v 0.033548 -0.045358 0.055590
v 0.035377 -0.044445 0.054445
v 0.035377 -0.044445 0.054445
v 0.035377 -0.044445 0.054445
v 0.032805 -0.046417 0.058127
v 0.032805 -0.046417 0.058127
v 0.031443 -0.046219 0.056263
v 0.035776 -0.044583 0.058064
v 0.034543 -0.045359 0.060789
v 0.034543 -0.045359 0.060789
v 0.034543 -0.045359 0.060789
v 0.030168 -0.046741 0.058441
v 0.031754 -0.046428 0.060505
v 0.031754 -0.046428 0.060505
v 0.035705 -0.044378 0.053255
v 0.035705 -0.044378 0.053255
v 0.035705 -0.044378 0.053255
v 0.035705 -0.044378 0.053255
v 0.035644 -0.044406 0.053101
v 0.035644 -0.044406 0.053101
v 0.035644 -0.044406 0.053101
v 0.035644 -0.044406 0.053101
v 0.035644 -0.044406 0.053102
v 0.035644 -0.044406 0.053102
v 0.035644 -0.044406 0.053102
v 0.035674 -0.044391 0.053178
v 0.035674 -0.044391 0.053178
v 0.035674 -0.044391 0.053178
v 0.038373 -0.043402 0.057024
v 0.038373 -0.043402 0.057024
v 0.036113 -0.044797 0.061143
v 0.031277 -0.046585 0.062059
v 0.031277 -0.046585 0.062059
v 0.032771 -0.046138 0.063472
v 0.034236 -0.045818 0.067100
v 0.034236 -0.045818 0.067100
v 0.031627 -0.046702 0.065584
v 0.031627 -0.046702 0.065584
v 0.034891 -0.045594 0.064607
v 0.036435 -0.045275 0.063847
v 0.037029 -0.044987 0.063357
v 0.037029 -0.044987 0.063357
v 0.038438 -0.043554 0.059471
v 0.039987 -0.042856 0.060446
v 0.038681 -0.043514 0.061598
v 0.041299 -0.042119 0.062127
v 0.038614 -0.043898 0.064924
v 0.038614 -0.043898 0.064924
v -0.012739 -0.015899 0.017033
v -0.010342 -0.017784 0.015381
v -0.010342 -0.017784 0.015381
v -0.010342 -0.017784 0.015381
v -0.010342 -0.017784 0.015381
v -0.012897 -0.018824 0.019921
v -0.012897 -0.018824 0.019921
v -0.011267 -0.019944 0.018204
v -0.011267 -0.019944 0.018204
v -0.009286 -0.016293 0.013692
v -0.008357 -0.021570 0.016032
v -0.008357 -0.021570 0.016032
v -0.007877 -0.020099 0.014544
v -0.006734 -0.021519 0.014526
v -0.005811 -0.020717 0.013376
v -0.005811 -0.020717 0.013376
v -0.005513 -0.024201 0.015584
v -0.005513 -0.024201 0.015584
v -0.002072 -0.022427 0.012497
v -0.002072 -0.022427 0.012497
v -0.003501 -0.021990 0.012800
v -0.003999 -0.024144 0.014328
v -0.003999 -0.024144 0.014328
v -0.008337 -0.024019 0.018544
v -0.008337 -0.024019 0.018544
v -0.001262 -0.026424 0.014418
v -0.001262 -0.026424 0.014418
v -0.001262 -0.026424 0.014418
v -0.001262 -0.026424 0.014418
v -0.001262 -0.026424 0.014418
v -0.002380 -0.027505 0.016273
v -0.002380 -0.027505 0.016273
v -0.002380 -0.027505 0.016273
v -0.002380 -0.027505 0.016273
v -0.002380 -0.027505 0.016273
v -0.004811 -0.026407 0.017316
v -0.004811 -0.026407 0.017316
v -0.000935 -0.022384 0.012040
v -0.001624 -0.023905 0.012892
v -0.001624 -0.023905 0.012892
v 0.000658 -0.023895 0.012072
v -0.000234 -0.024797 0.012800
v 0.003221 -0.023880 0.011675
v 0.000226 -0.025995 0.013452
v 0.001711 -0.025256 0.012486
v 0.001711 -0.025256 0.012486
v 0.001596 -0.026944 0.013405
v 0.001596 -0.026944 0.013405
v 0.000322 -0.028443 0.015457
v -0.011283 -0.023603 0.022651
v -0.011283 -0.023603 0.022651
v -0.011283 -0.023603 0.022651
v -0.014273 -0.021554 0.026358
v -0.009677 -0.025408 0.022867
v -0.009677 -0.025408 0.022867
v -0.008295 -0.025824 0.020852
v -0.008295 -0.025824 0.020852
v -0.008295 -0.025824 0.020852
v -0.008295 -0.025824 0.020852
v -0.012155 -0.024776 0.026516
v -0.010043 -0.028040 0.028149
v -0.010043 -0.028040 0.028149
v -0.008157 -0.028048 0.024751
v -0.008157 -0.028048 0.024751
v -0.008157 -0.028048 0.024751
v -0.008157 -0.028048 0.024751
v -0.013028 -0.026648 0.032581
v -0.013028 -0.026648 0.032581
v -0.010281 -0.029918 0.032883
v -0.010281 -0.029918 0.032883
v -0.011618 -0.028607 0.033529
v -0.007906 -0.031655 0.032365
v -0.005505 -0.031412 0.027242
v -0.005505 -0.031412 0.027242
v -0.005072 -0.028042 0.019743
v -0.005072 -0.028042 0.019743
v -0.001479 -0.029395 0.018192
v -0.001479 -0.029395 0.018192
v 0.000979 -0.030946 0.018119
v 0.000979 -0.030946 0.018119
v 0.002542 -0.029418 0.014932
v -0.003147 -0.029806 0.020503
v -0.003006 -0.031086 0.022727
v -0.001963 -0.030799 0.021251
v -0.001963 -0.030799 0.021251
v -0.001315 -0.031597 0.021718
v -0.001315 -0.031597 0.021718
v -0.002308 -0.032546 0.024253
v 0.001024 -0.032452 0.021069
v -0.003437 -0.032897 0.027434
v -0.003437 -0.032897 0.027434
v -0.000839 -0.033266 0.024705
v -0.000839 -0.033266 0.024705
v -0.000839 -0.033266 0.024705
v 0.000903 -0.034067 0.024573
v -0.001862 -0.033628 0.027190
v 0.001593 -0.035469 0.027148
v 0.007713 -0.024365 0.011317
v 0.007713 -0.024365 0.011317
v 0.005097 -0.024953 0.011649
v 0.005097 -0.024953 0.011649
v 0.003703 -0.026363 0.012428
v 0.003703 -0.026363 0.012428
v 0.007530 -0.026940 0.011903
v 0.004548 -0.027996 0.013079
v 0.004548 -0.027996 0.013079
v 0.003310 -0.028382 0.013886
v 0.003818 -0.030043 0.015292
v 0.010584 -0.027984 0.012016
v 0.010584 -0.027984 0.012016
v 0.004045 -0.031585 0.017055
v 0.005440 -0.030022 0.014577
v 0.007836 -0.029332 0.013207
v 0.005218 -0.030970 0.015326
v 0.010556 -0.026584 0.011568
v 0.009768 -0.029723 0.013015
v 0.009768 -0.029723 0.013015
v 0.014558 -0.027716 0.011662
v 0.008192 -0.031706 0.015141
v 0.008192 -0.031706 0.015141
v 0.008192 -0.031706 0.015141
v 0.009568 -0.032215 0.015465
v 0.012884 -0.032186 0.014606
v 0.013258 -0.030751 0.013412
v 0.013258 -0.030751 0.013412
v 0.013258 -0.030751 0.013412
v 0.013258 -0.030751 0.013412
v 0.008558 -0.033561 0.017799
v 0.008558 -0.033561 0.017799
v 0.012213 -0.033760 0.016900
v 0.003732 -0.032620 0.018704
v 0.002532 -0.032944 0.020195
v 0.002532 -0.032944 0.020195
v 0.002532 -0.032944 0.020195
v 0.002532 -0.032944 0.020195
v 0.008676 -0.035366 0.021091
v 0.003019 -0.033886 0.022093
v 0.003019 -0.033886 0.022093
v 0.004559 -0.035364 0.023970
v 0.010997 -0.035852 0.021149
v 0.008355 -0.037039 0.025445
v 0.008355 -0.037039 0.025445
v 0.005367 -0.037499 0.028766
v 0.011334 -0.037272 0.024500
v 0.011334 -0.037272 0.024500
v 0.013836 -0.029853 0.012695
v 0.013836 -0.029853 0.012695
v 0.016151 -0.031016 0.013412
v 0.016151 -0.031016 0.013412
v 0.017604 -0.028682 0.012001
v 0.019024 -0.030154 0.012761
v 0.018224 -0.032144 0.014412
v 0.018224 -0.032144 0.014412
v 0.018224 -0.032144 0.014412
v 0.014270 -0.033648 0.016434
v 0.014270 -0.033648 0.016434
v 0.016943 -0.033879 0.016711
v 0.016943 -0.033879 0.016711
v 0.015138 -0.035110 0.018694
v 0.022770 -0.030755 0.013645
v 0.022770 -0.030755 0.013645
v 0.018043 -0.035757 0.019943
v 0.018043 -0.035757 0.019943
v 0.020521 -0.032972 0.015692
v 0.020521 -0.032972 0.015692
v 0.020521 -0.032972 0.015692
v 0.022913 -0.032204 0.015157
v 0.022913 -0.032204 0.015157
v 0.022913 -0.032204 0.015157
v 0.022913 -0.032204 0.015157
v 0.025849 -0.029872 0.013538
v 0.025849 -0.029872 0.013538
v 0.020719 -0.034232 0.017556
v 0.020719 -0.034232 0.017556
v 0.023673 -0.033566 0.017313
v 0.023673 -0.033566 0.017313
v 0.023351 -0.035580 0.020635
v 0.023351 -0.035580 0.020635
v 0.015541 -0.036383 0.021338
v 0.013054 -0.038550 0.027220
v 0.026777 -0.031407 0.015302
v 0.026777 -0.031407 0.015302
v 0.026777 -0.031407 0.015302
v 0.026777 -0.031407 0.015302
v 0.026777 -0.031407 0.015302
v 0.028708 -0.030898 0.015535
v 0.028708 -0.030898 0.015535
v 0.027121 -0.033825 0.019242
v 0.026138 -0.034792 0.020588
v -0.012566 -0.028108 0.035570
v -0.012566 -0.028108 0.035570
v -0.011574 -0.030462 0.037838
v -0.011574 -0.030462 0.037838
v -0.011574 -0.030462 0.037838
v -0.010995 -0.030067 0.035170
v -0.010995 -0.030067 0.035170
v -0.010995 -0.030067 0.035170
v -0.010995 -0.030067 0.035170
v -0.007812 -0.032685 0.034581
v -0.004969 -0.033825 0.032693
v -0.004969 -0.033825 0.032693
v -0.009241 -0.032328 0.037760
v -0.004898 -0.035356 0.037327
v -0.004898 -0.035356 0.037327
v -0.000842 -0.036355 0.032785
v -0.000842 -0.036355 0.032785
v -0.000842 -0.036355 0.032785
v 0.003314 -0.036883 0.029379
v -0.013369 -0.030270 0.044104
v -0.013369 -0.030270 0.044104
v -0.013369 -0.030270 0.044104
v -0.013369 -0.030270 0.044104
v -0.011701 -0.031987 0.044313
v -0.011701 -0.031987 0.044313
v -0.011701 -0.031987 0.044313
v -0.007234 -0.035016 0.041404
v -0.007234 -0.035016 0.041404
v -0.003373 -0.037573 0.040707
v -0.001595 -0.037507 0.038212
v 0.000855 -0.038719 0.038898
v 0.002867 -0.038915 0.035748
v -0.011446 -0.033509 0.050016
v -0.008040 -0.035329 0.045939
v -0.006043 -0.036977 0.047421
v -0.006043 -0.036977 0.047421
v -0.008176 -0.035749 0.049355
v -0.008869 -0.035887 0.053695
v -0.008869 -0.035887 0.053695
v -0.008869 -0.035887 0.053695
v -0.008869 -0.035887 0.053695
v -0.008869 -0.035887 0.053695
v -0.010748 -0.034678 0.056556
v -0.007822 -0.036424 0.051009
v -0.007822 -0.036424 0.051009
v -0.005762 -0.037640 0.050446
v -0.005762 -0.037640 0.050446
v -0.005664 -0.037961 0.052066
v -0.005664 -0.037961 0.052066
v -0.005664 -0.037961 0.052066
v -0.003176 -0.038407 0.044211
v -0.002880 -0.038701 0.046425
v -0.002880 -0.038701 0.046425
v -0.001132 -0.039097 0.043651
v -0.001132 -0.039097 0.043651
v -0.001556 -0.039510 0.048033
v -0.003336 -0.039000 0.048855
v -0.003336 -0.039000 0.048855
v 0.000945 -0.040119 0.043841
v -0.001007 -0.039994 0.053309
v -0.003234 -0.039479 0.053211
v -0.001610 -0.040005 0.055095
v 0.003478 -0.037789 0.031381
v 0.003478 -0.037789 0.031381
v 0.003478 -0.037789 0.031381
v 0.007189 -0.038262 0.029761
v 0.007189 -0.038262 0.029761
v 0.008722 -0.039554 0.032289
v 0.008722 -0.039554 0.032289
v 0.008722 -0.039554 0.032289
v 0.012091 -0.039877 0.032651
v 0.014497 -0.039507 0.029782
v 0.013806 -0.040997 0.034770
v 0.012038 -0.040819 0.035782
v 0.019080 -0.037831 0.025032
v 0.019080 -0.037831 0.025032
v 0.019203 -0.039019 0.028639
v 0.019203 -0.039019 0.028639
v 0.019203 -0.039019 0.028639
v 0.025328 -0.036220 0.022977
v 0.025328 -0.036220 0.022977
v 0.018549 -0.039842 0.030761
v 0.018549 -0.039842 0.030761
v 0.015337 -0.040696 0.033532
v 0.015337 -0.040696 0.033532
v 0.017931 -0.040727 0.033984
v 0.021787 -0.039378 0.030154
v 0.023996 -0.037751 0.026666
v 0.024680 -0.038389 0.028652
v 0.024680 -0.038389 0.028652
v 0.022182 -0.040594 0.034789
v 0.022182 -0.040594 0.034789
v 0.026253 -0.040087 0.035181
v 0.026253 -0.040087 0.035181
v 0.016015 -0.041939 0.039226
v 0.021835 -0.041868 0.039084
v 0.018098 -0.042107 0.039448
v 0.030151 -0.040612 0.042607
v 0.022610 -0.042343 0.042873
v 0.022610 -0.042343 0.042873
v 0.003804 -0.039480 0.037149
v 0.003804 -0.039480 0.037149
v 0.005287 -0.040218 0.037915
v 0.005287 -0.040218 0.037915
v 0.008507 -0.040744 0.037123
v 0.008140 -0.041853 0.042218
v 0.004081 -0.040807 0.042996
v 0.004081 -0.040807 0.042996
v 0.005741 -0.041715 0.045554
v 0.005741 -0.041715 0.045554
v 0.013792 -0.042401 0.041112
v 0.013792 -0.042401 0.041112
v 0.012059 -0.042490 0.043045
v 0.012059 -0.042490 0.043045
v 0.009154 -0.042802 0.046216
v 0.008183 -0.042950 0.049383
v 0.010401 -0.043470 0.050253
v 0.014994 -0.043543 0.047110
v 0.014994 -0.043543 0.047110
v 0.011908 -0.043290 0.048434
v 0.017370 -0.043199 0.045214
v 0.019802 -0.042675 0.042948
v 0.019802 -0.042675 0.042948
v 0.019417 -0.043422 0.046879
v 0.019417 -0.043422 0.046879
v 0.022915 -0.043109 0.048142
v 0.022915 -0.043109 0.048142
v 0.019212 -0.044035 0.052244
v 0.019212 -0.044035 0.052244
v 0.024668 -0.042558 0.046090
v 0.024668 -0.042558 0.046090
v -0.004751 -0.039167 0.063352
v -0.004751 -0.039167 0.063352
v -0.007054 -0.037763 0.064683
v -0.006918 -0.037755 0.067653
v -0.003448 -0.039581 0.058205
v -0.003448 -0.039581 0.058205
v -0.005702 -0.038505 0.059146
v -0.005702 -0.038505 0.059146
v -0.000079 -0.041292 0.057610
v -0.000079 -0.041292 0.057610
v -0.001650 -0.040305 0.057131
v 0.001831 -0.041883 0.055589
v 0.002033 -0.041821 0.054051
v 0.002033 -0.041821 0.054051
v 0.004463 -0.042682 0.056442
v 0.004463 -0.042682 0.056442
v 0.005746 -0.042605 0.052650
v -0.001481 -0.040677 0.062454
v -0.001679 -0.040319 0.064944
v -0.001679 -0.040319 0.064944
v 0.000836 -0.041623 0.063832
v 0.000836 -0.041623 0.063832
v -0.000259 -0.041388 0.059688
v -0.000259 -0.041388 0.059688
v -0.000259 -0.041388 0.059688
v -0.005966 -0.038124 0.074205
v -0.003574 -0.039471 0.069265
v -0.005537 -0.038400 0.077080
v -0.005537 -0.038400 0.077080
v -0.001694 -0.040261 0.074237
v 0.002396 -0.042064 0.072292
v 0.002396 -0.042064 0.072292
v -0.001735 -0.040376 0.077070
v -0.001735 -0.040376 0.077070
v 0.001221 -0.041665 0.076319
v 0.006086 -0.042781 0.066761
v 0.006086 -0.042781 0.066761
v 0.004284 -0.042314 0.061436
v 0.005342 -0.043057 0.074120
v 0.006818 -0.043087 0.072035
v 0.006818 -0.043087 0.072035
v 0.009106 -0.043650 0.071163
v 0.010839 -0.043906 0.065072
v 0.008271 -0.043802 0.072631
v 0.008271 -0.043802 0.072631
v 0.008271 -0.043802 0.072631
v 0.009580 -0.043688 0.052281
v 0.013235 -0.044021 0.054149
v 0.015621 -0.044164 0.052696
v 0.025902 -0.042838 0.052029
v 0.026672 -0.042513 0.049309
v 0.030134 -0.041378 0.048191
v 0.030134 -0.041378 0.048191
v 0.023755 -0.043611 0.053672
v 0.020054 -0.044154 0.056645
v 0.024977 -0.043094 0.057230
v 0.024977 -0.043094 0.057230
v 0.025001 -0.043329 0.054117
v 0.025001 -0.043329 0.054117
v 0.013292 -0.044170 0.062757
v 0.013292 -0.044170 0.062757
v 0.012696 -0.044465 0.060943
v 0.010018 -0.043792 0.061926
v 0.010018 -0.043792 0.061926
v 0.010018 -0.043792 0.061926
v 0.015552 -0.044382 0.065897
v 0.015552 -0.044382 0.065897
v 0.014679 -0.044474 0.060766
v 0.014679 -0.044474 0.060766
v 0.014679 -0.044474 0.060766
v 0.016538 -0.044466 0.062502
v 0.016479 -0.044566 0.058639
v 0.012168 -0.044339 0.072237
v 0.012168 -0.044339 0.072237
v 0.012168 -0.044339 0.072237
v 0.017534 -0.044422 0.070599
v 0.014475 -0.044512 0.072639
v 0.014475 -0.044512 0.072639
v 0.022061 -0.043837 0.063627
v 0.027042 -0.042197 0.057060
v 0.027042 -0.042197 0.057060
v 0.031374 -0.040552 0.054656
v 0.027684 -0.041835 0.052993
v 0.027684 -0.041835 0.052993
v 0.020890 -0.044191 0.073712
v 0.020890 -0.044191 0.073712
v 0.024745 -0.043408 0.072146
v 0.024745 -0.043408 0.072146
v 0.027183 -0.042512 0.069760
v 0.030902 -0.032975 0.020288
v 0.024923 -0.035451 0.020967
v 0.029087 -0.035539 0.024128
v 0.029087 -0.035539 0.024128
v 0.029087 -0.035539 0.024128
v 0.027574 -0.037070 0.027124
v 0.027574 -0.037070 0.027124
v 0.030720 -0.034897 0.024271
v 0.033045 -0.031879 0.020487
v 0.033045 -0.031879 0.020487
v 0.033045 -0.031879 0.020487
v 0.032033 -0.033571 0.022691
v 0.032033 -0.033571 0.022691
v 0.032033 -0.033571 0.022691
v 0.030653 -0.036568 0.028418
v 0.032530 -0.034203 0.024090
v 0.032530 -0.034203 0.024090
v 0.035209 -0.033267 0.025638
v 0.035209 -0.033267 0.025638
v 0.033183 -0.034767 0.026483
v 0.033183 -0.034767 0.026483
v 0.027344 -0.038566 0.031504
v 0.027344 -0.038566 0.031504
v 0.029669 -0.037831 0.031354
v 0.029669 -0.037831 0.031354
v 0.036397 -0.034246 0.029673
v 0.036397 -0.034246 0.029673
v 0.038591 -0.033523 0.031342
v 0.035333 -0.035649 0.032059
v 0.039005 -0.034228 0.033911
v 0.039005 -0.034228 0.033911
v 0.040914 -0.033175 0.035582
v 0.040914 -0.033175 0.035582
v 0.038857 -0.035058 0.036850
v 0.038857 -0.035058 0.036850
v 0.035821 -0.037398 0.038235
v 0.035821 -0.037398 0.038235
v 0.038148 -0.036743 0.040642
v 0.038148 -0.036743 0.040642
v 0.038148 -0.036743 0.040642
v 0.028282 -0.039323 0.033906
v 0.028282 -0.039323 0.033906
v 0.030626 -0.038761 0.034652
v 0.032065 -0.037882 0.034616
v 0.030948 -0.039262 0.037270
v 0.030948 -0.039262 0.037270
v 0.032243 -0.038825 0.038820
v 0.041156 -0.034050 0.039070
v 0.041156 -0.034050 0.039070
v 0.043139 -0.032913 0.039991
v 0.043139 -0.032913 0.039991
v 0.043139 -0.032913 0.039991
v 0.042911 -0.033979 0.044149
v 0.042911 -0.033979 0.044149
v 0.042911 -0.033979 0.044149
v 0.041126 -0.035891 0.045741
v 0.030558 -0.040981 0.045303
v 0.031949 -0.039856 0.043795
v 0.032803 -0.039813 0.046125
v 0.032803 -0.039813 0.046125
v 0.038199 -0.037084 0.042516
v 0.038199 -0.037084 0.042516
v 0.031822 -0.040257 0.049015
v 0.027936 -0.042173 0.050510
v 0.033180 -0.039726 0.049588
v 0.035618 -0.039003 0.048121
v 0.038885 -0.037001 0.044915
v 0.038885 -0.037001 0.044915
v 0.046814 -0.029446 0.040105
v 0.045802 -0.030761 0.041806
v 0.045802 -0.030761 0.041806
v 0.047734 -0.029329 0.042785
v 0.047734 -0.029329 0.042785
v 0.048597 -0.029351 0.047387
v 0.048597 -0.029351 0.047387
v 0.045313 -0.032879 0.047951
v 0.036585 -0.038741 0.054680
v 0.037603 -0.038244 0.049563
v 0.032798 -0.040754 0.068994
v 0.039380 -0.037866 0.053511
v 0.039380 -0.037866 0.053511
v 0.039380 -0.037866 0.053511
v 0.038557 -0.038089 0.057244
v 0.038557 -0.038089 0.057244
v 0.043651 -0.034630 0.060002
v 0.044385 -0.034256 0.057140
v 0.044385 -0.034256 0.057140
v 0.044385 -0.034256 0.057140
v 0.041981 -0.036237 0.056802
v 0.046750 -0.031140 0.047994
v 0.046750 -0.031140 0.047994
v 0.001022 -0.040857 0.047637
v 0.000700 -0.040967 0.050494
v 0.000700 -0.040967 0.050494
v 0.003409 -0.042031 0.051048
v -0.010067 -0.035529 0.060821
v 0.002273 -0.042061 0.058511
v 0.002273 -0.042061 0.058511
v 0.007589 -0.043324 0.059168
v 0.007589 -0.043324 0.059168
v 0.007221 -0.042968 0.060865
v 0.007221 -0.042968 0.060865
v 0.009478 -0.043853 0.055947
v 0.011543 -0.044360 0.058820
v 0.009072 -0.043756 0.059678
v 0.009072 -0.043756 0.059678
v 0.034034 -0.037635 0.036172
v 0.035347 -0.038327 0.042258
v 0.039760 -0.037350 0.049551
v 0.043244 -0.034654 0.050435
v 0.041099 -0.036674 0.051332
v 0.041099 -0.036674 0.051332
v 0.045775 -0.033099 0.052453
v 0.046189 -0.033041 0.057138
v 0.046189 -0.033041 0.057138
v 0.047810 -0.031018 0.054296
v 0.046104 -0.033127 0.059760
v 0.046104 -0.033127 0.059760
v 0.040612 -0.037025 0.063369
v 0.040612 -0.037025 0.063369
v 0.040612 -0.037025 0.063369
v 0.048959 -0.029809 0.052650
v 0.051329 -0.026826 0.054341
v 0.054567 -0.022191 0.059747
v 0.054567 -0.022191 0.059747
v -0.024327 0.022817 0.100769
v -0.024726 0.021961 0.108351
v -0.021710 0.026571 0.105274
v -0.021710 0.026571 0.105274
v -0.021714 0.026321 0.111461
v -0.021714 0.026321 0.111461
v -0.018564 0.030093 0.112071
v -0.018564 0.030093 0.112071
v -0.016248 0.032163 0.113664
v -0.016248 0.032163 0.113664
v -0.016226 0.032563 0.110904
v -0.017369 0.030688 0.114053
v -0.017369 0.030688 0.114053
v -0.018800 0.029332 0.113831
v -0.020483 0.027644 0.113078
v -0.021740 0.025618 0.113924
v -0.023391 0.023283 0.113929
v -0.019557 0.028044 0.114205
v -0.019557 0.028044 0.114205
v -0.020426 0.027207 0.114045
v -0.019393 0.026959 0.114500
v -0.018602 0.029061 0.114273
v -0.018602 0.029061 0.114273
v -0.018124 0.028588 0.114477
v -0.018124 0.028588 0.114477
v -0.017679 0.027782 0.114174
v -0.017679 0.027782 0.114174
v -0.017679 0.027782 0.114174
v -0.020857 0.025808 0.114470
v -0.020857 0.025808 0.114470
v -0.019715 0.025437 0.114223
v -0.019715 0.025437 0.114223
v -0.019715 0.025437 0.114223
v -0.021365 0.022472 0.113945
v -0.019217 0.024636 0.113417
v -0.019217 0.024636 0.113417
v -0.021080 0.024506 0.114409
v 0.007221 0.044001 0.060105
v 0.009426 0.044745 0.057730
v 0.008516 0.044615 0.058111
v 0.008516 0.044615 0.058111
v 0.009184 0.044891 0.058645
v 0.009184 0.044891 0.058645
v 0.009249 0.044445 0.060640
v 0.010871 0.044356 0.056560
v 0.012112 0.044489 0.057748
v 0.011218 0.044603 0.060189
v 0.006345 0.043854 0.061566
v 0.006345 0.043854 0.061566
v 0.010666 0.044638 0.062090
v 0.010666 0.044638 0.062090
v 0.007179 0.044244 0.064022
v 0.007261 0.044350 0.066597
v 0.007261 0.044350 0.066597
v 0.007261 0.044350 0.066597
v 0.010139 0.044728 0.064308
v 0.012675 0.045576 0.064381
v 0.013082 0.045545 0.063786
v 0.013209 0.044845 0.061412
v 0.013209 0.044845 0.061412
v 0.011394 0.045043 0.066484
v 0.011394 0.045043 0.066484
v 0.015045 0.044368 0.053895
v 0.012251 0.044273 0.055215
v 0.012251 0.044273 0.055215
v 0.017043 0.044485 0.055605
v 0.017043 0.044485 0.055605
v 0.017505 0.044201 0.053227
v 0.015613 0.044664 0.056728
v 0.015613 0.044664 0.056728
v 0.014262 0.044753 0.059022
v 0.015859 0.045085 0.058555
v 0.019267 0.044336 0.054133
v 0.020255 0.044499 0.052010
v 0.020255 0.044499 0.052010
v 0.021135 0.044476 0.051879
v 0.021135 0.044476 0.051879
v 0.020529 0.044573 0.052674
v 0.020529 0.044573 0.052674
v 0.019177 0.044517 0.056112
v 0.021514 0.044180 0.054814
v 0.017513 0.045356 0.057732
v 0.017697 0.045406 0.058734
v 0.015804 0.044974 0.060265
v 0.015804 0.044974 0.060265
v 0.017968 0.045013 0.060609
v 0.017968 0.045013 0.060609
v 0.017968 0.045013 0.060609
v 0.014963 0.044993 0.062006
v 0.015675 0.045196 0.064035
v 0.015675 0.045196 0.064035
v 0.019453 0.044921 0.062062
v 0.019453 0.044921 0.062062
v 0.021459 0.044358 0.057183
v 0.019829 0.044755 0.058485
v 0.019829 0.044755 0.058485
v 0.020377 0.044661 0.059929
v 0.020377 0.044661 0.059929
v 0.022088 0.044693 0.061637
v 0.022871 0.044354 0.057872
v 0.022871 0.044354 0.057872
v 0.023020 0.044489 0.059828
v 0.023020 0.044489 0.059828
v 0.024795 0.044222 0.061238
v 0.008739 0.044795 0.067637
v 0.010604 0.045090 0.067877
v 0.010604 0.045090 0.067877
v 0.014844 0.045345 0.065252
v 0.013870 0.045234 0.066860
v 0.013870 0.045234 0.066860
v 0.011439 0.045300 0.070304
v 0.009681 0.045446 0.070254
v 0.009681 0.045446 0.070254
v 0.014321 0.045444 0.069811
v 0.011457 0.045371 0.073438
v 0.015342 0.045595 0.071783
v 0.014249 0.045678 0.073711
v 0.016730 0.045660 0.072477
v 0.012970 0.046144 0.075534
v 0.015949 0.045740 0.076062
v 0.015949 0.045740 0.076062
v 0.019798 0.045607 0.073832
v 0.015662 0.045394 0.067613
v 0.015662 0.045394 0.067613
v 0.018526 0.045175 0.064306
v 0.019041 0.045272 0.066428
v 0.019041 0.045272 0.066428
v 0.017240 0.046078 0.069648
v 0.017655 0.045507 0.067767
v 0.019975 0.045320 0.068441
v 0.019975 0.045320 0.068441
v 0.021350 0.045586 0.064377
v 0.021350 0.045586 0.064377
v 0.024081 0.044592 0.063611
v 0.024081 0.044592 0.063611
v 0.023979 0.044696 0.066352
v 0.023979 0.044696 0.066352
v 0.021251 0.045182 0.066837
v 0.017981 0.045994 0.069962
v 0.016968 0.046050 0.070675
v 0.018784 0.045616 0.071985
v 0.018784 0.045616 0.071985
v 0.020463 0.045342 0.070124
v 0.020463 0.045342 0.070124
v 0.022283 0.045338 0.073201
v 0.023390 0.045034 0.069665
v 0.023390 0.045034 0.069665
v 0.023390 0.045034 0.069665
v 0.023390 0.045034 0.069665
v 0.025421 0.044662 0.068005
v 0.025421 0.044662 0.068005
v 0.024556 0.045035 0.072333
v 0.024556 0.045035 0.072333
v 0.023810 0.045182 0.074012
v 0.023810 0.045182 0.074012
v 0.025993 0.045088 0.069733
v 0.025993 0.045088 0.069733
v 0.025993 0.045088 0.069733
v 0.025490 0.045197 0.070811
v 0.025490 0.045197 0.070811
v 0.026490 0.045090 0.070460
v 0.019065 0.045700 0.076500
v 0.019065 0.045700 0.076500
v 0.021736 0.046006 0.075188
v 0.021463 0.046069 0.075834
v 0.021463 0.046069 0.075834
v 0.018609 0.045798 0.079550
v 0.021142 0.045661 0.078171
v 0.022404 0.045916 0.075791
v 0.024012 0.045233 0.077190
v 0.024012 0.045233 0.077190
v 0.025079 0.044912 0.074541
v 0.025079 0.044912 0.074541
v 0.025079 0.044912 0.074541
v 0.027072 0.044529 0.072421
v 0.028458 0.044108 0.072114
v 0.028458 0.044108 0.072114
v 0.027097 0.044572 0.076485
v 0.027097 0.044572 0.076485
v 0.025885 0.044907 0.078945
v 0.028226 0.044318 0.074513
v 0.023723 0.045313 0.080256
v 0.023723 0.045313 0.080256
v 0.020216 0.045733 0.081361
v 0.020216 0.045733 0.081361
v 0.019288 0.045861 0.083694
v 0.023363 0.045375 0.082678
v 0.023363 0.045375 0.082678
v 0.023363 0.045375 0.082678
v 0.028803 0.044272 0.078767
v 0.028803 0.044272 0.078767
v 0.027821 0.044644 0.080178
v 0.025918 0.045411 0.081650
v 0.025918 0.045411 0.081650
v 0.026598 0.045328 0.081572
v 0.026598 0.045328 0.081572
v 0.025200 0.045192 0.083636
v 0.025200 0.045192 0.083636
v 0.025200 0.045192 0.083636
v 0.031759 0.043383 0.080718
v 0.031759 0.043383 0.080718
v 0.029425 0.044123 0.082882
v 0.024594 0.045228 0.085864
v 0.027423 0.044755 0.083402
v 0.027423 0.044755 0.083402
v 0.028497 0.044365 0.085627
v 0.031145 0.043683 0.085078
v 0.031145 0.043683 0.085078
v 0.031145 0.043683 0.085078
v 0.030624 0.044397 0.087945
v 0.030624 0.044397 0.087945
v 0.030624 0.044397 0.087945
v -0.015684 0.032843 0.068062
v -0.015684 0.032843 0.068062
v -0.017368 0.031249 0.069160
v -0.017027 0.031919 0.071543
v -0.017027 0.031919 0.071543
v -0.016155 0.033207 0.070933
v -0.016155 0.033207 0.070933
v -0.015571 0.033722 0.070529
v -0.013916 0.034613 0.072501
v -0.013916 0.034613 0.072501
v -0.016869 0.032121 0.073919
v -0.015686 0.033192 0.073169
v -0.012119 0.036243 0.073713
v -0.012119 0.036243 0.073713
v -0.013947 0.034769 0.075336
v -0.013947 0.034769 0.075336
v -0.012352 0.036746 0.075774
v -0.012352 0.036746 0.075774
v -0.016027 0.032991 0.076785
v -0.016027 0.032991 0.076785
v -0.013808 0.034963 0.077449
v -0.013808 0.034963 0.077449
v -0.013808 0.034963 0.077449
v -0.001195 0.041686 0.063271
v -0.002665 0.041109 0.062106
v -0.002665 0.041109 0.062106
v -0.001285 0.041861 0.067865
v -0.001285 0.041861 0.067865
v -0.001870 0.041580 0.065586
v -0.001870 0.041580 0.065586
v -0.006080 0.039519 0.065145
v -0.006080 0.039519 0.065145
v -0.006080 0.039519 0.065145
v -0.005497 0.039754 0.062821
v -0.004034 0.040330 0.061512
v -0.004034 0.040330 0.061512
v -0.003575 0.041301 0.063649
v -0.003575 0.041301 0.063649
v -0.004241 0.040896 0.063477
v -0.003857 0.041139 0.064263
v -0.003857 0.041139 0.064263
v -0.004153 0.040625 0.066026
v -0.004153 0.040625 0.066026
v -0.004153 0.040625 0.066026
v -0.005703 0.039803 0.067270
v -0.005703 0.039803 0.067270
v -0.005703 0.039803 0.067270
v -0.005703 0.039803 0.067270
v -0.007672 0.039514 0.070639
v -0.005466 0.040074 0.068984
v -0.005466 0.040074 0.068984
v -0.008122 0.039294 0.070387
v -0.005988 0.039999 0.071861
v -0.005988 0.039999 0.071861
v -0.005988 0.039999 0.071861
v 0.000988 0.043382 0.069892
v 0.000988 0.043382 0.069892
v 0.000535 0.042526 0.067277
v 0.000535 0.042526 0.067277
v 0.000535 0.042526 0.067277
v -0.007398 0.039048 0.068222
v -0.007398 0.039048 0.068222
v -0.007398 0.039048 0.068222
v -0.004562 0.040635 0.072380
v -0.004562 0.040635 0.072380
v -0.002161 0.041650 0.070008
v -0.002161 0.041650 0.070008
v -0.000161 0.042974 0.070081
v -0.012388 0.035579 0.066354
v -0.010157 0.037103 0.066222
v -0.011659 0.036528 0.064723
v -0.008985 0.037920 0.067502
v -0.008985 0.037920 0.067502
v -0.011947 0.035932 0.068637
v -0.013470 0.034893 0.070549
v -0.009337 0.037891 0.068990
v -0.009337 0.037891 0.068990
v -0.010594 0.037107 0.071929
v -0.010343 0.037588 0.074703
v -0.009183 0.038188 0.074979
v -0.009183 0.038188 0.074979
v -0.008331 0.038699 0.072985
v -0.012322 0.036203 0.078714
v -0.015044 0.033991 0.079653
v -0.013435 0.035403 0.081024
v -0.013282 0.035527 0.083663
v -0.013282 0.035527 0.083663
v -0.015372 0.034462 0.082511
v -0.015372 0.034462 0.082511
v -0.009934 0.037904 0.081638
v -0.009934 0.037904 0.081638
v -0.011689 0.036716 0.085422
v -0.011689 0.036716 0.085422
v -0.009668 0.038091 0.084407
v -0.009866 0.038101 0.086831
v -0.009866 0.038101 0.086831
v -0.008340 0.038933 0.085429
v -0.008340 0.038933 0.085429
v -0.008340 0.038933 0.085429
v -0.008340 0.038933 0.085429
v -0.004159 0.041616 0.075521
v -0.004159 0.041616 0.075521
v -0.004027 0.041193 0.078175
v -0.003553 0.041847 0.075696
v 0.000614 0.043335 0.070743
v 0.000614 0.043335 0.070743
v 0.002372 0.043512 0.070870
v 0.003703 0.043724 0.071340
v 0.003703 0.043724 0.071340
v 0.001319 0.043145 0.072538
v 0.001319 0.043145 0.072538
v -0.002113 0.041847 0.073354
v -0.002113 0.041847 0.073354
v -0.001154 0.042234 0.071987
v -0.001154 0.042234 0.071987
v -0.000722 0.042408 0.074433
v -0.004372 0.040993 0.073820
v -0.004372 0.040993 0.073820
v -0.001321 0.042276 0.077459
v -0.001321 0.042276 0.077459
v 0.003081 0.043700 0.073842
v 0.002174 0.043484 0.075399
v 0.002653 0.043728 0.077766
v 0.002653 0.043728 0.077766
v 0.002653 0.043728 0.077766
v -0.002234 0.042045 0.081729
v 0.000033 0.042942 0.079880
v 0.000033 0.042942 0.079880
v 0.000033 0.042942 0.079880
v 0.004405 0.044651 0.075370
v -0.000179 0.043326 0.082069
v -0.000179 0.043326 0.082069
v 0.000570 0.043705 0.082339
v 0.000570 0.043705 0.082339
v 0.002008 0.043654 0.080471
v 0.002008 0.043654 0.080471
v 0.002954 0.043881 0.080676
v -0.011535 0.037246 0.076175
v -0.011535 0.037246 0.076175
v -0.010147 0.037730 0.077696
v -0.010147 0.037730 0.077696
v -0.006149 0.039939 0.074570
v -0.006149 0.039939 0.074570
v -0.006149 0.039939 0.074570
v -0.008281 0.038931 0.079838
v -0.008281 0.038931 0.079838
v -0.008281 0.038931 0.079838
v -0.006045 0.040119 0.077132
v -0.006045 0.040119 0.077132
v -0.005753 0.040353 0.080174
v -0.007940 0.039755 0.082498
v -0.004795 0.040851 0.083050
v -0.005800 0.040378 0.084640
v -0.005800 0.040378 0.084640
v -0.021666 0.027403 0.071373
v -0.019807 0.028862 0.072738
v -0.019807 0.028862 0.072738
v -0.019807 0.028862 0.072738
v -0.017772 0.030997 0.071928
v -0.018990 0.029941 0.073955
v -0.018990 0.029941 0.073955
v -0.022344 0.025774 0.072696
v -0.022344 0.025774 0.072696
v -0.021661 0.026655 0.073835
v -0.022528 0.025562 0.073690
v -0.023847 0.024509 0.075741
v -0.023847 0.024509 0.075741
v -0.022259 0.026108 0.075775
v -0.022259 0.026108 0.075775
v -0.020929 0.027942 0.079756
v -0.020929 0.027942 0.079756
v -0.022721 0.025388 0.080655
v -0.022721 0.025388 0.080655
v -0.021852 0.027417 0.082366
v -0.020573 0.028049 0.075836
v -0.018677 0.031131 0.076015
v -0.018677 0.031131 0.076015
v -0.019707 0.029263 0.078021
v -0.019707 0.029263 0.078021
v -0.017116 0.032002 0.078421
v -0.018669 0.030450 0.078713
v -0.018669 0.030450 0.078713
v -0.018669 0.030450 0.078713
v -0.022692 0.025437 0.078128
v -0.022692 0.025437 0.078128
v -0.026256 0.019587 0.079713
v -0.026256 0.019587 0.079713
v -0.025086 0.021516 0.076111
v -0.026620 0.018782 0.076397
v -0.026620 0.018782 0.076397
v -0.027983 0.016834 0.076142
v -0.027779 0.017068 0.075329
v -0.027779 0.017068 0.075329
v -0.028167 0.015352 0.078458
v -0.028651 0.014052 0.076844
v -0.027238 0.017596 0.077898
v -0.024396 0.022786 0.078344
v -0.024273 0.023040 0.081636
v -0.024273 0.023040 0.081636
v -0.025301 0.021462 0.080153
v -0.025301 0.021462 0.080153
v -0.026221 0.020810 0.082477
v -0.026221 0.020810 0.082477
v -0.024556 0.022669 0.083371
v -0.024556 0.022669 0.083371
v -0.027098 0.018027 0.081832
v -0.028529 0.014423 0.080362
v -0.025551 0.020987 0.085065
v -0.025551 0.020987 0.085065
v -0.026740 0.018731 0.084523
v -0.026740 0.018731 0.084523
v -0.028281 0.015119 0.083357
v -0.027736 0.016480 0.085922
v -0.027736 0.016480 0.085922
v -0.026900 0.018421 0.086316
v -0.021448 0.028074 0.082417
v -0.021448 0.028074 0.082417
v -0.019237 0.029858 0.081353
v -0.019237 0.029858 0.081353
v -0.022363 0.026088 0.084107
v -0.020734 0.028280 0.084364
v -0.019695 0.029397 0.084160
v -0.019795 0.029214 0.086493
v -0.019795 0.029214 0.086493
v -0.019795 0.029214 0.086493
v -0.018345 0.030894 0.085299
v -0.018345 0.030894 0.085299
v -0.016273 0.032909 0.080350
v -0.017280 0.031932 0.082423
v -0.015859 0.033953 0.082519
v -0.016089 0.033260 0.084428
v -0.016089 0.033260 0.084428
v -0.018335 0.031685 0.088142
v -0.018335 0.031685 0.088142
v -0.018601 0.031425 0.087756
v -0.018601 0.031425 0.087756
v -0.019794 0.029284 0.089421
v -0.019794 0.029284 0.089421
v -0.021757 0.026847 0.088199
v -0.018362 0.030796 0.090756
v -0.017155 0.032033 0.090516
v -0.017155 0.032033 0.090516
v -0.015842 0.033365 0.088242
v -0.015842 0.033365 0.088242
v -0.019256 0.029839 0.092417
v -0.020641 0.028294 0.091978
v -0.014480 0.034498 0.085103
v -0.016450 0.032771 0.085727
v -0.016450 0.032771 0.085727
v -0.016450 0.032771 0.085727
v -0.013300 0.035539 0.087365
v -0.013300 0.035539 0.087365
v -0.013300 0.035539 0.087365
v -0.013112 0.035661 0.090249
v -0.013112 0.035661 0.090249
v -0.013112 0.035661 0.090249
v -0.013112 0.035661 0.090249
v -0.022569 0.025752 0.085703
v -0.023952 0.023577 0.085605
v -0.023748 0.024794 0.088030
v -0.023748 0.024794 0.088030
v -0.024933 0.021977 0.087359
v -0.026057 0.019911 0.088923
v -0.026057 0.019911 0.088923
v -0.027946 0.017073 0.088439
v -0.027946 0.017073 0.088439
v -0.024173 0.023538 0.089354
v -0.024173 0.023538 0.089354
v -0.026581 0.018928 0.092729
v -0.026795 0.018564 0.090163
v -0.022688 0.025473 0.090427
v -0.024498 0.022599 0.091955
v -0.024498 0.022599 0.091955
v -0.024498 0.022599 0.091955
v -0.024089 0.023321 0.094652
v -0.024089 0.023321 0.094652
v -0.021914 0.026639 0.092725
v -0.025660 0.020768 0.092023
v -0.027496 0.016907 0.091101
v -0.025856 0.021389 0.094518
v -0.026210 0.020801 0.094615
v -0.026210 0.020801 0.094615
v 0.000687 0.042163 0.061034
v 0.000687 0.042163 0.061034
v 0.000687 0.042163 0.061034
v 0.002869 0.042851 0.059934
v 0.002869 0.042851 0.059934
v 0.004655 0.043379 0.061099
v 0.001807 0.042797 0.064698
v 0.002627 0.042942 0.062374
v 0.004182 0.044059 0.063960
v 0.003106 0.043341 0.066769
v 0.003106 0.043341 0.066769
v 0.004829 0.044230 0.063785
v 0.004659 0.044171 0.064700
v 0.006225 0.044180 0.065592
v 0.006225 0.044180 0.065592
v 0.002729 0.043360 0.068411
v 0.002729 0.043360 0.068411
v 0.005350 0.043956 0.066418
v 0.005518 0.044132 0.069881
v 0.005518 0.044132 0.069881
v 0.005518 0.044132 0.069881
v 0.007172 0.044674 0.069124
v 0.007172 0.044674 0.069124
v 0.007172 0.044674 0.069124
v 0.004781 0.044181 0.073270
v 0.007512 0.044779 0.071747
v 0.008781 0.045471 0.069970
v 0.008781 0.045471 0.069970
v 0.010090 0.045197 0.072073
v 0.010090 0.045197 0.072073
v 0.007402 0.044778 0.073965
v 0.007402 0.044778 0.073965
v 0.004904 0.044837 0.075909
v 0.004904 0.044837 0.075909
v 0.004999 0.044377 0.078502
v 0.006559 0.044775 0.077432
v 0.006559 0.044775 0.077432
v 0.008388 0.045106 0.079596
v 0.010416 0.045367 0.075497
v 0.011336 0.045559 0.078047
v 0.012860 0.046174 0.076174
v -0.011662 0.037452 0.088431
v -0.011662 0.037452 0.088431
v -0.008869 0.038668 0.089232
v -0.010962 0.037194 0.091211
v -0.010962 0.037194 0.091211
v -0.006382 0.040104 0.088341
v -0.006382 0.040104 0.088341
v -0.006636 0.039987 0.091811
v -0.006636 0.039987 0.091811
v -0.005682 0.040499 0.090485
v -0.005682 0.040499 0.090485
v -0.008649 0.038759 0.092256
v -0.008649 0.038759 0.092256
v -0.008649 0.038759 0.092256
v -0.008649 0.038759 0.092256
v -0.009567 0.038173 0.093579
v -0.007441 0.040060 0.093838
v -0.007441 0.040060 0.093838
v -0.007441 0.040060 0.093838
v -0.008061 0.039755 0.094606
v -0.008061 0.039755 0.094606
v -0.005033 0.040828 0.093321
v -0.005033 0.040828 0.093321
v -0.007322 0.040187 0.094738
v -0.005220 0.040734 0.095716
v -0.005220 0.040734 0.095716
v -0.005220 0.040734 0.095716
v -0.009204 0.038438 0.095971
v -0.009204 0.038438 0.095971
v -0.007466 0.039581 0.096548
v -0.001048 0.042579 0.084574
v -0.001048 0.042579 0.084574
v 0.000804 0.043295 0.084697
v 0.002782 0.043900 0.083493
v 0.002782 0.043900 0.083493
v 0.003835 0.044189 0.085445
v 0.003835 0.044189 0.085445
v 0.003835 0.044189 0.085445
v 0.006332 0.044773 0.081683
v 0.006332 0.044773 0.081683
v 0.002056 0.043677 0.087664
v 0.002056 0.043677 0.087664
v 0.006809 0.044911 0.085353
v 0.006809 0.044911 0.085353
v 0.005100 0.045123 0.088172
v 0.005100 0.045123 0.088172
v 0.007542 0.045127 0.087423
v 0.003261 0.044088 0.090268
v 0.004797 0.044548 0.090358
v 0.004797 0.044548 0.090358
v 0.003399 0.044157 0.092965
v 0.000575 0.043181 0.090567
v 0.000575 0.043181 0.090567
v 0.006970 0.045006 0.089785
v -0.004943 0.040900 0.086758
v -0.002912 0.041911 0.086606
v -0.004172 0.041770 0.088804
v -0.003476 0.042088 0.088710
v -0.001300 0.042526 0.088438
v -0.003462 0.041560 0.091404
v -0.001542 0.042395 0.090182
v -0.001542 0.042395 0.090182
v -0.001384 0.042481 0.093867
v 0.000164 0.043155 0.092517
v 0.000164 0.043155 0.092517
v 0.001312 0.043596 0.092428
v 0.001312 0.043596 0.092428
v -0.007034 0.039742 0.097929
v -0.007034 0.039742 0.097929
v -0.007953 0.039113 0.104805
v -0.003904 0.041340 0.102873
v -0.004456 0.040895 0.111702
v -0.004456 0.040895 0.111702
v 0.007270 0.045031 0.093009
v 0.007270 0.045031 0.093009
v 0.006571 0.044941 0.095316
v 0.009072 0.045969 0.094802
v 0.009072 0.045969 0.094802
v 0.009008 0.045557 0.096734
v 0.008479 0.045344 0.098234
v 0.008479 0.045344 0.098234
v 0.009661 0.046039 0.094964
v 0.011392 0.045779 0.096407
v -0.000412 0.042867 0.096765
v 0.000741 0.043850 0.094205
v 0.000741 0.043850 0.094205
v 0.001175 0.043996 0.094420
v 0.000983 0.043422 0.096932
v 0.003130 0.044098 0.096062
v 0.003130 0.044098 0.096062
v 0.001094 0.036453 0.097162
v 0.001094 0.036453 0.097162
v 0.001094 0.036453 0.097162
v 0.001978 0.037428 0.102800
v 0.001978 0.037428 0.102800
v -0.000822 0.035605 0.097133
v -0.000822 0.035605 0.097133
v 0.002731 0.043906 0.105474
v -0.000412 0.042785 0.107117
v 0.006529 0.044918 0.107024
v 0.004192 0.037661 0.098544
v -0.002289 0.035161 0.099850
v -0.002289 0.035161 0.099850
v 0.004917 0.038701 0.104402
v 0.007268 0.038534 0.098964
v 0.008183 0.039207 0.102733
v 0.008183 0.039207 0.102733
v -0.015396 0.034537 0.094475
v -0.014266 0.034742 0.092047
v -0.014266 0.034742 0.092047
v -0.014266 0.034742 0.092047
v -0.015650 0.033539 0.092252
v -0.015650 0.033539 0.092252
v -0.016888 0.032282 0.093305
v -0.016888 0.032282 0.093305
v -0.019090 0.030063 0.095163
v -0.020784 0.028884 0.094272
v -0.020784 0.028884 0.094272
v -0.016907 0.032224 0.095692
v -0.016907 0.032224 0.095692
v -0.016907 0.032224 0.095692
v -0.015413 0.033698 0.097015
v -0.015413 0.033698 0.097015
v -0.018718 0.030274 0.100605
v -0.018718 0.030274 0.100605
v -0.012551 0.036058 0.093854
v -0.013177 0.035543 0.096058
v -0.013177 0.035543 0.096058
v -0.011321 0.036858 0.104086
v -0.011321 0.036858 0.104086
v -0.011321 0.036858 0.104086
v -0.015030 0.033881 0.104348
v -0.010378 0.029381 0.095113
v -0.013679 0.026170 0.096743
v -0.013679 0.026170 0.096743
v -0.010755 0.029104 0.092599
v -0.010755 0.029104 0.092599
v -0.011273 0.028840 0.099311
v -0.011273 0.028840 0.099311
v -0.008018 0.031279 0.097080
v -0.021287 0.028362 0.094456
v -0.021287 0.028362 0.094456
v -0.022243 0.026083 0.095404
v -0.020336 0.028513 0.096981
v -0.021431 0.027133 0.096960
v -0.025070 0.021699 0.096985
v -0.026549 0.018929 0.096908
v -0.026549 0.018929 0.096908
v -0.017364 0.021546 0.096354
v -0.017364 0.021546 0.096354
v -0.015572 0.023908 0.093916
v -0.015780 0.023793 0.097608
v -0.019233 0.018589 0.095964
v -0.019233 0.018589 0.095964
v -0.016575 0.023285 0.100748
v -0.016575 0.023285 0.100748
v -0.016575 0.023285 0.100748
v -0.020493 0.016650 0.098644
v -0.019254 0.019295 0.100565
v -0.019254 0.019295 0.100565
v -0.019254 0.019295 0.100565
v -0.017730 0.022916 0.105104
v -0.017730 0.022916 0.105104
v -0.020035 0.019301 0.104893
v -0.020035 0.019301 0.104893
v -0.020035 0.019301 0.104893
v -0.020035 0.019301 0.104893
v -0.013895 0.026627 0.101692
v -0.004480 0.033577 0.094880
v -0.004480 0.033577 0.094880
v -0.004480 0.033577 0.094880
v -0.005934 0.032800 0.097627
v -0.005934 0.032800 0.097627
v -0.005934 0.032800 0.097627
v -0.007955 0.031965 0.101794
v -0.007955 0.031965 0.101794
v -0.012213 0.028914 0.104288
v -0.012213 0.028914 0.104288
v -0.012213 0.028914 0.104288
v -0.010475 0.031267 0.107535
v -0.007466 0.033155 0.105985
v -0.007466 0.033155 0.105985
v -0.004355 0.034436 0.102643
v -0.004355 0.034436 0.102643
v -0.004355 0.034436 0.102643
v -0.012819 0.035393 0.113031
v -0.009076 0.033124 0.110457
v -0.009076 0.033124 0.110457
v -0.012327 0.030541 0.110541
v -0.012327 0.030541 0.110541
v -0.004029 0.036122 0.109466
v -0.004029 0.036122 0.109466
v -0.017289 0.025348 0.110626
v -0.015205 0.026006 0.104965
v -0.015205 0.026006 0.104965
v -0.018768 0.023110 0.109762
v -0.018768 0.023110 0.109762
v -0.018768 0.023110 0.109762
v -0.015427 0.027428 0.110399
v -0.013567 0.030083 0.112209
v -0.019921 0.022397 0.111897
v -0.019921 0.022397 0.111897
v -0.018076 0.025709 0.113021
v -0.018076 0.025709 0.113021
v -0.016403 0.027250 0.112440
v -0.016478 0.028025 0.113497
v -0.000923 0.036702 0.105081
v -0.000923 0.036702 0.105081
v -0.000923 0.036702 0.105081
v 0.010720 0.045540 0.080131
v 0.008828 0.045752 0.082004
v 0.007071 0.045030 0.083064
v 0.007071 0.045030 0.083064
v 0.009267 0.045878 0.082463
v 0.009267 0.045878 0.082463
v 0.008663 0.045355 0.084414
v 0.012139 0.045694 0.082213
v 0.013870 0.045766 0.078293
v 0.014622 0.045803 0.080969
v 0.014622 0.045803 0.080969
v 0.016284 0.045846 0.079899
v 0.010717 0.045587 0.084151
v 0.010835 0.045544 0.086404
v 0.010835 0.045544 0.086404
v 0.012484 0.045711 0.085253
v 0.012484 0.045711 0.085253
v 0.012484 0.045711 0.085253
v 0.013349 0.046287 0.087966
v 0.010922 0.045613 0.089138
v 0.010922 0.045613 0.089138
v 0.014962 0.045870 0.084121
v 0.014962 0.045870 0.084121
v 0.017388 0.046410 0.082220
v 0.017388 0.046410 0.082220
v 0.014457 0.045954 0.086058
v 0.016497 0.045921 0.087638
v 0.017324 0.045897 0.084930
v 0.017324 0.045897 0.084930
v 0.020140 0.045768 0.085938
v 0.020140 0.045768 0.085938
v 0.022167 0.045586 0.085207
v 0.012507 0.045806 0.090596
v 0.013846 0.046330 0.088422
v 0.013846 0.046330 0.088422
v 0.015176 0.046008 0.089817
v 0.016738 0.045919 0.091591
v 0.012252 0.045773 0.093403
v 0.015216 0.045977 0.093455
v 0.010070 0.045571 0.092368
v 0.019459 0.045894 0.089421
v 0.018905 0.045921 0.091651
v 0.018905 0.045921 0.091651
v 0.015497 0.045982 0.096168
v 0.013853 0.045940 0.104116
v 0.017286 0.046532 0.094093
v 0.017286 0.046532 0.094093
v 0.017994 0.046523 0.094347
v 0.017994 0.046523 0.094347
v 0.020558 0.045804 0.093224
v 0.021357 0.045692 0.090813
v 0.021357 0.045692 0.090813
v 0.021357 0.045692 0.090813
v 0.017865 0.045982 0.097147
v 0.020132 0.045858 0.095505
v 0.020132 0.045858 0.095505
v 0.023723 0.045451 0.095554
v 0.007025 0.038258 0.093749
v 0.011085 0.039032 0.094904
v 0.011085 0.039032 0.094904
v 0.004671 0.037676 0.094648
v 0.010240 0.039093 0.098936
v 0.010240 0.039093 0.098936
v 0.013609 0.039545 0.099678
v 0.011000 0.039992 0.104308
v 0.016418 0.039439 0.097112
v 0.016320 0.039417 0.092191
v 0.016320 0.039417 0.092191
v 0.018625 0.039311 0.094048
v 0.016710 0.039934 0.101738
v 0.016710 0.039934 0.101738
v 0.022219 0.046104 0.087929
v 0.024672 0.045278 0.089541
v 0.027652 0.044636 0.088259
v 0.024293 0.045320 0.092508
v 0.026597 0.044927 0.091816
v 0.026465 0.045565 0.094409
v 0.026465 0.045565 0.094409
v 0.026465 0.045565 0.094409
v 0.026465 0.045565 0.094409
v 0.021433 0.039099 0.093462
v 0.020038 0.039440 0.098748
v 0.020038 0.039440 0.098748
v 0.020038 0.039440 0.098748
v 0.028801 0.044373 0.090439
v 0.031623 0.043498 0.090825
v 0.031623 0.043498 0.090825
v 0.028890 0.044374 0.092775
v 0.028890 0.044374 0.092775
v 0.031751 0.043497 0.093376
v 0.031751 0.043497 0.093376
v -0.015509 0.032348 0.114180
v -0.015509 0.032348 0.114180
v -0.017792 0.029473 0.114427
v -0.017792 0.029473 0.114427
v -0.016756 0.030022 0.114509
v -0.016756 0.030022 0.114509
v -0.002080 0.041960 0.111951
v -0.002080 0.041960 0.111951
v 0.002068 0.043595 0.112058
v -0.000986 0.042070 0.114036
v -0.000986 0.042070 0.114036
v -0.000986 0.042070 0.114036
v -0.000986 0.042070 0.114036
v -0.003008 0.041326 0.113560
v -0.003008 0.041326 0.113560
v 0.002692 0.043544 0.113693
v 0.002692 0.043544 0.113693
v 0.002692 0.043544 0.113693
v 0.002692 0.043544 0.113693
v 0.001661 0.042484 0.114515
v 0.001661 0.042484 0.114515
v 0.001661 0.042484 0.114515
v -0.000685 0.041015 0.114619
v 0.002179 0.041625 0.114464
v 0.011803 0.045733 0.104966
v 0.010339 0.045570 0.106956
v 0.010339 0.045570 0.106956
v 0.011848 0.045737 0.105129
v 0.001881 0.038894 0.109985
v 0.006980 0.040568 0.110508
v 0.006980 0.040568 0.110508
v 0.006418 0.044760 0.112418
v 0.006418 0.044760 0.112418
v 0.006418 0.044760 0.112418
v 0.006418 0.044760 0.112418
v 0.003907 0.040276 0.112436
v 0.003907 0.040276 0.112436
v 0.000954 0.039402 0.112758
v 0.003693 0.042677 0.114588
v 0.003693 0.042677 0.114588
v 0.003693 0.042677 0.114588
v 0.005289 0.043788 0.114288
v 0.005289 0.043788 0.114288
v 0.005797 0.043074 0.114552
v 0.005797 0.043074 0.114552
v 0.003899 0.041123 0.113758
v 0.003899 0.041123 0.113758
v 0.003899 0.041123 0.113758
v 0.003899 0.041123 0.113758
v -0.000865 0.039698 0.114040
v -0.000865 0.039698 0.114040
v -0.000865 0.039698 0.114040
v 0.004835 0.042007 0.114262
v 0.004835 0.042007 0.114262
v 0.007034 0.044566 0.113911
v 0.007034 0.044566 0.113911
v 0.006482 0.041616 0.113533
v 0.008295 0.042612 0.114139
v 0.008295 0.042612 0.114139
v 0.007842 0.041167 0.111989
v 0.013174 0.045810 0.112489
v 0.009961 0.045420 0.112538
v 0.009961 0.045420 0.112538
v 0.008942 0.041840 0.113084
v 0.012023 0.041473 0.110878
v 0.012023 0.041473 0.110878
v 0.012023 0.041473 0.110878
v 0.012023 0.041473 0.110878
v 0.007473 0.043914 0.114568
v 0.007473 0.043914 0.114568
v 0.009664 0.043840 0.114556
v 0.009664 0.043840 0.114556
v 0.009857 0.045150 0.113623
v 0.009674 0.044740 0.114233
v 0.009674 0.044740 0.114233
v 0.009674 0.044740 0.114233
v 0.012416 0.044971 0.114346
v 0.013319 0.045462 0.113812
v 0.013319 0.045462 0.113812
v 0.010449 0.042569 0.113735
v 0.010449 0.042569 0.113735
v 0.013827 0.042597 0.113304
v 0.013827 0.042597 0.113304
v 0.014207 0.043460 0.114235
v 0.014207 0.043460 0.114235
v 0.011103 0.043267 0.114262
v 0.011103 0.043267 0.114262
v 0.015881 0.045136 0.114263
v 0.014253 0.044401 0.114503
v 0.014253 0.044401 0.114503
v -0.008294 0.038633 0.112853
v -0.008294 0.038633 0.112853
v -0.007313 0.038867 0.114010
v -0.009856 0.037407 0.113675
v -0.012065 0.035535 0.114052
v -0.012065 0.035535 0.114052
v -0.009434 0.033487 0.112261
v -0.009145 0.034340 0.113328
v -0.009145 0.034340 0.113328
v -0.011526 0.032238 0.112844
v -0.011526 0.032238 0.112844
v -0.009354 0.037183 0.114305
v -0.009354 0.037183 0.114305
v -0.012597 0.034548 0.114438
v -0.008995 0.036334 0.114543
v -0.007308 0.037917 0.114561
v -0.012135 0.033954 0.114499
v -0.012135 0.033954 0.114499
v -0.012135 0.033954 0.114499
v -0.012480 0.032690 0.114107
v -0.008093 0.035731 0.113969
v -0.008093 0.035731 0.113969
v -0.004809 0.040381 0.113791
v -0.004809 0.040381 0.113791
v -0.004809 0.040381 0.113791
v -0.004416 0.036699 0.112149
v -0.000842 0.037982 0.110784
v -0.004461 0.037632 0.113756
v -0.004461 0.037632 0.113756
v -0.005737 0.036477 0.113213
v -0.005737 0.036477 0.113213
v -0.001828 0.038372 0.112957
v -0.006902 0.034884 0.111388
v -0.005578 0.039397 0.114439
v -0.003178 0.040729 0.114337
v -0.003178 0.040729 0.114337
v -0.004191 0.039291 0.114588
v -0.004191 0.039291 0.114588
v -0.005673 0.037697 0.114257
v -0.005673 0.037697 0.114257
v -0.005673 0.037697 0.114257
v -0.005673 0.037697 0.114257
v -0.014461 0.032236 0.114458
v -0.015585 0.031711 0.114389
v -0.015585 0.031711 0.114389
v -0.015406 0.030883 0.114425
v -0.015406 0.030883 0.114425
v -0.015406 0.030883 0.114425
v -0.013871 0.030736 0.113554
v 0.019005 0.045988 0.105305
v 0.023518 0.045546 0.102436
v 0.023518 0.045546 0.102436
v 0.017743 0.046027 0.110491
v 0.017743 0.046027 0.110491
v 0.013728 0.040338 0.104595
v 0.019182 0.040829 0.106637
v 0.019182 0.040829 0.106637
v 0.021226 0.039747 0.101807
v 0.021226 0.039747 0.101807
v 0.015306 0.041528 0.110027
v 0.013952 0.041933 0.111888
v 0.018299 0.041796 0.111082
v 0.018299 0.041796 0.111082
v 0.023228 0.040440 0.106899
v 0.025034 0.045219 0.097058
v 0.027398 0.044771 0.097074
v 0.028634 0.044530 0.105011
v 0.028634 0.044530 0.105011
v 0.023861 0.039101 0.099920
v 0.025089 0.038531 0.095419
v 0.025089 0.038531 0.095419
v 0.026506 0.039272 0.104225
v 0.026506 0.039272 0.104225
v 0.028089 0.038343 0.101075
v 0.028089 0.038343 0.101075
v 0.029029 0.044338 0.095498
v 0.032888 0.043126 0.095763
v 0.032888 0.043126 0.095763
v 0.031371 0.043667 0.100847
v 0.033671 0.042840 0.099730
v 0.033671 0.042840 0.099730
v 0.034909 0.042323 0.096314
v 0.029530 0.037493 0.097082
v 0.028805 0.037647 0.093258
v 0.032708 0.036957 0.102495
v 0.032708 0.036957 0.102495
v 0.025222 0.045240 0.112222
v 0.036113 0.041926 0.102724
v 0.036113 0.041926 0.102724
v 0.033247 0.043070 0.111192
v 0.032080 0.038684 0.109338
v 0.016852 0.045861 0.112854
v 0.016852 0.045861 0.112854
v 0.020377 0.045808 0.112597
v 0.017573 0.045529 0.113890
v 0.022724 0.045640 0.111244
v 0.022724 0.045640 0.111244
v 0.022968 0.045339 0.113420
v 0.022968 0.045339 0.113420
v 0.022968 0.045339 0.113420
v 0.020269 0.045266 0.114031
v 0.020269 0.045266 0.114031
v 0.024748 0.044577 0.114246
v 0.020431 0.044494 0.114462
v 0.020431 0.044494 0.114462
v 0.020431 0.044494 0.114462
v 0.026721 0.044696 0.113401
v 0.015702 0.042192 0.112595
v 0.015702 0.042192 0.112595
v 0.018450 0.042493 0.112911
v 0.015801 0.045606 0.113671
v 0.015801 0.045606 0.113671
v 0.017268 0.044040 0.114425
v 0.017268 0.044040 0.114425
v 0.018144 0.043170 0.113851
v 0.018144 0.043170 0.113851
v 0.020949 0.043801 0.114422
v 0.020949 0.043801 0.114422
v 0.021102 0.041793 0.111597
v 0.023786 0.041377 0.111623
v 0.023786 0.041377 0.111623
v 0.021486 0.042384 0.113062
v 0.021486 0.042384 0.113062
v 0.022654 0.042715 0.113811
v 0.022654 0.042715 0.113811
v 0.024468 0.041905 0.113104
v 0.024468 0.041905 0.113104
v 0.024797 0.042614 0.114005
v 0.024797 0.042614 0.114005
v 0.025518 0.043485 0.114420
v 0.027810 0.044681 0.111842
v 0.030936 0.043824 0.112055
v 0.036852 0.041584 0.108664
v 0.029762 0.043914 0.113374
v 0.029762 0.043914 0.113374
v 0.029762 0.043914 0.113374
v 0.028577 0.043469 0.114354
v 0.028320 0.042387 0.114310
v 0.028320 0.042387 0.114310
v 0.031402 0.043162 0.113894
v 0.031402 0.043162 0.113894
v 0.031485 0.042395 0.114355
v 0.031485 0.042395 0.114355
v 0.031485 0.042395 0.114355
v 0.029981 0.041108 0.113792
v 0.029981 0.041108 0.113792
v 0.031863 0.041390 0.114310
v 0.037645 0.041158 0.112323
v 0.037645 0.041158 0.112323
v 0.034456 0.042315 0.113503
v 0.034456 0.042315 0.113503
v 0.033442 0.042075 0.114202
v 0.033442 0.042075 0.114202
v 0.034352 0.041417 0.114375
v 0.033920 0.040309 0.114224
v 0.033920 0.040309 0.114224
v 0.033920 0.040309 0.114224
v 0.035829 0.041273 0.114102
v 0.035829 0.041273 0.114102
v 0.035764 0.040399 0.114403
v 0.035764 0.040399 0.114403
v 0.037277 0.041017 0.113643
v 0.037493 0.039033 0.114290
v 0.038511 0.039569 0.114350
v 0.025628 0.040918 0.111044
v 0.025628 0.040918 0.111044
v 0.028235 0.039970 0.109575
v 0.028235 0.039970 0.109575
v 0.027639 0.040812 0.112206
v 0.027351 0.041706 0.113583
v 0.027351 0.041706 0.113583
v 0.031092 0.039858 0.112285
v 0.034273 0.038476 0.111894
v 0.033148 0.039522 0.113155
v 0.033148 0.039522 0.113155
v 0.036509 0.038447 0.113682
v 0.016325 0.040419 0.056263
v 0.019204 0.040181 0.056134
v 0.018939 0.040389 0.066628
v 0.017457 0.040653 0.063178
v 0.019481 0.040410 0.062068
v 0.019481 0.040410 0.062068
v 0.019481 0.040410 0.062068
v 0.021493 0.040283 0.064258
v 0.023400 0.039584 0.066932
v 0.023400 0.039584 0.066932
v 0.022289 0.040386 0.062577
v -0.005036 0.034252 0.063726
v -0.005036 0.034252 0.063726
v -0.005970 0.033761 0.067210
v -0.005970 0.033761 0.067210
v -0.004907 0.034530 0.068841
v -0.003307 0.035342 0.075447
v -0.003307 0.035342 0.075447
v -0.005752 0.033580 0.072105
v -0.012152 0.029541 0.067982
v -0.010059 0.030507 0.069714
v -0.007656 0.032816 0.075654
v -0.007656 0.032816 0.075654
v -0.012127 0.029329 0.073090
v -0.012127 0.029329 0.073090
v 0.000043 0.036998 0.071254
v 0.000043 0.036998 0.071254
v 0.002359 0.037693 0.073635
v 0.002359 0.037693 0.073635
v -0.000719 0.036552 0.078414
v -0.000719 0.036552 0.078414
v -0.003848 0.034752 0.081909
v -0.003848 0.034752 0.081909
v -0.007265 0.032173 0.086562
v -0.007265 0.032173 0.086562
v -0.003923 0.034156 0.087896
v 0.000068 0.036376 0.085846
v 0.000068 0.036376 0.085846
v 0.003452 0.038298 0.077718
v -0.021517 0.016387 0.078042
v -0.022574 0.014252 0.076543
v -0.020029 0.019072 0.078295
v -0.020844 0.017936 0.074350
v -0.013497 0.027898 0.076268
v -0.015719 0.025355 0.077262
v -0.014871 0.026470 0.074264
v -0.016349 0.023269 0.088184
v -0.016349 0.023269 0.088184
v -0.013899 0.026231 0.088148
v -0.013899 0.026231 0.088148
v -0.018926 0.019514 0.088023
v -0.018926 0.019514 0.088023
v -0.018926 0.019514 0.088023
v -0.021913 0.013502 0.088543
v -0.021913 0.013502 0.088543
v -0.020218 0.016910 0.090255
v -0.018185 0.020390 0.091843
v -0.018185 0.020390 0.091843
v -0.018185 0.020390 0.091843
v -0.018185 0.020390 0.091843
v -0.014211 0.025626 0.091535
v -0.014211 0.025626 0.091535
v -0.010419 0.030413 0.079359
v -0.010419 0.030413 0.079359
v -0.010435 0.029699 0.087035
v 0.000808 0.037499 0.067543
v 0.012795 0.040370 0.062048
v 0.012795 0.040370 0.062048
v 0.006577 0.039344 0.075654
v 0.006577 0.039344 0.075654
v 0.012906 0.040248 0.071393
v 0.009129 0.039776 0.070089
v 0.013491 0.040451 0.068484
v 0.013491 0.040451 0.068484
v 0.013491 0.040451 0.068484
v 0.006281 0.039197 0.071903
v 0.012387 0.040293 0.074765
v 0.012387 0.040293 0.074765
v 0.012387 0.040293 0.074765
v 0.010448 0.039623 0.082353
v 0.015437 0.040259 0.071455
v 0.017380 0.040600 0.066877
v 0.017380 0.040600 0.066877
v 0.018214 0.040266 0.069692
v 0.018214 0.040266 0.069692
v 0.019998 0.040169 0.072857
v 0.016308 0.040489 0.074613
v 0.017420 0.040224 0.073560
v 0.017420 0.040224 0.073560
v 0.018785 0.040414 0.075097
v 0.018785 0.040414 0.075097
v 0.018785 0.040414 0.075097
v 0.026028 0.039289 0.068179
v 0.022214 0.040047 0.075160
v 0.022214 0.040047 0.075160
v 0.004632 0.037807 0.089279
v 0.004632 0.037807 0.089279
v 0.001976 0.036783 0.091702
v -0.000862 0.035564 0.092917
v -0.000862 0.035564 0.092917
v -0.000862 0.035564 0.092917
v -0.000862 0.035564 0.092917
v -0.008286 0.031142 0.091206
v -0.008286 0.031142 0.091206
v 0.014049 0.040202 0.079013
v 0.014049 0.040202 0.079013
v 0.013861 0.039440 0.089207
v 0.013861 0.039440 0.089207
v 0.013861 0.039440 0.089207
v 0.010268 0.039040 0.089656
v 0.010268 0.039040 0.089656
v 0.010268 0.039040 0.089656
v 0.010268 0.039040 0.089656
v 0.006813 0.038506 0.087746
v 0.006813 0.038506 0.087746
v 0.017904 0.039851 0.084589
v 0.021316 0.039600 0.084306
v 0.026261 0.039227 0.075676
v 0.026261 0.039227 0.075676
v 0.024971 0.039164 0.082367
v 0.024971 0.039164 0.082367
v 0.028486 0.038452 0.080382
v 0.028486 0.038452 0.080382
v 0.028486 0.038452 0.080382
v 0.023040 0.039052 0.089680
v 0.028330 0.037890 0.089100
v 0.028330 0.037890 0.089100
v 0.016087 0.040404 0.058343
v 0.000066 0.037229 0.060610
v 0.000066 0.037229 0.060610
v 0.003184 0.038409 0.062939
v 0.003184 0.038409 0.062939
v 0.006515 0.039394 0.063650
v 0.004083 0.038741 0.067952
v 0.004083 0.038741 0.067952
v 0.003808 0.038537 0.070498
v 0.010047 0.040060 0.065302
v 0.010047 0.040060 0.065302
v -0.045316 0.007842 0.087197
v -0.045316 0.007842 0.087197
v -0.050182 0.006189 0.086728
v -0.050392 0.002708 0.088110
v -0.050392 0.002708 0.088110
v -0.049249 0.005125 0.087937
v -0.049249 0.005125 0.087937
v -0.049249 0.005125 0.087937
v -0.049249 0.005125 0.087937
v -0.047602 0.006741 0.087806
v -0.045867 0.005822 0.089364
v -0.045867 0.005822 0.089364
v -0.045867 0.005822 0.089364
v -0.047677 0.004201 0.089194
v -0.047677 0.004201 0.089194
v -0.045668 0.007426 0.085276
v -0.045265 0.007799 0.086172
v -0.045316 0.007544 0.087990
v -0.042216 0.008173 0.087562
v -0.043254 0.007762 0.086131
v -0.043254 0.007762 0.086131
v -0.042850 0.007838 0.086345
v -0.042850 0.007838 0.086345
v -0.041934 0.007718 0.086208
v -0.041934 0.007718 0.086208
v -0.043548 0.006897 0.089604
v -0.047045 0.001851 0.090080
v -0.047045 0.001851 0.090080
v -0.044245 0.003709 0.090820
v -0.041899 0.007942 0.088842
v -0.039888 0.007608 0.090028
v -0.039888 0.007608 0.090028
v -0.039588 0.006427 0.090968
v -0.043011 0.005269 0.090658
v -0.044568 0.000625 0.091176
v -0.040719 0.002335 0.092061
v -0.040719 0.002335 0.092061
v -0.040719 0.002335 0.092061
v -0.039085 0.004214 0.091986
v -0.039085 0.004214 0.091986
v -0.039085 0.004214 0.091986
v -0.037550 0.008050 0.086947
v -0.037550 0.008050 0.086947
v -0.041626 0.008038 0.086964
v -0.041626 0.008038 0.086964
v -0.041626 0.008038 0.086964
v -0.037914 0.008337 0.088358
v -0.037914 0.008337 0.088358
v -0.037359 0.008212 0.089365
v -0.037359 0.008212 0.089365
v -0.037713 0.007556 0.090513
v -0.037713 0.007556 0.090513
v -0.036937 0.005654 0.091788
v -0.033119 0.007853 0.090455
v -0.033119 0.007853 0.090455
v -0.033395 0.006977 0.091332
v -0.037680 0.001925 0.092635
v -0.041964 -0.000484 0.091958
v -0.041964 -0.000484 0.091958
v -0.038069 -0.000725 0.092697
v -0.034116 0.005839 0.091912
v -0.034116 0.005839 0.091912
v -0.035437 0.003657 0.092596
v -0.034803 0.000937 0.092960
v -0.034803 0.000937 0.092960
v -0.050934 -0.000646 0.088149
v -0.049037 0.001049 0.089171
v -0.049037 0.001049 0.089171
v -0.048226 -0.001307 0.089723
v -0.048033 -0.003836 0.089475
v -0.048033 -0.003836 0.089475
v -0.045677 -0.002230 0.090739
v -0.045677 -0.002230 0.090739
v -0.044559 -0.004642 0.090684
v -0.044559 -0.004642 0.090684
v -0.049315 -0.005314 0.088345
v -0.047070 -0.006394 0.089073
v -0.047070 -0.006394 0.089073
v -0.044030 -0.007668 0.089664
v -0.043613 -0.009472 0.088066
v -0.043613 -0.009472 0.088066
v -0.043828 -0.008890 0.088803
v -0.043828 -0.008890 0.088803
v -0.041215 -0.010033 0.087785
v -0.041215 -0.010033 0.087785
v -0.044052 -0.006193 0.090376
v -0.040597 -0.008494 0.090261
v -0.041953 -0.004132 0.091631
v -0.041953 -0.004132 0.091631
v -0.039342 -0.004185 0.092247
v -0.040435 -0.006747 0.091278
v -0.036977 -0.003256 0.092657
v -0.026248 0.019238 0.105610
v -0.028132 0.014961 0.107497
v -0.028179 0.015200 0.097731
v -0.028179 0.015200 0.097731
v -0.028179 0.015200 0.097731
v -0.029014 0.012777 0.100152
v -0.029014 0.012777 0.100152
v -0.029707 0.010121 0.108889
v -0.029707 0.010121 0.108889
v -0.030091 0.008909 0.100972
v -0.030091 0.008909 0.100972
v -0.030602 0.006020 0.109554
v -0.030602 0.006020 0.109554
v -0.028799 0.012711 0.111860
v -0.029823 0.008834 0.112455
v -0.030678 0.004142 0.112897
v -0.031058 0.002768 0.109618
v -0.023990 0.022767 0.112720
v -0.026230 0.018820 0.112402
v -0.026230 0.018820 0.112402
v -0.027630 0.015384 0.113574
v -0.025536 0.019474 0.113928
v -0.025536 0.019474 0.113928
v -0.025536 0.019474 0.113928
v -0.026654 0.017206 0.113935
v -0.026963 0.015152 0.114426
v -0.026963 0.015152 0.114426
v -0.025029 0.015081 0.113731
v -0.023384 0.016832 0.112535
v -0.023384 0.016832 0.112535
v -0.023794 0.018369 0.113960
v -0.023794 0.018369 0.113960
v -0.023345 0.022378 0.114326
v -0.023345 0.022378 0.114326
v -0.021627 0.020803 0.113110
v -0.021627 0.020803 0.113110
v -0.024267 0.019484 0.114409
v -0.024267 0.019484 0.114409
v -0.024267 0.019484 0.114409
v -0.025395 0.018526 0.114402
v -0.028890 0.011236 0.113990
v -0.028890 0.011236 0.113990
v -0.028573 0.012536 0.113714
v -0.028041 0.013270 0.114238
v -0.027470 0.010583 0.114273
v -0.027122 0.007620 0.113192
v -0.026190 0.012994 0.113972
v -0.026190 0.012994 0.113972
v -0.027202 0.012521 0.114410
v -0.027980 0.011666 0.114451
v -0.027980 0.011666 0.114451
v -0.024627 0.013478 0.112036
v -0.024627 0.013478 0.112036
v -0.025739 0.011088 0.112618
v -0.028503 0.010180 0.114472
v -0.028503 0.010180 0.114472
v -0.029416 0.009177 0.114066
v -0.030189 0.005840 0.113743
v -0.030189 0.005840 0.113743
v -0.029539 0.007858 0.114225
v -0.029539 0.007858 0.114225
v -0.029732 0.005525 0.114383
v -0.029732 0.005525 0.114383
v -0.029732 0.005525 0.114383
v -0.028847 0.007445 0.114419
v -0.028972 0.004965 0.114350
v -0.028069 0.005792 0.113785
v -0.028069 0.005792 0.113785
v -0.028541 0.008802 0.114473
v -0.028541 0.008802 0.114473
v -0.031063 -0.000061 0.112903
v -0.031063 -0.000061 0.112903
v -0.030758 0.001457 0.113909
v -0.030758 0.001457 0.113909
v -0.029874 0.002108 0.114430
v -0.029874 0.002108 0.114430
v -0.029422 0.011666 0.079385
v -0.029422 0.011666 0.079385
v -0.029763 0.012328 0.082229
v -0.029763 0.012328 0.082229
v -0.029897 0.009505 0.080108
v -0.029897 0.009505 0.080108
v -0.029991 0.009168 0.083372
v -0.030372 0.007445 0.083058
v -0.030148 0.008813 0.078320
v -0.029146 0.012909 0.084388
v -0.029667 0.010751 0.085012
v -0.029667 0.010751 0.085012
v -0.028527 0.014379 0.086416
v -0.028527 0.014379 0.086416
v -0.028527 0.014379 0.086416
v -0.029709 0.010734 0.087294
v -0.033130 0.008443 0.088603
v -0.033220 0.008310 0.087183
v -0.033220 0.008310 0.087183
v -0.031706 0.008121 0.087007
v -0.032587 0.007819 0.085978
v -0.032587 0.007819 0.085978
v -0.031836 0.008282 0.088162
v -0.031836 0.008282 0.088162
v -0.030985 0.008384 0.088671
v -0.030985 0.008384 0.088671
v -0.030985 0.008384 0.088671
v -0.031916 0.008066 0.089502
v -0.031916 0.008066 0.089502
v -0.030103 0.008546 0.085242
v -0.030103 0.008546 0.085242
v -0.030354 0.009283 0.088204
v -0.030354 0.009283 0.088204
v -0.030609 0.007789 0.085611
v -0.030787 0.008493 0.087409
v -0.030787 0.008493 0.087409
v -0.030787 0.008493 0.087409
v -0.030787 0.008493 0.087409
v -0.031401 0.007718 0.086021
v -0.031401 0.007718 0.086021
v -0.028445 0.014616 0.089833
v -0.028082 0.015510 0.094410
v -0.028082 0.015510 0.094410
v -0.028082 0.015510 0.094410
v -0.028832 0.013561 0.092282
v -0.029371 0.011772 0.092057
v -0.030006 0.009513 0.090361
v -0.031503 0.007550 0.090510
v -0.031503 0.007550 0.090510
v -0.030685 0.008071 0.090131
v -0.030685 0.008071 0.090131
v -0.030502 0.007500 0.091414
v -0.029867 0.009932 0.092950
v -0.029867 0.009932 0.092950
v -0.029867 0.009932 0.092950
v -0.026936 0.018181 0.095295
v -0.026936 0.018181 0.095295
v -0.029639 0.012743 0.094589
v -0.029639 0.012743 0.094589
v -0.029639 0.012743 0.094589
v -0.029639 0.012743 0.094589
v -0.028891 0.013577 0.096461
v -0.029411 0.011758 0.097015
v -0.029912 0.009868 0.095603
v -0.031977 0.006238 0.091629
v -0.031209 0.006842 0.091337
v -0.031209 0.006842 0.091337
v -0.031209 0.006842 0.091337
v -0.031809 0.005484 0.092049
v -0.031809 0.005484 0.092049
v -0.031809 0.005484 0.092049
v -0.031809 0.005484 0.092049
v -0.032798 0.004305 0.092483
v -0.032798 0.004305 0.092483
v -0.032085 0.003974 0.092768
v -0.032085 0.003974 0.092768
v -0.031656 0.004331 0.092925
v -0.031656 0.004331 0.092925
v -0.030981 0.005956 0.092502
v -0.030981 0.005956 0.092502
v -0.030863 0.005539 0.095369
v -0.030863 0.005539 0.095369
v -0.031089 0.004954 0.094199
v -0.031089 0.004954 0.094199
v -0.031719 0.003072 0.093452
v -0.031719 0.003072 0.093452
v -0.031322 0.003410 0.094996
v -0.031322 0.003410 0.094996
v -0.032780 0.002427 0.092847
v -0.032780 0.002427 0.092847
v -0.032780 0.002427 0.092847
v -0.032498 0.002620 0.092931
v -0.032498 0.002620 0.092931
v -0.034145 -0.002357 0.093003
v -0.031894 0.001423 0.093336
v -0.032527 -0.000598 0.093119
v -0.032527 -0.000598 0.093119
v -0.032527 -0.000598 0.093119
v -0.032527 -0.000598 0.093119
v -0.032466 -0.002674 0.092991
v -0.031963 -0.000561 0.093444
v -0.031963 -0.000561 0.093444
v -0.031384 -0.000106 0.094236
v -0.031384 -0.000106 0.094236
v -0.031695 -0.002803 0.093472
v -0.031695 -0.002803 0.093472
v -0.031446 -0.002233 0.093935
v -0.031419 0.001460 0.094021
v -0.031419 0.001460 0.094021
v -0.031419 0.001460 0.094021
v -0.031173 0.002309 0.097692
v -0.031393 -0.004318 0.097055
v -0.030864 0.004681 0.103554
v -0.031389 -0.002863 0.101798
v -0.031389 -0.002863 0.101798
v -0.031220 0.001425 0.104319
v -0.024648 0.003077 0.097472
v -0.024648 0.003077 0.097472
v -0.024674 0.002271 0.095943
v -0.024473 0.003425 0.092846
v -0.024473 0.003425 0.092846
v -0.024847 0.000059 0.096173
v -0.024847 0.000059 0.096173
v -0.025032 0.003894 0.101802
v -0.023968 0.006688 0.097401
v -0.024929 -0.004924 0.095955
v -0.025237 -0.003962 0.099603
v -0.025262 -0.000222 0.100419
v -0.025262 -0.000222 0.100419
v -0.024891 -0.004624 0.091543
v -0.041818 -0.009872 0.086691
v -0.041818 -0.009872 0.086691
v -0.039975 -0.009741 0.086144
v -0.039975 -0.009741 0.086144
v -0.038644 -0.010291 0.087143
v -0.038292 -0.010066 0.086407
v -0.040100 -0.009756 0.089148
v -0.040100 -0.009756 0.089148
v -0.040100 -0.009756 0.089148
v -0.037475 -0.010484 0.088248
v -0.037475 -0.010484 0.088248
v -0.036872 -0.010226 0.086207
v -0.036872 -0.010226 0.086207
v -0.036872 -0.010226 0.086207
v -0.037202 -0.010085 0.089368
v -0.035733 -0.010635 0.086729
v -0.035733 -0.010635 0.086729
v -0.035733 -0.010635 0.086729
v -0.033962 -0.010495 0.085637
v -0.034532 -0.010935 0.087576
v -0.034888 -0.010558 0.089122
v -0.034888 -0.010558 0.089122
v -0.031622 -0.010554 0.085817
v -0.031622 -0.010554 0.085817
v -0.031622 -0.010554 0.085817
v -0.031487 -0.010797 0.087575
v -0.031487 -0.010797 0.087575
v -0.037705 -0.006425 0.091829
v -0.034383 -0.005409 0.092524
v -0.034538 -0.007127 0.091961
v -0.037063 -0.008216 0.091136
v -0.037063 -0.008216 0.091136
v -0.035836 -0.009303 0.090625
v -0.032479 -0.004853 0.092573
v -0.032479 -0.004853 0.092573
v -0.032479 -0.004853 0.092573
v -0.031699 -0.007965 0.091379
v -0.031699 -0.007965 0.091379
v -0.033619 -0.008714 0.091190
v -0.033619 -0.008714 0.091190
v -0.033619 -0.008714 0.091190
v -0.031904 -0.005232 0.092728
v -0.031904 -0.005232 0.092728
v -0.031233 -0.008319 0.091482
v -0.031599 -0.009454 0.090286
v -0.031599 -0.009454 0.090286
v -0.033172 -0.009744 0.090316
v -0.033172 -0.009744 0.090316
v -0.030918 -0.010122 0.090178
v -0.030918 -0.010122 0.090178
v -0.030918 -0.010122 0.090178
v -0.030918 -0.010122 0.090178
v -0.030918 -0.010122 0.090178
v -0.030918 -0.010122 0.090178
v -0.030886 -0.008947 0.092701
v -0.030886 -0.008947 0.092701
v -0.030886 -0.008947 0.092701
v -0.034478 -0.010165 0.089870
v -0.032780 -0.010693 0.088816
v -0.032780 -0.010693 0.088816
v -0.031754 -0.010369 0.089198
v -0.031754 -0.010369 0.089198
v -0.031260 -0.010632 0.088961
v -0.031260 -0.010632 0.088961
v -0.030705 -0.011294 0.089496
v -0.030316 -0.012606 0.089543
v -0.030521 -0.011416 0.092822
v -0.031192 -0.010575 0.085413
v -0.031192 -0.010575 0.085413
v -0.030885 -0.011273 0.087739
v -0.030885 -0.011273 0.087739
v -0.030885 -0.011273 0.087739
v -0.030885 -0.011273 0.087739
v -0.030788 -0.011081 0.085405
v -0.029851 -0.014356 0.085668
v -0.029431 -0.016041 0.085052
v -0.029500 -0.015854 0.087876
v -0.029500 -0.015854 0.087876
v -0.028859 -0.017960 0.086368
v -0.028859 -0.017960 0.086368
v -0.029264 -0.017549 0.088646
v -0.028003 -0.020054 0.086364
v -0.029994 -0.013714 0.091042
v -0.029994 -0.013714 0.091042
v -0.029296 -0.016204 0.091806
v -0.030486 -0.013518 0.094282
v -0.030261 -0.014221 0.094216
v -0.030261 -0.014221 0.094216
v -0.028969 -0.018579 0.088612
v -0.027390 -0.021541 0.085200
v -0.026447 -0.023692 0.084473
v -0.026435 -0.023535 0.087108
v -0.026435 -0.023535 0.087108
v -0.025223 -0.025796 0.085418
v -0.027670 -0.020898 0.089426
v -0.028518 -0.018607 0.091537
v -0.028839 -0.017553 0.094815
v -0.028839 -0.017553 0.094815
v -0.026588 -0.023181 0.091584
v -0.025959 -0.024555 0.089925
v -0.027510 -0.021308 0.091826
v -0.027405 -0.022305 0.093981
v -0.028139 -0.019450 0.096675
v -0.025343 -0.026456 0.088565
v -0.024298 -0.027327 0.091382
v -0.024298 -0.027327 0.091382
v -0.024298 -0.027327 0.091382
v -0.024913 -0.026185 0.094664
v -0.031886 -0.003533 0.093310
v -0.031637 -0.005354 0.093283
v -0.031656 -0.003799 0.093951
v -0.031602 -0.004844 0.095104
v -0.031602 -0.004844 0.095104
v -0.030981 -0.008167 0.097105
v -0.030981 -0.008167 0.097105
v -0.030565 -0.011098 0.095535
v -0.030193 -0.012652 0.097451
v -0.030193 -0.012652 0.097451
v -0.031066 -0.007043 0.105001
v -0.030451 -0.011049 0.105878
v -0.030451 -0.011049 0.105878
v -0.030451 -0.011049 0.105878
v -0.030451 -0.011049 0.105878
v -0.029626 -0.014734 0.104933
v -0.029626 -0.014734 0.104933
v -0.029668 -0.014947 0.097088
v -0.024598 -0.008982 0.098104
v -0.024598 -0.008982 0.098104
v -0.025526 -0.005202 0.102307
v -0.025526 -0.005202 0.102307
v -0.023914 -0.013282 0.100118
v -0.023914 -0.013282 0.100118
v -0.023914 -0.013282 0.100118
v -0.024164 -0.010438 0.094160
v -0.024164 -0.010438 0.094160
v -0.025159 -0.009993 0.103425
v -0.025286 -0.008225 0.102543
v -0.028205 -0.019132 0.104292
v -0.028205 -0.019132 0.104292
v -0.028205 -0.019132 0.104292
v -0.026712 -0.022925 0.096783
v -0.026167 -0.023625 0.105110
v -0.024168 -0.027227 0.103292
v -0.024168 -0.027227 0.103292
v -0.021946 -0.018089 0.096607
v -0.021471 -0.019874 0.099984
v -0.021471 -0.019874 0.099984
v -0.020512 -0.021137 0.096375
v -0.022988 -0.015369 0.097333
v -0.022988 -0.015369 0.097333
v -0.022988 -0.015369 0.097333
v -0.022988 -0.015369 0.097333
v -0.022813 -0.017681 0.102470
v -0.022813 -0.017681 0.102470
v -0.024234 -0.014057 0.103567
v -0.024234 -0.014057 0.103567
v -0.024234 -0.014057 0.103567
v -0.024234 -0.014057 0.103567
v -0.024234 -0.014057 0.103567
v -0.021346 -0.021348 0.103550
v -0.021346 -0.021348 0.103550
v -0.021346 -0.021348 0.103550
v -0.022329 -0.030274 0.085137
v -0.022329 -0.030274 0.085137
v -0.024161 -0.027634 0.086503
v -0.023019 -0.029201 0.089583
v -0.021558 -0.031353 0.087861
v -0.020286 -0.032934 0.086041
v -0.020286 -0.032934 0.086041
v -0.018723 -0.034648 0.086788
v -0.020003 -0.033892 0.089020
v -0.020003 -0.033892 0.089020
v -0.023032 -0.029337 0.091436
v -0.023032 -0.029337 0.091436
v -0.022880 -0.030113 0.093817
v -0.022880 -0.030113 0.093817
v -0.022880 -0.030113 0.093817
v -0.021041 -0.031848 0.091407
v -0.021041 -0.031848 0.091407
v -0.022868 -0.029420 0.096487
v -0.022868 -0.029420 0.096487
v -0.019342 -0.023330 0.097289
v -0.019342 -0.023330 0.097289
v -0.019380 -0.024145 0.101860
v -0.017843 -0.025949 0.099381
v -0.017142 -0.026511 0.095461
v -0.017142 -0.026511 0.095461
v -0.016958 -0.027765 0.102501
v -0.016958 -0.027765 0.102501
v -0.015735 -0.028402 0.097303
v -0.015735 -0.028402 0.097303
v -0.014264 -0.030441 0.100261
v -0.014264 -0.030441 0.100261
v -0.012852 -0.031476 0.095884
v -0.011250 -0.033195 0.099077
v -0.021965 0.013089 0.097044
v -0.021965 0.013089 0.097044
v -0.021965 0.013089 0.097044
v -0.020936 0.015223 0.093739
v -0.020936 0.015223 0.093739
v -0.021868 0.015009 0.102882
v -0.023205 0.009402 0.095879
v -0.023205 0.009402 0.095879
v -0.023232 0.009968 0.098909
v -0.023232 0.009968 0.098909
v -0.023232 0.009968 0.098909
v -0.023310 0.012497 0.104699
v -0.024300 0.007811 0.102186
v -0.024300 0.007811 0.102186
v -0.025054 0.008087 0.106481
v -0.025054 0.008087 0.106481
v -0.026018 -0.000450 0.104650
v -0.026018 -0.000450 0.104650
v -0.024324 0.012184 0.109116
v -0.025290 0.010251 0.110522
v -0.026465 0.006621 0.111427
v -0.026465 0.006621 0.111427
v -0.026286 0.004457 0.108882
v -0.026286 0.004457 0.108882
v -0.027064 0.004159 0.111721
v -0.027064 0.004159 0.111721
v -0.027028 0.001682 0.110402
v -0.027028 0.001682 0.110402
v -0.027775 0.002617 0.112697
v -0.021270 0.019782 0.111212
v -0.021270 0.019782 0.111212
v -0.022772 0.016452 0.110105
v -0.031305 -0.001033 0.108780
v -0.031305 -0.001033 0.108780
v -0.031282 -0.003914 0.108745
v -0.030836 -0.008006 0.111406
v -0.026480 -0.007106 0.108066
v -0.026564 -0.002736 0.107231
v -0.026026 -0.011356 0.109089
v -0.026026 -0.011356 0.109089
v -0.031072 -0.002170 0.113440
v -0.031072 -0.002170 0.113440
v -0.030653 -0.000426 0.114172
v -0.030653 -0.000426 0.114172
v -0.027650 0.000313 0.112071
v -0.027542 -0.002007 0.111598
v -0.028285 -0.001798 0.113067
v -0.030969 -0.005459 0.112899
v -0.030777 -0.004339 0.113925
v -0.030001 -0.002786 0.114318
v -0.030001 -0.002786 0.114318
v -0.030179 -0.005581 0.114288
v -0.030179 -0.005581 0.114288
v -0.027825 -0.006031 0.112629
v -0.027825 -0.006031 0.112629
v -0.028641 -0.006180 0.113688
v -0.030595 -0.007680 0.113752
v -0.030595 -0.007680 0.113752
v -0.030024 -0.009094 0.114133
v -0.029587 -0.007009 0.114253
v -0.029587 -0.007009 0.114253
v -0.027092 -0.005230 0.110184
v -0.027073 -0.008394 0.111261
v -0.027482 -0.010137 0.112922
v -0.028572 -0.009575 0.114025
v -0.029694 -0.013340 0.112324
v -0.029694 -0.013340 0.112324
v -0.030296 -0.010088 0.113589
v -0.029914 -0.011716 0.113806
v -0.029914 -0.011716 0.113806
v -0.026416 -0.012586 0.111648
v -0.026416 -0.012586 0.111648
v -0.028329 -0.018236 0.111527
v -0.028329 -0.018236 0.111527
v -0.028329 -0.018236 0.111527
v -0.029541 -0.010446 0.114235
v -0.028421 -0.012534 0.114133
v -0.028421 -0.012534 0.114133
v -0.028421 -0.012534 0.114133
v -0.028421 -0.012534 0.114133
v -0.028421 -0.012534 0.114133
v -0.027888 -0.011513 0.113743
v -0.027888 -0.011513 0.113743
v -0.029268 -0.012948 0.114034
v -0.029268 -0.012948 0.114034
v -0.029493 -0.013418 0.113584
v -0.029493 -0.013418 0.113584
v -0.026699 -0.013222 0.112701
v -0.026699 -0.013222 0.112701
v -0.026699 -0.013222 0.112701
v -0.026699 -0.013222 0.112701
v -0.027326 -0.014333 0.113838
v -0.028519 -0.016513 0.113919
v -0.028519 -0.016513 0.113919
v -0.027763 -0.018912 0.113662
v -0.028146 -0.015412 0.114290
v -0.028146 -0.015412 0.114290
v -0.025694 -0.017454 0.113183
v -0.025694 -0.017454 0.113183
v -0.026175 -0.018006 0.113837
v -0.027324 -0.017314 0.114195
v -0.027324 -0.017314 0.114195
v -0.025961 -0.021857 0.114212
v -0.024447 -0.015453 0.106659
v -0.024447 -0.015453 0.106659
v -0.023813 -0.018039 0.108165
v -0.026734 -0.022025 0.112321
v -0.026734 -0.022025 0.112321
v -0.021795 -0.021750 0.106711
v -0.023969 -0.019535 0.111375
v -0.022735 -0.022046 0.111371
v -0.022735 -0.022046 0.111371
v -0.020375 -0.025010 0.108885
v -0.020375 -0.025010 0.108885
v -0.025616 -0.015787 0.111991
v -0.025792 -0.023461 0.113652
v -0.025792 -0.023461 0.113652
v -0.024036 -0.021089 0.112978
v -0.024036 -0.021089 0.112978
v -0.026039 -0.020217 0.114211
v -0.024413 -0.021645 0.113712
v -0.022625 -0.023732 0.112971
v -0.022625 -0.023732 0.112971
v -0.028759 0.001254 0.113840
v -0.029954 -0.000207 0.114415
v -0.029954 -0.000207 0.114415
v -0.028932 -0.001730 0.113836
v -0.028932 -0.001730 0.113836
v -0.018858 -0.027798 0.110499
v -0.018858 -0.027798 0.110499
v -0.018858 -0.027798 0.110499
v -0.019707 -0.033284 0.094507
v -0.018259 -0.035155 0.089760
v -0.018259 -0.035155 0.089760
v -0.018525 -0.034695 0.091710
v -0.020120 -0.032915 0.092214
v -0.020120 -0.032915 0.092214
v -0.017135 -0.036107 0.091195
v -0.017135 -0.036107 0.091195
v -0.017135 -0.036107 0.091195
v -0.017136 -0.036667 0.094226
v -0.017136 -0.036667 0.094226
v -0.015793 -0.037543 0.084675
v -0.015686 -0.037462 0.089598
v -0.015686 -0.037462 0.089598
v -0.015162 -0.037988 0.086316
v -0.011694 -0.040731 0.082088
v -0.011618 -0.040709 0.084130
v -0.010603 -0.041947 0.082479
v -0.013687 -0.039288 0.086012
v -0.011381 -0.040855 0.086671
v -0.011381 -0.040855 0.086671
v -0.009635 -0.042123 0.084589
v -0.009635 -0.042123 0.084589
v -0.013830 -0.039668 0.088720
v -0.013830 -0.039668 0.088720
v -0.014086 -0.038752 0.091291
v -0.015571 -0.037629 0.092538
v -0.016788 -0.036957 0.094325
v -0.011952 -0.040387 0.091749
v -0.011952 -0.040387 0.091749
v -0.011952 -0.040387 0.091749
v -0.012378 -0.040200 0.090636
v -0.012378 -0.040200 0.090636
v -0.013438 -0.039897 0.088381
v -0.010630 -0.041295 0.090182
v -0.009125 -0.042300 0.087576
v -0.007978 -0.042951 0.090493
v -0.007978 -0.042951 0.090493
v -0.010038 -0.041782 0.091678
v -0.021646 -0.031012 0.096670
v -0.021646 -0.031012 0.096670
v -0.021595 -0.030795 0.107183
v -0.021595 -0.030795 0.107183
v -0.019441 -0.033488 0.102578
v -0.017403 -0.035826 0.096788
v -0.017403 -0.035826 0.096788
v -0.017403 -0.035826 0.096788
v -0.016304 -0.036672 0.101741
v -0.016304 -0.036672 0.101741
v -0.014935 -0.030686 0.104628
v -0.012609 -0.032519 0.102608
v -0.014376 -0.038448 0.095484
v -0.014376 -0.038448 0.095484
v -0.015014 -0.037911 0.096751
v -0.015014 -0.037911 0.096751
v -0.011369 -0.040644 0.099751
v -0.011369 -0.040644 0.099751
v -0.013628 -0.038922 0.104351
v -0.013628 -0.038922 0.104351
v -0.012145 -0.040220 0.094359
v -0.010158 -0.042177 0.093933
v -0.007130 -0.043412 0.092626
v -0.007130 -0.043412 0.092626
v -0.007130 -0.043412 0.092626
v -0.007130 -0.043412 0.092626
v -0.008634 -0.042667 0.095223
v -0.008634 -0.042667 0.095223
v -0.010016 -0.041728 0.096204
v -0.010016 -0.041728 0.096204
v -0.008195 -0.042682 0.098338
v -0.009701 -0.035172 0.103514
v -0.008429 -0.035357 0.098759
v -0.008429 -0.035357 0.098759
v -0.006911 -0.036896 0.102041
v -0.004143 -0.038038 0.097409
v -0.007313 -0.043166 0.106882
v -0.007313 -0.043166 0.106882
v -0.024376 -0.026487 0.111209
v -0.022697 -0.028911 0.112340
v -0.023910 -0.023563 0.114033
v -0.023910 -0.023563 0.114033
v -0.023149 -0.026060 0.114215
v -0.023149 -0.026060 0.114215
v -0.023149 -0.026060 0.114215
v -0.023771 -0.026377 0.113993
v -0.023771 -0.026377 0.113993
v -0.021612 -0.024645 0.112154
v -0.021612 -0.024645 0.112154
v -0.021612 -0.024645 0.112154
v -0.023919 -0.026770 0.113439
v -0.020575 -0.026860 0.112929
v -0.022422 -0.028831 0.113644
v -0.022422 -0.028831 0.113644
v -0.022248 -0.025503 0.113710
v -0.021162 -0.027934 0.114028
v -0.021162 -0.027934 0.114028
v -0.020149 -0.028416 0.113620
v -0.020149 -0.028416 0.113620
v -0.020149 -0.028416 0.113620
v -0.021444 -0.029029 0.114212
v -0.020555 -0.029834 0.114221
v -0.020555 -0.029834 0.114221
v -0.020938 -0.031072 0.113198
v -0.021206 -0.030078 0.113923
v -0.021206 -0.030078 0.113923
v -0.016780 -0.030247 0.110207
v -0.017913 -0.034949 0.108577
v -0.019283 -0.033198 0.112510
v -0.019283 -0.033198 0.112510
v -0.013130 -0.033456 0.108147
v -0.013130 -0.033456 0.108147
v -0.013130 -0.033456 0.108147
v -0.014453 -0.038065 0.111268
v -0.014453 -0.038065 0.111268
v -0.014453 -0.038065 0.111268
v -0.016433 -0.036166 0.112318
v -0.018849 -0.028415 0.111660
v -0.018849 -0.028415 0.111660
v -0.018229 -0.029727 0.112563
v -0.018229 -0.029727 0.112563
v -0.018229 -0.029727 0.112563
v -0.016182 -0.031519 0.111754
v -0.016182 -0.031519 0.111754
v -0.019806 -0.030132 0.114062
v -0.018842 -0.030141 0.113546
v -0.017380 -0.031673 0.113480
v -0.019800 -0.031926 0.113868
v -0.019800 -0.031926 0.113868
v -0.019800 -0.031926 0.113868
v -0.018286 -0.033959 0.113536
v -0.018286 -0.033959 0.113536
v -0.018552 -0.033392 0.113848
v -0.018552 -0.033392 0.113848
v -0.018552 -0.033392 0.113848
v -0.020169 -0.030740 0.114159
v -0.018879 -0.031800 0.114274
v -0.018879 -0.031800 0.114274
v -0.018879 -0.031800 0.114274
v -0.017877 -0.032902 0.114173
v -0.015747 -0.032798 0.112924
v -0.016356 -0.033446 0.113868
v -0.016916 -0.034285 0.114141
v -0.016916 -0.034285 0.114141
v -0.016916 -0.034285 0.114141
v -0.013592 -0.033847 0.111185
v -0.016612 -0.035589 0.113694
v -0.016612 -0.035589 0.113694
v -0.015196 -0.036962 0.113463
v -0.010585 -0.036311 0.111023
v -0.014549 -0.037665 0.112951
v -0.014549 -0.037665 0.112951
v -0.013470 -0.038412 0.113627
v -0.014702 -0.034796 0.113696
v -0.014702 -0.034796 0.113696
v -0.013449 -0.034919 0.112889
v -0.013449 -0.034919 0.112889
v -0.014867 -0.035841 0.114156
v -0.014460 -0.037015 0.114041
v -0.014460 -0.037015 0.114041
v -0.010527 -0.037144 0.112702
v -0.010527 -0.037144 0.112702
v -0.010801 -0.037884 0.113636
v -0.010801 -0.037884 0.113636
v -0.010801 -0.037884 0.113636
v -0.010801 -0.037884 0.113636
v -0.011534 -0.038557 0.114108
v -0.011534 -0.038557 0.114108
v -0.011430 -0.040349 0.111988
v -0.011430 -0.040349 0.111988
v -0.010395 -0.041185 0.109448
v -0.010395 -0.041185 0.109448
v -0.006958 -0.037964 0.107387
v -0.004554 -0.038668 0.103900
v -0.003297 -0.038673 0.099661
v -0.003297 -0.038673 0.099661
v -0.003297 -0.038673 0.099661
v -0.005704 -0.044039 0.102037
v -0.002934 -0.040428 0.108182
v -0.006356 -0.039225 0.111003
v -0.006863 -0.039542 0.112525
v -0.006863 -0.039542 0.112525
v -0.007550 -0.040103 0.113664
v -0.007550 -0.040103 0.113664
v -0.002573 -0.041406 0.111598
v -0.002573 -0.041406 0.111598
v -0.004442 -0.041376 0.113161
v -0.004442 -0.041376 0.113161
v -0.002053 -0.042101 0.112568
v -0.002053 -0.042101 0.112568
v -0.011579 -0.039838 0.113673
v -0.011579 -0.039838 0.113673
v -0.011402 -0.039129 0.114100
v -0.010395 -0.040052 0.114101
v -0.010395 -0.040052 0.114101
v -0.009632 -0.041230 0.113509
v -0.009632 -0.041230 0.113509
v -0.009632 -0.041230 0.113509
v -0.009753 -0.040610 0.114027
v -0.009753 -0.040610 0.114027
v -0.008500 -0.040855 0.114170
v -0.008500 -0.040855 0.114170
v -0.008309 -0.041795 0.113737
v -0.008309 -0.041795 0.113737
v -0.007341 -0.042946 0.111991
v -0.003910 -0.044753 0.111700
v -0.003910 -0.044753 0.111700
v -0.007519 -0.041210 0.114093
v -0.007519 -0.041210 0.114093
v -0.005846 -0.043434 0.113524
v -0.005482 -0.042846 0.114086
v -0.005482 -0.042846 0.114086
v -0.005085 -0.042121 0.113942
v -0.002297 -0.042892 0.113596
v -0.002988 -0.043594 0.114018
v -0.003118 -0.044285 0.113915
v -0.003118 -0.044285 0.113915
v -0.001674 -0.045510 0.113183
v -0.042289 0.005767 0.084522
v -0.042289 0.005767 0.084522
v -0.042701 0.007258 0.085476
v -0.041562 0.006984 0.085494
v -0.042794 0.007802 0.086266
v -0.041102 0.004958 0.084297
v -0.040838 0.003436 0.083863
v -0.040838 0.003436 0.083863
v -0.040838 0.003436 0.083863
v -0.038761 0.004813 0.084356
v -0.039509 0.002392 0.083836
v -0.039083 0.007618 0.086309
v -0.040004 0.006966 0.085536
v -0.037856 0.006870 0.085429
v -0.037856 0.006870 0.085429
v -0.036810 0.005224 0.084328
v -0.036810 0.005224 0.084328
v -0.037962 0.003098 0.083868
v -0.041527 0.000097 0.083507
v -0.041527 0.000097 0.083507
v -0.041527 0.000097 0.083507
v -0.037620 0.000418 0.083546
v -0.037620 0.000418 0.083546
v -0.039928 -0.001019 0.083617
v -0.039928 -0.001019 0.083617
v -0.034064 0.007252 0.085256
v -0.030557 0.006834 0.078712
v -0.030557 0.006834 0.078712
v -0.030786 0.005179 0.082215
v -0.030786 0.005179 0.082215
v -0.030577 0.006203 0.083128
v -0.031137 0.005382 0.083361
v -0.031137 0.005382 0.083361
v -0.031137 0.005382 0.083361
v -0.030718 0.007033 0.084396
v -0.031149 0.006732 0.084841
v -0.031149 0.006732 0.084841
v -0.031521 0.006081 0.084185
v -0.031521 0.006081 0.084185
v -0.024169 0.007837 0.083523
v -0.024169 0.007837 0.083523
v -0.023285 0.009882 0.087780
v -0.023285 0.009882 0.087780
v -0.024829 0.002966 0.086459
v -0.024057 0.006536 0.089321
v -0.024057 0.006536 0.089321
v -0.024057 0.006536 0.089321
v -0.034230 0.005652 0.084112
v -0.034230 0.005652 0.084112
v -0.033974 0.004175 0.083425
v -0.035815 0.001753 0.083258
v -0.035815 0.001753 0.083258
v -0.032130 0.004641 0.083487
v -0.032130 0.004641 0.083487
v -0.031853 0.003345 0.082812
v -0.031853 0.003345 0.082812
v -0.033353 0.002337 0.082847
v -0.032026 0.001167 0.082340
v -0.032026 0.001167 0.082340
v -0.032026 0.001167 0.082340
v -0.033291 -0.002398 0.082386
v -0.033291 -0.002398 0.082386
v -0.037682 -0.003202 0.083502
v -0.037682 -0.003202 0.083502
v -0.036871 -0.004609 0.083405
v -0.036871 -0.004609 0.083405
v -0.031334 0.001691 0.081714
v -0.031391 -0.000954 0.081110
v -0.031391 -0.000954 0.081110
v -0.031928 -0.000654 0.082028
v -0.031928 -0.000654 0.082028
v -0.031348 0.003796 0.082647
v -0.031348 0.003796 0.082647
v -0.031681 -0.002230 0.081540
v -0.031681 -0.002230 0.081540
v -0.031681 -0.002230 0.081540
v -0.031681 -0.002230 0.081540
v -0.032255 -0.002772 0.082034
v -0.032255 -0.002772 0.082034
v -0.032255 -0.002772 0.082034
v -0.032264 -0.004584 0.082189
v -0.032264 -0.004584 0.082189
v -0.032256 -0.006529 0.082579
v -0.032256 -0.006529 0.082579
v -0.037351 -0.006813 0.083948
v -0.031610 -0.004272 0.081478
v -0.031610 -0.004272 0.081478
v -0.031610 -0.004272 0.081478
v -0.031610 -0.004272 0.081478
v -0.031724 -0.006887 0.082334
v -0.031724 -0.006887 0.082334
v -0.031724 -0.006887 0.082334
v -0.025125 -0.000040 0.086088
v -0.025306 -0.004075 0.084940
v -0.025306 -0.004075 0.084940
v -0.025046 -0.007824 0.084643
v -0.025046 -0.007824 0.084643
v -0.024896 -0.000312 0.091597
v -0.024505 -0.008567 0.092138
v -0.022134 0.012479 0.092740
v -0.022134 0.012479 0.092740
v -0.023655 0.007724 0.092754
v -0.023655 0.007724 0.092754
v -0.039089 -0.005303 0.083813
v -0.038431 -0.008218 0.084741
v -0.034694 -0.008053 0.083758
v -0.039018 -0.009154 0.085419
v -0.039018 -0.009154 0.085419
v -0.039018 -0.009154 0.085419
v -0.036768 -0.009370 0.085167
v -0.034099 -0.009636 0.084558
v -0.031117 -0.008231 0.081955
v -0.032303 -0.008842 0.083768
v -0.032303 -0.008842 0.083768
v -0.031646 -0.009354 0.083844
v -0.031646 -0.009354 0.083844
v -0.031646 -0.009354 0.083844
v -0.031646 -0.009354 0.083844
v -0.031032 -0.009786 0.083375
v -0.031032 -0.009786 0.083375
v -0.032345 -0.009872 0.084665
v -0.024286 -0.011173 0.087639
v -0.024286 -0.011173 0.087639
v -0.023321 -0.014066 0.092329
v -0.022061 -0.017835 0.091378
v -0.022061 -0.017835 0.091378
v -0.021183 -0.020638 0.085534
v -0.021183 -0.020638 0.085534
v -0.020646 -0.020858 0.092120
v -0.018827 -0.024051 0.092146
v -0.017688 -0.025928 0.090487
v -0.017688 -0.025928 0.090487
v -0.017688 -0.025928 0.090487
v -0.015083 -0.029436 0.087859
v -0.015245 -0.028928 0.093091
v -0.015245 -0.028928 0.093091
v -0.012506 -0.031958 0.088973
v -0.010039 -0.034262 0.087678
v -0.007585 -0.036686 0.081584
v -0.007585 -0.036686 0.081584
v -0.007585 -0.036686 0.081584
v -0.006854 -0.036646 0.087004
v -0.006854 -0.036646 0.087004
v -0.009303 -0.034462 0.094986
v -0.006245 -0.036686 0.093643
v 0.023988 0.043605 0.052904
v 0.024327 0.043848 0.055584
v 0.026242 0.043177 0.052574
v 0.026242 0.043177 0.052574
v 0.028693 0.042373 0.049996
v 0.031386 0.041456 0.050091
v 0.028959 0.042995 0.051735
v 0.029552 0.042797 0.051561
v 0.029552 0.042797 0.051561
v 0.028749 0.043075 0.052950
v 0.028749 0.043075 0.052950
v 0.028200 0.042971 0.054377
v 0.028200 0.042971 0.054377
v 0.028200 0.042971 0.054377
v 0.029846 0.042813 0.052307
v 0.029846 0.042813 0.052307
v 0.031751 0.041754 0.052907
v 0.031751 0.041754 0.052907
v 0.024715 0.044585 0.058148
v 0.024715 0.044585 0.058148
v 0.025535 0.043675 0.055745
v 0.027538 0.043303 0.056518
v 0.027538 0.043303 0.056518
v 0.025486 0.044582 0.058416
v 0.027578 0.043613 0.058651
v 0.026805 0.043834 0.060541
v 0.029500 0.042981 0.059170
v 0.030091 0.042467 0.054314
v 0.030091 0.042467 0.054314
v 0.030829 0.042340 0.055903
v 0.035035 0.040587 0.054328
v 0.033235 0.041637 0.056035
v 0.033235 0.041637 0.056035
v 0.033235 0.041637 0.056035
v 0.032114 0.042351 0.058017
v 0.032114 0.042351 0.058017
v 0.033731 0.042052 0.057689
v 0.033731 0.042052 0.057689
v 0.033196 0.040665 0.049127
v 0.033196 0.040665 0.049127
v 0.035078 0.039706 0.047713
v 0.035078 0.039706 0.047713
v 0.034944 0.040417 0.052169
v 0.034944 0.040417 0.052169
v 0.036293 0.039491 0.050128
v 0.038794 0.037726 0.047623
v 0.041047 0.036740 0.046205
v 0.038518 0.038453 0.050383
v 0.038518 0.038453 0.050383
v 0.040363 0.036996 0.048461
v 0.040008 0.037726 0.051674
v 0.037562 0.039864 0.052228
v 0.037866 0.039814 0.052595
v 0.037866 0.039814 0.052595
v 0.036711 0.039936 0.054964
v 0.036711 0.039936 0.054964
v 0.036711 0.039936 0.054964
v 0.035538 0.040642 0.056580
v 0.035538 0.040642 0.056580
v 0.039063 0.038677 0.054170
v 0.039063 0.038677 0.054170
v 0.039627 0.038404 0.055341
v 0.039627 0.038404 0.055341
v 0.039372 0.038871 0.058202
v 0.042101 0.036510 0.052337
v 0.042101 0.036510 0.052337
v 0.042101 0.036510 0.052337
v 0.042623 0.036690 0.056064
v 0.042623 0.036690 0.056064
v 0.028526 0.043481 0.061922
v 0.027274 0.043971 0.063556
v 0.027675 0.044076 0.066081
v 0.029096 0.044053 0.064649
v 0.029096 0.044053 0.064649
v 0.029963 0.043779 0.064518
v 0.030781 0.042874 0.062169
v 0.032406 0.042259 0.060574
v 0.032406 0.042259 0.060574
v 0.032406 0.042259 0.060574
v 0.032406 0.042259 0.060574
v 0.032702 0.042367 0.058614
v 0.034244 0.041935 0.058574
v 0.034244 0.041935 0.058574
v 0.034244 0.041935 0.058574
v 0.035502 0.040961 0.059926
v 0.034260 0.041544 0.060691
v 0.034260 0.041544 0.060691
v 0.032356 0.042390 0.063135
v 0.032356 0.042390 0.063135
v 0.036660 0.040577 0.061608
v 0.036660 0.040577 0.061608
v 0.027309 0.044178 0.067837
v 0.029571 0.043631 0.066928
v 0.028804 0.043885 0.069078
v 0.028804 0.043885 0.069078
v 0.031556 0.042895 0.066408
v 0.031556 0.042895 0.066408
v 0.032175 0.042853 0.069196
v 0.031554 0.043168 0.071848
v 0.035249 0.041524 0.066455
v 0.035307 0.041408 0.063731
v 0.035307 0.041408 0.063731
v 0.033640 0.042301 0.068212
v 0.035790 0.041558 0.068570
v 0.035966 0.040638 0.058068
v 0.040035 0.038699 0.060214
v 0.040035 0.038699 0.060214
v 0.039629 0.039005 0.061863
v 0.040554 0.038140 0.056802
v 0.040554 0.038140 0.056802
v 0.041805 0.038027 0.057965
v 0.041805 0.038027 0.057965
v 0.041805 0.038027 0.057965
v 0.042897 0.037350 0.058450
v 0.042897 0.037350 0.058450
v 0.043476 0.036472 0.057889
v 0.041987 0.038041 0.058753
v 0.041987 0.038041 0.058753
v 0.042192 0.037436 0.061221
v 0.043725 0.036312 0.059861
v 0.043725 0.036312 0.059861
v 0.037219 0.041073 0.064180
v 0.037219 0.041073 0.064180
v 0.037962 0.040731 0.064539
v 0.040070 0.038955 0.064142
v 0.037508 0.040622 0.066342
v 0.039203 0.039612 0.066505
v 0.039203 0.039612 0.066505
v 0.037502 0.040544 0.067931
v 0.043736 0.036674 0.063715
v 0.044662 0.035736 0.061376
v 0.044891 0.035863 0.062796
v 0.043737 0.036834 0.066211
v 0.045504 0.036156 0.064587
v 0.045504 0.036156 0.064587
v 0.042130 0.037920 0.067516
v 0.045231 0.035840 0.067064
v 0.045231 0.035840 0.067064
v 0.046120 0.035733 0.065195
v 0.041795 0.036170 0.045922
v 0.043481 0.034440 0.046081
v 0.043481 0.034440 0.046081
v 0.042145 0.035814 0.047555
v 0.043266 0.035193 0.049336
v 0.043266 0.035193 0.049336
v 0.045500 0.033552 0.049258
v 0.045603 0.033022 0.046783
v 0.045603 0.033022 0.046783
v 0.046740 0.032420 0.048719
v 0.047379 0.030875 0.043894
v 0.047379 0.030875 0.043894
v 0.047894 0.031482 0.045390
v 0.047894 0.031482 0.045390
v 0.047522 0.031942 0.045983
v 0.049382 0.029227 0.045365
v 0.049382 0.029227 0.045365
v 0.048282 0.031157 0.045708
v 0.048035 0.031565 0.046595
v 0.048035 0.031565 0.046595
v 0.048035 0.031565 0.046595
v 0.048907 0.030377 0.048269
v 0.045068 0.034263 0.050119
v 0.043839 0.035399 0.051042
v 0.043601 0.035743 0.052510
v 0.045571 0.034669 0.051267
v 0.045008 0.035302 0.052054
v 0.046180 0.033945 0.051280
v 0.046180 0.033945 0.051280
v 0.046719 0.032861 0.050640
v 0.046719 0.032861 0.050640
v 0.045736 0.034805 0.052521
v 0.044039 0.035492 0.054657
v 0.044039 0.035492 0.054657
v 0.046987 0.033029 0.052363
v 0.046578 0.033495 0.054118
v 0.046578 0.033495 0.054118
v 0.045781 0.034269 0.054521
v 0.047860 0.032327 0.054549
v 0.047860 0.032327 0.054549
v 0.047860 0.032327 0.054549
v 0.047860 0.032327 0.054549
v 0.048616 0.031134 0.051250
v 0.048616 0.031134 0.051250
v 0.049518 0.030226 0.050609
v 0.050995 0.028325 0.049165
v 0.050995 0.028325 0.049165
v 0.051675 0.029097 0.051777
v 0.051675 0.029097 0.051777
v 0.051675 0.029097 0.051777
v 0.051675 0.029097 0.051777
v 0.049936 0.030413 0.053846
v 0.051485 0.029336 0.052672
v 0.051275 0.029170 0.054613
v 0.051275 0.029170 0.054613
v 0.051612 0.026425 0.044050
v 0.051612 0.026425 0.044050
v 0.051612 0.026425 0.044050
v 0.051252 0.027369 0.046201
v 0.053367 0.025586 0.045284
v 0.052784 0.026080 0.047235
v 0.052784 0.026080 0.047235
v 0.052784 0.026080 0.047235
v 0.053435 0.025246 0.047831
v 0.053435 0.025246 0.047831
v 0.053680 0.024894 0.044931
v 0.053680 0.024894 0.044931
v 0.054915 0.021919 0.045097
v 0.054915 0.021919 0.045097
v 0.056456 0.018976 0.043334
v 0.056456 0.018976 0.043334
v 0.056303 0.019982 0.044983
v 0.054500 0.023466 0.047628
v 0.056822 0.019778 0.046959
v 0.056822 0.019778 0.046959
v 0.056822 0.019778 0.046959
v 0.057593 0.018892 0.045801
v 0.056597 0.020378 0.048652
v 0.056597 0.020378 0.048652
v 0.057382 0.018926 0.047962
v 0.057382 0.018926 0.047962
v 0.052897 0.026148 0.049548
v 0.052897 0.026148 0.049548
v 0.052577 0.026991 0.050993
v 0.052296 0.028096 0.052758
v 0.052296 0.028096 0.052758
v 0.053187 0.026581 0.053234
v 0.053187 0.026581 0.053234
v 0.053187 0.026581 0.053234
v 0.053187 0.026581 0.053234
v 0.055111 0.023277 0.050137
v 0.055111 0.023277 0.050137
v 0.054900 0.024458 0.054566
v 0.052858 0.027263 0.055083
v 0.056577 0.021127 0.049937
v 0.056577 0.021127 0.049937
v 0.056576 0.022401 0.051757
v 0.056576 0.022401 0.051757
v 0.055585 0.023298 0.052349
v 0.055585 0.023298 0.052349
v 0.056495 0.022241 0.053902
v 0.056495 0.022241 0.053902
v 0.057017 0.021663 0.051538
v 0.056837 0.022006 0.052597
v 0.044423 0.035558 0.057589
v 0.044423 0.035558 0.057589
v 0.046130 0.034050 0.056276
v 0.046130 0.034050 0.056276
v 0.046130 0.034050 0.056276
v 0.046786 0.033802 0.057895
v 0.048480 0.032357 0.056329
v 0.048480 0.032357 0.056329
v 0.047878 0.033154 0.059950
v 0.047878 0.033154 0.059950
v 0.049383 0.032391 0.058442
v 0.049708 0.030874 0.055700
v 0.048952 0.032595 0.057679
v 0.049636 0.031867 0.057442
v 0.049636 0.031867 0.057442
v 0.049636 0.031867 0.057442
v 0.051002 0.029612 0.056831
v 0.051002 0.029612 0.056831
v 0.051002 0.029612 0.056831
v 0.051018 0.029999 0.059442
v 0.049092 0.032041 0.060714
v 0.049092 0.032041 0.060714
v 0.053450 0.026899 0.056995
v 0.053450 0.026899 0.056995
v 0.046561 0.034324 0.061929
v 0.046561 0.034324 0.061929
v 0.046234 0.035605 0.064375
v 0.046234 0.035605 0.064375
v 0.047786 0.033419 0.063267
v 0.047786 0.033419 0.063267
v 0.047986 0.033407 0.065404
v 0.047986 0.033407 0.065404
v 0.046706 0.034619 0.067184
v 0.049848 0.031590 0.064473
v 0.049848 0.031590 0.064473
v 0.050571 0.030651 0.062587
v 0.052068 0.029050 0.061988
v 0.052068 0.029050 0.061988
v 0.052903 0.027711 0.058967
v 0.052149 0.030060 0.065045
v 0.052605 0.029606 0.064310
v 0.052605 0.029606 0.064310
v 0.053251 0.027685 0.062464
v 0.053251 0.027685 0.062464
v 0.053125 0.028820 0.064380
v 0.053829 0.027486 0.065055
v 0.054858 0.025029 0.056452
v 0.054858 0.025029 0.056452
v 0.055225 0.025715 0.058580
v 0.055225 0.025715 0.058580
v 0.056026 0.023291 0.057149
v 0.056026 0.023291 0.057149
v 0.054874 0.026079 0.059227
v 0.054874 0.026079 0.059227
v 0.056377 0.022358 0.055241
v 0.054241 0.026428 0.061330
v 0.055636 0.024436 0.060896
v 0.055636 0.024436 0.060896
v 0.056563 0.022659 0.059249
v 0.056563 0.022659 0.059249
v 0.054743 0.025841 0.063997
v 0.030019 0.043840 0.073895
v 0.030019 0.043840 0.073895
v 0.030019 0.043840 0.073895
v 0.029753 0.044475 0.076063
v 0.029753 0.044475 0.076063
v 0.030331 0.044335 0.076169
v 0.032046 0.043185 0.074302
v 0.032046 0.043185 0.074302
v 0.034257 0.042275 0.073955
v 0.034257 0.042275 0.073955
v 0.034634 0.042729 0.070310
v 0.034634 0.042729 0.070310
v 0.037265 0.040841 0.069831
v 0.037265 0.040841 0.069831
v 0.035473 0.042274 0.070792
v 0.035473 0.042274 0.070792
v 0.033239 0.042870 0.071108
v 0.034228 0.042436 0.072522
v 0.034228 0.042436 0.072522
v 0.036372 0.041364 0.072382
v 0.036676 0.041366 0.074511
v 0.038452 0.040476 0.073511
v 0.031557 0.043476 0.077992
v 0.031557 0.043476 0.077992
v 0.032917 0.042928 0.077552
v 0.032917 0.042928 0.077552
v 0.034079 0.042663 0.079699
v 0.034079 0.042663 0.079699
v 0.035935 0.041689 0.076313
v 0.035935 0.041689 0.076313
v 0.038920 0.040938 0.075507
v 0.038920 0.040938 0.075507
v 0.036146 0.041744 0.079626
v 0.037495 0.041081 0.077974
v 0.037495 0.041081 0.077974
v 0.037495 0.041081 0.077974
v 0.037495 0.041081 0.077974
v 0.039297 0.040734 0.075703
v 0.039297 0.040734 0.075703
v 0.039187 0.040126 0.078549
v 0.040035 0.039393 0.071143
v 0.041137 0.038661 0.068585
v 0.040791 0.039028 0.072406
v 0.042696 0.038496 0.070668
v 0.042696 0.038496 0.070668
v 0.043995 0.036731 0.068156
v 0.043995 0.036731 0.068156
v 0.043995 0.036731 0.068156
v 0.043995 0.036731 0.068156
v 0.045178 0.035996 0.070760
v 0.045178 0.035996 0.070760
v 0.045178 0.035996 0.070760
v 0.043201 0.038171 0.071034
v 0.043201 0.038171 0.071034
v 0.042159 0.038194 0.073399
v 0.042159 0.038194 0.073399
v 0.042159 0.038194 0.073399
v 0.043740 0.037197 0.072837
v 0.047676 0.033967 0.069609
v 0.040063 0.039654 0.074088
v 0.040063 0.039654 0.074088
v 0.040865 0.039146 0.075205
v 0.040865 0.039146 0.075205
v 0.042370 0.038201 0.077199
v 0.042370 0.038201 0.077199
v 0.040371 0.039586 0.076870
v 0.040371 0.039586 0.076870
v 0.044133 0.037050 0.076033
v 0.044880 0.036435 0.074127
v 0.046710 0.035073 0.073621
v 0.046710 0.035073 0.073621
v 0.046875 0.035651 0.075753
v 0.046563 0.035894 0.076200
v 0.046563 0.035894 0.076200
v 0.045574 0.036184 0.077957
v 0.047353 0.034630 0.078376
v 0.047353 0.034630 0.078376
v 0.047353 0.034630 0.078376
v 0.047353 0.034630 0.078376
v 0.048597 0.033486 0.077420
v 0.048597 0.033486 0.077420
v 0.032315 0.043272 0.083081
v 0.034660 0.042899 0.081817
v 0.035114 0.042671 0.081375
v 0.035114 0.042671 0.081375
v 0.034081 0.042620 0.084378
v 0.034081 0.042620 0.084378
v 0.033103 0.043027 0.086861
v 0.033103 0.043027 0.086861
v 0.036519 0.041584 0.083805
v 0.036519 0.041584 0.083805
v 0.037259 0.041217 0.081259
v 0.037259 0.041217 0.081259
v 0.040136 0.039701 0.082928
v 0.040136 0.039701 0.082928
v 0.037437 0.041199 0.086388
v 0.037437 0.041199 0.086388
v 0.039422 0.040222 0.085647
v 0.041021 0.039222 0.085372
v 0.041021 0.039222 0.085372
v 0.041524 0.038932 0.079937
v 0.041524 0.038932 0.079937
v 0.043552 0.037646 0.079751
v 0.043552 0.037646 0.079751
v 0.043292 0.038439 0.081642
v 0.043292 0.038439 0.081642
v 0.044997 0.036526 0.080042
v 0.042579 0.038823 0.082065
v 0.042579 0.038823 0.082065
v 0.042579 0.038823 0.082065
v 0.042041 0.038718 0.084005
v 0.042041 0.038718 0.084005
v 0.045165 0.036509 0.082765
v 0.043458 0.038333 0.082432
v 0.043814 0.037558 0.084155
v 0.043814 0.037558 0.084155
v 0.043629 0.037506 0.086612
v 0.049443 0.032122 0.067235
v 0.049951 0.032745 0.071219
v 0.048992 0.033124 0.069857
v 0.048992 0.033124 0.069857
v 0.048992 0.033124 0.069857
v 0.050314 0.031282 0.067815
v 0.050314 0.031282 0.067815
v 0.050222 0.032489 0.070731
v 0.050902 0.030812 0.066379
v 0.050902 0.030812 0.066379
v 0.051897 0.029746 0.069430
v 0.052720 0.028824 0.067397
v 0.052720 0.028824 0.067397
v 0.052810 0.029370 0.065252
v 0.048485 0.033529 0.072302
v 0.048218 0.033769 0.074000
v 0.049965 0.032148 0.073202
v 0.049965 0.032148 0.073202
v 0.049965 0.032148 0.073202
v 0.051847 0.030001 0.072137
v 0.051847 0.030001 0.072137
v 0.051355 0.030696 0.073976
v 0.051355 0.030696 0.073976
v 0.051355 0.030696 0.073976
v 0.051355 0.030696 0.073976
v 0.058780 0.016788 0.051204
v 0.057569 0.019591 0.051096
v 0.057687 0.019811 0.053879
v 0.057687 0.019811 0.053879
v 0.058788 0.017508 0.054134
v 0.058287 0.019305 0.056517
v 0.058050 0.020114 0.058144
v 0.058050 0.020114 0.058144
v 0.059318 0.017362 0.056368
v 0.059318 0.017362 0.056368
v 0.059318 0.017362 0.056368
v 0.059459 0.018592 0.058709
v 0.059798 0.017878 0.058356
v 0.059798 0.017878 0.058356
v 0.055956 0.024132 0.063273
v 0.055956 0.024132 0.063273
v 0.057152 0.022134 0.062131
v 0.057152 0.022134 0.062131
v 0.057152 0.022134 0.062131
v 0.054277 0.026754 0.066770
v 0.054277 0.026754 0.066770
v 0.058695 0.019336 0.060224
v 0.059615 0.017293 0.060972
v 0.058446 0.019778 0.062339
v 0.057374 0.022876 0.064668
v 0.057374 0.022876 0.064668
v 0.058045 0.021926 0.064597
v 0.058605 0.020222 0.065092
v 0.059237 0.018630 0.066228
v 0.060313 0.016055 0.062890
v 0.060313 0.016055 0.062890
v 0.032959 0.043060 0.089189
v 0.036797 0.041490 0.088978
v 0.033670 0.042858 0.091342
v 0.033670 0.042858 0.091342
v 0.036115 0.041836 0.091230
v 0.035041 0.042884 0.093568
v 0.040042 0.040418 0.088117
v 0.038903 0.040434 0.090562
v 0.040885 0.039288 0.090407
v 0.047505 0.034596 0.081717
v 0.047505 0.034596 0.081717
v 0.048959 0.033378 0.079925
v 0.048959 0.033378 0.079925
v 0.045734 0.036010 0.085209
v 0.045734 0.036010 0.085209
v 0.045734 0.036010 0.085209
v 0.045734 0.036010 0.085209
v 0.041581 0.038974 0.087457
v 0.041581 0.038974 0.087457
v 0.041581 0.038974 0.087457
v 0.043149 0.037916 0.091242
v 0.045549 0.036324 0.086819
v 0.045549 0.036324 0.086819
v 0.044847 0.036771 0.088649
v 0.044847 0.036771 0.088649
v 0.048697 0.033756 0.083740
v 0.048213 0.034068 0.085459
v 0.048213 0.034068 0.085459
v 0.048213 0.034068 0.085459
v 0.050085 0.032486 0.084109
v 0.050085 0.032486 0.084109
v 0.047359 0.035498 0.088152
v 0.047359 0.035498 0.088152
v 0.045646 0.036158 0.090546
v 0.049242 0.033111 0.087469
v 0.049242 0.033111 0.087469
v 0.051554 0.030753 0.085506
v 0.051554 0.030753 0.085506
v 0.053662 0.027758 0.069187
v 0.055032 0.026015 0.068268
v 0.055032 0.026015 0.068268
v 0.050802 0.031402 0.076851
v 0.050802 0.031402 0.076851
v 0.053168 0.029683 0.075883
v 0.054160 0.027396 0.072231
v 0.055568 0.026225 0.070760
v 0.053146 0.028840 0.073672
v 0.053146 0.028840 0.073672
v 0.054477 0.027062 0.074291
v 0.055231 0.025962 0.073709
v 0.055231 0.025962 0.073709
v 0.054527 0.027173 0.076810
v 0.054527 0.027173 0.076810
v 0.056217 0.024012 0.066624
v 0.056217 0.024012 0.066624
v 0.057354 0.022443 0.067042
v 0.056582 0.023671 0.068547
v 0.056582 0.023671 0.068547
v 0.055894 0.025794 0.070380
v 0.055894 0.025794 0.070380
v 0.057029 0.023130 0.070989
v 0.058437 0.020744 0.071069
v 0.058349 0.020559 0.067054
v 0.058349 0.020559 0.067054
v 0.058992 0.019593 0.068775
v 0.058992 0.019593 0.068775
v 0.060281 0.016527 0.065787
v 0.060113 0.017098 0.068003
v 0.060240 0.018395 0.070623
v 0.060240 0.018395 0.070623
v 0.060479 0.017795 0.070659
v 0.060768 0.015562 0.069023
v 0.060768 0.015562 0.069023
v 0.060887 0.015767 0.071509
v 0.061322 0.014584 0.072970
v 0.056469 0.024155 0.072657
v 0.058243 0.021420 0.073673
v 0.056971 0.023588 0.074269
v 0.056971 0.023588 0.074269
v 0.056971 0.023588 0.074269
v 0.058179 0.022553 0.075933
v 0.058179 0.022553 0.075933
v 0.056887 0.023921 0.076729
v 0.056887 0.023921 0.076729
v 0.058510 0.022002 0.076119
v 0.059192 0.019563 0.074501
v 0.059477 0.019121 0.076743
v 0.059477 0.019121 0.076743
v 0.059300 0.019475 0.072469
v 0.060204 0.017660 0.072670
v 0.060204 0.017660 0.072670
v 0.060591 0.016550 0.074105
v 0.060591 0.016550 0.074105
v 0.061686 0.015047 0.076335
v 0.061686 0.015047 0.076335
v 0.062053 0.014021 0.076048
v 0.050890 0.031458 0.079970
v 0.050890 0.031458 0.079970
v 0.052418 0.029882 0.078102
v 0.050152 0.032972 0.082315
v 0.051814 0.030551 0.082649
v 0.053739 0.028233 0.081709
v 0.053643 0.028314 0.078388
v 0.053643 0.028314 0.078388
v 0.056398 0.024637 0.079189
v 0.054488 0.027258 0.079540
v 0.056083 0.026047 0.081895
v 0.056083 0.026047 0.081895
v 0.053223 0.028855 0.084381
v 0.051024 0.031283 0.089208
v 0.051024 0.031283 0.089208
v 0.053459 0.029463 0.087860
v 0.054733 0.027079 0.084169
v 0.054733 0.027079 0.084169
v 0.056559 0.024455 0.084588
v 0.054636 0.027177 0.085389
v 0.054636 0.027177 0.085389
v 0.055276 0.026228 0.088581
v 0.055276 0.026228 0.088581
v 0.056816 0.024180 0.088481
v 0.056816 0.024180 0.088481
v 0.057456 0.023122 0.085568
v 0.058559 0.022146 0.087902
v 0.057616 0.022748 0.078701
v 0.057616 0.022748 0.078701
v 0.058712 0.020750 0.078534
v 0.057664 0.022555 0.081590
v 0.057664 0.022555 0.081590
v 0.057664 0.022555 0.081590
v 0.057664 0.022555 0.081590
v 0.059460 0.019452 0.079981
v 0.058669 0.020903 0.083039
v 0.058669 0.020903 0.083039
v 0.060466 0.018402 0.082053
v 0.060860 0.016370 0.078643
v 0.060860 0.016370 0.078643
v 0.060860 0.016370 0.078643
v 0.060515 0.017351 0.079858
v 0.059589 0.019296 0.084586
v 0.058872 0.020751 0.085442
v 0.061790 0.014029 0.078572
v 0.062357 0.012074 0.078404
v 0.062357 0.012074 0.078404
v 0.062218 0.012548 0.080484
v 0.062218 0.012548 0.080484
v 0.062218 0.012548 0.080484
v 0.062218 0.012548 0.080484
v 0.061260 0.015418 0.080977
v 0.060795 0.017533 0.081877
v 0.062950 0.010536 0.080062
v 0.062950 0.010536 0.080062
v 0.061329 0.015230 0.083608
v 0.062529 0.012051 0.083482
v 0.063598 0.009780 0.082054
v 0.063598 0.009780 0.082054
v 0.060122 0.018009 0.087866
v 0.060731 0.016825 0.084286
v 0.061728 0.014409 0.085534
v 0.061728 0.014409 0.085534
v 0.062151 0.014110 0.088208
v 0.062753 0.011021 0.085294
v 0.062753 0.011021 0.085294
v 0.062642 0.011413 0.090343
v 0.063448 0.008118 0.086395
v 0.063448 0.008118 0.086395
v 0.057520 0.018681 0.044678
v 0.057520 0.018681 0.044678
v 0.057305 0.017626 0.043463
v 0.057305 0.017626 0.043463
v 0.058083 0.017810 0.045273
v 0.058083 0.017810 0.045273
v 0.058496 0.015813 0.046037
v 0.059304 0.013242 0.045660
v 0.059304 0.013242 0.045660
v 0.058280 0.016901 0.047665
v 0.058280 0.016901 0.047665
v 0.059220 0.015036 0.049204
v 0.059220 0.015036 0.049204
v 0.059220 0.015036 0.049204
v 0.060268 0.011961 0.048601
v 0.060995 0.010120 0.045473
v 0.060583 0.008541 0.043911
v 0.061143 0.007643 0.046185
v 0.061658 0.004811 0.046847
v 0.060325 0.011615 0.046929
v 0.061133 0.009578 0.046209
v 0.061133 0.009578 0.046209
v 0.061136 0.008801 0.047804
v 0.061136 0.008801 0.047804
v 0.061418 0.007865 0.048909
v 0.061418 0.007865 0.048909
v 0.059840 0.013844 0.049560
v 0.059840 0.013844 0.049560
v 0.060579 0.014278 0.051472
v 0.059950 0.015434 0.053629
v 0.059950 0.015434 0.053629
v 0.060155 0.015115 0.051888
v 0.060155 0.015115 0.051888
v 0.060787 0.014064 0.052043
v 0.060787 0.014064 0.052043
v 0.060506 0.012164 0.050189
v 0.061058 0.011704 0.052760
v 0.061058 0.011704 0.052760
v 0.060619 0.013467 0.054206
v 0.060619 0.013467 0.054206
v 0.061401 0.009700 0.052144
v 0.061401 0.009700 0.052144
v 0.061701 0.008539 0.051556
v 0.062030 0.006838 0.050151
v 0.062101 0.005151 0.049357
v 0.062684 0.006253 0.051171
v 0.062432 0.007146 0.053266
v 0.062432 0.007146 0.053266
v 0.061018 0.012226 0.055195
v 0.061018 0.012226 0.055195
v 0.062005 0.008365 0.054577
v 0.062781 0.006467 0.051921
v 0.062183 0.003178 0.048456
v 0.062183 0.003178 0.048456
v 0.062533 0.003213 0.050724
v 0.062915 0.005333 0.051604
v 0.062944 0.005490 0.052611
v 0.062944 0.005490 0.052611
v 0.062857 0.002749 0.053329
v 0.062587 0.005935 0.054534
v 0.062587 0.005935 0.054534
v 0.062815 0.004026 0.053703
v 0.062815 0.004026 0.053703
v 0.063029 0.003183 0.055615
v 0.063181 0.000011 0.054362
v 0.062837 0.000550 0.051544
v 0.062544 0.001839 0.045972
v 0.062441 0.000866 0.045482
v 0.062383 -0.000342 0.047200
v 0.062433 0.001208 0.048769
v 0.062433 0.001208 0.048769
v 0.062599 -0.002209 0.049074
v 0.062759 -0.000190 0.050388
v 0.062414 -0.004539 0.047418
v 0.062627 -0.006819 0.046274
v 0.062711 -0.004534 0.049724
v 0.062711 -0.004534 0.049724
v 0.062711 -0.004534 0.049724
v 0.062456 -0.007124 0.047858
v 0.062456 -0.007124 0.047858
v 0.062585 -0.005786 0.049563
v 0.063575 -0.002687 0.051796
v 0.062947 -0.005473 0.051603
v 0.062947 -0.005473 0.051603
v 0.063700 -0.002350 0.052770
v 0.063596 -0.003392 0.052512
v 0.063596 -0.003392 0.052512
v 0.063214 -0.005378 0.054445
v 0.063381 -0.001891 0.054894
v 0.063451 -0.004660 0.057296
v 0.063451 -0.004660 0.057296
v 0.059783 0.015640 0.055125
v 0.060169 0.015349 0.057489
v 0.060169 0.015349 0.057489
v 0.060387 0.015066 0.059920
v 0.060387 0.015066 0.059920
v 0.060387 0.015066 0.059920
v 0.060387 0.015066 0.059920
v 0.061173 0.012562 0.057815
v 0.061173 0.012562 0.057815
v 0.061173 0.012562 0.057815
v 0.061722 0.010662 0.056396
v 0.061779 0.011666 0.060649
v 0.061779 0.011666 0.060649
v 0.062640 0.010041 0.058509
v 0.062148 0.008754 0.056122
v 0.062148 0.008754 0.056122
v 0.061186 0.013830 0.062432
v 0.061186 0.013830 0.062432
v 0.061186 0.013830 0.062432
v 0.061639 0.012115 0.062551
v 0.061639 0.012115 0.062551
v 0.061439 0.014737 0.064331
v 0.061671 0.014102 0.064664
v 0.062057 0.011048 0.065004
v 0.062057 0.011048 0.065004
v 0.062567 0.007146 0.057500
v 0.062567 0.007146 0.057500
v 0.062567 0.007146 0.057500
v 0.063196 0.004134 0.057687
v 0.063986 0.002012 0.058204
v 0.063986 0.002012 0.058204
v 0.062752 0.009198 0.059128
v 0.062688 0.007529 0.059211
v 0.062585 0.008482 0.061103
v 0.063091 0.005567 0.060921
v 0.063091 0.005567 0.060921
v 0.063459 0.003616 0.059576
v 0.063459 0.003616 0.059576
v 0.063449 0.001016 0.056281
v 0.064094 0.001540 0.058787
v 0.063646 0.002046 0.060989
v 0.063646 0.002046 0.060989
v 0.062855 0.008359 0.065281
v 0.062812 0.008004 0.062563
v 0.063797 0.005957 0.063781
v 0.063512 0.003805 0.062132
v 0.063512 0.003805 0.062132
v 0.063308 0.006324 0.067552
v 0.063428 0.006702 0.065194
v 0.063652 0.003983 0.066309
v 0.063687 0.002131 0.063671
v 0.063900 -0.000451 0.063030
v 0.063900 -0.000451 0.063030
v 0.063900 -0.000451 0.063030
v 0.063732 -0.000590 0.060635
v 0.063701 0.003927 0.064217
v 0.064066 -0.000501 0.066178
v 0.064066 -0.000501 0.066178
v 0.064066 -0.000501 0.066178
v 0.064077 0.000990 0.067498
v 0.063533 -0.000881 0.056934
v 0.064037 0.001283 0.058186
v 0.064037 0.001283 0.058186
v 0.063601 -0.001949 0.058817
v 0.063601 -0.001949 0.058817
v 0.063897 -0.003140 0.061875
v 0.063897 -0.003140 0.061875
v 0.062333 -0.008157 0.049070
v 0.062333 -0.008157 0.049070
v 0.062677 -0.008038 0.051464
v 0.062677 -0.008038 0.051464
v 0.062282 -0.009505 0.049651
v 0.062282 -0.009505 0.049651
v 0.062864 -0.010957 0.051944
v 0.062054 -0.011051 0.049372
v 0.062712 -0.011485 0.051447
v 0.061537 -0.013685 0.050038
v 0.061537 -0.013685 0.050038
v 0.061561 -0.014666 0.053217
v 0.061561 -0.014666 0.053217
v 0.060718 -0.017867 0.052865
v 0.060718 -0.017867 0.052865
v 0.062801 -0.009164 0.054123
v 0.062509 -0.011439 0.054475
v 0.063337 -0.006475 0.056297
v 0.063337 -0.006475 0.056297
v 0.063104 -0.009307 0.056735
v 0.063862 -0.007437 0.058408
v 0.063862 -0.007437 0.058408
v 0.062735 -0.011245 0.057855
v 0.062735 -0.011245 0.057855
v 0.061967 -0.014421 0.055938
v 0.061967 -0.014421 0.055938
v 0.062356 -0.013435 0.057484
v 0.062431 -0.013524 0.060099
v 0.062431 -0.013524 0.060099
v 0.062206 -0.015627 0.057494
v 0.060436 -0.017668 0.050402
v 0.060326 -0.019752 0.051454
v 0.060325 -0.019835 0.052169
v 0.059533 -0.021112 0.052028
v 0.059533 -0.021112 0.052028
v 0.060973 -0.017320 0.055051
v 0.060077 -0.019690 0.054845
v 0.060077 -0.019690 0.054845
v 0.059362 -0.021646 0.056088
v 0.059016 -0.021990 0.054244
v 0.056989 -0.025753 0.053684
v 0.058613 -0.023235 0.055708
v 0.057438 -0.025311 0.055708
v 0.057438 -0.025311 0.055708
v 0.057438 -0.025311 0.055708
v 0.059230 -0.022925 0.063314
v 0.058122 -0.024739 0.061802
v 0.060163 -0.020954 0.061842
v 0.060602 -0.018956 0.057475
v 0.059901 -0.021039 0.058713
v 0.062069 -0.016350 0.058171
v 0.062069 -0.016350 0.058171
v 0.062373 -0.015227 0.058464
v 0.061834 -0.016098 0.060483
v 0.061834 -0.016098 0.060483
v 0.061834 -0.016098 0.060483
v 0.060694 -0.018975 0.059676
v 0.060694 -0.018975 0.059676
v 0.059260 -0.023559 0.057998
v 0.058816 -0.024480 0.058530
v 0.058816 -0.024480 0.058530
v 0.057161 -0.026126 0.057683
v 0.059403 -0.022426 0.060362
v 0.059403 -0.022426 0.060362
v 0.059403 -0.022426 0.060362
v 0.058549 -0.024190 0.060361
v 0.057362 -0.025964 0.059426
v 0.057362 -0.025964 0.059426
v 0.064599 -0.002833 0.064603
v 0.064599 -0.002833 0.064603
v 0.063678 -0.004883 0.060555
v 0.063946 -0.007516 0.059002
v 0.063623 -0.007002 0.061200
v 0.063623 -0.007002 0.061200
v 0.063623 -0.007002 0.061200
v 0.063744 -0.005776 0.062867
v 0.063385 -0.009022 0.061002
v 0.063385 -0.009022 0.061002
v 0.063173 -0.010496 0.062044
v 0.063573 -0.008204 0.064801
v 0.063573 -0.008204 0.064801
v 0.062450 -0.013763 0.061839
v 0.063467 -0.011908 0.064400
v 0.063467 -0.011908 0.064400
v 0.064118 -0.005007 0.065377
v 0.064066 -0.001177 0.067424
v 0.064053 -0.003235 0.067605
v 0.064053 -0.003235 0.067605
v 0.063998 -0.005377 0.067449
v 0.063770 -0.008881 0.067870
v 0.063770 -0.008881 0.067870
v 0.063479 -0.010235 0.067025
v 0.063993 -0.006464 0.067635
v 0.063640 -0.010011 0.071299
v 0.061171 -0.018261 0.062636
v 0.061171 -0.018261 0.062636
v 0.061986 -0.015703 0.064048
v 0.061986 -0.015703 0.064048
v 0.061644 -0.017615 0.067522
v 0.061644 -0.017615 0.067522
v 0.061272 -0.018721 0.065512
v 0.060928 -0.020668 0.064251
v 0.060928 -0.020668 0.064251
v 0.060678 -0.021104 0.064811
v 0.059771 -0.022295 0.065433
v 0.058713 -0.023892 0.064560
v 0.060421 -0.020863 0.066661
v 0.060421 -0.020863 0.066661
v 0.060421 -0.020863 0.066661
v 0.059628 -0.022491 0.067425
v 0.062773 -0.013571 0.066564
v 0.062487 -0.015076 0.067900
v 0.062968 -0.013313 0.069903
v 0.062968 -0.013313 0.069903
v 0.062968 -0.013313 0.069903
v 0.062662 -0.016231 0.070016
v 0.061135 -0.019068 0.068968
v 0.061135 -0.019068 0.068968
v 0.060252 -0.021377 0.070882
v 0.060252 -0.021377 0.070882
v 0.061553 -0.018266 0.072340
v 0.061553 -0.018266 0.072340
v 0.061066 0.014692 0.067023
v 0.061066 0.014692 0.067023
v 0.061671 0.012953 0.066506
v 0.061713 0.012862 0.068457
v 0.062410 0.010598 0.067426
v 0.062930 0.008467 0.067294
v 0.063104 0.010184 0.069689
v 0.063104 0.010184 0.069689
v 0.063104 0.010184 0.069689
v 0.063104 0.010184 0.069689
v 0.062260 0.011941 0.071759
v 0.063253 0.009304 0.070300
v 0.063295 0.007246 0.069738
v 0.063153 0.008665 0.071837
v 0.063153 0.008665 0.071837
v 0.063552 0.006131 0.073154
v 0.063885 0.003991 0.069836
v 0.063885 0.003991 0.069836
v 0.063918 0.003049 0.068160
v 0.064703 0.001544 0.070024
v 0.064677 0.000817 0.069946
v 0.064202 0.002610 0.071927
v 0.064281 0.000162 0.072658
v 0.064281 0.000162 0.072658
v 0.064281 0.000162 0.072658
v 0.062379 0.011765 0.074378
v 0.062379 0.011765 0.074378
v 0.062379 0.011765 0.074378
v 0.062536 0.010947 0.072717
v 0.063228 0.008339 0.074782
v 0.063168 0.008900 0.077787
v 0.064213 0.006056 0.076183
v 0.064213 0.006056 0.076183
v 0.063999 0.003819 0.073760
v 0.063999 0.003819 0.073760
v 0.064382 0.005242 0.076338
v 0.064382 0.005242 0.076338
v 0.064382 0.005242 0.076338
v 0.064382 0.005242 0.076338
v 0.064198 0.003166 0.075990
v 0.064146 0.003644 0.078539
v 0.063489 0.007924 0.079971
v 0.063489 0.007924 0.079971
v 0.063777 0.006230 0.079043
v 0.063777 0.006230 0.079043
v 0.064148 0.003822 0.080682
v 0.064148 0.003822 0.080682
v 0.063736 0.006602 0.082223
v 0.063736 0.006602 0.082223
v 0.063431 0.008405 0.084627
v 0.063984 0.005215 0.085283
v 0.063984 0.005215 0.085283
v 0.063474 0.008228 0.088504
v 0.064206 -0.001927 0.070721
v 0.064206 -0.001927 0.070721
v 0.064162 -0.004069 0.070291
v 0.064162 -0.004069 0.070291
v 0.064392 -0.001967 0.073347
v 0.064392 -0.001967 0.073347
v 0.064241 -0.004728 0.072107
v 0.064241 -0.004728 0.072107
v 0.064395 -0.004843 0.073922
v 0.064395 -0.004843 0.073922
v 0.064395 -0.004843 0.073922
v 0.064158 -0.006892 0.072520
v 0.064158 -0.006892 0.072520
v 0.064343 0.000053 0.076278
v 0.064343 0.000053 0.076278
v 0.064979 -0.003453 0.075847
v 0.064510 -0.001721 0.078273
v 0.064205 -0.006735 0.075031
v 0.064205 -0.006735 0.075031
v 0.064476 -0.005127 0.078082
v 0.064476 -0.005127 0.078082
v 0.063883 -0.009480 0.076547
v 0.064184 -0.008055 0.078661
v 0.064184 -0.008055 0.078661
v 0.064397 -0.005407 0.079644
v 0.064397 -0.005407 0.079644
v 0.063803 -0.010415 0.079609
v 0.064509 -0.007099 0.069875
v 0.064509 -0.007099 0.069875
v 0.063634 -0.010682 0.073781
v 0.063074 -0.013429 0.073268
v 0.063074 -0.013429 0.073268
v 0.062636 -0.015315 0.071942
v 0.062355 -0.015982 0.074564
v 0.062355 -0.015982 0.074564
v 0.062355 -0.015982 0.074564
v 0.063860 -0.012456 0.075903
v 0.063574 -0.013318 0.076082
v 0.061599 -0.018515 0.075796
v 0.060890 -0.020345 0.073868
v 0.060890 -0.020345 0.073868
v 0.060890 -0.020345 0.073868
v 0.062886 -0.014747 0.079746
v 0.062886 -0.014747 0.079746
v 0.063636 -0.011578 0.078272
v 0.062994 -0.014300 0.078103
v 0.061889 -0.017917 0.079368
v 0.061289 -0.019503 0.077981
v 0.063193 -0.013249 0.083301
v 0.062724 -0.016587 0.081762
v 0.064315 0.003010 0.084080
v 0.064315 0.003010 0.084080
v 0.064982 0.000853 0.081994
v 0.064982 0.000853 0.081994
v 0.064390 0.001515 0.079363
v 0.064390 0.001515 0.079363
v 0.064557 -0.001274 0.079927
v 0.064518 -0.002053 0.083240
v 0.064477 0.000079 0.085166
v 0.064453 -0.004802 0.082253
v 0.064669 -0.007806 0.081386
v 0.064669 -0.007806 0.081386
v 0.064669 -0.007806 0.081386
v 0.064669 -0.007806 0.081386
v 0.064669 -0.007806 0.081386
v 0.064368 -0.006184 0.086167
v 0.064592 -0.003595 0.085766
v 0.064592 -0.003595 0.085766
v 0.064384 -0.007113 0.083509
v 0.064354 0.003093 0.087322
v 0.064354 0.003093 0.087322
v 0.064354 0.003093 0.087322
v 0.064465 -0.000161 0.088844
v 0.064320 0.005852 0.088226
v 0.064371 0.005233 0.089022
v 0.064371 0.005233 0.089022
v 0.064457 0.004935 0.088156
v 0.064457 0.004935 0.088156
v 0.064290 0.002796 0.090398
v 0.064691 -0.002109 0.086892
v 0.064691 -0.002109 0.086892
v 0.065113 -0.003661 0.088388
v 0.064545 -0.001779 0.091294
v 0.063934 -0.009974 0.083092
v 0.063807 -0.010530 0.086024
v 0.063807 -0.010530 0.086024
v 0.063308 -0.013033 0.085552
v 0.062685 -0.015306 0.084915
v 0.062685 -0.015306 0.084915
v 0.063886 -0.012627 0.088355
v 0.063886 -0.012627 0.088355
v 0.063886 -0.012627 0.088355
v 0.062624 -0.015445 0.086398
v 0.062624 -0.015445 0.086398
v 0.062793 -0.015018 0.089832
v 0.064269 -0.006915 0.089454
v 0.063900 -0.009805 0.090219
v 0.064429 -0.005043 0.091432
v 0.064429 -0.005043 0.091432
v 0.064354 -0.006993 0.091744
v 0.064354 -0.006993 0.091744
v 0.064012 -0.009557 0.091669
v 0.064012 -0.009557 0.091669
v 0.063524 -0.012007 0.090918
v 0.063567 -0.011497 0.095053
v 0.063567 -0.011497 0.095053
v 0.062815 -0.014885 0.092881
v 0.062815 -0.014885 0.092881
v 0.061574 -0.018609 0.084660
v 0.061574 -0.018609 0.084660
v 0.034369 0.043087 0.093547
v 0.034369 0.043087 0.093547
v 0.037338 0.041240 0.093756
v 0.037338 0.041240 0.093756
v 0.036120 0.041832 0.095685
v 0.033455 0.036079 0.098069
v 0.040473 0.039557 0.093643
v 0.041317 0.039069 0.092216
v 0.037912 0.040964 0.098480
v 0.041984 0.038868 0.094918
v 0.043506 0.038355 0.093754
v 0.043506 0.038355 0.093754
v 0.041556 0.038939 0.096553
v 0.039666 0.032878 0.099578
v 0.039666 0.032878 0.099578
v 0.036608 0.034628 0.099045
v 0.040874 0.031618 0.093566
v 0.040874 0.031618 0.093566
v 0.040453 0.039681 0.102969
v 0.036202 0.035740 0.104383
v 0.043494 0.037680 0.097070
v 0.040382 0.033159 0.103688
v 0.044673 0.036946 0.091987
v 0.044673 0.036946 0.091987
v 0.044673 0.036946 0.091987
v 0.044029 0.037871 0.094159
v 0.044029 0.037871 0.094159
v 0.045970 0.035886 0.093687
v 0.048584 0.033698 0.091297
v 0.048584 0.033698 0.091297
v 0.045374 0.036351 0.096025
v 0.045374 0.036351 0.096025
v 0.043329 0.029839 0.095929
v 0.043329 0.029839 0.095929
v 0.043329 0.029839 0.095929
v 0.042507 0.030766 0.099101
v 0.048031 0.034330 0.089992
v 0.050508 0.031972 0.091853
v 0.050508 0.031972 0.091853
v 0.050508 0.031972 0.091853
v 0.050508 0.031972 0.091853
v 0.048809 0.033598 0.092610
v 0.048809 0.033598 0.092610
v 0.047999 0.034207 0.096554
v 0.049591 0.033286 0.094521
v 0.049591 0.033286 0.094521
v 0.050638 0.032530 0.093819
v 0.050638 0.032530 0.093819
v 0.052042 0.030261 0.092638
v 0.047294 0.034878 0.102599
v 0.047294 0.034878 0.102599
v 0.047294 0.034878 0.102599
v 0.047294 0.034878 0.102599
v 0.043705 0.037670 0.111764
v 0.050401 0.032048 0.097040
v 0.050401 0.032048 0.097040
v 0.050401 0.032048 0.097040
v 0.050515 0.032631 0.094609
v 0.050515 0.032631 0.094609
v 0.050515 0.032631 0.094609
v 0.052008 0.030315 0.095540
v 0.052008 0.030315 0.095540
v 0.050624 0.031809 0.100662
v 0.050624 0.031809 0.100662
v 0.045258 0.028183 0.097380
v 0.045258 0.028183 0.097380
v 0.045891 0.027469 0.093827
v 0.045891 0.027469 0.093827
v 0.047806 0.025554 0.097642
v 0.043545 0.030515 0.102658
v 0.046570 0.027254 0.100134
v 0.046570 0.027254 0.100134
v 0.046570 0.027254 0.100134
v 0.046542 0.028328 0.104923
v 0.049755 0.024061 0.102615
v 0.049755 0.024061 0.102615
v 0.049755 0.024061 0.102615
v 0.051081 0.021814 0.100887
v 0.048605 0.026051 0.104658
v 0.040692 0.039515 0.112101
v 0.040692 0.039515 0.112101
v 0.039836 0.039292 0.114098
v 0.040640 0.039329 0.113487
v 0.040640 0.039329 0.113487
v 0.036361 0.037212 0.110990
v 0.039285 0.035057 0.108720
v 0.042651 0.032425 0.107399
v 0.042651 0.032425 0.107399
v 0.042651 0.032425 0.107399
v 0.038978 0.036728 0.113088
v 0.038978 0.036728 0.113088
v 0.038978 0.036728 0.113088
v 0.038978 0.036728 0.113088
v 0.039608 0.035758 0.111842
v 0.039608 0.035758 0.111842
v 0.039882 0.037020 0.113923
v 0.039882 0.037020 0.113923
v 0.043563 0.032833 0.111068
v 0.043563 0.032833 0.111068
v 0.041793 0.034996 0.113114
v 0.041793 0.034996 0.113114
v 0.043235 0.035168 0.114124
v 0.043235 0.035168 0.114124
v 0.044031 0.033069 0.112604
v 0.044832 0.033292 0.113622
v 0.044832 0.033292 0.113622
v 0.044832 0.033292 0.113622
v 0.044832 0.033292 0.113622
v 0.047027 0.035120 0.111821
v 0.049924 0.032574 0.107523
v 0.049924 0.032574 0.107523
v 0.052982 0.029256 0.104142
v 0.049768 0.032778 0.111373
v 0.045990 0.030254 0.109681
v 0.050232 0.026122 0.110977
v 0.046154 0.031066 0.112406
v 0.046154 0.031066 0.112406
v 0.048521 0.029219 0.112992
v 0.048134 0.028668 0.111323
v 0.048134 0.028668 0.111323
v 0.052129 0.030491 0.110330
v 0.052215 0.022808 0.108910
v 0.052215 0.022808 0.108910
v 0.050674 0.026957 0.113159
v 0.050674 0.026957 0.113159
v 0.050674 0.026957 0.113159
v 0.051870 0.024757 0.112532
v 0.051870 0.024757 0.112532
v 0.052818 0.023111 0.111867
v 0.052818 0.023111 0.111867
v 0.052264 0.030087 0.090154
v 0.053858 0.028104 0.090847
v 0.053858 0.028104 0.090847
v 0.054220 0.027755 0.093947
v 0.055415 0.026229 0.091955
v 0.056646 0.024369 0.091526
v 0.056646 0.024369 0.091526
v 0.057835 0.022509 0.090472
v 0.057835 0.022509 0.090472
v 0.055763 0.026360 0.094038
v 0.056415 0.025601 0.094123
v 0.057777 0.022525 0.093785
v 0.057777 0.022525 0.093785
v 0.057777 0.022525 0.093785
v 0.054306 0.027589 0.097200
v 0.054306 0.027589 0.097200
v 0.055363 0.026484 0.095738
v 0.055363 0.026484 0.095738
v 0.056574 0.024504 0.096969
v 0.051811 0.019957 0.094693
v 0.051811 0.019957 0.094693
v 0.052556 0.019075 0.098831
v 0.050044 0.022674 0.096442
v 0.058743 0.020775 0.090914
v 0.053579 0.016855 0.093919
v 0.053579 0.016855 0.093919
v 0.053579 0.016855 0.093919
v 0.053533 0.016955 0.096679
v 0.048509 0.024572 0.095439
v 0.053981 0.017614 0.103412
v 0.053981 0.017614 0.103412
v 0.055621 0.025700 0.102765
v 0.057841 0.022330 0.102363
v 0.059432 0.019404 0.097166
v 0.059432 0.019404 0.097166
v 0.059432 0.019404 0.097166
v 0.059432 0.019404 0.097166
v 0.055050 0.014537 0.101289
v 0.055050 0.014537 0.101289
v 0.055087 0.013686 0.098649
v 0.059732 0.018871 0.090998
v 0.059732 0.018871 0.090998
v 0.060845 0.016541 0.091225
v 0.059284 0.019994 0.094266
v 0.059284 0.019994 0.094266
v 0.060438 0.018469 0.093777
v 0.060438 0.018469 0.093777
v 0.060438 0.018469 0.093777
v 0.060896 0.017670 0.093653
v 0.060896 0.017670 0.093653
v 0.060896 0.017670 0.093653
v 0.060896 0.017670 0.093653
v 0.061340 0.015234 0.091918
v 0.061340 0.015234 0.091918
v 0.061467 0.014888 0.095135
v 0.061467 0.014888 0.095135
v 0.061610 0.014901 0.090133
v 0.063327 0.008786 0.090947
v 0.063327 0.008786 0.090947
v 0.062839 0.010815 0.091607
v 0.062519 0.011894 0.092778
v 0.062519 0.011894 0.092778
v 0.063661 0.009668 0.093689
v 0.063661 0.009668 0.093689
v 0.060618 0.016956 0.096861
v 0.061123 0.015562 0.103212
v 0.061123 0.015562 0.103212
v 0.061123 0.015562 0.103212
v 0.061123 0.015562 0.103212
v 0.062429 0.011939 0.096564
v 0.062429 0.011939 0.096564
v 0.062429 0.011939 0.096564
v 0.063274 0.008881 0.096930
v 0.052692 0.020680 0.105204
v 0.054985 0.016965 0.106476
v 0.054985 0.016965 0.106476
v 0.060576 0.017205 0.109622
v 0.060576 0.017205 0.109622
v 0.055953 0.025610 0.110310
v 0.054009 0.028224 0.111135
v 0.059038 0.020446 0.110759
v 0.054430 0.020013 0.110913
v 0.054430 0.020013 0.110913
v 0.055841 0.019268 0.113189
v 0.055841 0.019268 0.113189
v 0.055841 0.019268 0.113189
v 0.062802 0.010737 0.104859
v 0.056537 0.010369 0.101047
v 0.056537 0.010369 0.101047
v 0.063661 0.007690 0.092435
v 0.063714 0.006903 0.095354
v 0.055953 0.011041 0.097197
v 0.055953 0.011041 0.097197
v 0.056958 0.007773 0.097879
v 0.057584 0.005354 0.099414
v 0.057584 0.005354 0.099414
v 0.057528 0.008295 0.103621
v 0.057528 0.008295 0.103621
v 0.058652 0.003670 0.104949
v 0.058652 0.003670 0.104949
v 0.058353 0.002218 0.102143
v 0.064056 0.004538 0.103594
v 0.064056 0.004538 0.103594
v 0.057495 0.004408 0.095396
v 0.057880 0.001381 0.096918
v 0.058083 -0.001612 0.098041
v 0.058083 -0.001612 0.098041
v 0.057867 -0.003439 0.095456
v 0.058334 -0.003513 0.100907
v 0.057731 -0.006997 0.097625
v 0.057723 -0.005877 0.094716
v 0.058259 -0.006039 0.101641
v 0.058259 -0.006039 0.101641
v 0.057367 -0.010644 0.099985
v 0.057367 -0.010644 0.099985
v 0.058540 -0.000970 0.102334
v 0.059231 -0.004178 0.106325
v 0.059231 -0.004178 0.106325
v 0.057995 -0.009582 0.103131
v 0.058920 -0.008698 0.106925
v 0.056316 0.013263 0.105239
v 0.056316 0.013263 0.105239
v 0.055708 0.017762 0.111186
v 0.057967 0.009612 0.107242
v 0.057967 0.009612 0.107242
v 0.058042 0.011347 0.110143
v 0.058042 0.011347 0.110143
v 0.058042 0.011347 0.110143
v 0.056974 0.014960 0.111190
v 0.056974 0.014960 0.111190
v 0.057005 0.016264 0.112699
v 0.058456 0.011621 0.111985
v 0.058456 0.011621 0.111985
v 0.057880 0.014740 0.113091
v 0.059312 0.006999 0.110746
v 0.059312 0.006999 0.110746
v 0.064400 0.002667 0.109654
v 0.064400 0.002667 0.109654
v 0.064430 0.000085 0.103706
v 0.062293 0.012787 0.110726
v 0.062293 0.012787 0.110726
v 0.063505 0.008298 0.109743
v 0.063120 0.009582 0.111573
v 0.063120 0.009582 0.111573
v 0.063120 0.009582 0.111573
v 0.059587 0.008547 0.112664
v 0.059587 0.008547 0.112664
v 0.059010 0.012419 0.113476
v 0.059010 0.012419 0.113476
v 0.060345 0.008231 0.113654
v 0.059983 0.003084 0.111091
v 0.060349 0.005854 0.113082
v 0.063826 0.006157 0.111544
v 0.063826 0.006157 0.111544
v 0.064125 0.003047 0.112236
v 0.060183 -0.002154 0.110741
v 0.060183 -0.002154 0.110741
v 0.060166 -0.005550 0.111335
v 0.060501 0.001986 0.112427
v 0.061200 0.002787 0.113651
v 0.061200 0.002787 0.113651
v 0.061200 0.002787 0.113651
v 0.061200 0.002787 0.113651
v 0.064577 -0.002752 0.109540
v 0.064410 -0.000090 0.111761
v 0.064410 -0.000090 0.111761
v 0.064410 -0.000090 0.111761
v 0.060645 -0.002035 0.112322
v 0.061193 -0.000300 0.113412
v 0.061193 -0.000300 0.113412
v 0.062062 0.000899 0.114204
v 0.062062 0.000899 0.114204
v 0.064123 -0.000088 0.113214
v 0.064123 -0.000088 0.113214
v 0.064250 -0.004538 0.112768
v 0.064250 -0.004538 0.112768
v 0.064250 -0.004538 0.112768
v 0.059621 -0.010215 0.111582
v 0.060715 -0.006423 0.112945
v 0.060715 -0.006423 0.112945
v 0.060715 -0.006423 0.112945
v 0.061608 -0.002812 0.113841
v 0.062632 -0.002440 0.114401
v 0.062632 -0.002440 0.114401
v 0.063820 -0.003739 0.113855
v 0.063820 -0.003739 0.113855
v 0.063377 0.002896 0.114158
v 0.061352 -0.006276 0.113769
v 0.061352 -0.006276 0.113769
v 0.063222 -0.006413 0.114297
v 0.063222 -0.006413 0.114297
v 0.063222 -0.006413 0.114297
v 0.062222 -0.006366 0.114377
v 0.041812 0.036922 0.114421
v 0.041812 0.036922 0.114421
v 0.042472 0.037399 0.114263
v 0.042472 0.037399 0.114263
v 0.043790 0.037202 0.113647
v 0.045018 0.036041 0.114045
v 0.045018 0.036041 0.114045
v 0.046340 0.035394 0.113444
v 0.043959 0.035604 0.114371
v 0.043959 0.035604 0.114371
v 0.045899 0.033664 0.114312
v 0.045899 0.033664 0.114312
v 0.045518 0.035037 0.114375
v 0.045518 0.035037 0.114375
v 0.047234 0.034155 0.114124
v 0.047234 0.034155 0.114124
v 0.047044 0.033549 0.114374
v 0.048757 0.033348 0.113446
v 0.048757 0.033348 0.113446
v 0.049162 0.031935 0.114331
v 0.048539 0.030217 0.113842
v 0.048539 0.030217 0.113842
v 0.051904 0.030399 0.112957
v 0.051904 0.030399 0.112957
v 0.050318 0.031478 0.113925
v 0.050318 0.031478 0.113925
v 0.050318 0.031478 0.113925
v 0.050318 0.031478 0.113925
v 0.049796 0.030086 0.114367
v 0.049796 0.030086 0.114367
v 0.051286 0.029670 0.114357
v 0.051286 0.029670 0.114357
v 0.052814 0.028627 0.114067
v 0.052814 0.028627 0.114067
v 0.051897 0.026554 0.113949
v 0.051897 0.026554 0.113949
v 0.052563 0.027298 0.114456
v 0.052563 0.027298 0.114456
v 0.054626 0.026967 0.113263
v 0.054626 0.026967 0.113263
v 0.054173 0.026888 0.114144
v 0.053891 0.022949 0.113367
v 0.053891 0.022949 0.113367
v 0.054096 0.025428 0.114458
v 0.057096 0.023400 0.113101
v 0.057096 0.023400 0.113101
v 0.057096 0.023400 0.113101
v 0.054896 0.025616 0.114209
v 0.054896 0.025616 0.114209
v 0.055305 0.022208 0.114144
v 0.055453 0.023894 0.114420
v 0.056181 0.024408 0.113667
v 0.057027 0.022509 0.114183
v 0.057027 0.022509 0.114183
v 0.056700 0.021448 0.114433
v 0.057910 0.018364 0.114351
v 0.057910 0.018364 0.114351
v 0.057910 0.018364 0.114351
v 0.058515 0.020701 0.113439
v 0.059460 0.019220 0.112799
v 0.059225 0.018507 0.114028
v 0.058171 0.019848 0.114313
v 0.058171 0.019848 0.114313
v 0.058171 0.019848 0.114313
v 0.060765 0.016426 0.112485
v 0.060584 0.016143 0.113540
v 0.060584 0.016143 0.113540
v 0.060584 0.016143 0.113540
v 0.057265 0.017756 0.113875
v 0.057265 0.017756 0.113875
v 0.059693 0.016746 0.114272
v 0.060194 0.013861 0.114353
v 0.060194 0.013861 0.114353
v 0.058694 0.014956 0.114014
v 0.058694 0.014956 0.114014
v 0.059854 0.012676 0.114231
v 0.061193 0.012933 0.114200
v 0.061193 0.012933 0.114200
v 0.062391 0.011309 0.113235
v 0.062391 0.011309 0.113235
v 0.060340 0.010359 0.114106
v 0.060340 0.010359 0.114106
v 0.061794 0.008700 0.114355
v 0.061794 0.008700 0.114355
v 0.061440 0.007352 0.114304
v 0.061440 0.007352 0.114304
v 0.061440 0.007352 0.114304
v 0.063366 0.007195 0.113107
v 0.063366 0.007195 0.113107
v 0.063366 0.007195 0.113107
v 0.062727 0.007814 0.114006
v 0.062727 0.007814 0.114006
v 0.061385 0.004659 0.114018
v 0.061385 0.004659 0.114018
v 0.062637 0.002925 0.114349
v 0.063890 0.003350 0.113302
v 0.063818 0.006271 0.091536
v 0.064549 0.001402 0.091527
v 0.064937 0.000613 0.093577
v 0.064937 0.000613 0.093577
v 0.064013 0.004887 0.094686
v 0.064013 0.004887 0.094686
v 0.064249 0.003168 0.096337
v 0.064537 -0.002070 0.095376
v 0.064419 -0.004506 0.093371
v 0.064474 0.000470 0.096791
v 0.064428 -0.003917 0.103366
v 0.064401 -0.005546 0.095725
v 0.057264 -0.009143 0.095435
v 0.057264 -0.009143 0.095435
v 0.064645 -0.008081 0.093803
v 0.064140 -0.008295 0.096778
v 0.062743 -0.015040 0.095387
v 0.064010 -0.008555 0.102929
v 0.064010 -0.008555 0.102929
v 0.064010 -0.008555 0.102929
v 0.064010 -0.008555 0.102929
v 0.063151 -0.013169 0.101432
v 0.063768 -0.010564 0.108078
v 0.064330 -0.006672 0.109847
v 0.064330 -0.006672 0.109847
v 0.064330 -0.006672 0.109847
v 0.063661 -0.007884 0.113554
v 0.063661 -0.007884 0.113554
v 0.022171 0.039797 0.054811
v 0.026336 0.039296 0.055058
v 0.028385 0.038681 0.054783
v 0.022856 0.040098 0.059029
v 0.022856 0.040098 0.059029
v 0.028981 0.038526 0.057531
v 0.030622 0.037910 0.058293
v 0.032658 0.036834 0.050876
v 0.032658 0.036834 0.050876
v 0.036103 0.035488 0.053561
v 0.036103 0.035488 0.053561
v 0.033693 0.036882 0.056973
v 0.033693 0.036882 0.056973
v 0.033533 0.037166 0.061355
v 0.033533 0.037166 0.061355
v 0.033533 0.037166 0.061355
v 0.033533 0.037166 0.061355
v 0.040494 0.033199 0.054205
v 0.040494 0.033199 0.054205
v 0.038380 0.034010 0.051729
v 0.040603 0.032286 0.049993
v 0.026088 0.039414 0.064328
v 0.026088 0.039414 0.064328
v 0.026088 0.039414 0.064328
v 0.028195 0.038802 0.067659
v 0.028616 0.038901 0.065094
v 0.028616 0.038901 0.065094
v 0.030600 0.037663 0.071022
v 0.030600 0.037663 0.071022
v 0.030600 0.037663 0.071022
v 0.034491 0.036714 0.067000
v 0.034491 0.036714 0.067000
v 0.032487 0.037316 0.068586
v 0.037083 0.035667 0.061586
v 0.037083 0.035667 0.061586
v 0.037083 0.035667 0.061586
v 0.036574 0.035501 0.057153
v 0.039706 0.033724 0.056682
v 0.040965 0.032906 0.058872
v 0.044166 0.029635 0.050094
v 0.044166 0.029635 0.050094
v 0.044166 0.029635 0.050094
v 0.044166 0.029635 0.050094
v 0.046911 0.026943 0.049726
v 0.046911 0.026943 0.049726
v 0.046911 0.026943 0.049726
v 0.046911 0.026943 0.049726
v 0.042868 0.031375 0.055327
v 0.042868 0.031375 0.055327
v 0.050103 0.023185 0.050670
v 0.050103 0.023185 0.050670
v 0.051485 0.021015 0.047498
v 0.040235 0.033534 0.069674
v 0.040889 0.033111 0.063476
v 0.041876 0.032047 0.069790
v 0.042367 0.031714 0.063948
v 0.050592 0.022986 0.057128
v 0.050592 0.022986 0.057128
v 0.052047 0.021056 0.052636
v 0.052310 0.020637 0.058430
v 0.052310 0.020637 0.058430
v 0.054177 0.015591 0.053903
v 0.054177 0.015591 0.053903
v 0.053181 0.018237 0.050723
v 0.046996 0.027412 0.061427
v 0.045752 0.028977 0.060191
v 0.047142 0.027547 0.058913
v 0.047142 0.027547 0.058913
v 0.045446 0.029538 0.062022
v 0.046229 0.028345 0.063270
v 0.046229 0.028345 0.063270
v 0.048201 0.026055 0.062971
v 0.044145 0.030407 0.064755
v 0.044145 0.030407 0.064755
v 0.044145 0.030407 0.064755
v 0.045767 0.028250 0.066964
v 0.045767 0.028250 0.066964
v 0.049792 0.024314 0.062873
v 0.048323 0.026439 0.060171
v 0.049243 0.025033 0.067089
v 0.049243 0.025033 0.067089
v 0.053755 0.017608 0.065202
v 0.056399 0.012815 0.057567
v 0.052640 0.020251 0.067099
v 0.052640 0.020251 0.067099
v 0.051284 0.022404 0.068035
v 0.051284 0.022404 0.068035
v 0.056308 0.013380 0.062911
v 0.056308 0.013380 0.062911
v 0.055245 0.015441 0.068100
v 0.057100 0.011420 0.064262
v 0.057100 0.011420 0.064262
v 0.033969 0.036796 0.072730
v 0.033969 0.036796 0.072730
v 0.035966 0.035880 0.073695
v 0.028536 0.038590 0.076242
v 0.033207 0.036988 0.077260
v 0.036096 0.035563 0.079028
v 0.042840 0.031453 0.073192
v 0.042840 0.031453 0.073192
v 0.044421 0.029749 0.072243
v 0.044421 0.029749 0.072243
v 0.044421 0.029749 0.072243
v 0.045064 0.029755 0.073568
v 0.045064 0.029755 0.073568
v 0.045064 0.029755 0.073568
v 0.039281 0.033905 0.072358
v 0.039071 0.033995 0.077560
v 0.039071 0.033995 0.077560
v 0.039071 0.033995 0.077560
v 0.041121 0.032742 0.074958
v 0.042262 0.031584 0.080538
v 0.045858 0.028664 0.079012
v 0.045858 0.028664 0.079012
v 0.031911 0.036727 0.088348
v 0.034936 0.035382 0.088440
v 0.034936 0.035382 0.088440
v 0.038163 0.033893 0.085144
v 0.032782 0.036186 0.093325
v 0.038529 0.033221 0.092799
v 0.039904 0.032602 0.087630
v 0.036094 0.034592 0.093462
v 0.036094 0.034592 0.093462
v 0.036094 0.034592 0.093462
v 0.043788 0.029893 0.085115
v 0.047040 0.026915 0.085529
v 0.045754 0.027724 0.089884
v 0.043881 0.029361 0.091509
v 0.043881 0.029361 0.091509
v 0.047941 0.025387 0.090121
v 0.047941 0.025387 0.090121
v 0.045972 0.028457 0.072195
v 0.045972 0.028457 0.072195
v 0.045972 0.028457 0.072195
v 0.045972 0.028457 0.072195
v 0.048794 0.025634 0.071777
v 0.051420 0.022483 0.074880
v 0.051420 0.022483 0.074880
v 0.051420 0.022483 0.074880
v 0.048720 0.026053 0.074038
v 0.049887 0.024334 0.078204
v 0.049887 0.024334 0.078204
v 0.051916 0.021366 0.079287
v 0.051916 0.021366 0.079287
v 0.053742 0.018728 0.075731
v 0.053742 0.018728 0.075731
v 0.053742 0.018728 0.075731
v 0.053742 0.018728 0.075731
v 0.057711 0.009009 0.067072
v 0.057609 0.008766 0.077270
v 0.058328 0.005866 0.075110
v 0.056081 0.013567 0.077221
v 0.058278 0.003662 0.081888
v 0.049731 0.023136 0.090266
v 0.052744 0.019465 0.083408
v 0.052744 0.019465 0.083408
v 0.051648 0.020373 0.090794
v 0.051648 0.020373 0.090794
v 0.053859 0.016392 0.091050
v 0.054334 0.016101 0.085032
v 0.054334 0.016101 0.085032
v 0.055834 0.012827 0.083343
v 0.056715 0.009078 0.087879
v 0.055074 0.013392 0.091967
v 0.055074 0.013392 0.091967
v 0.058013 0.000743 0.089839
v 0.058013 0.000743 0.089839
v 0.058548 -0.000829 0.083784
v 0.058548 -0.000829 0.083784
v 0.057420 0.005312 0.090783
v 0.056579 0.008770 0.093790
v 0.057897 0.000911 0.093440
v 0.058127 -0.004070 0.088407
v 0.055584 0.011108 0.045858
v 0.055584 0.011108 0.045858
v 0.056005 0.011026 0.047581
v 0.056005 0.011026 0.047581
v 0.056005 0.011026 0.047581
v 0.055676 0.013408 0.052067
v 0.055676 0.013408 0.052067
v 0.056700 0.011509 0.053077
v 0.056700 0.011509 0.053077
v 0.057304 0.009218 0.052165
v 0.057959 0.006192 0.052240
v 0.057959 0.006192 0.052240
v 0.058424 0.001627 0.049311
v 0.058424 0.001627 0.049311
v 0.058736 0.002378 0.053145
v 0.058259 -0.010371 0.059125
v 0.058259 -0.010371 0.059125
v 0.058592 -0.008914 0.062974
v 0.058947 -0.007521 0.056258
v 0.058947 -0.007521 0.056258
v 0.058947 -0.007521 0.056258
v 0.057081 -0.013579 0.055144
v 0.056499 -0.015636 0.053874
v 0.056155 -0.016475 0.059594
v 0.056155 -0.016475 0.059594
v 0.056011 -0.018542 0.055447
v 0.056011 -0.018542 0.055447
v 0.056011 -0.018542 0.055447
v 0.056011 -0.018542 0.055447
v 0.059155 -0.005163 0.063145
v 0.058681 -0.008494 0.067289
v 0.058681 -0.008494 0.067289
v 0.059206 -0.002688 0.062948
v 0.059206 -0.002688 0.062948
v 0.059206 -0.002688 0.062948
v 0.058987 -0.003111 0.066435
v 0.058987 -0.003111 0.066435
v 0.058975 -0.005799 0.069148
v 0.058975 -0.005799 0.069148
v 0.058975 -0.005799 0.069148
v 0.057540 -0.011925 0.066631
v 0.057540 -0.011925 0.066631
v 0.058644 -0.008613 0.072899
v 0.057418 -0.011997 0.060493
v 0.055595 -0.018830 0.062808
v 0.056969 -0.014867 0.070034
v 0.057085 -0.014928 0.074599
v 0.053763 -0.022480 0.065729
v 0.053763 -0.022480 0.065729
v 0.058940 0.002030 0.073235
v 0.058940 0.002030 0.073235
v 0.059081 0.001631 0.070357
v 0.059444 -0.000880 0.065018
v 0.059088 -0.001867 0.069764
v 0.059088 -0.001867 0.069764
v 0.059165 -0.000325 0.073308
v 0.059070 -0.005495 0.072932
v 0.058960 -0.002609 0.077896
v 0.058960 -0.002609 0.077896
v 0.058723 -0.007347 0.076725
v 0.058042 -0.011529 0.073709
v 0.057628 -0.012525 0.078027
v 0.057628 -0.012525 0.078027
v 0.057967 -0.006747 0.087261
v 0.057967 -0.006747 0.087261
v 0.057967 -0.006747 0.087261
v 0.057647 -0.010586 0.083519
v 0.056523 -0.014320 0.085262
v 0.056523 -0.014320 0.085262
v 0.056043 -0.017785 0.076396
v 0.056043 -0.017785 0.076396
v 0.056043 -0.017785 0.076396
v 0.057214 -0.009947 0.091269
v 0.057214 -0.009947 0.091269
v 0.056084 -0.014223 0.092377
v 0.056084 -0.014223 0.092377
v 0.056438 -0.012944 0.096281
v 0.025969 0.039485 0.059615
v 0.028302 0.038956 0.061578
v 0.044006 0.030619 0.060137
v 0.044006 0.030619 0.060137
v 0.046035 0.028533 0.054186
v 0.046035 0.028533 0.054186
v 0.048092 0.026329 0.055501
v 0.048092 0.026329 0.055501
v 0.049057 0.025069 0.052934
v 0.049057 0.025069 0.052934
v 0.044679 0.030205 0.062150
v 0.054916 0.014567 0.050468
v 0.048952 0.025782 0.058971
v 0.048952 0.025782 0.058971
v 0.048952 0.025782 0.058971
v 0.057177 0.011088 0.058914
v 0.057177 0.011088 0.058914
v 0.058532 -0.000016 0.050120
v 0.058729 -0.004609 0.052524
v 0.059075 -0.002149 0.053569
v 0.059075 -0.002149 0.053569
v 0.058777 0.003835 0.056968
v 0.058182 0.007352 0.058688
v 0.058182 0.007352 0.058688
v 0.058182 0.007352 0.058688
v 0.058972 0.001040 0.056896
v 0.058972 0.001040 0.056896
v 0.058940 0.003874 0.061010
v 0.058940 0.003874 0.061010
v 0.058330 0.007241 0.061435
v 0.058750 0.004585 0.064698
v 0.058750 0.004585 0.064698
v 0.059362 -0.001346 0.058476
v 0.059062 0.001353 0.062113
v 0.059031 -0.004192 0.058127
v 0.058663 -0.009271 0.055154
v 0.058026 -0.011462 0.055459
v 0.058026 -0.011462 0.055459
v 0.058026 -0.011462 0.055459
v 0.054266 -0.022481 0.062677
v 0.011265 -0.049660 0.075127
v 0.011727 -0.049701 0.075649
v 0.011727 -0.049701 0.075649
v 0.011727 -0.049701 0.075649
v 0.011727 -0.049701 0.075649
v 0.013903 -0.049366 0.077379
v 0.017516 -0.049411 0.077253
v 0.020400 -0.049742 0.075560
v 0.020400 -0.049742 0.075560
v 0.020114 -0.049721 0.076074
v 0.020114 -0.049721 0.076074
v 0.015437 -0.049520 0.079052
v 0.017858 -0.049496 0.079806
v 0.017858 -0.049496 0.079806
v 0.020153 -0.049256 0.078820
v 0.020153 -0.049256 0.078820
v 0.015782 -0.049990 0.081412
v 0.019127 -0.049375 0.082768
v 0.021378 -0.049234 0.081618
v 0.021378 -0.049234 0.081618
v 0.031586 -0.046880 0.067441
v 0.022592 -0.048939 0.071798
v 0.022592 -0.048939 0.071798
v 0.025171 -0.048587 0.072286
v 0.025171 -0.048587 0.072286
v 0.026831 -0.048292 0.073112
v 0.026831 -0.048292 0.073112
v 0.023601 -0.048819 0.074957
v 0.023601 -0.048819 0.074957
v 0.021037 -0.049127 0.073072
v 0.027181 -0.048091 0.070142
v 0.031100 -0.047169 0.071740
v 0.029878 -0.047537 0.073225
v 0.029878 -0.047537 0.073225
v 0.032476 -0.047073 0.069831
v 0.032476 -0.047073 0.069831
v 0.022259 -0.049104 0.077703
v 0.026123 -0.048516 0.076232
v 0.026123 -0.048516 0.076232
v 0.025888 -0.048580 0.079252
v 0.023031 -0.049094 0.079355
v 0.023031 -0.049094 0.079355
v 0.023031 -0.049094 0.079355
v 0.024374 -0.049362 0.081703
v 0.024374 -0.049362 0.081703
v 0.027660 -0.048167 0.078448
v 0.028211 -0.048506 0.075594
v 0.029015 -0.048317 0.075606
v 0.029015 -0.048317 0.075606
v 0.031739 -0.046946 0.074494
v 0.031739 -0.046946 0.074494
v 0.029967 -0.047770 0.076972
v 0.029967 -0.047770 0.076972
v 0.030864 -0.047393 0.078600
v 0.030864 -0.047393 0.078600
v 0.034055 -0.046208 0.076452
v 0.034055 -0.046208 0.076452
v 0.022485 -0.049092 0.084214
v 0.022485 -0.049092 0.084214
v 0.022485 -0.049092 0.084214
v 0.019995 -0.049413 0.085314
v 0.019995 -0.049413 0.085314
v 0.021653 -0.049314 0.086482
v 0.024633 -0.048754 0.087439
v 0.024633 -0.048754 0.087439
v 0.022118 -0.049247 0.088571
v 0.022118 -0.049247 0.088571
v 0.025366 -0.048742 0.084233
v 0.027387 -0.048302 0.082098
v 0.027387 -0.048302 0.082098
v 0.026937 -0.048480 0.085475
v 0.030306 -0.047579 0.085684
v 0.030306 -0.047579 0.085684
v 0.030306 -0.047579 0.085684
v 0.030510 -0.047574 0.081115
v 0.032990 -0.047145 0.081483
v 0.031713 -0.047456 0.081616
v 0.031713 -0.047456 0.081616
v 0.034564 -0.046070 0.078604
v 0.031138 -0.047347 0.083798
v 0.031138 -0.047347 0.083798
v 0.035547 -0.045758 0.081829
v 0.028032 -0.048698 0.087912
v 0.028032 -0.048698 0.087912
v 0.026650 -0.048522 0.089970
v 0.025697 -0.048656 0.091167
v 0.025697 -0.048656 0.091167
v 0.027168 -0.048292 0.091337
v 0.030209 -0.047667 0.089495
v 0.030209 -0.047667 0.089495
v 0.030209 -0.047667 0.089495
v 0.033914 -0.046463 0.083764
v 0.033914 -0.046463 0.083764
v 0.036849 -0.045211 0.085099
v 0.034466 -0.046200 0.086203
v 0.034466 -0.046200 0.086203
v 0.033104 -0.046630 0.089052
v 0.033104 -0.046630 0.089052
v 0.047676 -0.029338 0.098249
v 0.045605 -0.031982 0.101562
v 0.048428 -0.028917 0.100897
v 0.019871 -0.043302 0.099712
v 0.019863 -0.042991 0.094960
v 0.019863 -0.042991 0.094960
v 0.015871 -0.043226 0.096859
v 0.022954 -0.043044 0.100670
v 0.024393 -0.042447 0.096828
v 0.019411 -0.043677 0.102330
v 0.019411 -0.043677 0.102330
v 0.024206 -0.043511 0.104996
v 0.024206 -0.043511 0.104996
v 0.020721 -0.044102 0.105396
v 0.020721 -0.044102 0.105396
v 0.026919 -0.042275 0.101193
v 0.027833 -0.041673 0.098527
v 0.031083 -0.041076 0.101649
v 0.030617 -0.040704 0.096857
v 0.030632 -0.047517 0.091353
v 0.028935 -0.047925 0.093675
v 0.032037 -0.047539 0.093590
v 0.032037 -0.047539 0.093590
v 0.025850 -0.048636 0.095837
v 0.025850 -0.048636 0.095837
v 0.030034 -0.047633 0.095855
v 0.030034 -0.047633 0.095855
v 0.032185 -0.047029 0.096436
v 0.032185 -0.047029 0.096436
v 0.036876 -0.045681 0.088172
v 0.036876 -0.045681 0.088172
v 0.035635 -0.045695 0.091087
v 0.035635 -0.045695 0.091087
v 0.034631 -0.046152 0.092191
v 0.037985 -0.044701 0.090978
v 0.037985 -0.044701 0.090978
v 0.037985 -0.044701 0.090978
v 0.035000 -0.045936 0.095363
v 0.035000 -0.045936 0.095363
v 0.032706 -0.046919 0.091223
v 0.032973 -0.047168 0.093570
v 0.030643 -0.047395 0.101771
v 0.035805 -0.045581 0.103745
v 0.035805 -0.045581 0.103745
v 0.038097 -0.044724 0.094330
v 0.038125 -0.044585 0.095922
v 0.040306 -0.044053 0.093346
v 0.040306 -0.044053 0.093346
v 0.027887 -0.042985 0.106393
v 0.027887 -0.042985 0.106393
v 0.027887 -0.042985 0.106393
v 0.033038 -0.041250 0.106449
v 0.033038 -0.041250 0.106449
v 0.033038 -0.041250 0.106449
v 0.030552 -0.042485 0.108014
v 0.030552 -0.042485 0.108014
v 0.028244 -0.043978 0.111582
v 0.028244 -0.043978 0.111582
v 0.031091 -0.043161 0.111867
v 0.038866 -0.036654 0.095666
v 0.038866 -0.036654 0.095666
v 0.035654 -0.038555 0.096945
v 0.037015 -0.038131 0.099690
v 0.037015 -0.038131 0.099690
v 0.037015 -0.038131 0.099690
v 0.037015 -0.038131 0.099690
v 0.035981 -0.039265 0.103116
v 0.039909 -0.036370 0.100193
v 0.043235 -0.033769 0.099323
v 0.043235 -0.033769 0.099323
v 0.041584 -0.034776 0.095098
v 0.041584 -0.034776 0.095098
v 0.037855 -0.039961 0.111156
v 0.044905 -0.032060 0.096844
v 0.044905 -0.032060 0.096844
v 0.042643 -0.035015 0.103537
v 0.042643 -0.035015 0.103537
v 0.040827 -0.036979 0.106088
v 0.033272 -0.039683 0.097562
v 0.033272 -0.039683 0.097562
v 0.040534 -0.043232 0.103602
v 0.040534 -0.043232 0.103602
v 0.040574 -0.043324 0.096679
v 0.043436 -0.041503 0.102868
v 0.043436 -0.041503 0.102868
v 0.043436 -0.041503 0.102868
v 0.035149 -0.041243 0.110738
v 0.035149 -0.041243 0.110738
v 0.041819 -0.042356 0.110876
v 0.044075 -0.040942 0.110512
v 0.038957 -0.043951 0.110376
v 0.035406 -0.045542 0.111295
v 0.035406 -0.045542 0.111295
v -0.009757 -0.042606 0.082362
v -0.008417 -0.042933 0.083677
v -0.007026 -0.043565 0.082887
v -0.007026 -0.043565 0.082887
v -0.006855 -0.043638 0.085560
v -0.006855 -0.043638 0.085560
v -0.004516 -0.044812 0.086523
v -0.004516 -0.044812 0.086523
v -0.003804 -0.045212 0.081433
v -0.001752 -0.046571 0.082026
v -0.001752 -0.046571 0.082026
v -0.001752 -0.046571 0.082026
v -0.001032 -0.046941 0.081772
v -0.001032 -0.046941 0.081772
v -0.002912 -0.045573 0.083765
v -0.000785 -0.046423 0.084786
v -0.000785 -0.046423 0.084786
v -0.006680 -0.044239 0.088603
v -0.006680 -0.044239 0.088603
v -0.006680 -0.044239 0.088603
v -0.005428 -0.044376 0.091034
v -0.004132 -0.044994 0.089612
v -0.004132 -0.044994 0.089612
v 0.000514 -0.046925 0.087679
v 0.001264 -0.047177 0.085508
v -0.002575 -0.045694 0.090865
v -0.002575 -0.045694 0.090865
v 0.000552 -0.046852 0.091022
v 0.000229 -0.046900 0.079536
v 0.000229 -0.046900 0.079536
v 0.001932 -0.047406 0.081518
v 0.001932 -0.047406 0.081518
v 0.001304 -0.047192 0.083628
v 0.004651 -0.048148 0.080289
v 0.004651 -0.048148 0.080289
v 0.004988 -0.048178 0.083384
v 0.006446 -0.048473 0.078463
v 0.009086 -0.048909 0.077290
v 0.009086 -0.048909 0.077290
v 0.009086 -0.048909 0.077290
v 0.009204 -0.048937 0.079201
v 0.009204 -0.048937 0.079201
v 0.009204 -0.048937 0.079201
v 0.007236 -0.049191 0.081454
v 0.010196 -0.049082 0.081323
v 0.003284 -0.047784 0.085050
v 0.002456 -0.048044 0.087930
v 0.002456 -0.048044 0.087930
v 0.002575 -0.048056 0.087291
v 0.004256 -0.048163 0.086200
v 0.005956 -0.048347 0.084894
v 0.005956 -0.048347 0.084894
v 0.005956 -0.048347 0.084894
v 0.005623 -0.048309 0.087671
v 0.003509 -0.048260 0.087890
v 0.001485 -0.047229 0.089528
v 0.007305 -0.048767 0.083652
v 0.009186 -0.048975 0.085407
v 0.009186 -0.048975 0.085407
v 0.009425 -0.048957 0.083694
v 0.009425 -0.048957 0.083694
v 0.007694 -0.048703 0.087573
v 0.007694 -0.048703 0.087573
v 0.011825 -0.049360 0.085661
v 0.011825 -0.049360 0.085661
v -0.004440 -0.044774 0.092659
v -0.003782 -0.045066 0.095095
v -0.002248 -0.046207 0.093371
v -0.002248 -0.046207 0.093371
v -0.001374 -0.046554 0.093270
v -0.001467 -0.046062 0.096068
v 0.001189 -0.047006 0.094801
v 0.000409 -0.040376 0.099358
v -0.000395 -0.039850 0.096870
v -0.002540 -0.045527 0.104262
v -0.002540 -0.045527 0.104262
v 0.000412 -0.046669 0.105361
v 0.003127 -0.047879 0.089390
v 0.003127 -0.047879 0.089390
v 0.003874 -0.047827 0.091238
v 0.003874 -0.047827 0.091238
v 0.004707 -0.048093 0.089740
v 0.006064 -0.048459 0.091004
v 0.004521 -0.048028 0.094881
v 0.004521 -0.048028 0.094881
v 0.006029 -0.048759 0.093344
v 0.006853 -0.048976 0.093232
v 0.006853 -0.048976 0.093232
v 0.008327 -0.048824 0.091064
v 0.008327 -0.048824 0.091064
v 0.009195 -0.048971 0.090033
v 0.009195 -0.048971 0.090033
v 0.010832 -0.049767 0.087774
v 0.010832 -0.049767 0.087774
v 0.011524 -0.049311 0.089865
v 0.012874 -0.049323 0.091201
v 0.005080 -0.048065 0.098167
v 0.007909 -0.048751 0.095617
v 0.007909 -0.048751 0.095617
v 0.007234 -0.048566 0.096798
v 0.007234 -0.048566 0.096798
v 0.009123 -0.048978 0.094196
v 0.012196 -0.049252 0.096965
v 0.011747 -0.049228 0.103235
v 0.011747 -0.049228 0.103235
v 0.013274 -0.049459 0.094662
v 0.013274 -0.049459 0.094662
v 0.012176 -0.049244 0.078431
v 0.012949 -0.049349 0.080414
v 0.011949 -0.049242 0.084416
v 0.014054 -0.049411 0.083749
v 0.017032 -0.049452 0.084186
v 0.013688 -0.049393 0.086580
v 0.013688 -0.049393 0.086580
v 0.013632 -0.049386 0.089102
v 0.016795 -0.049415 0.088379
v 0.015986 -0.049544 0.091245
v 0.018571 -0.049557 0.086185
v 0.018571 -0.049557 0.086185
v 0.020296 -0.049828 0.087671
v 0.020296 -0.049828 0.087671
v 0.019543 -0.049869 0.088099
v 0.015275 -0.049945 0.093428
v 0.015275 -0.049945 0.093428
v 0.018527 -0.049441 0.090153
v 0.018527 -0.049441 0.090153
v 0.018192 -0.049407 0.092275
v 0.018192 -0.049407 0.092275
v 0.018033 -0.049451 0.095177
v 0.018033 -0.049451 0.095177
v 0.018033 -0.049451 0.095177
v 0.015952 -0.049443 0.096634
v 0.021002 -0.049292 0.090324
v 0.020447 -0.049308 0.093357
v 0.020447 -0.049308 0.093357
v 0.022610 -0.049145 0.090920
v 0.022610 -0.049145 0.090920
v 0.022610 -0.049145 0.090920
v 0.023810 -0.049409 0.093474
v -0.000538 -0.040561 0.103329
v -0.000538 -0.040561 0.103329
v 0.004624 -0.041989 0.100702
v 0.003535 -0.041330 0.097712
v 0.003535 -0.041330 0.097712
v 0.002829 -0.042254 0.105570
v 0.002829 -0.042254 0.105570
v 0.002829 -0.042254 0.105570
v 0.005975 -0.042793 0.103756
v 0.001210 -0.042669 0.110480
v 0.001210 -0.042669 0.110480
v 0.005750 -0.043785 0.109123
v -0.000116 -0.046350 0.111639
v 0.003431 -0.047602 0.107678
v 0.003431 -0.047602 0.107678
v 0.003523 -0.047452 0.112338
v 0.003523 -0.047452 0.112338
v 0.003523 -0.047452 0.112338
v 0.006562 -0.048178 0.112676
v 0.006562 -0.048178 0.112676
v 0.006562 -0.048178 0.112676
v 0.007958 -0.042499 0.098260
v 0.007958 -0.042499 0.098260
v 0.009157 -0.042625 0.096572
v 0.011592 -0.043108 0.098920
v 0.010222 -0.043549 0.103154
v 0.010222 -0.043549 0.103154
v 0.010222 -0.043549 0.103154
v 0.007542 -0.048567 0.107143
v 0.012490 -0.043032 0.093904
v 0.012490 -0.043032 0.093904
v 0.012490 -0.043032 0.093904
v 0.012490 -0.043032 0.093904
v 0.014387 -0.043649 0.101636
v 0.014387 -0.043649 0.101636
v 0.014387 -0.043649 0.101636
v 0.015722 -0.049364 0.108968
v 0.015722 -0.049364 0.108968
v 0.009780 -0.044398 0.108031
v 0.009780 -0.044398 0.108031
v 0.014600 -0.044633 0.107101
v 0.011061 -0.049029 0.111095
v 0.017675 -0.044426 0.106232
v 0.017675 -0.044426 0.106232
v 0.017675 -0.044426 0.106232
v 0.000067 -0.043608 0.113384
v 0.001321 -0.043259 0.112278
v 0.001321 -0.043259 0.112278
v 0.003300 -0.044392 0.113094
v 0.004226 -0.045281 0.113750
v 0.004226 -0.045281 0.113750
v 0.005840 -0.044450 0.111873
v 0.005840 -0.044450 0.111873
v 0.005840 -0.044450 0.111873
v 0.007447 -0.045165 0.112702
v 0.008184 -0.046009 0.113632
v 0.008184 -0.046009 0.113632
v -0.002253 -0.044537 0.114050
v -0.002253 -0.044537 0.114050
v -0.002253 -0.044537 0.114050
v 0.000965 -0.046408 0.113521
v 0.000965 -0.046408 0.113521
v -0.000708 -0.044851 0.114080
v -0.000275 -0.044198 0.113875
v -0.000275 -0.044198 0.113875
v 0.002851 -0.046460 0.114111
v 0.005615 -0.046614 0.114195
v 0.005615 -0.046614 0.114195
v 0.005253 -0.047632 0.113491
v 0.006553 -0.047540 0.113995
v 0.010119 -0.045127 0.111496
v 0.010119 -0.045127 0.111496
v 0.014511 -0.045463 0.111058
v 0.014511 -0.045463 0.111058
v 0.010179 -0.045619 0.112695
v 0.010179 -0.045619 0.112695
v 0.010273 -0.046887 0.114009
v 0.010273 -0.046887 0.114009
v 0.015319 -0.045857 0.112304
v 0.015319 -0.045857 0.112304
v 0.015319 -0.045857 0.112304
v 0.013288 -0.046250 0.113205
v 0.013288 -0.046250 0.113205
v 0.019318 -0.045343 0.110847
v 0.015845 -0.049226 0.112277
v 0.013368 -0.048904 0.113295
v 0.015540 -0.048878 0.113626
v 0.014214 -0.047012 0.113871
v 0.014214 -0.047012 0.113871
v 0.011354 -0.047492 0.114181
v 0.011354 -0.047492 0.114181
v 0.011354 -0.047492 0.114181
v 0.015851 -0.047612 0.114131
v 0.015851 -0.047612 0.114131
v 0.012219 -0.048324 0.114055
v 0.014573 -0.048212 0.114054
v 0.017199 -0.046521 0.113438
v 0.017695 -0.048378 0.114009
v 0.017695 -0.048378 0.114009
v 0.019368 -0.046048 0.112890
v 0.021169 -0.046660 0.113738
v 0.021169 -0.046660 0.113738
v 0.018192 -0.048975 0.113234
v 0.018192 -0.048975 0.113234
v 0.018192 -0.048975 0.113234
v 0.009993 -0.048704 0.112952
v 0.008491 -0.048151 0.113650
v 0.008491 -0.048151 0.113650
v 0.008491 -0.048151 0.113650
v 0.008491 -0.048151 0.113650
v 0.009149 -0.047543 0.114124
v 0.009149 -0.047543 0.114124
v 0.009149 -0.047543 0.114124
v 0.010166 -0.048289 0.113921
v 0.010166 -0.048289 0.113921
v 0.019059 -0.049346 0.102612
v 0.022833 -0.049091 0.096592
v 0.022833 -0.049091 0.096592
v 0.026280 -0.048474 0.099789
v 0.026280 -0.048474 0.099789
v 0.024389 -0.048695 0.110764
v 0.028231 -0.047977 0.107460
v 0.022860 -0.044808 0.110230
v 0.025232 -0.044420 0.110331
v 0.025232 -0.044420 0.110331
v 0.020233 -0.049179 0.110892
v 0.022529 -0.045346 0.112049
v 0.022529 -0.045346 0.112049
v 0.023167 -0.045947 0.113376
v 0.023167 -0.045947 0.113376
v 0.023167 -0.045947 0.113376
v 0.023167 -0.045947 0.113376
v 0.024825 -0.045281 0.112806
v 0.024825 -0.045281 0.112806
v 0.026026 -0.045877 0.113794
v 0.026026 -0.045877 0.113794
v 0.024446 -0.046820 0.114065
v 0.024446 -0.046820 0.114065
v 0.021567 -0.048741 0.113066
v 0.021567 -0.048741 0.113066
v 0.020060 -0.048697 0.113563
v 0.020060 -0.048697 0.113563
v 0.023029 -0.047905 0.114003
v 0.023029 -0.047905 0.114003
v 0.023029 -0.047905 0.114003
v 0.023029 -0.047905 0.114003
v 0.021434 -0.047259 0.114048
v 0.021434 -0.047259 0.114048
v 0.024066 -0.048369 0.113419
v 0.026300 -0.047385 0.113947
v 0.026300 -0.047385 0.113947
v 0.028296 -0.044688 0.113129
v 0.028737 -0.047647 0.112160
v 0.028737 -0.047647 0.112160
v 0.027084 -0.046417 0.114095
v 0.032333 -0.046726 0.111062
v 0.026688 -0.047908 0.113158
v 0.026688 -0.047908 0.113158
v 0.028585 -0.047246 0.113559
v 0.033075 -0.046036 0.113349
v 0.033075 -0.046036 0.113349
v 0.046143 -0.038854 0.062530
v 0.046143 -0.038854 0.062530
v 0.045108 -0.039838 0.062457
v 0.043190 -0.040981 0.061342
v 0.044116 -0.041012 0.063576
v 0.044116 -0.041012 0.063576
v 0.044891 -0.040284 0.064494
v 0.044891 -0.040284 0.064494
v 0.043318 -0.041218 0.065803
v 0.045685 -0.039482 0.066305
v 0.045685 -0.039482 0.066305
v 0.044706 -0.040236 0.068347
v 0.044706 -0.040236 0.068347
v 0.044706 -0.040236 0.068347
v 0.047891 -0.037731 0.066960
v 0.046488 -0.039057 0.067746
v 0.047862 -0.038603 0.069723
v 0.047862 -0.038603 0.069723
v 0.047862 -0.038603 0.069723
v 0.045799 -0.039685 0.071537
v 0.053894 -0.031717 0.057752
v 0.053894 -0.031717 0.057752
v 0.053365 -0.032303 0.058367
v 0.050880 -0.034354 0.059284
v 0.050880 -0.034354 0.059284
v 0.054126 -0.031422 0.058251
v 0.054126 -0.031422 0.058251
v 0.054951 -0.029767 0.060488
v 0.055536 -0.028567 0.057934
v 0.053639 -0.031433 0.060929
v 0.053639 -0.031433 0.060929
v 0.052307 -0.032991 0.059966
v 0.052307 -0.032991 0.059966
v 0.050825 -0.034730 0.061029
v 0.052111 -0.033405 0.061626
v 0.054545 -0.029885 0.056147
v 0.056661 -0.027346 0.061841
v 0.055810 -0.028832 0.061975
v 0.055810 -0.028832 0.061975
v 0.057669 -0.025964 0.064489
v 0.057669 -0.025964 0.064489
v 0.056356 -0.029059 0.064370
v 0.056356 -0.029059 0.064370
v 0.054693 -0.030301 0.062528
v 0.053196 -0.032155 0.064003
v 0.053196 -0.032155 0.064003
v 0.053196 -0.032155 0.064003
v 0.053196 -0.032155 0.064003
v 0.054585 -0.030639 0.064785
v 0.055376 -0.029722 0.066324
v 0.055376 -0.029722 0.066324
v 0.047803 -0.037434 0.061341
v 0.049340 -0.036095 0.059264
v 0.049340 -0.036095 0.059264
v 0.049340 -0.036095 0.059264
v 0.049367 -0.036174 0.061559
v 0.049367 -0.036174 0.061559
v 0.048599 -0.036933 0.064202
v 0.051245 -0.035286 0.063702
v 0.051245 -0.035286 0.063702
v 0.050089 -0.035802 0.065679
v 0.050356 -0.035436 0.068131
v 0.050356 -0.035436 0.068131
v 0.051761 -0.034740 0.063553
v 0.052152 -0.033695 0.065917
v 0.052152 -0.033695 0.065917
v 0.052159 -0.033629 0.068072
v 0.048950 -0.037058 0.068687
v 0.048950 -0.037058 0.068687
v 0.048950 -0.037058 0.068687
v 0.048436 -0.037622 0.072606
v 0.045532 -0.039961 0.073531
v 0.045532 -0.039961 0.073531
v 0.045532 -0.039961 0.073531
v 0.045532 -0.039961 0.073531
v 0.047800 -0.038163 0.075388
v 0.047800 -0.038163 0.075388
v 0.049667 -0.036639 0.073946
v 0.049667 -0.036639 0.073946
v 0.050890 -0.036107 0.076085
v 0.049473 -0.037106 0.075711
v 0.048691 -0.037494 0.078486
v 0.048691 -0.037494 0.078486
v 0.050192 -0.036041 0.079369
v 0.050192 -0.036041 0.079369
v 0.052035 -0.034281 0.077899
v 0.056899 -0.027350 0.067098
v 0.058009 -0.025552 0.067514
v 0.059193 -0.023835 0.068513
v 0.057016 -0.027327 0.069956
v 0.057016 -0.027327 0.069956
v 0.054957 -0.030285 0.067917
v 0.054957 -0.030285 0.067917
v 0.052991 -0.032763 0.067656
v 0.055610 -0.029567 0.071323
v 0.055610 -0.029567 0.071323
v 0.054210 -0.032251 0.070171
v 0.054210 -0.032251 0.070171
v 0.059323 -0.024295 0.070046
v 0.059323 -0.024295 0.070046
v 0.058922 -0.025090 0.070018
v 0.058922 -0.025090 0.070018
v 0.058922 -0.025090 0.070018
v 0.058261 -0.025560 0.072721
v 0.059810 -0.022466 0.072978
v 0.059810 -0.022466 0.072978
v 0.059810 -0.022466 0.072978
v 0.059232 -0.023720 0.074643
v 0.054303 -0.031576 0.072416
v 0.056741 -0.028208 0.073624
v 0.056741 -0.028208 0.073624
v 0.055248 -0.030306 0.073504
v 0.055248 -0.030306 0.073504
v 0.057964 -0.026129 0.075219
v 0.057964 -0.026129 0.075219
v 0.056593 -0.029238 0.075711
v 0.056593 -0.029238 0.075711
v 0.052310 -0.033794 0.070520
v 0.053594 -0.032835 0.070515
v 0.053594 -0.032835 0.070515
v 0.052830 -0.033159 0.072716
v 0.050208 -0.035734 0.071229
v 0.051179 -0.035034 0.073478
v 0.051179 -0.035034 0.073478
v 0.053857 -0.031904 0.074735
v 0.051978 -0.034315 0.075076
v 0.055078 -0.030597 0.077743
v 0.053959 -0.032083 0.078975
v 0.053959 -0.032083 0.078975
v 0.053959 -0.032083 0.078975
v 0.036918 -0.044696 0.066640
v 0.036765 -0.044882 0.069826
v 0.036765 -0.044882 0.069826
v 0.034470 -0.046043 0.070452
v 0.033971 -0.046200 0.072334
v 0.038082 -0.044299 0.068272
v 0.041207 -0.042331 0.064457
v 0.041207 -0.042331 0.064457
v 0.041207 -0.042331 0.064457
v 0.039965 -0.043166 0.066738
v 0.039965 -0.043166 0.066738
v 0.041649 -0.042257 0.067724
v 0.041649 -0.042257 0.067724
v 0.036457 -0.045130 0.071978
v 0.034999 -0.045909 0.073761
v 0.034999 -0.045909 0.073761
v 0.039949 -0.043831 0.069412
v 0.039949 -0.043831 0.069412
v 0.039099 -0.043958 0.072132
v 0.039099 -0.043958 0.072132
v 0.036865 -0.045552 0.074738
v 0.037400 -0.045421 0.075202
v 0.038417 -0.044347 0.073469
v 0.038417 -0.044347 0.073469
v 0.039609 -0.043721 0.075132
v 0.039609 -0.043721 0.075132
v 0.042675 -0.041715 0.069846
v 0.042675 -0.041715 0.069846
v 0.042675 -0.041715 0.069846
v 0.040776 -0.043391 0.069857
v 0.040776 -0.043391 0.069857
v 0.042820 -0.041817 0.073257
v 0.042820 -0.041817 0.073257
v 0.041654 -0.042512 0.071853
v 0.041654 -0.042512 0.071853
v 0.035878 -0.045557 0.078318
v 0.038397 -0.044519 0.077041
v 0.041662 -0.042587 0.076599
v 0.039147 -0.044054 0.078192
v 0.037728 -0.044766 0.081589
v 0.037728 -0.044766 0.081589
v 0.041185 -0.042903 0.078405
v 0.040336 -0.043832 0.081418
v 0.044223 -0.041456 0.075950
v 0.045051 -0.040920 0.075976
v 0.043660 -0.041447 0.078190
v 0.043660 -0.041447 0.078190
v 0.043660 -0.041447 0.078190
v 0.045616 -0.040104 0.078000
v 0.046220 -0.039623 0.075908
v 0.043061 -0.041770 0.080209
v 0.043061 -0.041770 0.080209
v 0.041368 -0.043358 0.081409
v 0.041368 -0.043358 0.081409
v 0.042981 -0.041914 0.082204
v 0.042981 -0.041914 0.082204
v 0.039052 -0.044093 0.084454
v 0.041782 -0.042677 0.083874
v 0.041782 -0.042677 0.083874
v 0.045330 -0.040217 0.083448
v 0.045330 -0.040217 0.083448
v 0.045330 -0.040217 0.083448
v 0.045330 -0.040217 0.083448
v 0.047875 -0.038329 0.079058
v 0.047875 -0.038329 0.079058
v 0.047875 -0.038329 0.079058
v 0.045541 -0.040096 0.079584
v 0.045541 -0.040096 0.079584
v 0.047921 -0.038824 0.081357
v 0.047921 -0.038824 0.081357
v 0.052191 -0.034015 0.079816
v 0.052191 -0.034015 0.079816
v 0.054288 -0.032412 0.081630
v 0.054288 -0.032412 0.081630
v 0.052178 -0.034159 0.082387
v 0.050252 -0.036063 0.082515
v 0.053349 -0.032723 0.085073
v 0.049910 -0.036452 0.085404
v 0.048833 -0.037545 0.083371
v 0.048833 -0.037545 0.083371
v 0.048833 -0.037545 0.083371
v 0.055229 -0.030541 0.084026
v 0.055229 -0.030541 0.084026
v 0.055340 -0.030332 0.085973
v 0.057582 -0.026994 0.087699
v 0.057582 -0.026994 0.087699
v 0.057582 -0.026994 0.087699
v 0.056285 -0.029176 0.086694
v 0.056285 -0.029176 0.086694
v 0.057919 -0.026311 0.084313
v 0.057919 -0.026311 0.084313
v 0.056366 -0.029534 0.088832
v 0.053913 -0.032028 0.088898
v 0.053913 -0.032028 0.088898
v 0.051917 -0.034498 0.087367
v 0.051917 -0.034498 0.087367
v 0.050504 -0.036459 0.088467
v 0.051838 -0.034538 0.090088
v 0.059680 -0.023053 0.078150
v 0.059414 -0.023637 0.079087
v 0.061053 -0.021104 0.075981
v 0.060682 -0.021807 0.076098
v 0.060461 -0.021634 0.078083
v 0.057437 -0.027116 0.078046
v 0.057437 -0.027116 0.078046
v 0.057437 -0.027116 0.078046
v 0.056410 -0.028641 0.078929
v 0.056410 -0.028641 0.078929
v 0.058170 -0.026206 0.080083
v 0.058170 -0.026206 0.080083
v 0.059301 -0.024904 0.081595
v 0.057742 -0.026758 0.082451
v 0.057742 -0.026758 0.082451
v 0.060523 -0.021081 0.081228
v 0.060523 -0.021081 0.081228
v 0.060174 -0.022015 0.083661
v 0.060174 -0.022015 0.083661
v 0.059425 -0.023684 0.084416
v 0.059464 -0.023580 0.086505
v 0.059464 -0.023580 0.086505
v 0.059464 -0.023580 0.086505
v 0.059464 -0.023580 0.086505
v 0.055529 -0.030130 0.080954
v 0.061595 -0.018596 0.087165
v 0.061595 -0.018596 0.087165
v 0.061595 -0.018596 0.087165
v 0.062171 -0.016952 0.090457
v 0.062171 -0.016952 0.090457
v 0.060869 -0.020737 0.086173
v 0.060869 -0.020737 0.086173
v 0.060980 -0.021233 0.088303
v 0.061346 -0.019318 0.091095
v 0.061346 -0.019318 0.091095
v 0.060681 -0.020978 0.091027
v 0.060681 -0.020978 0.091027
v 0.060681 -0.020978 0.091027
v 0.059086 -0.024213 0.090452
v 0.059086 -0.024213 0.090452
v 0.060671 -0.021936 0.088250
v 0.055069 -0.017283 0.098135
v 0.062460 -0.017612 0.093425
v 0.059679 -0.023188 0.092016
v 0.060306 -0.021577 0.093373
v 0.059107 -0.025289 0.093396
v 0.059107 -0.025289 0.093396
v 0.061417 -0.019241 0.095237
v 0.061417 -0.019241 0.095237
v 0.060937 -0.020133 0.097798
v 0.060937 -0.020133 0.097798
v 0.059460 -0.023412 0.096581
v 0.054344 -0.031532 0.090695
v 0.057514 -0.027093 0.091231
v 0.056368 -0.028927 0.090966
v 0.056368 -0.028927 0.090966
v 0.054907 -0.030806 0.092021
v 0.052297 -0.034131 0.091881
v 0.052297 -0.034131 0.091881
v 0.052297 -0.034131 0.091881
v 0.052297 -0.034131 0.091881
v 0.050676 -0.035704 0.091050
v 0.053518 -0.033282 0.093688
v 0.054784 -0.031017 0.095304
v 0.051245 -0.025650 0.102757
v 0.050158 -0.026349 0.098998
v 0.057708 -0.026778 0.095014
v 0.057708 -0.026778 0.095014
v 0.056404 -0.028559 0.098862
v 0.058259 -0.025637 0.096881
v 0.058259 -0.025637 0.096881
v 0.053304 -0.032745 0.097082
v 0.053997 -0.031834 0.103472
v 0.043035 -0.041951 0.085542
v 0.043035 -0.041951 0.085542
v 0.040609 -0.043289 0.087925
v 0.040609 -0.043289 0.087925
v 0.045516 -0.040209 0.086408
v 0.044091 -0.041753 0.087984
v 0.044091 -0.041753 0.087984
v 0.046006 -0.039747 0.090265
v 0.042483 -0.042261 0.090034
v 0.047028 -0.038941 0.084342
v 0.047028 -0.038941 0.084342
v 0.048256 -0.037913 0.086375
v 0.048256 -0.037913 0.086375
v 0.041841 -0.042626 0.091336
v 0.044572 -0.040810 0.090880
v 0.046009 -0.040082 0.093384
v 0.046009 -0.040082 0.093384
v 0.046009 -0.040082 0.093384
v 0.048454 -0.037821 0.091149
v 0.047586 -0.039197 0.093348
v 0.047586 -0.039197 0.093348
v 0.042632 -0.042083 0.095154
v 0.042632 -0.042083 0.095154
v 0.045088 -0.040409 0.095794
v 0.049029 -0.037337 0.089956
v 0.049029 -0.037337 0.089956
v 0.038474 -0.044597 0.087975
v 0.039608 -0.043859 0.090369
v 0.050000 -0.036217 0.093773
v 0.048835 -0.037362 0.096022
v 0.047037 -0.038911 0.096571
v 0.047037 -0.038911 0.096571
v 0.046586 -0.039111 0.109776
v 0.051985 -0.034262 0.096577
v 0.051985 -0.034262 0.096577
v 0.049742 -0.036504 0.102850
v 0.057429 -0.013089 0.104485
v 0.058688 -0.013789 0.111484
v 0.058688 -0.013789 0.111484
v 0.058688 -0.013789 0.111484
v 0.060113 -0.010534 0.113071
v 0.061042 -0.010448 0.114090
v 0.061042 -0.010448 0.114090
v 0.062226 -0.008332 0.114480
v 0.059212 -0.014611 0.113214
v 0.059212 -0.014611 0.113214
v 0.034129 -0.042316 0.112636
v 0.032252 -0.043580 0.113383
v 0.032252 -0.043580 0.113383
v 0.032252 -0.043580 0.113383
v 0.032252 -0.043580 0.113383
v 0.047635 -0.031136 0.106095
v 0.050859 -0.027439 0.106580
v 0.045683 -0.034075 0.109758
v 0.045683 -0.034075 0.109758
v 0.048590 -0.031468 0.110651
v 0.048590 -0.031468 0.110651
v 0.043561 -0.035958 0.110052
v 0.042519 -0.037258 0.111725
v 0.042519 -0.037258 0.111725
v 0.051685 -0.027965 0.111529
v 0.052842 -0.027264 0.112946
v 0.052842 -0.027264 0.112946
v 0.049446 -0.031876 0.113139
v 0.049097 -0.033172 0.113907
v 0.049097 -0.033172 0.113907
v 0.051172 -0.030801 0.113924
v 0.051172 -0.030801 0.113924
v 0.046061 -0.034885 0.112011
v 0.046061 -0.034885 0.112011
v 0.046061 -0.034885 0.112011
v 0.045356 -0.036651 0.113485
v 0.045356 -0.036651 0.113485
v 0.047037 -0.035462 0.113616
v 0.047037 -0.035462 0.113616
v 0.047592 -0.033145 0.111883
v 0.049177 -0.034507 0.114394
v 0.044889 -0.038188 0.114194
v 0.044889 -0.038188 0.114194
v 0.046786 -0.037033 0.114240
v 0.046786 -0.037033 0.114240
v 0.046786 -0.037033 0.114240
v 0.047262 -0.037256 0.114102
v 0.047262 -0.037256 0.114102
v 0.048553 -0.036349 0.114037
v 0.048553 -0.036349 0.114037
v 0.048553 -0.036349 0.114037
v 0.047339 -0.037745 0.113582
v 0.047339 -0.037745 0.113582
v 0.049533 -0.034903 0.114280
v 0.049533 -0.034903 0.114280
v 0.038136 -0.040478 0.112826
v 0.038136 -0.040478 0.112826
v 0.038136 -0.040478 0.112826
v 0.042484 -0.038016 0.113105
v 0.042484 -0.038016 0.113105
v 0.042484 -0.038016 0.113105
v 0.042090 -0.039008 0.113791
v 0.042090 -0.039008 0.113791
v 0.035448 -0.042684 0.113770
v 0.035448 -0.042684 0.113770
v 0.037046 -0.044569 0.112815
v 0.037046 -0.044569 0.112815
v 0.038741 -0.043720 0.112946
v 0.038246 -0.041469 0.113867
v 0.033214 -0.044350 0.114108
v 0.033214 -0.044350 0.114108
v 0.033214 -0.044350 0.114108
v 0.033214 -0.044350 0.114108
v 0.036005 -0.043977 0.114158
v 0.032459 -0.045665 0.114027
v 0.038089 -0.042333 0.114162
v 0.038089 -0.042333 0.114162
v 0.038048 -0.043710 0.113684
v 0.038048 -0.043710 0.113684
v 0.040342 -0.042098 0.114062
v 0.040342 -0.042098 0.114062
v 0.044444 -0.040348 0.112659
v 0.041653 -0.042000 0.113274
v 0.041653 -0.042000 0.113274
v 0.041653 -0.042000 0.113274
v 0.041971 -0.040072 0.114293
v 0.041971 -0.040072 0.114293
v 0.041971 -0.040072 0.114293
v 0.043178 -0.040478 0.114107
v 0.043178 -0.040478 0.114107
v 0.044420 -0.039656 0.114037
v 0.044420 -0.039656 0.114037
v 0.044420 -0.039656 0.114037
v 0.044420 -0.039656 0.114037
v 0.045934 -0.039168 0.113034
v 0.045934 -0.039168 0.113034
v 0.045201 -0.039323 0.113883
v 0.045829 -0.038457 0.114149
v 0.045829 -0.038457 0.114149
v 0.045829 -0.038457 0.114149
v 0.045829 -0.038457 0.114149
v 0.045829 -0.038457 0.114149
v 0.047818 -0.037814 0.112459
v 0.053135 -0.028597 0.114080
v 0.053135 -0.028597 0.114080
v 0.028593 -0.045563 0.113981
v 0.028593 -0.045563 0.113981
v 0.028688 -0.046671 0.114031
v 0.028688 -0.046671 0.114031
v 0.028688 -0.046671 0.114031
v 0.029959 -0.045541 0.114125
v 0.056044 -0.015008 0.099428
v 0.056103 -0.016134 0.102434
v 0.056103 -0.016134 0.102434
v 0.056103 -0.016134 0.102434
v 0.053907 -0.020330 0.100200
v 0.055162 -0.019794 0.105340
v 0.055162 -0.019794 0.105340
v 0.062206 -0.016635 0.096811
v 0.062206 -0.016635 0.096811
v 0.060302 -0.021499 0.104096
v 0.062187 -0.016579 0.104514
v 0.062187 -0.016579 0.104514
v 0.057423 -0.016166 0.109087
v 0.057423 -0.016166 0.109087
v 0.052734 -0.023311 0.102761
v 0.052734 -0.023311 0.102761
v 0.052734 -0.023311 0.102761
v 0.052263 -0.023005 0.098343
v 0.052263 -0.023005 0.098343
v 0.053663 -0.023822 0.108289
v 0.058309 -0.025398 0.103572
v 0.058309 -0.025398 0.103572
v 0.056227 -0.028717 0.110171
v 0.056227 -0.028717 0.110171
v 0.056227 -0.028717 0.110171
v 0.056227 -0.028717 0.110171
v 0.055745 -0.021135 0.111125
v 0.054292 -0.024255 0.111975
v 0.054292 -0.024255 0.111975
v 0.059862 -0.022331 0.111349
v 0.058122 -0.025679 0.109010
v 0.058122 -0.025679 0.109010
v 0.062908 -0.014214 0.110705
v 0.063810 -0.009598 0.111735
v 0.061560 -0.018296 0.111642
v 0.057761 -0.017137 0.112146
v 0.057761 -0.017137 0.112146
v 0.058138 -0.018254 0.113524
v 0.059879 -0.014793 0.113997
v 0.059879 -0.014793 0.113997
v 0.063534 -0.010433 0.112678
v 0.063534 -0.010433 0.112678
v 0.063534 -0.010433 0.112678
v 0.062690 -0.014209 0.112533
v 0.062690 -0.014209 0.112533
v 0.062875 -0.011744 0.113689
v 0.062875 -0.011744 0.113689
v 0.063311 -0.009550 0.113651
v 0.063311 -0.009550 0.113651
v 0.063311 -0.009550 0.113651
v 0.062881 -0.010190 0.114196
v 0.061857 -0.011585 0.114407
v 0.061857 -0.011585 0.114407
v 0.062460 -0.011246 0.114277
v 0.062460 -0.011246 0.114277
v 0.060434 -0.016090 0.114429
v 0.061636 -0.015266 0.114230
v 0.061760 -0.016332 0.113578
v 0.060590 -0.020033 0.113155
v 0.056730 -0.020099 0.112529
v 0.056273 -0.022472 0.113544
v 0.056273 -0.022472 0.113544
v 0.057891 -0.020596 0.114112
v 0.057891 -0.020596 0.114112
v 0.058840 -0.023523 0.113381
v 0.058840 -0.023523 0.113381
v 0.058900 -0.022170 0.114254
v 0.055280 -0.025037 0.114000
v 0.057694 -0.026116 0.112258
v 0.055696 -0.028968 0.113059
v 0.057185 -0.026404 0.113452
v 0.057185 -0.026404 0.113452
v 0.057303 -0.023621 0.114406
v 0.057303 -0.023621 0.114406
v 0.057804 -0.023810 0.114368
v 0.056638 -0.026369 0.114246
v 0.056638 -0.026369 0.114246
v 0.054439 -0.028212 0.114408
v 0.054439 -0.028212 0.114408
v 0.059860 -0.019918 0.114285
v 0.052337 -0.033729 0.109485
v 0.052337 -0.033729 0.109485
v 0.052337 -0.033729 0.109485
v 0.048987 -0.037058 0.109706
v 0.053330 -0.032380 0.111891
v 0.053330 -0.032380 0.111891
v 0.050586 -0.035267 0.112451
v 0.049406 -0.036198 0.113073
v 0.050598 -0.034449 0.113975
v 0.053624 -0.031526 0.113465
v 0.053586 -0.030755 0.114286
v 0.053586 -0.030755 0.114286
v 0.054679 -0.029598 0.114043
v 0.054679 -0.029598 0.114043
v 0.051948 -0.031265 0.114363
v 0.051948 -0.031265 0.114363
v 0.051948 -0.031265 0.114363
v 0.052334 -0.032285 0.114166
v 0.052334 -0.032285 0.114166
v -0.001893 -0.039383 0.087793
v -0.001893 -0.039383 0.087793
v -0.004778 -0.037939 0.086980
v -0.004778 -0.037939 0.086980
v 0.002201 -0.041095 0.088036
v 0.002201 -0.041095 0.088036
v 0.004768 -0.042587 0.079296
v 0.009041 -0.043230 0.083242
v 0.011621 -0.043988 0.078430
v 0.005979 -0.042158 0.088482
v 0.008623 -0.042517 0.091896
v 0.008623 -0.042517 0.091896
v 0.011641 -0.043223 0.087990
v 0.014674 -0.044001 0.081655
v 0.016179 -0.043645 0.085624
v 0.017069 -0.044287 0.077610
v 0.017816 -0.044525 0.072316
v 0.019845 -0.043877 0.080602
v 0.019845 -0.043877 0.080602
v 0.019845 -0.043877 0.080602
v 0.023258 -0.043806 0.074967
v 0.023258 -0.043806 0.074967
v 0.026652 -0.043027 0.076180
v 0.031970 -0.041367 0.076328
v 0.031970 -0.041367 0.076328
v 0.034919 -0.040238 0.075074
v 0.036342 -0.039447 0.070900
v 0.019538 -0.043321 0.087521
v 0.019538 -0.043321 0.087521
v 0.024407 -0.042581 0.088546
v 0.024407 -0.042581 0.088546
v 0.017110 -0.043260 0.091619
v 0.023047 -0.042631 0.092292
v 0.023047 -0.042631 0.092292
v 0.028827 -0.041496 0.088735
v 0.033858 -0.039974 0.084501
v 0.032098 -0.040300 0.089598
v 0.036055 -0.039448 0.078825
v 0.037654 -0.037984 0.084940
v 0.037654 -0.037984 0.084940
v 0.037654 -0.037984 0.084940
v 0.037654 -0.037984 0.084940
v 0.039008 -0.037767 0.079197
v 0.039008 -0.037767 0.079197
v 0.040540 -0.036489 0.081871
v 0.040540 -0.036489 0.081871
v 0.047574 -0.029252 0.093599
v 0.044831 -0.032104 0.092610
v 0.044831 -0.032104 0.092610
v 0.027214 -0.041786 0.093174
v 0.027214 -0.041786 0.093174
v 0.039919 -0.036204 0.089620
v 0.039919 -0.036204 0.089620
v 0.039919 -0.036204 0.089620
v 0.044068 -0.033504 0.085113
v 0.043076 -0.033834 0.089387
v 0.034069 -0.039317 0.092724
v 0.034069 -0.039317 0.092724
v 0.037142 -0.037713 0.092607
v -0.003423 -0.038342 0.094411
v 0.000497 -0.040193 0.092521
v 0.004212 -0.041495 0.093289
v 0.004212 -0.041495 0.093289
v 0.004212 -0.041495 0.093289
v 0.047574 -0.031092 0.063717
v 0.049382 -0.029513 0.065172
v 0.049382 -0.029513 0.065172
v 0.049019 -0.029813 0.061416
v 0.045571 -0.033426 0.063155
v 0.039399 -0.037949 0.073243
v 0.039399 -0.037949 0.073243
v 0.045258 -0.033509 0.069947
v 0.041492 -0.036579 0.072901
v 0.047918 -0.030720 0.068135
v 0.052415 -0.025466 0.066105
v 0.052415 -0.025466 0.066105
v 0.053416 -0.023089 0.070027
v 0.052158 -0.025481 0.068572
v 0.052176 -0.025253 0.071134
v 0.052176 -0.025253 0.071134
v 0.050791 -0.026725 0.070143
v 0.050621 -0.027697 0.066669
v 0.050621 -0.027697 0.066669
v 0.051757 -0.026017 0.074011
v 0.053645 -0.022842 0.076282
v 0.050057 -0.028459 0.072701
v 0.050057 -0.028459 0.072701
v 0.051624 -0.025823 0.078208
v 0.051624 -0.025823 0.078208
v 0.051624 -0.025823 0.078208
v 0.051624 -0.025823 0.078208
v 0.044367 -0.034349 0.072518
v 0.044367 -0.034349 0.072518
v 0.047109 -0.031856 0.072485
v 0.045952 -0.032701 0.076422
v 0.042870 -0.035242 0.077610
v 0.042870 -0.035242 0.077610
v 0.049326 -0.029106 0.069983
v 0.049326 -0.029106 0.069983
v 0.048768 -0.029594 0.077720
v 0.046285 -0.031177 0.086522
v 0.046285 -0.031177 0.086522
v 0.054619 -0.018904 0.087223
v 0.053120 -0.022495 0.083719
v 0.053120 -0.022495 0.083719
v 0.050960 -0.025365 0.087022
v 0.052719 -0.022274 0.089617
v 0.052719 -0.022274 0.089617
v 0.048549 -0.028498 0.087845
v 0.050191 -0.025942 0.093972
v 0.050191 -0.025942 0.093972
v 0.050191 -0.025942 0.093972
v 0.050191 -0.025942 0.093972
v 0.054572 -0.018160 0.093463
v 0.053104 -0.021229 0.094579
v 0.053104 -0.021229 0.094579
v 0.051416 -0.024185 0.096207
v 0.050084 -0.028678 0.059713
v 0.050084 -0.028678 0.059713
v 0.052122 -0.026116 0.062767
v 0.049836 -0.028385 0.068772
v 0.049836 -0.028385 0.068772
f 1 3 4
f 7 3 1
f 9 1 10
f 1 9 8
f 13 17 18
f 20 21 24
f 26 27 30
f 34 30 28
f 26 31 37
f 30 38 36
f 39 26 35
f 41 42 29
f 41 28 26
f 44 47 39
f 46 51 48
f 42 52 53
f 54 53 52
f 26 40 41
f 39 48 41
f 41 52 42
f 41 47 52
f 48 55 52
f 56 50 45
f 55 49 57
f 61 50 56
f 63 54 52
f 54 63 65
f 67 64 63
f 52 55 63
f 47 51 55
f 63 55 57
f 70 36 38
f 71 72 73
f 37 70 75
f 76 36 74
f 74 68 72
f 74 72 71
f 77 75 71
f 78 77 71
f 79 74 77
f 77 78 79
f 76 39 36
f 82 76 74
f 84 82 79
f 75 79 82
f 86 84 79
f 87 78 71
f 78 87 88
f 86 79 78
f 78 88 85
f 89 85 88
f 76 81 91
f 46 39 76
f 80 94 92
f 94 82 83
f 95 84 96
f 85 96 83
f 97 85 98
f 98 86 90
f 100 96 98
f 95 94 83
f 96 104 95
f 94 95 105
f 95 103 106
f 43 76 56
f 107 56 76
f 108 76 93
f 108 107 76
f 110 108 92
f 108 112 107
f 113 56 107
f 107 112 113
f 94 110 93
f 115 108 109
f 115 109 116
f 111 108 115
f 119 111 115
f 115 122 119
f 121 115 118
f 121 116 125
f 120 121 126
f 109 94 106
f 105 116 109
f 102 128 106
f 125 117 105
f 130 106 128
f 124 106 129
f 128 104 132
f 132 133 128
f 129 128 134
f 135 137 139
f 140 141 143
f 144 145 141
f 147 146 144
f 140 150 152
f 145 153 141
f 153 143 141
f 141 140 152
f 154 152 150
f 152 154 144
f 152 144 141
f 155 156 157
f 158 159 162
f 162 159 163
f 165 163 159
f 166 140 171
f 158 170 159
f 170 158 169
f 171 143 159
f 160 142 165
f 143 170 140
f 162 163 172
f 13 173 163
f 16 163 174
f 16 13 163
f 156 162 173
f 161 156 158
f 156 155 158
f 167 158 155
f 177 156 173
f 156 175 157
f 168 150 140
f 178 180 181
f 150 179 182
f 167 179 150
f 167 180 178
f 167 155 180
f 181 180 155
f 155 157 181
f 157 183 181
f 184 186 187
f 184 187 188
f 189 191 184
f 193 194 191
f 188 190 184
f 197 191 189
f 188 196 190
f 199 186 182
f 200 199 181
f 202 200 181
f 181 183 202
f 204 206 200
f 204 202 209
f 205 200 202
f 210 204 208
f 207 199 200
f 212 216 218
f 219 216 221
f 223 219 221
f 198 206 224
f 226 224 207
f 229 185 224
f 187 186 229
f 229 224 225
f 199 224 186
f 188 228 227
f 188 226 230
f 197 188 230
f 211 230 226
f 232 211 227
f 233 215 211
f 188 187 229
f 207 210 233
f 232 227 207
f 210 208 234
f 207 204 210
f 217 232 210
f 210 222 213
f 210 234 222
f 237 154 239
f 154 150 240
f 151 182 240
f 240 182 186
f 239 154 241
f 237 242 147
f 154 147 144
f 154 237 148
f 239 6 237
f 242 6 3
f 237 6 242
f 10 5 239
f 12 1 6
f 10 243 247
f 194 192 248
f 12 248 244
f 249 238 194
f 248 10 239
f 194 239 240
f 186 184 240
f 194 240 191
f 191 240 184
f 198 178 181
f 182 178 199
f 250 253 256
f 254 258 260
f 251 259 255
f 264 266 268
f 57 269 66
f 270 271 67
f 270 57 272
f 274 275 64
f 274 64 67
f 274 276 277
f 67 63 58
f 271 274 67
f 276 274 271
f 268 280 264
f 278 281 282
f 278 268 284
f 284 281 279
f 276 281 285
f 276 287 277
f 288 277 287
f 157 177 289
f 291 289 177
f 289 291 292
f 292 291 293
f 294 291 173
f 13 295 173
f 19 295 13
f 23 291 295
f 21 294 18
f 176 173 291
f 293 21 20
f 22 293 291
f 183 157 289
f 296 289 292
f 292 293 297
f 297 293 298
f 297 266 290
f 266 297 267
f 20 299 293
f 299 20 300
f 298 293 299
f 300 302 299
f 300 303 301
f 299 301 298
f 301 305 298
f 306 305 308
f 306 284 267
f 312 281 284
f 284 306 311
f 305 302 314
f 301 315 313
f 281 311 285
f 286 285 312
f 310 312 306
f 316 318 311
f 287 311 318
f 311 307 316
f 316 319 318
f 321 320 316
f 322 323 319
f 313 308 305
f 314 316 309
f 313 325 316
f 324 321 317
f 315 324 314
f 304 315 302
f 304 326 315
f 330 332 59
f 333 114 334
f 336 333 334
f 338 340 333
f 201 183 343
f 208 203 343
f 183 289 343
f 290 344 343
f 345 342 344
f 208 341 345
f 347 209 346
f 354 344 355
f 357 353 356
f 353 357 358
f 358 359 360
f 359 358 357
f 290 355 344
f 355 289 265
f 264 278 357
f 264 357 355
f 355 266 263
f 346 344 354
f 362 345 353
f 345 365 349
f 345 361 365
f 366 367 339
f 368 366 353
f 354 358 367
f 368 358 360
f 353 366 362
f 369 370 348
f 371 373 375
f 221 235 223
f 223 236 370
f 223 370 371
f 372 370 373
f 369 350 364
f 364 376 369
f 377 363 379
f 335 338 333
f 375 380 382
f 385 383 380
f 370 369 373
f 374 369 375
f 375 369 380
f 208 351 234
f 352 370 236
f 361 377 365
f 56 328 59
f 113 329 56
f 334 114 111
f 335 334 111
f 335 112 120
f 119 126 335
f 278 283 359
f 278 359 357
f 126 388 335
f 393 394 335
f 390 336 388
f 398 399 385
f 398 400 399
f 401 397 384
f 138 403 404
f 405 10 406
f 10 405 9
f 407 409 411
f 406 407 411
f 406 411 405
f 9 405 411
f 9 410 409
f 9 409 413
f 408 407 416
f 419 417 407
f 417 414 409
f 421 422 423
f 423 424 421
f 9 421 8
f 421 427 7
f 424 427 421
f 428 421 9
f 413 428 9
f 422 421 428
f 415 430 432
f 412 433 428
f 414 418 436
f 432 435 415
f 430 438 431
f 438 440 432
f 441 434 432
f 432 442 441
f 445 441 446
f 442 447 441
f 439 444 432
f 422 433 449
f 451 424 423
f 453 423 422
f 453 451 423
f 453 422 449
f 457 456 450
f 459 461 455
f 463 464 458
f 436 422 428
f 441 445 450
f 441 450 435
f 445 458 450
f 466 468 471
f 466 473 468
f 475 467 474
f 477 475 473
f 478 477 473
f 478 479 477
f 480 478 483
f 484 486 487
f 481 489 480
f 489 487 480
f 489 490 491
f 490 489 482
f 487 489 492
f 484 488 492
f 437 472 468
f 493 438 469
f 494 439 438
f 442 440 493
f 468 475 493
f 476 495 493
f 495 447 443
f 493 495 443
f 496 445 448
f 495 496 447
f 477 498 495
f 477 500 498
f 475 477 495
f 501 497 495
f 498 501 495
f 503 501 498
f 504 502 503
f 463 457 445
f 445 506 463
f 501 507 496
f 506 509 511
f 514 515 464
f 516 515 512
f 506 510 463
f 464 463 511
f 512 464 511
f 502 508 507
f 505 518 501
f 509 501 518
f 519 511 509
f 519 512 511
f 520 516 513
f 507 445 497
f 521 523 524
f 500 477 526
f 527 500 526
f 480 526 477
f 487 526 479
f 503 498 500
f 504 503 500
f 527 505 499
f 523 505 527
f 527 525 486
f 485 525 487
f 524 527 486
f 486 484 524
f 524 522 527
f 528 518 504
f 504 522 528
f 528 519 509
f 528 508 518
f 529 519 528
f 530 520 529
f 531 530 529
f 528 523 529
f 532 529 523
f 531 529 532
f 492 490 533
f 484 492 533
f 534 533 490
f 533 536 537
f 539 536 541
f 544 537 536
f 536 534 542
f 536 533 535
f 545 536 539
f 539 547 548
f 540 550 546
f 552 546 550
f 556 553 550
f 539 549 550
f 549 547 557
f 548 557 558
f 556 550 559
f 560 550 562
f 548 558 550
f 564 521 524
f 567 521 564
f 524 570 564
f 566 563 571
f 572 564 570
f 572 571 565
f 573 572 570
f 575 571 572
f 573 575 572
f 570 524 484
f 533 538 484
f 538 570 484
f 537 578 570
f 580 570 578
f 580 578 552
f 554 537 546
f 554 577 537
f 570 579 573
f 569 581 521
f 581 532 523
f 581 523 521
f 582 532 581
f 566 582 581
f 584 568 571
f 582 568 584
f 585 531 532
f 588 586 584
f 587 588 589
f 586 532 582
f 582 584 586
f 575 584 571
f 588 583 575
f 591 593 588
f 594 576 573
f 573 595 596
f 598 573 596
f 597 599 594
f 597 594 573
f 597 596 600
f 597 601 599
f 579 551 595
f 573 579 595
f 595 554 556
f 595 555 559
f 596 595 559
f 574 594 604
f 603 588 575
f 603 591 588
f 604 605 591
f 593 591 605
f 606 609 599
f 594 599 609
f 609 604 594
f 609 610 604
f 605 603 610
f 605 610 611
f 613 558 557
f 615 613 557
f 616 613 615
f 616 558 613
f 561 619 620
f 550 558 561
f 561 558 619
f 621 619 616
f 558 616 618
f 617 623 624
f 616 624 621
f 624 626 621
f 627 621 625
f 627 628 618
f 622 627 619
f 625 624 623
f 627 625 630
f 629 626 631
f 625 623 631
f 623 632 631
f 628 627 633
f 634 628 633
f 627 630 633
f 629 635 633
f 636 631 632
f 639 636 632
f 629 631 637
f 629 637 634
f 640 642 632
f 642 639 632
f 643 638 642
f 635 639 644
f 644 647 635
f 638 635 636
f 648 596 620
f 649 596 648
f 602 596 649
f 651 653 600
f 651 650 648
f 651 600 649
f 560 561 620
f 620 596 559
f 620 618 656
f 628 656 619
f 620 656 648
f 657 648 655
f 657 656 628
f 657 652 648
f 653 599 600
f 654 607 599
f 608 606 610
f 610 606 653
f 658 610 653
f 659 611 610
f 660 659 653
f 661 660 653
f 663 659 660
f 664 654 652
f 664 652 665
f 662 653 664
f 664 668 662
f 667 660 662
f 669 663 660
f 670 660 666
f 672 670 667
f 671 669 660
f 651 673 665
f 665 673 675
f 677 665 676
f 678 675 673
f 675 678 680
f 679 677 675
f 681 677 680
f 682 679 678
f 683 684 680
f 680 684 681
f 673 652 657
f 673 657 628
f 673 628 635
f 646 673 635
f 678 674 647
f 682 678 646
f 665 667 664
f 665 672 668
f 672 665 685
f 665 677 686
f 686 687 672
f 669 670 689
f 672 687 670
f 689 670 687
f 681 686 677
f 687 685 681
f 690 687 693
f 681 693 687
f 695 696 698
f 694 700 701
f 695 702 703
f 705 704 708
f 695 704 696
f 707 704 701
f 711 712 713
f 715 717 718
f 720 716 721
f 721 723 720
f 722 716 718
f 725 721 718
f 726 727 696
f 717 697 727
f 727 719 717
f 718 728 729
f 726 696 704
f 730 727 726
f 726 704 705
f 730 726 731
f 705 731 726
f 732 731 734
f 735 734 731
f 733 718 730
f 725 718 733
f 731 732 730
f 737 740 742
f 743 745 746
f 712 723 747
f 748 723 722
f 749 721 751
f 751 721 725
f 752 748 750
f 748 747 723
f 753 748 752
f 753 747 749
f 755 752 757
f 756 753 752
f 758 756 757
f 713 712 747
f 713 747 754
f 760 754 756
f 751 733 752
f 757 752 733
f 733 738 758
f 758 757 733
f 761 738 734
f 732 734 738
f 738 762 740
f 751 724 733
f 758 738 743
f 763 758 743
f 765 767 768
f 769 701 772
f 769 772 774
f 769 774 775
f 775 773 778
f 780 781 782
f 784 781 780
f 782 707 769
f 707 701 770
f 782 769 777
f 775 780 782
f 768 778 773
f 778 768 785
f 785 768 766
f 786 778 785
f 789 783 779
f 790 789 786
f 787 793 790
f 776 778 780
f 780 778 787
f 780 786 788
f 793 786 785
f 794 796 797
f 706 781 735
f 795 781 784
f 781 706 707
f 781 707 782
f 735 731 705
f 798 735 796
f 761 736 798
f 796 736 781
f 790 796 783
f 784 789 791
f 797 796 790
f 797 790 800
f 800 790 802
f 804 739 761
f 798 794 804
f 740 804 744
f 745 741 740
f 744 804 806
f 806 804 807
f 794 798 796
f 804 794 807
f 807 794 809
f 809 794 797
f 800 809 797
f 809 810 812
f 813 807 812
f 812 808 809
f 736 761 734
f 798 804 762
f 811 799 814
f 801 791 792
f 792 815 803
f 799 801 814
f 815 814 803
f 809 799 810
f 811 817 812
f 816 811 818
f 819 821 822
f 812 817 823
f 812 821 813
f 812 822 821
f 818 824 816
f 822 816 824
f 826 829 830
f 833 835 837
f 825 833 837
f 840 195 841
f 841 195 231
f 193 191 845
f 847 846 840
f 834 192 844
f 844 191 197
f 195 839 843
f 849 851 836
f 853 836 851
f 854 839 841
f 847 854 851
f 847 839 854
f 850 854 841
f 851 841 855
f 833 842 848
f 835 831 847
f 837 836 856
f 857 859 860
f 858 855 859
f 856 858 861
f 863 865 868
f 867 856 861
f 870 863 868
f 869 866 862
f 430 871 873
f 829 825 838
f 871 829 837
f 837 875 872
f 871 875 877
f 875 837 856
f 875 878 876
f 878 875 864
f 871 879 873
f 874 470 438
f 880 871 877
f 856 836 852
f 855 858 850
f 853 851 858
f 856 852 857
f 864 856 868
f 875 856 865
f 881 218 882
f 218 884 882
f 855 881 859
f 859 881 882
f 886 882 884
f 219 218 214
f 219 885 218
f 888 885 219
f 223 889 220
f 219 889 888
f 892 886 893
f 887 890 894
f 890 895 894
f 893 887 894
f 886 885 888
f 890 887 888
f 881 231 212
f 841 231 855
f 855 231 881
f 881 212 218
f 892 897 882
f 892 882 886
f 898 892 899
f 898 859 883
f 897 860 859
f 900 897 899
f 901 900 899
f 900 901 902
f 901 899 698
f 717 901 696
f 862 897 900
f 902 860 900
f 893 699 892
f 699 893 894
f 772 699 894
f 699 772 702
f 899 891 698
f 698 891 700
f 695 698 699
f 901 698 696
f 827 247 244
f 248 193 243
f 828 193 832
f 193 828 243
f 246 406 11
f 407 406 245
f 419 407 246
f 419 246 828
f 825 830 420
f 430 420 830
f 871 830 829
f 871 430 830
f 415 420 429
f 438 430 873
f 905 902 906
f 907 904 906
f 909 863 870
f 909 864 863
f 870 860 902
f 904 870 903
f 912 870 904
f 913 908 906
f 912 904 907
f 914 912 913
f 911 907 913
f 909 870 916
f 911 917 870
f 916 870 917
f 880 876 878
f 918 880 878
f 878 864 910
f 916 918 878
f 916 878 909
f 921 472 880
f 879 471 873
f 918 921 880
f 465 920 919
f 465 472 921
f 923 918 925
f 916 925 918
f 474 465 924
f 924 465 918
f 478 473 922
f 927 930 917
f 932 916 930
f 931 925 916
f 928 916 917
f 933 929 927
f 932 930 934
f 934 930 933
f 934 933 935
f 917 937 926
f 927 937 938
f 723 937 914
f 937 911 914
f 938 936 712
f 712 937 723
f 917 911 937
f 938 939 942
f 940 933 927
f 927 938 940
f 711 939 938
f 939 710 943
f 933 940 943
f 943 941 939
f 711 938 712
f 945 923 925
f 946 924 945
f 923 946 483
f 945 934 946
f 945 925 932
f 945 932 934
f 483 478 924
f 946 947 482
f 490 482 947
f 947 946 935
f 935 946 934
f 716 903 901
f 902 714 906
f 716 901 717
f 906 720 913
f 720 906 716
f 914 913 720
f 723 915 720
f 896 371 948
f 896 948 949
f 951 948 371
f 375 951 371
f 895 889 223
f 896 223 372
f 949 948 773
f 894 895 949
f 950 772 894
f 771 949 774
f 951 774 948
f 951 768 773
f 375 383 951
f 382 764 952
f 768 951 764
f 765 382 954
f 956 385 399
f 713 957 711
f 957 713 959
f 960 711 957
f 961 958 959
f 963 960 959
f 963 959 965
f 966 963 965
f 967 968 970
f 967 970 962
f 967 971 973
f 971 963 966
f 975 971 966
f 971 967 963
f 978 974 979
f 975 977 980
f 983 969 967
f 982 967 973
f 979 974 966
f 973 971 975
f 984 763 988
f 988 763 990
f 763 742 746
f 763 746 990
f 991 746 992
f 992 988 990
f 994 995 988
f 996 988 998
f 999 1001 759
f 759 756 758
f 1002 999 759
f 754 959 713
f 1000 959 754
f 1001 753 759
f 999 959 1000
f 999 1003 964
f 1003 999 1002
f 1004 1003 1002
f 985 1002 759
f 1004 1002 985
f 1005 985 995
f 965 959 999
f 763 759 758
f 985 759 763
f 995 985 989
f 1007 995 1010
f 994 1008 995
f 1008 1011 1012
f 1010 994 1011
f 1006 1009 1014
f 994 987 997
f 1011 994 997
f 997 1015 1011
f 997 1016 1015
f 1008 1012 1014
f 1012 1011 1015
f 1003 1005 1017
f 966 965 1003
f 1017 966 1003
f 995 1006 1005
f 1017 1005 1006
f 1007 1013 1018
f 1019 1017 1014
f 966 1018 979
f 977 979 1017
f 1020 976 1018
f 1020 1021 976
f 1021 980 976
f 1022 1023 1024
f 1025 980 1021
f 980 1025 1026
f 1025 1021 1027
f 1028 973 1026
f 1029 1030 973
f 972 975 1026
f 1026 974 980
f 1025 1031 1028
f 1029 973 1028
f 1033 1029 1028
f 1025 1028 1026
f 1034 1031 1035
f 1028 1031 1034
f 1035 1036 1034
f 1034 1036 1039
f 1034 1032 1028
f 1038 1032 1034
f 1040 1029 1032
f 1041 1040 1043
f 1033 1037 1040
f 1043 1040 1037
f 1044 1035 1048
f 1049 1035 1045
f 1049 1037 1036
f 1036 1035 1049
f 1037 1049 1043
f 1041 1043 1049
f 1045 1041 1049
f 1050 1040 1041
f 1051 1050 1041
f 1053 1014 1054
f 1055 1053 1054
f 1057 1054 1060
f 1058 1055 1054
f 1059 1062 1056
f 1063 1012 1015
f 1064 1015 1016
f 1065 1063 1015
f 1065 1015 1064
f 1066 1065 1064
f 1054 1014 1012
f 1054 1012 1063
f 1060 1054 1063
f 1060 1063 1065
f 1067 1061 1060
f 1065 1068 1060
f 1067 1065 1070
f 1071 1069 1066
f 1065 1066 1070
f 1058 1060 1061
f 1021 1020 1052
f 1052 1020 1013
f 1027 1021 1052
f 1025 1027 1055
f 1052 1056 1027
f 1031 1025 1055
f 1055 1061 1047
f 1072 1047 1061
f 1073 1048 1074
f 1075 1074 1076
f 1074 1075 1073
f 1074 1047 1072
f 1078 1072 1062
f 1072 1077 1074
f 1077 1072 1078
f 1079 1061 1067
f 1068 1070 1079
f 1079 1070 1080
f 1071 1081 1070
f 1079 1080 1023
f 1079 1078 1061
f 1079 1082 1078
f 1022 1079 1023
f 1082 1079 1022
f 1035 1031 1046
f 1047 1031 1055
f 1047 1073 1045
f 1084 1045 1073
f 1086 1088 1090
f 1091 1094 1095
f 1097 1089 1091
f 1098 1091 1095
f 1092 1099 1097
f 1100 1102 1104
f 1095 1106 1103
f 1099 1095 1102
f 1096 1098 1107
f 1107 1099 1102
f 1102 1100 1110
f 1102 1110 1107
f 1104 1111 1114
f 1101 1104 1114
f 1115 1117 1113
f 1118 1101 1113
f 1115 1119 1117
f 1100 1118 1110
f 1120 1110 1118
f 746 744 992
f 992 745 805
f 805 1122 993
f 806 807 1123
f 1125 1122 806
f 1126 806 1124
f 1125 1123 1127
f 1122 1128 998
f 1122 1125 1130
f 1131 1129 1122
f 1131 1125 1127
f 1132 998 1128
f 1128 1131 1133
f 998 986 993
f 998 992 1122
f 1127 1123 1136
f 813 1136 1123
f 819 813 821
f 813 820 1136
f 813 1124 807
f 1127 1134 1131
f 1136 1134 1127
f 819 1138 1136
f 1094 1137 1138
f 1138 1106 1094
f 1137 1094 1134
f 1016 998 1132
f 1139 1016 1132
f 1128 1134 1132
f 1135 1093 1132
f 1094 1140 1132
f 1016 997 998
f 1139 1142 1016
f 1132 1140 1139
f 1142 1139 1140
f 1095 1094 1106
f 1140 1093 1090
f 1087 1140 1089
f 1090 1094 1091
f 822 1143 820
f 1143 1144 819
f 822 824 1143
f 820 1146 1138
f 1146 1105 1138
f 1145 1143 1112
f 1104 1146 1112
f 1111 1143 824
f 1111 824 1147
f 1145 1102 1106
f 1102 1144 1104
f 1116 1114 1119
f 1086 1148 1087
f 1088 1148 1141
f 1148 1151 1066
f 1149 1148 1153
f 1155 1150 1154
f 1156 1153 1157
f 1086 1089 1097
f 1153 1148 1086
f 1086 1159 1153
f 1096 1159 1086
f 1158 1159 1160
f 1158 1153 1159
f 1160 1161 1158
f 1164 1159 1097
f 1160 1159 1164
f 1161 1160 1165
f 1152 1080 1071
f 1023 1080 1152
f 1152 1167 1023
f 1167 1156 1168
f 1155 1170 1168
f 1167 1150 1155
f 1024 1023 1167
f 1167 1171 1024
f 1168 1172 1166
f 1168 1173 1171
f 1174 1161 1175
f 1176 1162 1174
f 1158 1177 1156
f 1177 1158 1162
f 1169 1155 1177
f 1163 1175 1161
f 1178 1162 1176
f 1179 1178 1176
f 1178 1170 1162
f 1162 1170 1177
f 1173 1168 1170
f 1096 1107 1180
f 1180 1108 1181
f 1183 1107 1109
f 1181 1107 1183
f 1185 1180 1182
f 1185 1186 1175
f 1180 1175 1096
f 1175 1163 1096
f 1175 1180 1185
f 1185 1181 1187
f 1185 1187 1186
f 1110 1121 1184
f 1188 1184 1120
f 1181 1184 1187
f 1187 1120 1189
f 1186 1187 1189
f 1191 1189 1192
f 1192 1189 1120
f 1175 1193 1174
f 1195 1175 1186
f 1175 1194 1193
f 1195 1186 1197
f 1176 1174 1193
f 1198 1199 1193
f 1179 1176 1199
f 1199 1176 1193
f 1198 1193 1195
f 1198 1195 1197
f 1199 1198 1201
f 1201 1198 1196
f 1189 1202 1186
f 1197 1186 1202
f 1202 1189 1191
f 1190 1203 1204
f 1202 1204 1196
f 1202 1191 1204
f 1200 1196 1206
f 1207 1197 1208
f 1208 1197 1205
f 1204 1209 1208
f 1204 1203 1210
f 1209 1211 1208
f 1064 1016 1141
f 1066 1064 1141
f 1088 1141 1140
f 1066 1142 1148
f 1071 1066 1149
f 1212 1215 947
f 935 933 1217
f 1218 1216 1213
f 1213 935 1217
f 1218 1213 1217
f 1218 1217 1221
f 1223 1218 1221
f 1224 1223 1220
f 1224 1226 1223
f 1215 1223 1227
f 1228 1230 1216
f 1231 543 1230
f 1232 1227 1223
f 1231 1230 1229
f 1218 1223 1214
f 1233 1222 1225
f 1217 933 943
f 709 961 943
f 961 1217 944
f 1219 1217 961
f 1220 960 963
f 534 947 1215
f 1213 947 935
f 535 490 947
f 1215 1230 535
f 543 535 1230
f 539 543 547
f 1234 1226 1224
f 969 1234 970
f 969 1225 1234
f 1235 1225 969
f 547 542 1232
f 1238 1232 1226
f 1238 547 1232
f 1236 1238 1226
f 1239 1236 968
f 1239 968 981
f 973 1240 983
f 1242 1239 973
f 1240 1243 1237
f 1241 1243 1239
f 1243 1238 1236
f 557 1238 1243
f 1244 557 1243
f 963 970 1221
f 970 1224 1220
f 1234 1224 970
f 1238 557 547
f 1030 1242 973
f 1243 1242 1245
f 1246 1242 1247
f 1247 1242 1030
f 1246 1245 1242
f 1246 1249 1245
f 557 1244 614
f 1249 1244 1245
f 614 1244 1249
f 1244 1243 1245
f 1030 1029 1247
f 1246 1247 1029
f 1246 1250 1253
f 1250 1246 1029
f 1252 1248 1246
f 1249 616 615
f 616 1249 623
f 1254 1256 1253
f 1254 1252 1251
f 1254 1250 1040
f 1040 1250 1029
f 1050 1254 1040
f 1252 1255 1249
f 623 1249 1255
f 632 623 1255
f 1258 1255 1254
f 1258 1254 1050
f 1256 641 632
f 1256 1258 641
f 1259 641 1257
f 273 57 51
f 272 50 62
f 101 97 100
f 99 132 101
f 139 125 130
f 138 122 123
f 139 137 123
f 133 139 131
f 135 139 133
f 1260 1262 1263
f 1265 1264 1267
f 1268 1269 1270
f 1271 1268 1270
f 1273 1277 1278
f 1280 1277 1275
f 1281 1270 1282
f 1280 1281 1282
f 1280 1276 1284
f 1280 1284 1285
f 1288 1280 1285
f 1283 1277 1280
f 1283 1269 1277
f 1278 1277 1269
f 1290 1278 1269
f 1268 1290 1269
f 1269 1282 1270
f 257 1291 1293
f 1296 1291 257
f 1298 1292 1291
f 1291 1299 1300
f 255 1284 1273
f 253 1276 257
f 1301 1284 255
f 1301 1286 1284
f 1301 1302 1286
f 1303 1301 261
f 261 259 251
f 1301 252 261
f 1293 1305 1306
f 1305 1292 1298
f 1309 1307 1304
f 1309 251 1307
f 1311 1309 1304
f 1313 1310 1311
f 1308 250 257
f 1308 257 1292
f 1309 262 251
f 1279 1314 1276
f 1315 1294 257
f 1260 1294 1315
f 1317 1318 1314
f 1318 1261 1315
f 1319 1260 1318
f 1278 1321 1315
f 1260 1299 1297
f 1299 1260 1264
f 1264 1265 1299
f 1299 1291 1295
f 1315 257 1274
f 359 282 270
f 282 281 270
f 270 281 271
f 271 281 276
f 1323 1325 1326
f 1327 1328 1324
f 1328 1329 1324
f 1329 1328 1332
f 1333 1334 1332
f 1338 1333 1328
f 1332 1328 1333
f 297 298 305
f 305 306 268
f 297 305 268
f 276 285 287
f 319 288 287
f 288 319 323
f 287 318 319
f 1339 1340 1336
f 1333 1337 1340
f 1334 1333 1340
f 1341 1340 1345
f 1339 1345 1340
f 1345 1339 1346
f 1346 1350 1345
f 1350 1347 1351
f 113 368 328
f 333 367 113
f 360 359 331
f 332 328 360
f 328 367 360
f 366 339 379
f 339 368 333
f 339 338 379
f 1355 379 337
f 376 380 369
f 1356 380 376
f 1356 376 378
f 1356 378 1354
f 380 1356 401
f 385 380 401
f 1358 1360 1265
f 1265 1267 1359
f 1362 1358 1267
f 363 366 379
f 1363 1366 1360
f 1368 1367 1364
f 1358 1369 1361
f 1369 1364 1361
f 272 60 331
f 270 272 331
f 359 270 332
f 127 122 404
f 404 1371 126
f 404 402 1372
f 396 338 335
f 1355 338 396
f 1373 392 386
f 395 389 1354
f 1354 1376 1357
f 389 1377 1354
f 1376 391 1374
f 388 127 1370
f 404 1378 1370
f 1378 404 1372
f 1373 387 1370
f 1373 1371 1378
f 1378 1379 1373
f 1372 1381 1378
f 1379 1378 1381
f 1376 1374 1382
f 1383 1374 1380
f 1382 1380 1384
f 401 400 398
f 401 1356 1375
f 401 1376 1385
f 400 401 1386
f 1389 1386 1391
f 1388 1376 1382
f 1387 1382 1390
f 400 1388 1389
f 137 404 121
f 1381 1372 403
f 402 138 1393
f 1393 137 135
f 1395 402 1393
f 1381 402 1395
f 1379 1381 1396
f 1395 1396 1381
f 1384 1380 1398
f 1399 1394 1400
f 1384 1397 1406
f 1406 1397 1401
f 1408 1394 1392
f 1394 1407 1403
f 1405 1404 1409
f 1390 1382 1384
f 1412 1384 1406
f 1390 1384 1412
f 1412 1413 1390
f 1390 1413 1389
f 1411 1405 1414
f 1416 1411 1414
f 1416 1414 1417
f 1412 1419 1413
f 1418 1411 1416
f 1421 1368 1422
f 1364 1422 1368
f 1422 1423 1420
f 1400 1407 1426
f 1402 1425 1410
f 1428 1410 1429
f 1410 1414 1405
f 1414 1410 1428
f 1428 1417 1414
f 1423 1430 1420
f 1433 1434 1300
f 1291 1435 1298
f 1291 1434 1435
f 1300 1434 1291
f 1327 1434 1438
f 1338 1438 1440
f 1367 1432 1361
f 1367 1442 1432
f 1438 1433 1443
f 1434 1432 1438
f 1442 1439 1437
f 1298 1444 1305
f 1445 1298 1436
f 1435 1327 1444
f 1327 1448 1444
f 1449 1305 1444
f 1304 1446 1311
f 1311 1446 1326
f 1324 1449 1327
f 1326 1447 1323
f 1327 1435 1434
f 1327 1437 1336
f 1328 1327 1336
f 1265 1300 1299
f 1300 1265 1360
f 1432 1300 1361
f 1442 1366 1368
f 1368 1450 1443
f 1441 1442 1452
f 1452 1443 1451
f 1450 1453 1452
f 1452 1454 1352
f 1439 1339 1336
f 1441 1452 1339
f 1452 1352 1339
f 1458 1351 1453
f 1459 1352 1458
f 1352 1346 1339
f 1461 1349 1352
f 1460 1461 1353
f 1450 1368 1420
f 1420 1453 1450
f 1431 1455 1420
f 1462 1465 1467
f 1468 1465 1463
f 1470 1462 1471
f 1469 1468 1462
f 1470 1472 1473
f 1475 1476 1477
f 1478 1476 1475
f 1477 1470 1473
f 1474 1475 1477
f 1479 1475 1474
f 1481 1475 1479
f 1484 1478 1475
f 1485 1478 1483
f 1485 1484 1486
f 1486 1484 1487
f 1484 1475 1482
f 1484 1482 1487
f 1480 1490 1481
f 1492 1486 1482
f 1486 1487 1482
f 1482 1490 1491
f 1489 1496 1491
f 1498 1486 1500
f 1500 1486 1501
f 1502 1486 1493
f 1496 1503 1491
f 1503 1501 1491
f 1499 1501 1503
f 1499 1504 1506
f 1511 1509 1505
f 1512 1499 1503
f 1512 1505 1499
f 1513 1503 1495
f 1514 1505 1512
f 1515 1504 1514
f 1512 1503 1513
f 1516 1512 1513
f 1519 1514 1516
f 1516 1514 1512
f 1520 1508 1511
f 1504 1515 1511
f 1520 1511 1515
f 1521 1520 1515
f 1515 1514 1524
f 1514 1518 1524
f 1524 1521 1515
f 1519 1527 1524
f 1529 1522 1526
f 1530 1532 1534
f 954 766 764
f 1535 1537 1539
f 785 1536 1540
f 767 1536 785
f 1540 793 785
f 1542 1540 1536
f 1537 1535 1543
f 793 1540 1544
f 1545 1540 1542
f 1546 1535 1539
f 1546 1539 1548
f 1550 1546 1548
f 1554 1535 1546
f 1555 1550 1558
f 1561 1545 1552
f 1562 1561 1552
f 1535 1553 1542
f 1541 1554 1545
f 1546 1550 1551
f 1552 1549 1563
f 1550 1568 1563
f 1532 1570 1572
f 1574 1575 1573
f 1575 1576 1573
f 1578 1575 1574
f 1582 1583 1584
f 1582 1584 1585
f 1544 815 793
f 1586 1588 1589
f 1591 1586 1577
f 1544 1560 815
f 1562 1583 1561
f 1562 1554 1563
f 1562 1584 1583
f 1561 814 815
f 814 1561 1592
f 1593 1561 1583
f 1588 1586 1594
f 1594 1586 1595
f 818 810 814
f 818 814 1596
f 814 1592 1596
f 1596 1597 818
f 1583 1581 1592
f 1599 1596 1592
f 1600 1592 1582
f 1600 1582 1585
f 824 818 1597
f 1599 1598 1596
f 1599 1592 1600
f 1576 1575 1579
f 1578 1590 1576
f 1578 1601 1591
f 1580 1602 1601
f 1603 1595 1601
f 1603 1601 1602
f 1603 1594 1595
f 1604 1608 1609
f 1610 1604 1609
f 1612 1610 1609
f 1613 1319 1316
f 1613 1316 1614
f 1615 1319 1613
f 1260 1319 1262
f 1262 1319 1615
f 1616 1264 1262
f 1616 1262 1615
f 1619 1616 1615
f 1620 1615 1622
f 1623 1618 1621
f 1613 1626 1615
f 1604 1613 1614
f 1614 1607 1605
f 1626 1613 1605
f 1610 1626 1604
f 1626 1621 1615
f 1627 1322 1278
f 1317 1320 1627
f 1627 1628 1630
f 1627 1279 1628
f 1628 1278 1290
f 1316 1627 1614
f 1630 1607 1627
f 1629 1289 1268
f 1629 1268 1631
f 1633 1631 1268
f 1636 1634 1271
f 1272 1633 1268
f 1631 1630 1629
f 1638 1630 1631
f 1466 1632 1634
f 1607 1638 1639
f 1641 1608 1639
f 1642 1639 1643
f 1614 1627 1607
f 1607 1630 1638
f 1641 1609 1606
f 1637 1631 1465
f 1465 1468 1637
f 1639 1638 1468
f 1317 1315 1322
f 1317 1319 1318
f 1641 1611 1609
f 1478 1645 1646
f 1611 1646 1647
f 1647 1646 1645
f 1621 1626 1648
f 1623 1621 1649
f 1623 1648 1650
f 1651 1619 1625
f 1623 1534 1652
f 1649 1626 1610
f 1650 1649 1610
f 1650 1610 1611
f 1650 1611 1653
f 1534 1624 1654
f 1655 1624 1650
f 1534 1654 1657
f 1654 1650 1653
f 1532 1651 1534
f 1530 1534 1657
f 1643 1658 1641
f 1659 1643 1660
f 1660 1639 1468
f 1661 1643 1640
f 1477 1660 1468
f 1646 1611 1641
f 1646 1641 1659
f 1477 1468 1470
f 1646 1477 1476
f 1662 1362 1616
f 1663 1665 1362
f 955 383 385
f 1668 1670 1666
f 1670 1667 1672
f 1672 1369 1669
f 1672 1673 1369
f 1617 1362 1264
f 1358 1362 1674
f 1362 1266 1264
f 1369 1358 1674
f 1673 1365 1369
f 1666 1670 1674
f 1362 1666 1674
f 1369 1674 1671
f 1664 1616 1619
f 1668 1665 1663
f 1663 1618 1676
f 1678 1672 1667
f 1677 1667 1663
f 1677 1662 1676
f 1677 1589 1672
f 956 953 381
f 956 1679 954
f 399 1679 956
f 399 400 1679
f 1679 400 1389
f 1679 1389 1413
f 1679 1536 954
f 766 954 1538
f 1539 1680 1681
f 1536 1680 1539
f 1682 1673 1672
f 1589 1682 1672
f 1684 1685 1682
f 1680 1413 1681
f 1413 1687 1681
f 1687 1413 1419
f 1418 1415 1688
f 1539 1681 1689
f 1687 1689 1681
f 1539 1689 1547
f 1689 1687 1547
f 1550 1548 1558
f 1548 1687 1558
f 1682 1364 1673
f 1364 1682 1422
f 1422 1682 1685
f 1685 1423 1422
f 1691 1424 1685
f 1430 1423 1691
f 1693 1692 1685
f 1694 1430 1691
f 1690 1693 1694
f 1589 1684 1682
f 1586 1589 1677
f 1588 1684 1589
f 1693 1685 1684
f 1695 1694 1693
f 1693 1683 1588
f 1675 1619 1651
f 1573 1576 1676
f 1675 1651 1532
f 1573 1676 1532
f 1577 1678 1676
f 1577 1586 1677
f 1693 1588 1696
f 1696 1587 1594
f 1693 1696 1695
f 1697 1530 1657
f 1699 1698 1657
f 1700 1701 1703
f 1702 1704 1706
f 1708 1709 1704
f 1711 1117 1119
f 1711 1119 1712
f 1117 1711 1120
f 1697 1532 1531
f 1713 1532 1697
f 1714 1713 1715
f 1715 1713 1697
f 1716 1573 1569
f 1717 1574 1573
f 1719 1574 1718
f 824 1597 1599
f 824 1722 1147
f 1599 1723 824
f 1724 1599 1600
f 1724 1722 1599
f 1722 1724 1119
f 1119 1147 1722
f 1113 1111 1147
f 1114 1147 1119
f 1725 1602 1578
f 1727 1728 1729
f 1727 1731 1728
f 1733 1653 1734
f 1737 1733 1735
f 1738 1645 1739
f 1741 1738 1739
f 1738 1647 1645
f 1738 1734 1647
f 1737 1735 1738
f 1737 1738 1741
f 1743 1733 1736
f 1744 1741 1498
f 1745 1737 1741
f 1657 1655 1653
f 1748 1749 1657
f 1748 1656 1653
f 1750 1749 1747
f 1485 1645 1478
f 1739 1644 1485
f 1485 1486 1739
f 1498 1739 1486
f 1497 1741 1739
f 1751 1498 1499
f 1744 1745 1740
f 1751 1744 1498
f 1751 1753 1744
f 1744 1753 1755
f 1757 1744 1756
f 1745 1744 1757
f 1760 1761 1756
f 1520 1760 1762
f 1757 1756 1761
f 1520 1762 1507
f 1500 1507 1751
f 1586 1590 1601
f 1586 1601 1595
f 1647 1653 1611
f 1660 1477 1658
f 1477 1646 1658
f 1478 1646 1476
f 1763 1750 1765
f 1763 1749 1750
f 1699 1657 1749
f 1697 1699 1767
f 1768 1765 1770
f 1768 1763 1765
f 1701 1768 1770
f 1703 1702 1770
f 1706 1763 1769
f 1768 1701 1706
f 1771 1699 1749
f 1772 1766 1699
f 1771 1749 1764
f 1705 1771 1764
f 1773 1771 1706
f 1699 1771 1772
f 1774 1772 1771
f 1771 1773 1774
f 1709 1773 1706
f 1709 1707 1704
f 1708 1773 1710
f 1569 1533 1713
f 1714 1717 1713
f 1713 1717 1571
f 1775 1717 1714
f 1776 1720 1717
f 1777 1714 1715
f 1714 1777 1776
f 1778 1776 1777
f 1778 1780 1776
f 1767 1715 1697
f 1777 1715 1767
f 1781 1782 1726
f 1720 1579 1574
f 1578 1719 1726
f 1602 1782 1603
f 1726 1721 1783
f 1782 1602 1726
f 1783 1720 1776
f 1728 1783 1780
f 1780 1783 1776
f 1783 1784 1726
f 1783 1728 1784
f 1784 1781 1726
f 1785 1777 1767
f 1787 1777 1785
f 1787 1778 1777
f 1788 1778 1787
f 1767 1772 1785
f 1790 1774 1773
f 1786 1772 1792
f 1796 1793 1772
f 1797 1787 1792
f 1792 1787 1786
f 1730 1780 1778
f 1730 1728 1779
f 1729 1778 1788
f 1798 1788 1787
f 1799 1800 1789
f 1789 1800 1801
f 1801 1729 1788
f 1729 1801 1727
f 1734 1653 1647
f 1742 1803 1733
f 1804 1802 1742
f 1745 1742 1737
f 1750 1746 1733
f 1803 1750 1733
f 1747 1653 1733
f 1803 1765 1750
f 1765 1803 1804
f 1770 1804 1742
f 1757 1742 1745
f 1806 1757 1761
f 1807 1700 1805
f 1807 1806 1809
f 1809 1806 1761
f 1754 1758 1756
f 1754 1762 1759
f 1811 1758 1520
f 1770 1765 1804
f 1770 1805 1703
f 1703 1805 1700
f 1762 1753 1752
f 1762 1751 1510
f 1742 1757 1770
f 1770 1757 1806
f 1813 1815 1817
f 1817 1819 1813
f 1819 1821 1823
f 1820 1816 1824
f 1822 1818 1824
f 1826 1822 1828
f 1821 1829 1828
f 1826 1828 1830
f 1831 1832 1834
f 1836 1831 1837
f 1839 1831 1834
f 1842 1843 1834
f 1844 1841 1845
f 1845 1840 1846
f 1850 1846 1851
f 1855 1857 1858
f 1856 1859 1860
f 1863 1865 1866
f 1864 1856 1867
f 1859 1857 1865
f 1823 1858 1860
f 1856 1860 1858
f 1868 1869 1871
f 1870 1869 1872
f 1815 1875 1872
f 1874 1870 1872
f 1813 1873 1815
f 1870 1874 1865
f 1870 1864 1863
f 1870 1862 1868
f 1863 1877 1868
f 69 1869 1868
f 73 69 1868
f 1880 73 1868
f 1882 73 1880
f 1886 1884 1880
f 1880 1887 1885
f 1889 1886 1888
f 1891 1886 1889
f 1892 1813 1818
f 1859 1813 1892
f 1859 1873 1813
f 1892 1860 1859
f 1860 1892 1823
f 1820 1823 1892
f 1859 1864 1874
f 1893 1896 1876
f 1899 1896 1900
f 1866 1867 1835
f 1831 1836 1867
f 1902 1866 1836
f 1867 1857 1833
f 1832 1856 1854
f 1832 1831 1867
f 1878 1861 1866
f 1866 1864 1867
f 1866 1902 1876
f 1893 1876 1902
f 1902 1836 1903
f 1904 1894 1903
f 1893 1902 1903
f 1880 1868 1876
f 1876 1896 1880
f 1896 1897 1880
f 1888 1879 1898
f 1899 1889 1887
f 1899 1907 1890
f 1909 1907 1901
f 1901 1907 1899
f 1853 1858 1910
f 1823 1913 1858
f 1858 1913 1911
f 1914 1913 1915
f 1914 1915 1917
f 1918 1823 1826
f 1823 1918 1912
f 1918 1826 1919
f 1915 1913 1918
f 1919 1915 1918
f 1826 1823 1821
f 1827 1830 1919
f 1922 1919 1830
f 1919 1923 1915
f 1919 1920 1923
f 1924 1925 1920
f 1924 1927 1925
f 1917 1915 1923
f 1929 1916 1923
f 1917 1930 1932
f 1933 1929 1925
f 1933 1932 1930
f 1920 1930 1923
f 1921 1926 1930
f 1934 1925 1928
f 1933 1926 1934
f 1833 1852 1834
f 1853 1911 1834
f 1910 1913 1935
f 1840 1910 1935
f 1841 1834 1911
f 1841 1935 1848
f 1935 1914 1847
f 1913 1914 1935
f 1914 1917 1936
f 1917 1931 1936
f 1937 1936 1932
f 1938 1932 1940
f 1936 1847 1914
f 1851 1846 1936
f 1851 1936 1942
f 1938 1941 1936
f 1940 1932 1933
f 1933 1944 1939
f 1944 1946 1940
f 1947 1950 1951
f 1933 1934 1944
f 1944 1934 1953
f 1943 1953 1954
f 1954 1953 1956
f 1951 1957 1953
f 1946 1944 1954
f 1959 1955 1960
f 1960 1956 1961
f 1960 1954 1957
f 1962 1951 1950
f 1961 1951 1962
f 1957 1951 1961
f 1964 1938 1940
f 1945 1954 1958
f 1872 1966 1815
f 1814 1966 1967
f 1968 32 1966
f 1872 38 30
f 30 1968 1872
f 1966 1872 1969
f 1967 1966 1970
f 1970 1966 34
f 1971 1972 1970
f 1971 1974 1972
f 1971 1975 1973
f 1972 1824 1816
f 1967 1972 1817
f 1817 1815 1967
f 1829 1821 1825
f 1974 1824 1972
f 1974 1829 1824
f 1972 1967 1970
f 1977 1970 32
f 1971 1970 1977
f 1979 34 42
f 1977 33 1979
f 1979 1982 1978
f 1983 1984 1976
f 1984 1971 1977
f 1969 30 32
f 42 32 27
f 1975 1971 1984
f 1985 1975 1986
f 1983 1987 1984
f 1984 1987 1975
f 1990 1986 1987
f 1986 1975 1988
f 1991 1986 1989
f 1993 1973 1975
f 1829 1993 1995
f 1829 1994 1828
f 1828 1996 1830
f 1994 1997 1830
f 1830 1998 1999
f 1993 1829 1973
f 2002 1994 1993
f 2002 1992 1985
f 1994 2001 1997
f 2004 2002 1985
f 2004 1997 2002
f 2004 2009 1997
f 2010 1997 2009
f 2005 2013 2011
f 2014 2000 1997
f 1985 1993 1975
f 1986 2004 1985
f 2015 2003 1986
f 1991 2016 1986
f 2007 2018 2013
f 2008 2004 2016
f 2020 2007 2016
f 2017 2020 2021
f 2023 2017 2021
f 2023 2021 2025
f 2006 2020 2018
f 42 53 1979
f 1982 1979 53
f 1981 1983 1977
f 2026 1983 1982
f 54 1980 53
f 2028 1981 54
f 1987 1983 1989
f 1989 2029 1991
f 1983 2026 2031
f 1983 2031 1990
f 2031 2033 1989
f 2033 2029 1989
f 2034 1991 2029
f 2034 2030 2035
f 2037 2034 2035
f 2036 2038 2039
f 2025 2039 2040
f 2039 2038 2043
f 2043 2041 2039
f 2027 54 64
f 1982 2028 2026
f 2046 2031 2026
f 275 2027 64
f 275 2026 2028
f 2049 2033 2031
f 2048 2031 2046
f 2050 2029 2032
f 2049 2050 2033
f 2052 2050 2053
f 2052 2030 2050
f 2030 2052 2035
f 2050 2047 2053
f 2052 2053 2055
f 2056 2055 2053
f 2059 2043 2060
f 2038 2035 2061
f 2061 2035 2052
f 2060 2038 2061
f 2043 2038 2060
f 2051 2055 2061
f 2062 2061 2055
f 2060 2061 2062
f 2065 2060 2063
f 2066 2059 2060
f 2066 2060 2064
f 2034 2016 1991
f 2019 2016 2034
f 2036 2019 2034
f 2021 2020 2036
f 2039 2021 2036
f 2024 2022 2039
f 1869 38 1872
f 69 38 1869
f 73 72 70
f 1886 2069 1884
f 2070 1886 1891
f 2071 1891 2072
f 1884 71 73
f 1881 87 71
f 87 1883 2069
f 2070 2072 2073
f 2073 2072 2074
f 87 2069 2073
f 2074 2075 2073
f 2075 89 88
f 2076 89 2075
f 2079 2080 2074
f 2079 2081 2080
f 2074 2078 2075
f 2080 2076 2074
f 2081 2079 2083
f 2085 2088 2082
f 2092 2093 2085
f 2095 2010 2012
f 2097 2095 2012
f 2097 2013 2098
f 2100 2102 1947
f 2105 2103 2097
f 2102 2104 2107
f 1947 2102 2106
f 1947 2106 2109
f 1924 1830 1999
f 1924 1920 1830
f 2014 1997 2010
f 2014 1924 2000
f 1928 1924 2014
f 2014 2095 2110
f 1928 2014 2110
f 2010 2095 2014
f 2095 2096 2110
f 1952 1934 1928
f 1953 1927 2110
f 2100 2110 2097
f 1953 2110 2100
f 2100 2097 2102
f 2017 2098 2013
f 2023 2098 2017
f 2099 2023 2104
f 2105 2097 2098
f 2111 2104 2025
f 2025 2112 2111
f 2104 2023 2025
f 2111 2112 2094
f 1951 2100 1947
f 1951 1953 2101
f 2114 2118 2120
f 2077 2121 89
f 98 89 2121
f 99 98 2122
f 2121 2078 2080
f 2117 2080 2081
f 2080 2117 2121
f 2121 2123 132
f 2121 2119 2123
f 2119 2122 2116
f 2082 2088 2124
f 2127 2112 2040
f 2112 2127 2088
f 2118 2114 2124
f 2124 2127 2118
f 2118 2127 2128
f 2025 2040 2113
f 2128 2042 2043
f 2128 2125 2041
f 2124 2115 2082
f 2118 2129 2120
f 2129 2118 2059
f 2059 2130 2129
f 2123 2134 132
f 2134 133 132
f 2123 2119 2134
f 2120 2129 2133
f 2128 2044 2059
f 2118 2128 2059
f 2130 2059 2068
f 2046 2026 275
f 2135 2046 275
f 2046 2135 2058
f 2136 2058 2135
f 277 275 274
f 277 2135 275
f 2140 2135 277
f 2138 2136 2135
f 2141 2143 2063
f 2143 2146 2063
f 2055 2058 2147
f 2136 2147 2057
f 2055 2147 2141
f 2141 2063 2055
f 2137 2141 2147
f 2145 2064 2062
f 2140 277 288
f 2148 2139 288
f 2136 2140 2148
f 2137 2149 2141
f 2144 2141 2149
f 2151 2144 2149
f 2149 2137 2148
f 288 2152 2148
f 2153 2152 288
f 2152 2155 2148
f 2154 2150 2148
f 2154 2152 2153
f 2156 2149 2155
f 2154 2153 2157
f 2158 323 321
f 2158 2157 323
f 2159 324 2161
f 325 315 2161
f 2158 321 324
f 324 2159 2158
f 2165 2159 2166
f 2161 2167 2159
f 326 304 2171
f 327 2170 2175
f 2174 2176 327
f 2161 315 326
f 2160 327 2177
f 2177 2179 2162
f 2162 2179 2168
f 2176 2177 327
f 2180 2176 2174
f 2176 2180 2183
f 2184 2183 2180
f 2151 2186 2142
f 2187 2186 2151
f 2149 2156 2151
f 2190 2151 2156
f 2188 2151 2190
f 2189 2190 2192
f 2193 2192 2190
f 2196 2198 2199
f 2200 2198 2197
f 2202 2156 2157
f 2203 2157 2206
f 2208 2157 2158
f 2206 2158 2163
f 2210 2204 2207
f 2212 2207 2214
f 2216 2207 2164
f 2217 2215 2205
f 2159 2163 2158
f 2164 2168 2218
f 2219 2217 2169
f 2220 2169 2179
f 2221 2178 2222
f 2221 2223 2224
f 2226 2225 2223
f 2228 2221 2224
f 2230 2225 2227
f 2229 2225 2230
f 2228 2230 2231
f 2230 2227 2232
f 2231 2230 2232
f 2233 2231 2232
f 2176 2179 2177
f 2179 2176 2222
f 2183 2222 2176
f 2227 2222 2183
f 2234 2227 2183
f 2227 2234 2235
f 2234 2238 2235
f 2240 2234 2183
f 2184 2241 2182
f 2241 2240 2183
f 2240 2237 2234
f 2235 2232 2227
f 2242 2228 2231
f 2242 2231 2243
f 2244 2243 2231
f 2244 2245 2243
f 2233 2244 2231
f 2242 2199 2198
f 2199 2242 2243
f 2240 2247 2238
f 2232 2236 2238
f 2232 2238 2249
f 2232 2252 2233
f 2252 2232 2249
f 2238 2248 2249
f 2252 2249 2253
f 2253 2249 2255
f 2256 2244 2233
f 2250 2256 2233
f 2244 2256 2246
f 2243 2245 2199
f 2260 2199 2245
f 2257 2197 2199
f 2261 2197 2262
f 2263 2196 2258
f 2257 2245 2256
f 2256 2251 2259
f 2264 2258 2252
f 2264 2263 2259
f 2263 2264 2266
f 2268 2266 2264
f 2271 2251 2253
f 2271 2264 2250
f 2271 2253 2255
f 2270 2255 2272
f 2273 2271 2272
f 2269 2264 2275
f 2274 2264 2271
f 2273 2274 2271
f 2276 2269 2274
f 2276 2275 2273
f 2277 2273 2272
f 2278 2273 2277
f 2279 2276 2273
f 2273 2278 2279
f 2284 1904 1903
f 2285 1838 1831
f 1838 1903 1836
f 1838 2287 1903
f 2285 2287 1837
f 2290 2288 2285
f 1903 2287 2283
f 2289 2290 2282
f 2282 2291 2292
f 2293 2297 2292
f 2284 2290 2298
f 2292 2291 2295
f 2285 1831 1839
f 1844 1839 1834
f 2285 1839 2300
f 1839 2302 2300
f 2301 1839 1844
f 2302 1844 2303
f 1845 1848 1850
f 2305 1845 1849
f 2305 1849 2307
f 2307 1850 1941
f 2304 1844 1845
f 1845 2306 2308
f 1845 2308 2303
f 2308 2306 2309
f 2310 2311 2313
f 2310 2314 2315
f 2286 2300 2317
f 2317 2300 2312
f 2317 2290 2285
f 2298 2290 2317
f 2311 2299 2302
f 2302 2303 2313
f 2302 2313 2311
f 2314 2303 2308
f 2306 2307 2309
f 2315 2308 2309
f 2314 2308 2315
f 2318 2309 2320
f 2318 2315 2309
f 1896 1893 1904
f 1905 2321 1895
f 1904 2284 2321
f 2292 2321 2284
f 1850 1851 1942
f 2322 1962 2323
f 2322 1960 1961
f 2322 1961 1962
f 2324 2322 2323
f 2324 1960 2322
f 2325 2324 2327
f 2327 2330 2325
f 2332 2298 2317
f 2333 2298 2332
f 2332 2316 2311
f 2334 2332 2336
f 2336 2332 2311
f 2335 2311 2310
f 2310 2337 2335
f 2339 2298 2333
f 2340 2339 2333
f 2333 2331 2334
f 2340 2333 2334
f 2341 2334 2335
f 2337 2310 2343
f 2343 2310 2315
f 2341 2335 2338
f 2344 2337 2343
f 2347 2337 2345
f 2349 2344 2343
f 2339 2283 2298
f 2351 2282 2339
f 2351 2339 2352
f 2339 2353 2352
f 2343 2315 2318
f 2355 2339 2340
f 2355 2353 2339
f 2356 2354 2355
f 2357 2334 2342
f 2334 2357 2340
f 2355 2340 2357
f 2358 2355 2357
f 2356 2359 2361
f 2341 2337 2347
f 2344 2364 2347
f 2366 2342 2346
f 2341 2366 2357
f 2347 2368 2366
f 2368 2346 2364
f 2307 1942 2370
f 2371 2307 2369
f 2371 2369 2372
f 2320 2309 2307
f 2373 2320 2371
f 2320 2307 2371
f 2372 2375 2371
f 2375 2372 2377
f 2319 2320 2374
f 2375 2374 2371
f 2375 2377 2379
f 2380 2373 2375
f 1937 1965 2382
f 2369 1942 2382
f 2382 1941 1938
f 1965 1940 1945
f 1946 2383 1965
f 2383 1946 1958
f 1958 2384 2383
f 2382 2372 2370
f 2376 2372 2382
f 1964 2377 2382
f 2383 2377 1965
f 2387 2385 1960
f 2324 2387 1960
f 2385 1958 1960
f 2388 2377 2383
f 2325 2386 2324
f 2389 2387 2325
f 2385 2387 2389
f 2392 2389 2393
f 2388 2378 2377
f 2383 2384 2394
f 2388 2383 2394
f 2392 2394 2389
f 2389 2394 2385
f 2395 2325 2328
f 2389 2325 2395
f 2349 2343 2318
f 2396 2319 2373
f 2318 2397 2399
f 2396 2374 2400
f 2400 2373 2381
f 2381 2375 2378
f 2349 2318 2399
f 2402 2399 2396
f 2402 2396 2400
f 2404 2402 2400
f 2405 2401 2380
f 2379 2405 2380
f 2406 2404 2378
f 2407 2379 2408
f 2345 2349 2410
f 2364 2345 2410
f 2350 2398 2412
f 2399 2402 2412
f 2410 2348 2412
f 2410 2412 2413
f 2416 2363 2409
f 2412 2417 2414
f 2412 2402 2419
f 2417 2412 2419
f 2404 2419 2402
f 2406 2379 2421
f 2407 2421 2378
f 2422 2405 2406
f 2423 2420 2407
f 2419 2403 2422
f 2425 2419 2422
f 2422 2427 2426
f 2427 2422 2406
f 2428 2424 2429
f 2428 2420 2424
f 2427 2406 2421
f 2408 2378 2388
f 2394 2391 2408
f 2408 2388 2394
f 2393 2430 2390
f 2429 2408 2390
f 2429 2391 2431
f 2431 2432 2429
f 2429 2407 2408
f 2433 2429 2432
f 2424 2407 2429
f 2366 2436 2357
f 2438 2440 2436
f 2443 2355 2358
f 2358 2357 2437
f 2444 2356 2355
f 2356 2443 2359
f 2441 2358 2437
f 2358 2442 2443
f 2438 2437 2366
f 2439 2366 2368
f 2416 2367 2365
f 2445 2367 2416
f 2368 2445 2439
f 2438 2446 2447
f 2447 2446 2449
f 2451 2450 2446
f 2453 2441 2438
f 2438 2447 2453
f 2452 2446 2416
f 2440 2454 2443
f 2441 2455 2454
f 2456 2443 2454
f 2454 2457 2456
f 2455 2441 2453
f 2448 2450 2459
f 2460 2453 2447
f 2461 2449 2452
f 2455 2453 2460
f 2462 2455 2459
f 2464 2454 2455
f 2459 2450 2461
f 2461 2452 2468
f 2458 2454 2470
f 2470 2473 2457
f 2454 2475 2470
f 2455 2463 2465
f 2474 2454 2464
f 2476 2462 2459
f 2476 2465 2463
f 2478 2459 2461
f 2476 2459 2479
f 2477 2461 2483
f 2475 2467 2484
f 2476 2485 2466
f 2485 2484 2465
f 2476 2477 2486
f 2487 2477 2483
f 2487 2486 2480
f 2476 2486 2488
f 2485 2476 2488
f 2486 2490 2488
f 2491 2486 2487
f 2495 2470 2475
f 2474 2496 2494
f 2496 2475 2497
f 2496 2498 2493
f 2499 2498 2496
f 2497 2500 2496
f 2502 2498 2499
f 2485 2489 2484
f 2503 2474 2484
f 2503 2484 2488
f 2505 2503 2488
f 2503 2497 2475
f 2506 2497 2503
f 2505 2506 2503
f 2491 2507 2488
f 2492 2509 2508
f 2504 2488 2507
f 2413 2416 2411
f 2452 2415 2511
f 2510 2416 2413
f 2418 2511 2413
f 2512 2510 2418
f 2512 2513 2511
f 2512 2418 2516
f 2517 2418 2419
f 2419 2426 2517
f 2518 2427 2421
f 2521 2421 2428
f 2518 2421 2521
f 2523 2512 2517
f 2523 2517 2426
f 2523 2426 2427
f 2524 2512 2523
f 2514 2512 2524
f 2523 2427 2526
f 2525 2427 2519
f 2511 2468 2452
f 2468 2511 2515
f 2468 2515 2527
f 2524 2528 2513
f 2529 2524 2523
f 2528 2522 2526
f 2525 2519 2530
f 2530 2518 2521
f 2532 2527 2515
f 2532 2513 2528
f 2533 2528 2526
f 2533 2526 2531
f 2534 2531 2521
f 2533 2530 2534
f 2428 2429 2535
f 2538 2520 2428
f 2537 2428 2535
f 2537 2535 2539
f 2540 2538 2539
f 2521 2537 2540
f 2540 2539 2541
f 2543 2540 2542
f 2540 2543 2544
f 2540 2545 2521
f 2534 2521 2544
f 2468 2481 2461
f 2483 2469 2527
f 2546 2487 2482
f 2546 2482 2527
f 2546 2527 2548
f 2528 2549 2532
f 2527 2532 2550
f 2533 2549 2528
f 2534 2552 2533
f 2533 2553 2549
f 2552 2553 2533
f 2548 2527 2550
f 2550 2532 2549
f 2550 2549 2555
f 2557 2549 2553
f 2549 2557 2554
f 2560 2556 2557
f 2563 2487 2547
f 2509 2491 2487
f 2563 2509 2487
f 2563 2547 2548
f 2564 2507 2509
f 2564 2509 2562
f 2565 2563 2566
f 2563 2548 2566
f 2566 2548 2569
f 2567 2569 2570
f 2548 2550 2571
f 2572 2550 2556
f 2548 2572 2568
f 2577 2569 2571
f 2560 2573 2556
f 2570 2569 2577
f 2578 2543 2579
f 2578 2544 2543
f 2581 2534 2545
f 2552 2534 2581
f 2553 2551 2583
f 2584 2552 2581
f 2582 2545 2578
f 2557 2553 2583
f 2585 2581 2578
f 2586 2583 2581
f 2557 2583 2587
f 2558 2557 2587
f 2588 2583 2586
f 2587 2583 2588
f 2586 2578 2579
f 2589 2580 2591
f 2589 2586 2580
f 2593 2571 2559
f 2574 2572 2595
f 2587 2588 2596
f 2561 2587 2598
f 2598 2587 2597
f 2595 2558 2598
f 2589 2588 2586
f 2588 2589 2599
f 2590 2600 2589
f 2596 2588 2600
f 2601 2575 2594
f 2602 2593 2598
f 2601 2593 2602
f 2598 2603 2602
f 2598 2596 2603
f 2590 2604 2606
f 2607 2600 2592
f 2607 2592 2606
f 2609 2600 2608
f 2596 2600 2609
f 2611 2609 2614
f 2197 2615 2618
f 2615 2197 2261
f 2261 2619 2615
f 2619 2261 2621
f 2621 2623 2619
f 2623 2622 2626
f 2626 2620 2629
f 2627 2628 2630
f 2632 2623 2634
f 2626 2633 2625
f 2627 2630 2635
f 2636 2626 2635
f 2633 2627 2636
f 2638 2636 2635
f 2641 2642 2643
f 2633 2640 2644
f 2645 2641 2638
f 2636 2641 2633
f 2638 2641 2636
f 2646 2639 2635
f 2645 2639 2649
f 2647 2648 2637
f 2261 2263 2266
f 2261 2265 2629
f 2620 2261 2629
f 2628 2266 2650
f 2652 2265 2269
f 2650 2265 2652
f 2628 2651 2630
f 2631 2650 2653
f 2655 2630 2653
f 2650 2652 2653
f 2655 2653 2657
f 2657 2653 2659
f 2652 2267 2276
f 2652 2276 2659
f 2652 2658 2653
f 2658 2276 2660
f 2661 2276 2281
f 2657 2658 2662
f 2654 2635 2630
f 2663 2655 2656
f 2664 2646 2635
f 2655 2664 2635
f 2665 2668 2642
f 2668 2669 2671
f 2665 2669 2668
f 2673 2665 2674
f 2673 2669 2665
f 2642 2641 2645
f 2665 2642 2645
f 2674 2665 2645
f 2645 2649 2674
f 2648 2675 2674
f 2673 2674 2675
f 2676 2678 2669
f 2676 2669 2672
f 2679 2681 2676
f 2680 2676 2682
f 2684 2681 2679
f 2660 2280 2685
f 2662 2659 2661
f 2661 2685 2662
f 2687 2662 2688
f 2689 2662 2685
f 2663 2657 2690
f 2649 2646 2664
f 2664 2655 2663
f 2664 2663 2690
f 2690 2692 2664
f 2692 2695 2696
f 2657 2662 2690
f 2662 2686 2691
f 2692 2691 2686
f 2686 2688 2697
f 2699 2686 2698
f 2686 2700 2692
f 2692 2700 2694
f 2701 2693 2700
f 2700 2686 2699
f 2701 2700 2704
f 2700 2699 2704
f 2706 2702 2704
f 2708 2649 2664
f 2675 2648 2709
f 2711 2672 2675
f 2712 2675 2708
f 2712 2708 2713
f 2712 2711 2675
f 2715 2712 2713
f 2712 2715 2716
f 2672 2682 2676
f 2710 2682 2672
f 2718 2682 2711
f 2719 2717 2711
f 2682 2722 2679
f 2722 2682 2717
f 2723 2717 2721
f 2723 2722 2717
f 2721 2711 2716
f 2716 2711 2712
f 2715 2724 2716
f 2726 2716 2724
f 2727 2729 2720
f 2719 2728 2723
f 2727 2721 2716
f 2724 2715 2730
f 2716 2725 2727
f 2731 2727 2725
f 2731 2725 2733
f 2708 2664 2713
f 2696 2664 2692
f 2734 2696 2735
f 2713 2664 2696
f 2737 2713 2696
f 2737 2696 2734
f 2715 2713 2738
f 2738 2734 2739
f 2740 2715 2737
f 2742 2738 2739
f 2742 2740 2737
f 2736 2696 2693
f 2735 2693 2703
f 2735 2702 2705
f 2739 2736 2707
f 2734 2735 2739
f 2739 2705 2742
f 2704 2745 2705
f 2706 2745 2746
f 2744 2705 2746
f 2747 2746 2745
f 2749 2743 2752
f 2746 2755 2742
f 2746 2756 2755
f 2756 2746 2748
f 2751 2744 2754
f 2757 2753 2756
f 2757 2756 2758
f 2724 2730 2740
f 2740 2730 2714
f 2761 2724 2741
f 2741 2742 2749
f 2761 2741 2749
f 2761 2750 2762
f 2725 2724 2761
f 2761 2763 2725
f 2725 2763 2733
f 2764 2763 2761
f 2764 2761 2762
f 2763 2764 2765
f 2749 2752 2762
f 2752 2754 2762
f 2755 2757 2762
f 2764 2762 2765
f 2766 2762 2757
f 2767 2765 2766
f 2765 2762 2766
f 2766 2757 2771
f 2766 2772 2773
f 2775 2770 2776
f 2773 2770 2775
f 2778 1711 1712
f 2780 2778 1712
f 1712 2781 2780
f 2684 2783 2786
f 1120 1711 2778
f 1120 2778 2787
f 1190 1192 2789
f 1192 1120 2789
f 2791 1190 2789
f 1203 1190 2792
f 2789 2794 2795
f 2792 2789 2795
f 2796 2792 2795
f 1203 2792 2796
f 2795 2797 2796
f 2798 2801 2802
f 2786 2782 2804
f 2805 2784 2804
f 2807 2805 2809
f 2811 2805 2808
f 2814 2810 2808
f 2809 2817 2807
f 2818 2814 2808
f 2819 2820 2821
f 2819 2810 2820
f 2822 2820 2812
f 2822 2810 2813
f 2823 2820 2824
f 2824 2822 2825
f 2820 2822 2824
f 2822 2814 2826
f 2827 2824 2825
f 2828 2824 2827
f 2825 2814 2827
f 2827 2814 2830
f 2832 2828 2827
f 2827 2831 2835
f 2832 2827 2835
f 2835 2829 2836
f 2836 2832 2835
f 2837 2838 2841
f 2828 2842 2838
f 2828 2838 2824
f 2843 2842 2828
f 2828 2833 2844
f 2846 2844 2834
f 2834 2836 2846
f 2847 2844 2846
f 2850 2842 2844
f 2850 2844 2847
f 2845 2836 2851
f 2845 2851 2854
f 2847 2846 2853
f 2679 2783 2684
f 2679 2722 2856
f 2804 2782 2679
f 2804 2679 2855
f 2722 2723 2857
f 2859 2857 2723
f 2856 2722 2857
f 2805 2804 2809
f 2809 2803 2856
f 2861 2809 2856
f 2860 2856 2857
f 2862 2857 2859
f 2861 2857 2862
f 2863 2860 2862
f 2859 2723 2729
f 2729 2727 2731
f 2729 2731 2858
f 2864 2858 2731
f 2865 2731 2733
f 2864 2733 2866
f 2862 2858 2865
f 2867 2862 2864
f 2865 2870 2867
f 2870 2865 2866
f 2868 2866 2871
f 2866 2732 2871
f 2818 2809 2860
f 2816 2860 2872
f 2872 2861 2863
f 2814 2815 2874
f 2874 2817 2872
f 2874 2873 2875
f 2876 2872 2877
f 2877 2872 2878
f 2872 2863 2879
f 2877 2879 2880
f 2881 2880 2879
f 2867 2863 2862
f 2863 2867 2883
f 2869 2884 2867
f 2879 2863 2884
f 2884 2870 2871
f 2887 2871 2889
f 2885 2871 2887
f 2879 2886 2881
f 2882 2883 2890
f 2890 2885 2887
f 2890 2887 2891
f 2881 2890 2891
f 2891 2887 2893
f 2895 2871 2733
f 2895 2733 2763
f 2897 2763 2765
f 2894 2763 2897
f 2895 2897 2898
f 2871 2895 2889
f 2889 2895 2900
f 2898 2900 2896
f 2900 2898 2901
f 2889 2900 2901
f 2897 2765 2767
f 2767 2766 2773
f 2769 2898 2897
f 2902 2768 2904
f 2904 2768 2773
f 2905 2904 2773
f 2905 2774 2775
f 2898 2767 2902
f 2905 2902 2904
f 2901 2899 2903
f 2906 2902 2905
f 2906 2905 2908
f 2901 2909 2889
f 2909 2901 2911
f 2887 2889 2912
f 2887 2912 2892
f 2912 2913 2893
f 2912 2888 2909
f 2912 2909 2910
f 2910 2914 2912
f 2913 2912 2914
f 2910 2917 2914
f 2914 2917 2918
f 2901 2903 2906
f 2911 2901 2906
f 2910 2906 2919
f 2919 2915 2910
f 2908 2921 2906
f 2907 2921 2920
f 2922 2917 2919
f 2918 2916 2922
f 2923 2922 2919
f 2814 2874 2830
f 2829 2874 2876
f 2926 2829 2876
f 2880 2876 2877
f 2926 2876 2880
f 2926 2836 2830
f 2928 2926 2880
f 2927 2880 2881
f 2930 2927 2881
f 2931 2926 2927
f 2932 2931 2927
f 2933 2932 2927
f 2881 2891 2935
f 2930 2881 2935
f 2935 2891 2892
f 2938 2893 2913
f 2935 2893 2937
f 2934 2928 2929
f 2939 2934 2930
f 2936 2939 2929
f 2939 2936 2941
f 2936 2937 2943
f 2941 2936 2942
f 2942 2937 2944
f 2836 2926 2931
f 2931 2851 2836
f 2852 2931 2946
f 2946 2931 2932
f 2932 2934 2946
f 2947 2946 2934
f 2947 2949 2946
f 2950 2854 2851
f 2951 2851 2946
f 2951 2946 2952
f 2946 2949 2952
f 2952 2949 2953
f 2934 2939 2948
f 2947 2939 2941
f 2949 2947 2940
f 2955 2941 2942
f 2941 2953 2949
f 2953 2941 2956
f 2956 2958 2953
f 2956 2941 2954
f 2959 2956 2954
f 2958 2956 2959
f 2938 2913 2944
f 2944 2913 2914
f 2944 2914 2960
f 2960 2961 2945
f 2961 2942 2944
f 2962 2960 2914
f 2963 2960 2962
f 2914 2918 2962
f 2924 2965 2918
f 2962 2966 2968
f 2918 2967 2962
f 2967 2918 2964
f 2918 2922 2924
f 2969 2924 2919
f 2965 2925 2969
f 2962 2968 2963
f 2965 2968 2967
f 2970 2968 2964
f 2970 2964 2969
f 2972 2968 2970
f 2971 2970 2973
f 2954 2942 2961
f 2955 2961 2975
f 2975 2961 2977
f 2961 2960 2976
f 2977 2978 2975
f 2980 2977 2981
f 2959 2954 2975
f 2959 2975 2979
f 2983 2959 2978
f 2984 2959 2982
f 2976 2980 2978
f 2988 2982 2978
f 2960 2963 2977
f 2963 2981 2976
f 2989 2981 2963
f 2963 2968 2989
f 2989 2968 2971
f 2987 2978 2980
f 2989 2971 2990
f 2992 2986 2980
f 2992 2980 2993
f 2980 2981 2993
f 2993 2981 2989
f 2989 2991 2993
f 2994 2993 2990
f 1901 2995 1908
f 2995 1900 1896
f 2996 1909 2995
f 1889 2998 3000
f 3001 1890 1907
f 1890 3002 2998
f 3004 2999 3003
f 1908 3002 1906
f 1908 2996 3002
f 2996 3005 3002
f 3005 3004 3002
f 3005 3006 3004
f 3006 3007 3004
f 3009 3006 3005
f 3012 3013 3015
f 3011 3014 3006
f 3016 3006 3009
f 3006 3016 3011
f 1949 3013 3012
f 2045 2058 2047
f 2056 2054 2048
f 2038 2036 2035
f 2072 1891 3017
f 3018 2072 3017
f 3019 3018 3017
f 2074 2072 3018
f 3018 3020 3022
f 3023 3025 2090
f 2073 2075 87
f 88 87 2075
f 2074 3018 2079
f 2093 2088 2086
f 2083 3018 3022
f 2079 3018 2083
f 3021 2087 2084
f 2085 3023 2090
f 2081 2083 2087
f 1890 3000 1891
f 3017 1891 3000
f 3017 3000 3019
f 3019 3000 2999
f 3007 3026 3019
f 3020 3019 3026
f 3019 2999 3007
f 3007 2998 3004
f 3024 3026 3014
f 3026 3008 3014
f 3018 3019 3020
f 3022 3020 3024
f 3024 3020 3026
f 3007 3006 3014
f 2106 3027 2090
f 2106 2104 3027
f 2091 2111 2093
f 3027 2111 2090
f 2111 3027 2104
f 3013 3028 3015
f 3028 3025 3015
f 2108 2107 3028
f 2109 3013 1947
f 3028 3013 2108
f 3025 3028 2090
f 2090 3028 2106
f 1947 3013 1950
f 100 2121 132
f 2124 2088 2126
f 2094 2113 2089
f 3029 2129 2131
f 3030 3029 3031
f 3029 2131 3031
f 3032 133 2134
f 3033 2132 2129
f 3032 135 133
f 136 3033 3030
f 3033 2129 3030
f 3029 3030 2129
f 2186 2145 2144
f 2145 2066 2064
f 2153 288 323
f 2153 323 2157
f 2067 2145 3034
f 2067 3031 2130
f 2066 3035 3031
f 3034 3035 2066
f 3034 2145 2185
f 3034 2186 2188
f 3037 136 3030
f 3039 136 3037
f 3039 1392 136
f 3031 3037 3030
f 3040 3042 3044
f 3039 3042 1407
f 3039 1407 1392
f 3038 3036 3044
f 3043 3042 3038
f 3045 1407 3042
f 3037 3031 3044
f 3043 3031 3035
f 3043 3035 3041
f 3034 3041 3035
f 3041 3034 2188
f 2156 2209 2190
f 2202 2211 2156
f 3045 3040 3047
f 1426 3045 3050
f 3041 3045 3042
f 3052 3046 3047
f 3040 2191 3047
f 3053 2191 2194
f 2191 3056 3047
f 2195 2212 3057
f 3055 2195 3058
f 3054 3059 3049
f 3050 3047 3056
f 3060 3055 3061
f 3054 3058 3061
f 2189 2191 3041
f 2211 2193 2190
f 3057 2215 3063
f 3061 3057 3064
f 3061 3063 3065
f 1688 1416 1417
f 1407 3045 1426
f 1410 1425 1429
f 1429 1425 3051
f 1429 3049 3066
f 1429 3067 1427
f 3066 3048 3059
f 3066 3059 3061
f 3062 3065 3066
f 1429 3066 3067
f 3067 3066 3065
f 3065 3063 3069
f 3069 3070 3065
f 3065 3072 3067
f 3072 3065 3070
f 1417 1428 3067
f 1417 3067 3073
f 3073 1688 1417
f 3075 1688 3073
f 3072 3073 3067
f 3076 3072 3071
f 3072 3076 3073
f 3076 3079 3073
f 3076 3070 2242
f 3082 3077 3083
f 2201 3076 2198
f 2198 3076 2242
f 2200 3084 3076
f 2618 2201 2196
f 2157 2156 2155
f 2221 2219 2179
f 3057 2212 2214
f 2217 3085 2214
f 3063 2213 3085
f 3085 2217 2220
f 3086 3085 2219
f 3086 2219 2221
f 3063 3085 3086
f 3063 3086 3069
f 1457 1455 3088
f 3086 2221 2229
f 2228 3068 3086
f 3089 3090 1461
f 1459 1458 3091
f 3093 3089 3092
f 1459 3089 1461
f 1459 3091 3089
f 3089 3093 3095
f 3095 3093 3096
f 1453 1430 3088
f 3088 3091 1456
f 3098 3088 1431
f 3091 3087 3098
f 3071 3069 2242
f 2242 3068 2228
f 3099 3094 3091
f 3092 3101 3099
f 3102 3099 3101
f 3103 3099 3105
f 2351 2291 2282
f 2351 2294 2291
f 3107 3108 2293
f 3107 2294 2351
f 2995 1896 2321
f 3109 2995 2321
f 2321 2296 3109
f 2995 3109 2996
f 3109 3110 2996
f 3110 3005 2997
f 3112 3009 3110
f 2296 2321 2292
f 2296 3115 3109
f 3109 3115 3111
f 3111 3009 3005
f 3108 2297 2295
f 3115 2296 3108
f 3110 3116 3113
f 3113 3117 3119
f 3116 3117 3112
f 3016 3010 3120
f 3120 3122 3016
f 3122 3121 3124
f 3011 3016 3122
f 1963 3011 3122
f 3121 3010 3112
f 3119 3120 3113
f 3119 3125 3121
f 3123 3119 3127
f 3119 3118 3127
f 3126 2323 1962
f 3122 3125 1963
f 3127 1963 3125
f 1962 1948 3012
f 2327 2323 3126
f 3127 3117 2326
f 2327 2324 2323
f 3108 3128 3114
f 3130 3115 3128
f 3114 3130 3110
f 3130 3116 3111
f 3117 3116 3131
f 3133 3108 3107
f 3134 3128 3108
f 3128 3136 3130
f 3137 3133 3107
f 3132 3135 3129
f 3130 3138 3116
f 3138 3130 3135
f 3131 2326 3117
f 3131 3138 3139
f 2329 2326 3131
f 2329 3131 3139
f 3141 3107 2351
f 3107 3140 3137
f 3143 3145 3137
f 2352 3140 2351
f 3143 3137 3140
f 3145 3147 3150
f 3152 3145 3144
f 2353 3142 2352
f 3153 3143 3141
f 2361 2353 2356
f 3153 3141 2353
f 2362 3153 2353
f 3153 3154 3144
f 3145 3156 3146
f 3143 3155 3152
f 3156 3145 3152
f 3158 3153 2361
f 3160 3153 3158
f 3153 3160 3155
f 3161 3152 3155
f 3156 3152 3162
f 3164 3156 3161
f 3156 3164 3166
f 3145 3132 3137
f 3135 3151 3138
f 3150 3136 3132
f 3151 3133 3145
f 3167 2329 3139
f 3168 2329 3167
f 2395 2330 3169
f 3170 3149 3146
f 3173 3167 3170
f 3172 3168 3167
f 3156 3170 3147
f 3175 3168 3172
f 3175 3170 3166
f 3165 3170 3156
f 3176 3177 3166
f 2389 2395 2393
f 2430 2393 2395
f 2431 2395 3169
f 3180 2431 3169
f 2432 2431 3181
f 3182 3180 3174
f 3174 3181 3169
f 3183 2432 3180
f 2432 3183 2434
f 2359 2443 2456
f 2362 2360 3157
f 3161 3154 3160
f 2456 3157 2359
f 3160 3158 3184
f 3186 3184 3159
f 3184 3162 3160
f 2456 3186 3158
f 3161 3184 3187
f 3189 3185 3186
f 3191 3187 3184
f 3187 3192 3161
f 3192 3164 3161
f 3166 3163 3176
f 3194 3164 3192
f 3195 3194 3192
f 3194 3176 3163
f 2456 2458 3186
f 2472 3189 3186
f 3189 3190 3184
f 2458 2473 3186
f 3197 3189 2472
f 3192 3188 3195
f 3187 3191 3195
f 3198 3193 3195
f 3198 3195 3199
f 3200 3201 3195
f 3202 3191 3189
f 3202 3195 3191
f 3200 3195 3202
f 3196 3203 3189
f 3201 3199 3195
f 3194 3204 3176
f 3204 3193 3198
f 3201 3206 3199
f 3207 3198 3199
f 3199 3206 3209
f 3209 3206 3210
f 3212 2471 2470
f 3212 3196 2473
f 3212 3214 3196
f 3212 2470 2493
f 3215 3216 3196
f 3216 3202 3196
f 3217 3203 3216
f 3217 3200 3203
f 3217 3218 3200
f 3219 3217 3216
f 3221 3214 3213
f 3212 2493 3221
f 3221 3216 3215
f 3222 3216 3221
f 3224 3223 3221
f 3225 3221 2493
f 3224 2493 2498
f 3224 2498 3226
f 3226 3222 3224
f 3228 3210 3206
f 3227 3230 3210
f 3231 3218 3220
f 3230 3229 3218
f 3233 3230 3218
f 3231 3233 3218
f 3234 3226 2498
f 3236 3234 2498
f 3235 3238 3226
f 3222 3220 3216
f 3239 3231 3220
f 3239 3220 3223
f 3223 3226 3242
f 3241 3239 3222
f 3241 3244 3239
f 3239 3243 3231
f 3244 3233 3231
f 3245 3233 3244
f 3237 3240 3226
f 3238 3246 3242
f 3244 3242 3246
f 3246 3247 3243
f 3238 3251 3246
f 3246 3249 3248
f 3248 3245 3243
f 3253 3245 3247
f 3254 3253 3247
f 3253 3256 3245
f 3260 3258 3252
f 3174 3178 3183
f 2535 2429 2434
f 3178 3261 3183
f 3183 3261 2435
f 3261 2536 2433
f 3204 3177 3176
f 3205 3262 3178
f 3261 3178 3262
f 3263 3261 3262
f 2536 3261 2539
f 2539 3261 3264
f 3268 3262 3205
f 3268 3265 3262
f 3268 2542 3266
f 3209 3204 3198
f 3270 3204 3209
f 3271 3268 3205
f 3273 3268 3272
f 3275 2542 3268
f 2542 2539 3267
f 2543 2542 3276
f 3208 3278 3269
f 3279 3273 3271
f 3211 3280 3209
f 3281 3278 3209
f 3277 3268 3273
f 3279 3282 3273
f 3282 3274 3273
f 3283 3278 3280
f 3233 3280 3230
f 3283 3280 3287
f 3288 3281 3233
f 3279 3284 3282
f 3282 3284 3289
f 3290 3289 3284
f 3286 3290 3284
f 3286 3292 3290
f 2579 2543 3277
f 3289 3276 3282
f 2605 3277 3289
f 3274 2591 2579
f 3275 2605 2591
f 3288 3232 3259
f 3245 3256 3233
f 3289 3290 3291
f 3289 3291 2605
f 3291 3285 3258
f 3291 3257 3293
f 2606 3291 3293
f 3257 3260 3294
f 3258 3294 3293
f 3260 3252 3296
f 3295 3252 3298
f 3260 3296 3294
f 3299 3294 3295
f 3302 2606 3293
f 3294 3302 3293
f 3294 3300 3302
f 3304 3302 3301
f 3291 2606 2605
f 2606 3303 3307
f 2606 3306 2607
f 2614 2608 3308
f 2607 2614 2610
f 3309 3306 3303
f 3310 3302 3311
f 2614 3306 3310
f 3313 2614 3309
f 3309 3311 3313
f 1556 1559 3314
f 3315 1556 3314
f 3316 3314 3318
f 3319 3315 3317
f 3320 1564 1549
f 3322 1550 1555
f 3316 3321 1556
f 3323 1565 3321
f 3323 3321 3315
f 3323 3316 3319
f 3325 3326 3323
f 3323 3319 3324
f 3324 3319 3329
f 3324 3329 3330
f 3330 3331 3324
f 1562 1563 1566
f 1566 1584 1562
f 3334 1567 3335
f 1584 1566 3332
f 1565 3323 3335
f 3335 3323 3328
f 1585 1584 3338
f 3333 3338 1584
f 3334 3335 3336
f 3339 3336 3335
f 3327 3331 3341
f 3328 3324 3331
f 3341 3331 3330
f 3341 3330 3342
f 3343 3342 3330
f 3345 3342 3344
f 3340 3335 3328
f 3339 3328 3346
f 3346 3347 3339
f 3346 3326 3341
f 3342 3346 3341
f 3342 3345 3348
f 3346 3342 3348
f 3347 3346 3348
f 3349 1585 3338
f 3337 3350 3349
f 3353 3351 3356
f 1600 1585 3357
f 1585 3349 3357
f 3350 3352 3349
f 3357 3349 3352
f 3357 3354 3361
f 3362 3356 3363
f 3362 3363 3364
f 3356 3362 3353
f 3355 3362 3358
f 3339 3351 3336
f 3366 3367 3368
f 3369 1594 1603
f 3370 3368 3367
f 3351 3339 3372
f 3371 3339 3347
f 3372 3356 3351
f 3356 3371 3363
f 3363 3371 3347
f 3347 3348 3373
f 3363 3347 3374
f 3374 3347 3373
f 3375 3374 3373
f 3364 3363 3374
f 3365 3374 3376
f 3378 3348 3345
f 3378 3373 3348
f 3379 3373 3378
f 3379 3375 3373
f 2677 3381 3380
f 3376 3374 3375
f 3384 3376 3375
f 3375 3379 3381
f 3382 3375 3381
f 3385 3381 2677
f 3385 2678 2681
f 3387 3381 3385
f 3385 2681 2684
f 1418 1688 3388
f 3389 1688 3075
f 1686 1418 3388
f 3074 3391 3388
f 3075 3073 3392
f 3393 3390 3075
f 3394 3079 3390
f 3388 3391 3396
f 3397 3396 3391
f 3398 3390 3078
f 3397 3391 3398
f 3389 3396 1686
f 1559 1686 3396
f 1557 3396 3314
f 3318 3314 3396
f 3318 3395 3399
f 3397 3399 3396
f 3399 3397 3400
f 3400 3397 3398
f 3401 3400 3398
f 3401 3398 3402
f 3399 3400 3318
f 3317 3400 3401
f 3403 3401 3402
f 3073 3080 3392
f 1694 3098 1431
f 3404 1694 3406
f 3405 3098 1694
f 3404 3407 3098
f 3408 3084 2618
f 3081 3084 3408
f 2617 3408 2618
f 2618 3083 2200
f 3402 3398 3079
f 3402 3082 3408
f 3403 3402 3410
f 3407 3412 3098
f 3406 1694 1695
f 3414 3415 1695
f 3318 3329 3319
f 3415 3406 1695
f 3415 3404 3406
f 3418 3404 3416
f 3420 3318 3401
f 3329 3318 3330
f 3419 3330 3318
f 3419 3421 3423
f 3421 3419 3401
f 3403 3421 3401
f 3424 3419 3422
f 3424 3330 3419
f 3426 3425 3422
f 3344 3330 3424
f 3344 3424 3426
f 3418 3407 3405
f 3402 3408 2616
f 2615 2619 3402
f 2619 3410 3402
f 3410 2619 2624
f 3427 3403 3410
f 3428 3421 3403
f 3426 3422 3429
f 3421 3429 3422
f 3429 3421 3427
f 3429 3431 3426
f 3429 3427 2644
f 3429 2643 3431
f 2643 2666 3431
f 2668 2643 2642
f 2625 2632 3409
f 2633 3409 2632
f 3410 2643 3427
f 2633 2643 3410
f 3433 3434 3412
f 3434 3436 3412
f 3412 3435 3437
f 3439 3438 3436
f 3412 3440 3098
f 3101 3091 3440
f 3441 3102 3101
f 3437 3440 3411
f 3440 3438 3442
f 3442 3100 3440
f 3443 3105 3441
f 3444 3443 3441
f 3445 3447 3443
f 3442 3438 3444
f 3438 3439 3444
f 3449 3450 3444
f 3450 3451 3445
f 3449 3453 3450
f 3418 3416 3413
f 1594 1695 1696
f 1695 1594 3370
f 3455 3418 3413
f 3418 3433 3407
f 3456 3418 3455
f 3432 3418 3458
f 3456 3459 3417
f 3407 3432 3412
f 3366 3460 3455
f 3457 3455 3461
f 3426 3431 3462
f 3344 3426 3462
f 3462 3378 3344
f 3378 3345 3344
f 3462 2671 3463
f 3431 2671 3462
f 3430 2667 2670
f 3378 3462 3463
f 3464 3378 3463
f 3377 3464 3380
f 3379 3464 2678
f 3463 2670 2669
f 3464 2669 2678
f 3464 3463 2669
f 2681 2678 2676
f 3466 3467 3468
f 3467 3470 3435
f 3470 3471 3435
f 3467 3466 3470
f 3435 3472 3439
f 3474 3472 3435
f 3471 3473 3435
f 3475 3454 3449
f 3451 3450 3453
f 3476 3478 3475
f 3480 3479 3477
f 3482 3470 3484
f 3470 3482 3471
f 3484 3485 3471
f 3485 3474 3471
f 3486 3485 3484
f 3485 3486 3488
f 3491 2780 2781
f 3492 1724 3357
f 1724 1600 3357
f 3360 3492 3357
f 3493 3492 3361
f 3494 3493 3361
f 3495 1724 3492
f 3495 1119 1724
f 3495 3492 3496
f 3496 3492 3493
f 3497 3493 3494
f 3498 3495 3496
f 3494 3499 3496
f 3358 3362 3365
f 3494 3361 3501
f 3365 3504 3359
f 3504 3365 3376
f 3504 3500 3358
f 3498 3494 3506
f 3506 3494 3502
f 3503 3507 3508
f 3504 3507 3500
f 3369 1603 1782
f 3370 3369 3510
f 1782 3511 3369
f 1119 3495 1712
f 2781 1712 3499
f 1712 3495 3498
f 1781 1784 3514
f 3509 3505 3502
f 2781 3499 3506
f 3515 2781 3506
f 3509 3517 3506
f 3516 3508 3518
f 3491 2781 3515
f 3515 3505 3517
f 3515 3517 3522
f 3524 3526 3527
f 3504 3376 3528
f 3530 3528 3376
f 3507 3504 3528
f 3529 3507 3528
f 3530 3531 3507
f 3530 3376 3382
f 3529 3383 3533
f 3533 3383 3386
f 3529 3534 3532
f 3382 3381 3386
f 3535 3532 3534
f 3536 3534 3387
f 2684 3387 3385
f 2786 3537 3387
f 2786 3387 2683
f 3535 3533 3537
f 3538 3535 3536
f 3537 3540 3538
f 3539 3536 2786
f 2805 3540 2785
f 3507 3518 3508
f 3518 3507 3532
f 3532 3541 3518
f 3542 3516 3518
f 3544 3531 3535
f 3544 3541 3532
f 3516 3541 3520
f 3547 3548 3541
f 3548 3520 3541
f 3541 3544 3545
f 3535 3538 3544
f 3550 3544 3538
f 3551 3549 3538
f 2801 3545 3543
f 2801 3544 3550
f 3549 3552 2801
f 2821 3550 3551
f 3550 2821 3553
f 3554 3524 3557
f 3556 3558 3525
f 3557 3524 3527
f 2819 3540 2806
f 3551 3538 3540
f 3540 2819 3551
f 2821 3551 2819
f 3561 2779 3491
f 2778 2780 3491
f 3561 2787 2778
f 2790 1120 2787
f 2793 2788 3561
f 2789 2787 2793
f 3562 3515 3563
f 3515 3562 3491
f 3559 3491 3564
f 3564 3491 3562
f 3564 3562 3565
f 3563 3565 3562
f 3565 3563 3566
f 3564 2794 3560
f 3565 3569 3564
f 2793 3564 3571
f 3571 3564 3568
f 3571 3569 3572
f 3568 3565 3572
f 3572 3565 3566
f 3570 3574 2793
f 3576 3572 3566
f 3575 3571 3573
f 3573 3578 3575
f 2793 2797 2795
f 2797 2793 3575
f 3579 2797 3575
f 3579 3574 3580
f 3580 3574 3578
f 3580 3578 3581
f 3567 3563 3583
f 3577 3567 3583
f 3583 3585 3577
f 3585 3587 3577
f 3578 3572 3576
f 3578 3577 3588
f 3588 3586 3589
f 3589 3595 3588
f 3581 3578 3587
f 3582 3588 3596
f 3596 3588 3595
f 3597 3582 3596
f 3596 3595 3599
f 3598 3600 3601
f 1784 1728 1732
f 1732 3512 1784
f 3521 3563 3515
f 3603 1732 3527
f 1732 3604 3527
f 1727 3606 1732
f 1727 1801 3608
f 3606 1727 3608
f 3583 3563 3523
f 3548 3584 3519
f 3548 3546 2800
f 3584 3548 2800
f 3583 3589 3585
f 3591 3584 3609
f 2801 2798 3545
f 3552 2802 3610
f 2802 2801 3610
f 2801 3553 3611
f 2799 2802 3552
f 2800 3553 3612
f 3613 3552 2821
f 3613 3612 3552
f 3584 2800 3609
f 3609 2798 3612
f 3614 3609 3612
f 3613 3614 3612
f 3615 3527 3616
f 3527 3615 3557
f 3555 3615 3619
f 3621 3619 3615
f 3605 3616 3527
f 3604 3623 3616
f 3590 3609 3593
f 3594 3609 3624
f 3624 3609 3614
f 3624 3614 3626
f 3627 3614 3613
f 3592 3625 3598
f 3624 3600 3598
f 3615 3617 3630
f 3630 3631 3615
f 2811 2819 2805
f 3301 3296 3633
f 3633 3305 3299
f 3312 3303 3304
f 3634 3313 3312
f 3613 2821 2823
f 3636 3613 2823
f 3613 3636 3628
f 3626 3635 2841
f 2839 3636 2823
f 2837 2840 2823
f 2821 2820 2823
f 2824 2837 2823
f 2837 2824 2838
f 3637 3628 2841
f 2841 2838 3638
f 3600 3624 3628
f 3640 3600 3638
f 3640 3638 3641
f 3600 3628 3638
f 3641 3639 2838
f 3641 2838 2842
f 2842 3642 3641
f 3632 3643 3620
f 3643 3644 3620
f 3468 3558 3556
f 3465 3468 3555
f 3555 3618 3465
f 3487 3483 3645
f 3483 3646 3645
f 3647 3648 3645
f 3649 3647 3483
f 3648 3647 3653
f 3654 3647 3655
f 3656 3647 3649
f 3657 3655 3649
f 3465 3619 3644
f 3621 3644 3619
f 3644 3658 3465
f 3659 3658 3644
f 3651 3658 3659
f 3659 3660 3650
f 3664 3649 3663
f 3667 3659 3644
f 3667 3662 3659
f 3665 3668 3663
f 3669 3664 3663
f 3671 3657 3649
f 3664 3671 3649
f 3672 3671 3664
f 3672 3673 3671
f 3675 3673 3672
f 3677 3678 3679
f 3681 3675 3672
f 3675 3680 3678
f 3682 3679 3675
f 3664 3683 3672
f 3683 3664 3669
f 3681 3672 3683
f 3682 3675 3681
f 3679 3682 3684
f 3686 3685 3682
f 3681 3686 3682
f 3102 3106 3099
f 3131 3116 3138
f 3138 3151 3139
f 3148 3167 3139
f 3151 3171 3167
f 3173 3170 3175
f 3175 3166 3179
f 3228 3201 3200
f 3201 3227 3206
f 3218 3227 3200
f 3211 3230 3280
f 3217 3220 3218
f 3370 3367 3413
f 3368 3688 3366
f 3440 3092 3098
f 3441 3100 3442
f 3444 3441 3442
f 3106 3102 3441
f 3449 3444 3439
f 3445 3443 3444
f 3444 3450 3445
f 1695 3370 3413
f 3455 3413 3367
f 3455 3367 3366
f 3688 3461 3366
f 3461 3688 3689
f 3467 3434 3458
f 3434 3432 3458
f 3435 3434 3467
f 3461 3469 3456
f 3468 3458 3456
f 3467 3458 3469
f 3472 3449 3439
f 3474 3449 3472
f 3451 3454 3478
f 3485 3475 3474
f 3449 3473 3475
f 3478 3453 3475
f 3690 3476 3475
f 3482 3484 3471
f 3485 3690 3475
f 3485 3490 3690
f 3490 3476 3690
f 3691 3477 3489
f 3692 3489 3487
f 3692 3481 3477
f 3693 3481 3691
f 3698 3694 3692
f 1594 3369 3370
f 3369 3511 3699
f 3368 3370 3510
f 3368 3510 3700
f 3688 3368 3700
f 3700 3689 3688
f 3699 3510 3369
f 3526 3700 3510
f 1782 1781 3511
f 3511 1781 3701
f 3701 1781 3513
f 3701 3513 3603
f 3701 3699 3511
f 3699 3526 3510
f 3526 3525 3700
f 3603 3699 3701
f 3699 3603 3526
f 3603 3527 3526
f 3524 3689 3700
f 3558 3689 3524
f 1731 3603 3513
f 3554 3557 3615
f 3621 3615 3632
f 3689 3468 3461
f 3468 3689 3558
f 3658 3470 3466
f 3658 3484 3470
f 3698 3692 3487
f 3698 3487 3645
f 3645 3648 3697
f 3702 3697 3648
f 3695 3697 3702
f 3653 3702 3648
f 3702 3652 3703
f 3655 3705 3653
f 3657 3704 3656
f 3707 3696 3702
f 3706 3702 3704
f 3694 3706 3676
f 3706 3705 3657
f 3650 3484 3658
f 3657 3671 3674
f 3657 3674 3706
f 3673 3678 3706
f 3706 3678 3676
f 3673 3675 3678
f 3708 3710 3712
f 3710 3714 3715
f 3716 3715 3714
f 3718 3719 3721
f 3722 3714 3710
f 3720 3719 3723
f 3719 3718 3727
f 3725 3724 3719
f 2 3713 242
f 3722 3711 3709
f 3708 3728 3722
f 3708 3 3729
f 3713 3 3708
f 3728 3708 3729
f 3728 3729 3730
f 3731 3733 3728
f 3733 3734 3728
f 3734 3714 3722
f 3728 3734 3722
f 3734 3736 3714
f 3737 3717 3714
f 3738 3723 3725
f 3739 3732 427
f 8 3729 2
f 427 3729 8
f 427 3731 3729
f 3740 3733 3731
f 3740 3742 3733
f 3743 3730 3739
f 3732 3743 3740
f 3744 3745 3735
f 3735 3734 3744
f 3745 3746 3748
f 3744 3734 3733
f 3742 3744 3733
f 3750 3752 3744
f 3744 3753 3745
f 3746 3745 3753
f 3744 3742 3754
f 3754 3750 3744
f 3745 3718 3735
f 3718 3748 3726
f 3755 3738 3726
f 3755 3757 3738
f 3745 3749 3716
f 3755 3726 3749
f 3749 3747 3758
f 3758 3755 3748
f 3755 3758 3759
f 3755 3760 3761
f 3761 3757 3755
f 3763 3757 3761
f 3754 3765 3751
f 3766 3746 3753
f 3767 3768 3746
f 3768 3758 3746
f 3767 3753 3751
f 3769 3758 3768
f 3770 3760 3771
f 3770 3762 3760
f 3770 3763 3761
f 3764 3770 3774
f 3769 3760 3758
f 3769 3771 3760
f 3772 3776 3770
f 3771 3769 3778
f 3777 3776 3772
f 3780 3754 3742
f 3765 3754 3782
f 3780 3783 3754
f 3741 3781 3742
f 3784 3780 3740
f 3785 3780 3784
f 3782 3779 3785
f 3785 3765 3782
f 3786 3767 3751
f 3787 3751 3765
f 3786 3750 3787
f 3765 3785 3787
f 3788 3787 3785
f 3789 3791 3787
f 3792 3791 3790
f 3794 3763 3775
f 3774 3770 3776
f 3768 3767 3796
f 3799 3769 3768
f 3803 3768 3796
f 3799 3768 3801
f 3777 3769 3799
f 3786 3795 3767
f 3791 3786 3787
f 3806 3786 3791
f 3797 3786 3807
f 3809 3796 3811
f 3811 3798 3807
f 3806 3807 3786
f 3802 3798 3808
f 3799 3812 3814
f 3807 3806 3816
f 3818 3776 3777
f 3819 3794 3773
f 3776 3818 3773
f 3821 3773 3818
f 3775 3820 3819
f 3777 3799 3814
f 3818 3777 3815
f 3818 3814 3823
f 3820 3818 3823
f 3811 3807 3825
f 3802 3812 3799
f 3826 3813 3800
f 3826 3803 3808
f 3827 3811 3825
f 3813 3826 3828
f 3826 3808 3830
f 3817 3825 3807
f 3833 3825 3816
f 3833 3827 3825
f 3815 3812 3828
f 3824 3814 3829
f 3835 3824 3829
f 3836 3822 3824
f 3837 3838 3820
f 3839 3837 3820
f 3832 3829 3826
f 3820 3835 3839
f 3836 3829 3843
f 3845 3846 3840
f 3811 3847 3808
f 3811 3827 3847
f 3849 3852 3847
f 3827 3833 3854
f 3858 3855 3833
f 3827 3851 3847
f 3855 3849 3827
f 3859 3850 3854
f 3860 3842 3828
f 3828 3830 3860
f 3847 3862 3810
f 3808 3863 3830
f 3860 3831 3864
f 3864 3841 3861
f 3842 3864 3865
f 3842 3865 3866
f 3844 3839 3835
f 3835 3842 3844
f 3867 3844 3842
f 3847 3852 3862
f 3864 3830 3863
f 3868 3870 3863
f 3864 3863 3870
f 3869 3863 3853
f 3870 3865 3864
f 3869 3852 3872
f 3870 3869 3874
f 3875 3852 3849
f 3859 3875 3848
f 3875 3872 3852
f 3876 3872 3875
f 3877 3876 3875
f 3877 3875 3859
f 15 3879 3880
f 3881 3880 3878
f 3883 19 14
f 3880 3883 16
f 3885 3883 3880
f 3880 3882 3885
f 3886 3881 3889
f 3885 3881 3887
f 3884 25 18
f 22 19 25
f 3891 25 3883
f 3892 20 25
f 3895 3883 3885
f 3885 3887 3897
f 3893 3890 3884
f 3898 3892 3893
f 3894 3885 3903
f 3902 3900 3893
f 3904 3896 3887
f 3904 3886 3905
f 3896 3903 3885
f 3907 3896 3904
f 3909 300 20
f 20 3892 3910
f 3912 3911 3890
f 3912 3892 3898
f 3912 3898 3915
f 3916 3910 3912
f 3916 3918 3910
f 3917 3919 3918
f 3903 3920 3915
f 3922 3914 3920
f 3921 3923 3922
f 3920 3902 3925
f 3903 3914 3899
f 3922 3916 3912
f 3922 3913 3914
f 3907 3927 3896
f 3927 3901 3896
f 3928 3927 3908
f 3930 3928 3907
f 3926 3924 3920
f 3931 3919 3916
f 3931 3934 3919
f 3933 3922 3923
f 3932 3916 3922
f 3931 3923 3937
f 3938 3931 3936
f 3927 3941 3903
f 3928 3941 3927
f 3943 3941 3928
f 3945 3941 3944
f 3928 3947 3944
f 3948 3945 3944
f 3923 3926 3949
f 3949 3937 3923
f 3925 3903 3951
f 3925 3951 3949
f 3903 3942 3950
f 3949 3951 3952
f 3949 3952 3954
f 3940 3937 3954
f 3936 3949 3954
f 3955 3941 3945
f 3945 3956 3955
f 3951 3942 3955
f 3958 3952 3951
f 3958 3960 3953
f 3961 3955 3963
f 3956 3964 3955
f 3956 3945 3948
f 3963 3956 3948
f 3965 3964 3948
f 3954 3953 3967
f 3955 3961 3951
f 3951 3961 3958
f 3969 3961 3964
f 3970 3959 3961
f 3961 3973 3971
f 3974 3973 3961
f 3962 3969 3974
f 3974 3969 3975
f 3974 3977 3972
f 3975 3980 3974
f 143 153 3981
f 3981 153 3984
f 3984 3986 3983
f 3986 165 3982
f 165 3986 3987
f 3985 3989 3987
f 165 143 3982
f 3989 3991 3993
f 3986 3984 3994
f 153 3994 3984
f 3995 3994 153
f 3994 3995 3715
f 3994 3996 3986
f 3720 3996 3994
f 147 3995 153
f 3713 3995 147
f 149 153 145
f 3995 3711 3715
f 3995 3712 3711
f 3996 3990 3986
f 3999 3989 3997
f 3989 3998 3991
f 3998 4000 3992
f 3992 4001 4002
f 3720 3994 4003
f 4005 3999 3720
f 3998 3996 3721
f 3715 3718 3994
f 4004 3994 3716
f 4003 3716 3720
f 3724 4005 3721
f 4006 4005 3723
f 4007 3999 4005
f 4008 3998 4006
f 4009 4008 4006
f 4009 4006 3724
f 4009 3723 4010
f 4000 3998 4008
f 4011 4001 4008
f 4011 4002 4001
f 4013 4002 4011
f 4013 4011 4014
f 174 164 165
f 174 4015 4016
f 3993 4015 3988
f 3993 3987 3989
f 174 165 3987
f 174 3987 4015
f 4018 4015 3993
f 4019 4015 4017
f 4021 4018 3993
f 4018 4021 4023
f 4015 4019 4016
f 4016 16 174
f 4016 3882 3878
f 3879 16 4016
f 4019 3882 4016
f 3882 4019 4025
f 4027 4026 4020
f 4019 4018 4027
f 4017 4024 4027
f 4023 4029 4027
f 4023 4031 4029
f 4032 4034 4029
f 4021 3993 4002
f 4002 3993 3991
f 4035 4021 4002
f 4031 4023 4022
f 4035 4031 4022
f 4035 4036 4032
f 4033 4032 4037
f 4035 4002 4013
f 4039 4035 4013
f 4035 4040 4036
f 4038 4041 4043
f 4044 4042 4040
f 4046 4045 4048
f 4047 4041 4044
f 4042 4047 4043
f 4050 4043 4047
f 4051 4038 4043
f 4050 4051 4043
f 4036 4037 4031
f 4052 4037 4036
f 4052 4036 4040
f 4033 4037 4053
f 4051 4052 4040
f 4054 4052 4051
f 4050 4047 4049
f 4055 4050 4049
f 4050 4055 4058
f 4051 4050 4059
f 4051 4060 4054
f 4059 4061 4054
f 149 242 3712
f 4010 3723 3738
f 4063 4014 4009
f 4010 4063 4009
f 4008 4009 4012
f 4014 4011 4009
f 4044 4064 4049
f 4066 4068 4070
f 4071 4070 4068
f 4073 4069 4071
f 4075 4071 4076
f 4067 4076 4071
f 3756 4010 3738
f 4077 4010 3756
f 4010 4078 4063
f 4077 4014 4063
f 4014 4077 4080
f 4083 4085 4087
f 4089 4086 4091
f 4057 4085 4089
f 3756 3763 4078
f 4092 4077 3763
f 4082 4091 4085
f 4089 4090 4092
f 4093 4056 4097
f 4055 4095 4058
f 4094 4100 4101
f 4100 4093 4096
f 4087 4095 4102
f 4096 4055 4049
f 4106 4096 4049
f 4112 4096 4106
f 4064 4107 4049
f 4095 4088 4085
f 4085 4057 4095
f 4113 4092 3763
f 4092 4113 4115
f 4113 3794 4117
f 4117 4114 4113
f 4089 4092 4114
f 4058 4089 4114
f 3794 4113 3763
f 4117 4119 4114
f 4120 4114 4118
f 4058 4120 4059
f 4114 4120 4058
f 4120 4119 4121
f 4120 4122 4060
f 4125 4126 4075
f 4129 4074 4131
f 4126 4132 4075
f 4116 3794 4119
f 4060 4050 4058
f 4062 4060 4133
f 4025 3888 3882
f 4029 4025 4027
f 4134 4025 4029
f 3906 3886 3889
f 4134 3889 4025
f 4135 3905 3889
f 4053 4030 4033
f 4134 4028 4053
f 4134 4136 3889
f 4053 4137 4134
f 4053 4139 4141
f 4137 4136 4134
f 4053 4141 4137
f 4136 3904 3905
f 4142 3904 4136
f 4137 4142 4136
f 3904 3929 3908
f 3904 4142 3930
f 4144 4142 4137
f 4141 4144 4137
f 4141 4146 4144
f 4140 4138 4146
f 4138 4147 4145
f 4148 4142 4144
f 4146 4148 4144
f 4053 4037 4139
f 4138 4037 4052
f 4147 4139 4052
f 3918 300 3910
f 3918 304 300
f 2171 304 3918
f 3918 3919 2173
f 4149 3928 3930
f 3930 4143 4150
f 4142 4148 4149
f 4145 4151 4148
f 4147 4151 4146
f 4054 4147 4052
f 4054 4061 4147
f 4147 4061 4153
f 3946 3928 4149
f 3946 4150 4154
f 3946 3948 3944
f 3946 4154 3948
f 4156 3948 4155
f 4150 4148 4151
f 4154 4150 4151
f 4147 4158 4151
f 4159 4154 4151
f 4157 4154 4158
f 4160 4157 4159
f 4147 4162 4158
f 4160 4158 4162
f 4162 4163 4161
f 3948 4156 3965
f 3969 3964 3965
f 3965 4165 3969
f 4165 3965 4166
f 4160 3965 4157
f 4160 4166 3965
f 4162 4147 4152
f 4167 4169 4170
f 3794 3819 4119
f 4119 3838 4122
f 3820 3838 3819
f 3819 3838 4119
f 4173 4122 3838
f 4173 3838 3837
f 4123 4133 4060
f 4122 4173 4133
f 4133 4152 4061
f 4152 4133 4174
f 4173 4175 4133
f 4175 4174 4133
f 4177 4173 3837
f 3846 3837 3840
f 4176 3837 3846
f 4178 3844 3866
f 3844 4178 3846
f 4178 4177 3846
f 4177 4179 4173
f 3870 4181 3865
f 4180 3871 3873
f 4182 4180 4186
f 3866 4187 4178
f 3865 4188 3866
f 4183 4187 4180
f 4178 4187 4189
f 4188 4183 4190
f 4177 4190 4191
f 4177 4178 4190
f 4189 4183 4192
f 4195 4175 4179
f 4199 4200 4194
f 4175 4193 4200
f 4195 4179 4203
f 4194 4203 4204
f 4195 4204 4197
f 4173 4179 4175
f 4205 4206 4207
f 4177 4191 4179
f 4202 4179 4191
f 4208 4209 4211
f 4174 4213 4153
f 4166 4214 4165
f 4165 3975 3969
f 4214 3975 4164
f 4160 4163 4166
f 4215 4166 4163
f 4215 4214 4166
f 4216 4215 4163
f 3980 3976 4219
f 3975 4214 4219
f 3978 4217 4221
f 4217 4214 4223
f 4223 4222 4218
f 4216 4214 4215
f 4216 4223 4214
f 4225 4226 4223
f 4227 4162 4152
f 4162 4227 4163
f 4227 4216 4163
f 4227 4230 4231
f 4227 4153 4230
f 4229 4153 4213
f 4216 4227 4231
f 4224 4216 4225
f 4225 4216 4231
f 3980 4221 4232
f 4232 4233 3979
f 4235 4232 4221
f 4232 4235 4233
f 4235 4237 4233
f 4226 4239 4240
f 4226 4221 4223
f 4240 4235 4220
f 4226 4240 4221
f 4241 4240 4239
f 4237 4243 4233
f 4245 4243 4237
f 4243 4245 4247
f 4235 4240 4249
f 4240 4242 4250
f 4242 4251 4249
f 4236 4235 4249
f 4249 4252 4236
f 4252 4244 4237
f 4249 4253 4252
f 4253 4254 4252
f 4253 4251 4256
f 4251 4253 4249
f 4253 4256 4260
f 4259 4254 4253
f 4246 4261 4247
f 4254 4246 4252
f 4262 4264 4228
f 4226 4225 4239
f 4225 4264 4239
f 4228 4264 4231
f 4231 4264 4225
f 4266 4242 4239
f 4267 4238 4264
f 4267 4268 4242
f 4242 4257 4251
f 4258 4242 4268
f 4268 4262 4270
f 4228 4270 4262
f 4230 4272 4270
f 4266 4263 4268
f 4262 4266 4265
f 4270 4273 4269
f 4274 4276 4277
f 4282 4284 4278
f 4206 4205 4285
f 4288 4289 4291
f 4175 4201 4174
f 4174 4200 4213
f 4200 4292 4212
f 4213 4292 4272
f 4228 4213 4272
f 4196 4295 4292
f 4293 4200 4198
f 4196 4296 4294
f 4299 4271 4292
f 4293 4294 4298
f 4299 4300 4272
f 4300 4270 4272
f 4302 4206 4304
f 4207 4206 4302
f 4305 4211 4302
f 4210 4207 4302
f 4210 4305 4306
f 4208 4210 4308
f 4308 4211 4307
f 4310 4307 4305
f 4309 4308 4307
f 4312 4291 4313
f 4311 4313 4315
f 4312 4315 4317
f 4320 4318 4316
f 3873 3869 3872
f 3876 4321 3872
f 4322 3876 3877
f 4322 4324 3876
f 4326 3874 3872
f 4328 4181 3874
f 3873 4325 4327
f 4321 4326 3872
f 4327 4186 4181
f 4182 4186 4192
f 4330 4186 4328
f 4331 4321 3876
f 4329 4326 4332
f 4329 4327 4326
f 4332 4326 4321
f 4324 4331 3876
f 4324 4333 4331
f 4334 4192 4184
f 4191 4335 4337
f 4336 4192 4340
f 4341 4336 4340
f 4342 4334 4329
f 4185 4329 4334
f 4334 4340 4192
f 4344 4340 4334
f 4336 4189 4192
f 4336 4191 4189
f 4345 4321 4331
f 4331 4333 4346
f 4346 4345 4331
f 4330 4332 4348
f 4348 4332 4321
f 4330 4348 4343
f 4348 4321 4349
f 4321 4345 4350
f 4342 4344 4334
f 4342 4351 4344
f 4348 4351 4343
f 4352 4349 4345
f 4349 4354 4347
f 4353 4358 4349
f 4360 4358 4352
f 4345 4346 4352
f 4346 4361 4353
f 4360 4353 4361
f 4362 4363 4366
f 4362 4367 4368
f 4368 4366 4374
f 4375 4376 4377
f 4377 4351 4379
f 4379 4351 4381
f 4378 4375 4377
f 4351 4348 4380
f 4381 4348 4355
f 4380 4357 4383
f 4385 4384 4357
f 4387 4383 4385
f 4388 4390 4391
f 4393 4389 4388
f 4393 4388 4394
f 4376 4375 4371
f 4370 4375 4391
f 4379 4391 4375
f 4391 4389 4395
f 4395 4368 4391
f 4391 4368 4373
f 4381 4391 4379
f 4388 4391 4381
f 4383 4388 4382
f 4383 4394 4388
f 4341 4337 4335
f 4191 4337 4203
f 4340 4344 4341
f 4341 4344 4396
f 4341 4396 4337
f 4338 4396 4376
f 4396 4377 4376
f 4366 4204 4202
f 4202 4339 4367
f 4366 4338 4376
f 4372 4366 4376
f 4351 4377 4344
f 4396 4344 4377
f 4358 4356 4349
f 4356 4358 4385
f 4397 4386 4358
f 4360 4397 4358
f 4400 4394 4401
f 4383 4387 4401
f 4387 4403 4401
f 4384 4401 4394
f 4401 4404 4407
f 4408 4397 4360
f 4387 4386 4397
f 4403 4387 4397
f 4404 4401 4403
f 4403 4410 4404
f 4413 4403 4397
f 4411 4403 4413
f 4414 4415 4416
f 4417 4420 4421
f 4421 4423 4424
f 4422 4415 4425
f 4415 4426 4416
f 4427 4415 4422
f 4426 4422 4430
f 4431 4423 4421
f 4421 4432 4429
f 4419 4432 4421
f 4432 4433 4431
f 4432 4435 4433
f 4435 4432 4436
f 4435 4436 4437
f 4246 4254 4438
f 4254 4259 4441
f 4439 4254 4442
f 4261 4244 4440
f 4445 4261 4438
f 4445 4446 4261
f 4441 4259 4255
f 4273 4257 4269
f 4448 4257 4273
f 4447 4441 4256
f 4416 4426 4447
f 4447 4427 4441
f 4428 4430 4441
f 4441 4430 4254
f 4416 4447 4273
f 4273 4414 4416
f 4438 4442 4445
f 4449 4445 4442
f 4444 4449 4450
f 4434 4254 4429
f 4433 4454 4254
f 4254 4453 4443
f 4456 4443 4452
f 4435 4452 4433
f 4457 4451 4435
f 4457 4456 4451
f 4457 4435 4437
f 4449 4443 4456
f 4449 4455 4450
f 4460 4295 4296
f 4462 4425 4415
f 4204 4297 4198
f 4363 4296 4204
f 4296 4364 4459
f 4362 4368 4462
f 4364 4204 4366
f 4459 4365 4362
f 4463 4460 4362
f 4463 4362 4462
f 4298 4295 4300
f 4460 4463 4300
f 4270 4465 4273
f 4273 4465 4414
f 4301 4464 4270
f 4300 4463 4466
f 4463 4414 4465
f 4462 4415 4414
f 4414 4463 4462
f 4395 4390 4425
f 4421 4425 4417
f 4395 4424 4461
f 4417 4389 4393
f 4389 4418 4425
f 4418 4392 4419
f 4393 4400 4419
f 4398 4393 4394
f 4399 4468 4420
f 4395 4462 4369
f 4432 4420 4467
f 4436 4432 4467
f 4467 4470 4436
f 4470 4437 4436
f 4471 4457 4437
f 4472 4437 4473
f 4457 4471 4474
f 4458 4474 4476
f 4475 4472 4473
f 4477 4456 4478
f 4450 4456 4477
f 4477 4480 4450
f 4482 4478 4476
f 4483 4481 4476
f 4486 4483 4476
f 4478 4480 4477
f 4483 4478 4481
f 4485 4486 4487
f 4487 4478 4484
f 4468 4400 4489
f 4467 4489 4470
f 4489 4490 4469
f 4405 4400 4402
f 4491 4400 4406
f 4489 4400 4491
f 4437 4470 4492
f 4490 4495 4470
f 4492 4496 4437
f 4495 4493 4470
f 4494 4496 4492
f 4497 4406 4404
f 4405 4499 4490
f 4499 4405 4497
f 4497 4404 4410
f 4500 4499 4497
f 4499 4494 4491
f 4501 4495 4498
f 4495 4501 4503
f 4496 4473 4437
f 4476 4475 4473
f 4486 4476 4473
f 4496 4495 4503
f 4496 4503 4505
f 4496 4505 4473
f 4506 4486 4473
f 4506 4473 4505
f 4506 4487 4486
f 4508 4487 4506
f 4510 4513 4514
f 4514 4516 4511
f 4520 4521 4510
f 4522 4520 4524
f 4518 4520 4511
f 426 3739 427
f 451 3739 425
f 3739 4525 4527
f 4526 3739 451
f 4530 4531 4532
f 4533 3740 3743
f 3784 3740 4533
f 4527 3743 3739
f 4527 4533 3743
f 4532 4066 4534
f 4066 4532 4531
f 4534 4537 4532
f 460 4538 452
f 451 4538 4526
f 452 454 462
f 4539 4525 4538
f 4539 4538 462
f 4539 462 4541
f 461 4543 4540
f 464 461 457
f 461 464 4544
f 4539 4527 4526
f 4545 4527 4539
f 4527 4546 4547
f 4550 4546 4539
f 4539 4541 4550
f 4527 4547 4533
f 4512 4533 4514
f 4514 4533 4547
f 4553 4547 4546
f 4556 4515 4552
f 4553 4514 4547
f 4556 4559 4514
f 4513 4563 3784
f 4562 4565 3784
f 4564 3788 3785
f 3793 3789 3788
f 4566 3788 4564
f 3793 3788 4566
f 3792 4567 4569
f 4561 4566 4565
f 4566 4568 3792
f 4570 4569 4568
f 4571 4568 4566
f 4568 4571 4570
f 4522 4513 4511
f 4522 4563 4513
f 4572 4566 4563
f 4572 4562 4521
f 4574 4523 4576
f 4574 4521 4524
f 4574 4573 4521
f 4571 4566 4579
f 4579 4566 4572
f 4580 4571 4578
f 4571 4580 4581
f 3784 4564 3785
f 4513 3784 4533
f 4559 4518 4514
f 4560 4555 4583
f 4583 4584 4560
f 4585 4517 4560
f 4584 4519 4517
f 4586 4519 4584
f 4586 4585 4583
f 4519 4587 4575
f 4589 4590 4592
f 4590 4583 4592
f 4583 4590 4595
f 4596 4590 4589
f 4595 4591 4597
f 4595 4586 4583
f 4595 4598 4586
f 4600 4586 4598
f 4602 4597 4589
f 4597 4603 4595
f 4603 4597 4602
f 4605 4606 4604
f 4594 4603 4607
f 4608 4598 4595
f 4607 4608 4595
f 4612 4600 4598
f 4612 4598 4608
f 4614 4609 4606
f 4612 4610 4614
f 4616 4605 4603
f 4617 4605 4616
f 4617 4607 4605
f 4618 4606 4617
f 4620 4615 4606
f 516 4544 515
f 517 4622 4544
f 515 4544 464
f 4548 4622 4555
f 4621 4542 4544
f 4542 4621 4549
f 4550 4553 4546
f 4551 4557 4553
f 4622 4592 4554
f 4623 4592 4622
f 4625 4626 4622
f 4624 4621 516
f 4625 517 519
f 4623 4621 4626
f 4627 4592 4623
f 4628 4623 4626
f 4589 4593 4629
f 4626 4625 4632
f 4629 4626 4630
f 4632 4588 4628
f 4593 4583 4558
f 4633 519 530
f 519 4633 4625
f 4633 530 531
f 531 4634 4633
f 4635 4625 4634
f 4634 4624 4633
f 4625 4635 4630
f 4601 4632 4635
f 4631 4601 4589
f 4638 4634 531
f 4637 4636 4634
f 4639 4637 531
f 4603 4635 4637
f 4603 4602 4635
f 4637 4616 4603
f 4520 4576 4524
f 4643 4574 4576
f 4574 4645 4573
f 4579 4573 4644
f 4645 4647 4577
f 4647 4574 4641
f 4647 4644 4574
f 4642 4575 4587
f 4586 4599 4642
f 4650 4640 4600
f 4651 4648 4640
f 4649 4651 4640
f 4648 4651 4652
f 4646 4580 4579
f 4654 4580 4647
f 4654 4581 4580
f 4652 4656 4648
f 4656 4655 4648
f 4654 4658 4582
f 4655 4656 4657
f 4650 4600 4612
f 4659 4651 4650
f 4659 4650 4611
f 4659 4612 4660
f 4660 4651 4659
f 4660 4653 4651
f 4652 4660 4661
f 4661 4662 4652
f 4663 4612 4614
f 4664 4660 4613
f 4614 4666 4663
f 4666 4661 4665
f 4665 4661 4660
f 4667 4662 4661
f 4670 4668 4661
f 4662 4656 4652
f 4671 4656 4662
f 4673 4671 4662
f 4671 4673 4675
f 4678 4674 4673
f 4671 4657 4656
f 4674 4657 4671
f 4657 4676 4680
f 4680 4682 4657
f 4674 4679 4680
f 4662 4668 4672
f 4673 4685 4677
f 4669 4684 4672
f 4667 4686 4685
f 4687 4679 4685
f 4687 4680 4677
f 4686 4688 4685
f 3792 4569 3791
f 4569 3804 3791
f 3816 3805 4569
f 4569 4570 4689
f 3816 4569 4689
f 4691 3816 4690
f 4690 4570 4694
f 4571 4581 4570
f 4694 4570 4581
f 4694 4581 4695
f 4694 4696 4689
f 4696 4691 4689
f 4696 4698 4691
f 4700 4698 4702
f 4703 4705 4708
f 4709 4712 4703
f 4713 4711 4718
f 4714 4704 4703
f 4703 4712 4714
f 4718 4711 4719
f 4711 4721 4719
f 4722 4712 4710
f 4692 3833 3816
f 4691 3857 3834
f 4725 4727 4729
f 4691 4699 4731
f 4731 3854 3856
f 4731 4732 3855
f 3859 3855 4732
f 4731 3857 4691
f 4733 3877 3859
f 4733 3859 4732
f 4735 4736 4734
f 4736 3877 4733
f 4699 4700 4731
f 4700 4737 4731
f 4737 4732 4731
f 4735 4732 4737
f 4735 4733 4732
f 4738 4736 4735
f 4740 4735 4737
f 4741 4739 4735
f 4743 4695 4581
f 4696 4693 4695
f 4744 4696 4695
f 4746 4582 4658
f 4743 4748 4695
f 4746 4743 4581
f 4748 4742 4746
f 4683 4747 4657
f 4752 4747 4682
f 4751 4749 4747
f 4753 4750 4751
f 4748 4744 4695
f 4745 4749 4753
f 4699 4697 4758
f 4755 4696 4744
f 4758 4702 4698
f 4745 4760 4756
f 4762 4701 4756
f 4762 4764 4701
f 4764 4765 4701
f 4680 4751 4683
f 4754 4751 4680
f 4761 4745 4753
f 4768 4759 4753
f 4769 4759 4768
f 4770 4769 4768
f 4681 4688 4772
f 4772 4753 4680
f 4753 4773 4768
f 4775 4772 4778
f 4777 4772 4687
f 4779 4768 4772
f 4776 4779 4772
f 4780 4770 4768
f 4757 4761 4762
f 4769 4762 4761
f 4781 4767 4764
f 4781 4764 4763
f 4783 4781 4762
f 4770 4780 4784
f 4771 4784 4786
f 4762 4769 4783
f 4786 4783 4769
f 4785 4769 4770
f 4787 4783 4786
f 4789 4783 4788
f 4766 4700 4702
f 4782 4791 4765
f 4792 4737 4700
f 4793 4737 4792
f 4790 4700 4766
f 4792 4700 4790
f 4795 4793 4792
f 4793 4740 4737
f 4798 4738 4741
f 4800 4794 4795
f 4802 4800 4795
f 4800 4740 4793
f 4800 4802 4741
f 4740 4802 4806
f 4799 4741 4804
f 4783 4791 4781
f 4790 4807 4792
f 4795 4792 4807
f 4808 4809 4797
f 4810 4811 4791
f 4808 4791 4811
f 4811 4809 4808
f 4813 4809 4812
f 4783 4789 4810
f 4783 4810 4791
f 4811 4810 4814
f 4813 4812 4814
f 4813 4815 4817
f 4796 4809 4803
f 4801 4809 4813
f 4819 4805 4803
f 4820 4803 4813
f 4821 4798 4804
f 4805 4819 4823
f 4825 4819 4813
f 4828 4820 4826
f 4820 4829 4824
f 4830 4819 4827
f 4831 4832 4834
f 4831 4618 4617
f 4617 4833 4831
f 4619 4607 4618
f 4835 4831 4834
f 4618 4831 4835
f 4619 4666 4614
f 4836 4619 4618
f 4837 4666 4619
f 4838 4835 4834
f 4834 4839 4841
f 4841 4838 4834
f 4835 4838 4842
f 4619 4836 4842
f 4837 4619 4842
f 4838 4843 4842
f 4844 4838 4840
f 4845 4838 4844
f 4846 4843 4838
f 4843 4846 4847
f 4842 4843 4847
f 4848 4847 4845
f 4849 4844 4841
f 4850 4844 4849
f 4850 4845 4844
f 4845 4850 4848
f 4848 4850 4851
f 531 586 4639
f 590 4639 586
f 590 4637 4639
f 4616 4637 4832
f 4616 4832 4617
f 590 4832 4637
f 4853 4832 589
f 590 588 593
f 593 4853 590
f 4854 4834 4832
f 4854 4839 4834
f 4839 4854 592
f 605 4839 593
f 605 4855 4839
f 4840 4839 4855
f 611 4855 605
f 4857 4855 611
f 4849 4840 4855
f 4858 4849 4855
f 4857 4858 4855
f 4859 4849 4858
f 4860 4661 4666
f 4837 4861 4666
f 4666 4862 4860
f 4863 4864 4860
f 4661 4860 4864
f 4661 4864 4670
f 4865 4863 4837
f 4865 4837 4842
f 4866 4864 4862
f 4865 4866 4861
f 4864 4867 4670
f 4869 4670 4867
f 4869 4867 4864
f 4868 4864 4866
f 4669 4670 4686
f 4670 4778 4686
f 4870 4670 4868
f 4670 4871 4778
f 4688 4686 4778
f 4871 4872 4778
f 4872 4873 4778
f 4872 4876 4874
f 4879 4872 4871
f 4880 4875 4872
f 4872 4879 4880
f 4847 4865 4842
f 4865 4847 4884
f 4866 4865 4884
f 4866 4881 4868
f 4868 4881 4877
f 4885 4877 4884
f 4885 4883 4886
f 4847 4888 4882
f 4847 4848 4890
f 4890 4888 4847
f 4890 4848 4852
f 4891 4888 4890
f 4889 4886 4883
f 4885 4887 4893
f 4892 4887 4888
f 4887 4892 4893
f 4879 4870 4868
f 4885 4894 4879
f 4895 4878 4894
f 4896 4880 4879
f 4880 4896 4898
f 4900 4899 4896
f 4894 4885 4893
f 4894 4893 4892
f 4892 4902 4894
f 4903 4902 4892
f 4900 4895 4894
f 4900 4894 4902
f 4907 4900 4901
f 4849 4859 4850
f 4908 4850 4859
f 4912 4909 4859
f 4851 4850 4910
f 4911 4859 4913
f 4911 4915 4908
f 4917 4914 4911
f 4918 4852 4909
f 4914 4918 4908
f 4915 4919 4918
f 4917 4921 4923
f 4924 4915 4916
f 4923 4924 4916
f 4925 611 659
f 4925 4857 612
f 4926 4925 659
f 4926 659 663
f 4859 4858 4857
f 4859 4857 4913
f 4925 4926 4857
f 4856 4927 4913
f 4929 4927 663
f 669 689 663
f 4932 4928 663
f 4929 4913 4927
f 4934 4913 4928
f 4934 4911 4913
f 4922 4911 4933
f 4931 663 688
f 4935 4932 688
f 4938 4932 4936
f 4939 4934 4929
f 4941 4934 4939
f 4938 4929 4932
f 4939 4930 4938
f 4942 4941 4939
f 4935 688 687
f 4944 4938 4936
f 687 690 4937
f 690 4946 4936
f 4943 4939 4938
f 4938 4944 4942
f 4947 4943 4944
f 4944 4950 4948
f 4951 4943 4949
f 4921 4934 4941
f 4922 4917 4911
f 4922 4940 4955
f 4923 4922 4955
f 4941 4943 4955
f 4952 4953 4943
f 4951 4956 4954
f 4890 4852 4957
f 4851 4958 4957
f 4957 4892 4890
f 4961 4892 4957
f 4957 4959 4961
f 4920 4851 4918
f 4920 4959 4851
f 4962 4959 4919
f 4924 4920 4915
f 4962 4920 4924
f 4963 4964 4959
f 4965 4963 4958
f 4903 4892 4960
f 4906 4903 4960
f 4906 4901 4903
f 4960 4958 4964
f 4905 4960 4964
f 4965 4964 4963
f 4966 4907 4964
f 4967 4900 4906
f 4900 4967 4968
f 4967 4907 4970
f 4904 4966 4970
f 4972 4967 4970
f 4924 4923 4962
f 4923 4974 4962
f 4959 4962 4965
f 4977 4965 4962
f 4962 4973 4979
f 4980 4978 4973
f 4923 4954 4956
f 4981 4923 4956
f 4982 4984 4956
f 4981 4956 4984
f 4981 4975 4923
f 4976 4981 4985
f 4984 4986 4981
f 4986 4980 4974
f 4988 4977 4980
f 4989 4980 4986
f 4964 4965 4966
f 4966 4965 4977
f 4990 4966 4977
f 4994 4990 4977
f 4970 4966 4990
f 4972 4970 4991
f 4996 4972 4991
f 4977 4988 4995
f 4996 4992 4994
f 4997 4994 4988
f 4996 4999 4972
f 4999 4996 4997
f 4997 4996 4993
f 4873 4776 4778
f 4876 5000 4873
f 5000 4775 4874
f 5000 4780 4774
f 5000 4784 4780
f 5000 5001 4784
f 4784 5002 5003
f 5008 4876 4880
f 5000 4876 5008
f 4880 4897 5008
f 5000 5008 5002
f 5004 4786 4784
f 4788 4785 5005
f 5010 4788 5006
f 4787 5010 5011
f 5005 5001 5015
f 5016 5003 5014
f 5014 5017 5016
f 5003 5016 5010
f 5018 5009 5016
f 5020 5008 4897
f 4900 5022 4897
f 4897 5022 5021
f 5020 5001 5007
f 5020 5014 5001
f 5023 5026 5020
f 5024 5022 5027
f 5022 5024 5021
f 5028 5026 5023
f 5024 5027 5030
f 5028 5025 5030
f 5020 5017 5014
f 5031 5017 5020
f 5031 5019 5026
f 5028 5031 5026
f 5034 5017 5031
f 5035 5018 5016
f 5035 5016 5017
f 5017 5034 5035
f 5036 5031 5028
f 5018 5035 5037
f 5035 5033 5038
f 5028 5040 5036
f 5036 5034 5032
f 5039 5033 5036
f 5040 5037 5036
f 5041 5042 5040
f 5011 4789 4788
f 5012 5043 4789
f 5043 4810 4789
f 5043 4814 4810
f 4817 4814 5045
f 5044 4814 5043
f 5010 5046 5011
f 5013 5046 5043
f 5018 5046 5010
f 5048 5044 5043
f 5046 5049 5043
f 5050 5047 5018
f 5049 5047 5051
f 5049 5053 5045
f 5052 5054 5049
f 5044 5054 5056
f 5058 5056 5054
f 5059 4818 5045
f 4816 4825 4813
f 4828 4826 5060
f 4816 5060 4825
f 5059 5060 4818
f 5061 4828 5060
f 5063 4828 5062
f 5063 5064 4827
f 5045 5057 5059
f 5056 5060 5059
f 5066 5060 5055
f 5060 5067 5061
f 5067 5060 5066
f 5067 5063 5061
f 5064 4830 4828
f 5063 5067 5065
f 5069 5065 5067
f 5052 5018 5039
f 5070 5052 5042
f 5070 5054 5050
f 5054 5070 5058
f 5072 5058 5070
f 5073 5070 5075
f 5074 5072 5070
f 5042 5050 5038
f 5042 5039 5040
f 5042 5075 5070
f 5076 5042 5041
f 5076 5075 5042
f 5078 5074 5075
f 5078 5075 5076
f 5079 5071 5074
f 5074 5078 5079
f 5077 5080 5079
f 5056 5081 5066
f 5081 5056 5058
f 5081 5058 5071
f 5081 5067 5066
f 5079 5081 5072
f 5082 5067 5081
f 5083 5082 5081
f 5083 5081 5079
f 5083 5079 5080
f 5084 5083 5080
f 5087 5083 5085
f 5068 5067 5082
f 5088 5069 5090
f 5091 5069 5082
f 5083 5090 5082
f 5087 5090 5083
f 5027 5022 4900
f 4968 5027 4900
f 5092 5027 4968
f 5030 5027 5094
f 5092 5094 5027
f 4968 5095 5092
f 4971 5095 4968
f 4972 4969 4967
f 5094 5028 5029
f 5094 5093 5095
f 5098 5094 5096
f 4972 5098 5095
f 5099 5040 5028
f 5028 5094 5099
f 5099 5101 5040
f 5040 5101 5102
f 5105 5094 5097
f 5094 5105 5100
f 5107 5105 5098
f 5105 5101 5099
f 5102 5101 5105
f 5106 5108 5102
f 5107 5108 5105
f 5097 4971 5110
f 5097 5110 5111
f 5111 5114 5115
f 5111 5110 5113
f 5110 4972 4999
f 5119 5110 4999
f 5120 5118 4999
f 5119 5112 5110
f 5121 5114 5119
f 5123 5121 5118
f 5124 5097 5111
f 5111 5115 5124
f 5098 5124 5107
f 5115 5107 5124
f 5115 5125 5107
f 5126 5108 5107
f 5125 5126 5107
f 5121 5115 5114
f 5121 5127 5115
f 5127 5125 5116
f 5127 5122 5123
f 5129 5127 5123
f 5127 5130 5125
f 5132 5125 5130
f 5103 5076 5041
f 5076 5102 5135
f 5040 5104 5041
f 5136 5134 5102
f 5134 5078 5076
f 5138 5078 5134
f 5102 5108 5137
f 5139 5134 5137
f 5141 5138 5137
f 5141 5142 5138
f 5145 5142 5141
f 5080 5139 5147
f 5084 5080 5147
f 5080 5078 5140
f 5142 5147 5138
f 5145 5146 5142
f 5148 5086 5085
f 5085 5147 5149
f 5148 5150 5151
f 5153 5146 5143
f 5150 5148 5146
f 5151 5150 5154
f 5153 5150 5146
f 5155 5154 5150
f 5126 5137 5109
f 5157 5136 5126
f 5141 5137 5157
f 5126 5125 5159
f 5159 5157 5126
f 5157 5159 5160
f 5157 5163 5141
f 5162 5164 5141
f 5161 5163 5158
f 5161 5164 5163
f 5164 5145 5141
f 5165 5159 5125
f 5133 5165 5125
f 5165 5161 5159
f 5161 5166 5167
f 5167 5165 5132
f 5168 5164 5161
f 5168 5161 5167
f 5168 5144 5164
f 5169 5145 5168
f 5156 5153 5145
f 5170 5156 5145
f 5156 5150 5153
f 5173 5154 5155
f 5172 5155 5174
f 5175 5177 5172
f 5170 5145 5179
f 5145 5169 5179
f 5179 5180 5171
f 5170 5175 5156
f 5170 5181 5174
f 5170 5180 5182
f 5183 5181 5180
f 5183 5184 5181
f 5188 4066 4531
f 4534 4066 4069
f 5189 5191 5192
f 5189 5192 5193
f 4705 5194 4707
f 5194 4706 5189
f 5195 5189 5193
f 5196 5195 5193
f 4708 5194 5189
f 4709 4703 4708
f 4709 4708 5189
f 5189 5195 4710
f 5193 5192 5199
f 5200 5201 5202
f 5203 5204 5206
f 5204 5202 5201
f 5200 5203 5207
f 5207 5203 5208
f 5209 5207 5208
f 5211 5212 5213
f 5213 5212 5204
f 5214 4322 3877
f 4324 4322 4333
f 5214 3877 4736
f 5215 5214 4736
f 5217 4333 4323
f 5215 4322 5214
f 5215 5216 4322
f 4736 4739 5215
f 5218 5216 5215
f 5218 5220 5216
f 4738 5224 5215
f 5218 5215 5224
f 4799 4821 5226
f 4739 4798 5225
f 4738 5226 5223
f 5228 5218 5224
f 5227 5220 5218
f 5229 5224 5226
f 5226 4821 5229
f 5231 5222 5229
f 5227 5224 5230
f 5234 5231 5229
f 5236 5227 5230
f 5227 5235 5238
f 4822 4821 4804
f 4822 5240 4821
f 5241 5229 4821
f 5244 5229 5242
f 5244 5234 5229
f 5243 5246 5245
f 5245 5247 5232
f 5249 5231 5234
f 5250 5248 5233
f 5250 5251 5248
f 4829 5243 4824
f 5243 4829 5247
f 5232 5247 5253
f 5247 4829 5064
f 5064 5253 5247
f 5253 5250 5232
f 5254 5250 5253
f 5250 5255 5251
f 5256 5255 5250
f 5256 5250 5254
f 5249 5236 5230
f 5261 5235 5249
f 5251 5259 5248
f 5263 5257 5251
f 5255 5263 5251
f 5264 5253 5065
f 5265 5254 5253
f 5252 5264 5265
f 5065 5267 5264
f 5264 5267 5265
f 5265 5268 5254
f 5268 5256 5254
f 5268 5269 5256
f 5270 5265 5266
f 5069 5266 5064
f 5069 5089 5267
f 5272 5267 5089
f 5270 5268 5265
f 5270 5273 5268
f 5275 5268 5273
f 5274 5269 5268
f 5273 5277 5274
f 5256 5278 5255
f 5278 5263 5255
f 5269 5278 5256
f 5276 5278 5269
f 5274 5277 5269
f 5279 5088 5090
f 5280 5089 5279
f 5088 5280 5271
f 5270 5280 5281
f 5281 5273 5271
f 5282 5276 5273
f 5283 5277 5284
f 5285 5284 5281
f 5284 5276 5281
f 5087 5279 5091
f 5087 5286 5279
f 5286 5280 5279
f 5286 5281 5280
f 5286 5285 5281
f 5287 5283 5284
f 5287 5284 5285
f 5288 5285 5286
f 5285 5288 5289
f 5289 5287 5285
f 5086 5148 5290
f 5148 5152 5290
f 5290 5286 5086
f 5286 5290 5288
f 5291 5288 5290
f 5292 5290 5151
f 5293 5288 5291
f 5289 5288 5293
f 5151 5154 5292
f 5294 5293 5292
f 5294 5291 5154
f 5296 5293 5295
f 5294 5154 5298
f 5178 5154 5172
f 5297 5294 5298
f 5302 5154 5177
f 5181 5177 5175
f 5181 5301 5176
f 5154 5302 5299
f 5303 5299 5301
f 5184 5300 5181
f 5304 5300 5185
f 5302 5304 5303
f 5305 4361 4346
f 4346 4333 5306
f 5216 5306 4333
f 5306 5305 4346
f 4360 4361 5305
f 5306 5307 5305
f 5219 5306 5216
f 5219 5308 5306
f 5308 5307 5306
f 4360 5309 4409
f 5310 4359 5305
f 5305 5307 5312
f 5312 5310 5305
f 5307 5313 5312
f 5316 5311 5315
f 5314 5307 5308
f 4412 4397 4409
f 5310 5317 4409
f 4409 5317 4413
f 5318 4410 4412
f 5319 4500 4410
f 5317 5318 4412
f 5319 4410 5318
f 5316 5310 5311
f 5316 5317 5310
f 5317 5316 5320
f 5321 5320 5316
f 5320 5318 5317
f 5323 5324 5308
f 5313 5308 5324
f 5219 5227 5239
f 5220 5239 5323
f 5323 5308 5221
f 5325 5324 5323
f 5326 5327 5324
f 5325 5326 5324
f 5258 5239 5237
f 5262 5238 5260
f 5323 5239 5325
f 5239 5262 5328
f 5330 5325 5239
f 5325 5329 5326
f 5328 5330 5239
f 5326 5330 5333
f 5328 5333 5329
f 5334 5263 5336
f 5339 5334 5337
f 5262 5335 5328
f 5343 5333 5328
f 5341 5328 5335
f 5343 5347 5332
f 5344 5348 5333
f 5324 5350 5313
f 5313 5353 5316
f 5350 5353 5313
f 5327 5351 5324
f 5354 5350 5327
f 5354 5355 5352
f 5355 5353 5350
f 5356 5353 5355
f 5349 5327 5326
f 5348 5354 5327
f 5331 5349 5326
f 5358 5354 5348
f 5359 5355 5354
f 5360 5355 5359
f 5358 5344 5361
f 5347 5358 5348
f 5354 5358 5359
f 5359 5358 5361
f 5362 5359 5361
f 5344 5364 5361
f 5366 5363 5361
f 5361 5365 5366
f 5368 5363 5366
f 5363 5368 5370
f 5371 5321 5316
f 5353 5371 5316
f 5373 5321 5371
f 5374 5320 5321
f 5373 5374 5322
f 5357 5371 5353
f 5375 5372 5357
f 5372 5375 5373
f 5373 5376 5378
f 5382 5320 5374
f 5383 5318 5320
f 5384 5318 5382
f 5385 5374 5373
f 5386 5374 5385
f 5382 5374 5386
f 5387 5388 5386
f 5377 5356 5355
f 5355 5360 5377
f 5360 5379 5376
f 5391 5380 5360
f 5373 5381 5392
f 5393 5392 5381
f 5392 5385 5373
f 5391 5394 5380
f 5393 5397 5392
f 5360 5359 5362
f 5360 5369 5391
f 5360 5363 5369
f 5369 5367 5398
f 5397 5393 5390
f 5391 5369 5397
f 5399 5392 5397
f 5401 5387 5386
f 5402 5385 5392
f 5402 5392 5399
f 5402 5386 5385
f 5404 5389 5387
f 5404 5387 5402
f 5405 5399 5396
f 5407 5402 5400
f 5405 5407 5399
f 5402 5409 5404
f 5410 5404 5409
f 5411 5409 5406
f 5406 5409 5401
f 5414 5415 5417
f 5417 5416 4309
f 5419 5418 4309
f 5420 5417 5419
f 5422 5417 5420
f 4500 4497 4410
f 5424 4502 4499
f 4498 4500 5425
f 5425 4500 5426
f 4502 5425 5428
f 5430 4500 5319
f 5431 5426 4500
f 5318 5430 5319
f 5432 5430 5318
f 5433 5430 5432
f 5430 5433 5431
f 5431 4500 5429
f 5425 5426 5428
f 5434 5428 5426
f 5436 4502 5428
f 5438 5435 5427
f 5434 5436 5428
f 5437 5434 5439
f 5440 5426 5431
f 5438 5426 5440
f 5442 5438 5441
f 5434 5438 5439
f 5438 5442 5443
f 5438 5444 5445
f 4503 4502 5446
f 4504 5447 4505
f 4501 5437 5448
f 5446 5437 5449
f 5451 5446 5450
f 5452 4506 4505
f 4507 4506 5452
f 5453 4509 5452
f 5454 5452 4505
f 5456 4505 5447
f 4505 5456 5455
f 5446 5451 5457
f 5452 5454 5453
f 5458 5454 5456
f 5454 5460 5453
f 5458 5451 5450
f 5458 5456 5451
f 5458 5449 5462
f 5460 5454 5458
f 5464 5460 5458
f 5458 5463 5465
f 5458 5465 5464
f 5468 5462 5469
f 5461 5468 5472
f 5472 5465 5463
f 5471 5473 5465
f 5465 5474 5464
f 5466 5476 5474
f 5472 5478 5473
f 5473 5477 5466
f 5439 5480 5437
f 5436 5480 5449
f 5439 5438 5445
f 5445 5480 5439
f 5480 5445 5481
f 5469 5450 5480
f 5469 5480 5481
f 5469 5481 5467
f 5462 5450 5470
f 5472 5468 5478
f 5384 5433 5432
f 5384 5432 5318
f 5384 5485 5433
f 5487 5431 5433
f 5431 5487 5440
f 5489 5440 5486
f 5384 5382 5386
f 5389 5384 5386
f 5485 5384 5388
f 5490 5485 5389
f 5485 5486 5433
f 5484 5488 5486
f 5491 5489 5485
f 5492 5493 5489
f 5496 5491 5485
f 5440 5489 5442
f 5494 5442 5489
f 5498 5442 5494
f 5494 5491 5498
f 5500 5442 5498
f 5442 5499 5444
f 5444 5501 5503
f 5500 5501 5443
f 5389 5404 5490
f 5504 5490 5403
f 5496 5485 5490
f 5490 5504 5496
f 5504 5505 5495
f 5491 5496 5506
f 5410 5504 5403
f 5504 5410 5505
f 5409 5507 5410
f 5510 5496 5505
f 5510 5505 5512
f 5515 5505 5410
f 5515 5513 5505
f 5506 5498 5492
f 5516 5498 5506
f 5517 5499 5498
f 5516 5517 5497
f 5509 5506 5496
f 5510 5516 5506
f 5517 5501 5500
f 5518 5517 5516
f 5517 5518 5520
f 5518 5516 5509
f 5522 5519 5511
f 5519 5522 5524
f 5521 5519 5525
f 5512 5522 5511
f 5527 5473 5479
f 5478 5528 5527
f 5502 5445 5444
f 5530 5483 5445
f 5483 5532 5468
f 5482 5530 5532
f 5445 5533 5530
f 5530 5533 5531
f 5502 5533 5445
f 5535 5533 5503
f 5503 5501 5534
f 5536 5532 5533
f 5536 5538 5532
f 5535 5536 5533
f 5538 5479 5468
f 5468 5531 5538
f 5538 5539 5479
f 5529 5478 5539
f 5539 5538 5536
f 5539 5540 5529
f 5517 5534 5501
f 5520 5534 5517
f 5534 5521 5541
f 5542 5541 5521
f 5541 5544 5534
f 5544 5536 5534
f 5541 5543 5544
f 5543 5547 5544
f 5549 5543 5520
f 5551 5549 5520
f 5550 5553 5548
f 5554 5542 5548
f 5554 5547 5543
f 5549 5552 5554
f 5554 5555 5547
f 5537 5544 5539
f 5539 5545 5557
f 5539 5557 5558
f 5539 5558 5540
f 5556 5560 5558
f 5561 5558 5560
f 5547 5557 5544
f 5557 5546 5559
f 5547 5562 5559
f 5562 5547 5563
f 5562 5561 5559
f 5278 5337 5263
f 5339 5337 5278
f 5339 5278 5564
f 5564 5278 5567
f 5568 5334 5339
f 5564 5568 5338
f 5568 5342 5334
f 5340 5568 5569
f 5342 5569 5345
f 5568 5564 5570
f 5277 5565 5278
f 5572 5567 5276
f 5276 5283 5572
f 5573 5565 5572
f 5575 5573 5572
f 5574 5564 5566
f 5569 5564 5573
f 5578 5570 5573
f 5575 5578 5573
f 5577 5575 5579
f 5582 5583 5570
f 5584 5582 5571
f 5570 5578 5584
f 5585 5584 5577
f 5579 5585 5578
f 5289 5586 5287
f 5587 5572 5283
f 5587 5576 5572
f 5580 5575 5588
f 5283 5287 5590
f 5590 5587 5283
f 5586 5590 5287
f 5587 5586 5575
f 5590 5586 5587
f 5588 5575 5591
f 5589 5591 5593
f 5591 5576 5586
f 5585 5581 5588
f 5596 5585 5588
f 5596 5588 5593
f 5583 5364 5346
f 5583 5345 5571
f 5597 5583 5582
f 5597 5364 5583
f 5598 5398 5364
f 5598 5364 5597
f 5398 5366 5364
f 5584 5585 5582
f 5597 5599 5598
f 5582 5599 5597
f 5602 5582 5585
f 5602 5600 5582
f 5598 5603 5398
f 5600 5603 5598
f 5604 5602 5585
f 5605 5600 5602
f 5608 5605 5602
f 5604 5585 5595
f 5610 5594 5593
f 5608 5604 5594
f 5608 5602 5604
f 5596 5610 5608
f 5607 5609 5611
f 5611 5614 5608
f 5398 5368 5366
f 5398 5603 5370
f 5603 5616 5369
f 5617 5603 5618
f 5616 5395 5370
f 5620 5621 5616
f 5603 5624 5618
f 5624 5603 5600
f 5616 5618 5619
f 5619 5618 5624
f 5620 5625 5626
f 5622 5397 5617
f 5623 5405 5397
f 5626 5405 5621
f 5626 5406 5405
f 5412 5507 5408
f 5406 5627 5413
f 5627 5507 5412
f 5626 5621 5620
f 5628 5406 5626
f 5605 5624 5601
f 5614 5624 5606
f 5629 5624 5613
f 5629 5619 5624
f 5629 5625 5620
f 5608 5614 5605
f 5630 5613 5611
f 5631 5629 5615
f 5614 5630 5631
f 5631 5633 5629
f 5633 5634 5629
f 5635 5625 5629
f 5637 5625 5635
f 5634 5632 5637
f 5638 5636 5633
f 5639 5626 5625
f 5640 5627 5626
f 5641 5627 5640
f 5625 5641 5640
f 5644 5645 5641
f 5646 5642 5625
f 5647 5644 5641
f 5637 5646 5625
f 5647 5646 5637
f 5647 5641 5646
f 5293 5649 5289
f 5649 5586 5289
f 5649 5293 5297
f 5650 5652 5649
f 5298 5650 5649
f 5298 5648 5297
f 5586 5649 5652
f 5652 5653 5586
f 5653 5591 5586
f 5653 5592 5591
f 5652 5650 5654
f 5654 5653 5651
f 5655 5657 5653
f 5658 5592 5653
f 5658 5659 5592
f 5658 5653 5657
f 5660 5659 5658
f 5660 5658 5656
f 5299 5303 5661
f 5661 5650 5298
f 5662 5650 5661
f 5664 5303 5304
f 5661 5303 5664
f 5661 5664 5662
f 5666 5664 5304
f 5662 5664 5667
f 5667 5669 5662
f 5663 5670 5650
f 5670 5654 5650
f 5672 5654 5671
f 5657 5654 5672
f 5670 5663 5672
f 5669 5673 5662
f 5673 5672 5663
f 5672 5674 5657
f 5674 5675 5657
f 5660 5657 5675
f 5677 5660 5675
f 5678 5675 5674
f 5678 5676 5675
f 5673 5674 5672
f 5681 5674 5673
f 5683 5681 5673
f 5681 5678 5674
f 5678 5685 5676
f 5687 5678 5680
f 5679 5686 5684
f 5689 5685 5686
f 5659 5609 5593
f 5611 5610 5659
f 5690 5612 5659
f 5660 5690 5659
f 5693 5690 5660
f 5693 5660 5696
f 5694 5660 5676
f 5630 5611 5690
f 5630 5697 5631
f 5638 5632 5631
f 5697 5638 5631
f 5693 5630 5690
f 5630 5691 5697
f 5697 5693 5699
f 5700 5638 5697
f 5700 5701 5638
f 5698 5700 5697
f 5703 5701 5700
f 5704 5700 5698
f 5702 5700 5704
f 5638 5701 5706
f 5702 5707 5701
f 5706 5709 5638
f 5705 5710 5709
f 5709 5710 5712
f 5714 5637 5638
f 5709 5713 5638
f 5713 5647 5637
f 5647 5713 5715
f 5713 5709 5716
f 5718 5715 5709
f 5717 5709 5712
f 5719 5692 5695
f 5720 5699 5693
f 5684 5695 5676
f 5720 5695 5684
f 5699 5719 5721
f 5721 5704 5698
f 5723 5704 5722
f 5723 5724 5704
f 5685 5688 5720
f 5725 5720 5688
f 5725 5726 5720
f 5728 5726 5725
f 5729 5721 5719
f 5729 5723 5721
f 5726 5729 5719
f 5704 5724 5703
f 5724 5708 5703
f 5710 5708 5724
f 5723 5710 5724
f 5712 5710 5731
f 5732 5731 5710
f 5733 5710 5723
f 5729 5733 5723
f 5734 5729 5735
f 5710 5734 5732
f 5734 5738 5732
f 5732 5738 5741
f 5507 5514 5410
f 5742 5513 5514
f 5514 5508 5744
f 5515 5743 5742
f 5645 5508 5628
f 5641 5645 5628
f 5745 5507 5645
f 5508 5747 5743
f 5746 5747 5508
f 5551 5520 5526
f 5742 5522 5512
f 5748 5742 5749
f 5523 5742 5524
f 5748 5526 5742
f 5551 5524 5748
f 5748 5750 5551
f 5753 5551 5750
f 5749 5743 5754
f 5754 5743 5755
f 5754 5750 5749
f 5742 5744 5749
f 5750 5748 5749
f 5758 5759 5750
f 5754 5757 5750
f 5645 5643 5745
f 5643 5760 5745
f 5747 5745 5760
f 5760 5761 5747
f 5747 5755 5744
f 5756 5747 5761
f 5755 5761 5763
f 5764 5643 5647
f 5715 5764 5647
f 5766 5764 5716
f 5760 5644 5764
f 5767 5760 5764
f 5761 5760 5768
f 5764 5766 5767
f 5760 5767 5768
f 5756 5763 5754
f 5758 5754 5770
f 5768 5763 5761
f 5754 5763 5771
f 5767 5772 5768
f 5772 5762 5768
f 5763 5772 5771
f 5769 5754 5771
f 5773 5769 5771
f 5751 5552 5551
f 5776 5552 5752
f 5555 5554 5552
f 5777 5555 5552
f 5779 5555 5778
f 5776 5781 5780
f 5759 5753 5750
f 5776 5753 5759
f 5759 5781 5776
f 5780 5547 5555
f 5547 5779 5563
f 5783 5563 5779
f 5784 5786 5561
f 5783 5562 5563
f 5784 5562 5783
f 5784 5561 5562
f 5788 5784 5783
f 5788 5783 5779
f 5789 5786 5784
f 5791 5789 5784
f 5781 5792 5779
f 5793 5788 5779
f 5791 5788 5793
f 5790 5785 5788
f 5794 5791 5793
f 5796 5781 5773
f 5799 5781 5796
f 5770 5759 5758
f 5759 5769 5782
f 5774 5800 5797
f 5801 5800 5775
f 5773 5781 5769
f 5799 5793 5781
f 5802 5794 5799
f 5795 5793 5799
f 5798 5803 5799
f 5800 5803 5796
f 5804 5803 5800
f 5803 5804 5805
f 5806 5802 5805
f 5802 5809 5795
f 5802 5807 5808
f 5803 5802 5799
f 5805 5802 5803
f 5717 5810 5716
f 5810 5766 5715
f 5812 5767 5765
f 5813 5766 5810
f 5814 5810 5717
f 5814 5717 5712
f 5810 5814 5815
f 5816 5814 5711
f 5814 5816 5815
f 5815 5816 5813
f 5813 5810 5815
f 5765 5813 5811
f 5812 5813 5817
f 5816 5817 5813
f 5772 5767 5812
f 5818 5772 5812
f 5820 5771 5772
f 5772 5819 5820
f 5821 5822 5771
f 5771 5823 5824
f 5826 5822 5821
f 5826 5824 5822
f 5817 5819 5811
f 5817 5827 5819
f 5821 5819 5829
f 5829 5819 5827
f 5828 5832 5829
f 5833 5831 5828
f 5830 5826 5820
f 5829 5832 5826
f 5832 5825 5826
f 5816 5712 5834
f 5835 5712 5731
f 5835 5834 5712
f 5834 5817 5816
f 5835 5817 5834
f 5740 5730 5732
f 5741 5835 5731
f 5835 5740 5836
f 5835 5838 5840
f 5842 5817 5840
f 5835 5839 5817
f 5841 5844 5817
f 5844 5841 5845
f 5843 5828 5817
f 5846 5827 5843
f 5847 5843 5845
f 5840 5845 5841
f 5840 5849 5845
f 5849 5850 5845
f 5846 5845 5851
f 5851 5845 5850
f 5804 5800 5801
f 5852 5801 5855
f 5853 5858 5801
f 5771 5825 5773
f 5801 5774 5825
f 5854 5801 5824
f 5855 5832 5833
f 5852 5854 5833
f 5861 5858 5853
f 5859 5853 5863
f 5862 5853 5833
f 5824 5832 5855
f 5865 5861 5862
f 5866 5805 5804
f 5857 5804 5801
f 5858 5866 5804
f 5866 5807 5805
f 5807 5866 5857
f 5807 5856 5867
f 5867 5869 5807
f 5858 5861 5870
f 5871 5867 5856
f 5847 5833 5827
f 5833 5847 5872
f 5833 5872 5864
f 5864 5872 5873
f 5862 5833 5865
f 5846 5851 5872
f 5851 5874 5872
f 5875 5873 5872
f 5875 5872 5874
f 5878 5870 5861
f 5880 5879 5861
f 5881 5865 5873
f 5864 5881 5860
f 5879 5867 5870
f 5878 5883 5867
f 5883 5877 5884
f 5879 5886 5884
f 5876 5881 5873
f 5886 5878 5881
f 5889 5887 5881
f 5875 5888 5881
f 5890 5884 5886
f 3788 3789 3787
f 4040 4013 4014
f 1288 1285 1302
f 4014 4080 4038
f 4108 4038 4080
f 4038 4108 4065
f 4079 4111 4108
f 4040 4065 4044
f 5891 1271 1270
f 1271 5892 5187
f 1281 5892 1270
f 5186 4531 1271
f 1281 5893 5891
f 5893 1281 5898
f 5894 5897 5899
f 5892 5894 5187
f 1281 1288 5900
f 1287 1281 1280
f 5896 1281 5900
f 1303 5901 1288
f 5895 5900 5899
f 5894 4066 5187
f 5894 4068 4066
f 5894 5899 4076
f 4068 5894 4076
f 5903 4076 5899
f 4125 4076 5903
f 4075 4076 4124
f 5904 5899 5901
f 5905 5907 5902
f 5906 5903 5901
f 4125 5903 5907
f 4125 5907 5909
f 5905 5900 1303
f 1302 261 5911
f 261 5912 5911
f 5911 5905 1302
f 5905 5911 5912
f 5905 5912 5913
f 5912 261 1309
f 1313 5912 1309
f 5914 1313 1312
f 5915 5917 1313
f 1313 5916 5912
f 5918 5916 5915
f 5919 5905 5913
f 5920 5921 5905
f 5919 5920 5905
f 5913 5912 5919
f 5919 5912 5917
f 5919 5917 5923
f 5920 5919 5924
f 5924 5919 5923
f 5922 5917 5918
f 5905 5921 5907
f 5906 5921 5920
f 5920 5926 5907
f 4077 4088 4079
f 4077 4084 4088
f 4080 4087 4105
f 4077 4092 4084
f 4082 4092 4091
f 4110 4081 4102
f 4098 4104 4099
f 4103 4096 4109
f 4071 4075 5927
f 4130 5927 4075
f 4126 5928 4132
f 5928 4130 4132
f 4129 5928 5930
f 5930 5929 5931
f 5931 5928 5932
f 5928 4128 5932
f 4127 5934 5932
f 5930 5931 5192
f 5935 5931 5932
f 5937 5924 5923
f 5939 5925 5920
f 5926 5908 5907
f 5925 5939 5909
f 5939 4125 5910
f 5940 5920 5924
f 5939 5940 4125
f 5939 5920 5940
f 5924 5942 5940
f 5940 4126 4124
f 4126 5940 5934
f 5942 5943 5940
f 5945 5940 5943
f 5945 5934 5940
f 5934 5945 5946
f 5935 5932 5934
f 5941 5924 5937
f 5943 5942 5938
f 5938 5947 5944
f 5945 5943 5947
f 5946 5945 5947
f 5950 5946 5947
f 5952 5947 5938
f 1325 1323 5955
f 5955 1323 1330
f 5955 1330 5957
f 1331 5958 5957
f 1335 5958 1331
f 1331 5957 1330
f 5918 5955 5957
f 5957 5958 5959
f 5961 5956 5960
f 5962 5961 5960
f 5918 5957 5961
f 5958 1335 5964
f 1334 1340 1341
f 5963 1335 1343
f 5964 5959 5958
f 5965 1343 5967
f 5966 1344 1345
f 1342 5965 5963
f 5968 5963 5965
f 5965 5967 5969
f 5968 5960 5963
f 5974 5965 5971
f 5974 5968 5965
f 5975 5968 5974
f 5966 1345 1350
f 5970 1349 5976
f 1348 5972 5966
f 3090 5976 1349
f 1350 1461 3090
f 5962 5968 5975
f 5968 5962 5960
f 5977 5962 5975
f 5977 5975 5974
f 5977 5978 5962
f 5977 5974 5980
f 5981 5973 5969
f 5980 5973 5983
f 5985 5981 5986
f 5987 5980 5989
f 5985 5980 5984
f 5990 5980 5985
f 5990 5985 5991
f 5991 5985 5986
f 5984 5971 5994
f 5987 5977 5980
f 5996 5962 6000
f 6003 6001 5962
f 6002 5962 5978
f 5988 5979 5977
f 6002 5978 5987
f 6002 5988 6004
f 6004 5988 5990
f 5989 6006 6005
f 5991 6006 5990
f 6008 6007 5991
f 6003 6005 6006
f 6009 6006 6011
f 6012 4169 6002
f 6006 6012 6002
f 6012 6007 6009
f 4172 6013 4168
f 4171 6012 6015
f 6012 4171 4169
f 4172 6014 6017
f 5914 1311 1326
f 5915 1326 1325
f 5954 5914 1325
f 5914 5954 5918
f 5918 6018 5923
f 5961 5996 5918
f 5997 5961 5962
f 6018 5918 5999
f 6018 5938 5923
f 6018 5952 5938
f 5951 6018 5998
f 6019 5953 5998
f 6020 5952 6019
f 5952 6021 6022
f 6023 6019 5996
f 6023 5998 6024
f 6023 6020 6019
f 6023 6025 6021
f 6022 5947 5952
f 6002 5999 6001
f 5999 6002 6024
f 6024 6003 4169
f 6024 6026 6023
f 4169 6026 6024
f 6013 4169 4168
f 5199 5192 5931
f 6027 6030 5199
f 5949 5935 5934
f 5946 5948 5933
f 6031 6032 5936
f 6033 6034 6036
f 5199 5931 5935
f 6033 5199 5935
f 6028 5198 6035
f 6036 5199 6032
f 5950 6031 5935
f 6033 6031 6039
f 6034 6033 6038
f 6039 6031 6041
f 6040 6031 5948
f 6042 6038 6040
f 6044 6035 6034
f 6036 6029 6028
f 6029 6036 6044
f 6029 6044 6045
f 6044 6034 6047
f 6043 6034 6037
f 6042 6047 6034
f 6048 6047 6043
f 6044 6047 6046
f 5950 5947 6040
f 6048 6041 6049
f 5947 6050 6041
f 5947 6051 6050
f 6049 6040 6052
f 6053 6041 6050
f 6054 6052 6050
f 6050 6051 6054
f 6055 6052 6057
f 6052 6054 6056
f 6058 6060 6054
f 6048 6043 6041
f 6052 6062 6048
f 6052 6048 6049
f 6048 6063 6047
f 6062 6063 6048
f 6055 6062 6053
f 6063 6045 6047
f 6065 6045 6063
f 6046 6065 6066
f 6064 6068 6066
f 6054 6060 6057
f 6056 6061 6070
f 6063 6062 6055
f 6063 6055 6071
f 6071 6055 6056
f 6071 6056 6072
f 6064 6063 6071
f 6070 4286 6057
f 4286 6072 6056
f 6068 6071 6072
f 6071 6069 6064
f 6073 6069 6072
f 6073 6072 6075
f 6072 4286 4205
f 6075 6072 4205
f 4180 4188 3865
f 6068 6073 6075
f 6075 4205 4207
f 4209 6075 4207
f 4207 4211 4209
f 6077 6013 6078
f 6078 6013 4171
f 6020 6025 6022
f 6079 6022 6025
f 6080 6023 6026
f 6079 6025 6080
f 6080 6025 6023
f 6080 6081 6079
f 6080 6082 6081
f 6081 6082 4291
f 5947 6022 6051
f 6058 6051 6022
f 4276 6058 6022
f 6058 6054 6051
f 4276 6061 6058
f 4276 4274 6059
f 4276 6022 4278
f 6079 4277 6022
f 6070 6061 4275
f 6070 4274 6084
f 4274 4284 6083
f 4282 4279 6079
f 4278 4283 4274
f 4281 4304 4284
f 6084 4286 6070
f 4303 6084 4284
f 4280 4289 4304
f 4304 4289 6085
f 4206 4286 6084
f 4303 4206 6084
f 4282 6079 6081
f 4289 4281 6081
f 4290 4289 6081
f 6085 4289 4288
f 6013 6026 4169
f 6077 6026 6013
f 6076 6086 6026
f 6026 6082 6080
f 4291 6026 4313
f 6026 4291 6082
f 6086 4313 6026
f 4313 6086 6088
f 6077 6090 6088
f 6076 6078 6093
f 6088 6086 6077
f 6094 6087 6091
f 4302 4304 6085
f 6097 4302 6085
f 4305 4302 6096
f 6085 4288 6099
f 4287 4291 6098
f 6098 4291 4312
f 6097 6085 6098
f 4312 6100 6098
f 6096 4309 4305
f 5416 4308 4309
f 6102 4309 6104
f 6102 5419 4309
f 6096 6098 6104
f 6104 6098 6100
f 6096 6104 4309
f 6100 6102 6104
f 6105 6103 6101
f 6107 6105 6101
f 6108 4315 4314
f 6109 6089 4320
f 6089 6095 4320
f 6088 6108 4313
f 4320 4316 6109
f 6111 4320 6112
f 6113 4318 4320
f 6113 4320 6111
f 6115 6111 6117
f 6111 6118 6117
f 6121 6110 6115
f 6114 6111 6121
f 6122 6116 6117
f 6115 6123 6121
f 6124 6121 6123
f 6124 6113 6121
f 4317 6100 4312
f 6114 6101 4319
f 6125 6107 6101
f 6125 6101 6114
f 6114 6127 6126
f 6128 6113 6124
f 6127 6113 6128
f 4295 4460 4300
f 6130 6103 6106
f 6130 6105 6107
f 6133 6103 6130
f 5421 6133 6134
f 6131 6134 6133
f 4457 4478 4456
f 4457 4476 4478
f 6137 6107 6125
f 6125 6127 6139
f 6125 6138 6136
f 6138 6141 6143
f 6132 6107 6137
f 6145 6132 6136
f 6134 6130 6145
f 6145 6136 6144
f 6144 6136 6138
f 6128 6138 6127
f 6146 6141 6128
f 6138 6129 6141
f 6128 6124 6147
f 6123 6147 6124
f 6148 6141 6147
f 6148 6146 6149
f 6140 6148 6143
f 6150 6152 6148
f 6151 6148 6149
f 6154 6145 6143
f 6154 6143 6155
f 6156 6142 6148
f 6152 6157 6148
f 6153 6150 6158
f 4530 1271 4531
f 1633 1635 1467
f 1465 1633 1467
f 6159 1467 4530
f 1467 1635 4528
f 4534 4070 4073
f 4536 4535 6161
f 4537 6163 4530
f 4528 4532 4536
f 4536 6161 6165
f 4534 6166 6161
f 6160 1464 1467
f 6159 4530 6163
f 1472 1463 6159
f 6159 6168 1474
f 6169 6170 6171
f 6171 6170 6175
f 6176 6162 4536
f 6159 6164 6176
f 6165 6176 4537
f 6165 6175 6176
f 6177 6174 6170
f 6167 6159 6176
f 6169 6168 6176
f 6169 6176 6170
f 6178 4073 5927
f 4073 6166 4534
f 6181 6166 4073
f 4073 6178 6181
f 6166 6181 6183
f 6161 6166 6185
f 6166 6186 6185
f 6187 6184 6186
f 6189 6166 6183
f 6190 6182 6180
f 6190 6183 6181
f 6192 6183 6190
f 6193 6191 6190
f 6166 6188 6186
f 6186 6189 6196
f 6192 6188 6183
f 6189 6192 6197
f 6189 6197 6195
f 6197 6192 6199
f 6193 6199 6192
f 6174 6165 6187
f 6187 6200 6201
f 6187 6201 6173
f 6202 6172 6174
f 6165 6161 6184
f 6185 6187 6165
f 6200 6187 6186
f 6200 6196 6203
f 6204 6201 6200
f 6205 6204 6203
f 6204 6200 6203
f 6200 6186 6196
f 6196 6197 6206
f 1473 1472 6159
f 1473 6168 6209
f 1479 1473 6209
f 6167 6169 6209
f 6211 6209 6169
f 6172 6211 6169
f 6172 6213 6210
f 6214 6209 6211
f 1479 6209 6214
f 6216 6211 6213
f 6214 6211 6218
f 6213 6220 6219
f 6171 6202 6213
f 6201 6202 6174
f 6202 6201 6221
f 6221 6222 6202
f 6222 6213 6202
f 6204 6221 6201
f 6204 6223 6221
f 6204 6225 6223
f 6221 6224 6222
f 6226 6222 6223
f 6227 6226 6223
f 6231 6227 6223
f 6226 6212 6222
f 6213 6226 6220
f 6226 6233 6220
f 6226 6227 6233
f 6234 6235 6227
f 4715 6197 6199
f 6208 6197 4713
f 6198 4704 4713
f 4723 4721 4711
f 4721 4724 6237
f 4724 6239 6238
f 6196 6207 6203
f 6203 4727 6205
f 6205 4727 4725
f 6225 6204 6205
f 4725 6225 6205
f 4729 6240 4725
f 6243 6240 4729
f 6208 4727 6203
f 4713 4727 6208
f 4727 4715 6244
f 4717 6244 4716
f 4719 4728 6244
f 6244 4717 4719
f 6245 4727 4720
f 4721 6245 4719
f 6245 4721 6247
f 4729 6245 6246
f 6245 4729 4726
f 6247 4721 6238
f 6247 6238 6249
f 6249 6238 6250
f 6251 6238 6239
f 4729 6254 6243
f 6253 4729 6249
f 6248 4730 6247
f 6255 6251 6239
f 6258 6251 6259
f 6255 6260 6251
f 6257 6262 6260
f 6262 6265 6261
f 6265 6263 6266
f 6258 6248 6251
f 6267 6249 6258
f 6271 6258 6265
f 6267 6258 6270
f 6258 6261 6265
f 6273 6264 6274
f 6266 6274 6265
f 6271 6264 6273
f 6275 6273 6274
f 6231 6225 6277
f 6225 4725 6276
f 6277 4725 6241
f 6278 6276 6240
f 6228 6223 6225
f 6277 6278 6279
f 6279 6229 6277
f 6243 6253 6280
f 6278 6241 6243
f 6282 6278 6243
f 6283 6242 6281
f 6268 6253 6249
f 6281 6252 6267
f 6283 6281 6284
f 6267 6284 6280
f 6278 6282 6284
f 6279 6278 6284
f 6231 6234 6227
f 6234 6231 6285
f 6285 6230 6279
f 6235 6234 6285
f 6287 6235 6285
f 6285 6288 6287
f 6286 6279 6288
f 6288 6279 6284
f 6284 6289 6288
f 6288 6291 6287
f 6289 6294 6288
f 6292 6288 6294
f 6295 6267 6271
f 6284 6267 6296
f 6298 6271 6273
f 6299 6269 6298
f 6298 6272 6275
f 6295 6271 6300
f 6301 6300 6297
f 6302 6296 6300
f 6303 6275 6306
f 6309 6298 6275
f 6309 6275 6304
f 6309 6302 6298
f 6289 6284 6296
f 6310 6289 6296
f 6311 6295 6302
f 6294 6289 6311
f 6312 6294 6311
f 6310 6302 6313
f 6310 6314 6315
f 6313 6301 6309
f 6313 6309 6316
f 6309 6317 6316
f 6315 6314 6316
f 6316 6319 6320
f 6322 6323 6219
f 6323 6322 1490
f 6322 6217 6324
f 1488 1480 6323
f 1496 1488 6322
f 6325 6216 6220
f 6216 6325 6327
f 6327 6324 6219
f 1496 6322 6324
f 6328 1496 6324
f 6329 6328 6324
f 6330 6327 6326
f 6331 6325 6332
f 6329 6324 6327
f 6329 6327 6330
f 6326 6220 6232
f 6332 6325 6233
f 6334 6332 6233
f 6335 6333 6336
f 6336 6333 6334
f 6232 6227 6340
f 6341 6340 6227
f 6341 6227 6235
f 6342 6340 6341
f 6334 6233 6340
f 6334 6340 6342
f 6330 6332 6335
f 6345 6335 6337
f 6345 6330 6335
f 6346 6330 6345
f 6347 6346 6345
f 6348 6334 6342
f 6339 6334 6349
f 6348 6344 6350
f 6345 6338 6348
f 6347 6348 6352
f 6347 6345 6348
f 6351 6348 6350
f 1513 6328 1525
f 1494 6328 1513
f 1516 1513 1527
f 6354 6330 6346
f 6356 6328 6329
f 6357 6329 6353
f 6329 6330 6354
f 6359 6328 6356
f 1519 1517 1528
f 6361 1526 6328
f 6362 6328 6360
f 1527 6361 1529
f 6358 6356 6363
f 6365 6355 6354
f 6363 6356 6364
f 6364 6354 6346
f 6367 6365 6368
f 6347 6369 6346
f 6369 6347 6351
f 6369 6351 6370
f 6371 6346 6369
f 6372 6369 6370
f 6373 6346 6372
f 6374 6365 6346
f 6368 6366 6374
f 6374 6346 6373
f 6370 6375 6372
f 6377 6371 6375
f 6379 6377 6375
f 6371 6377 6373
f 6373 6377 6381
f 6382 6236 6287
f 6236 6382 6341
f 6383 6384 6287
f 6341 6382 6343
f 6350 6344 6382
f 6384 6382 6287
f 6350 6382 6384
f 6383 6287 6290
f 6294 6386 6291
f 6387 6383 6389
f 6389 6383 6291
f 6385 6389 6290
f 6389 6386 6390
f 6350 6384 6391
f 6392 6394 6350
f 6391 6384 6383
f 6393 6391 6383
f 6394 6383 6388
f 6370 6351 6350
f 6393 6370 6350
f 6395 6370 6393
f 6395 6393 6388
f 6399 6387 6389
f 6398 6389 6390
f 6399 6400 6387
f 6404 6401 6399
f 6386 6293 6312
f 6312 6311 6315
f 6405 6312 6315
f 6390 6386 6312
f 6390 6312 6407
f 6407 6312 6405
f 6407 6405 6408
f 6409 6407 6412
f 6315 6408 6405
f 6408 6315 6321
f 6316 6320 6315
f 6412 6407 6408
f 6413 6408 6320
f 6414 6410 6408
f 6413 6321 6317
f 6413 6317 6416
f 6418 6390 6407
f 6399 6390 6417
f 6417 6406 6409
f 6419 6417 6409
f 6409 6412 6419
f 6403 6399 6417
f 6403 6417 6420
f 6420 6417 6419
f 6419 6411 6422
f 6422 6410 6413
f 6421 6413 6415
f 6424 6419 6422
f 6395 6425 6370
f 6376 6370 6425
f 6388 6402 6397
f 6400 6428 6396
f 6400 6429 6428
f 6403 6429 6400
f 6380 6375 6425
f 6431 6380 6425
f 6396 6428 6425
f 6432 6426 6428
f 6381 6380 6431
f 6425 6432 6431
f 6432 6434 6431
f 6436 6432 6428
f 6430 6435 6427
f 6430 6438 6435
f 6433 6432 6435
f 6436 6439 6433
f 6440 6435 6438
f 6439 6435 6440
f 6403 6420 6444
f 6420 6419 6442
f 6444 6430 6403
f 6437 6429 6445
f 6446 6443 6419
f 6446 6419 6447
f 6448 6419 6424
f 6437 6445 6446
f 6450 6437 6446
f 6441 6438 6450
f 6453 6440 6450
f 6450 6446 6454
f 6454 6446 6448
f 6454 6448 6455
f 1635 1271 4529
f 4073 4072 5927
f 4129 6179 5927
f 6456 6179 4129
f 6179 6456 5930
f 6190 5930 6457
f 5930 6190 6178
f 6456 4129 5930
f 6458 5192 5190
f 6459 6190 6457
f 6193 6190 6460
f 6193 6460 5190
f 5190 6198 6194
f 6460 6457 5191
f 6457 5930 5192
f 5189 4704 5190
f 4705 6198 5191
f 6462 5193 5199
f 6029 6461 5199
f 5195 5197 6463
f 6464 5195 6463
f 5195 4724 4710
f 6466 4723 6464
f 6465 4724 5195
f 6466 6239 4724
f 6466 6468 6239
f 6466 6464 6468
f 6464 6469 6468
f 6469 6471 6468
f 5197 5193 6463
f 6462 6463 5193
f 6463 6462 6464
f 6464 6462 6469
f 6030 5211 6462
f 5210 6469 6462
f 6045 5211 6029
f 5211 6045 5212
f 6066 5212 6045
f 6472 6239 6467
f 6468 6470 6472
f 6471 6474 6472
f 6474 6475 6472
f 6475 6473 6477
f 5200 6474 6479
f 5200 6477 6474
f 6469 5211 6471
f 6474 6471 6481
f 6481 6470 5213
f 5213 6471 5211
f 6480 6482 5213
f 5213 5200 6480
f 6482 6479 6474
f 5201 5213 5204
f 5201 5200 5213
f 5208 5203 6483
f 5205 6483 5202
f 6472 6256 6239
f 6255 6472 6262
f 6262 6472 6475
f 6262 6476 6477
f 6266 6262 6478
f 6484 6477 5200
f 6266 6477 6486
f 6484 5200 5207
f 6488 6484 5207
f 6485 6487 6477
f 6488 6487 6485
f 6489 6266 6487
f 6490 6274 6266
f 6490 6275 6274
f 6492 6490 6487
f 6308 6490 6491
f 6492 6487 6488
f 6488 5207 5209
f 5204 6066 6068
f 5212 6067 5204
f 5204 6068 6494
f 6068 6074 6494
f 6496 6493 6075
f 4209 6496 6075
f 5205 6494 6499
f 6495 6498 6494
f 6498 6501 6502
f 6496 6500 6498
f 6494 5205 5204
f 5205 6498 6502
f 6503 6495 6505
f 6496 4209 6505
f 4209 4208 6505
f 4208 4308 6505
f 6506 6497 6503
f 6495 6506 6501
f 6506 6504 6505
f 5415 6505 4308
f 6506 6505 5414
f 6505 5415 5414
f 6308 6275 6490
f 6307 6492 6507
f 6308 6510 6305
f 6303 6512 6309
f 6317 6309 6512
f 6415 6318 6513
f 6514 6421 6416
f 6514 6416 6517
f 6519 6421 6514
f 6424 6421 6521
f 6524 6424 6521
f 6455 6448 6524
f 6524 6448 6423
f 6525 6454 6455
f 6488 5209 6527
f 6488 6528 6491
f 6529 6488 6527
f 6491 6528 6530
f 6507 6491 6530
f 5208 6532 5209
f 6534 6532 5208
f 6532 6527 5209
f 6527 6532 6535
f 5208 6483 6537
f 6533 5208 6537
f 6534 6537 6538
f 6538 6539 6533
f 6538 6540 6541
f 6528 6527 6535
f 6536 6532 6534
f 6539 6535 6533
f 6542 6528 6535
f 6542 6535 6543
f 6539 6543 6535
f 6539 6538 6545
f 6544 6539 6545
f 6541 6545 6538
f 6545 6541 6546
f 6502 6483 5205
f 6483 6502 6501
f 6537 6483 6548
f 6483 6500 6548
f 6548 6500 6549
f 5417 6500 6506
f 5417 6506 5414
f 5422 6549 5417
f 5417 6549 6501
f 6550 6548 6549
f 6551 6550 6549
f 6550 6551 6553
f 6551 6549 5422
f 6556 6552 5423
f 6551 6557 6554
f 6554 6557 6559
f 6561 6557 6551
f 6563 6557 6560
f 6540 6538 6537
f 6540 6537 6548
f 6564 6540 6548
f 6541 6540 6565
f 6565 6540 6564
f 6564 6548 6550
f 6564 6550 6554
f 6555 6567 6564
f 6568 6565 6564
f 6541 6565 6546
f 6547 6565 6568
f 6568 6564 6566
f 6568 6567 6570
f 6553 6559 6567
f 6559 6558 6563
f 6571 6559 6563
f 6570 6567 6559
f 6569 6559 6573
f 6571 6572 6559
f 6574 6571 6577
f 6578 6573 6571
f 6579 6308 6507
f 6531 6579 6507
f 6308 6579 6511
f 6509 6579 6582
f 6582 6530 6542
f 6582 6579 6530
f 6508 6512 6303
f 6512 6511 6582
f 6530 6529 6542
f 6581 6542 6543
f 6583 6582 6586
f 6584 6580 6543
f 6543 6545 6547
f 6587 6543 6546
f 6589 6584 6590
f 6590 6585 6543
f 6590 6543 6587
f 6318 6512 6591
f 6591 6512 6592
f 6592 6512 6582
f 6592 6582 6583
f 6592 6513 6591
f 6589 6592 6583
f 6594 6592 6588
f 6585 6589 6583
f 6595 6588 6590
f 6594 6588 6596
f 6596 6588 6595
f 6598 6596 6595
f 6587 6546 6568
f 6600 6568 6570
f 6587 6568 6600
f 6600 6570 6601
f 6573 6601 6570
f 6590 6587 6602
f 6600 6602 6587
f 6595 6590 6602
f 6602 6600 6601
f 6605 6602 6601
f 6606 6595 6602
f 6599 6595 6606
f 6605 6607 6602
f 6601 6572 6578
f 6601 6578 6603
f 6609 6605 6578
f 6611 6607 6605
f 6604 6613 6614
f 6611 6603 6614
f 5420 5419 6102
f 5421 6103 6133
f 5423 6615 6556
f 5423 5420 6615
f 6556 6615 6619
f 6556 6617 6560
f 6616 6620 6618
f 6556 6561 6551
f 6621 6624 6562
f 6560 6623 6563
f 6622 6562 6618
f 6618 6620 6622
f 6624 6622 6625
f 6616 5421 6626
f 5421 6134 6627
f 6626 6135 6145
f 6145 6154 6626
f 6628 6627 6154
f 6616 6629 6620
f 6629 6616 6626
f 6629 6626 6628
f 6622 6620 6629
f 6622 6629 6625
f 6625 6629 6628
f 6631 6625 6628
f 6628 6632 6631
f 6563 6623 6576
f 6571 6563 6576
f 6576 6624 6625
f 6635 6154 6637
f 6636 6154 6155
f 6638 6636 6157
f 6634 6628 6154
f 6632 6628 6634
f 6639 6630 6632
f 6632 6640 6639
f 6632 6634 6637
f 6640 6636 6641
f 6640 6633 6636
f 6638 6155 6153
f 6158 6638 6152
f 6642 6638 6158
f 6642 6158 6643
f 6643 6158 6150
f 6641 6638 6642
f 6636 6638 6641
f 6642 6644 6641
f 6645 6640 6641
f 6642 6646 6644
f 6640 6647 6639
f 6645 6641 6644
f 6645 6644 6649
f 6644 6646 6652
f 6652 6650 6644
f 6576 6625 6654
f 6578 6571 6575
f 6657 6575 6576
f 6654 6657 6576
f 6654 6625 6631
f 6659 6655 6631
f 6631 6639 6659
f 6657 6656 6659
f 6660 6657 6659
f 6659 6639 6647
f 6648 6640 6645
f 6647 6645 6661
f 6662 6647 6661
f 6661 6645 6650
f 6578 6575 6664
f 6609 6578 6663
f 6664 6574 6657
f 6657 6665 6663
f 6667 6663 6668
f 6609 6663 6667
f 6669 6664 6666
f 6670 6667 6669
f 6667 6672 6609
f 6669 6674 6671
f 6665 6657 6660
f 6665 6660 6675
f 6658 6675 6660
f 6668 6666 6674
f 6675 6674 6665
f 6670 6674 6676
f 6674 6675 6677
f 6677 6675 6659
f 6677 6658 6662
f 6676 6674 6677
f 6613 6604 6610
f 6679 6612 6608
f 6672 6667 6670
f 6608 6672 6680
f 6672 6670 6676
f 6614 6613 6681
f 6672 6682 6680
f 6682 6673 6676
f 6684 6676 6678
f 6682 6676 6686
f 6687 6676 6684
f 6662 6659 6647
f 6685 6662 6661
f 6677 6662 6684
f 6689 6661 6650
f 6689 6651 6690
f 6689 6692 6693
f 6684 6661 6689
f 6696 6688 6684
f 6697 6694 6684
f 6699 6684 6689
f 6699 6689 6701
f 6703 6702 6689
f 6698 6684 6699
f 6698 6699 6700
f 6319 6591 6513
f 6594 6513 6593
f 6594 6705 6513
f 6705 6416 6513
f 6515 6416 6705
f 6517 6706 6707
f 6708 6706 6594
f 6709 6707 6706
f 6709 6594 6710
f 6594 6596 6597
f 6710 6594 6597
f 6710 6597 6606
f 6709 6710 6711
f 6514 6516 6519
f 6519 6516 6707
f 6712 6518 6707
f 6713 6707 6714
f 6707 6708 6711
f 6714 6707 6711
f 6711 6710 6716
f 6711 6716 6714
f 6607 6716 6606
f 6606 6602 6607
f 6716 6710 6606
f 6718 6716 6607
f 6718 6719 6716
f 6719 6720 6716
f 6614 6722 6611
f 6718 6607 6611
f 6723 6718 6611
f 6725 6611 6721
f 6719 6717 6723
f 6726 6725 6722
f 6723 6611 6725
f 6719 6727 6720
f 6727 6719 6724
f 6724 6728 6727
f 6728 6724 6725
f 6728 6725 6729
f 6521 6421 6520
f 6521 6520 6730
f 6730 6519 6712
f 6731 6712 6715
f 6712 6524 6730
f 6712 6732 6733
f 6731 6732 6712
f 6734 6731 6714
f 6734 6714 6735
f 6732 6731 6734
f 6737 6455 6733
f 6455 6712 6733
f 6733 6732 6734
f 6740 6733 6734
f 6741 6739 6733
f 6744 6741 6733
f 6744 6733 6740
f 6746 6744 6740
f 6735 6714 6716
f 6716 6720 6736
f 6735 6720 6748
f 6749 6748 6720
f 6734 6735 6748
f 6748 6751 6734
f 6740 6734 6753
f 6755 6740 6753
f 6754 6734 6751
f 6749 6758 6748
f 6759 6748 6758
f 6751 6748 6759
f 6758 6728 6759
f 6760 6751 6759
f 6749 6720 6727
f 6727 6758 6750
f 6728 6729 6762
f 6728 6758 6727
f 6759 6728 6763
f 6759 6762 6764
f 6614 6765 6722
f 6614 6680 6765
f 6726 6721 6765
f 6765 6681 6683
f 6767 6765 6682
f 6768 6765 6767
f 6767 6682 6688
f 6767 6686 6694
f 6769 6767 6695
f 6766 6770 6768
f 6770 6766 6769
f 6771 6765 6768
f 6768 6774 6772
f 6776 6768 6770
f 6776 6770 6769
f 6774 6768 6776
f 6729 6725 6726
f 6765 6773 6726
f 6726 6778 6729
f 6774 6776 6781
f 6694 6783 6769
f 6776 6769 6783
f 6783 6694 6697
f 6784 6698 6701
f 6784 6700 6785
f 6783 6698 6784
f 6776 6783 6779
f 6788 6779 6790
f 6790 6779 6783
f 6789 6783 6784
f 6787 6790 6792
f 6793 6789 6795
f 6795 6790 6784
f 6772 6780 6797
f 6778 6773 6796
f 6799 6729 6777
f 6778 6796 6801
f 6796 6803 6800
f 6804 6761 6729
f 6804 6729 6799
f 6764 6763 6804
f 6805 6804 6799
f 6800 6798 6778
f 6775 6782 6772
f 6796 6779 6807
f 6807 6779 6787
f 6803 6796 6807
f 6809 6807 6787
f 6810 6803 6807
f 6808 6787 6792
f 6803 6808 6812
f 6812 6810 6791
f 6792 6789 6793
f 6793 6813 6791
f 6817 6814 6793
f 6819 6792 6815
f 6817 6819 6815
f 6819 6820 6824
f 6323 6214 6216
f 6215 6323 1479
f 6365 6367 6363
f 6378 6381 6377
f 6524 6522 6730
f 6525 6455 6739
f 6712 6455 6523
f 6759 6825 6760
f 6764 6825 6759
f 6772 6778 6726
f 6826 6799 6827
f 6801 6829 6799
f 6827 6800 6803
f 6802 6812 6830
f 6823 6811 6792
f 6832 6828 6803
f 6833 6802 6830
f 6812 6835 6830
f 6824 6835 6811
f 6822 6792 6819
f 6821 6836 6824
f 6824 6836 6834
f 3940 3934 3931
f 3939 6840 6841
f 3954 6839 3938
f 3968 6838 3954
f 3968 3952 3960
f 6842 6840 3966
f 6843 3968 3960
f 3971 3960 3957
f 6846 6843 3960
f 6842 3966 6844
f 3970 6847 3960
f 6847 6848 6843
f 6850 6848 6845
f 6853 3971 3973
f 3971 6855 6847
f 6854 3971 6852
f 6847 6855 6850
f 6857 6850 6854
f 6858 6852 3973
f 6858 3973 3977
f 6855 6859 6857
f 6855 6852 6859
f 6858 3980 4234
f 6858 4233 6852
f 3934 6861 3919
f 3919 6861 2171
f 6862 6863 2170
f 6864 6862 6866
f 6866 6862 3935
f 6865 3935 6867
f 6868 6865 6867
f 6867 6869 6868
f 6869 6867 6870
f 2172 6864 2174
f 2174 6863 6871
f 2180 2174 6871
f 6871 6864 6865
f 6871 6865 6868
f 6873 6871 6868
f 6872 6868 6874
f 6876 2184 2180
f 2181 6871 6875
f 6871 6872 6876
f 6877 6876 6873
f 2184 6876 2241
f 6876 6877 2241
f 6868 6869 6874
f 6870 6878 6869
f 6869 6881 6874
f 6877 6872 6874
f 6874 6880 6877
f 6869 6878 6882
f 6882 6881 6869
f 6882 6884 6881
f 6882 6878 6885
f 6886 6882 6888
f 6840 6889 6841
f 6842 6889 6837
f 6842 6890 6889
f 6867 6841 6889
f 6870 6867 6889
f 6889 6890 6870
f 6890 6891 6870
f 6890 6893 6892
f 6844 6895 6842
f 6842 6893 6890
f 6894 6893 6842
f 6895 6896 6893
f 6878 6870 6885
f 6900 6885 6892
f 6870 6891 6885
f 6882 6885 6888
f 6901 6902 6885
f 6885 6902 6888
f 6900 6901 6885
f 6900 6904 6901
f 6905 6901 6903
f 6902 6901 6905
f 6906 6902 6905
f 6892 6893 6897
f 6891 6907 6899
f 6892 6897 6907
f 6897 6909 6907
f 6908 6903 6899
f 6907 6905 6903
f 6905 6907 6910
f 6911 6905 6910
f 6907 6909 6913
f 6914 6913 6909
f 6913 6910 6907
f 6915 6910 6913
f 2247 2239 2241
f 6877 2248 2241
f 6880 6916 6877
f 6916 6880 6917
f 2248 6877 6916
f 6916 6918 2248
f 6916 6920 6919
f 6917 6920 6916
f 2248 2254 2249
f 2255 2248 6919
f 2255 6918 6921
f 2254 6920 6923
f 6879 6884 6917
f 6917 6884 6925
f 6921 6917 6928
f 6926 6928 6917
f 6882 6886 6884
f 6883 6886 6925
f 6888 6929 6886
f 6926 6886 6929
f 6931 6925 6929
f 6925 6930 6933
f 6929 6934 6931
f 6936 6934 6929
f 6927 6924 6920
f 6922 6927 6933
f 6926 6933 6927
f 6937 6939 6924
f 6938 6923 6940
f 6940 6923 6933
f 6940 6933 6941
f 6933 6932 6942
f 6944 6940 6941
f 6941 6930 6935
f 6941 6945 6943
f 6923 6946 2255
f 2254 6946 2272
f 2272 6946 2277
f 6946 6922 6939
f 6947 6946 6939
f 6939 6938 6947
f 6938 6951 6947
f 2277 6946 6948
f 6948 6953 2277
f 2278 2277 6954
f 2277 6953 6956
f 6955 2280 2278
f 6955 2277 6957
f 6958 6959 6955
f 6953 6947 6962
f 6963 6958 6952
f 6950 6962 6947
f 6964 6949 6938
f 6938 6940 6965
f 6966 6949 6964
f 6964 6940 6944
f 6967 6964 6944
f 6969 6965 6967
f 6967 6944 6973
f 6950 6966 6963
f 6906 6887 6902
f 6929 6888 6906
f 6936 6929 6906
f 6905 6974 6906
f 6975 6936 6906
f 6975 6906 6974
f 6936 6945 6935
f 6934 6945 6942
f 6975 6976 6936
f 6936 6977 6945
f 6945 6976 6979
f 6979 6976 6980
f 6905 6911 6974
f 6974 6911 6975
f 6911 6981 6975
f 6915 6912 6910
f 6911 6915 6981
f 6983 6981 6915
f 6915 6984 6983
f 6976 6975 6980
f 6980 6975 6981
f 6988 6980 6981
f 6980 6988 6989
f 6981 6982 6988
f 6990 6988 6983
f 6945 6992 6944
f 6971 6944 6992
f 6992 6945 6978
f 6993 6992 6978
f 6979 6980 6989
f 6991 6989 6987
f 6990 6995 6989
f 6996 6990 6982
f 6995 6990 6997
f 6960 6956 6962
f 6964 6968 6966
f 6998 6966 6969
f 6966 7000 6963
f 7000 6966 6998
f 6968 7005 6998
f 6967 7006 6968
f 6967 6973 7007
f 6972 6992 6993
f 7008 6972 6993
f 6978 7009 6993
f 7006 6971 7008
f 7006 7008 7012
f 7012 7008 7010
f 7006 7012 6968
f 7008 6994 7011
f 7011 6978 7013
f 7011 7013 7014
f 6978 6989 7013
f 6995 7015 6989
f 6989 7015 7013
f 7013 7015 7017
f 7016 6995 7021
f 7019 7022 7015
f 7015 7023 7017
f 7024 7022 7020
f 6894 6844 6849
f 6849 7026 6895
f 7027 6849 6851
f 7026 7028 6895
f 6897 6895 7028
f 6856 7026 6851
f 7029 7026 6856
f 6860 6852 7031
f 6859 7032 6857
f 6856 7033 7029
f 7035 7029 7033
f 7036 7026 7029
f 7028 7026 7036
f 7036 7037 7028
f 7038 7037 7036
f 7029 7040 7036
f 7035 7040 7029
f 7036 7040 7039
f 7041 7039 7040
f 6898 7028 6909
f 7028 7037 6909
f 6909 7037 7042
f 7042 7037 7043
f 6909 7042 6914
f 6914 7044 6913
f 7042 7045 6914
f 7045 7042 7049
f 7050 7042 7051
f 7046 7044 6914
f 7043 7037 7039
f 7042 7043 7051
f 7043 7052 7051
f 7056 7043 7039
f 7038 7041 7056
f 7054 7043 7056
f 7031 6852 4234
f 7032 6859 7030
f 7059 7034 7030
f 4233 4243 7030
f 7035 7033 7058
f 4248 7030 4243
f 4247 7059 7030
f 7059 4248 7062
f 7060 7040 7058
f 7040 7035 7057
f 7061 4247 4446
f 4446 4248 4261
f 7063 7041 7040
f 7064 4446 7065
f 4446 7064 7060
f 7064 7063 7060
f 7060 7063 7040
f 7066 7063 7064
f 6913 7044 6915
f 7044 6985 6915
f 6986 7044 7047
f 6986 7047 7067
f 7067 7069 6985
f 7067 7047 7048
f 7048 7051 7070
f 7067 7049 7070
f 7069 6983 6985
f 6996 6983 7069
f 7069 7071 6996
f 7071 7072 6996
f 7075 7069 7067
f 7075 7068 7070
f 7074 7070 7076
f 7075 7076 7078
f 7069 7081 7071
f 7081 7069 7075
f 7081 7074 7078
f 7082 7051 7054
f 7084 7085 7056
f 7051 7082 7070
f 7086 7082 7053
f 7055 7086 7052
f 7055 7085 7086
f 7077 7070 7082
f 7076 7082 7086
f 7079 7077 7087
f 7087 7077 7088
f 7085 7088 7086
f 7089 7077 7086
f 7085 7084 7090
f 7093 7089 7090
f 7090 7088 7085
f 7071 7094 7072
f 7094 7071 7080
f 7081 7078 7096
f 7095 7081 7096
f 7096 7078 7087
f 7087 7097 7096
f 7096 7097 7098
f 7088 7093 7087
f 7087 7093 7101
f 7090 7102 7093
f 7097 7087 7101
f 7102 7101 7093
f 7101 7105 7097
f 7106 7107 7066
f 7108 7055 7041
f 7108 7084 7056
f 7041 7063 7108
f 7108 7063 7109
f 7084 7108 7111
f 7111 7108 7110
f 7090 7084 7113
f 7114 7091 7113
f 7113 7083 7112
f 7115 7113 7111
f 7063 7066 7110
f 7111 7110 7116
f 7118 7117 7110
f 7119 7066 7107
f 7118 7110 7066
f 7103 7092 7114
f 7114 7113 7115
f 7120 7114 7115
f 7120 7103 7114
f 7120 7115 7121
f 7121 7115 7111
f 7120 7121 7122
f 7105 7101 7102
f 7124 7104 7103
f 7124 7102 7120
f 7104 7124 7125
f 7130 7125 7124
f 7131 7120 7123
f 7133 7131 7136
f 7131 7124 7120
f 7131 7130 7124
f 7133 7128 7131
f 7121 7111 7116
f 7139 7121 7117
f 7141 7116 7118
f 7123 7121 7139
f 7123 7141 7143
f 7145 7107 7146
f 7119 7107 7145
f 7140 7118 7145
f 7141 7148 7143
f 7150 7148 7138
f 7151 7139 7145
f 7137 7131 7123
f 7144 7135 7123
f 7135 7152 7133
f 7147 7137 7142
f 6995 6997 7072
f 7073 7153 6995
f 7020 6995 7153
f 7154 7072 7095
f 7155 7019 7153
f 7024 7018 7156
f 7094 7157 7153
f 7156 7153 7157
f 7157 7095 7100
f 7156 7157 7158
f 7094 7096 7100
f 7158 7157 7100
f 7100 7159 7158
f 7097 7161 7100
f 7159 7099 7162
f 7162 7164 7159
f 7165 7097 7105
f 4445 7065 4446
f 7166 7064 7065
f 4450 7065 4445
f 7168 7065 4450
f 7168 7167 7065
f 7166 7168 7169
f 7064 7106 7066
f 7166 7106 7064
f 7146 7106 7171
f 7170 7106 7167
f 7172 7171 7166
f 7169 7173 7166
f 7168 4450 4479
f 4480 7169 7168
f 7174 7146 7171
f 7175 7171 7172
f 7174 7171 7176
f 7175 7176 7171
f 7176 7179 7180
f 7181 7169 4480
f 4488 4480 4478
f 4487 7181 4479
f 7182 7181 4487
f 7183 7172 7169
f 7181 7183 7169
f 7175 7173 7183
f 7183 7181 7186
f 7179 7176 7175
f 7179 7175 7183
f 7188 7178 7183
f 7106 7146 7107
f 7145 7146 7174
f 7151 7174 7190
f 7189 7174 7180
f 7191 7189 7180
f 7151 7145 7174
f 7148 7150 7190
f 7193 7190 7191
f 7180 7174 7177
f 6959 2280 6954
f 2685 2280 6961
f 6959 6962 7194
f 7195 6962 7000
f 7197 7195 6999
f 7199 7195 7196
f 2685 6961 7200
f 7201 2688 2685
f 2685 7200 7202
f 7200 7203 7202
f 7202 2698 2688
f 2698 7202 7206
f 7206 7202 7205
f 7204 7207 7206
f 7200 6959 7195
f 7198 7200 7195
f 7200 7198 7208
f 7200 7207 7203
f 6998 7209 7002
f 6998 7003 7209
f 7197 7001 7209
f 7197 7209 7210
f 7210 7209 7004
f 7210 7198 7196
f 7003 6970 7211
f 7003 7211 7210
f 7198 7213 7207
f 7210 7215 7198
f 7214 7218 7207
f 7214 7210 7211
f 7220 7213 7211
f 2698 7206 7207
f 7207 7221 2698
f 2699 2698 7221
f 7222 7221 7207
f 2745 2699 7221
f 2704 2699 2745
f 7224 2745 7221
f 7221 7225 7224
f 7227 7223 7225
f 7222 7225 7221
f 7230 7225 7222
f 7225 7232 7226
f 7225 7228 7231
f 7218 7233 7208
f 7234 7217 7213
f 7222 7207 7233
f 7236 7222 7233
f 7233 7216 7234
f 7238 7233 7235
f 7238 7235 7239
f 7233 7237 7236
f 7239 7236 7238
f 7234 7214 7240
f 7240 7214 7219
f 7239 7235 7242
f 7242 7235 7240
f 7241 7243 7239
f 7241 7240 7245
f 7243 7242 7245
f 7236 7239 7246
f 7229 7222 7236
f 7247 7229 7236
f 7248 7236 7246
f 7248 7246 7249
f 7246 7239 7243
f 7246 7244 7249
f 7249 7243 7245
f 7245 7250 7249
f 7212 6968 7012
f 7251 7211 7012
f 7211 7251 7252
f 7254 7012 7011
f 7253 7011 7014
f 7253 7251 7012
f 7253 7014 7256
f 7253 7255 7251
f 7251 7256 7257
f 7220 7211 7252
f 7252 7251 7257
f 7259 7252 7258
f 7259 7220 7252
f 7260 7259 7257
f 7262 7259 7260
f 7014 7013 7017
f 7263 7014 7017
f 7264 7255 7014
f 7265 7256 7263
f 7022 7025 7017
f 7263 7017 7024
f 7264 7266 7265
f 7260 7258 7256
f 7268 7255 7265
f 7255 7268 7260
f 7265 7267 7271
f 7270 7269 7265
f 7245 7240 7220
f 7272 7245 7220
f 7220 7259 7261
f 7262 7272 7219
f 7272 7262 7273
f 7274 7245 7272
f 7250 7245 7275
f 7274 7272 7273
f 7278 7276 7273
f 7268 7262 7260
f 7279 7261 7268
f 7273 7262 7279
f 7269 7271 7280
f 7281 7282 7271
f 7280 7271 7282
f 7278 7273 7279
f 7284 7278 7279
f 7284 7279 7280
f 7285 7280 7282
f 7279 7268 7280
f 7280 7285 7286
f 2745 7223 7227
f 2745 7227 2748
f 7287 7227 7232
f 2748 7226 7287
f 7248 7232 7228
f 7232 7248 7287
f 2748 7287 7288
f 7287 7289 7288
f 7248 7289 7287
f 2756 2748 2760
f 2759 2748 7288
f 2758 7288 7289
f 7290 2758 7289
f 7249 7292 7248
f 7289 7248 7290
f 7247 7293 7294
f 7295 7248 7294
f 7292 7296 7294
f 7248 7295 7290
f 7297 7299 7290
f 7298 7290 7295
f 7297 7295 7300
f 7294 7302 7295
f 7302 7294 7303
f 7301 7295 7302
f 7306 2757 2760
f 2772 2757 7306
f 7306 2758 7307
f 7307 2760 7299
f 7299 2759 7291
f 7306 7307 7309
f 7307 7299 7310
f 7307 7310 7308
f 2776 2772 7306
f 7306 7309 2777
f 2777 7309 7311
f 7311 7309 7312
f 7312 7309 7310
f 7299 7297 7300
f 7299 7300 7310
f 7300 7302 7303
f 7314 7300 7304
f 7315 7310 7300
f 7315 7312 7310
f 7315 7316 7317
f 7300 7313 7315
f 7321 7316 7314
f 7316 7315 7314
f 7250 7292 7249
f 7293 7250 7296
f 7278 7250 7276
f 7322 7250 7277
f 7323 7278 7283
f 7323 7283 7324
f 7324 7284 7280
f 7324 7280 7325
f 7324 7326 7327
f 7296 7250 7322
f 7278 7323 7322
f 7303 7294 7296
f 7303 7296 7322
f 7305 7330 7332
f 7304 7322 7323
f 7331 7303 7323
f 7323 7324 7329
f 7334 7327 7325
f 7334 7326 7335
f 7328 7337 7323
f 7323 7339 7340
f 7323 7337 7339
f 7337 7327 7334
f 7341 7337 7333
f 7341 7334 7335
f 7342 7341 7335
f 7337 7341 7342
f 7314 7305 7332
f 7343 7332 7330
f 7314 7332 7343
f 7321 7313 7343
f 7331 7323 7340
f 7330 7344 7343
f 7330 7340 7344
f 7345 7340 7346
f 7321 7343 7344
f 7344 7347 7320
f 7348 7344 7350
f 7350 7345 7346
f 7351 7340 7339
f 7338 7342 7351
f 7351 7346 7340
f 7342 7339 7336
f 7351 7352 7346
f 7349 7346 7352
f 7354 7350 7352
f 7351 7356 7352
f 7357 7352 7356
f 7165 7104 7126
f 7359 7127 7130
f 7132 7152 7129
f 7360 7359 7130
f 7361 7130 7152
f 7152 7362 7361
f 7363 7149 7364
f 7365 7152 7136
f 7368 7152 7365
f 7365 7134 7148
f 7369 7367 7365
f 7148 7370 7365
f 7365 7370 7369
f 7152 7366 7362
f 7362 7366 7371
f 7371 7372 7362
f 7369 7373 7366
f 7373 7371 7366
f 7371 7376 7372
f 7376 7371 7374
f 7379 7374 7380
f 7377 7375 7378
f 7383 7377 7379
f 7383 7379 7384
f 7264 7024 7385
f 7386 7024 7156
f 7387 7263 7385
f 7386 7385 7024
f 7388 7385 7386
f 7158 7386 7156
f 7267 7264 7387
f 7388 7387 7385
f 7386 7389 7388
f 7388 7389 7387
f 7386 7390 7389
f 7389 7390 7392
f 7393 7267 7387
f 7270 7267 7281
f 7281 7266 7393
f 7393 7387 7389
f 7395 7393 7389
f 7396 7158 7160
f 7396 7159 7164
f 7396 7386 7158
f 7164 7163 7097
f 7164 7097 7165
f 7390 7386 7396
f 7396 7397 7390
f 7164 7397 7396
f 7397 7164 7399
f 7390 7398 7400
f 7400 7397 7402
f 7402 7397 7399
f 7402 7399 7404
f 7405 7399 7407
f 7281 7393 7394
f 7395 7282 7281
f 7391 7409 7389
f 7282 7395 7389
f 7389 7410 7282
f 7411 7389 7409
f 7409 7412 7410
f 7285 7282 7413
f 7413 7282 7411
f 7413 7411 7412
f 7286 7285 7413
f 7416 7286 7413
f 7400 7392 7390
f 7401 7417 7392
f 7402 7418 7400
f 7420 7419 7402
f 7421 7420 7402
f 7409 7392 7418
f 7409 7419 7420
f 7412 7409 7420
f 7414 7412 7422
f 7422 7412 7423
f 7424 7420 7421
f 7424 7412 7420
f 7423 7412 7424
f 7425 7424 7421
f 7359 7165 7127
f 7164 7165 7359
f 7427 7164 7359
f 7399 7164 7408
f 7408 7164 7427
f 7408 7427 7428
f 7407 7428 7430
f 7429 7434 7431
f 7361 7427 7359
f 7427 7361 7434
f 7362 7435 7361
f 7435 7428 7427
f 7436 7435 7362
f 7372 7436 7362
f 7432 7406 7408
f 7406 7433 7421
f 7421 7402 7403
f 7437 7421 7430
f 7430 7434 7436
f 7439 7436 7372
f 7440 7430 7436
f 7442 7441 7436
f 7439 7443 7436
f 7443 7442 7436
f 7437 7431 7440
f 7425 7421 7437
f 7425 7437 7445
f 7437 7440 7442
f 7446 7437 7442
f 7445 7438 7446
f 7446 7447 7445
f 7424 7425 7448
f 7449 7443 7439
f 7449 7439 7372
f 7449 7446 7443
f 7383 7449 7372
f 7446 7449 7447
f 7451 7447 7449
f 7383 7451 7449
f 7446 7442 7443
f 7372 7376 7383
f 7452 7383 7384
f 7454 7384 7455
f 7280 7286 7325
f 7415 7413 7458
f 7286 7416 7460
f 7459 7416 7458
f 7335 7325 7286
f 7459 7458 7464
f 7466 7286 7460
f 7457 7413 7422
f 7458 7422 7423
f 7467 7456 7423
f 7469 7423 7424
f 7469 7471 7423
f 7448 7469 7424
f 7469 7448 7472
f 7474 7423 7471
f 7470 7469 7472
f 7463 7458 7468
f 7461 7475 7460
f 7468 7475 7462
f 7468 7423 7473
f 7476 7468 7477
f 7468 7473 7477
f 7476 7477 7478
f 7475 7468 7476
f 7475 7476 7479
f 7476 7478 7479
f 7479 7478 7480
f 7466 7335 7286
f 7342 7335 7481
f 7465 7482 7481
f 7460 7475 7466
f 7335 7466 7481
f 7351 7342 7481
f 7481 7356 7351
f 7482 7466 7475
f 7483 7481 7482
f 7356 7481 7484
f 7485 7486 7356
f 7488 7358 7356
f 7490 7487 7483
f 7483 7482 7489
f 7492 7482 7475
f 7479 7492 7475
f 7482 7492 7493
f 7493 7491 7479
f 7494 7493 7479
f 7494 7496 7493
f 7479 7480 7498
f 7479 7498 7495
f 7451 7445 7447
f 7499 7445 7501
f 7501 7444 7450
f 7425 7502 7448
f 7472 7448 7504
f 7506 7502 7426
f 7445 7505 7425
f 7470 7472 7502
f 7503 7505 7500
f 7445 7499 7506
f 7470 7507 7473
f 7502 7500 7507
f 7507 7471 7502
f 7477 7507 7499
f 7477 7474 7507
f 7499 7501 7508
f 7452 7509 7451
f 7510 7451 7509
f 7501 7451 7511
f 7453 7451 7383
f 7452 7384 7454
f 7509 7452 7513
f 7515 7509 7516
f 7515 7512 7509
f 7512 7514 7501
f 7508 7501 7517
f 7517 7501 7515
f 7516 7517 7515
f 7517 7516 7518
f 7521 7513 7453
f 7513 7519 7523
f 7524 7513 7522
f 7516 7509 7513
f 7516 7513 7524
f 7518 7516 7524
f 7499 7525 7477
f 7528 7478 7477
f 7499 7529 7525
f 7529 7499 7508
f 7525 7529 7530
f 7531 7525 7530
f 7527 7477 7525
f 7528 7526 7531
f 7480 7478 7528
f 7480 7527 7531
f 7533 7531 7530
f 7531 7534 7480
f 7534 7531 7532
f 7517 7536 7508
f 7536 7517 7518
f 7529 7508 7536
f 7529 7536 7537
f 7536 7518 7539
f 7539 7518 7524
f 7537 7536 7539
f 7540 7537 7539
f 7540 7539 7523
f 7524 7523 7539
f 7541 7538 7540
f 7542 7544 7540
f 7541 7540 7543
f 7532 7529 7537
f 7532 7530 7529
f 7546 7533 7537
f 7546 7537 7541
f 2775 2777 7311
f 2905 2775 7311
f 7547 2905 7311
f 7311 7312 7547
f 7312 7548 7547
f 2908 2905 7550
f 2905 7547 7550
f 7551 2908 7550
f 7552 7550 7547
f 7312 7315 7549
f 7315 7319 7548
f 7316 7554 7318
f 7556 7547 7548
f 7318 7556 7548
f 7319 7557 7556
f 7547 7556 7552
f 7557 7319 7555
f 7555 7560 7557
f 7557 7558 7562
f 7562 7556 7557
f 2921 2908 7551
f 2921 7551 7564
f 7551 7550 7552
f 7565 7551 7553
f 7565 7564 7551
f 2921 7563 2919
f 7564 7569 2919
f 7569 7564 7566
f 7565 7571 7569
f 7565 7552 7572
f 7570 7567 7572
f 7568 7574 2920
f 7574 7569 7571
f 2969 2919 7575
f 7574 7570 7576
f 7576 7570 7578
f 7553 7556 7572
f 7562 7579 7572
f 7556 7562 7573
f 7558 7582 7562
f 7561 7580 7579
f 7559 7583 7581
f 7570 7573 7579
f 7570 7579 7585
f 7570 7585 7577
f 7585 7587 7578
f 7579 7580 7588
f 7589 7585 7579
f 7591 7588 7580
f 7581 7584 7591
f 7588 7591 7585
f 7583 7592 7590
f 7585 7591 7593
f 7321 7555 7316
f 7347 7594 7321
f 7321 7594 7555
f 7594 7348 7595
f 7599 7600 7594
f 7596 7598 7594
f 7560 7554 7601
f 7594 7602 7554
f 7555 7602 7601
f 7604 7560 7601
f 7594 7600 7602
f 7601 7602 7605
f 7600 7605 7602
f 7595 7348 7350
f 7355 7596 7350
f 7354 7353 7606
f 7607 7354 7606
f 7608 7607 7606
f 7611 7608 7606
f 7355 7599 7596
f 7599 7354 7607
f 7613 7597 7607
f 7605 7600 7599
f 7614 7605 7597
f 7614 7598 7613
f 7613 7607 7608
f 7584 7559 7603
f 7601 7615 7603
f 7583 7604 7615
f 7601 7605 7616
f 7616 7605 7614
f 7601 7616 7615
f 7592 7583 7615
f 7592 7615 7617
f 7617 7615 7616
f 7618 7616 7614
f 7614 7613 7608
f 7619 7618 7614
f 7614 7608 7619
f 7620 7616 7618
f 7621 7616 7620
f 7620 7618 7619
f 7620 7619 7622
f 7574 7625 2969
f 2969 7625 7626
f 7625 7574 7576
f 7624 7576 7577
f 7628 7625 7586
f 2970 2969 7626
f 2974 2970 7626
f 7626 7624 7628
f 7587 7629 7628
f 7625 7578 7586
f 7585 7630 7587
f 7587 7630 7631
f 7630 7585 7592
f 7630 7592 7617
f 7632 7630 7617
f 7634 7632 7617
f 7631 7630 7632
f 7617 7616 7635
f 7616 7621 7635
f 7635 7634 7617
f 7634 7635 7637
f 7638 7621 7620
f 7639 7620 7640
f 7622 7640 7620
f 7638 7641 7621
f 7638 7640 7641
f 7635 7621 7637
f 7637 7621 7642
f 7642 7621 7643
f 7643 7621 7641
f 7644 7643 7641
f 7643 7645 7642
f 7647 7643 7644
f 7650 7643 7648
f 7650 7646 7643
f 7358 7606 7352
f 7358 7486 7651
f 7651 7606 7358
f 7606 7651 7612
f 7482 7493 7489
f 7651 7487 7489
f 7653 7652 7489
f 7653 7489 7493
f 7651 7655 7609
f 7654 7651 7653
f 7658 7656 7653
f 7657 7659 7609
f 7657 7658 7659
f 7658 7661 7660
f 7660 7608 7610
f 7493 7497 7653
f 7653 7496 7662
f 7498 7496 7495
f 7663 7658 7653
f 7664 7658 7663
f 7663 7666 7665
f 7663 7496 7667
f 7668 7496 7669
f 7662 7668 7666
f 7658 7665 7661
f 7673 7661 7664
f 7608 7659 7674
f 7619 7608 7674
f 7622 7619 7674
f 7675 7660 7661
f 7674 7659 7675
f 7672 7675 7661
f 7675 7676 7674
f 7640 7622 7676
f 7623 7674 7676
f 7675 7671 7677
f 7677 7670 7678
f 7676 7675 7677
f 7666 7681 7664
f 7666 7667 7683
f 7666 7684 7681
f 7671 7665 7681
f 7679 7670 7680
f 7686 7681 7685
f 7679 7681 7687
f 7688 7690 7686
f 7677 7678 7692
f 7535 7532 7694
f 7695 7534 7694
f 7695 7480 7534
f 7696 7480 7695
f 7697 7696 7700
f 7693 7702 7695
f 7696 7695 7702
f 7702 7700 7696
f 7703 7698 7701
f 7704 7541 7545
f 7705 7694 7532
f 7705 7532 7546
f 7705 7546 7541
f 7541 7704 7705
f 7706 7705 7704
f 7708 7702 7694
f 7710 7700 7702
f 7703 7700 7711
f 7710 7702 7708
f 7705 7706 7694
f 7708 7693 7706
f 7706 7712 7707
f 7708 7712 7713
f 7714 7708 7713
f 7708 7714 7710
f 7717 7718 7703
f 7709 7721 7703
f 7717 7703 7721
f 7720 7711 7714
f 7722 7716 7720
f 7720 7723 7722
f 7714 7725 7720
f 7724 7720 7725
f 7669 7496 7498
f 7696 7498 7480
f 7669 7498 7696
f 7699 7669 7696
f 7667 7669 7697
f 7682 7667 7699
f 7726 7682 7699
f 7726 7698 7703
f 7728 7683 7726
f 7666 7682 7728
f 7728 7684 7666
f 7718 7726 7703
f 7688 7728 7727
f 7719 7689 7726
f 7730 7689 7719
f 7728 7689 7684
f 7687 7684 7688
f 7689 7729 7690
f 7715 7730 7718
f 7640 7676 7731
f 7734 7640 7732
f 7676 7677 7692
f 7733 7676 7692
f 7641 7640 7734
f 7641 7734 7735
f 7644 7641 7736
f 7737 7736 7734
f 7739 7734 7733
f 7738 7731 7692
f 7737 7734 7738
f 7740 7679 7742
f 7743 7678 7687
f 7692 7679 7745
f 7746 7692 7744
f 7744 7678 7740
f 7749 7747 7744
f 7740 7748 7744
f 7750 7749 7741
f 7738 7692 7746
f 7738 7746 7749
f 7750 7738 7749
f 7738 7750 7752
f 7741 7753 7754
f 7754 7750 7741
f 7649 7644 7735
f 7649 7736 7737
f 7647 7737 7755
f 7650 7647 7755
f 7757 7737 7738
f 7755 7737 7757
f 7758 7755 7757
f 7761 7650 7755
f 7763 7762 7755
f 7755 7758 7766
f 7768 7763 7765
f 7766 7763 7755
f 7756 7738 7751
f 7759 7757 7769
f 7769 7757 7751
f 7751 7750 7754
f 7771 7751 7754
f 7752 7771 7770
f 7770 7773 7759
f 7773 7767 7759
f 7776 7767 7774
f 7771 7779 7770
f 7780 7774 7769
f 7781 7769 7779
f 7782 7775 7781
f 7724 7725 7784
f 7785 7724 7783
f 7787 7724 7785
f 7786 7784 7788
f 7787 7785 7788
f 7783 7789 7788
f 7791 7787 7788
f 7788 7789 7793
f 7791 7793 7794
f 7793 7792 7788
f 7796 7794 7793
f 7742 7687 7691
f 7743 7690 7799
f 7800 7691 7730
f 7715 7801 7730
f 7801 7800 7730
f 7740 7742 7753
f 7753 7743 7803
f 7799 7805 7742
f 7804 7742 7806
f 7807 7808 7801
f 7808 7807 7809
f 7806 7798 7801
f 7808 7806 7802
f 7808 7803 7805
f 7811 7801 7717
f 7811 7717 7722
f 7722 7724 7787
f 7787 7811 7722
f 7807 7801 7811
f 7807 7811 7787
f 7807 7787 7810
f 7787 7791 7809
f 7753 7771 7754
f 7753 7812 7772
f 7812 7753 7813
f 7813 7804 7808
f 7753 7804 7814
f 7808 7809 7813
f 7812 7813 7809
f 7779 7772 7812
f 7779 7812 7815
f 7792 7817 7810
f 7819 7809 7818
f 7794 7816 7791
f 7820 7818 7795
f 7812 7810 7819
f 7821 7819 7818
f 7812 7819 7822
f 7794 7823 7820
f 7823 7794 7796
f 7819 7820 7823
f 7819 7823 7824
f 7626 7628 7629
f 7587 7826 7629
f 7826 7587 7631
f 7631 7828 7826
f 2991 2971 2974
f 2991 2973 7830
f 7627 7830 2974
f 7830 7626 7629
f 7831 7829 7629
f 7831 7832 7830
f 7830 7832 2991
f 2991 7832 2994
f 2994 7832 7834
f 7834 7832 7836
f 7838 7629 7826
f 7831 7629 7838
f 7838 7826 7839
f 7839 7826 7828
f 7837 7832 7831
f 7841 7836 7831
f 7838 7841 7831
f 7841 7838 7839
f 7827 7631 7632
f 7842 7633 7634
f 7828 7632 7842
f 7637 7842 7634
f 7839 7827 7844
f 7844 7827 7842
f 7642 7842 7636
f 7642 7844 7842
f 7845 7840 7844
f 7841 7839 7845
f 7846 7841 7845
f 7845 7843 7847
f 7849 7845 7847
f 7850 7843 7642
f 7850 7847 7844
f 7850 7642 7646
f 7852 7850 7855
f 7847 7850 7851
f 7856 7853 7855
f 7850 7646 7855
f 7762 7645 7650
f 7854 7645 7760
f 7182 4487 7857
f 7181 7182 7858
f 7857 7859 7182
f 7861 7858 7863
f 7864 7183 7185
f 7188 7183 7865
f 7866 7864 7185
f 7868 7864 7866
f 7858 7184 7181
f 7867 7186 7860
f 7870 7188 7865
f 7871 7864 7868
f 7862 7866 7860
f 7867 7861 7874
f 7875 7869 7866
f 7876 7871 7869
f 7876 7867 7872
f 7877 7875 7872
f 7879 7871 7876
f 7880 7879 7881
f 7881 7878 7876
f 7881 7876 7883
f 7876 7877 7883
f 7882 7884 7881
f 7880 7881 7885
f 7884 7883 7889
f 7885 7881 7884
f 7364 7148 7190
f 7364 7189 7890
f 7192 7890 7190
f 7891 7193 7191
f 7363 7364 7890
f 7890 7192 7892
f 7894 7890 7893
f 7895 7893 7191
f 7188 7180 7179
f 7896 7191 7180
f 7188 7897 7180
f 7896 7180 7897
f 7895 7894 7893
f 7363 7890 7898
f 7898 7370 7363
f 7890 7894 7898
f 7895 7897 7894
f 7897 7899 7894
f 7370 7147 7363
f 7370 7381 7369
f 7374 7369 7382
f 7381 7370 7898
f 7897 7187 7870
f 7871 7870 7864
f 7900 7897 7870
f 7900 7870 7871
f 7879 7900 7871
f 7902 7898 7903
f 7898 7894 7899
f 7903 7898 7899
f 7901 7380 7898
f 7382 7902 7904
f 7379 7381 7904
f 7903 7904 7901
f 7384 7378 7905
f 7904 7905 7378
f 7455 7906 7907
f 7455 7384 7906
f 7907 7906 7904
f 7904 7903 7908
f 7908 7910 7904
f 7897 7900 7899
f 7911 7899 7900
f 7880 7911 7900
f 7903 7899 7911
f 7880 7900 7879
f 7880 7912 7911
f 7914 7903 7911
f 7914 7911 7913
f 7909 7903 7914
f 7916 7913 7880
f 7885 7917 7880
f 4509 7919 4487
f 7919 7857 4487
f 7919 7863 7857
f 7919 4508 5453
f 7863 7860 7857
f 7922 7863 7919
f 7921 7919 5453
f 7920 5453 7924
f 7925 7863 7922
f 7928 7926 7922
f 7862 7863 7874
f 7927 7873 7863
f 7928 7921 7923
f 7924 7929 7928
f 7925 7932 7874
f 7932 7927 7933
f 7933 7927 7928
f 7929 7933 7928
f 5453 5459 7923
f 5464 7934 5460
f 7934 7923 5460
f 7934 7929 7924
f 7936 7933 7929
f 7937 7936 7929
f 7938 7939 7935
f 5474 7934 5464
f 7937 7934 5474
f 7930 7934 7938
f 7937 5474 5475
f 7883 7877 7940
f 7874 7931 7877
f 7941 7877 7932
f 7940 7931 7933
f 7942 7933 7936
f 7888 7883 7944
f 7943 7936 7944
f 7944 7883 7940
f 7945 7946 7886
f 7947 7910 7908
f 7910 7907 7904
f 7948 7455 7907
f 7910 7948 7907
f 7948 7519 7455
f 7949 7519 7948
f 7948 7910 7950
f 7952 7948 7951
f 7948 7952 7949
f 7914 7947 7908
f 7947 7914 7953
f 7953 7914 7954
f 7914 7913 7954
f 7954 7913 7917
f 7915 7887 7946
f 7954 7918 7946
f 7956 7958 7953
f 7960 7959 7957
f 7961 7954 7946
f 7961 7946 7945
f 7957 7953 7955
f 7957 7954 7962
f 7953 7959 7947
f 7947 7958 7963
f 7910 7947 7963
f 7963 7950 7910
f 7960 7963 7958
f 7952 7964 7949
f 7964 7952 7965
f 7969 7952 7950
f 7965 7952 7968
f 7970 7961 7972
f 7973 7971 7972
f 7971 7957 7962
f 7960 7957 7970
f 7960 7970 7974
f 7960 7975 7977
f 7978 7977 7976
f 7979 7980 7977
f 7979 7976 7981
f 7969 7950 7984
f 7963 7960 7950
f 7950 7960 7982
f 7982 7986 7967
f 7983 7960 7977
f 7986 7983 7988
f 7980 7988 7982
f 7966 7967 7986
f 7989 7965 7985
f 7980 7983 7977
f 7980 7991 7992
f 7992 7987 7980
f 7993 7938 5477
f 5477 5473 7993
f 5527 7993 5473
f 5527 7994 7993
f 7939 7937 7993
f 7993 7994 7939
f 7939 7994 7997
f 5527 5529 7995
f 7998 7995 5529
f 7999 7995 7998
f 8000 7996 7995
f 7999 8000 7995
f 8003 7889 7944
f 8003 7936 7939
f 8002 7944 7936
f 7939 8001 8002
f 8004 8002 8000
f 7885 7884 7888
f 7945 7887 7888
f 7888 8002 8004
f 8004 7945 7889
f 8000 7939 7996
f 8005 8004 8000
f 8004 8005 8006
f 8006 7945 8004
f 8007 7972 8006
f 8007 8006 8005
f 8008 8005 8000
f 7998 5528 5540
f 8010 7999 8011
f 8011 7999 7998
f 8008 8000 7999
f 8012 7999 8010
f 7999 8013 8009
f 8014 8010 8011
f 8013 8015 8017
f 8015 8012 8010
f 8010 8014 8015
f 8007 8005 8019
f 8018 7972 8007
f 8017 8005 8008
f 8017 8008 8012
f 8018 8005 8020
f 7972 8018 8021
f 8020 8021 8018
f 8020 8022 8021
f 8020 8005 8017
f 8016 8020 8017
f 8020 8015 8024
f 8025 8020 8024
f 5558 7998 5540
f 8011 7998 5558
f 5561 8011 5558
f 5787 8011 5561
f 8011 5787 8014
f 8006 7961 7945
f 8006 7972 7962
f 8021 7975 7972
f 7981 7976 8021
f 7453 7454 7520
f 7521 7454 7455
f 7949 7523 7519
f 8026 7523 7949
f 8027 7523 8026
f 8027 8026 7964
f 7964 8026 7949
f 7540 7523 8027
f 7542 7540 8027
f 8027 7964 8028
f 8028 7964 7966
f 7989 8029 7965
f 8030 7989 7985
f 8032 7979 7981
f 7991 7980 7979
f 7991 7979 8032
f 8033 7988 7992
f 8034 7985 7988
f 8030 7985 8034
f 8034 7988 8033
f 8037 7992 7991
f 8033 7992 8035
f 8033 8037 8034
f 8032 8037 7991
f 8040 8042 8034
f 8043 8042 8040
f 8044 8036 8032
f 8032 8047 8044
f 8034 8037 8045
f 8038 8034 8045
f 8049 8043 8040
f 8050 8043 8051
f 8052 8043 8049
f 8053 8039 8044
f 8039 8054 8049
f 8052 8055 8057
f 8053 8059 8049
f 8061 8049 8060
f 8062 8052 8049
f 8063 8049 8061
f 8065 8062 8061
f 8055 8052 8062
f 8015 8067 8068
f 8024 8015 8068
f 8067 8070 8068
f 8072 8073 8069
f 8025 8076 8020
f 8024 8068 8025
f 8070 8077 8025
f 8070 8025 8068
f 8076 8025 8077
f 8022 8020 8076
f 8079 8022 8075
f 8073 8077 8070
f 8080 8077 8073
f 8076 8077 8079
f 8067 5787 5789
f 5787 8067 8014
f 8067 5789 8081
f 5791 8081 5789
f 8067 8015 8014
f 8084 8067 8082
f 5794 8083 5791
f 8069 8067 8085
f 8086 8072 8069
f 8087 8071 8085
f 8089 8077 8080
f 8078 8089 8090
f 8091 8090 8089
f 8093 8089 8080
f 8094 8092 8080
f 8095 8091 8089
f 8089 8093 8095
f 8097 8095 8092
f 8099 8083 5794
f 5809 8098 5794
f 8087 8083 8099
f 8087 8085 8081
f 8099 8100 8088
f 8072 8087 8101
f 8101 8074 8072
f 8102 8087 8100
f 8094 8080 8101
f 8100 8099 8103
f 8103 8099 5809
f 5807 8104 5809
f 5868 8103 5807
f 8094 8101 8100
f 8103 8094 8100
f 8105 8094 8103
f 8080 8074 8101
f 8094 8105 8092
f 7981 8021 8022
f 7981 8023 8079
f 8079 8106 7981
f 8047 7981 8106
f 8046 8032 7981
f 8077 8090 8079
f 8090 8106 8079
f 8091 8107 8090
f 8090 8108 8106
f 8110 8047 8106
f 8110 8053 8046
f 8108 8110 8106
f 8059 8054 8109
f 8112 8059 8110
f 8112 8110 8107
f 8096 8108 8091
f 8115 8107 8095
f 8054 8045 8048
f 8111 8061 8060
f 8056 8062 8116
f 8116 8062 8065
f 8116 8117 8055
f 8118 8116 8065
f 8117 8116 8118
f 8118 8119 8117
f 8118 8123 8125
f 8125 8119 8118
f 8122 8118 8066
f 8126 8127 8122
f 8125 8128 8119
f 8128 8124 8129
f 8125 8121 8127
f 8130 8125 8127
f 8132 8128 8129
f 8127 8126 8133
f 8129 8127 8134
f 8131 8134 8132
f 8136 8132 8135
f 8136 8135 8126
f 8092 8105 8137
f 8137 8138 8092
f 8115 8095 8097
f 8140 8114 8097
f 8097 8092 8138
f 8140 8097 8138
f 8141 8140 8138
f 8141 8138 8137
f 8137 8142 8143
f 8142 8145 8143
f 8143 8141 8137
f 8143 8146 8141
f 8148 8139 8141
f 8144 8147 8143
f 8147 8149 8141
f 8150 8104 5868
f 8103 8150 8105
f 8150 8151 8105
f 5867 8150 5868
f 5882 8150 5867
f 8152 8150 5883
f 8152 8151 8150
f 8142 8151 8152
f 8105 8151 8137
f 8142 8137 8151
f 8154 8146 8144
f 8155 8149 8147
f 8154 8155 8147
f 8144 8156 8154
f 8157 8144 8158
f 8155 8154 8157
f 8157 8158 8159
f 8158 8160 8159
f 5884 8161 8152
f 5883 5885 8153
f 8162 8142 8152
f 8153 8161 8164
f 8152 8164 8163
f 8166 8161 5884
f 8165 5884 5890
f 8165 5890 8167
f 8165 8170 8161
f 8170 8164 8161
f 8168 8170 8165
f 8142 8163 8144
f 8158 8144 8163
f 8164 8158 8162
f 8171 8107 8114
f 8172 8171 8114
f 8061 8111 8174
f 8111 8107 8171
f 8171 8175 8113
f 8173 8171 8172
f 8178 8174 8172
f 8172 8181 8177
f 8182 8175 8176
f 8180 8182 8176
f 8172 8114 8140
f 8140 8149 8172
f 8175 8066 8061
f 8064 8175 8183
f 8122 8065 8183
f 8122 8183 8179
f 8179 8172 8184
f 8184 8186 8179
f 8155 8172 8149
f 8184 8172 8155
f 8187 8186 8184
f 8186 8187 8126
f 8155 8157 8189
f 8189 8184 8155
f 8188 8184 8189
f 8189 8190 8187
f 8186 8122 8179
f 8126 8122 8185
f 8191 8126 8188
f 8192 7542 8027
f 8192 7545 7542
f 7706 7704 7545
f 7545 8192 7706
f 8194 8192 8027
f 8194 8027 8029
f 8194 8028 7989
f 7990 8030 8194
f 8041 8194 8030
f 8194 7706 8192
f 7706 8194 8195
f 8197 7706 8196
f 7706 8198 8200
f 8195 8193 8042
f 8195 8041 8201
f 8201 8202 8195
f 8199 7712 7706
f 8042 8031 8034
f 8042 8043 8201
f 8197 8203 8199
f 8195 8202 8204
f 8050 8204 8202
f 8204 8197 8195
f 8204 8203 8198
f 8205 8204 8050
f 8204 8206 8203
f 8207 8203 8206
f 8203 7712 8200
f 8208 7712 8203
f 7713 7712 8208
f 7714 7713 8208
f 8203 8207 8208
f 8207 7714 8208
f 7714 8207 7725
f 8201 8043 8202
f 8050 8202 8043
f 8211 8206 8050
f 8052 8058 8050
f 8057 8209 8050
f 8212 8207 8206
f 8213 8205 8211
f 8212 8206 8215
f 8216 8218 8212
f 8219 8216 8212
f 8217 8219 8220
f 7783 7725 8207
f 8218 8223 8207
f 8218 8207 8212
f 8207 8223 7783
f 8216 8223 8218
f 7789 7784 8223
f 8225 8223 8216
f 7790 8223 8224
f 8216 8220 8225
f 8229 8210 8232
f 8236 8231 8057
f 8231 8211 8057
f 8228 8236 8057
f 8227 8230 8237
f 8233 8235 8239
f 8234 8226 8238
f 8213 8211 8228
f 8213 8228 8057
f 8215 8057 8117
f 8117 8057 8055
f 8213 8117 8119
f 8119 8219 8214
f 8240 8219 8119
f 8213 8219 8212
f 8219 8242 8222
f 8224 8222 8244
f 8245 8243 8222
f 8244 7793 7790
f 8244 7789 8225
f 7796 7793 8244
f 8245 8247 8249
f 8249 7796 8244
f 7797 8249 7823
f 8248 8244 8245
f 8250 8221 8251
f 8222 8250 8245
f 8245 8250 8246
f 8222 8242 8252
f 8251 8222 8252
f 8219 8240 8254
f 8128 8254 8240
f 8241 8120 8128
f 8128 8132 8254
f 8254 8132 8255
f 8256 8254 8255
f 8257 8256 8255
f 8259 8256 8257
f 8257 8255 8136
f 8254 8242 8219
f 8242 8254 8256
f 8256 8252 8242
f 8255 8132 8136
f 3939 6841 3935
f 6841 6867 3935
f 8260 5976 3090
f 5976 5995 5972
f 8260 5993 5976
f 8263 5993 8260
f 8266 8268 8260
f 8263 8260 8267
f 8269 5982 5992
f 8264 8269 5992
f 5986 5984 8269
f 8264 5986 8269
f 8270 8261 8268
f 8272 5986 8262
f 8272 8262 8271
f 8271 8273 8272
f 5986 6008 5991
f 8274 6008 5986
f 6011 6007 6008
f 5986 8272 8274
f 8272 8273 8274
f 8274 8273 8276
f 6009 6011 8278
f 8280 6008 8274
f 8280 6010 6008
f 8280 8275 8281
f 8278 6011 8280
f 8279 8280 8281
f 8273 8271 8277
f 8277 8271 8284
f 8281 8274 8277
f 8289 8281 8277
f 8290 8277 8296
f 6012 6009 6014
f 8297 6015 6009
f 8297 6009 8278
f 8297 8278 8299
f 8278 8282 8298
f 8300 8297 8298
f 8298 8301 8300
f 8300 6016 6015
f 8302 6017 8300
f 8300 6015 8297
f 8303 8305 8300
f 8303 8300 8301
f 8305 8302 8300
f 8298 8282 8289
f 8301 8298 8285
f 8289 8276 8290
f 8303 8301 8289
f 8307 8304 8303
f 8306 8288 8308
f 8303 8287 8307
f 8286 8291 8308
f 3095 3090 3089
f 3090 3095 8260
f 3095 8266 8260
f 8266 3095 3097
f 8267 8266 8310
f 8312 8311 3096
f 8265 3096 8309
f 8270 8268 8283
f 8267 8310 8283
f 8311 8314 8283
f 8283 8314 8317
f 3099 3097 3093
f 3099 8312 3097
f 8312 8319 8310
f 8319 8321 8310
f 8321 8314 8310
f 8318 8314 8325
f 3103 8312 3099
f 8312 3103 8319
f 3106 8326 3103
f 3104 8327 8319
f 8321 8319 8327
f 8313 8321 8322
f 8328 8321 8330
f 8329 8331 8320
f 8331 8332 8320
f 8277 8284 8295
f 8316 8334 8284
f 8284 8334 8295
f 8334 8294 8295
f 8292 8337 8308
f 8338 8308 8337
f 8339 8340 8308
f 8341 8337 8335
f 8315 8323 8335
f 8332 8335 8323
f 8332 8341 8335
f 8332 8342 8341
f 8293 8335 8336
f 8343 8337 8341
f 8337 8344 8346
f 8342 8343 8341
f 8344 8342 8346
f 8342 8347 8345
f 8337 8346 8338
f 8338 8346 8348
f 8320 8332 8324
f 8332 8349 8342
f 8342 8349 8347
f 8351 8346 8347
f 8354 8346 8353
f 8354 8348 8346
f 8355 8351 8347
f 8355 8347 8350
f 8356 8351 8355
f 8355 8349 8356
f 8356 8354 8352
f 6017 8302 4172
f 6078 4171 8302
f 8302 8358 6078
f 8360 8358 8302
f 8361 8302 8304
f 8361 8305 8307
f 8302 8361 8360
f 8359 8363 8357
f 8362 8363 8359
f 8362 8364 8363
f 8366 8362 8306
f 8340 8366 8306
f 8366 8364 8362
f 8306 8308 8340
f 8365 8366 8367
f 8357 8363 8368
f 8367 8366 8340
f 8338 8367 8340
f 8367 8339 8370
f 8371 8365 8367
f 8364 8371 8372
f 8367 8373 8371
f 8367 8370 8373
f 6093 6078 8358
f 8374 8357 8369
f 6092 8357 8374
f 8364 8372 8363
f 8369 8363 8376
f 8377 6091 8374
f 6094 6092 8377
f 8377 8374 8369
f 8373 8372 8371
f 8376 8363 8372
f 8372 8373 8378
f 8376 8372 8378
f 8381 8376 8379
f 8375 8381 8382
f 8386 8368 8376
f 8380 8387 8381
f 8388 8389 8381
f 8382 8381 8389
f 8390 8370 8338
f 8373 8370 8387
f 8390 8338 8394
f 8338 8348 8391
f 8370 8390 8395
f 8388 8370 8395
f 8396 8390 8392
f 8395 8390 8398
f 8373 8387 8380
f 8387 8399 8389
f 8399 8388 8395
f 8393 8348 8396
f 8397 8348 8354
f 8397 8354 8398
f 8390 8397 8398
f 8354 8356 8398
f 8400 8395 8398
f 8400 8398 8402
f 8399 8395 8404
f 8401 8404 8395
f 6112 4320 6095
f 6112 6095 8377
f 8369 8405 8377
f 8406 8369 8385
f 8384 8407 8405
f 6112 8377 8409
f 8405 8409 8377
f 8409 8410 6112
f 8405 8410 8409
f 8405 8407 8410
f 8410 8407 8411
f 8383 8375 8382
f 8385 8382 8407
f 8382 8389 8414
f 8411 8408 8382
f 8411 8382 8415
f 8413 8414 8416
f 8415 8418 8417
f 6111 6112 6119
f 6119 6112 8410
f 6118 6122 6117
f 6123 6116 6122
f 6119 8410 8419
f 6120 8420 6122
f 8412 8419 8410
f 8389 8418 8415
f 8422 8416 8418
f 8411 8425 8428
f 6123 6122 8431
f 6122 8419 8431
f 8419 8411 8429
f 8417 8425 8411
f 8417 8433 8423
f 8416 8421 8432
f 8434 8424 8432
f 8429 8425 8434
f 8432 8436 8435
f 8421 8436 8433
f 8389 8399 8418
f 8438 8421 8418
f 8438 8418 8399
f 8404 8438 8399
f 8438 8404 8439
f 6147 6123 8431
f 8431 8419 8427
f 8426 8441 8430
f 8431 8442 6147
f 6147 8440 6149
f 8443 8428 8435
f 8445 6150 6149
f 6149 8440 8445
f 8447 8445 8440
f 8435 8447 8444
f 8437 8448 8434
f 3448 8327 3106
f 3443 3448 3106
f 8326 8330 8321
f 8327 8449 8330
f 3451 3448 3446
f 8450 8326 3448
f 3451 8450 3448
f 8452 8449 3452
f 8450 8452 8455
f 8454 8328 8330
f 8458 8331 8329
f 8460 8331 8458
f 8450 8455 8330
f 8329 8456 8461
f 8458 8329 8461
f 8332 8331 8460
f 8460 8458 8462
f 8460 8350 8333
f 8464 8349 8459
f 8464 8356 8349
f 8467 8356 8464
f 8451 8461 8457
f 8458 8461 8463
f 3451 8469 8452
f 8470 8474 8453
f 3451 3478 8471
f 8474 8461 8453
f 8461 8476 8462
f 8475 8461 8473
f 8466 8460 8462
f 8477 8478 8462
f 8477 8462 8476
f 8462 8478 8464
f 8479 8464 8478
f 8465 8479 8480
f 8468 3479 8481
f 8481 8472 8470
f 8475 8472 8482
f 8483 8476 8482
f 8473 8485 8482
f 8485 8474 8481
f 8482 8485 8484
f 3481 8481 3479
f 3481 8486 8481
f 8491 8486 3480
f 8492 8485 8487
f 8494 8484 8485
f 8494 8485 8493
f 8492 8488 8494
f 8489 8497 8494
f 8476 8484 8499
f 8499 8477 8476
f 8501 8499 8484
f 8500 8502 8499
f 8504 8501 8505
f 8507 8479 8502
f 8506 8484 8495
f 8501 8484 8506
f 8498 8506 8494
f 8508 8509 8510
f 8356 8467 8398
f 8512 8467 8464
f 8513 8402 8467
f 8398 8467 8402
f 8515 8402 8513
f 8514 8400 8402
f 8439 8403 8400
f 8400 8514 8439
f 8439 8515 8518
f 8516 8519 8439
f 8520 8439 8519
f 8521 8519 8522
f 8524 8438 8439
f 8520 8523 8439
f 8525 8523 8520
f 8524 8421 8438
f 8523 8437 8421
f 8524 8528 8437
f 8520 8519 8521
f 8525 8520 8530
f 8533 8534 8520
f 8531 8520 8534
f 8521 8533 8520
f 8535 8524 8527
f 8535 8536 8524
f 8537 8536 8535
f 8540 8537 8535
f 8542 8538 8540
f 8535 8526 8531
f 8530 8534 8540
f 8531 8540 8535
f 8534 8533 8543
f 8544 8534 8545
f 8544 8539 8534
f 8541 8540 8544
f 8546 8541 8544
f 8546 8544 8548
f 8511 8464 8480
f 8515 8513 8480
f 8480 8549 8515
f 8551 8517 8514
f 8552 8515 8549
f 8479 8551 8550
f 8552 8553 8516
f 8516 8522 8519
f 8553 8522 8516
f 8554 8552 8555
f 8554 8553 8552
f 8557 8554 8555
f 8559 8553 8554
f 8559 8522 8553
f 8559 8521 8522
f 8562 8559 8554
f 8557 8563 8554
f 8563 8558 8564
f 8565 8563 8564
f 8562 8566 8560
f 8554 8563 8561
f 8565 8568 8563
f 8568 8562 8563
f 8561 8568 8567
f 8543 8532 8521
f 8545 8534 8543
f 8543 8521 8559
f 8569 8543 8559
f 8569 8571 8545
f 8545 8543 8569
f 8566 8569 8559
f 8569 8573 8571
f 8574 8571 8573
f 8569 8567 8577
f 8548 8544 8545
f 8548 8545 8571
f 8574 8547 8570
f 8579 8548 8575
f 8581 8582 8583
f 8584 8509 8587
f 8585 8510 8509
f 8589 8508 8510
f 8510 8590 8588
f 8589 8591 8508
f 8591 8592 8508
f 8595 8596 8592
f 8597 8599 8601
f 8601 8603 8597
f 3679 8583 3676
f 8605 3679 3685
f 3679 8605 8583
f 8606 8580 8583
f 8605 8606 8583
f 8607 8605 3685
f 8609 8606 8605
f 8606 8609 8611
f 8607 8609 8605
f 8607 8612 8609
f 8609 8612 8614
f 8611 8599 8606
f 8600 8615 8617
f 8611 8615 8600
f 8609 8614 8611
f 8614 8618 8611
f 8619 8615 8611
f 8621 8622 8615
f 8621 8615 8619
f 8619 8610 8618
f 8620 8618 8624
f 8621 8619 8625
f 8548 8579 8546
f 8565 8564 8626
f 8626 8627 8565
f 8568 8628 8567
f 8577 8567 8628
f 8577 8572 8569
f 8574 8573 8577
f 8629 8578 8575
f 8630 8579 8629
f 8631 8579 8630
f 8633 8575 8577
f 8633 8576 8634
f 8633 8634 8635
f 8629 8574 8633
f 8637 8629 8633
f 8640 8641 8644
f 8622 8639 8644
f 8646 8640 8622
f 8641 8639 8648
f 8650 8649 8640
f 8646 8650 8639
f 8650 8651 8648
f 8621 8654 8622
f 8652 8646 8622
f 8625 8652 8621
f 8646 8655 8650
f 8657 8655 8646
f 8658 8634 8650
f 8658 8636 8634
f 8659 8638 8636
f 8661 8663 8659
f 8665 8636 8658
f 8667 8635 8665
f 8668 8659 8635
f 8660 8668 8661
f 6643 6150 8446
f 8445 8447 6643
f 6642 6643 8669
f 6643 8447 8669
f 8670 8448 8437
f 8447 8434 8448
f 8672 8448 8670
f 8529 8670 8436
f 8671 8670 8529
f 8447 8448 8671
f 8674 8672 8528
f 8669 8447 8671
f 8676 8669 8672
f 6646 6642 8677
f 8677 6642 8669
f 8682 8678 8669
f 8676 8682 8669
f 8672 8674 8683
f 8676 8673 8683
f 6652 6646 8679
f 6652 8680 8685
f 6652 8677 8682
f 8684 8687 6652
f 6690 6651 6653
f 6690 6652 8687
f 8685 8681 8676
f 8676 8688 8685
f 8687 8685 8689
f 8683 8689 8676
f 8536 8674 8529
f 8675 8536 8537
f 8690 8675 8538
f 8691 8683 8675
f 8693 8683 8691
f 8541 8691 8537
f 8694 6690 8686
f 6693 6691 8695
f 8696 6693 8694
f 8687 8689 8697
f 8697 8694 8687
f 8683 8697 8689
f 8697 8696 8694
f 8698 8696 8697
f 8696 8699 8700
f 8702 8698 8697
f 8703 8697 8705
f 8703 8701 8699
f 8703 8705 8708
f 8710 8692 8691
f 8691 8542 8710
f 8710 8542 8711
f 8711 8712 8692
f 8711 8693 8709
f 8711 8541 8713
f 8546 8713 8542
f 8715 8712 8713
f 8714 8546 8715
f 6704 6689 6693
f 6703 6693 8696
f 6703 8696 8701
f 8703 8716 8701
f 8717 8703 8707
f 8720 8717 8721
f 8722 8717 8707
f 8724 8721 8706
f 8725 8726 8546
f 8725 8546 8578
f 8632 8725 8578
f 8727 8725 8632
f 8730 8707 8705
f 8707 8730 8724
f 8731 8727 8632
f 8663 8631 8732
f 8731 8631 8663
f 8733 8727 8731
f 8734 8727 8733
f 8733 8731 8661
f 8729 8735 8724
f 6786 6701 6703
f 8718 6703 8701
f 6785 8737 6784
f 8737 6785 8738
f 6785 6703 8718
f 8738 6786 8718
f 8719 8700 8716
f 8740 6784 8737
f 8740 8737 8739
f 6795 6784 8740
f 8743 8741 8738
f 8738 8718 8744
f 8745 8746 8734
f 8747 8734 8661
f 8746 8745 8750
f 8752 8750 8745
f 8745 8734 8747
f 8751 8745 8747
f 8753 8754 8757
f 6817 6795 8743
f 6794 8740 8743
f 8758 8743 8738
f 6817 6793 6795
f 8477 8502 8478
f 8478 8503 8479
f 8549 8480 8479
f 8491 3481 3694
f 8481 8490 8485
f 8587 8496 8487
f 8477 8499 8503
f 8507 8555 8479
f 8503 8501 8504
f 8503 8760 8507
f 8760 8502 8504
f 8760 8555 8507
f 8508 8504 8505
f 8506 8498 8509
f 8506 8509 8508
f 8760 8504 8761
f 8508 8762 8504
f 8762 8763 8760
f 8762 8508 8592
f 8763 8762 8592
f 8524 8536 8529
f 8551 8479 8555
f 8556 8760 8558
f 8763 8558 8760
f 8763 8596 8558
f 8558 8596 8564
f 8491 3694 8764
f 8489 8491 8587
f 8764 8586 8491
f 8509 8498 8587
f 3676 8764 3694
f 3677 8582 8764
f 3677 8583 8582
f 8764 8580 8587
f 8582 8580 8764
f 8606 8599 8580
f 8763 8592 8596
f 8585 8590 8510
f 8604 8590 8585
f 8589 8590 8604
f 8604 8766 8588
f 8766 8591 8589
f 8593 8591 8595
f 8766 8595 8591
f 8587 8602 8585
f 8597 8604 8587
f 8597 8587 8580
f 8600 8765 8602
f 8600 8617 8766
f 8599 8597 8580
f 8767 8595 8766
f 8766 8617 8767
f 8617 8769 8767
f 8615 8622 8770
f 8617 8616 8770
f 8598 8611 8601
f 8771 8626 8596
f 8564 8596 8626
f 8771 8596 8768
f 8627 8568 8565
f 8627 8628 8568
f 8772 8627 8626
f 8628 8627 8648
f 8772 8648 8627
f 8628 8647 8651
f 8634 8628 8651
f 8650 8634 8651
f 8768 8596 8594
f 8626 8771 8772
f 8771 8767 8773
f 8771 8773 8772
f 8768 8769 8774
f 8774 8770 8644
f 8770 8622 8643
f 8642 8772 8774
f 8641 8772 8644
f 8772 8641 8648
f 8634 8577 8628
f 8732 8630 8629
f 8630 8732 8632
f 8662 8629 8638
f 8660 8662 8638
f 8663 8732 8629
f 8638 8633 8635
f 8657 8645 8653
f 8650 8655 8665
f 8665 8658 8650
f 8747 8661 8668
f 8683 8693 8697
f 8712 8697 8693
f 8711 8713 8712
f 8775 8712 8715
f 8775 8697 8712
f 8704 8697 8775
f 8715 8705 8775
f 8776 8705 8715
f 8715 8726 8776
f 8546 8726 8715
f 8726 8725 8727
f 8730 8704 8776
f 8776 8726 8734
f 8728 8734 8726
f 8731 8663 8661
f 8661 8734 8733
f 8729 8776 8736
f 8776 8746 8736
f 8776 8734 8746
f 8777 8735 8746
f 8724 8735 8777
f 8778 8721 8724
f 8779 8724 8777
f 8720 8723 8744
f 8744 8721 8778
f 8781 8744 8778
f 8782 8784 8781
f 8746 8750 8777
f 8778 8724 8779
f 8779 8777 8748
f 8779 8757 8778
f 8780 8749 8757
f 8782 8778 8755
f 8756 8778 8757
f 8782 8781 8778
f 8785 8783 8754
f 8757 8750 8752
f 8757 8751 8789
f 8790 8742 8759
f 8744 8758 8739
f 8744 8784 8758
f 8781 8784 8744
f 8742 8791 6817
f 6819 6816 8791
f 8790 8791 8743
f 6819 8792 6820
f 8792 6818 8791
f 8790 8758 8784
f 8794 8795 8797
f 8796 8798 8800
f 8795 8798 8797
f 8803 8804 8800
f 8805 8800 8807
f 8803 8801 8805
f 8799 8808 8801
f 8808 8799 8809
f 8809 8799 8810
f 8807 8800 8808
f 8812 8807 8808
f 8811 8808 8813
f 8813 8814 8812
f 8807 8811 8815
f 8811 8814 8815
f 8818 8816 8814
f 8821 8818 8814
f 8809 8813 8808
f 8813 8809 8822
f 8824 8827 8829
f 8827 8824 8830
f 8814 8813 8823
f 8825 8821 8814
f 8823 8826 8814
f 8825 8823 8830
f 642 641 8831
f 8832 645 643
f 644 639 643
f 643 642 8833
f 8834 8832 643
f 8831 8834 642
f 8835 8833 8831
f 8831 8837 8836
f 8832 8833 8835
f 8832 8838 644
f 8838 8832 8839
f 8832 8836 8839
f 8840 8839 8836
f 8841 8837 8831
f 8837 8842 8843
f 8845 8844 8841
f 8837 8840 8836
f 8837 8844 8840
f 8848 8849 8844
f 8850 8851 8844
f 8851 8853 8844
f 8850 8844 8849
f 8855 8850 8849
f 8856 684 683
f 684 8856 681
f 8856 8857 8859
f 8861 8856 8859
f 644 8857 646
f 683 646 8858
f 8838 8858 644
f 8839 8857 8838
f 8856 683 8857
f 8862 8839 8864
f 8862 8857 8839
f 8862 8859 8857
f 8865 8862 8864
f 8856 8861 681
f 8861 692 681
f 8866 8868 8861
f 8868 691 693
f 8867 8869 690
f 8868 8871 8869
f 693 8861 8868
f 8871 8867 8866
f 8866 8873 8874
f 8873 8866 8861
f 8861 8859 8873
f 8860 8862 8875
f 8875 8873 8859
f 8874 8870 8872
f 8874 8871 8866
f 8863 8865 8875
f 8876 8875 8865
f 8876 8865 8877
f 8879 8876 8877
f 8840 8853 8839
f 8839 8852 8864
f 8853 8840 8843
f 8864 8853 8877
f 8878 8865 8864
f 8853 8851 8882
f 8851 8884 8882
f 8877 8853 8882
f 8882 8881 8878
f 8882 8885 8879
f 8887 8874 8873
f 8888 8873 8875
f 8889 8875 8876
f 8880 8890 8876
f 8876 8891 8889
f 8891 8887 8889
f 8888 8887 8873
f 8891 8886 8892
f 8894 8887 8891
f 8891 8895 8894
f 8892 8895 8891
f 8897 8895 8892
f 8890 8880 8886
f 8854 8849 8848
f 8854 8848 8898
f 8899 8854 8898
f 8851 8850 8901
f 8902 8850 8854
f 8902 8901 8850
f 8904 8899 8906
f 8902 8854 8900
f 8907 8903 8900
f 8907 8900 8904
f 8907 8904 8908
f 8908 8909 8907
f 8910 8909 8908
f 8910 8911 8909
f 8910 8912 8913
f 8915 8910 8913
f 8883 8851 8901
f 8916 8883 8901
f 8918 8882 8884
f 8918 8885 8882
f 8919 8883 8916
f 8883 8919 8918
f 8921 8922 8916
f 8916 8901 8903
f 8916 8902 8907
f 8920 8916 8922
f 8924 8919 8922
f 8926 8892 8885
f 8892 8926 8927
f 8892 8927 8897
f 8927 8926 8929
f 8926 8886 8918
f 8919 8925 8918
f 8931 8926 8919
f 8924 8931 8919
f 8925 8931 8929
f 8932 8921 8933
f 8934 8932 8933
f 8917 8907 8921
f 8921 8907 8933
f 8907 8909 8933
f 8911 8933 8909
f 8932 8923 8921
f 8924 8922 8921
f 8932 8937 8924
f 8934 8937 8932
f 8911 8915 8935
f 8911 8934 8933
f 8910 8915 8911
f 8937 8934 8938
f 8938 8934 8915
f 8931 8924 8930
f 8942 8923 8936
f 8940 8930 8923
f 8930 8939 8943
f 8946 8936 8947
f 8947 8936 8938
f 8945 8942 8936
f 8950 8943 8939
f 8945 8952 8939
f 8954 8951 8953
f 8941 8952 8951
f 8956 8915 8913
f 8957 8938 8915
f 8955 8958 8915
f 8957 8915 8958
f 8960 8955 8913
f 8961 8955 8960
f 8955 8961 8958
f 8959 8962 8957
f 8961 8962 8958
f 8961 8963 8962
f 8962 8947 8938
f 8962 8938 8957
f 8945 8948 8966
f 8954 8952 8945
f 8968 8954 8945
f 8945 8966 8968
f 8967 8970 8968
f 8967 8947 8962
f 8962 8963 8966
f 8972 8966 8964
f 8964 8973 8972
f 8965 8972 8974
f 8960 8975 8961
f 8976 8960 8977
f 8977 8979 8975
f 8975 8979 8980
f 8975 8963 8961
f 8973 8963 8975
f 8984 8972 8973
f 8973 8985 8983
f 8973 8975 8986
f 8989 8973 8987
f 8987 8975 8981
f 8991 8987 8981
f 8973 8989 8985
f 8983 8985 8994
f 8985 8989 8995
f 8981 8996 8992
f 8992 8989 8986
f 8989 8990 8997
f 8991 8996 8997
f 8999 8998 8996
f 8997 8995 8988
f 8999 8995 8998
f 8999 9002 8995
f 9005 9002 8999
f 9007 1022 9008
f 9009 9011 9008
f 9006 9008 9011
f 9013 9007 9011
f 9014 9013 9012
f 9016 9017 9010
f 9017 9015 9012
f 9017 9011 9009
f 9014 9017 9016
f 9018 9014 9021
f 9021 9022 9019
f 9021 9014 9016
f 9024 9020 9016
f 9028 9020 9025
f 9029 1051 9030
f 9032 9029 9034
f 1085 9037 1045
f 9038 9039 1045
f 1042 1045 9039
f 9039 9041 1041
f 9041 1051 1041
f 9030 1051 9040
f 9043 9041 9044
f 9044 9040 9039
f 9038 9044 9039
f 9044 9038 9046
f 9046 9036 9047
f 9048 9038 9050
f 9041 9042 9031
f 9046 9042 9044
f 9029 9030 9042
f 9042 9045 9034
f 9046 9049 9034
f 9034 9029 9043
f 9054 9056 9057
f 9054 9058 9055
f 9062 9065 9033
f 9033 9049 9053
f 9066 9056 9052
f 9033 9053 9055
f 9032 9035 9047
f 9070 9056 9059
f 9072 9056 9069
f 9071 9033 9056
f 9073 9033 9071
f 9061 9033 9073
f 9074 1077 1078
f 9075 1075 9076
f 1073 1075 1084
f 1075 9075 1083
f 9076 1075 1077
f 9074 9076 1077
f 9074 9075 9076
f 9074 9077 9075
f 9079 9077 9074
f 9077 9038 9075
f 9053 9036 9077
f 9051 9078 9067
f 1082 9074 1078
f 1022 9006 1082
f 9079 9074 1082
f 9080 1082 9013
f 9080 9079 1082
f 1082 9006 9013
f 9075 9036 1085
f 9081 9077 9079
f 9083 9081 9079
f 9083 9079 9080
f 9067 9078 9082
f 9057 9067 9081
f 9068 9057 9056
f 9083 9057 9081
f 9084 9083 9018
f 9086 9087 9083
f 9086 9083 9084
f 9057 9087 9054
f 9059 9054 9087
f 9087 9057 9083
f 9014 9080 9013
f 9083 9080 9014
f 9018 9083 9015
f 9022 9084 9018
f 9088 9022 9027
f 9028 9089 9088
f 9020 9027 9023
f 9090 9088 9089
f 9092 9090 9094
f 9090 9096 9088
f 9090 9089 9094
f 9098 9090 9092
f 9098 9096 9090
f 9099 9096 9098
f 9101 9103 9099
f 9101 9099 9098
f 9106 9108 9109
f 9111 9061 9073
f 9112 9062 9110
f 9114 9112 9115
f 9117 9119 9071
f 9119 9118 9121
f 9118 9071 9070
f 9122 9118 9070
f 9106 9118 9123
f 9119 9073 9071
f 9111 9073 9119
f 9115 9110 9120
f 9120 9121 9115
f 9115 9112 9111
f 9109 9118 9107
f 9121 9118 9109
f 9125 9121 9109
f 9125 9109 9108
f 9126 9115 9121
f 9127 9126 9121
f 9125 9128 9121
f 9125 9108 9131
f 9128 9124 9133
f 9127 9121 9128
f 9135 9126 9127
f 9128 9135 9127
f 9134 9125 9131
f 9137 9133 9131
f 9139 9141 9133
f 9141 9128 9133
f 9142 9130 9140
f 9143 9086 9084
f 9146 9086 9143
f 9060 9087 9149
f 9148 9070 9059
f 9122 9069 9147
f 9122 9147 9106
f 9147 9087 9086
f 9088 9151 9145
f 9086 9146 9150
f 9153 9148 9085
f 9153 9106 9147
f 9155 9153 9150
f 9108 9154 9155
f 9108 9106 9153
f 9086 9150 9154
f 9143 9084 9022
f 9143 9022 9088
f 9146 9144 9088
f 9156 9155 9150
f 9108 9155 9131
f 9155 9156 9157
f 9159 9156 9104
f 9158 9157 9156
f 9131 9155 9157
f 9096 9152 9088
f 9156 9152 9095
f 9095 9099 9156
f 9156 9099 9105
f 9160 1173 1170
f 9008 1024 1172
f 9008 1022 1024
f 1173 9160 1171
f 9160 9161 1171
f 9009 9008 9164
f 9164 9008 1171
f 9016 9164 9166
f 9164 1172 9162
f 9166 9164 9161
f 9160 1170 1178
f 9160 9167 9169
f 9160 1178 9168
f 1179 9170 1178
f 1178 9170 9167
f 9160 9169 9162
f 9170 1179 9171
f 9170 9169 9167
f 9170 9174 9169
f 9174 9170 9172
f 9175 9178 9179
f 9166 9162 9180
f 9182 9165 9180
f 9180 9184 9182
f 9164 9016 9009
f 9016 9165 9182
f 9182 9185 9024
f 9185 9182 9186
f 9186 9182 9184
f 9024 9016 9181
f 9024 9185 9026
f 9174 9180 9169
f 9169 9180 9163
f 9189 9180 9173
f 9174 9171 9189
f 9176 9180 9190
f 9175 9184 9180
f 9178 9175 9189
f 9192 9193 9194
f 9196 9195 9197
f 1211 9196 9197
f 9199 9196 1211
f 1211 9200 9199
f 9196 9201 9194
f 9194 9201 9192
f 9201 9196 9199
f 1199 9193 1179
f 1206 1199 1200
f 9193 1199 1207
f 9193 9171 1179
f 9193 9202 9171
f 9194 1206 9197
f 1207 1208 9198
f 9197 1208 1211
f 1207 9194 9193
f 9200 1211 1210
f 9171 9202 9190
f 9189 9202 9178
f 9204 9177 9202
f 9191 9202 9193
f 9206 9202 9191
f 9208 9206 9192
f 9209 9204 9207
f 9204 9202 9205
f 9204 9206 9207
f 9201 9199 9191
f 9211 9192 9199
f 9211 9207 9192
f 9211 9199 9212
f 9207 9213 9209
f 9216 9214 9207
f 9216 9207 9211
f 9216 9211 9217
f 9216 9217 9219
f 9220 9216 9219
f 9221 9223 9176
f 9222 9175 9179
f 9179 9177 9225
f 9179 9225 9222
f 9226 9221 9225
f 9227 9221 9226
f 9227 9230 9231
f 9228 9226 9225
f 9227 9226 9229
f 9089 9185 9233
f 9223 9186 9184
f 9185 9188 9233
f 9187 9223 9233
f 9234 9233 9223
f 9089 9027 9185
f 9089 9233 9094
f 9093 9233 9235
f 9235 9233 9234
f 9237 9235 9234
f 9231 9237 9234
f 9183 9175 9223
f 9227 9224 9221
f 9234 9223 9227
f 9231 9234 9227
f 9239 9232 9241
f 9241 9231 9228
f 9228 9242 9240
f 9242 9229 9244
f 9238 9241 9242
f 9245 9239 9242
f 9239 9247 9249
f 9246 9239 9245
f 9245 9242 9250
f 9242 9251 9250
f 9094 9252 9091
f 9094 9235 9237
f 9094 9236 9252
f 9253 9252 9237
f 9253 9237 9231
f 9253 9231 9239
f 9249 9255 9239
f 9252 9097 9091
f 9256 9098 9252
f 9249 9257 9252
f 9260 9256 9248
f 9252 9254 9249
f 9225 9177 9204
f 9263 9225 9204
f 9263 9203 9209
f 9209 9264 9263
f 9214 9264 9210
f 9228 9225 9263
f 9244 9228 9263
f 9244 9263 9265
f 9267 9266 9264
f 9265 9263 9264
f 9268 9267 9220
f 9220 9271 9268
f 9214 9267 9264
f 9220 9267 9214
f 9213 9215 9220
f 9267 9272 9265
f 9268 9272 9267
f 9274 9269 9275
f 9276 9266 9272
f 9276 9273 9279
f 9276 9244 9265
f 9281 9276 9278
f 9282 9276 9281
f 9244 9276 9242
f 9282 9251 9243
f 9282 9242 9276
f 9277 9272 9268
f 9279 9268 9283
f 9283 9268 9274
f 9284 9274 9275
f 9277 9285 9280
f 9286 9283 9274
f 9287 9285 9283
f 9285 9278 9283
f 1259 1258 1050
f 1051 1259 1050
f 1051 9288 1259
f 1259 9292 641
f 9288 9291 1259
f 9293 641 9291
f 9029 9290 1051
f 9294 9288 9029
f 9029 9033 9294
f 9289 9294 9295
f 9295 9291 9288
f 9292 9295 9293
f 8831 641 9293
f 8831 9293 8842
f 9296 9295 9294
f 9063 9294 9032
f 9298 9294 9064
f 9293 9296 9299
f 9295 9296 9293
f 9293 9299 8841
f 9300 9299 9296
f 9296 9294 9298
f 9298 9300 9296
f 8841 9299 8845
f 9299 9300 9301
f 9304 9298 9063
f 9064 9062 9304
f 9305 9302 9300
f 9305 9300 9298
f 8845 9299 9301
f 9298 9306 9305
f 8848 8845 9301
f 9305 8847 9301
f 8844 8845 8848
f 9112 9303 9061
f 9114 9303 9112
f 9114 9308 9304
f 8848 9305 9308
f 8898 8848 9311
f 9306 9310 8846
f 9304 9307 9297
f 9116 9126 9114
f 9114 9126 9312
f 9313 9310 9307
f 9314 9311 9313
f 9313 9307 9114
f 9313 9316 9315
f 9319 9313 9113
f 9319 9114 9312
f 8898 9315 8900
f 9315 8898 9309
f 8905 8900 9315
f 8906 9314 9316
f 8904 8905 9317
f 9135 9312 9126
f 9319 9312 9135
f 9135 9130 9320
f 9320 9318 9135
f 9322 9320 9130
f 9324 9321 9322
f 9324 9319 9320
f 9325 9324 9322
f 9325 9326 9319
f 9326 9325 9327
f 9323 9325 9319
f 9318 9317 9313
f 8908 8904 9317
f 8908 9316 9318
f 8912 8908 9326
f 8908 9319 9326
f 9328 8912 9326
f 9327 9328 9326
f 8910 8908 8912
f 9329 9097 9256
f 9331 9103 9100
f 9101 9098 9330
f 9329 9331 9101
f 9333 9329 9259
f 9331 9334 9105
f 9337 9338 9331
f 9331 9330 9332
f 9331 9332 9343
f 9333 9344 9340
f 9340 9336 9331
f 9345 9337 9342
f 9348 9340 9344
f 9346 9341 9348
f 9350 9336 9346
f 9352 9350 9346
f 9354 9350 9352
f 9357 9348 9344
f 9352 9347 9349
f 9358 9352 9348
f 9355 9352 9358
f 9358 9348 9356
f 9359 9137 9131
f 9137 9139 9132
f 9139 9136 9360
f 9138 9360 9361
f 9142 9140 9138
f 9142 9322 9129
f 9362 9142 9139
f 9142 9363 9364
f 9368 9322 9142
f 9359 9370 9361
f 9361 9363 9139
f 9370 9364 9361
f 9362 9361 9364
f 9364 9368 9142
f 9371 9368 9365
f 9374 9364 9370
f 9373 9372 9366
f 9373 9375 9372
f 9370 9376 9374
f 9374 9376 9377
f 9379 9376 9380
f 9382 9375 9373
f 9382 9373 9377
f 9334 9383 9105
f 9384 9158 9383
f 9102 9383 9158
f 9360 9131 9157
f 9157 9158 9384
f 9385 9383 9334
f 9384 9383 9385
f 9384 9385 9386
f 9157 9384 9359
f 9370 9359 9384
f 9387 9384 9386
f 9387 9370 9384
f 9338 9335 9331
f 9335 9339 9385
f 9338 9388 9385
f 9389 9386 9388
f 9388 9386 9385
f 9387 9386 9390
f 9381 9369 9387
f 9380 9387 9390
f 9351 9354 9388
f 9388 9354 9391
f 9381 9389 9391
f 9392 9380 9391
f 9393 9394 9380
f 9391 9389 9388
f 9388 9337 9350
f 9388 9338 9337
f 9381 9376 9370
f 9396 9358 9356
f 9396 9354 9358
f 9398 9399 9396
f 9399 9398 9401
f 9376 9402 9377
f 9403 9376 9379
f 9404 9402 9379
f 9382 9378 9402
f 9404 9406 9403
f 9407 9404 9408
f 9406 9404 9407
f 9406 9407 9410
f 9411 9410 9407
f 9408 9411 9407
f 9412 9391 9355
f 9413 9392 9391
f 9395 9414 9415
f 9394 9393 9413
f 9415 9414 9416
f 9412 9414 9391
f 9399 9412 9354
f 9413 9412 9416
f 9417 9415 9416
f 9399 9353 9397
f 9381 9394 9379
f 9379 9395 9415
f 9418 9379 9415
f 9418 9404 9379
f 9408 9404 9418
f 9421 9423 9425
f 9399 9416 9412
f 9426 9416 9427
f 9426 9418 9416
f 9428 9418 9426
f 9427 9416 9399
f 9409 9418 9428
f 9429 9422 9419
f 9422 9431 9425
f 9423 9429 9432
f 9432 9429 9433
f 9435 9432 9433
f 9436 9437 9440
f 9442 9436 9441
f 9246 9443 9440
f 9245 9442 9247
f 9250 9442 9245
f 9444 9250 9446
f 9447 9442 9250
f 9449 9436 9442
f 9444 9447 9250
f 9451 9448 9453
f 9444 9452 9447
f 9260 9329 9258
f 9247 9261 9249
f 9441 9259 9246
f 9262 9441 9439
f 9259 9438 9454
f 9260 9454 9333
f 9436 9454 9439
f 9451 9456 9436
f 9459 9456 9450
f 9450 9436 9447
f 9458 9451 9460
f 9451 9452 9460
f 9344 9332 9454
f 9356 9344 9454
f 9455 9454 9436
f 9457 9454 9456
f 9457 9356 9454
f 9396 9356 9459
f 9461 9463 9464
f 9461 9466 9463
f 9468 9467 9461
f 9470 9446 9251
f 9470 9251 9282
f 9469 9282 9471
f 9282 9280 9471
f 9250 9251 9445
f 9445 9470 9472
f 9444 9445 9472
f 9469 9471 9473
f 9469 9473 9472
f 9453 9444 9472
f 9471 8794 9473
f 8794 9471 9280
f 9280 9474 8794
f 9285 9474 9281
f 9285 9286 9474
f 9474 9287 9476
f 9475 8794 9474
f 9478 9479 9480
f 9463 9480 9479
f 9481 9478 9483
f 9486 9481 9487
f 8796 9472 9473
f 8794 8797 9473
f 9453 9472 8796
f 9483 9490 9492
f 9480 9462 9496
f 9496 9462 9467
f 9496 9483 9480
f 9477 9480 9483
f 9484 9488 9482
f 9489 9485 9492
f 9468 9499 9502
f 8804 9460 9453
f 9397 9457 9398
f 9503 9466 9468
f 9503 9506 9467
f 9504 9508 9506
f 9510 9503 9512
f 9514 9460 8804
f 9457 9460 9514
f 9503 9509 9508
f 9508 9516 9518
f 9509 9515 9508
f 9509 9513 9519
f 8804 9453 8800
f 8796 8800 9453
f 9521 9491 9522
f 9521 9526 9491
f 9505 9496 9467
f 9483 9496 9523
f 9496 9507 9522
f 9522 9491 9483
f 9527 9522 9506
f 9527 9506 9518
f 9528 9527 9518
f 9530 9524 9521
f 9531 9529 9521
f 9527 9521 9522
f 9533 9531 9521
f 9534 9532 9533
f 9534 9533 9528
f 9534 8820 9531
f 8828 9530 9531
f 8825 8828 8820
f 9531 8821 8829
f 9533 9521 9527
f 9528 9533 9527
f 9518 9506 9508
f 9503 9468 9500
f 9431 9513 9500
f 9500 9511 9503
f 9498 9424 9431
f 9501 9499 9431
f 9430 9535 9513
f 9536 9431 9423
f 9513 9535 9520
f 9325 9322 9367
f 9538 9327 9325
f 9325 9368 9539
f 9540 9539 9368
f 9539 9541 9542
f 9540 9544 9543
f 9539 9538 9325
f 9542 9538 9539
f 9545 9538 9543
f 9371 9540 9368
f 9546 9328 9327
f 8913 8912 9328
f 8913 9328 9546
f 9545 9327 9538
f 9548 9546 9327
f 9545 9547 9327
f 9549 8914 9546
f 9549 9546 9547
f 9550 9543 9544
f 9545 9543 9550
f 9544 9551 9550
f 9550 9551 9553
f 9553 9545 9550
f 9552 9556 9554
f 9556 9551 9557
f 9544 9540 9372
f 9372 9551 9544
f 9552 9372 9375
f 9551 9375 9382
f 9382 9558 9552
f 9547 9545 9554
f 9560 9547 9554
f 9549 9547 9562
f 9559 9561 9548
f 9549 9562 8960
f 9563 9560 9553
f 9563 9555 9556
f 9564 9560 9563
f 9566 9562 9560
f 8979 9561 9566
f 9564 9566 9559
f 9568 8979 9566
f 8960 8913 9549
f 9562 8978 8960
f 8979 8978 9562
f 8980 8979 9569
f 9570 9556 9557
f 9572 9556 9570
f 9570 9573 9572
f 9570 9574 9573
f 9575 9574 9570
f 9576 9574 9575
f 9557 9382 9402
f 9577 9558 9403
f 9577 9570 9558
f 9405 9577 9403
f 9410 9577 9406
f 9575 9577 9410
f 9575 9570 9577
f 9572 9563 9556
f 9564 9563 9572
f 9564 9571 9573
f 9567 9565 9564
f 9578 9567 9564
f 9574 9564 9573
f 9579 9564 9574
f 9579 9578 9564
f 9411 9575 9410
f 9581 9575 9411
f 9581 9576 9575
f 9582 9411 9408
f 9582 9581 9411
f 9581 9583 9576
f 9585 9580 9584
f 9583 9574 9576
f 9580 9574 9584
f 9579 9587 9578
f 9590 9578 9587
f 9587 9579 9585
f 9591 9583 9581
f 9585 9583 9591
f 9591 9593 9585
f 9593 9587 9586
f 9594 9587 9593
f 9433 9595 9596
f 9433 9598 9595
f 9598 9433 9429
f 9599 9433 9597
f 9601 9599 9596
f 9602 9435 9599
f 9434 9433 9599
f 9603 9596 9604
f 9606 9603 9605
f 9601 9596 9603
f 9607 9601 9603
f 9569 8979 9568
f 9609 9567 9578
f 9569 9567 9609
f 8982 9569 8996
f 9609 8996 9569
f 9589 9609 9578
f 9588 9610 9609
f 9610 8996 9609
f 9611 8996 9610
f 9611 8999 8996
f 9612 9610 9590
f 9610 9612 9613
f 9587 9612 9590
f 9594 9612 9587
f 9616 9612 9594
f 9617 9613 9612
f 9618 9620 9606
f 9622 9004 9611
f 9611 9610 9613
f 9611 9005 8999
f 9623 9005 9622
f 9611 9613 9622
f 9625 9622 9613
f 9613 9615 9626
f 9626 9623 9622
f 9627 9623 9626
f 9621 9603 9606
f 8803 8805 9630
f 8807 9632 8805
f 8805 9631 9634
f 8815 9632 8807
f 9632 8815 8818
f 9401 9427 9399
f 9427 9401 9635
f 9637 9427 9635
f 9639 9635 9643
f 9641 9637 9635
f 9637 9641 9647
f 9650 9645 9639
f 9651 9650 9638
f 9649 9651 9652
f 9653 9582 9408
f 9653 9408 9655
f 9656 9653 9655
f 9582 9656 9655
f 9582 9653 9656
f 9427 9637 9426
f 9432 9657 9423
f 9657 9432 9658
f 9655 9409 9428
f 9658 9432 9435
f 9659 9435 9602
f 9428 9426 9637
f 9660 9428 9637
f 9657 9664 9666
f 9664 9657 9658
f 9648 9669 9671
f 9648 9671 9646
f 9671 9667 9673
f 9674 9666 9665
f 9652 9680 9676
f 9677 9679 9666
f 9677 9682 9652
f 9668 9650 9652
f 9668 9652 9681
f 9646 9660 9637
f 9663 9646 9684
f 9644 9671 9684
f 9685 9682 9674
f 9682 9685 9687
f 9688 9664 9659
f 9682 9672 9668
f 9675 9665 9685
f 9582 9655 9689
f 9689 9654 9691
f 9691 9655 9428
f 9691 9428 9662
f 9685 9664 9688
f 9685 9688 9692
f 9658 9602 9693
f 9688 9658 9694
f 9688 9695 9692
f 9691 9661 9684
f 9697 9683 9671
f 9670 9673 9698
f 9699 9698 9673
f 9686 9673 9682
f 9701 9691 9684
f 9684 9703 9701
f 9684 9698 9702
f 9699 9702 9698
f 9705 9701 9702
f 9705 9704 9699
f 9707 9690 9701
f 9689 9690 9707
f 9705 9706 9701
f 9709 9711 9712
f 9715 9709 9713
f 9716 9707 9705
f 9718 9705 9699
f 9715 9718 9699
f 9712 9718 9714
f 9699 9672 9687
f 9692 9687 9685
f 9687 9692 9708
f 9687 9715 9700
f 9715 9686 9709
f 9692 9710 9709
f 9398 9457 9719
f 9721 9719 9722
f 8803 9723 9514
f 9457 9514 9719
f 9719 9514 9722
f 9725 9727 9729
f 9514 9724 9722
f 9722 9724 9730
f 9722 9730 9721
f 9723 9732 9731
f 9733 9730 9732
f 9721 9730 9734
f 9730 9733 9734
f 9733 9732 9735
f 9733 9737 9738
f 9733 9738 9739
f 9739 9738 9727
f 9398 9719 9401
f 9743 9400 9719
f 9744 9519 9745
f 9746 9748 9744
f 9744 9745 9750
f 9515 9751 9725
f 9725 9518 9516
f 9725 9728 9517
f 9509 9520 9751
f 9751 9515 9510
f 9751 9727 9725
f 9751 9744 9726
f 9727 9748 9739
f 9727 9744 9748
f 9744 9751 9520
f 9721 9734 9752
f 9401 9643 9636
f 9401 9742 9642
f 9754 9642 9741
f 9753 9743 9752
f 9753 9752 9755
f 9720 9721 9742
f 9741 9721 9752
f 9756 9752 9734
f 9734 9757 9756
f 9747 9678 9758
f 9759 9740 9746
f 9678 9756 9759
f 9638 9642 9754
f 9754 9651 9640
f 9651 9754 9756
f 9680 9746 9750
f 9747 9744 9750
f 9678 9651 9756
f 9733 9760 9734
f 9759 9733 9739
f 9749 9747 9740
f 8803 9514 8804
f 9732 9724 8803
f 9732 8802 9629
f 9761 9630 9762
f 9761 9732 9630
f 9735 9732 9761
f 9736 9761 9738
f 8805 9762 9629
f 8806 9633 9762
f 9764 9763 9633
f 9765 9633 8819
f 9528 9767 9534
f 9765 8820 9767
f 9534 9767 8820
f 9766 9761 9762
f 9764 9738 9761
f 9738 9765 9767
f 9767 9528 9729
f 9728 9528 9518
f 9729 9727 9738
f 9738 9767 9729
f 9632 8817 9633
f 9633 8818 8821
f 9745 9520 9536
f 9745 9537 9657
f 9657 9536 9423
f 9666 9750 9745
f 9666 9745 9657
f 9678 9750 9666
f 9680 9652 9651
f 9768 9581 9582
f 9770 9592 9591
f 9594 9592 9769
f 9591 9581 9768
f 9771 9768 9582
f 9591 9768 9769
f 9602 9600 9601
f 9602 9601 9773
f 9603 9621 9608
f 9773 9601 9608
f 9774 9608 9776
f 9608 9621 9776
f 9694 9602 9773
f 9773 9775 9778
f 9778 9696 9773
f 9696 9778 9779
f 9781 9778 9775
f 9773 9608 9774
f 9782 9775 9777
f 9769 9783 9594
f 9616 9594 9783
f 9784 9615 9783
f 9785 9784 9783
f 9787 9619 9789
f 9790 9787 9792
f 9794 9625 9614
f 9784 9794 9614
f 9627 9626 9794
f 9795 9627 9794
f 9794 9784 9797
f 9785 9797 9784
f 9794 9797 9796
f 9795 9797 9798
f 9800 9795 9799
f 9792 9787 9789
f 9801 9789 9802
f 9793 9789 9801
f 9793 9801 9804
f 9785 9783 9769
f 9769 9805 9785
f 9797 9806 9799
f 9808 9807 9797
f 9803 9809 9792
f 9787 9776 9620
f 9777 9787 9790
f 9791 9782 9777
f 9790 9792 9809
f 9810 9812 9772
f 9812 9811 9813
f 9771 9814 9768
f 9815 9769 9768
f 9805 9769 9814
f 9812 9814 9771
f 9816 9812 9819
f 9818 9815 9812
f 9821 9817 9820
f 9823 9821 9820
f 9805 9815 9818
f 9825 9805 9817
f 9821 9825 9818
f 9582 9689 9771
f 9811 9772 9689
f 9779 9692 9694
f 9779 9711 9692
f 9826 9711 9779
f 9779 9778 9826
f 9778 9780 9826
f 9828 9826 9780
f 9829 9689 9707
f 9829 9707 9716
f 9689 9830 9811
f 9829 9813 9810
f 9829 9716 9813
f 9813 9716 9824
f 9717 9712 9832
f 9718 9824 9716
f 9823 9718 9832
f 9834 9713 9710
f 9718 9716 9705
f 9833 9711 9827
f 9832 9712 9833
f 9819 9812 9813
f 9835 9822 9831
f 9819 9813 9824
f 9832 9834 9836
f 9828 9834 9827
f 9837 9780 9775
f 9838 9775 9782
f 9837 9775 9839
f 9781 9837 9828
f 9837 9840 9828
f 9828 9841 9834
f 9841 9842 9834
f 9836 9834 9842
f 9840 9837 9838
f 9844 9842 9841
f 9838 9844 9840
f 9836 9843 9847
f 9844 9847 9842
f 9847 9848 9836
f 9821 9823 9848
f 9848 9823 9836
f 9849 9786 9805
f 9850 9785 9849
f 9808 9797 9785
f 9851 9806 9808
f 9808 9785 9850
f 9849 9805 9825
f 9852 9849 9825
f 9825 9821 9853
f 9853 9821 9855
f 9855 9821 9848
f 9855 9848 9856
f 9849 9853 9850
f 9855 9858 9854
f 9862 9855 9857
f 9855 9860 9859
f 9850 9853 9858
f 9863 9865 9857
f 9865 9860 9857
f 9866 9851 9808
f 9868 9850 9858
f 9808 9850 9868
f 9862 9870 9859
f 9859 9870 9868
f 9868 9870 9872
f 9872 9871 9861
f 9865 9872 9860
f 9865 9873 9872
f 9866 9808 9868
f 9872 9876 9869
f 9878 9872 9873
f 9866 9868 9880
f 9868 9877 9880
f 9872 9878 9876
f 9881 9879 9874
f 9879 9882 9877
f 9876 9882 9880
f 9884 9839 9782
f 9883 9782 9790
f 9884 9790 9885
f 9839 9884 9845
f 9887 9844 9884
f 9884 9886 9887
f 9886 9790 9809
f 9886 9809 9887
f 9845 9888 9846
f 9889 9844 9887
f 9857 9848 9847
f 9889 9857 9846
f 9889 9863 9857
f 9864 9887 9890
f 9887 9863 9889
f 9890 9887 9809
f 9891 9890 9809
f 9892 9863 9890
f 9891 9892 9890
f 9865 9863 9875
f 9875 9863 9892
f 9873 9893 9894
f 9894 9893 9891
f 9894 9881 9875
f 9895 1521 1524
f 9896 9895 1529
f 9897 9898 9901
f 9902 9897 9900
f 9903 9902 9905
f 9906 1702 1700
f 1807 1810 9907
f 9909 1704 1701
f 9910 9906 1809
f 9911 9910 1808
f 9908 1702 9906
f 9909 9910 9913
f 9906 9910 9909
f 1773 1708 9914
f 9915 9914 1708
f 1704 9908 1708
f 9913 1708 9909
f 9915 1708 9913
f 9916 9918 9915
f 9911 9913 9910
f 9913 9917 9915
f 9913 9911 9916
f 9921 9923 9924
f 9924 9911 9920
f 9911 9926 9916
f 9926 9928 9917
f 9929 9926 9930
f 9925 9927 9912
f 9932 9924 9933
f 9931 9930 9926
f 9924 9931 9927
f 9934 3608 9935
f 9936 9937 1797
f 9938 9939 9940
f 1797 9940 9939
f 9937 1801 1800
f 3608 1801 9935
f 9937 9935 1801
f 9941 9939 9944
f 9936 1797 9946
f 9941 1797 9939
f 9942 9946 1797
f 9946 9934 9936
f 3608 9934 9949
f 9945 9950 9934
f 9949 9934 9950
f 9947 9941 9954
f 9943 9956 9941
f 9479 9951 9941
f 9950 9946 9954
f 9957 9919 9916
f 9918 9957 9938
f 9959 9938 9958
f 9928 9957 9916
f 9959 9957 9928
f 9938 9944 9939
f 9938 9959 9944
f 9960 9911 1808
f 9911 9960 9921
f 1520 1521 9961
f 9933 9923 9964
f 9965 9966 9969
f 9970 9966 9972
f 9971 9964 9970
f 9971 9966 9965
f 9964 9971 9974
f 9933 9924 9923
f 9968 9975 9965
f 9977 9898 9897
f 9978 9977 9897
f 9903 9897 9902
f 9971 9965 9975
f 9980 9975 9978
f 9973 9975 9981
f 9975 9982 9981
f 9982 9975 9980
f 9981 9982 9984
f 9984 9983 9980
f 9987 9978 9904
f 9988 9980 9978
f 9980 9988 9984
f 9989 9978 9987
f 9931 9991 9992
f 9498 9993 9424
f 9994 9931 9992
f 9993 9930 9931
f 9419 9992 9598
f 9992 9990 9598
f 9994 9419 9424
f 9419 9995 9992
f 9991 9595 9598
f 9429 9420 9598
f 9956 9943 9464
f 9956 9479 9941
f 9462 9479 9956
f 9462 9955 9465
f 9481 9950 9952
f 9477 9481 9954
f 9477 9953 9479
f 9959 9928 9998
f 9465 9959 9997
f 9930 9499 9928
f 9998 9928 9498
f 9959 9465 9943
f 9498 9468 9998
f 9998 9468 9465
f 9996 9497 9930
f 9465 9468 9461
f 9971 9999 9974
f 9974 10000 10001
f 10007 9974 10002
f 9933 10009 9991
f 9933 9964 10008
f 9991 9931 9933
f 9964 9974 10009
f 10006 10008 9974
f 9595 9990 10008
f 9595 10008 10004
f 9971 9981 9999
f 10010 9981 9985
f 10011 10010 9986
f 10010 9999 9981
f 10010 10001 10000
f 10013 9988 9987
f 10011 9984 9989
f 9988 10014 10011
f 10015 9989 10012
f 9604 10002 10010
f 10016 10014 10012
f 10003 9597 10006
f 10005 9596 9595
f 9596 10001 9604
f 10010 10011 9604
f 10019 10011 10014
f 9605 10011 9618
f 9606 9604 9618
f 9618 10011 10019
f 10020 10019 10015
f 10021 9802 10019
f 9618 10019 9788
f 9621 9618 9788
f 9789 10019 9802
f 10022 1521 9895
f 1521 10022 9962
f 9895 1523 1529
f 10022 9895 9896
f 9901 10022 9896
f 9961 10022 9898
f 9898 10022 9900
f 9902 9900 9905
f 1791 1773 9914
f 1790 9914 9918
f 9914 9915 9919
f 9935 9937 9934
f 9937 9936 9934
f 1795 1772 1774
f 1790 9940 1774
f 9938 9940 1790
f 9940 1795 1774
f 1798 1787 1797
f 9940 1793 1794
f 9940 1797 1792
f 9918 9938 1790
f 9937 1799 1797
f 1798 9937 1800
f 1810 1761 10024
f 1761 1760 10024
f 1808 10024 9960
f 9960 10024 10026
f 10026 1758 1812
f 10027 10025 1812
f 10026 10023 1758
f 10028 9960 10026
f 10030 9960 10029
f 1812 9962 10031
f 10032 10027 1812
f 10032 10029 10027
f 10029 10026 10027
f 10029 10032 9970
f 9906 1700 1807
f 1812 1520 9961
f 9968 10032 9961
f 9920 9960 10030
f 10030 9922 9920
f 10030 10029 9970
f 9963 10030 9970
f 10030 9964 9923
f 10032 9966 9970
f 9968 9966 10031
f 9977 9961 9898
f 9968 9961 9976
f 9975 9967 9976
f 9975 9977 9979
f 9897 9903 9978
f 10034 2500 2497
f 2506 2504 10035
f 10035 2504 2507
f 2497 2506 10035
f 10036 2507 2564
f 10035 2507 10038
f 2507 10037 10041
f 10042 2497 10035
f 10042 10035 10038
f 10042 10039 10043
f 10046 10038 10036
f 2499 10048 2502
f 10049 10048 2499
f 10049 2499 10033
f 10050 10033 2497
f 10050 2497 10042
f 10034 10051 10049
f 10053 10049 10051
f 10054 10051 10056
f 10051 10055 10053
f 10058 10042 10043
f 10050 10042 10058
f 10043 10040 10046
f 10060 10046 10036
f 10061 10047 10060
f 10062 10034 10050
f 10062 10051 10034
f 10058 10062 10050
f 10063 10062 10058
f 10058 10065 10064
f 10066 10045 10061
f 10046 10061 10044
f 10043 10066 10058
f 10060 10067 10061
f 10067 10068 10061
f 10065 10058 10066
f 10065 10066 10073
f 10061 10071 10066
f 10051 10075 10076
f 10080 10074 10051
f 10080 10051 10062
f 10082 10080 10062
f 10081 10062 10064
f 10065 10084 10064
f 10064 10083 10081
f 10085 10084 10065
f 10087 10082 10084
f 10086 10084 10088
f 10072 10061 10068
f 10065 10073 10085
f 10071 10068 10089
f 10069 10090 10092
f 10089 10070 10092
f 10085 10088 10084
f 10088 10085 10093
f 10093 10085 10095
f 10095 10085 10073
f 10089 10095 10073
f 10092 10097 10089
f 10036 2564 10098
f 10100 10036 10098
f 10098 2565 2566
f 10098 2566 2570
f 10098 10101 10100
f 10098 2570 10101
f 10101 2570 10102
f 10099 10060 10036
f 10060 10100 10101
f 10101 10067 10059
f 10101 10104 10067
f 10104 10101 10103
f 10104 10103 10107
f 2570 2576 10108
f 2577 2601 10108
f 10103 2570 10108
f 10110 10108 2601
f 10108 10109 10103
f 10109 2601 2602
f 10106 10102 10110
f 10110 2602 10111
f 2596 10113 2603
f 2602 2603 10114
f 2597 2609 2612
f 10114 2603 10113
f 10113 2596 2613
f 2612 2614 3313
f 10113 2612 10116
f 10115 10111 2602
f 10118 10110 10111
f 10107 10109 10118
f 10115 10119 10111
f 10067 10091 10068
f 10067 10104 10091
f 10091 10105 10120
f 10120 10104 10107
f 10091 10121 10122
f 10123 10122 10120
f 10122 10092 10091
f 10122 10124 10092
f 10118 10121 10107
f 10118 10123 10120
f 10123 10118 10111
f 10123 10111 10119
f 8794 9475 10125
f 9475 10126 10125
f 10127 10126 9475
f 10130 10126 10129
f 8795 8794 10125
f 10126 10130 10132
f 10132 10131 10135
f 10137 10132 10134
f 10126 10132 10138
f 10133 10139 10138
f 10132 10136 10139
f 10140 10137 10141
f 8799 8795 10142
f 10144 10142 8795
f 10144 8795 10125
f 10125 10126 10144
f 10145 10126 10138
f 10126 10145 10144
f 10145 10146 10143
f 10147 10145 10149
f 10149 10145 10150
f 10152 10153 10155
f 8810 10142 10146
f 10146 10142 10144
f 10142 8810 8798
f 8810 10146 10157
f 10156 10159 8827
f 10162 10156 8827
f 8823 8809 10158
f 10157 8809 8810
f 8823 10157 8830
f 8830 10157 10163
f 8830 10162 8827
f 10164 10146 10149
f 10149 10150 10164
f 10164 10157 10148
f 10156 10154 10160
f 10162 10158 10164
f 10164 10150 10162
f 10156 10162 10152
f 10165 10167 10138
f 10138 10139 10165
f 10145 10138 10167
f 10168 10145 10167
f 10168 10151 10145
f 10169 10170 10172
f 10172 10162 10173
f 10151 10168 10173
f 10175 10173 10168
f 10173 10161 10150
f 10176 10152 10178
f 10172 10178 10152
f 10171 10152 10162
f 10178 10172 10170
f 10168 10167 10165
f 10175 10168 10166
f 10173 10175 10169
f 10180 10166 10181
f 10179 10174 10166
f 10169 10174 10179
f 10173 10169 10172
f 10140 10139 10136
f 10182 10139 10140
f 10165 10139 10181
f 10181 10139 10182
f 10182 10185 10181
f 10185 10182 10188
f 10189 10184 10186
f 10189 10187 10190
f 10190 10191 10189
f 10181 10194 10180
f 10194 10181 10185
f 10189 10193 10184
f 10192 10170 10169
f 10189 10192 10193
f 10180 10193 10169
f 10193 10192 10169
f 10140 10141 10195
f 10140 10197 10183
f 10188 10182 10197
f 10200 10190 10188
f 10188 10198 10199
f 9199 9200 10201
f 9212 9199 10201
f 10203 9212 10201
f 10204 10201 10206
f 10207 10206 10208
f 1210 1203 9200
f 10202 9200 1203
f 10201 1203 2796
f 10206 10201 2796
f 10206 2796 10209
f 9211 9212 9217
f 9212 10204 9217
f 10210 9217 10203
f 10210 10203 10212
f 9217 10213 9218
f 9217 10210 10215
f 10215 10210 10211
f 10211 10216 10213
f 10207 10204 10205
f 10211 10203 10207
f 10217 10218 10079
f 10220 10222 10219
f 10223 10220 10219
f 10223 10218 10217
f 10226 10224 10228
f 10223 10217 10229
f 10211 10230 10216
f 10232 10216 10231
f 10207 10230 10211
f 10234 10232 10230
f 10234 10236 10232
f 10238 10234 10239
f 10235 10220 10223
f 10220 10235 10240
f 10225 10233 10236
f 10226 10237 10223
f 10218 10221 10075
f 10080 10218 10075
f 10217 10080 10082
f 10081 10087 10217
f 10229 10217 10087
f 9270 9220 9219
f 9271 10213 10241
f 10241 10214 10216
f 10215 9271 9219
f 9275 9268 9271
f 9275 9271 9284
f 9284 9271 10241
f 10244 10241 10245
f 10241 10216 10246
f 10246 10216 10247
f 10248 10227 10229
f 10216 10232 10247
f 10251 10233 10225
f 10249 10250 10226
f 10251 10247 10233
f 10252 10247 10251
f 10246 10245 10241
f 10246 10247 10253
f 10252 10253 10247
f 9274 9284 10256
f 10244 9284 10241
f 9284 10244 10256
f 10256 9287 9274
f 9475 9286 10256
f 9475 10257 10127
f 10244 10127 10256
f 10258 10245 10246
f 10259 10244 10245
f 10262 10243 10260
f 10262 10261 10263
f 10264 10258 10255
f 10259 10246 10254
f 10262 10127 10242
f 10128 10262 10130
f 10263 10260 10264
f 10263 10264 10135
f 10131 10262 10263
f 10263 10134 10130
f 10248 10229 10087
f 10088 10249 10087
f 10088 10265 10249
f 10267 10248 10265
f 10266 10265 10271
f 10273 10093 10095
f 10265 10088 10094
f 10093 10271 10265
f 10270 10094 10273
f 10274 10275 10269
f 10276 10278 10272
f 10250 10248 10266
f 10252 10251 10268
f 10268 10280 10252
f 10279 10268 10269
f 10272 10277 10280
f 10254 10252 10282
f 10281 10252 10279
f 10280 10278 10284
f 10286 10278 10276
f 10283 10278 10285
f 10288 10284 10285
f 10282 10280 10283
f 10089 10097 10095
f 10291 10095 10096
f 10095 10289 10273
f 10274 10292 10276
f 10292 10274 10290
f 10097 10092 10294
f 10285 10276 10293
f 10285 10292 10295
f 10290 10295 10292
f 10295 10290 10296
f 10297 10097 10294
f 10294 10300 10299
f 10291 10097 10299
f 10295 10298 10302
f 10295 10301 10304
f 10302 10296 10305
f 10306 10299 10300
f 10302 10305 10307
f 10295 10310 10285
f 10285 10309 10288
f 10308 10295 10304
f 10303 10287 10308
f 10287 10303 10311
f 10303 10301 10307
f 10312 10303 10307
f 10264 10254 10282
f 10264 10282 10135
f 10283 10288 10282
f 10135 10282 10313
f 10282 10288 10311
f 10313 10282 10311
f 10311 10315 10316
f 10317 10319 10321
f 10320 10319 10323
f 10318 10323 10319
f 10324 10318 10325
f 10326 10323 10327
f 10323 10318 10328
f 10324 10328 10318
f 10328 10327 10322
f 10322 10326 10330
f 2613 3313 10331
f 10331 3313 3634
f 10116 2611 10331
f 10331 10333 10335
f 10335 10333 10336
f 10115 10337 10119
f 10338 10112 10116
f 10113 10339 10114
f 10117 10331 10335
f 10341 10337 10117
f 10335 10336 10342
f 10341 10116 10335
f 10345 10337 10341
f 10335 10344 10346
f 10341 10335 10347
f 10347 10342 10349
f 10341 10346 10350
f 10345 10340 10350
f 10350 10351 10345
f 10350 10348 10349
f 10354 10357 10350
f 10358 10122 10123
f 10124 10294 10092
f 10359 10122 10358
f 10124 10122 10359
f 10359 10294 10124
f 10358 10360 10359
f 10361 10360 10358
f 10119 10362 10123
f 10358 10123 10362
f 10363 10338 10345
f 10119 10337 10363
f 10362 10119 10363
f 10360 10365 10359
f 10360 10367 10365
f 10367 10360 10369
f 10373 10368 10374
f 10376 10367 10378
f 10374 10368 10375
f 10374 10375 10379
f 10382 10386 10374
f 10345 10351 10388
f 10363 10345 10388
f 10352 10350 10389
f 10388 10351 10389
f 10388 10377 10363
f 10350 10357 10389
f 10391 10390 10357
f 10378 10388 10389
f 10391 10378 10389
f 10378 10392 10376
f 10376 10391 10383
f 10380 10391 10393
f 10384 10394 10395
f 10363 10360 10362
f 10369 10360 10363
f 10378 10371 10363
f 10378 10367 10370
f 10381 10396 10385
f 10397 10385 10396
f 10357 10353 10398
f 10400 10399 10404
f 2842 2850 3642
f 3640 3642 10405
f 3642 10406 10405
f 10406 3642 2850
f 10396 10403 10404
f 10396 10404 3640
f 10396 3640 10405
f 10408 10405 10406
f 10408 10406 10409
f 10411 10407 10410
f 10412 2850 2848
f 10409 10406 2850
f 10398 10402 10357
f 10391 10356 10402
f 10393 10392 10401
f 10413 10396 10405
f 10414 10405 10407
f 10395 10394 10403
f 10403 10396 10395
f 10414 10408 10415
f 10415 10408 10411
f 10395 10396 10381
f 10397 10396 10414
f 10416 10397 10414
f 10416 10414 10415
f 10416 10415 10418
f 10411 10410 10419
f 10420 10412 2847
f 10420 2847 2854
f 10420 2854 10421
f 10422 10420 10421
f 10423 10421 10424
f 10409 2849 10412
f 10419 10410 10412
f 10419 10412 10425
f 10412 10420 10422
f 10423 10425 10412
f 10426 10411 10419
f 10415 10411 10426
f 10427 10415 10426
f 10426 10419 10425
f 10425 10423 10429
f 10429 10423 10430
f 10426 10431 10427
f 10425 10431 10426
f 10431 10425 10429
f 10432 10431 10429
f 10431 10432 10427
f 10433 10428 10432
f 10430 10423 10434
f 10429 10430 10435
f 10429 10436 10438
f 10438 10432 10429
f 10300 10294 10365
f 10359 10365 10294
f 10439 10364 10373
f 10439 10372 10440
f 10364 10368 10372
f 10366 10306 10300
f 10439 10305 10364
f 10307 10305 10441
f 10441 10305 10439
f 10307 10441 10312
f 10441 10439 10440
f 10441 10440 10442
f 10374 10440 10372
f 10386 10440 10374
f 10444 10440 10387
f 10441 10442 10312
f 10443 10440 10444
f 10312 10443 10444
f 10385 10397 10446
f 10446 10397 10416
f 10445 10385 10446
f 10446 10416 10448
f 10445 10446 10448
f 10444 10315 10312
f 10449 10314 10444
f 10449 10444 10451
f 10450 10445 10448
f 10452 10447 10455
f 10455 10448 10456
f 10418 10456 10416
f 10448 10416 10456
f 10458 10326 10327
f 10459 10458 10327
f 10457 10461 10465
f 10466 10463 10467
f 10458 10467 10463
f 10418 10427 10456
f 10417 10415 10427
f 10433 10456 10428
f 10469 10456 10433
f 10471 10433 10432
f 10432 10438 10471
f 10433 10471 10468
f 10468 10471 10472
f 10474 10472 10471
f 10473 10471 10438
f 10454 10456 10470
f 10475 10477 10478
f 10476 10475 10480
f 10462 10483 10480
f 10483 10476 10482
f 10484 10462 10485
f 10483 10492 10476
f 2854 2950 10421
f 10424 10421 2950
f 10424 2950 2952
f 2952 2953 10493
f 2952 10495 10424
f 10495 2952 10494
f 10423 10424 10434
f 10434 10424 10495
f 10434 10495 10496
f 10497 10496 10495
f 10493 2953 2958
f 10498 2957 10500
f 10497 10493 2958
f 10497 2958 10499
f 10495 10494 10497
f 10502 10497 10498
f 10496 10435 10434
f 10430 10434 10436
f 10503 10435 10496
f 10503 10507 10435
f 10509 10504 10496
f 10506 10503 10509
f 10496 10497 10508
f 2958 2959 2985
f 10500 2958 2985
f 10505 10438 10437
f 10511 10438 10506
f 10478 10476 10512
f 10514 10513 10476
f 10512 10514 10515
f 10512 10515 10516
f 10514 10476 10490
f 10518 10515 10514
f 10515 10521 10516
f 10518 10521 10515
f 10523 10524 10521
f 10523 10520 10519
f 10524 10522 10525
f 9486 10526 10530
f 10528 9486 10531
f 10533 10528 10536
f 10531 10535 10527
f 10325 10533 10536
f 10537 10536 10531
f 9492 10531 9489
f 9489 10531 9486
f 10313 10311 10316
f 10313 10137 10135
f 10137 10313 10141
f 10141 10313 10316
f 10325 10536 10539
f 10325 10538 10324
f 10538 10534 10537
f 10538 10540 10324
f 10543 10329 10324
f 10538 10537 10540
f 10544 10540 10537
f 10545 10540 10544
f 10545 10547 10540
f 10548 10543 10324
f 10540 10548 10324
f 10549 10541 10547
f 10550 10549 10547
f 10542 10548 10553
f 10548 10551 10553
f 10554 10552 10550
f 10555 10531 9494
f 9491 9524 9493
f 9525 10555 9495
f 10556 9526 9529
f 10557 10531 10555
f 10557 10537 10531
f 10537 10557 10544
f 10177 10544 10557
f 10154 10557 10555
f 10160 10153 10555
f 10176 10557 10153
f 10153 10152 10176
f 8828 10160 9529
f 10160 10555 9530
f 8827 10159 8828
f 10545 10176 10178
f 10177 10545 10544
f 10178 10170 10547
f 10545 10178 10546
f 10547 10170 10551
f 10170 10554 10551
f 10554 10170 10191
f 10316 10315 10558
f 10560 10558 10315
f 10449 10560 10315
f 10561 10560 10449
f 10543 10460 10327
f 10328 10543 10327
f 10562 10467 10460
f 10563 10460 10542
f 10563 10562 10460
f 10467 10562 10466
f 10561 10449 10451
f 10562 10564 10466
f 10558 10141 10316
f 10197 10140 10196
f 10141 10558 10196
f 10566 10196 10559
f 10196 10569 10197
f 10568 10195 10566
f 10570 10571 10553
f 10554 10570 10553
f 10571 10570 10572
f 10558 10560 10567
f 10573 10560 10561
f 10566 10560 10573
f 10574 10566 10573
f 10567 10574 10569
f 10575 10574 10578
f 10572 10579 10571
f 10572 10581 10580
f 10573 10583 10574
f 10573 10561 10582
f 10574 10583 10577
f 10584 10577 10582
f 10584 10586 10577
f 10563 10543 10553
f 10563 10553 10571
f 10587 10562 10563
f 10587 10563 10571
f 10562 10587 10588
f 10564 10562 10588
f 10587 10571 10580
f 10588 10587 10580
f 10589 10580 10581
f 10589 10588 10580
f 10581 10586 10590
f 10561 10453 10592
f 10591 10452 10455
f 10582 10561 10593
f 10584 10583 10593
f 10561 10592 10593
f 10595 10593 10592
f 10588 10596 10564
f 10455 10598 10591
f 10584 10593 10601
f 10584 10601 10586
f 10590 10585 10601
f 10590 10601 10602
f 10590 10589 10581
f 10589 10590 10607
f 10604 10607 10590
f 10601 10593 10595
f 10601 10595 10610
f 10611 10595 10592
f 10610 10594 10611
f 10603 10601 10610
f 10588 10589 10596
f 10589 10607 10613
f 10596 10589 10615
f 10617 10608 10606
f 10614 10608 10617
f 10619 10591 10599
f 10599 10620 10618
f 10619 10612 10591
f 10609 10612 10618
f 10609 10618 10622
f 10621 10605 10609
f 10617 10606 10622
f 10623 10617 10625
f 10622 10625 10617
f 10622 10618 10627
f 10622 10627 10625
f 10618 10620 10628
f 10618 10628 10627
f 10457 10460 10467
f 10466 10486 10463
f 10466 10564 10487
f 10630 10484 10489
f 10565 10629 10488
f 10597 10631 10629
f 10600 10455 10469
f 10633 10599 10468
f 10470 10472 10633
f 10631 10491 10483
f 10631 10483 10630
f 10634 10491 10631
f 10635 10634 10631
f 10636 10639 10634
f 10565 10597 10629
f 10597 10640 10631
f 10640 10597 10616
f 10624 10640 10616
f 10624 10616 10617
f 10620 10598 10632
f 10620 10633 10641
f 10628 10620 10642
f 10631 10640 10635
f 10624 10635 10640
f 10636 10635 10643
f 10645 10625 10626
f 10627 10628 10645
f 10624 10625 10643
f 10645 10646 10625
f 10644 10625 10646
f 10624 10643 10635
f 10635 10637 10634
f 10643 10648 10637
f 10554 10191 10649
f 10649 10572 10554
f 10200 10649 10190
f 10191 10190 10649
f 10198 10569 10200
f 10651 10200 10569
f 10649 10200 10651
f 10650 10568 10575
f 10650 10653 10649
f 10572 10649 10652
f 10652 10650 10576
f 10554 10572 10570
f 10568 10574 10575
f 10652 10575 10581
f 10572 10653 10581
f 10575 10578 10586
f 10586 10581 10575
f 10634 10514 10490
f 10638 10514 10634
f 10639 10519 10514
f 10655 10519 10639
f 10501 10499 10500
f 10657 10506 10508
f 10508 10497 10502
f 10501 10500 10659
f 10660 10501 10659
f 10501 10662 10508
f 10657 10509 10661
f 10660 10662 10501
f 10660 10659 10664
f 10657 10662 10660
f 10667 10660 10663
f 2983 2987 2985
f 2985 2987 10668
f 10668 10670 10500
f 10668 10500 2985
f 10668 10671 10669
f 10668 2986 2992
f 10672 10673 2992
f 2994 10672 2993
f 2992 2993 10672
f 10674 10673 10672
f 10668 2992 10673
f 10671 10668 10675
f 10675 10668 10673
f 10675 10673 10676
f 10677 10673 10679
f 10658 10500 10669
f 10665 10659 10669
f 10681 10671 10675
f 10669 10671 10681
f 10669 10681 10682
f 10663 10670 10683
f 10663 10683 10667
f 10684 10667 10683
f 10683 10669 10682
f 10685 10682 10689
f 10690 10680 10675
f 10676 10690 10675
f 10688 10680 10690
f 10688 10690 10691
f 10677 10691 10690
f 10691 10676 10692
f 10682 10680 10688
f 10692 10693 10691
f 10686 10688 10691
f 10687 10691 10695
f 10694 10695 10691
f 10697 10505 10657
f 10506 10697 10511
f 10511 10473 10438
f 10474 10510 10697
f 10474 10696 10698
f 10700 10696 10657
f 10700 10699 10697
f 10700 10657 10701
f 10666 10657 10660
f 10667 10702 10657
f 10684 10701 10667
f 10700 10701 10705
f 10522 10519 10706
f 10706 10707 10523
f 10684 10683 10708
f 10708 10711 10684
f 10709 10683 10682
f 10703 10684 10711
f 10710 10709 10713
f 10714 10710 10712
f 10687 10716 10682
f 10708 10682 10716
f 10717 10716 10687
f 10717 10685 10695
f 10717 10695 10721
f 10723 10717 10719
f 10712 10709 10716
f 10717 10724 10716
f 10712 10716 10725
f 10724 10726 10712
f 10725 10717 10722
f 10726 10725 10722
f 10726 10722 10721
f 10523 10707 10525
f 10727 10525 10707
f 10728 10525 10727
f 10711 10704 10703
f 10704 10711 10715
f 10730 10731 10729
f 10733 10713 10726
f 10472 10474 10734
f 10734 10633 10472
f 10734 10473 10699
f 10735 10734 10699
f 10736 10645 10628
f 10646 10645 10737
f 10738 10736 10628
f 10628 10641 10742
f 10742 10738 10628
f 10641 10633 10734
f 10647 10743 10637
f 10746 10734 10735
f 10746 10641 10734
f 10741 10642 10746
f 10743 10639 10636
f 10747 10654 10743
f 10656 10638 10744
f 10748 10746 10735
f 10746 10748 10742
f 10646 10648 10643
f 10648 10646 10736
f 10647 10736 10750
f 10750 10736 10739
f 10647 10750 10745
f 10743 10750 10747
f 10752 10747 10750
f 10750 10738 10751
f 10751 10755 10747
f 10756 10740 10742
f 10756 10742 10748
f 10756 10751 10740
f 10751 10758 10753
f 10757 10751 10756
f 10748 10735 10759
f 10760 10749 10759
f 10756 10748 10760
f 10762 10706 10656
f 10763 10699 10700
f 10699 10763 10765
f 10655 10706 10519
f 10706 10762 10766
f 10707 10706 10766
f 10763 10700 10705
f 10705 10715 10769
f 10763 10705 10769
f 10772 10763 10769
f 10773 10655 10747
f 10754 10775 10773
f 10762 10656 10774
f 10777 10762 10773
f 10777 10778 10762
f 10754 10773 10747
f 10780 10781 10755
f 10757 10780 10754
f 10754 10781 10775
f 10776 10781 10782
f 10777 10782 10779
f 10735 10698 10759
f 10765 10759 10698
f 10759 10765 10783
f 10784 10764 10786
f 10787 10790 10783
f 10786 10765 10772
f 10757 10756 10760
f 10759 10783 10761
f 10757 10760 10791
f 10785 10791 10761
f 10780 10757 10791
f 10780 10794 10781
f 10780 10791 10793
f 10783 10793 10791
f 10782 10781 10794
f 10795 10782 10793
f 10789 10794 10784
f 10789 10795 10792
f 10779 10782 10796
f 10797 10796 10782
f 10795 10797 10782
f 10797 10795 10798
f 10798 10788 10787
f 10800 10795 10788
f 10778 10767 10762
f 10768 10778 10801
f 10765 10763 10772
f 10803 10786 10772
f 10803 10772 10804
f 10801 10805 10768
f 10804 10772 10769
f 10807 10771 10808
f 10810 10796 10797
f 10779 10796 10811
f 10812 10796 10810
f 10800 10786 10802
f 10813 10797 10798
f 10799 10802 10815
f 10797 10813 10809
f 10799 10814 10813
f 10814 10803 10804
f 10778 10811 10801
f 10811 10805 10801
f 10816 10805 10811
f 10804 10769 10806
f 10808 10814 10804
f 10804 10806 10808
f 10810 10819 10811
f 10819 10810 10813
f 10823 10813 10815
f 10813 10822 10820
f 10808 10770 10825
f 10768 10727 10707
f 10768 10805 10727
f 10826 10715 10713
f 10826 10713 10732
f 10727 10805 10828
f 10769 10715 10827
f 10730 10728 10727
f 10730 10829 10832
f 10828 10730 10727
f 10730 10828 10829
f 10732 10726 10833
f 10829 10828 10834
f 10825 10769 10827
f 10835 10828 10805
f 10811 10820 10817
f 10805 10817 10835
f 10817 10837 10835
f 10822 10839 10821
f 10820 10836 10817
f 10837 10818 10839
f 10835 10834 10828
f 10835 10837 10841
f 10843 10837 10839
f 10834 10835 10840
f 10837 10842 10840
f 10841 10843 10844
f 10814 10808 10846
f 10808 10825 10847
f 10822 10814 10848
f 10848 10815 10846
f 10849 10848 10846
f 10822 10848 10850
f 10824 10852 10846
f 10849 10847 10851
f 10849 10853 10854
f 10822 10849 10855
f 10855 10857 10822
f 10822 10857 10838
f 10851 10856 10854
f 10857 10852 10859
f 10825 10826 10860
f 10732 10860 10826
f 10862 10860 10732
f 10852 10825 10860
f 10863 10839 10857
f 10857 10858 10864
f 10859 10851 10865
f 10865 10851 10860
f 10863 10858 10866
f 10858 10865 10866
f 10865 10860 10861
f 10863 10868 10839
f 10867 10868 10863
f 10868 10842 10839
f 10868 10869 10843
f 10868 10870 10869
f 10871 10866 10865
f 10872 10865 10873
f 10870 10868 10866
f 10872 10870 10866
f 2498 2501 3236
f 10048 3236 2502
f 3236 10048 3235
f 10875 3238 3234
f 3251 3238 10875
f 3235 10048 10876
f 10053 10876 10048
f 10053 10048 10049
f 10876 10874 3234
f 10875 10876 10877
f 10057 10877 10876
f 10057 10053 10878
f 10053 10055 10878
f 10055 10056 10878
f 10056 10876 10052
f 10051 10078 10057
f 10874 10879 3251
f 3250 10879 10882
f 10883 10880 10879
f 10881 10883 10884
f 10885 10886 10078
f 10886 10056 10077
f 10886 10885 10887
f 10886 10879 10875
f 10886 10875 10877
f 10886 10887 10879
f 10886 10877 10056
f 10879 10888 10883
f 10889 10883 10887
f 10883 10890 10891
f 10891 10884 10883
f 3254 3248 3249
f 3255 3249 10882
f 10880 10892 3255
f 3255 10893 3253
f 10884 10893 10880
f 10891 10895 10884
f 10884 10898 10894
f 3253 10894 3297
f 10894 10898 3297
f 10077 10074 10885
f 10885 10075 10899
f 10885 10899 10888
f 10900 10209 2797
f 2796 2797 10209
f 10901 2797 3579
f 10901 3579 3580
f 10206 10209 10901
f 10901 3580 3582
f 10900 3582 10903
f 10208 10206 10901
f 10208 10901 10903
f 10904 10208 10903
f 10903 10906 10904
f 10230 10208 10908
f 10910 10905 10912
f 10905 10910 10904
f 10908 10208 10904
f 10904 10910 10908
f 10222 10911 10899
f 10240 10911 10221
f 10912 10239 10910
f 10239 10234 10909
f 10208 10230 10207
f 10234 10908 10910
f 10234 10231 10908
f 10240 10222 10220
f 10914 3607 3608
f 10915 10914 3608
f 10914 10917 3607
f 10915 10920 10913
f 10914 10918 10917
f 10890 10887 10922
f 10921 10887 10899
f 10921 10923 10889
f 10891 10889 10923
f 10924 10891 10923
f 10911 10923 10921
f 10911 10926 10923
f 10912 10905 10927
f 10927 10905 10928
f 10923 10930 10924
f 10930 10923 10926
f 10929 10930 10926
f 10933 10925 10930
f 10924 10933 10934
f 10896 10891 10925
f 3297 10898 10936
f 10884 10895 10898
f 10936 10897 10896
f 10936 10896 10924
f 10936 10925 10934
f 10937 10935 10939
f 3597 10902 3582
f 10903 3597 10940
f 10942 3597 3596
f 10940 3597 10942
f 10940 10944 10932
f 10942 10944 10940
f 10940 10945 10903
f 10946 10940 10928
f 10928 10940 10932
f 10907 10903 10946
f 10906 10946 10928
f 10929 10933 10930
f 10943 10935 10931
f 10947 10944 10942
f 10949 10952 10944
f 10935 10943 10953
f 10938 10935 10954
f 10953 10954 10935
f 10956 10958 10954
f 10941 3596 3599
f 10941 3599 10947
f 10948 3598 10959
f 10950 10959 10955
f 3598 3601 10960
f 10959 3601 10964
f 10955 10951 10948
f 10961 10957 10955
f 10957 10962 10965
f 10911 10921 10899
f 10222 10899 10075
f 1731 3606 3604
f 10917 3604 3606
f 3623 3604 10966
f 3630 3616 3622
f 3630 3623 10968
f 10969 3629 10967
f 10970 3631 3630
f 10917 10966 3604
f 10967 3623 10966
f 10971 10968 10966
f 10330 10967 10971
f 10330 10970 10967
f 10972 10970 10330
f 9948 10915 3608
f 10915 9948 10973
f 10916 10975 10918
f 10973 9949 10530
f 9949 9950 10529
f 10530 10527 10973
f 10974 10528 10533
f 10975 10915 10973
f 10976 10973 10532
f 10917 10321 10971
f 10321 10917 10920
f 10976 10321 10919
f 10323 10971 10321
f 10315 10311 10304
f 10315 10303 10312
f 10325 10321 10975
f 10976 10533 10325
f 10317 10321 10325
f 10971 10966 10917
f 10323 10330 10971
f 3298 10977 3296
f 3295 10977 3633
f 3298 10937 10977
f 10978 3304 3633
f 10978 3312 3304
f 10939 10977 10937
f 10977 10939 10958
f 3633 10977 10958
f 3633 10958 10978
f 10979 10978 10958
f 10980 10978 10983
f 3311 10981 3634
f 10978 10982 3312
f 3634 10981 10331
f 10332 10981 10334
f 10981 10336 10333
f 10983 10336 10981
f 10343 10336 10983
f 10954 10958 10939
f 10956 10979 10958
f 10978 10979 10983
f 10983 10979 10984
f 10349 10983 10984
f 10964 3601 10985
f 10987 10979 10956
f 10986 10957 10963
f 10963 10988 10986
f 10989 10965 10992
f 10987 10984 10979
f 10987 10994 10984
f 10984 10994 10349
f 10987 10991 10994
f 10354 10349 10994
f 10344 10983 10349
f 10349 10354 10350
f 10985 3602 3600
f 10992 10985 3640
f 10985 3600 3640
f 10985 10992 10964
f 3640 3641 3642
f 10992 10399 10990
f 10991 10398 10994
f 10993 3640 10404
f 10355 10994 10398
f 10404 10399 10992
f 3643 3632 10996
f 10969 10996 3632
f 10972 10996 10969
f 10997 3643 10996
f 10997 3644 3643
f 10997 10999 3644
f 10972 10330 10326
f 10458 10972 10326
f 10458 10464 10972
f 10464 10995 10972
f 10464 10997 10996
f 10464 10479 10997
f 10999 10997 10481
f 10482 10475 10998
f 10464 10461 10481
f 11000 3667 3644
f 10999 11000 3644
f 11002 11001 10998
f 3668 3666 11001
f 3668 3670 3661
f 3669 3668 3683
f 3668 11001 11002
f 3668 11002 11003
f 11003 11004 3668
f 11005 3683 3668
f 11007 3683 11006
f 11009 11007 11004
f 11007 3681 3683
f 11010 3681 11007
f 3686 3681 11010
f 3686 11010 11011
f 11012 3687 11011
f 11011 11015 11013
f 10998 10475 11002
f 10475 10478 11002
f 11002 10478 11003
f 10513 11003 10478
f 10513 10516 11003
f 11004 11003 10517
f 10517 11008 11004
f 10521 11009 10517
f 11008 10521 10524
f 11007 11008 11010
f 11008 10524 11010
f 10524 11017 11010
f 11017 11011 11010
f 11018 11011 11017
f 11018 11016 11011
f 9481 10530 9950
f 9486 10530 9481
f 11017 10728 11018
f 11017 10524 10525
f 10525 10729 11017
f 10731 11018 10729
f 4946 690 8869
f 4946 4944 4937
f 4944 4945 4950
f 8870 11019 4946
f 4952 4949 4950
f 11019 4950 4945
f 8870 8874 11019
f 11019 11020 11021
f 8874 11020 11019
f 4950 11019 11021
f 11023 4952 4950
f 4982 4956 4952
f 11023 4983 4952
f 11024 4983 11023
f 11025 11023 4950
f 4950 11021 11025
f 11027 11023 11025
f 11028 11025 11021
f 11032 11029 11022
f 11033 11026 11025
f 11028 11033 11025
f 11027 11024 11023
f 11024 11027 11034
f 11035 11024 11033
f 8887 11020 8874
f 11020 8887 8893
f 11037 11020 8894
f 11039 11020 11037
f 11039 11021 11020
f 11030 11021 11039
f 11039 11040 11031
f 11037 8894 8895
f 11042 11039 11038
f 11042 11037 8895
f 8897 11042 8896
f 11042 11040 11039
f 11043 11041 11042
f 11044 11043 11042
f 11040 11043 11045
f 11046 11033 11028
f 11047 11028 11031
f 11048 11030 11040
f 11048 11047 11031
f 11033 11047 11036
f 11048 11036 11047
f 11048 11049 11035
f 11048 11040 11045
f 11052 11049 11048
f 11052 11048 11054
f 11051 11054 11055
f 11057 4982 11024
f 4984 4982 11057
f 11058 4986 4984
f 11060 4988 4986
f 4985 11057 11060
f 11062 11057 11024
f 11062 11063 11057
f 11024 11036 11062
f 11063 11059 11057
f 11064 4997 4987
f 11064 4989 11060
f 5120 4999 4997
f 11065 5120 4998
f 4998 11064 11065
f 11060 11063 11064
f 11066 11064 11063
f 11068 11065 11064
f 11069 11068 11064
f 11062 11035 11049
f 11061 11070 11063
f 11062 11049 11071
f 11062 11071 11070
f 11071 11049 11075
f 11049 11052 11077
f 11076 11050 11055
f 11078 11072 11073
f 11076 11074 11049
f 11080 11077 11082
f 11077 11080 11073
f 11081 11079 11073
f 11070 11067 11063
f 11066 11070 11071
f 11069 11066 11071
f 11078 11069 11072
f 11069 11064 11066
f 11084 11068 11069
f 11079 11085 11069
f 11081 11085 11078
f 11081 11087 11084
f 11044 11042 8897
f 8897 11088 11044
f 11043 11044 11088
f 11088 11045 11043
f 8927 11089 8897
f 11089 11088 8897
f 8930 11089 8928
f 11090 11089 8930
f 11092 11088 11089
f 11088 11092 11093
f 11048 11045 11053
f 11045 11088 11094
f 11094 11095 11045
f 11045 11096 11054
f 11099 11055 11054
f 11100 11056 11099
f 11097 11099 11054
f 11103 11100 11105
f 11098 11100 11099
f 11096 11104 11101
f 11106 11095 11094
f 11088 11093 11094
f 11107 11094 11093
f 11107 11105 11098
f 11108 11105 11106
f 11110 11090 8930
f 11092 11089 11090
f 11111 11090 11110
f 11111 11110 11112
f 11093 11092 11111
f 11111 11091 11090
f 11093 11111 11114
f 11111 11113 11114
f 11115 11112 11116
f 8943 11110 8930
f 11110 8944 8950
f 8949 8954 11110
f 11112 11110 8954
f 8970 11112 8954
f 11112 11117 11116
f 11115 11106 11093
f 11106 11114 11118
f 11119 11108 11106
f 11120 11106 11118
f 11121 11115 11116
f 11121 11118 11114
f 11122 11118 11121
f 11077 11055 11102
f 11123 11077 11100
f 11103 11123 11100
f 11123 11082 11077
f 11103 11082 11123
f 11108 11082 11103
f 11108 11103 11104
f 11082 11108 11124
f 11126 11124 11108
f 11082 11127 11080
f 11128 11082 11129
f 11087 11080 11127
f 11128 11130 11087
f 11133 11086 11130
f 11134 11087 11133
f 11082 11125 11135
f 11082 11136 11131
f 11126 11137 11124
f 11137 11135 11125
f 11136 11132 11131
f 11137 11133 11135
f 11138 11134 11133
f 11137 11139 11133
f 11140 11108 11120
f 11141 11119 11118
f 11118 11142 11141
f 11141 11142 11109
f 11142 11126 11108
f 11143 11126 11142
f 11144 11142 11118
f 11145 11142 11144
f 11118 11147 11144
f 11147 11118 11122
f 11144 11147 11145
f 11142 11145 11143
f 11143 11137 11126
f 11148 11137 11143
f 11149 11138 11137
f 11148 11149 11137
f 11150 11149 11148
f 11151 11148 11143
f 11145 11151 11143
f 11150 11148 11152
f 11154 11151 11145
f 11148 11151 11153
f 11155 11152 11151
f 11155 11157 11153
f 11158 5117 5120
f 11159 5119 11158
f 11158 5120 11065
f 11161 11158 11065
f 11161 11160 11158
f 11160 5123 5119
f 11068 11161 11065
f 11160 11161 11163
f 11163 11161 11068
f 11084 11163 11068
f 11164 11166 11160
f 11164 11160 11162
f 11167 11165 11164
f 5123 11160 5129
f 5127 5128 11168
f 5129 11160 11166
f 11170 5129 11172
f 11165 11172 5129
f 11171 11169 5129
f 5130 5127 11169
f 11173 5133 5131
f 11175 11168 11171
f 11169 11175 5130
f 5130 11175 11173
f 11167 11172 11166
f 11177 11172 11167
f 11167 11179 11178
f 11176 11170 11172
f 11176 11175 11171
f 11173 11175 11179
f 11179 11175 11176
f 11180 11162 11181
f 11182 11181 11085
f 11181 11163 11083
f 11180 11164 11162
f 11180 11181 11183
f 11181 11184 11183
f 11180 11185 11164
f 11164 11186 11188
f 11185 11180 11183
f 11183 11189 11185
f 11182 11184 11181
f 11190 11182 11084
f 11184 11182 11191
f 11184 11191 11189
f 11191 11085 11087
f 11189 11183 11184
f 11185 11189 11192
f 11194 11192 11189
f 11195 11193 11189
f 11190 11195 11189
f 11196 11192 11194
f 11187 11167 11164
f 11200 11167 11188
f 11201 11179 11167
f 11192 11187 11185
f 11188 11192 11201
f 11202 11179 11201
f 11203 11179 11202
f 11208 11204 11202
f 11198 11201 11192
f 11209 11201 11199
f 11205 11202 11200
f 11210 11207 11201
f 11209 11210 11201
f 11212 11210 11209
f 5167 5132 11174
f 11213 5168 5167
f 11216 11214 5167
f 11216 5167 11173
f 11173 11179 11216
f 11203 11216 11179
f 5169 5168 11214
f 5169 11217 5179
f 5169 11214 11217
f 11217 11215 11216
f 11219 11217 11216
f 11221 11217 11220
f 11223 5179 11217
f 11225 5179 11224
f 5180 5179 11225
f 5183 5180 11225
f 11226 5185 5183
f 11227 5184 11225
f 11229 11228 11226
f 11230 11223 11217
f 11230 11226 11224
f 11230 11217 11222
f 11233 11229 11225
f 11234 11229 11233
f 11231 11226 11235
f 11232 11236 11237
f 11204 11239 11216
f 11240 11204 11241
f 11240 11218 11216
f 11222 11218 11240
f 11230 11222 11240
f 11206 11241 11204
f 11243 11241 11207
f 11241 11242 11245
f 11210 11243 11207
f 11246 11240 11241
f 11247 11248 11240
f 11250 11245 11251
f 11244 11250 11249
f 11248 11230 11240
f 11252 11235 11249
f 11254 11252 11249
f 11226 11230 11235
f 11249 11235 11230
f 11248 11256 11254
f 11248 11250 11256
f 11258 11254 11257
f 11253 11254 11260
f 11261 11260 11254
f 11262 11191 11086
f 11262 11086 11134
f 11262 11264 11191
f 11265 11195 11191
f 11195 11266 11194
f 11265 11196 11193
f 11267 11264 11263
f 11269 11197 11265
f 11267 11269 11265
f 11134 11138 11262
f 11267 11262 11139
f 11267 11139 11149
f 11267 11270 11272
f 11273 11209 11199
f 11268 11273 11197
f 11274 11269 11267
f 11272 11275 11274
f 11267 11272 11274
f 11276 11273 11269
f 11278 11209 11273
f 11212 11209 11278
f 11251 11211 11280
f 11275 11269 11274
f 11277 11272 11281
f 11272 11271 11282
f 11275 11278 11273
f 11281 11280 11277
f 11281 11285 11278
f 11286 11267 11149
f 11287 11149 11150
f 11288 11286 11150
f 11286 11270 11267
f 11283 11270 11287
f 11290 11282 11287
f 11288 11150 11152
f 11288 11291 11287
f 11157 11288 11153
f 11293 11290 11288
f 11293 11289 11157
f 11294 11293 11157
f 11291 11293 11295
f 11283 11281 11272
f 11283 11297 11281
f 11297 11282 11291
f 11299 11281 11297
f 11299 11300 11281
f 11297 11291 11295
f 11297 11296 11301
f 11303 11299 11297
f 11299 11303 11305
f 11301 11303 11297
f 11306 11304 11303
f 11304 11306 11307
f 11243 11210 11212
f 11212 11251 11242
f 11251 11245 11243
f 11309 11251 11284
f 11309 11250 11251
f 11285 11251 11279
f 11281 11300 11285
f 11310 11285 11300
f 11310 11308 11285
f 11312 11250 11309
f 11310 11312 11309
f 11315 11310 11300
f 11258 11257 11250
f 11316 11258 11250
f 11259 11261 11255
f 11250 11313 11316
f 11315 11300 11317
f 11305 11300 11298
f 11317 11300 11304
f 11318 11310 11314
f 11319 11321 11310
f 11315 11317 11318
f 11304 11307 11322
f 11322 11317 11305
f 8968 8970 8954
f 11117 11112 8970
f 8974 8970 8967
f 8974 11325 8969
f 11327 8974 8971
f 11323 8974 11326
f 11328 11325 11327
f 11117 8970 11324
f 11325 11329 11117
f 11332 11117 11330
f 11325 11328 11329
f 11334 11121 11116
f 11333 11122 11121
f 11335 11122 11334
f 11337 11336 11334
f 11339 11116 11117
f 11339 11334 11116
f 11341 11339 11117
f 11340 11334 11339
f 11342 11336 11337
f 11117 11332 11340
f 11334 11340 11338
f 11342 11337 11341
f 11340 11332 11342
f 11343 11344 11342
f 8983 11327 8972
f 11328 11327 8983
f 8983 11345 11328
f 11347 11329 11328
f 11347 11332 11329
f 11347 11328 11345
f 8994 11346 8983
f 8995 8994 8985
f 11346 8994 11348
f 8993 11350 11347
f 11331 11348 11351
f 11342 11332 11343
f 11351 11343 11332
f 11344 11343 11353
f 11354 11343 11352
f 11348 11355 11352
f 11357 11351 11355
f 11348 11349 11355
f 11352 11358 11354
f 11359 11361 11354
f 11355 11362 11356
f 11336 11147 11122
f 11363 11147 11336
f 11363 11364 11147
f 11146 11147 11364
f 11363 11336 11342
f 11344 11363 11342
f 11365 11363 11344
f 11366 11364 11363
f 11365 11366 11363
f 11154 11145 11364
f 11369 11151 11154
f 11366 11154 11364
f 11367 11370 11154
f 11369 11156 11151
f 11294 11369 11374
f 11294 11155 11371
f 11370 11366 11376
f 11375 11373 11368
f 11365 11377 11366
f 11366 11378 11375
f 11380 11376 11379
f 11376 11380 11373
f 11374 11381 11294
f 11353 11382 11344
f 11361 11383 11354
f 11384 11383 11361
f 11383 11365 11344
f 11384 11365 11383
f 11385 11379 11365
f 11386 11378 11384
f 11362 11360 11357
f 11388 11361 11362
f 11389 11385 11361
f 11388 11362 11386
f 11386 11385 11388
f 11390 11379 11386
f 11372 11380 11391
f 11378 11391 11380
f 11391 11392 11373
f 11394 11393 11391
f 11391 11378 11390
f 11395 11391 11390
f 11397 11395 11390
f 11395 11394 11391
f 11398 11394 11396
f 11400 11403 11394
f 8994 8995 11404
f 9000 11404 8995
f 11350 8993 11405
f 11350 11405 11406
f 11405 8993 11404
f 11405 11404 11409
f 11409 11404 9002
f 9001 11411 11409
f 11405 11409 11413
f 11406 11355 11350
f 11414 11355 11407
f 11406 11405 11412
f 11407 11413 11415
f 11415 11362 11355
f 11416 11362 11415
f 11418 11412 11409
f 11413 11419 11417
f 11416 11415 11412
f 9004 11411 9002
f 11420 11416 11419
f 11421 11416 11420
f 11423 11387 11362
f 11416 11423 11362
f 11386 11423 11425
f 11427 11425 11423
f 11427 11429 11426
f 11424 11416 11432
f 11434 11430 11417
f 11428 11423 11431
f 11435 11427 11436
f 11436 11428 11430
f 11432 11433 11436
f 11438 11436 11434
f 11436 11438 11435
f 11397 11390 11386
f 11429 11397 11386
f 11429 11386 11425
f 11401 11395 11397
f 11429 11399 11397
f 11427 11435 11429
f 11421 11434 11416
f 11439 11434 11421
f 11294 11157 11155
f 11440 11293 11294
f 11381 11440 11294
f 11440 11295 11292
f 11441 11442 11381
f 11442 11445 11440
f 11443 11440 11381
f 11447 11445 11442
f 11441 11447 11444
f 11449 11296 11440
f 11440 11446 11448
f 11301 11296 11449
f 11450 11448 11446
f 11448 11452 11301
f 11451 11448 11450
f 11453 11303 11301
f 11302 11453 11306
f 11453 11307 11306
f 11452 11307 11453
f 11452 11453 11301
f 11446 11447 11450
f 11381 11373 11454
f 11441 11381 11454
f 11455 11374 11393
f 11455 11454 11372
f 11392 11394 11455
f 11454 11455 11456
f 11457 11441 11454
f 11441 11456 11447
f 11456 11459 11447
f 11402 11455 11394
f 11403 11462 11455
f 11462 11458 11455
f 11447 11460 11450
f 11236 11253 11465
f 11466 11465 11252
f 11466 11252 11260
f 11258 11467 11261
f 11261 11467 11260
f 11260 11467 11466
f 11467 11469 11466
f 11316 11467 11259
f 11470 11468 11316
f 11469 11467 11470
f 11312 11321 11316
f 11321 11470 11316
f 11320 11471 11470
f 11312 11311 11321
f 11469 11470 11475
f 11470 11476 11478
f 11472 11476 11470
f 11319 11317 11479
f 11481 11321 11319
f 11482 11318 11479
f 11484 11322 11307
f 11317 11322 11479
f 11486 11471 11321
f 11486 11476 11472
f 11487 11476 11486
f 11487 11478 11476
f 11321 11488 11486
f 11486 11488 11487
f 11481 11479 11489
f 11483 11488 11321
f 11488 11481 11491
f 11491 11482 11489
f 11492 11488 11491
f 11493 11488 11492
f 11493 11494 11488
f 11496 11411 9005
f 9624 11496 9003
f 11409 11411 11497
f 11410 11496 11497
f 11496 9623 11498
f 11496 11499 11500
f 11500 11497 11496
f 11501 11500 11499
f 11408 11497 11419
f 11502 11421 11420
f 11418 11502 11420
f 11418 11497 11502
f 11502 11497 11503
f 11497 11500 11503
f 11504 11502 11503
f 11506 11400 11429
f 11506 11508 11398
f 11508 11403 11399
f 11506 11429 11435
f 11435 11511 11506
f 11502 11515 11422
f 11421 11513 11439
f 11434 11439 11438
f 11512 11435 11438
f 11437 11439 11510
f 11504 11514 11502
f 11439 11515 11504
f 11516 11439 11504
f 11517 11511 11439
f 11520 11518 11439
f 11509 11521 11505
f 11524 11521 11512
f 11526 11521 11524
f 11523 11509 11527
f 11527 11519 11529
f 11518 11519 11527
f 11518 11527 11510
f 11530 11524 11528
f 11532 11523 11531
f 11307 11451 11485
f 11451 11450 11534
f 11451 11535 11484
f 11536 11452 11534
f 11462 11460 11456
f 11537 11462 11402
f 11539 11463 11538
f 11460 11534 11450
f 11534 11540 11541
f 11540 11534 11460
f 11460 11542 11540
f 11542 11544 11540
f 11540 11544 11545
f 11461 11542 11459
f 11539 11542 11464
f 11544 11543 11539
f 11548 11544 11539
f 11548 11545 11544
f 11549 11322 11484
f 11536 11549 11485
f 11549 11479 11322
f 11549 11489 11480
f 11549 11551 11489
f 11552 11551 11549
f 11555 11536 11534
f 11554 11534 11541
f 11554 11552 11536
f 11552 11550 11536
f 11556 11557 11553
f 11551 11491 11490
f 11559 11492 11491
f 11551 11559 11491
f 11552 11558 11551
f 11561 11559 11552
f 11557 11560 11552
f 11559 11493 11492
f 11493 11562 11494
f 11563 11562 11493
f 11560 11493 11559
f 11564 11560 11557
f 11493 11560 11563
f 11564 11563 11560
f 11566 11563 11565
f 11568 11563 11566
f 11569 11568 11566
f 11570 11567 11569
f 11540 11545 11541
f 11555 11541 11571
f 11571 11556 11555
f 11545 11571 11541
f 11556 11553 11554
f 11571 11557 11556
f 11557 11571 11572
f 11574 11571 11546
f 11572 11571 11573
f 11577 11572 11574
f 11579 11577 11575
f 11580 11572 11577
f 11580 11581 11572
f 11583 11581 11580
f 11584 11565 11557
f 11585 11565 11584
f 11586 11566 11565
f 11566 11585 11569
f 11588 11569 11586
f 11581 11588 11586
f 11570 11569 11588
f 11584 11557 11572
f 11581 11584 11572
f 11586 11584 11581
f 11588 11581 11583
f 11570 11588 11590
f 11591 11570 11590
f 11593 11402 11507
f 11592 11537 11403
f 11594 11538 11593
f 11595 11508 11506
f 11508 11595 11592
f 11596 11592 11595
f 11597 11592 11596
f 11594 11539 11538
f 11598 11548 11539
f 11598 11539 11594
f 11592 11599 11594
f 11600 11545 11548
f 11601 11548 11598
f 11601 11600 11547
f 11597 11598 11592
f 11597 11601 11598
f 11603 11601 11597
f 11603 11600 11601
f 11521 11595 11506
f 11525 11595 11521
f 11522 11532 11525
f 11595 11525 11596
f 11525 11532 11596
f 11532 11604 11596
f 11606 11532 11530
f 11532 11607 11604
f 11533 11606 11607
f 11604 11597 11596
f 11608 11597 11604
f 11608 11602 11597
f 11609 11610 11602
f 11608 11612 11610
f 11612 11609 11604
f 11611 11604 11607
f 11614 11611 11607
f 11614 11610 11611
f 11616 11610 11614
f 11615 11617 11610
f 11617 11615 11618
f 11578 11546 11600
f 11574 11546 11578
f 11620 11576 11578
f 11620 11578 11600
f 11621 11582 11580
f 11620 11580 11577
f 11621 11580 11619
f 11600 11625 11620
f 11625 11600 11602
f 11624 11621 11620
f 11625 11626 11621
f 11628 11626 11625
f 11627 11629 11626
f 11632 11588 11582
f 11621 11626 11583
f 11626 11632 11582
f 11633 11630 11626
f 11610 11623 11602
f 11628 11622 11610
f 11617 11628 11610
f 11628 11634 11629
f 11635 11627 11617
f 11618 11635 11617
f 11634 11627 11635
f 11631 11589 11587
f 11636 11591 11589
f 11637 11591 11636
f 11631 11636 11590
f 11631 11642 11636
f 11639 11638 11636
f 11630 11633 11643
f 11629 11633 11626
f 11629 11644 11633
f 11644 11643 11633
f 11646 11638 11642
f 11630 11643 11642
f 11647 11642 11643
f 11647 11648 11641
f 11648 11649 11639
f 11634 11635 11651
f 11652 11634 11651
f 11618 11651 11635
f 11629 11652 11644
f 11647 11643 11644
f 11644 11652 11647
f 11652 11629 11634
f 11653 11648 11647
f 11654 11647 11652
f 11651 11654 11652
f 11654 11651 11655
f 11656 11648 11654
f 11648 11657 11650
f 11655 11656 11654
f 11658 11656 11655
f 11656 11658 11659
f 11227 5304 5185
f 11662 11227 11229
f 11662 11663 11228
f 11234 11661 11229
f 11663 5304 11227
f 11664 5666 5304
f 11665 11663 11662
f 11665 5666 11664
f 11667 5665 11665
f 5667 5664 5666
f 5667 5666 11667
f 11667 11668 5668
f 5667 11668 5669
f 11662 11234 11665
f 11665 11234 11670
f 11670 11667 11666
f 11231 11238 11234
f 11237 11671 11234
f 11671 11674 11667
f 11674 11668 11667
f 11675 11668 11674
f 5683 5669 11669
f 5683 11668 11676
f 5683 5673 5669
f 11677 5680 5682
f 11676 11677 5682
f 5687 5680 11677
f 11676 11678 11677
f 5687 5725 5689
f 5725 5686 11679
f 11677 11678 5686
f 11679 5687 11678
f 11680 11676 11668
f 11676 11680 11682
f 11675 11680 11668
f 11675 11682 11680
f 11683 11682 11675
f 11681 11678 11676
f 11684 11678 11682
f 11686 11679 11678
f 11685 11678 11683
f 11237 11235 11465
f 11465 11670 11238
f 11670 11465 11674
f 11687 11675 11674
f 11689 11687 11673
f 11469 11465 11466
f 11690 11465 11469
f 11689 11672 11465
f 11693 11689 11465
f 11693 11465 11691
f 11691 11694 11692
f 11693 11694 11689
f 11696 11688 11689
f 11696 11675 11687
f 11689 11694 11696
f 11697 11696 11694
f 11700 11698 11694
f 11675 11702 11683
f 11696 11701 11675
f 11683 11702 11686
f 11702 11703 11686
f 11703 11704 11686
f 11705 11679 11686
f 11704 11705 11685
f 11703 11706 11704
f 11698 11702 11696
f 11707 11703 11702
f 11709 11702 11698
f 11711 11708 11702
f 11712 11706 11703
f 11708 11712 11703
f 11705 11713 11679
f 11706 11705 11704
f 11705 11715 11713
f 11716 11705 11706
f 11716 11706 11712
f 11716 11715 11705
f 11717 11715 11716
f 11715 11718 11719
f 11708 11717 11712
f 11717 11716 11712
f 11720 11708 11711
f 11708 11721 11717
f 11722 11717 11721
f 11723 11719 11717
f 11724 11719 11723
f 11724 11723 11720
f 11724 11725 11719
f 11725 11726 11719
f 11727 5727 5725
f 11679 11727 5725
f 11727 11679 11713
f 5726 5727 5729
f 5729 5727 11728
f 11728 5735 5729
f 11729 5736 11728
f 11728 5727 11727
f 11728 11727 11729
f 11730 11727 11713
f 11730 11729 11727
f 11732 11729 11730
f 11733 11732 11730
f 5736 11734 5733
f 11732 5737 11729
f 11732 11734 5736
f 11734 5738 5734
f 5740 5739 11735
f 11735 5738 11734
f 11736 11734 11732
f 11734 11739 11735
f 11741 11740 11734
f 11734 11737 11741
f 11742 11736 11732
f 11742 11743 11736
f 11738 11743 11741
f 11715 11726 11713
f 11726 11730 11714
f 11726 11733 11731
f 11719 11726 11715
f 11733 11742 11732
f 11742 11733 11726
f 11725 11745 11726
f 11745 11742 11726
f 11743 11742 11747
f 11745 11747 11742
f 11748 11743 11746
f 11745 11725 11749
f 11748 11745 11749
f 11750 11748 11749
f 11745 11748 11746
f 11691 11469 11752
f 11469 11473 11752
f 11478 11473 11470
f 11477 11754 11474
f 11755 11753 11477
f 11691 11700 11695
f 11709 11698 11699
f 11752 11699 11691
f 11709 11700 11752
f 11754 11752 11473
f 11754 11709 11752
f 11759 11710 11754
f 11754 11756 11760
f 11762 11710 11760
f 11763 11759 11757
f 11765 11759 11763
f 11765 11762 11761
f 11709 11711 11702
f 11711 11709 11762
f 11767 11711 11762
f 11765 11766 11762
f 11477 11487 11755
f 11495 11757 11487
f 11757 11495 11769
f 11772 11764 11756
f 11488 11494 11487
f 11495 11562 11773
f 11494 11773 11768
f 11769 11773 11774
f 11769 11772 11758
f 11774 11771 11770
f 11774 11776 11772
f 11766 11721 11711
f 11777 11720 11766
f 11777 11724 11721
f 11777 11780 11724
f 11781 11724 11780
f 11777 11766 11765
f 11783 11778 11765
f 11777 11783 11784
f 11785 11784 11783
f 11784 11787 11779
f 11777 11787 11780
f 11787 11789 11780
f 11782 11790 11724
f 11780 11789 11782
f 11788 11791 11781
f 11787 11793 11788
f 11792 11791 11788
f 11764 11785 11765
f 11785 11764 11772
f 11776 11785 11772
f 11794 11795 11776
f 11785 11783 11765
f 11787 11784 11785
f 11795 11786 11785
f 11796 11787 11795
f 11796 11798 11786
f 11785 11776 11795
f 11794 11796 11795
f 11799 11800 11794
f 11800 11796 11794
f 11796 11800 11801
f 11797 11792 11787
f 11802 11792 11797
f 11803 11793 11802
f 11804 11806 11792
f 11807 11797 11796
f 11801 11807 11796
f 11807 11802 11797
f 11801 11802 11807
f 11808 11802 11801
f 11809 11805 11802
f 11811 11810 11801
f 11790 11725 11724
f 11812 11725 11790
f 11781 11813 11790
f 11790 11814 11812
f 11812 11749 11725
f 11812 11751 11749
f 11815 11751 11812
f 11812 11813 11816
f 11791 11814 11782
f 11791 11816 11813
f 11806 11816 11791
f 11806 11791 11793
f 11806 11803 11815
f 11817 11815 11803
f 5837 11735 11739
f 11820 5836 11739
f 11819 11739 11741
f 11821 11820 11741
f 11822 11824 11820
f 11825 11823 11821
f 11735 5838 5740
f 5838 11823 5839
f 11826 5840 11823
f 5836 11820 11823
f 11826 11823 11827
f 11823 11825 11827
f 11828 5848 5840
f 5849 11829 5850
f 11828 5840 11826
f 11827 11828 11826
f 11830 5850 11828
f 5850 11830 11832
f 11830 11829 11827
f 11821 11741 11744
f 11821 11744 11748
f 11834 11825 11821
f 11835 11825 11834
f 11748 11834 11822
f 11748 11750 11836
f 11834 11748 11838
f 11748 11837 11838
f 11840 11838 11837
f 11842 11835 11834
f 11838 11841 11834
f 11843 11835 11842
f 11841 11845 11843
f 11846 11845 11841
f 11835 11827 11825
f 11835 11831 11827
f 11835 11843 11830
f 11845 11848 11843
f 5851 5850 11849
f 11849 5874 5851
f 11850 5874 11849
f 11849 5850 11833
f 11851 11850 11832
f 11850 5875 5874
f 5888 5875 11850
f 5889 11850 11852
f 11853 11850 11851
f 11833 11850 11849
f 11833 11830 11854
f 11851 11855 11852
f 11854 11856 11832
f 11857 11858 11855
f 11855 11851 11832
f 11858 11859 5889
f 11859 5887 5889
f 11859 5890 5887
f 11858 5888 11853
f 11856 11858 11853
f 11860 11858 11857
f 11859 11858 11860
f 11862 11859 11860
f 11864 11865 11866
f 11854 11830 11843
f 11854 11867 11855
f 11867 11857 11856
f 11868 11857 11867
f 11869 11867 11854
f 11848 11854 11844
f 11870 11854 11848
f 11871 11848 11845
f 11848 11871 11869
f 11845 11846 11871
f 11870 11871 11873
f 11875 11867 11870
f 11873 11875 11870
f 11868 11877 11857
f 11877 11860 11857
f 11877 11862 11860
f 11878 11862 11877
f 11863 11878 11880
f 11877 11868 11882
f 11878 11877 11882
f 11884 11885 11879
f 11868 11867 11875
f 11866 11883 11876
f 11882 11868 11875
f 11884 11879 11881
f 11866 11884 11882
f 11884 11866 11865
f 11803 11809 11888
f 11889 11750 11816
f 11889 11890 11751
f 11750 11839 11837
f 11890 11838 11840
f 11838 11890 11842
f 11890 11840 11750
f 11817 11889 11816
f 11891 11889 11894
f 11889 11891 11890
f 11896 11890 11892
f 11893 11894 11896
f 11841 11890 11895
f 11897 11847 11841
f 11897 11841 11896
f 11898 11896 11894
f 11897 11895 11899
f 11847 11897 11900
f 11902 11900 11897
f 11902 11897 11898
f 11888 11817 11803
f 11894 11889 11818
f 11888 11894 11817
f 11894 11888 11903
f 11894 11903 11899
f 11808 11904 11888
f 11888 11905 11903
f 11904 11906 11887
f 11903 11907 11899
f 11905 11907 11903
f 11909 11910 11898
f 11910 11901 11899
f 11907 11911 11898
f 11909 11899 11911
f 11912 11910 11908
f 11873 11847 11900
f 11913 11876 11872
f 11913 11866 11876
f 11900 11913 11873
f 11900 11915 11913
f 11916 11900 11902
f 11917 11919 11915
f 11866 11914 11920
f 11866 11921 11864
f 11922 11864 11920
f 11923 11924 11864
f 11919 11913 11915
f 11920 11914 11919
f 11925 11921 11919
f 11922 11920 11927
f 11923 11864 11922
f 11926 11923 11922
f 11928 11924 11923
f 11928 11923 11927
f 11871 11847 11874
f 11929 11915 11901
f 11917 11915 11929
f 11930 11917 11929
f 11912 11933 11910
f 11902 11910 11929
f 11929 11910 11930
f 11910 11931 11930
f 11918 11930 11934
f 11930 11932 11934
f 11919 11917 11926
f 11935 11927 11917
f 11935 11928 11927
f 11937 11928 11936
f 11934 11935 11918
f 11939 11936 11934
f 11939 11938 11935
f 11773 11941 11774
f 11776 11774 11943
f 11943 11774 11942
f 11941 11773 11562
f 11563 11941 11562
f 11944 11943 11941
f 11941 11563 11567
f 11567 11944 11941
f 11570 11944 11567
f 11943 11944 11775
f 11776 11945 11946
f 11776 11946 11794
f 11944 11945 11776
f 11950 11946 11945
f 11951 11950 11944
f 11949 11945 11944
f 11948 11952 11946
f 11952 11953 11946
f 11952 11955 11953
f 11954 11956 11953
f 11799 11794 11946
f 11799 11801 11800
f 11801 11957 11959
f 11799 11958 11801
f 11959 11811 11801
f 11960 11811 11959
f 11960 11961 11811
f 11946 11953 11799
f 11956 11958 11799
f 11953 11956 11799
f 11958 11960 11959
f 11962 11960 11958
f 11962 11963 11960
f 11570 11951 11944
f 11966 11951 11570
f 11967 11969 11951
f 11955 11952 11947
f 11969 11948 11951
f 11955 11950 11969
f 11970 11955 11969
f 11591 11967 11570
f 11966 11970 11969
f 11970 11956 11954
f 11971 11972 11970
f 11956 11970 11973
f 11958 11956 11962
f 11975 11962 11956
f 11978 11975 11956
f 11979 11956 11972
f 11980 11974 11976
f 11977 11981 11980
f 11638 11966 11591
f 11637 11971 11966
f 11646 11971 11638
f 11968 11971 11970
f 11982 11971 11646
f 11984 11971 11982
f 11985 11972 11971
f 11976 11973 11984
f 11984 11981 11977
f 11986 11981 11984
f 11649 11983 11645
f 11646 11640 11650
f 11989 11983 11650
f 11982 11988 11984
f 11986 11984 11989
f 11650 11656 11990
f 11649 11990 11989
f 11991 11989 11990
f 11660 11990 11656
f 11659 11991 11990
f 11993 11659 11658
f 11904 11808 11811
f 11904 11811 11961
f 11994 11904 11961
f 11995 11905 11904
f 11905 11995 11997
f 11961 11960 11963
f 11961 11965 11994
f 11999 11994 11964
f 11996 11995 11999
f 11997 11999 12001
f 12002 12000 11999
f 12002 12006 12001
f 11975 11964 11962
f 12007 11963 11974
f 11999 11963 12007
f 12007 12009 11998
f 11980 12007 11974
f 12008 11980 11981
f 12010 12009 12008
f 11999 12009 12004
f 12012 12003 12009
f 12009 12013 12012
f 12015 12011 12013
f 12016 12015 12014
f 12014 12009 12010
f 12010 12018 12013
f 12016 12013 12019
f 12020 12015 12016
f 11996 11907 11905
f 12021 11907 11997
f 12022 11911 11907
f 12022 11908 11911
f 11912 11909 12022
f 11912 12022 12005
f 11997 12001 12022
f 12001 12005 12021
f 12002 12011 12005
f 11912 12005 12023
f 12006 12011 12023
f 12012 12015 12023
f 12024 11912 12023
f 12024 11932 11912
f 11931 12025 12026
f 12029 12026 12024
f 12026 11934 11931
f 12030 12023 12015
f 12029 12025 12031
f 12030 12025 12023
f 12025 12030 12031
f 11939 12028 12032
f 12026 11940 11934
f 12026 12029 11940
f 12034 11938 11939
f 11940 12032 12035
f 12027 12036 12032
f 12038 12030 12015
f 12038 12039 12031
f 12038 12031 12030
f 12020 12038 12015
f 12038 12036 12039
f 12020 12036 12038
f 12036 12029 12039
f 12039 12027 12031
f 12032 12037 12040
f 12040 12041 12032
f 12042 12036 12020
f 12040 12036 12043
f 12045 11987 11989
f 12044 12046 11987
f 12008 11981 12048
f 12048 11981 11987
f 11987 12047 12049
f 12050 12007 12048
f 12050 12010 12007
f 12047 12050 12049
f 12050 12046 12051
f 12052 12047 12044
f 12052 12051 12046
f 12018 12010 12050
f 12053 12018 12050
f 12057 12017 12018
f 12056 12018 12053
f 12051 12053 12050
f 12051 12059 12053
f 12060 12059 12051
f 12055 12053 12062
f 12044 11989 11991
f 11991 12065 12044
f 12066 12044 12063
f 12066 12052 12045
f 12067 11991 11660
f 11993 12067 11659
f 12069 12071 12067
f 12070 11991 12067
f 12070 12064 11992
f 12072 12063 12070
f 12066 12063 12072
f 12060 12051 12052
f 12073 12052 12066
f 12074 12061 12052
f 12075 12060 12074
f 12061 12075 12059
f 12075 12074 12066
f 12076 12075 12066
f 12016 12058 12020
f 12020 12054 12077
f 12077 12058 12062
f 12020 12077 12042
f 12059 12062 12053
f 12062 12059 12077
f 12059 12078 12077
f 12077 12079 12080
f 12077 12080 12042
f 12080 12081 12042
f 12083 12080 12078
f 12083 12086 12080
f 12086 12081 12080
f 12088 12086 12084
f 12059 12089 12078
f 12089 12090 12078
f 12059 12075 12089
f 12091 12089 12075
f 12094 12090 12089
f 12090 12093 12095
f 12085 12078 12090
f 12090 12097 12085
f 12083 12097 12088
f 12097 12090 12095
f 12099 12097 12095
f 12097 12099 12088
f 12099 12101 12088
f 12042 12043 12037
f 12043 12042 12081
f 12103 12043 12081
f 9627 11499 9623
f 11499 9628 12104
f 12105 11501 11499
f 9795 12105 9627
f 11501 12106 11500
f 9800 12105 9796
f 9800 11501 12105
f 9800 12108 11501
f 12108 12106 11501
f 9804 9801 12109
f 12106 12110 11500
f 11500 12110 11503
f 11503 12110 11504
f 12110 12111 11504
f 12112 12110 12107
f 12108 12112 12106
f 12111 12110 12113
f 12111 12113 12115
f 12116 12110 12112
f 12116 12113 12110
f 12117 12119 12120
f 9800 9799 12112
f 12112 9799 9807
f 12112 12108 9800
f 9807 12122 12112
f 12109 12119 9803
f 12119 12123 9804
f 12122 12116 12112
f 12124 12116 12122
f 12123 12119 12125
f 12118 12125 12119
f 11516 11504 12111
f 11439 11516 11520
f 11529 11519 11516
f 12126 11529 11516
f 11516 12111 12115
f 11516 12114 12127
f 12115 12113 12124
f 12115 12124 12129
f 12115 12130 12127
f 11529 12128 12131
f 12131 12126 12130
f 12132 11529 12131
f 12130 12134 12131
f 12121 12136 12139
f 11529 12140 11527
f 11529 12133 12140
f 11530 11527 12140
f 11530 12140 12133
f 12132 11606 11530
f 12142 11606 12133
f 12145 12133 12131
f 12147 12148 12146
f 12144 12133 12146
f 12145 12149 12150
f 12150 12143 12145
f 12151 12152 12144
f 12116 12124 12113
f 12135 12130 12124
f 12155 12134 12124
f 12135 12145 12131
f 12147 12135 12154
f 12157 12124 12122
f 12157 12153 12124
f 12147 12145 12135
f 12158 12149 12147
f 12163 12151 12149
f 12165 12150 12161
f 12165 12162 12158
f 12159 12161 12149
f 12160 12147 12166
f 12167 12147 12156
f 12166 12164 12158
f 12168 12170 12172
f 12139 12117 12120
f 12168 12139 12136
f 12139 12169 12173
f 12125 12117 12139
f 12125 12139 12173
f 12168 12174 12173
f 12177 12173 12176
f 12176 12169 12172
f 12179 12175 12172
f 12178 12172 12181
f 12178 12182 12176
f 12122 9806 9851
f 12183 12122 9851
f 12184 12157 12122
f 12184 9851 9867
f 9881 9882 9878
f 9882 12185 9880
f 9880 12186 9867
f 9880 12185 12186
f 12186 12183 9867
f 12184 12186 12157
f 9803 12188 9809
f 12188 9803 12123
f 12188 12123 12189
f 12189 12123 12125
f 12189 12125 12191
f 9891 9809 12188
f 12188 12196 9891
f 12189 12197 12188
f 12193 12188 12197
f 12194 9894 9891
f 9894 12199 9881
f 12200 9894 12196
f 12198 12189 12201
f 12189 12192 12202
f 12204 12193 12197
f 12201 12204 12197
f 12195 12204 12200
f 12204 12206 12199
f 12204 12201 12207
f 12208 12204 12207
f 12212 12153 12157
f 12213 12166 12153
f 12215 12167 12214
f 12212 12214 12153
f 12216 12213 12212
f 12190 12125 12173
f 12173 12217 12192
f 12217 12173 12177
f 12182 12177 12176
f 12218 12182 12180
f 12191 12217 12201
f 12220 12201 12217
f 12202 12219 12207
f 12208 12207 12219
f 12210 12219 12221
f 12222 12219 12217
f 12219 12222 12221
f 12224 12215 12214
f 12222 12177 12182
f 12217 12177 12223
f 12224 12214 12216
f 12218 12222 12182
f 12226 12218 12180
f 12221 12222 12218
f 12218 12229 12221
f 12227 12218 12231
f 12230 12218 12232
f 12234 11607 11605
f 12234 11606 12152
f 12235 11607 12234
f 12235 11614 11607
f 11606 12141 12152
f 12234 12152 12235
f 12165 12236 12152
f 12237 12235 12165
f 12237 11614 12235
f 12237 12238 11613
f 11614 12239 11616
f 12240 12242 11616
f 11614 12238 12239
f 12243 12238 12237
f 12240 12238 12244
f 12243 12244 12238
f 12245 12242 12239
f 12239 12244 12246
f 12152 12151 12165
f 12166 12249 12165
f 12249 12237 12165
f 12237 12248 12250
f 12237 12251 12243
f 12249 12166 12215
f 12251 12244 12243
f 12251 12252 12244
f 12249 12252 12251
f 12253 12255 12256
f 12247 12257 12242
f 12253 12258 12261
f 12181 12172 12262
f 12181 12262 12256
f 12256 12255 12181
f 12255 12263 12181
f 12246 12244 12252
f 12265 12252 12249
f 12265 12266 12252
f 12252 12266 12247
f 12266 12267 12247
f 12261 12255 12253
f 12255 12261 12272
f 12261 12259 12273
f 12261 12273 12272
f 12242 11618 11616
f 11651 11618 12257
f 11618 12241 12257
f 12257 12274 11651
f 12276 11651 12275
f 12277 12257 12247
f 12275 12257 12278
f 12278 12281 12274
f 12283 12276 12274
f 12284 12274 12281
f 12287 12276 12282
f 12286 12285 12289
f 12290 11655 11651
f 11651 12276 12290
f 12276 12287 12290
f 11658 11655 12290
f 12291 11658 12293
f 11658 12290 12286
f 12287 12289 11658
f 12294 12293 11658
f 12294 11658 12289
f 12297 12293 12294
f 12296 12291 12293
f 12270 12283 12280
f 12278 12269 12279
f 12298 12283 12269
f 12268 12277 12247
f 12282 12298 12288
f 12300 12289 12298
f 12303 12289 12301
f 12288 12304 12294
f 12305 12297 12295
f 12306 12296 12303
f 12265 12249 12215
f 12180 12181 12307
f 12307 12181 12263
f 12307 12225 12180
f 12307 12263 12309
f 12271 12264 12255
f 12266 12311 12269
f 12312 12265 12215
f 12313 12215 12224
f 12312 12215 12313
f 12312 12266 12265
f 12312 12314 12266
f 12315 12225 12307
f 12307 12308 12316
f 12232 12218 12226
f 12233 12225 12315
f 12233 12315 12318
f 12311 12266 12314
f 12298 12267 12302
f 12320 12303 12299
f 12311 12300 12270
f 12272 12273 12321
f 12323 12291 12296
f 12324 12323 12297
f 12273 12325 12322
f 12327 12321 12326
f 12321 12327 12328
f 12330 12321 12329
f 12331 12328 12332
f 12333 12328 12334
f 12306 12324 12296
f 12336 12324 12306
f 12337 12338 12328
f 12328 12338 12334
f 12339 12341 12342
f 12343 12341 12344
f 12342 12341 12343
f 12346 12343 12347
f 12334 12338 12349
f 12349 12338 12339
f 12342 12349 12339
f 12349 12342 12350
f 12342 12343 12345
f 12352 12345 12348
f 12351 12342 12346
f 12351 12346 12353
f 12353 12346 12352
f 12264 12271 12355
f 12309 12264 12355
f 12317 12315 12356
f 12356 12315 12308
f 12357 12359 12354
f 12356 12309 12355
f 12356 12355 12362
f 12317 12356 12364
f 12364 12356 12362
f 12355 12360 12362
f 12363 12361 12365
f 12362 12367 12364
f 12366 12367 12362
f 12322 12355 12272
f 12355 12321 12331
f 12357 12355 12331
f 12369 12357 12331
f 12368 12331 12333
f 12304 12320 12306
f 12320 12336 12306
f 12370 12372 12336
f 12373 12320 12301
f 12375 12320 12374
f 12311 12373 12299
f 12377 12375 12374
f 12368 12361 12358
f 12365 12360 12368
f 12368 12380 12365
f 12380 12382 12365
f 12383 12382 12379
f 12379 12368 12384
f 12384 12385 12380
f 12375 12335 12320
f 12371 12336 12375
f 12386 12375 12376
f 12387 12370 12375
f 12388 12371 12387
f 12389 12334 12349
f 12384 12334 12389
f 12334 12384 12333
f 12389 12349 12351
f 12391 12350 12353
f 12391 12389 12351
f 12384 12368 12333
f 12385 12384 12392
f 12385 12392 12395
f 12397 12370 12398
f 12392 12384 12401
f 12402 12392 12401
f 12394 12392 12402
f 12405 12396 12403
f 12388 12398 12371
f 12398 12406 12408
f 12401 12384 12390
f 12401 12390 12391
f 12391 12411 12412
f 12415 12402 12401
f 12405 12402 12415
f 12415 12417 12405
f 12419 12406 12420
f 12410 12407 12419
f 12401 12391 12413
f 12412 12415 12401
f 12415 12414 12422
f 12415 12421 12416
f 12425 12416 12426
f 12416 12421 12426
f 12428 9882 9881
f 12185 12430 12186
f 9882 12429 12185
f 12157 12186 12431
f 12187 12430 12431
f 12432 12431 12430
f 12430 12428 12433
f 12434 12212 12157
f 12157 12431 12434
f 12432 12434 12431
f 12427 9881 12200
f 12428 12199 12206
f 9882 12428 12430
f 12205 12203 12208
f 12433 12427 12435
f 12205 12435 12427
f 12435 12205 12437
f 12438 12205 12210
f 12432 12436 12440
f 12439 12435 12437
f 12441 12434 12432
f 12432 12439 12442
f 12442 12440 12443
f 12443 12439 12438
f 12444 12212 12434
f 12434 12441 12444
f 12446 12443 12438
f 12448 12438 12211
f 12447 12209 12221
f 12216 12212 12445
f 12449 12216 12445
f 12442 12451 12445
f 12446 12442 12443
f 12451 12441 12446
f 12449 12445 12454
f 12437 12448 12455
f 12456 12446 12437
f 12458 12446 12456
f 12446 12458 12452
f 12449 12224 12216
f 12229 12448 12221
f 12449 12451 12459
f 12460 12453 12458
f 12455 12447 12462
f 12458 12455 12464
f 12456 12462 12464
f 12313 12224 12449
f 12466 12449 12460
f 12466 12313 12450
f 12464 12460 12457
f 12464 12467 12459
f 12460 12467 12466
f 12462 12447 12227
f 12228 12230 12461
f 12462 12231 12468
f 12464 12462 12470
f 12467 12463 12470
f 12466 12312 12313
f 12466 12471 12312
f 12467 12474 12465
f 12469 12230 12233
f 12476 12462 12469
f 12470 12462 12476
f 12476 12477 12470
f 12466 12478 12473
f 12474 12478 12466
f 12314 12312 12471
f 12480 12472 12478
f 12468 12233 12318
f 12468 12319 12476
f 12474 12467 12470
f 12470 12477 12475
f 12474 12477 12478
f 12480 12478 12477
f 12481 12477 12476
f 12480 12477 12481
f 12476 12482 12481
f 12485 12314 12471
f 12485 12486 12314
f 12485 12471 12480
f 12487 12485 12490
f 12485 12487 12486
f 12491 12314 12486
f 12314 12491 12311
f 12486 12487 12493
f 12490 12480 12481
f 12485 12479 12490
f 12489 12481 12483
f 12476 12317 12495
f 12495 12318 12364
f 12483 12476 12495
f 12495 12364 12367
f 12486 12492 12491
f 12487 12497 12494
f 12497 12483 12499
f 12381 12501 12367
f 12381 12367 12365
f 12495 12367 12501
f 12500 12483 12496
f 12483 12501 12499
f 12502 12501 12381
f 12499 12504 12497
f 12502 12499 12501
f 12494 12497 12503
f 12487 12489 12497
f 12497 12488 12484
f 12373 12310 12491
f 12506 12491 12493
f 12491 12505 12374
f 12506 12492 12504
f 12507 12381 12383
f 12502 12381 12507
f 12498 12502 12507
f 12504 12499 12510
f 12510 12498 12508
f 12509 12507 12512
f 12511 12507 12383
f 12383 12380 12385
f 12506 12378 12374
f 12516 12378 12506
f 12517 12503 12509
f 12506 12504 12517
f 12519 12512 12383
f 12517 12515 12506
f 12420 12510 12512
f 12509 12420 12518
f 12521 12420 12511
f 12515 12387 12378
f 12518 12522 12516
f 12420 12522 12517
f 12514 12522 12387
f 12388 12387 12522
f 12520 12383 12385
f 12520 12521 12513
f 12385 12394 12520
f 12520 12393 12404
f 12520 12405 12521
f 12405 12416 12521
f 12420 12521 12416
f 12388 12522 12398
f 12420 12407 12522
f 12399 12522 12406
f 12416 12423 12420
f 12420 12425 12418
f 11658 12291 11993
f 11993 12523 12067
f 12069 12067 12523
f 12291 12523 11993
f 12523 12072 12069
f 12523 12524 12072
f 12072 12071 12068
f 12292 12323 12523
f 12324 12523 12323
f 12526 12524 12527
f 12523 12528 12524
f 12523 12324 12528
f 12072 12524 12066
f 12524 12076 12066
f 12525 12076 12524
f 12529 12525 12528
f 12076 12525 12530
f 12530 12531 12076
f 12526 12532 12530
f 12075 12076 12091
f 12335 12528 12324
f 12532 12525 12529
f 12529 12528 12336
f 12532 12529 12336
f 12335 12372 12532
f 12533 12532 12372
f 12530 12534 12531
f 12343 12344 12535
f 12343 12535 12348
f 12531 12092 12076
f 12094 12089 12092
f 12531 12093 12091
f 12537 12095 12093
f 12537 12094 12531
f 12534 12537 12531
f 12538 12537 12534
f 12096 12537 12098
f 12539 12100 12098
f 12099 12537 12538
f 12540 12099 12538
f 12533 12530 12532
f 12533 12534 12530
f 12533 12540 12534
f 12541 12538 12534
f 12542 12544 12098
f 12397 12533 12372
f 12545 12544 12540
f 12546 12533 12397
f 12547 12542 12533
f 12547 12545 12543
f 12397 12372 12370
f 12400 12408 12397
f 12547 12397 12410
f 12419 12550 12408
f 12550 12419 12423
f 9896 6361 12551
f 9896 1529 6361
f 12551 6361 6360
f 12552 12551 6360
f 12552 6363 12553
f 12553 6363 6367
f 12554 9896 12551
f 9900 9896 12554
f 12555 12551 12552
f 12554 9905 9899
f 12556 12553 6367
f 12557 12556 6367
f 12558 6368 6374
f 6367 6368 12558
f 12560 12558 6374
f 12557 6367 12563
f 12564 12557 12563
f 12568 12570 12571
f 9903 9905 12572
f 12575 9987 12576
f 12575 12580 10013
f 12582 12583 12575
f 12579 12575 12583
f 12585 12587 12588
f 12589 12586 12588
f 6381 6431 12571
f 12591 6431 6434
f 12571 6431 12591
f 6434 6439 12592
f 6439 6441 12596
f 12596 6440 6452
f 12591 6439 12594
f 12599 12571 12593
f 12598 12568 12571
f 12600 6453 6449
f 6454 12602 6451
f 10013 9987 12575
f 12603 12604 12605
f 12605 12604 12606
f 12608 12601 12609
f 12611 12609 12612
f 12613 12609 12614
f 12615 12616 12618
f 12619 12616 12620
f 12615 12620 12616
f 12622 12620 12615
f 12624 12620 12627
f 12626 12622 12628
f 12628 12622 12629
f 12630 12626 12628
f 12609 12611 12607
f 12628 12607 12610
f 12632 12611 12612
f 12632 12612 12633
f 12635 12637 12611
f 12635 12611 12632
f 12638 12632 12633
f 12640 12639 12641
f 12643 12645 12646
f 12647 12646 12645
f 12646 10017 10013
f 12646 12647 10018
f 12645 12648 12647
f 12603 12605 12649
f 12627 12653 12605
f 12650 12651 12654
f 12657 12660 12648
f 12661 12657 12649
f 12661 12649 12656
f 12662 12661 12656
f 12660 12661 12662
f 12663 12662 12655
f 10020 10014 10018
f 12665 10018 12647
f 10020 10018 12665
f 12665 12647 12667
f 12666 12647 12648
f 12648 12668 12667
f 12665 9802 10020
f 12669 9802 12665
f 9802 12669 9801
f 12665 12667 12669
f 12670 12667 12668
f 12668 12671 12670
f 12669 12666 12673
f 12674 12666 12670
f 12668 12648 12660
f 12668 12659 12662
f 12671 12668 12662
f 12671 12662 12675
f 12675 12662 12664
f 12663 12676 12675
f 12120 12671 12675
f 12670 12671 12120
f 12677 12675 12676
f 12679 12675 12677
f 12677 12676 12680
f 12121 12675 12678
f 12682 12626 12630
f 12652 12627 12683
f 12655 12652 12684
f 12656 12683 12686
f 12637 12686 12630
f 12686 12637 12689
f 12689 12637 12634
f 12656 12686 12690
f 12690 12663 12656
f 12690 12686 12689
f 12692 12690 12687
f 12692 12688 12694
f 12632 12638 12640
f 12696 12635 12632
f 12697 12632 12640
f 12689 12634 12697
f 12694 12687 12696
f 12640 12699 12696
f 12640 12641 12699
f 12700 12699 12701
f 12702 12696 12699
f 12703 12700 12701
f 12663 12690 12676
f 12676 12690 12692
f 12676 12691 12704
f 12681 12676 12704
f 12704 12692 12694
f 12694 12696 12705
f 12704 12693 12705
f 12707 12704 12705
f 12709 12707 12705
f 12711 12709 12706
f 12706 12695 12711
f 12702 12711 12698
f 12711 12702 12712
f 12712 12702 12700
f 12712 12700 12713
f 12711 12712 12715
f 12709 12710 12715
f 12712 12713 12714
f 12716 12703 12718
f 12713 12720 12721
f 12713 12700 12720
f 12703 12720 12700
f 12703 12717 12720
f 12720 12717 12722
f 12723 12344 12341
f 6743 12724 6738
f 12724 12726 6739
f 6746 12727 12725
f 6746 6741 6745
f 6742 6746 12724
f 6757 6746 6740
f 12729 12728 12731
f 12733 12731 12728
f 12733 12727 6746
f 6747 6756 12733
f 12729 6739 12726
f 12735 12733 6756
f 6760 6756 6752
f 6760 6753 6751
f 6760 12734 6756
f 6760 12736 12735
f 12737 12738 12735
f 12739 12741 12743
f 12745 12746 12747
f 12752 12748 12746
f 12753 12744 12741
f 12741 12755 12753
f 12758 12753 12760
f 12762 12759 12753
f 12754 12741 12764
f 12762 12754 12766
f 12748 12765 12767
f 12765 12748 12768
f 12767 12764 12741
f 12769 12764 12768
f 12769 12768 12770
f 12770 12768 12771
f 12766 12754 12764
f 12769 12766 12764
f 12773 12701 12699
f 12775 12776 12777
f 12779 12775 12777
f 12773 12775 12779
f 12780 12779 12778
f 12781 12779 12780
f 12780 12777 12760
f 12780 12759 12761
f 12780 12762 12766
f 12703 12773 12779
f 12701 12773 12703
f 12718 12703 12779
f 12782 12780 12783
f 12781 12719 12779
f 12723 12782 12783
f 12784 12766 12769
f 12784 12769 12770
f 12780 12766 12783
f 12784 12785 12766
f 12783 12766 12785
f 12785 12784 12770
f 12788 12723 12783
f 12788 12783 12790
f 12790 12783 12785
f 12790 12786 12792
f 12785 12770 12795
f 12795 12792 12785
f 12723 12718 12782
f 12717 12719 12723
f 12787 12790 12796
f 12788 12344 12723
f 12535 12789 12796
f 12796 12790 12798
f 12536 12344 12789
f 12800 12797 12799
f 12536 12796 12800
f 12669 12109 9801
f 12672 12109 12669
f 12109 12673 12119
f 12119 12673 12670
f 12121 12119 12670
f 12678 12138 12120
f 12136 12678 12170
f 12677 12170 12679
f 12681 12171 12677
f 12137 12170 12168
f 12171 12681 12262
f 12170 12262 12172
f 12262 12680 12704
f 12704 12708 12254
f 12259 12253 12708
f 12704 12256 12262
f 12704 12254 12256
f 12259 12707 12709
f 12260 12709 12714
f 12273 12260 12325
f 12715 12713 12721
f 12326 12715 12721
f 12260 12715 12325
f 12327 12721 12337
f 12327 12325 12721
f 12327 12337 12329
f 12337 12721 12720
f 12337 12720 12722
f 12337 12722 12338
f 12722 12716 12723
f 12722 12723 12341
f 12339 12338 12722
f 12340 12722 12341
f 6363 12552 6358
f 12552 12801 12554
f 12552 12553 12556
f 12556 12801 12552
f 12802 12801 12556
f 12802 12556 12557
f 12562 6367 12558
f 12561 6374 6373
f 6373 12570 12560
f 12570 6373 6381
f 12571 12570 6381
f 12559 12560 12563
f 12562 12560 12587
f 12587 12565 12562
f 12587 12560 12570
f 12587 12570 12588
f 12588 12570 12569
f 9905 12554 12801
f 12802 9905 12801
f 12802 12572 9905
f 12577 12572 12802
f 9987 9904 12573
f 9987 12574 12576
f 12802 12557 12564
f 12576 12802 12567
f 12582 12576 12567
f 12582 12575 12576
f 12644 12580 12583
f 12583 12581 12644
f 12566 12587 12586
f 12588 12568 12589
f 12589 12604 12586
f 12604 12589 12803
f 12604 12803 12606
f 12581 12564 12586
f 12586 12645 12582
f 12645 12584 12603
f 12586 12604 12603
f 12599 12592 12806
f 12806 12590 12597
f 12807 12806 12596
f 12808 12595 6452
f 6453 12810 12808
f 12601 6451 12602
f 12809 6453 12601
f 12569 12598 12589
f 12803 12589 12598
f 12803 12599 12806
f 12806 12616 12803
f 12619 12803 12616
f 12619 12811 12804
f 12617 12805 12808
f 12806 12618 12616
f 12606 12804 12811
f 12811 12619 12624
f 12643 12581 12645
f 12602 6454 6525
f 12614 12602 6525
f 12602 12609 12601
f 12810 12601 12608
f 12602 12614 12609
f 12613 12614 12812
f 6525 12812 12614
f 12729 12612 12812
f 12612 12730 12633
f 12813 12618 12808
f 12814 12808 12608
f 12618 12814 12629
f 12615 12618 12629
f 12629 12815 12628
f 12628 12815 12608
f 12619 12620 12624
f 12621 12622 12627
f 12605 12606 12623
f 12606 12811 12625
f 12626 12605 12624
f 12622 12615 12629
f 12611 12636 12628
f 12637 12630 12628
f 12807 12809 12608
f 12638 12633 12817
f 12642 12638 12817
f 12646 10013 12643
f 10012 12578 12643
f 12603 12657 12645
f 12648 12645 12657
f 12661 12658 12657
f 12603 12649 12657
f 12649 12605 12653
f 12631 12686 12685
f 12699 12700 12702
f 12812 6526 6739
f 6739 12729 12812
f 12633 12730 12732
f 12818 6760 6825
f 12737 6760 12818
f 12737 12818 12738
f 6825 6764 12819
f 12818 6825 12820
f 12735 12822 12733
f 12823 12733 12822
f 12822 12735 12738
f 12820 6825 12819
f 12818 12826 12738
f 12738 12826 12822
f 12827 12818 12820
f 12817 12633 12731
f 12817 12732 12733
f 12816 12733 12824
f 12829 12825 12822
f 12830 12817 12824
f 12825 12828 12830
f 12829 12832 12830
f 12827 12828 12822
f 12827 12821 12833
f 12834 12827 12833
f 12827 12834 12829
f 12834 12833 12776
f 12641 12817 12830
f 12699 12642 12830
f 12699 12830 12832
f 12832 12829 12834
f 12699 12832 12774
f 12775 12832 12834
f 12835 12819 12743
f 12819 12835 12820
f 12833 12820 12835
f 6805 6764 6804
f 12819 6764 6806
f 12742 12819 6806
f 12743 6806 12836
f 6805 6799 6826
f 12837 6805 6826
f 6826 6827 6832
f 12745 6826 6832
f 12836 6805 12838
f 12839 6826 12745
f 12838 12739 12836
f 12767 12838 12745
f 12836 12739 12744
f 12740 12837 12767
f 12745 6833 12746
f 12752 6833 6830
f 12746 6832 12750
f 12752 6831 6835
f 8793 6836 6820
f 6836 12752 6835
f 8792 12751 6836
f 12767 12745 12747
f 12768 12752 8792
f 12748 12749 12768
f 12840 12768 8793
f 12772 12768 12840
f 12833 12835 12756
f 12753 12835 12744
f 12758 12835 12753
f 12776 12833 12757
f 12741 12739 12767
f 12759 12776 12758
f 12775 12834 12776
f 12776 12759 12777
f 12763 12753 12754
f 12775 12773 12831
f 7768 12841 7763
f 7768 12842 12841
f 12844 7768 12846
f 7776 7768 7766
f 7777 7774 7782
f 12846 7768 7776
f 7778 12847 12846
f 12847 7776 7782
f 12848 12847 7782
f 12850 12847 12848
f 12852 12846 12847
f 12853 12852 12847
f 12856 12847 12851
f 12847 12856 12853
f 12857 12853 12858
f 12858 12854 12856
f 12858 12856 12859
f 12861 7823 8248
f 7822 12863 7815
f 7822 7815 7812
f 12865 12862 7822
f 12867 12868 12864
f 7781 7779 7815
f 7815 12862 7781
f 12870 7780 12863
f 12870 7782 7781
f 12848 7782 12870
f 12868 12849 12870
f 12870 12862 12868
f 12869 12862 12864
f 12871 7819 7824
f 7819 12871 7822
f 12861 7825 7823
f 12867 12871 7825
f 12865 12871 12867
f 12865 7822 12871
f 7824 12872 12873
f 12866 7825 12874
f 12876 7824 12861
f 12876 12872 7825
f 12850 12849 12877
f 12869 12877 12848
f 12856 12850 12877
f 12869 12867 12879
f 12877 12869 12880
f 12879 12880 12868
f 12881 12855 12877
f 12859 12855 12883
f 12860 12882 12884
f 12880 12883 12877
f 12886 12880 12878
f 12881 12880 12884
f 12879 12866 12887
f 12888 12866 12873
f 12887 12867 12889
f 12872 12890 12873
f 12889 12874 12891
f 12886 12879 12887
f 12887 12888 12886
f 12886 12888 12892
f 12895 12886 12892
f 12895 12891 12896
f 12892 12889 12890
f 12895 12893 12890
f 12859 12900 12858
f 12858 12898 12902
f 12902 12900 12903
f 12900 12904 12903
f 12903 12904 12906
f 12899 12860 12884
f 12900 12885 12908
f 12909 12880 12886
f 12909 12884 12880
f 12884 12910 12908
f 12899 12908 12904
f 12911 12904 12908
f 12911 12908 12909
f 12911 12909 12913
f 12895 12915 12886
f 12916 12915 12895
f 12915 12916 12917
f 12919 12895 12896
f 12916 12894 12919
f 12913 12886 12915
f 12921 12914 12915
f 12921 12915 12917
f 12918 12916 12920
f 12919 12922 12916
f 12909 12886 12912
f 12924 12904 12911
f 12914 12924 12911
f 12925 12926 12904
f 12925 12905 12924
f 12928 12925 12924
f 12927 12925 12928
f 12928 12923 12929
f 12916 12922 12932
f 12934 12932 12922
f 12932 12920 12916
f 12920 12932 12936
f 12934 12936 12933
f 12938 12913 12920
f 12938 12921 12935
f 12929 12924 12914
f 12929 12913 12938
f 12939 12940 12941
f 12942 12944 12945
f 12946 12947 12942
f 12948 12946 12942
f 12951 12946 12953
f 12947 12946 12954
f 12954 12955 12947
f 12951 12954 12946
f 12956 12957 12955
f 12958 12930 12937
f 12931 12958 12928
f 12928 12958 12959
f 12959 12958 12960
f 12963 12928 12959
f 12964 12963 12959
f 12960 12965 12959
f 12967 12965 12960
f 12938 12936 12968
f 12968 12935 12934
f 12971 12937 12968
f 12972 12938 12971
f 12970 12968 12973
f 12976 12971 12973
f 12976 12972 12970
f 12978 12958 12937
f 12958 12978 12961
f 12978 12937 12972
f 12979 12960 12978
f 12972 12979 12978
f 12977 12979 12972
f 12980 12964 12966
f 12967 12982 12980
f 12975 12983 12976
f 12984 12977 12983
f 12983 12975 12985
f 12984 12983 12985
f 12967 12960 12979
f 12967 12979 12976
f 12982 12966 12976
f 12987 12954 12951
f 12956 12955 12954
f 12987 12956 12954
f 12991 12956 12988
f 12989 12993 12990
f 12988 12996 12993
f 12997 12990 12994
f 12995 12997 12994
f 12999 13000 13003
f 13002 13005 13006
f 13008 13010 13006
f 13006 13010 12999
f 12999 13003 13006
f 13011 13006 13005
f 13012 13008 12940
f 12940 13008 13015
f 13014 13007 13006
f 13016 13014 13006
f 13011 13016 13006
f 12956 13018 12957
f 12956 13005 13018
f 13017 13004 13000
f 13018 13005 13001
f 12991 13005 12956
f 13020 12984 13021
f 13019 12982 12984
f 13021 13023 13019
f 12976 12984 12981
f 13011 13005 12990
f 13011 12991 13025
f 13025 12992 12997
f 13027 13019 13022
f 13028 13027 13024
f 13019 13029 12981
f 13029 13031 12982
f 13027 13029 13019
f 13032 2994 7835
f 10674 10672 2994
f 13032 10674 2994
f 13033 13032 13035
f 13035 13032 7833
f 10674 10679 10673
f 13032 10679 10674
f 13033 10679 13032
f 10692 10676 10679
f 13036 10678 13033
f 13036 13033 13034
f 13037 13035 13038
f 7835 7836 13035
f 13034 7836 13040
f 13040 7836 7841
f 13040 7841 7846
f 13040 7846 13041
f 13044 13041 7846
f 13038 13035 13040
f 13040 13041 13046
f 13047 13046 13042
f 10678 13036 10692
f 13036 13049 10692
f 13049 13036 13038
f 13050 10693 10692
f 10721 10695 10693
f 13049 13052 10693
f 10718 10693 13052
f 13054 13051 13039
f 13052 13050 13054
f 13038 13040 13046
f 13048 13054 13046
f 13054 13038 13046
f 13055 13054 13048
f 13055 13047 13056
f 13052 13054 13058
f 13055 13059 13054
f 7846 7845 13061
f 13045 7846 13060
f 13061 7845 7848
f 13045 13060 13063
f 13047 13043 13045
f 13048 13045 13064
f 13064 13045 13062
f 13060 7848 13062
f 7848 13065 13063
f 13064 13063 13066
f 13067 13064 13065
f 7852 7856 7847
f 7848 7847 7856
f 13065 7848 7856
f 7856 7855 13068
f 13068 7855 13070
f 13070 7854 7761
f 7856 13068 13066
f 13074 13068 13070
f 13068 13075 13066
f 13075 13068 13074
f 13075 13072 13076
f 13047 13064 13056
f 13056 13064 13077
f 13067 13077 13064
f 13056 13079 13055
f 13056 13080 13078
f 13080 13056 13077
f 13080 13077 13081
f 13083 13081 13077
f 13085 13081 13082
f 13085 13086 13081
f 13087 13059 13055
f 13055 13078 13087
f 13086 13080 13081
f 13078 13080 13086
f 13067 13065 13075
f 13088 13067 13075
f 13084 13077 13067
f 13083 13067 13088
f 13084 13088 13089
f 13091 13075 13076
f 13088 13075 13091
f 13085 13083 13093
f 13094 13084 13090
f 13089 13088 13092
f 13096 13090 13091
f 10720 13052 13097
f 13097 13052 13058
f 10720 13097 13098
f 13098 13097 13099
f 13058 13100 13097
f 13101 13057 13059
f 13099 13058 13101
f 13058 13053 13059
f 13100 13102 13098
f 13102 13100 13101
f 13103 13101 13059
f 10832 13104 13105
f 10721 13098 10833
f 10726 10721 10833
f 10833 13098 13102
f 10833 13102 13106
f 13102 13101 13103
f 13106 13102 13103
f 13108 13107 13103
f 13110 13087 13079
f 13111 13087 13109
f 13109 13079 13086
f 13113 13109 13086
f 13113 13086 13085
f 13111 13110 13113
f 13114 13111 13113
f 13112 13103 13059
f 13059 13087 13111
f 13116 13103 13111
f 13111 13117 13116
f 13114 13117 13111
f 13117 13114 13119
f 13120 13085 13093
f 13123 13121 13093
f 13090 13124 13093
f 13125 13090 13096
f 13093 13124 13123
f 13126 13122 13124
f 13127 13122 13126
f 13121 13113 13085
f 13114 13113 13121
f 13119 13114 13121
f 13127 13120 13122
f 13128 13103 13116
f 13130 13117 13119
f 13117 13132 13115
f 13132 13117 13129
f 13128 13108 13103
f 13128 13116 13132
f 13129 13119 13133
f 13120 13133 13118
f 13120 13127 13133
f 13134 13133 13127
f 13130 13133 13134
f 13134 13131 13130
f 13134 13135 13132
f 13127 13138 13134
f 7764 12841 7761
f 7762 12841 13069
f 13070 12841 12843
f 13139 13071 12845
f 13139 13074 13070
f 12843 12846 13139
f 13073 13139 13140
f 13076 13074 13140
f 12852 13139 12846
f 13140 13139 12852
f 12857 13140 12852
f 13141 13091 13076
f 13142 13076 13140
f 13142 13141 13076
f 13141 13095 13091
f 13142 13140 12857
f 12857 13143 13142
f 12857 12852 12854
f 13144 13096 13141
f 13124 13096 13144
f 13146 13124 13144
f 13142 13144 13141
f 13142 13147 13145
f 13147 13142 13143
f 13124 13146 13126
f 13146 13145 13147
f 13127 13126 13146
f 13148 13127 13146
f 13143 12857 12858
f 12901 13143 12858
f 12902 13150 13143
f 13150 13147 13143
f 13151 13150 12902
f 13153 13147 13149
f 13151 13153 13150
f 12903 13152 12902
f 13152 12903 12907
f 13127 13154 13137
f 13148 13155 13127
f 13148 13146 13156
f 13146 13147 13156
f 13157 13158 13148
f 13148 13158 13154
f 13160 13155 13159
f 13162 13163 13155
f 13134 13138 13163
f 13138 13155 13163
f 13157 13147 13153
f 13164 13153 13152
f 13164 13157 13153
f 13165 13157 13164
f 13152 12907 13164
f 13167 13164 12907
f 13168 12907 12905
f 13166 13159 13157
f 13160 13159 13166
f 13166 13164 13169
f 12926 13168 12904
f 13170 13166 13168
f 12926 13170 13168
f 13171 10831 10829
f 13172 13104 10830
f 10829 10834 13172
f 13173 13174 13104
f 13104 13171 13173
f 13176 13173 13172
f 13173 13177 13179
f 10834 13180 13171
f 13180 13176 13172
f 13180 10834 10840
f 10844 13181 10840
f 13176 13180 13182
f 13182 13179 13178
f 10733 10833 13107
f 13107 10861 10732
f 10861 13107 13183
f 13108 13183 13107
f 10865 10861 10873
f 10873 10861 13183
f 13183 13108 13184
f 13186 13183 13184
f 13188 13184 13191
f 13173 13193 13175
f 13194 13193 13195
f 13179 13193 13173
f 13198 13192 13179
f 13193 13196 13195
f 13185 13108 13128
f 13199 13185 13128
f 13199 13128 13132
f 13135 13199 13131
f 13200 13194 13195
f 12945 13201 13195
f 13204 12945 13195
f 13198 13204 13195
f 13135 13163 13208
f 13197 13179 13210
f 13182 13209 13179
f 13209 13211 13197
f 13212 13199 13136
f 13211 13206 13197
f 13213 13205 13211
f 13205 13214 12949
f 13189 13184 13199
f 10843 10869 10845
f 10845 10869 13216
f 13216 13218 10845
f 10844 13218 13180
f 13216 13219 13217
f 13216 13220 13219
f 13182 13180 13222
f 13218 13224 13180
f 13219 13223 13218
f 13225 13223 13219
f 13219 13220 13225
f 13226 13225 13220
f 13228 10870 10871
f 10873 13229 10871
f 13230 10873 13231
f 13229 13232 13233
f 10870 13235 10869
f 13234 13216 10869
f 13229 13234 10870
f 13233 13235 13229
f 10873 13183 13231
f 13233 13231 13236
f 13221 13216 13234
f 13233 13237 13234
f 13237 13220 13234
f 13237 13233 13236
f 13232 13183 13186
f 13239 13188 13190
f 13231 13187 13239
f 13239 13236 13231
f 13240 13238 13236
f 13226 13220 13238
f 13236 13239 13240
f 13182 13223 13210
f 13223 13241 13210
f 13241 13223 13225
f 13242 13243 13210
f 13244 13211 13210
f 13245 13242 13225
f 13225 13227 13246
f 13226 13247 13246
f 13244 13242 13251
f 13245 13252 13242
f 13246 13247 13253
f 13242 13253 13249
f 13243 13214 13211
f 13213 13243 13254
f 13212 13135 13208
f 13255 13212 13207
f 13256 13255 13257
f 13249 13254 13244
f 13259 13247 13262
f 13258 13262 13263
f 13259 13253 13247
f 13264 13265 13266
f 13266 13265 13257
f 13267 13249 13253
f 13267 13252 13259
f 13259 13263 13267
f 13266 13268 13264
f 13269 13266 13257
f 13267 13270 13249
f 13270 13254 13250
f 13267 13272 13270
f 13267 13263 13272
f 13274 13269 13257
f 13273 13257 13255
f 13212 13190 13199
f 13276 13191 13212
f 13239 13191 13240
f 13240 13189 13277
f 13276 13278 13191
f 13247 13227 13237
f 13282 13237 13240
f 13281 13240 13279
f 13281 13280 13285
f 13247 13238 13283
f 13284 13277 13276
f 13260 13248 13282
f 13282 13285 13261
f 13265 13262 13285
f 13285 13276 13256
f 13265 13285 13256
f 13212 13256 13276
f 13255 13256 13212
f 13265 13264 13262
f 13257 13265 13256
f 13286 13161 13166
f 13163 13160 13286
f 13135 13134 13163
f 13208 13163 13286
f 13166 13287 13286
f 13166 13170 13288
f 12963 13287 13170
f 13289 13287 12963
f 12945 13206 12949
f 12949 12942 12945
f 12953 12949 13214
f 12953 12946 12948
f 13286 13287 13291
f 13291 13287 13289
f 12926 12928 13170
f 12962 13170 12928
f 13289 12963 12964
f 12965 12980 13289
f 13292 13290 12980
f 13254 12953 13215
f 13293 12953 13254
f 13293 12951 12952
f 13294 12951 13293
f 13286 13291 13296
f 13286 13296 13208
f 13208 13296 13255
f 13291 13289 13292
f 12988 12950 13295
f 13293 13254 13297
f 13294 13293 13297
f 13298 13302 13303
f 13304 13295 13297
f 13306 13303 13302
f 13306 13300 13307
f 13297 13254 13270
f 13270 13300 13297
f 13274 13255 13296
f 13310 13275 13296
f 13311 13273 13310
f 13269 13273 13312
f 13311 13313 13269
f 13313 13312 13309
f 13291 13309 13296
f 13317 13271 13263
f 13271 13301 13270
f 13318 13300 13271
f 13313 13317 13263
f 13314 13263 13269
f 13299 13318 13307
f 13315 13310 13319
f 13316 13307 13317
f 13319 13309 13291
f 13320 13315 13319
f 13314 13321 13307
f 13295 12995 12987
f 12995 13295 13303
f 13322 12995 13303
f 12995 13322 12997
f 13292 13324 13291
f 13303 13305 13322
f 13306 13307 13325
f 13325 13308 13320
f 13292 13326 13324
f 13327 13323 13329
f 13331 13329 13323
f 13330 13323 13326
f 13319 13328 13320
f 13328 13319 13291
f 13328 13291 13323
f 12980 13326 13292
f 12980 12981 13326
f 12982 13030 13326
f 13333 13334 8126
f 8257 8136 13335
f 13335 8136 8126
f 13334 13335 8126
f 13336 13335 13334
f 13336 8257 13335
f 13338 13334 13333
f 13339 13337 13334
f 13336 13338 13340
f 13340 13341 13343
f 13333 13341 13339
f 13339 13341 13340
f 13346 13347 13341
f 13347 13343 13342
f 13344 13347 13348
f 13348 13347 13346
f 13351 13344 13350
f 8164 8160 8158
f 8160 13353 8159
f 13354 8159 13352
f 13355 8157 8159
f 13354 13353 13357
f 13359 13358 13360
f 13362 13354 13358
f 8159 13363 13355
f 13355 13363 13365
f 13364 8159 13354
f 13366 13365 13363
f 13362 13364 13354
f 8169 5890 11859
f 11863 8169 11859
f 8169 8164 8170
f 8164 8167 11863
f 13360 8164 11862
f 13360 13367 8164
f 11880 13360 11861
f 8164 13367 8160
f 13353 8160 13367
f 13353 13367 13360
f 13358 13353 13360
f 13368 13360 11886
f 13360 13368 13359
f 13369 13359 13368
f 13368 11886 11865
f 11865 13371 13368
f 11924 13371 11865
f 13368 13373 13369
f 13373 13368 13372
f 13362 13358 13359
f 13375 13359 13369
f 13375 13362 13359
f 13362 13375 13379
f 13363 13361 13366
f 13377 13366 13362
f 13373 13375 13370
f 13375 13373 13380
f 13375 13380 13376
f 13382 13379 13380
f 11878 11885 11880
f 13360 11880 11885
f 11885 11884 11865
f 8188 8190 8191
f 8191 8190 13383
f 8189 13355 13385
f 8189 8157 13355
f 13386 8190 8189
f 8190 13386 13383
f 13387 13384 13355
f 13387 13383 13386
f 13389 13383 13388
f 13387 13356 13365
f 13332 8126 8191
f 13333 8191 13383
f 13389 13333 13383
f 13389 13387 13390
f 13392 13389 13391
f 13394 13389 13392
f 13365 13391 13388
f 13395 13365 13366
f 13395 13391 13365
f 13378 13395 13366
f 13397 13391 13395
f 13392 13391 13397
f 13397 13394 13392
f 13397 13398 13393
f 13396 13395 13376
f 13346 13333 13389
f 13346 13341 13333
f 13393 13346 13389
f 13401 13346 13394
f 13401 13348 13346
f 13402 13351 13349
f 13405 13351 13402
f 13407 13405 13402
f 13402 13410 13407
f 13411 13412 13410
f 13412 13407 13409
f 13414 13408 13412
f 13412 13411 13414
f 13416 13411 13417
f 13416 13414 13411
f 11924 11865 11864
f 13372 13418 13373
f 13419 13372 11924
f 13419 11924 11928
f 11928 13420 13419
f 13419 13418 13371
f 13422 13418 13419
f 13373 13381 13380
f 13418 13382 13374
f 13424 13382 13418
f 13382 13424 13377
f 13376 13424 13425
f 13421 13424 13418
f 13427 13428 13424
f 11938 13420 11928
f 13430 13432 13420
f 13420 11938 13431
f 13433 13421 13419
f 13419 13420 13434
f 13435 13432 13430
f 13421 13433 13435
f 13437 13430 11937
f 13437 13435 13430
f 13437 13439 13435
f 13427 13440 13428
f 13441 13440 13427
f 13443 13440 13441
f 13427 13424 13422
f 13435 13426 13422
f 13445 13441 13435
f 13447 13443 13442
f 13445 13447 13441
f 13441 13427 13435
f 13398 13396 13425
f 13449 13393 13398
f 13425 13397 13376
f 13423 13429 13425
f 13429 13398 13425
f 13398 13429 13451
f 13450 13449 13398
f 13452 13450 13440
f 13429 13440 13451
f 13393 13449 13453
f 13454 13453 13452
f 13450 13452 13449
f 13452 13453 13449
f 13453 13399 13394
f 13400 13453 13350
f 13402 13348 13453
f 13410 13402 13453
f 13453 13454 13410
f 13456 13452 13440
f 13456 13440 13444
f 13456 13454 13452
f 13454 13456 13457
f 13456 13444 13447
f 13458 13456 13448
f 13456 13417 13457
f 13417 13456 13458
f 13460 13417 13458
f 13455 13457 13411
f 13411 13410 13454
f 13417 13411 13457
f 13462 8251 8259
f 12861 8248 8246
f 13462 8250 8251
f 8246 8250 13462
f 12875 12861 8246
f 8246 13463 13465
f 13465 12876 8246
f 13466 12876 13465
f 13464 8246 13462
f 13463 13462 13467
f 13468 8259 8257
f 8258 13469 13472
f 8259 8253 8256
f 8258 8251 8252
f 13469 8257 13337
f 13469 13340 13472
f 13474 13472 13340
f 13471 13462 8259
f 13467 13462 13472
f 13340 13470 13336
f 13475 13466 13465
f 13476 12891 13466
f 13477 13466 13475
f 13463 13475 13465
f 13467 13478 13463
f 13480 13463 13478
f 13482 13476 13475
f 12896 13477 13482
f 13482 13483 12896
f 13484 13475 13463
f 13485 13463 13480
f 13486 13485 13481
f 13484 13482 13475
f 13483 13482 13485
f 13488 13474 13344
f 13471 13478 13467
f 13479 13471 13473
f 13474 13492 13478
f 13480 13478 13492
f 13492 13474 13489
f 13340 13344 13473
f 13493 13495 13489
f 13495 13492 13489
f 13491 13496 13481
f 13351 13490 13345
f 13493 13489 13351
f 13466 12872 12876
f 12890 12872 13466
f 12891 13476 12896
f 13497 12896 13483
f 13497 13483 13498
f 13483 13484 13487
f 13480 13493 13487
f 13499 13486 13493
f 13500 13498 13487
f 13500 13486 13499
f 13498 13483 13487
f 13500 13497 13498
f 13500 13501 13497
f 13499 13503 13500
f 13504 13500 13503
f 13406 13493 13351
f 13480 13495 13493
f 13499 13493 13505
f 13506 13493 13403
f 13505 13494 13506
f 13499 13508 13503
f 13507 13499 13505
f 13505 13506 13508
f 13510 13508 13506
f 13404 13511 13506
f 13407 13511 13403
f 13512 13514 13503
f 13516 13514 13512
f 13514 13504 13503
f 13502 13500 13504
f 13518 13502 13504
f 13520 13514 13517
f 13517 13523 13519
f 13518 13504 13515
f 13518 13514 13519
f 13510 13506 13511
f 13510 13525 13528
f 13509 13512 13503
f 13513 13508 13510
f 13528 13512 13510
f 13510 13511 13407
f 13414 13510 13408
f 13527 13510 13414
f 13531 13529 13526
f 13516 13512 13528
f 13522 13516 13528
f 13522 13528 13531
f 13413 13530 13526
f 12897 13497 12919
f 12922 12919 13497
f 13502 12922 13497
f 12922 13502 12934
f 13502 13518 12934
f 13416 13417 13533
f 13534 13532 13459
f 13532 13534 13536
f 13416 13532 13536
f 13537 13414 13416
f 13415 13536 13537
f 13538 13536 13534
f 13537 13539 13542
f 13538 13534 13544
f 13538 13544 13545
f 13548 13549 13552
f 13545 13543 13552
f 13550 13545 13552
f 13545 13550 13553
f 13553 13555 13545
f 13537 13536 13538
f 13557 13537 13538
f 13557 13539 13537
f 13558 13539 13557
f 13559 13558 13556
f 13555 13557 13538
f 13538 13545 13555
f 13554 13559 13557
f 13445 13435 13439
f 13560 13445 13439
f 13561 13445 13560
f 11938 12035 13438
f 12033 13562 13436
f 13562 13439 13437
f 13563 13439 13562
f 13564 13563 13562
f 12032 12041 13562
f 12041 13564 13562
f 13563 13560 13439
f 13564 13560 13563
f 12032 13562 12035
f 13447 13445 13565
f 13566 13568 13447
f 13567 13446 13561
f 13570 13567 13561
f 13572 13570 13561
f 13573 13568 13570
f 13568 13567 13571
f 12040 13564 12041
f 13575 13564 12040
f 13576 13560 13564
f 13560 13575 13561
f 13572 13575 13577
f 12043 13576 12040
f 12102 13575 12043
f 13575 13572 13561
f 13571 13572 13573
f 13551 13574 13572
f 13572 13577 13579
f 13579 13552 13572
f 13552 13543 13573
f 13582 13551 13579
f 13568 13458 13447
f 13584 13461 13458
f 13532 13417 13460
f 13584 13458 13568
f 13544 13584 13568
f 13543 13569 13573
f 13535 13461 13584
f 13544 13534 13584
f 13585 12102 12087
f 13586 12086 13588
f 13586 13591 12103
f 12088 13589 12086
f 13592 13591 13585
f 13585 13588 13594
f 13593 13592 13587
f 13596 13592 13594
f 13581 13547 13552
f 13599 13546 13582
f 13599 13582 13600
f 13600 13592 13595
f 13600 13595 13598
f 12800 12798 13601
f 12088 12101 13588
f 13588 12100 13602
f 13602 13593 13588
f 13603 13599 13597
f 13603 13595 13604
f 13593 13604 13597
f 13605 13599 13603
f 13603 13604 13605
f 13604 13593 13602
f 13608 13604 13602
f 13610 13604 13607
f 13604 13611 13605
f 13610 13611 13604
f 13553 13549 13548
f 13612 13555 13553
f 13613 13553 13547
f 13553 13614 13612
f 13616 13612 13614
f 13615 13553 13613
f 13548 13599 13613
f 13616 13615 13613
f 13620 13621 13559
f 13619 13559 13612
f 13612 13559 13555
f 13612 13622 13618
f 13623 13622 13616
f 13622 13612 13616
f 13624 13625 12941
f 13626 13613 13605
f 13605 13613 13599
f 13626 13616 13613
f 13628 13616 13626
f 13629 13628 13627
f 13628 13623 13616
f 13611 13630 13605
f 13629 13626 13606
f 13631 13622 13623
f 13632 13623 13628
f 13631 13623 13632
f 12086 12102 12082
f 13577 13575 12102
f 13590 13583 13578
f 12102 13591 13577
f 13600 13591 13592
f 13580 13579 13577
f 13600 13582 13590
f 13633 13520 13523
f 13519 13634 13518
f 13635 13518 13633
f 13637 13639 13633
f 13638 13637 13640
f 13638 13636 13633
f 13638 13641 13635
f 13530 13541 13643
f 13642 13521 13531
f 13637 13521 13643
f 13537 13531 13414
f 13530 13537 13540
f 13541 13644 13642
f 13644 13541 13539
f 13643 13644 13637
f 13637 13644 13640
f 13637 13633 13524
f 13646 13635 13641
f 13647 13639 13640
f 13647 13641 13638
f 13646 13641 13647
f 13647 13640 13648
f 13651 13652 13640
f 13648 13640 13652
f 13655 13646 13647
f 13656 13647 13650
f 13656 13654 13647
f 13539 13558 13644
f 13645 13558 13657
f 13645 13658 13640
f 13621 13658 13558
f 13658 13621 13651
f 13621 13558 13559
f 13658 13651 13640
f 13659 12934 13518
f 12969 12934 13659
f 12968 13659 12974
f 13659 13518 13635
f 13660 13659 13635
f 12973 13659 13660
f 13646 13660 13635
f 12985 13660 13646
f 12986 12974 13660
f 13655 12985 13646
f 13021 12984 12986
f 13655 13021 12985
f 13661 13662 13652
f 13652 13656 13649
f 13664 13656 13653
f 13662 13663 13652
f 13022 13655 13656
f 13665 13656 13664
f 13651 13621 13661
f 13661 13621 13617
f 13619 13622 13661
f 13661 13653 13651
f 13667 13661 13622
f 13666 13662 13661
f 13622 13631 13666
f 13632 13668 13631
f 13023 13656 13665
f 13664 13662 13668
f 13663 13668 13665
f 13668 13662 13666
f 13631 13668 13666
f 13655 13022 13021
f 13669 12353 12352
f 13670 12353 13669
f 12391 12353 12411
f 12353 13670 12411
f 12412 12411 13673
f 12421 13673 13674
f 12421 13676 12426
f 12421 12413 13673
f 12422 13675 13676
f 13673 12411 13677
f 13679 13026 12997
f 13683 13679 12997
f 13684 13685 12941
f 13684 12941 12940
f 13684 12940 13687
f 13688 13685 13684
f 13689 13684 13686
f 13690 13015 13016
f 13690 13016 13691
f 13687 12940 13015
f 13690 13687 13014
f 13685 13689 13693
f 13695 13693 13696
f 13696 13693 13689
f 13696 13698 13700
f 13690 13692 13687
f 13691 13701 13687
f 13704 13706 13701
f 13689 13686 13708
f 13708 13686 13701
f 13707 13708 13703
f 13706 13696 13708
f 13696 13706 13698
f 13696 13689 13708
f 13697 13706 13709
f 13706 13705 13710
f 13706 13712 13709
f 13715 13709 13713
f 13709 13716 13718
f 13716 13720 13718
f 13719 13723 13709
f 13011 13691 13016
f 13691 13011 13724
f 13728 13691 13725
f 13730 13727 13724
f 13011 13025 13679
f 13733 13679 13682
f 13331 13030 13734
f 13029 13736 13735
f 13029 13734 13030
f 13726 13011 13679
f 13737 13725 13733
f 13733 13681 13741
f 13679 13733 13725
f 13742 13740 13743
f 13732 13741 13744
f 13744 13738 13742
f 13743 13746 13742
f 13737 13731 13726
f 13330 13746 13743
f 13747 13331 13735
f 13747 13734 13736
f 13733 13744 13737
f 13745 13742 13749
f 13746 13748 13742
f 13665 13750 13028
f 13750 13752 13028
f 13027 13736 13029
f 13753 13736 13027
f 13747 13736 13751
f 13746 13753 13749
f 13028 13753 13027
f 13744 13731 13737
f 13703 13691 13727
f 13705 13702 13729
f 13727 13730 13704
f 13705 13730 13711
f 13756 13731 13744
f 13755 13748 13758
f 13757 13752 13750
f 13710 13730 13756
f 13756 13757 13711
f 13711 13757 13759
f 13764 13750 13665
f 13765 13769 13760
f 13767 13765 13764
f 13763 13771 13720
f 13765 13750 13764
f 13771 13764 13665
f 13767 13764 13720
f 13757 13750 13762
f 13765 13761 13750
f 13706 13711 13714
f 13714 13711 13767
f 13711 13760 13766
f 13721 13715 13768
f 13715 13714 13770
f 13749 13754 13745
f 13749 13751 13757
f 13696 13700 13694
f 13694 13699 13772
f 13700 13698 13709
f 13325 13775 13306
f 13305 13775 13322
f 13778 13325 13321
f 13776 13321 13329
f 13777 13774 13325
f 13328 13329 13320
f 13682 12997 13322
f 13775 13682 13322
f 13682 13774 13779
f 13779 13741 13680
f 13739 13779 13743
f 13329 13330 13743
f 13777 13779 13775
f 13329 13743 13776
f 13779 13776 13743
f 13331 13326 13030
f 12348 12536 12800
f 12348 12800 13780
f 13781 12348 13780
f 12800 13601 13780
f 13601 13783 13780
f 13783 13601 13784
f 13784 13786 13782
f 12544 12539 12099
f 12539 13602 12100
f 12539 13788 13602
f 13788 13607 13602
f 13788 12539 12544
f 13607 13788 13609
f 13789 13610 13790
f 13611 13610 13789
f 12352 12348 13669
f 13669 12348 13783
f 13786 13793 13781
f 13669 13783 13793
f 13790 13788 12544
f 13610 13787 13790
f 13794 13798 13625
f 13795 13625 13624
f 13797 13795 13784
f 13795 13785 13784
f 13624 12941 13685
f 13799 13795 13624
f 13801 13630 13611
f 13630 13800 13628
f 13789 13801 13611
f 13801 13804 13628
f 13805 13632 13628
f 13786 13796 13799
f 13799 13806 13786
f 13799 13624 13685
f 13685 13693 13799
f 13807 13799 13693
f 13809 13801 13789
f 13811 13801 13809
f 13811 13803 13801
f 12545 13812 12544
f 13812 13790 12544
f 13813 13812 12545
f 13671 13669 13792
f 13789 13790 13814
f 13670 13793 13815
f 13678 13670 13815
f 13815 13817 13678
f 13791 13812 13814
f 13674 13673 13818
f 13813 12545 12546
f 13820 13812 13813
f 13824 13812 13820
f 13824 13820 13826
f 12408 13813 12548
f 13813 12409 12550
f 13821 13813 12550
f 13822 12549 13829
f 13828 12550 12424
f 13830 13820 13828
f 13827 12424 13830
f 13676 12423 12426
f 13831 13676 13674
f 13830 13676 13832
f 13830 12423 13676
f 13833 13830 13832
f 13674 13818 13835
f 13835 13832 13675
f 13833 13826 13830
f 13830 13825 13821
f 13832 13836 13833
f 13834 13836 13825
f 13672 13678 12411
f 13678 13818 13673
f 13817 13818 13678
f 13823 13825 13837
f 13825 13836 13837
f 13812 13823 13814
f 13824 13837 13814
f 13838 13814 13837
f 13832 13835 13836
f 13792 13786 13806
f 13807 13839 13806
f 13814 13809 13789
f 13815 13792 13806
f 13806 13839 13815
f 13839 13817 13816
f 13839 13841 13817
f 13817 13840 13843
f 13841 13839 13808
f 13838 13809 13814
f 13845 13809 13838
f 13838 13846 13844
f 13806 13799 13807
f 13840 13808 13694
f 13694 13808 13693
f 13847 13840 13694
f 13848 13810 13809
f 13848 13802 13811
f 13849 13803 13848
f 13851 13849 13848
f 13841 13847 13843
f 13847 13852 13842
f 13854 13852 13855
f 13855 13853 13858
f 13853 13847 13858
f 13845 13850 13848
f 13845 13848 13809
f 13846 13854 13844
f 13846 13852 13854
f 13851 13844 13856
f 13844 13854 13856
f 13856 13849 13851
f 13817 13843 13818
f 13835 13819 13843
f 13842 13852 13835
f 13859 13835 13853
f 13836 13835 13859
f 13859 13837 13836
f 13859 13838 13837
f 13859 13853 13846
f 13846 13838 13859
f 13862 13668 13632
f 13863 13665 13668
f 13632 13803 13860
f 13865 13860 13805
f 13849 13865 13803
f 13861 13863 13668
f 13866 13863 13860
f 13771 13665 13863
f 13867 13771 13866
f 13863 13866 13771
f 13865 13866 13861
f 13868 13867 13866
f 13866 13864 13869
f 13868 13866 13869
f 13771 13867 13720
f 13719 13720 13867
f 13868 13719 13867
f 13868 13723 13717
f 13028 13022 13665
f 13694 13772 13847
f 13773 13858 13847
f 13871 13869 13873
f 13871 13872 13857
f 13709 13874 13699
f 13878 13869 13871
f 13876 13772 13700
f 13858 13773 13875
f 13870 13858 13874
f 13870 13876 13878
f 13869 13865 13849
f 13873 13849 13856
f 13873 13869 13849
f 13856 13858 13872
f 13878 13875 13709
f 13722 13878 13709
f 13722 13868 13878
f 13868 13869 13877
f 11014 8607 3685
f 11014 3685 3686
f 8607 11012 11015
f 13879 8607 13882
f 8608 13880 8613
f 8614 8612 13880
f 13882 8607 11015
f 8614 13880 13883
f 13885 8618 8614
f 13885 8625 8618
f 13886 8623 13885
f 13887 8625 13886
f 13884 13885 8614
f 13884 13888 13885
f 13886 13885 13888
f 11018 13882 11015
f 13881 11018 13879
f 13886 13888 13890
f 13886 13889 13891
f 13886 13891 13887
f 13887 13891 13892
f 13202 13891 13890
f 13200 13893 13891
f 8652 13887 8657
f 13887 8652 8625
f 13892 13894 8657
f 13887 13892 8657
f 13895 8655 8657
f 8656 13894 13895
f 8665 8655 13895
f 8665 13895 13894
f 13893 13894 13892
f 13893 13898 13894
f 13898 8664 13894
f 13899 8665 13898
f 8668 8636 8667
f 8747 8667 13901
f 13902 13904 8747
f 8747 13901 13902
f 8747 13904 13905
f 8666 8665 13900
f 13901 8667 13900
f 13893 13892 13891
f 13906 13898 13893
f 13896 13906 13908
f 13908 13900 13897
f 13901 13899 13909
f 13203 13910 13893
f 13910 13906 13893
f 12945 13910 13201
f 12944 13907 13910
f 13911 13907 12944
f 13912 13908 13906
f 13913 13903 13901
f 13914 13913 13915
f 13902 13913 13914
f 13916 13918 13922
f 13904 13902 13916
f 13914 13916 13902
f 13916 13914 13917
f 13921 13917 13923
f 13908 13913 13901
f 13925 13926 13012
f 12939 13925 13013
f 12944 13910 12945
f 12947 13912 12943
f 13908 13912 13929
f 13913 13908 13928
f 13928 13911 12947
f 12947 12944 12942
f 12955 13929 12947
f 12955 12957 13928
f 13932 13923 13920
f 13933 13923 13932
f 13934 13933 13930
f 13936 13914 13915
f 13937 13920 13935
f 13937 13932 13920
f 13914 13936 13919
f 13936 13018 13000
f 13000 13937 13936
f 13927 13934 13010
f 12999 13010 13931
f 13009 13934 13932
f 12998 13930 13937
f 12999 13937 13000
f 13915 12957 13936
f 13915 13913 13928
f 12957 13915 13928
f 13936 12957 13018
f 13012 13926 13010
f 13008 13013 13009
f 12939 13013 12940
f 13879 11018 13938
f 13939 13879 13938
f 13939 13884 13879
f 13939 13942 13884
f 10731 13938 11018
f 13939 13938 10731
f 10730 10830 10731
f 10731 10832 13105
f 13105 13939 10731
f 13105 13941 13939
f 13941 13105 13175
f 13105 13104 13175
f 13193 13942 13175
f 13940 13888 13884
f 13889 13888 13941
f 13194 13889 13941
f 13941 13192 13194
f 13889 13194 13201
f 13943 13944 13946
f 13905 8789 8751
f 8753 8757 8787
f 8753 8786 8756
f 13947 8786 8753
f 13943 8785 13947
f 13948 8753 8789
f 13947 8753 13949
f 8788 13905 13948
f 13950 13947 13951
f 13952 13943 13950
f 13943 13952 13944
f 12772 12840 13954
f 12770 12771 13955
f 13955 13954 13956
f 13956 13958 13955
f 13959 13956 13960
f 13958 13956 13959
f 13962 13957 13959
f 13963 13955 13958
f 12770 13955 12795
f 13958 13962 13963
f 13962 13959 13965
f 13967 13962 13964
f 13971 13950 13951
f 13972 13970 13973
f 13973 13971 13974
f 13971 13951 13974
f 13976 13952 13950
f 13950 13972 13976
f 13965 13977 13972
f 13971 13972 13950
f 13978 13973 13980
f 13933 13973 13974
f 13980 13973 13933
f 13972 13978 13965
f 13978 13972 13973
f 13966 13965 13978
f 13905 8752 8747
f 13948 13905 13904
f 13916 13948 13904
f 13921 13951 13948
f 13921 13975 13951
f 13921 13949 13916
f 13975 13922 13924
f 13933 13974 13923
f 13963 12794 13955
f 12795 13963 13981
f 13968 13963 13962
f 13963 13968 13983
f 13982 13967 13984
f 13986 13983 13984
f 13983 13981 13963
f 13979 13987 13978
f 13984 13969 13987
f 13980 13933 13934
f 13978 13987 13969
f 13987 13988 13984
f 13980 13934 13926
f 13925 13987 13980
f 13927 13925 13980
f 12790 12791 12798
f 12793 13981 12791
f 12791 13981 12799
f 13992 12798 13981
f 13985 13981 13983
f 13992 13981 13986
f 13992 13986 13993
f 13992 13601 12798
f 13601 13992 13994
f 13784 13993 13798
f 13985 13984 13988
f 13986 13995 13993
f 13985 13989 13995
f 13990 13987 13925
f 12939 13988 13925
f 13995 13798 13994
f 13995 13990 13625
f 13625 13797 13995
f 12939 13625 13991
f 12941 13625 12939
f 13784 13601 13993
f 8747 8668 8667
f 8782 8786 8784
f 13946 8784 8785
f 8785 13943 13946
f 13997 8784 13946
f 13945 13997 13946
f 13997 13961 13998
f 13960 13996 13944
f 13954 13998 13960
f 13945 13999 13961
f 13951 13947 13949
f 13947 13950 13943
f 13998 8791 13996
f 8790 13996 8791
f 13996 8790 8784
f 13998 8793 8791
f 12840 8792 13998
f 12840 13998 13953
f 13954 13955 12772
f 13977 13999 13952
f 13956 13954 13960
f 14000 13944 13952
f 13965 13959 13976
f 13959 13961 14000
f 13959 13999 13976
