# exported from mesh.npz by build_env/build_object_urdf.py
# mesh coordinates preserved (origin convention goal_traj tracks)
v -0.004299 -0.003892 -0.009263
v -0.004299 -0.003892 -0.009263
v -0.004299 -0.003892 -0.009263
v -0.003137 -0.004434 -0.009272
v -0.003137 -0.004434 -0.009272
v -0.003137 -0.004434 -0.009272
v -0.004537 -0.004526 -0.009264
v -0.013168 0.005917 -0.009325
v -0.013775 0.008247 -0.009283
v -0.011170 0.005042 -0.009344
v -0.010233 0.013400 -0.009143
v -0.011688 0.013777 -0.009129
v -0.011921 0.015248 -0.009078
v -0.012294 0.004207 -0.009358
v -0.011898 0.003326 -0.009372
v -0.011898 0.003326 -0.009372
v -0.013955 0.004108 -0.009364
v 0.039409 -0.020793 0.007412
v 0.039409 -0.020793 0.007412
v 0.039409 -0.020793 0.007412
v 0.039409 -0.020793 0.007412
v 0.039409 -0.020793 0.007412
v 0.039409 -0.020793 0.007412
v 0.039409 -0.020793 0.007412
v 0.038963 -0.020477 0.007632
v 0.038963 -0.020477 0.007632
v 0.038963 -0.020477 0.007632
v 0.038963 -0.020477 0.007632
v 0.038963 -0.020477 0.007632
v 0.038963 -0.020477 0.007632
v 0.038963 -0.020477 0.007632
v 0.038963 -0.020477 0.007632
v 0.039159 -0.020867 0.007541
v 0.039159 -0.020867 0.007541
v 0.039159 -0.020867 0.007541
v 0.039159 -0.020867 0.007541
v 0.039159 -0.020867 0.007541
v 0.039159 -0.020867 0.007541
v -0.015528 0.001906 -0.009370
v -0.015957 0.001038 -0.009381
v -0.015957 0.001038 -0.009381
v -0.016766 0.001656 -0.009388
v -0.040855 0.005445 0.006729
v -0.040855 0.005445 0.006729
v -0.040855 0.005445 0.006729
v -0.040855 0.005445 0.006729
v -0.040901 0.004917 0.005897
v -0.040901 0.004917 0.005897
v -0.040817 0.003682 0.006596
v -0.040817 0.003682 0.006596
v -0.040817 0.003682 0.006596
v -0.040817 0.003682 0.006596
v -0.014790 -0.003555 -0.009293
v -0.015889 -0.003192 -0.009302
v -0.015108 -0.003057 -0.009308
v -0.029570 0.020689 -0.002180
v -0.027895 0.020661 -0.002503
v -0.029085 0.020588 -0.004385
v -0.038436 0.021011 0.006360
v -0.038436 0.021011 0.006360
v -0.038436 0.021011 0.006360
v -0.038436 0.021011 0.006360
v -0.038436 0.021011 0.006360
v -0.038436 0.021011 0.006360
v -0.038436 0.021011 0.006360
v -0.038436 0.021011 0.006360
v -0.038436 0.021011 0.006360
v -0.038846 0.020956 0.007418
v -0.038846 0.020956 0.007418
v -0.038846 0.020956 0.007418
v -0.038846 0.020956 0.007418
v -0.038846 0.020956 0.007418
v -0.038846 0.020956 0.007418
v -0.038846 0.020956 0.007418
v -0.037663 0.020986 0.007269
v -0.037663 0.020986 0.007269
v -0.037663 0.020986 0.007269
v -0.037663 0.020986 0.007269
v -0.037663 0.020986 0.007269
v -0.021378 -0.020826 -0.003996
v -0.021378 -0.020826 -0.003996
v -0.023518 -0.020904 -0.002877
v -0.024255 -0.020865 -0.003988
v -0.012242 0.000356 -0.009362
v -0.013331 -0.000009 -0.009363
v -0.013088 0.001248 -0.009362
v -0.036822 0.020925 0.001858
v -0.036822 0.020925 0.001858
v -0.037932 0.020929 0.002071
v -0.037932 0.020929 0.002071
v -0.037932 0.020929 0.002071
v -0.037932 0.020929 0.002071
v -0.037932 0.020929 0.002071
v -0.037223 0.020973 0.003481
v -0.037223 0.020973 0.003481
v -0.037223 0.020973 0.003481
v -0.037223 0.020973 0.003481
v -0.034144 0.020941 0.006803
v -0.034144 0.020941 0.006803
v -0.034144 0.020941 0.006803
v -0.032486 0.020872 0.007530
v -0.030919 0.020839 0.007760
v -0.030919 0.020839 0.007760
v -0.030919 0.020839 0.007760
v -0.030919 0.020839 0.007760
v -0.030919 0.020839 0.007760
v -0.030919 0.020839 0.007760
v -0.018536 -0.020639 -0.007759
v -0.018536 -0.020639 -0.007759
v -0.018536 -0.020639 -0.007759
v -0.018536 -0.020639 -0.007759
v -0.021630 -0.020638 -0.008160
v -0.021630 -0.020638 -0.008160
v -0.021630 -0.020638 -0.008160
v -0.021630 -0.020638 -0.008160
v -0.021630 -0.020638 -0.008160
v -0.021630 -0.020638 -0.008160
v -0.021630 -0.020638 -0.008160
v -0.021630 -0.020638 -0.008160
v -0.018080 -0.020497 -0.008365
v -0.018080 -0.020497 -0.008365
v -0.018080 -0.020497 -0.008365
v -0.018080 -0.020497 -0.008365
v -0.018080 -0.020497 -0.008365
v -0.012818 -0.004700 -0.009254
v -0.012818 -0.004700 -0.009254
v -0.011705 -0.003800 -0.009270
v -0.011705 -0.003800 -0.009270
v -0.011705 -0.003800 -0.009270
v -0.011042 -0.004767 -0.009244
v -0.011042 -0.004767 -0.009244
v -0.018477 -0.020069 -0.008957
v -0.018477 -0.020069 -0.008957
v -0.018477 -0.020069 -0.008957
v -0.018477 -0.020069 -0.008957
v -0.015699 -0.020481 -0.008347
v -0.015699 -0.020481 -0.008347
v -0.015699 -0.020481 -0.008347
v -0.038157 0.019558 0.007545
v -0.038157 0.019558 0.007545
v -0.038157 0.019558 0.007545
v -0.038157 0.019558 0.007545
v -0.038157 0.019558 0.007545
v -0.038157 0.019558 0.007545
v -0.038125 0.019097 0.007484
v -0.038125 0.019097 0.007484
v -0.038125 0.019097 0.007484
v -0.038125 0.019097 0.007484
v -0.038125 0.019097 0.007484
v -0.038125 0.019097 0.007484
v -0.038049 0.018355 0.007517
v -0.038049 0.018355 0.007517
v -0.038049 0.018355 0.007517
v -0.038049 0.018355 0.007517
v -0.038049 0.018355 0.007517
v -0.038049 0.018355 0.007517
v -0.038049 0.018355 0.007517
v -0.035138 0.020903 0.007656
v -0.035138 0.020903 0.007656
v -0.036578 0.020913 0.007669
v -0.036578 0.020913 0.007669
v -0.036578 0.020913 0.007669
v -0.033720 0.020868 0.007811
v -0.033720 0.020868 0.007811
v -0.033720 0.020868 0.007811
v -0.033720 0.020868 0.007811
v -0.038998 0.020267 0.007480
v -0.038998 0.020267 0.007480
v -0.038998 0.020267 0.007480
v -0.038998 0.020267 0.007480
v -0.038998 0.020267 0.007480
v -0.038573 0.020144 0.007455
v -0.038573 0.020144 0.007455
v -0.038573 0.020144 0.007455
v -0.038573 0.020144 0.007455
v -0.038573 0.020144 0.007455
v -0.038573 0.020144 0.007455
v -0.038811 0.020171 0.007618
v -0.038811 0.020171 0.007618
v -0.038811 0.020171 0.007618
v -0.038811 0.020171 0.007618
v -0.037826 0.020856 0.007997
v -0.037826 0.020856 0.007997
v -0.037826 0.020856 0.007997
v -0.037826 0.020856 0.007997
v -0.037826 0.020856 0.007997
v -0.037826 0.020856 0.007997
v -0.037826 0.020856 0.007997
v -0.036370 0.020989 0.005966
v -0.036370 0.020989 0.005966
v -0.036370 0.020989 0.005966
v -0.039434 0.020437 0.008146
v -0.039434 0.020437 0.008146
v -0.039434 0.020437 0.008146
v -0.039434 0.020437 0.008146
v -0.039434 0.020437 0.008146
v -0.039434 0.020437 0.008146
v -0.039435 0.020320 0.008433
v -0.039435 0.020320 0.008433
v -0.039435 0.020320 0.008433
v -0.039435 0.020320 0.008433
v -0.039435 0.020320 0.008433
v -0.039435 0.020320 0.008433
v -0.039430 0.020686 0.007920
v -0.039430 0.020686 0.007920
v -0.039430 0.020686 0.007920
v -0.039430 0.020686 0.007920
v -0.039430 0.020686 0.007920
v -0.039430 0.020686 0.007920
v -0.039220 0.012123 0.007296
v -0.039220 0.012123 0.007296
v -0.039220 0.012123 0.007296
v -0.039220 0.012123 0.007296
v -0.039376 0.014536 0.007236
v -0.039376 0.014536 0.007236
v -0.039376 0.014536 0.007236
v -0.040100 0.012198 0.007179
v -0.040100 0.012198 0.007179
v -0.040100 0.012198 0.007179
v -0.040100 0.012198 0.007179
v -0.039330 0.020459 0.007613
v -0.039330 0.020459 0.007613
v -0.039330 0.020459 0.007613
v -0.039330 0.020459 0.007613
v -0.039330 0.020459 0.007613
v -0.039408 0.020464 0.007853
v -0.039408 0.020464 0.007853
v -0.039408 0.020464 0.007853
v -0.039408 0.020464 0.007853
v -0.039450 0.020687 0.007554
v -0.039450 0.020687 0.007554
v -0.039450 0.020687 0.007554
v -0.039450 0.020687 0.007554
v -0.039450 0.020687 0.007554
v -0.039450 0.020687 0.007554
v -0.039450 0.020687 0.007554
v -0.013113 0.015296 -0.009078
v -0.014570 0.014400 -0.009115
v -0.013678 0.016288 -0.009041
v -0.039176 0.020154 0.007900
v -0.039176 0.020154 0.007900
v -0.039176 0.020154 0.007900
v -0.039176 0.020154 0.007900
v -0.039176 0.020154 0.007900
v -0.039176 0.020154 0.007900
v -0.039176 0.020154 0.007900
v -0.039176 0.020154 0.007900
v -0.039176 0.020154 0.007900
v -0.039176 0.020154 0.007900
v -0.039190 0.020372 0.007443
v -0.039190 0.020372 0.007443
v -0.039190 0.020372 0.007443
v -0.039190 0.020372 0.007443
v -0.039190 0.020372 0.007443
v -0.039190 0.020372 0.007443
v -0.038095 0.018748 0.007498
v -0.038095 0.018748 0.007498
v 0.039300 -0.019541 0.007943
v 0.039300 -0.019541 0.007943
v 0.039300 -0.019541 0.007943
v 0.039300 -0.019541 0.007943
v 0.039300 -0.019541 0.007943
v 0.039333 -0.018430 0.008043
v 0.039333 -0.018430 0.008043
v 0.039333 -0.018430 0.008043
v 0.039333 -0.018430 0.008043
v 0.039333 -0.018430 0.008043
v 0.039333 -0.018430 0.008043
v 0.039333 -0.018430 0.008043
v 0.039333 -0.018430 0.008043
v 0.039333 -0.018430 0.008043
v 0.039208 -0.019617 0.008131
v 0.039208 -0.019617 0.008131
v 0.039208 -0.019617 0.008131
v 0.039208 -0.019617 0.008131
v 0.039208 -0.019617 0.008131
v 0.039208 -0.019617 0.008131
v 0.039208 -0.019617 0.008131
v 0.039208 -0.019617 0.008131
v -0.038832 0.020192 0.007412
v -0.038832 0.020192 0.007412
v -0.038832 0.020192 0.007412
v -0.038832 0.020192 0.007412
v -0.038832 0.020192 0.007412
v -0.039455 0.020741 0.007217
v -0.039455 0.020741 0.007217
v -0.039455 0.020741 0.007217
v -0.039455 0.020741 0.007217
v -0.039455 0.020741 0.007217
v -0.039455 0.020741 0.007217
v -0.039387 0.020904 0.007275
v -0.039387 0.020904 0.007275
v -0.039387 0.020904 0.007275
v -0.039387 0.020904 0.007275
v -0.039387 0.020904 0.007275
v -0.039387 0.020904 0.007275
v -0.028197 -0.020893 -0.004261
v -0.026737 -0.020863 -0.004654
v -0.027470 -0.020908 -0.003779
v -0.010200 0.020380 -0.008080
v -0.009544 0.020418 -0.006853
v -0.009276 0.020399 -0.007945
v -0.012886 0.020340 -0.008456
v -0.012886 0.020340 -0.008456
v -0.012886 0.020340 -0.008456
v -0.012886 0.020340 -0.008456
v -0.012886 0.020340 -0.008456
v -0.012886 0.020340 -0.008456
v -0.012886 0.020340 -0.008456
v -0.011909 0.020355 -0.008408
v -0.011909 0.020355 -0.008408
v -0.011909 0.020355 -0.008408
v -0.010858 0.020357 -0.008471
v -0.010858 0.020357 -0.008471
v -0.010858 0.020357 -0.008471
v -0.010858 0.020357 -0.008471
v -0.010858 0.020357 -0.008471
v -0.009491 0.020291 -0.008683
v -0.009491 0.020291 -0.008683
v -0.009491 0.020291 -0.008683
v -0.009491 0.020291 -0.008683
v -0.009491 0.020291 -0.008683
v -0.008496 0.020187 -0.008722
v -0.008496 0.020187 -0.008722
v -0.008496 0.020187 -0.008722
v -0.008496 0.020187 -0.008722
v -0.009877 0.020049 -0.008848
v -0.009877 0.020049 -0.008848
v -0.009877 0.020049 -0.008848
v -0.009877 0.020049 -0.008848
v -0.009877 0.020049 -0.008848
v -0.009877 0.020049 -0.008848
v -0.009877 0.020049 -0.008848
v -0.009877 0.020049 -0.008848
v -0.009877 0.020049 -0.008848
v -0.015158 -0.004119 -0.009272
v -0.015158 -0.004119 -0.009272
v -0.013459 -0.003583 -0.009282
v -0.013459 -0.003583 -0.009282
v -0.014574 -0.011970 -0.009385
v -0.014063 -0.012910 -0.009431
v -0.015614 -0.012470 -0.009413
v -0.015614 -0.012470 -0.009413
v -0.038672 0.019711 0.007293
v -0.038672 0.019711 0.007293
v -0.038672 0.019711 0.007293
v -0.038672 0.019711 0.007293
v -0.038672 0.019711 0.007293
v -0.038799 0.016760 0.007294
v -0.038799 0.016760 0.007294
v -0.038799 0.016760 0.007294
v -0.038799 0.016760 0.007294
v -0.038160 0.017122 0.007393
v -0.038160 0.017122 0.007393
v -0.038160 0.017122 0.007393
v -0.038160 0.017122 0.007393
v -0.038160 0.017122 0.007393
v 0.040133 -0.017701 0.005911
v 0.040133 -0.017701 0.005911
v 0.040291 -0.015433 0.005785
v 0.040291 -0.015433 0.005785
v 0.040291 -0.015433 0.005785
v 0.040120 -0.015359 0.006471
v 0.040120 -0.015359 0.006471
v 0.040120 -0.015359 0.006471
v 0.040120 -0.015359 0.006471
v -0.013355 -0.001521 -0.009335
v -0.014023 -0.002019 -0.009328
v -0.013952 -0.000746 -0.009360
v -0.013952 -0.000746 -0.009360
v -0.004224 0.019073 -0.008864
v -0.004224 0.019073 -0.008864
v -0.001811 0.018894 -0.008856
v -0.001811 0.018894 -0.008856
v -0.001811 0.018894 -0.008856
v -0.003258 0.018114 -0.008915
v -0.038187 0.019903 0.007434
v -0.038187 0.019903 0.007434
v -0.038187 0.019903 0.007434
v -0.038187 0.019903 0.007434
v -0.038187 0.019903 0.007434
v -0.038187 0.019903 0.007434
v -0.032829 0.020918 0.005965
v -0.032829 0.020918 0.005965
v -0.031225 0.020873 0.006719
v -0.031225 0.020873 0.006719
v -0.031225 0.020873 0.006719
v -0.031592 0.020884 0.005240
v -0.039270 0.019336 0.008496
v -0.039270 0.019336 0.008496
v -0.039270 0.019336 0.008496
v -0.039270 0.019336 0.008496
v -0.039289 0.018736 0.008620
v -0.039289 0.018736 0.008620
v -0.039289 0.018736 0.008620
v -0.039289 0.018736 0.008620
v -0.039289 0.018736 0.008620
v -0.039457 0.019290 0.008903
v -0.039457 0.019290 0.008903
v -0.039457 0.019290 0.008903
v -0.039457 0.019290 0.008903
v -0.039457 0.019290 0.008903
v -0.039457 0.019290 0.008903
v -0.039457 0.019290 0.008903
v -0.039457 0.019290 0.008903
v -0.038268 0.019928 0.007581
v -0.038268 0.019928 0.007581
v -0.038268 0.019928 0.007581
v -0.038268 0.019928 0.007581
v -0.038268 0.019928 0.007581
v -0.038268 0.019928 0.007581
v -0.038268 0.019928 0.007581
v -0.039122 0.020040 0.007257
v -0.039122 0.020040 0.007257
v -0.039122 0.020040 0.007257
v -0.039122 0.020040 0.007257
v -0.039122 0.020040 0.007257
v -0.039122 0.020040 0.007257
v -0.039122 0.020040 0.007257
v -0.039611 0.019983 0.007133
v -0.039611 0.019983 0.007133
v -0.039611 0.019983 0.007133
v -0.039611 0.019983 0.007133
v -0.039611 0.019983 0.007133
v -0.011376 0.020300 -0.008721
v -0.011376 0.020300 -0.008721
v -0.011376 0.020300 -0.008721
v -0.011376 0.020300 -0.008721
v -0.011376 0.020300 -0.008721
v -0.011376 0.020300 -0.008721
v -0.008913 0.020360 -0.008557
v -0.008913 0.020360 -0.008557
v -0.008913 0.020360 -0.008557
v -0.008913 0.020360 -0.008557
v -0.008913 0.020360 -0.008557
v -0.008913 0.020360 -0.008557
v -0.011768 -0.007634 -0.009279
v -0.013549 -0.009062 -0.009304
v -0.013522 -0.006821 -0.009269
v -0.010721 0.014818 -0.009094
v -0.010253 0.016131 -0.009043
v -0.009405 0.014797 -0.009095
v -0.014231 -0.003069 -0.009302
v -0.012567 0.008864 -0.009267
v -0.011467 0.007160 -0.009306
v -0.038032 0.017793 0.007486
v -0.038032 0.017793 0.007486
v -0.038032 0.017793 0.007486
v -0.038032 0.017793 0.007486
v -0.038032 0.017793 0.007486
v -0.038328 0.018487 0.007358
v -0.038328 0.018487 0.007358
v -0.038328 0.018487 0.007358
v -0.038328 0.018487 0.007358
v -0.038328 0.018487 0.007358
v -0.038328 0.018487 0.007358
v -0.014744 -0.000689 -0.009367
v -0.014744 -0.000689 -0.009367
v -0.014744 -0.000689 -0.009367
v -0.040574 0.015380 0.007057
v -0.040574 0.015380 0.007057
v -0.040574 0.015380 0.007057
v -0.040574 0.015380 0.007057
v -0.040574 0.015380 0.007057
v -0.040919 0.015274 0.006976
v -0.040919 0.015274 0.006976
v -0.040919 0.015274 0.006976
v -0.040919 0.015274 0.006976
v -0.040919 0.015274 0.006976
v -0.040889 0.013933 0.006998
v -0.040889 0.013933 0.006998
v -0.040889 0.013933 0.006998
v -0.040889 0.013933 0.006998
v -0.040889 0.013933 0.006998
v -0.040889 0.013933 0.006998
v -0.003404 0.015499 -0.009042
v -0.002535 0.016755 -0.008976
v -0.001671 0.016357 -0.008988
v 0.037717 -0.019902 0.008120
v 0.037717 -0.019902 0.008120
v 0.037717 -0.019902 0.008120
v 0.037717 -0.019902 0.008120
v 0.037717 -0.019902 0.008120
v 0.035749 -0.020054 0.008065
v 0.035749 -0.020054 0.008065
v 0.035749 -0.020054 0.008065
v 0.035749 -0.020054 0.008065
v 0.035749 -0.020054 0.008065
v 0.035749 -0.020054 0.008065
v 0.037050 -0.020136 0.007940
v 0.037050 -0.020136 0.007940
v 0.037050 -0.020136 0.007940
v 0.037050 -0.020136 0.007940
v 0.037050 -0.020136 0.007940
v -0.009399 0.010990 -0.009216
v -0.010781 0.010424 -0.009224
v -0.010548 0.011285 -0.009202
v -0.040732 -0.001370 0.005300
v -0.040732 -0.001370 0.005300
v -0.040732 -0.001370 0.005300
v -0.040732 -0.001370 0.005300
v -0.040708 0.000394 0.006402
v -0.040708 0.000394 0.006402
v -0.040708 0.000394 0.006402
v -0.040708 0.000394 0.006402
v -0.040708 0.000394 0.006402
v -0.040806 0.000629 0.004927
v -0.040806 0.000629 0.004927
v -0.021644 -0.005559 -0.009299
v -0.021644 -0.005559 -0.009299
v -0.020800 -0.006289 -0.009287
v -0.020800 -0.006289 -0.009287
v -0.021187 -0.006635 -0.009299
v -0.013450 0.020136 -0.008803
v -0.013450 0.020136 -0.008803
v -0.013450 0.020136 -0.008803
v -0.013450 0.020136 -0.008803
v -0.012455 0.020278 -0.008734
v -0.012455 0.020278 -0.008734
v -0.012455 0.020278 -0.008734
v -0.012455 0.020278 -0.008734
v -0.012455 0.020278 -0.008734
v -0.012671 0.019964 -0.008881
v -0.012671 0.019964 -0.008881
v -0.012671 0.019964 -0.008881
v -0.012671 0.019964 -0.008881
v -0.012671 0.019964 -0.008881
v -0.012671 0.019964 -0.008881
v -0.010191 -0.018463 -0.009510
v -0.010191 -0.018463 -0.009510
v -0.010118 -0.016775 -0.009531
v -0.007936 -0.017140 -0.009548
v -0.007936 -0.017140 -0.009548
v -0.007936 -0.017140 -0.009548
v -0.007936 -0.017140 -0.009548
v 0.039286 -0.020522 0.007481
v 0.039286 -0.020522 0.007481
v 0.039286 -0.020522 0.007481
v 0.039286 -0.020522 0.007481
v 0.039286 -0.020522 0.007481
v 0.039286 -0.020522 0.007481
v 0.039286 -0.020522 0.007481
v 0.039286 -0.020522 0.007481
v 0.039286 -0.020522 0.007481
v -0.040799 -0.003483 0.002878
v -0.040799 -0.003483 0.002878
v -0.040799 -0.003483 0.002878
v -0.040721 -0.003818 0.005075
v -0.040721 -0.003818 0.005075
v -0.040721 -0.003818 0.005075
v -0.040721 -0.003818 0.005075
v -0.040769 -0.002790 0.003912
v -0.040769 -0.002790 0.003912
v -0.040769 -0.002790 0.003912
v -0.017733 -0.002607 -0.009324
v -0.018769 -0.002126 -0.009344
v -0.016750 -0.002193 -0.009330
v -0.040058 0.007930 0.007293
v -0.040058 0.007930 0.007293
v -0.040382 0.006634 0.007280
v -0.040382 0.006634 0.007280
v -0.040382 0.006634 0.007280
v -0.040382 0.006634 0.007280
v -0.039782 0.005959 0.007383
v -0.011660 -0.002513 -0.009312
v -0.011660 -0.002513 -0.009312
v -0.011660 -0.002513 -0.009312
v -0.012595 -0.001056 -0.009348
v -0.012595 -0.001056 -0.009348
v -0.012595 -0.001056 -0.009348
v -0.011527 -0.001388 -0.009339
v -0.011527 -0.001388 -0.009339
v -0.011527 -0.001388 -0.009339
v -0.029147 -0.020923 -0.003833
v -0.028715 -0.020926 -0.003637
v -0.010378 0.003811 -0.009366
v -0.015001 0.016121 -0.009051
v -0.015980 0.017424 -0.008999
v -0.014824 0.018756 -0.008941
v -0.009599 0.004194 -0.009362
v -0.009752 0.005559 -0.009342
v -0.007939 0.004205 -0.009366
v -0.013398 0.018123 -0.008969
v -0.014447 0.017409 -0.008996
v -0.010045 0.008951 -0.009267
v -0.009583 0.009807 -0.009247
v -0.008972 0.008738 -0.009281
v -0.040321 0.014112 0.007115
v -0.040321 0.014112 0.007115
v -0.040321 0.014112 0.007115
v -0.040321 0.014112 0.007115
v -0.040321 0.014112 0.007115
v -0.039865 0.016437 0.007147
v -0.039865 0.016437 0.007147
v -0.039865 0.016437 0.007147
v -0.039178 0.007430 0.007421
v -0.039178 0.007430 0.007421
v -0.038971 0.008578 0.007448
v -0.038971 0.008578 0.007448
v -0.038971 0.008578 0.007448
v -0.038971 0.008578 0.007448
v -0.038971 0.008578 0.007448
v -0.038971 0.008578 0.007448
v -0.039273 0.009167 0.007365
v -0.039273 0.009167 0.007365
v -0.039273 0.009167 0.007365
v -0.039273 0.009167 0.007365
v -0.039273 0.009167 0.007365
v -0.012039 -0.017330 -0.009506
v -0.011346 -0.015849 -0.009522
v -0.033599 -0.020825 -0.007550
v -0.033599 -0.020825 -0.007550
v -0.033599 -0.020825 -0.007550
v -0.032844 -0.020833 -0.007253
v -0.032844 -0.020833 -0.007253
v -0.033184 -0.020836 -0.007075
v -0.010099 0.020348 -0.008559
v 0.039268 -0.017807 0.007349
v 0.039268 -0.017807 0.007349
v 0.039268 -0.017807 0.007349
v 0.039268 -0.017807 0.007349
v 0.039268 -0.017807 0.007349
v 0.039268 -0.017807 0.007349
v 0.039268 -0.017807 0.007349
v 0.039212 -0.016927 0.007350
v 0.039212 -0.016927 0.007350
v 0.039183 -0.016496 0.007460
v 0.039183 -0.016496 0.007460
v 0.039183 -0.016496 0.007460
v 0.039183 -0.016496 0.007460
v -0.040615 0.001066 0.007181
v -0.040615 0.001066 0.007181
v -0.040615 0.001066 0.007181
v -0.040615 0.001066 0.007181
v -0.040615 0.001066 0.007181
v -0.040615 0.001066 0.007181
v -0.040615 0.001066 0.007181
v -0.040512 0.002833 0.007256
v -0.040512 0.002833 0.007256
v -0.040512 0.002833 0.007256
v -0.040512 0.002833 0.007256
v -0.040766 0.004231 0.007063
v -0.040766 0.004231 0.007063
v -0.040766 0.004231 0.007063
v -0.040766 0.004231 0.007063
v -0.040766 0.004231 0.007063
v -0.040766 0.004231 0.007063
v -0.040766 0.004231 0.007063
v -0.011446 0.000398 -0.009360
v -0.011446 0.000398 -0.009360
v -0.011446 0.000398 -0.009360
v -0.028570 -0.020954 -0.002878
v -0.027198 -0.020934 -0.003030
v -0.027368 -0.020967 -0.002086
v -0.039089 0.000906 0.007741
v -0.039089 0.000906 0.007741
v -0.039089 0.000906 0.007741
v -0.039089 0.000906 0.007741
v -0.039089 0.000906 0.007741
v -0.039128 0.001492 0.007765
v -0.039128 0.001492 0.007765
v -0.039128 0.001492 0.007765
v -0.039128 0.001492 0.007765
v -0.039128 0.001492 0.007765
v -0.039531 0.001288 0.007563
v -0.039531 0.001288 0.007563
v -0.039531 0.001288 0.007563
v -0.039531 0.001288 0.007563
v -0.039531 0.001288 0.007563
v 0.034446 -0.015606 0.008549
v 0.033030 -0.013914 0.008653
v 0.032378 -0.016030 0.008597
v -0.022817 -0.018707 -0.009351
v -0.022116 -0.017006 -0.009368
v -0.020736 -0.017260 -0.009385
v -0.040777 -0.007669 0.004833
v -0.040793 -0.008176 0.004078
v -0.040803 -0.009453 0.004581
v -0.040803 -0.009453 0.004581
v -0.006316 0.020372 -0.008595
v -0.006316 0.020372 -0.008595
v -0.006316 0.020372 -0.008595
v -0.006316 0.020372 -0.008595
v -0.006710 0.020406 -0.008517
v -0.006710 0.020406 -0.008517
v -0.006710 0.020406 -0.008517
v -0.004781 0.020488 -0.008517
v -0.004781 0.020488 -0.008517
v -0.004781 0.020488 -0.008517
v -0.004781 0.020488 -0.008517
v -0.004781 0.020488 -0.008517
v -0.004781 0.020488 -0.008517
v -0.004781 0.020488 -0.008517
v -0.004781 0.020488 -0.008517
v -0.012405 0.001648 -0.009363
v -0.015611 -0.000117 -0.009370
v -0.016119 0.000104 -0.009374
v -0.016119 0.000104 -0.009374
v -0.029780 -0.020798 -0.007651
v -0.029780 -0.020798 -0.007651
v -0.029780 -0.020798 -0.007651
v -0.029780 -0.020798 -0.007651
v -0.028453 -0.020786 -0.007124
v -0.028861 -0.020805 -0.006237
v -0.028861 -0.020805 -0.006237
v -0.013673 0.020404 -0.006120
v -0.015004 0.020432 -0.005400
v -0.014767 0.020480 -0.003795
v -0.017617 -0.019724 -0.009297
v -0.017617 -0.019724 -0.009297
v -0.017617 -0.019724 -0.009297
v -0.017617 -0.019724 -0.009297
v -0.017617 -0.019724 -0.009297
v -0.014923 -0.019668 -0.009347
v -0.014923 -0.019668 -0.009347
v -0.014923 -0.019668 -0.009347
v -0.014923 -0.019668 -0.009347
v -0.016322 -0.020021 -0.008982
v -0.016322 -0.020021 -0.008982
v -0.016322 -0.020021 -0.008982
v -0.016322 -0.020021 -0.008982
v 0.036281 -0.020320 0.007770
v 0.036281 -0.020320 0.007770
v 0.036281 -0.020320 0.007770
v 0.036281 -0.020320 0.007770
v 0.037400 -0.020369 0.007673
v 0.037400 -0.020369 0.007673
v 0.037400 -0.020369 0.007673
v 0.037400 -0.020369 0.007673
v 0.037400 -0.020369 0.007673
v 0.037400 -0.020369 0.007673
v 0.037400 -0.020369 0.007673
v 0.037400 -0.020369 0.007673
v -0.040924 0.001115 0.001482
v -0.040924 0.001115 0.001482
v -0.040846 -0.002029 0.001784
v -0.040846 -0.002029 0.001784
v -0.040843 -0.000359 0.003343
v -0.040843 -0.000359 0.003343
v -0.040843 -0.000359 0.003343
v -0.040979 0.011013 0.006909
v -0.040979 0.011013 0.006909
v -0.040979 0.011013 0.006909
v -0.040979 0.011013 0.006909
v -0.040979 0.011013 0.006909
v -0.040864 0.008217 0.006985
v -0.040864 0.008217 0.006985
v -0.040864 0.008217 0.006985
v -0.040864 0.008217 0.006985
v -0.040864 0.008217 0.006985
v -0.040864 0.008217 0.006985
v -0.040864 0.008217 0.006985
v -0.040679 0.008867 0.007158
v -0.040679 0.008867 0.007158
v -0.040679 0.008867 0.007158
v -0.040679 0.008867 0.007158
v -0.040679 0.008867 0.007158
v -0.038812 0.009018 0.007444
v -0.038812 0.009018 0.007444
v -0.038812 0.009018 0.007444
v -0.038812 0.009018 0.007444
v -0.038812 0.009018 0.007444
v -0.040638 -0.001451 0.006748
v -0.040638 -0.001451 0.006748
v -0.040638 -0.001451 0.006748
v -0.040638 -0.001451 0.006748
v -0.040638 -0.001451 0.006748
v -0.040638 -0.001451 0.006748
v -0.040567 -0.000169 0.007220
v -0.040567 -0.000169 0.007220
v -0.040567 -0.000169 0.007220
v -0.040567 -0.000169 0.007220
v -0.040567 -0.000169 0.007220
v -0.039233 0.018649 0.007210
v -0.039233 0.018649 0.007210
v -0.039233 0.018649 0.007210
v -0.039233 0.018649 0.007210
v -0.037247 -0.021028 0.002323
v -0.037247 -0.021028 0.002323
v -0.037247 -0.021028 0.002323
v -0.035982 -0.021053 0.001412
v -0.035982 -0.021053 0.001412
v -0.035982 -0.021053 0.001412
v -0.035982 -0.021053 0.001412
v -0.036058 -0.021083 0.003120
v -0.036058 -0.021083 0.003120
v -0.036058 -0.021083 0.003120
v -0.036058 -0.021083 0.003120
v -0.036058 -0.021083 0.003120
v -0.030965 -0.020972 -0.003205
v -0.029829 -0.020963 -0.003044
v -0.030088 -0.021008 -0.001743
v 0.039244 -0.020099 0.007809
v 0.039244 -0.020099 0.007809
v 0.039244 -0.020099 0.007809
v 0.039244 -0.020099 0.007809
v 0.039244 -0.020099 0.007809
v 0.038856 -0.020034 0.007987
v 0.038856 -0.020034 0.007987
v 0.038856 -0.020034 0.007987
v 0.038856 -0.020034 0.007987
v 0.038856 -0.020034 0.007987
v -0.014855 -0.002267 -0.009326
v -0.015774 -0.002341 -0.009322
v -0.033359 -0.021083 0.002036
v -0.032765 -0.021077 0.001922
v -0.033117 -0.021077 0.003079
v -0.036790 -0.021081 0.006749
v -0.036790 -0.021081 0.006749
v -0.036790 -0.021081 0.006749
v -0.036790 -0.021081 0.006749
v -0.035259 -0.021081 0.005599
v -0.035259 -0.021081 0.005599
v -0.034477 -0.021054 0.006187
v -0.034477 -0.021054 0.006187
v -0.034477 -0.021054 0.006187
v -0.023262 -0.020620 -0.008245
v -0.023262 -0.020620 -0.008245
v -0.023262 -0.020620 -0.008245
v -0.023262 -0.020620 -0.008245
v -0.023262 -0.020620 -0.008245
v -0.026144 -0.020726 -0.007826
v -0.026144 -0.020726 -0.007826
v -0.026144 -0.020726 -0.007826
v -0.026144 -0.020726 -0.007826
v -0.026144 -0.020726 -0.007826
v -0.026144 -0.020726 -0.007826
v -0.026144 -0.020726 -0.007826
v -0.022196 0.020547 -0.004208
v -0.019828 0.020521 -0.004160
v -0.020912 0.020468 -0.006049
v -0.026536 -0.020407 -0.008630
v -0.026536 -0.020407 -0.008630
v -0.026536 -0.020407 -0.008630
v -0.026536 -0.020407 -0.008630
v -0.026536 -0.020407 -0.008630
v -0.026536 -0.020407 -0.008630
v -0.026536 -0.020407 -0.008630
v -0.026536 -0.020407 -0.008630
v -0.026536 -0.020407 -0.008630
v -0.026536 -0.020407 -0.008630
v -0.026536 -0.020407 -0.008630
v -0.024791 -0.020635 -0.008171
v -0.024791 -0.020635 -0.008171
v -0.024791 -0.020635 -0.008171
v -0.032015 -0.021005 -0.002599
v -0.032015 -0.021005 -0.002599
v -0.031406 -0.021024 -0.001790
v -0.032316 -0.021050 -0.000990
v -0.032316 -0.021050 -0.000990
v -0.032316 -0.021050 -0.000990
v 0.039289 -0.016560 0.007910
v 0.039289 -0.016560 0.007910
v 0.039289 -0.016560 0.007910
v 0.039289 -0.016560 0.007910
v 0.039289 -0.016560 0.007910
v 0.039289 -0.016560 0.007910
v 0.039320 -0.016193 0.008174
v 0.039320 -0.016193 0.008174
v 0.039320 -0.016193 0.008174
v 0.039320 -0.016193 0.008174
v 0.039320 -0.016193 0.008174
v 0.039320 -0.016193 0.008174
v 0.039320 -0.016193 0.008174
v 0.039320 -0.016193 0.008174
v 0.039320 -0.016193 0.008174
v -0.039070 0.019076 0.008237
v -0.039070 0.019076 0.008237
v -0.039070 0.019076 0.008237
v -0.039070 0.019076 0.008237
v -0.039061 0.019569 0.008120
v -0.039061 0.019569 0.008120
v -0.039061 0.019569 0.008120
v -0.039061 0.019569 0.008120
v -0.038673 0.018979 0.007939
v -0.038673 0.018979 0.007939
v -0.038673 0.018979 0.007939
v -0.038673 0.018979 0.007939
v -0.038673 0.018979 0.007939
v -0.038673 0.018979 0.007939
v -0.039002 0.018462 0.008238
v -0.039002 0.018462 0.008238
v -0.039002 0.018462 0.008238
v -0.039002 0.018462 0.008238
v -0.039002 0.018462 0.008238
v 0.039316 -0.017109 0.008140
v 0.039316 -0.017109 0.008140
v 0.039316 -0.017109 0.008140
v -0.039198 0.018433 0.009168
v -0.039198 0.018433 0.009168
v -0.039198 0.018433 0.009168
v -0.039198 0.018433 0.009168
v -0.038492 0.018159 0.009178
v -0.038492 0.018159 0.009178
v -0.038492 0.018159 0.009178
v -0.037874 0.019184 0.009253
v -0.037874 0.019184 0.009253
v -0.037874 0.019184 0.009253
v -0.039360 0.015775 0.008957
v -0.039360 0.015775 0.008957
v -0.039360 0.015775 0.008957
v -0.039360 0.015775 0.008957
v -0.039360 0.015775 0.008957
v -0.039360 0.015775 0.008957
v -0.039312 0.015698 0.008774
v -0.039312 0.015698 0.008774
v -0.039312 0.015698 0.008774
v -0.039312 0.015698 0.008774
v -0.039312 0.015698 0.008774
v -0.039305 0.014963 0.008831
v -0.039305 0.014963 0.008831
v -0.039305 0.014963 0.008831
v -0.039305 0.014963 0.008831
v -0.038507 0.020054 0.007636
v -0.038507 0.020054 0.007636
v -0.038507 0.020054 0.007636
v -0.038507 0.020054 0.007636
v -0.038507 0.020054 0.007636
v -0.038507 0.020054 0.007636
v -0.038768 0.019834 0.007832
v -0.038768 0.019834 0.007832
v -0.038768 0.019834 0.007832
v -0.038768 0.019834 0.007832
v -0.038768 0.019834 0.007832
v -0.038768 0.019834 0.007832
v -0.038305 0.017682 0.007820
v -0.038305 0.017682 0.007820
v -0.038305 0.017682 0.007820
v -0.038305 0.017682 0.007820
v -0.037963 0.016586 0.007645
v -0.037963 0.016586 0.007645
v -0.037963 0.016586 0.007645
v -0.037963 0.016586 0.007645
v -0.038710 0.017981 0.008053
v -0.038710 0.017981 0.008053
v -0.038710 0.017981 0.008053
v -0.038710 0.017981 0.008053
v -0.038710 0.017981 0.008053
v -0.038710 0.017981 0.008053
v -0.038710 0.017981 0.008053
v -0.016385 0.020427 -0.005822
v -0.016017 0.020491 -0.003717
v -0.039344 0.020573 0.007357
v -0.039344 0.020573 0.007357
v -0.039344 0.020573 0.007357
v -0.039344 0.020573 0.007357
v -0.039344 0.020573 0.007357
v -0.039344 0.020573 0.007357
v 0.037695 -0.017156 0.008373
v 0.037695 -0.017156 0.008373
v 0.038927 -0.016962 0.008318
v 0.038927 -0.016962 0.008318
v 0.038927 -0.016962 0.008318
v 0.038927 -0.016962 0.008318
v 0.037817 -0.015027 0.008446
v 0.037817 -0.015027 0.008446
v 0.037817 -0.015027 0.008446
v -0.013067 0.013950 -0.009124
v -0.014105 0.012207 -0.009181
v -0.006516 0.017613 -0.008960
v -0.005960 0.016686 -0.008999
v -0.007391 0.016634 -0.009009
v -0.038844 0.020082 0.008967
v -0.038844 0.020082 0.008967
v -0.038844 0.020082 0.008967
v -0.038844 0.020082 0.008967
v -0.038844 0.020082 0.008967
v -0.038844 0.020082 0.008967
v -0.038844 0.020082 0.008967
v -0.039304 0.020062 0.008941
v -0.039304 0.020062 0.008941
v -0.039304 0.020062 0.008941
v -0.039304 0.020062 0.008941
v -0.039304 0.020062 0.008941
v -0.039304 0.020062 0.008941
v -0.039304 0.020062 0.008941
v -0.039342 0.019843 0.009052
v -0.039342 0.019843 0.009052
v -0.039342 0.019843 0.009052
v -0.039342 0.019843 0.009052
v -0.039342 0.019843 0.009052
v -0.039466 0.020817 0.006936
v -0.039466 0.020817 0.006936
v -0.039466 0.020817 0.006936
v -0.039466 0.020817 0.006936
v -0.039466 0.020817 0.006936
v -0.039466 0.020817 0.006936
v -0.039466 0.020817 0.006936
v -0.038249 0.012925 0.007401
v -0.038249 0.012925 0.007401
v -0.038249 0.012925 0.007401
v -0.038249 0.012925 0.007401
v -0.038640 0.012451 0.007361
v -0.038640 0.012451 0.007361
v -0.038640 0.012451 0.007361
v -0.038692 0.011558 0.007394
v -0.038692 0.011558 0.007394
v -0.038692 0.011558 0.007394
v -0.038692 0.011558 0.007394
v -0.038692 0.011558 0.007394
v -0.038692 0.011558 0.007394
v -0.038692 0.011558 0.007394
v -0.030083 0.020511 -0.006011
v -0.028889 0.020416 -0.007892
v -0.028889 0.020416 -0.007892
v -0.031068 0.020421 -0.007636
v -0.038650 0.010285 0.007496
v -0.038650 0.010285 0.007496
v -0.038650 0.010285 0.007496
v -0.038650 0.010285 0.007496
v -0.038650 0.010285 0.007496
v -0.038650 0.010285 0.007496
v -0.038445 0.010164 0.007544
v -0.038445 0.010164 0.007544
v -0.038445 0.010164 0.007544
v -0.038445 0.010164 0.007544
v -0.038559 0.010309 0.007613
v -0.038559 0.010309 0.007613
v -0.038559 0.010309 0.007613
v -0.038559 0.010309 0.007613
v -0.038559 0.010309 0.007613
v -0.039370 0.020305 0.008044
v -0.039370 0.020305 0.008044
v -0.039370 0.020305 0.008044
v -0.039370 0.020305 0.008044
v -0.039393 0.020193 0.008292
v -0.039393 0.020193 0.008292
v -0.039393 0.020193 0.008292
v -0.039393 0.020193 0.008292
v -0.039393 0.020193 0.008292
v -0.039393 0.020193 0.008292
v 0.035929 -0.020530 0.007567
v 0.035929 -0.020530 0.007567
v 0.035929 -0.020530 0.007567
v 0.035929 -0.020530 0.007567
v 0.035929 -0.020530 0.007567
v 0.035929 -0.020530 0.007567
v 0.035929 -0.020530 0.007567
v 0.036290 -0.020640 0.007537
v 0.036290 -0.020640 0.007537
v 0.036290 -0.020640 0.007537
v 0.036290 -0.020640 0.007537
v 0.036601 -0.020506 0.007590
v 0.036601 -0.020506 0.007590
v 0.036601 -0.020506 0.007590
v 0.036601 -0.020506 0.007590
v 0.036601 -0.020506 0.007590
v -0.038619 0.009128 0.007567
v -0.038619 0.009128 0.007567
v -0.038619 0.009128 0.007567
v -0.038619 0.009128 0.007567
v -0.038806 0.008839 0.007588
v -0.038806 0.008839 0.007588
v -0.038806 0.008839 0.007588
v -0.038806 0.008839 0.007588
v -0.038806 0.008839 0.007588
v -0.038806 0.008839 0.007588
v -0.038806 0.008839 0.007588
v -0.038806 0.008839 0.007588
v -0.038981 0.017624 0.008279
v -0.038981 0.017624 0.008279
v -0.038981 0.017624 0.008279
v -0.038981 0.017624 0.008279
v -0.038981 0.017624 0.008279
v -0.039195 0.017960 0.008533
v -0.039195 0.017960 0.008533
v -0.039195 0.017960 0.008533
v -0.039195 0.017960 0.008533
v -0.039195 0.017960 0.008533
v -0.039195 0.017960 0.008533
v -0.040334 0.009968 0.007192
v -0.040334 0.009968 0.007192
v -0.040334 0.009968 0.007192
v -0.040334 0.009968 0.007192
v -0.040334 0.009968 0.007192
v -0.040334 0.009968 0.007192
v -0.040604 0.007792 0.007216
v -0.040604 0.007792 0.007216
v -0.040604 0.007792 0.007216
v -0.040604 0.007792 0.007216
v -0.040604 0.007792 0.007216
v -0.037926 0.014704 0.007485
v -0.037926 0.014704 0.007485
v -0.037926 0.014704 0.007485
v -0.037926 0.014704 0.007485
v -0.037926 0.014704 0.007485
v -0.037926 0.014704 0.007485
v -0.037926 0.014704 0.007485
v -0.038056 0.012567 0.007492
v -0.038056 0.012567 0.007492
v -0.038056 0.012567 0.007492
v -0.038056 0.012567 0.007492
v -0.038056 0.012567 0.007492
v -0.038056 0.012567 0.007492
v -0.038056 0.012567 0.007492
v -0.038056 0.012567 0.007492
v -0.037994 0.013315 0.007509
v -0.037994 0.013315 0.007509
v -0.037994 0.013315 0.007509
v -0.037994 0.013315 0.007509
v -0.015218 0.006633 -0.009319
v -0.014078 0.004961 -0.009345
v -0.016287 0.005017 -0.009361
v -0.040589 -0.020263 0.003909
v -0.040589 -0.020263 0.003909
v -0.040589 -0.020263 0.003909
v -0.040589 -0.020263 0.003909
v -0.040589 -0.020263 0.003909
v -0.040559 -0.020264 0.002994
v -0.040559 -0.020264 0.002994
v -0.040559 -0.020264 0.002994
v -0.040559 -0.020264 0.002994
v -0.040580 -0.020278 0.004254
v -0.040580 -0.020278 0.004254
v -0.040580 -0.020278 0.004254
v -0.040580 -0.020278 0.004254
v -0.040580 -0.020278 0.004254
v -0.040580 -0.020278 0.004254
v -0.040580 -0.020278 0.004254
v -0.038403 0.019631 0.007705
v -0.038403 0.019631 0.007705
v -0.038403 0.019631 0.007705
v -0.038403 0.019631 0.007705
v -0.038170 0.018818 0.007649
v -0.038170 0.018818 0.007649
v -0.038170 0.018818 0.007649
v -0.038170 0.018818 0.007649
v -0.038170 0.018818 0.007649
v -0.038170 0.018818 0.007649
v -0.040571 -0.020098 0.002274
v -0.040571 -0.020098 0.002274
v -0.040571 -0.020098 0.002274
v -0.040571 -0.020098 0.002274
v -0.040571 -0.020098 0.002274
v -0.040571 -0.020098 0.002274
v -0.040571 -0.020098 0.002274
v -0.040485 -0.020260 0.000582
v -0.040485 -0.020260 0.000582
v -0.040485 -0.020260 0.000582
v -0.040485 -0.020260 0.000582
v -0.040485 -0.020260 0.000582
v -0.040485 -0.020260 0.000582
v -0.040485 -0.020260 0.000582
v -0.040488 -0.020262 0.001701
v -0.040488 -0.020262 0.001701
v -0.040488 -0.020262 0.001701
v -0.040488 -0.020262 0.001701
v -0.040488 -0.020262 0.001701
v -0.040488 -0.020262 0.001701
v -0.040488 -0.020262 0.001701
v -0.040488 -0.020262 0.001701
v -0.040318 -0.020300 0.002888
v -0.040318 -0.020300 0.002888
v -0.040318 -0.020300 0.002888
v -0.040318 -0.020300 0.002888
v -0.040318 -0.020300 0.002888
v -0.040001 -0.020253 0.002617
v -0.040001 -0.020253 0.002617
v -0.039777 -0.020304 0.003550
v -0.039777 -0.020304 0.003550
v -0.039777 -0.020304 0.003550
v -0.039777 -0.020304 0.003550
v -0.039777 -0.020304 0.003550
v -0.039777 -0.020304 0.003550
v -0.039777 -0.020304 0.003550
v -0.039777 -0.020304 0.003550
v -0.039777 -0.020304 0.003550
v -0.039777 -0.020304 0.003550
v -0.011280 0.011787 -0.009187
v -0.011995 0.010086 -0.009233
v -0.012646 0.012510 -0.009168
v -0.008215 0.006272 -0.009335
v -0.005120 0.005256 -0.009354
v -0.006536 0.005529 -0.009348
v -0.005873 0.003693 -0.009375
v -0.040270 0.005585 0.007317
v -0.040270 0.005585 0.007317
v -0.040564 0.005120 0.007257
v -0.040564 0.005120 0.007257
v -0.040564 0.005120 0.007257
v -0.040564 0.005120 0.007257
v -0.040564 0.005120 0.007257
v -0.040564 0.005120 0.007257
v -0.034622 -0.021036 -0.000942
v -0.034622 -0.021036 -0.000942
v -0.034622 -0.021036 -0.000942
v -0.034467 -0.021071 0.000577
v -0.034467 -0.021071 0.000577
v -0.038930 0.015951 0.008303
v -0.038930 0.015951 0.008303
v -0.038930 0.015951 0.008303
v -0.038930 0.015951 0.008303
v -0.038930 0.015951 0.008303
v -0.038930 0.015951 0.008303
v -0.039177 0.016691 0.008570
v -0.039177 0.016691 0.008570
v -0.039177 0.016691 0.008570
v -0.039177 0.016691 0.008570
v -0.038965 0.016471 0.008322
v -0.038965 0.016471 0.008322
v -0.038965 0.016471 0.008322
v -0.038965 0.016471 0.008322
v -0.038268 0.019527 0.007392
v -0.038268 0.019527 0.007392
v -0.038268 0.019527 0.007392
v -0.038268 0.019527 0.007392
v -0.041178 0.013635 0.003195
v -0.041209 0.015152 0.002246
v -0.041155 0.012360 0.001914
v -0.041155 0.012360 0.001914
v -0.040642 -0.003596 0.006808
v -0.040642 -0.003596 0.006808
v -0.040642 -0.003596 0.006808
v -0.040642 -0.003596 0.006808
v -0.040642 -0.003596 0.006808
v -0.040642 -0.003596 0.006808
v -0.040672 -0.002773 0.006121
v -0.040672 -0.002773 0.006121
v -0.040672 -0.002773 0.006121
v -0.037998 0.017771 0.007634
v -0.037998 0.017771 0.007634
v -0.037998 0.017771 0.007634
v -0.037998 0.017771 0.007634
v -0.037998 0.017771 0.007634
v -0.037998 0.017771 0.007634
v -0.037949 0.017136 0.007540
v -0.037949 0.017136 0.007540
v -0.037949 0.017136 0.007540
v -0.037949 0.017136 0.007540
v -0.037949 0.017136 0.007540
v -0.037949 0.017136 0.007540
v -0.037962 0.016295 0.007467
v -0.037962 0.016295 0.007467
v -0.037962 0.016295 0.007467
v -0.037962 0.016295 0.007467
v -0.038727 0.015426 0.007304
v -0.038727 0.015426 0.007304
v -0.038727 0.015426 0.007304
v -0.038093 0.014203 0.007398
v -0.038093 0.014203 0.007398
v -0.038093 0.014203 0.007398
v -0.038093 0.014203 0.007398
v -0.038093 0.014203 0.007398
v -0.038093 0.014203 0.007398
v -0.038093 0.014203 0.007398
v -0.038093 0.014911 0.007393
v -0.038093 0.014911 0.007393
v -0.038093 0.014911 0.007393
v -0.011451 0.008967 -0.009262
v -0.039378 0.004276 0.007487
v -0.039378 0.004276 0.007487
v -0.039378 0.004276 0.007487
v -0.039378 0.004276 0.007487
v -0.039378 0.004276 0.007487
v -0.039378 0.004276 0.007487
v -0.039205 0.005830 0.007461
v -0.039205 0.005830 0.007461
v -0.039205 0.005830 0.007461
v -0.039205 0.005830 0.007461
v -0.039205 0.005830 0.007461
v -0.019124 0.020434 -0.006520
v -0.020241 0.020398 -0.007714
v -0.020241 0.020398 -0.007714
v -0.014317 -0.013566 -0.009463
v -0.014317 -0.013566 -0.009463
v -0.014317 -0.013566 -0.009463
v -0.015767 -0.013507 -0.009446
v -0.015767 -0.013507 -0.009446
v -0.015767 -0.013507 -0.009446
v -0.041223 0.020100 0.003159
v -0.041223 0.020100 0.003159
v -0.041223 0.020100 0.003159
v -0.041223 0.020100 0.003159
v -0.041252 0.018561 0.003116
v -0.041252 0.018561 0.003116
v -0.041252 0.018561 0.003116
v -0.041252 0.018561 0.003116
v -0.041220 0.020041 0.004183
v -0.041220 0.020041 0.004183
v -0.041220 0.020041 0.004183
v -0.041220 0.020041 0.004183
v -0.041220 0.020041 0.004183
v -0.041220 0.020041 0.004183
v -0.015186 0.002430 -0.009368
v -0.016084 0.002685 -0.009377
v -0.029386 -0.018588 -0.009365
v -0.031333 -0.017014 -0.009422
v -0.031326 -0.014945 -0.009481
v -0.031326 -0.014945 -0.009481
v -0.031326 -0.014945 -0.009481
v -0.011939 -0.012010 -0.009389
v -0.012275 -0.013265 -0.009450
v -0.013519 -0.012039 -0.009387
v -0.016361 -0.019661 -0.009358
v -0.016361 -0.019661 -0.009358
v -0.016361 -0.019661 -0.009358
v -0.016361 -0.019661 -0.009358
v -0.016361 -0.019661 -0.009358
v -0.017306 -0.019432 -0.009410
v -0.017306 -0.019432 -0.009410
v -0.017306 -0.019432 -0.009410
v -0.017306 -0.019432 -0.009410
v -0.017306 -0.019432 -0.009410
v -0.017306 -0.019432 -0.009410
v -0.017306 -0.019432 -0.009410
v -0.017306 -0.019432 -0.009410
v -0.017306 -0.019432 -0.009410
v -0.018238 -0.009784 -0.009325
v -0.017958 -0.010726 -0.009357
v -0.017958 -0.010726 -0.009357
v -0.019764 -0.009936 -0.009346
v -0.019764 -0.009936 -0.009346
v -0.019764 -0.009936 -0.009346
v -0.011607 -0.005124 -0.009242
v -0.016798 -0.003355 -0.009294
v -0.011026 -0.013273 -0.009452
v -0.010352 0.001254 -0.009364
v -0.010352 0.001254 -0.009364
v -0.010352 0.001254 -0.009364
v -0.010180 0.000394 -0.009346
v -0.010180 0.000394 -0.009346
v -0.010673 -0.000208 -0.009337
v -0.010673 -0.000208 -0.009337
v -0.010673 -0.000208 -0.009337
v -0.040787 -0.014557 0.003940
v -0.040787 -0.014557 0.003940
v -0.040787 -0.014557 0.003940
v -0.040806 -0.011867 0.004001
v -0.040792 -0.013795 0.003805
v -0.013239 -0.002966 -0.009293
v -0.013036 0.001966 -0.009362
v -0.014047 0.003384 -0.009372
v -0.014047 0.003384 -0.009372
v -0.014047 0.003384 -0.009372
v -0.012806 0.002616 -0.009370
v -0.021587 0.020617 -0.001668
v -0.022417 0.020656 -0.000663
v -0.022735 0.020698 0.000752
v -0.009007 0.019494 -0.008878
v -0.009007 0.019494 -0.008878
v -0.009007 0.019494 -0.008878
v -0.010448 0.019685 -0.008896
v -0.010448 0.019685 -0.008896
v -0.010448 0.019685 -0.008896
v -0.010448 0.019685 -0.008896
v -0.010448 0.019685 -0.008896
v -0.010448 0.019685 -0.008896
v -0.022898 0.020617 -0.002352
v -0.024394 0.020704 0.000018
v -0.021153 0.020557 -0.003552
v -0.022094 0.020581 -0.003216
v -0.040489 -0.020211 0.006527
v -0.040489 -0.020211 0.006527
v -0.040489 -0.020211 0.006527
v -0.040489 -0.020211 0.006527
v -0.040489 -0.020211 0.006527
v -0.040489 -0.020211 0.006527
v -0.040542 -0.020252 0.005738
v -0.040542 -0.020252 0.005738
v -0.040542 -0.020252 0.005738
v -0.040542 -0.020252 0.005738
v -0.040542 -0.020252 0.005738
v -0.040542 -0.020252 0.005738
v -0.040258 -0.020306 0.006809
v -0.040258 -0.020306 0.006809
v -0.040258 -0.020306 0.006809
v -0.040258 -0.020306 0.006809
v -0.040258 -0.020306 0.006809
v -0.040258 -0.020306 0.006809
v -0.037531 0.020694 -0.002566
v -0.037531 0.020694 -0.002566
v -0.037531 0.020694 -0.002566
v -0.037531 0.020694 -0.002566
v -0.037531 0.020694 -0.002566
v -0.037531 0.020694 -0.002566
v -0.036923 0.020862 0.000290
v -0.036923 0.020862 0.000290
v -0.036923 0.020862 0.000290
v -0.016777 0.020540 -0.002060
v -0.015445 0.020542 -0.001403
v -0.012138 0.020455 -0.004681
v -0.013504 0.020470 -0.004032
v -0.011998 0.020494 -0.003269
v -0.039218 0.020500 0.008368
v -0.039218 0.020500 0.008368
v -0.039218 0.020500 0.008368
v -0.039218 0.020500 0.008368
v -0.039218 0.020500 0.008368
v -0.038998 0.020832 0.007976
v -0.038998 0.020832 0.007976
v -0.038998 0.020832 0.007976
v -0.038998 0.020832 0.007976
v -0.038998 0.020832 0.007976
v -0.038998 0.020832 0.007976
v -0.039372 0.020886 0.007653
v -0.039372 0.020886 0.007653
v -0.039372 0.020886 0.007653
v -0.039372 0.020886 0.007653
v -0.039372 0.020886 0.007653
v -0.038934 0.020690 0.003542
v -0.038934 0.020690 0.003542
v -0.038934 0.020690 0.003542
v -0.038934 0.020690 0.003542
v -0.038934 0.020690 0.003542
v -0.038934 0.020690 0.003542
v -0.038934 0.020690 0.003542
v -0.038799 0.020837 0.004637
v -0.038799 0.020837 0.004637
v -0.038799 0.020837 0.004637
v -0.038716 0.020922 0.003753
v -0.038716 0.020922 0.003753
v -0.038716 0.020922 0.003753
v -0.038716 0.020922 0.003753
v -0.038716 0.020922 0.003753
v -0.038716 0.020922 0.003753
v -0.038716 0.020922 0.003753
v -0.012441 0.020403 -0.006308
v -0.010933 0.020435 -0.005647
v -0.038353 0.019955 0.007381
v -0.038353 0.019955 0.007381
v -0.038353 0.019955 0.007381
v -0.038353 0.019955 0.007381
v -0.038353 0.019955 0.007381
v -0.038353 0.019955 0.007381
v -0.038353 0.019955 0.007381
v -0.040133 -0.020274 0.004773
v -0.040133 -0.020274 0.004773
v -0.040133 -0.020274 0.004773
v -0.040133 -0.020274 0.004773
v -0.040359 -0.020291 0.004342
v -0.040359 -0.020291 0.004342
v -0.040359 -0.020291 0.004342
v -0.040359 -0.020291 0.004342
v -0.017977 0.020321 -0.008453
v -0.017977 0.020321 -0.008453
v -0.017977 0.020321 -0.008453
v -0.017977 0.020321 -0.008453
v -0.015815 0.020290 -0.008376
v -0.015815 0.020290 -0.008376
v -0.015815 0.020290 -0.008376
v -0.015815 0.020290 -0.008376
v -0.015815 0.020290 -0.008376
v -0.015815 0.020290 -0.008376
v -0.017436 0.020245 -0.008704
v -0.017436 0.020245 -0.008704
v -0.017436 0.020245 -0.008704
v -0.017436 0.020245 -0.008704
v -0.017436 0.020245 -0.008704
v -0.017436 0.020245 -0.008704
v -0.017436 0.020245 -0.008704
v -0.015856 -0.019233 -0.009437
v -0.015856 -0.019233 -0.009437
v -0.013787 -0.019281 -0.009453
v -0.013787 -0.019281 -0.009453
v -0.013787 -0.019281 -0.009453
v -0.013787 -0.019281 -0.009453
v -0.038303 0.020088 0.007501
v -0.038303 0.020088 0.007501
v -0.038303 0.020088 0.007501
v -0.038303 0.020088 0.007501
v -0.038303 0.020088 0.007501
v -0.040645 -0.019620 0.003213
v -0.040645 -0.019620 0.003213
v -0.040645 -0.019620 0.003213
v -0.040645 -0.019620 0.003213
v -0.040646 -0.019876 0.004284
v -0.040646 -0.019876 0.004284
v -0.040646 -0.019876 0.004284
v -0.040646 -0.019876 0.004284
v -0.040646 -0.019876 0.004284
v -0.040646 -0.019876 0.004284
v -0.040718 -0.018516 0.003937
v -0.040718 -0.018516 0.003937
v -0.040718 -0.018516 0.003937
v -0.039474 0.019741 0.008943
v -0.039474 0.019741 0.008943
v -0.039474 0.019741 0.008943
v -0.039474 0.019741 0.008943
v -0.039448 0.019510 0.009145
v -0.039448 0.019510 0.009145
v -0.039448 0.019510 0.009145
v -0.039448 0.019510 0.009145
v -0.039448 0.019510 0.009145
v -0.039448 0.019510 0.009145
v -0.039433 0.019988 0.008827
v -0.039433 0.019988 0.008827
v -0.039433 0.019988 0.008827
v -0.039433 0.019988 0.008827
v -0.039433 0.019988 0.008827
v -0.039433 0.019988 0.008827
v -0.039277 -0.020643 0.006769
v -0.039277 -0.020643 0.006769
v -0.039277 -0.020643 0.006769
v -0.039277 -0.020643 0.006769
v -0.039277 -0.020643 0.006769
v -0.039277 -0.020643 0.006769
v -0.039277 -0.020643 0.006769
v -0.039027 -0.020918 0.007072
v -0.039027 -0.020918 0.007072
v -0.039027 -0.020918 0.007072
v -0.039027 -0.020918 0.007072
v -0.039027 -0.020918 0.007072
v -0.039197 -0.020616 0.007489
v -0.039197 -0.020616 0.007489
v -0.039197 -0.020616 0.007489
v -0.039197 -0.020616 0.007489
v -0.039197 -0.020616 0.007489
v -0.039197 -0.020616 0.007489
v -0.039197 -0.020616 0.007489
v -0.039197 -0.020616 0.007489
v -0.039197 -0.020616 0.007489
v -0.039639 -0.020246 0.002214
v -0.039639 -0.020246 0.002214
v -0.039639 -0.020246 0.002214
v -0.039639 -0.020246 0.002214
v -0.039639 -0.020246 0.002214
v -0.039821 -0.020159 0.000765
v -0.039821 -0.020159 0.000765
v -0.039821 -0.020159 0.000765
v -0.039821 -0.020159 0.000765
v -0.039821 -0.020159 0.000765
v -0.039821 -0.020159 0.000765
v -0.039821 -0.020159 0.000765
v -0.039749 -0.020152 -0.000254
v -0.039749 -0.020152 -0.000254
v -0.039749 -0.020152 -0.000254
v -0.039749 -0.020152 -0.000254
v -0.039749 -0.020152 -0.000254
v -0.039749 -0.020152 -0.000254
v -0.039749 -0.020152 -0.000254
v -0.039749 -0.020152 -0.000254
v -0.039749 -0.020152 -0.000254
v -0.039749 -0.020152 -0.000254
v -0.039360 0.019816 0.008544
v -0.039360 0.019816 0.008544
v -0.039360 0.019816 0.008544
v -0.039360 0.019816 0.008544
v -0.039360 0.019816 0.008544
v -0.039171 0.020908 0.006846
v -0.039171 0.020908 0.006846
v -0.039171 0.020908 0.006846
v -0.039171 0.020908 0.006846
v -0.039171 0.020908 0.006846
v -0.012123 0.016971 -0.009013
v -0.010956 0.018708 -0.008946
v -0.010601 0.017295 -0.009000
v -0.038774 0.020891 0.005392
v -0.038774 0.020891 0.005392
v -0.038774 0.020891 0.005392
v -0.038774 0.020891 0.005392
v -0.038640 0.020963 0.005688
v -0.038640 0.020963 0.005688
v -0.038640 0.020963 0.005688
v -0.038640 0.020963 0.005688
v -0.007985 0.017575 -0.008971
v -0.009278 0.018167 -0.008957
v -0.009278 0.018167 -0.008957
v -0.009278 0.018167 -0.008957
v -0.040777 -0.005282 0.003557
v -0.040777 -0.005282 0.003557
v -0.040777 -0.005282 0.003557
v -0.040700 -0.004707 0.005984
v -0.040700 -0.004707 0.005984
v -0.040700 -0.004707 0.005984
v -0.007108 0.013883 -0.009124
v -0.007962 0.015074 -0.009081
v -0.005409 0.013161 -0.009147
v -0.040384 -0.020298 0.005596
v -0.040384 -0.020298 0.005596
v -0.040384 -0.020298 0.005596
v -0.040384 -0.020298 0.005596
v -0.040537 -0.020293 0.005423
v -0.040537 -0.020293 0.005423
v -0.040537 -0.020293 0.005423
v -0.040537 -0.020293 0.005423
v -0.040537 -0.020293 0.005423
v -0.039429 0.020121 0.008594
v -0.039429 0.020121 0.008594
v -0.039429 0.020121 0.008594
v -0.039429 0.020121 0.008594
v -0.039429 0.020121 0.008594
v -0.039429 0.020121 0.008594
v -0.039429 0.020121 0.008594
v -0.040144 -0.020056 0.007379
v -0.040144 -0.020056 0.007379
v -0.040144 -0.020056 0.007379
v -0.040144 -0.020056 0.007379
v -0.040144 -0.020056 0.007379
v -0.040144 -0.020056 0.007379
v -0.040144 -0.020056 0.007379
v -0.040144 -0.020056 0.007379
v -0.040091 -0.019545 0.007486
v -0.040091 -0.019545 0.007486
v -0.040091 -0.019545 0.007486
v -0.040091 -0.019545 0.007486
v -0.040091 -0.019545 0.007486
v -0.040091 -0.019545 0.007486
v -0.040425 -0.019607 0.007216
v -0.040425 -0.019607 0.007216
v -0.040425 -0.019607 0.007216
v -0.040425 -0.019607 0.007216
v -0.040425 -0.019607 0.007216
v -0.040425 -0.019607 0.007216
v -0.040425 -0.019607 0.007216
v -0.037824 0.019725 0.009217
v -0.037824 0.019725 0.009217
v -0.037824 0.019725 0.009217
v -0.037824 0.019725 0.009217
v -0.037824 0.019725 0.009217
v -0.037824 0.019725 0.009217
v -0.035066 0.019263 0.009337
v -0.035066 0.019263 0.009337
v -0.035066 0.019263 0.009337
v -0.035066 0.019263 0.009337
v -0.035066 0.019263 0.009337
v -0.035066 0.019263 0.009337
v -0.035066 0.019263 0.009337
v -0.035696 0.019873 0.009164
v -0.035696 0.019873 0.009164
v -0.035696 0.019873 0.009164
v -0.035696 0.019873 0.009164
v -0.040674 -0.008050 0.007001
v -0.040674 -0.008050 0.007001
v -0.040674 -0.008050 0.007001
v -0.040674 -0.008050 0.007001
v -0.040703 -0.006130 0.006595
v -0.040703 -0.006130 0.006595
v -0.040703 -0.006130 0.006595
v -0.040703 -0.006130 0.006595
v -0.039539 0.020602 0.007056
v -0.039539 0.020602 0.007056
v -0.039539 0.020602 0.007056
v -0.039539 0.020602 0.007056
v -0.039539 0.020602 0.007056
v -0.039539 0.020602 0.007056
v -0.039539 0.020602 0.007056
v -0.039539 0.020602 0.007056
v -0.039539 0.020602 0.007056
v -0.039806 0.020424 0.006948
v -0.039806 0.020424 0.006948
v -0.040248 0.020096 0.007002
v -0.040248 0.020096 0.007002
v -0.040248 0.020096 0.007002
v -0.040248 0.020096 0.007002
v -0.040248 0.020096 0.007002
v -0.040248 0.020096 0.007002
v -0.040248 0.020096 0.007002
v -0.040248 0.020096 0.007002
v -0.040248 0.020096 0.007002
v -0.037999 0.015583 0.007412
v -0.037999 0.015583 0.007412
v -0.037999 0.015583 0.007412
v -0.037999 0.015583 0.007412
v -0.037999 0.015583 0.007412
v -0.037999 0.015583 0.007412
v -0.037999 0.015583 0.007412
v -0.020155 -0.007524 -0.009291
v -0.018973 -0.008353 -0.009286
v -0.018973 -0.008353 -0.009286
v -0.018973 -0.008353 -0.009286
v -0.009424 0.017098 -0.009000
v -0.030244 -0.021043 0.000910
v -0.031495 -0.021056 -0.000038
v -0.029764 -0.021032 -0.000415
v -0.029764 -0.021032 -0.000415
v -0.037910 0.015503 0.007490
v -0.037910 0.015503 0.007490
v -0.037910 0.015503 0.007490
v -0.037910 0.015503 0.007490
v -0.037910 0.015503 0.007490
v -0.037910 0.015503 0.007490
v -0.037938 0.014562 0.007621
v -0.037938 0.014562 0.007621
v -0.037938 0.014562 0.007621
v -0.037938 0.014562 0.007621
v -0.037940 0.015383 0.007635
v -0.037940 0.015383 0.007635
v -0.037940 0.015383 0.007635
v -0.037940 0.015383 0.007635
v -0.037940 0.015383 0.007635
v -0.040713 0.020355 0.006900
v -0.040713 0.020355 0.006900
v -0.040713 0.020355 0.006900
v -0.040713 0.020355 0.006900
v -0.040713 0.020355 0.006900
v -0.040713 0.020355 0.006900
v -0.040946 0.019117 0.006870
v -0.040946 0.019117 0.006870
v -0.040946 0.019117 0.006870
v -0.040946 0.019117 0.006870
v -0.040946 0.019117 0.006870
v -0.040711 0.019801 0.006936
v -0.040711 0.019801 0.006936
v -0.040711 0.019801 0.006936
v -0.040711 0.019801 0.006936
v -0.040711 0.019801 0.006936
v -0.040711 0.019801 0.006936
v -0.038855 0.011057 0.007385
v -0.038855 0.011057 0.007385
v -0.038855 0.011057 0.007385
v -0.038855 0.011057 0.007385
v -0.038855 0.011057 0.007385
v -0.038855 0.011057 0.007385
v -0.038897 0.010634 0.007450
v -0.038897 0.010634 0.007450
v -0.038897 0.010634 0.007450
v -0.038897 0.010634 0.007450
v -0.038897 0.010634 0.007450
v -0.038808 0.010840 0.007513
v -0.038808 0.010840 0.007513
v -0.038808 0.010840 0.007513
v -0.038808 0.010840 0.007513
v -0.038808 0.010840 0.007513
v -0.039413 0.018930 0.009160
v -0.039413 0.018930 0.009160
v -0.039413 0.018930 0.009160
v -0.039413 0.018930 0.009160
v -0.039413 0.018930 0.009160
v -0.039413 0.018930 0.009160
v -0.039413 0.018930 0.009160
v -0.039424 0.018641 0.008985
v -0.039424 0.018641 0.008985
v -0.039424 0.018641 0.008985
v -0.039424 0.018641 0.008985
v -0.038551 0.014028 0.007342
v -0.040811 -0.008842 0.002953
v -0.040811 -0.008842 0.002953
v -0.040816 -0.010309 0.003277
v -0.040816 -0.010309 0.003277
v -0.038285 0.015804 0.007365
v -0.038285 0.015804 0.007365
v -0.038285 0.015804 0.007365
v -0.012517 -0.002532 -0.009305
v -0.014032 0.001307 -0.009368
v -0.013530 0.001920 -0.009362
v -0.038386 0.011299 0.007451
v -0.038386 0.011299 0.007451
v -0.038386 0.011299 0.007451
v -0.038386 0.011299 0.007451
v -0.038386 0.011299 0.007451
v -0.038386 0.011299 0.007451
v -0.038245 0.011860 0.007456
v -0.038245 0.011860 0.007456
v -0.038245 0.011860 0.007456
v -0.038245 0.011860 0.007456
v -0.038245 0.011860 0.007456
v -0.038245 0.011860 0.007456
v -0.038245 0.011860 0.007456
v -0.018428 -0.020783 -0.004125
v -0.018428 -0.020783 -0.004125
v -0.016524 -0.020761 -0.004126
v -0.016524 -0.020761 -0.004126
v -0.018049 -0.020816 -0.003277
v -0.034572 0.019997 0.009075
v -0.034572 0.019997 0.009075
v -0.034572 0.019997 0.009075
v -0.034572 0.019997 0.009075
v -0.034572 0.019997 0.009075
v -0.034572 0.019997 0.009075
v -0.033000 0.019993 0.009085
v -0.033000 0.019993 0.009085
v -0.033000 0.019993 0.009085
v -0.033000 0.019993 0.009085
v -0.033000 0.019993 0.009085
v -0.037633 0.020142 0.008923
v -0.037633 0.020142 0.008923
v -0.037633 0.020142 0.008923
v -0.037633 0.020142 0.008923
v -0.037633 0.020142 0.008923
v -0.039408 0.018108 0.009082
v -0.039408 0.018108 0.009082
v -0.039408 0.018108 0.009082
v -0.039408 0.018108 0.009082
v -0.039408 0.018108 0.009082
v -0.039336 0.020209 0.008716
v -0.039336 0.020209 0.008716
v -0.039336 0.020209 0.008716
v -0.039336 0.020209 0.008716
v -0.024546 -0.020745 -0.006249
v -0.024546 -0.020745 -0.006249
v -0.023299 -0.020711 -0.006900
v -0.023299 -0.020711 -0.006900
v -0.022570 -0.020710 -0.006426
v -0.022570 -0.020710 -0.006426
v -0.022570 -0.020710 -0.006426
v -0.037000 0.020269 -0.008499
v -0.037000 0.020269 -0.008499
v -0.037000 0.020269 -0.008499
v -0.037000 0.020269 -0.008499
v -0.034242 0.020339 -0.008448
v -0.034242 0.020339 -0.008448
v -0.034242 0.020339 -0.008448
v -0.034242 0.020339 -0.008448
v -0.034242 0.020339 -0.008448
v -0.034242 0.020339 -0.008448
v -0.034242 0.020339 -0.008448
v -0.034242 0.020339 -0.008448
v -0.034242 0.020339 -0.008448
v -0.035172 0.020303 -0.008540
v -0.035172 0.020303 -0.008540
v -0.035172 0.020303 -0.008540
v -0.035172 0.020303 -0.008540
v -0.035172 0.020303 -0.008540
v -0.035172 0.020303 -0.008540
v -0.022633 -0.020287 -0.008729
v -0.022633 -0.020287 -0.008729
v -0.022633 -0.020287 -0.008729
v -0.022633 -0.020287 -0.008729
v -0.022633 -0.020287 -0.008729
v -0.020331 -0.020346 -0.008599
v -0.020331 -0.020346 -0.008599
v -0.020331 -0.020346 -0.008599
v -0.020331 -0.020346 -0.008599
v -0.039129 0.000114 0.007696
v -0.039129 0.000114 0.007696
v -0.039129 0.000114 0.007696
v -0.039129 0.000114 0.007696
v -0.039129 0.000114 0.007696
v -0.039129 0.000114 0.007696
v -0.039023 0.000578 0.007844
v -0.039023 0.000578 0.007844
v -0.039023 0.000578 0.007844
v -0.039023 0.000578 0.007844
v -0.039023 0.000578 0.007844
v -0.039023 0.000578 0.007844
v -0.039023 0.000578 0.007844
v -0.024607 -0.020000 -0.009081
v -0.024607 -0.020000 -0.009081
v -0.024607 -0.020000 -0.009081
v -0.024607 -0.020000 -0.009081
v -0.024607 -0.020000 -0.009081
v -0.025569 -0.019686 -0.009327
v -0.025569 -0.019686 -0.009327
v -0.025569 -0.019686 -0.009327
v -0.025569 -0.019686 -0.009327
v -0.025569 -0.019686 -0.009327
v -0.025569 -0.019686 -0.009327
v -0.024005 -0.019673 -0.009330
v -0.024005 -0.019673 -0.009330
v -0.024005 -0.019673 -0.009330
v -0.021946 -0.014981 -0.009383
v -0.021946 -0.014981 -0.009383
v -0.039116 0.003477 0.008325
v -0.039116 0.003477 0.008325
v -0.039116 0.003477 0.008325
v -0.039116 0.003477 0.008325
v -0.039116 0.003477 0.008325
v -0.039116 0.003477 0.008325
v -0.039116 0.003477 0.008325
v -0.039116 0.003477 0.008325
v -0.039026 0.003281 0.008018
v -0.039026 0.003281 0.008018
v -0.039026 0.003281 0.008018
v -0.039026 0.003281 0.008018
v -0.039026 0.003281 0.008018
v -0.038990 0.002933 0.007995
v -0.038990 0.002933 0.007995
v -0.038990 0.002933 0.007995
v -0.038990 0.002933 0.007995
v -0.038990 0.002933 0.007995
v -0.038990 0.002933 0.007995
v -0.034808 -0.020898 -0.004012
v -0.034808 -0.020898 -0.004012
v -0.034935 -0.020858 -0.004725
v -0.034935 -0.020858 -0.004725
v -0.034115 -0.020949 -0.003457
v -0.034115 -0.020949 -0.003457
v -0.032677 -0.020534 -0.008509
v -0.032677 -0.020534 -0.008509
v -0.032677 -0.020534 -0.008509
v -0.032677 -0.020534 -0.008509
v -0.032677 -0.020534 -0.008509
v -0.032677 -0.020534 -0.008509
v -0.032677 -0.020534 -0.008509
v -0.032677 -0.020534 -0.008509
v -0.030821 -0.020508 -0.008537
v -0.030821 -0.020508 -0.008537
v -0.030821 -0.020508 -0.008537
v -0.030148 -0.020735 -0.008124
v -0.030148 -0.020735 -0.008124
v -0.030148 -0.020735 -0.008124
v -0.030148 -0.020735 -0.008124
v -0.030148 -0.020735 -0.008124
v -0.030148 -0.020735 -0.008124
v -0.030148 -0.020735 -0.008124
v -0.013596 -0.005479 -0.009252
v -0.012095 -0.005737 -0.009246
v -0.012095 -0.005737 -0.009246
v -0.029060 -0.020856 -0.005213
v -0.028147 -0.020817 -0.005779
v -0.027329 -0.020827 -0.005423
v -0.040539 -0.002345 0.007223
v -0.040539 -0.002345 0.007223
v -0.040539 -0.002345 0.007223
v -0.040539 -0.002345 0.007223
v -0.040539 -0.002345 0.007223
v -0.040541 -0.003682 0.007224
v -0.040541 -0.003682 0.007224
v -0.040541 -0.003682 0.007224
v -0.040541 -0.003682 0.007224
v -0.040301 -0.003048 0.007444
v -0.040301 -0.003048 0.007444
v -0.040301 -0.003048 0.007444
v -0.040301 -0.003048 0.007444
v -0.040301 -0.003048 0.007444
v -0.040301 -0.003048 0.007444
v -0.014817 -0.010575 -0.009327
v -0.014817 -0.010575 -0.009327
v -0.014817 -0.010575 -0.009327
v -0.023530 -0.020771 -0.005485
v -0.022011 -0.020759 -0.005284
v -0.022775 -0.020825 -0.004370
v -0.040142 0.004374 0.007355
v -0.040142 0.004374 0.007355
v -0.040142 0.004374 0.007355
v -0.013150 -0.010825 -0.009339
v -0.013150 -0.010825 -0.009339
v -0.040183 0.001058 0.007444
v -0.040183 0.001058 0.007444
v -0.040183 0.001058 0.007444
v -0.040183 0.001058 0.007444
v -0.040183 0.001058 0.007444
v -0.040183 0.001058 0.007444
v -0.040183 0.001058 0.007444
v -0.014738 -0.009194 -0.009302
v -0.015692 -0.008520 -0.009290
v -0.014621 -0.007939 -0.009285
v -0.023777 -0.020717 -0.007744
v -0.023777 -0.020717 -0.007744
v -0.022550 -0.020701 -0.007745
v -0.022550 -0.020701 -0.007745
v -0.022550 -0.020701 -0.007745
v -0.022550 -0.020701 -0.007745
v -0.038623 0.015117 0.008092
v -0.038623 0.015117 0.008092
v -0.038623 0.015117 0.008092
v -0.038623 0.015117 0.008092
v -0.038939 0.013801 0.008310
v -0.038939 0.013801 0.008310
v -0.038939 0.013801 0.008310
v -0.038939 0.013801 0.008310
v -0.038939 0.013801 0.008310
v -0.038939 0.013801 0.008310
v -0.038939 0.013801 0.008310
v -0.038487 0.013710 0.007972
v -0.038487 0.013710 0.007972
v -0.038487 0.013710 0.007972
v -0.038487 0.013710 0.007972
v -0.038487 0.013710 0.007972
v -0.038380 0.014636 0.009027
v -0.038380 0.014636 0.009027
v -0.037624 0.016984 0.009156
v -0.037624 0.016984 0.009156
v -0.038765 0.016524 0.009078
v -0.038765 0.016524 0.009078
v -0.038765 0.016524 0.009078
v -0.038765 0.016524 0.009078
v -0.038765 0.016524 0.009078
v -0.007587 0.020330 -0.008614
v -0.007587 0.020330 -0.008614
v -0.007587 0.020330 -0.008614
v -0.007587 0.020330 -0.008614
v -0.007587 0.020330 -0.008614
v -0.007587 0.020330 -0.008614
v -0.007587 0.020330 -0.008614
v -0.007587 0.020330 -0.008614
v -0.004428 0.020486 -0.008409
v -0.004428 0.020486 -0.008409
v -0.004428 0.020486 -0.008409
v -0.004428 0.020486 -0.008409
v -0.003288 0.020487 -0.008524
v -0.003288 0.020487 -0.008524
v -0.003288 0.020487 -0.008524
v -0.003288 0.020487 -0.008524
v -0.003288 0.020487 -0.008524
v -0.003288 0.020487 -0.008524
v -0.011325 0.020380 -0.007550
v -0.005918 0.020468 -0.008385
v -0.005918 0.020468 -0.008385
v -0.005918 0.020468 -0.008385
v -0.005918 0.020468 -0.008385
v -0.005918 0.020468 -0.008385
v -0.006150 0.020464 -0.007701
v -0.006150 0.020464 -0.007701
v -0.006150 0.020464 -0.007701
v -0.005160 0.020480 -0.008344
v -0.005160 0.020480 -0.008344
v -0.005160 0.020480 -0.008344
v 0.038866 -0.020739 0.007553
v 0.038866 -0.020739 0.007553
v 0.038866 -0.020739 0.007553
v 0.039278 -0.019391 0.007500
v 0.039278 -0.019391 0.007500
v 0.039283 -0.018794 0.007603
v 0.039283 -0.018794 0.007603
v 0.039283 -0.018794 0.007603
v 0.039283 -0.018794 0.007603
v 0.039283 -0.018794 0.007603
v 0.039283 -0.018794 0.007603
v 0.039283 -0.018794 0.007603
v 0.039273 -0.019778 0.007456
v 0.039273 -0.019778 0.007456
v 0.039273 -0.019778 0.007456
v 0.039273 -0.019778 0.007456
v -0.009915 0.012076 -0.009183
v -0.010300 0.011539 -0.009196
v 0.039280 -0.017994 0.007631
v 0.039280 -0.017994 0.007631
v 0.039280 -0.017994 0.007631
v 0.039280 -0.017994 0.007631
v 0.039280 -0.017994 0.007631
v 0.039242 -0.017393 0.007527
v 0.039242 -0.017393 0.007527
v 0.039242 -0.017393 0.007527
v 0.039242 -0.017393 0.007527
v 0.039286 -0.017390 0.007863
v 0.039286 -0.017390 0.007863
v 0.039286 -0.017390 0.007863
v 0.039286 -0.017390 0.007863
v 0.039286 -0.017390 0.007863
v 0.039286 -0.017390 0.007863
v -0.004149 0.016378 -0.009005
v -0.015526 0.019730 -0.008893
v -0.015526 0.019730 -0.008893
v -0.017445 0.019690 -0.008907
v -0.017445 0.019690 -0.008907
v -0.017445 0.019690 -0.008907
v -0.021120 0.020709 0.002259
v -0.023952 0.020739 0.001597
v -0.022656 0.020737 0.002496
v -0.008069 0.011193 -0.009216
v 0.039325 -0.019703 0.007284
v 0.039325 -0.019703 0.007284
v 0.039325 -0.019703 0.007284
v 0.039325 -0.019703 0.007284
v 0.039325 -0.019703 0.007284
v 0.039360 -0.019150 0.007256
v 0.039360 -0.019150 0.007256
v 0.039360 -0.019150 0.007256
v 0.039360 -0.019150 0.007256
v -0.006747 0.008251 -0.009294
v -0.005876 0.008067 -0.009296
v -0.006681 0.006998 -0.009321
v -0.013043 0.003652 -0.009369
v 0.035743 -0.020840 0.007588
v 0.035743 -0.020840 0.007588
v 0.035743 -0.020840 0.007588
v 0.035743 -0.020840 0.007588
v 0.036507 -0.020841 0.007567
v 0.036507 -0.020841 0.007567
v 0.036507 -0.020841 0.007567
v 0.036507 -0.020841 0.007567
v 0.036507 -0.020841 0.007567
v 0.035950 -0.020689 0.007529
v 0.035950 -0.020689 0.007529
v 0.035950 -0.020689 0.007529
v 0.035950 -0.020689 0.007529
v 0.035950 -0.020689 0.007529
v 0.035950 -0.020689 0.007529
v 0.035950 -0.020689 0.007529
v -0.016738 -0.008619 -0.009287
v -0.040750 -0.014773 0.001015
v -0.040750 -0.014773 0.001015
v -0.040750 -0.014773 0.001015
v -0.040788 -0.011483 0.001309
v -0.040790 -0.010946 0.001162
v -0.007396 0.002923 -0.009380
v -0.006889 0.003177 -0.009379
v -0.005893 0.002318 -0.009387
v -0.009756 0.006653 -0.009324
v -0.040770 -0.016046 0.004426
v -0.040770 -0.016046 0.004426
v -0.040770 -0.016046 0.004426
v -0.040770 -0.016046 0.004426
v -0.040697 -0.018648 0.004978
v -0.040697 -0.018648 0.004978
v -0.040697 -0.018648 0.004978
v -0.040697 -0.018648 0.004978
v -0.040697 -0.018648 0.004978
v -0.040697 -0.018648 0.004978
v -0.040701 -0.017162 0.005952
v -0.040701 -0.017162 0.005952
v -0.040701 -0.017162 0.005952
v -0.040701 -0.017162 0.005952
v -0.017074 -0.006962 -0.009273
v -0.017074 -0.006962 -0.009273
v -0.018384 -0.005819 -0.009276
v -0.018384 -0.005819 -0.009276
v -0.016469 -0.005256 -0.009258
v -0.016469 -0.005256 -0.009258
v 0.039296 -0.019673 0.007680
v 0.039296 -0.019673 0.007680
v 0.039296 -0.019673 0.007680
v -0.038238 0.020525 0.008464
v -0.038238 0.020525 0.008464
v -0.038238 0.020525 0.008464
v -0.038238 0.020525 0.008464
v -0.038238 0.020525 0.008464
v -0.040067 -0.020281 0.005293
v -0.040067 -0.020281 0.005293
v -0.040067 -0.020281 0.005293
v -0.040067 -0.020281 0.005293
v -0.040067 -0.020281 0.005293
v -0.040067 -0.020281 0.005293
v -0.040555 -0.019831 0.001132
v -0.040555 -0.019831 0.001132
v -0.040555 -0.019831 0.001132
v -0.040555 -0.019831 0.001132
v -0.040555 -0.019831 0.001132
v -0.039273 -0.020525 0.003763
v -0.039273 -0.020525 0.003763
v -0.039273 -0.020525 0.003763
v -0.039273 -0.020525 0.003763
v -0.039431 -0.020401 0.004585
v -0.039431 -0.020401 0.004585
v -0.039431 -0.020401 0.004585
v -0.039431 -0.020401 0.004585
v -0.039431 -0.020401 0.004585
v -0.039431 -0.020401 0.004585
v -0.039431 -0.020401 0.004585
v -0.039431 -0.020401 0.004585
v -0.039354 -0.020419 0.002841
v -0.039354 -0.020419 0.002841
v -0.039354 -0.020419 0.002841
v -0.039354 -0.020419 0.002841
v -0.015864 -0.010828 -0.009339
v -0.015864 -0.010828 -0.009339
v -0.015398 -0.011742 -0.009377
v -0.040792 -0.007503 0.003479
v -0.040758 -0.006375 0.004758
v -0.040758 -0.006375 0.004758
v -0.040806 -0.006910 0.002189
v -0.040806 -0.006910 0.002189
v -0.038029 -0.020976 0.002072
v -0.038029 -0.020976 0.002072
v -0.038029 -0.020976 0.002072
v -0.037126 -0.020958 0.000343
v -0.037126 -0.020958 0.000343
v -0.037126 -0.020958 0.000343
v -0.037126 -0.020958 0.000343
v 0.040133 -0.021195 0.006246
v 0.040133 -0.021195 0.006246
v 0.040133 -0.021195 0.006246
v 0.040133 -0.021195 0.006246
v 0.040133 -0.021195 0.006246
v 0.040133 -0.021195 0.006246
v 0.040033 -0.021259 0.006918
v 0.040033 -0.021259 0.006918
v 0.040033 -0.021259 0.006918
v 0.040033 -0.021259 0.006918
v 0.040033 -0.021259 0.006918
v 0.040033 -0.021259 0.006918
v 0.040033 -0.021259 0.006918
v 0.040002 -0.021346 0.006521
v 0.040002 -0.021346 0.006521
v 0.040002 -0.021346 0.006521
v 0.040002 -0.021346 0.006521
v 0.040002 -0.021346 0.006521
v 0.040002 -0.021346 0.006521
v 0.040002 -0.021346 0.006521
v -0.034682 0.020792 -0.001052
v -0.036001 0.020810 -0.000852
v -0.036001 0.020810 -0.000852
v -0.025462 0.020734 0.007950
v -0.025462 0.020734 0.007950
v -0.025462 0.020734 0.007950
v -0.025462 0.020734 0.007950
v -0.024619 0.020744 0.007089
v -0.026572 0.020776 0.007368
v -0.015630 -0.020712 -0.004736
v -0.015592 -0.020659 -0.005598
v -0.014150 -0.020643 -0.005412
v -0.031017 -0.021043 -0.000661
v -0.031626 -0.021052 0.003484
v -0.030902 -0.021025 0.004829
v -0.030902 -0.021025 0.004829
v -0.030902 -0.021025 0.004829
v -0.032540 -0.021053 0.004726
v -0.040898 0.002960 0.004660
v -0.040895 0.002203 0.004024
v -0.038593 0.009894 0.007423
v -0.038593 0.009894 0.007423
v -0.038593 0.009894 0.007423
v -0.038593 0.009894 0.007423
v -0.038593 0.009894 0.007423
v -0.038593 0.009894 0.007423
v -0.038593 0.009894 0.007423
v -0.038593 0.009894 0.007423
v -0.038593 0.009894 0.007423
v -0.038346 0.009991 0.007494
v -0.038346 0.009991 0.007494
v -0.038346 0.009991 0.007494
v -0.038346 0.009991 0.007494
v -0.038346 0.009991 0.007494
v -0.038346 0.009991 0.007494
v -0.038346 0.009991 0.007494
v -0.038828 0.010436 0.007520
v -0.038828 0.010436 0.007520
v -0.038828 0.010436 0.007520
v -0.038828 0.010436 0.007520
v -0.038828 0.010436 0.007520
v -0.038828 0.010436 0.007520
v -0.039041 0.010465 0.007368
v -0.039041 0.010465 0.007368
v -0.039041 0.010465 0.007368
v -0.039041 0.010465 0.007368
v -0.039041 0.010465 0.007368
v -0.039041 0.010465 0.007368
v -0.038060 0.013716 0.007679
v -0.038060 0.013716 0.007679
v -0.038060 0.013716 0.007679
v -0.038060 0.013716 0.007679
v -0.037971 0.013377 0.007601
v -0.037971 0.013377 0.007601
v -0.037971 0.013377 0.007601
v -0.037971 0.013377 0.007601
v -0.037971 0.013377 0.007601
v -0.037971 0.013377 0.007601
v -0.037971 0.013377 0.007601
v -0.037971 0.013377 0.007601
v -0.019159 -0.020648 -0.007122
v -0.019159 -0.020648 -0.007122
v -0.020510 -0.020670 -0.006954
v -0.020510 -0.020670 -0.006954
v -0.025744 -0.020937 -0.002608
v -0.026723 -0.020987 -0.001028
v -0.008346 0.009234 -0.009272
v -0.008032 0.010137 -0.009248
v -0.007330 0.010429 -0.009241
v -0.020348 -0.010641 -0.009360
v -0.020348 -0.010641 -0.009360
v -0.020348 -0.010641 -0.009360
v -0.018979 -0.011676 -0.009379
v -0.018979 -0.011676 -0.009379
v -0.019429 -0.000204 -0.009377
v -0.020121 -0.000330 -0.009382
v -0.020052 0.000435 -0.009388
v 0.034266 -0.010429 0.008679
v 0.032689 -0.011900 0.008711
v 0.034520 -0.012633 0.008635
v -0.039272 0.013979 0.008691
v -0.039272 0.013979 0.008691
v -0.039272 0.013979 0.008691
v -0.039272 0.013979 0.008691
v -0.039272 0.013979 0.008691
v -0.039272 0.013979 0.008691
v -0.039272 0.013979 0.008691
v -0.039259 0.013098 0.008761
v -0.039259 0.013098 0.008761
v -0.039259 0.013098 0.008761
v -0.039259 0.013098 0.008761
v -0.039245 0.014066 0.008910
v -0.039245 0.014066 0.008910
v -0.039245 0.014066 0.008910
v -0.039245 0.014066 0.008910
v -0.039245 0.014066 0.008910
v -0.039245 0.014066 0.008910
v -0.039245 0.014066 0.008910
v -0.037950 0.014022 0.007510
v -0.037950 0.014022 0.007510
v -0.037950 0.014022 0.007510
v -0.040802 0.006614 0.007050
v -0.040802 0.006614 0.007050
v -0.040802 0.006614 0.007050
v -0.021328 -0.019977 -0.009065
v -0.019903 -0.019958 -0.009083
v -0.019903 -0.019958 -0.009083
v -0.019903 -0.019958 -0.009083
v -0.019903 -0.019958 -0.009083
v -0.019903 -0.019958 -0.009083
v -0.038099 0.012124 0.007563
v -0.038099 0.012124 0.007563
v -0.038099 0.012124 0.007563
v -0.038099 0.012124 0.007563
v -0.038099 0.012124 0.007563
v -0.038099 0.012124 0.007563
v -0.038023 0.012944 0.007607
v -0.038023 0.012944 0.007607
v -0.038023 0.012944 0.007607
v -0.038023 0.012944 0.007607
v 0.036604 -0.021214 0.006797
v 0.036604 -0.021214 0.006797
v 0.036604 -0.021214 0.006797
v 0.036604 -0.021214 0.006797
v 0.038514 -0.021320 0.006158
v 0.038514 -0.021320 0.006158
v 0.038514 -0.021320 0.006158
v 0.038514 -0.021320 0.006158
v 0.038038 -0.021258 0.007297
v 0.038038 -0.021258 0.007297
v 0.038038 -0.021258 0.007297
v 0.038038 -0.021258 0.007297
v 0.038038 -0.021258 0.007297
v 0.039680 -0.021253 0.007248
v 0.039680 -0.021253 0.007248
v 0.039680 -0.021253 0.007248
v 0.039680 -0.021253 0.007248
v 0.039680 -0.021253 0.007248
v 0.039497 -0.021105 0.007485
v 0.039497 -0.021105 0.007485
v 0.039497 -0.021105 0.007485
v 0.039497 -0.021105 0.007485
v 0.039497 -0.021105 0.007485
v 0.039497 -0.021105 0.007485
v 0.039497 -0.021105 0.007485
v -0.038124 0.013658 0.007408
v -0.038124 0.013658 0.007408
v -0.038124 0.013658 0.007408
v -0.038124 0.013658 0.007408
v -0.005576 -0.014749 -0.009532
v -0.005576 -0.014749 -0.009532
v -0.007674 -0.013995 -0.009491
v -0.006303 -0.013578 -0.009479
v -0.040763 0.011949 0.007062
v -0.040763 0.011949 0.007062
v -0.040763 0.011949 0.007062
v -0.040763 0.011949 0.007062
v -0.038554 0.011180 0.007510
v -0.038554 0.011180 0.007510
v -0.038554 0.011180 0.007510
v -0.039076 0.003373 0.007634
v -0.039076 0.003373 0.007634
v -0.039076 0.003373 0.007634
v -0.039076 0.003373 0.007634
v -0.039076 0.003373 0.007634
v -0.039076 0.003373 0.007634
v -0.039076 0.003373 0.007634
v -0.039101 0.004215 0.007597
v -0.039101 0.004215 0.007597
v -0.039101 0.004215 0.007597
v -0.039101 0.004215 0.007597
v -0.039101 0.004215 0.007597
v -0.039101 0.004215 0.007597
v -0.039101 0.004215 0.007597
v -0.038614 0.010159 0.007734
v -0.038614 0.010159 0.007734
v -0.038614 0.010159 0.007734
v -0.038614 0.010159 0.007734
v -0.038614 0.010159 0.007734
v -0.038614 0.010159 0.007734
v -0.038442 0.009898 0.007610
v -0.038442 0.009898 0.007610
v -0.038442 0.009898 0.007610
v -0.038442 0.009898 0.007610
v -0.038888 0.010247 0.007974
v -0.038888 0.010247 0.007974
v -0.038888 0.010247 0.007974
v -0.038888 0.010247 0.007974
v -0.038888 0.010247 0.007974
v -0.004230 0.008413 -0.009290
v -0.004413 0.007006 -0.009321
v -0.004943 0.008170 -0.009294
v 0.039995 -0.020814 0.006914
v 0.039995 -0.020814 0.006914
v 0.039995 -0.020814 0.006914
v 0.039995 -0.020814 0.006914
v 0.039995 -0.020814 0.006914
v 0.039995 -0.020814 0.006914
v 0.039884 -0.020504 0.006797
v 0.039884 -0.020504 0.006797
v 0.039884 -0.020504 0.006797
v 0.039884 -0.020504 0.006797
v 0.039884 -0.020504 0.006797
v 0.039884 -0.020504 0.006797
v 0.039599 -0.020646 0.007161
v 0.039599 -0.020646 0.007161
v 0.039599 -0.020646 0.007161
v 0.039599 -0.020646 0.007161
v 0.039599 -0.020646 0.007161
v 0.039599 -0.020646 0.007161
v 0.039599 -0.020646 0.007161
v -0.019159 0.003977 -0.009385
v -0.019779 0.003334 -0.009392
v -0.020787 0.005015 -0.009402
v -0.007769 -0.005928 -0.009247
v -0.007769 -0.005928 -0.009247
v -0.005375 -0.006614 -0.009265
v -0.006982 -0.007073 -0.009266
v -0.008454 -0.012035 -0.009406
v -0.006762 -0.011667 -0.009400
v -0.005060 -0.012659 -0.009444
v 0.039300 -0.015645 0.007970
v 0.039300 -0.015645 0.007970
v 0.039217 -0.015101 0.007648
v 0.039217 -0.015101 0.007648
v 0.039217 -0.015101 0.007648
v 0.039315 -0.013921 0.008013
v 0.039315 -0.013921 0.008013
v 0.039315 -0.013921 0.008013
v 0.039315 -0.013921 0.008013
v 0.039315 -0.013921 0.008013
v 0.039315 -0.013921 0.008013
v 0.039315 -0.013921 0.008013
v 0.039315 -0.013921 0.008013
v 0.039315 -0.013921 0.008013
v 0.039315 -0.013921 0.008013
v -0.040686 0.016752 0.007009
v -0.040686 0.016752 0.007009
v -0.040686 0.016752 0.007009
v -0.040873 0.018049 0.006943
v -0.040873 0.018049 0.006943
v -0.040873 0.018049 0.006943
v -0.040873 0.018049 0.006943
v -0.040873 0.018049 0.006943
v 0.039847 -0.021013 0.007172
v 0.039847 -0.021013 0.007172
v 0.039847 -0.021013 0.007172
v 0.039847 -0.021013 0.007172
v 0.039847 -0.021013 0.007172
v 0.039847 -0.021013 0.007172
v -0.011555 -0.003088 -0.009293
v -0.039828 -0.001281 0.007575
v -0.039828 -0.001281 0.007575
v -0.039828 -0.001281 0.007575
v -0.039828 -0.001281 0.007575
v -0.039828 -0.001281 0.007575
v -0.039828 -0.001281 0.007575
v -0.039768 0.000106 0.007553
v -0.039768 0.000106 0.007553
v -0.039768 0.000106 0.007553
v -0.039768 0.000106 0.007553
v -0.026003 -0.020817 -0.005348
v -0.025872 -0.020782 -0.005913
v -0.025022 -0.020789 -0.005566
v -0.014799 0.003848 -0.009374
v -0.014799 0.003848 -0.009374
v -0.015060 0.004615 -0.009360
v -0.026453 -0.020899 -0.003789
v -0.025321 -0.020852 -0.004563
v -0.038927 0.019334 0.009218
v -0.038927 0.019334 0.009218
v -0.038927 0.019334 0.009218
v -0.038927 0.019334 0.009218
v -0.038927 0.019334 0.009218
v -0.038927 0.019334 0.009218
v -0.038927 0.019334 0.009218
v -0.038927 0.019334 0.009218
v -0.036742 0.019925 0.009124
v -0.036742 0.019925 0.009124
v -0.036742 0.019925 0.009124
v -0.036742 0.019925 0.009124
v -0.040814 -0.004539 0.001916
v -0.040814 -0.004539 0.001916
v -0.040814 -0.004539 0.001916
v -0.036230 0.020462 0.008570
v -0.036230 0.020462 0.008570
v -0.036230 0.020462 0.008570
v -0.034194 0.020578 0.008450
v -0.034194 0.020578 0.008450
v -0.034194 0.020578 0.008450
v -0.034194 0.020578 0.008450
v -0.034194 0.020578 0.008450
v -0.034194 0.020578 0.008450
v -0.034194 0.020578 0.008450
v -0.038366 -0.021018 0.003221
v -0.038366 -0.021018 0.003221
v -0.038784 -0.021063 0.004533
v -0.038784 -0.021063 0.004533
v -0.038784 -0.021063 0.004533
v -0.038784 -0.021063 0.004533
v -0.038784 -0.021063 0.004533
v -0.038784 -0.021063 0.004533
v -0.038784 -0.021063 0.004533
v -0.038784 -0.021063 0.004533
v -0.041004 0.004434 0.001418
v -0.041004 0.004434 0.001418
v -0.040930 0.001456 0.000722
v -0.040930 0.001456 0.000722
v -0.040870 -0.001001 0.000329
v -0.040870 -0.001001 0.000329
v -0.038223 0.016120 0.007817
v -0.038223 0.016120 0.007817
v -0.038223 0.016120 0.007817
v -0.038223 0.016120 0.007817
v -0.038223 0.016120 0.007817
v -0.038223 0.016120 0.007817
v -0.040611 -0.020035 0.005179
v -0.040611 -0.020035 0.005179
v -0.040611 -0.020035 0.005179
v -0.040611 -0.020035 0.005179
v -0.040611 -0.020035 0.005179
v -0.040611 -0.020035 0.005179
v -0.040611 -0.020035 0.005179
v -0.040611 -0.020035 0.005179
v -0.040611 -0.020035 0.005179
v -0.040961 0.002775 0.002202
v -0.040961 0.002775 0.002202
v -0.040982 0.004026 0.002998
v -0.040982 0.004026 0.002998
v -0.041056 0.006948 0.002630
v -0.041056 0.006948 0.002630
v -0.031496 0.020183 0.008870
v -0.031496 0.020183 0.008870
v -0.031496 0.020183 0.008870
v -0.031496 0.020183 0.008870
v -0.031496 0.020183 0.008870
v -0.032753 0.020584 0.008393
v -0.032753 0.020584 0.008393
v -0.040571 -0.020276 0.004607
v -0.040571 -0.020276 0.004607
v -0.040571 -0.020276 0.004607
v -0.040571 -0.020276 0.004607
v -0.040571 -0.020276 0.004607
v -0.040395 -0.020282 0.005044
v -0.040395 -0.020282 0.005044
v -0.040395 -0.020282 0.005044
v -0.040395 -0.020282 0.005044
v -0.040395 -0.020282 0.005044
v -0.040395 -0.020282 0.005044
v -0.039262 -0.020633 0.005678
v -0.039262 -0.020633 0.005678
v -0.039262 -0.020633 0.005678
v -0.039262 -0.020633 0.005678
v -0.039262 -0.020633 0.005678
v -0.039246 -0.020602 0.004710
v -0.039246 -0.020602 0.004710
v -0.039246 -0.020602 0.004710
v -0.039080 -0.020887 0.004840
v -0.039080 -0.020887 0.004840
v -0.039080 -0.020887 0.004840
v -0.039080 -0.020887 0.004840
v -0.039080 -0.020887 0.004840
v -0.039080 -0.020887 0.004840
v -0.016635 -0.011020 -0.009357
v -0.016497 -0.009792 -0.009310
v 0.037585 -0.021177 0.007560
v 0.037585 -0.021177 0.007560
v 0.037585 -0.021177 0.007560
v 0.037585 -0.021177 0.007560
v 0.037585 -0.021177 0.007560
v 0.036561 -0.021084 0.007599
v 0.036561 -0.021084 0.007599
v 0.036561 -0.021084 0.007599
v 0.036561 -0.021084 0.007599
v 0.036561 -0.021084 0.007599
v 0.036561 -0.021084 0.007599
v 0.036268 -0.021158 0.007466
v 0.036268 -0.021158 0.007466
v 0.036268 -0.021158 0.007466
v 0.036268 -0.021158 0.007466
v 0.036268 -0.021158 0.007466
v 0.036268 -0.021158 0.007466
v -0.039421 -0.020120 -0.003840
v -0.039421 -0.020120 -0.003840
v -0.039421 -0.020120 -0.003840
v -0.039421 -0.020120 -0.003840
v -0.039421 -0.020120 -0.003840
v -0.039575 -0.020086 -0.003740
v -0.039575 -0.020086 -0.003740
v -0.039575 -0.020086 -0.003740
v -0.039575 -0.020086 -0.003740
v -0.039575 -0.020086 -0.003740
v -0.039540 -0.020064 -0.004066
v -0.039540 -0.020064 -0.004066
v -0.039540 -0.020064 -0.004066
v -0.039540 -0.020064 -0.004066
v -0.039540 -0.020064 -0.004066
v -0.039540 -0.020064 -0.004066
v -0.039540 -0.020064 -0.004066
v -0.039540 -0.020064 -0.004066
v -0.040500 -0.001216 0.007271
v -0.040500 -0.001216 0.007271
v -0.040239 -0.000589 0.007466
v -0.040239 -0.000589 0.007466
v -0.040239 -0.000589 0.007466
v -0.040239 -0.000589 0.007466
v -0.039175 0.017485 0.009109
v -0.039175 0.017485 0.009109
v -0.039175 0.017485 0.009109
v -0.039175 0.017485 0.009109
v -0.039175 0.017485 0.009109
v -0.039175 0.017485 0.009109
v -0.039175 0.017485 0.009109
v -0.039061 0.012377 0.008879
v -0.039061 0.012377 0.008879
v -0.039061 0.012377 0.008879
v -0.039061 0.012377 0.008879
v -0.039061 0.012377 0.008879
v -0.039061 0.012377 0.008879
v -0.039061 0.012377 0.008879
v -0.039061 0.012377 0.008879
v -0.039061 0.012377 0.008879
v -0.039161 0.015406 0.009001
v -0.039161 0.015406 0.009001
v -0.039161 0.015406 0.009001
v -0.039038 0.009289 0.008828
v -0.039038 0.009289 0.008828
v -0.039038 0.009289 0.008828
v -0.039038 0.009289 0.008828
v -0.038863 0.010582 0.008870
v -0.038863 0.010582 0.008870
v -0.038889 -0.021091 0.005379
v -0.038889 -0.021091 0.005379
v -0.038889 -0.021091 0.005379
v -0.038889 -0.021091 0.005379
v -0.038889 -0.021091 0.005379
v -0.039005 -0.021024 0.005316
v -0.039005 -0.021024 0.005316
v -0.039005 -0.021024 0.005316
v -0.039005 -0.021024 0.005316
v -0.038327 0.012555 0.007799
v -0.038327 0.012555 0.007799
v -0.038327 0.012555 0.007799
v -0.038327 0.012555 0.007799
v -0.038327 0.012555 0.007799
v -0.038327 0.012555 0.007799
v -0.038232 0.011736 0.007659
v -0.038232 0.011736 0.007659
v -0.038232 0.011736 0.007659
v -0.038232 0.011736 0.007659
v -0.038232 0.011736 0.007659
v -0.038867 0.012271 0.008165
v -0.038867 0.012271 0.008165
v -0.038867 0.012271 0.008165
v -0.038867 0.012271 0.008165
v -0.038867 0.012271 0.008165
v -0.038867 0.012271 0.008165
v -0.038867 0.012271 0.008165
v -0.038161 0.014808 0.007774
v -0.038161 0.014808 0.007774
v -0.038161 0.014808 0.007774
v -0.038723 0.016748 0.008130
v -0.038723 0.016748 0.008130
v -0.038723 0.016748 0.008130
v -0.038723 0.016748 0.008130
v -0.039044 0.007820 0.008798
v -0.039044 0.007820 0.008798
v -0.039044 0.007820 0.008798
v -0.039044 0.007820 0.008798
v -0.039044 0.007820 0.008798
v -0.039044 0.007820 0.008798
v -0.039044 0.007820 0.008798
v -0.039044 0.007820 0.008798
v -0.039044 0.007820 0.008798
v -0.039190 0.010075 0.008771
v -0.039190 0.010075 0.008771
v -0.039190 0.010075 0.008771
v -0.039739 0.010680 0.007265
v -0.039739 0.010680 0.007265
v -0.039739 0.010680 0.007265
v -0.039739 0.010680 0.007265
v -0.039739 0.010680 0.007265
v -0.039739 0.010680 0.007265
v -0.038814 0.010744 0.007845
v -0.038814 0.010744 0.007845
v -0.038814 0.010744 0.007845
v -0.038814 0.010744 0.007845
v -0.038814 0.010744 0.007845
v -0.038766 0.010893 0.007692
v -0.038766 0.010893 0.007692
v -0.038766 0.010893 0.007692
v -0.038766 0.010893 0.007692
v -0.038766 0.010893 0.007692
v -0.038816 0.010630 0.007619
v -0.038816 0.010630 0.007619
v -0.038816 0.010630 0.007619
v -0.038816 0.010630 0.007619
v -0.038816 0.010630 0.007619
v -0.038816 0.010630 0.007619
v -0.038678 0.011050 0.007608
v -0.038678 0.011050 0.007608
v -0.038678 0.011050 0.007608
v -0.038678 0.011050 0.007608
v -0.038678 0.011050 0.007608
v -0.038678 0.011050 0.007608
v -0.038678 0.011050 0.007608
v -0.038678 0.011050 0.007608
v -0.038678 0.011050 0.007608
v -0.038131 0.011632 0.007567
v -0.038131 0.011632 0.007567
v -0.038131 0.011632 0.007567
v -0.038131 0.011632 0.007567
v -0.038131 0.011632 0.007567
v 0.039183 -0.016318 0.007223
v 0.039183 -0.016318 0.007223
v 0.039183 -0.016318 0.007223
v 0.039183 -0.016318 0.007223
v 0.039183 -0.016318 0.007223
v 0.039183 -0.016318 0.007223
v 0.039173 -0.014976 0.007106
v 0.039173 -0.014976 0.007106
v 0.039173 -0.014976 0.007106
v 0.039173 -0.014976 0.007106
v 0.039173 -0.014976 0.007106
v 0.039173 -0.014976 0.007106
v 0.039173 -0.014976 0.007106
v 0.039173 -0.014976 0.007106
v 0.039173 -0.014976 0.007106
v 0.039173 -0.014976 0.007106
v 0.039140 -0.015557 0.007228
v 0.039140 -0.015557 0.007228
v 0.039140 -0.015557 0.007228
v 0.039140 -0.015557 0.007228
v -0.033161 -0.021071 0.000080
v -0.033161 -0.021071 0.000080
v -0.033161 -0.021071 0.000080
v -0.033548 -0.021055 -0.000819
v -0.033548 -0.021055 -0.000819
v -0.033548 -0.021055 -0.000819
v 0.037611 -0.021074 0.007604
v 0.037611 -0.021074 0.007604
v 0.037611 -0.021074 0.007604
v 0.037611 -0.021074 0.007604
v 0.037728 -0.020921 0.007588
v 0.037728 -0.020921 0.007588
v 0.037145 -0.021044 0.007595
v 0.037145 -0.021044 0.007595
v 0.037145 -0.021044 0.007595
v -0.038287 0.011381 0.007556
v -0.038287 0.011381 0.007556
v -0.038287 0.011381 0.007556
v -0.038287 0.011381 0.007556
v -0.038287 0.011381 0.007556
v -0.010935 -0.005364 -0.009240
v -0.010935 -0.005364 -0.009240
v -0.038780 0.011220 0.007893
v -0.038780 0.011220 0.007893
v -0.038780 0.011220 0.007893
v -0.038780 0.011220 0.007893
v -0.038780 0.011220 0.007893
v -0.038780 0.011220 0.007893
v -0.038780 0.011220 0.007893
v -0.038837 0.020265 -0.007660
v -0.038837 0.020265 -0.007660
v -0.038837 0.020265 -0.007660
v -0.038837 0.020265 -0.007660
v -0.038837 0.020265 -0.007660
v -0.038837 0.020265 -0.007660
v -0.038837 0.020265 -0.007660
v -0.039282 0.020193 -0.006733
v -0.039282 0.020193 -0.006733
v -0.039282 0.020193 -0.006733
v -0.039282 0.020193 -0.006733
v -0.039282 0.020193 -0.006733
v -0.039086 0.020367 -0.005297
v -0.039086 0.020367 -0.005297
v -0.039086 0.020367 -0.005297
v -0.039086 0.020367 -0.005297
v -0.039086 0.020367 -0.005297
v -0.039086 0.020367 -0.005297
v -0.039086 0.020367 -0.005297
v -0.039356 0.016362 0.008883
v -0.039356 0.016362 0.008883
v -0.039356 0.016362 0.008883
v -0.039356 0.016362 0.008883
v -0.039356 0.016362 0.008883
v -0.011463 0.001530 -0.009368
v -0.038719 0.009128 0.007671
v -0.038719 0.009128 0.007671
v -0.038719 0.009128 0.007671
v -0.038719 0.009128 0.007671
v -0.038571 0.009148 0.007599
v -0.038571 0.009148 0.007599
v -0.038571 0.009148 0.007599
v -0.038571 0.009148 0.007599
v -0.038571 0.009148 0.007599
v -0.038571 0.009148 0.007599
v 0.039304 -0.015443 0.008190
v 0.039304 -0.015443 0.008190
v 0.039304 -0.015443 0.008190
v 0.039276 -0.014414 0.008216
v 0.039276 -0.014414 0.008216
v 0.039276 -0.014414 0.008216
v 0.039276 -0.014414 0.008216
v 0.039276 -0.014414 0.008216
v 0.039276 -0.014414 0.008216
v 0.039276 -0.014414 0.008216
v -0.040738 -0.013761 0.006170
v -0.040738 -0.013761 0.006170
v -0.040738 -0.013761 0.006170
v -0.040795 -0.012722 0.004888
v -0.040795 -0.012722 0.004888
v -0.040795 -0.012722 0.004888
v -0.040795 -0.012722 0.004888
v -0.038616 0.009362 0.007457
v -0.038616 0.009362 0.007457
v -0.038616 0.009362 0.007457
v -0.038989 0.008072 0.007803
v -0.038989 0.008072 0.007803
v -0.038989 0.008072 0.007803
v -0.038989 0.008072 0.007803
v -0.038989 0.008072 0.007803
v -0.038989 0.008072 0.007803
v -0.038989 0.008072 0.007803
v -0.038989 0.008072 0.007803
v -0.038913 0.006948 0.007699
v -0.038913 0.006948 0.007699
v -0.038913 0.006948 0.007699
v -0.038913 0.006948 0.007699
v -0.038913 0.006948 0.007699
v -0.038913 0.006948 0.007699
v -0.038913 0.006948 0.007699
v -0.038913 0.006948 0.007699
v -0.039050 0.007448 0.008069
v -0.039050 0.007448 0.008069
v -0.039050 0.007448 0.008069
v -0.039050 0.007448 0.008069
v -0.039050 0.007448 0.008069
v -0.028308 -0.021006 -0.000953
v -0.019535 -0.020937 -0.000227
v -0.021250 -0.020948 -0.000463
v -0.020193 -0.020929 -0.000724
v -0.024527 0.020606 -0.003279
v -0.026299 0.020631 -0.002992
v 0.039021 -0.018657 0.008240
v 0.039021 -0.018657 0.008240
v 0.039021 -0.018657 0.008240
v 0.039021 -0.018657 0.008240
v 0.039021 -0.018657 0.008240
v 0.039021 -0.018657 0.008240
v 0.038792 -0.019534 0.008184
v 0.038792 -0.019534 0.008184
v 0.038792 -0.019534 0.008184
v 0.038792 -0.019534 0.008184
v 0.038792 -0.019534 0.008184
v 0.038792 -0.019534 0.008184
v -0.019608 -0.020734 -0.005219
v -0.021259 -0.020774 -0.004881
v -0.020686 -0.020713 -0.005798
v -0.011966 -0.010009 -0.009324
v -0.012950 0.020363 -0.007715
v -0.010485 -0.002449 -0.009288
v -0.010485 -0.002449 -0.009288
v -0.010186 -0.001521 -0.009299
v -0.010186 -0.001521 -0.009299
v -0.010186 -0.001521 -0.009299
v -0.009920 -0.002379 -0.009280
v -0.009920 -0.002379 -0.009280
v -0.009920 -0.002379 -0.009280
v -0.011813 0.001150 -0.009366
v -0.015477 0.020152 -0.008753
v -0.015477 0.020152 -0.008753
v -0.015477 0.020152 -0.008753
v -0.015477 0.020152 -0.008753
v -0.015477 0.020152 -0.008753
v -0.014822 0.020290 -0.008422
v -0.014822 0.020290 -0.008422
v -0.014822 0.020290 -0.008422
v -0.014822 0.020290 -0.008422
v -0.014822 0.020290 -0.008422
v -0.014822 0.020290 -0.008422
v -0.014822 0.020290 -0.008422
v -0.014233 0.020213 -0.008680
v -0.014233 0.020213 -0.008680
v -0.014233 0.020213 -0.008680
v -0.014233 0.020213 -0.008680
v -0.014233 0.020213 -0.008680
v -0.014233 0.020213 -0.008680
v -0.017662 0.020453 -0.005463
v -0.019119 0.020477 -0.005243
v -0.004562 0.011188 -0.009217
v -0.008468 0.012868 -0.009162
v -0.006966 0.012813 -0.009162
v -0.014385 0.020030 -0.008862
v -0.014385 0.020030 -0.008862
v -0.014385 0.020030 -0.008862
v -0.014385 0.020030 -0.008862
v -0.014385 0.020030 -0.008862
v -0.014385 0.020030 -0.008862
v -0.017087 0.020069 -0.008850
v -0.017087 0.020069 -0.008850
v -0.017087 0.020069 -0.008850
v -0.017087 0.020069 -0.008850
v -0.017087 0.020069 -0.008850
v -0.017087 0.020069 -0.008850
v -0.017087 0.020069 -0.008850
v -0.017087 0.020069 -0.008850
v -0.017087 0.020069 -0.008850
v -0.016714 0.018866 -0.008941
v -0.013748 -0.020589 -0.006420
v -0.013748 -0.020589 -0.006420
v -0.015032 -0.020615 -0.006289
v -0.015032 -0.020615 -0.006289
v -0.015518 -0.020607 -0.007203
v -0.015518 -0.020607 -0.007203
v -0.019094 -0.019708 -0.009315
v -0.019094 -0.019708 -0.009315
v -0.019094 -0.019708 -0.009315
v -0.019094 -0.019708 -0.009315
v -0.022657 -0.019621 -0.009358
v -0.022657 -0.019621 -0.009358
v -0.022657 -0.019621 -0.009358
v -0.022657 -0.019621 -0.009358
v -0.022657 -0.019621 -0.009358
v -0.021740 -0.019699 -0.009313
v -0.021740 -0.019699 -0.009313
v -0.021740 -0.019699 -0.009313
v -0.022801 -0.019868 -0.009189
v -0.022801 -0.019868 -0.009189
v -0.022801 -0.019868 -0.009189
v -0.022801 -0.019868 -0.009189
v -0.022801 -0.019868 -0.009189
v -0.018415 -0.000215 -0.009379
v -0.017223 -0.000658 -0.009370
v -0.024024 -0.020977 -0.000242
v -0.022702 -0.020979 0.000713
v -0.025830 -0.020983 -0.000817
v -0.010806 -0.003441 -0.009273
v -0.010806 -0.003441 -0.009273
v -0.010806 -0.003441 -0.009273
v -0.011141 -0.002743 -0.009302
v -0.011141 -0.002743 -0.009302
v -0.011141 -0.002743 -0.009302
v -0.006894 0.020020 -0.008799
v -0.006894 0.020020 -0.008799
v -0.006894 0.020020 -0.008799
v -0.006894 0.020020 -0.008799
v -0.006894 0.020020 -0.008799
v -0.006894 0.020020 -0.008799
v -0.006894 0.020020 -0.008799
v -0.006894 0.020020 -0.008799
v -0.004761 0.020328 -0.008646
v -0.004761 0.020328 -0.008646
v -0.004761 0.020328 -0.008646
v -0.003685 0.020328 -0.008636
v -0.003685 0.020328 -0.008636
v -0.003685 0.020328 -0.008636
v -0.017044 -0.012043 -0.009397
v -0.017044 -0.012043 -0.009397
v -0.017044 -0.012043 -0.009397
v -0.017044 -0.012043 -0.009397
v -0.013623 -0.002935 -0.009297
v -0.013396 -0.002455 -0.009305
v -0.021279 -0.009089 -0.009354
v -0.021279 -0.009089 -0.009354
v -0.020355 -0.008809 -0.009327
v -0.003670 0.012156 -0.009180
v -0.023032 -0.010932 -0.009361
v -0.021455 -0.010045 -0.009358
v -0.040840 0.002524 0.005561
v -0.009287 -0.013514 -0.009466
v -0.010624 -0.012598 -0.009419
v -0.039407 -0.000559 0.007637
v -0.039407 -0.000559 0.007637
v -0.039407 -0.000559 0.007637
v -0.039407 -0.000559 0.007637
v -0.040964 0.008062 0.006117
v -0.040964 0.008062 0.006117
v -0.040964 0.008062 0.006117
v -0.040964 0.008062 0.006117
v -0.040964 0.008062 0.006117
v -0.040981 0.006104 0.004973
v -0.040981 0.006104 0.004973
v -0.040981 0.006104 0.004973
v -0.041150 0.020352 0.004833
v -0.041150 0.020352 0.004833
v -0.041150 0.020352 0.004833
v -0.041150 0.020352 0.004833
v -0.041150 0.020352 0.004833
v -0.041150 0.020352 0.004833
v -0.041150 0.020352 0.004833
v -0.041150 0.020352 0.004833
v -0.040926 0.020284 0.004145
v -0.040926 0.020284 0.004145
v -0.040926 0.020284 0.004145
v -0.040926 0.020284 0.004145
v -0.040926 0.020284 0.004145
v -0.041149 0.020291 0.003626
v -0.041149 0.020291 0.003626
v -0.041149 0.020291 0.003626
v -0.041149 0.020291 0.003626
v -0.041149 0.020291 0.003626
v -0.041149 0.020291 0.003626
v -0.041149 0.020291 0.003626
v -0.041149 0.020291 0.003626
v -0.010097 -0.004091 -0.009254
v -0.010097 -0.004091 -0.009254
v -0.039144 0.009535 0.008292
v -0.039144 0.009535 0.008292
v -0.039144 0.009535 0.008292
v -0.039144 0.009535 0.008292
v -0.039144 0.009535 0.008292
v -0.039182 0.011309 0.008473
v -0.039182 0.011309 0.008473
v -0.039182 0.011309 0.008473
v -0.039182 0.011309 0.008473
v -0.039182 0.011309 0.008473
v -0.039182 0.011309 0.008473
v -0.039033 0.010960 0.008218
v -0.039033 0.010960 0.008218
v -0.039033 0.010960 0.008218
v -0.039033 0.010960 0.008218
v -0.039033 0.010960 0.008218
v -0.039033 0.010960 0.008218
v -0.003693 0.020628 -0.002339
v -0.005086 0.020606 -0.002387
v -0.004382 0.020632 -0.001613
v -0.023864 0.020765 0.003920
v -0.019527 0.020693 0.002847
v -0.019527 0.020693 0.002847
v 0.038158 -0.019223 0.008246
v 0.038158 -0.019223 0.008246
v 0.038158 -0.019223 0.008246
v 0.038158 -0.019223 0.008246
v -0.007285 0.020421 -0.008417
v -0.007285 0.020421 -0.008417
v -0.007285 0.020421 -0.008417
v -0.007285 0.020421 -0.008417
v -0.007285 0.020421 -0.008417
v -0.007285 0.020421 -0.008417
v -0.007285 0.020421 -0.008417
v -0.006676 0.020452 -0.008287
v -0.006676 0.020452 -0.008287
v -0.006676 0.020452 -0.008287
v -0.006676 0.020452 -0.008287
v -0.006676 0.020452 -0.008287
v -0.021009 0.020659 0.000270
v -0.019534 0.020631 0.000073
v -0.020478 0.020609 -0.001316
v -0.039167 0.013030 0.008533
v -0.039167 0.013030 0.008533
v -0.039167 0.013030 0.008533
v -0.039167 0.013030 0.008533
v -0.039167 0.013030 0.008533
v -0.039167 0.013030 0.008533
v -0.039107 0.015057 0.008512
v -0.039107 0.015057 0.008512
v -0.039107 0.015057 0.008512
v -0.039090 0.011652 0.008377
v -0.039090 0.011652 0.008377
v -0.039090 0.011652 0.008377
v -0.039090 0.011652 0.008377
v -0.039090 0.011652 0.008377
v -0.039373 0.017932 0.008844
v -0.039373 0.017932 0.008844
v -0.039373 0.017932 0.008844
v -0.039373 0.017932 0.008844
v -0.039373 0.017932 0.008844
v -0.039373 0.017932 0.008844
v -0.039373 0.017932 0.008844
v -0.039373 0.017932 0.008844
v 0.039336 -0.018391 0.007303
v 0.039336 -0.018391 0.007303
v 0.039336 -0.018391 0.007303
v 0.039336 -0.018391 0.007303
v 0.039336 -0.018391 0.007303
v 0.039336 -0.018391 0.007303
v 0.039653 -0.018720 0.006846
v 0.039653 -0.018720 0.006846
v 0.039653 -0.018720 0.006846
v 0.039653 -0.018720 0.006846
v 0.039653 -0.018720 0.006846
v 0.039653 -0.018720 0.006846
v 0.039653 -0.018720 0.006846
v 0.039406 -0.017855 0.007118
v 0.039406 -0.017855 0.007118
v 0.039406 -0.017855 0.007118
v 0.039406 -0.017855 0.007118
v 0.039406 -0.017855 0.007118
v 0.039406 -0.017855 0.007118
v -0.039365 0.017185 0.008980
v -0.039365 0.017185 0.008980
v -0.039365 0.017185 0.008980
v -0.039365 0.017185 0.008980
v -0.039365 0.017185 0.008980
v -0.039263 0.016475 0.009030
v -0.039263 0.016475 0.009030
v -0.039263 0.016475 0.009030
v -0.039263 0.016475 0.009030
v -0.039263 0.016475 0.009030
v -0.039263 0.016475 0.009030
v -0.039263 0.016475 0.009030
v -0.026632 0.014981 0.009438
v -0.026428 0.011932 0.009351
v -0.025111 0.012995 0.009407
v -0.038970 0.006462 0.007523
v -0.038970 0.006462 0.007523
v -0.038970 0.006462 0.007523
v -0.038970 0.006462 0.007523
v -0.039060 0.005437 0.007538
v -0.039060 0.005437 0.007538
v -0.039060 0.005437 0.007538
v -0.039060 0.005437 0.007538
v -0.039060 0.005437 0.007538
v -0.039060 0.005437 0.007538
v -0.039060 0.005437 0.007538
v -0.038961 0.006433 0.007777
v -0.038961 0.006433 0.007777
v -0.038961 0.006433 0.007777
v -0.038961 0.006433 0.007777
v -0.039097 0.005998 0.008149
v -0.039097 0.005998 0.008149
v -0.039097 0.005998 0.008149
v -0.039097 0.005998 0.008149
v -0.039097 0.005998 0.008149
v -0.039016 0.006724 0.008019
v -0.039016 0.006724 0.008019
v -0.039016 0.006724 0.008019
v -0.039016 0.006724 0.008019
v -0.036603 0.019371 0.009293
v -0.036603 0.019371 0.009293
v -0.036603 0.019371 0.009293
v -0.036603 0.019371 0.009293
v -0.006463 0.015288 -0.009066
v -0.004427 0.014122 -0.009106
v 0.039260 -0.012953 0.007726
v 0.039260 -0.012953 0.007726
v 0.039260 -0.012953 0.007726
v 0.039260 -0.012953 0.007726
v 0.039260 -0.012953 0.007726
v 0.039260 -0.012176 0.007690
v 0.039260 -0.012176 0.007690
v 0.039260 -0.012176 0.007690
v 0.039260 -0.012176 0.007690
v 0.039308 -0.010978 0.007812
v 0.039308 -0.010978 0.007812
v 0.039308 -0.010978 0.007812
v 0.039308 -0.010978 0.007812
v 0.039308 -0.010978 0.007812
v 0.039308 -0.010978 0.007812
v -0.008732 -0.004687 -0.009254
v -0.007808 -0.004324 -0.009263
v -0.008398 -0.005446 -0.009246
v -0.031640 0.020642 0.008277
v -0.031640 0.020642 0.008277
v -0.031640 0.020642 0.008277
v -0.031640 0.020642 0.008277
v -0.031640 0.020642 0.008277
v -0.039105 0.003924 0.007776
v -0.039105 0.003924 0.007776
v -0.039105 0.003924 0.007776
v -0.039105 0.003924 0.007776
v -0.039105 0.003924 0.007776
v -0.039105 0.003924 0.007776
v -0.039129 0.004241 0.008043
v -0.039129 0.004241 0.008043
v -0.039129 0.004241 0.008043
v -0.039129 0.004241 0.008043
v -0.039129 0.004241 0.008043
v -0.038741 0.010413 0.007726
v -0.038741 0.010413 0.007726
v -0.038741 0.010413 0.007726
v -0.038741 0.010413 0.007726
v -0.038741 0.010413 0.007726
v -0.038741 0.010413 0.007726
v -0.038553 0.011547 0.007748
v -0.038553 0.011547 0.007748
v -0.038553 0.011547 0.007748
v -0.038553 0.011547 0.007748
v -0.039304 0.000657 0.007631
v -0.039304 0.000657 0.007631
v -0.039304 0.000657 0.007631
v -0.039304 0.000657 0.007631
v -0.039304 0.000657 0.007631
v -0.038817 0.009526 0.007842
v -0.038817 0.009526 0.007842
v -0.038817 0.009526 0.007842
v -0.038817 0.009526 0.007842
v -0.038817 0.009526 0.007842
v -0.038817 0.009526 0.007842
v -0.038516 0.009395 0.007608
v -0.038516 0.009395 0.007608
v -0.038516 0.009395 0.007608
v -0.038516 0.009395 0.007608
v -0.038516 0.009395 0.007608
v -0.039138 0.005062 0.008112
v -0.039138 0.005062 0.008112
v -0.039138 0.005062 0.008112
v -0.039138 0.005062 0.008112
v -0.039108 0.004674 0.007802
v -0.039108 0.004674 0.007802
v -0.039108 0.004674 0.007802
v -0.039108 0.004674 0.007802
v -0.039108 0.004674 0.007802
v -0.039163 0.004538 0.008331
v -0.039163 0.004538 0.008331
v -0.039163 0.004538 0.008331
v -0.039163 0.004538 0.008331
v -0.039163 0.004538 0.008331
v -0.038952 0.008305 0.007595
v -0.038952 0.008305 0.007595
v -0.038952 0.008305 0.007595
v -0.038952 0.008305 0.007595
v -0.038952 0.008305 0.007595
v -0.038918 0.007190 0.007492
v -0.038918 0.007190 0.007492
v -0.038918 0.007190 0.007492
v -0.038918 0.007190 0.007492
v -0.038918 0.007190 0.007492
v -0.038918 0.007190 0.007492
v -0.039113 0.003713 0.008669
v -0.039113 0.003713 0.008669
v -0.039113 0.003713 0.008669
v -0.039113 0.003713 0.008669
v -0.039113 0.003713 0.008669
v -0.039160 0.003834 0.008559
v -0.039160 0.003834 0.008559
v -0.039160 0.003834 0.008559
v -0.039160 0.003834 0.008559
v -0.039160 0.003834 0.008559
v -0.039160 0.003834 0.008559
v -0.039160 0.003834 0.008559
v -0.039106 0.002526 0.008536
v -0.039106 0.002526 0.008536
v -0.039106 0.002526 0.008536
v -0.039106 0.002526 0.008536
v -0.040670 -0.013461 -0.001460
v -0.040670 -0.013461 -0.001460
v -0.040582 -0.016208 -0.001934
v -0.040582 -0.016208 -0.001934
v -0.040582 -0.016208 -0.001934
v -0.040704 -0.014870 -0.000270
v -0.040704 -0.014870 -0.000270
v -0.040704 -0.014870 -0.000270
v -0.039744 -0.020223 0.007597
v -0.039744 -0.020223 0.007597
v -0.039744 -0.020223 0.007597
v -0.039744 -0.020223 0.007597
v -0.039744 -0.020223 0.007597
v -0.039862 -0.020020 0.007595
v -0.039862 -0.020020 0.007595
v -0.039862 -0.020020 0.007595
v -0.039862 -0.020020 0.007595
v -0.039862 -0.020020 0.007595
v -0.039862 -0.020020 0.007595
v -0.039905 -0.020365 0.006835
v -0.039905 -0.020365 0.006835
v -0.039905 -0.020365 0.006835
v -0.039905 -0.020365 0.006835
v -0.039905 -0.020365 0.006835
v -0.039905 -0.020365 0.006835
v -0.040196 -0.020303 0.006155
v -0.040196 -0.020303 0.006155
v -0.040196 -0.020303 0.006155
v -0.040196 -0.020303 0.006155
v -0.040196 -0.020303 0.006155
v -0.039136 -0.020669 0.002817
v -0.039136 -0.020669 0.002817
v -0.039136 -0.020669 0.002817
v -0.039136 -0.020669 0.002817
v -0.039136 -0.020669 0.002817
v -0.040219 -0.009473 0.007389
v -0.040219 -0.009473 0.007389
v -0.040219 -0.009473 0.007389
v -0.040219 -0.009473 0.007389
v -0.040219 -0.009473 0.007389
v -0.040219 -0.009473 0.007389
v -0.040219 -0.009473 0.007389
v -0.040219 -0.009473 0.007389
v -0.040182 -0.007571 0.007432
v -0.040182 -0.007571 0.007432
v -0.040182 -0.007571 0.007432
v -0.040182 -0.007571 0.007432
v -0.040475 -0.007939 0.007284
v -0.040475 -0.007939 0.007284
v -0.040475 -0.007939 0.007284
v -0.040475 -0.007939 0.007284
v -0.014448 0.010241 -0.009236
v -0.013042 0.010502 -0.009225
v -0.027595 -0.020735 -0.007823
v -0.027595 -0.020735 -0.007823
v -0.027595 -0.020735 -0.007823
v -0.027595 -0.020735 -0.007823
v -0.027595 -0.020735 -0.007823
v -0.027595 -0.020735 -0.007823
v -0.039295 -0.020476 0.002115
v -0.039295 -0.020476 0.002115
v -0.039295 -0.020476 0.002115
v -0.039295 -0.020476 0.002115
v -0.021828 -0.020689 -0.007173
v -0.021828 -0.020689 -0.007173
v -0.035881 -0.020891 -0.002940
v -0.035881 -0.020891 -0.002940
v -0.025113 0.020768 0.002295
v -0.025438 0.020736 0.000667
v -0.019875 0.020671 0.001416
v -0.005235 -0.008308 -0.009299
v -0.008189 -0.008081 -0.009290
v -0.015742 -0.015218 -0.009461
v -0.013579 -0.016024 -0.009494
v -0.017232 -0.016790 -0.009432
v -0.018118 0.020518 -0.003507
v -0.017880 0.020566 -0.001519
v -0.040247 -0.001835 0.007469
v -0.040247 -0.001835 0.007469
v -0.040247 -0.001835 0.007469
v 0.039412 -0.021231 0.007486
v 0.039412 -0.021231 0.007486
v 0.039412 -0.021231 0.007486
v 0.039412 -0.021231 0.007486
v 0.039412 -0.021231 0.007486
v 0.039412 -0.021231 0.007486
v 0.039412 -0.021231 0.007486
v 0.039412 -0.021231 0.007486
v 0.039412 -0.021231 0.007486
v 0.038893 -0.021139 0.007550
v 0.038893 -0.021139 0.007550
v 0.038893 -0.021139 0.007550
v 0.038079 -0.021092 0.007602
v 0.038079 -0.021092 0.007602
v 0.038079 -0.021092 0.007602
v 0.038079 -0.021092 0.007602
v 0.038079 -0.021092 0.007602
v 0.038079 -0.021092 0.007602
v -0.038893 0.008800 0.007788
v -0.038893 0.008800 0.007788
v -0.038893 0.008800 0.007788
v -0.038893 0.008800 0.007788
v -0.038893 0.008800 0.007788
v -0.014766 0.020352 -0.007512
v -0.014766 0.020352 -0.007512
v -0.014766 0.020352 -0.007512
v -0.014766 0.020352 -0.007512
v -0.014766 0.020352 -0.007512
v -0.014766 0.020352 -0.007512
v -0.014766 0.020352 -0.007512
v -0.038385 0.009738 0.007489
v -0.038385 0.009738 0.007489
v -0.038385 0.009738 0.007489
v -0.038385 0.009738 0.007489
v -0.038385 0.009738 0.007489
v -0.038385 0.009738 0.007489
v -0.007415 0.020456 -0.006605
v -0.008237 0.020476 -0.005288
v 0.036339 -0.016308 0.008457
v 0.036339 -0.016308 0.008457
v 0.036118 -0.013743 0.008551
v 0.036118 -0.013743 0.008551
v 0.036118 -0.013743 0.008551
v -0.038936 0.007672 0.007492
v -0.038936 0.007672 0.007492
v 0.039539 -0.019931 0.006996
v 0.039539 -0.019931 0.006996
v 0.039539 -0.019931 0.006996
v 0.039539 -0.019931 0.006996
v 0.039539 -0.019931 0.006996
v 0.039539 -0.019931 0.006996
v 0.039539 -0.019931 0.006996
v -0.008512 0.020398 -0.008366
v -0.008512 0.020398 -0.008366
v -0.008512 0.020398 -0.008366
v -0.008512 0.020398 -0.008366
v -0.009455 0.020383 -0.008402
v -0.009455 0.020383 -0.008402
v 0.038486 -0.020867 0.007581
v 0.038486 -0.020867 0.007581
v 0.038486 -0.020867 0.007581
v 0.038486 -0.020867 0.007581
v -0.041008 0.012441 0.006889
v -0.041008 0.012441 0.006889
v -0.041008 0.012441 0.006889
v -0.041008 0.012441 0.006889
v -0.041008 0.012441 0.006889
v -0.038962 0.003167 0.007890
v -0.038962 0.003167 0.007890
v -0.038962 0.003167 0.007890
v -0.038962 0.003167 0.007890
v -0.038970 0.003081 0.007793
v -0.038970 0.003081 0.007793
v -0.038970 0.003081 0.007793
v -0.038970 0.003081 0.007793
v -0.040535 0.019853 -0.007644
v -0.040535 0.019853 -0.007644
v -0.040535 0.019853 -0.007644
v -0.040535 0.019853 -0.007644
v -0.040535 0.019853 -0.007644
v -0.040535 0.019853 -0.007644
v -0.040607 0.019844 -0.007278
v -0.040607 0.019844 -0.007278
v -0.040607 0.019844 -0.007278
v -0.040312 0.019739 -0.007036
v -0.040312 0.019739 -0.007036
v -0.040312 0.019739 -0.007036
v -0.040312 0.019739 -0.007036
v -0.040312 0.019739 -0.007036
v -0.040312 0.019739 -0.007036
v -0.039242 0.012024 0.008644
v -0.039242 0.012024 0.008644
v -0.039242 0.012024 0.008644
v -0.039242 0.012024 0.008644
v -0.039242 0.012024 0.008644
v -0.039242 0.012024 0.008644
v 0.039523 -0.020916 0.007383
v 0.039523 -0.020916 0.007383
v 0.039523 -0.020916 0.007383
v 0.037470 0.005017 0.008820
v 0.037470 0.005017 0.008820
v 0.037470 0.005017 0.008820
v 0.036599 0.002550 0.008789
v 0.038232 0.002602 0.008679
v 0.038232 0.002602 0.008679
v 0.039309 -0.013023 0.007944
v 0.039309 -0.013023 0.007944
v 0.039309 -0.013023 0.007944
v 0.039309 -0.013023 0.007944
v 0.039309 -0.013023 0.007944
v 0.039309 -0.013023 0.007944
v 0.039255 -0.012816 0.008251
v 0.039255 -0.012816 0.008251
v 0.039255 -0.012816 0.008251
v 0.039255 -0.012816 0.008251
v 0.039255 -0.012816 0.008251
v 0.039255 -0.012816 0.008251
v 0.031964 -0.010439 0.008751
v -0.018028 0.020613 0.000333
v 0.039637 -0.021344 0.006785
v 0.039637 -0.021344 0.006785
v 0.039637 -0.021344 0.006785
v 0.039637 -0.021344 0.006785
v 0.039637 -0.021344 0.006785
v 0.039637 -0.021344 0.006785
v 0.039637 -0.021344 0.006785
v -0.008695 0.016743 -0.009011
v -0.008720 0.016010 -0.009044
v -0.038925 0.007414 0.007670
v -0.038925 0.007414 0.007670
v -0.038925 0.007414 0.007670
v 0.038121 -0.021291 0.004640
v 0.038121 -0.021291 0.004640
v 0.038121 -0.021291 0.004640
v 0.036683 -0.021241 0.005158
v 0.036683 -0.021241 0.005158
v 0.036683 -0.021241 0.005158
v 0.036683 -0.021241 0.005158
v 0.037455 -0.021262 0.004559
v 0.037455 -0.021262 0.004559
v -0.037095 -0.020873 -0.001419
v -0.037095 -0.020873 -0.001419
v -0.037481 -0.020720 -0.003447
v -0.037481 -0.020720 -0.003447
v -0.036541 -0.020771 -0.004165
v -0.039085 0.004968 0.007639
v -0.039085 0.004968 0.007639
v -0.039085 0.004968 0.007639
v -0.037936 0.008947 0.008918
v -0.037936 0.008947 0.008918
v -0.037936 0.008947 0.008918
v -0.037282 0.006368 0.008922
v -0.037282 0.006368 0.008922
v -0.037282 0.006368 0.008922
v -0.036350 0.010347 0.009026
v -0.036350 0.010347 0.009026
v -0.036350 0.010347 0.009026
v -0.032350 -0.020881 -0.005438
v -0.032350 -0.020881 -0.005438
v -0.033558 -0.020853 -0.006011
v -0.033558 -0.020853 -0.006011
v -0.033558 -0.020853 -0.006011
v -0.033558 -0.020853 -0.006011
v -0.032657 -0.020850 -0.006279
v -0.032657 -0.020850 -0.006279
v -0.032657 -0.020850 -0.006279
v -0.008117 0.001338 -0.009377
v -0.011013 0.002443 -0.009375
v -0.007107 0.001795 -0.009380
v -0.007107 0.001795 -0.009380
v -0.014797 0.001898 -0.009366
v -0.014273 0.002401 -0.009364
v -0.009688 0.008074 -0.009293
v -0.008919 0.007944 -0.009299
v -0.009452 0.007354 -0.009311
v -0.040300 0.019891 -0.008520
v -0.040300 0.019891 -0.008520
v -0.040300 0.019891 -0.008520
v -0.040300 0.019891 -0.008520
v -0.040439 0.019888 -0.008247
v -0.040439 0.019888 -0.008247
v -0.040439 0.019888 -0.008247
v -0.040439 0.019888 -0.008247
v -0.040439 0.019888 -0.008247
v -0.040439 0.019888 -0.008247
v -0.039923 0.019926 -0.008266
v -0.039923 0.019926 -0.008266
v -0.039923 0.019926 -0.008266
v -0.039923 0.019926 -0.008266
v -0.039923 0.019926 -0.008266
v -0.039923 0.019926 -0.008266
v -0.039923 0.019926 -0.008266
v -0.006702 0.011547 -0.009205
v -0.039984 -0.020169 0.000503
v -0.039984 -0.020169 0.000503
v -0.039984 -0.020169 0.000503
v -0.039984 -0.020169 0.000503
v -0.039984 -0.020169 0.000503
v -0.039954 -0.020170 -0.000107
v -0.039954 -0.020170 -0.000107
v -0.039954 -0.020170 -0.000107
v -0.039954 -0.020170 -0.000107
v -0.039954 -0.020170 -0.000107
v -0.039954 -0.020170 -0.000107
v -0.040569 -0.006865 0.007230
v -0.040569 -0.006865 0.007230
v -0.040569 -0.006865 0.007230
v -0.040569 -0.006865 0.007230
v -0.040569 -0.006865 0.007230
v -0.040569 -0.006865 0.007230
v -0.040569 -0.006865 0.007230
v -0.039434 -0.020350 0.000819
v -0.039434 -0.020350 0.000819
v -0.039434 -0.020350 0.000819
v -0.039434 -0.020350 0.000819
v -0.039434 -0.020350 0.000819
v -0.010090 -0.000499 -0.009321
v -0.010090 -0.000499 -0.009321
v -0.010090 -0.000499 -0.009321
v -0.040569 -0.009834 0.007209
v -0.040569 -0.009834 0.007209
v -0.040569 -0.009834 0.007209
v -0.040569 -0.009834 0.007209
v -0.040569 -0.009834 0.007209
v -0.040569 -0.009834 0.007209
v -0.035321 0.002482 0.008937
v -0.035321 0.002482 0.008937
v -0.035805 0.007991 0.009014
v -0.037096 0.004074 0.008892
v -0.037096 0.004074 0.008892
v -0.016611 0.000438 -0.009383
v -0.006532 0.010268 -0.009245
v -0.033336 -0.021080 0.001184
v -0.032048 -0.021066 0.000893
v -0.038866 -0.021100 0.006108
v -0.038866 -0.021100 0.006108
v -0.038866 -0.021100 0.006108
v -0.038866 -0.021100 0.006108
v -0.038866 -0.021100 0.006108
v -0.038866 -0.021100 0.006108
v -0.038264 -0.021104 0.005708
v -0.038264 -0.021104 0.005708
v -0.038264 -0.021104 0.005708
v -0.038264 -0.021104 0.005708
v -0.038264 -0.021104 0.005708
v -0.038264 -0.021104 0.005708
v -0.037964 -0.020816 -0.000897
v -0.037964 -0.020816 -0.000897
v 0.039976 -0.020314 0.005954
v 0.039976 -0.020314 0.005954
v 0.039976 -0.020314 0.005954
v 0.039976 -0.020314 0.005954
v 0.039976 -0.020314 0.005954
v 0.039976 -0.020314 0.005954
v 0.039987 -0.020082 0.005695
v 0.039987 -0.020082 0.005695
v 0.039987 -0.020082 0.005695
v 0.039987 -0.020082 0.005695
v 0.039987 -0.020082 0.005695
v 0.039830 -0.020069 0.006509
v 0.039830 -0.020069 0.006509
v 0.039830 -0.020069 0.006509
v 0.039830 -0.020069 0.006509
v 0.039830 -0.020069 0.006509
v 0.039830 -0.020069 0.006509
v 0.039830 -0.020069 0.006509
v 0.039830 -0.020069 0.006509
v -0.010836 -0.019325 -0.009459
v -0.010836 -0.019325 -0.009459
v -0.010836 -0.019325 -0.009459
v -0.012101 -0.019235 -0.009476
v -0.012101 -0.019235 -0.009476
v -0.012101 -0.019235 -0.009476
v -0.012101 -0.019235 -0.009476
v -0.012101 -0.019235 -0.009476
v -0.012101 -0.019235 -0.009476
v -0.012101 -0.019235 -0.009476
v -0.009550 -0.019261 -0.009489
v -0.009550 -0.019261 -0.009489
v -0.009550 -0.019261 -0.009489
v -0.009550 -0.019261 -0.009489
v -0.019288 -0.016602 -0.009406
v -0.020818 -0.015509 -0.009393
v -0.019573 -0.013970 -0.009399
v -0.019573 -0.013970 -0.009399
v -0.010518 0.008145 -0.009287
v -0.040416 -0.020306 0.000874
v -0.040416 -0.020306 0.000874
v -0.040416 -0.020306 0.000874
v -0.040416 -0.020306 0.000874
v -0.040079 -0.011651 0.007395
v -0.040079 -0.011651 0.007395
v -0.040079 -0.011651 0.007395
v -0.040079 -0.011651 0.007395
v -0.040079 -0.011651 0.007395
v -0.040079 -0.011651 0.007395
v -0.039226 -0.011257 0.007521
v -0.039226 -0.011257 0.007521
v -0.039226 -0.011257 0.007521
v -0.039226 -0.011257 0.007521
v -0.039590 -0.020414 0.006421
v -0.039590 -0.020414 0.006421
v -0.039590 -0.020414 0.006421
v -0.039590 -0.020414 0.006421
v -0.039590 -0.020414 0.006421
v -0.039252 0.009566 0.008671
v -0.039252 0.009566 0.008671
v -0.039252 0.009566 0.008671
v -0.039252 0.009566 0.008671
v -0.039252 0.009566 0.008671
v -0.039206 0.008364 0.008560
v -0.039206 0.008364 0.008560
v -0.039206 0.008364 0.008560
v -0.007932 0.020425 -0.007846
v -0.007932 0.020425 -0.007846
v -0.007932 0.020425 -0.007846
v -0.007879 0.020413 -0.008343
v -0.007879 0.020413 -0.008343
v -0.007879 0.020413 -0.008343
v -0.007879 0.020413 -0.008343
v -0.024038 0.020663 -0.001264
v -0.026068 0.020693 -0.001116
v -0.006856 0.020320 -0.008638
v -0.006856 0.020320 -0.008638
v -0.005441 0.020483 -0.006458
v -0.005441 0.020483 -0.006458
v -0.004702 0.020485 -0.006867
v -0.015653 -0.004834 -0.009254
v -0.015653 -0.004834 -0.009254
v -0.015653 -0.004834 -0.009254
v 0.037552 -0.021090 0.001289
v 0.037552 -0.021090 0.001289
v 0.037552 -0.021090 0.001289
v 0.038650 -0.021025 0.000694
v 0.038650 -0.021025 0.000694
v 0.038650 -0.021025 0.000694
v 0.038650 -0.021025 0.000694
v 0.038650 -0.021025 0.000694
v 0.039604 -0.021263 0.003618
v 0.039604 -0.021263 0.003618
v 0.039604 -0.021263 0.003618
v 0.039604 -0.021263 0.003618
v 0.039604 -0.021263 0.003618
v 0.039604 -0.021263 0.003618
v -0.040688 -0.018409 0.002009
v -0.040688 -0.018409 0.002009
v -0.040688 -0.018409 0.002009
v -0.040688 -0.018409 0.002009
v -0.040506 -0.019871 -0.000268
v -0.040506 -0.019871 -0.000268
v -0.040326 -0.020302 0.003603
v -0.040326 -0.020302 0.003603
v -0.040326 -0.020302 0.003603
v -0.040326 -0.020302 0.003603
v -0.040326 -0.020302 0.003603
v -0.037153 -0.021090 0.004476
v -0.037153 -0.021090 0.004476
v -0.010504 0.003111 -0.009375
v -0.008766 0.002923 -0.009379
v -0.008766 0.002923 -0.009379
v -0.014471 -0.004964 -0.009254
v -0.014471 -0.004964 -0.009254
v -0.014471 -0.004964 -0.009254
v -0.019573 -0.020676 -0.006304
v -0.019573 -0.020676 -0.006304
v -0.019573 -0.020676 -0.006304
v -0.019940 -0.020646 -0.007886
v -0.019940 -0.020646 -0.007886
v -0.019940 -0.020646 -0.007886
v -0.019940 -0.020646 -0.007886
v -0.039187 0.005348 0.008459
v -0.039187 0.005348 0.008459
v -0.039187 0.005348 0.008459
v -0.039187 0.005348 0.008459
v -0.039187 0.005348 0.008459
v -0.039187 0.005348 0.008459
v -0.039187 0.005348 0.008459
v -0.039156 0.004500 0.008603
v -0.039156 0.004500 0.008603
v -0.039156 0.004500 0.008603
v -0.039156 0.004500 0.008603
v -0.039156 0.004500 0.008603
v -0.039156 0.004500 0.008603
v 0.000753 -0.011209 -0.009434
v 0.000518 -0.013429 -0.009537
v -0.001614 -0.012918 -0.009487
v -0.026672 -0.021006 0.001454
v -0.027579 -0.021013 0.001838
v -0.028648 -0.021024 0.001813
v -0.010526 -0.020403 -0.008346
v -0.010526 -0.020403 -0.008346
v -0.010526 -0.020403 -0.008346
v -0.010526 -0.020403 -0.008346
v -0.010526 -0.020403 -0.008346
v -0.010407 -0.020507 -0.007783
v -0.010407 -0.020507 -0.007783
v -0.010407 -0.020507 -0.007783
v -0.010407 -0.020507 -0.007783
v -0.010407 -0.020507 -0.007783
v -0.012268 -0.020486 -0.008235
v -0.012268 -0.020486 -0.008235
v -0.012268 -0.020486 -0.008235
v -0.012268 -0.020486 -0.008235
v -0.012268 -0.020486 -0.008235
v -0.012268 -0.020486 -0.008235
v -0.017854 -0.020632 -0.007139
v -0.017854 -0.020632 -0.007139
v -0.018277 -0.020667 -0.006200
v -0.018277 -0.020667 -0.006200
v 0.038906 -0.012885 0.008382
v 0.038906 -0.012885 0.008382
v 0.038906 -0.012885 0.008382
v 0.038906 -0.012885 0.008382
v 0.038906 -0.012885 0.008382
v 0.038906 -0.012885 0.008382
v 0.038947 -0.011193 0.008407
v 0.038947 -0.011193 0.008407
v 0.037832 -0.012413 0.008489
v 0.037832 -0.012413 0.008489
v 0.037832 -0.012413 0.008489
v 0.037832 -0.012413 0.008489
v -0.009694 -0.019955 -0.008969
v -0.009694 -0.019955 -0.008969
v -0.009694 -0.019955 -0.008969
v -0.009694 -0.019955 -0.008969
v -0.009694 -0.019955 -0.008969
v -0.009694 -0.019955 -0.008969
v -0.011790 -0.020095 -0.008827
v -0.011790 -0.020095 -0.008827
v -0.011790 -0.020095 -0.008827
v -0.010823 -0.019702 -0.009264
v -0.010823 -0.019702 -0.009264
v -0.017699 -0.014112 -0.009422
v -0.017699 -0.014112 -0.009422
v -0.017699 -0.014112 -0.009422
v -0.039021 0.002639 0.007805
v -0.039021 0.002639 0.007805
v -0.039021 0.002639 0.007805
v -0.039021 0.002639 0.007805
v -0.010785 -0.006148 -0.009250
v -0.009777 -0.007458 -0.009274
v -0.039787 -0.002726 0.007590
v -0.039787 -0.002726 0.007590
v -0.039787 -0.002726 0.007590
v -0.039375 -0.001891 0.007657
v -0.039375 -0.001891 0.007657
v -0.039375 -0.001891 0.007657
v -0.039375 -0.001891 0.007657
v -0.039375 -0.001891 0.007657
v -0.040537 -0.013205 0.007244
v -0.040537 -0.013205 0.007244
v -0.040537 -0.013205 0.007244
v -0.040537 -0.013205 0.007244
v -0.040537 -0.013205 0.007244
v -0.040508 -0.018142 0.007169
v -0.040508 -0.018142 0.007169
v -0.040508 -0.018142 0.007169
v -0.040508 -0.018142 0.007169
v -0.040508 -0.018142 0.007169
v -0.040412 -0.017050 0.007311
v -0.040412 -0.017050 0.007311
v -0.040412 -0.017050 0.007311
v -0.040412 -0.017050 0.007311
v -0.040412 -0.017050 0.007311
v -0.040412 -0.017050 0.007311
v -0.040412 -0.017050 0.007311
v -0.008040 0.008039 -0.009300
v -0.024723 -0.004404 -0.009372
v -0.024150 -0.003576 -0.009367
v -0.024150 -0.003576 -0.009367
v -0.024150 -0.003576 -0.009367
v -0.023862 -0.004373 -0.009353
v -0.023862 -0.004373 -0.009353
v -0.040753 -0.007034 0.005647
v -0.040753 -0.007034 0.005647
v -0.040753 -0.007034 0.005647
v -0.040760 -0.009581 0.006155
v -0.040760 -0.009581 0.006155
v -0.040760 -0.009581 0.006155
v -0.040760 -0.009581 0.006155
v -0.040293 0.018634 0.007039
v -0.040293 0.018634 0.007039
v -0.040731 0.002203 0.006834
v -0.040731 0.002203 0.006834
v -0.040731 0.002203 0.006834
v -0.040731 0.002203 0.006834
v -0.039310 0.020396 0.007255
v -0.039310 0.020396 0.007255
v -0.040003 -0.003762 0.007542
v -0.040003 -0.003762 0.007542
v -0.040003 -0.003762 0.007542
v -0.040003 -0.003762 0.007542
v -0.040003 -0.003762 0.007542
v -0.040003 -0.003762 0.007542
v -0.040003 -0.003762 0.007542
v -0.039331 -0.006337 0.007600
v -0.039331 -0.006337 0.007600
v -0.039331 -0.006337 0.007600
v -0.039259 -0.003051 0.007680
v -0.039259 -0.003051 0.007680
v -0.039259 -0.003051 0.007680
v -0.039259 -0.003051 0.007680
v -0.039259 -0.003051 0.007680
v -0.039259 -0.003051 0.007680
v -0.039259 -0.003051 0.007680
v -0.039259 -0.003051 0.007680
v -0.039382 -0.005283 0.007615
v -0.039382 -0.005283 0.007615
v -0.039382 -0.005283 0.007615
v -0.014215 -0.014446 -0.009485
v -0.014215 -0.014446 -0.009485
v -0.012333 -0.014434 -0.009499
v -0.012333 -0.014434 -0.009499
v -0.012333 -0.014434 -0.009499
v -0.012333 -0.014434 -0.009499
v -0.020549 -0.019687 -0.009321
v -0.020549 -0.019687 -0.009321
v -0.020549 -0.019687 -0.009321
v -0.020549 -0.019687 -0.009321
v -0.020549 -0.019687 -0.009321
v -0.020549 -0.019687 -0.009321
v -0.020549 -0.019687 -0.009321
v -0.020050 -0.019428 -0.009398
v -0.020050 -0.019428 -0.009398
v -0.020050 -0.019428 -0.009398
v -0.020050 -0.019428 -0.009398
v -0.020050 -0.019428 -0.009398
v -0.039927 0.002723 0.007438
v -0.039927 0.002723 0.007438
v -0.039927 0.002723 0.007438
v -0.015049 -0.020597 -0.007916
v -0.015049 -0.020597 -0.007916
v -0.015049 -0.020597 -0.007916
v -0.015049 -0.020597 -0.007916
v -0.015049 -0.020597 -0.007916
v -0.016120 -0.020615 -0.007752
v -0.016120 -0.020615 -0.007752
v -0.016120 -0.020615 -0.007752
v -0.017242 -0.020625 -0.007829
v -0.017242 -0.020625 -0.007829
v -0.017242 -0.020625 -0.007829
v -0.024330 -0.020381 -0.008640
v -0.024330 -0.020381 -0.008640
v -0.024330 -0.020381 -0.008640
v -0.021673 -0.020689 -0.007789
v -0.021673 -0.020689 -0.007789
v -0.040203 0.012695 -0.008786
v -0.040203 0.012695 -0.008786
v -0.040203 0.012695 -0.008786
v -0.040121 0.013206 -0.009068
v -0.040121 0.013206 -0.009068
v -0.040121 0.013206 -0.009068
v -0.040121 0.013206 -0.009068
v -0.040040 0.011475 -0.009090
v -0.040040 0.011475 -0.009090
v -0.040040 0.011475 -0.009090
v -0.040040 0.011475 -0.009090
v -0.040040 0.011475 -0.009090
v -0.040040 0.011475 -0.009090
v -0.040040 0.011475 -0.009090
v -0.040040 0.011475 -0.009090
v -0.022601 0.020500 -0.005525
v -0.024344 0.020512 -0.005510
v -0.023058 0.020561 -0.004118
v -0.039231 0.010740 0.008630
v -0.039231 0.010740 0.008630
v -0.039231 0.010740 0.008630
v -0.039231 0.010740 0.008630
v -0.035821 0.012491 0.009091
v -0.035821 0.012491 0.009091
v -0.036323 0.015304 0.009155
v -0.036323 0.015304 0.009155
v -0.037637 0.012067 0.008990
v -0.037637 0.012067 0.008990
v -0.037637 0.012067 0.008990
v -0.040791 -0.012927 0.002684
v -0.040776 -0.013498 0.001720
v -0.040783 -0.013955 0.003005
v 0.039076 -0.009569 0.008419
v 0.039076 -0.009569 0.008419
v 0.039076 -0.009569 0.008419
v 0.039076 -0.009569 0.008419
v 0.039076 -0.009569 0.008419
v 0.039076 -0.009569 0.008419
v 0.039076 -0.009569 0.008419
v 0.039076 -0.009569 0.008419
v 0.039076 -0.009569 0.008419
v 0.039076 -0.009569 0.008419
v 0.038148 -0.009862 0.008484
v -0.037349 0.018555 0.009240
v -0.037349 0.018555 0.009240
v -0.003631 0.013533 -0.009125
v -0.002248 0.014609 -0.009073
v -0.014209 0.000318 -0.009374
v -0.014209 0.000318 -0.009374
v -0.039136 0.007025 0.008437
v -0.039136 0.007025 0.008437
v -0.039136 0.007025 0.008437
v -0.039136 0.007025 0.008437
v -0.039136 0.007025 0.008437
v -0.039136 0.007025 0.008437
v -0.039136 0.007025 0.008437
v -0.039136 0.007025 0.008437
v -0.039134 0.008357 0.008184
v -0.039134 0.008357 0.008184
v -0.039134 0.008357 0.008184
v -0.039134 0.008357 0.008184
v -0.039134 0.008357 0.008184
v -0.039652 -0.020376 0.005472
v -0.039882 -0.020302 0.004484
v -0.040308 -0.020294 0.001606
v -0.040308 -0.020294 0.001606
v -0.040308 -0.020294 0.001606
v -0.040308 -0.020294 0.001606
v -0.040308 -0.020294 0.001606
v -0.039964 -0.020203 0.001492
v -0.039964 -0.020203 0.001492
v -0.039964 -0.020203 0.001492
v -0.039964 -0.020203 0.001492
v -0.039964 -0.020203 0.001492
v -0.039981 -0.020220 0.002133
v -0.039981 -0.020220 0.002133
v -0.039981 -0.020220 0.002133
v -0.039981 -0.020220 0.002133
v -0.039981 -0.020220 0.002133
v -0.039981 -0.020220 0.002133
v -0.039981 -0.020220 0.002133
v -0.039981 -0.020220 0.002133
v -0.021033 -0.020673 -0.007704
v -0.021033 -0.020673 -0.007704
v -0.021033 -0.020673 -0.007704
v -0.005786 0.010211 -0.009246
v -0.005731 0.010733 -0.009232
v -0.039051 0.008828 0.008014
v -0.039051 0.008828 0.008014
v -0.039051 0.008828 0.008014
v -0.034802 -0.021089 0.003540
v -0.034802 -0.021089 0.003540
v -0.034071 -0.021086 0.001989
v -0.040593 -0.005460 0.007136
v -0.040593 -0.005460 0.007136
v -0.039022 0.005814 0.007726
v -0.039022 0.005814 0.007726
v -0.039022 0.005814 0.007726
v -0.039080 0.005348 0.007877
v -0.039080 0.005348 0.007877
v -0.039080 0.005348 0.007877
v -0.039080 0.005348 0.007877
v -0.039080 0.005348 0.007877
v -0.039080 0.005348 0.007877
v -0.039728 0.001841 0.007508
v -0.039311 0.002421 0.007578
v -0.039311 0.002421 0.007578
v -0.039311 0.002421 0.007578
v -0.039311 0.002421 0.007578
v -0.029707 -0.021030 0.002325
v -0.039048 -0.002894 0.007838
v -0.039048 -0.002894 0.007838
v -0.039048 -0.002894 0.007838
v -0.039048 -0.002894 0.007838
v -0.039048 -0.002894 0.007838
v -0.039057 -0.005495 0.007879
v -0.039057 -0.005495 0.007879
v -0.039057 -0.005495 0.007879
v -0.039057 -0.005495 0.007879
v -0.039057 -0.005495 0.007879
v -0.039057 -0.005495 0.007879
v -0.039027 -0.003651 0.007951
v -0.039027 -0.003651 0.007951
v -0.039027 -0.003651 0.007951
v -0.039027 -0.003651 0.007951
v -0.039027 -0.003651 0.007951
v -0.039131 0.006395 0.008613
v -0.039131 0.006395 0.008613
v -0.039131 0.006395 0.008613
v -0.039131 0.006395 0.008613
v -0.009529 -0.001472 -0.009306
v -0.026302 -0.020998 0.000070
v -0.027121 -0.021007 0.000087
v -0.039021 0.003407 0.007816
v -0.039021 0.003407 0.007816
v -0.039021 0.003407 0.007816
v -0.039021 0.003407 0.007816
v -0.039021 0.003407 0.007816
v -0.039021 0.003407 0.007816
v -0.039089 0.003645 0.007992
v -0.039089 0.003645 0.007992
v -0.039089 0.003645 0.007992
v -0.014295 -0.018184 -0.009469
v -0.030075 -0.020915 -0.004275
v -0.031027 -0.020890 -0.005056
v -0.012512 -0.020563 -0.007831
v -0.012512 -0.020563 -0.007831
v -0.012512 -0.020563 -0.007831
v -0.012694 -0.020562 -0.007213
v -0.012694 -0.020562 -0.007213
v -0.013285 -0.020581 -0.007818
v -0.013285 -0.020581 -0.007818
v -0.013285 -0.020581 -0.007818
v -0.009688 -0.012035 -0.009400
v 0.038340 -0.020443 0.007632
v 0.038340 -0.020443 0.007632
v 0.038340 -0.020443 0.007632
v 0.038183 -0.020226 0.007850
v 0.038183 -0.020226 0.007850
v 0.038183 -0.020226 0.007850
v -0.009691 0.000251 -0.009346
v -0.010208 -0.020638 -0.004276
v -0.009360 -0.020612 -0.004405
v -0.009158 -0.020651 -0.003616
v -0.017868 -0.008732 -0.009286
v -0.017868 -0.008732 -0.009286
v -0.009894 -0.020502 -0.007370
v -0.011003 -0.020527 -0.007104
v -0.011003 -0.020527 -0.007104
v -0.011003 -0.020527 -0.007104
v -0.009732 -0.005444 -0.009244
v -0.009732 -0.005444 -0.009244
v -0.016694 0.020576 -0.000404
v -0.003678 0.020499 -0.008293
v -0.003678 0.020499 -0.008293
v -0.003678 0.020499 -0.008293
v -0.003678 0.020499 -0.008293
v -0.023651 0.020440 -0.007194
v -0.010654 -0.009237 -0.009314
v -0.008907 -0.010183 -0.009343
v 0.040135 -0.020748 0.006394
v 0.040135 -0.020748 0.006394
v 0.040135 -0.020748 0.006394
v 0.040135 -0.020748 0.006394
v 0.040135 -0.020748 0.006394
v 0.040135 -0.020748 0.006394
v -0.012000 -0.019669 -0.009311
v -0.012000 -0.019669 -0.009311
v -0.012000 -0.019669 -0.009311
v -0.012000 -0.019669 -0.009311
v -0.012000 -0.019669 -0.009311
v -0.012000 -0.019669 -0.009311
v -0.012000 -0.019669 -0.009311
v -0.012000 -0.019669 -0.009311
v -0.013805 -0.019959 -0.009020
v -0.013805 -0.019959 -0.009020
v -0.013805 -0.019959 -0.009020
v -0.002212 0.012672 -0.009151
v -0.007900 0.007315 -0.009315
v -0.036158 0.018109 0.009264
v -0.031780 0.004638 0.009052
v -0.033133 0.005018 0.009037
v -0.033818 0.003459 0.008993
v 0.039268 -0.017400 0.007263
v 0.039268 -0.017400 0.007263
v 0.039268 -0.017400 0.007263
v 0.039268 -0.017400 0.007263
v -0.039784 -0.006493 0.007525
v -0.039784 -0.006493 0.007525
v -0.039784 -0.006493 0.007525
v -0.039784 -0.006493 0.007525
v -0.039784 -0.006493 0.007525
v -0.039784 -0.006493 0.007525
v -0.039784 -0.006493 0.007525
v -0.039775 -0.008381 0.007487
v -0.039069 -0.011630 0.007560
v -0.039069 -0.011630 0.007560
v -0.039069 -0.011630 0.007560
v -0.039069 -0.011630 0.007560
v -0.039069 -0.011630 0.007560
v -0.039069 -0.011630 0.007560
v -0.039069 -0.011630 0.007560
v -0.039199 -0.014266 0.007556
v -0.039199 -0.014266 0.007556
v -0.039184 -0.015421 0.007570
v -0.039184 -0.015421 0.007570
v -0.039184 -0.015421 0.007570
v -0.039184 -0.015421 0.007570
v -0.039184 -0.015421 0.007570
v -0.019770 -0.020804 -0.003963
v 0.039011 -0.015333 0.008319
v 0.039011 -0.015333 0.008319
v 0.039011 -0.015333 0.008319
v 0.039011 -0.015333 0.008319
v -0.040326 -0.006155 0.007404
v -0.040326 -0.006155 0.007404
v -0.040326 -0.006155 0.007404
v -0.040326 -0.006155 0.007404
v -0.040326 -0.006155 0.007404
v -0.040342 -0.004427 0.007410
v -0.040342 -0.004427 0.007410
v -0.040342 -0.004427 0.007410
v -0.006024 0.009447 -0.009265
v -0.005195 0.008971 -0.009276
v -0.039302 -0.009019 0.007546
v -0.039302 -0.009019 0.007546
v -0.039188 -0.010379 0.007539
v -0.039188 -0.010379 0.007539
v -0.039188 -0.010379 0.007539
v -0.039188 -0.010379 0.007539
v -0.039188 -0.010379 0.007539
v -0.039188 -0.010379 0.007539
v -0.039188 -0.010379 0.007539
v -0.039188 -0.010379 0.007539
v -0.004840 0.010301 -0.009245
v -0.012588 -0.018635 -0.009481
v -0.039458 0.020084 -0.005777
v -0.039458 0.020084 -0.005777
v -0.039458 0.020084 -0.005777
v -0.039458 0.020084 -0.005777
v -0.039458 0.020084 -0.005777
v -0.040646 -0.016228 0.006908
v -0.040646 -0.016228 0.006908
v -0.040646 -0.016228 0.006908
v -0.040646 -0.016228 0.006908
v -0.040646 -0.016228 0.006908
v -0.040578 -0.018566 0.006762
v -0.040578 -0.018566 0.006762
v -0.040578 -0.018566 0.006762
v -0.040578 -0.018566 0.006762
v -0.040448 -0.019955 0.006899
v -0.040448 -0.019955 0.006899
v -0.040448 -0.019955 0.006899
v -0.040448 -0.019955 0.006899
v -0.040448 -0.019955 0.006899
v -0.040595 -0.019549 0.006065
v -0.040595 -0.019549 0.006065
v -0.040595 -0.019549 0.006065
v -0.040595 -0.019549 0.006065
v -0.040595 -0.019549 0.006065
v -0.040595 -0.019549 0.006065
v -0.038066 -0.021089 0.007401
v -0.038066 -0.021089 0.007401
v -0.038066 -0.021089 0.007401
v -0.038066 -0.021089 0.007401
v -0.038066 -0.021089 0.007401
v -0.038066 -0.021089 0.007401
v -0.038688 -0.020954 0.007519
v -0.038688 -0.020954 0.007519
v -0.038688 -0.020954 0.007519
v -0.038688 -0.020954 0.007519
v -0.038688 -0.020954 0.007519
v -0.038688 -0.020954 0.007519
v -0.038688 -0.020954 0.007519
v -0.038724 -0.021099 0.006824
v -0.038724 -0.021099 0.006824
v -0.038724 -0.021099 0.006824
v -0.038724 -0.021099 0.006824
v -0.040653 -0.013502 0.007011
v -0.040653 -0.013502 0.007011
v -0.040653 -0.013502 0.007011
v -0.040653 -0.013502 0.007011
v -0.036514 -0.020972 -0.000346
v -0.036514 -0.020972 -0.000346
v -0.035801 -0.021024 0.000100
v -0.035801 -0.021024 0.000100
v -0.039078 0.002093 0.007835
v -0.039078 0.002093 0.007835
v -0.039078 0.002093 0.007835
v -0.039078 0.002093 0.007835
v -0.039078 0.002093 0.007835
v -0.039078 0.002093 0.007835
v -0.039078 0.002093 0.007835
v -0.008465 -0.002202 -0.009298
v -0.008465 -0.002202 -0.009298
v -0.008465 -0.002202 -0.009298
v -0.008465 -0.002202 -0.009298
v -0.008678 -0.003096 -0.009279
v -0.009310 -0.002718 -0.009279
v -0.038967 -0.020888 0.003638
v -0.038967 -0.020888 0.003638
v -0.007318 0.000908 -0.009368
v -0.007751 0.000147 -0.009355
v -0.009482 0.001692 -0.009374
v -0.013011 -0.019585 -0.009369
v -0.013011 -0.019585 -0.009369
v -0.013011 -0.019585 -0.009369
v -0.013797 -0.019635 -0.009360
v -0.013797 -0.019635 -0.009360
v -0.013797 -0.019635 -0.009360
v -0.013797 -0.019635 -0.009360
v -0.013797 -0.019635 -0.009360
v -0.032044 -0.021065 0.002361
v -0.019388 0.020574 -0.002012
v -0.017956 -0.018613 -0.009416
v -0.017956 -0.018613 -0.009416
v -0.017956 -0.018613 -0.009416
v -0.035896 -0.020788 -0.004961
v -0.035896 -0.020788 -0.004961
v -0.035896 -0.020788 -0.004961
v -0.039057 -0.002829 0.008279
v -0.039057 -0.002829 0.008279
v -0.039057 -0.002829 0.008279
v -0.039057 -0.002829 0.008279
v -0.039057 -0.002829 0.008279
v -0.039067 -0.003884 0.008307
v -0.039067 -0.003884 0.008307
v -0.039067 -0.003884 0.008307
v -0.039052 -0.003934 0.008515
v -0.039052 -0.003934 0.008515
v -0.039052 -0.003934 0.008515
v -0.039052 -0.003934 0.008515
v -0.039052 -0.003934 0.008515
v -0.039052 -0.003934 0.008515
v -0.039037 0.001053 0.007919
v -0.039037 0.001053 0.007919
v -0.039037 0.001053 0.007919
v -0.039037 0.001053 0.007919
v -0.039920 -0.004948 0.007532
v -0.039920 -0.004948 0.007532
v -0.038329 -0.020832 0.000126
v -0.038329 -0.020832 0.000126
v -0.038329 -0.020832 0.000126
v -0.038329 -0.020832 0.000126
v -0.038329 -0.020832 0.000126
v -0.038329 -0.020832 0.000126
v -0.038329 -0.020832 0.000126
v -0.038329 -0.020832 0.000126
v -0.037963 -0.020583 -0.004678
v -0.037963 -0.020583 -0.004678
v -0.037963 -0.020583 -0.004678
v -0.037963 -0.020583 -0.004678
v -0.037963 -0.020583 -0.004678
v -0.037963 -0.020583 -0.004678
v -0.037963 -0.020583 -0.004678
v -0.039124 -0.020055 0.008144
v -0.039124 -0.020055 0.008144
v -0.039124 -0.020055 0.008144
v -0.039124 -0.020055 0.008144
v -0.039175 -0.019885 0.008397
v -0.039175 -0.019885 0.008397
v -0.039175 -0.019885 0.008397
v -0.039175 -0.019885 0.008397
v -0.039175 -0.019885 0.008397
v -0.039175 -0.019885 0.008397
v -0.039175 -0.019885 0.008397
v -0.039112 -0.019633 0.008186
v -0.039112 -0.019633 0.008186
v -0.039112 -0.019633 0.008186
v -0.038972 -0.020739 0.001916
v -0.038972 -0.020739 0.001916
v -0.038972 -0.020739 0.001916
v -0.038972 -0.020739 0.001916
v -0.038972 -0.020739 0.001916
v -0.038899 -0.020886 0.002828
v -0.038899 -0.020886 0.002828
v -0.038899 -0.020886 0.002828
v -0.038899 -0.020886 0.002828
v -0.038899 -0.020886 0.002828
v 0.039082 -0.012895 0.007228
v 0.039082 -0.012895 0.007228
v 0.039082 -0.012895 0.007228
v 0.039082 -0.012895 0.007228
v 0.039082 -0.012895 0.007228
v 0.039082 -0.012895 0.007228
v 0.039082 -0.012895 0.007228
v 0.039082 -0.012895 0.007228
v 0.039103 -0.013886 0.007241
v 0.039103 -0.013886 0.007241
v 0.039103 -0.013886 0.007241
v 0.039103 -0.013886 0.007241
v -0.040720 -0.011102 0.006897
v -0.040720 -0.011102 0.006897
v -0.040720 -0.011102 0.006897
v -0.040720 -0.011102 0.006897
v -0.040720 -0.011102 0.006897
v -0.040720 -0.011102 0.006897
v -0.040720 -0.011102 0.006897
v -0.038463 -0.020904 0.001469
v -0.038463 -0.020904 0.001469
v -0.038463 -0.020904 0.001469
v -0.037871 -0.020940 0.001236
v -0.037871 -0.020940 0.001236
v -0.039561 -0.020302 0.003049
v -0.039561 -0.020302 0.003049
v -0.031276 0.020862 0.003854
v -0.033306 0.020896 0.003471
v -0.035507 0.020943 0.003589
v -0.033924 -0.021075 0.004719
v -0.034410 0.020946 0.005223
v -0.032561 0.007314 0.009092
v -0.015518 0.020579 0.000425
v -0.039096 0.005624 0.008717
v -0.039096 0.005624 0.008717
v -0.039096 0.005624 0.008717
v -0.039096 0.005624 0.008717
v -0.039096 0.005624 0.008717
v -0.038649 0.004972 0.008799
v -0.038649 0.004972 0.008799
v -0.038710 0.006748 0.008833
v -0.038710 0.006748 0.008833
v -0.038710 0.006748 0.008833
v -0.038710 0.006748 0.008833
v -0.038710 0.006748 0.008833
v -0.039949 0.019788 -0.009075
v -0.039949 0.019788 -0.009075
v -0.039949 0.019788 -0.009075
v -0.039949 0.019788 -0.009075
v -0.039949 0.019788 -0.009075
v -0.039949 0.019788 -0.009075
v -0.039203 0.019485 -0.009104
v -0.039203 0.019485 -0.009104
v -0.039203 0.019485 -0.009104
v -0.039824 0.018981 -0.009135
v -0.039824 0.018981 -0.009135
v -0.039824 0.018981 -0.009135
v -0.039824 0.018981 -0.009135
v -0.039824 0.018981 -0.009135
v -0.007011 0.009174 -0.009272
v -0.009019 -0.003640 -0.009267
v -0.008243 -0.003587 -0.009274
v 0.039340 -0.020152 0.007302
v 0.039340 -0.020152 0.007302
v 0.039340 -0.020152 0.007302
v 0.039340 -0.020152 0.007302
v 0.039068 -0.011539 0.007192
v 0.039068 -0.011539 0.007192
v 0.039068 -0.011539 0.007192
v 0.039068 -0.011539 0.007192
v 0.039068 -0.011539 0.007192
v 0.039068 -0.011539 0.007192
v 0.039090 -0.010871 0.007279
v 0.039090 -0.010871 0.007279
v 0.039090 -0.010871 0.007279
v 0.039090 -0.010871 0.007279
v 0.039090 -0.010871 0.007279
v 0.039090 -0.010871 0.007279
v 0.039194 -0.011224 0.007512
v 0.039194 -0.011224 0.007512
v 0.039194 -0.011224 0.007512
v 0.039194 -0.011224 0.007512
v 0.039194 -0.011224 0.007512
v 0.039194 -0.011224 0.007512
v -0.003418 0.010101 -0.009255
v -0.004393 0.009474 -0.009266
v -0.039044 -0.001178 0.007864
v -0.039044 -0.001178 0.007864
v -0.039044 -0.001178 0.007864
v -0.039044 -0.001178 0.007864
v -0.039044 -0.001178 0.007864
v -0.039042 -0.000226 0.007936
v -0.039042 -0.000226 0.007936
v -0.006591 -0.002969 -0.009271
v -0.006591 -0.002969 -0.009271
v -0.007124 -0.003203 -0.009273
v -0.007919 -0.003105 -0.009280
v -0.039049 0.002302 0.008134
v -0.039049 0.002302 0.008134
v -0.039049 0.002302 0.008134
v -0.039049 0.002302 0.008134
v -0.039049 0.002302 0.008134
v -0.039083 0.001782 0.008003
v -0.039083 0.001782 0.008003
v -0.039083 0.001782 0.008003
v -0.039083 0.001782 0.008003
v -0.039083 0.001782 0.008003
v -0.039079 0.001406 0.008225
v -0.039079 0.001406 0.008225
v -0.039079 0.001406 0.008225
v -0.039079 0.001406 0.008225
v -0.039079 0.001406 0.008225
v -0.039079 0.001406 0.008225
v -0.039079 0.001406 0.008225
v -0.040934 0.009494 0.006879
v -0.040934 0.009494 0.006879
v -0.040934 0.009494 0.006879
v 0.040033 -0.021310 0.006058
v 0.040033 -0.021310 0.006058
v 0.040033 -0.021310 0.006058
v 0.040015 -0.021256 0.005198
v 0.040015 -0.021256 0.005198
v 0.040015 -0.021256 0.005198
v 0.040015 -0.021256 0.005198
v 0.040015 -0.021256 0.005198
v 0.040015 -0.021256 0.005198
v 0.040015 -0.021256 0.005198
v 0.040015 -0.021256 0.005198
v -0.040668 -0.017286 0.000296
v -0.040668 -0.017286 0.000296
v -0.040668 -0.017286 0.000296
v -0.040472 -0.018875 -0.002107
v -0.040472 -0.018875 -0.002107
v -0.040472 -0.018875 -0.002107
v -0.040472 -0.018875 -0.002107
v -0.040445 -0.020077 -0.001539
v -0.040445 -0.020077 -0.001539
v -0.040445 -0.020077 -0.001539
v -0.040445 -0.020077 -0.001539
v -0.040445 -0.020077 -0.001539
v -0.040445 -0.020077 -0.001539
v -0.040445 -0.020077 -0.001539
v -0.039080 0.000366 0.008354
v -0.039080 0.000366 0.008354
v -0.039080 0.000366 0.008354
v -0.039080 0.000366 0.008354
v -0.039080 0.000366 0.008354
v -0.039080 0.000366 0.008354
v -0.039080 0.000366 0.008354
v -0.039050 0.000620 0.008066
v -0.039050 0.000620 0.008066
v -0.039050 0.000620 0.008066
v -0.041096 0.010212 0.000174
v -0.041069 0.009096 -0.000084
v -0.041064 0.008237 0.000235
v -0.041064 0.008237 0.000235
v -0.007165 -0.001358 -0.009311
v -0.007165 -0.001358 -0.009311
v -0.007165 -0.001358 -0.009311
v -0.007725 -0.001187 -0.009322
v -0.040820 0.010133 0.007042
v -0.039602 -0.010459 0.007472
v -0.039538 -0.004015 0.007617
v -0.039538 -0.004015 0.007617
v -0.022001 0.020412 -0.007830
v -0.022552 0.020439 -0.007079
v -0.039137 -0.001028 0.007718
v -0.039137 -0.001028 0.007718
v -0.039137 -0.001028 0.007718
v -0.039137 -0.001028 0.007718
v -0.039031 -0.006095 0.008584
v -0.039031 -0.006095 0.008584
v -0.039031 -0.006095 0.008584
v -0.039031 -0.006095 0.008584
v -0.039031 -0.006095 0.008584
v -0.039031 -0.006095 0.008584
v -0.039031 -0.006095 0.008584
v -0.039031 -0.006095 0.008584
v -0.039059 -0.005343 0.008496
v -0.039059 -0.005343 0.008496
v -0.039059 -0.005343 0.008496
v -0.039060 -0.006050 0.008304
v -0.039060 -0.006050 0.008304
v -0.039060 -0.006050 0.008304
v -0.039060 -0.006050 0.008304
v -0.039060 -0.006050 0.008304
v -0.009836 -0.003175 -0.009267
v -0.009836 -0.003175 -0.009267
v -0.040384 -0.020286 0.002413
v -0.040384 -0.020286 0.002413
v -0.040384 -0.020286 0.002413
v -0.040384 -0.020286 0.002413
v -0.004029 -0.007557 -0.009285
v -0.009547 0.020462 -0.005202
v -0.015179 -0.006172 -0.009261
v -0.040922 0.001827 0.002752
v -0.039059 -0.021001 0.005694
v -0.039059 -0.021001 0.005694
v -0.039059 -0.021001 0.005694
v -0.039059 -0.021001 0.005694
v -0.039059 -0.021001 0.005694
v -0.039059 -0.021001 0.005694
v -0.039059 -0.021001 0.005694
v 0.040163 -0.021014 0.006651
v 0.040163 -0.021014 0.006651
v 0.040163 -0.021014 0.006651
v 0.040163 -0.021014 0.006651
v 0.040163 -0.021014 0.006651
v 0.040173 -0.020941 0.005460
v 0.040173 -0.020941 0.005460
v 0.040173 -0.020941 0.005460
v 0.040173 -0.020941 0.005460
v 0.040173 -0.020941 0.005460
v 0.040158 -0.020620 0.002833
v 0.040158 -0.020620 0.002833
v 0.040158 -0.020620 0.002833
v 0.040158 -0.020620 0.002833
v 0.040158 -0.020620 0.002833
v 0.040158 -0.020620 0.002833
v 0.040158 -0.020620 0.002833
v 0.040158 -0.020620 0.002833
v 0.040157 -0.020682 0.004202
v 0.040157 -0.020682 0.004202
v 0.040157 -0.020682 0.004202
v 0.040157 -0.020682 0.004202
v -0.010480 0.020244 -0.008747
v -0.010480 0.020244 -0.008747
v -0.010480 0.020244 -0.008747
v -0.006795 0.018781 -0.008898
v -0.006795 0.018781 -0.008898
v -0.006795 0.018781 -0.008898
v -0.006795 0.018781 -0.008898
v -0.039844 -0.016879 0.007483
v -0.039844 -0.016879 0.007483
v -0.039844 -0.016879 0.007483
v -0.039844 -0.016879 0.007483
v -0.039844 -0.016879 0.007483
v -0.039844 -0.016879 0.007483
v -0.039844 -0.016879 0.007483
v -0.039117 -0.018082 0.007651
v -0.039117 -0.018082 0.007651
v -0.039117 -0.018082 0.007651
v -0.039117 -0.018082 0.007651
v -0.039117 -0.018082 0.007651
v -0.039117 -0.018082 0.007651
v -0.039117 -0.018082 0.007651
v -0.039164 -0.017123 0.007605
v -0.039164 -0.017123 0.007605
v -0.039164 -0.017123 0.007605
v -0.039164 -0.017123 0.007605
v -0.011406 0.019910 -0.008880
v -0.011406 0.019910 -0.008880
v -0.011406 0.019910 -0.008880
v -0.031707 0.002710 0.009004
v -0.030720 0.004167 0.009059
v 0.038595 -0.020630 0.007560
v 0.038595 -0.020630 0.007560
v 0.038595 -0.020630 0.007560
v 0.038595 -0.020630 0.007560
v 0.038595 -0.020630 0.007560
v -0.013862 -0.020774 -0.002737
v -0.016226 -0.020818 -0.002617
v -0.014744 -0.020759 -0.003503
v -0.022530 -0.020986 0.001568
v -0.023554 -0.020990 0.001365
v -0.010860 0.020490 -0.003797
v -0.011582 -0.020538 -0.007816
v -0.011582 -0.020538 -0.007816
v -0.011582 -0.020538 -0.007816
v -0.011582 -0.020538 -0.007816
v -0.015219 0.009119 -0.009266
v 0.039964 -0.019474 0.006176
v 0.039964 -0.019474 0.006176
v 0.039964 -0.019474 0.006176
v 0.039964 -0.019474 0.006176
v 0.039964 -0.019474 0.006176
v 0.039841 -0.016926 0.006767
v 0.039841 -0.016926 0.006767
v 0.039841 -0.016926 0.006767
v 0.039841 -0.016926 0.006767
v 0.039841 -0.016926 0.006767
v 0.039841 -0.016926 0.006767
v -0.038627 0.003049 0.008769
v -0.038627 0.003049 0.008769
v -0.038627 0.003049 0.008769
v -0.038627 0.003049 0.008769
v -0.038627 0.003049 0.008769
v -0.038627 0.003049 0.008769
v -0.038627 0.003049 0.008769
v -0.010706 -0.011148 -0.009362
v -0.010800 -0.014068 -0.009488
v -0.010800 -0.014068 -0.009488
v -0.032092 0.020839 0.001642
v -0.029260 0.020804 0.001901
v -0.026586 0.020739 0.000268
v -0.011920 0.020577 0.000465
v -0.012945 0.020596 0.001711
v -0.012167 0.020616 0.002162
v -0.012167 0.020616 0.002162
v -0.005615 0.006650 -0.009328
v -0.007425 -0.019707 -0.009294
v -0.007425 -0.019707 -0.009294
v -0.007425 -0.019707 -0.009294
v -0.006170 -0.019727 -0.009293
v -0.006170 -0.019727 -0.009293
v -0.006170 -0.019727 -0.009293
v -0.006170 -0.019727 -0.009293
v -0.006170 -0.019727 -0.009293
v -0.006170 -0.019727 -0.009293
v -0.006170 -0.019727 -0.009293
v -0.001866 0.017643 -0.008925
v -0.030240 0.020565 0.008371
v -0.030240 0.020565 0.008371
v -0.030240 0.020565 0.008371
v -0.030240 0.020565 0.008371
v -0.030240 0.020565 0.008371
v -0.030240 0.020565 0.008371
v -0.028989 0.020420 0.008562
v -0.027655 0.020493 0.008481
v -0.027655 0.020493 0.008481
v -0.027655 0.020493 0.008481
v -0.027655 0.020493 0.008481
v -0.027655 0.020493 0.008481
v -0.027655 0.020493 0.008481
v -0.027655 0.020493 0.008481
v 0.039122 -0.014862 0.007309
v 0.039122 -0.014862 0.007309
v 0.039122 -0.014862 0.007309
v 0.039122 -0.014862 0.007309
v 0.039122 -0.014862 0.007309
v 0.039122 -0.014862 0.007309
v 0.039096 -0.013432 0.007307
v 0.039096 -0.013432 0.007307
v 0.039096 -0.013432 0.007307
v 0.039096 -0.013432 0.007307
v 0.039096 -0.013432 0.007307
v 0.039096 -0.013432 0.007307
v 0.039096 -0.013432 0.007307
v 0.039187 -0.013943 0.007563
v 0.039187 -0.013943 0.007563
v 0.039187 -0.013943 0.007563
v 0.039187 -0.013943 0.007563
v 0.035215 -0.020607 0.007587
v 0.035215 -0.020607 0.007587
v 0.035534 -0.020646 0.007554
v 0.035534 -0.020646 0.007554
v 0.035534 -0.020646 0.007554
v 0.035534 -0.020646 0.007554
v -0.029616 0.020819 0.007735
v -0.029616 0.020819 0.007735
v -0.029616 0.020819 0.007735
v 0.039221 -0.016545 0.007678
v 0.039221 -0.016545 0.007678
v 0.039221 -0.016545 0.007678
v 0.039221 -0.016545 0.007678
v 0.039221 -0.016545 0.007678
v 0.039151 -0.015951 0.007377
v 0.039151 -0.015951 0.007377
v 0.039151 -0.015951 0.007377
v 0.039151 -0.015951 0.007377
v 0.039151 -0.015951 0.007377
v 0.039151 -0.015951 0.007377
v 0.039151 -0.015951 0.007377
v 0.039313 -0.008288 0.008205
v 0.039313 -0.008288 0.008205
v 0.039313 -0.008288 0.008205
v 0.039313 -0.008288 0.008205
v 0.039313 -0.008288 0.008205
v 0.039323 -0.006067 0.008180
v 0.039323 -0.006067 0.008180
v 0.039323 -0.006067 0.008180
v 0.039323 -0.006067 0.008180
v 0.039323 -0.006067 0.008180
v 0.039323 -0.006067 0.008180
v 0.039323 -0.006067 0.008180
v 0.039323 -0.006067 0.008180
v 0.039281 -0.007275 0.008314
v 0.039281 -0.007275 0.008314
v 0.039281 -0.007275 0.008314
v 0.039281 -0.007275 0.008314
v 0.039281 -0.007275 0.008314
v 0.039323 -0.009760 0.008192
v 0.039323 -0.009760 0.008192
v 0.039323 -0.009760 0.008192
v 0.039323 -0.009760 0.008192
v 0.039323 -0.009760 0.008192
v 0.039323 -0.009760 0.008192
v 0.039323 -0.009760 0.008192
v 0.039329 -0.007824 0.008062
v 0.039329 -0.007824 0.008062
v 0.039329 -0.007824 0.008062
v 0.039329 -0.007824 0.008062
v 0.039329 -0.007824 0.008062
v 0.039329 -0.007824 0.008062
v 0.039329 -0.007824 0.008062
v -0.028071 0.020750 0.000102
v -0.010228 -0.003456 -0.009265
v -0.034082 -0.020773 0.007874
v -0.034082 -0.020773 0.007874
v -0.034082 -0.020773 0.007874
v -0.034082 -0.020773 0.007874
v -0.034082 -0.020773 0.007874
v -0.035328 -0.020747 0.007925
v -0.035328 -0.020747 0.007925
v -0.035328 -0.020747 0.007925
v -0.035328 -0.020747 0.007925
v -0.035328 -0.020747 0.007925
v -0.035328 -0.020747 0.007925
v -0.035328 -0.020747 0.007925
v -0.034603 -0.020880 0.007895
v -0.034603 -0.020880 0.007895
v -0.034603 -0.020880 0.007895
v -0.034603 -0.020880 0.007895
v -0.034603 -0.020880 0.007895
v -0.009874 0.020487 -0.004265
v -0.008520 0.020517 -0.003740
v -0.013036 0.020433 -0.005261
v -0.032803 0.001438 0.008955
v -0.032121 0.001060 0.008954
v -0.032728 0.003120 0.009000
v -0.039081 -0.002010 0.007770
v -0.039081 -0.002010 0.007770
v -0.039081 -0.002010 0.007770
v -0.039081 -0.002010 0.007770
v -0.039081 -0.002010 0.007770
v -0.039081 -0.002010 0.007770
v -0.039081 -0.002010 0.007770
v -0.039081 -0.002010 0.007770
v -0.039081 -0.002010 0.007770
v -0.039036 -0.002053 0.008059
v -0.039036 -0.002053 0.008059
v -0.039036 -0.002053 0.008059
v -0.039036 -0.002053 0.008059
v -0.039036 -0.002053 0.008059
v -0.040488 0.020169 0.005311
v -0.040488 0.020169 0.005311
v -0.040488 0.020169 0.005311
v -0.040488 0.020169 0.005311
v -0.040488 0.020169 0.005311
v -0.040488 0.020169 0.005311
v -0.040372 0.020124 0.005022
v -0.040372 0.020124 0.005022
v -0.040372 0.020124 0.005022
v -0.040372 0.020124 0.005022
v -0.040372 0.020124 0.005022
v -0.040619 0.020218 0.004971
v -0.040619 0.020218 0.004971
v -0.040619 0.020218 0.004971
v -0.040619 0.020218 0.004971
v -0.040619 0.020218 0.004971
v -0.005325 0.009798 -0.009257
v -0.039660 0.016833 -0.009220
v -0.039660 0.016833 -0.009220
v -0.039660 0.016833 -0.009220
v -0.039660 0.016833 -0.009220
v -0.039660 0.016833 -0.009220
v -0.038757 0.014766 -0.009318
v -0.038757 0.014766 -0.009318
v -0.038757 0.014766 -0.009318
v -0.038757 0.014766 -0.009318
v -0.038757 0.014766 -0.009318
v -0.039352 0.013150 -0.009340
v -0.039352 0.013150 -0.009340
v -0.039352 0.013150 -0.009340
v -0.039352 0.013150 -0.009340
v -0.000243 0.020552 -0.008236
v -0.000243 0.020552 -0.008236
v -0.000243 0.020552 -0.008236
v -0.000243 0.020552 -0.008236
v -0.000243 0.020552 -0.008236
v -0.000775 0.020492 -0.008507
v -0.000775 0.020492 -0.008507
v -0.000775 0.020492 -0.008507
v -0.000775 0.020492 -0.008507
v -0.000775 0.020492 -0.008507
v -0.000775 0.020492 -0.008507
v -0.000775 0.020492 -0.008507
v -0.000775 0.020492 -0.008507
v -0.000775 0.020492 -0.008507
v -0.000947 0.020524 -0.008174
v -0.000947 0.020524 -0.008174
v -0.000947 0.020524 -0.008174
v -0.000947 0.020524 -0.008174
v -0.007406 0.008345 -0.009292
v 0.001899 0.020008 -0.008696
v 0.001899 0.020008 -0.008696
v 0.001899 0.020008 -0.008696
v 0.001899 0.020008 -0.008696
v 0.001899 0.020008 -0.008696
v 0.003112 0.019246 -0.008736
v 0.004700 0.017995 -0.008811
v 0.004700 0.017995 -0.008811
v 0.004700 0.017995 -0.008811
v -0.002903 -0.017399 -0.009609
v -0.002903 -0.017399 -0.009609
v -0.004374 -0.018536 -0.009566
v -0.005988 -0.018393 -0.009548
v -0.027597 -0.021015 0.000941
v -0.008646 -0.000285 -0.009347
v -0.008646 -0.000285 -0.009347
v -0.014864 -0.020719 -0.004319
v -0.039596 -0.015314 0.007511
v -0.039596 -0.015314 0.007511
v -0.039799 -0.013618 0.007460
v -0.039799 -0.013618 0.007460
v -0.000218 -0.009146 -0.009345
v -0.000218 -0.009146 -0.009345
v -0.000636 -0.011460 -0.009432
v -0.002813 0.020403 -0.008591
v -0.002813 0.020403 -0.008591
v -0.002813 0.020403 -0.008591
v -0.002813 0.020403 -0.008591
v -0.002813 0.020403 -0.008591
v -0.002813 0.020403 -0.008591
v -0.002813 0.020403 -0.008591
v -0.009747 -0.015265 -0.009523
v -0.009747 -0.015265 -0.009523
v -0.024426 -0.020728 -0.007083
v -0.024426 -0.020728 -0.007083
v -0.014320 -0.020591 -0.007745
v -0.014136 -0.020587 -0.007112
v -0.014136 -0.020587 -0.007112
v -0.003327 0.017052 -0.008967
v -0.004888 0.017492 -0.008957
v -0.040547 -0.011827 0.007235
v -0.040547 -0.011827 0.007235
v -0.040547 -0.011827 0.007235
v -0.040547 -0.011827 0.007235
v -0.040547 -0.011827 0.007235
v -0.016261 0.001974 -0.009380
v -0.039049 -0.000492 0.008532
v -0.039049 -0.000492 0.008532
v -0.039049 -0.000492 0.008532
v -0.039049 -0.000492 0.008532
v -0.039031 0.000736 0.008656
v -0.039031 0.000736 0.008656
v -0.039031 0.000736 0.008656
v -0.039031 0.000736 0.008656
v -0.039031 0.000736 0.008656
v -0.039031 0.000736 0.008656
v -0.039116 -0.006612 0.007694
v -0.039116 -0.006612 0.007694
v -0.039116 -0.006612 0.007694
v -0.039116 -0.006612 0.007694
v -0.039116 -0.006612 0.007694
v -0.039112 -0.007171 0.007687
v -0.039112 -0.007171 0.007687
v -0.039112 -0.007171 0.007687
v -0.039052 -0.006066 0.007937
v -0.039052 -0.006066 0.007937
v -0.039052 -0.006066 0.007937
v -0.039052 -0.006066 0.007937
v -0.039052 -0.006066 0.007937
v -0.039052 -0.006066 0.007937
v -0.039052 -0.006066 0.007937
v -0.039052 -0.006066 0.007937
v -0.004195 0.019936 -0.008800
v -0.004195 0.019936 -0.008800
v -0.004195 0.019936 -0.008800
v -0.004195 0.019936 -0.008800
v -0.002562 0.019918 -0.008784
v -0.002562 0.019918 -0.008784
v -0.002562 0.019918 -0.008784
v -0.002562 0.019918 -0.008784
v -0.002562 0.019918 -0.008784
v -0.000826 0.019693 -0.008787
v -0.000826 0.019693 -0.008787
v -0.000826 0.019693 -0.008787
v -0.000826 0.019693 -0.008787
v -0.007664 -0.019118 -0.009518
v -0.007664 -0.019118 -0.009518
v -0.007664 -0.019118 -0.009518
v -0.007664 -0.019118 -0.009518
v -0.027092 -0.020780 -0.006333
v -0.027092 -0.020780 -0.006333
v -0.007172 -0.000318 -0.009342
v -0.007172 -0.000318 -0.009342
v -0.007172 -0.000318 -0.009342
v -0.007172 -0.000318 -0.009342
v -0.007172 -0.000318 -0.009342
v -0.005581 0.000378 -0.009372
v -0.005581 0.000378 -0.009372
v -0.005436 -0.001815 -0.009318
v -0.005436 -0.001815 -0.009318
v -0.040796 -0.013024 0.003478
v -0.040805 -0.011537 0.002545
v -0.027842 0.020813 0.006339
v -0.028466 0.020822 0.004269
v -0.029912 0.020850 0.005412
v -0.029912 0.020850 0.005412
v 0.000409 0.020025 -0.008726
v 0.000409 0.020025 -0.008726
v 0.000409 0.020025 -0.008726
v 0.000409 0.020025 -0.008726
v -0.025499 0.020787 0.003717
v -0.038663 -0.020605 0.008083
v -0.038663 -0.020605 0.008083
v -0.038663 -0.020605 0.008083
v -0.038663 -0.020605 0.008083
v -0.038663 -0.020605 0.008083
v -0.038663 -0.020605 0.008083
v -0.038663 -0.020605 0.008083
v -0.038323 -0.020916 0.007945
v -0.038323 -0.020916 0.007945
v -0.038323 -0.020916 0.007945
v -0.038323 -0.020916 0.007945
v -0.038230 -0.020638 0.008202
v -0.038230 -0.020638 0.008202
v -0.038230 -0.020638 0.008202
v -0.038230 -0.020638 0.008202
v -0.038230 -0.020638 0.008202
v -0.038230 -0.020638 0.008202
v -0.038230 -0.020638 0.008202
v -0.018835 -0.020751 -0.004797
v -0.015969 0.020382 -0.006879
v -0.016228 0.020338 -0.007835
v -0.016228 0.020338 -0.007835
v -0.003259 0.008910 -0.009284
v -0.034753 -0.020987 -0.002161
v -0.034753 -0.020987 -0.002161
v -0.034753 -0.020987 -0.002161
v -0.034753 -0.020987 -0.002161
v -0.033231 -0.021008 -0.002496
v -0.033231 -0.021008 -0.002496
v -0.033231 -0.021008 -0.002496
v -0.033231 -0.021008 -0.002496
v -0.031017 -0.021049 0.002210
v -0.021211 -0.020880 -0.002659
v -0.020702 -0.020915 -0.001430
v -0.022936 -0.020935 -0.001743
v -0.012297 0.020536 -0.001261
v -0.012853 0.020515 -0.002223
v -0.013713 0.020552 -0.000389
v -0.007004 0.007767 -0.009304
v -0.038671 0.020536 -0.003794
v -0.038671 0.020536 -0.003794
v -0.038671 0.020536 -0.003794
v -0.038671 0.020536 -0.003794
v -0.038383 0.020501 -0.004914
v -0.038383 0.020501 -0.004914
v -0.038383 0.020501 -0.004914
v -0.038383 0.020501 -0.004914
v -0.038383 0.020501 -0.004914
v -0.029639 0.020838 0.007031
v -0.029639 0.020838 0.007031
v -0.038995 -0.015832 0.007820
v -0.038995 -0.015832 0.007820
v -0.038995 -0.015832 0.007820
v -0.038995 -0.015832 0.007820
v -0.038995 -0.015832 0.007820
v -0.038995 -0.015832 0.007820
v -0.038995 -0.015832 0.007820
v -0.039028 -0.015742 0.007648
v -0.039028 -0.015742 0.007648
v -0.039028 -0.015742 0.007648
v -0.039028 -0.015742 0.007648
v -0.039028 -0.015742 0.007648
v -0.038981 -0.016318 0.007697
v -0.038981 -0.016318 0.007697
v -0.038981 -0.016318 0.007697
v -0.038981 -0.016318 0.007697
v -0.038981 -0.016318 0.007697
v -0.038981 -0.016318 0.007697
v -0.039064 -0.000977 0.008159
v -0.006659 -0.002645 -0.009277
v -0.006659 -0.002645 -0.009277
v -0.006659 -0.002645 -0.009277
v -0.006659 -0.002645 -0.009277
v -0.007179 -0.002356 -0.009285
v -0.007179 -0.002356 -0.009285
v -0.038673 -0.000484 0.008717
v -0.038673 -0.000484 0.008717
v -0.038673 -0.000484 0.008717
v -0.037739 -0.001977 0.008759
v -0.037739 -0.001977 0.008759
v -0.037739 -0.001977 0.008759
v -0.037371 0.001366 0.008832
v -0.037371 0.001366 0.008832
v -0.019959 -0.020845 -0.003093
v 0.036526 -0.019491 0.008271
v 0.036526 -0.019491 0.008271
v 0.036526 -0.019491 0.008271
v 0.036526 -0.019491 0.008271
v 0.036526 -0.019491 0.008271
v 0.036526 -0.019491 0.008271
v -0.003671 0.005122 -0.009357
v -0.002962 0.006421 -0.009333
v -0.001879 0.005339 -0.009352
v -0.030105 -0.020864 -0.005296
v -0.039020 -0.004541 0.008579
v -0.039020 -0.004541 0.008579
v -0.039020 -0.004541 0.008579
v -0.039020 -0.004541 0.008579
v -0.039020 -0.004541 0.008579
v -0.039025 -0.002590 0.008574
v -0.039025 -0.002590 0.008574
v -0.039025 -0.002590 0.008574
v -0.039025 -0.002590 0.008574
v -0.039025 -0.002590 0.008574
v -0.039025 -0.002590 0.008574
v -0.039121 -0.005872 0.007701
v -0.039121 -0.005872 0.007701
v -0.039121 -0.005872 0.007701
v -0.039121 -0.005872 0.007701
v -0.039121 -0.005872 0.007701
v -0.039121 -0.005872 0.007701
v -0.039058 -0.004679 0.008034
v -0.039058 -0.004679 0.008034
v -0.039058 -0.004679 0.008034
v -0.039058 -0.004679 0.008034
v -0.039058 -0.004679 0.008034
v -0.039043 -0.003786 0.008120
v -0.039043 -0.003786 0.008120
v -0.039043 -0.003786 0.008120
v -0.039043 -0.003786 0.008120
v -0.039043 -0.003786 0.008120
v -0.039091 -0.004935 0.007758
v -0.039091 -0.004935 0.007758
v -0.039091 -0.004935 0.007758
v -0.039091 -0.004935 0.007758
v -0.005281 -0.003917 -0.009267
v -0.006029 -0.004874 -0.009259
v -0.006182 -0.003819 -0.009267
v -0.021782 -0.020710 -0.006176
v -0.016803 -0.020622 -0.007272
v -0.016803 -0.020622 -0.007272
v -0.040078 0.019868 -0.008824
v -0.040078 0.019868 -0.008824
v -0.040078 0.019868 -0.008824
v -0.040078 0.019868 -0.008824
v -0.040078 0.019868 -0.008824
v -0.040078 0.019868 -0.008824
v -0.040078 0.019868 -0.008824
v -0.039082 -0.005006 0.008158
v -0.039082 -0.005006 0.008158
v -0.039082 -0.005006 0.008158
v -0.039082 -0.005006 0.008158
v -0.039082 -0.005006 0.008158
v -0.017281 0.002855 -0.009382
v -0.018446 0.003215 -0.009381
v -0.017074 0.003908 -0.009379
v -0.039139 -0.004047 0.007722
v -0.039139 -0.004047 0.007722
v -0.039139 -0.004047 0.007722
v -0.039139 -0.004047 0.007722
v -0.040406 -0.010666 0.007292
v -0.040406 -0.010666 0.007292
v -0.040406 -0.010666 0.007292
v -0.040406 -0.010666 0.007292
v -0.039048 -0.001538 0.007945
v -0.039048 -0.001538 0.007945
v -0.039048 -0.001538 0.007945
v -0.039048 -0.001538 0.007945
v -0.039074 -0.001671 0.008403
v -0.039074 -0.001671 0.008403
v -0.039074 -0.001671 0.008403
v -0.039074 -0.001671 0.008403
v -0.039074 -0.001671 0.008403
v -0.039074 -0.001671 0.008403
v -0.039074 -0.001671 0.008403
v -0.039113 -0.007826 0.007665
v -0.039113 -0.007826 0.007665
v -0.039113 -0.007826 0.007665
v -0.039113 -0.007826 0.007665
v -0.039115 -0.009583 0.007622
v -0.039115 -0.009583 0.007622
v -0.039115 -0.009583 0.007622
v -0.039115 -0.009583 0.007622
v -0.039115 -0.009583 0.007622
v -0.039115 -0.009583 0.007622
v -0.039115 -0.009583 0.007622
v -0.039115 -0.009583 0.007622
v -0.030203 0.020836 0.003121
v -0.027759 0.020802 0.002789
v -0.003753 -0.003292 -0.009277
v -0.003753 -0.003292 -0.009277
v -0.003753 -0.003292 -0.009277
v -0.040255 -0.018489 0.007400
v -0.040255 -0.018489 0.007400
v -0.040255 -0.018489 0.007400
v -0.040255 -0.018489 0.007400
v -0.040255 -0.018489 0.007400
v -0.039765 -0.018786 0.007548
v -0.039765 -0.018786 0.007548
v -0.039765 -0.018786 0.007548
v -0.039765 -0.018786 0.007548
v -0.039765 -0.018786 0.007548
v -0.039765 -0.018786 0.007548
v -0.026285 0.020794 0.005080
v -0.018641 0.020661 0.001848
v -0.025051 0.020782 0.004834
v -0.041163 0.017454 0.006649
v -0.041163 0.017454 0.006649
v -0.041163 0.017454 0.006649
v -0.041163 0.017454 0.006649
v -0.041163 0.017454 0.006649
v -0.041163 0.017454 0.006649
v -0.041158 0.015818 0.005997
v -0.041158 0.015818 0.005997
v -0.041084 0.013804 0.006660
v -0.041084 0.013804 0.006660
v -0.041084 0.013804 0.006660
v -0.041084 0.013804 0.006660
v -0.041084 0.013804 0.006660
v -0.041084 0.013804 0.006660
v -0.041084 0.013804 0.006660
v 0.003238 0.005283 -0.009345
v 0.003416 0.004335 -0.009371
v 0.002207 0.004144 -0.009379
v 0.039715 -0.021354 0.005967
v 0.039715 -0.021354 0.005967
v 0.039715 -0.021354 0.005967
v 0.039715 -0.021354 0.005967
v 0.039370 -0.021326 0.004721
v 0.039370 -0.021326 0.004721
v 0.039370 -0.021326 0.004721
v 0.039370 -0.021326 0.004721
v 0.039370 -0.021326 0.004721
v -0.036020 -0.021095 0.004800
v -0.036020 -0.021095 0.004800
v -0.030117 -0.006481 0.008887
v -0.029146 -0.008114 0.008913
v -0.029146 -0.008114 0.008913
v -0.029146 -0.008114 0.008913
v -0.028118 -0.006222 0.008939
v -0.028118 -0.006222 0.008939
v -0.028118 -0.006222 0.008939
v -0.028118 -0.006222 0.008939
v -0.030462 -0.021036 0.003187
v -0.040293 -0.020271 0.002032
v -0.040293 -0.020271 0.002032
v -0.040293 -0.020271 0.002032
v -0.040293 -0.020271 0.002032
v -0.040293 -0.020271 0.002032
v -0.040765 -0.015540 0.002564
v -0.040765 -0.015540 0.002564
v -0.001810 0.020415 -0.008572
v -0.000791 0.020192 -0.008703
v -0.000791 0.020192 -0.008703
v -0.000791 0.020192 -0.008703
v -0.000791 0.020192 -0.008703
v -0.000791 0.020192 -0.008703
v -0.000791 0.020192 -0.008703
v -0.000791 0.020192 -0.008703
v -0.000791 0.020192 -0.008703
v -0.039066 0.001694 0.008609
v -0.039066 0.001694 0.008609
v -0.039066 0.001694 0.008609
v -0.039066 0.001694 0.008609
v -0.039066 0.001694 0.008609
v -0.040403 -0.020310 0.001436
v -0.040403 -0.020310 0.001436
v -0.040403 -0.020310 0.001436
v -0.040403 -0.020310 0.001436
v -0.040403 -0.020310 0.001436
v -0.040403 -0.020310 0.001436
v -0.040389 -0.020320 0.000642
v -0.040389 -0.020320 0.000642
v -0.040389 -0.020320 0.000642
v -0.040389 -0.020320 0.000642
v -0.040389 -0.020320 0.000642
v -0.040267 -0.020269 0.001185
v -0.040267 -0.020269 0.001185
v -0.040267 -0.020269 0.001185
v -0.040267 -0.020269 0.001185
v -0.040267 -0.020269 0.001185
v -0.038699 -0.003397 0.008690
v -0.038699 -0.003397 0.008690
v -0.038699 -0.003397 0.008690
v -0.038699 -0.003397 0.008690
v -0.038699 -0.003397 0.008690
v -0.039027 -0.002725 0.008037
v -0.039027 -0.002725 0.008037
v -0.039027 -0.002725 0.008037
v -0.039027 -0.002725 0.008037
v -0.005419 0.019829 -0.008815
v -0.005419 0.019829 -0.008815
v -0.005419 0.019829 -0.008815
v -0.039039 -0.001404 0.008616
v -0.039039 -0.001404 0.008616
v -0.039039 -0.001404 0.008616
v -0.039039 -0.001404 0.008616
v -0.039039 -0.001404 0.008616
v -0.039039 -0.001404 0.008616
v -0.039053 -0.006968 0.007948
v -0.039053 -0.006968 0.007948
v -0.039053 -0.006968 0.007948
v -0.039057 -0.007476 0.008198
v -0.039057 -0.007476 0.008198
v -0.039057 -0.007476 0.008198
v -0.039057 -0.007476 0.008198
v -0.039052 -0.006771 0.008385
v -0.039052 -0.006771 0.008385
v -0.039052 -0.006771 0.008385
v -0.039052 -0.006771 0.008385
v -0.039057 -0.002169 0.008539
v -0.039057 -0.002169 0.008539
v -0.039057 -0.002169 0.008539
v -0.039057 -0.002169 0.008539
v -0.039289 -0.012359 0.007518
v -0.039289 -0.012359 0.007518
v -0.039074 -0.005394 0.008171
v -0.039074 -0.005394 0.008171
v -0.016270 -0.018291 -0.009440
v -0.003118 0.020506 -0.007803
v -0.002596 0.020518 -0.008363
v -0.002596 0.020518 -0.008363
v -0.002596 0.020518 -0.008363
v -0.002596 0.020518 -0.008363
v -0.002596 0.020518 -0.008363
v -0.001073 0.013687 -0.009101
v 0.000285 0.011429 -0.009179
v -0.000844 0.012299 -0.009155
v -0.004128 0.020491 -0.006800
v -0.004128 0.020491 -0.006800
v -0.004113 0.020519 -0.005765
v -0.004113 0.020519 -0.005765
v 0.039915 -0.021150 0.003214
v 0.039915 -0.021150 0.003214
v 0.039915 -0.021150 0.003214
v 0.039908 -0.021233 0.004090
v 0.039908 -0.021233 0.004090
v 0.039908 -0.021233 0.004090
v -0.030752 0.020810 0.001254
v -0.039084 -0.020098 0.007873
v -0.039084 -0.020098 0.007873
v -0.039084 -0.020098 0.007873
v -0.039084 -0.020098 0.007873
v -0.039084 -0.020098 0.007873
v -0.039084 -0.020098 0.007873
v -0.039084 -0.020098 0.007873
v -0.039036 -0.019849 0.007842
v -0.039036 -0.019849 0.007842
v -0.039036 -0.019849 0.007842
v -0.039036 -0.019849 0.007842
v -0.039036 -0.019849 0.007842
v -0.039171 -0.019747 0.007762
v -0.039171 -0.019747 0.007762
v -0.039171 -0.019747 0.007762
v -0.039171 -0.019747 0.007762
v -0.039171 -0.019747 0.007762
v -0.040427 -0.014922 0.007297
v -0.040427 -0.014922 0.007297
v -0.038704 -0.010135 0.008703
v -0.038704 -0.010135 0.008703
v -0.038704 -0.010135 0.008703
v -0.038704 -0.010135 0.008703
v -0.037430 -0.009400 0.008774
v -0.037430 -0.009400 0.008774
v -0.037430 -0.009400 0.008774
v -0.037430 -0.009400 0.008774
v -0.037430 -0.009400 0.008774
v -0.037430 -0.009400 0.008774
v -0.037430 -0.009400 0.008774
v -0.037430 -0.009400 0.008774
v -0.038659 -0.008039 0.008687
v -0.038659 -0.008039 0.008687
v -0.038659 -0.008039 0.008687
v -0.038659 -0.008039 0.008687
v -0.038659 -0.008039 0.008687
v -0.039542 -0.020453 0.007047
v -0.039542 -0.020453 0.007047
v -0.039542 -0.020453 0.007047
v -0.039542 -0.020453 0.007047
v -0.039542 -0.020453 0.007047
v -0.040309 -0.013202 0.007341
v -0.040309 -0.013202 0.007341
v -0.040309 -0.013202 0.007341
v -0.040309 -0.013202 0.007341
v -0.039087 -0.004775 0.008323
v -0.039087 -0.004775 0.008323
v -0.039087 -0.004775 0.008323
v -0.039087 -0.004775 0.008323
v -0.039087 -0.004775 0.008323
v -0.039087 -0.004775 0.008323
v -0.039087 -0.004775 0.008323
v -0.039343 -0.007407 0.007577
v -0.039343 -0.007407 0.007577
v -0.039343 -0.007407 0.007577
v -0.039343 -0.007407 0.007577
v 0.038446 -0.018177 0.008295
v 0.038446 -0.018177 0.008295
v 0.038446 -0.018177 0.008295
v 0.039334 -0.016914 0.007108
v 0.039334 -0.016914 0.007108
v 0.039334 -0.016914 0.007108
v 0.039334 -0.016914 0.007108
v 0.039334 -0.016914 0.007108
v -0.039083 -0.011749 0.008162
v -0.039083 -0.011749 0.008162
v -0.039083 -0.011749 0.008162
v -0.039083 -0.011749 0.008162
v -0.039083 -0.011749 0.008162
v -0.039083 -0.011749 0.008162
v -0.038990 -0.012074 0.007816
v -0.038990 -0.012074 0.007816
v -0.038990 -0.012074 0.007816
v -0.038990 -0.012074 0.007816
v -0.039024 -0.012754 0.007978
v -0.039024 -0.012754 0.007978
v -0.039024 -0.012754 0.007978
v -0.039024 -0.012754 0.007978
v 0.039229 -0.016906 0.007654
v 0.039229 -0.016906 0.007654
v 0.039229 -0.016906 0.007654
v 0.039229 -0.016906 0.007654
v -0.003950 0.002580 -0.009391
v -0.002566 0.002421 -0.009396
v 0.039123 -0.014407 0.007235
v -0.039623 -0.019665 0.007635
v -0.039623 -0.019665 0.007635
v -0.039623 -0.019665 0.007635
v -0.039623 -0.019665 0.007635
v -0.039623 -0.019665 0.007635
v -0.039064 -0.010812 0.007856
v -0.039064 -0.010812 0.007856
v -0.039064 -0.010812 0.007856
v -0.039064 -0.010812 0.007856
v -0.039080 -0.010202 0.007702
v -0.039080 -0.010202 0.007702
v -0.039080 -0.010202 0.007702
v -0.039080 -0.010202 0.007702
v -0.039080 -0.010202 0.007702
v -0.039080 -0.010202 0.007702
v -0.039015 -0.011474 0.007758
v -0.039015 -0.011474 0.007758
v -0.039015 -0.011474 0.007758
v -0.039015 -0.011474 0.007758
v -0.039015 -0.011474 0.007758
v -0.039015 -0.011474 0.007758
v -0.039015 -0.011474 0.007758
v -0.005659 0.020325 -0.008655
v -0.005659 0.020325 -0.008655
v -0.005659 0.020325 -0.008655
v -0.005659 0.020325 -0.008655
v -0.005659 0.020325 -0.008655
v -0.030032 0.020000 0.009072
v -0.030032 0.020000 0.009072
v -0.030032 0.020000 0.009072
v -0.030032 0.020000 0.009072
v -0.030032 0.020000 0.009072
v -0.030032 0.020000 0.009072
v -0.028497 0.020000 0.009090
v -0.028497 0.020000 0.009090
v -0.028497 0.020000 0.009090
v -0.035096 -0.021082 0.002030
v -0.035096 -0.021082 0.002030
v -0.038976 -0.015018 0.007643
v -0.038976 -0.015018 0.007643
v -0.038976 -0.015018 0.007643
v -0.038976 -0.015018 0.007643
v -0.038976 -0.015018 0.007643
v -0.038930 -0.014229 0.007657
v -0.038930 -0.014229 0.007657
v -0.038930 -0.014229 0.007657
v -0.038930 -0.014229 0.007657
v -0.038930 -0.014229 0.007657
v -0.038930 -0.014229 0.007657
v -0.038954 -0.013278 0.007616
v -0.038954 -0.013278 0.007616
v -0.038954 -0.013278 0.007616
v -0.038954 -0.013278 0.007616
v -0.038954 -0.013278 0.007616
v -0.038954 -0.013278 0.007616
v 0.039333 -0.006847 0.008129
v 0.039333 -0.006847 0.008129
v 0.039333 -0.006847 0.008129
v 0.039333 -0.006847 0.008129
v 0.039333 -0.006847 0.008129
v -0.040079 -0.014778 0.007427
v -0.040079 -0.014778 0.007427
v -0.040079 -0.014778 0.007427
v -0.040079 -0.014778 0.007427
v -0.007647 -0.012869 -0.009443
v -0.029541 -0.021024 0.003340
v -0.032162 -0.020943 -0.004081
v -0.032162 -0.020943 -0.004081
v -0.032162 -0.020943 -0.004081
v -0.038703 0.001630 0.008745
v -0.038703 0.001630 0.008745
v -0.038703 0.001630 0.008745
v -0.035941 0.000473 0.008874
v -0.038365 0.011686 -0.009394
v -0.038365 0.011686 -0.009394
v -0.039347 0.011250 -0.009372
v -0.039347 0.011250 -0.009372
v -0.039347 0.011250 -0.009372
v -0.039347 0.011250 -0.009372
v -0.018300 -0.020714 -0.005310
v -0.006709 0.000469 -0.009362
v -0.006500 -0.001154 -0.009324
v -0.008212 -0.015050 -0.009524
v -0.008212 -0.015050 -0.009524
v -0.008212 -0.015050 -0.009524
v -0.006876 -0.015158 -0.009535
v -0.005224 -0.016476 -0.009577
v -0.005224 -0.016476 -0.009577
v -0.005224 -0.016476 -0.009577
v -0.005224 -0.016476 -0.009577
v 0.002073 0.020597 -0.008270
v 0.002073 0.020597 -0.008270
v 0.002073 0.020597 -0.008270
v 0.002073 0.020597 -0.008270
v 0.002073 0.020597 -0.008270
v 0.002073 0.020597 -0.008270
v 0.002073 0.020597 -0.008270
v 0.001682 0.020497 -0.008462
v 0.000896 0.020454 -0.008543
v 0.000896 0.020454 -0.008543
v 0.000896 0.020454 -0.008543
v 0.000896 0.020454 -0.008543
v 0.000896 0.020454 -0.008543
v 0.000896 0.020454 -0.008543
v -0.017411 -0.020702 -0.005358
v -0.017282 -0.020765 -0.004198
v -0.021889 0.020732 0.004092
v 0.037306 -0.018597 0.008314
v 0.037306 -0.018597 0.008314
v 0.037306 -0.018597 0.008314
v 0.039562 -0.017460 0.006967
v 0.039562 -0.017460 0.006967
v 0.039562 -0.017460 0.006967
v 0.039562 -0.017460 0.006967
v 0.039562 -0.017460 0.006967
v 0.039576 -0.016240 0.006963
v 0.039576 -0.016240 0.006963
v 0.039576 -0.016240 0.006963
v 0.039576 -0.016240 0.006963
v 0.039576 -0.016240 0.006963
v 0.039576 -0.016240 0.006963
v -0.033975 0.013909 0.009210
v -0.033975 0.013909 0.009210
v -0.034484 0.010065 0.009093
v -0.034484 0.010065 0.009093
v -0.034484 0.010065 0.009093
v -0.034484 0.010065 0.009093
v -0.031393 0.013161 0.009272
v -0.031393 0.013161 0.009272
v -0.039086 -0.008448 0.007853
v -0.039086 -0.008448 0.007853
v -0.039086 -0.008448 0.007853
v -0.039086 -0.008448 0.007853
v -0.039086 -0.008448 0.007853
v -0.039099 -0.009520 0.007846
v -0.039099 -0.009520 0.007846
v -0.039099 -0.009520 0.007846
v -0.039099 -0.009520 0.007846
v -0.039099 -0.009520 0.007846
v -0.026502 0.020779 0.002101
v -0.014399 0.020511 -0.002520
v 0.036747 -0.017776 0.008373
v 0.005252 0.005659 -0.009323
v -0.006072 0.020568 -0.003294
v -0.004956 0.020553 -0.004554
v -0.006116 0.020535 -0.004474
v -0.039038 0.020679 0.006126
v -0.039038 0.020679 0.006126
v -0.039038 0.020679 0.006126
v -0.039038 0.020679 0.006126
v -0.039038 0.020679 0.006126
v -0.039038 0.020679 0.006126
v -0.039038 0.020679 0.006126
v -0.039038 0.020679 0.006126
v -0.039038 0.020679 0.006126
v -0.039038 0.020679 0.006126
v -0.006697 0.020496 -0.005339
v -0.001392 -0.001660 -0.009332
v -0.001456 -0.003238 -0.009288
v -0.001456 -0.003238 -0.009288
v -0.001967 -0.002413 -0.009308
v -0.021246 -0.003556 -0.009296
v -0.021246 -0.003556 -0.009296
v -0.021246 -0.003556 -0.009296
v -0.021246 -0.003556 -0.009296
v -0.020228 -0.003414 -0.009308
v -0.020228 -0.003414 -0.009308
v -0.020186 -0.003918 -0.009290
v -0.020186 -0.003918 -0.009290
v -0.020186 -0.003918 -0.009290
v -0.022520 -0.020960 -0.000482
v -0.021773 -0.020969 0.000415
v -0.025219 -0.020734 -0.007774
v -0.025219 -0.020734 -0.007774
v -0.025219 -0.020734 -0.007774
v -0.025219 -0.020734 -0.007774
v -0.025219 -0.020734 -0.007774
v -0.024642 -0.020731 -0.007679
v -0.024642 -0.020731 -0.007679
v -0.025620 -0.020740 -0.007165
v -0.025620 -0.020740 -0.007165
v -0.025620 -0.020740 -0.007165
v -0.017139 0.007110 -0.009322
v -0.040061 0.019745 -0.007062
v -0.040061 0.019745 -0.007062
v -0.040061 0.019745 -0.007062
v -0.040147 0.019837 -0.007654
v -0.040147 0.019837 -0.007654
v -0.040147 0.019837 -0.007654
v -0.040147 0.019837 -0.007654
v -0.040147 0.019837 -0.007654
v -0.040147 0.019837 -0.007654
v -0.040147 0.019837 -0.007654
v -0.040104 0.019687 -0.006766
v -0.040104 0.019687 -0.006766
v -0.040104 0.019687 -0.006766
v -0.040104 0.019687 -0.006766
v -0.040104 0.019687 -0.006766
v -0.040104 0.019687 -0.006766
v -0.040104 0.019687 -0.006766
v -0.039857 0.019975 -0.009008
v -0.039857 0.019975 -0.009008
v -0.039857 0.019975 -0.009008
v -0.039857 0.019975 -0.009008
v -0.039857 0.019975 -0.009008
v -0.039857 0.019975 -0.009008
v -0.039857 0.019975 -0.009008
v -0.039566 0.019906 -0.009027
v -0.039566 0.019906 -0.009027
v -0.016635 -0.004273 -0.009264
v -0.016635 -0.004273 -0.009264
v -0.017320 -0.003710 -0.009286
v -0.016635 -0.020640 -0.006304
v -0.016635 -0.020640 -0.006304
v -0.015460 -0.001414 -0.009344
v -0.015537 -0.017040 -0.009457
v -0.008481 -0.006413 -0.009254
v -0.001356 0.020496 -0.008514
v -0.001356 0.020496 -0.008514
v -0.001356 0.020496 -0.008514
v -0.001356 0.020496 -0.008514
v -0.029597 0.017939 0.009439
v -0.029597 0.017939 0.009439
v -0.026452 0.018113 0.009497
v -0.026452 0.018113 0.009497
v -0.026452 0.018113 0.009497
v -0.029871 0.019345 0.009436
v -0.029871 0.019345 0.009436
v -0.029871 0.019345 0.009436
v -0.029871 0.019345 0.009436
v -0.029871 0.019345 0.009436
v -0.029871 0.019345 0.009436
v -0.029871 0.019345 0.009436
v -0.025232 0.015780 0.009487
v -0.021904 0.017060 0.009555
v -0.021904 0.017060 0.009555
v -0.021904 0.017060 0.009555
v -0.021904 0.017060 0.009555
v -0.021904 0.017060 0.009555
v -0.023873 0.017083 0.009522
v -0.023873 0.017083 0.009522
v -0.023873 0.017083 0.009522
v -0.016261 -0.000937 -0.009355
v -0.039443 -0.020100 0.007733
v -0.039443 -0.020100 0.007733
v -0.039443 -0.020100 0.007733
v -0.039443 -0.020100 0.007733
v -0.039443 -0.020100 0.007733
v 0.039344 -0.001041 0.008130
v 0.039344 -0.001041 0.008130
v 0.039344 -0.001041 0.008130
v 0.039344 -0.001041 0.008130
v 0.039344 -0.001041 0.008130
v 0.039344 -0.001041 0.008130
v 0.039349 -0.002113 0.008083
v 0.039349 -0.002113 0.008083
v 0.039349 -0.002113 0.008083
v 0.039349 -0.002113 0.008083
v 0.039349 -0.002113 0.008083
v 0.039266 -0.001371 0.007702
v 0.039266 -0.001371 0.007702
v 0.039266 -0.001371 0.007702
v 0.039266 -0.001371 0.007702
v -0.039002 -0.018797 0.007785
v -0.039002 -0.018797 0.007785
v -0.039002 -0.018797 0.007785
v -0.039002 -0.018797 0.007785
v -0.038862 -0.018394 0.007760
v -0.038862 -0.018394 0.007760
v -0.037879 -0.021018 0.007968
v -0.037879 -0.021018 0.007968
v -0.037879 -0.021018 0.007968
v -0.037879 -0.021018 0.007968
v -0.037879 -0.021018 0.007968
v -0.037879 -0.021018 0.007968
v -0.037879 -0.021018 0.007968
v -0.037987 -0.020831 0.008099
v -0.037987 -0.020831 0.008099
v -0.037987 -0.020831 0.008099
v -0.037987 -0.020831 0.008099
v -0.039094 -0.020942 0.006457
v -0.039094 -0.020942 0.006457
v -0.039094 -0.020942 0.006457
v -0.039094 -0.020942 0.006457
v -0.014990 0.000999 -0.009376
v -0.004967 0.015458 -0.009051
v 0.040138 -0.020252 0.003783
v 0.040138 -0.020252 0.003783
v 0.040138 -0.020252 0.003783
v 0.040138 -0.020252 0.003783
v 0.040138 -0.020252 0.003783
v 0.040138 -0.020252 0.003783
v 0.040138 -0.020252 0.003783
v 0.040197 -0.020223 0.002369
v 0.040197 -0.020223 0.002369
v 0.040197 -0.020223 0.002369
v 0.040197 -0.020223 0.002369
v 0.040197 -0.020223 0.002369
v 0.040206 -0.020061 0.002785
v 0.040206 -0.020061 0.002785
v 0.040206 -0.020061 0.002785
v 0.040206 -0.020061 0.002785
v 0.040206 -0.020061 0.002785
v -0.015601 0.011138 -0.009217
v -0.035047 0.005166 0.008995
v -0.035047 0.005166 0.008995
v -0.034075 0.007058 0.009052
v -0.039047 -0.007369 0.008425
v -0.039047 -0.007369 0.008425
v -0.039047 -0.007369 0.008425
v -0.039047 -0.007369 0.008425
v -0.039056 -0.008113 0.008367
v -0.039056 -0.008113 0.008367
v -0.039056 -0.008113 0.008367
v -0.039056 -0.008113 0.008367
v -0.039056 -0.008113 0.008367
v -0.039056 -0.008113 0.008367
v -0.039056 -0.008113 0.008367
v -0.039059 -0.010581 0.007635
v -0.039059 -0.010581 0.007635
v -0.039059 -0.010581 0.007635
v -0.039059 -0.010581 0.007635
v -0.039059 -0.010581 0.007635
v -0.039059 -0.010581 0.007635
v -0.039064 -0.011007 0.007603
v -0.039064 -0.011007 0.007603
v -0.039064 -0.011007 0.007603
v -0.039002 -0.011976 0.007633
v -0.039002 -0.011976 0.007633
v -0.039002 -0.011976 0.007633
v -0.039002 -0.011976 0.007633
v -0.039002 -0.011976 0.007633
v -0.039002 -0.011976 0.007633
v -0.039099 -0.008968 0.008124
v -0.039099 -0.008968 0.008124
v -0.039099 -0.008968 0.008124
v -0.039099 -0.008968 0.008124
v -0.004346 0.003824 -0.009377
v -0.030220 -0.021037 0.002196
v -0.019364 -0.020827 -0.003368
v -0.019257 -0.020871 -0.002159
v -0.040190 0.019684 -0.009065
v -0.040190 0.019684 -0.009065
v -0.040190 0.019684 -0.009065
v -0.040190 0.019684 -0.009065
v -0.040190 0.019684 -0.009065
v -0.040190 0.019684 -0.009065
v -0.040190 0.019684 -0.009065
v -0.038997 -0.007141 0.008571
v -0.038997 -0.007141 0.008571
v -0.038997 -0.007141 0.008571
v -0.038997 -0.007141 0.008571
v -0.038997 -0.007141 0.008571
v -0.039116 -0.009574 0.008171
v -0.039116 -0.009574 0.008171
v -0.039116 -0.009574 0.008171
v -0.039116 -0.009574 0.008171
v -0.039116 -0.009574 0.008171
v -0.039099 -0.010170 0.008018
v -0.039106 -0.010726 0.008267
v -0.039106 -0.010726 0.008267
v -0.039106 -0.010726 0.008267
v -0.039106 -0.010726 0.008267
v -0.039106 -0.010726 0.008267
v -0.039106 -0.010726 0.008267
v -0.039247 -0.016318 0.007575
v -0.039247 -0.016318 0.007575
v -0.039247 -0.016318 0.007575
v -0.039247 -0.016318 0.007575
v -0.039247 -0.016318 0.007575
v -0.039247 -0.016318 0.007575
v -0.039247 -0.016318 0.007575
v -0.039247 -0.016318 0.007575
v -0.039247 -0.016318 0.007575
v -0.018087 0.020674 0.003824
v -0.018087 0.020674 0.003824
v -0.019099 0.020684 0.004423
v -0.014076 0.020629 0.004985
v -0.014076 0.020629 0.004985
v -0.014076 0.020629 0.004985
v -0.014076 0.020629 0.004985
v -0.014957 0.020641 0.004064
v -0.014957 0.020641 0.004064
v -0.014957 0.020641 0.004064
v -0.014957 0.020641 0.004064
v -0.015845 0.020649 0.004484
v -0.015845 0.020649 0.004484
v -0.017817 0.020642 0.005952
v -0.012365 -0.020572 -0.006286
v -0.012365 -0.020572 -0.006286
v -0.012365 -0.020572 -0.006286
v -0.012365 -0.020572 -0.006286
v -0.037910 -0.005790 0.008729
v -0.037910 -0.005790 0.008729
v -0.037910 -0.005790 0.008729
v -0.038814 -0.005191 0.008676
v -0.038814 -0.005191 0.008676
v -0.038814 -0.005191 0.008676
v -0.038814 -0.005191 0.008676
v -0.038814 -0.005191 0.008676
v -0.038774 -0.006413 0.008686
v -0.038774 -0.006413 0.008686
v -0.038774 -0.006413 0.008686
v -0.038774 -0.006413 0.008686
v -0.035521 -0.004229 0.008813
v -0.035812 -0.001726 0.008835
v -0.035812 -0.001726 0.008835
v -0.035812 -0.001726 0.008835
v -0.035812 -0.001726 0.008835
v -0.036735 -0.003898 0.008785
v -0.036735 -0.003898 0.008785
v -0.031474 0.019542 0.009357
v -0.031474 0.019542 0.009357
v -0.031474 0.019542 0.009357
v -0.031474 0.019542 0.009357
v -0.031474 0.019542 0.009357
v 0.001921 -0.008477 -0.009331
v 0.001921 -0.008477 -0.009331
v 0.003819 -0.009864 -0.009400
v 0.002097 -0.010202 -0.009402
v -0.022907 0.019020 0.009460
v -0.022907 0.019020 0.009460
v -0.022907 0.019020 0.009460
v -0.022907 0.019020 0.009460
v -0.022907 0.019020 0.009460
v -0.022907 0.019020 0.009460
v -0.022907 0.019020 0.009460
v -0.024297 0.019374 0.009427
v -0.025660 0.019555 0.009427
v -0.025660 0.019555 0.009427
v -0.025660 0.019555 0.009427
v -0.003722 -0.009014 -0.009322
v -0.011225 0.020548 -0.000958
v -0.010181 0.020548 -0.001478
v -0.011221 0.020523 -0.002177
v -0.004149 0.001562 -0.009391
v -0.004149 0.001562 -0.009391
v -0.004149 0.001562 -0.009391
v -0.007315 -0.003810 -0.009270
v -0.003771 -0.006121 -0.009269
v -0.001589 -0.006804 -0.009282
v -0.039052 -0.009141 0.008519
v -0.039052 -0.009141 0.008519
v -0.039052 -0.009141 0.008519
v -0.039052 -0.009141 0.008519
v -0.039052 -0.009141 0.008519
v -0.039052 -0.009141 0.008519
v -0.039052 -0.009141 0.008519
v -0.030978 0.010704 0.009220
v -0.029496 0.013773 0.009342
v -0.038986 -0.011710 0.008679
v -0.038986 -0.011710 0.008679
v -0.038986 -0.011710 0.008679
v -0.038986 -0.011710 0.008679
v -0.038986 -0.011710 0.008679
v -0.038986 -0.011710 0.008679
v -0.038986 -0.011710 0.008679
v -0.039012 -0.013188 0.008722
v -0.039012 -0.013188 0.008722
v -0.039012 -0.013188 0.008722
v -0.039012 -0.013188 0.008722
v -0.039013 -0.014343 0.008774
v -0.039013 -0.014343 0.008774
v -0.039013 -0.014343 0.008774
v -0.039013 -0.014343 0.008774
v -0.039013 -0.014343 0.008774
v -0.039050 -0.011160 0.008567
v -0.039050 -0.011160 0.008567
v -0.039050 -0.011160 0.008567
v -0.039072 -0.012395 0.008551
v -0.039072 -0.012395 0.008551
v -0.039072 -0.012395 0.008551
v -0.039072 -0.012395 0.008551
v -0.039072 -0.012395 0.008551
v -0.039072 -0.012395 0.008551
v -0.039072 -0.012395 0.008551
v -0.039072 -0.012395 0.008551
v -0.039070 -0.016201 0.008820
v -0.039070 -0.016201 0.008820
v -0.039070 -0.016201 0.008820
v -0.039070 -0.016201 0.008820
v -0.039070 -0.016201 0.008820
v -0.039070 -0.016201 0.008820
v -0.039070 -0.016201 0.008820
v -0.038795 -0.012300 0.008761
v -0.038795 -0.012300 0.008761
v -0.038795 -0.012300 0.008761
v -0.038795 -0.012300 0.008761
v -0.038795 -0.012300 0.008761
v -0.038790 -0.017194 0.007677
v -0.038790 -0.017194 0.007677
v -0.038790 -0.017194 0.007677
v -0.038790 -0.017194 0.007677
v -0.038760 -0.016832 0.007723
v -0.038760 -0.016832 0.007723
v -0.038760 -0.016832 0.007723
v -0.038760 -0.016832 0.007723
v -0.038760 -0.016832 0.007723
v -0.038760 -0.016832 0.007723
v -0.038760 -0.016832 0.007723
v -0.038923 -0.016759 0.007659
v -0.038923 -0.016759 0.007659
v -0.038923 -0.016759 0.007659
v -0.038729 -0.018004 0.007731
v -0.038729 -0.018004 0.007731
v -0.038729 -0.018004 0.007731
v -0.038729 -0.018004 0.007731
v -0.038729 -0.018004 0.007731
v -0.039845 -0.020376 0.007262
v -0.039845 -0.020376 0.007262
v -0.039845 -0.020376 0.007262
v -0.039845 -0.020376 0.007262
v -0.039845 -0.020376 0.007262
v -0.039845 -0.020376 0.007262
v -0.027099 0.020766 0.007920
v -0.027099 0.020766 0.007920
v -0.027099 0.020766 0.007920
v -0.027099 0.020766 0.007920
v -0.027099 0.020766 0.007920
v -0.027099 0.020766 0.007920
v -0.027099 0.020766 0.007920
v -0.028220 0.020809 0.007408
v -0.028220 0.020809 0.007408
v -0.028220 0.020809 0.007408
v -0.033046 -0.020949 -0.003895
v -0.008642 -0.019644 -0.009322
v -0.008642 -0.019644 -0.009322
v -0.008642 -0.019644 -0.009322
v -0.008642 -0.019644 -0.009322
v -0.008642 -0.019644 -0.009322
v -0.008642 -0.019644 -0.009322
v -0.008642 -0.019644 -0.009322
v -0.008642 -0.019644 -0.009322
v -0.004583 0.020484 -0.007605
v -0.013702 -0.020467 -0.008329
v -0.013702 -0.020467 -0.008329
v -0.013702 -0.020467 -0.008329
v -0.013702 -0.020467 -0.008329
v -0.000699 0.020549 -0.007028
v -0.000699 0.020549 -0.007028
v -0.000733 0.020541 -0.007792
v -0.000733 0.020541 -0.007792
v -0.000733 0.020541 -0.007792
v -0.000733 0.020541 -0.007792
v -0.002583 0.020518 -0.006732
v -0.001087 0.011235 -0.009199
v -0.002636 0.011136 -0.009215
v -0.004297 -0.000837 -0.009338
v -0.004437 -0.002236 -0.009296
v -0.004437 -0.002236 -0.009296
v -0.004437 -0.002236 -0.009296
v -0.004901 -0.000991 -0.009340
v -0.002125 0.008383 -0.009293
v -0.001693 0.009335 -0.009268
v -0.001109 0.007791 -0.009295
v 0.040213 -0.019454 0.005020
v 0.040213 -0.019454 0.005020
v 0.040213 -0.019454 0.005020
v 0.040213 -0.019454 0.005020
v 0.040213 -0.019454 0.005020
v 0.040213 -0.019454 0.005020
v 0.040213 -0.019454 0.005020
v -0.041229 0.018391 0.005022
v -0.041229 0.018391 0.005022
v -0.041229 0.018391 0.005022
v -0.041229 0.018391 0.005022
v -0.041211 0.015662 0.003952
v -0.041211 0.015662 0.003952
v -0.041211 0.015662 0.003952
v -0.041200 0.018496 0.006230
v -0.041200 0.018496 0.006230
v -0.041200 0.018496 0.006230
v -0.041200 0.018496 0.006230
v -0.005921 -0.003330 -0.009273
v -0.005921 -0.003330 -0.009273
v -0.005921 -0.003330 -0.009273
v -0.006199 -0.002581 -0.009286
v 0.005546 0.015907 -0.008919
v 0.003757 0.013172 -0.009061
v 0.003636 0.015264 -0.008972
v -0.033881 0.019412 0.009330
v -0.033881 0.019412 0.009330
v -0.033881 0.019412 0.009330
v -0.033881 0.019412 0.009330
v -0.019118 -0.008871 -0.009303
v -0.039067 -0.010481 0.008526
v -0.039067 -0.010481 0.008526
v -0.039067 -0.010481 0.008526
v -0.039067 -0.010481 0.008526
v -0.013799 -0.020899 0.000296
v -0.013799 -0.020899 0.000296
v -0.013799 -0.020899 0.000296
v -0.013799 -0.020899 0.000296
v -0.016897 -0.020936 0.000259
v -0.016897 -0.020936 0.000259
v -0.016897 -0.020936 0.000259
v -0.015449 -0.020899 -0.000180
v -0.009953 -0.019553 -0.009381
v -0.009953 -0.019553 -0.009381
v -0.009953 -0.019553 -0.009381
v -0.009953 -0.019553 -0.009381
v -0.039093 -0.012934 0.008253
v -0.039093 -0.012934 0.008253
v -0.039093 -0.012934 0.008253
v -0.039093 -0.012934 0.008253
v -0.039086 -0.010030 0.008399
v -0.039086 -0.010030 0.008399
v -0.039086 -0.010030 0.008399
v -0.039086 -0.010030 0.008399
v -0.038968 -0.015311 0.007763
v -0.038968 -0.015311 0.007763
v -0.038968 -0.015311 0.007763
v -0.038968 -0.015311 0.007763
v -0.038968 -0.015311 0.007763
v -0.038952 -0.014621 0.007797
v -0.038952 -0.014621 0.007797
v -0.038952 -0.014621 0.007797
v -0.038952 -0.014621 0.007797
v -0.038952 -0.014621 0.007797
v -0.028644 0.020743 0.007996
v -0.028644 0.020743 0.007996
v -0.028644 0.020743 0.007996
v -0.000054 0.016221 -0.008973
v -0.000504 0.017292 -0.008924
v -0.002736 0.003493 -0.009384
v -0.016451 -0.020700 -0.005152
v -0.001019 0.015214 -0.009035
v 0.039456 -0.011567 0.007023
v 0.039456 -0.011567 0.007023
v 0.039456 -0.011567 0.007023
v 0.039456 -0.011567 0.007023
v 0.039456 -0.011567 0.007023
v 0.039077 -0.011101 0.007134
v 0.039077 -0.011101 0.007134
v 0.039077 -0.011101 0.007134
v 0.039077 -0.011101 0.007134
v 0.039077 -0.011101 0.007134
v 0.039077 -0.011101 0.007134
v 0.039077 -0.011101 0.007134
v 0.039077 -0.011101 0.007134
v 0.039077 -0.011101 0.007134
v 0.039131 -0.011888 0.007137
v 0.039131 -0.011888 0.007137
v 0.039131 -0.011888 0.007137
v 0.039131 -0.011888 0.007137
v 0.034840 -0.020558 0.007628
v 0.034840 -0.020558 0.007628
v 0.034840 -0.020558 0.007628
v 0.034840 -0.020558 0.007628
v 0.034840 -0.020558 0.007628
v 0.034840 -0.020558 0.007628
v 0.034840 -0.020558 0.007628
v 0.034840 -0.020558 0.007628
v 0.034840 -0.020558 0.007628
v 0.034795 -0.020316 0.007827
v 0.034795 -0.020316 0.007827
v 0.034795 -0.020316 0.007827
v 0.034795 -0.020316 0.007827
v 0.034795 -0.020316 0.007827
v 0.034019 -0.020476 0.007696
v 0.034019 -0.020476 0.007696
v 0.034019 -0.020476 0.007696
v 0.034019 -0.020476 0.007696
v 0.034019 -0.020476 0.007696
v 0.034019 -0.020476 0.007696
v -0.038601 -0.017645 0.007718
v -0.038601 -0.017645 0.007718
v -0.038601 -0.017645 0.007718
v -0.038601 -0.017645 0.007718
v -0.038601 -0.017645 0.007718
v -0.038601 -0.017645 0.007718
v -0.038973 -0.012446 0.007636
v -0.038973 -0.012446 0.007636
v -0.038973 -0.012446 0.007636
v -0.038973 -0.012446 0.007636
v -0.038939 -0.012712 0.007738
v -0.038939 -0.012712 0.007738
v -0.038939 -0.012712 0.007738
v -0.038939 -0.012712 0.007738
v -0.038939 -0.012712 0.007738
v -0.038939 -0.012712 0.007738
v -0.038939 -0.012712 0.007738
v -0.038950 -0.016528 0.007919
v -0.038950 -0.016528 0.007919
v -0.038950 -0.016528 0.007919
v -0.038950 -0.016528 0.007919
v -0.038950 -0.016528 0.007919
v -0.038950 -0.016528 0.007919
v -0.038950 -0.016528 0.007919
v -0.038950 -0.016528 0.007919
v -0.040207 0.015965 -0.009092
v -0.040207 0.015965 -0.009092
v -0.040207 0.015965 -0.009092
v -0.040207 0.015965 -0.009092
v -0.040207 0.015965 -0.009092
v -0.040207 0.015965 -0.009092
v -0.040443 0.018768 -0.008847
v -0.040443 0.018768 -0.008847
v -0.040443 0.018768 -0.008847
v -0.040443 0.018768 -0.008847
v -0.040443 0.018768 -0.008847
v -0.040443 0.018768 -0.008847
v -0.007095 -0.005496 -0.009250
v 0.000513 -0.006230 -0.009282
v 0.001498 -0.006344 -0.009294
v 0.001488 -0.007307 -0.009300
v 0.001488 -0.007307 -0.009300
v -0.039052 -0.020371 0.008013
v -0.039052 -0.020371 0.008013
v -0.039052 -0.020371 0.008013
v -0.039052 -0.020371 0.008013
v -0.039052 -0.020371 0.008013
v -0.039052 -0.020371 0.008013
v -0.039052 -0.020371 0.008013
v -0.039373 -0.020338 0.007740
v -0.039373 -0.020338 0.007740
v -0.039373 -0.020338 0.007740
v -0.039373 -0.020338 0.007740
v -0.039373 -0.020338 0.007740
v -0.039373 -0.020338 0.007740
v -0.000357 0.000275 -0.009384
v 0.000368 0.000375 -0.009383
v 0.001152 -0.000035 -0.009370
v 0.000715 0.010540 -0.009209
v -0.030128 -0.019811 -0.009319
v -0.030128 -0.019811 -0.009319
v -0.030128 -0.019811 -0.009319
v -0.030128 -0.019811 -0.009319
v -0.030128 -0.019811 -0.009319
v -0.030128 -0.019811 -0.009319
v -0.030128 -0.019811 -0.009319
v -0.033588 -0.020103 -0.009112
v -0.033588 -0.020103 -0.009112
v -0.033588 -0.020103 -0.009112
v -0.033588 -0.020103 -0.009112
v -0.037436 -0.019953 -0.009322
v -0.037436 -0.019953 -0.009322
v -0.037436 -0.019953 -0.009322
v -0.037436 -0.019953 -0.009322
v -0.037436 -0.019953 -0.009322
v -0.037436 -0.019953 -0.009322
v -0.037436 -0.019953 -0.009322
v -0.002517 0.009385 -0.009275
v -0.002311 0.010210 -0.009248
v -0.015683 0.004016 -0.009375
v -0.015683 0.004016 -0.009375
v -0.028700 -0.021026 0.000356
v 0.037898 -0.020633 0.007564
v 0.037898 -0.020633 0.007564
v 0.037898 -0.020633 0.007564
v 0.037898 -0.020633 0.007564
v 0.037898 -0.020633 0.007564
v -0.021753 -0.020930 -0.001400
v -0.034940 -0.002165 0.008847
v -0.034940 -0.002165 0.008847
v -0.034940 -0.002165 0.008847
v -0.039070 -0.014000 0.008640
v -0.039070 -0.014000 0.008640
v -0.039070 -0.014000 0.008640
v -0.039070 -0.014000 0.008640
v -0.039044 -0.013938 0.008067
v -0.039044 -0.013938 0.008067
v -0.039044 -0.013938 0.008067
v -0.039044 -0.013938 0.008067
v -0.038937 -0.013576 0.007789
v -0.038937 -0.013576 0.007789
v -0.038937 -0.013576 0.007789
v -0.038937 -0.013576 0.007789
v -0.038937 -0.013576 0.007789
v -0.015876 -0.020776 -0.003536
v -0.009248 -0.020503 -0.007037
v -0.008745 -0.020493 -0.007496
v -0.008745 -0.020493 -0.007496
v -0.008745 -0.020493 -0.007496
v -0.008771 -0.020517 -0.006230
v -0.008771 -0.020517 -0.006230
v -0.008771 -0.020517 -0.006230
v -0.008771 -0.020517 -0.006230
v -0.019651 0.001176 -0.009390
v -0.019651 0.001176 -0.009390
v -0.019651 0.001176 -0.009390
v -0.017475 0.001132 -0.009392
v -0.017475 0.001132 -0.009392
v -0.001759 0.020523 -0.007823
v -0.001759 0.020523 -0.007823
v -0.001759 0.020523 -0.007823
v -0.001759 0.020523 -0.007823
v -0.001741 0.020518 -0.008374
v -0.001741 0.020518 -0.008374
v -0.001741 0.020518 -0.008374
v -0.001741 0.020518 -0.008374
v -0.001741 0.020518 -0.008374
v -0.002254 0.020522 -0.008253
v -0.002254 0.020522 -0.008253
v -0.002254 0.020522 -0.008253
v -0.003073 0.020509 -0.008356
v -0.003073 0.020509 -0.008356
v 0.002571 0.020474 -0.008503
v 0.002571 0.020474 -0.008503
v 0.002571 0.020474 -0.008503
v 0.002571 0.020474 -0.008503
v 0.002571 0.020474 -0.008503
v 0.002571 0.020474 -0.008503
v -0.036065 -0.006134 0.008790
v -0.022548 -0.006073 -0.009331
v -0.022548 -0.006073 -0.009331
v -0.022548 -0.006073 -0.009331
v -0.037455 0.008831 -0.009455
v -0.037455 0.008831 -0.009455
v -0.007489 -0.020047 -0.008833
v -0.007489 -0.020047 -0.008833
v -0.007489 -0.020047 -0.008833
v -0.038710 -0.017621 0.007683
v -0.038710 -0.017621 0.007683
v -0.038710 -0.017621 0.007683
v -0.038710 -0.017621 0.007683
v -0.038710 -0.017621 0.007683
v -0.038710 -0.017621 0.007683
v -0.037758 -0.020550 -0.006007
v -0.037758 -0.020550 -0.006007
v -0.037758 -0.020550 -0.006007
v -0.037758 -0.020550 -0.006007
v -0.037758 -0.020550 -0.006007
v -0.036988 -0.020681 -0.005108
v -0.036988 -0.020681 -0.005108
v -0.036988 -0.020681 -0.005108
v -0.036988 -0.020681 -0.005108
v -0.038255 -0.020695 -0.002133
v -0.038255 -0.020695 -0.002133
v -0.038758 -0.011318 0.008745
v -0.038758 -0.011318 0.008745
v -0.038758 -0.011318 0.008745
v -0.038758 -0.011318 0.008745
v -0.038758 -0.011318 0.008745
v -0.003471 -0.015687 -0.009587
v -0.003471 -0.015687 -0.009587
v -0.001748 -0.015931 -0.009614
v -0.001748 -0.015931 -0.009614
v -0.001748 -0.015931 -0.009614
v -0.008484 -0.018447 -0.009521
v -0.038682 -0.013622 0.008819
v -0.038682 -0.013622 0.008819
v -0.038682 -0.013622 0.008819
v -0.038682 -0.013622 0.008819
v -0.038682 -0.013622 0.008819
v -0.003122 -0.019048 -0.009568
v -0.003122 -0.019048 -0.009568
v -0.003122 -0.019048 -0.009568
v -0.003122 -0.019048 -0.009568
v -0.003122 -0.019048 -0.009568
v -0.005518 -0.019323 -0.009501
v -0.005518 -0.019323 -0.009501
v -0.005518 -0.019323 -0.009501
v -0.005518 -0.019323 -0.009501
v -0.040500 0.020466 0.006910
v -0.040500 0.020466 0.006910
v -0.040500 0.020466 0.006910
v -0.040500 0.020466 0.006910
v -0.038905 -0.017103 0.008012
v -0.038905 -0.017103 0.008012
v -0.038905 -0.017103 0.008012
v -0.038905 -0.017103 0.008012
v -0.038905 -0.017103 0.008012
v -0.038905 -0.017103 0.008012
v -0.038786 -0.017577 0.007949
v -0.038786 -0.017577 0.007949
v -0.038786 -0.017577 0.007949
v -0.038786 -0.017577 0.007949
v -0.038786 -0.017577 0.007949
v -0.038980 -0.017575 0.008167
v -0.038980 -0.017575 0.008167
v -0.038980 -0.017575 0.008167
v -0.038980 -0.017575 0.008167
v -0.038980 -0.017575 0.008167
v -0.038844 -0.016658 0.007757
v -0.038844 -0.016658 0.007757
v -0.038844 -0.016658 0.007757
v -0.039035 -0.015153 0.008009
v -0.039035 -0.015153 0.008009
v -0.039035 -0.015153 0.008009
v -0.039106 -0.014540 0.008342
v -0.039106 -0.014540 0.008342
v -0.039106 -0.014540 0.008342
v -0.039106 -0.014540 0.008342
v -0.039106 -0.014540 0.008342
v -0.039106 -0.014540 0.008342
v -0.039106 -0.014540 0.008342
v -0.035356 -0.008692 0.008816
v -0.036491 -0.007783 0.008788
v -0.039099 -0.014873 0.008628
v -0.039099 -0.014873 0.008628
v -0.039099 -0.014873 0.008628
v -0.039099 -0.014873 0.008628
v -0.038775 -0.018144 0.007894
v -0.038775 -0.018144 0.007894
v -0.038775 -0.018144 0.007894
v -0.038908 -0.018537 0.007936
v -0.038908 -0.018537 0.007936
v -0.038642 -0.017750 0.007806
v -0.038642 -0.017750 0.007806
v -0.038642 -0.017750 0.007806
v -0.038642 -0.017750 0.007806
v -0.038642 -0.017750 0.007806
v -0.038642 -0.017750 0.007806
v -0.038642 -0.017750 0.007806
v -0.038964 -0.018208 0.008143
v -0.038964 -0.018208 0.008143
v -0.038964 -0.018208 0.008143
v -0.038964 -0.018208 0.008143
v -0.038964 -0.018208 0.008143
v -0.038964 -0.018208 0.008143
v -0.038758 -0.016958 0.007825
v -0.038758 -0.016958 0.007825
v -0.038758 -0.016958 0.007825
v -0.038758 -0.016958 0.007825
v -0.039071 -0.017068 0.008855
v -0.039071 -0.017068 0.008855
v -0.039071 -0.017068 0.008855
v -0.039071 -0.017068 0.008855
v -0.039071 -0.017068 0.008855
v -0.039138 -0.017766 0.008745
v -0.039138 -0.017766 0.008745
v -0.039138 -0.017766 0.008745
v -0.039138 -0.017766 0.008745
v -0.039138 -0.017766 0.008745
v -0.039138 -0.017766 0.008745
v -0.039138 -0.017766 0.008745
v -0.039136 -0.018731 0.008829
v -0.039136 -0.018731 0.008829
v -0.039136 -0.018731 0.008829
v -0.039136 -0.018731 0.008829
v -0.039136 -0.018731 0.008829
v -0.031500 0.008078 0.009135
v -0.030135 0.008720 0.009184
v -0.003741 -0.001547 -0.009318
v -0.003659 0.000063 -0.009359
v -0.003659 0.000063 -0.009359
v -0.002742 -0.002010 -0.009312
v -0.039128 -0.015911 0.008646
v -0.039128 -0.015911 0.008646
v -0.039128 -0.015911 0.008646
v -0.039142 -0.016980 0.008686
v -0.039142 -0.016980 0.008686
v -0.039142 -0.016980 0.008686
v -0.039142 -0.016980 0.008686
v -0.039142 -0.016980 0.008686
v -0.039142 -0.016980 0.008686
v -0.039274 -0.019164 0.007671
v -0.039274 -0.019164 0.007671
v -0.039274 -0.019164 0.007671
v -0.039274 -0.019164 0.007671
v -0.039274 -0.019164 0.007671
v -0.039274 -0.019164 0.007671
v -0.039051 -0.019467 0.007953
v -0.039051 -0.019467 0.007953
v -0.039051 -0.019467 0.007953
v -0.039051 -0.019467 0.007953
v -0.039051 -0.019467 0.007953
v -0.039051 -0.019467 0.007953
v -0.039038 -0.019322 0.007814
v -0.039038 -0.019322 0.007814
v -0.039038 -0.019322 0.007814
v -0.039038 -0.019322 0.007814
v -0.039038 -0.019322 0.007814
v -0.039034 -0.019641 0.007837
v -0.039034 -0.019641 0.007837
v -0.039034 -0.019641 0.007837
v -0.039034 -0.019641 0.007837
v -0.039034 -0.019641 0.007837
v -0.016621 0.020615 0.001216
v -0.015716 0.020621 0.002177
v -0.040738 -0.017659 0.003100
v -0.040738 -0.017659 0.003100
v -0.040738 -0.017659 0.003100
v -0.040738 -0.017659 0.003100
v -0.040738 -0.017659 0.003100
v -0.004466 0.000851 -0.009381
v 0.000168 0.005673 -0.009339
v -0.000832 0.004063 -0.009377
v -0.039432 0.020534 0.007174
v -0.039432 0.020534 0.007174
v -0.039432 0.020534 0.007174
v 0.003916 0.020622 -0.008317
v 0.003916 0.020622 -0.008317
v 0.003916 0.020622 -0.008317
v 0.003916 0.020622 -0.008317
v 0.003916 0.020622 -0.008317
v 0.003916 0.020622 -0.008317
v 0.003916 0.020622 -0.008317
v 0.003916 0.020622 -0.008317
v 0.003505 0.020469 -0.008496
v 0.003505 0.020469 -0.008496
v 0.003505 0.020469 -0.008496
v 0.003505 0.020469 -0.008496
v -0.002360 -0.005387 -0.009270
v -0.002360 -0.005387 -0.009270
v 0.009051 -0.000621 -0.009392
v 0.010446 -0.001129 -0.009395
v 0.010446 -0.001129 -0.009395
v 0.008369 -0.001559 -0.009382
v -0.039799 0.020464 0.006744
v -0.039799 0.020464 0.006744
v -0.039799 0.020464 0.006744
v -0.039799 0.020464 0.006744
v -0.039799 0.020464 0.006744
v -0.039799 0.020464 0.006744
v -0.008805 -0.020367 -0.008353
v -0.008805 -0.020367 -0.008353
v -0.008805 -0.020367 -0.008353
v -0.008805 -0.020367 -0.008353
v -0.008805 -0.020367 -0.008353
v -0.008805 -0.020367 -0.008353
v -0.008805 -0.020367 -0.008353
v -0.007552 -0.020475 -0.007902
v -0.007552 -0.020475 -0.007902
v -0.007552 -0.020475 -0.007902
v -0.007552 -0.020475 -0.007902
v -0.008476 -0.020489 -0.007798
v -0.008476 -0.020489 -0.007798
v -0.008476 -0.020489 -0.007798
v -0.008476 -0.020489 -0.007798
v -0.040481 0.019893 -0.008476
v -0.040481 0.019893 -0.008476
v -0.040481 0.019893 -0.008476
v -0.040481 0.019893 -0.008476
v -0.027851 -0.021015 0.000075
v -0.039616 0.020506 0.006580
v -0.039616 0.020506 0.006580
v -0.039616 0.020506 0.006580
v -0.039616 0.020506 0.006580
v -0.039616 0.020506 0.006580
v -0.039616 0.020506 0.006580
v -0.039457 0.020404 0.006301
v -0.039457 0.020404 0.006301
v -0.039457 0.020404 0.006301
v 0.000257 0.003318 -0.009394
v 0.001787 0.003122 -0.009400
v -0.001550 0.002711 -0.009398
v 0.038678 -0.013962 0.008424
v 0.038678 -0.013962 0.008424
v 0.038678 -0.013962 0.008424
v 0.038678 -0.013962 0.008424
v -0.004668 0.000011 -0.009366
v -0.003706 0.001125 -0.009384
v 0.002270 0.014094 -0.009041
v 0.000390 0.014361 -0.009055
v -0.002714 0.008435 -0.009295
v -0.001900 0.006986 -0.009319
v -0.003017 0.007772 -0.009307
v -0.041015 0.011107 0.006598
v -0.041015 0.011107 0.006598
v -0.005028 -0.003273 -0.009274
v -0.005028 -0.003273 -0.009274
v -0.039113 -0.016622 0.008416
v -0.039113 -0.016622 0.008416
v -0.039113 -0.016622 0.008416
v -0.039113 -0.016622 0.008416
v -0.039111 -0.015544 0.008356
v -0.039111 -0.015544 0.008356
v -0.039111 -0.015544 0.008356
v -0.039111 -0.015544 0.008356
v -0.039058 -0.016091 0.008099
v -0.039058 -0.016091 0.008099
v -0.039058 -0.016091 0.008099
v -0.039058 -0.016091 0.008099
v -0.039058 -0.016091 0.008099
v -0.039058 -0.016091 0.008099
v -0.039139 -0.018533 0.008608
v -0.039139 -0.018533 0.008608
v -0.039139 -0.018533 0.008608
v -0.039166 -0.019368 0.008542
v -0.039166 -0.019368 0.008542
v -0.039166 -0.019368 0.008542
v -0.039166 -0.019368 0.008542
v -0.039099 -0.017771 0.008442
v -0.039099 -0.017771 0.008442
v -0.039099 -0.017771 0.008442
v -0.039099 -0.017771 0.008442
v -0.039099 -0.017771 0.008442
v -0.039099 -0.017771 0.008442
v -0.039053 -0.016980 0.008179
v -0.039053 -0.016980 0.008179
v -0.039053 -0.016980 0.008179
v -0.039053 -0.016980 0.008179
v -0.039053 -0.016980 0.008179
v -0.031756 0.018541 0.009413
v -0.031756 0.018541 0.009413
v -0.034092 0.017775 0.009331
v -0.039055 -0.018965 0.008138
v -0.039055 -0.018965 0.008138
v -0.039055 -0.018965 0.008138
v -0.039055 -0.018965 0.008138
v -0.039055 -0.018965 0.008138
v -0.039055 -0.018965 0.008138
v -0.039055 -0.018965 0.008138
v -0.039055 -0.018965 0.008138
v -0.039055 -0.018965 0.008138
v -0.039055 -0.018965 0.008138
v -0.032876 0.019205 0.009387
v -0.032876 0.019205 0.009387
v -0.032876 0.019205 0.009387
v -0.038025 -0.011878 0.008809
v -0.038025 -0.011878 0.008809
v -0.036323 -0.012067 0.008860
v 0.033133 -0.009874 0.008718
v -0.041029 0.020061 0.006768
v -0.041029 0.020061 0.006768
v -0.041029 0.020061 0.006768
v -0.041029 0.020061 0.006768
v -0.041029 0.020061 0.006768
v -0.041029 0.020061 0.006768
v -0.041093 0.018276 0.006813
v -0.041093 0.018276 0.006813
v -0.041093 0.018276 0.006813
v -0.041093 0.018276 0.006813
v -0.041093 0.018276 0.006813
v -0.039094 -0.013569 0.008427
v -0.039094 -0.013569 0.008427
v -0.039094 -0.013569 0.008427
v 0.039218 -0.016070 0.007651
v 0.039218 -0.016070 0.007651
v 0.039218 -0.016070 0.007651
v -0.039117 -0.020133 0.008373
v -0.039117 -0.020133 0.008373
v -0.039117 -0.020133 0.008373
v -0.039117 -0.020133 0.008373
v -0.039117 -0.020133 0.008373
v -0.006770 -0.009383 -0.009325
v -0.008190 0.020555 -0.002368
v -0.007346 0.020556 -0.002904
v -0.023967 -0.020947 -0.001706
v -0.026598 0.019444 0.009464
v -0.026598 0.019444 0.009464
v -0.026598 0.019444 0.009464
v -0.026598 0.019444 0.009464
v 0.035587 -0.018157 0.008385
v 0.035587 -0.018157 0.008385
v -0.033615 0.018242 -0.009065
v -0.033615 0.018242 -0.009065
v -0.032911 0.015798 -0.009182
v -0.034742 0.016066 -0.009213
v 0.004166 0.007208 -0.009282
v 0.002566 0.007560 -0.009278
v 0.003194 0.008462 -0.009248
v -0.019483 -0.001875 -0.009352
v -0.020237 -0.001857 -0.009365
v -0.019828 -0.001149 -0.009369
v -0.019828 -0.001149 -0.009369
v -0.019828 -0.001149 -0.009369
v -0.014305 0.020608 0.003060
v -0.014305 0.020608 0.003060
v -0.014844 0.020615 0.002798
v -0.003119 0.000830 -0.009377
v -0.003049 0.001205 -0.009385
v -0.040316 -0.020278 -0.002159
v -0.040316 -0.020278 -0.002159
v -0.040316 -0.020278 -0.002159
v -0.040316 -0.020278 -0.002159
v -0.040364 -0.020270 -0.001497
v -0.040364 -0.020270 -0.001497
v -0.040364 -0.020270 -0.001497
v -0.040364 -0.020270 -0.001497
v -0.040364 -0.020270 -0.001497
v -0.040364 -0.020270 -0.001497
v -0.040364 -0.020270 -0.001497
v 0.000019 0.010340 -0.009223
v 0.000932 0.009624 -0.009235
v -0.000673 0.010083 -0.009237
v -0.038262 0.020831 0.000636
v -0.038262 0.020831 0.000636
v -0.038262 0.020831 0.000636
v -0.038262 0.020831 0.000636
v -0.038262 0.020831 0.000636
v -0.038357 0.020943 0.003042
v -0.038357 0.020943 0.003042
v -0.038357 0.020943 0.003042
v -0.038357 0.020943 0.003042
v -0.038357 0.020943 0.003042
v -0.038357 0.020943 0.003042
v -0.002494 -0.008179 -0.009307
v 0.000061 -0.006851 -0.009287
v 0.000061 -0.006851 -0.009287
v 0.000061 -0.006851 -0.009287
v -0.026298 0.020783 0.006721
v -0.038630 -0.017356 0.007765
v -0.038630 -0.017356 0.007765
v -0.038630 -0.017356 0.007765
v -0.038630 -0.017356 0.007765
v -0.038630 -0.017356 0.007765
v -0.038630 -0.017356 0.007765
v -0.004685 -0.004092 -0.009263
v 0.039087 -0.010204 0.007163
v 0.039087 -0.010204 0.007163
v 0.039087 -0.010204 0.007163
v 0.039087 -0.010204 0.007163
v 0.039087 -0.010204 0.007163
v 0.039087 -0.010204 0.007163
v 0.039106 -0.009553 0.007268
v 0.039106 -0.009553 0.007268
v 0.039106 -0.009553 0.007268
v 0.039106 -0.009553 0.007268
v 0.039106 -0.009553 0.007268
v -0.025267 0.020650 -0.002201
v -0.005508 -0.005747 -0.009259
v 0.008582 -0.018733 -0.009648
v 0.008582 -0.018733 -0.009648
v 0.008582 -0.018733 -0.009648
v 0.008582 -0.018733 -0.009648
v 0.007123 -0.018971 -0.009626
v 0.007123 -0.018971 -0.009626
v 0.007123 -0.018971 -0.009626
v 0.005372 -0.018434 -0.009633
v 0.005372 -0.018434 -0.009633
v 0.005372 -0.018434 -0.009633
v 0.005372 -0.018434 -0.009633
v 0.005372 -0.018434 -0.009633
v -0.039065 -0.019809 0.007958
v -0.039065 -0.019809 0.007958
v -0.039065 -0.019809 0.007958
v -0.039065 -0.019809 0.007958
v -0.039065 -0.019809 0.007958
v 0.000273 0.020578 -0.007851
v 0.000273 0.020578 -0.007851
v 0.000273 0.020578 -0.007851
v 0.000273 0.020578 -0.007851
v 0.000273 0.020578 -0.007851
v 0.000273 0.020578 -0.007851
v 0.000273 0.020578 -0.007851
v -0.001306 0.020513 -0.008341
v -0.001306 0.020513 -0.008341
v -0.001306 0.020513 -0.008341
v -0.001306 0.020513 -0.008341
v 0.000100 0.020426 -0.008558
v 0.000100 0.020426 -0.008558
v 0.000100 0.020426 -0.008558
v 0.005214 0.020012 -0.008609
v 0.005214 0.020012 -0.008609
v 0.005214 0.020012 -0.008609
v 0.005214 0.020012 -0.008609
v 0.005214 0.020012 -0.008609
v 0.006855 0.019054 -0.008699
v -0.017956 -0.020875 -0.001558
v -0.018636 -0.020912 -0.000720
v -0.038968 -0.020598 -0.000111
v -0.038968 -0.020598 -0.000111
v -0.038968 -0.020598 -0.000111
v -0.038968 -0.020598 -0.000111
v -0.039399 -0.020316 -0.000689
v -0.039399 -0.020316 -0.000689
v -0.039399 -0.020316 -0.000689
v -0.039399 -0.020316 -0.000689
v -0.038792 -0.020622 -0.001146
v -0.038792 -0.020622 -0.001146
v -0.038792 -0.020622 -0.001146
v -0.038792 -0.020622 -0.001146
v -0.038792 -0.020622 -0.001146
v -0.038792 -0.020622 -0.001146
v -0.034325 -0.002397 0.008845
v -0.034053 -0.000784 0.008885
v -0.038877 -0.020728 0.000742
v -0.038877 -0.020728 0.000742
v -0.038877 -0.020728 0.000742
v -0.038877 -0.020728 0.000742
v -0.038877 -0.020728 0.000742
v -0.038877 -0.020728 0.000742
v -0.021467 -0.020983 0.001687
v -0.024871 -0.020965 -0.001316
v -0.022511 0.020726 0.006129
v -0.022267 0.020687 0.007585
v -0.022267 0.020687 0.007585
v -0.022267 0.020687 0.007585
v -0.022267 0.020687 0.007585
v -0.032035 0.016381 0.009353
v -0.003162 0.020559 -0.005225
v -0.002578 0.020540 -0.005904
v -0.002578 0.020540 -0.005904
v -0.004262 -0.003307 -0.009270
v -0.004262 -0.003307 -0.009270
v -0.004262 -0.003307 -0.009270
v 0.003140 0.010921 -0.009166
v 0.002919 0.010344 -0.009190
v 0.001859 0.010723 -0.009188
v -0.002626 0.008796 -0.009288
v 0.000108 0.008952 -0.009259
v 0.001269 0.008079 -0.009273
v 0.000357 0.007281 -0.009297
v 0.001766 0.015925 -0.008964
v 0.001009 0.017268 -0.008905
v 0.001607 0.020706 -0.001538
v 0.002641 0.020721 -0.001253
v 0.002835 0.020717 -0.002099
v -0.002683 -0.014457 -0.009548
v -0.000884 -0.014399 -0.009565
v -0.034970 0.000119 0.008894
v -0.034970 0.000119 0.008894
v -0.016340 0.009262 -0.009268
v -0.018721 -0.019377 -0.009412
v -0.018721 -0.019377 -0.009412
v -0.018721 -0.019377 -0.009412
v -0.020481 -0.018589 -0.009387
v -0.015332 -0.020805 -0.002574
v -0.014789 -0.020829 -0.001560
v -0.028563 -0.020928 0.006568
v -0.028563 -0.020928 0.006568
v -0.028563 -0.020928 0.006568
v -0.025805 -0.020912 0.006488
v -0.025805 -0.020912 0.006488
v -0.025805 -0.020912 0.006488
v -0.025805 -0.020912 0.006488
v -0.027010 -0.020879 0.007075
v 0.001634 -0.014931 -0.009619
v -0.001166 -0.015151 -0.009596
v -0.028059 -0.021013 0.002961
v -0.039083 -0.018470 0.008348
v -0.039083 -0.018470 0.008348
v -0.039083 -0.018470 0.008348
v -0.039083 -0.018470 0.008348
v -0.037778 -0.014684 0.008875
v -0.037778 -0.014684 0.008875
v -0.038776 -0.016057 0.008864
v -0.038776 -0.016057 0.008864
v -0.038776 -0.016057 0.008864
v -0.038776 -0.016057 0.008864
v -0.038776 -0.016057 0.008864
v -0.002371 0.001660 -0.009396
v -0.002371 0.001660 -0.009396
v -0.000727 -0.003647 -0.009286
v -0.000986 -0.004174 -0.009272
v -0.000986 -0.004174 -0.009272
v -0.000986 -0.004174 -0.009272
v -0.038856 -0.015076 0.008827
v -0.032798 -0.020767 0.007824
v -0.032798 -0.020767 0.007824
v -0.032798 -0.020767 0.007824
v -0.032100 -0.020804 0.007800
v -0.032100 -0.020804 0.007800
v -0.032100 -0.020804 0.007800
v -0.032100 -0.020804 0.007800
v -0.032100 -0.020804 0.007800
v -0.033121 -0.020502 0.007943
v -0.033121 -0.020502 0.007943
v -0.033121 -0.020502 0.007943
v -0.033121 -0.020502 0.007943
v -0.033121 -0.020502 0.007943
v -0.033121 -0.020502 0.007943
v -0.038116 -0.019802 0.008863
v -0.038116 -0.019802 0.008863
v -0.038116 -0.019802 0.008863
v -0.038116 -0.019802 0.008863
v -0.038116 -0.019802 0.008863
v -0.038116 -0.019802 0.008863
v -0.036975 -0.019919 0.008811
v -0.036975 -0.019919 0.008811
v -0.036975 -0.019919 0.008811
v -0.036975 -0.019919 0.008811
v -0.036975 -0.019919 0.008811
v -0.036975 -0.019919 0.008811
v -0.034935 -0.019793 0.008962
v -0.034935 -0.019793 0.008962
v -0.034935 -0.019793 0.008962
v -0.034935 -0.019793 0.008962
v -0.034935 -0.019793 0.008962
v -0.034935 -0.019793 0.008962
v -0.034935 -0.019793 0.008962
v -0.004569 -0.013912 -0.009504
v -0.004405 -0.014943 -0.009552
v -0.000218 0.008205 -0.009278
v 0.039313 -0.011645 0.008100
v 0.039313 -0.011645 0.008100
v 0.039313 -0.011645 0.008100
v -0.038765 -0.019231 0.008862
v -0.038765 -0.019231 0.008862
v -0.038765 -0.019231 0.008862
v -0.038765 -0.019231 0.008862
v -0.038765 -0.019231 0.008862
v -0.037617 -0.019400 0.008923
v -0.037617 -0.019400 0.008923
v -0.037617 -0.019400 0.008923
v -0.037617 -0.019400 0.008923
v 0.001459 0.012580 -0.009118
v -0.037895 -0.020256 0.008477
v -0.037895 -0.020256 0.008477
v -0.037895 -0.020256 0.008477
v -0.037895 -0.020256 0.008477
v -0.037895 -0.020256 0.008477
v -0.037895 -0.020256 0.008477
v -0.037895 -0.020256 0.008477
v -0.038691 -0.019909 0.008763
v -0.038691 -0.019909 0.008763
v -0.038691 -0.019909 0.008763
v -0.038691 -0.019909 0.008763
v -0.038691 -0.019909 0.008763
v -0.038691 -0.019909 0.008763
v -0.038691 -0.019909 0.008763
v -0.036774 -0.020856 0.008007
v -0.036774 -0.020856 0.008007
v -0.036774 -0.020856 0.008007
v -0.036774 -0.020856 0.008007
v -0.036774 -0.020856 0.008007
v -0.036774 -0.020856 0.008007
v -0.037135 -0.020589 0.008091
v -0.037135 -0.020589 0.008091
v -0.037135 -0.020589 0.008091
v -0.037135 -0.020589 0.008091
v -0.037135 -0.020589 0.008091
v -0.037135 -0.020589 0.008091
v -0.037135 -0.020589 0.008091
v -0.037427 -0.020878 0.008032
v -0.037427 -0.020878 0.008032
v -0.037427 -0.020878 0.008032
v -0.037427 -0.020878 0.008032
v -0.037422 -0.021061 0.007783
v -0.037422 -0.021061 0.007783
v -0.037422 -0.021061 0.007783
v -0.037422 -0.021061 0.007783
v -0.037422 -0.021061 0.007783
v -0.041028 0.017311 0.006882
v -0.041028 0.017311 0.006882
v -0.041028 0.017311 0.006882
v -0.041028 0.017311 0.006882
v -0.009114 -0.020684 -0.002844
v -0.010018 -0.020669 -0.003621
v -0.035068 -0.005910 0.008809
v -0.035068 -0.005910 0.008809
v -0.035068 -0.005910 0.008809
v -0.035068 -0.005910 0.008809
v -0.013479 -0.020707 -0.004070
v -0.002402 0.000218 -0.009370
v -0.011478 0.020627 0.002779
v -0.011478 0.020627 0.002779
v -0.011478 0.020627 0.002779
v -0.010844 0.020626 0.002623
v -0.010692 0.020616 0.002018
v 0.040126 -0.020539 0.005401
v 0.040126 -0.020539 0.005401
v 0.040126 -0.020539 0.005401
v 0.040126 -0.020539 0.005401
v 0.040126 -0.020539 0.005401
v -0.038825 0.020025 -0.008971
v -0.038825 0.020025 -0.008971
v -0.038825 0.020025 -0.008971
v -0.038825 0.020025 -0.008971
v -0.038825 0.020025 -0.008971
v -0.038825 0.020025 -0.008971
v -0.038825 0.020025 -0.008971
v -0.038825 0.020025 -0.008971
v -0.012843 0.020622 0.004201
v -0.012843 0.020622 0.004201
v -0.012843 0.020622 0.004201
v -0.012843 0.020622 0.004201
v -0.012843 0.020622 0.004201
v -0.012843 0.020622 0.004201
v -0.013968 0.020624 0.003902
v -0.013968 0.020624 0.003902
v -0.016867 0.020655 0.002966
v -0.007584 0.020594 -0.000968
v -0.011775 0.020606 0.001609
v -0.010987 0.020591 0.000918
v -0.035608 -0.010056 0.008833
v -0.034821 -0.009707 0.008837
v 0.002411 0.020612 -0.008221
v 0.002411 0.020612 -0.008221
v 0.002411 0.020612 -0.008221
v 0.002411 0.020612 -0.008221
v 0.002411 0.020612 -0.008221
v 0.002411 0.020612 -0.008221
v 0.003050 0.020626 -0.008180
v 0.003050 0.020626 -0.008180
v 0.003050 0.020626 -0.008180
v 0.003050 0.020626 -0.008180
v 0.003050 0.020626 -0.008180
v -0.009575 0.020530 -0.002683
v 0.001018 0.020615 -0.008260
v 0.001018 0.020615 -0.008260
v 0.001018 0.020615 -0.008260
v 0.001018 0.020615 -0.008260
v 0.001018 0.020615 -0.008260
v 0.001018 0.020615 -0.008260
v 0.001622 0.020613 -0.008167
v 0.001622 0.020613 -0.008167
v -0.001782 0.020590 -0.005176
v -0.005536 0.020516 -0.005292
v -0.005536 0.020516 -0.005292
v -0.036694 -0.000976 0.008821
v -0.000952 0.006418 -0.009325
v -0.000431 0.007736 -0.009290
v -0.015287 0.003221 -0.009374
v -0.028395 0.015920 0.009427
v -0.030267 0.015654 0.009377
v -0.029535 0.011136 0.009266
v -0.039154 -0.019400 0.008780
v -0.039154 -0.019400 0.008780
v -0.039154 -0.019400 0.008780
v -0.039154 -0.019400 0.008780
v -0.039154 -0.019400 0.008780
v -0.039154 -0.019400 0.008780
v -0.013366 -0.020740 -0.003386
v -0.039096 -0.019827 0.008676
v -0.039096 -0.019827 0.008676
v -0.039096 -0.019827 0.008676
v -0.039096 -0.019827 0.008676
v -0.039096 -0.019827 0.008676
v -0.038831 -0.020204 0.008461
v -0.038831 -0.020204 0.008461
v -0.038831 -0.020204 0.008461
v -0.038831 -0.020204 0.008461
v -0.038831 -0.020204 0.008461
v -0.010019 -0.020512 -0.006916
v -0.010019 -0.020512 -0.006916
v -0.036320 -0.021026 0.007713
v -0.036320 -0.021026 0.007713
v -0.036320 -0.021026 0.007713
v -0.002189 -0.003724 -0.009280
v -0.002189 -0.003724 -0.009280
v -0.000803 0.001994 -0.009408
v -0.030904 -0.020804 0.007785
v -0.030904 -0.020804 0.007785
v -0.030904 -0.020804 0.007785
v -0.030904 -0.020804 0.007785
v -0.030904 -0.020804 0.007785
v -0.030904 -0.020804 0.007785
v -0.030904 -0.020804 0.007785
v -0.030904 -0.020804 0.007785
v -0.030904 -0.020804 0.007785
v -0.031518 -0.020900 0.007473
v -0.031518 -0.020900 0.007473
v -0.031518 -0.020900 0.007473
v -0.029981 -0.020876 0.007375
v -0.029981 -0.020876 0.007375
v -0.029981 -0.020876 0.007375
v 0.002258 -0.017760 -0.009649
v 0.002258 -0.017760 -0.009649
v 0.000634 -0.017812 -0.009636
v 0.000634 -0.017812 -0.009636
v 0.000634 -0.017812 -0.009636
v 0.000464 -0.015878 -0.009634
v 0.000464 -0.015878 -0.009634
v -0.025194 -0.020998 0.001390
v -0.024241 -0.020997 0.002360
v -0.026183 -0.021003 0.002097
v -0.008230 -0.020490 -0.007138
v -0.008230 -0.020490 -0.007138
v -0.038646 -0.017432 0.008886
v -0.038646 -0.017432 0.008886
v -0.038646 -0.017432 0.008886
v -0.033632 -0.019850 0.008938
v -0.033632 -0.019850 0.008938
v -0.033632 -0.019850 0.008938
v -0.033632 -0.019850 0.008938
v -0.033632 -0.019850 0.008938
v -0.030827 -0.019957 0.008870
v -0.030827 -0.019957 0.008870
v -0.030827 -0.019957 0.008870
v -0.030827 -0.019957 0.008870
v -0.029696 -0.019939 0.008867
v -0.029696 -0.019939 0.008867
v -0.029696 -0.019939 0.008867
v -0.029696 -0.019939 0.008867
v -0.029696 -0.019939 0.008867
v -0.029696 -0.019939 0.008867
v -0.006273 -0.020359 -0.008310
v -0.006273 -0.020359 -0.008310
v -0.006273 -0.020359 -0.008310
v -0.006273 -0.020359 -0.008310
v -0.003320 -0.020111 -0.008658
v -0.003320 -0.020111 -0.008658
v -0.003320 -0.020111 -0.008658
v -0.003320 -0.020111 -0.008658
v -0.003320 -0.020111 -0.008658
v -0.003320 -0.020111 -0.008658
v -0.003320 -0.020111 -0.008658
v -0.028818 -0.020646 -0.008248
v -0.028818 -0.020646 -0.008248
v -0.028818 -0.020646 -0.008248
v -0.033480 -0.005516 0.008802
v -0.033480 -0.005516 0.008802
v -0.033480 -0.005516 0.008802
v -0.032932 -0.006611 0.008807
v -0.032932 -0.006611 0.008807
v -0.032932 -0.006611 0.008807
v -0.032602 -0.005189 0.008814
v -0.032602 -0.005189 0.008814
v -0.040032 -0.020190 0.000902
v -0.040032 -0.020190 0.000902
v -0.040032 -0.020190 0.000902
v -0.040032 -0.020190 0.000902
v -0.004706 -0.010697 -0.009373
v -0.032350 0.010354 0.009167
v -0.034940 -0.004893 0.008815
v -0.039097 -0.017948 0.008858
v -0.039097 -0.017948 0.008858
v -0.039097 -0.017948 0.008858
v -0.039097 -0.017948 0.008858
v -0.036334 -0.020361 0.008185
v -0.036334 -0.020361 0.008185
v -0.036334 -0.020361 0.008185
v -0.036334 -0.020361 0.008185
v -0.036334 -0.020361 0.008185
v -0.036334 -0.020361 0.008185
v -0.035781 -0.020509 0.007957
v -0.035781 -0.020509 0.007957
v -0.035781 -0.020509 0.007957
v -0.035781 -0.020509 0.007957
v -0.035002 -0.020374 0.008093
v -0.035002 -0.020374 0.008093
v -0.035002 -0.020374 0.008093
v -0.035002 -0.020374 0.008093
v -0.036526 -0.020504 0.008016
v -0.036526 -0.020504 0.008016
v -0.036526 -0.020504 0.008016
v -0.036526 -0.020504 0.008016
v -0.036526 -0.020504 0.008016
v -0.036526 -0.020504 0.008016
v -0.035232 -0.020555 0.007891
v -0.035232 -0.020555 0.007891
v -0.035232 -0.020555 0.007891
v -0.035232 -0.020555 0.007891
v -0.035232 -0.020555 0.007891
v -0.035232 -0.020555 0.007891
v -0.035232 -0.020555 0.007891
v -0.034840 -0.020577 0.007890
v -0.034840 -0.020577 0.007890
v -0.034840 -0.020577 0.007890
v -0.034840 -0.020577 0.007890
v -0.007163 0.020528 -0.004084
v -0.007502 0.020625 0.000833
v -0.008434 0.020622 0.001208
v -0.007367 0.020641 0.001886
v -0.027858 -0.020996 0.004457
v -0.029265 -0.021012 0.004454
v -0.001252 0.020557 -0.006158
v -0.001252 0.020557 -0.006158
v -0.020623 -0.020960 0.000371
v -0.040825 -0.003504 -0.000093
v -0.040825 -0.003504 -0.000093
v -0.040825 -0.003504 -0.000093
v -0.040829 -0.001115 -0.001153
v -0.040829 -0.001115 -0.001153
v -0.040829 -0.001115 -0.001153
v 0.005880 0.020730 -0.008206
v 0.005880 0.020730 -0.008206
v 0.005880 0.020730 -0.008206
v 0.005880 0.020730 -0.008206
v 0.005880 0.020730 -0.008206
v 0.005880 0.020730 -0.008206
v 0.005482 0.020620 -0.008376
v 0.004626 0.020679 -0.008286
v 0.004626 0.020679 -0.008286
v 0.004626 0.020679 -0.008286
v 0.004626 0.020679 -0.008286
v 0.004626 0.020679 -0.008286
v 0.000334 0.020583 -0.008354
v 0.000334 0.020583 -0.008354
v 0.000334 0.020583 -0.008354
v 0.000334 0.020583 -0.008354
v 0.000334 0.020583 -0.008354
v 0.004288 0.020682 -0.008176
v 0.004288 0.020682 -0.008176
v 0.004288 0.020682 -0.008176
v 0.004288 0.020682 -0.008176
v 0.004288 0.020682 -0.008176
v 0.004288 0.020682 -0.008176
v 0.003567 0.020650 -0.008082
v 0.003567 0.020650 -0.008082
v 0.003567 0.020650 -0.008082
v 0.003567 0.020650 -0.008082
v -0.021225 -0.012581 -0.009375
v -0.001533 0.010331 -0.009237
v -0.000047 0.018157 -0.008876
v -0.000047 0.018157 -0.008876
v 0.000003 0.012744 -0.009129
v -0.035340 0.020891 0.001462
v -0.031801 0.020794 0.000079
v -0.034070 0.020845 0.000632
v 0.002020 0.008989 -0.009242
v -0.019009 -0.003959 -0.009295
v -0.019009 -0.003959 -0.009295
v -0.019009 -0.003959 -0.009295
v -0.019009 -0.003959 -0.009295
v -0.025539 -0.020993 0.000206
v -0.034152 -0.016900 0.008956
v -0.035257 -0.019375 0.008970
v -0.035257 -0.019375 0.008970
v -0.035257 -0.019375 0.008970
v -0.034075 -0.018438 0.008973
v -0.017246 -0.020823 -0.002831
v -0.008808 0.020564 -0.001545
v -0.034279 -0.020338 0.008129
v -0.034279 -0.020338 0.008129
v -0.034279 -0.020338 0.008129
v -0.034279 -0.020338 0.008129
v -0.034279 -0.020338 0.008129
v -0.034322 -0.020172 0.008463
v -0.034322 -0.020172 0.008463
v -0.034322 -0.020172 0.008463
v -0.035306 -0.020151 0.008523
v -0.035306 -0.020151 0.008523
v -0.035306 -0.020151 0.008523
v -0.034638 -0.020741 0.007896
v -0.034638 -0.020741 0.007896
v -0.034392 -0.020610 0.007882
v -0.034392 -0.020610 0.007882
v -0.034392 -0.020610 0.007882
v -0.034392 -0.020610 0.007882
v -0.034392 -0.020610 0.007882
v -0.034173 -0.020981 0.007300
v -0.034173 -0.020981 0.007300
v -0.034173 -0.020981 0.007300
v -0.034173 -0.020981 0.007300
v -0.034173 -0.020981 0.007300
v -0.035492 -0.021022 0.007290
v -0.035492 -0.021022 0.007290
v -0.019283 0.020344 -0.008439
v -0.019283 0.020344 -0.008439
v -0.019283 0.020344 -0.008439
v -0.019283 0.020344 -0.008439
v -0.019268 0.020249 -0.008751
v -0.019268 0.020249 -0.008751
v -0.019268 0.020249 -0.008751
v -0.019268 0.020249 -0.008751
v -0.019268 0.020249 -0.008751
v -0.019268 0.020249 -0.008751
v -0.019268 0.020249 -0.008751
v -0.019268 0.020249 -0.008751
v 0.039104 -0.012051 0.007301
v 0.039104 -0.012051 0.007301
v 0.039243 -0.013299 0.007717
v 0.039243 -0.013299 0.007717
v 0.039243 -0.013299 0.007717
v 0.039243 -0.013299 0.007717
v 0.039243 -0.013299 0.007717
v 0.002263 0.020604 -0.007690
v 0.002263 0.020604 -0.007690
v 0.002263 0.020604 -0.007690
v 0.002263 0.020604 -0.007690
v 0.001109 0.020583 -0.007069
v 0.001109 0.020583 -0.007069
v 0.001109 0.020583 -0.007069
v 0.002253 0.020591 -0.006921
v 0.002253 0.020591 -0.006921
v 0.002253 0.020591 -0.006921
v 0.039102 -0.009577 0.007136
v 0.039102 -0.009577 0.007136
v 0.039102 -0.009577 0.007136
v 0.039102 -0.009577 0.007136
v 0.039102 -0.009577 0.007136
v 0.039214 -0.008164 0.007103
v 0.039214 -0.008164 0.007103
v 0.039214 -0.008164 0.007103
v 0.039214 -0.008164 0.007103
v 0.039214 -0.008164 0.007103
v 0.039214 -0.008164 0.007103
v 0.039121 -0.008513 0.007178
v 0.039121 -0.008513 0.007178
v 0.039121 -0.008513 0.007178
v 0.039121 -0.008513 0.007178
v 0.039121 -0.008513 0.007178
v 0.039121 -0.008513 0.007178
v -0.016580 0.020208 -0.008703
v -0.016580 0.020208 -0.008703
v -0.016580 0.020208 -0.008703
v -0.016580 0.020208 -0.008703
v -0.029344 -0.009510 0.008922
v -0.029344 -0.009510 0.008922
v -0.030556 -0.008268 0.008874
v -0.030556 -0.008268 0.008874
v -0.031381 -0.009426 0.008879
v -0.020377 0.020707 0.004106
v -0.009351 -0.020492 -0.007820
v -0.009351 -0.020492 -0.007820
v -0.016988 0.011281 -0.009222
v -0.015284 0.012801 -0.009169
v -0.018803 0.008366 -0.009305
v -0.017702 0.009777 -0.009266
v -0.015877 0.013762 -0.009145
v -0.016853 0.013686 -0.009154
v -0.026727 -0.021002 0.003197
v 0.010409 0.009189 -0.009174
v 0.010290 0.008137 -0.009214
v 0.009385 0.008583 -0.009203
v -0.017849 -0.020923 -0.000233
v -0.016618 -0.020898 -0.000544
v 0.001847 0.006454 -0.009312
v -0.039412 0.020703 0.006604
v -0.039412 0.020703 0.006604
v -0.039412 0.020703 0.006604
v -0.039412 0.020703 0.006604
v -0.039823 0.020338 0.006416
v -0.039823 0.020338 0.006416
v -0.039823 0.020338 0.006416
v -0.039823 0.020338 0.006416
v -0.039823 0.020338 0.006416
v -0.000352 0.006824 -0.009311
v -0.038022 -0.018480 0.008912
v -0.038022 -0.018480 0.008912
v -0.035313 -0.007328 0.008807
v -0.034464 -0.008002 0.008824
v -0.034464 -0.008002 0.008824
v -0.034464 -0.008002 0.008824
v -0.035415 -0.016986 0.008941
v -0.035781 -0.014649 0.008910
v -0.037190 -0.016902 0.008918
v -0.039604 0.020624 0.006790
v -0.039604 0.020624 0.006790
v -0.039604 0.020624 0.006790
v -0.039604 0.020624 0.006790
v -0.039604 0.020624 0.006790
v -0.040332 0.014959 -0.008743
v -0.040332 0.014959 -0.008743
v -0.040332 0.014959 -0.008743
v -0.040332 0.014959 -0.008743
v -0.040185 0.010498 -0.008477
v -0.040185 0.010498 -0.008477
v -0.040185 0.010498 -0.008477
v -0.040185 0.010498 -0.008477
v -0.040185 0.010498 -0.008477
v -0.040185 0.010498 -0.008477
v -0.040415 0.013638 -0.007946
v -0.040415 0.013638 -0.007946
v -0.036286 -0.020700 0.007969
v -0.036286 -0.020700 0.007969
v -0.036286 -0.020700 0.007969
v -0.036286 -0.020700 0.007969
v -0.036286 -0.020700 0.007969
v -0.036286 -0.020700 0.007969
v -0.041110 0.012252 0.005337
v -0.041110 0.012252 0.005337
v -0.041079 0.009778 0.004646
v -0.041079 0.009778 0.004646
v -0.041079 0.009778 0.004646
v -0.020904 0.020703 0.005600
v -0.036914 -0.006090 0.008770
v -0.036914 -0.006090 0.008770
v -0.033920 -0.020491 0.007948
v -0.033920 -0.020491 0.007948
v -0.033920 -0.020491 0.007948
v -0.033920 -0.020491 0.007948
v -0.033920 -0.020491 0.007948
v -0.033920 -0.020491 0.007948
v -0.033920 -0.020491 0.007948
v -0.033920 -0.020491 0.007948
v -0.033920 -0.020491 0.007948
v -0.034499 -0.020455 0.007960
v -0.034499 -0.020455 0.007960
v -0.034499 -0.020455 0.007960
v -0.034499 -0.020455 0.007960
v -0.034499 -0.020455 0.007960
v -0.034499 -0.020455 0.007960
v -0.036056 -0.020906 0.007930
v -0.036056 -0.020906 0.007930
v -0.036056 -0.020906 0.007930
v -0.036056 -0.020906 0.007930
v -0.036056 -0.020906 0.007930
v -0.036056 -0.020906 0.007930
v -0.032926 -0.015975 0.008960
v -0.034353 -0.015372 0.008935
v -0.034148 -0.006616 0.008812
v -0.037795 -0.020616 0.008198
v -0.037795 -0.020616 0.008198
v -0.037795 -0.020616 0.008198
v -0.037795 -0.020616 0.008198
v -0.037795 -0.020616 0.008198
v -0.012143 0.020555 -0.000450
v -0.014094 0.020575 0.001025
v -0.014094 0.020575 0.001025
v 0.000527 0.001376 -0.009404
v -0.000100 0.001230 -0.009404
v -0.000670 0.020728 0.002100
v -0.000616 0.020741 0.004284
v -0.000616 0.020741 0.004284
v -0.000616 0.020741 0.004284
v 0.000326 0.020737 0.003152
v 0.039167 -0.013007 0.007487
v 0.039167 -0.013007 0.007487
v 0.039167 -0.013007 0.007487
v 0.039167 -0.013007 0.007487
v 0.039167 -0.013007 0.007487
v 0.003820 0.020620 -0.006147
v 0.003820 0.020620 -0.006147
v 0.003820 0.020620 -0.006147
v 0.003665 0.020668 -0.005224
v 0.004802 0.020715 -0.004516
v 0.004802 0.020715 -0.004516
v 0.000708 0.019188 -0.008799
v 0.000708 0.019188 -0.008799
v 0.000708 0.019188 -0.008799
v 0.000281 0.020581 -0.006247
v 0.000281 0.020581 -0.006247
v 0.000281 0.020581 -0.006247
v 0.000281 0.020581 -0.006247
v 0.000281 0.020581 -0.006247
v 0.000281 0.020581 -0.006247
v -0.000536 0.020595 -0.005630
v 0.006198 0.020580 -0.008423
v 0.006198 0.020580 -0.008423
v 0.006198 0.020580 -0.008423
v 0.006198 0.020580 -0.008423
v 0.006198 0.020580 -0.008423
v 0.006198 0.020580 -0.008423
v 0.006198 0.020580 -0.008423
v 0.005763 0.020585 -0.008429
v 0.005763 0.020585 -0.008429
v 0.005763 0.020585 -0.008429
v 0.005763 0.020585 -0.008429
v 0.005763 0.020585 -0.008429
v 0.001740 0.005446 -0.009342
v -0.040761 -0.011854 0.000236
v -0.030570 0.006224 0.009110
v -0.013561 0.020604 0.003013
v -0.013865 0.020586 0.001804
v -0.014397 0.020590 0.002042
v -0.014397 0.020590 0.002042
v -0.014397 0.020590 0.002042
v -0.026716 0.019984 0.009146
v -0.026716 0.019984 0.009146
v -0.024716 0.020523 0.008444
v -0.024716 0.020523 0.008444
v -0.024716 0.020523 0.008444
v -0.024716 0.020523 0.008444
v -0.024716 0.020523 0.008444
v -0.022584 0.020506 0.008451
v -0.022584 0.020506 0.008451
v -0.022584 0.020506 0.008451
v -0.022584 0.020506 0.008451
v -0.023579 0.020689 0.008059
v -0.023579 0.020689 0.008059
v -0.023579 0.020689 0.008059
v -0.027932 0.012820 0.009350
v -0.031776 -0.000479 0.008924
v -0.031170 0.001544 0.008988
v -0.014852 0.020584 0.001205
v -0.014852 0.020584 0.001205
v 0.006658 0.016994 -0.008850
v 0.007504 0.016702 -0.008855
v 0.007644 0.015702 -0.008905
v -0.025393 -0.020752 -0.006486
v -0.032914 -0.000502 0.008902
v -0.032438 -0.002905 0.008853
v -0.032438 -0.002905 0.008853
v 0.000593 0.020602 -0.008304
v 0.000593 0.020602 -0.008304
v 0.000593 0.020602 -0.008304
v 0.000593 0.020602 -0.008304
v 0.000593 0.020602 -0.008304
v -0.023301 0.006987 -0.009388
v -0.023810 0.008099 -0.009359
v -0.022935 0.007723 -0.009362
v -0.027024 0.005620 0.009151
v -0.028706 0.006792 0.009158
v -0.026832 0.004215 0.009117
v -0.031452 -0.016235 0.008977
v -0.036263 -0.019576 0.008957
v -0.036263 -0.019576 0.008957
v -0.036263 -0.019576 0.008957
v -0.036263 -0.019576 0.008957
v 0.034365 -0.020963 0.007499
v 0.034365 -0.020963 0.007499
v 0.034365 -0.020963 0.007499
v 0.034365 -0.020963 0.007499
v 0.034365 -0.020963 0.007499
v 0.034365 -0.020963 0.007499
v 0.035946 -0.021035 0.007609
v 0.035946 -0.021035 0.007609
v 0.035946 -0.021035 0.007609
v 0.035946 -0.021035 0.007609
v 0.035946 -0.021035 0.007609
v 0.035946 -0.021035 0.007609
v -0.034516 -0.003734 0.008825
v -0.034516 -0.003734 0.008825
v 0.000323 0.001655 -0.009410
v 0.000323 0.001655 -0.009410
v 0.000323 0.001655 -0.009410
v 0.001883 0.002188 -0.009406
v 0.001883 0.002188 -0.009406
v 0.002559 0.001339 -0.009399
v 0.002559 0.001339 -0.009399
v 0.002559 0.001339 -0.009399
v 0.037023 -0.021197 0.007466
v 0.037023 -0.021197 0.007466
v 0.037023 -0.021197 0.007466
v 0.037023 -0.021197 0.007466
v -0.031678 -0.006714 0.008833
v -0.031678 -0.006714 0.008833
v -0.010498 -0.020716 -0.002823
v -0.035163 -0.020953 0.007883
v -0.035163 -0.020953 0.007883
v -0.035163 -0.020953 0.007883
v -0.035163 -0.020953 0.007883
v -0.035163 -0.020953 0.007883
v -0.035163 -0.020953 0.007883
v -0.036823 -0.021021 0.007869
v -0.036823 -0.021021 0.007869
v -0.036823 -0.021021 0.007869
v -0.036823 -0.021021 0.007869
v -0.036823 -0.021021 0.007869
v -0.027768 -0.020079 0.008625
v -0.026693 -0.019944 0.008803
v -0.026693 -0.019944 0.008803
v -0.026693 -0.019944 0.008803
v -0.026693 -0.019944 0.008803
v -0.026693 -0.019944 0.008803
v -0.026693 -0.019944 0.008803
v -0.028893 -0.019974 0.008803
v -0.028893 -0.019974 0.008803
v -0.028893 -0.019974 0.008803
v -0.030386 -0.000451 0.008965
v 0.000574 0.002132 -0.009408
v -0.019905 -0.002661 -0.009338
v -0.019905 -0.002661 -0.009338
v 0.002128 -0.012140 -0.009492
v 0.040138 -0.013431 0.006649
v 0.040138 -0.013431 0.006649
v 0.040138 -0.013431 0.006649
v 0.040138 -0.013431 0.006649
v 0.040138 -0.013431 0.006649
v -0.004486 -0.019500 -0.009417
v -0.004486 -0.019500 -0.009417
v -0.004486 -0.019500 -0.009417
v -0.002287 -0.019619 -0.009333
v -0.002287 -0.019619 -0.009333
v -0.002287 -0.019619 -0.009333
v -0.002287 -0.019619 -0.009333
v -0.002287 -0.019619 -0.009333
v -0.002287 -0.019619 -0.009333
v -0.002287 -0.019619 -0.009333
v -0.034129 -0.019580 0.008970
v -0.034129 -0.019580 0.008970
v -0.034129 -0.019580 0.008970
v -0.034129 -0.019580 0.008970
v -0.034088 -0.009130 0.008842
v -0.033629 -0.008509 0.008837
v -0.020486 0.020669 0.007252
v -0.020486 0.020669 0.007252
v -0.020290 0.020647 0.008027
v -0.020290 0.020647 0.008027
v -0.020290 0.020647 0.008027
v -0.020290 0.020647 0.008027
v -0.003446 -0.012692 -0.009457
v -0.011963 -0.020690 -0.003931
v -0.012842 -0.020741 -0.003220
v -0.012842 -0.020741 -0.003220
v -0.016393 -0.020853 -0.001607
v -0.035780 -0.019928 0.008835
v -0.035780 -0.019928 0.008835
v -0.035780 -0.019928 0.008835
v -0.035780 -0.019928 0.008835
v -0.035780 -0.019928 0.008835
v -0.035780 -0.019928 0.008835
v -0.034899 -0.019999 0.008785
v -0.034899 -0.019999 0.008785
v -0.034899 -0.019999 0.008785
v -0.034899 -0.019999 0.008785
v -0.006937 -0.020470 -0.007478
v -0.006937 -0.020470 -0.007478
v -0.006937 -0.020470 -0.007478
v -0.006937 -0.020470 -0.007478
v -0.006533 -0.020484 -0.007837
v -0.006533 -0.020484 -0.007837
v -0.006533 -0.020484 -0.007837
v -0.006533 -0.020484 -0.007837
v -0.006533 -0.020484 -0.007837
v -0.006533 -0.020484 -0.007837
v -0.004732 0.020585 -0.003536
v -0.002373 -0.010614 -0.009384
v -0.030461 -0.020649 0.007903
v -0.031087 -0.020589 0.007922
v -0.031087 -0.020589 0.007922
v -0.031087 -0.020589 0.007922
v -0.031087 -0.020589 0.007922
v -0.031087 -0.020589 0.007922
v -0.033489 -0.021047 0.005862
v -0.033489 -0.021047 0.005862
v -0.031008 -0.020971 0.006492
v -0.031008 -0.020971 0.006492
v -0.031008 -0.020971 0.006492
v -0.031008 -0.020971 0.006492
v -0.031008 -0.020971 0.006492
v -0.031008 -0.020971 0.006492
v -0.003850 0.020579 -0.004398
v 0.009559 0.019158 -0.008669
v 0.009559 0.019158 -0.008669
v -0.032474 -0.020918 0.007560
v -0.032474 -0.020918 0.007560
v 0.003254 0.006515 -0.009306
v -0.028170 -0.009550 0.008948
v -0.024392 0.020766 0.005724
v -0.025567 -0.021001 0.002619
v -0.021496 -0.001727 -0.009386
v -0.021496 -0.001727 -0.009386
v -0.021496 -0.001727 -0.009386
v -0.021496 -0.001727 -0.009386
v -0.022618 -0.002778 -0.009347
v -0.022618 -0.002778 -0.009347
v -0.022618 -0.002778 -0.009347
v -0.022618 -0.002778 -0.009347
v -0.022484 -0.001807 -0.009380
v -0.022484 -0.001807 -0.009380
v -0.022484 -0.001807 -0.009380
v -0.000810 0.009001 -0.009265
v 0.009225 0.010321 -0.009137
v 0.008344 0.009982 -0.009156
v 0.008034 0.011381 -0.009101
v -0.017516 -0.004664 -0.009271
v 0.002098 0.018198 -0.008839
v -0.041042 0.016021 0.006797
v -0.041042 0.016021 0.006797
v -0.041042 0.016021 0.006797
v 0.004238 0.011486 -0.009130
v 0.004815 0.012506 -0.009078
v 0.005718 0.011956 -0.009094
v -0.004013 0.020550 -0.005068
v -0.033854 0.001553 0.008947
v -0.035852 -0.020981 -0.001113
v -0.035852 -0.020981 -0.001113
v -0.035852 -0.020981 -0.001113
v -0.035852 -0.020981 -0.001113
v -0.033463 0.000437 0.008920
v 0.002911 0.016415 -0.008927
v 0.003864 0.016708 -0.008902
v 0.003864 0.016708 -0.008902
v -0.031336 -0.004669 0.008865
v -0.039691 0.020142 0.005987
v -0.039691 0.020142 0.005987
v -0.039691 0.020142 0.005987
v -0.039691 0.020142 0.005987
v -0.039691 0.020142 0.005987
v -0.039691 0.020142 0.005987
v -0.039691 0.020142 0.005987
v -0.039343 0.020232 0.006005
v -0.039343 0.020232 0.006005
v -0.039343 0.020232 0.006005
v -0.039343 0.020232 0.006005
v -0.039343 0.020232 0.006005
v -0.039389 0.019964 0.005659
v -0.039389 0.019964 0.005659
v -0.039389 0.019964 0.005659
v -0.039389 0.019964 0.005659
v -0.040406 -0.020263 -0.000831
v -0.040406 -0.020263 -0.000831
v -0.040406 -0.020263 -0.000831
v -0.040406 -0.020263 -0.000831
v -0.040406 -0.020263 -0.000831
v -0.040406 -0.020263 -0.000831
v -0.040406 -0.020263 -0.000831
v -0.040331 -0.020284 -0.000486
v -0.040331 -0.020284 -0.000486
v -0.040331 -0.020284 -0.000486
v -0.040331 -0.020284 -0.000486
v -0.040369 -0.020321 0.000303
v -0.040369 -0.020321 0.000303
v -0.040369 -0.020321 0.000303
v -0.040369 -0.020321 0.000303
v -0.040369 -0.020321 0.000303
v -0.040369 -0.020321 0.000303
v -0.032453 -0.020996 0.006560
v -0.032453 -0.020996 0.006560
v -0.041160 0.019079 0.006676
v -0.041160 0.019079 0.006676
v -0.041160 0.019079 0.006676
v -0.041160 0.019079 0.006676
v -0.041171 0.020016 0.006460
v -0.041171 0.020016 0.006460
v -0.041171 0.020016 0.006460
v -0.041171 0.020016 0.006460
v -0.041171 0.020016 0.006460
v -0.041171 0.020016 0.006460
v -0.032703 -0.009751 0.008868
v -0.010369 -0.020541 -0.006188
v -0.010369 -0.020541 -0.006188
v 0.000202 -0.004945 -0.009282
v -0.000206 -0.002982 -0.009305
v -0.000206 -0.002982 -0.009305
v -0.000206 -0.002982 -0.009305
v -0.000206 -0.002982 -0.009305
v 0.000889 -0.004583 -0.009291
v 0.000889 -0.004583 -0.009291
v 0.000889 -0.004583 -0.009291
v 0.000889 -0.004583 -0.009291
v -0.006281 -0.020459 -0.007442
v -0.006281 -0.020459 -0.007442
v -0.006281 -0.020459 -0.007442
v -0.005183 -0.019972 -0.008926
v -0.005183 -0.019972 -0.008926
v -0.005183 -0.019972 -0.008926
v -0.005183 -0.019972 -0.008926
v -0.005183 -0.019972 -0.008926
v -0.023963 -0.020980 0.004509
v -0.026344 -0.020970 0.005146
v -0.026344 -0.020970 0.005146
v -0.026344 -0.020970 0.005146
v -0.024889 -0.020986 0.004227
v -0.040940 0.004115 0.004512
v -0.040940 0.004115 0.004512
v -0.018376 -0.020975 0.003253
v -0.017376 -0.020953 0.004813
v -0.019085 -0.020971 0.004149
v -0.031056 -0.002334 0.008908
v -0.022118 0.020659 0.008090
v -0.022118 0.020659 0.008090
v -0.022118 0.020659 0.008090
v -0.022118 0.020659 0.008090
v -0.022118 0.020659 0.008090
v -0.032671 -0.008525 0.008841
v -0.032857 -0.009076 0.008853
v -0.033617 -0.002484 0.008845
v -0.033491 -0.004185 0.008813
v -0.033491 -0.004185 0.008813
v -0.033491 -0.004185 0.008813
v -0.034302 -0.005170 0.008810
v -0.004403 0.020644 -0.000903
v -0.002804 0.020651 -0.001792
v -0.017615 -0.020895 -0.000876
v -0.036978 -0.020375 0.008228
v -0.036978 -0.020375 0.008228
v -0.036978 -0.020375 0.008228
v -0.036978 -0.020375 0.008228
v -0.036854 -0.020193 0.008482
v -0.036854 -0.020193 0.008482
v -0.036854 -0.020193 0.008482
v -0.036854 -0.020193 0.008482
v -0.036854 -0.020193 0.008482
v -0.017050 -0.020961 0.001215
v -0.018524 -0.020956 0.000704
v -0.011971 -0.020621 -0.005161
v -0.036132 -0.020141 0.008535
v -0.036132 -0.020141 0.008535
v -0.036132 -0.020141 0.008535
v -0.036132 -0.020141 0.008535
v -0.036132 -0.020141 0.008535
v 0.001209 0.020600 -0.007828
v 0.001209 0.020600 -0.007828
v 0.001209 0.020600 -0.007828
v 0.001209 0.020600 -0.007828
v -0.035705 -0.020321 0.008220
v -0.035705 -0.020321 0.008220
v -0.035705 -0.020321 0.008220
v -0.035705 -0.020321 0.008220
v -0.034092 -0.020914 0.007791
v -0.034092 -0.020914 0.007791
v -0.034092 -0.020914 0.007791
v -0.034092 -0.020914 0.007791
v -0.034092 -0.020914 0.007791
v -0.034092 -0.020914 0.007791
v 0.006535 0.020747 -0.008118
v 0.006535 0.020747 -0.008118
v 0.006535 0.020747 -0.008118
v 0.006535 0.020747 -0.008118
v 0.006535 0.020747 -0.008118
v 0.006535 0.020747 -0.008118
v 0.006535 0.020747 -0.008118
v 0.006535 0.020747 -0.008118
v 0.007205 0.020755 -0.008136
v 0.007205 0.020755 -0.008136
v 0.007205 0.020755 -0.008136
v 0.007205 0.020755 -0.008136
v 0.007775 0.020714 -0.008284
v 0.007775 0.020714 -0.008284
v 0.007775 0.020714 -0.008284
v 0.007775 0.020714 -0.008284
v 0.007775 0.020714 -0.008284
v 0.007775 0.020714 -0.008284
v 0.007775 0.020714 -0.008284
v 0.007775 0.020714 -0.008284
v 0.006447 0.017957 -0.008793
v 0.008125 0.017439 -0.008804
v -0.020200 0.014191 0.009510
v -0.018704 0.015365 0.009563
v -0.018704 0.015365 0.009563
v -0.022221 0.014786 0.009507
v -0.022221 0.014786 0.009507
v -0.022221 0.014786 0.009507
v 0.040029 -0.020481 0.006378
v 0.040029 -0.020481 0.006378
v 0.040029 -0.020481 0.006378
v 0.040029 -0.020481 0.006378
v -0.006702 -0.020454 -0.006927
v -0.006702 -0.020454 -0.006927
v -0.007448 -0.020484 -0.006342
v -0.007448 -0.020484 -0.006342
v -0.007448 -0.020484 -0.006342
v -0.007448 -0.020484 -0.006342
v -0.007445 -0.020475 -0.007147
v -0.007445 -0.020475 -0.007147
v -0.007445 -0.020475 -0.007147
v -0.007445 -0.020475 -0.007147
v -0.005538 -0.020452 -0.007773
v -0.005538 -0.020452 -0.007773
v -0.005538 -0.020452 -0.007773
v -0.005538 -0.020452 -0.007773
v -0.005659 -0.020429 -0.007015
v -0.005659 -0.020429 -0.007015
v -0.005659 -0.020429 -0.007015
v -0.005659 -0.020429 -0.007015
v -0.019530 0.020676 0.005846
v -0.018651 0.020641 0.007329
v -0.018651 0.020641 0.007329
v -0.018651 0.020641 0.007329
v -0.041011 0.005826 0.003815
v -0.041011 0.005826 0.003815
v -0.041011 0.005826 0.003815
v -0.041044 0.007723 0.004268
v -0.041044 0.007723 0.004268
v 0.001633 -0.000825 -0.009351
v 0.001534 -0.002049 -0.009318
v 0.000902 -0.001159 -0.009340
v 0.005384 -0.007556 -0.009350
v 0.005733 -0.006899 -0.009346
v 0.005733 -0.006899 -0.009346
v 0.006925 -0.007043 -0.009368
v 0.006925 -0.007043 -0.009368
v 0.006925 -0.007043 -0.009368
v -0.012546 -0.020918 0.002240
v -0.012436 -0.020916 0.003389
v -0.013559 -0.020936 0.003037
v -0.000891 -0.017461 -0.009625
v -0.000891 -0.017461 -0.009625
v -0.000891 -0.017461 -0.009625
v -0.000891 -0.017461 -0.009625
v -0.009800 0.020568 -0.000673
v -0.010240 0.020581 0.000192
v -0.009230 0.020601 0.000603
v -0.008780 0.020640 0.002299
v -0.008722 0.020655 0.003603
v 0.002135 0.020610 -0.006159
v 0.002135 0.020610 -0.006159
v -0.000738 0.020629 -0.004733
v -0.000738 0.020629 -0.004733
v -0.036450 -0.018654 0.008948
v -0.022352 0.020044 0.009164
v -0.022352 0.020044 0.009164
v -0.022352 0.020044 0.009164
v -0.022352 0.020044 0.009164
v -0.022352 0.020044 0.009164
v -0.022352 0.020044 0.009164
v -0.022352 0.020044 0.009164
v -0.023597 0.020272 0.008820
v -0.023597 0.020272 0.008820
v -0.023597 0.020272 0.008820
v -0.023597 0.020272 0.008820
v -0.039837 0.012756 -0.009277
v -0.039837 0.012756 -0.009277
v -0.039837 0.012756 -0.009277
v -0.039837 0.012756 -0.009277
v -0.012406 0.019028 -0.008933
v -0.012406 0.019028 -0.008933
v -0.018516 -0.016147 0.008945
v -0.022938 -0.016683 0.008971
v -0.022938 -0.016683 0.008971
v -0.020448 -0.016766 0.008946
v 0.003682 -0.014348 -0.009619
v 0.003682 -0.014348 -0.009619
v 0.004565 -0.012924 -0.009556
v 0.005085 -0.014419 -0.009632
v 0.005085 -0.014419 -0.009632
v -0.033761 -0.020009 0.008783
v -0.033761 -0.020009 0.008783
v -0.033761 -0.020009 0.008783
v -0.033761 -0.020009 0.008783
v -0.033761 -0.020009 0.008783
v -0.033761 -0.020009 0.008783
v -0.033761 -0.020009 0.008783
v -0.018733 -0.007352 -0.009279
v 0.001358 0.001174 -0.009399
v -0.001298 -0.005013 -0.009264
v -0.001298 -0.005013 -0.009264
v -0.036314 -0.020708 -0.007831
v -0.036314 -0.020708 -0.007831
v -0.037120 -0.020633 -0.007224
v -0.037120 -0.020633 -0.007224
v -0.037120 -0.020633 -0.007224
v -0.037046 -0.020647 -0.007826
v -0.037046 -0.020647 -0.007826
v -0.037046 -0.020647 -0.007826
v 0.001452 -0.003630 -0.009287
v 0.001452 -0.003630 -0.009287
v 0.002061 -0.003030 -0.009298
v 0.002061 -0.003030 -0.009298
v 0.002453 -0.004087 -0.009283
v 0.002453 -0.004087 -0.009283
v -0.010400 -0.020601 -0.005006
v -0.009396 -0.020561 -0.005444
v -0.035957 -0.020752 -0.005675
v -0.035957 -0.020752 -0.005675
v -0.035957 -0.020752 -0.005675
v -0.035957 -0.020752 -0.005675
v 0.003081 0.003701 -0.009388
v 0.005255 0.002243 -0.009391
v 0.005255 0.002243 -0.009391
v 0.003288 0.002507 -0.009400
v 0.003288 0.002507 -0.009400
v -0.038237 0.020990 0.004760
v -0.038237 0.020990 0.004760
v -0.038237 0.020990 0.004760
v -0.022844 -0.020990 0.002725
v -0.024799 -0.020996 0.003240
v -0.038641 0.020857 0.001883
v -0.038641 0.020857 0.001883
v -0.038641 0.020857 0.001883
v -0.038641 0.020857 0.001883
v -0.038641 0.020857 0.001883
v -0.038641 0.020857 0.001883
v -0.038641 0.020857 0.001883
v -0.000399 -0.000873 -0.009355
v -0.001132 0.000469 -0.009386
v -0.038992 0.020610 0.005441
v -0.038992 0.020610 0.005441
v -0.038992 0.020610 0.005441
v -0.038992 0.020610 0.005441
v -0.038992 0.020610 0.005441
v -0.038992 0.020610 0.005441
v -0.038992 0.020610 0.005441
v -0.008487 0.020599 0.000035
v -0.023225 0.019909 0.009301
v -0.023225 0.019909 0.009301
v -0.023225 0.019909 0.009301
v -0.023225 0.019909 0.009301
v -0.023225 0.019909 0.009301
v -0.023225 0.019909 0.009301
v -0.039155 0.020272 0.005805
v -0.039155 0.020272 0.005805
v -0.039155 0.020272 0.005805
v -0.039155 0.020272 0.005805
v -0.013824 0.020321 -0.008333
v -0.013824 0.020321 -0.008333
v -0.013406 0.020283 -0.008635
v -0.013406 0.020283 -0.008635
v -0.013406 0.020283 -0.008635
v -0.013406 0.020283 -0.008635
v -0.024841 -0.018806 -0.009331
v -0.024841 -0.018806 -0.009331
v -0.023485 -0.019387 -0.009343
v -0.023485 -0.019387 -0.009343
v -0.025234 -0.019416 -0.009329
v -0.018173 0.017186 -0.009015
v -0.016462 0.015302 -0.009091
v -0.032085 -0.007911 0.008834
v -0.032085 -0.007911 0.008834
v -0.041194 0.019948 0.005840
v -0.041194 0.019948 0.005840
v -0.041194 0.019948 0.005840
v -0.041194 0.019948 0.005840
v -0.041194 0.019948 0.005840
v -0.040851 0.020484 0.006134
v -0.040851 0.020484 0.006134
v -0.040851 0.020484 0.006134
v -0.040851 0.020484 0.006134
v -0.040851 0.020484 0.006134
v -0.040851 0.020484 0.006134
v -0.040851 0.020484 0.006134
v -0.040163 0.020427 0.006725
v -0.040163 0.020427 0.006725
v -0.040163 0.020427 0.006725
v -0.040163 0.020427 0.006725
v -0.040163 0.020427 0.006725
v -0.013679 0.019590 -0.008901
v -0.013679 0.019590 -0.008901
v -0.013679 0.019590 -0.008901
v -0.033973 -0.012706 0.008901
v -0.032372 -0.019560 0.008954
v -0.032372 -0.019560 0.008954
v -0.032372 -0.019560 0.008954
v -0.040808 -0.005267 -0.000201
v -0.040810 -0.005998 0.000286
v -0.040810 -0.005998 0.000286
v 0.039125 -0.008838 0.007280
v 0.039125 -0.008838 0.007280
v 0.039125 -0.008838 0.007280
v 0.039125 -0.008838 0.007280
v 0.039125 -0.008838 0.007280
v 0.039132 -0.007888 0.007245
v 0.039132 -0.007888 0.007245
v 0.039132 -0.007888 0.007245
v 0.039132 -0.007888 0.007245
v 0.039132 -0.007888 0.007245
v 0.039132 -0.007888 0.007245
v 0.039132 -0.007888 0.007245
v 0.039262 -0.009037 0.007704
v 0.039262 -0.009037 0.007704
v 0.039262 -0.009037 0.007704
v 0.039262 -0.009037 0.007704
v 0.039262 -0.009037 0.007704
v 0.039262 -0.009037 0.007704
v 0.039257 -0.007544 0.007498
v 0.039257 -0.007544 0.007498
v 0.039257 -0.007544 0.007498
v 0.039257 -0.007544 0.007498
v 0.039257 -0.007544 0.007498
v 0.039257 -0.007544 0.007498
v 0.039257 -0.007544 0.007498
v -0.033388 -0.020933 0.007655
v -0.033388 -0.020933 0.007655
v -0.033388 -0.020933 0.007655
v -0.033388 -0.020933 0.007655
v -0.033388 -0.020933 0.007655
v -0.033388 -0.020933 0.007655
v -0.029211 0.004657 0.009099
v 0.004935 0.008120 -0.009248
v 0.003971 0.009615 -0.009205
v 0.005531 0.009014 -0.009212
v 0.037872 -0.004899 0.008533
v 0.037872 -0.004899 0.008533
v 0.037168 -0.003917 0.008587
v 0.037168 -0.003917 0.008587
v 0.037168 -0.003917 0.008587
v 0.036427 -0.004320 0.008631
v -0.027535 -0.006058 0.008940
v -0.027535 -0.006058 0.008940
v -0.027535 -0.006058 0.008940
v -0.027535 -0.006058 0.008940
v -0.027483 -0.005265 0.008946
v -0.027708 -0.019580 -0.009316
v -0.027708 -0.019580 -0.009316
v -0.027708 -0.019580 -0.009316
v -0.027708 -0.019580 -0.009316
v -0.027708 -0.019580 -0.009316
v -0.027708 -0.019580 -0.009316
v -0.029624 -0.019527 -0.009335
v -0.029624 -0.019527 -0.009335
v 0.007786 0.013384 -0.009013
v 0.006626 0.014331 -0.008978
v -0.025695 -0.020993 0.003732
v -0.040816 -0.002198 0.002956
v -0.040816 -0.002198 0.002956
v -0.040816 -0.002198 0.002956
v 0.000850 -0.002306 -0.009313
v 0.000850 -0.002306 -0.009313
v 0.000850 -0.002306 -0.009313
v -0.040227 -0.020267 0.000655
v -0.040227 -0.020267 0.000655
v 0.002644 0.012996 -0.009084
v -0.031629 -0.018768 -0.009373
v -0.031629 -0.018768 -0.009373
v -0.031191 -0.019646 -0.009340
v -0.031191 -0.019646 -0.009340
v -0.031191 -0.019646 -0.009340
v -0.031191 -0.019646 -0.009340
v -0.040809 -0.009928 0.001824
v -0.040789 -0.012169 0.001717
v -0.023424 0.010748 0.009354
v -0.019063 0.010481 0.009378
v -0.021440 0.011777 0.009408
v -0.004843 -0.020317 -0.008294
v -0.004843 -0.020317 -0.008294
v -0.004843 -0.020317 -0.008294
v -0.000311 -0.018801 -0.009569
v -0.000311 -0.018801 -0.009569
v -0.000311 -0.018801 -0.009569
v -0.000311 -0.018801 -0.009569
v -0.000311 -0.018801 -0.009569
v -0.001734 -0.018778 -0.009571
v -0.001734 -0.018778 -0.009571
v 0.040516 -0.019239 0.003517
v 0.040516 -0.019239 0.003517
v 0.040516 -0.019239 0.003517
v 0.040516 -0.019239 0.003517
v 0.040492 -0.017827 0.004130
v 0.040492 -0.017827 0.004130
v 0.040492 -0.017827 0.004130
v 0.040492 -0.017827 0.004130
v 0.002192 0.000120 -0.009379
v 0.002192 0.000120 -0.009379
v 0.002192 0.000120 -0.009379
v 0.002509 -0.001591 -0.009341
v 0.000371 -0.000662 -0.009356
v 0.004165 -0.002046 -0.009356
v 0.004165 -0.002046 -0.009356
v 0.000205 -0.001849 -0.009330
v -0.026585 -0.019676 -0.009319
v -0.026585 -0.019676 -0.009319
v -0.026585 -0.019676 -0.009319
v -0.029479 0.002274 0.009043
v -0.028382 0.000137 0.009019
v 0.032419 -0.020798 0.007624
v 0.032419 -0.020798 0.007624
v 0.032419 -0.020798 0.007624
v 0.032419 -0.020798 0.007624
v 0.032419 -0.020798 0.007624
v 0.031126 -0.020722 0.007668
v 0.031126 -0.020722 0.007668
v 0.031126 -0.020722 0.007668
v 0.031126 -0.020722 0.007668
v 0.031126 -0.020722 0.007668
v 0.031126 -0.020722 0.007668
v 0.031126 -0.020722 0.007668
v 0.031126 -0.020722 0.007668
v 0.033017 -0.020885 0.007524
v 0.033017 -0.020885 0.007524
v 0.033017 -0.020885 0.007524
v 0.033017 -0.020885 0.007524
v 0.033017 -0.020885 0.007524
v 0.002764 0.009644 -0.009214
v -0.032397 -0.019958 0.008850
v -0.032397 -0.019958 0.008850
v -0.032397 -0.019958 0.008850
v -0.032397 -0.019958 0.008850
v -0.032211 -0.020123 0.008544
v -0.032211 -0.020123 0.008544
v -0.032211 -0.020123 0.008544
v -0.032211 -0.020123 0.008544
v -0.032211 -0.020123 0.008544
v 0.011990 0.009851 -0.009135
v 0.011579 0.008799 -0.009180
v 0.011148 0.009871 -0.009141
v -0.033598 -0.020293 0.008161
v -0.033598 -0.020293 0.008161
v -0.033598 -0.020293 0.008161
v -0.033598 -0.020293 0.008161
v -0.033598 -0.020293 0.008161
v -0.033598 -0.020293 0.008161
v -0.033598 -0.020293 0.008161
v 0.004386 0.020458 -0.008522
v 0.004386 0.020458 -0.008522
v 0.004386 0.020458 -0.008522
v 0.004386 0.020458 -0.008522
v 0.004386 0.020458 -0.008522
v 0.004386 0.020458 -0.008522
v 0.004386 0.020458 -0.008522
v 0.004386 0.020458 -0.008522
v -0.027664 -0.020961 0.005766
v -0.027664 -0.020961 0.005766
v -0.027664 -0.020961 0.005766
v 0.001189 0.004642 -0.009365
v -0.005611 0.020627 -0.000894
v -0.005981 0.020610 -0.001496
v -0.002783 0.020600 -0.004370
v 0.013183 0.017419 -0.008766
v 0.013183 0.017419 -0.008766
v 0.010308 0.016576 -0.008835
v 0.009455 0.017032 -0.008815
v -0.019125 0.004871 -0.009381
v -0.019125 0.004871 -0.009381
v -0.019125 0.004871 -0.009381
v -0.017833 0.005237 -0.009368
v 0.008170 0.020717 -0.004182
v 0.008524 0.020694 -0.004713
v 0.008524 0.020694 -0.004713
v 0.007582 0.020678 -0.005285
v 0.007582 0.020678 -0.005285
v 0.007582 0.020678 -0.005285
v 0.007582 0.020678 -0.005285
v 0.007582 0.020678 -0.005285
v 0.002393 -0.018928 -0.009592
v 0.002393 -0.018928 -0.009592
v 0.002393 -0.018928 -0.009592
v 0.002393 -0.018928 -0.009592
v 0.002393 -0.018928 -0.009592
v 0.001203 -0.018928 -0.009577
v 0.001203 -0.018928 -0.009577
v -0.010689 0.020637 0.003161
v -0.010689 0.020637 0.003161
v 0.004644 0.020668 -0.007884
v 0.004644 0.020668 -0.007884
v 0.005181 0.020643 -0.007278
v 0.005181 0.020643 -0.007278
v 0.005181 0.020643 -0.007278
v 0.005923 0.020692 -0.007724
v 0.005923 0.020692 -0.007724
v 0.005923 0.020692 -0.007724
v 0.009538 -0.015438 -0.009691
v 0.009538 -0.015438 -0.009691
v 0.009538 -0.015438 -0.009691
v 0.008603 -0.014331 -0.009647
v 0.008603 -0.014331 -0.009647
v 0.011297 -0.014918 -0.009681
v 0.011297 -0.014918 -0.009681
v 0.011297 -0.014918 -0.009681
v -0.021403 0.020400 0.008608
v -0.021403 0.020400 0.008608
v -0.021403 0.020400 0.008608
v -0.021403 0.020400 0.008608
v -0.021403 0.020400 0.008608
v -0.019928 -0.005647 -0.009280
v -0.040816 -0.005492 0.000880
v -0.040807 -0.007242 0.000728
v -0.040807 -0.007242 0.000728
v -0.040807 -0.007242 0.000728
v -0.010043 0.020601 0.000985
v -0.009271 0.020618 0.001365
v -0.005385 0.020654 0.000809
v -0.004885 0.020669 0.001757
v -0.004226 0.020673 0.001215
v -0.034445 -0.019832 -0.009345
v -0.034445 -0.019832 -0.009345
v -0.034445 -0.019832 -0.009345
v -0.034445 -0.019832 -0.009345
v -0.034445 -0.019832 -0.009345
v -0.032985 -0.019575 -0.009352
v -0.032985 -0.019575 -0.009352
v -0.032985 -0.019575 -0.009352
v -0.033408 -0.007690 0.008820
v -0.030573 0.003126 0.009038
v 0.040041 -0.020256 0.005154
v 0.040041 -0.020256 0.005154
v 0.040041 -0.020256 0.005154
v 0.040041 -0.020256 0.005154
v 0.040041 -0.020256 0.005154
v 0.040041 -0.020256 0.005154
v 0.040197 -0.020030 0.003849
v 0.040197 -0.020030 0.003849
v 0.040197 -0.020030 0.003849
v 0.040197 -0.020030 0.003849
v 0.040197 -0.020030 0.003849
v 0.040197 -0.020030 0.003849
v 0.040197 -0.020030 0.003849
v 0.040197 -0.020030 0.003849
v 0.040134 -0.020062 0.004680
v 0.040134 -0.020062 0.004680
v 0.040134 -0.020062 0.004680
v 0.040134 -0.020062 0.004680
v 0.040134 -0.020062 0.004680
v -0.024963 -0.002253 0.009021
v -0.024376 -0.002365 0.009017
v -0.024774 -0.001254 0.009042
v 0.002699 0.017181 -0.008891
v 0.006728 0.010776 -0.009135
v 0.006965 0.012098 -0.009077
v -0.006817 -0.020555 -0.004481
v -0.008283 -0.020614 -0.003937
v -0.020221 -0.020981 0.002979
v -0.019941 -0.020973 0.001286
v -0.019180 0.012596 -0.009199
v -0.017595 0.012609 -0.009192
v -0.018379 0.011382 -0.009230
v -0.003624 -0.019683 -0.009293
v -0.003624 -0.019683 -0.009293
v -0.003624 -0.019683 -0.009293
v -0.016005 -0.020955 0.003376
v -0.014643 -0.020947 0.003130
v -0.014694 -0.020938 0.004281
v -0.026326 -0.006381 0.008939
v -0.026326 -0.006381 0.008939
v -0.027749 -0.008222 0.008942
v -0.027749 -0.008222 0.008942
v -0.000395 -0.005177 -0.009270
v -0.003716 -0.020370 -0.006599
v -0.003716 -0.020370 -0.006599
v -0.003716 -0.020370 -0.006599
v -0.003716 -0.020370 -0.006599
v -0.002885 -0.020378 -0.006001
v -0.004843 -0.020413 -0.006339
v -0.004843 -0.020413 -0.006339
v -0.004843 -0.020413 -0.006339
v -0.004843 -0.020413 -0.006339
v -0.033636 -0.010066 0.008861
v -0.040118 -0.020246 0.000144
v -0.040118 -0.020246 0.000144
v -0.040118 -0.020246 0.000144
v -0.040118 -0.020246 0.000144
v -0.040118 -0.020246 0.000144
v -0.040118 -0.020246 0.000144
v -0.040118 -0.020246 0.000144
v -0.016329 0.012571 -0.009183
v 0.009180 -0.007424 -0.009381
v 0.009180 -0.007424 -0.009381
v 0.008272 -0.008519 -0.009403
v 0.008078 -0.006775 -0.009374
v 0.008078 -0.006775 -0.009374
v 0.000522 -0.003094 -0.009304
v 0.000522 -0.003094 -0.009304
v 0.000522 -0.003094 -0.009304
v 0.005439 0.010366 -0.009163
v 0.033686 -0.021089 0.005087
v 0.033686 -0.021089 0.005087
v 0.033686 -0.021089 0.005087
v 0.034982 -0.021153 0.004908
v -0.039259 0.019748 0.005349
v -0.039259 0.019748 0.005349
v -0.039259 0.019748 0.005349
v -0.039259 0.019748 0.005349
v -0.039259 0.019748 0.005349
v -0.039259 0.019748 0.005349
v -0.039259 0.019748 0.005349
v -0.033468 -0.020718 0.007862
v -0.033468 -0.020718 0.007862
v -0.033468 -0.020718 0.007862
v -0.033468 -0.020718 0.007862
v -0.033468 -0.020718 0.007862
v -0.033468 -0.020718 0.007862
v -0.033468 -0.020718 0.007862
v 0.002482 0.020695 -0.004237
v 0.002482 0.020695 -0.004237
v 0.001180 0.020673 -0.004282
v 0.001180 0.020673 -0.004282
v 0.003144 0.020714 -0.003477
v 0.000155 -0.019360 -0.009520
v 0.000155 -0.019360 -0.009520
v 0.000155 -0.019360 -0.009520
v 0.000155 -0.019360 -0.009520
v 0.000155 -0.019360 -0.009520
v 0.000155 -0.019360 -0.009520
v -0.029814 -0.020986 0.005841
v -0.029814 -0.020986 0.005841
v -0.028675 -0.020987 0.005354
v -0.041078 0.020470 0.006185
v -0.041078 0.020470 0.006185
v -0.041078 0.020470 0.006185
v -0.041078 0.020470 0.006185
v -0.041078 0.020470 0.006185
v -0.041078 0.020470 0.006185
v -0.041078 0.020470 0.006185
v 0.006848 0.020655 -0.006675
v 0.006848 0.020655 -0.006675
v 0.006848 0.020655 -0.006675
v 0.006848 0.020655 -0.006675
v 0.006848 0.020655 -0.006675
v 0.007282 0.020713 -0.007640
v 0.007282 0.020713 -0.007640
v 0.007282 0.020713 -0.007640
v 0.007282 0.020713 -0.007640
v 0.007282 0.020713 -0.007640
v 0.007282 0.020713 -0.007640
v 0.002866 0.012011 -0.009124
v 0.010577 0.017635 -0.008768
v 0.037270 -0.020807 0.007574
v -0.011146 0.020565 -0.000214
v -0.040788 0.020486 0.006559
v -0.040788 0.020486 0.006559
v -0.040788 0.020486 0.006559
v -0.040788 0.020486 0.006559
v -0.032224 -0.020313 0.008155
v -0.032224 -0.020313 0.008155
v -0.032224 -0.020313 0.008155
v -0.032837 -0.020332 0.008110
v -0.032837 -0.020332 0.008110
v -0.032837 -0.020332 0.008110
v -0.032837 -0.020332 0.008110
v -0.032837 -0.020332 0.008110
v -0.031642 -0.020503 0.007951
v -0.031642 -0.020503 0.007951
v -0.031642 -0.020503 0.007951
v -0.031642 -0.020503 0.007951
v -0.031642 -0.020503 0.007951
v -0.031642 -0.020503 0.007951
v -0.026245 0.003962 0.009119
v -0.025178 0.004750 0.009153
v -0.038864 0.020694 -0.000417
v -0.038864 0.020694 -0.000417
v -0.038864 0.020694 -0.000417
v -0.038864 0.020694 -0.000417
v -0.038864 0.020694 -0.000417
v -0.038864 0.020694 -0.000417
v -0.038887 0.020753 0.001103
v -0.038887 0.020753 0.001103
v -0.038887 0.020753 0.001103
v -0.038887 0.020753 0.001103
v -0.038887 0.020753 0.001103
v -0.038887 0.020753 0.001103
v -0.038887 0.020753 0.001103
v -0.025929 0.020562 -0.004617
v -0.039290 0.019941 0.004635
v -0.039290 0.019941 0.004635
v -0.039290 0.019941 0.004635
v -0.039290 0.019941 0.004635
v -0.039290 0.019941 0.004635
v -0.039290 0.019941 0.004635
v -0.039130 0.020175 0.004538
v -0.039130 0.020175 0.004538
v -0.039130 0.020175 0.004538
v -0.039130 0.020175 0.004538
v -0.039130 0.020175 0.004538
v -0.039130 0.020175 0.004538
v -0.039130 0.020175 0.004538
v -0.039130 0.020175 0.004538
v -0.039477 0.020088 0.004320
v -0.039477 0.020088 0.004320
v -0.039477 0.020088 0.004320
v -0.039477 0.020088 0.004320
v -0.039477 0.020088 0.004320
v -0.039477 0.020088 0.004320
v -0.039477 0.020088 0.004320
v -0.039477 0.020088 0.004320
v -0.022227 0.020391 -0.008507
v -0.022227 0.020391 -0.008507
v -0.022227 0.020391 -0.008507
v -0.022227 0.020391 -0.008507
v -0.022227 0.020391 -0.008507
v -0.029728 -0.020131 0.008586
v -0.029728 -0.020131 0.008586
v -0.029728 -0.020131 0.008586
v -0.029728 -0.020131 0.008586
v -0.028731 -0.020205 0.008470
v -0.028731 -0.020205 0.008470
v -0.028731 -0.020205 0.008470
v -0.028731 -0.020205 0.008470
v 0.006220 0.010006 -0.009170
v -0.033484 0.020783 -0.000911
v -0.026661 0.002892 0.009091
v -0.027167 0.002367 0.009077
v -0.026973 0.001395 0.009064
v -0.040357 0.020295 0.005959
v -0.040357 0.020295 0.005959
v -0.040357 0.020295 0.005959
v -0.040357 0.020295 0.005959
v -0.040357 0.020295 0.005959
v -0.040768 0.020309 0.005481
v -0.040768 0.020309 0.005481
v -0.040768 0.020309 0.005481
v -0.040768 0.020309 0.005481
v -0.040768 0.020309 0.005481
v -0.027443 0.009031 0.009243
v 0.003050 -0.007790 -0.009325
v 0.003050 -0.007790 -0.009325
v 0.003050 -0.007790 -0.009325
v 0.003050 -0.007790 -0.009325
v 0.002416 -0.008042 -0.009321
v 0.002416 -0.008042 -0.009321
v 0.001931 0.020656 -0.005142
v 0.001931 0.020656 -0.005142
v 0.001931 0.020656 -0.005142
v 0.003962 0.020660 -0.008046
v 0.003962 0.020660 -0.008046
v 0.003758 0.020625 -0.007569
v 0.003758 0.020625 -0.007569
v 0.003758 0.020625 -0.007569
v 0.003758 0.020625 -0.007569
v 0.003758 0.020625 -0.007569
v 0.007864 0.020475 -0.008464
v 0.007864 0.020475 -0.008464
v 0.007864 0.020475 -0.008464
v 0.007864 0.020475 -0.008464
v 0.006804 0.020190 -0.008562
v 0.006804 0.020190 -0.008562
v 0.006804 0.020190 -0.008562
v 0.006804 0.020190 -0.008562
v 0.006804 0.020190 -0.008562
v 0.002973 -0.006795 -0.009309
v 0.002973 -0.006795 -0.009309
v 0.003014 -0.006044 -0.009289
v 0.003014 -0.006044 -0.009289
v 0.003014 -0.006044 -0.009289
v 0.004122 -0.006771 -0.009311
v 0.004122 -0.006771 -0.009311
v 0.004122 -0.006771 -0.009311
v 0.004122 -0.006771 -0.009311
v 0.000558 0.020630 -0.005246
v 0.001823 -0.005768 -0.009294
v 0.001823 -0.005768 -0.009294
v 0.001823 -0.005768 -0.009294
v 0.001655 -0.004919 -0.009284
v 0.002280 -0.004972 -0.009275
v 0.002280 -0.004972 -0.009275
v 0.002280 -0.004972 -0.009275
v 0.002280 -0.004972 -0.009275
v -0.041034 0.020387 0.005391
v -0.041034 0.020387 0.005391
v -0.041034 0.020387 0.005391
v -0.041034 0.020387 0.005391
v -0.041034 0.020387 0.005391
v -0.041034 0.020387 0.005391
v -0.041034 0.020387 0.005391
v -0.040924 0.020316 0.005124
v -0.040924 0.020316 0.005124
v -0.040924 0.020316 0.005124
v -0.040924 0.020316 0.005124
v -0.023578 0.013917 0.009459
v -0.026095 0.020494 0.008484
v -0.026095 0.020494 0.008484
v 0.039278 -0.015836 0.007077
v 0.039278 -0.015836 0.007077
v 0.039278 -0.015836 0.007077
v 0.004131 0.006196 -0.009313
v -0.014345 -0.020854 -0.000710
v -0.015438 -0.020866 -0.000844
v -0.013379 -0.020808 -0.001499
v 0.005888 0.007034 -0.009278
v 0.006262 0.008027 -0.009242
v -0.010932 -0.020652 -0.004282
v -0.008070 -0.020543 -0.005236
v -0.003201 -0.020358 -0.007356
v -0.003851 -0.020377 -0.007244
v 0.006394 -0.002788 -0.009361
v 0.007171 -0.001713 -0.009368
v 0.007265 -0.003086 -0.009365
v -0.000587 -0.019567 -0.009363
v -0.000587 -0.019567 -0.009363
v -0.000587 -0.019567 -0.009363
v -0.000587 -0.019567 -0.009363
v -0.000587 -0.019567 -0.009363
v -0.000587 -0.019567 -0.009363
v -0.001046 -0.020048 -0.008699
v -0.001046 -0.020048 -0.008699
v -0.001046 -0.020048 -0.008699
v -0.001046 -0.020048 -0.008699
v -0.040103 -0.020237 -0.000359
v -0.040103 -0.020237 -0.000359
v -0.040103 -0.020237 -0.000359
v -0.028362 -0.020841 0.007608
v -0.028362 -0.020841 0.007608
v -0.028362 -0.020841 0.007608
v -0.028362 -0.020841 0.007608
v -0.028362 -0.020841 0.007608
v -0.030801 -0.020423 0.008083
v -0.030801 -0.020423 0.008083
v -0.030801 -0.020423 0.008083
v -0.030801 -0.020423 0.008083
v -0.030801 -0.020423 0.008083
v -0.030914 -0.020183 0.008466
v -0.030914 -0.020183 0.008466
v -0.030914 -0.020183 0.008466
v -0.030914 -0.020183 0.008466
v -0.031448 -0.020345 0.008146
v -0.031448 -0.020345 0.008146
v -0.031448 -0.020345 0.008146
v -0.031448 -0.020345 0.008146
v 0.004029 -0.020175 -0.006052
v 0.004029 -0.020175 -0.006052
v 0.004029 -0.020175 -0.006052
v 0.005216 -0.020130 -0.006456
v 0.005216 -0.020130 -0.006456
v 0.005216 -0.020130 -0.006456
v 0.005216 -0.020130 -0.006456
v 0.007173 -0.020120 -0.005887
v 0.007173 -0.020120 -0.005887
v 0.007173 -0.020120 -0.005887
v 0.007173 -0.020120 -0.005887
v -0.021655 -0.019397 -0.009370
v -0.021655 -0.019397 -0.009370
v -0.021957 -0.020965 0.005068
v -0.022799 -0.020975 0.004587
v -0.020135 0.020182 -0.008777
v -0.020135 0.020182 -0.008777
v -0.020135 0.020182 -0.008777
v -0.020135 0.020182 -0.008777
v -0.020135 0.020182 -0.008777
v -0.020135 0.020182 -0.008777
v -0.021300 0.020268 -0.008747
v -0.021300 0.020268 -0.008747
v -0.021300 0.020268 -0.008747
v -0.021300 0.020268 -0.008747
v -0.021300 0.020268 -0.008747
v -0.021300 0.020268 -0.008747
v -0.021300 0.020268 -0.008747
v 0.003527 0.020111 -0.008633
v 0.003527 0.020111 -0.008633
v 0.003527 0.020111 -0.008633
v 0.003527 0.020111 -0.008633
v -0.041061 0.017845 -0.003736
v -0.041061 0.017845 -0.003736
v -0.041061 0.017845 -0.003736
v -0.041061 0.017845 -0.003736
v -0.041061 0.017845 -0.003736
v -0.040996 0.019419 -0.004921
v -0.040996 0.019419 -0.004921
v -0.040996 0.019419 -0.004921
v -0.040939 0.019571 -0.005712
v -0.040939 0.019571 -0.005712
v -0.040939 0.019571 -0.005712
v -0.040939 0.019571 -0.005712
v -0.040939 0.019571 -0.005712
v 0.011397 0.019937 -0.008581
v 0.011397 0.019937 -0.008581
v 0.008259 0.019973 -0.008596
v 0.008259 0.019973 -0.008596
v 0.008259 0.019973 -0.008596
v 0.008259 0.019973 -0.008596
v 0.008259 0.019973 -0.008596
v 0.008259 0.019973 -0.008596
v 0.013043 0.020111 -0.008545
v 0.013043 0.020111 -0.008545
v 0.013043 0.020111 -0.008545
v 0.013043 0.020111 -0.008545
v 0.013043 0.020111 -0.008545
v 0.013043 0.020111 -0.008545
v 0.013043 0.020111 -0.008545
v 0.013043 0.020111 -0.008545
v -0.038130 0.019241 -0.009091
v -0.038130 0.019241 -0.009091
v -0.038130 0.019241 -0.009091
v -0.037512 0.020042 -0.008934
v -0.037512 0.020042 -0.008934
v -0.037512 0.020042 -0.008934
v -0.036539 0.019586 -0.008998
v -0.036539 0.019586 -0.008998
v -0.036539 0.019586 -0.008998
v 0.033116 -0.019778 0.008297
v 0.033116 -0.019778 0.008297
v 0.033116 -0.019778 0.008297
v 0.033116 -0.019778 0.008297
v 0.033116 -0.019778 0.008297
v 0.033116 -0.019778 0.008297
v 0.033116 -0.019778 0.008297
v 0.006485 0.013035 -0.009039
v -0.027924 0.001951 0.009061
v -0.029062 -0.012168 0.008975
v -0.028641 -0.010652 0.008958
v -0.029998 -0.010985 0.008938
v -0.034094 -0.010613 0.008862
v -0.040701 0.019572 -0.007898
v -0.040701 0.019572 -0.007898
v -0.040701 0.019572 -0.007898
v -0.040701 0.019572 -0.007898
v -0.040701 0.019572 -0.007898
v -0.040701 0.019572 -0.007898
v -0.040701 0.019572 -0.007898
v -0.040701 0.019572 -0.007898
v -0.040469 0.017528 -0.008721
v -0.040469 0.017528 -0.008721
v -0.040469 0.017528 -0.008721
v -0.040469 0.017528 -0.008721
v -0.040469 0.017528 -0.008721
v -0.040788 -0.006730 -0.000576
v -0.040788 -0.006730 -0.000576
v -0.040749 -0.010337 -0.000726
v -0.040749 -0.010337 -0.000726
v -0.040745 -0.013525 0.000317
v -0.040797 -0.009236 0.000764
v -0.040802 -0.008303 0.000741
v -0.031710 -0.018014 0.008974
v -0.031710 -0.018014 0.008974
v -0.019086 -0.019769 0.008793
v -0.019086 -0.019769 0.008793
v -0.019086 -0.019769 0.008793
v -0.019086 -0.019769 0.008793
v -0.019086 -0.019769 0.008793
v -0.019086 -0.019769 0.008793
v -0.017551 -0.019871 0.008750
v -0.017551 -0.019871 0.008750
v -0.017551 -0.019871 0.008750
v -0.017551 -0.019871 0.008750
v -0.017551 -0.019871 0.008750
v -0.014912 -0.019912 0.008734
v -0.014912 -0.019912 0.008734
v -0.014912 -0.019912 0.008734
v -0.014912 -0.019912 0.008734
v -0.014912 -0.019912 0.008734
v -0.014912 -0.019912 0.008734
v -0.014912 -0.019912 0.008734
v -0.014912 -0.019912 0.008734
v -0.014912 -0.019912 0.008734
v -0.029113 -0.020675 0.007926
v -0.029113 -0.020675 0.007926
v -0.029113 -0.020675 0.007926
v -0.029113 -0.020675 0.007926
v -0.029847 -0.020616 0.007944
v -0.029847 -0.020616 0.007944
v -0.029847 -0.020616 0.007944
v -0.029847 -0.020616 0.007944
v -0.029847 -0.020616 0.007944
v -0.029847 -0.020616 0.007944
v -0.018577 0.020620 0.008064
v -0.018577 0.020620 0.008064
v -0.018577 0.020620 0.008064
v -0.018577 0.020620 0.008064
v -0.018577 0.020620 0.008064
v -0.016416 0.020610 0.008040
v -0.016416 0.020610 0.008040
v -0.016416 0.020610 0.008040
v -0.016416 0.020610 0.008040
v -0.016416 0.020610 0.008040
v -0.016416 0.020610 0.008040
v -0.016416 0.020610 0.008040
v -0.017697 0.020621 0.007911
v -0.017697 0.020621 0.007911
v -0.017697 0.020621 0.007911
v -0.016514 -0.020962 0.002004
v -0.017069 -0.020966 0.001747
v -0.015121 -0.020950 0.002018
v -0.015121 -0.020950 0.002018
v 0.003895 0.000364 -0.009391
v 0.003895 0.000364 -0.009391
v 0.002370 -0.014036 -0.009588
v -0.016355 0.020635 0.005226
v -0.039767 0.010836 -0.009316
v -0.039767 0.010836 -0.009316
v -0.039767 0.010836 -0.009316
v -0.039767 0.010836 -0.009316
v -0.039767 0.010836 -0.009316
v -0.040098 0.014241 -0.009149
v -0.040098 0.014241 -0.009149
v -0.040098 0.014241 -0.009149
v -0.012274 0.020604 0.005556
v -0.012274 0.020604 0.005556
v -0.012274 0.020604 0.005556
v -0.012274 0.020604 0.005556
v -0.013240 0.020622 0.004823
v -0.002270 -0.020440 -0.004564
v -0.003053 -0.020524 -0.003372
v -0.003847 -0.020501 -0.004192
v 0.005941 -0.013126 -0.009575
v 0.007116 -0.011038 -0.009476
v 0.007304 -0.012461 -0.009546
v -0.011573 0.020631 0.004336
v -0.011573 0.020631 0.004336
v -0.011573 0.020631 0.004336
v -0.010392 0.020631 0.005371
v -0.010392 0.020631 0.005371
v -0.010392 0.020631 0.005371
v -0.032096 -0.011211 0.008906
v -0.009799 0.020623 0.001881
v -0.021850 0.020331 -0.008667
v -0.021850 0.020331 -0.008667
v -0.021850 0.020331 -0.008667
v -0.021850 0.020331 -0.008667
v -0.020562 0.020361 -0.008502
v -0.020562 0.020361 -0.008502
v -0.020562 0.020361 -0.008502
v -0.020562 0.020361 -0.008502
v -0.031645 -0.014131 0.008957
v -0.002542 0.020682 -0.000180
v -0.002695 0.020689 0.000597
v -0.001892 0.020702 0.000889
v -0.020288 0.020493 0.008392
v -0.020288 0.020493 0.008392
v -0.020288 0.020493 0.008392
v -0.020288 0.020493 0.008392
v -0.021060 0.020655 0.008048
v -0.021060 0.020655 0.008048
v -0.021060 0.020655 0.008048
v -0.021060 0.020655 0.008048
v -0.021060 0.020655 0.008048
v -0.026569 -0.020767 0.007830
v -0.026569 -0.020767 0.007830
v -0.026569 -0.020767 0.007830
v -0.026569 -0.020767 0.007830
v -0.026569 -0.020767 0.007830
v -0.026569 -0.020767 0.007830
v -0.026569 -0.020767 0.007830
v -0.024814 -0.020629 0.008027
v -0.024814 -0.020629 0.008027
v -0.024814 -0.020629 0.008027
v -0.024814 -0.020629 0.008027
v -0.025478 -0.020652 0.007985
v -0.025478 -0.020652 0.007985
v -0.025478 -0.020652 0.007985
v -0.025478 -0.020652 0.007985
v -0.025478 -0.020652 0.007985
v 0.003308 -0.012935 -0.009545
v 0.005047 0.020581 -0.008412
v 0.005047 0.020581 -0.008412
v 0.005047 0.020581 -0.008412
v -0.027090 -0.020313 0.008279
v -0.027090 -0.020313 0.008279
v -0.027090 -0.020313 0.008279
v -0.027090 -0.020313 0.008279
v -0.027971 -0.020386 0.008199
v -0.027971 -0.020386 0.008199
v -0.027971 -0.020386 0.008199
v -0.027971 -0.020386 0.008199
v -0.027971 -0.020386 0.008199
v -0.027971 -0.020386 0.008199
v -0.033177 -0.020182 0.008413
v -0.033177 -0.020182 0.008413
v -0.033177 -0.020182 0.008413
v 0.009220 0.016195 -0.008864
v -0.014848 0.020587 0.006406
v -0.014848 0.020587 0.006406
v -0.015852 0.020595 0.007075
v -0.015852 0.020595 0.007075
v -0.013992 0.020569 0.007382
v -0.004653 -0.020415 -0.007855
v -0.004653 -0.020415 -0.007855
v -0.004653 -0.020415 -0.007855
v -0.041242 0.016775 0.001884
v -0.041242 0.016775 0.001884
v -0.041242 0.016775 0.001884
v -0.031149 -0.020818 -0.007177
v -0.030060 -0.020812 -0.006831
v -0.027505 -0.003942 0.008965
v -0.028134 -0.004339 0.008960
v -0.028134 -0.004339 0.008960
v -0.028134 -0.004339 0.008960
v -0.030372 -0.001989 0.008938
v 0.007613 0.010034 -0.009159
v -0.023717 -0.019974 0.008776
v -0.023717 -0.019974 0.008776
v -0.023717 -0.019974 0.008776
v -0.023717 -0.019974 0.008776
v -0.023717 -0.019974 0.008776
v -0.023717 -0.019974 0.008776
v -0.023717 -0.019974 0.008776
v -0.023278 -0.019340 0.008875
v -0.023278 -0.019340 0.008875
v -0.023278 -0.019340 0.008875
v -0.023278 -0.019340 0.008875
v -0.024980 -0.019923 0.008825
v -0.024980 -0.019923 0.008825
v -0.024980 -0.019923 0.008825
v -0.024980 -0.019923 0.008825
v -0.023115 0.020411 -0.007981
v -0.024099 0.020400 -0.008346
v -0.024099 0.020400 -0.008346
v -0.024099 0.020400 -0.008346
v -0.007042 0.020583 -0.001953
v -0.021064 0.019886 0.009307
v -0.021064 0.019886 0.009307
v -0.021064 0.019886 0.009307
v -0.021536 0.019011 0.009527
v -0.021536 0.019011 0.009527
v -0.021536 0.019011 0.009527
v -0.021536 0.019011 0.009527
v -0.021536 0.019011 0.009527
v -0.021536 0.019011 0.009527
v -0.019933 0.019738 0.009456
v -0.019933 0.019738 0.009456
v -0.019933 0.019738 0.009456
v -0.019933 0.019738 0.009456
v -0.019933 0.019738 0.009456
v 0.037495 -0.007703 0.008539
v 0.037495 -0.007703 0.008539
v 0.037495 -0.007703 0.008539
v 0.037495 -0.007703 0.008539
v -0.003299 0.020658 -0.001025
v -0.001918 0.020680 -0.000867
v 0.006536 0.020723 -0.004451
v 0.006536 0.020723 -0.004451
v 0.006527 0.020681 -0.005202
v 0.006527 0.020681 -0.005202
v -0.037191 0.020208 -0.008802
v -0.037191 0.020208 -0.008802
v -0.037191 0.020208 -0.008802
v -0.037191 0.020208 -0.008802
v -0.037191 0.020208 -0.008802
v -0.036374 0.020119 -0.008884
v -0.036374 0.020119 -0.008884
v -0.036374 0.020119 -0.008884
v -0.036374 0.020119 -0.008884
v -0.036374 0.020119 -0.008884
v -0.036374 0.020119 -0.008884
v -0.036374 0.020119 -0.008884
v -0.038224 0.020072 -0.008939
v -0.038224 0.020072 -0.008939
v -0.038224 0.020072 -0.008939
v -0.038224 0.020072 -0.008939
v 0.013381 0.012269 -0.009025
v 0.014653 0.014209 -0.008933
v 0.014977 0.011936 -0.009036
v 0.004840 -0.006660 -0.009320
v 0.004840 -0.006660 -0.009320
v -0.038549 -0.020420 -0.006114
v -0.038549 -0.020420 -0.006114
v -0.038549 -0.020420 -0.006114
v -0.038549 -0.020420 -0.006114
v -0.038549 -0.020420 -0.006114
v -0.039036 -0.020358 -0.006505
v -0.039036 -0.020358 -0.006505
v -0.039036 -0.020358 -0.006505
v -0.039034 -0.020397 -0.007065
v -0.039034 -0.020397 -0.007065
v -0.039034 -0.020397 -0.007065
v -0.039034 -0.020397 -0.007065
v -0.039034 -0.020397 -0.007065
v -0.039034 -0.020397 -0.007065
v -0.039034 -0.020397 -0.007065
v 0.000577 0.020690 -0.002163
v 0.002041 0.020727 -0.000122
v -0.032263 -0.020547 0.007920
v -0.032263 -0.020547 0.007920
v -0.032263 -0.020547 0.007920
v 0.009533 0.005027 -0.009319
v 0.006791 0.003462 -0.009366
v 0.007337 0.005647 -0.009310
v -0.003938 -0.020437 -0.005382
v -0.005047 -0.020516 -0.004490
v -0.005477 -0.020474 -0.005386
v -0.039429 0.019753 0.005366
v -0.039429 0.019753 0.005366
v -0.039429 0.019753 0.005366
v -0.039429 0.019753 0.005366
v -0.039429 0.019753 0.005366
v -0.039429 0.019753 0.005366
v -0.039824 0.020021 0.005567
v -0.039824 0.020021 0.005567
v -0.039824 0.020021 0.005567
v -0.039824 0.020021 0.005567
v -0.039824 0.020021 0.005567
v -0.039824 0.020021 0.005567
v -0.039824 0.020021 0.005567
v -0.039824 0.020021 0.005567
v -0.039824 0.020021 0.005567
v -0.039713 0.020100 0.005011
v -0.039713 0.020100 0.005011
v -0.039713 0.020100 0.005011
v -0.039713 0.020100 0.005011
v -0.039713 0.020100 0.005011
v -0.039713 0.020100 0.005011
v -0.039612 0.019894 0.005213
v -0.039612 0.019894 0.005213
v -0.039612 0.019894 0.005213
v -0.039612 0.019894 0.005213
v -0.039460 0.019868 0.004869
v -0.039460 0.019868 0.004869
v -0.039460 0.019868 0.004869
v -0.039460 0.019868 0.004869
v -0.039460 0.019868 0.004869
v -0.039460 0.019868 0.004869
v -0.039460 0.019868 0.004869
v 0.003613 -0.008762 -0.009356
v -0.004552 -0.020397 -0.007259
v -0.004552 -0.020397 -0.007259
v -0.004552 -0.020397 -0.007259
v -0.028603 -0.002687 0.008968
v -0.029304 -0.003023 0.008950
v -0.028171 -0.003094 0.008971
v -0.040487 0.019428 -0.008528
v -0.040487 0.019428 -0.008528
v -0.040487 0.019428 -0.008528
v -0.040487 0.019428 -0.008528
v -0.040487 0.019428 -0.008528
v -0.040487 0.019428 -0.008528
v 0.005151 -0.020060 -0.008378
v 0.005151 -0.020060 -0.008378
v 0.005151 -0.020060 -0.008378
v 0.005151 -0.020060 -0.008378
v 0.005151 -0.020060 -0.008378
v 0.004649 -0.019753 -0.009067
v 0.004649 -0.019753 -0.009067
v 0.004649 -0.019753 -0.009067
v 0.004649 -0.019753 -0.009067
v 0.006514 -0.019776 -0.008937
v 0.006514 -0.019776 -0.008937
v 0.006514 -0.019776 -0.008937
v 0.006514 -0.019776 -0.008937
v 0.006514 -0.019776 -0.008937
v 0.006514 -0.019776 -0.008937
v -0.020169 0.020122 0.008986
v -0.020169 0.020122 0.008986
v -0.020169 0.020122 0.008986
v -0.025050 0.020100 0.009027
v -0.030168 -0.013239 0.008970
v -0.027699 0.003620 0.009096
v -0.010983 -0.020696 -0.003514
v -0.028119 -0.014357 0.009002
v -0.028119 -0.014357 0.009002
v -0.029825 -0.016552 0.008989
v -0.029825 -0.016552 0.008989
v -0.029825 -0.016552 0.008989
v -0.023589 -0.014524 -0.009376
v -0.023589 -0.014524 -0.009376
v -0.023589 -0.014524 -0.009376
v -0.020820 -0.002082 -0.009368
v -0.020820 -0.002082 -0.009368
v -0.031536 -0.020712 0.007847
v -0.031536 -0.020712 0.007847
v -0.031536 -0.020712 0.007847
v -0.031536 -0.020712 0.007847
v 0.008687 0.007619 -0.009242
v 0.005298 0.013735 -0.009018
v 0.005512 -0.005282 -0.009340
v 0.005512 -0.005282 -0.009340
v 0.005512 -0.005282 -0.009340
v 0.005512 -0.005282 -0.009340
v 0.004466 -0.005646 -0.009311
v 0.003806 -0.004054 -0.009317
v 0.004022 0.008255 -0.009249
v 0.002886 -0.019649 -0.009301
v 0.002886 -0.019649 -0.009301
v 0.002886 -0.019649 -0.009301
v 0.002886 -0.019649 -0.009301
v 0.002886 -0.019649 -0.009301
v 0.002886 -0.019649 -0.009301
v 0.002886 -0.019649 -0.009301
v -0.040799 -0.008064 0.000462
v -0.040781 -0.008595 -0.000176
v 0.009044 -0.011809 -0.009517
v 0.008569 -0.013213 -0.009590
v -0.017615 0.002382 -0.009385
v -0.040776 -0.009725 -0.000000
v -0.021447 0.003492 -0.009420
v -0.020853 0.002592 -0.009411
v -0.029841 -0.019321 0.008943
v -0.029841 -0.019321 0.008943
v -0.029841 -0.019321 0.008943
v -0.029841 -0.019321 0.008943
v -0.029841 -0.019321 0.008943
v -0.029841 -0.019321 0.008943
v -0.027856 -0.016740 0.008995
v -0.027856 -0.016740 0.008995
v -0.020519 0.018350 -0.008963
v -0.023601 0.018599 -0.008946
v -0.021577 0.019775 -0.008883
v -0.021577 0.019775 -0.008883
v -0.021577 0.019775 -0.008883
v -0.021577 0.019775 -0.008883
v -0.039364 0.019631 0.005066
v -0.039364 0.019631 0.005066
v -0.039364 0.019631 0.005066
v -0.039364 0.019631 0.005066
v -0.039364 0.019631 0.005066
v -0.039364 0.019631 0.005066
v -0.019186 0.020403 0.008546
v -0.019186 0.020403 0.008546
v -0.019186 0.020403 0.008546
v -0.019186 0.020403 0.008546
v -0.019186 0.020403 0.008546
v -0.019186 0.020403 0.008546
v -0.031521 -0.020034 0.008727
v -0.031521 -0.020034 0.008727
v -0.018494 0.019874 0.009258
v -0.018494 0.019874 0.009258
v -0.018494 0.019874 0.009258
v -0.018494 0.019874 0.009258
v -0.016006 0.020287 0.008692
v -0.016006 0.020287 0.008692
v -0.016006 0.020287 0.008692
v -0.016006 0.020287 0.008692
v -0.016006 0.020287 0.008692
v -0.016006 0.020287 0.008692
v -0.016006 0.020287 0.008692
v -0.016006 0.020287 0.008692
v 0.005925 0.020739 -0.004113
v 0.005925 0.020739 -0.004113
v 0.005925 0.020739 -0.004113
v 0.005925 0.020739 -0.004113
v 0.004880 0.020737 -0.003558
v 0.004880 0.020737 -0.003558
v 0.006467 0.020757 -0.003283
v 0.006467 0.020757 -0.003283
v 0.006467 0.020757 -0.003283
v -0.020640 -0.020783 0.007741
v -0.020640 -0.020783 0.007741
v -0.020640 -0.020783 0.007741
v -0.020640 -0.020783 0.007741
v -0.020640 -0.020783 0.007741
v -0.020640 -0.020783 0.007741
v -0.020640 -0.020783 0.007741
v -0.020640 -0.020783 0.007741
v -0.021660 -0.020794 0.007676
v -0.021660 -0.020794 0.007676
v -0.021660 -0.020794 0.007676
v -0.021660 -0.020794 0.007676
v -0.022783 -0.020818 0.007557
v -0.022783 -0.020818 0.007557
v -0.022783 -0.020818 0.007557
v -0.022783 -0.020818 0.007557
v 0.011663 0.020536 -0.008436
v 0.011663 0.020536 -0.008436
v 0.011663 0.020536 -0.008436
v 0.011663 0.020536 -0.008436
v 0.008942 0.020456 -0.008481
v 0.008942 0.020456 -0.008481
v 0.008942 0.020456 -0.008481
v 0.008942 0.020456 -0.008481
v 0.008942 0.020456 -0.008481
v 0.008942 0.020456 -0.008481
v 0.008942 0.020456 -0.008481
v 0.008942 0.020456 -0.008481
v 0.010399 0.020606 -0.008403
v 0.010399 0.020606 -0.008403
v 0.010399 0.020606 -0.008403
v 0.010399 0.020606 -0.008403
v 0.003661 -0.011415 -0.009473
v 0.039274 -0.007971 0.007644
v 0.039274 -0.007971 0.007644
v 0.039274 -0.007971 0.007644
v 0.039321 -0.007469 0.007939
v 0.039321 -0.007469 0.007939
v 0.039321 -0.007469 0.007939
v 0.003340 -0.005372 -0.009285
v 0.003340 -0.005372 -0.009285
v 0.003340 -0.005372 -0.009285
v 0.006640 0.009167 -0.009198
v 0.005976 0.009055 -0.009207
v -0.017225 0.020619 0.007401
v -0.017225 0.020619 0.007401
v 0.010597 0.015285 -0.008900
v 0.009240 0.014590 -0.008945
v 0.006154 -0.001970 -0.009368
v 0.005655 -0.003382 -0.009355
v 0.005655 -0.003382 -0.009355
v -0.023963 -0.020993 0.003312
v 0.011970 0.001590 -0.009398
v 0.011958 0.000573 -0.009411
v 0.011958 0.000573 -0.009411
v 0.010770 0.001673 -0.009392
v 0.010770 0.001673 -0.009392
v 0.010770 0.001673 -0.009392
v -0.034788 -0.020829 -0.005544
v -0.034788 -0.020829 -0.005544
v -0.034788 -0.020829 -0.005544
v -0.034788 -0.020829 -0.005544
v -0.034788 -0.020829 -0.005544
v -0.034428 -0.020828 -0.006211
v -0.034428 -0.020828 -0.006211
v -0.034428 -0.020828 -0.006211
v -0.019912 -0.004420 -0.009286
v -0.020938 -0.004381 -0.009283
v -0.020938 -0.004381 -0.009283
v -0.020938 -0.004381 -0.009283
v -0.020938 -0.004381 -0.009283
v -0.001325 -0.020300 -0.008188
v -0.001325 -0.020300 -0.008188
v -0.001325 -0.020300 -0.008188
v -0.001325 -0.020300 -0.008188
v -0.002201 -0.020338 -0.007781
v -0.002201 -0.020338 -0.007781
v -0.002201 -0.020338 -0.007781
v -0.003909 -0.020381 -0.007849
v -0.003909 -0.020381 -0.007849
v -0.003909 -0.020381 -0.007849
v -0.003909 -0.020381 -0.007849
v -0.003909 -0.020381 -0.007849
v -0.003909 -0.020381 -0.007849
v -0.003909 -0.020381 -0.007849
v 0.006537 -0.008586 -0.009391
v -0.012238 0.020621 0.002595
v -0.012238 0.020621 0.002595
v -0.005891 0.020672 0.003506
v -0.007305 0.020655 0.003468
v -0.007185 0.020663 0.004703
v -0.007185 0.020663 0.004703
v -0.007185 0.020663 0.004703
v 0.008232 0.020671 -0.005655
v 0.008232 0.020671 -0.005655
v 0.008232 0.020671 -0.005655
v 0.008232 0.020671 -0.005655
v -0.008074 0.020658 0.004091
v -0.001666 0.020642 -0.003453
v -0.003528 0.020612 -0.003282
v -0.003188 0.020679 0.000203
v -0.003309 0.020667 -0.000430
v -0.003908 0.020666 0.000027
v -0.025646 0.007161 0.009213
v -0.023904 0.007599 0.009246
v 0.003230 0.020600 -0.006834
v 0.003230 0.020600 -0.006834
v 0.006351 0.020644 -0.006036
v 0.006351 0.020644 -0.006036
v 0.006351 0.020644 -0.006036
v 0.006351 0.020644 -0.006036
v 0.004934 0.020620 -0.006639
v 0.004934 0.020620 -0.006639
v 0.004934 0.020620 -0.006639
v 0.012303 0.020729 -0.008295
v 0.012303 0.020729 -0.008295
v 0.012303 0.020729 -0.008295
v 0.012303 0.020729 -0.008295
v 0.011858 0.020736 -0.008175
v 0.011858 0.020736 -0.008175
v 0.011858 0.020736 -0.008175
v 0.011858 0.020736 -0.008175
v 0.011858 0.020736 -0.008175
v 0.012741 0.020740 -0.008278
v 0.012741 0.020740 -0.008278
v 0.012741 0.020740 -0.008278
v 0.012741 0.020740 -0.008278
v 0.012741 0.020740 -0.008278
v 0.005260 0.020712 -0.008156
v 0.005260 0.020712 -0.008156
v 0.005260 0.020712 -0.008156
v -0.004193 -0.020554 -0.003325
v -0.005064 -0.020566 -0.003568
v 0.005916 0.009471 -0.009192
v -0.014761 0.020620 0.005337
v -0.026652 -0.020454 0.008103
v -0.026652 -0.020454 0.008103
v -0.026652 -0.020454 0.008103
v -0.026652 -0.020454 0.008103
v -0.026652 -0.020454 0.008103
v -0.026652 -0.020454 0.008103
v 0.010156 0.007097 -0.009251
v 0.007386 0.007361 -0.009259
v -0.040959 0.020439 0.005780
v -0.040959 0.020439 0.005780
v -0.040959 0.020439 0.005780
v -0.040959 0.020439 0.005780
v -0.040959 0.020439 0.005780
v -0.039241 0.019531 0.005006
v -0.039241 0.019531 0.005006
v -0.039241 0.019531 0.005006
v -0.039241 0.019531 0.005006
v -0.039241 0.019531 0.005006
v -0.039241 0.019531 0.005006
v -0.039241 0.019531 0.005006
v -0.021638 -0.020981 0.003567
v -0.020829 -0.020969 0.004609
v -0.039160 0.019953 0.004859
v -0.039160 0.019953 0.004859
v -0.039160 0.019953 0.004859
v -0.039160 0.019953 0.004859
v -0.039197 0.019795 0.004809
v -0.039197 0.019795 0.004809
v -0.039197 0.019795 0.004809
v -0.039197 0.019795 0.004809
v -0.039208 0.019724 0.005050
v -0.039208 0.019724 0.005050
v -0.039208 0.019724 0.005050
v -0.039208 0.019724 0.005050
v -0.039208 0.019724 0.005050
v -0.039133 0.020109 0.005245
v -0.039133 0.020109 0.005245
v -0.039133 0.020109 0.005245
v -0.039133 0.020109 0.005245
v -0.039133 0.020109 0.005245
v -0.039133 0.020109 0.005245
v -0.039133 0.020109 0.005245
v -0.011922 -0.020889 0.000874
v -0.011922 -0.020889 0.000874
v -0.011922 -0.020889 0.000874
v -0.011922 -0.020889 0.000874
v -0.009716 -0.020848 0.000605
v -0.009716 -0.020848 0.000605
v -0.009716 -0.020848 0.000605
v -0.013711 -0.020925 0.001210
v -0.013711 -0.020925 0.001210
v -0.013711 -0.020925 0.001210
v 0.002236 -0.019363 -0.009542
v 0.002236 -0.019363 -0.009542
v 0.002236 -0.019363 -0.009542
v 0.002236 -0.019363 -0.009542
v 0.002236 -0.019363 -0.009542
v 0.002236 -0.019363 -0.009542
v 0.004670 -0.019407 -0.009522
v 0.004670 -0.019407 -0.009522
v 0.004670 -0.019407 -0.009522
v 0.004670 -0.019407 -0.009522
v 0.004670 -0.019407 -0.009522
v -0.027321 -0.002826 0.008981
v -0.027321 -0.002826 0.008981
v -0.027321 -0.002826 0.008981
v -0.026181 -0.002423 0.009003
v -0.027444 -0.001432 0.009005
v -0.038784 0.020849 0.002855
v -0.038784 0.020849 0.002855
v -0.038784 0.020849 0.002855
v -0.039269 0.019684 0.002549
v -0.039269 0.019684 0.002549
v -0.039269 0.019684 0.002549
v -0.039269 0.019684 0.002549
v -0.039166 0.020000 0.002913
v -0.039166 0.020000 0.002913
v -0.039166 0.020000 0.002913
v -0.039166 0.020000 0.002913
v -0.039166 0.020000 0.002913
v -0.039166 0.020000 0.002913
v -0.039279 0.019624 0.002138
v -0.039279 0.019624 0.002138
v -0.039279 0.019624 0.002138
v -0.039279 0.019624 0.002138
v -0.027941 0.019359 0.009471
v -0.027941 0.019359 0.009471
v -0.027941 0.019359 0.009471
v -0.018629 0.019208 0.009579
v -0.018629 0.019208 0.009579
v -0.018629 0.019208 0.009579
v -0.018629 0.019208 0.009579
v -0.018629 0.019208 0.009579
v -0.020165 0.019050 0.009567
v -0.020165 0.019050 0.009567
v -0.020165 0.019050 0.009567
v -0.016319 0.018458 0.009619
v -0.016319 0.018458 0.009619
v -0.016319 0.018458 0.009619
v -0.016319 0.018458 0.009619
v -0.000551 0.020691 -0.001461
v -0.001279 0.020678 -0.001634
v -0.040142 -0.020366 -0.003580
v -0.040142 -0.020366 -0.003580
v -0.040142 -0.020366 -0.003580
v -0.040142 -0.020366 -0.003580
v -0.040142 -0.020366 -0.003580
v -0.040142 -0.020366 -0.003580
v -0.025827 -0.016418 0.008993
v -0.025827 -0.016418 0.008993
v -0.021281 -0.015011 0.008984
v -0.022629 -0.013419 0.009002
v -0.040153 -0.020249 -0.000874
v -0.040153 -0.020249 -0.000874
v -0.040153 -0.020249 -0.000874
v -0.040153 -0.020249 -0.000874
v -0.040153 -0.020249 -0.000874
v -0.040153 -0.020249 -0.000874
v -0.040153 -0.020249 -0.000874
v -0.040153 -0.020249 -0.000874
v -0.039908 0.008847 -0.009165
v -0.039908 0.008847 -0.009165
v -0.039908 0.008847 -0.009165
v -0.039908 0.008847 -0.009165
v -0.039908 0.008847 -0.009165
v -0.039908 0.008847 -0.009165
v -0.039908 0.008847 -0.009165
v 0.039340 -0.003551 0.008250
v 0.039340 -0.003551 0.008250
v 0.039340 -0.003551 0.008250
v 0.039340 -0.003551 0.008250
v 0.039340 -0.003551 0.008250
v 0.038999 -0.003220 0.008445
v 0.038999 -0.003220 0.008445
v 0.038999 -0.003220 0.008445
v 0.038999 -0.003220 0.008445
v 0.038999 -0.003220 0.008445
v 0.038999 -0.003220 0.008445
v 0.038999 -0.003220 0.008445
v 0.038999 -0.003220 0.008445
v 0.039260 -0.005875 0.008346
v 0.039260 -0.005875 0.008346
v 0.039260 -0.005875 0.008346
v 0.039260 -0.005875 0.008346
v 0.039260 -0.005875 0.008346
v 0.039260 -0.005875 0.008346
v 0.039260 -0.005875 0.008346
v 0.039260 -0.005875 0.008346
v 0.039260 -0.005875 0.008346
v 0.007752 0.020741 -0.008046
v 0.007752 0.020741 -0.008046
v 0.007752 0.020741 -0.008046
v 0.008313 0.020721 -0.007751
v 0.008313 0.020721 -0.007751
v 0.008313 0.020721 -0.007751
v 0.008313 0.020721 -0.007751
v -0.012703 -0.020769 -0.002326
v 0.002328 -0.005762 -0.009288
v 0.002780 -0.003095 -0.009310
v -0.024767 -0.020832 0.007437
v -0.024767 -0.020832 0.007437
v -0.024767 -0.020832 0.007437
v -0.024767 -0.020832 0.007437
v -0.024767 -0.020832 0.007437
v -0.024900 -0.020928 0.006284
v -0.024900 -0.020928 0.006284
v -0.024900 -0.020928 0.006284
v -0.000762 -0.020305 -0.007808
v -0.000762 -0.020305 -0.007808
v -0.000762 -0.020305 -0.007808
v -0.001676 -0.020320 -0.007216
v -0.001676 -0.020320 -0.007216
v -0.000216 -0.020276 -0.008203
v -0.000216 -0.020276 -0.008203
v -0.000216 -0.020276 -0.008203
v -0.000216 -0.020276 -0.008203
v -0.000216 -0.020276 -0.008203
v -0.000216 -0.020276 -0.008203
v -0.002272 -0.020267 -0.008297
v -0.002272 -0.020267 -0.008297
v -0.002272 -0.020267 -0.008297
v -0.002272 -0.020267 -0.008297
v 0.010064 0.003311 -0.009363
v 0.012518 0.002762 -0.009376
v -0.012376 0.020623 0.003336
v -0.011234 -0.020825 -0.000375
v -0.009944 -0.020814 -0.000232
v -0.010695 -0.020860 0.000463
v -0.010695 -0.020860 0.000463
v -0.010695 -0.020860 0.000463
v -0.040811 -0.008413 0.001581
v -0.002609 0.020642 -0.002548
v -0.015532 0.007773 0.009311
v -0.013872 0.007920 0.009330
v -0.013193 0.009356 0.009376
v -0.006092 -0.020449 -0.006273
v -0.006092 -0.020449 -0.006273
v -0.028189 -0.002437 0.008979
v -0.025129 0.001257 0.009087
v -0.024127 0.003295 0.009135
v -0.025021 0.002826 0.009116
v 0.013724 0.020754 -0.003868
v 0.015034 0.020766 -0.003756
v 0.012829 0.020714 -0.005837
v 0.039337 -0.004371 0.008242
v 0.039337 -0.004371 0.008242
v 0.039337 -0.004371 0.008242
v 0.039337 -0.004371 0.008242
v 0.009108 0.020679 -0.008318
v 0.009108 0.020679 -0.008318
v 0.009108 0.020679 -0.008318
v 0.009108 0.020679 -0.008318
v 0.009108 0.020679 -0.008318
v 0.009108 0.020679 -0.008318
v 0.009108 0.020679 -0.008318
v 0.008528 0.020667 -0.008326
v 0.008528 0.020667 -0.008326
v -0.031498 -0.020840 -0.006290
v -0.031498 -0.020840 -0.006290
v 0.010031 0.020222 -0.008537
v 0.010031 0.020222 -0.008537
v 0.010031 0.020222 -0.008537
v 0.011887 0.015954 -0.008859
v -0.025532 -0.008700 0.008961
v -0.026366 -0.007766 0.008949
v -0.027533 0.020576 -0.004484
v -0.026973 0.020501 -0.006156
v -0.023996 -0.020688 0.007962
v -0.023996 -0.020688 0.007962
v -0.023996 -0.020688 0.007962
v -0.023996 -0.020688 0.007962
v -0.023996 -0.020688 0.007962
v -0.023996 -0.020688 0.007962
v 0.004463 0.003989 -0.009371
v 0.008008 0.008721 -0.009206
v 0.008752 0.009363 -0.009177
v -0.014321 -0.020887 -0.000084
v -0.012790 -0.020843 -0.000484
v -0.009861 0.020639 0.002863
v 0.010801 0.012397 -0.009036
v 0.010375 0.010917 -0.009104
v 0.009410 0.012501 -0.009042
v -0.020281 0.007105 -0.009348
v -0.020415 0.005782 -0.009385
v -0.022054 0.006285 -0.009394
v -0.006246 -0.020587 -0.003735
v -0.006927 -0.020597 -0.003770
v 0.009343 0.020744 -0.008158
v 0.009343 0.020744 -0.008158
v 0.009343 0.020744 -0.008158
v 0.009343 0.020744 -0.008158
v 0.009343 0.020744 -0.008158
v 0.009343 0.020744 -0.008158
v 0.014566 0.020711 -0.008320
v 0.014566 0.020711 -0.008320
v 0.014566 0.020711 -0.008320
v 0.014566 0.020711 -0.008320
v 0.012884 0.020615 -0.008407
v 0.012884 0.020615 -0.008407
v 0.012884 0.020615 -0.008407
v 0.012884 0.020615 -0.008407
v 0.012884 0.020615 -0.008407
v 0.012884 0.020615 -0.008407
v 0.012884 0.020615 -0.008407
v 0.012884 0.020615 -0.008407
v 0.013410 0.020730 -0.008305
v 0.013410 0.020730 -0.008305
v 0.013410 0.020730 -0.008305
v 0.013410 0.020730 -0.008305
v 0.013410 0.020730 -0.008305
v -0.004578 0.020661 0.000539
v 0.000035 0.020666 -0.003579
v 0.001538 0.020692 -0.003061
v 0.005141 0.020645 -0.005787
v 0.005141 0.020645 -0.005787
v -0.024911 -0.000078 0.009065
v -0.024226 -0.000124 0.009066
v -0.024108 0.001178 0.009095
v -0.009989 0.019632 0.009500
v -0.009989 0.019632 0.009500
v -0.009989 0.019632 0.009500
v -0.009989 0.019632 0.009500
v -0.009989 0.019632 0.009500
v -0.009989 0.019632 0.009500
v -0.008927 0.019630 0.009469
v -0.008927 0.019630 0.009469
v -0.008927 0.019630 0.009469
v -0.008927 0.019630 0.009469
v -0.008395 0.020195 0.008797
v -0.008395 0.020195 0.008797
v -0.008395 0.020195 0.008797
v -0.008395 0.020195 0.008797
v -0.008395 0.020195 0.008797
v -0.008395 0.020195 0.008797
v -0.008395 0.020195 0.008797
v 0.011945 0.013369 -0.008983
v 0.010498 0.013788 -0.008973
v 0.007015 -0.005079 -0.009359
v 0.007015 -0.005079 -0.009359
v 0.007015 -0.005079 -0.009359
v -0.041110 0.009863 0.002969
v -0.041110 0.009863 0.002969
v 0.039295 -0.007148 0.007709
v 0.039295 -0.007148 0.007709
v 0.039295 -0.007148 0.007709
v 0.039295 -0.007148 0.007709
v -0.002531 -0.020339 -0.007319
v -0.002531 -0.020339 -0.007319
v 0.000840 -0.020268 -0.007886
v 0.000840 -0.020268 -0.007886
v -0.000242 -0.020295 -0.007024
v -0.000242 -0.020295 -0.007024
v -0.000242 -0.020295 -0.007024
v -0.026448 -0.005372 0.008937
v -0.026448 -0.005372 0.008937
v -0.026448 -0.005372 0.008937
v -0.026448 -0.005372 0.008937
v -0.023402 -0.006337 0.008981
v -0.024901 -0.005027 0.008962
v -0.024901 -0.005027 0.008962
v 0.007121 0.008184 -0.009232
v 0.000893 -0.020472 -0.002483
v -0.001670 -0.020588 -0.001383
v -0.001670 -0.020588 -0.001383
v -0.001670 -0.020588 -0.001383
v -0.001670 -0.020588 -0.001383
v -0.000679 -0.020490 -0.002896
v -0.039277 0.019591 0.005174
v -0.039277 0.019591 0.005174
v -0.039277 0.019591 0.005174
v -0.039277 0.019591 0.005174
v -0.039277 0.019591 0.005174
v -0.039854 0.020114 0.005278
v -0.039854 0.020114 0.005278
v -0.039854 0.020114 0.005278
v -0.039854 0.020114 0.005278
v -0.040065 0.020138 0.005299
v -0.040065 0.020138 0.005299
v -0.040065 0.020138 0.005299
v -0.040065 0.020138 0.005299
v -0.040065 0.020138 0.005299
v -0.040065 0.020138 0.005299
v -0.030388 0.020763 -0.000292
v -0.024116 -0.008113 0.008970
v -0.025814 -0.006902 0.008947
v -0.040014 0.020198 0.005051
v -0.040014 0.020198 0.005051
v -0.040014 0.020198 0.005051
v -0.040014 0.020198 0.005051
v -0.040014 0.020198 0.005051
v -0.040014 0.020198 0.005051
v -0.040014 0.020198 0.005051
v 0.001170 -0.019898 -0.008898
v 0.001170 -0.019898 -0.008898
v 0.003234 -0.019979 -0.008689
v 0.003234 -0.019979 -0.008689
v 0.003234 -0.019979 -0.008689
v 0.003234 -0.019979 -0.008689
v 0.000702 -0.020180 -0.008379
v 0.000702 -0.020180 -0.008379
v 0.000702 -0.020180 -0.008379
v 0.000702 -0.020180 -0.008379
v -0.028718 -0.020447 0.008151
v -0.028718 -0.020447 0.008151
v -0.028718 -0.020447 0.008151
v -0.028718 -0.020447 0.008151
v -0.028718 -0.020447 0.008151
v -0.028718 -0.020447 0.008151
v -0.028230 -0.020643 0.007961
v -0.028230 -0.020643 0.007961
v -0.028230 -0.020643 0.007961
v -0.028230 -0.020643 0.007961
v -0.028230 -0.020643 0.007961
v -0.028230 -0.020643 0.007961
v -0.028230 -0.020643 0.007961
v -0.011715 -0.020736 -0.002902
v -0.029080 -0.010320 0.008944
v -0.020583 0.000954 -0.009401
v -0.020674 0.000154 -0.009397
v -0.011462 -0.020771 -0.001738
v 0.013681 0.010673 -0.009093
v 0.014291 0.009094 -0.009159
v 0.013289 0.008178 -0.009197
v -0.007407 -0.020633 -0.003214
v -0.005815 -0.020528 -0.004584
v -0.003046 -0.020343 -0.008008
v -0.003046 -0.020343 -0.008008
v -0.003046 -0.020343 -0.008008
v 0.008582 0.006568 -0.009277
v -0.027951 -0.019733 0.008908
v -0.027951 -0.019733 0.008908
v -0.027951 -0.019733 0.008908
v 0.005502 -0.011459 -0.009487
v 0.007845 -0.002104 -0.009371
v 0.007633 -0.000848 -0.009379
v -0.025468 -0.001158 0.009042
v -0.025374 -0.002041 0.009025
v -0.041224 0.020251 0.003620
v -0.041224 0.020251 0.003620
v -0.041224 0.020251 0.003620
v -0.041224 0.020251 0.003620
v -0.041224 0.020251 0.003620
v -0.041224 0.020251 0.003620
v -0.041224 0.020251 0.003620
v -0.020031 0.011181 -0.009242
v -0.021183 0.013014 -0.009186
v -0.025805 -0.020827 0.007524
v -0.025805 -0.020827 0.007524
v 0.005467 0.020694 -0.004954
v 0.039500 -0.014784 0.006978
v 0.039500 -0.014784 0.006978
v 0.039500 -0.014784 0.006978
v 0.039500 -0.014784 0.006978
v 0.039859 -0.013714 0.006845
v 0.039859 -0.013714 0.006845
v 0.039859 -0.013714 0.006845
v 0.039941 -0.012283 0.006826
v 0.039941 -0.012283 0.006826
v 0.039941 -0.012283 0.006826
v 0.039941 -0.012283 0.006826
v 0.039941 -0.012283 0.006826
v -0.019563 0.020644 0.008021
v -0.019563 0.020644 0.008021
v -0.019563 0.020644 0.008021
v 0.007657 -0.015744 -0.009692
v 0.007657 -0.015744 -0.009692
v 0.007657 -0.015744 -0.009692
v 0.004124 -0.015646 -0.009668
v 0.004124 -0.015646 -0.009668
v 0.002727 -0.015811 -0.009655
v 0.007035 0.000406 -0.009386
v 0.005917 0.000742 -0.009390
v 0.006929 0.001579 -0.009388
v 0.006929 0.001579 -0.009388
v 0.006929 0.001579 -0.009388
v 0.040355 -0.010963 0.006252
v 0.040355 -0.010963 0.006252
v 0.040355 -0.010963 0.006252
v 0.040427 -0.009092 0.006132
v 0.040427 -0.009092 0.006132
v 0.040427 -0.009092 0.006132
v 0.040427 -0.009092 0.006132
v 0.040355 -0.007295 0.006681
v 0.040355 -0.007295 0.006681
v 0.040355 -0.007295 0.006681
v 0.040355 -0.007295 0.006681
v 0.040355 -0.007295 0.006681
v 0.040355 -0.007295 0.006681
v 0.007005 0.020642 -0.008356
v 0.007005 0.020642 -0.008356
v 0.007005 0.020642 -0.008356
v -0.010049 0.020651 0.004082
v -0.010049 0.020651 0.004082
v -0.010049 0.020651 0.004082
v -0.017921 -0.020974 0.002181
v -0.019034 -0.020979 0.003031
v -0.019240 -0.020979 0.002094
v -0.019089 -0.020950 0.005408
v -0.019089 -0.020950 0.005408
v -0.020224 -0.020951 0.005425
v -0.020224 -0.020951 0.005425
v -0.006771 -0.020664 -0.002157
v -0.006378 -0.020711 -0.000743
v -0.006378 -0.020711 -0.000743
v -0.006378 -0.020711 -0.000743
v -0.006378 -0.020711 -0.000743
v -0.007085 -0.020699 -0.001284
v -0.018293 0.017530 0.009605
v -0.018293 0.017530 0.009605
v -0.018293 0.017530 0.009605
v -0.020219 0.017258 0.009582
v -0.020219 0.017258 0.009582
v 0.001084 -0.019545 -0.009395
v 0.001084 -0.019545 -0.009395
v 0.001084 -0.019545 -0.009395
v 0.037095 -0.020615 0.007571
v 0.037095 -0.020615 0.007571
v 0.037095 -0.020615 0.007571
v 0.037095 -0.020615 0.007571
v 0.036642 -0.020649 0.007549
v 0.036642 -0.020649 0.007549
v 0.036642 -0.020649 0.007549
v 0.036642 -0.020649 0.007549
v 0.036642 -0.020649 0.007549
v 0.036642 -0.020649 0.007549
v -0.021113 0.003271 0.009162
v -0.020774 0.005858 0.009218
v -0.022065 0.004008 0.009165
v -0.022616 -0.008087 0.008973
v -0.022587 -0.009227 0.008985
v -0.022177 -0.010097 0.008991
v -0.022177 -0.010097 0.008991
v -0.024157 -0.003581 0.008990
v -0.024081 -0.004476 0.008979
v -0.024081 -0.004476 0.008979
v -0.023653 -0.004055 0.008989
v -0.023653 -0.004055 0.008989
v -0.025851 0.002274 0.009094
v -0.024083 -0.010653 0.008989
v 0.010315 0.020727 -0.007768
v 0.010315 0.020727 -0.007768
v 0.010315 0.020727 -0.007768
v 0.008832 0.020739 -0.008095
v 0.008832 0.020739 -0.008095
v -0.027036 -0.020758 -0.007195
v -0.027036 -0.020758 -0.007195
v 0.011551 0.003785 -0.009351
v 0.005400 -0.000597 -0.009380
v 0.039151 -0.013387 0.007136
v 0.039151 -0.013387 0.007136
v 0.039151 -0.013387 0.007136
v -0.011927 -0.020836 -0.000350
v -0.011927 -0.020836 -0.000350
v -0.012063 -0.020855 -0.000043
v -0.012063 -0.020855 -0.000043
v -0.012063 -0.020855 -0.000043
v -0.030186 -0.020386 0.008190
v -0.030186 -0.020386 0.008190
v -0.030186 -0.020386 0.008190
v -0.030186 -0.020386 0.008190
v 0.039220 -0.014152 0.007094
v 0.039485 -0.013255 0.006997
v 0.039182 -0.012586 0.007119
v 0.039182 -0.012586 0.007119
v 0.039182 -0.012586 0.007119
v 0.039182 -0.012586 0.007119
v 0.039182 -0.012586 0.007119
v -0.017498 0.019685 0.009475
v -0.017498 0.019685 0.009475
v -0.017498 0.019685 0.009475
v -0.017498 0.019685 0.009475
v -0.017498 0.019685 0.009475
v -0.014661 0.019883 0.009242
v -0.014661 0.019883 0.009242
v -0.014661 0.019883 0.009242
v -0.014661 0.019883 0.009242
v -0.014661 0.019883 0.009242
v -0.014661 0.019883 0.009242
v -0.015925 0.019820 0.009315
v -0.015925 0.019820 0.009315
v -0.040747 0.019974 -0.005674
v -0.040747 0.019974 -0.005674
v -0.040747 0.019974 -0.005674
v -0.040747 0.019974 -0.005674
v -0.040747 0.019974 -0.005674
v -0.040914 0.019994 -0.004636
v -0.040914 0.019994 -0.004636
v -0.040914 0.019994 -0.004636
v -0.040914 0.019994 -0.004636
v -0.040914 0.019994 -0.004636
v -0.040914 0.019994 -0.004636
v -0.040731 0.019996 -0.005119
v -0.040731 0.019996 -0.005119
v -0.040731 0.019996 -0.005119
v -0.040731 0.019996 -0.005119
v -0.040731 0.019996 -0.005119
v -0.040731 0.019996 -0.005119
v -0.040731 0.019996 -0.005119
v -0.040731 0.019996 -0.005119
v 0.012255 -0.007461 -0.009398
v 0.012548 -0.005890 -0.009385
v 0.013225 -0.006211 -0.009396
v -0.006607 0.020640 0.001113
v -0.006017 0.020654 0.001812
v -0.005992 0.020663 0.002761
v -0.004925 0.020686 0.003465
v -0.005143 0.020670 0.002272
v -0.026767 -0.004338 0.008952
v -0.026767 -0.004338 0.008952
v -0.006638 0.020625 -0.000022
v 0.012584 -0.015468 -0.009700
v 0.012584 -0.015468 -0.009700
v 0.000464 0.020704 -0.000992
v -0.000267 0.020702 -0.000875
v 0.000372 0.020722 0.000223
v 0.006427 -0.020107 -0.006874
v 0.006427 -0.020107 -0.006874
v 0.006427 -0.020107 -0.006874
v 0.006427 -0.020107 -0.006874
v 0.005410 -0.020127 -0.007285
v 0.005410 -0.020127 -0.007285
v 0.005889 -0.020123 -0.007753
v 0.005889 -0.020123 -0.007753
v 0.005889 -0.020123 -0.007753
v -0.026552 0.000364 0.009052
v -0.022820 -0.005847 0.008989
v -0.022820 -0.005847 0.008989
v -0.023313 -0.007214 0.008974
v -0.023313 -0.007214 0.008974
v -0.023313 -0.007214 0.008974
v -0.022439 -0.006571 0.008980
v 0.010403 0.020701 -0.005059
v 0.011538 0.020703 -0.005957
v 0.010775 0.020699 -0.006115
v 0.010775 0.020699 -0.006115
v 0.010523 0.020739 -0.008214
v 0.010523 0.020739 -0.008214
v 0.010523 0.020739 -0.008214
v 0.009917 0.020748 -0.008180
v 0.009917 0.020748 -0.008180
v 0.009917 0.020748 -0.008180
v 0.009917 0.020748 -0.008180
v 0.009917 0.020748 -0.008180
v -0.027650 -0.018477 0.008966
v -0.029397 -0.020389 0.008217
v -0.029397 -0.020389 0.008217
v -0.029397 -0.020389 0.008217
v -0.029397 -0.020389 0.008217
v -0.029397 -0.020389 0.008217
v -0.023908 -0.020939 0.006039
v -0.023908 -0.020939 0.006039
v -0.021395 -0.020940 0.005811
v -0.021395 -0.020940 0.005811
v -0.022636 -0.020921 0.006278
v -0.022636 -0.020921 0.006278
v -0.026383 -0.020619 0.007993
v -0.026383 -0.020619 0.007993
v -0.026383 -0.020619 0.007993
v -0.026383 -0.020619 0.007993
v -0.026383 -0.020619 0.007993
v -0.026104 -0.020370 0.008228
v -0.026104 -0.020370 0.008228
v -0.026104 -0.020370 0.008228
v -0.026104 -0.020370 0.008228
v -0.026104 -0.020370 0.008228
v -0.002642 -0.020342 -0.006760
v -0.002642 -0.020342 -0.006760
v -0.002642 -0.020342 -0.006760
v 0.002143 -0.020205 -0.008271
v 0.002143 -0.020205 -0.008271
v 0.002143 -0.020205 -0.008271
v 0.002143 -0.020205 -0.008271
v 0.002143 -0.020205 -0.008271
v 0.003670 -0.020187 -0.008203
v 0.003670 -0.020187 -0.008203
v 0.003670 -0.020187 -0.008203
v 0.003670 -0.020187 -0.008203
v 0.003670 -0.020187 -0.008203
v 0.003670 -0.020187 -0.008203
v 0.003670 -0.020187 -0.008203
v -0.013544 0.020611 0.005450
v -0.022731 -0.001439 0.009068
v -0.022684 0.001189 0.009111
v -0.023329 0.000412 0.009087
v -0.040283 0.019907 0.003355
v -0.040283 0.019907 0.003355
v -0.040283 0.019907 0.003355
v -0.040283 0.019907 0.003355
v -0.040635 0.020073 0.003336
v -0.040635 0.020073 0.003336
v -0.040635 0.020073 0.003336
v -0.040635 0.020073 0.003336
v -0.040320 0.019811 0.003592
v -0.040320 0.019811 0.003592
v -0.040320 0.019811 0.003592
v -0.040320 0.019811 0.003592
v -0.040320 0.019811 0.003592
v -0.040320 0.019811 0.003592
v -0.039308 0.020150 0.004022
v -0.039308 0.020150 0.004022
v -0.039308 0.020150 0.004022
v -0.039308 0.020150 0.004022
v -0.039308 0.020150 0.004022
v -0.039308 0.020150 0.004022
v -0.039276 0.020053 0.003564
v -0.039276 0.020053 0.003564
v -0.039276 0.020053 0.003564
v -0.039276 0.020053 0.003564
v -0.039276 0.020053 0.003564
v -0.039276 0.020053 0.003564
v -0.039634 0.020028 0.003559
v -0.039634 0.020028 0.003559
v -0.039634 0.020028 0.003559
v -0.039634 0.020028 0.003559
v -0.039634 0.020028 0.003559
v -0.039634 0.020028 0.003559
v -0.039634 0.020028 0.003559
v -0.039540 0.020068 0.004695
v -0.039540 0.020068 0.004695
v -0.039540 0.020068 0.004695
v -0.039540 0.020068 0.004695
v -0.039540 0.020068 0.004695
v -0.039540 0.020068 0.004695
v -0.039540 0.020068 0.004695
v -0.000374 0.020685 -0.001993
v -0.024578 -0.004183 0.008980
v -0.027621 -0.011623 0.008983
v -0.027125 -0.009487 0.008960
v 0.008282 0.020742 -0.008138
v 0.008282 0.020742 -0.008138
v 0.008282 0.020742 -0.008138
v 0.008282 0.020742 -0.008138
v 0.008282 0.020742 -0.008138
v -0.025935 -0.010920 0.008983
v -0.027060 -0.005819 0.008938
v -0.027060 -0.005819 0.008938
v -0.027273 -0.008699 0.008949
v -0.001691 -0.020350 -0.006025
v -0.001691 -0.020350 -0.006025
v -0.040240 0.018001 -0.009053
v -0.040240 0.018001 -0.009053
v -0.040240 0.018001 -0.009053
v -0.040240 0.018001 -0.009053
v -0.040240 0.018001 -0.009053
v -0.040240 0.018001 -0.009053
v -0.040240 0.018001 -0.009053
v -0.006686 -0.020492 -0.005607
v 0.009635 0.020636 -0.008383
v 0.009635 0.020636 -0.008383
v 0.009635 0.020636 -0.008383
v 0.009635 0.020636 -0.008383
v 0.010942 0.020697 -0.008352
v 0.010942 0.020697 -0.008352
v 0.010942 0.020697 -0.008352
v 0.010942 0.020697 -0.008352
v 0.010942 0.020697 -0.008352
v 0.010942 0.020697 -0.008352
v 0.010942 0.020697 -0.008352
v 0.038680 -0.005914 0.008464
v 0.038680 -0.005914 0.008464
v 0.038680 -0.005914 0.008464
v 0.038680 -0.005914 0.008464
v 0.038992 -0.004613 0.008445
v 0.038992 -0.004613 0.008445
v 0.038992 -0.004613 0.008445
v -0.026004 0.018956 -0.008921
v -0.026004 0.018956 -0.008921
v -0.026004 0.018956 -0.008921
v 0.006637 -0.000542 -0.009378
v -0.040346 0.020043 0.003104
v -0.040346 0.020043 0.003104
v -0.040346 0.020043 0.003104
v -0.040346 0.020043 0.003104
v -0.040346 0.020043 0.003104
v -0.040072 0.019742 0.003546
v -0.040072 0.019742 0.003546
v -0.040072 0.019742 0.003546
v -0.040072 0.019742 0.003546
v -0.040072 0.019742 0.003546
v -0.040072 0.019742 0.003546
v -0.040072 0.019742 0.003546
v -0.011877 0.020574 0.007955
v -0.011877 0.020574 0.007955
v -0.011877 0.020574 0.007955
v -0.011877 0.020574 0.007955
v -0.011877 0.020574 0.007955
v -0.010627 0.020478 0.008337
v -0.010627 0.020478 0.008337
v -0.010813 0.020585 0.007958
v -0.010813 0.020585 0.007958
v -0.038223 0.002607 -0.009417
v -0.038223 0.002607 -0.009417
v -0.039282 0.007140 -0.009343
v -0.039282 0.007140 -0.009343
v -0.039282 0.007140 -0.009343
v -0.039282 0.007140 -0.009343
v -0.039282 0.007140 -0.009343
v -0.039282 0.007140 -0.009343
v -0.037890 0.005950 -0.009446
v -0.037890 0.005950 -0.009446
v -0.037890 0.005950 -0.009446
v -0.037890 0.005950 -0.009446
v -0.037890 0.005950 -0.009446
v -0.040178 0.020089 0.005473
v -0.040178 0.020089 0.005473
v -0.040178 0.020089 0.005473
v -0.040178 0.020089 0.005473
v -0.040178 0.020089 0.005473
v -0.040178 0.020089 0.005473
v -0.014479 0.014931 0.009575
v -0.016671 0.014754 0.009557
v -0.025221 0.009728 0.009298
v 0.004139 -0.006103 -0.009298
v 0.004139 -0.006103 -0.009298
v 0.004139 -0.006103 -0.009298
v -0.012838 -0.020886 0.000328
v -0.012838 -0.020886 0.000328
v 0.007087 -0.017624 -0.009680
v 0.007087 -0.017624 -0.009680
v -0.006395 0.020654 0.002331
v -0.016957 0.020310 -0.008372
v 0.007080 0.020766 -0.002635
v 0.007080 0.020766 -0.002635
v 0.008090 0.020771 -0.002088
v 0.009197 0.020775 -0.001844
v 0.009197 0.020775 -0.001844
v -0.010081 -0.020728 -0.002231
v 0.003932 -0.017265 -0.009667
v 0.003932 -0.017265 -0.009667
v 0.003932 -0.017265 -0.009667
v 0.014299 0.019178 -0.008637
v 0.014299 0.019178 -0.008637
v 0.014299 0.019178 -0.008637
v 0.014459 0.020138 -0.008546
v 0.014459 0.020138 -0.008546
v 0.014459 0.020138 -0.008546
v 0.014459 0.020138 -0.008546
v 0.015508 0.019929 -0.008572
v 0.015508 0.019929 -0.008572
v 0.015508 0.019929 -0.008572
v 0.015508 0.019929 -0.008572
v -0.040227 -0.015564 -0.005947
v -0.040227 -0.015564 -0.005947
v -0.040227 -0.015564 -0.005947
v -0.040227 -0.015564 -0.005947
v -0.040376 -0.017800 -0.003804
v -0.040376 -0.017800 -0.003804
v -0.040376 -0.017800 -0.003804
v -0.040444 -0.015117 -0.003971
v -0.040444 -0.015117 -0.003971
v -0.040444 -0.015117 -0.003971
v -0.040444 -0.015117 -0.003971
v 0.008338 0.003726 -0.009355
v 0.009260 0.003547 -0.009358
v 0.016759 0.011108 -0.009075
v 0.015915 0.009192 -0.009156
v -0.025933 -0.004509 0.008955
v -0.024585 -0.013492 0.009009
v -0.020823 -0.012671 0.008995
v -0.022272 -0.011234 0.008997
v 0.040244 -0.008707 0.006759
v 0.040244 -0.008707 0.006759
v 0.040244 -0.008707 0.006759
v 0.040075 -0.010416 0.006780
v 0.040075 -0.010416 0.006780
v 0.040075 -0.010416 0.006780
v 0.040075 -0.010416 0.006780
v 0.040075 -0.010416 0.006780
v 0.040075 -0.010416 0.006780
v 0.040075 -0.010416 0.006780
v 0.040075 -0.010416 0.006780
v 0.040243 -0.011846 0.006600
v 0.040243 -0.011846 0.006600
v 0.040243 -0.011846 0.006600
v 0.040243 -0.011846 0.006600
v 0.040243 -0.011846 0.006600
v 0.040243 -0.011846 0.006600
v -0.040134 -0.020305 -0.002430
v -0.040134 -0.020305 -0.002430
v -0.040134 -0.020305 -0.002430
v -0.040134 -0.020305 -0.002430
v -0.040210 -0.020316 -0.002009
v -0.040210 -0.020316 -0.002009
v -0.040210 -0.020316 -0.002009
v -0.040210 -0.020316 -0.002009
v -0.040210 -0.020316 -0.002009
v -0.040217 -0.020334 -0.002810
v -0.040217 -0.020334 -0.002810
v -0.040217 -0.020334 -0.002810
v -0.040217 -0.020334 -0.002810
v -0.040217 -0.020334 -0.002810
v -0.040217 -0.020334 -0.002810
v -0.014312 0.018604 0.009619
v -0.014312 0.018604 0.009619
v -0.012738 0.018395 0.009625
v -0.012738 0.018395 0.009625
v -0.012738 0.018395 0.009625
v -0.012738 0.018395 0.009625
v -0.013653 0.019295 0.009587
v -0.013653 0.019295 0.009587
v -0.013653 0.019295 0.009587
v -0.013653 0.019295 0.009587
v -0.025922 -0.000510 0.009047
v 0.001936 -0.020250 -0.007879
v 0.001936 -0.020250 -0.007879
v 0.001936 -0.020250 -0.007879
v 0.001936 -0.020250 -0.007879
v 0.003022 -0.020206 -0.007731
v 0.002952 -0.020197 -0.006735
v 0.002952 -0.020197 -0.006735
v 0.002952 -0.020197 -0.006735
v -0.027340 -0.020720 0.007874
v -0.027340 -0.020720 0.007874
v -0.027340 -0.020720 0.007874
v -0.027340 -0.020720 0.007874
v -0.027340 -0.020720 0.007874
v -0.024923 0.020446 -0.007344
v 0.005610 -0.016181 -0.009687
v 0.005610 -0.016181 -0.009687
v 0.039141 -0.021291 0.007201
v 0.039141 -0.021291 0.007201
v 0.039141 -0.021291 0.007201
v -0.015344 -0.020937 0.000771
v -0.015344 -0.020937 0.000771
v -0.015344 -0.020937 0.000771
v -0.018682 0.006300 0.009247
v -0.019636 0.008146 0.009291
v -0.004870 0.020648 -0.000181
v -0.005532 0.020639 -0.000189
v -0.019015 -0.003659 0.009042
v -0.017770 -0.002819 0.009067
v -0.017981 -0.001179 0.009100
v -0.004118 0.016330 0.009638
v -0.004663 0.017584 0.009652
v -0.006524 0.017795 0.009645
v -0.006524 0.017795 0.009645
v -0.006524 0.017795 0.009645
v -0.024771 -0.011562 -0.009372
v -0.025764 -0.014093 -0.009391
v -0.025764 -0.014093 -0.009391
v -0.025764 -0.014093 -0.009391
v -0.025814 -0.009190 -0.009368
v -0.008171 -0.020690 -0.002150
v -0.022920 0.005856 0.009198
v -0.022839 0.007044 0.009235
v -0.014226 0.010677 0.009411
v -0.012471 0.010515 0.009418
v -0.010485 0.010659 0.009437
v -0.023384 0.004648 0.009165
v -0.023778 0.005563 0.009185
v -0.020854 -0.001006 -0.009392
v -0.020854 -0.001006 -0.009392
v -0.025131 -0.020963 0.005368
v -0.023118 -0.009469 0.008986
v 0.003822 0.020714 -0.004268
v 0.003822 0.020714 -0.004268
v 0.003822 0.020714 -0.004268
v 0.003822 0.020714 -0.004268
v 0.015280 0.004192 -0.009347
v 0.013199 0.005352 -0.009300
v 0.015133 0.005912 -0.009286
v -0.020428 -0.003373 0.009039
v -0.020063 -0.001511 0.009065
v -0.020063 -0.001511 0.009065
v -0.020872 -0.002466 0.009051
v -0.020872 -0.002466 0.009051
v -0.017694 0.020408 0.008508
v -0.017694 0.020408 0.008508
v -0.017694 0.020408 0.008508
v 0.005805 -0.019561 -0.009384
v 0.005805 -0.019561 -0.009384
v 0.005805 -0.019561 -0.009384
v 0.005805 -0.019561 -0.009384
v 0.010951 0.008027 -0.009214
v -0.019042 -0.001168 -0.009362
v 0.014358 -0.019732 -0.008994
v 0.014358 -0.019732 -0.008994
v 0.014358 -0.019732 -0.008994
v 0.014358 -0.019732 -0.008994
v 0.014358 -0.019732 -0.008994
v 0.014358 -0.019732 -0.008994
v 0.014358 -0.019732 -0.008994
v 0.009479 -0.019588 -0.009300
v 0.009479 -0.019588 -0.009300
v 0.009479 -0.019588 -0.009300
v 0.009479 -0.019588 -0.009300
v 0.009479 -0.019588 -0.009300
v 0.009479 -0.019588 -0.009300
v 0.009479 -0.019588 -0.009300
v 0.009479 -0.019588 -0.009300
v 0.011135 -0.019464 -0.009503
v 0.011135 -0.019464 -0.009503
v 0.011135 -0.019464 -0.009503
v 0.011135 -0.019464 -0.009503
v 0.012041 0.019040 -0.008655
v 0.012041 0.019040 -0.008655
v 0.017776 0.004386 -0.009360
v 0.016670 0.005138 -0.009325
v 0.009346 0.001789 -0.009386
v 0.009346 0.001789 -0.009386
v 0.009346 0.001789 -0.009386
v 0.004659 -0.007906 -0.009347
v -0.023060 0.003769 0.009151
v 0.011950 -0.018788 -0.009614
v 0.011950 -0.018788 -0.009614
v 0.011950 -0.018788 -0.009614
v 0.011950 -0.018788 -0.009614
v 0.011843 -0.019443 -0.009520
v 0.011843 -0.019443 -0.009520
v 0.011843 -0.019443 -0.009520
v 0.011843 -0.019443 -0.009520
v 0.011843 -0.019443 -0.009520
v 0.011843 -0.019443 -0.009520
v 0.011843 -0.019443 -0.009520
v 0.010213 -0.018685 -0.009633
v 0.010213 -0.018685 -0.009633
v 0.010213 -0.018685 -0.009633
v 0.010213 -0.018685 -0.009633
v 0.008925 -0.017285 -0.009691
v 0.008925 -0.017285 -0.009691
v 0.008925 -0.017285 -0.009691
v 0.011070 -0.016943 -0.009693
v 0.011070 -0.016943 -0.009693
v 0.011070 -0.016943 -0.009693
v 0.005540 -0.009958 -0.009420
v 0.011463 0.020712 -0.008331
v 0.011463 0.020712 -0.008331
v 0.011463 0.020712 -0.008331
v 0.011463 0.020712 -0.008331
v 0.011463 0.020712 -0.008331
v 0.011463 0.020712 -0.008331
v 0.011463 0.020712 -0.008331
v -0.006539 -0.020782 0.000615
v -0.006539 -0.020782 0.000615
v -0.006539 -0.020782 0.000615
v -0.005711 -0.020746 0.000151
v -0.005711 -0.020746 0.000151
v -0.005007 -0.020740 0.000379
v -0.005007 -0.020740 0.000379
v -0.009531 -0.020752 -0.001342
v -0.009531 -0.020752 -0.001342
v -0.009531 -0.020752 -0.001342
v -0.006599 -0.020631 -0.002978
v -0.018219 0.008057 0.009299
v -0.015610 0.009718 0.009368
v 0.000361 0.020736 0.001422
v -0.000656 0.020710 0.000098
v -0.026441 -0.019899 -0.009194
v -0.026441 -0.019899 -0.009194
v -0.026441 -0.019899 -0.009194
v -0.026441 -0.019899 -0.009194
v -0.026441 -0.019899 -0.009194
v -0.039593 -0.020164 -0.001814
v -0.039593 -0.020164 -0.001814
v -0.039593 -0.020164 -0.001814
v -0.039593 -0.020164 -0.001814
v -0.039593 -0.020164 -0.001814
v -0.039593 -0.020164 -0.001814
v -0.039593 -0.020164 -0.001814
v -0.039593 -0.020164 -0.001814
v -0.039539 -0.020177 -0.002447
v -0.039353 -0.020252 -0.002860
v -0.039353 -0.020252 -0.002860
v -0.039353 -0.020252 -0.002860
v -0.039353 -0.020252 -0.002860
v -0.039353 -0.020252 -0.002860
v -0.039353 -0.020252 -0.002860
v -0.039353 -0.020252 -0.002860
v -0.039709 -0.020124 -0.000731
v -0.039709 -0.020124 -0.000731
v -0.039709 -0.020124 -0.000731
v -0.039646 -0.020132 -0.000943
v -0.039646 -0.020132 -0.000943
v -0.039646 -0.020132 -0.000943
v -0.039646 -0.020132 -0.000943
v -0.039646 -0.020132 -0.000943
v 0.008848 -0.002549 -0.009376
v -0.021238 0.001462 -0.009417
v -0.021206 0.000657 -0.009412
v 0.013723 -0.006934 -0.009407
v 0.013305 -0.007115 -0.009404
v 0.013844 -0.006381 -0.009402
v -0.024875 -0.006735 0.008958
v 0.013431 0.020715 -0.007007
v 0.013431 0.020715 -0.007007
v 0.013431 0.020715 -0.007007
v 0.011026 0.020708 -0.007084
v 0.011026 0.020708 -0.007084
v 0.011026 0.020708 -0.007084
v 0.012146 0.020714 -0.007385
v 0.012146 0.020714 -0.007385
v 0.011194 0.020733 -0.008045
v 0.011194 0.020733 -0.008045
v 0.008649 0.020684 -0.006538
v 0.008649 0.020684 -0.006538
v 0.008649 0.020684 -0.006538
v 0.010031 0.020700 -0.006713
v 0.010031 0.020700 -0.006713
v 0.014735 0.020726 -0.007361
v 0.014735 0.020726 -0.007361
v 0.014735 0.020726 -0.007361
v 0.013280 0.020727 -0.007725
v 0.013866 0.007175 -0.009235
v 0.012156 0.007390 -0.009230
v -0.021682 -0.020682 0.007944
v -0.021682 -0.020682 0.007944
v -0.021061 -0.020627 0.007998
v -0.021061 -0.020627 0.007998
v -0.021061 -0.020627 0.007998
v -0.021061 -0.020627 0.007998
v -0.021061 -0.020627 0.007998
v -0.021634 -0.020474 0.008174
v -0.020536 -0.020879 0.006775
v -0.020536 -0.020879 0.006775
v -0.020536 -0.020879 0.006775
v -0.019930 0.002480 -0.009393
v -0.019930 0.002480 -0.009393
v -0.018700 0.002211 -0.009387
v -0.039262 0.019687 0.004862
v -0.039262 0.019687 0.004862
v -0.039262 0.019687 0.004862
v -0.039262 0.019687 0.004862
v 0.033799 -0.021027 0.007296
v 0.033799 -0.021027 0.007296
v 0.033799 -0.021027 0.007296
v 0.033799 -0.021027 0.007296
v 0.033799 -0.021027 0.007296
v 0.033799 -0.021027 0.007296
v 0.033799 -0.021027 0.007296
v 0.033799 -0.021027 0.007296
v -0.038996 0.020504 0.004630
v -0.038996 0.020504 0.004630
v -0.038996 0.020504 0.004630
v -0.038996 0.020504 0.004630
v -0.038996 0.020504 0.004630
v -0.039639 0.019144 0.000895
v -0.039639 0.019144 0.000895
v -0.039639 0.019144 0.000895
v -0.039639 0.019144 0.000895
v -0.039639 0.019144 0.000895
v -0.039593 0.019286 0.001510
v -0.039593 0.019286 0.001510
v -0.039593 0.019286 0.001510
v -0.039593 0.019286 0.001510
v -0.039593 0.019286 0.001510
v -0.039593 0.019286 0.001510
v -0.039593 0.019286 0.001510
v -0.039563 0.019201 0.001163
v -0.039563 0.019201 0.001163
v -0.039563 0.019201 0.001163
v -0.039084 0.020289 0.003802
v -0.039084 0.020289 0.003802
v -0.039084 0.020289 0.003802
v -0.039084 0.020289 0.003802
v -0.039084 0.020289 0.003802
v -0.039084 0.020289 0.003802
v -0.009163 -0.020813 -0.000026
v -0.009163 -0.020813 -0.000026
v -0.009163 -0.020813 -0.000026
v -0.009314 -0.020786 -0.000568
v -0.009314 -0.020786 -0.000568
v -0.008808 -0.020770 -0.000592
v -0.027210 -0.020519 0.008047
v -0.027210 -0.020519 0.008047
v -0.027210 -0.020519 0.008047
v -0.027210 -0.020519 0.008047
v -0.027729 -0.020594 0.007993
v -0.027729 -0.020594 0.007993
v -0.025102 -0.003313 0.008995
v -0.025102 -0.003313 0.008995
v -0.015120 -0.005846 0.009001
v -0.015922 -0.005239 0.009017
v -0.016337 -0.007196 0.008968
v -0.040914 0.020305 0.004695
v -0.040914 0.020305 0.004695
v -0.040914 0.020305 0.004695
v -0.040914 0.020305 0.004695
v -0.040914 0.020305 0.004695
v -0.040914 0.020305 0.004695
v -0.040274 0.020097 0.005228
v -0.040274 0.020097 0.005228
v -0.040274 0.020097 0.005228
v -0.040274 0.020097 0.005228
v -0.040274 0.020097 0.005228
v -0.030421 -0.020041 -0.009132
v -0.030421 -0.020041 -0.009132
v -0.030421 -0.020041 -0.009132
v -0.030421 -0.020041 -0.009132
v -0.028840 -0.020275 -0.008843
v -0.028840 -0.020275 -0.008843
v -0.028840 -0.020275 -0.008843
v -0.028840 -0.020275 -0.008843
v -0.028840 -0.020275 -0.008843
v -0.032025 -0.020063 -0.009123
v -0.032025 -0.020063 -0.009123
v -0.032025 -0.020063 -0.009123
v -0.032025 -0.020063 -0.009123
v -0.032025 -0.020063 -0.009123
v -0.040217 0.020152 0.005041
v -0.040217 0.020152 0.005041
v -0.040217 0.020152 0.005041
v -0.040217 0.020152 0.005041
v -0.040217 0.020152 0.005041
v -0.018829 -0.018494 0.008881
v -0.018829 -0.018494 0.008881
v -0.018829 -0.018494 0.008881
v -0.021332 -0.018657 0.008896
v -0.021332 -0.018657 0.008896
v -0.021560 0.002147 -0.009424
v -0.021560 0.002147 -0.009424
v -0.022957 0.002476 -0.009431
v -0.022957 0.002476 -0.009431
v -0.022957 0.002476 -0.009431
v -0.022957 0.002476 -0.009431
v -0.018291 0.014324 -0.009135
v 0.012515 -0.001335 -0.009415
v 0.012515 -0.001335 -0.009415
v 0.011747 -0.001304 -0.009405
v 0.012080 -0.000772 -0.009414
v -0.020523 0.009277 -0.009296
v -0.019042 0.010167 -0.009265
v -0.018453 -0.020918 0.006098
v 0.007228 -0.020084 -0.008077
v 0.007228 -0.020084 -0.008077
v 0.007228 -0.020084 -0.008077
v 0.007228 -0.020084 -0.008077
v 0.007228 -0.020084 -0.008077
v 0.007228 -0.020084 -0.008077
v 0.013179 -0.020330 -0.001762
v 0.014466 -0.020317 -0.001921
v 0.014466 -0.020317 -0.001921
v 0.014466 -0.020317 -0.001921
v 0.014418 -0.020365 -0.000946
v 0.014418 -0.020365 -0.000946
v -0.013383 0.020575 0.006379
v -0.013383 0.020575 0.006379
v -0.013383 0.020575 0.006379
v -0.013383 0.020575 0.006379
v -0.014086 -0.020942 0.002287
v 0.014840 0.015920 -0.008844
v 0.016038 0.014339 -0.008925
v 0.013986 0.015113 -0.008892
v -0.022317 -0.004057 -0.009305
v -0.022317 -0.004057 -0.009305
v -0.022317 -0.004057 -0.009305
v -0.022212 -0.003248 -0.009317
v -0.022212 -0.003248 -0.009317
v -0.022212 -0.003248 -0.009317
v 0.003453 -0.018905 -0.009585
v 0.003453 -0.018905 -0.009585
v 0.003453 -0.018905 -0.009585
v -0.006691 0.020658 0.006229
v -0.006691 0.020658 0.006229
v -0.006691 0.020658 0.006229
v -0.008311 0.020662 0.004706
v -0.002260 -0.020546 -0.002550
v -0.003163 -0.020566 -0.002514
v 0.008242 0.001252 -0.009390
v -0.017102 0.009058 0.009338
v -0.002709 -0.020411 -0.005288
v -0.003192 -0.020453 -0.004765
v -0.022510 -0.008718 -0.009358
v -0.022926 -0.007148 -0.009348
v -0.022307 -0.007813 -0.009351
v -0.022307 -0.007813 -0.009351
v 0.005058 -0.008863 -0.009379
v -0.012830 -0.014476 0.008933
v -0.012796 -0.014082 0.008933
v -0.013392 -0.013725 0.008930
v -0.028981 -0.016522 -0.009414
v -0.027102 -0.015691 -0.009403
v -0.026286 -0.017570 -0.009352
v -0.026286 -0.017570 -0.009352
v -0.023353 -0.005521 -0.009343
v -0.023353 -0.005521 -0.009343
v -0.023940 -0.006572 -0.009351
v -0.023940 -0.006572 -0.009351
v 0.011868 -0.004493 -0.009368
v 0.010649 -0.004691 -0.009360
v 0.010649 -0.004691 -0.009360
v 0.012058 -0.003339 -0.009378
v -0.001532 0.020697 0.000127
v -0.025077 -0.020395 0.008256
v -0.025077 -0.020395 0.008256
v -0.025077 -0.020395 0.008256
v -0.025077 -0.020395 0.008256
v -0.025077 -0.020395 0.008256
v -0.024322 -0.020449 0.008215
v -0.024322 -0.020449 0.008215
v -0.024322 -0.020449 0.008215
v -0.024322 -0.020449 0.008215
v -0.024031 -0.020204 0.008495
v -0.024031 -0.020204 0.008495
v -0.024031 -0.020204 0.008495
v -0.024031 -0.020204 0.008495
v -0.024031 -0.020204 0.008495
v -0.024031 -0.020204 0.008495
v -0.024031 -0.020204 0.008495
v -0.023841 -0.001131 0.009047
v -0.023841 -0.001131 0.009047
v -0.021381 -0.020207 0.008458
v -0.021381 -0.020207 0.008458
v -0.020938 -0.019948 0.008729
v -0.020938 -0.019948 0.008729
v -0.020938 -0.019948 0.008729
v -0.020938 -0.019948 0.008729
v -0.020938 -0.019948 0.008729
v -0.022551 -0.020332 0.008342
v -0.022551 -0.020332 0.008342
v 0.010363 0.020707 -0.008322
v 0.010363 0.020707 -0.008322
v 0.010363 0.020707 -0.008322
v 0.010363 0.020707 -0.008322
v 0.010363 0.020707 -0.008322
v -0.025635 -0.020127 0.008560
v -0.025635 -0.020127 0.008560
v -0.025635 -0.020127 0.008560
v -0.025635 -0.020127 0.008560
v -0.025635 -0.020127 0.008560
v -0.025635 -0.020127 0.008560
v -0.026707 -0.020127 0.008544
v -0.009217 0.020605 0.007532
v -0.009217 0.020605 0.007532
v -0.009427 0.020626 0.006319
v -0.011508 0.020583 0.006501
v -0.011508 0.020583 0.006501
v -0.014682 0.020575 0.008019
v -0.014682 0.020575 0.008019
v -0.014682 0.020575 0.008019
v -0.008748 -0.020839 0.001538
v -0.008980 -0.020830 0.000563
v -0.008980 -0.020830 0.000563
v -0.007132 -0.020808 0.001432
v -0.023157 0.000381 -0.009418
v -0.023157 0.000381 -0.009418
v -0.024204 0.000010 -0.009428
v -0.007995 -0.020720 -0.001186
v 0.006904 0.020748 -0.003797
v 0.006904 0.020748 -0.003797
v 0.004498 0.020745 -0.000667
v 0.003962 0.020744 -0.000300
v 0.004856 0.020759 0.000427
v -0.011967 0.017076 0.009625
v -0.008912 0.017142 0.009633
v 0.009279 0.020721 -0.007659
v -0.001662 -0.020470 -0.003701
v 0.000766 -0.020391 -0.003913
v -0.021925 0.006898 0.009237
v -0.018703 0.000708 0.009130
v -0.019522 0.001053 0.009129
v -0.019340 -0.000042 0.009105
v 0.010219 -0.006817 -0.009369
v -0.040348 0.020165 0.004659
v -0.040348 0.020165 0.004659
v -0.040348 0.020165 0.004659
v -0.040348 0.020165 0.004659
v -0.040348 0.020165 0.004659
v -0.040348 0.020165 0.004659
v -0.040348 0.020165 0.004659
v -0.040348 0.020165 0.004659
v -0.040348 0.020165 0.004659
v -0.040348 0.020165 0.004659
v -0.040348 0.020165 0.004659
v -0.037415 -0.020526 -0.008581
v -0.037415 -0.020526 -0.008581
v -0.037415 -0.020526 -0.008581
v -0.037415 -0.020526 -0.008581
v -0.037621 -0.020296 -0.009059
v -0.037621 -0.020296 -0.009059
v -0.037621 -0.020296 -0.009059
v -0.037621 -0.020296 -0.009059
v -0.037621 -0.020296 -0.009059
v -0.036087 -0.020497 -0.008609
v -0.036087 -0.020497 -0.008609
v -0.036087 -0.020497 -0.008609
v -0.036087 -0.020497 -0.008609
v -0.036087 -0.020497 -0.008609
v -0.036087 -0.020497 -0.008609
v -0.036087 -0.020497 -0.008609
v 0.007766 0.000418 -0.009390
v -0.039834 -0.020158 0.000260
v -0.039834 -0.020158 0.000260
v -0.023421 -0.005033 0.008986
v 0.029383 -0.014868 0.008725
v -0.021878 0.001554 0.009127
v -0.022863 0.002358 0.009128
v -0.040761 -0.008007 -0.001080
v -0.040761 -0.008007 -0.001080
v -0.009107 0.020660 0.005058
v -0.009107 0.020660 0.005058
v -0.023932 -0.006964 0.008971
v 0.010769 -0.005879 -0.009358
v 0.010769 -0.005879 -0.009358
v -0.040766 -0.005273 -0.001573
v -0.040766 -0.005273 -0.001573
v 0.039884 -0.015091 0.006815
v 0.039884 -0.015091 0.006815
v 0.039884 -0.015091 0.006815
v 0.039884 -0.015091 0.006815
v 0.039884 -0.015091 0.006815
v 0.039884 -0.015091 0.006815
v 0.039884 -0.015091 0.006815
v -0.010716 0.014312 0.009570
v -0.012305 0.015009 0.009584
v -0.014309 0.020355 0.008593
v -0.014309 0.020355 0.008593
v -0.020448 0.009590 0.009336
v -0.022212 0.000106 0.009101
v -0.021892 -0.003887 0.009031
v -0.021892 -0.003887 0.009031
v -0.021892 -0.003887 0.009031
v -0.021892 -0.003887 0.009031
v -0.021406 -0.003592 0.009041
v -0.021406 -0.003592 0.009041
v -0.021254 -0.003147 0.009048
v -0.021728 -0.003131 0.009053
v -0.021728 -0.003131 0.009053
v -0.021728 -0.003131 0.009053
v -0.021728 -0.003131 0.009053
v -0.021728 -0.003131 0.009053
v -0.041156 0.020394 0.005546
v -0.041156 0.020394 0.005546
v -0.041156 0.020394 0.005546
v -0.041156 0.020394 0.005546
v -0.041156 0.020394 0.005546
v -0.041156 0.020394 0.005546
v -0.041156 0.020394 0.005546
v -0.023403 -0.002991 0.009014
v -0.041185 0.020118 0.005170
v -0.041185 0.020118 0.005170
v -0.041185 0.020118 0.005170
v -0.041185 0.020118 0.005170
v -0.022406 0.005076 0.009183
v 0.015219 0.007572 -0.009221
v -0.017728 0.020381 -0.007414
v -0.017728 0.020381 -0.007414
v -0.015488 0.020559 0.008278
v -0.015488 0.020559 0.008278
v -0.015488 0.020559 0.008278
v -0.015488 0.020559 0.008278
v -0.015488 0.020559 0.008278
v -0.013567 0.020542 0.008287
v -0.013567 0.020542 0.008287
v -0.013567 0.020542 0.008287
v -0.013567 0.020542 0.008287
v 0.019459 0.015171 -0.008886
v 0.016951 0.016976 -0.008777
v 0.021907 0.015807 -0.008857
v 0.021907 0.015807 -0.008857
v -0.022980 -0.008765 0.008983
v -0.023298 -0.008220 0.008977
v -0.023298 -0.008220 0.008977
v 0.017634 0.020735 -0.006600
v 0.017634 0.020735 -0.006600
v 0.018707 0.020747 -0.007399
v 0.018707 0.020747 -0.007399
v 0.018707 0.020747 -0.007399
v 0.017550 0.020746 -0.007680
v 0.017550 0.020746 -0.007680
v 0.002000 -0.020378 -0.003601
v 0.002473 -0.020272 -0.005158
v 0.002473 -0.020272 -0.005158
v 0.002473 -0.020272 -0.005158
v 0.008351 -0.000428 -0.009391
v 0.008351 -0.000428 -0.009391
v -0.005921 -0.020615 -0.002990
v -0.030137 -0.020831 -0.005977
v -0.030137 -0.020831 -0.005977
v 0.011123 -0.003163 -0.009374
v 0.010016 -0.003327 -0.009372
v -0.004876 -0.020662 -0.001060
v -0.005207 -0.020620 -0.002419
v -0.003946 -0.020586 -0.002448
v -0.026354 -0.013209 0.009006
v -0.024832 -0.019468 0.008900
v -0.024832 -0.019468 0.008900
v -0.021756 -0.008344 -0.009352
v -0.021756 -0.008344 -0.009352
v -0.009991 -0.020807 0.006401
v -0.009991 -0.020807 0.006401
v -0.009991 -0.020807 0.006401
v -0.009991 -0.020807 0.006401
v -0.009991 -0.020807 0.006401
v -0.009991 -0.020807 0.006401
v -0.009991 -0.020807 0.006401
v -0.010889 -0.020726 0.007523
v -0.010889 -0.020726 0.007523
v -0.010889 -0.020726 0.007523
v -0.010889 -0.020726 0.007523
v -0.010889 -0.020726 0.007523
v -0.010889 -0.020726 0.007523
v -0.010889 -0.020726 0.007523
v -0.011815 -0.020758 0.007521
v -0.011815 -0.020758 0.007521
v -0.011815 -0.020758 0.007521
v -0.011815 -0.020758 0.007521
v -0.017516 -0.020968 0.003290
v -0.015776 -0.020942 0.004677
v -0.023817 -0.020853 0.007231
v -0.023817 -0.020853 0.007231
v 0.020464 0.006338 -0.009305
v 0.019445 0.007057 -0.009266
v 0.020232 0.008734 -0.009199
v 0.013556 -0.009097 -0.009431
v 0.014057 -0.009862 -0.009450
v 0.012195 -0.009591 -0.009440
v 0.014647 0.020732 -0.005563
v 0.014647 0.020732 -0.005563
v 0.010261 -0.013462 -0.009604
v -0.000195 -0.020355 -0.005128
v -0.000195 -0.020355 -0.005128
v -0.000195 -0.020355 -0.005128
v -0.009539 0.020474 0.008409
v -0.009539 0.020474 0.008409
v -0.009539 0.020474 0.008409
v -0.009539 0.020474 0.008409
v -0.009539 0.020474 0.008409
v -0.009912 0.020595 0.008001
v -0.009912 0.020595 0.008001
v -0.009912 0.020595 0.008001
v -0.009912 0.020595 0.008001
v -0.009912 0.020595 0.008001
v -0.009912 0.020595 0.008001
v 0.035214 -0.020783 0.007589
v 0.035214 -0.020783 0.007589
v 0.035214 -0.020783 0.007589
v 0.035214 -0.020783 0.007589
v 0.035214 -0.020783 0.007589
v 0.035214 -0.020783 0.007589
v 0.035214 -0.020783 0.007589
v 0.035220 -0.020968 0.007602
v 0.035220 -0.020968 0.007602
v 0.035220 -0.020968 0.007602
v 0.035220 -0.020968 0.007602
v 0.035220 -0.020968 0.007602
v -0.004037 0.020705 0.004354
v -0.003707 0.020705 0.004868
v -0.003139 0.020721 0.004232
v -0.003139 0.020721 0.004232
v 0.011328 0.005771 -0.009289
v -0.019680 0.013753 -0.009159
v -0.003069 0.020689 0.001127
v 0.010090 -0.005515 -0.009358
v 0.010090 -0.005515 -0.009358
v 0.013533 0.003307 -0.009364
v 0.013533 0.003307 -0.009364
v 0.013374 0.001366 -0.009402
v 0.013374 0.001366 -0.009402
v 0.013374 0.001366 -0.009402
v -0.007408 -0.020729 -0.000668
v -0.007408 -0.020729 -0.000668
v 0.001740 0.020747 0.002017
v 0.002829 0.020751 0.001184
v 0.002494 0.020709 -0.002659
v 0.006743 0.020766 -0.000129
v 0.007083 0.020763 -0.000575
v 0.006500 0.020759 -0.000814
v 0.011535 0.011161 -0.009084
v 0.004040 0.020734 -0.001627
v 0.004682 0.020737 -0.002734
v 0.003695 0.020725 -0.002842
v 0.008174 -0.010186 -0.009447
v 0.006880 -0.010317 -0.009444
v -0.018129 -0.020111 0.008530
v -0.018129 -0.020111 0.008530
v -0.018129 -0.020111 0.008530
v -0.018129 -0.020111 0.008530
v -0.016700 -0.020091 0.008547
v -0.016700 -0.020091 0.008547
v -0.016700 -0.020091 0.008547
v -0.016700 -0.020091 0.008547
v 0.009003 -0.005016 -0.009363
v 0.009003 -0.005016 -0.009363
v -0.026369 -0.019594 0.008923
v -0.026369 -0.019594 0.008923
v -0.026369 -0.019594 0.008923
v -0.026369 -0.019594 0.008923
v -0.026369 -0.019594 0.008923
v -0.026369 -0.019594 0.008923
v -0.020524 0.001784 -0.009404
v -0.021398 0.020383 -0.008392
v -0.041135 0.011627 0.003739
v -0.041135 0.011627 0.003739
v -0.020586 -0.020426 0.008221
v -0.020586 -0.020426 0.008221
v -0.019958 -0.020626 0.008006
v -0.019958 -0.020626 0.008006
v -0.019958 -0.020626 0.008006
v -0.019958 -0.020626 0.008006
v -0.019958 -0.020626 0.008006
v -0.019653 -0.020424 0.008219
v 0.016160 0.020739 -0.008115
v 0.016160 0.020739 -0.008115
v 0.016160 0.020739 -0.008115
v 0.016394 0.020736 -0.007416
v 0.016961 0.020747 -0.008032
v 0.016961 0.020747 -0.008032
v 0.016961 0.020747 -0.008032
v 0.016961 0.020747 -0.008032
v 0.016961 0.020747 -0.008032
v 0.015563 0.020493 -0.008483
v 0.015563 0.020493 -0.008483
v 0.015563 0.020493 -0.008483
v 0.015563 0.020493 -0.008483
v 0.015563 0.020493 -0.008483
v 0.015563 0.020493 -0.008483
v 0.015563 0.020493 -0.008483
v 0.015530 0.020711 -0.008319
v 0.015530 0.020711 -0.008319
v 0.015530 0.020711 -0.008319
v 0.015530 0.020711 -0.008319
v 0.015530 0.020711 -0.008319
v 0.015530 0.020711 -0.008319
v 0.015530 0.020711 -0.008319
v 0.016258 0.020692 -0.008343
v 0.016258 0.020692 -0.008343
v 0.016258 0.020692 -0.008343
v 0.016258 0.020692 -0.008343
v 0.006546 -0.009721 -0.009422
v 0.016934 -0.016854 -0.009712
v 0.016934 -0.016854 -0.009712
v 0.015740 -0.015705 -0.009702
v 0.015740 -0.015705 -0.009702
v -0.017089 0.019916 0.009186
v -0.017089 0.019916 0.009186
v -0.017089 0.019916 0.009186
v -0.017089 0.019916 0.009186
v 0.018339 0.020550 -0.008459
v 0.018339 0.020550 -0.008459
v 0.018339 0.020550 -0.008459
v 0.018339 0.020550 -0.008459
v 0.019942 0.020271 -0.008506
v 0.019942 0.020271 -0.008506
v 0.019942 0.020271 -0.008506
v -0.007454 0.020648 0.002702
v -0.041128 0.010774 0.001470
v -0.041128 0.010774 0.001470
v 0.012844 0.009208 -0.009157
v -0.039865 0.020162 0.004807
v -0.039865 0.020162 0.004807
v -0.039865 0.020162 0.004807
v -0.039865 0.020162 0.004807
v -0.039481 0.020099 0.003944
v -0.039481 0.020099 0.003944
v -0.039481 0.020099 0.003944
v -0.039481 0.020099 0.003944
v 0.001042 0.020719 -0.000166
v -0.001374 -0.020632 -0.000476
v -0.001374 -0.020632 -0.000476
v -0.001374 -0.020632 -0.000476
v -0.000437 -0.020585 -0.000914
v 0.007369 0.020724 -0.004293
v 0.017960 0.020736 -0.008329
v 0.017960 0.020736 -0.008329
v 0.017960 0.020736 -0.008329
v 0.017960 0.020736 -0.008329
v 0.017960 0.020736 -0.008329
v 0.019004 0.020738 -0.008334
v 0.019004 0.020738 -0.008334
v 0.019004 0.020738 -0.008334
v 0.019004 0.020738 -0.008334
v 0.019004 0.020738 -0.008334
v 0.019004 0.020738 -0.008334
v 0.019248 0.020599 -0.008438
v 0.019248 0.020599 -0.008438
v 0.019248 0.020599 -0.008438
v 0.019248 0.020599 -0.008438
v 0.019248 0.020599 -0.008438
v 0.019248 0.020599 -0.008438
v 0.013258 -0.004732 -0.009389
v 0.013258 -0.004732 -0.009389
v 0.014945 -0.005048 -0.009398
v -0.038513 -0.020543 -0.003522
v -0.038513 -0.020543 -0.003522
v -0.038513 -0.020543 -0.003522
v -0.038513 -0.020543 -0.003522
v -0.038661 -0.020397 -0.004897
v -0.038661 -0.020397 -0.004897
v -0.038661 -0.020397 -0.004897
v -0.038661 -0.020397 -0.004897
v -0.038661 -0.020397 -0.004897
v -0.038661 -0.020397 -0.004897
v -0.038661 -0.020397 -0.004897
v -0.038661 -0.020397 -0.004897
v 0.013368 0.015857 -0.008856
v -0.022467 -0.020631 0.008015
v -0.022467 -0.020631 0.008015
v -0.022467 -0.020631 0.008015
v -0.023227 -0.020675 0.008005
v -0.023227 -0.020675 0.008005
v -0.023227 -0.020675 0.008005
v -0.023227 -0.020675 0.008005
v -0.023425 -0.020468 0.008201
v -0.023425 -0.020468 0.008201
v -0.023425 -0.020468 0.008201
v -0.023425 -0.020468 0.008201
v -0.023425 -0.020468 0.008201
v -0.039753 -0.020137 -0.002166
v -0.039753 -0.020137 -0.002166
v -0.039753 -0.020137 -0.002166
v -0.039753 -0.020137 -0.002166
v -0.039753 -0.020137 -0.002166
v -0.039872 -0.020158 -0.001783
v -0.039872 -0.020158 -0.001783
v -0.039872 -0.020158 -0.001783
v -0.039872 -0.020158 -0.001783
v -0.040601 -0.012123 -0.002814
v -0.040601 -0.012123 -0.002814
v 0.013147 -0.012805 -0.009580
v 0.011772 -0.012740 -0.009570
v 0.012314 -0.012052 -0.009531
v 0.009769 -0.019417 -0.009499
v 0.009769 -0.019417 -0.009499
v 0.009769 -0.019417 -0.009499
v 0.009769 -0.019417 -0.009499
v 0.009769 -0.019417 -0.009499
v 0.009769 -0.019417 -0.009499
v 0.006039 -0.019311 -0.009578
v 0.006039 -0.019311 -0.009578
v 0.006039 -0.019311 -0.009578
v 0.006039 -0.019311 -0.009578
v 0.006039 -0.019311 -0.009578
v 0.006039 -0.019311 -0.009578
v -0.039904 -0.020152 -0.001357
v -0.039904 -0.020152 -0.001357
v -0.039904 -0.020152 -0.001357
v -0.039904 -0.020152 -0.001357
v -0.039904 -0.020152 -0.001357
v -0.039904 -0.020152 -0.001357
v -0.039616 -0.020152 -0.001237
v -0.039616 -0.020152 -0.001237
v -0.039616 -0.020152 -0.001237
v -0.039616 -0.020152 -0.001237
v 0.004642 -0.020159 -0.007822
v 0.004642 -0.020159 -0.007822
v -0.041151 0.020274 0.001119
v -0.041151 0.020274 0.001119
v -0.041151 0.020274 0.001119
v -0.041151 0.020274 0.001119
v -0.041151 0.020274 0.001119
v -0.041125 0.020237 0.000796
v -0.041125 0.020237 0.000796
v -0.041125 0.020237 0.000796
v -0.041125 0.020237 0.000796
v -0.041125 0.020237 0.000796
v -0.041199 0.020223 0.001341
v -0.041199 0.020223 0.001341
v -0.041199 0.020223 0.001341
v -0.041199 0.020223 0.001341
v -0.041199 0.020223 0.001341
v -0.041199 0.020223 0.001341
v -0.038706 0.008942 -0.009417
v -0.038706 0.008942 -0.009417
v -0.038706 0.008942 -0.009417
v -0.039496 0.009380 -0.009375
v -0.039496 0.009380 -0.009375
v -0.039496 0.009380 -0.009375
v -0.039496 0.009380 -0.009375
v -0.039496 0.009380 -0.009375
v -0.039496 0.009380 -0.009375
v -0.003605 0.020689 0.002020
v -0.039042 0.020580 -0.001107
v -0.039042 0.020580 -0.001107
v -0.039042 0.020580 -0.001107
v -0.039042 0.020580 -0.001107
v -0.038951 0.020692 0.000322
v -0.038951 0.020692 0.000322
v -0.038951 0.020692 0.000322
v -0.038951 0.020692 0.000322
v -0.040117 0.019855 0.004217
v -0.040117 0.019855 0.004217
v -0.040117 0.019855 0.004217
v -0.040117 0.019855 0.004217
v -0.039878 0.019751 0.004108
v -0.039878 0.019751 0.004108
v -0.039878 0.019751 0.004108
v -0.039878 0.019751 0.004108
v -0.039878 0.019751 0.004108
v -0.040130 0.019689 0.003844
v -0.040130 0.019689 0.003844
v -0.040130 0.019689 0.003844
v -0.040130 0.019689 0.003844
v -0.040130 0.019689 0.003844
v -0.040130 0.019689 0.003844
v -0.040130 0.019689 0.003844
v 0.010150 -0.008975 -0.009416
v -0.007256 -0.020794 0.000623
v -0.007256 -0.020794 0.000623
v -0.007256 -0.020794 0.000623
v -0.007252 -0.020762 -0.000038
v -0.007252 -0.020762 -0.000038
v -0.007252 -0.020762 -0.000038
v -0.006860 -0.020771 0.000205
v -0.006860 -0.020771 0.000205
v -0.040620 0.019834 -0.006904
v -0.040620 0.019834 -0.006904
v -0.040620 0.019834 -0.006904
v -0.040620 0.019834 -0.006904
v -0.040620 0.019834 -0.006904
v -0.040620 0.019834 -0.006904
v -0.040335 0.019753 -0.006697
v -0.040335 0.019753 -0.006697
v -0.040335 0.019753 -0.006697
v -0.040335 0.019753 -0.006697
v 0.013821 0.020740 -0.008076
v 0.013821 0.020740 -0.008076
v 0.012681 0.020737 -0.008087
v 0.012681 0.020737 -0.008087
v 0.012681 0.020737 -0.008087
v 0.017646 0.020758 -0.008147
v 0.017646 0.020758 -0.008147
v 0.017646 0.020758 -0.008147
v -0.021276 0.000600 0.009115
v -0.020851 0.001688 0.009137
v -0.039672 0.020013 -0.008706
v -0.039672 0.020013 -0.008706
v -0.039672 0.020013 -0.008706
v -0.039672 0.020013 -0.008706
v -0.039672 0.020013 -0.008706
v -0.022008 0.001134 -0.009426
v -0.022028 -0.000649 -0.009405
v -0.029518 0.020377 -0.008423
v -0.029518 0.020377 -0.008423
v -0.029518 0.020377 -0.008423
v -0.029518 0.020377 -0.008423
v 0.039302 -0.006280 0.007884
v 0.039302 -0.006280 0.007884
v 0.039302 -0.006280 0.007884
v 0.039302 -0.006280 0.007884
v 0.039302 -0.006280 0.007884
v 0.039302 -0.006280 0.007884
v 0.039302 -0.006280 0.007884
v 0.039212 -0.007298 0.007409
v 0.039212 -0.007298 0.007409
v 0.039212 -0.007298 0.007409
v 0.039212 -0.007298 0.007409
v 0.039212 -0.007298 0.007409
v 0.039212 -0.007298 0.007409
v 0.039180 -0.006671 0.007445
v 0.039180 -0.006671 0.007445
v 0.039180 -0.006671 0.007445
v 0.039180 -0.006671 0.007445
v 0.039180 -0.006671 0.007445
v -0.020861 0.008060 0.009281
v -0.021959 0.008896 0.009302
v 0.010641 -0.019766 -0.008933
v 0.010641 -0.019766 -0.008933
v 0.010641 -0.019766 -0.008933
v 0.010641 -0.019766 -0.008933
v 0.010641 -0.019766 -0.008933
v 0.010641 -0.019766 -0.008933
v 0.010641 -0.019766 -0.008933
v 0.008523 -0.020037 -0.008148
v 0.008523 -0.020037 -0.008148
v 0.008523 -0.020037 -0.008148
v 0.008523 -0.020037 -0.008148
v 0.008523 -0.020037 -0.008148
v 0.008749 -0.019799 -0.008812
v 0.008749 -0.019799 -0.008812
v 0.008749 -0.019799 -0.008812
v 0.008749 -0.019799 -0.008812
v 0.017925 0.012979 -0.008994
v 0.018157 0.010706 -0.009098
v 0.016644 0.012991 -0.008989
v -0.021341 -0.002722 -0.009342
v -0.021341 -0.002722 -0.009342
v -0.021341 -0.002722 -0.009342
v 0.012657 0.011034 -0.009081
v -0.000370 0.020729 0.005133
v 0.000490 0.020737 0.004676
v 0.000490 0.020737 0.004676
v -0.008145 -0.020796 0.000214
v -0.008145 -0.020796 0.000214
v -0.017046 0.002624 0.009172
v -0.016522 0.000810 0.009130
v -0.016522 0.000810 0.009130
v -0.016522 0.000810 0.009130
v -0.016522 0.000810 0.009130
v -0.016004 0.001240 0.009144
v -0.016064 0.012015 0.009454
v -0.017934 0.012602 0.009469
v -0.016917 0.010791 0.009399
v -0.017782 0.010657 0.009391
v 0.007076 0.020774 0.001814
v 0.008589 0.020770 0.001217
v 0.007570 0.020772 0.001175
v -0.012180 0.020393 0.008540
v -0.012180 0.020393 0.008540
v -0.012180 0.020393 0.008540
v -0.012180 0.020393 0.008540
v -0.012180 0.020393 0.008540
v -0.012180 0.020393 0.008540
v -0.012180 0.020393 0.008540
v -0.024229 -0.008406 -0.009354
v -0.025838 -0.007390 -0.009363
v 0.013995 -0.002279 -0.009409
v 0.012906 -0.002878 -0.009396
v 0.012906 -0.002878 -0.009396
v 0.013334 -0.001584 -0.009413
v 0.013334 -0.001584 -0.009413
v -0.018811 -0.007643 0.008955
v -0.015096 -0.008428 0.008945
v -0.000030 -0.020652 0.000783
v -0.000030 -0.020652 0.000783
v 0.001138 -0.020551 -0.000865
v 0.032863 -0.008975 0.008731
v 0.032244 -0.009525 0.008748
v 0.034802 -0.008213 0.008669
v -0.008023 0.020658 0.005791
v -0.008023 0.020658 0.005791
v -0.009440 0.020646 0.005557
v 0.009150 0.020692 -0.004843
v 0.010026 0.020722 -0.003583
v 0.010026 0.020722 -0.003583
v 0.010026 0.020722 -0.003583
v -0.019302 -0.010443 0.008947
v -0.019302 -0.010443 0.008947
v -0.020174 -0.009008 0.008947
v -0.020174 -0.009008 0.008947
v -0.020399 -0.010586 0.008971
v 0.039343 0.003341 0.008418
v 0.039343 0.003341 0.008418
v 0.039343 0.003341 0.008418
v 0.039339 0.004569 0.008425
v 0.039339 0.004569 0.008425
v 0.039339 0.004569 0.008425
v 0.039339 0.004569 0.008425
v 0.039339 0.004569 0.008425
v 0.039339 0.004569 0.008425
v 0.039339 0.004569 0.008425
v 0.039301 0.001067 0.008500
v 0.039301 0.001067 0.008500
v 0.039301 0.001067 0.008500
v 0.039301 0.001067 0.008500
v 0.039301 0.001067 0.008500
v 0.039301 0.001067 0.008500
v 0.039301 0.001067 0.008500
v -0.023202 -0.004355 -0.009333
v 0.008231 0.002577 -0.009377
v -0.022065 0.005135 -0.009417
v -0.022065 0.005135 -0.009417
v -0.022065 0.005135 -0.009417
v 0.018271 -0.008433 -0.009434
v 0.017074 -0.008237 -0.009426
v 0.016764 -0.006739 -0.009405
v -0.007891 0.020636 0.006890
v -0.007826 0.020623 0.007629
v -0.007826 0.020623 0.007629
v -0.007826 0.020623 0.007629
v 0.007190 -0.019493 -0.009434
v 0.007190 -0.019493 -0.009434
v 0.007190 -0.019493 -0.009434
v 0.007190 -0.019493 -0.009434
v 0.007190 -0.019493 -0.009434
v -0.039772 -0.020366 -0.004954
v -0.039772 -0.020366 -0.004954
v -0.039772 -0.020366 -0.004954
v -0.039772 -0.020366 -0.004954
v -0.039772 -0.020366 -0.004954
v -0.039772 -0.020366 -0.004954
v -0.039772 -0.020366 -0.004954
v -0.039972 -0.020409 -0.005167
v -0.039972 -0.020409 -0.005167
v -0.039972 -0.020409 -0.005167
v -0.039972 -0.020409 -0.005167
v -0.039972 -0.020409 -0.005167
v -0.039972 -0.020409 -0.005167
v -0.039839 -0.020408 -0.005483
v -0.039839 -0.020408 -0.005483
v -0.039839 -0.020408 -0.005483
v -0.039839 -0.020408 -0.005483
v -0.039839 -0.020408 -0.005483
v -0.039839 -0.020408 -0.005483
v -0.016541 -0.017029 0.008907
v -0.016541 -0.017029 0.008907
v -0.039644 0.019977 0.003876
v -0.039644 0.019977 0.003876
v -0.039644 0.019977 0.003876
v -0.039644 0.019977 0.003876
v -0.039644 0.019977 0.003876
v -0.039644 0.019977 0.003876
v 0.023037 0.009887 -0.009176
v 0.022116 0.010692 -0.009126
v 0.022613 0.012256 -0.009057
v -0.040927 0.020251 0.003638
v -0.040927 0.020251 0.003638
v -0.040927 0.020251 0.003638
v -0.040927 0.020251 0.003638
v -0.040927 0.020251 0.003638
v -0.040927 0.020251 0.003638
v -0.040927 0.020251 0.003638
v -0.040927 0.020251 0.003638
v -0.040500 0.020015 0.003924
v -0.040500 0.020015 0.003924
v -0.040500 0.020015 0.003924
v -0.039688 0.019890 0.004163
v -0.039688 0.019890 0.004163
v -0.039688 0.019890 0.004163
v -0.039688 0.019890 0.004163
v -0.039793 0.019981 0.004472
v -0.039793 0.019981 0.004472
v -0.039793 0.019981 0.004472
v -0.039793 0.019981 0.004472
v -0.039793 0.019981 0.004472
v -0.039793 0.019981 0.004472
v -0.000835 0.020720 0.001248
v -0.039688 -0.020112 -0.002464
v -0.039688 -0.020112 -0.002464
v -0.039688 -0.020112 -0.002464
v -0.039688 -0.020112 -0.002464
v -0.039688 -0.020112 -0.002464
v -0.039688 -0.020112 -0.002464
v -0.020358 0.000835 0.009120
v -0.020114 -0.000091 0.009094
v -0.020114 -0.000091 0.009094
v -0.020114 -0.000091 0.009094
v -0.040198 -0.020276 -0.001304
v -0.040198 -0.020276 -0.001304
v -0.040198 -0.020276 -0.001304
v -0.040198 -0.020276 -0.001304
v -0.040198 -0.020276 -0.001304
v -0.040198 -0.020276 -0.001304
v -0.040198 -0.020276 -0.001304
v -0.040358 -0.020277 -0.001141
v -0.040358 -0.020277 -0.001141
v -0.040358 -0.020277 -0.001141
v -0.040358 -0.020277 -0.001141
v -0.017038 0.019498 0.009548
v -0.017038 0.019498 0.009548
v -0.017038 0.019498 0.009548
v -0.017038 0.019498 0.009548
v -0.016027 0.016765 0.009612
v -0.016027 0.016765 0.009612
v -0.021527 -0.002327 0.009063
v -0.021845 -0.001283 0.009080
v -0.021845 -0.001283 0.009080
v -0.041205 0.019758 0.000809
v -0.041205 0.019758 0.000809
v -0.041205 0.019758 0.000809
v -0.041205 0.019758 0.000809
v -0.041205 0.019758 0.000809
v -0.041196 0.019649 -0.000008
v -0.041196 0.019649 -0.000008
v -0.041196 0.019649 -0.000008
v -0.041196 0.019649 -0.000008
v -0.041246 0.018822 0.001542
v -0.041246 0.018822 0.001542
v -0.041246 0.018822 0.001542
v -0.041246 0.018822 0.001542
v -0.041246 0.018822 0.001542
v -0.001109 0.020710 0.000698
v -0.015520 -0.002510 0.009085
v -0.015178 -0.001467 0.009107
v -0.016140 -0.001636 0.009097
v 0.039607 -0.021181 0.002800
v 0.039607 -0.021181 0.002800
v 0.039607 -0.021181 0.002800
v 0.039902 -0.021070 0.002403
v 0.039902 -0.021070 0.002403
v 0.039902 -0.021070 0.002403
v 0.039902 -0.021070 0.002403
v 0.039902 -0.021070 0.002403
v 0.039902 -0.021070 0.002403
v 0.039902 -0.021070 0.002403
v 0.039902 -0.021070 0.002403
v 0.006975 -0.014175 -0.009631
v -0.019824 -0.020157 0.008496
v -0.019824 -0.020157 0.008496
v -0.021252 -0.010938 0.008989
v -0.020365 -0.011523 0.008982
v -0.019190 -0.011836 0.008967
v -0.019190 -0.011836 0.008967
v -0.019190 -0.011836 0.008967
v 0.015720 -0.009411 -0.009443
v 0.015720 -0.009411 -0.009443
v -0.022727 -0.005026 -0.009324
v -0.037377 0.020509 -0.005376
v -0.037377 0.020509 -0.005376
v -0.036024 0.020505 -0.005767
v -0.035826 0.020363 -0.007758
v -0.001578 -0.020683 0.000589
v -0.004160 0.020702 0.003726
v -0.004180 0.020691 0.002851
v 0.003076 0.020734 -0.000554
v -0.014675 0.004845 0.009246
v -0.015364 0.003574 0.009209
v -0.014117 0.003058 0.009207
v -0.005129 0.020684 0.004540
v -0.005129 0.020684 0.004540
v -0.006254 0.020667 0.005057
v -0.005339 0.020666 0.005763
v -0.005339 0.020666 0.005763
v -0.004504 0.020689 0.004941
v -0.020936 -0.001370 0.009068
v -0.020936 -0.001370 0.009068
v -0.021121 -0.000340 0.009093
v -0.015235 0.019333 0.009583
v -0.015235 0.019333 0.009583
v -0.015235 0.019333 0.009583
v -0.015235 0.019333 0.009583
v -0.015235 0.019333 0.009583
v -0.014711 0.013134 0.009510
v -0.014266 0.013867 0.009543
v -0.022051 -0.002360 0.009063
v 0.010135 -0.019963 -0.008070
v 0.010135 -0.019963 -0.008070
v 0.010135 -0.019963 -0.008070
v 0.010135 -0.019963 -0.008070
v 0.010135 -0.019963 -0.008070
v 0.010135 -0.019963 -0.008070
v 0.006402 -0.020329 -0.003038
v 0.007432 -0.020317 -0.002962
v 0.006628 -0.020368 -0.002478
v 0.006628 -0.020368 -0.002478
v -0.020236 -0.007275 0.008962
v -0.021100 -0.005970 0.008990
v -0.022329 -0.005476 0.008999
v -0.015956 -0.020922 0.005747
v -0.015956 -0.020922 0.005747
v -0.015956 -0.020922 0.005747
v -0.019171 -0.006027 0.008988
v -0.007435 -0.020820 0.002448
v -0.007095 -0.020817 0.003345
v -0.008618 -0.020841 0.002876
v -0.011816 -0.020874 0.005551
v -0.011816 -0.020874 0.005551
v -0.013388 -0.020864 0.006167
v -0.013388 -0.020864 0.006167
v -0.013388 -0.020864 0.006167
v 0.010128 -0.020350 -0.001930
v 0.011558 -0.020349 -0.001607
v 0.012582 -0.020401 -0.000355
v 0.014962 -0.011466 -0.009517
v -0.013081 0.001425 0.009174
v -0.013920 0.001804 0.009180
v 0.026714 -0.005289 -0.009510
v 0.027162 -0.002675 -0.009508
v 0.028443 -0.005606 -0.009530
v -0.004981 -0.020708 -0.000193
v -0.019705 -0.004717 0.009019
v -0.018187 -0.004040 0.009038
v -0.017523 -0.008090 0.008950
v -0.021370 -0.000009 -0.009411
v -0.021370 -0.000009 -0.009411
v -0.035682 -0.020844 -0.004164
v -0.035682 -0.020844 -0.004164
v 0.013406 0.014195 -0.008938
v 0.007936 0.020755 -0.003238
v 0.007936 0.020755 -0.003238
v -0.017919 -0.019536 0.008824
v -0.017919 -0.019536 0.008824
v -0.017919 -0.019536 0.008824
v -0.017919 -0.019536 0.008824
v -0.015217 -0.018460 0.008842
v -0.015217 -0.018460 0.008842
v -0.015217 -0.018460 0.008842
v -0.015217 -0.018460 0.008842
v -0.015217 -0.018460 0.008842
v -0.022397 0.020181 -0.008802
v -0.022397 0.020181 -0.008802
v -0.022397 0.020181 -0.008802
v -0.022397 0.020181 -0.008802
v -0.023801 0.020192 -0.008805
v -0.023801 0.020192 -0.008805
v -0.023801 0.020192 -0.008805
v -0.023801 0.020192 -0.008805
v -0.023801 0.020192 -0.008805
v -0.023801 0.020192 -0.008805
v -0.023801 0.020192 -0.008805
v -0.021711 -0.007259 -0.009326
v 0.015337 -0.017253 -0.009706
v 0.015337 -0.017253 -0.009706
v 0.015337 -0.017253 -0.009706
v 0.015337 -0.017253 -0.009706
v 0.013676 -0.017085 -0.009698
v 0.013676 -0.017085 -0.009698
v 0.011715 -0.002257 -0.009389
v 0.011563 0.000083 -0.009408
v 0.005420 -0.020198 -0.005091
v 0.005420 -0.020198 -0.005091
v 0.002632 -0.020411 -0.002902
v -0.013455 -0.020930 0.003938
v 0.003298 0.020745 0.000212
v 0.002721 0.020738 0.000169
v -0.019750 0.002312 0.009155
v -0.018986 -0.001833 0.009074
v 0.016894 0.020206 -0.008530
v 0.016894 0.020206 -0.008530
v 0.016894 0.020206 -0.008530
v -0.039929 -0.020146 -0.000654
v -0.039929 -0.020146 -0.000654
v -0.039929 -0.020146 -0.000654
v -0.039929 -0.020146 -0.000654
v -0.039929 -0.020146 -0.000654
v -0.018517 0.019114 -0.008934
v -0.018566 0.019714 -0.008906
v -0.018566 0.019714 -0.008906
v -0.018566 0.019714 -0.008906
v 0.016222 0.020768 -0.003855
v 0.018150 0.020757 -0.004937
v -0.040904 0.000739 0.000055
v -0.040904 0.000739 0.000055
v 0.012957 0.020787 0.001190
v 0.014721 0.020799 0.000719
v 0.016175 0.020807 -0.000167
v -0.025683 -0.018758 0.008945
v 0.001527 -0.020251 -0.007002
v 0.001527 -0.020251 -0.007002
v 0.001527 -0.020251 -0.007002
v 0.001527 -0.020251 -0.007002
v -0.041145 0.013087 0.000019
v -0.041145 0.013087 0.000019
v 0.004235 -0.020152 -0.007095
v 0.004235 -0.020152 -0.007095
v 0.004235 -0.020152 -0.007095
v 0.004235 -0.020152 -0.007095
v -0.012475 0.020561 0.007415
v -0.012475 0.020561 0.007415
v -0.012475 0.020561 0.007415
v -0.018457 -0.009480 0.008936
v -0.018457 -0.009480 0.008936
v -0.021493 -0.007686 0.008961
v -0.021493 -0.007686 0.008961
v -0.021493 -0.007686 0.008961
v -0.002627 0.020721 0.003343
v 0.035390 -0.020427 0.007699
v 0.035390 -0.020427 0.007699
v 0.035390 -0.020427 0.007699
v 0.035390 -0.020427 0.007699
v -0.018715 0.020025 -0.008855
v -0.018715 0.020025 -0.008855
v -0.018715 0.020025 -0.008855
v 0.015321 0.001002 -0.009416
v 0.014325 0.001929 -0.009397
v 0.014969 -0.002132 -0.009420
v 0.014570 -0.003416 -0.009405
v 0.014627 -0.002037 -0.009416
v 0.010166 -0.010605 -0.009467
v 0.011514 -0.008453 -0.009409
v 0.011600 -0.007649 -0.009393
v -0.021647 -0.009409 0.008975
v -0.040039 0.019951 0.003307
v -0.040039 0.019951 0.003307
v -0.040039 0.019951 0.003307
v -0.040039 0.019951 0.003307
v -0.040039 0.019951 0.003307
v 0.015065 0.000518 -0.009421
v 0.016438 0.001438 -0.009410
v 0.012649 -0.000196 -0.009415
v 0.014292 -0.000979 -0.009415
v 0.014292 -0.000979 -0.009415
v -0.014648 -0.020917 0.005428
v -0.014648 -0.020917 0.005428
v 0.005773 0.020751 -0.002381
v -0.039834 0.004277 -0.009174
v -0.039834 0.004277 -0.009174
v -0.039834 0.004277 -0.009174
v -0.039834 0.004277 -0.009174
v -0.039834 0.004277 -0.009174
v -0.039834 0.004277 -0.009174
v -0.039904 0.003040 -0.009026
v -0.039904 0.003040 -0.009026
v -0.039904 0.003040 -0.009026
v -0.039904 0.003040 -0.009026
v -0.039904 0.003040 -0.009026
v -0.039904 0.003040 -0.009026
v -0.040022 0.006924 -0.008964
v -0.040022 0.006924 -0.008964
v -0.040022 0.006924 -0.008964
v -0.040022 0.006924 -0.008964
v -0.040022 0.006924 -0.008964
v -0.040022 0.006924 -0.008964
v -0.040022 0.006924 -0.008964
v -0.010897 0.020579 0.007381
v -0.010897 0.020579 0.007381
v 0.014009 0.020533 -0.008463
v 0.014009 0.020533 -0.008463
v 0.014009 0.020533 -0.008463
v -0.001941 0.020709 0.001750
v -0.002195 0.020714 0.002489
v -0.000829 0.020734 0.003179
v -0.005729 0.020677 0.004137
v 0.021440 0.019250 -0.008609
v 0.021440 0.019250 -0.008609
v 0.021440 0.019250 -0.008609
v 0.016571 0.019143 -0.008635
v 0.016571 0.019143 -0.008635
v -0.013958 0.017104 0.009621
v -0.013084 0.020564 0.008015
v -0.013084 0.020564 0.008015
v -0.013084 0.020564 0.008015
v -0.013084 0.020564 0.008015
v 0.029542 0.020477 -0.008510
v 0.029542 0.020477 -0.008510
v 0.029542 0.020477 -0.008510
v 0.029542 0.020477 -0.008510
v 0.029542 0.020477 -0.008510
v 0.031313 0.020145 -0.008560
v 0.031313 0.020145 -0.008560
v 0.031313 0.020145 -0.008560
v 0.031313 0.020145 -0.008560
v 0.031313 0.020145 -0.008560
v 0.029880 0.020023 -0.008569
v 0.029880 0.020023 -0.008569
v 0.029880 0.020023 -0.008569
v 0.029880 0.020023 -0.008569
v -0.030834 0.020599 -0.004419
v -0.032246 0.020745 -0.001495
v -0.016686 0.006588 0.009271
v -0.017351 0.004466 0.009213
v -0.004199 -0.020661 -0.000671
v -0.004199 -0.020661 -0.000671
v -0.022555 -0.020041 0.008667
v -0.022555 -0.020041 0.008667
v -0.018141 -0.020629 0.008003
v -0.018141 -0.020629 0.008003
v -0.018141 -0.020629 0.008003
v -0.018141 -0.020629 0.008003
v -0.018141 -0.020629 0.008003
v -0.018141 -0.020629 0.008003
v -0.018141 -0.020629 0.008003
v -0.019627 -0.020778 0.007655
v -0.019627 -0.020778 0.007655
v -0.018320 -0.020820 0.007360
v -0.018320 -0.020820 0.007360
v -0.018320 -0.020820 0.007360
v -0.018320 -0.020820 0.007360
v -0.018320 -0.020820 0.007360
v -0.018320 -0.020820 0.007360
v -0.010318 -0.020865 0.004738
v -0.010318 -0.020865 0.004738
v -0.008710 -0.020832 0.005185
v -0.007698 -0.020784 0.006284
v -0.007698 -0.020784 0.006284
v -0.007698 -0.020784 0.006284
v -0.018157 -0.010805 0.008941
v 0.014564 0.020741 -0.008079
v 0.014564 0.020741 -0.008079
v 0.014564 0.020741 -0.008079
v 0.014564 0.020741 -0.008079
v -0.010642 0.016222 0.009616
v 0.022551 0.008828 -0.009219
v 0.021751 0.008207 -0.009238
v 0.022121 0.009556 -0.009179
v -0.040946 0.002363 0.000436
v -0.027044 -0.018819 -0.009334
v -0.027044 -0.018819 -0.009334
v -0.026480 -0.019505 -0.009321
v 0.012665 -0.002027 -0.009405
v 0.011620 -0.005817 -0.009369
v -0.018592 0.006489 -0.009346
v 0.011901 -0.013695 -0.009624
v 0.012738 -0.014220 -0.009657
v 0.012738 -0.014220 -0.009657
v -0.021793 -0.019679 0.008821
v -0.021793 -0.019679 0.008821
v 0.003542 -0.020424 -0.002460
v 0.003542 -0.020424 -0.002460
v 0.003542 -0.020424 -0.002460
v 0.005199 -0.020382 -0.002654
v -0.024329 -0.018408 0.008938
v -0.024329 -0.018408 0.008938
v -0.024329 -0.018408 0.008938
v -0.024329 -0.018408 0.008938
v 0.011021 -0.007845 -0.009391
v 0.011305 -0.006859 -0.009376
v -0.017107 -0.020898 0.006364
v -0.017107 -0.020898 0.006364
v 0.039625 -0.010094 0.006998
v 0.039625 -0.010094 0.006998
v 0.039625 -0.010094 0.006998
v 0.039625 -0.010094 0.006998
v 0.039625 -0.010094 0.006998
v 0.039625 -0.010094 0.006998
v -0.040736 -0.009120 -0.001377
v -0.040736 -0.009120 -0.001377
v -0.040687 -0.008992 -0.002283
v -0.040687 -0.010464 -0.001952
v -0.040687 -0.010464 -0.001952
v -0.011480 -0.020897 0.002155
v -0.010688 -0.020881 0.003090
v -0.011716 -0.020899 0.001709
v -0.010579 -0.020875 0.001564
v -0.015089 -0.020403 0.008207
v -0.015089 -0.020403 0.008207
v -0.015089 -0.020403 0.008207
v -0.014597 -0.020584 0.007966
v -0.014597 -0.020584 0.007966
v -0.014597 -0.020584 0.007966
v -0.014597 -0.020584 0.007966
v -0.014335 -0.020379 0.008196
v 0.013440 -0.008306 -0.009420
v 0.014351 -0.008794 -0.009430
v 0.014747 -0.000430 -0.009422
v -0.040682 0.020180 0.002677
v -0.040682 0.020180 0.002677
v -0.040682 0.020180 0.002677
v -0.040682 0.020180 0.002677
v -0.040682 0.020180 0.002677
v -0.040682 0.020180 0.002677
v -0.040682 0.020180 0.002677
v -0.038937 0.020689 0.002142
v -0.038937 0.020689 0.002142
v -0.039073 0.020509 0.001078
v -0.039073 0.020509 0.001078
v -0.039073 0.020509 0.001078
v -0.039073 0.020509 0.001078
v -0.039073 0.020509 0.001078
v -0.039073 0.020509 0.001078
v -0.009579 -0.020858 0.002281
v 0.015280 0.020738 -0.008034
v 0.015280 0.020738 -0.008034
v 0.015280 0.020738 -0.008034
v 0.015280 0.020738 -0.008034
v 0.015280 0.020738 -0.008034
v 0.016692 0.020737 -0.008255
v 0.016692 0.020737 -0.008255
v 0.016692 0.020737 -0.008255
v 0.016692 0.020737 -0.008255
v 0.016692 0.020737 -0.008255
v 0.016692 0.020737 -0.008255
v 0.016692 0.020737 -0.008255
v -0.002873 -0.020743 0.001835
v -0.000973 -0.020711 0.002153
v -0.001973 -0.020740 0.003117
v -0.018391 0.020238 -0.008739
v -0.018391 0.020238 -0.008739
v -0.018391 0.020238 -0.008739
v -0.017633 0.003530 0.009190
v 0.008533 -0.019421 -0.009511
v 0.008533 -0.019421 -0.009511
v 0.008533 -0.019421 -0.009511
v 0.008533 -0.019421 -0.009511
v 0.000678 0.020737 0.002569
v 0.015281 0.017760 -0.008736
v 0.015281 0.017760 -0.008736
v 0.020735 0.020774 -0.007617
v 0.020735 0.020774 -0.007617
v 0.020735 0.020774 -0.007617
v 0.020735 0.020774 -0.007617
v 0.020735 0.020774 -0.007617
v 0.022267 0.020778 -0.007154
v 0.021547 0.020788 -0.008085
v 0.021547 0.020788 -0.008085
v 0.021547 0.020788 -0.008085
v 0.021547 0.020788 -0.008085
v 0.009410 0.020783 -0.000326
v 0.009434 0.020777 0.000670
v 0.010264 0.020786 0.000138
v -0.022068 0.016219 -0.009058
v -0.019995 0.015600 -0.009084
v 0.010707 0.020740 -0.002350
v 0.010707 0.020740 -0.002350
v 0.009657 0.020751 -0.002587
v -0.002611 -0.020654 -0.000314
v -0.003460 -0.020647 -0.000680
v -0.019038 -0.020636 0.007986
v -0.019038 -0.020636 0.007986
v -0.019038 -0.020636 0.007986
v -0.019038 -0.020636 0.007986
v -0.036385 0.017677 -0.009160
v -0.038420 0.017214 -0.009231
v -0.038420 0.017214 -0.009231
v -0.038420 0.017214 -0.009231
v -0.039198 0.018432 -0.009175
v -0.039198 0.018432 -0.009175
v -0.039198 0.018432 -0.009175
v -0.039198 0.018432 -0.009175
v -0.001962 0.020733 0.004330
v -0.001962 0.020733 0.004330
v -0.001962 0.020733 0.004330
v -0.001259 0.020729 0.004979
v -0.001259 0.020729 0.004979
v -0.032056 -0.020757 -0.007969
v -0.032056 -0.020757 -0.007969
v -0.032056 -0.020757 -0.007969
v -0.032056 -0.020757 -0.007969
v -0.032056 -0.020757 -0.007969
v -0.032758 -0.020805 -0.007664
v -0.032758 -0.020805 -0.007664
v -0.032758 -0.020805 -0.007664
v -0.032758 -0.020805 -0.007664
v -0.032758 -0.020805 -0.007664
v -0.033915 -0.020798 -0.007865
v -0.033915 -0.020798 -0.007865
v -0.033915 -0.020798 -0.007865
v -0.033915 -0.020798 -0.007865
v -0.033915 -0.020798 -0.007865
v -0.005743 0.015492 0.009610
v -0.009471 0.015167 0.009599
v -0.008881 0.014309 0.009575
v 0.021107 0.004354 -0.009379
v 0.019386 0.004688 -0.009360
v 0.018370 0.006229 -0.009294
v 0.018764 0.008441 -0.009200
v -0.006129 -0.020799 0.002391
v -0.005624 -0.020794 0.003340
v 0.014569 -0.014093 -0.009655
v 0.014569 -0.014093 -0.009655
v 0.013065 -0.011200 -0.009493
v -0.023259 -0.003454 -0.009338
v -0.023259 -0.003454 -0.009338
v -0.023259 -0.003454 -0.009338
v -0.023259 -0.003454 -0.009338
v 0.015824 -0.010641 -0.009482
v 0.015824 -0.010641 -0.009482
v 0.018635 -0.010008 -0.009492
v 0.018635 -0.010008 -0.009492
v 0.018635 -0.010008 -0.009492
v 0.016593 -0.010867 -0.009505
v -0.019402 0.004375 0.009197
v -0.019380 -0.014219 0.008980
v -0.018273 0.002872 0.009174
v -0.018273 0.002872 0.009174
v -0.016791 0.001093 0.009136
v -0.016791 0.001093 0.009136
v 0.001311 0.020738 0.000954
v 0.006401 0.020756 -0.001568
v 0.007485 0.020765 -0.001104
v 0.006994 0.020763 -0.002047
v 0.018753 0.020741 -0.006147
v 0.018753 0.020741 -0.006147
v -0.022584 0.008892 -0.009324
v 0.003988 -0.020329 -0.003657
v 0.004124 -0.020379 -0.002947
v -0.024849 0.000920 -0.009456
v -0.024843 0.001680 -0.009460
v -0.024075 0.001929 -0.009443
v -0.024075 0.001929 -0.009443
v -0.018701 -0.020382 0.008261
v -0.018701 -0.020382 0.008261
v -0.018701 -0.020382 0.008261
v -0.018701 -0.020382 0.008261
v -0.018701 -0.020382 0.008261
v -0.006002 0.020659 0.007195
v -0.006002 0.020659 0.007195
v -0.006002 0.020659 0.007195
v -0.006002 0.020659 0.007195
v -0.005176 0.020667 0.006979
v -0.005176 0.020667 0.006979
v -0.005790 0.020661 0.006487
v -0.039835 -0.020117 -0.000975
v -0.039835 -0.020117 -0.000975
v -0.039835 -0.020117 -0.000975
v -0.039835 -0.020117 -0.000975
v -0.039835 -0.020117 -0.000975
v -0.039835 -0.020117 -0.000975
v -0.011719 0.005039 0.009271
v -0.010567 0.007448 0.009340
v -0.012305 0.006692 0.009310
v -0.013302 -0.020911 0.004995
v -0.013302 -0.020911 0.004995
v -0.011960 -0.020901 0.004316
v 0.014498 -0.007618 -0.009418
v -0.017530 -0.011769 0.008948
v -0.017530 -0.011769 0.008948
v 0.039891 -0.006241 0.006956
v 0.039891 -0.006241 0.006956
v 0.039891 -0.006241 0.006956
v 0.039891 -0.006241 0.006956
v 0.039891 -0.006241 0.006956
v 0.039971 -0.007876 0.006927
v 0.039971 -0.007876 0.006927
v 0.039971 -0.007876 0.006927
v 0.039971 -0.007876 0.006927
v 0.040270 -0.005931 0.006866
v 0.040270 -0.005931 0.006866
v 0.040270 -0.005931 0.006866
v 0.040270 -0.005931 0.006866
v 0.040270 -0.005931 0.006866
v 0.040270 -0.005931 0.006866
v 0.040270 -0.005931 0.006866
v 0.040270 -0.005931 0.006866
v 0.040270 -0.005931 0.006866
v 0.040270 -0.005931 0.006866
v 0.040270 -0.005931 0.006866
v 0.040270 -0.005931 0.006866
v 0.015741 -0.003684 -0.009411
v 0.015825 -0.004554 -0.009400
v -0.025537 0.006734 -0.009405
v -0.024070 0.006106 -0.009412
v -0.026087 0.005886 -0.009423
v 0.038957 -0.007877 0.008417
v 0.038957 -0.007877 0.008417
v 0.038957 -0.007877 0.008417
v 0.038957 -0.007877 0.008417
v 0.039504 -0.008824 0.007033
v 0.016611 -0.013685 -0.009651
v 0.016611 -0.013685 -0.009651
v 0.017768 -0.014633 -0.009672
v 0.009740 -0.020018 -0.007156
v 0.009740 -0.020018 -0.007156
v 0.009740 -0.020018 -0.007156
v 0.009740 -0.020018 -0.007156
v 0.009740 -0.020018 -0.007156
v 0.009079 -0.020033 -0.007640
v 0.009079 -0.020033 -0.007640
v 0.009079 -0.020033 -0.007640
v 0.009330 -0.020010 -0.007937
v 0.009330 -0.020010 -0.007937
v -0.021295 -0.020757 0.007852
v -0.021295 -0.020757 0.007852
v -0.021295 -0.020757 0.007852
v -0.021295 -0.020757 0.007852
v -0.021295 -0.020757 0.007852
v -0.021295 -0.020757 0.007852
v -0.021295 -0.020757 0.007852
v -0.014079 -0.020524 0.008009
v -0.014079 -0.020524 0.008009
v -0.014079 -0.020524 0.008009
v -0.014079 -0.020524 0.008009
v -0.013733 -0.020743 0.007492
v -0.013733 -0.020743 0.007492
v -0.013733 -0.020743 0.007492
v -0.013733 -0.020743 0.007492
v -0.013733 -0.020743 0.007492
v -0.013733 -0.020743 0.007492
v -0.013733 -0.020743 0.007492
v -0.013733 -0.020743 0.007492
v -0.017136 -0.001502 0.009098
v -0.015742 -0.000562 0.009116
v -0.014488 -0.014989 0.008943
v -0.015361 -0.015246 0.008948
v -0.015361 -0.015246 0.008948
v -0.013326 -0.016049 0.008923
v -0.013326 -0.016049 0.008923
v 0.023869 0.019293 -0.008604
v 0.023869 0.019293 -0.008604
v 0.025056 0.018304 -0.008688
v 0.022971 0.017952 -0.008712
v -0.040907 0.020241 0.001094
v -0.040907 0.020241 0.001094
v -0.040907 0.020241 0.001094
v -0.040907 0.020241 0.001094
v -0.040907 0.020241 0.001094
v -0.040907 0.020241 0.001094
v -0.040907 0.020241 0.001094
v -0.041064 0.020298 0.001566
v -0.041064 0.020298 0.001566
v -0.041064 0.020298 0.001566
v -0.041064 0.020298 0.001566
v -0.041064 0.020298 0.001566
v -0.041064 0.020298 0.001566
v -0.040648 0.020151 0.001867
v -0.040648 0.020151 0.001867
v -0.040648 0.020151 0.001867
v -0.040648 0.020151 0.001867
v -0.040648 0.020151 0.001867
v -0.040648 0.020151 0.001867
v -0.040648 0.020151 0.001867
v -0.040740 -0.007450 -0.001713
v -0.040740 -0.007450 -0.001713
v -0.041186 0.014286 0.001241
v 0.019419 0.010357 -0.009119
v 0.019412 0.012427 -0.009025
v 0.020911 0.011256 -0.009089
v -0.039387 0.019764 -0.001579
v -0.039387 0.019764 -0.001579
v -0.039387 0.019764 -0.001579
v -0.039387 0.019764 -0.001579
v -0.039387 0.019764 -0.001579
v -0.039387 0.019764 -0.001579
v -0.039249 0.019972 0.000177
v -0.039249 0.019972 0.000177
v -0.039249 0.019972 0.000177
v -0.039249 0.019972 0.000177
v 0.014614 0.000483 -0.009417
v -0.010321 0.020033 0.009017
v -0.010321 0.020033 0.009017
v -0.010321 0.020033 0.009017
v -0.011730 0.019796 0.009332
v -0.011730 0.019796 0.009332
v -0.011730 0.019796 0.009332
v -0.011730 0.019796 0.009332
v -0.011730 0.019796 0.009332
v -0.011730 0.019796 0.009332
v -0.041043 0.020275 0.003066
v -0.041043 0.020275 0.003066
v -0.041043 0.020275 0.003066
v -0.041043 0.020275 0.003066
v 0.001302 0.020739 0.003227
v 0.017646 0.014989 -0.008891
v -0.041160 0.020276 0.002941
v -0.041160 0.020276 0.002941
v -0.041160 0.020276 0.002941
v -0.041205 0.020267 0.002771
v -0.041205 0.020267 0.002771
v -0.041205 0.020267 0.002771
v -0.041205 0.020267 0.002771
v -0.041205 0.020267 0.002771
v -0.041205 0.020267 0.002771
v -0.041205 0.020267 0.002771
v -0.006337 0.020634 0.007911
v -0.006337 0.020634 0.007911
v -0.006337 0.020634 0.007911
v -0.006337 0.020634 0.007911
v -0.006337 0.020634 0.007911
v -0.006337 0.020634 0.007911
v -0.006337 0.020634 0.007911
v -0.006337 0.020634 0.007911
v -0.005489 0.020663 0.007837
v -0.005489 0.020663 0.007837
v -0.005489 0.020663 0.007837
v -0.005489 0.020663 0.007837
v -0.016809 -0.013556 0.008969
v -0.016809 -0.013556 0.008969
v -0.017272 -0.014289 0.008972
v -0.017272 -0.014289 0.008972
v -0.039843 0.019876 0.003571
v -0.039843 0.019876 0.003571
v -0.039843 0.019876 0.003571
v -0.039843 0.019876 0.003571
v -0.039877 0.019771 0.003828
v -0.039877 0.019771 0.003828
v -0.039877 0.019771 0.003828
v -0.039877 0.019771 0.003828
v -0.039877 0.019771 0.003828
v -0.039877 0.019771 0.003828
v -0.013145 0.019879 0.009250
v -0.013145 0.019879 0.009250
v -0.013145 0.019879 0.009250
v -0.013145 0.019879 0.009250
v 0.015183 -0.000514 -0.009426
v 0.015831 -0.001880 -0.009430
v -0.003252 -0.020608 -0.001434
v -0.026863 -0.007761 -0.009380
v -0.026172 -0.011638 -0.009385
v -0.027430 -0.009808 -0.009408
v 0.005369 0.020750 -0.001005
v -0.016053 -0.004450 0.009037
v -0.016672 -0.003735 0.009053
v -0.017237 -0.005773 0.009000
v 0.010788 0.020786 -0.000351
v 0.010788 0.020786 -0.000351
v 0.019363 -0.015948 -0.009696
v 0.021070 -0.017055 -0.009698
v 0.021070 -0.017055 -0.009698
v 0.021070 -0.017055 -0.009698
v 0.008670 -0.020041 -0.007296
v 0.008670 -0.020041 -0.007296
v 0.008670 -0.020041 -0.007296
v 0.008643 -0.020054 -0.007735
v 0.008643 -0.020054 -0.007735
v 0.008643 -0.020054 -0.007735
v 0.011493 0.020756 -0.001363
v 0.011466 0.020741 -0.002175
v 0.011466 0.020741 -0.002175
v -0.024176 -0.017423 -0.009347
v 0.021707 0.020233 -0.008503
v 0.021707 0.020233 -0.008503
v 0.021707 0.020233 -0.008503
v 0.021707 0.020233 -0.008503
v 0.021707 0.020233 -0.008503
v 0.021707 0.020233 -0.008503
v 0.021707 0.020233 -0.008503
v 0.021707 0.020233 -0.008503
v 0.039916 -0.009161 0.006915
v 0.039916 -0.009161 0.006915
v 0.039916 -0.009161 0.006915
v 0.039088 -0.005989 0.007263
v 0.039088 -0.005989 0.007263
v 0.039088 -0.005989 0.007263
v 0.039088 -0.005989 0.007263
v 0.039215 -0.005635 0.007624
v 0.039215 -0.005635 0.007624
v 0.039215 -0.005635 0.007624
v 0.039215 -0.005635 0.007624
v 0.039215 -0.005635 0.007624
v 0.011235 -0.011619 -0.009509
v -0.023871 -0.002432 -0.009383
v -0.023871 -0.002432 -0.009383
v -0.023871 -0.002432 -0.009383
v 0.020747 0.020695 -0.008377
v 0.020747 0.020695 -0.008377
v 0.020747 0.020695 -0.008377
v 0.020747 0.020695 -0.008377
v 0.020747 0.020695 -0.008377
v 0.020747 0.020695 -0.008377
v 0.020747 0.020695 -0.008377
v 0.021481 0.020611 -0.008394
v 0.021481 0.020611 -0.008394
v -0.019280 0.005706 -0.009371
v -0.019280 0.005706 -0.009371
v 0.017402 0.008692 -0.009182
v 0.020481 -0.010762 -0.009542
v 0.020481 -0.010762 -0.009542
v 0.020481 -0.010762 -0.009542
v 0.018634 -0.011296 -0.009556
v -0.015117 -0.020637 0.007954
v -0.015117 -0.020637 0.007954
v -0.015117 -0.020637 0.007954
v -0.015117 -0.020637 0.007954
v -0.014246 -0.020137 0.008478
v -0.014246 -0.020137 0.008478
v -0.014246 -0.020137 0.008478
v -0.014246 -0.020137 0.008478
v -0.016623 -0.002504 0.009081
v 0.000802 0.015489 0.009634
v -0.001334 0.015502 0.009632
v -0.001106 0.014876 0.009615
v -0.032327 -0.020830 -0.007135
v 0.039121 -0.007263 0.007247
v 0.039121 -0.007263 0.007247
v 0.039121 -0.007263 0.007247
v 0.039121 -0.007263 0.007247
v 0.039233 -0.010225 0.007626
v 0.039233 -0.010225 0.007626
v -0.009100 0.020594 0.008032
v -0.009100 0.020594 0.008032
v -0.009100 0.020594 0.008032
v -0.009100 0.020594 0.008032
v 0.009004 0.020726 -0.003718
v 0.016812 -0.005658 -0.009400
v 0.016091 -0.005643 -0.009396
v -0.033581 -0.020901 -0.004736
v -0.033581 -0.020901 -0.004736
v -0.040584 -0.010326 -0.003334
v 0.008994 0.020749 -0.003023
v 0.017152 0.020661 -0.008373
v 0.014727 -0.006225 -0.009403
v 0.025013 0.020788 -0.006158
v 0.025013 0.020788 -0.006158
v 0.026262 0.020800 -0.007530
v 0.026262 0.020800 -0.007530
v 0.026262 0.020800 -0.007530
v 0.025326 0.020795 -0.007316
v 0.025326 0.020795 -0.007316
v 0.023062 0.020104 -0.008521
v -0.011890 0.000946 0.009169
v -0.010828 0.001247 0.009184
v -0.010616 0.002147 0.009205
v -0.005607 -0.020775 0.001197
v -0.003921 -0.020730 0.000740
v -0.003921 -0.020730 0.000740
v -0.003921 -0.020730 0.000740
v -0.003921 -0.020730 0.000740
v -0.004672 -0.020774 0.002111
v -0.004672 -0.020774 0.002111
v -0.040702 -0.011580 -0.001425
v -0.004072 -0.020685 -0.000168
v -0.039093 -0.020407 -0.002343
v -0.039093 -0.020407 -0.002343
v -0.039093 -0.020407 -0.002343
v -0.039093 -0.020407 -0.002343
v -0.039313 -0.020331 -0.001477
v -0.039313 -0.020331 -0.001477
v -0.040264 -0.020307 -0.001686
v -0.040264 -0.020307 -0.001686
v -0.040264 -0.020307 -0.001686
v -0.040264 -0.020307 -0.001686
v -0.040264 -0.020307 -0.001686
v 0.008428 0.020770 -0.000016
v 0.012073 0.020728 -0.004355
v 0.020176 0.017771 -0.008724
v 0.021501 0.017958 -0.008712
v 0.017668 0.020782 -0.003497
v 0.017118 0.020801 -0.001894
v 0.029287 0.016836 -0.008823
v 0.026255 0.016910 -0.008795
v 0.027945 0.017974 -0.008724
v -0.040012 -0.020237 -0.002078
v -0.040012 -0.020237 -0.002078
v -0.040012 -0.020237 -0.002078
v -0.040012 -0.020237 -0.002078
v -0.040012 -0.020237 -0.002078
v -0.040092 -0.020251 -0.001665
v -0.040092 -0.020251 -0.001665
v -0.040092 -0.020251 -0.001665
v -0.040092 -0.020251 -0.001665
v -0.040313 -0.020299 -0.000118
v -0.040313 -0.020299 -0.000118
v -0.040313 -0.020299 -0.000118
v 0.020102 -0.000961 -0.009440
v 0.020039 -0.002241 -0.009431
v 0.018752 -0.001999 -0.009423
v 0.025038 0.008084 -0.009285
v 0.023464 0.008211 -0.009260
v 0.002000 -0.020467 -0.002165
v 0.016664 0.004149 -0.009359
v 0.015253 0.002628 -0.009388
v -0.008844 0.006958 0.009333
v 0.040664 -0.008649 0.004513
v 0.040664 -0.008649 0.004513
v 0.040540 -0.006878 0.005776
v 0.040540 -0.006878 0.005776
v 0.040540 -0.006878 0.005776
v 0.040540 -0.006878 0.005776
v 0.019987 -0.019663 -0.009074
v 0.019987 -0.019663 -0.009074
v 0.019987 -0.019663 -0.009074
v 0.019987 -0.019663 -0.009074
v 0.021072 -0.019876 -0.008558
v 0.021072 -0.019876 -0.008558
v 0.021072 -0.019876 -0.008558
v 0.021072 -0.019876 -0.008558
v 0.021072 -0.019876 -0.008558
v 0.021072 -0.019876 -0.008558
v 0.021072 -0.019876 -0.008558
v 0.021072 -0.019876 -0.008558
v 0.019471 -0.019978 -0.008321
v 0.019471 -0.019978 -0.008321
v 0.019471 -0.019978 -0.008321
v -0.039917 -0.020405 -0.005666
v -0.039917 -0.020405 -0.005666
v -0.039917 -0.020405 -0.005666
v -0.039917 -0.020405 -0.005666
v -0.039917 -0.020405 -0.005666
v -0.039917 -0.020405 -0.005666
v -0.039917 -0.020405 -0.005666
v -0.039878 -0.020377 -0.006236
v -0.039878 -0.020377 -0.006236
v -0.039878 -0.020377 -0.006236
v -0.039804 -0.020408 -0.006798
v -0.039804 -0.020408 -0.006798
v -0.039804 -0.020408 -0.006798
v -0.039804 -0.020408 -0.006798
v -0.039804 -0.020408 -0.006798
v -0.039804 -0.020408 -0.006798
v 0.037964 -0.002633 0.008547
v 0.037964 -0.002633 0.008547
v 0.036379 -0.002515 0.008660
v 0.036379 -0.002515 0.008660
v 0.016541 0.006959 -0.009251
v -0.039774 0.014594 -0.009256
v -0.039774 0.014594 -0.009256
v -0.039774 0.014594 -0.009256
v -0.039774 0.014594 -0.009256
v -0.020449 -0.019465 0.008847
v -0.020449 -0.019465 0.008847
v -0.015915 -0.020859 0.006790
v -0.015915 -0.020859 0.006790
v -0.015915 -0.020859 0.006790
v -0.015915 -0.020859 0.006790
v -0.009788 0.019278 0.009637
v -0.009788 0.019278 0.009637
v -0.009788 0.019278 0.009637
v -0.009788 0.019278 0.009637
v -0.009788 0.019278 0.009637
v -0.008094 0.019450 0.009619
v -0.008094 0.019450 0.009619
v -0.008094 0.019450 0.009619
v -0.008094 0.019450 0.009619
v -0.008094 0.019450 0.009619
v -0.008094 0.019450 0.009619
v -0.008094 0.019450 0.009619
v -0.008094 0.019450 0.009619
v -0.008094 0.019450 0.009619
v -0.011156 0.019353 0.009609
v -0.011156 0.019353 0.009609
v -0.011156 0.019353 0.009609
v -0.011156 0.019353 0.009609
v -0.013289 -0.002768 0.009077
v -0.011718 -0.002340 0.009096
v -0.012891 -0.001931 0.009093
v -0.020517 -0.020630 0.008004
v -0.020517 -0.020630 0.008004
v -0.020517 -0.020630 0.008004
v -0.011692 0.012563 0.009502
v -0.016095 -0.020381 0.008248
v -0.016095 -0.020381 0.008248
v -0.016095 -0.020381 0.008248
v -0.016095 -0.020381 0.008248
v -0.017337 -0.020413 0.008220
v -0.016596 -0.020615 0.007998
v -0.016596 -0.020615 0.007998
v -0.010708 0.019630 0.009480
v -0.010708 0.019630 0.009480
v -0.010708 0.019630 0.009480
v -0.004434 0.020681 0.007774
v -0.004434 0.020681 0.007774
v -0.004434 0.020681 0.007774
v -0.004434 0.020681 0.007774
v -0.004011 0.020668 0.006971
v -0.004011 0.020668 0.006971
v -0.004011 0.020668 0.006971
v -0.004011 0.020668 0.006971
v -0.004011 0.020668 0.006971
v 0.017958 -0.019401 -0.009451
v 0.017958 -0.019401 -0.009451
v 0.017958 -0.019401 -0.009451
v 0.017958 -0.019401 -0.009451
v 0.017958 -0.019401 -0.009451
v 0.017958 -0.019401 -0.009451
v 0.017958 -0.019401 -0.009451
v 0.017958 -0.019401 -0.009451
v 0.015836 -0.019440 -0.009433
v 0.015836 -0.019440 -0.009433
v 0.015836 -0.019440 -0.009433
v 0.014955 -0.019420 -0.009486
v 0.014955 -0.019420 -0.009486
v 0.014955 -0.019420 -0.009486
v 0.014955 -0.019420 -0.009486
v -0.038186 0.020231 -0.008593
v -0.038186 0.020231 -0.008593
v -0.038186 0.020231 -0.008593
v -0.038186 0.020231 -0.008593
v -0.038186 0.020231 -0.008593
v -0.038186 0.020231 -0.008593
v -0.038186 0.020231 -0.008593
v -0.038186 0.020231 -0.008593
v -0.038186 0.020231 -0.008593
v -0.039167 0.020168 -0.008574
v -0.039167 0.020168 -0.008574
v -0.039167 0.020168 -0.008574
v -0.039167 0.020168 -0.008574
v -0.023014 0.020395 -0.008457
v -0.023014 0.020395 -0.008457
v 0.006491 0.020775 0.000924
v 0.006491 0.020775 0.000924
v 0.007421 0.020766 0.000098
v 0.007820 -0.020068 -0.007210
v 0.007820 -0.020068 -0.007210
v 0.007820 -0.020068 -0.007210
v 0.007820 -0.020068 -0.007210
v -0.039292 0.019891 0.003153
v -0.039292 0.019891 0.003153
v -0.039292 0.019891 0.003153
v -0.039292 0.019891 0.003153
v -0.039371 0.019574 0.002503
v -0.039371 0.019574 0.002503
v -0.039371 0.019574 0.002503
v -0.039371 0.019574 0.002503
v -0.039371 0.019574 0.002503
v -0.039371 0.019574 0.002503
v -0.039294 0.019754 0.002833
v -0.039294 0.019754 0.002833
v -0.039294 0.019754 0.002833
v -0.039294 0.019754 0.002833
v -0.039294 0.019754 0.002833
v -0.039294 0.019754 0.002833
v -0.039294 0.019754 0.002833
v -0.039340 0.019535 0.002309
v -0.039340 0.019535 0.002309
v -0.039340 0.019535 0.002309
v -0.039340 0.019535 0.002309
v -0.039340 0.019535 0.002309
v -0.039340 0.019535 0.002309
v 0.012474 -0.019545 -0.009342
v 0.018339 0.020765 -0.008133
v 0.018339 0.020765 -0.008133
v 0.018339 0.020765 -0.008133
v -0.040078 0.020024 0.002932
v -0.040078 0.020024 0.002932
v -0.040078 0.020024 0.002932
v -0.040078 0.020024 0.002932
v -0.039587 0.019910 0.003107
v -0.039587 0.019910 0.003107
v -0.039587 0.019910 0.003107
v -0.039587 0.019910 0.003107
v -0.039587 0.019910 0.003107
v -0.039587 0.019910 0.003107
v -0.039587 0.019910 0.003107
v -0.039587 0.019910 0.003107
v -0.039587 0.019910 0.003107
v -0.039587 0.019910 0.003107
v 0.017403 0.001826 -0.009409
v 0.018759 0.002385 -0.009419
v 0.018175 0.001195 -0.009426
v -0.015624 -0.012101 0.008930
v -0.015624 -0.012101 0.008930
v -0.014355 -0.012285 0.008925
v -0.015228 -0.010839 0.008927
v -0.028587 -0.020777 -0.007761
v -0.028587 -0.020777 -0.007761
v -0.028587 -0.020777 -0.007761
v -0.028587 -0.020777 -0.007761
v -0.028587 -0.020777 -0.007761
v -0.025621 -0.006489 -0.009362
v -0.025621 -0.006489 -0.009362
v -0.025532 -0.005357 -0.009373
v 0.015818 -0.002995 -0.009420
v -0.014836 0.006080 0.009275
v -0.015645 0.005051 0.009243
v -0.013321 0.011976 0.009469
v -0.017524 0.000607 0.009131
v -0.016602 -0.000108 0.009116
v -0.008741 0.020513 0.008337
v -0.008741 0.020513 0.008337
v -0.008741 0.020513 0.008337
v -0.008741 0.020513 0.008337
v -0.008741 0.020513 0.008337
v -0.008741 0.020513 0.008337
v -0.008275 0.018734 0.009643
v -0.008275 0.018734 0.009643
v -0.008520 0.019260 0.009638
v -0.008520 0.019260 0.009638
v 0.013538 -0.019943 -0.008318
v 0.013538 -0.019943 -0.008318
v 0.013538 -0.019943 -0.008318
v 0.013538 -0.019943 -0.008318
v 0.012269 -0.019873 -0.008534
v 0.012269 -0.019873 -0.008534
v 0.012269 -0.019873 -0.008534
v 0.012355 0.020773 -0.000384
v 0.012355 0.020773 -0.000384
v 0.012355 0.020773 -0.000384
v 0.011388 0.020777 -0.000448
v 0.011388 0.020777 -0.000448
v 0.011388 0.020777 -0.000448
v 0.011834 0.020781 0.000390
v 0.011834 0.020781 0.000390
v 0.011358 0.020733 -0.003096
v 0.015463 0.020790 -0.002120
v 0.018086 0.019982 -0.008556
v 0.018086 0.019982 -0.008556
v 0.014655 0.020776 -0.002866
v 0.017458 -0.003549 -0.009417
v -0.021622 0.010400 -0.009272
v -0.023024 0.010614 -0.009276
v 0.024575 0.020728 -0.008308
v 0.024575 0.020728 -0.008308
v 0.024575 0.020728 -0.008308
v 0.024575 0.020728 -0.008308
v 0.024575 0.020728 -0.008308
v 0.024575 0.020728 -0.008308
v 0.024575 0.020728 -0.008308
v 0.024575 0.020728 -0.008308
v 0.022652 0.020640 -0.008375
v 0.022652 0.020640 -0.008375
v 0.022652 0.020640 -0.008375
v 0.022652 0.020640 -0.008375
v 0.022652 0.020640 -0.008375
v 0.022652 0.020640 -0.008375
v 0.022652 0.020640 -0.008375
v 0.023302 0.020747 -0.008306
v 0.023302 0.020747 -0.008306
v 0.023302 0.020747 -0.008306
v 0.023302 0.020747 -0.008306
v 0.023302 0.020747 -0.008306
v -0.031183 -0.020789 -0.007802
v -0.031183 -0.020789 -0.007802
v -0.031183 -0.020789 -0.007802
v -0.031183 -0.020789 -0.007802
v -0.007210 0.013908 0.009558
v 0.023754 0.020607 -0.008379
v 0.023754 0.020607 -0.008379
v 0.023754 0.020607 -0.008379
v 0.025015 0.020262 -0.008508
v 0.025015 0.020262 -0.008508
v 0.025015 0.020262 -0.008508
v 0.025015 0.020262 -0.008508
v 0.025015 0.020262 -0.008508
v 0.025015 0.020262 -0.008508
v 0.025015 0.020262 -0.008508
v 0.025015 0.020262 -0.008508
v 0.016483 -0.000547 -0.009430
v 0.017173 0.000591 -0.009419
v 0.009554 -0.020067 -0.005983
v 0.009554 -0.020067 -0.005983
v 0.007380 -0.020226 -0.004103
v 0.007380 -0.020226 -0.004103
v -0.011751 -0.019906 0.008681
v -0.011751 -0.019906 0.008681
v -0.011751 -0.019906 0.008681
v -0.011751 -0.019906 0.008681
v -0.011751 -0.019906 0.008681
v -0.011751 -0.019906 0.008681
v -0.011751 -0.019906 0.008681
v -0.008419 -0.019888 0.008654
v -0.008419 -0.019888 0.008654
v -0.008419 -0.019888 0.008654
v -0.008419 -0.019888 0.008654
v -0.008419 -0.019888 0.008654
v -0.008419 -0.019888 0.008654
v -0.008419 -0.019888 0.008654
v -0.010067 -0.019585 0.008782
v -0.010067 -0.019585 0.008782
v -0.010067 -0.019585 0.008782
v -0.010067 -0.019585 0.008782
v -0.010067 -0.019585 0.008782
v -0.004173 -0.020773 0.003345
v -0.004320 -0.020774 0.004476
v -0.004320 -0.020774 0.004476
v -0.004320 -0.020774 0.004476
v -0.004320 -0.020774 0.004476
v -0.005327 -0.020787 0.004477
v -0.005327 -0.020787 0.004477
v -0.006924 0.020637 0.007417
v -0.011699 -0.018074 0.008861
v -0.011699 -0.018074 0.008861
v -0.008510 -0.018281 0.008848
v -0.008510 -0.018281 0.008848
v -0.008510 -0.018281 0.008848
v -0.008758 -0.017083 0.008897
v 0.002679 0.020745 0.003400
v 0.002218 0.020745 0.002715
v 0.005955 0.020765 -0.000000
v 0.020719 0.001982 -0.009426
v 0.022025 0.001649 -0.009434
v 0.021957 0.000302 -0.009446
v 0.018005 -0.003769 -0.009416
v 0.017216 -0.002786 -0.009422
v -0.036610 0.005674 -0.009504
v -0.036610 0.005674 -0.009504
v -0.036017 0.004411 -0.009532
v -0.036017 0.004411 -0.009532
v -0.036857 0.003681 -0.009499
v 0.008864 0.020767 -0.002527
v 0.008864 0.020767 -0.002527
v 0.025183 0.001603 -0.009471
v 0.026291 0.003020 -0.009458
v 0.028422 0.001743 -0.009516
v 0.028422 0.001743 -0.009516
v 0.028422 0.001743 -0.009516
v -0.040332 0.019781 -0.007395
v -0.040332 0.019781 -0.007395
v -0.040332 0.019781 -0.007395
v -0.040332 0.019781 -0.007395
v 0.015946 -0.007438 -0.009415
v 0.015801 -0.006218 -0.009400
v -0.025412 -0.016172 -0.009369
v -0.025412 -0.016172 -0.009369
v -0.025412 -0.016172 -0.009369
v -0.025412 -0.016172 -0.009369
v 0.017296 -0.009573 -0.009454
v 0.017296 -0.009573 -0.009454
v -0.016424 -0.012436 0.008942
v -0.016409 -0.013395 0.008960
v -0.040758 0.019873 -0.007084
v -0.040758 0.019873 -0.007084
v -0.040758 0.019873 -0.007084
v -0.040758 0.019873 -0.007084
v -0.040758 0.019873 -0.007084
v -0.040758 0.019873 -0.007084
v -0.040758 0.019873 -0.007084
v -0.024717 -0.001011 -0.009425
v -0.026047 -0.000509 -0.009458
v -0.025859 0.000344 -0.009470
v -0.025859 0.000344 -0.009470
v 0.008559 -0.020076 -0.006203
v 0.008559 -0.020076 -0.006203
v 0.010338 -0.020026 -0.006543
v -0.010928 -0.003238 0.009081
v -0.039260 -0.015133 -0.009021
v -0.039260 -0.015133 -0.009021
v -0.039260 -0.015133 -0.009021
v -0.039260 -0.015133 -0.009021
v -0.039260 -0.015133 -0.009021
v -0.039260 -0.015133 -0.009021
v -0.039260 -0.015133 -0.009021
v -0.039143 -0.013404 -0.009041
v -0.039143 -0.013404 -0.009041
v -0.039143 -0.013404 -0.009041
v -0.039143 -0.013404 -0.009041
v -0.037687 -0.013801 -0.009232
v -0.037687 -0.013801 -0.009232
v -0.037687 -0.013801 -0.009232
v -0.014238 -0.001925 0.009098
v -0.013590 0.004952 0.009256
v -0.039945 -0.020332 -0.003681
v -0.039945 -0.020332 -0.003681
v -0.039945 -0.020332 -0.003681
v -0.039945 -0.020332 -0.003681
v -0.039945 -0.020332 -0.003681
v -0.039945 -0.020332 -0.003681
v -0.039917 -0.020347 -0.004115
v -0.039917 -0.020347 -0.004115
v -0.039917 -0.020347 -0.004115
v -0.039917 -0.020347 -0.004115
v -0.039917 -0.020347 -0.004115
v -0.039917 -0.020347 -0.004115
v -0.039917 -0.020347 -0.004115
v -0.039710 -0.020170 -0.003902
v -0.039710 -0.020170 -0.003902
v -0.039710 -0.020170 -0.003902
v -0.039710 -0.020170 -0.003902
v -0.039710 -0.020170 -0.003902
v -0.039710 -0.020170 -0.003902
v -0.007891 0.015460 0.009607
v -0.040306 -0.020154 -0.003039
v -0.040306 -0.020154 -0.003039
v -0.040306 -0.020154 -0.003039
v -0.040306 -0.020154 -0.003039
v -0.040306 -0.020154 -0.003039
v -0.040306 -0.020154 -0.003039
v 0.019707 0.020762 -0.007584
v 0.019457 0.020776 -0.008065
v 0.019457 0.020776 -0.008065
v 0.019457 0.020776 -0.008065
v -0.040818 0.019652 -0.007034
v -0.040818 0.019652 -0.007034
v -0.040818 0.019652 -0.007034
v -0.040818 0.019652 -0.007034
v -0.040818 0.019652 -0.007034
v -0.040818 0.019652 -0.007034
v -0.040818 0.019652 -0.007034
v -0.040887 0.019780 -0.006257
v -0.040887 0.019780 -0.006257
v -0.040887 0.019780 -0.006257
v -0.040887 0.019780 -0.006257
v -0.040887 0.019780 -0.006257
v -0.040887 0.019780 -0.006257
v -0.002345 0.020660 0.007378
v -0.002098 0.020657 0.007970
v -0.002098 0.020657 0.007970
v -0.002098 0.020657 0.007970
v -0.002098 0.020657 0.007970
v 0.019980 0.020759 -0.005438
v 0.019464 0.020766 -0.004891
v -0.007252 0.020513 0.008224
v -0.007252 0.020513 0.008224
v -0.007252 0.020513 0.008224
v -0.007252 0.020513 0.008224
v -0.007252 0.020513 0.008224
v -0.006122 0.020401 0.008553
v -0.006122 0.020401 0.008553
v -0.006122 0.020401 0.008553
v -0.006122 0.020401 0.008553
v -0.006122 0.020401 0.008553
v -0.006122 0.020401 0.008553
v -0.006122 0.020401 0.008553
v -0.003271 0.020672 0.006444
v -0.003271 0.020672 0.006444
v -0.000959 0.020658 0.007411
v -0.000959 0.020658 0.007411
v -0.000959 0.020658 0.007411
v -0.003080 -0.020758 0.003159
v -0.002794 -0.020753 0.004511
v -0.002794 -0.020753 0.004511
v -0.002794 -0.020753 0.004511
v 0.003313 -0.020630 0.002036
v 0.004121 -0.020628 0.002687
v 0.002885 -0.020650 0.002924
v 0.002885 -0.020650 0.002924
v -0.026235 0.010981 -0.009285
v -0.027284 0.010506 -0.009314
v -0.027537 0.012653 -0.009232
v 0.039360 -0.003092 0.008024
v 0.039360 -0.003092 0.008024
v 0.039329 -0.002820 0.008302
v 0.039329 -0.002820 0.008302
v 0.039329 -0.002820 0.008302
v 0.039329 -0.002820 0.008302
v -0.025158 -0.001909 -0.009414
v -0.025580 -0.002724 -0.009403
v -0.025907 -0.001741 -0.009427
v -0.018068 -0.012805 0.008969
v 0.017648 -0.000248 -0.009429
v 0.017648 -0.000248 -0.009429
v 0.017648 -0.000248 -0.009429
v -0.018087 -0.004806 0.009021
v 0.021807 -0.009540 -0.009523
v 0.021807 -0.009540 -0.009523
v 0.021807 -0.009540 -0.009523
v 0.022228 -0.009924 -0.009537
v 0.022228 -0.009924 -0.009537
v -0.008698 -0.020843 0.004010
v 0.017145 -0.019446 -0.009404
v 0.017145 -0.019446 -0.009404
v 0.017145 -0.019446 -0.009404
v 0.018265 -0.019653 -0.009068
v 0.018265 -0.019653 -0.009068
v 0.018265 -0.019653 -0.009068
v 0.018265 -0.019653 -0.009068
v 0.018265 -0.019653 -0.009068
v 0.018265 -0.019653 -0.009068
v -0.025724 0.020495 -0.006184
v 0.019630 0.003228 -0.009404
v 0.018302 0.003062 -0.009401
v 0.008066 -0.020075 -0.007846
v 0.008066 -0.020075 -0.007846
v 0.008066 -0.020075 -0.007846
v 0.008066 -0.020075 -0.007846
v -0.002635 -0.020707 0.000658
v -0.002635 -0.020707 0.000658
v 0.004166 0.020760 0.001451
v 0.005698 0.020770 0.000718
v 0.005526 0.020768 0.001259
v -0.022920 -0.001242 -0.009391
v -0.022920 -0.001242 -0.009391
v -0.022920 -0.001242 -0.009391
v -0.022734 -0.000881 -0.009397
v 0.010243 0.020777 -0.001139
v -0.007083 0.020097 0.008931
v -0.007083 0.020097 0.008931
v 0.020895 0.013486 -0.008982
v -0.012245 0.019293 0.009607
v -0.012245 0.019293 0.009607
v -0.012245 0.019293 0.009607
v -0.012245 0.019293 0.009607
v -0.012245 0.019293 0.009607
v -0.012245 0.019293 0.009607
v -0.001027 0.019639 0.009510
v -0.001027 0.019639 0.009510
v -0.001027 0.019639 0.009510
v -0.001027 0.019639 0.009510
v -0.001027 0.019639 0.009510
v -0.001027 0.019639 0.009510
v 0.000164 0.020026 0.009078
v 0.000164 0.020026 0.009078
v 0.000164 0.020026 0.009078
v 0.000164 0.020026 0.009078
v 0.000164 0.020026 0.009078
v 0.000164 0.020026 0.009078
v -0.002095 0.019869 0.009253
v -0.002095 0.019869 0.009253
v -0.002095 0.019869 0.009253
v 0.036292 -0.010736 0.008589
v 0.036292 -0.010736 0.008589
v 0.039235 -0.003725 0.007388
v 0.039235 -0.003725 0.007388
v 0.039235 -0.003725 0.007388
v 0.039235 -0.003725 0.007388
v 0.039235 -0.003725 0.007388
v 0.039235 -0.003725 0.007388
v 0.039190 -0.002949 0.007307
v 0.039190 -0.002949 0.007307
v 0.039190 -0.002949 0.007307
v 0.039190 -0.002949 0.007307
v 0.039190 -0.002949 0.007307
v 0.039190 -0.002949 0.007307
v 0.039266 -0.003333 0.007480
v 0.039266 -0.003333 0.007480
v 0.039266 -0.003333 0.007480
v 0.039266 -0.003333 0.007480
v -0.001820 0.020707 0.005606
v -0.002088 0.020674 0.006568
v 0.002888 0.020752 0.002241
v 0.000441 0.020711 0.005812
v -0.000837 0.020710 0.005719
v 0.009175 -0.020030 -0.007343
v -0.004099 0.020681 0.005695
v -0.007507 0.003246 0.009244
v -0.007425 0.004272 0.009268
v -0.008682 0.003344 0.009245
v -0.025811 0.016847 -0.009033
v -0.024916 0.015149 -0.009107
v -0.027609 0.015556 -0.009103
v 0.019954 -0.018627 -0.009654
v 0.019954 -0.018627 -0.009654
v 0.019954 -0.018627 -0.009654
v 0.019954 -0.018627 -0.009654
v 0.019954 -0.018627 -0.009654
v 0.019954 -0.018627 -0.009654
v 0.019954 -0.018627 -0.009654
v 0.019954 -0.018627 -0.009654
v 0.019954 -0.018627 -0.009654
v 0.021816 -0.018667 -0.009640
v 0.021816 -0.018667 -0.009640
v 0.023047 -0.018860 -0.009599
v 0.023047 -0.018860 -0.009599
v 0.023047 -0.018860 -0.009599
v -0.012101 0.008626 0.009364
v -0.017098 -0.012911 0.008963
v -0.015003 -0.003796 0.009054
v -0.038481 -0.016396 -0.009155
v -0.038275 -0.018690 -0.009243
v -0.038275 -0.018690 -0.009243
v -0.038275 -0.018690 -0.009243
v -0.038275 -0.018690 -0.009243
v -0.038275 -0.018690 -0.009243
v -0.038275 -0.018690 -0.009243
v -0.038275 -0.018690 -0.009243
v -0.038275 -0.018690 -0.009243
v 0.013497 -0.018872 -0.009614
v 0.013497 -0.018872 -0.009614
v 0.013497 -0.018872 -0.009614
v 0.016945 -0.019031 -0.009631
v 0.016945 -0.019031 -0.009631
v 0.016945 -0.019031 -0.009631
v 0.016945 -0.019031 -0.009631
v 0.016945 -0.019031 -0.009631
v 0.016945 -0.019031 -0.009631
v 0.016945 -0.019031 -0.009631
v -0.014846 0.001905 0.009176
v -0.016580 -0.020792 0.007488
v -0.016580 -0.020792 0.007488
v -0.016580 -0.020792 0.007488
v -0.035269 0.019276 -0.009026
v -0.035269 0.019276 -0.009026
v -0.035269 0.019276 -0.009026
v -0.035269 0.019276 -0.009026
v 0.021306 -0.014831 -0.009666
v 0.019766 -0.013340 -0.009628
v 0.021414 -0.012647 -0.009605
v 0.009781 0.020764 0.002364
v 0.009697 0.020750 0.003075
v 0.010749 0.020763 0.002749
v -0.010714 0.018341 0.009634
v 0.023437 0.004719 -0.009391
v -0.024780 0.003206 -0.009452
v -0.024034 0.003731 -0.009434
v -0.027733 -0.020010 -0.009115
v -0.027733 -0.020010 -0.009115
v -0.027733 -0.020010 -0.009115
v -0.008314 0.020561 0.008081
v -0.008314 0.020561 0.008081
v -0.008314 0.020561 0.008081
v -0.003538 0.020571 0.008345
v -0.003538 0.020571 0.008345
v -0.003538 0.020571 0.008345
v -0.003538 0.020571 0.008345
v -0.003538 0.020571 0.008345
v -0.004887 0.020489 0.008418
v -0.004887 0.020489 0.008418
v -0.004887 0.020489 0.008418
v -0.004887 0.020489 0.008418
v 0.011526 -0.020007 -0.006518
v 0.011526 -0.020007 -0.006518
v 0.011526 -0.020007 -0.006518
v 0.011526 -0.020007 -0.006518
v 0.018800 0.018952 -0.008643
v 0.018800 0.018952 -0.008643
v -0.024382 -0.005441 -0.009360
v -0.024382 -0.005441 -0.009360
v -0.024382 -0.005441 -0.009360
v 0.022526 -0.019600 -0.009168
v 0.022526 -0.019600 -0.009168
v 0.022526 -0.019600 -0.009168
v 0.022526 -0.019600 -0.009168
v 0.024396 -0.019745 -0.008954
v 0.024396 -0.019745 -0.008954
v 0.024396 -0.019745 -0.008954
v 0.024396 -0.019745 -0.008954
v 0.023489 -0.019980 -0.008427
v 0.023489 -0.019980 -0.008427
v 0.023489 -0.019980 -0.008427
v 0.010773 -0.019989 -0.007295
v 0.010773 -0.019989 -0.007295
v 0.010773 -0.019989 -0.007295
v -0.014342 0.001063 0.009163
v 0.020230 -0.009089 -0.009476
v 0.020230 -0.009089 -0.009476
v 0.019647 -0.008018 -0.009440
v 0.019647 -0.008018 -0.009440
v -0.039712 -0.020155 -0.002664
v -0.039712 -0.020155 -0.002664
v -0.039712 -0.020155 -0.002664
v -0.039712 -0.020155 -0.002664
v -0.039636 -0.020178 -0.002955
v -0.039636 -0.020178 -0.002955
v -0.039636 -0.020178 -0.002955
v -0.039636 -0.020178 -0.002955
v -0.039636 -0.020178 -0.002955
v -0.039636 -0.020178 -0.002955
v -0.039636 -0.020178 -0.002955
v -0.037551 0.020606 -0.003944
v -0.037551 0.020606 -0.003944
v -0.037551 0.020606 -0.003944
v -0.033273 -0.005233 -0.009532
v -0.033273 -0.005233 -0.009532
v -0.033273 -0.005233 -0.009532
v -0.033273 -0.005233 -0.009532
v -0.033273 -0.005233 -0.009532
v -0.033273 -0.005233 -0.009532
v -0.032009 -0.004784 -0.009528
v -0.032009 -0.004784 -0.009528
v -0.032009 -0.004784 -0.009528
v -0.032009 -0.004784 -0.009528
v -0.031768 -0.006266 -0.009520
v -0.031768 -0.006266 -0.009520
v 0.040767 -0.019299 0.001788
v 0.040767 -0.019299 0.001788
v 0.040767 -0.019299 0.001788
v 0.040767 -0.019299 0.001788
v 0.040767 -0.019299 0.001788
v 0.040947 -0.019514 0.000129
v 0.040947 -0.019514 0.000129
v 0.040947 -0.019514 0.000129
v 0.040947 -0.019514 0.000129
v 0.040947 -0.019514 0.000129
v 0.040990 -0.018117 0.000318
v 0.040990 -0.018117 0.000318
v 0.040990 -0.018117 0.000318
v 0.040990 -0.018117 0.000318
v -0.015737 -0.020650 0.007953
v -0.015737 -0.020650 0.007953
v -0.015737 -0.020650 0.007953
v -0.015737 -0.020650 0.007953
v -0.015737 -0.020650 0.007953
v -0.015737 -0.020650 0.007953
v -0.017372 -0.020687 0.007896
v -0.017372 -0.020687 0.007896
v -0.017372 -0.020687 0.007896
v -0.017372 -0.020687 0.007896
v -0.017372 -0.020687 0.007896
v -0.015167 -0.020764 0.007548
v -0.015167 -0.020764 0.007548
v -0.015167 -0.020764 0.007548
v -0.015167 -0.020764 0.007548
v -0.012573 -0.020739 0.007635
v -0.012573 -0.020739 0.007635
v -0.012573 -0.020739 0.007635
v -0.012573 -0.020739 0.007635
v -0.012573 -0.020739 0.007635
v -0.011763 -0.020601 0.007836
v -0.011763 -0.020601 0.007836
v -0.011763 -0.020601 0.007836
v -0.011763 -0.020601 0.007836
v -0.011763 -0.020601 0.007836
v -0.012040 -0.020805 0.006900
v -0.012040 -0.020805 0.006900
v -0.012040 -0.020805 0.006900
v 0.016791 0.003119 -0.009385
v -0.027554 -0.006456 -0.009392
v -0.027554 -0.006456 -0.009392
v -0.025973 -0.004231 -0.009392
v -0.025973 -0.004231 -0.009392
v -0.041074 0.020278 0.002578
v -0.041074 0.020278 0.002578
v -0.041074 0.020278 0.002578
v -0.041074 0.020278 0.002578
v -0.041074 0.020278 0.002578
v -0.041074 0.020278 0.002578
v 0.003208 0.020745 0.004224
v 0.004226 0.020747 0.003604
v 0.003860 0.020753 0.000626
v 0.018613 0.017121 -0.008768
v -0.041041 0.020277 0.002126
v -0.041041 0.020277 0.002126
v -0.041041 0.020277 0.002126
v -0.041041 0.020277 0.002126
v -0.041041 0.020277 0.002126
v -0.041041 0.020277 0.002126
v -0.031237 0.020700 -0.002345
v 0.039066 -0.005028 0.007149
v 0.039066 -0.005028 0.007149
v 0.039066 -0.005028 0.007149
v 0.039066 -0.005028 0.007149
v 0.039066 -0.005028 0.007149
v 0.039066 -0.005028 0.007149
v 0.039066 -0.005028 0.007149
v 0.039066 -0.005028 0.007149
v 0.039066 -0.005028 0.007149
v 0.039100 -0.006812 0.007214
v 0.039100 -0.006812 0.007214
v 0.039100 -0.006812 0.007214
v 0.039100 -0.006812 0.007214
v 0.039100 -0.006812 0.007214
v 0.039100 -0.006812 0.007214
v 0.039100 -0.006812 0.007214
v -0.039497 0.019500 0.002190
v -0.039497 0.019500 0.002190
v -0.039497 0.019500 0.002190
v -0.039497 0.019500 0.002190
v -0.039051 0.020429 0.002600
v -0.039051 0.020429 0.002600
v -0.039051 0.020429 0.002600
v -0.039051 0.020429 0.002600
v -0.039340 0.019456 0.001311
v -0.039340 0.019456 0.001311
v -0.039340 0.019456 0.001311
v -0.039340 0.019456 0.001311
v -0.039340 0.019456 0.001311
v -0.039340 0.019456 0.001311
v -0.039340 0.019456 0.001311
v -0.040339 0.020077 0.002422
v -0.040339 0.020077 0.002422
v -0.040339 0.020077 0.002422
v -0.040339 0.020077 0.002422
v -0.040339 0.020077 0.002422
v 0.017254 -0.004436 -0.009408
v 0.018833 -0.006510 -0.009418
v -0.014788 -0.020855 0.006582
v 0.015454 -0.018572 -0.009657
v 0.015454 -0.018572 -0.009657
v 0.015454 -0.018572 -0.009657
v -0.013285 -0.001791 0.009096
v 0.019264 -0.004707 -0.009419
v 0.018649 -0.003635 -0.009418
v -0.003271 0.020681 0.007904
v -0.003271 0.020681 0.007904
v -0.003271 0.020681 0.007904
v -0.003271 0.020681 0.007904
v -0.003271 0.020681 0.007904
v 0.020362 -0.006149 -0.009424
v -0.002582 0.017599 0.009664
v -0.002582 0.017599 0.009664
v -0.007639 0.019276 0.009633
v -0.007639 0.019276 0.009633
v -0.007639 0.019276 0.009633
v -0.007639 0.019276 0.009633
v -0.014654 -0.000043 0.009139
v 0.034017 -0.020788 0.007503
v 0.034017 -0.020788 0.007503
v 0.034017 -0.020788 0.007503
v 0.034017 -0.020788 0.007503
v 0.034017 -0.020788 0.007503
v 0.034017 -0.020788 0.007503
v 0.033560 -0.020858 0.007540
v 0.033560 -0.020858 0.007540
v 0.033560 -0.020858 0.007540
v 0.033560 -0.020858 0.007540
v 0.033560 -0.020858 0.007540
v 0.033560 -0.020858 0.007540
v 0.033560 -0.020858 0.007540
v -0.013448 0.013495 0.009531
v 0.019021 0.020793 -0.003262
v 0.020100 0.020795 -0.003518
v 0.020198 0.020790 -0.008155
v 0.020198 0.020790 -0.008155
v 0.020198 0.020790 -0.008155
v 0.020198 0.020790 -0.008155
v 0.000348 0.020740 0.003717
v 0.012035 -0.019971 -0.007480
v 0.012035 -0.019971 -0.007480
v 0.012035 -0.019971 -0.007480
v 0.012035 -0.019971 -0.007480
v 0.012035 -0.019971 -0.007480
v 0.012455 -0.019963 -0.007056
v 0.012455 -0.019963 -0.007056
v 0.012455 -0.019963 -0.007056
v 0.012455 -0.019963 -0.007056
v -0.023562 -0.001268 -0.009399
v 0.008039 -0.020344 -0.002447
v 0.008039 -0.020344 -0.002447
v 0.007274 -0.020413 -0.001404
v -0.040166 -0.013719 -0.006725
v -0.040166 -0.013719 -0.006725
v -0.040166 -0.013719 -0.006725
v -0.040166 -0.013719 -0.006725
v -0.040417 -0.012768 -0.004703
v -0.040417 -0.012768 -0.004703
v -0.011859 -0.019495 0.008785
v -0.011859 -0.019495 0.008785
v -0.016715 -0.010213 0.008932
v -0.016715 -0.010213 0.008932
v 0.001537 0.020740 0.004046
v 0.001537 0.020740 0.004046
v 0.020640 -0.000041 -0.009444
v -0.028425 -0.019811 -0.009294
v -0.028425 -0.019811 -0.009294
v -0.028425 -0.019811 -0.009294
v -0.028425 -0.019811 -0.009294
v -0.029120 -0.019938 -0.009205
v -0.029120 -0.019938 -0.009205
v -0.029120 -0.019938 -0.009205
v -0.010023 0.002997 0.009229
v -0.008704 0.002193 0.009220
v 0.021166 -0.007628 -0.009449
v 0.021166 -0.007628 -0.009449
v 0.021171 -0.009162 -0.009499
v 0.032743 -0.018670 0.008457
v 0.030768 -0.018065 0.008555
v 0.031349 -0.018888 0.008490
v 0.031349 -0.018888 0.008490
v 0.022128 -0.001418 -0.009452
v 0.023372 -0.000918 -0.009463
v -0.039478 0.019706 0.002718
v -0.039478 0.019706 0.002718
v -0.039478 0.019706 0.002718
v 0.017876 -0.001502 -0.009426
v -0.000066 -0.020708 0.003777
v -0.000066 -0.020708 0.003777
v -0.010840 0.003087 0.009227
v 0.018469 0.000052 -0.009439
v 0.018469 0.000052 -0.009439
v 0.018409 -0.000680 -0.009434
v 0.018203 -0.018045 -0.009688
v 0.018203 -0.018045 -0.009688
v 0.018203 -0.018045 -0.009688
v 0.018203 -0.018045 -0.009688
v -0.039461 -0.020162 -0.003361
v -0.039461 -0.020162 -0.003361
v -0.039461 -0.020162 -0.003361
v 0.007974 0.020769 0.000647
v 0.012288 0.020757 -0.001673
v 0.011081 0.020785 0.000271
v 0.011081 0.020785 0.000271
v -0.039874 -0.020196 -0.002467
v -0.039874 -0.020196 -0.002467
v -0.039874 -0.020196 -0.002467
v -0.039874 -0.020196 -0.002467
v -0.039874 -0.020196 -0.002467
v -0.039874 -0.020196 -0.002467
v -0.009855 0.013266 0.009535
v -0.039955 -0.020273 -0.002860
v -0.039955 -0.020273 -0.002860
v -0.039955 -0.020273 -0.002860
v -0.039955 -0.020273 -0.002860
v -0.039955 -0.020273 -0.002860
v -0.039955 -0.020273 -0.002860
v 0.015987 -0.012552 -0.009591
v 0.016652 -0.012882 -0.009622
v 0.016652 -0.012882 -0.009622
v 0.015841 -0.013449 -0.009639
v 0.015841 -0.013449 -0.009639
v -0.011840 -0.004238 0.009048
v -0.012859 -0.003542 0.009062
v -0.013675 -0.004655 0.009032
v 0.021367 0.009887 -0.009156
v -0.005779 0.000803 0.009192
v -0.004890 0.002366 0.009233
v -0.005389 0.003022 0.009246
v -0.023620 0.020370 -0.008691
v -0.023620 0.020370 -0.008691
v -0.023620 0.020370 -0.008691
v -0.023620 0.020370 -0.008691
v -0.023620 0.020370 -0.008691
v -0.023620 0.020370 -0.008691
v -0.022277 0.020335 -0.008706
v -0.022277 0.020335 -0.008706
v -0.022277 0.020335 -0.008706
v -0.022277 0.020335 -0.008706
v 0.031522 -0.016586 -0.009665
v 0.031522 -0.016586 -0.009665
v 0.029493 -0.017546 -0.009652
v 0.029493 -0.017546 -0.009652
v 0.029493 -0.017546 -0.009652
v 0.029727 -0.015365 -0.009668
v 0.029727 -0.015365 -0.009668
v -0.008608 0.012878 0.009521
v -0.011549 -0.008095 0.008938
v -0.012310 -0.006419 0.008983
v -0.014054 -0.006527 0.008981
v 0.019884 0.020715 -0.008346
v 0.019884 0.020715 -0.008346
v 0.019884 0.020715 -0.008346
v 0.019884 0.020715 -0.008346
v 0.019884 0.020715 -0.008346
v 0.020676 0.020808 -0.008196
v 0.020676 0.020808 -0.008196
v 0.020676 0.020808 -0.008196
v 0.020676 0.020808 -0.008196
v 0.020676 0.020808 -0.008196
v 0.020676 0.020808 -0.008196
v 0.022081 0.020777 -0.008280
v 0.022081 0.020777 -0.008280
v 0.022081 0.020777 -0.008280
v 0.022081 0.020777 -0.008280
v 0.022081 0.020777 -0.008280
v 0.022081 0.020777 -0.008280
v 0.022081 0.020777 -0.008280
v 0.022081 0.020777 -0.008280
v 0.022081 0.020777 -0.008280
v -0.013682 -0.019409 0.008785
v -0.013682 -0.019409 0.008785
v -0.013682 -0.019409 0.008785
v 0.021771 0.020766 -0.006005
v 0.020121 0.020754 -0.006275
v 0.020121 0.020754 -0.006275
v 0.022829 0.020774 -0.005636
v 0.019316 0.000727 -0.009441
v 0.019276 -0.000358 -0.009441
v 0.028216 0.019410 -0.008612
v 0.028216 0.019410 -0.008612
v 0.028216 0.019410 -0.008612
v 0.023823 0.013879 -0.008984
v -0.038195 0.020725 -0.001145
v -0.038806 0.020580 -0.002557
v -0.038806 0.020580 -0.002557
v -0.038806 0.020580 -0.002557
v -0.038806 0.020580 -0.002557
v -0.038806 0.020580 -0.002557
v -0.038806 0.020580 -0.002557
v -0.038806 0.020580 -0.002557
v 0.023183 -0.013828 -0.009637
v 0.022772 -0.017039 -0.009685
v 0.022772 -0.017039 -0.009685
v 0.022772 -0.017039 -0.009685
v 0.022772 -0.017039 -0.009685
v 0.004978 0.020764 0.001620
v 0.003448 -0.020534 -0.000267
v 0.002427 -0.020576 0.000246
v 0.002553 -0.020536 -0.000582
v -0.014289 -0.017407 0.008887
v -0.011757 -0.016528 0.008915
v 0.040519 -0.014016 0.004778
v 0.040519 -0.014016 0.004778
v -0.012873 -0.008468 0.008936
v -0.010782 -0.008548 0.008929
v -0.010782 -0.008548 0.008929
v 0.004807 0.020754 0.002594
v 0.003712 0.020756 0.002070
v -0.013645 -0.014841 0.008935
v -0.013645 -0.014841 0.008935
v 0.020833 -0.001423 -0.009445
v 0.021363 -0.001970 -0.009445
v -0.013832 -0.010118 0.008928
v 0.017636 -0.006816 -0.009412
v -0.001198 0.020641 0.008238
v -0.001198 0.020641 0.008238
v -0.001198 0.020641 0.008238
v -0.001198 0.020641 0.008238
v -0.001198 0.020641 0.008238
v -0.001198 0.020641 0.008238
v -0.001198 0.020641 0.008238
v 0.001752 0.020575 0.008398
v 0.001752 0.020575 0.008398
v 0.001752 0.020575 0.008398
v 0.001752 0.020575 0.008398
v 0.001752 0.020575 0.008398
v 0.001752 0.020575 0.008398
v 0.001752 0.020575 0.008398
v 0.001752 0.020575 0.008398
v 0.001752 0.020575 0.008398
v 0.000312 0.020621 0.008201
v 0.000312 0.020621 0.008201
v 0.000312 0.020621 0.008201
v 0.000312 0.020621 0.008201
v -0.002986 0.020705 0.005365
v -0.011391 0.002110 0.009199
v -0.012597 0.002852 0.009211
v 0.008101 -0.020517 0.001153
v 0.006079 -0.020473 -0.000615
v -0.013552 -0.000928 0.009118
v 0.026818 -0.000387 -0.009514
v 0.026084 -0.000870 -0.009504
v 0.026110 0.000127 -0.009504
v 0.002667 0.020734 0.004833
v 0.002093 0.020736 0.004641
v 0.001344 0.020728 0.005020
v 0.001344 0.020728 0.005020
v 0.021517 0.020780 -0.004577
v 0.022937 0.020804 -0.003752
v 0.023750 0.020795 -0.004707
v 0.011812 -0.019984 -0.007963
v 0.011812 -0.019984 -0.007963
v 0.011812 -0.019984 -0.007963
v 0.011812 -0.019984 -0.007963
v 0.012518 -0.019983 -0.008017
v 0.012518 -0.019983 -0.008017
v 0.012518 -0.019983 -0.008017
v -0.013275 0.000303 0.009148
v -0.035103 -0.020139 -0.009105
v -0.035103 -0.020139 -0.009105
v -0.035103 -0.020139 -0.009105
v -0.035103 -0.020139 -0.009105
v -0.035103 -0.020139 -0.009105
v 0.021878 -0.005761 -0.009428
v 0.023165 -0.005616 -0.009446
v 0.023165 -0.005616 -0.009446
v 0.018483 -0.012485 -0.009604
v 0.022488 0.004080 -0.009398
v 0.021810 0.003032 -0.009412
v 0.021810 0.003032 -0.009412
v 0.003520 0.020751 0.002718
v -0.002369 -0.020714 0.000950
v -0.002369 -0.020714 0.000950
v 0.023392 -0.001990 -0.009457
v 0.029159 0.020777 -0.008034
v 0.029159 0.020777 -0.008034
v 0.029159 0.020777 -0.008034
v 0.028101 0.020782 -0.008006
v 0.028101 0.020782 -0.008006
v 0.028101 0.020782 -0.008006
v 0.028101 0.020782 -0.008006
v 0.028101 0.020782 -0.008006
v 0.028101 0.020782 -0.008006
v 0.028700 0.020814 -0.006939
v 0.028700 0.020814 -0.006939
v 0.028700 0.020814 -0.006939
v 0.039240 -0.010109 0.007090
v 0.039240 -0.010109 0.007090
v -0.021717 0.009171 -0.009307
v 0.018641 -0.002757 -0.009421
v -0.008382 -0.020110 0.008371
v -0.008382 -0.020110 0.008371
v -0.008382 -0.020110 0.008371
v -0.008382 -0.020110 0.008371
v -0.008294 -0.020353 0.008065
v -0.007661 -0.020296 0.008115
v -0.007661 -0.020296 0.008115
v -0.007661 -0.020296 0.008115
v -0.007661 -0.020296 0.008115
v -0.015500 -0.020099 0.008537
v 0.040037 -0.004400 0.006964
v 0.040037 -0.004400 0.006964
v 0.040037 -0.004400 0.006964
v 0.040037 -0.004400 0.006964
v 0.040037 -0.004400 0.006964
v 0.040215 -0.002486 0.006978
v 0.040215 -0.002486 0.006978
v 0.040215 -0.002486 0.006978
v 0.040215 -0.002486 0.006978
v 0.040215 -0.002486 0.006978
v 0.040215 -0.002486 0.006978
v 0.040215 -0.002486 0.006978
v 0.040215 -0.002486 0.006978
v 0.040215 -0.002486 0.006978
v 0.011998 -0.020115 -0.004972
v 0.012774 -0.020003 -0.006445
v 0.013355 -0.020085 -0.005341
v 0.019547 -0.019400 -0.009462
v 0.019547 -0.019400 -0.009462
v 0.019547 -0.019400 -0.009462
v 0.019547 -0.019400 -0.009462
v 0.019547 -0.019400 -0.009462
v 0.019547 -0.019400 -0.009462
v 0.021140 -0.019566 -0.009231
v 0.021140 -0.019566 -0.009231
v 0.021140 -0.019566 -0.009231
v 0.021140 -0.019566 -0.009231
v 0.021140 -0.019566 -0.009231
v -0.022884 0.020340 -0.008711
v -0.022884 0.020340 -0.008711
v -0.022884 0.020340 -0.008711
v -0.022884 0.020340 -0.008711
v -0.039170 0.020057 0.001758
v -0.041227 0.019906 0.002369
v -0.041227 0.019906 0.002369
v -0.041227 0.019906 0.002369
v -0.006823 -0.005523 0.009024
v -0.003304 -0.006330 0.009004
v -0.004471 -0.005428 0.009031
v -0.007448 0.019667 0.009449
v -0.007448 0.019667 0.009449
v -0.007448 0.019667 0.009449
v -0.007448 0.019667 0.009449
v 0.006119 0.020765 0.002184
v 0.006439 0.020753 0.003488
v 0.007068 0.020762 0.002973
v -0.008279 -0.005534 0.009020
v -0.007634 -0.003618 0.009078
v -0.009836 -0.003927 0.009064
v -0.012756 -0.001138 0.009114
v -0.012379 -0.001775 0.009101
v -0.006348 0.019241 0.009640
v -0.006348 0.019241 0.009640
v -0.006348 0.019241 0.009640
v -0.011289 -0.009456 0.008919
v -0.011289 -0.009456 0.008919
v -0.011289 -0.009456 0.008919
v -0.011289 -0.009456 0.008919
v -0.012336 -0.009914 0.008922
v -0.012336 -0.009914 0.008922
v 0.039233 -0.002556 0.007186
v 0.039233 -0.002556 0.007186
v 0.039233 -0.002556 0.007186
v 0.039233 -0.002556 0.007186
v 0.039233 -0.002556 0.007186
v 0.039180 -0.003524 0.007266
v 0.039180 -0.003524 0.007266
v 0.039180 -0.003524 0.007266
v 0.039180 -0.003524 0.007266
v 0.039180 -0.003524 0.007266
v 0.039225 -0.003371 0.007150
v 0.039225 -0.003371 0.007150
v 0.039225 -0.003371 0.007150
v 0.039225 -0.003371 0.007150
v 0.039225 -0.003371 0.007150
v 0.039225 -0.003371 0.007150
v 0.001944 0.018928 0.009673
v 0.001944 0.018928 0.009673
v 0.001944 0.018928 0.009673
v 0.001944 0.018928 0.009673
v 0.001944 0.018928 0.009673
v 0.001944 0.018928 0.009673
v 0.003792 0.018981 0.009642
v 0.003792 0.018981 0.009642
v 0.003792 0.018981 0.009642
v 0.003792 0.018981 0.009642
v 0.003792 0.018981 0.009642
v 0.004885 0.019534 0.009552
v 0.004885 0.019534 0.009552
v 0.004885 0.019534 0.009552
v 0.004885 0.019534 0.009552
v 0.004885 0.019534 0.009552
v 0.004885 0.019534 0.009552
v 0.004885 0.019534 0.009552
v 0.004885 0.019534 0.009552
v 0.004885 0.019534 0.009552
v 0.004885 0.019534 0.009552
v -0.006190 0.012829 0.009519
v 0.019960 -0.003685 -0.009424
v 0.021073 -0.004626 -0.009424
v 0.022484 0.020786 -0.007992
v 0.022484 0.020786 -0.007992
v 0.022484 0.020786 -0.007992
v 0.023359 0.020790 -0.008061
v 0.023359 0.020790 -0.008061
v 0.023359 0.020790 -0.008061
v 0.002423 0.020744 0.004030
v 0.002593 0.020742 0.004342
v 0.027764 0.014587 -0.008966
v 0.029865 0.014161 -0.009012
v 0.029117 0.011987 -0.009132
v 0.019233 0.001891 -0.009430
v 0.026960 0.019139 -0.008627
v 0.026960 0.019139 -0.008627
v 0.026960 0.019139 -0.008627
v 0.018766 -0.019298 -0.009497
v 0.018766 -0.019298 -0.009497
v 0.018766 -0.019298 -0.009497
v 0.018766 -0.019298 -0.009497
v 0.011150 -0.019964 -0.008000
v 0.011150 -0.019964 -0.008000
v 0.011150 -0.019964 -0.008000
v 0.011150 -0.019964 -0.008000
v 0.011150 -0.019964 -0.008000
v -0.028563 -0.006326 -0.009417
v -0.028563 -0.006326 -0.009417
v -0.028308 -0.007552 -0.009419
v -0.029013 -0.006502 -0.009432
v -0.006104 -0.020783 0.005647
v -0.006104 -0.020783 0.005647
v -0.006104 -0.020783 0.005647
v 0.027371 0.020803 -0.007152
v 0.027371 0.020803 -0.007152
v 0.027371 0.020803 -0.007152
v 0.027371 0.020803 -0.007152
v -0.040518 0.000661 -0.005081
v -0.040518 0.000661 -0.005081
v -0.040518 0.000661 -0.005081
v -0.040518 0.000661 -0.005081
v -0.040327 -0.001094 -0.006331
v -0.040353 -0.005165 -0.006028
v -0.040353 -0.005165 -0.006028
v 0.008828 0.020776 -0.001102
v 0.014162 0.020780 -0.002178
v -0.040779 -0.010359 0.000445
v 0.019016 -0.001278 -0.009430
v 0.017430 -0.011700 -0.009567
v 0.023583 0.020776 -0.008272
v 0.023583 0.020776 -0.008272
v 0.023583 0.020776 -0.008272
v 0.023583 0.020776 -0.008272
v -0.010325 -0.006935 0.008972
v -0.011376 0.003739 0.009241
v -0.006061 -0.020713 0.006998
v -0.006061 -0.020713 0.006998
v -0.006061 -0.020713 0.006998
v -0.008851 -0.020722 0.007349
v -0.008851 -0.020722 0.007349
v -0.008851 -0.020722 0.007349
v -0.008851 -0.020722 0.007349
v -0.012153 -0.012044 0.008930
v -0.016251 -0.014010 0.008964
v -0.016251 -0.014010 0.008964
v 0.024356 -0.006677 -0.009499
v 0.024356 -0.006677 -0.009499
v 0.024356 -0.006677 -0.009499
v 0.023073 -0.007794 -0.009504
v 0.023579 -0.006717 -0.009484
v -0.011896 -0.000675 0.009133
v 0.021460 -0.001356 -0.009450
v 0.021057 -0.000906 -0.009447
v -0.010410 -0.007814 0.008946
v 0.025527 -0.005158 -0.009504
v 0.025527 -0.005158 -0.009504
v 0.025527 -0.005158 -0.009504
v 0.024834 -0.005476 -0.009494
v 0.025205 -0.004254 -0.009493
v -0.022882 0.004488 -0.009423
v -0.022978 0.005682 -0.009413
v -0.022978 0.005682 -0.009413
v -0.015193 -0.013793 0.008945
v -0.035277 -0.020782 -0.006321
v -0.035277 -0.020782 -0.006321
v -0.035277 -0.020782 -0.006321
v -0.035277 -0.020782 -0.006321
v -0.035277 -0.020782 -0.006321
v -0.036515 -0.020691 -0.006270
v -0.036515 -0.020691 -0.006270
v -0.036515 -0.020691 -0.006270
v -0.036515 -0.020691 -0.006270
v -0.035642 -0.020754 -0.007206
v -0.035642 -0.020754 -0.007206
v -0.035642 -0.020754 -0.007206
v -0.035642 -0.020754 -0.007206
v -0.003319 0.019726 0.009407
v -0.003319 0.019726 0.009407
v -0.003319 0.019726 0.009407
v -0.003319 0.019726 0.009407
v -0.004994 0.019602 0.009542
v -0.004994 0.019602 0.009542
v -0.004994 0.019602 0.009542
v -0.004994 0.019602 0.009542
v -0.004994 0.019602 0.009542
v 0.024663 0.010669 -0.009158
v -0.010667 -0.000218 0.009155
v 0.003228 0.020672 0.006735
v 0.002018 0.020703 0.005815
v 0.001991 0.020670 0.006942
v -0.012720 -0.020129 0.008446
v -0.012720 -0.020129 0.008446
v -0.012720 -0.020129 0.008446
v -0.013468 -0.020411 0.008118
v -0.013468 -0.020411 0.008118
v -0.013468 -0.020411 0.008118
v -0.013468 -0.020411 0.008118
v -0.012645 -0.020356 0.008165
v -0.012645 -0.020356 0.008165
v -0.012645 -0.020356 0.008165
v -0.039880 -0.020282 -0.003244
v -0.039880 -0.020282 -0.003244
v -0.039880 -0.020282 -0.003244
v -0.039880 -0.020282 -0.003244
v -0.039700 -0.020185 -0.003460
v -0.039700 -0.020185 -0.003460
v -0.039700 -0.020185 -0.003460
v -0.039700 -0.020185 -0.003460
v -0.039700 -0.020185 -0.003460
v 0.013182 -0.019962 -0.007278
v 0.013182 -0.019962 -0.007278
v 0.013182 -0.019962 -0.007278
v 0.013182 -0.019962 -0.007278
v -0.004641 -0.020755 0.005722
v -0.004641 -0.020755 0.005722
v -0.004641 -0.020755 0.005722
v -0.004454 -0.020666 0.007247
v -0.004454 -0.020666 0.007247
v -0.004454 -0.020666 0.007247
v -0.041096 0.008983 0.001372
v -0.041096 0.008983 0.001372
v 0.024151 0.020792 -0.008042
v 0.024151 0.020792 -0.008042
v 0.024151 0.020792 -0.008042
v 0.024151 0.020792 -0.008042
v 0.024151 0.020792 -0.008042
v 0.023930 0.020778 -0.008223
v 0.023930 0.020778 -0.008223
v 0.023930 0.020778 -0.008223
v 0.023930 0.020778 -0.008223
v -0.040989 0.020170 0.000431
v -0.040989 0.020170 0.000431
v -0.040989 0.020170 0.000431
v -0.040989 0.020170 0.000431
v -0.040989 0.020170 0.000431
v -0.040989 0.020170 0.000431
v -0.040587 0.020043 0.000051
v -0.040587 0.020043 0.000051
v -0.040587 0.020043 0.000051
v -0.040587 0.020043 0.000051
v -0.040587 0.020043 0.000051
v -0.040587 0.020043 0.000051
v -0.040587 0.020043 0.000051
v 0.004790 -0.020451 -0.001549
v 0.028302 0.020059 -0.008552
v 0.028302 0.020059 -0.008552
v 0.026635 0.020068 -0.008540
v 0.008505 -0.020288 -0.003106
v 0.005229 -0.020347 -0.003073
v 0.014150 -0.019387 -0.009526
v 0.014150 -0.019387 -0.009526
v 0.014150 -0.019387 -0.009526
v 0.004758 -0.020560 0.000736
v 0.004712 -0.020520 -0.000120
v 0.005741 -0.020515 0.000165
v -0.039726 0.019348 -0.000494
v -0.039726 0.019348 -0.000494
v -0.039726 0.019348 -0.000494
v -0.039726 0.019348 -0.000494
v -0.039726 0.019348 -0.000494
v -0.039726 0.019348 -0.000494
v -0.039934 0.019512 -0.000648
v -0.039934 0.019512 -0.000648
v -0.039934 0.019512 -0.000648
v -0.039934 0.019512 -0.000648
v -0.039774 0.019360 -0.000202
v -0.039774 0.019360 -0.000202
v -0.039774 0.019360 -0.000202
v -0.039774 0.019360 -0.000202
v -0.039774 0.019360 -0.000202
v -0.039774 0.019360 -0.000202
v -0.039774 0.019360 -0.000202
v -0.039774 0.019360 -0.000202
v -0.039119 -0.020301 -0.003566
v -0.039119 -0.020301 -0.003566
v -0.039119 -0.020301 -0.003566
v 0.025716 0.005071 -0.009398
v 0.025573 0.006308 -0.009359
v 0.026801 0.006090 -0.009377
v 0.009081 0.020767 0.001963
v 0.025562 0.014013 -0.008987
v 0.026705 0.011549 -0.009134
v 0.023946 -0.018603 -0.009639
v 0.023946 -0.018603 -0.009639
v 0.023946 -0.018603 -0.009639
v 0.025980 -0.017818 -0.009665
v 0.025980 -0.017818 -0.009665
v 0.039182 -0.001972 0.007343
v 0.039182 -0.001972 0.007343
v 0.039182 -0.001972 0.007343
v 0.039182 -0.001972 0.007343
v 0.039182 -0.001972 0.007343
v -0.009880 -0.002170 0.009115
v -0.008616 -0.000751 0.009151
v -0.009507 -0.000141 0.009166
v 0.003519 0.020715 0.005453
v 0.023609 0.020777 -0.006308
v 0.023079 0.020784 -0.007490
v 0.015141 -0.019996 -0.008076
v 0.015141 -0.019996 -0.008076
v 0.015141 -0.019996 -0.008076
v 0.015141 -0.019996 -0.008076
v 0.015141 -0.019996 -0.008076
v 0.015141 -0.019996 -0.008076
v 0.015141 -0.019996 -0.008076
v 0.014349 -0.019975 -0.007470
v 0.014349 -0.019975 -0.007470
v 0.014349 -0.019975 -0.007470
v 0.014349 -0.019975 -0.007470
v 0.013441 -0.019977 -0.007810
v 0.013441 -0.019977 -0.007810
v 0.024847 0.020806 -0.008003
v 0.024847 0.020806 -0.008003
v 0.024847 0.020806 -0.008003
v 0.024847 0.020806 -0.008003
v 0.024847 0.020806 -0.008003
v 0.024847 0.020806 -0.008003
v 0.024847 0.020806 -0.008003
v 0.024847 0.020806 -0.008003
v 0.027200 0.020542 -0.008450
v 0.027200 0.020542 -0.008450
v 0.027200 0.020542 -0.008450
v 0.027200 0.020542 -0.008450
v -0.027148 -0.006805 -0.009383
v -0.027148 -0.006805 -0.009383
v -0.016293 -0.019380 0.008800
v -0.013685 -0.007970 0.008949
v 0.007265 -0.020354 0.007647
v 0.007265 -0.020354 0.007647
v 0.007265 -0.020354 0.007647
v 0.007265 -0.020354 0.007647
v 0.007265 -0.020354 0.007647
v 0.007265 -0.020354 0.007647
v 0.006395 -0.020278 0.007764
v 0.005574 -0.020314 0.007711
v 0.005574 -0.020314 0.007711
v 0.005574 -0.020314 0.007711
v 0.005574 -0.020314 0.007711
v 0.005574 -0.020314 0.007711
v 0.005574 -0.020314 0.007711
v -0.021936 0.007900 -0.009346
v 0.005403 0.020747 0.003723
v 0.005438 0.020737 0.004494
v 0.006185 0.020741 0.004321
v -0.025996 0.009126 -0.009344
v 0.000929 0.020679 0.006859
v -0.000591 0.020680 0.006668
v 0.000295 0.020652 0.007654
v 0.000295 0.020652 0.007654
v -0.006184 0.019823 0.009280
v -0.006184 0.019823 0.009280
v -0.006184 0.019823 0.009280
v -0.007767 0.002206 0.009220
v -0.007813 0.000330 0.009175
v -0.006996 0.001241 0.009197
v -0.023323 -0.000674 -0.009402
v -0.036069 -0.011605 -0.009399
v -0.036069 -0.011605 -0.009399
v -0.036069 -0.011605 -0.009399
v -0.036069 -0.011605 -0.009399
v -0.035257 -0.006524 -0.009473
v -0.035257 -0.006524 -0.009473
v -0.035257 -0.006524 -0.009473
v -0.035257 -0.006524 -0.009473
v -0.035257 -0.006524 -0.009473
v -0.035257 -0.006524 -0.009473
v -0.035257 -0.006524 -0.009473
v -0.034175 -0.010767 -0.009496
v -0.034175 -0.010767 -0.009496
v -0.034175 -0.010767 -0.009496
v 0.017623 -0.012345 -0.009603
v 0.017623 -0.012345 -0.009603
v 0.017623 -0.012345 -0.009603
v 0.017623 -0.012345 -0.009603
v 0.004317 0.020666 0.007334
v 0.004317 0.020666 0.007334
v 0.004317 0.020666 0.007334
v 0.004317 0.020666 0.007334
v 0.004317 0.020666 0.007334
v 0.003762 0.020660 0.007899
v 0.004813 0.020679 0.007889
v 0.004813 0.020679 0.007889
v 0.009946 -0.020278 -0.003051
v 0.010829 -0.020201 -0.003902
v 0.010016 -0.020317 -0.002536
v 0.010016 -0.020317 -0.002536
v 0.019902 -0.017410 -0.009699
v 0.019902 -0.017410 -0.009699
v 0.019902 -0.017410 -0.009699
v 0.019902 -0.017410 -0.009699
v -0.006954 -0.020812 0.004590
v -0.006954 -0.020812 0.004590
v -0.006954 -0.020812 0.004590
v -0.026165 0.020401 -0.008568
v -0.026165 0.020401 -0.008568
v -0.026165 0.020401 -0.008568
v -0.026165 0.020401 -0.008568
v -0.026165 0.020401 -0.008568
v -0.026165 0.020401 -0.008568
v -0.026165 0.020401 -0.008568
v -0.026165 0.020401 -0.008568
v -0.026165 0.020401 -0.008568
v -0.027088 0.020404 -0.008387
v -0.027088 0.020404 -0.008387
v -0.027652 0.020432 -0.007771
v 0.005855 -0.020293 -0.003596
v -0.003062 0.020668 0.007626
v -0.007604 0.011623 0.009475
v -0.001099 0.016213 0.009648
v -0.001821 0.015847 0.009641
v 0.022819 -0.008861 -0.009525
v 0.022819 -0.008861 -0.009525
v -0.006096 0.008955 0.009391
v -0.004902 0.010799 0.009451
v -0.006635 0.010624 0.009440
v -0.009750 0.001604 0.009201
v 0.012172 -0.020298 -0.002478
v 0.012172 -0.020298 -0.002478
v 0.002716 -0.020481 -0.001673
v -0.011949 -0.020355 0.008154
v -0.011949 -0.020355 0.008154
v -0.011949 -0.020355 0.008154
v -0.011949 -0.020355 0.008154
v -0.011949 -0.020355 0.008154
v -0.011949 -0.020355 0.008154
v -0.011949 -0.020355 0.008154
v 0.014881 -0.019982 -0.006819
v 0.014881 -0.019982 -0.006819
v 0.014881 -0.019982 -0.006819
v 0.014881 -0.019982 -0.006819
v 0.014881 -0.019982 -0.006819
v 0.039309 -0.001859 0.008377
v 0.039309 -0.001859 0.008377
v 0.039309 -0.001859 0.008377
v 0.039309 -0.001859 0.008377
v -0.010022 0.004729 0.009273
v -0.008455 0.005055 0.009285
v 0.013891 -0.020044 -0.005880
v -0.011589 0.002920 0.009219
v 0.009213 -0.020179 -0.004392
v 0.010450 -0.020095 -0.005375
v 0.027900 0.020828 -0.005635
v 0.025979 0.020824 -0.004305
v 0.028423 0.020854 -0.004632
v 0.026152 0.020795 -0.008105
v 0.026152 0.020795 -0.008105
v 0.026152 0.020795 -0.008105
v 0.026152 0.020795 -0.008105
v 0.026152 0.020795 -0.008105
v 0.026152 0.020795 -0.008105
v 0.026997 0.020794 -0.008009
v 0.026997 0.020794 -0.008009
v -0.039297 -0.020160 -0.004352
v -0.039297 -0.020160 -0.004352
v -0.039297 -0.020160 -0.004352
v -0.039297 -0.020160 -0.004352
v -0.039297 -0.020160 -0.004352
v 0.024892 0.000766 -0.009476
v 0.024857 -0.000915 -0.009481
v 0.023596 0.000118 -0.009465
v -0.039708 -0.020267 -0.004627
v -0.039708 -0.020267 -0.004627
v -0.039708 -0.020267 -0.004627
v -0.039708 -0.020267 -0.004627
v -0.039708 -0.020267 -0.004627
v -0.039708 -0.020267 -0.004627
v -0.039644 -0.020170 -0.004288
v -0.039644 -0.020170 -0.004288
v -0.039644 -0.020170 -0.004288
v -0.039644 -0.020170 -0.004288
v 0.024623 -0.020056 -0.008309
v 0.024623 -0.020056 -0.008309
v 0.024623 -0.020056 -0.008309
v 0.023193 -0.020129 -0.007960
v 0.023193 -0.020129 -0.007960
v 0.023193 -0.020129 -0.007960
v 0.023193 -0.020129 -0.007960
v 0.023193 -0.020129 -0.007960
v -0.010026 -0.008500 0.008937
v -0.010166 -0.005614 0.009012
v -0.008670 0.000970 0.009193
v -0.006485 0.003133 0.009244
v 0.023397 -0.009345 -0.009534
v 0.024432 -0.010734 -0.009560
v -0.012320 -0.013934 0.008936
v -0.010154 -0.012498 0.008948
v -0.006203 0.007081 0.009340
v -0.007481 0.006112 0.009313
v -0.005028 0.020064 0.008999
v -0.005028 0.020064 0.008999
v -0.005028 0.020064 0.008999
v -0.005028 0.020064 0.008999
v -0.039521 0.019113 0.000582
v -0.039521 0.019113 0.000582
v -0.039521 0.019113 0.000582
v -0.039521 0.019113 0.000582
v -0.039521 0.019113 0.000582
v -0.039521 0.019113 0.000582
v -0.039502 0.019164 0.001007
v -0.039502 0.019164 0.001007
v -0.039502 0.019164 0.001007
v -0.039502 0.019164 0.001007
v -0.039502 0.019164 0.001007
v -0.039502 0.019164 0.001007
v -0.039502 0.019164 0.001007
v 0.031207 -0.014406 -0.009668
v 0.033566 -0.012408 -0.009664
v 0.032743 -0.014669 -0.009671
v -0.039955 0.019817 0.002258
v -0.039955 0.019817 0.002258
v -0.039955 0.019817 0.002258
v -0.039955 0.019817 0.002258
v -0.039955 0.019817 0.002258
v -0.040352 0.019898 0.001035
v -0.040352 0.019898 0.001035
v -0.040352 0.019898 0.001035
v -0.040352 0.019898 0.001035
v -0.040352 0.019898 0.001035
v -0.040352 0.019898 0.001035
v 0.022166 -0.008442 -0.009500
v 0.004773 0.020708 0.005657
v 0.004445 0.020736 0.004740
v 0.004445 0.020736 0.004740
v -0.006247 0.005165 0.009292
v 0.020711 -0.019302 -0.009501
v 0.020711 -0.019302 -0.009501
v 0.020711 -0.019302 -0.009501
v 0.022681 0.006074 -0.009336
v 0.025064 0.006965 -0.009332
v 0.024404 0.005819 -0.009365
v -0.010971 -0.020428 0.008058
v -0.010971 -0.020428 0.008058
v -0.010971 -0.020428 0.008058
v -0.010971 -0.020428 0.008058
v -0.010528 -0.020002 0.008574
v -0.010528 -0.020002 0.008574
v -0.010528 -0.020002 0.008574
v -0.010528 -0.020002 0.008574
v -0.011323 -0.020147 0.008404
v -0.011323 -0.020147 0.008404
v -0.040619 -0.009060 -0.003133
v 0.014657 0.020796 0.001658
v 0.012814 0.020788 0.002395
v 0.021638 -0.003114 -0.009437
v 0.022126 0.020811 -0.002845
v 0.021149 0.020802 -0.003334
v 0.020223 0.020811 -0.001969
v -0.024742 0.020244 -0.008776
v -0.024742 0.020244 -0.008776
v -0.024742 0.020244 -0.008776
v -0.024742 0.020244 -0.008776
v -0.024742 0.020244 -0.008776
v -0.024742 0.020244 -0.008776
v -0.039608 -0.020431 -0.007362
v -0.039608 -0.020431 -0.007362
v -0.039608 -0.020431 -0.007362
v -0.039608 -0.020431 -0.007362
v -0.039608 -0.020431 -0.007362
v -0.039608 -0.020431 -0.007362
v -0.039608 -0.020431 -0.007362
v -0.039484 -0.020410 -0.006957
v -0.039484 -0.020410 -0.006957
v -0.039484 -0.020410 -0.006957
v -0.039484 -0.020410 -0.006957
v -0.039484 -0.020410 -0.006957
v -0.039484 -0.020410 -0.006957
v -0.039484 -0.020410 -0.006957
v -0.039736 -0.020431 -0.006451
v -0.039736 -0.020431 -0.006451
v -0.039736 -0.020431 -0.006451
v -0.039736 -0.020431 -0.006451
v -0.039736 -0.020431 -0.006451
v -0.039736 -0.020431 -0.006451
v 0.021175 0.020786 -0.004294
v 0.020528 0.020776 -0.004694
v 0.022686 0.000576 -0.009454
v 0.022519 0.001416 -0.009445
v 0.000461 -0.020680 0.002101
v 0.000461 -0.020680 0.002101
v -0.024870 -0.003249 -0.009387
v 0.025581 0.019522 -0.008587
v 0.024242 0.016295 -0.008832
v 0.016251 0.020777 0.004062
v 0.015121 0.020768 0.004217
v 0.015121 0.020768 0.004217
v 0.015716 0.020754 0.004735
v 0.024734 0.020827 -0.003066
v 0.024655 0.020801 -0.004936
v -0.034620 -0.020811 -0.007783
v -0.034620 -0.020811 -0.007783
v -0.034620 -0.020811 -0.007783
v -0.035198 -0.020805 -0.007837
v -0.035198 -0.020805 -0.007837
v -0.035198 -0.020805 -0.007837
v -0.035198 -0.020805 -0.007837
v -0.035198 -0.020805 -0.007837
v -0.035198 -0.020805 -0.007837
v -0.035198 -0.020805 -0.007837
v -0.035198 -0.020805 -0.007837
v -0.035198 -0.020805 -0.007837
v 0.015214 -0.020197 -0.003822
v 0.015214 -0.020197 -0.003822
v 0.014348 -0.020249 -0.003036
v 0.014348 -0.020249 -0.003036
v 0.014348 -0.020249 -0.003036
v 0.014717 -0.020076 -0.005418
v 0.013848 -0.019995 -0.006561
v 0.039372 -0.003851 0.007924
v 0.039372 -0.003851 0.007924
v 0.039372 -0.003851 0.007924
v 0.039372 -0.003851 0.007924
v 0.039372 -0.003851 0.007924
v 0.039372 -0.003851 0.007924
v 0.039372 -0.003851 0.007924
v 0.039372 -0.003851 0.007924
v 0.026211 0.009212 -0.009247
v -0.013174 -0.020637 0.007850
v -0.013174 -0.020637 0.007850
v -0.013174 -0.020637 0.007850
v -0.013174 -0.020637 0.007850
v -0.013174 -0.020637 0.007850
v 0.039275 -0.002570 0.007658
v 0.039275 -0.002570 0.007658
v 0.039275 -0.002570 0.007658
v 0.039275 -0.002570 0.007658
v -0.026567 0.002233 -0.009477
v -0.026567 0.002233 -0.009477
v -0.026468 0.000826 -0.009485
v -0.026468 0.000826 -0.009485
v -0.027540 0.001611 -0.009503
v -0.027540 0.001611 -0.009503
v 0.016374 -0.019806 -0.008789
v 0.016374 -0.019806 -0.008789
v 0.016374 -0.019806 -0.008789
v 0.016374 -0.019806 -0.008789
v 0.016374 -0.019806 -0.008789
v 0.024163 0.007024 -0.009319
v 0.023330 0.003610 -0.009420
v 0.022961 -0.004227 -0.009436
v 0.022961 -0.004227 -0.009436
v -0.001517 -0.019728 0.008736
v -0.001517 -0.019728 0.008736
v -0.001517 -0.019728 0.008736
v -0.001517 -0.019728 0.008736
v -0.001517 -0.019728 0.008736
v -0.001517 -0.019728 0.008736
v -0.001517 -0.019728 0.008736
v -0.001517 -0.019728 0.008736
v -0.001973 -0.019955 0.008447
v -0.001973 -0.019955 0.008447
v -0.001973 -0.019955 0.008447
v -0.001973 -0.019955 0.008447
v -0.001973 -0.019955 0.008447
v -0.000509 -0.020204 0.008028
v -0.000509 -0.020204 0.008028
v -0.000509 -0.020204 0.008028
v -0.000509 -0.020204 0.008028
v -0.000509 -0.020204 0.008028
v 0.039157 -0.009029 0.007114
v 0.039157 -0.009029 0.007114
v 0.039157 -0.009029 0.007114
v 0.039157 -0.009029 0.007114
v -0.005585 -0.019811 0.008712
v -0.005585 -0.019811 0.008712
v -0.005585 -0.019811 0.008712
v -0.005585 -0.019811 0.008712
v -0.006035 -0.020327 0.008054
v -0.006035 -0.020327 0.008054
v -0.005283 -0.020268 0.008102
v -0.005283 -0.020268 0.008102
v -0.004521 0.007893 0.009368
v -0.005127 0.006081 0.009319
v -0.002624 0.007138 0.009357
v -0.002549 0.020226 0.008818
v -0.002549 0.020226 0.008818
v -0.002549 0.020226 0.008818
v -0.000413 0.020461 0.008516
v -0.000413 0.020461 0.008516
v -0.000413 0.020461 0.008516
v -0.000413 0.020461 0.008516
v -0.000413 0.020461 0.008516
v -0.001979 0.020536 0.008403
v -0.001979 0.020536 0.008403
v 0.029297 0.019096 -0.008648
v 0.029297 0.019096 -0.008648
v -0.024666 0.007002 -0.009396
v 0.030764 0.011873 -0.009155
v 0.032454 0.010977 -0.009224
v 0.030405 0.009418 -0.009277
v -0.030560 -0.012829 -0.009499
v -0.030560 -0.012829 -0.009499
v -0.030560 -0.012829 -0.009499
v -0.030560 -0.012829 -0.009499
v -0.030899 -0.008964 -0.009504
v -0.028947 -0.011370 -0.009459
v 0.037482 -0.000041 0.008647
v 0.037482 -0.000041 0.008647
v 0.035410 -0.000412 0.008765
v -0.008599 -0.012352 0.008950
v -0.009134 -0.011270 0.008939
v -0.009699 -0.010975 0.008936
v 0.019749 0.020810 0.002434
v 0.019257 0.020797 0.003421
v 0.020558 0.020810 0.002873
v -0.040748 -0.003142 -0.002307
v 0.016548 0.020738 -0.005670
v 0.015879 -0.020032 -0.007830
v 0.015879 -0.020032 -0.007830
v 0.015879 -0.020032 -0.007830
v 0.015879 -0.020032 -0.007830
v 0.016566 -0.020004 -0.007303
v 0.016566 -0.020004 -0.007303
v 0.016566 -0.020004 -0.007303
v 0.016566 -0.020004 -0.007303
v 0.015666 -0.020000 -0.007499
v 0.015666 -0.020000 -0.007499
v 0.015666 -0.020000 -0.007499
v 0.015666 -0.020000 -0.007499
v -0.012598 -0.020533 0.007954
v -0.012598 -0.020533 0.007954
v -0.012598 -0.020533 0.007954
v 0.027975 0.009531 -0.009246
v 0.027894 0.011975 -0.009121
v 0.022803 0.002371 -0.009437
v 0.016987 -0.020168 -0.004585
v 0.016987 -0.020168 -0.004585
v 0.016822 -0.020042 -0.006151
v 0.016822 -0.020042 -0.006151
v 0.016822 -0.020042 -0.006151
v 0.017722 -0.020079 -0.005961
v 0.017722 -0.020079 -0.005961
v 0.017722 -0.020079 -0.005961
v 0.005671 0.020714 0.005414
v 0.006803 0.020721 0.005133
v 0.023044 0.001088 -0.009458
v 0.024163 0.000946 -0.009468
v 0.008169 0.020767 0.002019
v 0.007479 0.020766 0.002513
v 0.008186 0.020754 0.003233
v 0.011435 0.020779 0.001296
v 0.011435 0.020779 0.001296
v 0.025575 0.020802 -0.007977
v 0.025575 0.020802 -0.007977
v 0.010750 0.020782 0.000773
v 0.025643 0.020717 -0.008312
v 0.025643 0.020717 -0.008312
v 0.025643 0.020717 -0.008312
v 0.025643 0.020717 -0.008312
v 0.025643 0.020717 -0.008312
v 0.025643 0.020717 -0.008312
v 0.025643 0.020717 -0.008312
v 0.039334 -0.005391 0.008060
v 0.039334 -0.005391 0.008060
v 0.039334 -0.005391 0.008060
v 0.039334 -0.005391 0.008060
v 0.034389 0.017727 -0.008814
v 0.034389 0.017727 -0.008814
v 0.034389 0.017727 -0.008814
v 0.032686 0.016022 -0.008919
v 0.032538 0.017964 -0.008775
v -0.002428 0.019208 0.009653
v -0.002428 0.019208 0.009653
v -0.002428 0.019208 0.009653
v -0.002428 0.019208 0.009653
v -0.002428 0.019208 0.009653
v -0.002428 0.019208 0.009653
v -0.000997 0.018920 0.009667
v -0.000997 0.018920 0.009667
v -0.040102 -0.020340 -0.003261
v -0.040102 -0.020340 -0.003261
v -0.040102 -0.020340 -0.003261
v -0.039569 0.019105 0.000759
v -0.039569 0.019105 0.000759
v -0.039569 0.019105 0.000759
v -0.039569 0.019105 0.000759
v -0.039569 0.019105 0.000759
v -0.039569 0.019105 0.000759
v -0.010407 -0.003205 0.009084
v -0.039519 0.019262 -0.000151
v -0.039519 0.019262 -0.000151
v -0.039519 0.019262 -0.000151
v -0.039519 0.019262 -0.000151
v -0.039589 0.019205 0.000091
v -0.039589 0.019205 0.000091
v -0.039589 0.019205 0.000091
v -0.039589 0.019205 0.000091
v -0.039589 0.019205 0.000091
v 0.026353 0.007535 -0.009322
v -0.023994 0.016336 -0.009052
v 0.018446 -0.020179 -0.004995
v 0.018660 -0.020098 -0.006098
v 0.018660 -0.020098 -0.006098
v 0.018660 -0.020098 -0.006098
v 0.018660 -0.020098 -0.006098
v 0.019585 -0.020165 -0.005609
v -0.004210 -0.008299 0.008961
v -0.003352 -0.008845 0.008964
v -0.002581 -0.007771 0.008979
v -0.002581 -0.007771 0.008979
v 0.015699 -0.020017 -0.007796
v 0.023905 0.002621 -0.009445
v -0.012098 -0.015254 0.008932
v -0.008664 -0.015357 0.008936
v -0.009007 -0.013863 0.008952
v -0.009771 -0.014982 0.008940
v -0.010893 -0.014064 0.008944
v -0.003075 -0.020713 0.006083
v -0.002377 -0.020732 0.005413
v -0.002377 -0.020732 0.005413
v -0.039463 0.019400 -0.001735
v -0.039463 0.019400 -0.001735
v -0.039463 0.019400 -0.001735
v -0.039463 0.019400 -0.001735
v -0.039463 0.019400 -0.001735
v -0.039463 0.019400 -0.001735
v -0.039463 0.019400 -0.001735
v -0.039396 0.019443 -0.000355
v -0.039396 0.019443 -0.000355
v -0.039396 0.019443 -0.000355
v -0.039396 0.019443 -0.000355
v -0.039396 0.019443 -0.000355
v -0.039396 0.019443 -0.000355
v -0.039396 0.019443 -0.000355
v -0.039396 0.019443 -0.000355
v 0.009416 -0.020492 0.000942
v 0.008476 -0.020453 -0.000157
v 0.012907 0.020759 -0.002520
v -0.008944 0.009784 0.009413
v -0.001841 0.013282 0.009556
v -0.003085 0.011984 0.009503
v -0.001146 0.011172 0.009485
v 0.024530 0.003938 -0.009421
v 0.032035 0.020737 -0.008321
v 0.032035 0.020737 -0.008321
v 0.032035 0.020737 -0.008321
v 0.032035 0.020737 -0.008321
v 0.032035 0.020737 -0.008321
v 0.032035 0.020737 -0.008321
v 0.032035 0.020737 -0.008321
v 0.033139 0.020567 -0.008476
v 0.033139 0.020567 -0.008476
v 0.033139 0.020567 -0.008476
v 0.033139 0.020567 -0.008476
v 0.032147 0.020531 -0.008481
v 0.032147 0.020531 -0.008481
v 0.032147 0.020531 -0.008481
v 0.002742 0.020552 0.008414
v 0.002742 0.020552 0.008414
v 0.002742 0.020552 0.008414
v 0.003931 0.020557 0.008401
v 0.005019 0.020649 0.008267
v 0.005019 0.020649 0.008267
v 0.005019 0.020649 0.008267
v 0.005019 0.020649 0.008267
v 0.005019 0.020649 0.008267
v 0.005439 -0.020595 0.002155
v 0.006787 -0.020560 0.001806
v 0.006787 -0.020560 0.001806
v 0.006086 -0.020596 0.002860
v 0.006086 -0.020596 0.002860
v 0.023041 -0.002753 -0.009448
v 0.001456 -0.020618 0.000787
v 0.001456 -0.020618 0.000787
v 0.017777 -0.019979 -0.008318
v 0.017777 -0.019979 -0.008318
v 0.017777 -0.019979 -0.008318
v 0.017777 -0.019979 -0.008318
v 0.017777 -0.019979 -0.008318
v 0.017777 -0.019979 -0.008318
v -0.010436 -0.009319 0.008926
v -0.040689 -0.006445 -0.002710
v -0.040689 -0.006445 -0.002710
v -0.008142 -0.019570 0.008775
v -0.008142 -0.019570 0.008775
v -0.008142 -0.019570 0.008775
v -0.008142 -0.019570 0.008775
v -0.008142 -0.019570 0.008775
v -0.008142 -0.019570 0.008775
v -0.008142 -0.019570 0.008775
v -0.027217 -0.004935 -0.009410
v -0.027395 -0.004020 -0.009433
v -0.026945 -0.004027 -0.009418
v -0.009479 -0.007689 0.008959
v -0.009479 -0.007689 0.008959
v -0.011577 -0.010294 0.008917
v -0.011577 -0.010294 0.008917
v -0.008883 -0.016300 0.008919
v -0.010193 -0.016363 0.008919
v -0.028589 -0.014246 -0.009448
v -0.028589 -0.014246 -0.009448
v 0.010269 -0.020417 -0.000470
v 0.008935 -0.020380 -0.001579
v -0.024336 0.003928 -0.009438
v 0.003431 0.017780 0.009673
v 0.003431 0.017780 0.009673
v 0.003431 0.017780 0.009673
v 0.003431 0.017780 0.009673
v 0.005594 0.018915 0.009650
v 0.005594 0.018915 0.009650
v 0.005594 0.018915 0.009650
v -0.023475 0.003536 -0.009427
v -0.023475 0.003536 -0.009427
v 0.011144 0.020774 0.002239
v -0.003335 0.013728 0.009566
v -0.032323 0.010215 -0.009417
v -0.031001 0.009386 -0.009423
v -0.031868 0.009658 -0.009427
v -0.041054 0.007148 0.000767
v -0.041054 0.007148 0.000767
v 0.016472 -0.020030 -0.007955
v 0.016472 -0.020030 -0.007955
v 0.016472 -0.020030 -0.007955
v 0.016472 -0.020030 -0.007955
v 0.016472 -0.020030 -0.007955
v 0.016472 -0.020030 -0.007955
v -0.023597 0.004579 -0.009422
v -0.023597 0.004579 -0.009422
v -0.024264 0.004733 -0.009431
v 0.024353 0.020839 0.000531
v 0.023948 0.020834 0.002139
v 0.023948 0.020834 0.002139
v 0.025321 0.020841 0.002546
v 0.025321 0.020841 0.002546
v 0.022557 -0.006968 -0.009463
v 0.026242 -0.001988 -0.009502
v 0.007384 0.020758 0.003429
v 0.024110 0.020785 -0.007443
v 0.024110 0.020785 -0.007443
v 0.024110 0.020785 -0.007443
v 0.009221 -0.020327 -0.002478
v 0.009221 -0.020327 -0.002478
v 0.011184 0.020747 0.003709
v 0.011894 0.020768 0.003253
v 0.011894 0.020768 0.003253
v 0.011894 0.020768 0.003253
v 0.026513 0.020807 -0.005984
v 0.029771 0.020818 -0.007199
v 0.029771 0.020818 -0.007199
v 0.029875 0.020854 -0.005673
v 0.030903 0.020849 -0.006504
v 0.036584 -0.006680 0.008600
v 0.036584 -0.006680 0.008600
v 0.036584 -0.006680 0.008600
v 0.036574 -0.005370 0.008611
v -0.023672 0.013622 -0.009168
v -0.024783 0.010251 -0.009300
v -0.025866 0.013515 -0.009183
v 0.000857 0.019663 0.009477
v 0.000857 0.019663 0.009477
v 0.000857 0.019663 0.009477
v 0.000857 0.019663 0.009477
v -0.000759 0.020642 0.007983
v -0.000759 0.020642 0.007983
v -0.000759 0.020642 0.007983
v 0.018171 -0.019055 -0.009602
v 0.018171 -0.019055 -0.009602
v 0.018171 -0.019055 -0.009602
v 0.018171 -0.019055 -0.009602
v 0.027258 0.004574 -0.009426
v 0.003050 -0.020646 0.005157
v 0.003050 -0.020646 0.005157
v 0.003050 -0.020646 0.005157
v 0.003050 -0.020646 0.005157
v -0.007993 -0.008884 0.008945
v -0.007316 -0.008113 0.008957
v -0.008405 -0.008088 0.008958
v -0.008405 -0.008088 0.008958
v 0.024454 -0.002806 -0.009470
v 0.023706 -0.004897 -0.009452
v 0.023706 -0.004897 -0.009452
v 0.023706 -0.004897 -0.009452
v -0.040871 0.008202 -0.003254
v -0.040871 0.008202 -0.003254
v -0.040712 0.005936 -0.004472
v -0.040712 0.005936 -0.004472
v -0.040712 0.005936 -0.004472
v -0.040712 0.005936 -0.004472
v -0.040712 0.005936 -0.004472
v -0.040712 0.005936 -0.004472
v -0.040822 0.005278 -0.003156
v -0.010130 -0.020515 0.007926
v -0.010130 -0.020515 0.007926
v -0.010130 -0.020515 0.007926
v -0.002652 -0.020624 0.007309
v -0.002652 -0.020624 0.007309
v -0.002652 -0.020624 0.007309
v -0.002652 -0.020624 0.007309
v -0.002652 -0.020624 0.007309
v -0.002652 -0.020624 0.007309
v -0.040392 -0.010869 -0.005178
v -0.040392 -0.010869 -0.005178
v 0.009134 0.020759 0.002448
v 0.008676 0.020757 0.002687
v 0.012980 -0.020292 -0.002492
v 0.012630 -0.020240 -0.003270
v 0.025510 -0.013977 -0.009637
v 0.025777 -0.016274 -0.009672
v 0.025777 -0.016274 -0.009672
v 0.025777 -0.016274 -0.009672
v 0.012867 -0.020169 -0.004189
v 0.003005 -0.020591 0.000767
v 0.003440 -0.020609 0.001392
v 0.015979 -0.020012 -0.006397
v 0.015979 -0.020012 -0.006397
v 0.015979 -0.020012 -0.006397
v 0.018433 -0.020038 -0.007207
v 0.018433 -0.020038 -0.007207
v 0.018433 -0.020038 -0.007207
v 0.018433 -0.020038 -0.007207
v 0.018433 -0.020038 -0.007207
v 0.017252 -0.020013 -0.006986
v 0.017252 -0.020013 -0.006986
v 0.017576 -0.020030 -0.007731
v 0.017576 -0.020030 -0.007731
v 0.023701 -0.007850 -0.009514
v 0.024487 -0.008147 -0.009521
v -0.028750 0.002224 -0.009528
v -0.028838 0.001378 -0.009540
v -0.028838 0.001378 -0.009540
v -0.028838 0.001378 -0.009540
v 0.020563 -0.020078 -0.007928
v 0.020563 -0.020078 -0.007928
v 0.020563 -0.020078 -0.007928
v 0.020563 -0.020078 -0.007928
v 0.020563 -0.020078 -0.007928
v 0.020563 -0.020078 -0.007928
v 0.020563 -0.020078 -0.007928
v 0.020275 -0.020074 -0.007493
v 0.020275 -0.020074 -0.007493
v 0.020275 -0.020074 -0.007493
v 0.020275 -0.020074 -0.007493
v 0.020275 -0.020074 -0.007493
v 0.020275 -0.020074 -0.007493
v 0.019993 -0.020073 -0.007871
v 0.019993 -0.020073 -0.007871
v 0.019993 -0.020073 -0.007871
v 0.019993 -0.020073 -0.007871
v 0.002014 0.020639 0.008043
v 0.002014 0.020639 0.008043
v 0.002014 0.020639 0.008043
v 0.002014 0.020639 0.008043
v 0.002014 0.020639 0.008043
v 0.002014 0.020639 0.008043
v 0.002644 0.020654 0.007561
v 0.001417 0.020655 0.007572
v 0.001417 0.020655 0.007572
v 0.001417 0.020655 0.007572
v -0.024975 0.020378 -0.008633
v -0.024975 0.020378 -0.008633
v -0.024975 0.020378 -0.008633
v -0.024975 0.020378 -0.008633
v -0.024975 0.020378 -0.008633
v -0.024975 0.020378 -0.008633
v -0.001269 0.006030 0.009332
v -0.000581 0.008614 0.009406
v -0.007554 0.008701 0.009381
v -0.001188 0.020092 0.008989
v -0.027307 -0.013101 -0.009420
v -0.011641 -0.010914 0.008923
v -0.011641 -0.010914 0.008923
v -0.008282 -0.010628 0.008931
v -0.011167 -0.011370 0.008930
v -0.034581 -0.003943 -0.009527
v -0.034581 -0.003943 -0.009527
v 0.030785 0.015794 -0.008916
v -0.007316 -0.013153 0.008955
v -0.005691 -0.013367 0.008952
v -0.028661 0.020488 -0.006472
v 0.039130 -0.009950 0.007366
v 0.039130 -0.009950 0.007366
v 0.039130 -0.009950 0.007366
v 0.032380 0.006040 -0.009442
v 0.030821 0.005500 -0.009441
v 0.031283 0.006525 -0.009410
v -0.004842 -0.019382 0.008812
v -0.004842 -0.019382 0.008812
v -0.004842 -0.019382 0.008812
v -0.004842 -0.019382 0.008812
v -0.004842 -0.019382 0.008812
v -0.009838 -0.020705 0.007535
v -0.009838 -0.020705 0.007535
v -0.009838 -0.020705 0.007535
v -0.009838 -0.020705 0.007535
v -0.023592 0.005368 -0.009418
v -0.023592 0.005368 -0.009418
v 0.028779 0.004369 -0.009453
v 0.027857 0.002827 -0.009485
v -0.010450 -0.011552 0.008939
v 0.024090 -0.005605 -0.009474
v 0.009243 0.020754 0.002720
v -0.005018 -0.016777 0.008904
v -0.002978 -0.015016 0.008946
v -0.004674 -0.015367 0.008935
v -0.004674 -0.015367 0.008935
v 0.010439 0.020777 0.001225
v 0.013903 0.020786 -0.000727
v -0.008274 -0.002037 0.009118
v -0.009798 -0.009415 0.008936
v -0.009798 -0.009415 0.008936
v -0.009345 -0.008652 0.008946
v -0.008790 -0.006793 0.008984
v -0.004822 0.020288 0.008712
v -0.004822 0.020288 0.008712
v -0.004822 0.020288 0.008712
v -0.004822 0.020288 0.008712
v -0.003952 0.020223 0.008808
v -0.003952 0.020223 0.008808
v -0.003952 0.020223 0.008808
v -0.003952 0.020223 0.008808
v -0.003952 0.020223 0.008808
v -0.006494 -0.012402 0.008953
v -0.004759 -0.012330 0.008953
v -0.010508 -0.010509 0.008929
v -0.009420 -0.015727 0.008930
v -0.001789 -0.003856 0.009088
v -0.002735 -0.005810 0.009021
v -0.001883 -0.006037 0.009018
v -0.040723 -0.000646 -0.003020
v -0.040723 -0.000646 -0.003020
v -0.040723 -0.000646 -0.003020
v -0.040723 -0.000646 -0.003020
v -0.003833 -0.017617 0.008886
v -0.003056 -0.016738 0.008908
v -0.041102 0.012022 -0.000702
v -0.041102 0.012022 -0.000702
v 0.039293 0.002528 0.008507
v 0.039293 0.002528 0.008507
v 0.039293 0.002528 0.008507
v 0.038960 0.003985 0.008667
v 0.038960 0.003985 0.008667
v 0.038960 0.003985 0.008667
v 0.038960 0.003985 0.008667
v 0.038960 0.003985 0.008667
v 0.038960 0.003985 0.008667
v 0.025559 -0.020030 -0.008403
v 0.025559 -0.020030 -0.008403
v 0.025559 -0.020030 -0.008403
v 0.025559 -0.020030 -0.008403
v 0.025559 -0.020030 -0.008403
v 0.025559 -0.020030 -0.008403
v 0.025559 -0.020030 -0.008403
v 0.025559 -0.020030 -0.008403
v 0.025559 -0.020030 -0.008403
v 0.004923 -0.020586 0.001490
v 0.032739 -0.018212 0.008483
v -0.009019 -0.009811 0.008936
v -0.009019 -0.009811 0.008936
v -0.027529 -0.005741 -0.009401
v -0.040997 0.006044 -0.000403
v -0.008571 -0.010359 0.008932
v -0.009681 -0.020415 0.008040
v -0.009681 -0.020415 0.008040
v -0.009681 -0.020415 0.008040
v -0.009681 -0.020415 0.008040
v -0.009395 -0.020556 0.007871
v -0.009395 -0.020556 0.007871
v -0.009395 -0.020556 0.007871
v -0.009395 -0.020556 0.007871
v -0.009395 -0.020556 0.007871
v 0.001956 0.020356 0.008695
v 0.001956 0.020356 0.008695
v 0.001956 0.020356 0.008695
v 0.001956 0.020356 0.008695
v -0.041217 0.020038 0.001640
v -0.041217 0.020038 0.001640
v -0.041217 0.020038 0.001640
v -0.041217 0.020038 0.001640
v -0.041217 0.020038 0.001640
v -0.040021 -0.020381 -0.004348
v -0.040021 -0.020381 -0.004348
v -0.040021 -0.020381 -0.004348
v -0.040021 -0.020381 -0.004348
v -0.040021 -0.020381 -0.004348
v -0.040021 -0.020381 -0.004348
v -0.039946 -0.020380 -0.004632
v -0.039946 -0.020380 -0.004632
v -0.039946 -0.020380 -0.004632
v 0.020616 0.020819 0.001336
v 0.021415 0.020822 0.000390
v 0.020773 0.020819 -0.000393
v 0.004528 0.020679 0.006464
v 0.004528 0.020679 0.006464
v 0.004528 0.020679 0.006464
v -0.039443 0.019359 0.001743
v -0.039443 0.019359 0.001743
v -0.039443 0.019359 0.001743
v -0.039443 0.019359 0.001743
v -0.039443 0.019359 0.001743
v -0.040253 0.019765 -0.000394
v -0.040253 0.019765 -0.000394
v -0.040253 0.019765 -0.000394
v -0.040253 0.019765 -0.000394
v -0.040253 0.019765 -0.000394
v -0.037599 0.020352 -0.007361
v -0.037599 0.020352 -0.007361
v 0.026421 0.001100 -0.009498
v 0.019486 -0.020058 -0.007697
v 0.019486 -0.020058 -0.007697
v 0.019486 -0.020058 -0.007697
v 0.019486 -0.020058 -0.007697
v 0.018620 -0.020051 -0.007958
v 0.018620 -0.020051 -0.007958
v 0.018620 -0.020051 -0.007958
v 0.018620 -0.020051 -0.007958
v 0.018620 -0.020051 -0.007958
v -0.002782 0.015221 0.009618
v 0.041144 -0.017259 -0.001280
v 0.041144 -0.017259 -0.001280
v 0.041144 -0.017259 -0.001280
v 0.041144 -0.017259 -0.001280
v 0.041077 -0.019126 -0.001077
v 0.041077 -0.019126 -0.001077
v 0.041077 -0.019126 -0.001077
v 0.041077 -0.019126 -0.001077
v 0.041077 -0.019126 -0.001077
v 0.041230 -0.017301 -0.003072
v 0.041230 -0.017301 -0.003072
v 0.041230 -0.017301 -0.003072
v 0.041230 -0.017301 -0.003072
v 0.041230 -0.017301 -0.003072
v 0.006992 0.020742 0.004376
v 0.009043 0.020746 0.003815
v 0.025319 0.000080 -0.009488
v 0.030749 0.019468 -0.008633
v 0.030749 0.019468 -0.008633
v 0.030749 0.019468 -0.008633
v 0.030749 0.019468 -0.008633
v 0.016898 0.020802 0.002441
v 0.015795 0.020799 0.002242
v 0.016216 0.020798 0.002774
v 0.028545 0.020716 -0.008389
v 0.028545 0.020716 -0.008389
v 0.028545 0.020716 -0.008389
v 0.028545 0.020716 -0.008389
v 0.028545 0.020716 -0.008389
v 0.028545 0.020716 -0.008389
v 0.028545 0.020716 -0.008389
v 0.028545 0.020716 -0.008389
v 0.028545 0.020716 -0.008389
v 0.027532 0.020740 -0.008319
v 0.027532 0.020740 -0.008319
v 0.031792 0.013514 -0.009073
v -0.005203 0.004514 0.009281
v -0.006188 -0.007827 0.008963
v -0.004739 -0.007131 0.008981
v -0.007196 -0.006956 0.008984
v 0.005794 0.020551 0.008385
v 0.005794 0.020551 0.008385
v 0.006767 0.020683 0.008172
v 0.006767 0.020683 0.008172
v 0.006767 0.020683 0.008172
v 0.006767 0.020683 0.008172
v 0.006767 0.020683 0.008172
v -0.033309 -0.020777 -0.007937
v -0.033309 -0.020777 -0.007937
v -0.033309 -0.020777 -0.007937
v -0.033309 -0.020777 -0.007937
v 0.022363 -0.020058 -0.008121
v 0.022363 -0.020058 -0.008121
v 0.022363 -0.020058 -0.008121
v 0.021452 -0.020099 -0.007886
v 0.021452 -0.020099 -0.007886
v 0.021452 -0.020099 -0.007886
v 0.021452 -0.020099 -0.007886
v 0.006674 -0.020508 0.000373
v 0.039143 -0.005103 0.007376
v 0.039143 -0.005103 0.007376
v 0.039143 -0.005103 0.007376
v 0.039175 -0.004283 0.007345
v 0.039175 -0.004283 0.007345
v 0.039175 -0.004283 0.007345
v 0.039175 -0.004283 0.007345
v 0.039175 -0.004283 0.007345
v 0.039175 -0.004283 0.007345
v 0.039175 -0.004283 0.007345
v 0.039290 -0.004603 0.007731
v 0.039290 -0.004603 0.007731
v 0.039290 -0.004603 0.007731
v 0.039290 -0.004603 0.007731
v 0.039290 -0.004603 0.007731
v 0.031601 -0.000409 -0.009582
v 0.032712 -0.000318 -0.009593
v 0.032300 -0.002320 -0.009590
v 0.028435 -0.000827 -0.009528
v 0.028686 -0.003002 -0.009529
v -0.041209 0.015668 0.000843
v -0.041209 0.015668 0.000843
v 0.016555 -0.019998 -0.006795
v 0.016555 -0.019998 -0.006795
v 0.016555 -0.019998 -0.006795
v 0.016555 -0.019998 -0.006795
v -0.010117 -0.020252 0.008253
v -0.010117 -0.020252 0.008253
v 0.027517 -0.007587 -0.009533
v 0.028762 -0.008032 -0.009556
v -0.007851 -0.020519 0.007855
v -0.007851 -0.020519 0.007855
v -0.007851 -0.020519 0.007855
v -0.007851 -0.020519 0.007855
v -0.007256 -0.020498 0.007858
v -0.007256 -0.020498 0.007858
v -0.007256 -0.020498 0.007858
v -0.007256 -0.020498 0.007858
v -0.039327 -0.020208 -0.005282
v -0.039327 -0.020208 -0.005282
v -0.039327 -0.020208 -0.005282
v -0.039327 -0.020208 -0.005282
v -0.039119 -0.020282 -0.005619
v -0.039119 -0.020282 -0.005619
v -0.039119 -0.020282 -0.005619
v -0.039119 -0.020282 -0.005619
v -0.039119 -0.020282 -0.005619
v -0.039119 -0.020282 -0.005619
v -0.039119 -0.020282 -0.005619
v -0.039119 -0.020282 -0.005619
v -0.039200 -0.020195 -0.004997
v -0.039200 -0.020195 -0.004997
v -0.039200 -0.020195 -0.004997
v -0.039200 -0.020195 -0.004997
v -0.039200 -0.020195 -0.004997
v 0.022689 -0.020171 -0.006733
v 0.022689 -0.020171 -0.006733
v 0.022689 -0.020171 -0.006733
v 0.023188 -0.020147 -0.007348
v 0.023188 -0.020147 -0.007348
v 0.023950 -0.020169 -0.007127
v 0.023950 -0.020169 -0.007127
v -0.008861 -0.003048 0.009092
v 0.025227 -0.020165 -0.007828
v 0.025227 -0.020165 -0.007828
v 0.025227 -0.020165 -0.007828
v 0.025227 -0.020165 -0.007828
v 0.025227 -0.020165 -0.007828
v 0.025227 -0.020165 -0.007828
v 0.024071 -0.020148 -0.007744
v 0.026650 0.020756 -0.008304
v 0.026650 0.020756 -0.008304
v 0.026650 0.020756 -0.008304
v 0.026650 0.020756 -0.008304
v 0.000928 0.020415 0.008596
v 0.000928 0.020415 0.008596
v 0.000928 0.020415 0.008596
v 0.027757 0.007317 -0.009341
v 0.035910 -0.010009 -0.009615
v 0.035910 -0.010009 -0.009615
v 0.034375 -0.014600 -0.009660
v 0.034375 -0.014600 -0.009660
v 0.034375 -0.014600 -0.009660
v 0.034375 -0.014600 -0.009660
v 0.034484 -0.009646 -0.009644
v 0.034484 -0.009646 -0.009644
v 0.034484 -0.009646 -0.009644
v -0.004633 0.013377 0.009546
v -0.030126 -0.007054 -0.009478
v -0.004352 -0.019800 0.008705
v -0.004352 -0.019800 0.008705
v -0.004352 -0.019800 0.008705
v -0.004352 -0.019800 0.008705
v -0.004352 -0.019800 0.008705
v -0.002870 -0.019948 0.008480
v -0.002870 -0.019948 0.008480
v -0.002870 -0.019948 0.008480
v -0.009409 -0.020027 0.008538
v -0.009409 -0.020027 0.008538
v -0.009409 -0.020027 0.008538
v -0.009409 -0.020027 0.008538
v -0.009409 -0.020027 0.008538
v -0.007907 -0.000950 0.009144
v -0.008544 -0.020549 0.007840
v -0.008544 -0.020549 0.007840
v -0.008544 -0.020549 0.007840
v -0.009106 -0.020312 0.008145
v -0.009106 -0.020312 0.008145
v -0.009106 -0.020312 0.008145
v -0.009106 -0.020312 0.008145
v 0.024324 -0.004504 -0.009469
v 0.023738 -0.019403 -0.009476
v 0.023738 -0.019403 -0.009476
v 0.023738 -0.019403 -0.009476
v 0.023738 -0.019403 -0.009476
v 0.023738 -0.019403 -0.009476
v 0.023738 -0.019403 -0.009476
v 0.023738 -0.019403 -0.009476
v 0.023738 -0.019403 -0.009476
v 0.024952 -0.018604 -0.009641
v 0.024952 -0.018604 -0.009641
v 0.024952 -0.018604 -0.009641
v 0.001979 -0.020655 0.002231
v 0.001979 -0.020655 0.002231
v 0.001979 -0.020655 0.002231
v 0.035281 0.003914 -0.009513
v 0.035281 0.003914 -0.009513
v 0.034032 0.002572 -0.009559
v 0.034032 0.002572 -0.009559
v 0.034032 0.002572 -0.009559
v 0.033927 0.003812 -0.009523
v -0.008212 -0.011317 0.008939
v -0.008062 -0.009781 0.008933
v 0.015153 -0.020288 -0.002481
v 0.015153 -0.020288 -0.002481
v 0.015153 -0.020288 -0.002481
v 0.015153 -0.020288 -0.002481
v 0.016128 -0.020261 -0.003121
v 0.027733 -0.018570 -0.009626
v 0.027733 -0.018570 -0.009626
v 0.027733 -0.018570 -0.009626
v 0.027733 -0.018570 -0.009626
v 0.027733 -0.018570 -0.009626
v 0.007842 0.020733 0.004760
v 0.007785 0.020715 0.005314
v 0.008621 0.020711 0.005486
v -0.007136 -0.009000 0.008943
v -0.006587 -0.009895 0.008943
v 0.009895 0.020772 0.001804
v -0.004301 0.002452 0.009238
v -0.002800 0.009576 0.009425
v -0.039470 -0.020127 -0.004651
v -0.039470 -0.020127 -0.004651
v -0.039470 -0.020127 -0.004651
v -0.039470 -0.020127 -0.004651
v -0.000021 -0.003472 0.009104
v -0.000185 -0.005355 0.009043
v -0.002688 0.005271 0.009308
v -0.001357 0.004556 0.009293
v 0.025221 -0.006524 -0.009508
v -0.040603 0.019877 -0.007892
v -0.040603 0.019877 -0.007892
v -0.040603 0.019877 -0.007892
v -0.040603 0.019877 -0.007892
v -0.040603 0.019877 -0.007892
v -0.040603 0.019877 -0.007892
v -0.040723 0.019885 -0.007604
v -0.040723 0.019885 -0.007604
v -0.040723 0.019885 -0.007604
v -0.040723 0.019885 -0.007604
v 0.026047 -0.003990 -0.009503
v 0.023670 0.020825 -0.002243
v -0.007959 -0.016620 0.008908
v -0.006512 -0.017193 0.008891
v -0.005965 -0.016075 0.008918
v 0.030833 0.000720 -0.009572
v 0.029907 -0.000859 -0.009555
v 0.028598 -0.013814 -0.009646
v 0.027231 -0.013215 -0.009628
v 0.026220 -0.011281 -0.009580
v 0.008873 0.020684 0.007452
v 0.008873 0.020684 0.007452
v 0.008830 0.020692 0.008037
v 0.008830 0.020692 0.008037
v 0.008830 0.020692 0.008037
v 0.008830 0.020692 0.008037
v 0.008830 0.020692 0.008037
v 0.008830 0.020692 0.008037
v 0.009598 0.020687 0.007862
v 0.009598 0.020687 0.007862
v 0.021583 0.020820 -0.001297
v 0.034292 -0.019347 0.008360
v 0.034292 -0.019347 0.008360
v 0.034292 -0.019347 0.008360
v 0.022506 -0.011136 -0.009565
v 0.028967 0.007554 -0.009341
v 0.028794 0.020843 -0.005462
v -0.029061 0.000003 -0.009540
v -0.029061 0.000003 -0.009540
v -0.029061 0.000003 -0.009540
v -0.030477 0.002025 -0.009566
v -0.030477 0.002025 -0.009566
v -0.030477 0.002025 -0.009566
v 0.029930 0.006931 -0.009376
v 0.029172 0.006025 -0.009401
v -0.031301 -0.004203 -0.009522
v -0.030809 -0.005183 -0.009496
v -0.030809 -0.005183 -0.009496
v -0.030809 -0.005183 -0.009496
v -0.007600 -0.010344 0.008934
v -0.005882 -0.011437 0.008950
v -0.004319 0.018956 0.009650
v -0.028706 0.002883 -0.009516
v 0.005505 0.020673 0.007212
v 0.005505 0.020673 0.007212
v 0.005505 0.020673 0.007212
v 0.005505 0.020673 0.007212
v 0.001040 0.010992 0.009486
v -0.000056 0.013125 0.009558
v -0.003591 -0.013426 0.008955
v -0.003591 -0.013426 0.008955
v -0.025587 0.001447 -0.009472
v 0.001286 -0.003058 0.009119
v -0.001846 -0.001060 0.009166
v -0.001068 -0.002238 0.009138
v 0.025994 -0.008515 -0.009530
v -0.025867 0.003687 -0.009453
v -0.025199 0.005153 -0.009433
v 0.031957 -0.017860 0.008528
v 0.030656 -0.016662 0.008622
v 0.007841 0.020750 0.003968
v 0.027411 -0.000981 -0.009517
v 0.010139 0.020737 0.004093
v 0.010919 0.020728 0.004489
v 0.011574 0.020727 0.004726
v 0.012191 0.020750 0.004128
v -0.032655 0.020684 -0.003041
v 0.006275 -0.020599 0.004075
v 0.006275 -0.020599 0.004075
v 0.006275 -0.020599 0.004075
v 0.006275 -0.020599 0.004075
v 0.006275 -0.020599 0.004075
v 0.005878 -0.020565 0.005876
v 0.005878 -0.020565 0.005876
v 0.005878 -0.020565 0.005876
v 0.005878 -0.020565 0.005876
v 0.005878 -0.020565 0.005876
v -0.007273 -0.011576 0.008944
v 0.008494 -0.020551 0.002487
v 0.008494 -0.020551 0.002487
v 0.007216 -0.020580 0.003211
v 0.025689 -0.003302 -0.009496
v -0.027691 -0.002947 -0.009459
v -0.028162 -0.004368 -0.009448
v 0.024507 -0.016750 -0.009678
v 0.028091 -0.010679 -0.009586
v -0.003943 0.005505 0.009311
v -0.003574 0.002214 0.009235
v -0.004278 0.001223 0.009209
v -0.002800 0.000449 0.009200
v -0.040154 -0.018214 -0.005699
v -0.040154 -0.018214 -0.005699
v -0.040154 -0.018214 -0.005699
v -0.040154 -0.018214 -0.005699
v 0.036169 0.005975 -0.009437
v 0.036169 0.005975 -0.009437
v 0.036506 0.003774 -0.009487
v 0.036506 0.003774 -0.009487
v 0.036506 0.003774 -0.009487
v 0.036506 0.003774 -0.009487
v 0.031319 0.020763 -0.008129
v 0.031319 0.020763 -0.008129
v 0.030407 0.020687 -0.008383
v 0.030407 0.020687 -0.008383
v 0.030407 0.020687 -0.008383
v 0.030351 0.020799 -0.007870
v 0.030351 0.020799 -0.007870
v 0.030351 0.020799 -0.007870
v 0.030351 0.020799 -0.007870
v 0.030351 0.020799 -0.007870
v -0.040532 -0.005877 -0.004475
v -0.040532 -0.005877 -0.004475
v -0.040532 -0.005877 -0.004475
v -0.040489 -0.008634 -0.004535
v 0.039160 -0.007211 0.007108
v 0.039160 -0.007211 0.007108
v 0.039160 -0.007211 0.007108
v 0.039160 -0.007211 0.007108
v 0.039160 -0.007211 0.007108
v 0.039160 -0.007211 0.007108
v -0.007226 -0.000965 0.009145
v 0.003464 0.020654 0.008216
v 0.003464 0.020654 0.008216
v 0.003464 0.020654 0.008216
v 0.003464 0.020654 0.008216
v 0.003464 0.020654 0.008216
v 0.003464 0.020654 0.008216
v 0.003464 0.020654 0.008216
v 0.005929 0.020698 0.007933
v 0.005929 0.020698 0.007933
v 0.005929 0.020698 0.007933
v 0.005929 0.020698 0.007933
v 0.005929 0.020698 0.007933
v -0.039910 -0.019838 -0.006855
v -0.039910 -0.019838 -0.006855
v -0.039910 -0.019838 -0.006855
v -0.039910 -0.019838 -0.006855
v -0.039910 -0.019838 -0.006855
v -0.039910 -0.019838 -0.006855
v -0.040192 -0.019880 -0.004374
v -0.040192 -0.019880 -0.004374
v -0.040192 -0.019880 -0.004374
v -0.040192 -0.019880 -0.004374
v 0.006702 0.020685 0.006126
v 0.006702 0.020685 0.006126
v 0.006702 0.020685 0.006126
v -0.002938 0.019990 0.009106
v -0.002938 0.019990 0.009106
v 0.040301 -0.019901 0.004182
v 0.040301 -0.019901 0.004182
v 0.040301 -0.019901 0.004182
v 0.040301 -0.019901 0.004182
v 0.040301 -0.019901 0.004182
v 0.040301 -0.019901 0.004182
v 0.001091 0.020625 0.008102
v 0.001091 0.020625 0.008102
v 0.001091 0.020625 0.008102
v 0.001091 0.020625 0.008102
v 0.027642 0.000973 -0.009514
v -0.029098 0.014260 -0.009180
v 0.021955 -0.020109 -0.007716
v 0.021955 -0.020109 -0.007716
v 0.020941 -0.020093 -0.007436
v 0.020941 -0.020093 -0.007436
v 0.020941 -0.020093 -0.007436
v 0.030967 0.017966 -0.008756
v -0.039461 0.019391 -0.001127
v -0.039461 0.019391 -0.001127
v -0.039461 0.019391 -0.001127
v -0.039461 0.019391 -0.001127
v -0.039754 0.019467 0.001658
v -0.039754 0.019467 0.001658
v -0.039754 0.019467 0.001658
v -0.039754 0.019467 0.001658
v -0.039754 0.019467 0.001658
v -0.039789 0.019350 0.001039
v -0.039789 0.019350 0.001039
v -0.039789 0.019350 0.001039
v -0.039789 0.019350 0.001039
v -0.039789 0.019350 0.001039
v -0.041221 0.017814 0.000081
v -0.041221 0.017814 0.000081
v -0.041221 0.017814 0.000081
v -0.041221 0.017814 0.000081
v -0.041221 0.017814 0.000081
v -0.041164 0.019618 -0.000768
v -0.041164 0.019618 -0.000768
v -0.041164 0.019618 -0.000768
v -0.041164 0.019618 -0.000768
v -0.041164 0.019618 -0.000768
v -0.041164 0.019618 -0.000768
v -0.041164 0.019618 -0.000768
v -0.041162 0.018037 -0.001818
v -0.041162 0.018037 -0.001818
v -0.041162 0.018037 -0.001818
v -0.041162 0.018037 -0.001818
v -0.004848 -0.000037 0.009175
v -0.003990 -0.000227 0.009175
v -0.029534 0.010732 -0.009347
v -0.028976 0.009965 -0.009370
v -0.031273 0.011117 -0.009364
v -0.007545 -0.020677 0.007500
v -0.007545 -0.020677 0.007500
v -0.007545 -0.020677 0.007500
v -0.007545 -0.020677 0.007500
v -0.007545 -0.020677 0.007500
v -0.007545 -0.020677 0.007500
v -0.007545 -0.020677 0.007500
v -0.007433 -0.020037 0.008450
v -0.007038 -0.019847 0.008703
v -0.007038 -0.019847 0.008703
v -0.007038 -0.019847 0.008703
v -0.007038 -0.019847 0.008703
v -0.026304 0.020443 -0.007619
v 0.037096 0.019257 -0.008712
v 0.037096 0.019257 -0.008712
v 0.037096 0.019257 -0.008712
v 0.037096 0.019257 -0.008712
v 0.035579 0.019153 -0.008696
v 0.035579 0.019153 -0.008696
v 0.035676 0.020211 -0.008574
v 0.035676 0.020211 -0.008574
v -0.003884 -0.003381 0.009095
v -0.004510 -0.001954 0.009131
v -0.005252 -0.002782 0.009109
v -0.019696 0.019689 -0.008898
v -0.019696 0.019689 -0.008898
v -0.019696 0.019689 -0.008898
v -0.019696 0.019689 -0.008898
v -0.019696 0.019689 -0.008898
v -0.019696 0.019689 -0.008898
v 0.036664 0.020928 -0.005266
v 0.036808 0.020998 -0.003441
v 0.037707 0.020952 -0.004659
v 0.028904 0.002605 -0.009510
v -0.039407 0.019312 0.000611
v -0.039407 0.019312 0.000611
v -0.039407 0.019312 0.000611
v -0.039407 0.019312 0.000611
v -0.039479 0.019195 0.000248
v -0.039479 0.019195 0.000248
v -0.039479 0.019195 0.000248
v -0.039479 0.019195 0.000248
v -0.039514 0.019261 0.001397
v -0.039514 0.019261 0.001397
v -0.039514 0.019261 0.001397
v -0.001436 -0.020696 0.005787
v -0.001436 -0.020696 0.005787
v -0.002901 -0.010002 0.008965
v -0.002901 -0.010002 0.008965
v -0.003328 -0.010678 0.008956
v -0.002664 -0.011035 0.008955
v -0.005587 -0.008694 0.008951
v -0.005725 -0.010024 0.008947
v 0.000597 0.018228 0.009672
v -0.035919 -0.019759 -0.009339
v -0.035919 -0.019759 -0.009339
v -0.035919 -0.019759 -0.009339
v 0.003901 0.015908 0.009645
v 0.002270 0.017112 0.009670
v 0.002270 0.017112 0.009670
v -0.034234 -0.020566 -0.008455
v -0.034234 -0.020566 -0.008455
v -0.034234 -0.020566 -0.008455
v -0.040987 0.011179 -0.002552
v -0.040987 0.011179 -0.002552
v -0.040886 0.014189 -0.004515
v -0.040886 0.014189 -0.004515
v -0.040886 0.014189 -0.004515
v -0.040813 0.010573 -0.004255
v -0.040813 0.010573 -0.004255
v -0.040813 0.010573 -0.004255
v -0.038473 -0.020476 -0.007294
v -0.038473 -0.020476 -0.007294
v -0.038473 -0.020476 -0.007294
v -0.038473 -0.020476 -0.007294
v -0.037679 -0.020581 -0.008023
v -0.037679 -0.020581 -0.008023
v -0.037679 -0.020581 -0.008023
v -0.037679 -0.020581 -0.008023
v -0.006347 -0.008757 0.008948
v 0.013806 -0.020182 -0.003968
v -0.002261 -0.011811 0.008954
v -0.001286 -0.010602 0.008952
v 0.022972 0.020827 -0.001201
v 0.022162 0.020826 0.000170
v 0.019317 -0.020064 -0.006884
v 0.019317 -0.020064 -0.006884
v 0.019317 -0.020064 -0.006884
v 0.019317 -0.020064 -0.006884
v 0.019898 -0.020066 -0.007196
v 0.019898 -0.020066 -0.007196
v 0.019898 -0.020066 -0.007196
v 0.019898 -0.020066 -0.007196
v 0.019822 -0.020091 -0.006645
v 0.019822 -0.020091 -0.006645
v 0.019822 -0.020091 -0.006645
v -0.004391 0.003506 0.009261
v 0.020652 -0.020128 -0.006520
v 0.020652 -0.020128 -0.006520
v 0.020652 -0.020128 -0.006520
v 0.020652 -0.020128 -0.006520
v 0.039306 -0.000480 0.008444
v 0.039306 -0.000480 0.008444
v 0.039306 -0.000480 0.008444
v 0.039306 -0.000480 0.008444
v 0.039306 -0.000480 0.008444
v 0.039306 -0.000480 0.008444
v 0.039306 -0.000480 0.008444
v 0.039306 -0.000480 0.008444
v 0.038859 -0.001277 0.008506
v 0.038859 -0.001277 0.008506
v 0.038859 -0.001277 0.008506
v -0.004016 -0.001180 0.009150
v -0.004654 -0.000981 0.009153
v 0.031242 0.001583 -0.009570
v 0.031242 0.001583 -0.009570
v 0.032175 0.001627 -0.009578
v 0.032175 0.001627 -0.009578
v 0.032175 0.001627 -0.009578
v 0.001467 0.020056 0.009059
v 0.001467 0.020056 0.009059
v 0.001467 0.020056 0.009059
v 0.039351 0.000041 0.008214
v 0.039351 0.000041 0.008214
v 0.039351 0.000041 0.008214
v 0.039351 0.000041 0.008214
v 0.039351 0.000041 0.008214
v 0.039352 0.001314 0.008264
v 0.039352 0.001314 0.008264
v 0.039352 0.001314 0.008264
v 0.039352 0.001314 0.008264
v 0.039352 0.001314 0.008264
v 0.039352 0.001314 0.008264
v 0.002930 0.020647 0.008061
v 0.002930 0.020647 0.008061
v 0.002930 0.020647 0.008061
v 0.003551 0.020658 0.007441
v 0.003551 0.020658 0.007441
v -0.024990 0.007972 -0.009370
v -0.000793 -0.020575 0.007306
v -0.000793 -0.020575 0.007306
v -0.000793 -0.020575 0.007306
v 0.027281 -0.019385 -0.009439
v 0.027281 -0.019385 -0.009439
v 0.027281 -0.019385 -0.009439
v 0.027281 -0.019385 -0.009439
v 0.027281 -0.019385 -0.009439
v 0.028584 -0.019324 -0.009459
v 0.028584 -0.019324 -0.009459
v 0.028584 -0.019324 -0.009459
v 0.028584 -0.019324 -0.009459
v 0.028584 -0.019324 -0.009459
v 0.021571 -0.019363 -0.009505
v 0.021571 -0.019363 -0.009505
v 0.021571 -0.019363 -0.009505
v 0.021571 -0.019363 -0.009505
v 0.021571 -0.019363 -0.009505
v -0.029133 -0.008792 -0.009456
v 0.019877 0.020816 -0.000499
v 0.018686 0.020810 -0.001569
v 0.017924 0.020812 0.000260
v -0.029595 -0.005870 -0.009450
v -0.029595 -0.005870 -0.009450
v -0.030777 -0.005807 -0.009493
v -0.030777 -0.005807 -0.009493
v -0.040865 0.001617 -0.001388
v -0.040865 0.001617 -0.001388
v 0.024405 0.020835 -0.001288
v -0.041008 0.008520 -0.001332
v -0.041008 0.008520 -0.001332
v -0.041008 0.008520 -0.001332
v -0.041036 0.007716 -0.000343
v -0.041036 0.007716 -0.000343
v -0.041041 0.009698 -0.001132
v -0.041041 0.009698 -0.001132
v -0.000667 0.017623 0.009671
v -0.000667 0.017623 0.009671
v 0.038396 0.010448 -0.009235
v 0.038396 0.010448 -0.009235
v 0.038396 0.010448 -0.009235
v 0.036919 0.008624 -0.009335
v 0.036919 0.008624 -0.009335
v 0.036919 0.008624 -0.009335
v 0.037615 0.012611 -0.009156
v 0.037615 0.012611 -0.009156
v 0.037615 0.012611 -0.009156
v 0.030968 0.020487 -0.008498
v 0.030968 0.020487 -0.008498
v 0.030968 0.020487 -0.008498
v 0.030968 0.020487 -0.008498
v 0.030968 0.020487 -0.008498
v 0.031289 0.020645 -0.008392
v -0.026429 -0.002713 -0.009419
v 0.002420 0.019717 0.009437
v 0.002420 0.019717 0.009437
v 0.002420 0.019717 0.009437
v 0.002420 0.019717 0.009437
v 0.002420 0.019717 0.009437
v 0.020260 -0.020556 0.001070
v 0.021618 -0.020566 0.000245
v 0.022960 -0.020640 0.001132
v 0.034159 0.020532 -0.008487
v 0.034159 0.020532 -0.008487
v 0.034159 0.020532 -0.008487
v 0.034159 0.020532 -0.008487
v 0.034159 0.020532 -0.008487
v 0.032954 0.020246 -0.008539
v 0.032954 0.020246 -0.008539
v -0.005778 -0.006282 0.009003
v -0.040662 0.017488 -0.007607
v -0.040662 0.017488 -0.007607
v 0.030506 -0.002768 -0.009562
v -0.006229 -0.002190 0.009120
v -0.006516 -0.020542 0.007785
v -0.006516 -0.020542 0.007785
v -0.006516 -0.020542 0.007785
v -0.006516 -0.020542 0.007785
v 0.026295 -0.003049 -0.009502
v -0.028878 -0.001566 -0.009515
v -0.002796 -0.009364 0.008971
v -0.002796 -0.009364 0.008971
v -0.003477 -0.009834 0.008959
v -0.041164 0.015127 -0.000721
v -0.041164 0.015127 -0.000721
v -0.041164 0.015127 -0.000721
v -0.041164 0.015127 -0.000721
v -0.041073 0.015298 -0.002648
v -0.041073 0.015298 -0.002648
v 0.009937 0.020718 0.005157
v 0.008976 0.020736 0.004517
v 0.026045 -0.019077 -0.009539
v 0.026045 -0.019077 -0.009539
v 0.004251 -0.020634 0.004054
v 0.005081 -0.020616 0.003001
v 0.005313 -0.020617 0.004167
v 0.005313 -0.020617 0.004167
v 0.027488 -0.016055 -0.009670
v 0.027488 -0.016055 -0.009670
v 0.028131 -0.019716 -0.008982
v 0.028131 -0.019716 -0.008982
v 0.028131 -0.019716 -0.008982
v 0.028131 -0.019716 -0.008982
v 0.028131 -0.019716 -0.008982
v -0.039691 0.019221 0.000452
v -0.039691 0.019221 0.000452
v -0.039691 0.019221 0.000452
v -0.039691 0.019221 0.000452
v -0.039691 0.019221 0.000452
v -0.040099 0.019621 0.000256
v -0.040099 0.019621 0.000256
v -0.040099 0.019621 0.000256
v -0.040099 0.019621 0.000256
v -0.040099 0.019621 0.000256
v 0.013715 -0.020288 -0.002482
v 0.024661 -0.020179 -0.007242
v 0.024661 -0.020179 -0.007242
v 0.024233 -0.020165 -0.007292
v 0.024233 -0.020165 -0.007292
v 0.011302 -0.020267 -0.003009
v 0.010889 -0.020308 -0.002498
v 0.010889 -0.020308 -0.002498
v -0.039590 0.019577 -0.004648
v -0.039590 0.019577 -0.004648
v -0.039590 0.019577 -0.004648
v -0.039590 0.019577 -0.004648
v -0.039590 0.019577 -0.004648
v -0.039590 0.019577 -0.004648
v -0.039301 0.020244 -0.004532
v -0.039301 0.020244 -0.004532
v -0.039301 0.020244 -0.004532
v -0.039301 0.020244 -0.004532
v -0.039531 0.019807 -0.005219
v -0.039531 0.019807 -0.005219
v -0.039531 0.019807 -0.005219
v -0.023360 0.019846 -0.008867
v -0.023360 0.019846 -0.008867
v -0.023360 0.019846 -0.008867
v -0.000157 -0.001174 0.009159
v -0.000328 0.000111 0.009181
v -0.000641 -0.000772 0.009167
v -0.039128 0.020481 -0.000275
v -0.039128 0.020481 -0.000275
v -0.039128 0.020481 -0.000275
v -0.039128 0.020481 -0.000275
v -0.039128 0.020481 -0.000275
v -0.005236 -0.010700 0.008949
v -0.006742 -0.019433 0.008803
v -0.006742 -0.019433 0.008803
v -0.006742 -0.019433 0.008803
v -0.006742 -0.019433 0.008803
v -0.006424 -0.018669 0.008842
v -0.004567 -0.011279 0.008951
v 0.040326 -0.013089 0.006061
v 0.040326 -0.013089 0.006061
v 0.040326 -0.013089 0.006061
v 0.040326 -0.013089 0.006061
v 0.029539 0.020704 -0.008384
v 0.029539 0.020704 -0.008384
v 0.029539 0.020704 -0.008384
v 0.028218 0.005970 -0.009394
v -0.005321 -0.001268 0.009146
v -0.006835 -0.020287 0.008122
v -0.006835 -0.020287 0.008122
v -0.006835 -0.020287 0.008122
v -0.004870 -0.019999 0.008437
v -0.004870 -0.019999 0.008437
v -0.026565 0.003486 -0.009459
v -0.026437 0.004822 -0.009438
v 0.031238 0.007562 -0.009370
v 0.031754 0.007048 -0.009399
v -0.028194 0.020298 -0.008721
v -0.028194 0.020298 -0.008721
v -0.028194 0.020298 -0.008721
v -0.028194 0.020298 -0.008721
v -0.029040 0.020332 -0.008705
v -0.029040 0.020332 -0.008705
v -0.029040 0.020332 -0.008705
v -0.029040 0.020332 -0.008705
v -0.029040 0.020332 -0.008705
v -0.029040 0.020332 -0.008705
v -0.029040 0.020332 -0.008705
v -0.003693 -0.007297 0.008980
v -0.040748 0.019871 -0.006779
v -0.040748 0.019871 -0.006779
v -0.040748 0.019871 -0.006779
v -0.040748 0.019871 -0.006779
v -0.040748 0.019871 -0.006779
v -0.040748 0.019871 -0.006779
v -0.040748 0.019871 -0.006779
v -0.040748 0.019871 -0.006779
v 0.030027 -0.012820 -0.009645
v 0.012575 0.020765 0.003802
v 0.007011 -0.020584 0.004563
v 0.007011 -0.020584 0.004563
v 0.008234 -0.020567 0.004112
v 0.008234 -0.020567 0.004112
v 0.008827 -0.020550 0.005181
v 0.008827 -0.020550 0.005181
v 0.008827 -0.020550 0.005181
v 0.008827 -0.020550 0.005181
v 0.028660 -0.020217 -0.007970
v 0.028660 -0.020217 -0.007970
v 0.028660 -0.020217 -0.007970
v 0.028660 -0.020217 -0.007970
v 0.028660 -0.020217 -0.007970
v 0.028660 -0.020217 -0.007970
v 0.028660 -0.020217 -0.007970
v 0.026443 -0.020086 -0.008269
v 0.026443 -0.020086 -0.008269
v 0.033855 -0.016887 -0.009638
v 0.033855 -0.016887 -0.009638
v 0.033855 -0.016887 -0.009638
v 0.032690 -0.018039 -0.009624
v 0.012149 0.020782 0.002407
v 0.038084 0.007099 -0.009338
v 0.038084 0.007099 -0.009338
v 0.038084 0.007099 -0.009338
v 0.039570 0.010188 -0.009177
v 0.039570 0.010188 -0.009177
v 0.039570 0.010188 -0.009177
v 0.039426 0.008377 -0.009220
v 0.039426 0.008377 -0.009220
v 0.039426 0.008377 -0.009220
v -0.027319 -0.000452 -0.009490
v -0.027446 0.000469 -0.009505
v -0.027446 0.000469 -0.009505
v 0.000795 -0.014918 0.008937
v -0.000699 -0.014176 0.008957
v -0.001680 -0.015003 0.008947
v -0.003439 -0.000709 0.009166
v -0.003242 -0.001512 0.009148
v 0.008232 0.020264 0.008745
v 0.008232 0.020264 0.008745
v 0.008232 0.020264 0.008745
v 0.010412 0.019804 0.009282
v 0.010412 0.019804 0.009282
v 0.010412 0.019804 0.009282
v 0.009330 0.020314 0.008686
v 0.009330 0.020314 0.008686
v 0.007004 0.020406 0.008555
v 0.007004 0.020406 0.008555
v 0.007004 0.020406 0.008555
v 0.007004 0.020406 0.008555
v 0.007004 0.020406 0.008555
v 0.007004 0.020406 0.008555
v 0.014512 0.020792 0.002694
v 0.014098 0.020786 0.003282
v 0.014098 0.020786 0.003282
v 0.015355 0.020790 0.003158
v 0.015355 0.020790 0.003158
v -0.026823 0.006525 -0.009421
v -0.026823 0.006525 -0.009421
v -0.026823 0.006525 -0.009421
v -0.026702 0.007962 -0.009389
v -0.026702 0.007962 -0.009389
v -0.026702 0.007962 -0.009389
v -0.025743 0.007781 -0.009382
v -0.006993 -0.015095 0.008939
v 0.013747 0.020792 0.002377
v -0.003151 0.003634 0.009268
v -0.002672 0.002140 0.009238
v 0.024795 -0.019358 -0.009489
v 0.024795 -0.019358 -0.009489
v 0.024795 -0.019358 -0.009489
v 0.024795 -0.019358 -0.009489
v -0.040856 0.003840 -0.002353
v -0.040856 0.003840 -0.002353
v -0.040901 0.006543 -0.002489
v -0.040901 0.006543 -0.002489
v 0.032542 0.007475 -0.009392
v -0.002199 0.004345 0.009287
v -0.002063 0.003269 0.009264
v 0.001235 0.013127 0.009562
v 0.002829 0.006245 0.009335
v 0.003209 0.007346 0.009371
v 0.002117 0.007319 0.009373
v 0.001974 0.003959 0.009278
v 0.001357 0.002479 0.009238
v 0.002278 0.002703 0.009259
v 0.000283 0.019264 0.009639
v 0.000283 0.019264 0.009639
v 0.000283 0.019264 0.009639
v 0.000283 0.019264 0.009639
v 0.000283 0.019264 0.009639
v 0.001554 0.005371 0.009306
v 0.001872 0.006246 0.009336
v 0.000725 0.006031 0.009334
v 0.005664 0.020683 0.006300
v 0.005664 0.020683 0.006300
v 0.005664 0.020683 0.006300
v 0.036624 0.017584 -0.008850
v 0.036624 0.017584 -0.008850
v 0.034472 0.015484 -0.008977
v 0.003513 0.005953 0.009333
v 0.004595 0.006003 0.009343
v 0.004035 0.007075 0.009363
v 0.008514 0.020587 0.008330
v 0.008514 0.020587 0.008330
v 0.009554 0.020649 0.008256
v 0.009554 0.020649 0.008256
v 0.009554 0.020649 0.008256
v 0.009554 0.020649 0.008256
v 0.010866 0.020713 0.005292
v 0.023068 0.020831 0.000942
v 0.014834 0.020795 0.002315
v 0.016062 0.020805 0.001342
v -0.039625 -0.020380 -0.005984
v -0.039625 -0.020380 -0.005984
v -0.039625 -0.020380 -0.005984
v -0.039625 -0.020380 -0.005984
v -0.039625 -0.020380 -0.005984
v -0.039612 -0.020337 -0.005354
v -0.039612 -0.020337 -0.005354
v -0.039612 -0.020337 -0.005354
v -0.039612 -0.020337 -0.005354
v -0.039612 -0.020337 -0.005354
v -0.039612 -0.020337 -0.005354
v -0.040098 -0.020372 -0.004246
v -0.040098 -0.020372 -0.004246
v -0.040098 -0.020372 -0.004246
v -0.040098 -0.020372 -0.004246
v -0.040098 -0.020372 -0.004246
v -0.040098 -0.020372 -0.004246
v -0.041048 0.012733 -0.002079
v -0.041058 0.011008 -0.001254
v -0.039840 -0.018345 -0.008156
v -0.039840 -0.018345 -0.008156
v -0.039840 -0.018345 -0.008156
v -0.039840 -0.018345 -0.008156
v -0.039840 -0.018345 -0.008156
v -0.039840 -0.018345 -0.008156
v -0.039840 -0.018345 -0.008156
v -0.039767 -0.019784 -0.007918
v -0.039767 -0.019784 -0.007918
v -0.039767 -0.019784 -0.007918
v -0.039767 -0.019784 -0.007918
v -0.039767 -0.019784 -0.007918
v 0.031361 0.003876 -0.009504
v 0.031215 -0.005976 -0.009586
v 0.029657 -0.004538 -0.009549
v 0.029672 0.005280 -0.009433
v -0.027769 -0.001289 -0.009489
v -0.026679 -0.001360 -0.009451
v -0.027087 -0.002045 -0.009453
v -0.032205 0.020632 -0.003985
v -0.033428 0.020603 -0.004544
v -0.034108 0.020660 -0.003564
v 0.003329 -0.020648 0.003801
v 0.002143 -0.020669 0.003999
v -0.039756 0.019396 -0.001596
v -0.039756 0.019396 -0.001596
v -0.039756 0.019396 -0.001596
v -0.039756 0.019396 -0.001596
v -0.039756 0.019396 -0.001596
v -0.040313 0.019809 -0.001132
v -0.040313 0.019809 -0.001132
v -0.040313 0.019809 -0.001132
v -0.040313 0.019809 -0.001132
v -0.040313 0.019809 -0.001132
v -0.039810 0.019419 -0.001001
v -0.039810 0.019419 -0.001001
v -0.039810 0.019419 -0.001001
v 0.011394 -0.020479 0.001105
v 0.011394 -0.020479 0.001105
v 0.008942 -0.020525 0.001647
v 0.008942 -0.020525 0.001647
v 0.030256 -0.009622 -0.009602
v 0.032848 -0.004615 -0.009604
v 0.025561 -0.020617 -0.002061
v 0.025222 -0.020645 -0.000891
v 0.023150 -0.020574 -0.000945
v 0.039279 -0.001625 0.007220
v 0.039279 -0.001625 0.007220
v 0.039279 -0.001625 0.007220
v 0.039279 -0.001625 0.007220
v 0.039279 -0.001625 0.007220
v 0.039279 -0.001625 0.007220
v 0.039279 -0.001625 0.007220
v 0.039190 -0.000705 0.007284
v 0.039190 -0.000705 0.007284
v 0.039190 -0.000705 0.007284
v 0.039190 -0.000705 0.007284
v -0.041124 0.011615 0.000332
v -0.041124 0.011615 0.000332
v -0.039494 0.019498 -0.002397
v -0.039494 0.019498 -0.002397
v -0.039494 0.019498 -0.002397
v -0.005761 -0.004327 0.009063
v -0.029757 0.020337 -0.008693
v -0.029757 0.020337 -0.008693
v -0.029757 0.020337 -0.008693
v -0.029757 0.020337 -0.008693
v 0.000060 -0.019419 0.008833
v 0.000060 -0.019419 0.008833
v 0.000060 -0.019419 0.008833
v 0.000060 -0.019419 0.008833
v -0.000360 -0.018605 0.008867
v -0.002667 -0.019165 0.008847
v -0.002667 -0.019165 0.008847
v -0.002667 -0.019165 0.008847
v -0.002667 -0.019165 0.008847
v -0.002667 -0.019165 0.008847
v -0.002667 -0.019165 0.008847
v -0.002667 -0.019165 0.008847
v -0.025295 0.020412 -0.008263
v -0.025295 0.020412 -0.008263
v -0.025295 0.020412 -0.008263
v -0.003095 -0.019748 0.008722
v -0.003095 -0.019748 0.008722
v -0.003095 -0.019748 0.008722
v -0.003095 -0.019748 0.008722
v -0.040874 0.018998 -0.006403
v -0.040874 0.018998 -0.006403
v -0.040874 0.018998 -0.006403
v -0.040874 0.018998 -0.006403
v -0.040685 0.014821 -0.006570
v -0.040685 0.014821 -0.006570
v -0.040900 0.017526 -0.005652
v -0.040900 0.017526 -0.005652
v -0.006133 -0.020059 0.008405
v 0.004195 0.020039 0.009042
v 0.004195 0.020039 0.009042
v 0.004195 0.020039 0.009042
v 0.004195 0.020039 0.009042
v 0.004597 0.020389 0.008626
v 0.004597 0.020389 0.008626
v 0.004597 0.020389 0.008626
v 0.003613 0.020215 0.008855
v 0.003613 0.020215 0.008855
v 0.003613 0.020215 0.008855
v 0.003613 0.020215 0.008855
v -0.039489 -0.020417 -0.007700
v -0.039489 -0.020417 -0.007700
v -0.039489 -0.020417 -0.007700
v -0.039489 -0.020417 -0.007700
v -0.039489 -0.020417 -0.007700
v -0.039638 -0.020396 -0.008042
v -0.039638 -0.020396 -0.008042
v -0.039638 -0.020396 -0.008042
v -0.039638 -0.020396 -0.008042
v -0.039638 -0.020396 -0.008042
v -0.039638 -0.020396 -0.008042
v -0.039638 -0.020396 -0.008042
v -0.039638 -0.020396 -0.008042
v 0.034221 0.019749 -0.008616
v 0.034221 0.019749 -0.008616
v 0.034221 0.019749 -0.008616
v 0.034221 0.019749 -0.008616
v 0.034221 0.019749 -0.008616
v 0.034221 0.019749 -0.008616
v 0.032440 0.019244 -0.008663
v 0.032440 0.019244 -0.008663
v 0.027988 0.020866 -0.003519
v 0.035402 -0.002415 -0.009586
v 0.035402 -0.002415 -0.009586
v 0.033802 -0.002730 -0.009601
v 0.034157 -0.000183 -0.009590
v 0.034157 -0.000183 -0.009590
v 0.038614 -0.018365 -0.009472
v 0.038614 -0.018365 -0.009472
v 0.038614 -0.018365 -0.009472
v 0.039852 -0.019026 -0.009374
v 0.039852 -0.019026 -0.009374
v 0.039852 -0.019026 -0.009374
v 0.039852 -0.019026 -0.009374
v 0.039852 -0.019026 -0.009374
v 0.039852 -0.019026 -0.009374
v 0.038596 -0.019237 -0.009464
v 0.038596 -0.019237 -0.009464
v 0.038596 -0.019237 -0.009464
v 0.038596 -0.019237 -0.009464
v 0.038596 -0.019237 -0.009464
v 0.038596 -0.019237 -0.009464
v 0.038596 -0.019237 -0.009464
v 0.038596 -0.019237 -0.009464
v 0.038596 -0.019237 -0.009464
v 0.030192 0.020922 -0.002321
v 0.030667 0.020906 -0.003740
v 0.037696 0.016046 -0.008970
v 0.037696 0.016046 -0.008970
v 0.038318 0.017420 -0.008888
v 0.038318 0.017420 -0.008888
v 0.040155 0.018303 -0.008855
v 0.040155 0.018303 -0.008855
v -0.040994 0.007358 -0.001235
v -0.040994 0.007358 -0.001235
v -0.040964 0.009919 -0.002482
v -0.040964 0.009919 -0.002482
v -0.040964 0.009919 -0.002482
v -0.040964 0.009919 -0.002482
v 0.014554 0.020778 0.003793
v 0.014554 0.020778 0.003793
v 0.014554 0.020778 0.003793
v 0.012923 0.020782 0.003230
v 0.012923 0.020782 0.003230
v 0.021566 0.020812 0.003153
v 0.020328 0.020787 0.003986
v 0.034289 0.020814 -0.008082
v 0.034289 0.020814 -0.008082
v 0.034289 0.020814 -0.008082
v 0.034289 0.020814 -0.008082
v 0.034289 0.020814 -0.008082
v 0.034289 0.020814 -0.008082
v 0.033304 0.020749 -0.008323
v 0.033304 0.020749 -0.008323
v 0.033304 0.020749 -0.008323
v 0.031118 0.020884 -0.005107
v 0.006432 0.020670 0.006821
v 0.006432 0.020670 0.006821
v 0.006432 0.020670 0.006821
v 0.006432 0.020670 0.006821
v 0.006432 0.020670 0.006821
v 0.006432 0.020670 0.006821
v 0.006650 0.020681 0.007462
v 0.006650 0.020681 0.007462
v 0.006650 0.020681 0.007462
v 0.006650 0.020681 0.007462
v 0.005139 0.017129 0.009660
v 0.005490 0.019908 0.009165
v 0.005490 0.019908 0.009165
v 0.005490 0.019908 0.009165
v 0.005490 0.019908 0.009165
v 0.005490 0.019908 0.009165
v 0.005351 0.020253 0.008769
v -0.005072 -0.009338 0.008951
v -0.004299 -0.009502 0.008951
v 0.034254 -0.020039 0.008102
v 0.034254 -0.020039 0.008102
v 0.034254 -0.020039 0.008102
v 0.034254 -0.020039 0.008102
v 0.034254 -0.020039 0.008102
v -0.004241 0.014866 0.009598
v 0.034067 0.006916 -0.009420
v -0.005226 -0.017484 0.008885
v -0.004334 -0.010422 0.008950
v -0.005047 -0.010080 0.008949
v -0.003972 -0.020507 0.007750
v -0.003972 -0.020507 0.007750
v -0.003972 -0.020507 0.007750
v -0.003972 -0.020507 0.007750
v -0.005511 -0.020535 0.007773
v -0.005511 -0.020535 0.007773
v -0.005511 -0.020535 0.007773
v -0.005511 -0.020535 0.007773
v -0.005511 -0.020535 0.007773
v 0.032523 0.004482 -0.009496
v -0.001333 0.000648 0.009201
v -0.001709 0.002131 0.009239
v 0.020796 -0.020260 -0.004962
v 0.032648 0.003199 -0.009539
v 0.007710 0.020691 0.005967
v 0.007710 0.020691 0.005967
v 0.029624 -0.006645 -0.009560
v 0.007752 0.020687 0.007785
v 0.007752 0.020687 0.007785
v 0.007752 0.020687 0.007785
v 0.019184 0.020814 0.000526
v 0.039507 -0.007392 0.007033
v 0.039507 -0.007392 0.007033
v 0.039507 -0.007392 0.007033
v 0.039507 -0.007392 0.007033
v 0.039507 -0.007392 0.007033
v 0.039507 -0.007392 0.007033
v 0.039507 -0.007392 0.007033
v 0.035535 -0.004321 0.008681
v 0.035696 -0.005462 0.008658
v 0.033973 0.020969 -0.003324
v 0.035110 0.020988 -0.003300
v 0.033414 0.020931 -0.004475
v 0.035306 0.020698 -0.008411
v 0.035306 0.020698 -0.008411
v 0.035306 0.020698 -0.008411
v 0.035306 0.020698 -0.008411
v 0.035306 0.020698 -0.008411
v 0.035306 0.020698 -0.008411
v 0.003813 0.019713 0.009398
v -0.039499 -0.020215 -0.004995
v -0.039499 -0.020215 -0.004995
v -0.039499 -0.020215 -0.004995
v -0.039499 -0.020215 -0.004995
v 0.040110 0.019897 -0.008729
v 0.040110 0.019897 -0.008729
v 0.040110 0.019897 -0.008729
v 0.040110 0.019897 -0.008729
v 0.040110 0.019897 -0.008729
v 0.040110 0.019897 -0.008729
v 0.038968 0.019235 -0.008758
v 0.034320 0.010368 -0.009275
v 0.032970 0.008813 -0.009338
v -0.025144 0.019880 -0.008848
v -0.025144 0.019880 -0.008848
v -0.025144 0.019880 -0.008848
v 0.023457 -0.020398 -0.004365
v -0.041070 0.020127 -0.001112
v -0.041070 0.020127 -0.001112
v -0.041070 0.020127 -0.001112
v -0.041070 0.020127 -0.001112
v -0.040995 0.020133 -0.000220
v -0.040995 0.020133 -0.000220
v -0.040995 0.020133 -0.000220
v -0.040995 0.020133 -0.000220
v -0.040995 0.020133 -0.000220
v -0.041016 0.020151 -0.000531
v -0.041016 0.020151 -0.000531
v -0.041016 0.020151 -0.000531
v -0.041016 0.020151 -0.000531
v -0.041016 0.020151 -0.000531
v -0.041016 0.020151 -0.000531
v 0.030655 0.001477 -0.009563
v 0.030655 0.001477 -0.009563
v -0.002370 -0.002333 0.009131
v -0.001330 -0.008939 0.008967
v -0.002360 -0.009967 0.008966
v -0.000889 -0.009800 0.008956
v -0.033373 -0.014767 -0.009470
v -0.033373 -0.014767 -0.009470
v -0.032416 -0.012789 -0.009516
v -0.032416 -0.012789 -0.009516
v -0.032416 -0.012789 -0.009516
v -0.032416 -0.012789 -0.009516
v -0.032416 -0.012789 -0.009516
v -0.034249 -0.020827 -0.007039
v -0.034249 -0.020827 -0.007039
v -0.034249 -0.020827 -0.007039
v -0.034249 -0.020827 -0.007039
v 0.035261 0.008572 -0.009357
v 0.035261 0.008572 -0.009357
v 0.036259 0.011142 -0.009234
v 0.036259 0.011142 -0.009234
v 0.032009 0.020843 -0.007137
v 0.032265 0.020895 -0.005302
v 0.035885 0.020784 -0.008310
v 0.035885 0.020784 -0.008310
v 0.035885 0.020784 -0.008310
v 0.035885 0.020784 -0.008310
v 0.035885 0.020784 -0.008310
v 0.035885 0.020784 -0.008310
v -0.036441 -0.020135 -0.009155
v -0.036441 -0.020135 -0.009155
v -0.036441 -0.020135 -0.009155
v -0.036441 -0.020135 -0.009155
v -0.036441 -0.020135 -0.009155
v -0.036441 -0.020135 -0.009155
v -0.038328 -0.020077 -0.009298
v -0.038328 -0.020077 -0.009298
v -0.038328 -0.020077 -0.009298
v -0.038328 -0.020077 -0.009298
v -0.038328 -0.020077 -0.009298
v -0.002232 -0.008911 0.008973
v -0.000614 0.002715 0.009245
v -0.000719 0.004190 0.009284
v 0.029267 0.020875 -0.004205
v -0.001628 -0.013003 0.008958
v 0.000044 -0.012646 0.008955
v 0.002787 0.020202 0.008881
v 0.002787 0.020202 0.008881
v 0.002787 0.020202 0.008881
v 0.002787 0.020202 0.008881
v 0.002787 0.020202 0.008881
v 0.002787 0.020202 0.008881
v 0.006827 0.020714 0.007904
v 0.006827 0.020714 0.007904
v 0.006827 0.020714 0.007904
v 0.006827 0.020714 0.007904
v 0.034959 -0.006992 -0.009622
v 0.034959 -0.006992 -0.009622
v 0.034959 -0.006992 -0.009622
v 0.034419 -0.004849 -0.009612
v 0.039342 -0.003351 0.007726
v 0.039342 -0.003351 0.007726
v 0.039342 -0.003351 0.007726
v 0.039342 -0.003351 0.007726
v 0.039342 -0.003351 0.007726
v 0.035224 -0.001523 0.008750
v -0.039863 -0.020344 -0.004367
v -0.039863 -0.020344 -0.004367
v -0.037248 0.013398 -0.009355
v -0.037442 0.015739 -0.009279
v -0.037442 0.015739 -0.009279
v -0.003721 -0.020012 0.008400
v -0.003701 -0.020302 0.008001
v -0.003701 -0.020302 0.008001
v -0.003701 -0.020302 0.008001
v -0.002752 -0.020204 0.008128
v -0.002752 -0.020204 0.008128
v -0.002752 -0.020204 0.008128
v -0.040022 -0.020052 -0.005745
v -0.040022 -0.020052 -0.005745
v -0.040022 -0.020052 -0.005745
v -0.040022 -0.020052 -0.005745
v -0.040022 -0.020052 -0.005745
v -0.040022 -0.020052 -0.005745
v -0.040022 -0.020052 -0.005745
v 0.032491 -0.018876 -0.009599
v 0.032491 -0.018876 -0.009599
v 0.032491 -0.018876 -0.009599
v 0.032491 -0.018876 -0.009599
v 0.032491 -0.018876 -0.009599
v 0.032491 -0.018876 -0.009599
v 0.032491 -0.018876 -0.009599
v 0.030983 -0.019197 -0.009518
v 0.030983 -0.019197 -0.009518
v 0.030983 -0.019197 -0.009518
v 0.030983 -0.019197 -0.009518
v 0.030983 -0.019197 -0.009518
v 0.030983 -0.019197 -0.009518
v 0.031086 -0.018982 -0.009584
v 0.031086 -0.018982 -0.009584
v 0.031086 -0.018982 -0.009584
v 0.031086 -0.018982 -0.009584
v 0.026175 -0.019696 -0.009026
v 0.026175 -0.019696 -0.009026
v 0.026175 -0.019696 -0.009026
v 0.026175 -0.019696 -0.009026
v 0.026175 -0.019696 -0.009026
v 0.027219 -0.019989 -0.008504
v 0.027219 -0.019989 -0.008504
v -0.028089 -0.005270 -0.009425
v 0.032578 0.020816 -0.007964
v 0.032578 0.020816 -0.007964
v 0.032578 0.020816 -0.007964
v 0.037891 0.020765 -0.008198
v 0.037891 0.020765 -0.008198
v 0.037891 0.020765 -0.008198
v 0.037207 0.020795 -0.008112
v 0.037207 0.020795 -0.008112
v 0.037207 0.020795 -0.008112
v 0.037207 0.020795 -0.008112
v 0.037207 0.020795 -0.008112
v 0.037207 0.020795 -0.008112
v 0.038852 0.020788 -0.007893
v 0.038852 0.020788 -0.007893
v 0.038852 0.020788 -0.007893
v 0.038852 0.020788 -0.007893
v 0.038852 0.020788 -0.007893
v -0.040633 -0.007869 -0.003156
v -0.040673 -0.004736 -0.003141
v -0.040673 -0.004736 -0.003141
v 0.034555 0.020936 -0.004683
v 0.035649 0.020958 -0.004386
v -0.025260 0.000129 -0.009456
v 0.033164 0.000965 -0.009587
v 0.033164 0.000965 -0.009587
v 0.022331 -0.020127 -0.007434
v 0.022331 -0.020127 -0.007434
v 0.022331 -0.020127 -0.007434
v -0.040930 0.005489 -0.001676
v -0.040930 0.005489 -0.001676
v 0.031116 0.002420 -0.009549
v 0.029974 0.003595 -0.009496
v 0.040430 -0.006073 0.006584
v 0.040430 -0.006073 0.006584
v 0.040430 -0.006073 0.006584
v 0.040430 -0.006073 0.006584
v 0.040430 -0.006073 0.006584
v 0.040430 -0.006073 0.006584
v 0.040367 -0.005076 0.006768
v 0.040367 -0.005076 0.006768
v 0.040367 -0.005076 0.006768
v -0.040684 0.003498 -0.004219
v -0.040684 0.003498 -0.004219
v -0.040403 0.003522 -0.006202
v -0.040403 0.003522 -0.006202
v -0.004436 -0.020257 0.008075
v -0.004436 -0.020257 0.008075
v -0.004436 -0.020257 0.008075
v -0.004436 -0.020257 0.008075
v 0.010210 0.020695 0.006282
v 0.010210 0.020695 0.006282
v 0.003163 0.020128 0.008962
v 0.003163 0.020128 0.008962
v -0.040994 0.019910 -0.003805
v -0.040994 0.019910 -0.003805
v -0.040994 0.019910 -0.003805
v -0.040994 0.019910 -0.003805
v -0.040994 0.019910 -0.003805
v -0.040925 0.019997 -0.004024
v -0.040925 0.019997 -0.004024
v -0.040925 0.019997 -0.004024
v -0.040925 0.019997 -0.004024
v 0.034187 0.005019 -0.009485
v -0.039072 0.020524 -0.001849
v -0.039072 0.020524 -0.001849
v -0.039072 0.020524 -0.001849
v -0.039072 0.020524 -0.001849
v -0.039072 0.020524 -0.001849
v -0.039072 0.020524 -0.001849
v -0.039072 0.020524 -0.001849
v -0.039201 0.020356 -0.003427
v -0.039201 0.020356 -0.003427
v -0.039201 0.020356 -0.003427
v -0.039201 0.020356 -0.003427
v -0.039330 0.020125 -0.002665
v -0.039330 0.020125 -0.002665
v -0.039330 0.020125 -0.002665
v -0.039330 0.020125 -0.002665
v -0.039330 0.020125 -0.002665
v -0.027007 0.019731 -0.008864
v -0.027007 0.019731 -0.008864
v -0.027007 0.019731 -0.008864
v -0.027007 0.019731 -0.008864
v 0.004436 0.011153 0.009495
v 0.004468 0.012942 0.009553
v 0.002760 0.012782 0.009551
v 0.018067 -0.020456 -0.000113
v 0.018782 -0.020439 -0.000915
v 0.018949 -0.020502 0.000515
v 0.000198 -0.001799 0.009149
v 0.000817 -0.000872 0.009166
v 0.000088 -0.000509 0.009171
v -0.025501 0.020264 -0.008745
v -0.025501 0.020264 -0.008745
v -0.000329 0.005640 0.009324
v 0.000738 0.007242 0.009372
v -0.024230 0.020340 -0.008711
v -0.024230 0.020340 -0.008711
v -0.024230 0.020340 -0.008711
v 0.021730 -0.020127 -0.007101
v -0.000303 -0.020529 0.007637
v -0.000303 -0.020529 0.007637
v -0.000303 -0.020529 0.007637
v -0.000303 -0.020529 0.007637
v 0.000449 -0.020534 0.007446
v 0.000449 -0.020534 0.007446
v 0.000449 -0.020534 0.007446
v 0.000449 -0.020534 0.007446
v 0.000233 0.003511 0.009259
v 0.001174 0.004456 0.009281
v 0.001174 0.004456 0.009281
v -0.003048 -0.005072 0.009043
v 0.032322 -0.009767 -0.009637
v 0.032322 -0.009767 -0.009637
v 0.007365 0.020675 0.006858
v 0.035628 -0.018155 -0.009580
v 0.035628 -0.018155 -0.009580
v 0.035628 -0.018155 -0.009580
v 0.037237 -0.017603 -0.009541
v 0.037237 -0.017603 -0.009541
v -0.003580 -0.011831 0.008953
v 0.022201 -0.020248 -0.005615
v 0.009245 0.020690 0.006384
v 0.011102 -0.020508 0.001867
v 0.007580 -0.020564 0.005320
v 0.007580 -0.020564 0.005320
v 0.016471 0.019792 0.009318
v 0.016471 0.019792 0.009318
v 0.014721 0.019950 0.009157
v 0.014721 0.019950 0.009157
v 0.014721 0.019950 0.009157
v 0.014721 0.019950 0.009157
v 0.014721 0.019950 0.009157
v 0.015430 0.019565 0.009535
v 0.015430 0.019565 0.009535
v 0.015430 0.019565 0.009535
v 0.015430 0.019565 0.009535
v 0.015430 0.019565 0.009535
v 0.015430 0.019565 0.009535
v 0.003734 -0.004916 0.009044
v 0.002502 -0.004211 0.009078
v 0.002511 -0.005985 0.009013
v 0.003200 0.019981 0.009128
v 0.002756 0.015134 0.009626
v 0.005990 0.010422 0.009472
v 0.007005 0.011938 0.009517
v -0.027581 0.002842 -0.009484
v 0.033454 -0.017861 0.008475
v -0.028481 0.004084 -0.009497
v 0.031741 -0.019422 -0.009260
v 0.031741 -0.019422 -0.009260
v 0.031741 -0.019422 -0.009260
v 0.031741 -0.019422 -0.009260
v 0.031741 -0.019422 -0.009260
v 0.031741 -0.019422 -0.009260
v 0.029990 -0.019485 -0.009208
v 0.029990 -0.019485 -0.009208
v 0.029990 -0.019485 -0.009208
v 0.029990 -0.019485 -0.009208
v -0.004790 -0.018325 0.008863
v -0.004781 -0.020465 0.007827
v -0.004781 -0.020465 0.007827
v -0.004781 -0.020465 0.007827
v 0.000315 -0.007405 0.008981
v 0.001235 -0.007102 0.008983
v 0.000394 -0.006578 0.009003
v 0.000627 -0.008319 0.008964
v 0.000055 -0.008671 0.008963
v 0.000223 -0.009377 0.008954
v -0.031278 0.000122 -0.009565
v -0.030063 -0.001163 -0.009545
v -0.031937 -0.001211 -0.009565
v -0.030528 0.019638 -0.008907
v -0.030528 0.019638 -0.008907
v -0.030528 0.019638 -0.008907
v -0.030528 0.019638 -0.008907
v -0.028692 0.020194 -0.008808
v -0.028692 0.020194 -0.008808
v -0.028692 0.020194 -0.008808
v -0.028692 0.020194 -0.008808
v -0.028692 0.020194 -0.008808
v -0.028692 0.020194 -0.008808
v -0.028943 0.019801 -0.008874
v -0.028943 0.019801 -0.008874
v -0.028943 0.019801 -0.008874
v 0.026049 -0.020186 -0.007843
v 0.026049 -0.020186 -0.007843
v 0.025508 -0.020214 -0.007212
v 0.025508 -0.020214 -0.007212
v 0.025508 -0.020214 -0.007212
v -0.029876 0.009056 -0.009419
v -0.030340 0.009819 -0.009399
v 0.026596 0.020855 -0.002394
v 0.026898 0.020867 -0.000982
v 0.027909 0.020885 -0.001429
v 0.013617 0.020758 0.004278
v 0.037377 0.020270 -0.008599
v 0.037377 0.020270 -0.008599
v 0.037377 0.020270 -0.008599
v 0.037377 0.020270 -0.008599
v 0.037377 0.020270 -0.008599
v 0.037377 0.020270 -0.008599
v 0.037377 0.020270 -0.008599
v 0.012686 0.020716 0.005386
v 0.012686 0.020716 0.005386
v -0.040048 0.009156 -0.008935
v -0.040048 0.009156 -0.008935
v -0.040048 0.009156 -0.008935
v -0.040048 0.009156 -0.008935
v -0.033805 -0.017525 -0.009396
v -0.033805 -0.017525 -0.009396
v -0.033805 -0.017525 -0.009396
v -0.033805 -0.017525 -0.009396
v -0.034518 -0.019485 -0.009355
v -0.000213 -0.008187 0.008971
v -0.001438 -0.007413 0.008986
v -0.001969 -0.010548 0.008957
v -0.000168 -0.017611 0.008889
v -0.001074 -0.016894 0.008903
v -0.001792 -0.017713 0.008889
v -0.026368 0.008621 -0.009364
v -0.040126 -0.020354 -0.003933
v -0.040126 -0.020354 -0.003933
v -0.040126 -0.020354 -0.003933
v -0.040126 -0.020354 -0.003933
v -0.040126 -0.020354 -0.003933
v 0.039104 -0.006179 0.007101
v 0.039104 -0.006179 0.007101
v 0.039104 -0.006179 0.007101
v 0.039104 -0.006179 0.007101
v 0.039104 -0.006179 0.007101
v 0.036375 0.014757 -0.009039
v 0.017180 -0.020419 -0.000551
v 0.015680 -0.020408 -0.000255
v 0.015680 -0.020408 -0.000255
v 0.016342 -0.020354 -0.001596
v 0.039336 0.000406 0.007971
v -0.003158 -0.020472 0.007793
v -0.003158 -0.020472 0.007793
v -0.003158 -0.020472 0.007793
v -0.003158 -0.020472 0.007793
v -0.003158 -0.020472 0.007793
v 0.007133 0.016338 0.009637
v 0.008471 0.017038 0.009647
v 0.028769 -0.020254 -0.007560
v 0.028126 -0.020262 -0.007264
v 0.028126 -0.020262 -0.007264
v 0.028126 -0.020262 -0.007264
v 0.028298 -0.020106 -0.008281
v 0.028298 -0.020106 -0.008281
v 0.000016 0.000884 0.009193
v 0.000016 0.000884 0.009193
v 0.009696 -0.020548 0.003948
v 0.009696 -0.020548 0.003948
v 0.009696 -0.020548 0.003948
v 0.009696 -0.020548 0.003948
v 0.000547 0.004776 0.009295
v 0.004103 0.009333 0.009438
v 0.002815 0.010014 0.009458
v 0.029502 0.001237 -0.009543
v -0.039241 0.020288 -0.001295
v -0.039241 0.020288 -0.001295
v -0.039241 0.020288 -0.001295
v -0.039241 0.020288 -0.001295
v -0.039241 0.020288 -0.001295
v -0.039241 0.020288 -0.001295
v -0.039531 0.019660 -0.003340
v -0.039531 0.019660 -0.003340
v -0.039531 0.019660 -0.003340
v -0.039531 0.019660 -0.003340
v -0.039531 0.019660 -0.003340
v 0.010334 0.020681 0.008043
v 0.010334 0.020681 0.008043
v 0.010334 0.020681 0.008043
v -0.000366 -0.010340 0.008947
v 0.000303 -0.010860 0.008944
v 0.000480 -0.010168 0.008944
v -0.039583 0.019263 -0.000282
v -0.039583 0.019263 -0.000282
v -0.039583 0.019263 -0.000282
v -0.039565 0.019292 -0.000436
v -0.039565 0.019292 -0.000436
v -0.039565 0.019292 -0.000436
v -0.039565 0.019292 -0.000436
v -0.039565 0.019292 -0.000436
v -0.039565 0.019292 -0.000436
v -0.000489 -0.015758 0.008925
v 0.002032 -0.007300 0.008973
v -0.000435 -0.009182 0.008960
v 0.038902 0.000750 0.008561
v 0.038902 0.000750 0.008561
v 0.038902 0.000750 0.008561
v -0.040699 -0.007713 -0.002360
v -0.040699 -0.007713 -0.002360
v 0.002516 0.008385 0.009408
v 0.001433 0.008884 0.009420
v 0.033644 0.020824 -0.007895
v 0.033644 0.020824 -0.007895
v 0.013714 0.020695 0.006368
v 0.014213 0.020721 0.005436
v 0.008351 0.020681 0.006690
v 0.008351 0.020681 0.006690
v 0.008351 0.020681 0.006690
v 0.002117 0.005843 0.009319
v 0.002117 0.005843 0.009319
v 0.002116 0.005241 0.009304
v 0.012096 0.020658 0.008148
v 0.012096 0.020658 0.008148
v 0.012096 0.020658 0.008148
v 0.012096 0.020658 0.008148
v 0.012096 0.020658 0.008148
v 0.012096 0.020658 0.008148
v 0.012096 0.020658 0.008148
v 0.013739 0.020658 0.008090
v 0.013739 0.020658 0.008090
v 0.013739 0.020658 0.008090
v 0.013739 0.020658 0.008090
v 0.012750 0.020665 0.008000
v 0.012750 0.020665 0.008000
v 0.012750 0.020665 0.008000
v 0.012750 0.020665 0.008000
v 0.021609 -0.020456 -0.002572
v 0.021609 -0.020456 -0.002572
v 0.020678 -0.020392 -0.003152
v 0.022072 -0.020446 -0.003050
v 0.026549 -0.020195 -0.007855
v 0.026549 -0.020195 -0.007855
v 0.026460 -0.020227 -0.007345
v 0.026460 -0.020227 -0.007345
v 0.026460 -0.020227 -0.007345
v 0.026460 -0.020227 -0.007345
v 0.018199 -0.020311 -0.003154
v 0.019541 -0.020297 -0.003949
v 0.023306 -0.020524 -0.002408
v 0.023306 -0.020524 -0.002408
v 0.024727 -0.020572 -0.002450
v 0.019548 -0.020358 -0.003088
v 0.019548 -0.020358 -0.003088
v 0.019570 -0.020384 -0.002631
v 0.017204 -0.020322 -0.002545
v 0.017204 -0.020322 -0.002545
v 0.017204 -0.020322 -0.002545
v 0.016326 -0.020514 0.002419
v 0.016326 -0.020514 0.002419
v 0.016326 -0.020514 0.002419
v 0.014688 -0.020517 0.003476
v 0.014688 -0.020517 0.003476
v 0.014688 -0.020517 0.003476
v 0.014688 -0.020517 0.003476
v 0.014688 -0.020517 0.003476
v 0.014962 -0.020464 0.001156
v 0.014962 -0.020464 0.001156
v 0.014962 -0.020464 0.001156
v 0.014962 -0.020464 0.001156
v 0.033487 0.020885 -0.005939
v 0.034911 0.020881 -0.006295
v 0.034036 0.020865 -0.006644
v 0.003811 0.014160 0.009595
v 0.009248 0.019547 0.009557
v 0.009248 0.019547 0.009557
v 0.009248 0.019547 0.009557
v 0.009248 0.019547 0.009557
v 0.009248 0.019547 0.009557
v 0.009248 0.019547 0.009557
v 0.009248 0.019547 0.009557
v 0.009248 0.019547 0.009557
v 0.009248 0.019547 0.009557
v 0.009248 0.019547 0.009557
v 0.014318 0.019590 0.009522
v 0.014318 0.019590 0.009522
v 0.014318 0.019590 0.009522
v 0.014318 0.019590 0.009522
v 0.002834 0.005097 0.009311
v 0.002791 0.003784 0.009288
v 0.015283 0.020662 0.008081
v 0.015283 0.020662 0.008081
v 0.015283 0.020662 0.008081
v 0.014697 0.020645 0.008244
v 0.014697 0.020645 0.008244
v 0.014697 0.020645 0.008244
v 0.014697 0.020645 0.008244
v 0.014697 0.020645 0.008244
v 0.014697 0.020645 0.008244
v 0.014697 0.020645 0.008244
v 0.014697 0.020645 0.008244
v -0.000140 0.002211 0.009225
v -0.027050 0.004064 -0.009456
v -0.027050 0.004064 -0.009456
v -0.027479 0.005625 -0.009449
v 0.027118 -0.020241 -0.007271
v 0.027118 -0.020241 -0.007271
v 0.027118 -0.020241 -0.007271
v 0.021705 -0.020376 -0.003914
v 0.022986 -0.020466 -0.003277
v 0.022986 -0.020466 -0.003277
v 0.000961 -0.016034 0.008911
v 0.002975 -0.015537 0.008911
v 0.004313 -0.016359 0.008886
v 0.005072 -0.015691 0.008897
v -0.039140 -0.020412 -0.007455
v -0.039140 -0.020412 -0.007455
v -0.039140 -0.020412 -0.007455
v -0.039140 -0.020412 -0.007455
v 0.030242 -0.020294 -0.007529
v 0.030242 -0.020294 -0.007529
v 0.032219 -0.020281 -0.007907
v 0.032219 -0.020281 -0.007907
v 0.032219 -0.020281 -0.007907
v 0.032219 -0.020281 -0.007907
v 0.032219 -0.020281 -0.007907
v 0.032219 -0.020281 -0.007907
v 0.030814 -0.020331 -0.007307
v 0.030814 -0.020331 -0.007307
v 0.034134 0.013060 -0.009123
v 0.000644 -0.019866 0.008534
v 0.000644 -0.019866 0.008534
v 0.000644 -0.019866 0.008534
v 0.000644 -0.019866 0.008534
v 0.000644 -0.019866 0.008534
v 0.000644 -0.019866 0.008534
v 0.000613 -0.019684 0.008784
v 0.000613 -0.019684 0.008784
v 0.000613 -0.019684 0.008784
v 0.000613 -0.019684 0.008784
v 0.000613 -0.019684 0.008784
v 0.000613 -0.019684 0.008784
v -0.000276 -0.019734 0.008720
v -0.000276 -0.019734 0.008720
v 0.011473 0.020696 0.006226
v -0.032956 -0.007715 -0.009528
v -0.040011 0.000445 -0.008303
v -0.040011 0.000445 -0.008303
v -0.040011 0.000445 -0.008303
v -0.040022 0.003346 -0.008496
v -0.040022 0.003346 -0.008496
v -0.040022 0.003346 -0.008496
v -0.039919 0.001551 -0.008853
v -0.039919 0.001551 -0.008853
v -0.002195 -0.014119 0.008959
v -0.002195 -0.014119 0.008959
v 0.001364 -0.010077 0.008937
v 0.001908 -0.010720 0.008934
v 0.002467 -0.009740 0.008928
v 0.006383 0.019618 0.009475
v 0.006383 0.019618 0.009475
v 0.004936 0.015584 0.009630
v 0.007317 0.009868 0.009456
v 0.020504 0.020739 0.005305
v 0.021485 0.020766 0.004686
v 0.032579 0.021008 0.000283
v 0.032677 0.020997 -0.000755
v 0.031446 0.020971 -0.000683
v -0.027021 0.009350 -0.009352
v -0.028210 0.010245 -0.009342
v 0.028857 0.020916 -0.000033
v 0.027738 0.020886 -0.000264
v 0.028061 0.020896 0.001081
v 0.007174 0.018118 0.009657
v 0.007174 0.018118 0.009657
v 0.033361 0.020845 -0.007210
v 0.033218 -0.007148 -0.009625
v 0.031981 0.020963 -0.002000
v 0.033280 0.020985 -0.002101
v 0.032917 0.020951 -0.003396
v -0.000579 0.000966 0.009201
v -0.041125 0.019846 -0.001498
v -0.041136 0.019696 -0.001959
v -0.041136 0.019696 -0.001959
v -0.041136 0.019696 -0.001959
v 0.036127 0.020882 -0.006472
v 0.035581 0.020916 -0.005471
v 0.001046 -0.005913 0.009021
v 0.001223 -0.004656 0.009065
v 0.035843 0.020846 -0.007398
v 0.035843 0.020846 -0.007398
v 0.037864 0.020908 -0.005839
v 0.037864 0.020908 -0.005839
v 0.037864 0.020908 -0.005839
v 0.037307 0.020849 -0.007238
v 0.037307 0.020849 -0.007238
v -0.000462 -0.019999 0.008336
v -0.000462 -0.019999 0.008336
v 0.009604 0.020686 0.007195
v 0.009604 0.020686 0.007195
v 0.024265 -0.020185 -0.006965
v 0.024265 -0.020185 -0.006965
v 0.024265 -0.020185 -0.006965
v 0.024265 -0.020185 -0.006965
v 0.024265 -0.020185 -0.006965
v 0.025687 -0.020282 -0.006443
v 0.025687 -0.020282 -0.006443
v 0.025687 -0.020282 -0.006443
v -0.002678 -0.008650 0.008973
v 0.025288 -0.020411 -0.004880
v 0.024135 -0.020242 -0.006323
v 0.000906 -0.009375 0.008949
v -0.031135 0.020179 -0.008802
v -0.031135 0.020179 -0.008802
v -0.031135 0.020179 -0.008802
v -0.031135 0.020179 -0.008802
v -0.031135 0.020179 -0.008802
v -0.026323 0.020208 -0.008788
v -0.026323 0.020208 -0.008788
v -0.026323 0.020208 -0.008788
v -0.026323 0.020208 -0.008788
v -0.026323 0.020208 -0.008788
v -0.026323 0.020208 -0.008788
v 0.029689 -0.018850 -0.009594
v 0.029689 -0.018850 -0.009594
v 0.029689 -0.018850 -0.009594
v 0.002240 -0.009018 0.008935
v 0.003312 -0.009208 0.008926
v 0.017228 0.020808 0.001276
v 0.025441 0.020847 -0.000141
v 0.000731 -0.013584 0.008953
v 0.002023 -0.011942 0.008941
v -0.033070 0.020367 -0.008257
v -0.033070 0.020367 -0.008257
v -0.031960 0.020354 -0.008500
v -0.031960 0.020354 -0.008500
v 0.014211 -0.020415 0.000078
v 0.013266 -0.020446 0.000682
v 0.001899 0.001119 0.009219
v 0.000892 0.000430 0.009191
v 0.002705 -0.000327 0.009195
v 0.000412 -0.016856 0.008896
v 0.001518 -0.017598 0.008881
v 0.002149 -0.018471 0.008865
v 0.002149 -0.018471 0.008865
v 0.001217 0.001412 0.009212
v 0.003498 -0.020113 0.008108
v 0.003498 -0.020113 0.008108
v 0.003498 -0.020113 0.008108
v 0.003498 -0.020113 0.008108
v 0.003498 -0.020113 0.008108
v 0.003498 -0.020113 0.008108
v 0.002436 -0.020135 0.008070
v 0.002436 -0.020135 0.008070
v 0.003189 -0.020361 0.007725
v 0.003189 -0.020361 0.007725
v 0.003189 -0.020361 0.007725
v 0.003189 -0.020361 0.007725
v 0.003189 -0.020361 0.007725
v 0.026326 0.020858 -0.000307
v -0.029754 0.020234 -0.008787
v -0.029754 0.020234 -0.008787
v -0.029754 0.020234 -0.008787
v -0.029754 0.020234 -0.008787
v -0.029754 0.020234 -0.008787
v -0.001764 -0.020513 0.007699
v -0.001764 -0.020513 0.007699
v -0.001764 -0.020513 0.007699
v -0.001764 -0.020513 0.007699
v -0.001764 -0.020513 0.007699
v 0.029088 -0.019896 -0.008700
v 0.029088 -0.019896 -0.008700
v 0.029088 -0.019896 -0.008700
v 0.029088 -0.019896 -0.008700
v 0.030567 -0.019943 -0.008596
v 0.030567 -0.019943 -0.008596
v 0.030567 -0.019943 -0.008596
v 0.030567 -0.019943 -0.008596
v 0.030567 -0.019943 -0.008596
v 0.030567 -0.019943 -0.008596
v -0.036899 -0.020635 -0.008219
v -0.036899 -0.020635 -0.008219
v 0.033433 -0.019307 -0.009416
v 0.033433 -0.019307 -0.009416
v 0.033433 -0.019307 -0.009416
v 0.033433 -0.019307 -0.009416
v 0.033433 -0.019307 -0.009416
v 0.033433 -0.019307 -0.009416
v 0.037940 0.004187 -0.009400
v 0.037940 0.004187 -0.009400
v 0.037940 0.004187 -0.009400
v 0.037940 0.004187 -0.009400
v 0.040175 0.014686 -0.009012
v 0.040175 0.014686 -0.009012
v 0.039650 0.011625 -0.009141
v 0.039650 0.011625 -0.009141
v 0.039650 0.011625 -0.009141
v -0.040345 -0.006986 -0.005965
v -0.040345 -0.006986 -0.005965
v -0.040345 -0.006986 -0.005965
v -0.040345 -0.006986 -0.005965
v 0.014967 0.020745 0.004882
v 0.016177 0.020729 0.005576
v 0.018251 -0.020573 0.004181
v 0.018251 -0.020573 0.004181
v 0.018251 -0.020573 0.004181
v 0.016617 -0.020543 0.004509
v 0.016617 -0.020543 0.004509
v 0.016617 -0.020543 0.004509
v 0.016617 -0.020543 0.004509
v 0.018705 -0.020578 0.003579
v 0.018816 0.020809 0.001863
v 0.018080 0.020800 0.002961
v 0.018080 0.020800 0.002961
v 0.013274 -0.020489 0.001866
v 0.013274 -0.020489 0.001866
v 0.013375 0.019329 0.009616
v 0.013375 0.019329 0.009616
v 0.013375 0.019329 0.009616
v 0.013375 0.019329 0.009616
v 0.015142 0.018997 0.009633
v 0.016449 0.019243 0.009639
v 0.016449 0.019243 0.009639
v 0.016449 0.019243 0.009639
v 0.016449 0.019243 0.009639
v 0.006084 0.012936 0.009549
v 0.000961 0.003499 0.009255
v -0.002333 -0.020448 0.007803
v -0.002333 -0.020448 0.007803
v -0.002333 -0.020448 0.007803
v -0.002333 -0.020448 0.007803
v -0.001359 -0.020278 0.007979
v -0.001359 -0.020278 0.007979
v 0.031757 -0.012421 -0.009655
v 0.000587 0.001765 0.009212
v 0.000587 0.001765 0.009212
v 0.037418 0.020703 -0.008432
v 0.037418 0.020703 -0.008432
v 0.037418 0.020703 -0.008432
v 0.037418 0.020703 -0.008432
v 0.037418 0.020703 -0.008432
v 0.037418 0.020703 -0.008432
v 0.037418 0.020703 -0.008432
v 0.037418 0.020703 -0.008432
v 0.037418 0.020703 -0.008432
v 0.037418 0.020703 -0.008432
v 0.004913 -0.020410 0.007491
v 0.004913 -0.020410 0.007491
v 0.004913 -0.020410 0.007491
v 0.004913 -0.020410 0.007491
v 0.034282 0.001579 -0.009575
v 0.035465 0.002111 -0.009547
v 0.035465 0.002111 -0.009547
v 0.002228 -0.013833 0.008943
v 0.002228 -0.013833 0.008943
v 0.003532 -0.012675 0.008929
v 0.036333 0.020647 -0.008435
v 0.036333 0.020647 -0.008435
v 0.036333 0.020647 -0.008435
v 0.026001 -0.020570 -0.003272
v 0.026001 -0.020570 -0.003272
v -0.035843 -0.018810 -0.009349
v -0.035843 -0.018810 -0.009349
v -0.035843 -0.018810 -0.009349
v 0.001528 -0.019367 0.008831
v 0.001528 -0.019367 0.008831
v 0.001528 -0.019367 0.008831
v 0.001528 -0.019367 0.008831
v 0.001528 -0.019367 0.008831
v 0.002972 -0.019105 0.008849
v 0.002972 -0.019105 0.008849
v 0.002972 -0.019105 0.008849
v -0.039557 0.019322 -0.001917
v -0.039557 0.019322 -0.001917
v -0.039557 0.019322 -0.001917
v -0.039557 0.019322 -0.001917
v -0.039557 0.019322 -0.001917
v -0.039557 0.019322 -0.001917
v -0.039628 0.019297 -0.001160
v -0.039628 0.019297 -0.001160
v -0.039628 0.019297 -0.001160
v -0.039628 0.019297 -0.001160
v -0.039628 0.019297 -0.001160
v -0.039628 0.019297 -0.001160
v -0.039554 0.019289 -0.001618
v -0.039554 0.019289 -0.001618
v -0.039554 0.019289 -0.001618
v -0.039554 0.019289 -0.001618
v -0.039702 0.019336 -0.000674
v -0.039702 0.019336 -0.000674
v -0.039702 0.019336 -0.000674
v -0.039556 0.019300 -0.000783
v -0.039556 0.019300 -0.000783
v -0.039556 0.019300 -0.000783
v -0.039556 0.019300 -0.000783
v -0.039556 0.019300 -0.000783
v 0.001138 -0.020142 0.008076
v 0.001138 -0.020142 0.008076
v 0.001138 -0.020142 0.008076
v 0.001138 -0.020142 0.008076
v 0.001138 -0.020142 0.008076
v 0.001972 -0.020256 0.007884
v 0.001972 -0.020256 0.007884
v 0.001972 -0.020256 0.007884
v 0.001687 -0.019930 0.008410
v 0.001687 -0.019930 0.008410
v -0.000661 -0.011614 0.008950
v 0.040627 0.018463 -0.008846
v 0.040627 0.018463 -0.008846
v 0.040627 0.018463 -0.008846
v 0.040627 0.018463 -0.008846
v 0.040627 0.018463 -0.008846
v 0.040627 0.018463 -0.008846
v 0.040627 0.018463 -0.008846
v 0.004055 -0.020517 0.007086
v 0.004055 -0.020517 0.007086
v 0.006499 -0.020469 0.007248
v 0.006499 -0.020469 0.007248
v 0.006499 -0.020469 0.007248
v 0.006499 -0.020469 0.007248
v -0.000559 -0.007116 0.008991
v 0.035606 -0.019061 -0.009533
v 0.035606 -0.019061 -0.009533
v 0.035606 -0.019061 -0.009533
v 0.035606 -0.019061 -0.009533
v 0.035606 -0.019061 -0.009533
v 0.012787 0.006371 0.009349
v 0.012264 0.007066 0.009369
v 0.011341 0.006542 0.009355
v 0.035221 -0.021116 0.007296
v 0.035221 -0.021116 0.007296
v 0.035221 -0.021116 0.007296
v 0.035221 -0.021116 0.007296
v 0.032168 -0.020989 0.006363
v 0.032168 -0.020989 0.006363
v 0.032168 -0.020989 0.006363
v 0.032168 -0.020989 0.006363
v 0.032168 -0.020989 0.006363
v -0.040124 0.019686 -0.002012
v -0.040124 0.019686 -0.002012
v -0.040124 0.019686 -0.002012
v -0.040420 0.019889 -0.001711
v -0.040420 0.019889 -0.001711
v -0.040420 0.019889 -0.001711
v -0.040420 0.019889 -0.001711
v -0.040420 0.019889 -0.001711
v 0.034440 -0.021117 0.006229
v 0.034440 -0.021117 0.006229
v 0.034440 -0.021117 0.006229
v -0.040694 0.020082 -0.000490
v -0.040694 0.020082 -0.000490
v -0.040694 0.020082 -0.000490
v -0.040694 0.020082 -0.000490
v -0.040694 0.020082 -0.000490
v -0.040694 0.020082 -0.000490
v 0.027121 -0.020446 -0.005166
v 0.027121 -0.020446 -0.005166
v 0.000466 0.002783 0.009236
v 0.004054 -0.003702 0.009086
v 0.005299 -0.003935 0.009066
v 0.005615 -0.003236 0.009091
v -0.028372 0.020390 -0.008444
v -0.028372 0.020390 -0.008444
v -0.028372 0.020390 -0.008444
v -0.027707 0.020387 -0.008538
v -0.027707 0.020387 -0.008538
v -0.027707 0.020387 -0.008538
v -0.027707 0.020387 -0.008538
v 0.007973 0.013119 0.009551
v 0.007500 0.014353 0.009587
v 0.001260 -0.001757 0.009153
v -0.029572 -0.004953 -0.009468
v -0.003222 -0.015906 0.008927
v -0.002028 -0.015979 0.008925
v 0.001754 -0.016680 0.008892
v 0.004147 0.000130 0.009208
v 0.004862 0.003264 0.009284
v 0.003146 0.002201 0.009258
v 0.002429 -0.020356 0.007732
v 0.002429 -0.020356 0.007732
v 0.002429 -0.020356 0.007732
v 0.002429 -0.020356 0.007732
v 0.001809 -0.020375 0.007734
v 0.001809 -0.020375 0.007734
v 0.001809 -0.020375 0.007734
v 0.001809 -0.020375 0.007734
v 0.002425 -0.020544 0.007043
v 0.002425 -0.020544 0.007043
v 0.002425 -0.020544 0.007043
v 0.002425 -0.020544 0.007043
v 0.002425 -0.020544 0.007043
v 0.002425 -0.020544 0.007043
v 0.002425 -0.020544 0.007043
v 0.035296 0.020812 -0.008076
v 0.035296 0.020812 -0.008076
v 0.038191 0.020682 -0.008469
v 0.038191 0.020682 -0.008469
v 0.038191 0.020682 -0.008469
v 0.038191 0.020682 -0.008469
v 0.038721 0.020715 -0.008423
v 0.038721 0.020715 -0.008423
v 0.038721 0.020715 -0.008423
v 0.038721 0.020715 -0.008423
v 0.038721 0.020715 -0.008423
v 0.030098 -0.020226 -0.008029
v 0.030098 -0.020226 -0.008029
v 0.030098 -0.020226 -0.008029
v 0.030098 -0.020226 -0.008029
v 0.029434 -0.020110 -0.008266
v 0.011194 0.020674 0.008037
v 0.011194 0.020674 0.008037
v 0.010562 0.020684 0.007394
v 0.001147 -0.020421 0.007719
v 0.001147 -0.020421 0.007719
v 0.001147 -0.020421 0.007719
v 0.001147 -0.020421 0.007719
v 0.001147 -0.020421 0.007719
v 0.001147 -0.020421 0.007719
v 0.031187 -0.018269 -0.009625
v 0.031187 -0.018269 -0.009625
v 0.010115 -0.020507 0.005972
v 0.010115 -0.020507 0.005972
v 0.010115 -0.020507 0.005972
v 0.010115 -0.020507 0.005972
v 0.010115 -0.020507 0.005972
v 0.010115 -0.020507 0.005972
v 0.012769 -0.020522 0.004734
v 0.012769 -0.020522 0.004734
v 0.012769 -0.020522 0.004734
v 0.016434 0.020795 0.003182
v -0.029855 0.004613 -0.009529
v -0.029855 0.004613 -0.009529
v 0.003571 0.004527 0.009309
v 0.036477 0.020801 -0.008107
v 0.036477 0.020801 -0.008107
v 0.009577 0.018204 0.009644
v 0.009577 0.018204 0.009644
v 0.009921 0.019272 0.009617
v 0.009921 0.019272 0.009617
v 0.008483 0.019171 0.009629
v 0.008483 0.019171 0.009629
v 0.008483 0.019171 0.009629
v 0.008483 0.019171 0.009629
v 0.035883 0.021010 -0.002910
v 0.040344 0.020651 -0.008035
v 0.040344 0.020651 -0.008035
v 0.040344 0.020651 -0.008035
v 0.040344 0.020651 -0.008035
v 0.040344 0.020651 -0.008035
v 0.040344 0.020651 -0.008035
v 0.040566 0.020568 -0.007307
v 0.040566 0.020568 -0.007307
v 0.040566 0.020568 -0.007307
v 0.040566 0.020568 -0.007307
v 0.041097 0.020485 -0.007446
v 0.041097 0.020485 -0.007446
v 0.041097 0.020485 -0.007446
v 0.041097 0.020485 -0.007446
v 0.041097 0.020485 -0.007446
v 0.002367 -0.002361 0.009141
v -0.030830 0.015316 -0.009159
v -0.030506 0.013263 -0.009251
v -0.029497 0.008270 -0.009439
v -0.028358 0.008266 -0.009418
v 0.040397 0.020587 -0.008552
v 0.040397 0.020587 -0.008552
v 0.040397 0.020587 -0.008552
v 0.040397 0.020587 -0.008552
v 0.040397 0.020587 -0.008552
v 0.040397 0.020587 -0.008552
v 0.040397 0.020587 -0.008552
v 0.040397 0.020587 -0.008552
v 0.040769 0.019972 -0.008714
v 0.040769 0.019972 -0.008714
v 0.040769 0.019972 -0.008714
v 0.040769 0.019972 -0.008714
v 0.040769 0.019972 -0.008714
v 0.006089 0.009062 0.009429
v 0.004992 0.009010 0.009427
v 0.004678 0.008198 0.009399
v -0.029765 -0.003881 -0.009493
v 0.028100 -0.020221 -0.007769
v 0.028100 -0.020221 -0.007769
v 0.027215 -0.020201 -0.007888
v 0.027215 -0.020201 -0.007888
v 0.026557 -0.020313 -0.006349
v 0.026557 -0.020313 -0.006349
v 0.026557 -0.020313 -0.006349
v 0.000815 -0.011360 0.008944
v 0.001636 -0.000660 0.009178
v 0.036223 -0.004840 -0.009575
v 0.036223 -0.004840 -0.009575
v -0.040556 0.011673 -0.006537
v -0.040556 0.011673 -0.006537
v -0.040556 0.011673 -0.006537
v -0.040556 0.011673 -0.006537
v -0.040556 0.011673 -0.006537
v -0.040556 0.011673 -0.006537
v -0.040536 0.009424 -0.006230
v -0.040536 0.009424 -0.006230
v -0.040536 0.009424 -0.006230
v 0.002629 -0.019847 0.008529
v 0.002629 -0.019847 0.008529
v 0.002629 -0.019847 0.008529
v 0.002629 -0.019847 0.008529
v -0.002759 -0.018337 0.008873
v 0.017780 0.020752 0.004889
v 0.017239 0.020776 0.004131
v 0.017239 0.020776 0.004131
v 0.004207 -0.020602 0.005653
v 0.000988 -0.020647 0.005878
v 0.000988 -0.020647 0.005878
v 0.022116 0.020825 0.001684
v 0.004884 0.014389 0.009597
v 0.039113 -0.004197 0.007197
v 0.039113 -0.004197 0.007197
v 0.039113 -0.004197 0.007197
v 0.039113 -0.004197 0.007197
v 0.033308 0.021008 -0.000788
v 0.001422 -0.019759 0.008682
v 0.001422 -0.019759 0.008682
v 0.001422 -0.019759 0.008682
v 0.001422 -0.019759 0.008682
v 0.001422 -0.019759 0.008682
v 0.003343 -0.019642 0.008798
v 0.003343 -0.019642 0.008798
v 0.003343 -0.019642 0.008798
v 0.003343 -0.019642 0.008798
v 0.003343 -0.019642 0.008798
v 0.003343 -0.019642 0.008798
v 0.004265 -0.007469 0.008958
v 0.003813 -0.006623 0.008986
v 0.003968 -0.020334 0.007752
v 0.003968 -0.020334 0.007752
v 0.003968 -0.020334 0.007752
v 0.004258 -0.020164 0.007993
v 0.004258 -0.020164 0.007993
v 0.038760 0.020457 -0.008603
v 0.038760 0.020457 -0.008603
v 0.038760 0.020457 -0.008603
v 0.038760 0.020457 -0.008603
v 0.038760 0.020457 -0.008603
v 0.021721 0.020645 0.007714
v 0.021392 0.020698 0.006308
v 0.020293 0.020704 0.006132
v 0.008315 0.019777 0.009308
v 0.008315 0.019777 0.009308
v 0.027617 -0.020232 -0.007475
v 0.027617 -0.020232 -0.007475
v -0.039080 -0.020431 -0.008006
v -0.039080 -0.020431 -0.008006
v -0.039080 -0.020431 -0.008006
v -0.039080 -0.020431 -0.008006
v -0.039080 -0.020431 -0.008006
v -0.039080 -0.020431 -0.008006
v 0.011838 -0.020512 0.002344
v 0.011838 -0.020512 0.002344
v 0.011838 -0.020512 0.002344
v 0.010258 -0.020527 0.002239
v 0.010258 -0.020527 0.002239
v 0.003638 0.008279 0.009404
v -0.027504 0.020240 -0.008780
v -0.027504 0.020240 -0.008780
v -0.027504 0.020240 -0.008780
v -0.027504 0.020240 -0.008780
v -0.027504 0.020240 -0.008780
v 0.004727 -0.005684 0.009009
v -0.034051 0.000821 -0.009583
v -0.034051 0.000821 -0.009583
v -0.034370 -0.000899 -0.009570
v -0.034370 -0.000899 -0.009570
v -0.034834 0.000315 -0.009569
v -0.034834 0.000315 -0.009569
v 0.040392 0.005992 -0.009118
v 0.040392 0.005992 -0.009118
v 0.040392 0.005992 -0.009118
v 0.040392 0.005992 -0.009118
v 0.040392 0.005992 -0.009118
v 0.040372 0.010371 -0.009086
v 0.040372 0.010371 -0.009086
v 0.040372 0.010371 -0.009086
v 0.040372 0.010371 -0.009086
v 0.040372 0.010371 -0.009086
v 0.040372 0.010371 -0.009086
v 0.040644 0.007994 -0.009007
v 0.040644 0.007994 -0.009007
v 0.040644 0.007994 -0.009007
v 0.040644 0.007994 -0.009007
v 0.040644 0.007994 -0.009007
v -0.032660 0.020207 -0.008779
v -0.032660 0.020207 -0.008779
v -0.032660 0.020207 -0.008779
v -0.032660 0.020207 -0.008779
v -0.032660 0.020207 -0.008779
v -0.032168 0.020320 -0.008705
v -0.032168 0.020320 -0.008705
v -0.032168 0.020320 -0.008705
v -0.032168 0.020320 -0.008705
v -0.032168 0.020320 -0.008705
v -0.032168 0.020320 -0.008705
v 0.000186 -0.020267 0.007930
v 0.000186 -0.020267 0.007930
v 0.000186 -0.020267 0.007930
v 0.000186 -0.020267 0.007930
v 0.040834 0.016781 -0.008809
v 0.040834 0.016781 -0.008809
v 0.040834 0.016781 -0.008809
v 0.040834 0.016781 -0.008809
v 0.040834 0.016781 -0.008809
v 0.040834 0.016781 -0.008809
v 0.040936 0.018944 -0.008669
v 0.040936 0.018944 -0.008669
v 0.040936 0.018944 -0.008669
v 0.040936 0.018944 -0.008669
v 0.041110 0.017623 -0.008256
v 0.041110 0.017623 -0.008256
v 0.041110 0.017623 -0.008256
v 0.041110 0.017623 -0.008256
v 0.041110 0.017623 -0.008256
v 0.041110 0.017623 -0.008256
v 0.041110 0.017623 -0.008256
v 0.005138 -0.006653 0.008973
v -0.029640 0.002091 -0.009553
v -0.029640 0.002091 -0.009553
v 0.031648 -0.020121 -0.008267
v 0.031648 -0.020121 -0.008267
v 0.031648 -0.020121 -0.008267
v 0.031648 -0.020121 -0.008267
v 0.031648 -0.020121 -0.008267
v 0.002827 -0.007694 0.008958
v 0.036198 -0.000013 -0.009548
v 0.036198 -0.000013 -0.009548
v 0.036198 -0.000013 -0.009548
v 0.036198 -0.000013 -0.009548
v 0.027576 -0.020640 -0.002957
v 0.027576 -0.020640 -0.002957
v 0.027576 -0.020640 -0.002957
v 0.028273 -0.020581 -0.004036
v 0.028273 -0.020581 -0.004036
v 0.006130 0.015146 0.009612
v 0.007786 0.015229 0.009611
v 0.005797 0.006986 0.009369
v 0.005619 0.007895 0.009391
v 0.031799 0.020920 -0.003982
v 0.034512 0.020841 -0.007409
v 0.007208 0.019989 0.009065
v 0.007208 0.019989 0.009065
v 0.039601 0.020668 -0.008540
v 0.039601 0.020668 -0.008540
v 0.039601 0.020668 -0.008540
v 0.039601 0.020668 -0.008540
v 0.039601 0.020668 -0.008540
v -0.029496 -0.002765 -0.009508
v -0.030601 -0.002844 -0.009526
v 0.024282 -0.020512 -0.003267
v 0.024282 -0.020512 -0.003267
v -0.034625 0.020504 -0.006001
v -0.033996 0.020410 -0.007532
v -0.029601 0.018776 -0.008957
v -0.029601 0.018776 -0.008957
v -0.041087 0.020114 -0.001780
v -0.041087 0.020114 -0.001780
v -0.041087 0.020114 -0.001780
v -0.041087 0.020114 -0.001780
v -0.041087 0.020114 -0.001780
v -0.041087 0.020114 -0.001780
v -0.041087 0.020114 -0.001780
v -0.041087 0.020114 -0.001780
v -0.041015 0.020115 -0.002307
v -0.041015 0.020115 -0.002307
v -0.041015 0.020115 -0.002307
v -0.041015 0.020115 -0.002307
v -0.041015 0.020115 -0.002307
v -0.041015 0.020115 -0.002307
v -0.041079 0.020075 -0.002077
v -0.041079 0.020075 -0.002077
v -0.041079 0.020075 -0.002077
v -0.041079 0.020075 -0.002077
v -0.041079 0.020075 -0.002077
v -0.041079 0.020075 -0.002077
v 0.037091 0.002082 -0.009485
v 0.037091 0.002082 -0.009485
v 0.037091 0.002082 -0.009485
v 0.037091 0.002082 -0.009485
v 0.037999 0.000256 -0.009432
v 0.037228 -0.002150 -0.009507
v 0.037228 -0.002150 -0.009507
v 0.033377 -0.020340 -0.007421
v 0.033090 -0.020547 -0.005577
v 0.033090 -0.020547 -0.005577
v 0.032651 -0.021042 0.005013
v 0.032651 -0.021042 0.005013
v 0.032651 -0.021042 0.005013
v -0.039510 0.019618 -0.002835
v -0.039510 0.019618 -0.002835
v -0.039510 0.019618 -0.002835
v -0.039510 0.019618 -0.002835
v -0.039510 0.019618 -0.002835
v -0.039510 0.019618 -0.002835
v -0.029348 0.006399 -0.009486
v -0.029348 0.006399 -0.009486
v -0.029348 0.006399 -0.009486
v -0.031088 0.005012 -0.009542
v -0.031088 0.005012 -0.009542
v -0.031088 0.005012 -0.009542
v -0.031088 0.005012 -0.009542
v 0.017023 0.013739 0.009579
v 0.013622 0.014399 0.009592
v 0.015216 0.013646 0.009575
v 0.013501 0.020169 0.008907
v 0.013501 0.020169 0.008907
v 0.013501 0.020169 0.008907
v 0.015535 0.020417 0.008652
v 0.015535 0.020417 0.008652
v 0.015535 0.020417 0.008652
v 0.015535 0.020417 0.008652
v 0.015535 0.020417 0.008652
v 0.015535 0.020417 0.008652
v 0.012108 0.019646 0.009472
v 0.012108 0.019646 0.009472
v 0.012108 0.019646 0.009472
v 0.012108 0.019646 0.009472
v 0.012053 0.020123 0.008932
v 0.012053 0.020123 0.008932
v 0.011757 0.020549 0.008417
v 0.011757 0.020549 0.008417
v 0.011757 0.020549 0.008417
v 0.011757 0.020549 0.008417
v 0.011757 0.020549 0.008417
v 0.011757 0.020549 0.008417
v 0.010655 0.020466 0.008507
v 0.010655 0.020466 0.008507
v -0.040957 0.004192 -0.000446
v -0.027749 0.018344 -0.008963
v -0.027749 0.018344 -0.008963
v -0.027749 0.018344 -0.008963
v 0.004090 -0.019898 0.008425
v 0.004090 -0.019898 0.008425
v 0.004090 -0.019898 0.008425
v 0.004090 -0.019898 0.008425
v 0.004090 -0.019898 0.008425
v 0.004090 -0.019898 0.008425
v -0.033625 -0.018933 -0.009368
v 0.026344 0.020859 0.001367
v 0.002895 -0.008771 0.008933
v 0.001627 -0.008457 0.008951
v 0.040929 0.015336 -0.008693
v 0.040929 0.015336 -0.008693
v 0.040929 0.015336 -0.008693
v 0.040929 0.015336 -0.008693
v 0.040929 0.015336 -0.008693
v 0.025733 0.020848 -0.001437
v 0.039519 -0.012882 -0.009354
v 0.039519 -0.012882 -0.009354
v 0.039519 -0.012882 -0.009354
v 0.039519 -0.012882 -0.009354
v 0.040161 -0.014819 -0.009263
v 0.040161 -0.014819 -0.009263
v 0.040161 -0.014819 -0.009263
v 0.040161 -0.014819 -0.009263
v 0.040161 -0.014819 -0.009263
v 0.040161 -0.014819 -0.009263
v 0.038790 -0.015903 -0.009436
v 0.038790 -0.015903 -0.009436
v 0.038790 -0.015903 -0.009436
v 0.038790 -0.015903 -0.009436
v 0.038790 -0.015903 -0.009436
v 0.017127 0.020794 0.003350
v -0.032649 0.020526 -0.005871
v -0.035760 0.020686 -0.003083
v 0.029125 0.020911 -0.001490
v 0.039208 -0.004141 0.007145
v 0.039208 -0.004141 0.007145
v 0.039208 -0.004141 0.007145
v 0.039208 -0.004141 0.007145
v 0.039208 -0.004141 0.007145
v 0.039208 -0.004141 0.007145
v 0.006029 -0.019656 0.008769
v 0.006029 -0.019656 0.008769
v 0.006029 -0.019656 0.008769
v 0.006029 -0.019656 0.008769
v 0.006029 -0.019656 0.008769
v 0.006029 -0.019656 0.008769
v 0.006219 -0.019290 0.008827
v 0.006219 -0.019290 0.008827
v 0.006219 -0.019290 0.008827
v 0.006219 -0.019290 0.008827
v -0.000411 -0.020404 0.007787
v 0.036259 0.020971 -0.004110
v 0.004448 -0.019226 0.008845
v 0.004448 -0.019226 0.008845
v 0.004448 -0.019226 0.008845
v 0.008843 -0.018603 0.008822
v 0.008843 -0.018603 0.008822
v 0.005573 -0.018558 0.008850
v -0.038247 -0.019745 -0.009308
v -0.038247 -0.019745 -0.009308
v -0.038247 -0.019745 -0.009308
v -0.038247 -0.019745 -0.009308
v -0.038247 -0.019745 -0.009308
v -0.037301 -0.019533 -0.009325
v -0.037301 -0.019533 -0.009325
v -0.037301 -0.019533 -0.009325
v -0.000945 -0.019403 0.008825
v -0.000945 -0.019403 0.008825
v -0.000945 -0.019403 0.008825
v 0.005082 -0.019893 0.008401
v 0.005082 -0.019893 0.008401
v 0.005082 -0.019893 0.008401
v 0.005082 -0.019893 0.008401
v 0.004954 -0.019682 0.008734
v 0.004954 -0.019682 0.008734
v 0.004954 -0.019682 0.008734
v -0.029787 0.003134 -0.009545
v -0.029787 0.003134 -0.009545
v 0.005882 0.005322 0.009333
v 0.005641 0.003171 0.009281
v 0.003386 -0.010865 0.008925
v 0.002814 -0.010371 0.008928
v 0.011268 0.008952 0.009430
v 0.009793 0.008417 0.009413
v 0.010679 0.007701 0.009389
v 0.009275 0.009866 0.009457
v 0.039836 0.020730 -0.008196
v 0.039836 0.020730 -0.008196
v 0.039836 0.020730 -0.008196
v 0.039836 0.020730 -0.008196
v 0.039836 0.020730 -0.008196
v 0.039836 0.020730 -0.008196
v 0.039704 0.020763 -0.007302
v 0.039704 0.020763 -0.007302
v 0.039704 0.020763 -0.007302
v 0.039704 0.020763 -0.007302
v 0.039704 0.020763 -0.007302
v 0.039704 0.020763 -0.007302
v 0.039704 0.020763 -0.007302
v 0.041055 0.020396 -0.004356
v 0.041055 0.020396 -0.004356
v 0.041055 0.020396 -0.004356
v 0.041055 0.020396 -0.004356
v 0.041055 0.020396 -0.004356
v 0.041277 0.020489 -0.004962
v 0.041277 0.020489 -0.004962
v 0.041032 0.020434 -0.005477
v 0.041032 0.020434 -0.005477
v 0.009053 0.015680 0.009623
v 0.014058 0.018135 0.009635
v 0.014058 0.018135 0.009635
v 0.014800 0.020700 0.006452
v 0.037053 -0.018922 -0.009518
v 0.037053 -0.018922 -0.009518
v 0.037053 -0.018922 -0.009518
v 0.023083 0.020830 0.002053
v 0.034143 -0.018731 -0.009580
v 0.034143 -0.018731 -0.009580
v -0.039447 0.019889 -0.003947
v -0.039447 0.019889 -0.003947
v -0.039581 0.019569 -0.004077
v -0.039581 0.019569 -0.004077
v -0.039581 0.019569 -0.004077
v -0.039581 0.019569 -0.004077
v -0.039581 0.019569 -0.004077
v -0.039581 0.019569 -0.004077
v -0.039509 0.019362 -0.002248
v -0.039509 0.019362 -0.002248
v -0.039509 0.019362 -0.002248
v -0.039509 0.019362 -0.002248
v -0.039509 0.019362 -0.002248
v -0.039509 0.019362 -0.002248
v 0.040461 0.016398 -0.008941
v 0.040461 0.016398 -0.008941
v 0.040461 0.016398 -0.008941
v 0.040461 0.016398 -0.008941
v 0.040461 0.016398 -0.008941
v 0.038879 0.014149 -0.009066
v 0.038879 0.014149 -0.009066
v 0.003769 -0.009834 0.008921
v 0.009629 0.013037 0.009547
v 0.008903 0.014444 0.009591
v 0.005760 0.002682 0.009269
v 0.007692 0.002615 0.009274
v 0.005199 -0.009675 0.008900
v 0.004224 -0.009303 0.008918
v 0.004473 -0.009893 0.008910
v 0.024247 -0.020762 0.004300
v 0.023841 -0.020757 0.004961
v 0.023841 -0.020757 0.004961
v 0.023607 -0.020746 0.004586
v 0.023607 -0.020746 0.004586
v 0.023607 -0.020746 0.004586
v 0.036509 -0.007725 -0.009583
v 0.036509 -0.007725 -0.009583
v 0.036509 -0.007725 -0.009583
v 0.036509 -0.007725 -0.009583
v -0.039721 -0.015325 -0.008828
v -0.039721 -0.015325 -0.008828
v -0.039721 -0.015325 -0.008828
v -0.039721 -0.015325 -0.008828
v -0.039721 -0.015325 -0.008828
v -0.039721 -0.015325 -0.008828
v -0.039721 -0.015325 -0.008828
v -0.039721 -0.015325 -0.008828
v -0.039774 -0.017197 -0.008596
v -0.039774 -0.017197 -0.008596
v -0.039774 -0.017197 -0.008596
v -0.039774 -0.017197 -0.008596
v -0.039774 -0.017197 -0.008596
v -0.039881 -0.014459 -0.008588
v -0.039881 -0.014459 -0.008588
v -0.039881 -0.014459 -0.008588
v -0.039881 -0.014459 -0.008588
v -0.039881 -0.014459 -0.008588
v -0.039881 -0.014459 -0.008588
v 0.035806 -0.012465 -0.009624
v 0.035806 -0.012465 -0.009624
v 0.035806 -0.012465 -0.009624
v -0.030439 0.010555 -0.009372
v 0.011506 -0.020403 0.007282
v 0.011506 -0.020403 0.007282
v 0.011506 -0.020403 0.007282
v 0.011506 -0.020403 0.007282
v 0.011506 -0.020403 0.007282
v 0.012206 -0.020495 0.005881
v 0.012206 -0.020495 0.005881
v 0.012206 -0.020495 0.005881
v 0.027520 -0.020299 -0.006732
v 0.033701 -0.020261 -0.008055
v 0.033701 -0.020261 -0.008055
v 0.033701 -0.020261 -0.008055
v 0.033701 -0.020261 -0.008055
v 0.033701 -0.020261 -0.008055
v 0.034044 -0.020158 -0.008317
v 0.034044 -0.020158 -0.008317
v 0.034044 -0.020158 -0.008317
v 0.034044 -0.020158 -0.008317
v 0.034044 -0.020158 -0.008317
v 0.034044 -0.020158 -0.008317
v 0.036602 -0.020260 -0.007918
v 0.036602 -0.020260 -0.007918
v 0.036602 -0.020260 -0.007918
v 0.036602 -0.020260 -0.007918
v 0.036602 -0.020260 -0.007918
v 0.036602 -0.020260 -0.007918
v 0.036602 -0.020260 -0.007918
v 0.036602 -0.020260 -0.007918
v 0.036602 -0.020260 -0.007918
v -0.040436 -0.004269 -0.005424
v -0.040436 -0.004269 -0.005424
v -0.040543 -0.002808 -0.004579
v 0.027156 0.020874 0.000514
v 0.027806 0.020877 0.002993
v 0.027806 0.020877 0.002993
v 0.005421 0.001276 0.009232
v 0.006647 0.000880 0.009212
v 0.006581 0.001898 0.009249
v -0.039612 0.019509 -0.003197
v -0.039612 0.019509 -0.003197
v -0.039612 0.019509 -0.003197
v -0.039612 0.019509 -0.003197
v -0.039612 0.019509 -0.003197
v -0.039612 0.019509 -0.003197
v -0.039612 0.019509 -0.003197
v -0.039612 0.019509 -0.003197
v -0.039612 0.019509 -0.003197
v -0.039591 0.019429 -0.002774
v -0.039591 0.019429 -0.002774
v -0.039591 0.019429 -0.002774
v -0.039554 0.019384 -0.002565
v -0.039554 0.019384 -0.002565
v -0.039554 0.019384 -0.002565
v -0.039554 0.019384 -0.002565
v -0.039554 0.019384 -0.002565
v -0.039555 0.019294 -0.001394
v -0.039555 0.019294 -0.001394
v -0.039555 0.019294 -0.001394
v -0.039555 0.019294 -0.001394
v -0.039555 0.019294 -0.001394
v 0.016076 0.020647 0.008250
v 0.016076 0.020647 0.008250
v 0.016076 0.020647 0.008250
v 0.016076 0.020647 0.008250
v 0.016916 0.020659 0.008111
v 0.016916 0.020659 0.008111
v 0.016916 0.020659 0.008111
v 0.032966 -0.020732 -0.003370
v 0.032966 -0.020732 -0.003370
v 0.032966 -0.020732 -0.003370
v 0.032910 -0.020622 -0.004755
v 0.032910 -0.020622 -0.004755
v 0.033779 -0.020660 -0.004447
v 0.033779 -0.020660 -0.004447
v 0.033779 -0.020660 -0.004447
v 0.033779 -0.020660 -0.004447
v 0.008752 0.006934 0.009371
v 0.008091 0.008126 0.009407
v 0.007086 0.006871 0.009373
v 0.005396 -0.011129 0.008894
v 0.004885 -0.010644 0.008898
v 0.004675 -0.011273 0.008903
v 0.013549 -0.003658 0.009064
v 0.013989 -0.004482 0.009028
v 0.014891 -0.003935 0.009056
v 0.032905 -0.020187 -0.008217
v 0.032905 -0.020187 -0.008217
v 0.032905 -0.020187 -0.008217
v 0.032905 -0.020187 -0.008217
v 0.013536 -0.020513 0.005253
v 0.013536 -0.020513 0.005253
v 0.036584 -0.019707 -0.008967
v 0.036584 -0.019707 -0.008967
v 0.036584 -0.019707 -0.008967
v 0.036584 -0.019707 -0.008967
v 0.036584 -0.019707 -0.008967
v 0.036584 -0.019707 -0.008967
v 0.036584 -0.019707 -0.008967
v 0.036584 -0.019707 -0.008967
v 0.036584 -0.019707 -0.008967
v 0.015782 0.020682 0.007404
v -0.032233 0.007213 -0.009507
v 0.038519 0.002076 -0.009375
v 0.038519 0.002076 -0.009375
v 0.038519 0.002076 -0.009375
v 0.038509 -0.007651 -0.009430
v 0.038509 -0.007651 -0.009430
v 0.038509 -0.007651 -0.009430
v 0.003712 -0.011566 0.008921
v 0.039699 0.016819 -0.008932
v -0.032331 -0.003678 -0.009544
v 0.014278 0.020449 0.008594
v 0.014278 0.020449 0.008594
v 0.014278 0.020449 0.008594
v 0.012931 0.020520 0.008476
v 0.012931 0.020520 0.008476
v 0.012931 0.020520 0.008476
v 0.012931 0.020520 0.008476
v 0.040167 0.012862 -0.009069
v 0.040167 0.012862 -0.009069
v 0.040167 0.012862 -0.009069
v 0.040167 0.012862 -0.009069
v 0.040167 0.012862 -0.009069
v 0.011831 0.020676 0.007567
v -0.039889 -0.008795 -0.008721
v -0.039889 -0.008795 -0.008721
v -0.039889 -0.008795 -0.008721
v -0.039889 -0.008795 -0.008721
v -0.039889 -0.008795 -0.008721
v -0.039889 -0.008795 -0.008721
v -0.039749 -0.010023 -0.008925
v -0.039749 -0.010023 -0.008925
v -0.039749 -0.010023 -0.008925
v -0.039749 -0.010023 -0.008925
v -0.039749 -0.010023 -0.008925
v -0.039749 -0.010023 -0.008925
v -0.039865 -0.011895 -0.008695
v -0.039865 -0.011895 -0.008695
v -0.039865 -0.011895 -0.008695
v -0.039865 -0.011895 -0.008695
v -0.039865 -0.011895 -0.008695
v -0.039865 -0.011895 -0.008695
v 0.024967 0.020681 0.007524
v 0.024967 0.020681 0.007524
v 0.024967 0.020681 0.007524
v 0.024967 0.020681 0.007524
v 0.025987 0.020754 0.006388
v 0.024575 0.020731 0.006098
v 0.011558 -0.020533 0.004047
v 0.003383 -0.017718 0.008870
v 0.004033 -0.018415 0.008860
v 0.008100 0.011271 0.009498
v 0.020341 -0.020512 -0.000167
v 0.006790 0.008002 0.009399
v 0.005688 -0.020094 0.008056
v 0.005688 -0.020094 0.008056
v 0.005688 -0.020094 0.008056
v 0.004886 -0.020124 0.008036
v 0.003490 -0.001951 0.009152
v 0.006171 -0.001201 0.009150
v 0.007102 -0.002360 0.009114
v 0.007102 -0.002360 0.009114
v 0.006895 -0.000770 0.009159
v 0.006895 -0.000770 0.009159
v 0.039700 0.001195 -0.009237
v 0.039700 0.001195 -0.009237
v 0.039700 0.001195 -0.009237
v 0.039700 0.001195 -0.009237
v 0.039382 0.003167 -0.009273
v 0.039382 0.003167 -0.009273
v 0.041228 0.020474 -0.007761
v 0.041228 0.020474 -0.007761
v 0.041228 0.020474 -0.007761
v 0.041228 0.020474 -0.007761
v 0.041228 0.020474 -0.007761
v 0.041228 0.020474 -0.007761
v 0.040675 0.013755 -0.008927
v 0.040675 0.013755 -0.008927
v 0.040675 0.013755 -0.008927
v 0.040675 0.013755 -0.008927
v 0.040675 0.013755 -0.008927
v 0.040675 0.013755 -0.008927
v 0.037344 -0.016256 -0.009548
v 0.037344 -0.016256 -0.009548
v 0.037344 -0.016256 -0.009548
v 0.035924 -0.015978 -0.009611
v 0.035924 -0.015978 -0.009611
v 0.035924 -0.015978 -0.009611
v 0.017014 0.020362 0.008708
v 0.017014 0.020362 0.008708
v 0.017014 0.020362 0.008708
v 0.017629 0.020591 0.008430
v 0.017629 0.020591 0.008430
v 0.017629 0.020591 0.008430
v 0.017629 0.020591 0.008430
v 0.017629 0.020591 0.008430
v 0.017629 0.020591 0.008430
v 0.017629 0.020591 0.008430
v 0.020963 -0.020478 -0.001531
v 0.006284 0.003461 0.009290
v 0.007973 0.004878 0.009323
v 0.017971 0.010531 0.009471
v 0.018378 0.011773 0.009515
v 0.016912 0.011831 0.009520
v 0.029568 -0.020286 -0.007460
v 0.029568 -0.020286 -0.007460
v 0.026521 -0.020631 -0.002512
v 0.026521 -0.020631 -0.002512
v 0.004575 -0.014946 0.008915
v 0.037512 -0.020133 -0.008248
v 0.037512 -0.020133 -0.008248
v 0.037512 -0.020133 -0.008248
v 0.037512 -0.020133 -0.008248
v 0.037512 -0.020133 -0.008248
v 0.037512 -0.020133 -0.008248
v 0.035578 -0.020103 -0.008379
v 0.035578 -0.020103 -0.008379
v 0.035578 -0.020103 -0.008379
v 0.035578 -0.020103 -0.008379
v 0.039472 0.020873 -0.004688
v 0.039472 0.020873 -0.004688
v 0.039472 0.020873 -0.004688
v 0.039472 0.020873 -0.004688
v 0.039472 0.020873 -0.004688
v 0.039472 0.020873 -0.004688
v 0.040095 0.020656 -0.004407
v 0.040095 0.020656 -0.004407
v 0.040095 0.020656 -0.004407
v 0.040095 0.020656 -0.004407
v 0.040582 0.020487 -0.005663
v 0.040582 0.020487 -0.005663
v 0.040582 0.020487 -0.005663
v 0.040582 0.020487 -0.005663
v 0.013720 -0.005566 0.008984
v 0.014757 -0.004698 0.009022
v 0.005501 -0.008683 0.008908
v 0.004717 -0.008956 0.008914
v 0.038179 -0.004632 -0.009442
v -0.038868 -0.019905 -0.009225
v -0.038868 -0.019905 -0.009225
v -0.038868 -0.019905 -0.009225
v -0.038868 -0.019905 -0.009225
v -0.038868 -0.019905 -0.009225
v -0.038868 -0.019905 -0.009225
v 0.013113 -0.020519 0.003546
v -0.035825 -0.015942 -0.009363
v -0.035825 -0.015942 -0.009363
v -0.035825 -0.015942 -0.009363
v -0.035825 -0.015942 -0.009363
v -0.035825 -0.015942 -0.009363
v -0.035825 -0.015942 -0.009363
v 0.040560 0.020517 -0.006555
v 0.040560 0.020517 -0.006555
v 0.040560 0.020517 -0.006555
v 0.040560 0.020517 -0.006555
v 0.040560 0.020517 -0.006555
v 0.040560 0.020517 -0.006555
v 0.040076 0.020658 -0.006457
v 0.040076 0.020658 -0.006457
v 0.040076 0.020658 -0.006457
v 0.040076 0.020658 -0.006457
v 0.041100 0.013244 -0.008000
v 0.041100 0.013244 -0.008000
v 0.041100 0.013244 -0.008000
v 0.041303 0.016514 -0.006771
v 0.041303 0.016514 -0.006771
v 0.041303 0.016514 -0.006771
v 0.041303 0.016514 -0.006771
v 0.041236 0.012301 -0.006775
v 0.041236 0.012301 -0.006775
v 0.040967 0.020396 -0.005011
v 0.040967 0.020396 -0.005011
v 0.040967 0.020396 -0.005011
v 0.040967 0.020396 -0.005011
v 0.040967 0.020396 -0.005011
v -0.038537 -0.020476 -0.008589
v -0.038537 -0.020476 -0.008589
v -0.038537 -0.020476 -0.008589
v -0.038537 -0.020476 -0.008589
v -0.038537 -0.020476 -0.008589
v -0.038537 -0.020476 -0.008589
v -0.038537 -0.020476 -0.008589
v 0.004480 -0.013921 0.008926
v -0.031165 0.020505 -0.006173
v 0.006312 -0.006232 0.008973
v 0.039483 0.005499 -0.009246
v 0.039483 0.005499 -0.009246
v 0.039483 0.005499 -0.009246
v 0.039483 0.005499 -0.009246
v 0.008122 -0.001009 0.009165
v 0.008122 -0.001009 0.009165
v 0.008122 -0.001009 0.009165
v 0.007259 -0.001098 0.009153
v 0.029991 -0.020380 -0.006682
v 0.030819 -0.020456 -0.006060
v 0.029487 -0.020497 -0.005343
v 0.017964 -0.018244 0.008767
v 0.018843 -0.018838 0.008742
v 0.018843 -0.018838 0.008742
v 0.020166 -0.017730 0.008758
v 0.008474 -0.017264 0.008847
v 0.007200 -0.018285 0.008842
v 0.004113 -0.008597 0.008929
v 0.004113 -0.008597 0.008929
v 0.003510 -0.008231 0.008942
v 0.006122 0.000302 0.009194
v 0.005273 -0.000575 0.009176
v 0.006712 -0.000049 0.009176
v 0.006712 -0.000049 0.009176
v 0.006712 -0.000049 0.009176
v 0.011216 0.016980 0.009640
v 0.009843 0.016738 0.009640
v 0.013064 0.016677 0.009634
v 0.013064 0.016677 0.009634
v 0.007067 0.019249 0.009618
v 0.007067 0.019249 0.009618
v 0.007067 0.019249 0.009618
v 0.007067 0.019249 0.009618
v -0.040740 0.001772 -0.003285
v -0.040740 0.001772 -0.003285
v -0.040740 0.001772 -0.003285
v 0.040180 0.007516 -0.009150
v 0.040180 0.007516 -0.009150
v 0.040180 0.007516 -0.009150
v 0.023167 0.020679 0.006992
v 0.023954 0.020647 0.008130
v 0.023954 0.020647 0.008130
v 0.023954 0.020647 0.008130
v -0.035605 0.011847 -0.009395
v -0.035605 0.011847 -0.009395
v -0.036983 0.010897 -0.009420
v 0.007363 0.001867 0.009252
v 0.007363 0.001867 0.009252
v 0.039144 -0.001573 -0.009325
v 0.039144 -0.001573 -0.009325
v 0.007122 0.001057 0.009219
v -0.036028 -0.009359 -0.009415
v -0.036028 -0.009359 -0.009415
v 0.028630 -0.020366 -0.006424
v 0.012639 0.014207 0.009585
v 0.033734 -0.019793 -0.008814
v 0.033734 -0.019793 -0.008814
v 0.033734 -0.019793 -0.008814
v 0.034529 -0.009346 0.008674
v 0.035204 -0.020279 -0.007868
v 0.035204 -0.020279 -0.007868
v 0.014416 0.020676 0.007490
v 0.006593 -0.015622 0.008887
v 0.005854 -0.014699 0.008912
v 0.004143 -0.010538 0.008914
v 0.025199 0.020647 0.008216
v 0.025199 0.020647 0.008216
v 0.025199 0.020647 0.008216
v 0.025199 0.020647 0.008216
v 0.025199 0.020647 0.008216
v 0.023117 0.020819 0.003107
v 0.023117 0.020819 0.003107
v 0.034487 0.020764 -0.008320
v 0.034487 0.020764 -0.008320
v 0.034487 0.020764 -0.008320
v 0.041166 0.020358 -0.008269
v 0.041166 0.020358 -0.008269
v 0.041166 0.020358 -0.008269
v 0.041166 0.020358 -0.008269
v 0.041166 0.020358 -0.008269
v 0.041166 0.020358 -0.008269
v 0.040939 0.020478 -0.008161
v 0.041031 0.020062 -0.008535
v 0.041031 0.020062 -0.008535
v 0.041031 0.020062 -0.008535
v 0.041031 0.020062 -0.008535
v 0.040863 0.011394 -0.008817
v 0.040863 0.011394 -0.008817
v 0.040863 0.011394 -0.008817
v 0.040863 0.011394 -0.008817
v 0.040863 0.011394 -0.008817
v 0.040863 0.011394 -0.008817
v 0.040863 0.011394 -0.008817
v 0.040863 0.011394 -0.008817
v 0.007607 0.008942 0.009429
v 0.032245 -0.020841 -0.001061
v 0.032383 -0.020885 -0.000109
v 0.030914 -0.020784 -0.001560
v -0.034269 0.013839 -0.009301
v -0.032289 0.013557 -0.009274
v 0.005578 -0.007295 0.008946
v 0.004993 -0.008018 0.008931
v -0.040225 0.019776 -0.002682
v -0.040225 0.019776 -0.002682
v -0.040225 0.019776 -0.002682
v -0.040225 0.019776 -0.002682
v -0.040225 0.019776 -0.002682
v -0.040225 0.019776 -0.002682
v -0.040225 0.019776 -0.002682
v -0.040225 0.019776 -0.002682
v -0.040225 0.019776 -0.002682
v 0.006222 -0.002241 0.009122
v 0.004885 -0.002169 0.009134
v 0.009461 -0.002349 0.009113
v 0.009326 -0.000056 0.009196
v -0.039598 0.019545 -0.003727
v -0.039598 0.019545 -0.003727
v -0.039598 0.019545 -0.003727
v -0.039598 0.019545 -0.003727
v -0.039655 0.019472 -0.003944
v -0.039655 0.019472 -0.003944
v -0.039655 0.019472 -0.003944
v -0.039655 0.019472 -0.003944
v -0.039655 0.019472 -0.003944
v -0.039655 0.019472 -0.003944
v -0.039655 0.019472 -0.003944
v 0.028344 -0.020490 -0.005137
v 0.028344 -0.020490 -0.005137
v 0.028344 -0.020490 -0.005137
v 0.006900 -0.008203 0.008903
v 0.006900 -0.008203 0.008903
v 0.007898 -0.008479 0.008891
v 0.008689 -0.007468 0.008909
v 0.008577 -0.009564 0.008877
v 0.007798 -0.009635 0.008882
v 0.007354 -0.010186 0.008880
v 0.040707 -0.010381 -0.009137
v 0.040707 -0.010381 -0.009137
v 0.040707 -0.010381 -0.009137
v 0.040707 -0.010381 -0.009137
v 0.040707 -0.010381 -0.009137
v 0.040707 -0.010381 -0.009137
v 0.040707 -0.010381 -0.009137
v 0.040707 -0.010381 -0.009137
v 0.040707 -0.010381 -0.009137
v 0.040707 -0.010381 -0.009137
v 0.040707 -0.010381 -0.009137
v 0.040707 -0.010381 -0.009137
v 0.040316 -0.008998 -0.009211
v 0.040316 -0.008998 -0.009211
v 0.040316 -0.008998 -0.009211
v 0.040359 -0.007049 -0.009188
v 0.040359 -0.007049 -0.009188
v 0.040359 -0.007049 -0.009188
v 0.040359 -0.007049 -0.009188
v 0.012929 0.020681 0.007105
v 0.041388 0.020391 -0.006895
v 0.041388 0.020391 -0.006895
v 0.041388 0.020391 -0.006895
v 0.041388 0.020391 -0.006895
v 0.041388 0.020391 -0.006895
v 0.041388 0.020391 -0.006895
v 0.041388 0.020391 -0.006895
v 0.041356 0.020548 -0.006752
v 0.041356 0.020548 -0.006752
v 0.041356 0.020548 -0.006752
v 0.041356 0.020548 -0.006752
v 0.041356 0.020548 -0.006752
v 0.041400 0.020534 -0.006392
v 0.041400 0.020534 -0.006392
v 0.041400 0.020534 -0.006392
v 0.041400 0.020534 -0.006392
v 0.035349 0.021014 -0.002509
v 0.006392 -0.003432 0.009074
v 0.008242 0.000758 0.009223
v 0.008242 0.000758 0.009223
v 0.008242 0.000758 0.009223
v 0.009432 0.003134 0.009285
v 0.041263 0.020265 -0.007849
v 0.041263 0.020265 -0.007849
v 0.041263 0.020265 -0.007849
v 0.041151 0.019635 -0.008263
v 0.041151 0.019635 -0.008263
v 0.041151 0.019635 -0.008263
v 0.041151 0.019635 -0.008263
v 0.008980 0.004980 0.009319
v 0.025414 0.020847 0.001017
v 0.041305 0.019466 -0.007395
v 0.041305 0.019466 -0.007395
v 0.041305 0.019466 -0.007395
v 0.041305 0.019466 -0.007395
v 0.041305 0.019466 -0.007395
v 0.041151 0.008594 -0.007119
v 0.041151 0.008594 -0.007119
v 0.041037 0.010615 -0.008235
v 0.041037 0.010615 -0.008235
v 0.041037 0.010615 -0.008235
v 0.041037 0.010615 -0.008235
v 0.041037 0.010615 -0.008235
v 0.010263 0.014652 0.009598
v 0.017139 0.018162 0.009648
v 0.017139 0.018162 0.009648
v 0.017139 0.018162 0.009648
v 0.015443 0.017935 0.009643
v -0.038619 -0.020304 -0.009151
v -0.038619 -0.020304 -0.009151
v -0.038619 -0.020304 -0.009151
v -0.038619 -0.020304 -0.009151
v -0.039154 -0.020371 -0.008995
v -0.039154 -0.020371 -0.008995
v -0.039154 -0.020371 -0.008995
v -0.039154 -0.020371 -0.008995
v -0.039154 -0.020371 -0.008995
v -0.039154 -0.020371 -0.008995
v -0.039154 -0.020371 -0.008995
v 0.041347 0.020277 -0.007378
v 0.041347 0.020277 -0.007378
v 0.041347 0.020277 -0.007378
v 0.041347 0.020277 -0.007378
v 0.004167 -0.011010 0.008912
v 0.006084 -0.006837 0.008954
v 0.006973 -0.007255 0.008929
v 0.029518 -0.020677 -0.003128
v 0.029518 -0.020677 -0.003128
v 0.029518 -0.020677 -0.003128
v 0.030457 -0.020608 -0.004319
v 0.008505 -0.020125 0.007983
v 0.008505 -0.020125 0.007983
v 0.008505 -0.020125 0.007983
v 0.008505 -0.020125 0.007983
v 0.007471 -0.020122 0.007994
v 0.007471 -0.020122 0.007994
v 0.007471 -0.020122 0.007994
v 0.008058 -0.020274 0.007757
v 0.008058 -0.020274 0.007757
v 0.010027 -0.020376 0.007443
v 0.008390 -0.020444 0.007255
v 0.008390 -0.020444 0.007255
v 0.008390 -0.020444 0.007255
v 0.008390 -0.020444 0.007255
v 0.008390 -0.020444 0.007255
v 0.008145 -0.019307 0.008801
v 0.008145 -0.019307 0.008801
v 0.008145 -0.019307 0.008801
v 0.008145 -0.019307 0.008801
v 0.008145 -0.019307 0.008801
v 0.009727 -0.019278 0.008796
v 0.009727 -0.019278 0.008796
v 0.009727 -0.019278 0.008796
v 0.030631 -0.020243 -0.008002
v 0.030631 -0.020243 -0.008002
v 0.030631 -0.020243 -0.008002
v 0.030631 -0.020243 -0.008002
v 0.006723 -0.005015 0.009011
v 0.007406 -0.003498 0.009066
v 0.006016 -0.007918 0.008920
v -0.039664 0.019557 -0.005499
v -0.039664 0.019557 -0.005499
v -0.039664 0.019557 -0.005499
v -0.039664 0.019557 -0.005499
v -0.039664 0.019557 -0.005499
v -0.039676 0.019630 -0.005805
v -0.039676 0.019630 -0.005805
v -0.039676 0.019630 -0.005805
v -0.039700 0.019659 -0.006030
v -0.039700 0.019659 -0.006030
v -0.039700 0.019659 -0.006030
v -0.039700 0.019659 -0.006030
v -0.039700 0.019659 -0.006030
v -0.039700 0.019659 -0.006030
v 0.006324 -0.008775 0.008901
v 0.006399 -0.009854 0.008892
v -0.039718 0.019442 -0.002416
v -0.039718 0.019442 -0.002416
v -0.039718 0.019442 -0.002416
v 0.040380 -0.003974 0.006822
v 0.040380 -0.003974 0.006822
v 0.040380 -0.003974 0.006822
v 0.040380 -0.003974 0.006822
v 0.040380 -0.003974 0.006822
v 0.040380 -0.003974 0.006822
v 0.040380 -0.003974 0.006822
v 0.040441 -0.002427 0.006824
v 0.040441 -0.002427 0.006824
v 0.040441 -0.002427 0.006824
v 0.040441 -0.002427 0.006824
v 0.022450 -0.020509 -0.002010
v 0.032238 -0.020520 -0.005702
v 0.039910 -0.019835 -0.008811
v 0.039910 -0.019835 -0.008811
v 0.039910 -0.019835 -0.008811
v 0.039910 -0.019835 -0.008811
v 0.039910 -0.019835 -0.008811
v 0.039910 -0.019835 -0.008811
v 0.040619 -0.019776 -0.008801
v 0.040619 -0.019776 -0.008801
v 0.040619 -0.019776 -0.008801
v 0.040619 -0.019776 -0.008801
v 0.040619 -0.019776 -0.008801
v 0.040418 -0.019830 -0.008377
v 0.040418 -0.019830 -0.008377
v 0.040418 -0.019830 -0.008377
v 0.040418 -0.019830 -0.008377
v 0.040418 -0.019830 -0.008377
v 0.040418 -0.019830 -0.008377
v 0.041228 0.020509 -0.006561
v 0.041228 0.020509 -0.006561
v 0.041228 0.020509 -0.006561
v 0.041228 0.020509 -0.006561
v 0.040935 0.020457 -0.006705
v 0.040935 0.020457 -0.006705
v 0.040935 0.020457 -0.006705
v 0.040935 0.020457 -0.006705
v 0.040935 0.020457 -0.006705
v 0.040935 0.020457 -0.006705
v 0.040935 0.020457 -0.006705
v 0.041066 0.020468 -0.006069
v 0.041066 0.020468 -0.006069
v 0.041066 0.020468 -0.006069
v 0.038005 -0.012544 -0.009498
v 0.038005 -0.012544 -0.009498
v 0.038005 -0.012544 -0.009498
v 0.038005 -0.012544 -0.009498
v 0.041083 0.015261 -0.008212
v 0.041083 0.015261 -0.008212
v 0.041083 0.015261 -0.008212
v 0.041083 0.015261 -0.008212
v 0.041083 0.015261 -0.008212
v 0.041083 0.015261 -0.008212
v 0.040983 0.011836 -0.008574
v 0.040983 0.011836 -0.008574
v 0.040983 0.011836 -0.008574
v 0.040983 0.011836 -0.008574
v 0.040983 0.011836 -0.008574
v 0.040967 0.013269 -0.008649
v 0.040967 0.013269 -0.008649
v 0.040967 0.013269 -0.008649
v 0.040967 0.013269 -0.008649
v -0.035083 0.020087 -0.008872
v -0.035083 0.020087 -0.008872
v -0.035083 0.020087 -0.008872
v -0.035083 0.020087 -0.008872
v -0.035083 0.020087 -0.008872
v -0.035083 0.020087 -0.008872
v -0.035083 0.020087 -0.008872
v -0.035083 0.020087 -0.008872
v 0.019732 0.019110 0.009645
v 0.019732 0.019110 0.009645
v 0.019732 0.019110 0.009645
v 0.019732 0.019110 0.009645
v 0.019732 0.019110 0.009645
v 0.019732 0.019110 0.009645
v 0.017877 0.019316 0.009591
v 0.017877 0.019316 0.009591
v 0.008721 -0.003161 0.009078
v 0.009873 -0.004172 0.009035
v 0.015859 0.012410 0.009538
v 0.041541 0.010963 -0.001352
v 0.041528 0.010161 -0.000386
v 0.041521 0.009255 -0.001016
v 0.036301 -0.019317 -0.009388
v 0.036301 -0.019317 -0.009388
v 0.036301 -0.019317 -0.009388
v 0.036301 -0.019317 -0.009388
v 0.034941 -0.019388 -0.009329
v 0.034941 -0.019388 -0.009329
v 0.034941 -0.019388 -0.009329
v 0.040824 -0.019464 -0.008902
v 0.040824 -0.019464 -0.008902
v 0.040824 -0.019464 -0.008902
v 0.040824 -0.019464 -0.008902
v 0.040824 -0.019464 -0.008902
v 0.040915 -0.019734 -0.008610
v 0.040915 -0.019734 -0.008610
v 0.040915 -0.019734 -0.008610
v 0.040915 -0.019734 -0.008610
v 0.040915 -0.019734 -0.008610
v 0.040915 -0.019734 -0.008610
v 0.040915 -0.019734 -0.008610
v 0.040915 -0.019734 -0.008610
v 0.040364 -0.019583 -0.009203
v 0.040364 -0.019583 -0.009203
v 0.040364 -0.019583 -0.009203
v 0.040364 -0.019583 -0.009203
v 0.040364 -0.019583 -0.009203
v 0.040364 -0.019583 -0.009203
v 0.040364 -0.019583 -0.009203
v 0.008793 -0.008546 0.008885
v 0.009430 -0.008425 0.008884
v 0.012598 0.002084 0.009261
v 0.011959 0.002997 0.009280
v 0.011502 0.001993 0.009252
v 0.018611 -0.020386 -0.002034
v 0.039766 -0.007931 -0.009297
v 0.039766 -0.007931 -0.009297
v 0.039766 -0.007931 -0.009297
v 0.040128 -0.011069 -0.009264
v 0.040128 -0.011069 -0.009264
v 0.040128 -0.011069 -0.009264
v 0.040128 -0.011069 -0.009264
v -0.029223 0.016874 -0.009054
v 0.040820 -0.000979 -0.008989
v 0.040820 -0.000979 -0.008989
v 0.040820 -0.000979 -0.008989
v 0.040820 -0.000979 -0.008989
v 0.040932 -0.005290 -0.008892
v 0.040932 -0.005290 -0.008892
v 0.040932 -0.005290 -0.008892
v 0.040932 -0.005290 -0.008892
v 0.040932 -0.005290 -0.008892
v 0.040932 -0.005290 -0.008892
v 0.040780 -0.003461 -0.009049
v 0.040780 -0.003461 -0.009049
v 0.040780 -0.003461 -0.009049
v 0.040780 -0.003461 -0.009049
v 0.006537 -0.013797 0.008914
v 0.006537 -0.013797 0.008914
v 0.004711 -0.012873 0.008919
v 0.013246 -0.020426 0.007107
v 0.013246 -0.020426 0.007107
v 0.013246 -0.020426 0.007107
v 0.037220 -0.014633 -0.009553
v 0.037220 -0.014633 -0.009553
v 0.006055 -0.019828 0.008483
v 0.006533 -0.020056 0.008106
v 0.006533 -0.020056 0.008106
v 0.006533 -0.020056 0.008106
v 0.004936 -0.011935 0.008905
v 0.006129 -0.012734 0.008907
v 0.007400 0.000104 0.009191
v 0.003284 -0.016909 0.008881
v 0.007690 0.001326 0.009236
v 0.033640 0.020980 -0.002624
v 0.030857 0.020929 -0.002696
v 0.040873 0.009509 -0.008840
v 0.040873 0.009509 -0.008840
v 0.040873 0.009509 -0.008840
v 0.040873 0.009509 -0.008840
v 0.040873 0.009509 -0.008840
v 0.024358 0.020817 0.003473
v 0.024358 0.020817 0.003473
v 0.024478 0.020760 0.005226
v 0.025225 0.020791 0.004734
v 0.038799 0.020863 -0.006523
v 0.038799 0.020863 -0.006523
v 0.038799 0.020863 -0.006523
v 0.038799 0.020863 -0.006523
v 0.038220 0.021157 0.001244
v 0.038220 0.021157 0.001244
v 0.038220 0.021157 0.001244
v 0.038638 0.021028 -0.002374
v 0.038638 0.021028 -0.002374
v 0.038638 0.021028 -0.002374
v 0.038216 0.021117 -0.000083
v 0.038216 0.021117 -0.000083
v 0.038216 0.021117 -0.000083
v 0.037316 -0.010020 -0.009537
v 0.037316 -0.010020 -0.009537
v 0.041306 0.020456 -0.007381
v 0.041306 0.020456 -0.007381
v 0.041306 0.020456 -0.007381
v 0.041306 0.020456 -0.007381
v 0.041306 0.020456 -0.007381
v 0.041245 0.020492 -0.006996
v 0.041245 0.020492 -0.006996
v 0.041245 0.020492 -0.006996
v 0.041245 0.020492 -0.006996
v 0.041245 0.020492 -0.006996
v 0.041245 0.020492 -0.006996
v 0.041245 0.020492 -0.006996
v 0.040874 0.007847 -0.008844
v 0.040874 0.007847 -0.008844
v 0.040874 0.007847 -0.008844
v 0.040874 0.007847 -0.008844
v 0.014788 -0.020505 0.005877
v 0.014788 -0.020505 0.005877
v 0.014788 -0.020505 0.005877
v 0.014788 -0.020505 0.005877
v 0.014788 -0.020505 0.005877
v 0.009531 0.005139 0.009318
v 0.010411 0.005700 0.009332
v 0.009267 0.005651 0.009331
v 0.017080 -0.020474 0.000742
v 0.017080 -0.020474 0.000742
v 0.018519 -0.020558 0.002565
v 0.018519 -0.020558 0.002565
v 0.040999 0.005940 -0.008447
v 0.040999 0.005940 -0.008447
v 0.040999 0.007902 -0.008390
v 0.040999 0.007902 -0.008390
v 0.040999 0.007902 -0.008390
v 0.040999 0.007902 -0.008390
v 0.013554 -0.007829 0.008910
v 0.012235 -0.006557 0.008940
v 0.012365 -0.007886 0.008900
v 0.017060 0.007306 0.009385
v 0.018101 0.008053 0.009403
v 0.016379 0.008246 0.009414
v -0.039340 -0.020426 -0.008417
v -0.039340 -0.020426 -0.008417
v -0.039340 -0.020426 -0.008417
v -0.039340 -0.020426 -0.008417
v -0.039340 -0.020426 -0.008417
v 0.019579 -0.020602 0.003998
v 0.019579 -0.020602 0.003998
v 0.019579 -0.020602 0.003998
v 0.005472 -0.017159 0.008865
v -0.039995 -0.017662 -0.007261
v -0.039995 -0.017662 -0.007261
v -0.039995 -0.017662 -0.007261
v -0.039995 -0.017662 -0.007261
v -0.039947 -0.015950 -0.008024
v -0.039947 -0.015950 -0.008024
v -0.039947 -0.015950 -0.008024
v -0.039947 -0.015950 -0.008024
v 0.036898 -0.020682 -0.003912
v 0.036898 -0.020682 -0.003912
v 0.036898 -0.020682 -0.003912
v 0.035964 -0.020773 -0.003094
v 0.035964 -0.020773 -0.003094
v 0.035964 -0.020773 -0.003094
v 0.035234 -0.020670 -0.004314
v 0.035234 -0.020670 -0.004314
v 0.035234 -0.020670 -0.004314
v 0.035234 -0.020670 -0.004314
v -0.040154 0.002387 -0.007653
v -0.040154 0.002387 -0.007653
v -0.040204 0.004501 -0.007595
v -0.040204 0.004501 -0.007595
v 0.010537 0.015763 0.009627
v 0.010537 0.015763 0.009627
v 0.040769 0.005920 -0.008938
v 0.040769 0.005920 -0.008938
v 0.017710 0.020705 0.006252
v 0.037814 0.007356 0.008899
v 0.037814 0.007356 0.008899
v 0.037814 0.007356 0.008899
v 0.039061 0.007375 0.008775
v 0.039061 0.007375 0.008775
v 0.039061 0.007375 0.008775
v 0.039061 0.007375 0.008775
v 0.039061 0.007375 0.008775
v 0.039061 0.007375 0.008775
v 0.038581 0.009041 0.008891
v 0.038581 0.009041 0.008891
v 0.038581 0.009041 0.008891
v 0.039292 -0.000212 0.007704
v 0.039292 -0.000212 0.007704
v 0.039292 -0.000212 0.007704
v 0.039292 -0.000212 0.007704
v 0.039292 -0.000212 0.007704
v 0.039292 -0.000212 0.007704
v 0.039292 -0.000212 0.007704
v -0.041115 0.019654 -0.002655
v -0.041115 0.019654 -0.002655
v -0.041115 0.019654 -0.002655
v -0.041115 0.019654 -0.002655
v -0.041115 0.019654 -0.002655
v 0.040360 0.003709 -0.009128
v 0.040360 0.003709 -0.009128
v 0.040360 0.003709 -0.009128
v 0.040360 0.003709 -0.009128
v 0.005419 -0.004402 0.009046
v 0.010086 0.006938 0.009365
v -0.032132 0.002883 -0.009566
v -0.032874 0.002023 -0.009570
v -0.032852 0.003205 -0.009566
v 0.034434 0.021011 -0.001869
v 0.035992 0.021044 -0.001788
v -0.029248 0.011694 -0.009297
v 0.039083 0.002386 0.008597
v 0.039083 0.002386 0.008597
v 0.039083 0.002386 0.008597
v 0.041441 0.019897 -0.005952
v 0.041441 0.019897 -0.005952
v 0.041441 0.019897 -0.005952
v 0.041441 0.019897 -0.005952
v 0.041441 0.019897 -0.005952
v 0.041441 0.019897 -0.005952
v 0.012067 0.013980 0.009577
v 0.011840 0.015091 0.009608
v 0.018054 0.020646 0.008147
v 0.018054 0.020646 0.008147
v 0.018054 0.020646 0.008147
v 0.018054 0.020646 0.008147
v 0.031835 0.020980 0.004465
v 0.031187 0.020943 0.005339
v 0.034208 0.021048 0.005647
v 0.034208 0.021048 0.005647
v 0.007368 -0.002794 0.009094
v 0.008251 -0.002109 0.009124
v -0.040803 0.020094 -0.001471
v -0.040803 0.020094 -0.001471
v -0.040803 0.020094 -0.001471
v 0.020219 0.020663 0.007310
v 0.019221 0.020645 0.008064
v 0.020349 0.020637 0.008196
v 0.040315 -0.000466 -0.009137
v 0.040315 -0.000466 -0.009137
v 0.040297 -0.002531 -0.009165
v 0.040297 -0.002531 -0.009165
v 0.040297 -0.002531 -0.009165
v 0.040297 -0.002531 -0.009165
v 0.040297 -0.002531 -0.009165
v 0.040447 -0.005045 -0.009150
v 0.040447 -0.005045 -0.009150
v 0.040447 -0.005045 -0.009150
v 0.039591 -0.005886 -0.009299
v 0.039591 -0.005886 -0.009299
v 0.039591 -0.005886 -0.009299
v 0.008826 -0.011140 0.008873
v 0.007929 -0.010771 0.008874
v 0.007340 -0.011849 0.008889
v 0.010425 -0.012986 0.008897
v 0.010781 -0.013919 0.008897
v 0.011921 -0.013638 0.008896
v -0.033670 -0.000364 -0.009579
v 0.014108 0.012207 0.009526
v 0.015803 0.010951 0.009492
v 0.011773 0.018736 0.009627
v 0.012905 0.013495 0.009564
v 0.012091 0.012745 0.009537
v 0.009441 -0.014276 0.008895
v 0.009441 -0.014276 0.008895
v 0.009441 -0.014276 0.008895
v 0.008251 -0.013065 0.008900
v 0.010706 0.010003 0.009460
v 0.010570 0.004705 0.009314
v 0.009481 0.004756 0.009313
v 0.039517 0.020832 -0.006427
v 0.039517 0.020832 -0.006427
v 0.039517 0.020832 -0.006427
v 0.039517 0.020832 -0.006427
v 0.039517 0.020832 -0.006427
v 0.039517 0.020832 -0.006427
v 0.038747 0.020923 -0.004970
v 0.038747 0.020923 -0.004970
v 0.038747 0.020923 -0.004970
v 0.038747 0.020923 -0.004970
v 0.040963 -0.000938 -0.008800
v 0.040963 -0.000938 -0.008800
v 0.040963 -0.000938 -0.008800
v 0.040963 -0.000938 -0.008800
v 0.040963 -0.000938 -0.008800
v 0.040963 -0.000938 -0.008800
v 0.040963 -0.000938 -0.008800
v 0.040878 0.003739 -0.008884
v 0.040878 0.003739 -0.008884
v 0.040878 0.003739 -0.008884
v 0.040878 0.003739 -0.008884
v 0.040878 0.003739 -0.008884
v 0.040878 0.003739 -0.008884
v 0.040878 0.003739 -0.008884
v 0.040878 0.003739 -0.008884
v 0.040878 0.003739 -0.008884
v 0.040878 0.003739 -0.008884
v 0.040949 0.002167 -0.008711
v 0.040949 0.002167 -0.008711
v 0.040949 0.002167 -0.008711
v 0.040949 0.002167 -0.008711
v 0.008342 -0.011873 0.008884
v 0.040785 -0.007591 -0.009067
v 0.040785 -0.007591 -0.009067
v 0.040785 -0.007591 -0.009067
v 0.007104 -0.010905 0.008882
v 0.006862 -0.010273 0.008885
v 0.040931 0.006695 -0.008735
v 0.040931 0.006695 -0.008735
v 0.040931 0.006695 -0.008735
v 0.040931 0.006695 -0.008735
v 0.007364 -0.019868 0.008416
v 0.007364 -0.019868 0.008416
v 0.039602 -0.003728 -0.009279
v 0.005851 -0.009432 0.008898
v -0.039460 -0.009186 -0.009073
v -0.039460 -0.009186 -0.009073
v -0.039460 -0.009186 -0.009073
v -0.039460 -0.009186 -0.009073
v -0.039460 -0.009186 -0.009073
v -0.039460 -0.009186 -0.009073
v -0.039460 -0.009186 -0.009073
v -0.039460 -0.009186 -0.009073
v -0.039142 -0.011505 -0.009064
v -0.039142 -0.011505 -0.009064
v 0.019183 0.020734 0.005394
v 0.025909 0.020828 0.003897
v 0.025909 0.020828 0.003897
v 0.026495 0.020806 0.005155
v 0.027782 0.020833 0.005260
v 0.027782 0.020833 0.005260
v 0.027782 0.020833 0.005260
v 0.010771 0.012552 0.009530
v 0.011037 0.013827 0.009571
v 0.010203 0.011137 0.009491
v 0.036146 0.021083 -0.000328
v 0.035270 0.021062 -0.000281
v 0.039585 -0.002396 0.007113
v 0.039585 -0.002396 0.007113
v 0.039585 -0.002396 0.007113
v 0.039585 -0.002396 0.007113
v 0.039585 -0.002396 0.007113
v 0.013217 0.006876 0.009363
v 0.013217 0.006876 0.009363
v 0.035968 0.020989 -0.003571
v 0.035096 0.021089 0.001491
v 0.035096 0.021089 0.001491
v 0.034267 0.021044 0.000157
v 0.033551 0.021036 0.000744
v 0.014034 0.007183 0.009379
v 0.013465 0.007693 0.009395
v 0.015245 -0.011207 0.008896
v 0.013726 -0.012856 0.008896
v 0.015068 -0.012538 0.008892
v -0.031379 -0.002264 -0.009549
v -0.031979 -0.002697 -0.009552
v 0.041021 0.001953 -0.008049
v 0.041021 0.001953 -0.008049
v 0.041021 0.001953 -0.008049
v 0.041021 0.001953 -0.008049
v 0.041001 0.004130 -0.008451
v 0.041001 0.004130 -0.008451
v 0.041001 0.004130 -0.008451
v 0.041001 0.004130 -0.008451
v 0.041001 0.004130 -0.008451
v 0.041001 0.004130 -0.008451
v 0.008208 -0.015594 0.008875
v 0.007097 -0.016548 0.008865
v 0.010356 -0.020248 0.007793
v 0.010356 -0.020248 0.007793
v 0.010633 -0.020068 0.008067
v 0.010633 -0.020068 0.008067
v 0.009605 -0.020123 0.007984
v 0.009605 -0.020123 0.007984
v -0.032364 0.000817 -0.009571
v 0.039604 -0.020889 0.000002
v 0.039604 -0.020889 0.000002
v 0.039604 -0.020889 0.000002
v 0.039604 -0.020889 0.000002
v 0.038144 -0.020912 -0.000755
v 0.038144 -0.020912 -0.000755
v 0.038144 -0.020912 -0.000755
v 0.039275 -0.020751 -0.001596
v 0.039275 -0.020751 -0.001596
v 0.039275 -0.020751 -0.001596
v 0.039176 -0.010096 -0.009376
v 0.039176 -0.010096 -0.009376
v 0.005721 -0.010367 0.008893
v -0.033320 0.003636 -0.009567
v -0.033928 0.003334 -0.009576
v -0.033843 0.004449 -0.009565
v 0.008406 -0.004539 0.009023
v 0.015070 -0.019720 0.008625
v 0.015070 -0.019720 0.008625
v 0.015070 -0.019720 0.008625
v 0.015070 -0.019720 0.008625
v 0.014048 -0.019667 0.008702
v 0.014048 -0.019667 0.008702
v 0.014048 -0.019667 0.008702
v 0.014048 -0.019667 0.008702
v 0.014048 -0.019667 0.008702
v 0.012173 -0.019673 0.008684
v 0.012173 -0.019673 0.008684
v 0.012173 -0.019673 0.008684
v 0.012173 -0.019673 0.008684
v 0.012173 -0.019673 0.008684
v 0.012173 -0.019673 0.008684
v 0.012173 -0.019673 0.008684
v 0.006274 -0.011175 0.008889
v 0.038968 -0.020041 -0.008185
v 0.038968 -0.020041 -0.008185
v 0.038968 -0.020041 -0.008185
v 0.038968 -0.020041 -0.008185
v 0.038968 -0.020041 -0.008185
v 0.039850 -0.019984 -0.007525
v 0.039850 -0.019984 -0.007525
v 0.039850 -0.019984 -0.007525
v 0.039850 -0.019984 -0.007525
v 0.039850 -0.019984 -0.007525
v 0.039850 -0.019984 -0.007525
v 0.039850 -0.019984 -0.007525
v 0.037684 -0.020306 -0.006946
v 0.037684 -0.020306 -0.006946
v 0.037684 -0.020306 -0.006946
v 0.037684 -0.020306 -0.006946
v 0.009888 -0.010861 0.008872
v 0.009414 -0.012014 0.008884
v 0.040109 -0.021005 0.003874
v 0.040109 -0.021005 0.003874
v 0.040109 -0.021005 0.003874
v 0.040109 -0.021005 0.003874
v 0.040109 -0.021005 0.003874
v 0.026674 0.020073 0.009050
v 0.026674 0.020073 0.009050
v 0.026674 0.020073 0.009050
v 0.026674 0.020073 0.009050
v 0.026674 0.020073 0.009050
v 0.026674 0.020073 0.009050
v 0.026674 0.020073 0.009050
v 0.024368 0.020394 0.008665
v 0.024368 0.020394 0.008665
v 0.024368 0.020394 0.008665
v 0.024368 0.020394 0.008665
v 0.023353 0.019947 0.009182
v 0.023353 0.019947 0.009182
v 0.023353 0.019947 0.009182
v 0.023353 0.019947 0.009182
v 0.023353 0.019947 0.009182
v 0.023353 0.019947 0.009182
v 0.023353 0.019947 0.009182
v 0.024164 -0.020645 0.000154
v 0.019313 0.019768 0.009349
v 0.019313 0.019768 0.009349
v 0.019313 0.019768 0.009349
v 0.019313 0.019768 0.009349
v 0.019313 0.019768 0.009349
v 0.019313 0.019768 0.009349
v 0.021489 0.019324 0.009580
v 0.021489 0.019324 0.009580
v 0.021489 0.019324 0.009580
v 0.021489 0.019324 0.009580
v 0.021489 0.019324 0.009580
v 0.021449 0.019759 0.009339
v 0.021449 0.019759 0.009339
v 0.021449 0.019759 0.009339
v 0.031736 -0.020355 -0.007205
v 0.011483 0.011509 0.009499
v 0.029708 0.020941 0.001015
v 0.030353 0.020950 -0.000181
v 0.011615 -0.008718 0.008883
v 0.010395 -0.008757 0.008881
v 0.009398 -0.009342 0.008875
v 0.007129 -0.009265 0.008889
v 0.007839 -0.006075 0.008963
v 0.039209 -0.005196 0.007089
v 0.039209 -0.005196 0.007089
v 0.039209 -0.005196 0.007089
v 0.039209 -0.005196 0.007089
v 0.039209 -0.005196 0.007089
v 0.039209 -0.005196 0.007089
v 0.039209 -0.005196 0.007089
v 0.039365 -0.006148 0.007056
v 0.039365 -0.006148 0.007056
v 0.010909 -0.002941 0.009087
v 0.010969 -0.001278 0.009148
v 0.010381 -0.001426 0.009143
v 0.041226 0.001188 -0.005103
v 0.041226 0.001188 -0.005103
v 0.041132 0.002009 -0.006614
v 0.041132 0.002009 -0.006614
v 0.041132 0.002009 -0.006614
v 0.041310 0.003191 -0.004360
v 0.040960 -0.009385 -0.008882
v 0.040960 -0.009385 -0.008882
v 0.040960 -0.009385 -0.008882
v 0.040960 -0.009385 -0.008882
v 0.040960 -0.009385 -0.008882
v 0.038174 0.020996 -0.003495
v 0.038174 0.020996 -0.003495
v 0.037614 0.021060 -0.001873
v 0.037614 0.021060 -0.001873
v 0.011496 0.005543 0.009331
v 0.011487 0.003923 0.009300
v 0.012380 0.005584 0.009334
v 0.040636 0.020454 -0.003726
v 0.040636 0.020454 -0.003726
v 0.040636 0.020454 -0.003726
v 0.040720 0.020433 -0.004642
v 0.040720 0.020433 -0.004642
v 0.040720 0.020433 -0.004642
v 0.040720 0.020433 -0.004642
v 0.038842 -0.021224 0.003079
v 0.038842 -0.021224 0.003079
v 0.038842 -0.021224 0.003079
v 0.041309 0.020542 -0.006162
v 0.041309 0.020542 -0.006162
v 0.041309 0.020542 -0.006162
v 0.041309 0.020542 -0.006162
v 0.041309 0.020542 -0.006162
v 0.009301 -0.016198 0.008859
v -0.030844 -0.003480 -0.009523
v 0.023050 0.020571 0.008466
v 0.023050 0.020571 0.008466
v 0.023050 0.020571 0.008466
v 0.023050 0.020571 0.008466
v 0.023050 0.020571 0.008466
v 0.023050 0.020571 0.008466
v 0.023050 0.020571 0.008466
v 0.022567 0.020633 0.008145
v 0.022567 0.020633 0.008145
v 0.022567 0.020633 0.008145
v 0.022567 0.020633 0.008145
v 0.031385 0.020843 0.007916
v 0.031385 0.020843 0.007916
v 0.031385 0.020843 0.007916
v 0.031385 0.020843 0.007916
v 0.031385 0.020843 0.007916
v 0.031385 0.020843 0.007916
v 0.035442 0.021018 0.007632
v 0.035442 0.021018 0.007632
v 0.035442 0.021018 0.007632
v 0.033780 0.020973 0.007369
v 0.039112 0.021099 0.000947
v 0.039112 0.021099 0.000947
v 0.039112 0.021099 0.000947
v 0.039112 0.021099 0.000947
v 0.039112 0.021099 0.000947
v 0.039112 0.021099 0.000947
v 0.038787 0.021180 0.002259
v 0.038787 0.021180 0.002259
v 0.038787 0.021180 0.002259
v 0.038787 0.021180 0.002259
v -0.032982 0.004383 -0.009560
v -0.027766 0.009316 -0.009370
v 0.041305 0.020523 -0.005699
v 0.041305 0.020523 -0.005699
v 0.041305 0.020523 -0.005699
v 0.041305 0.020523 -0.005699
v 0.041305 0.020523 -0.005699
v 0.013430 0.003502 0.009297
v 0.012858 0.004637 0.009320
v 0.026320 -0.020736 0.000961
v 0.025416 -0.020781 0.003547
v 0.024809 -0.020745 0.002796
v 0.007886 -0.020522 0.006282
v 0.007886 -0.020522 0.006282
v 0.040688 0.001434 -0.009033
v 0.040688 0.001434 -0.009033
v 0.040688 0.001434 -0.009033
v 0.040688 0.001434 -0.009033
v 0.040688 0.001434 -0.009033
v 0.040688 0.001434 -0.009033
v 0.040688 0.001434 -0.009033
v 0.040688 0.001434 -0.009033
v 0.040978 -0.018723 -0.008808
v 0.040978 -0.018723 -0.008808
v 0.040978 -0.018723 -0.008808
v 0.040978 -0.018723 -0.008808
v 0.040978 -0.018723 -0.008808
v 0.040978 -0.018723 -0.008808
v 0.040954 -0.017775 -0.008998
v 0.040954 -0.017775 -0.008998
v 0.040954 -0.017775 -0.008998
v 0.040954 -0.017775 -0.008998
v 0.040954 -0.017775 -0.008998
v 0.040954 -0.017775 -0.008998
v 0.040937 0.005294 -0.008724
v 0.040937 0.005294 -0.008724
v 0.040937 0.005294 -0.008724
v 0.013059 0.008875 0.009434
v 0.013841 0.008329 0.009422
v 0.019439 0.020516 0.008521
v 0.019439 0.020516 0.008521
v 0.019439 0.020516 0.008521
v 0.019439 0.020516 0.008521
v 0.018887 0.020618 0.008380
v 0.018887 0.020618 0.008380
v 0.018887 0.020618 0.008380
v 0.010474 0.002029 0.009252
v 0.013278 0.019788 0.009322
v 0.013278 0.019788 0.009322
v 0.012837 0.010836 0.009484
v 0.011687 0.010153 0.009464
v 0.030745 0.020967 0.001607
v 0.031590 0.020986 0.000745
v 0.017676 0.016100 0.009631
v 0.015431 0.016078 0.009628
v 0.007052 -0.017329 0.008855
v 0.024410 -0.020590 -0.001716
v 0.040573 0.001423 0.006859
v 0.040573 0.001423 0.006859
v 0.040573 0.001423 0.006859
v 0.040573 0.001423 0.006859
v 0.040573 0.001423 0.006859
v 0.040573 0.001423 0.006859
v 0.040670 0.002818 0.006722
v 0.040670 0.002818 0.006722
v 0.040670 0.002818 0.006722
v 0.040670 0.002818 0.006722
v 0.040670 0.002818 0.006722
v 0.040679 0.004144 0.006872
v 0.040679 0.004144 0.006872
v 0.040679 0.004144 0.006872
v 0.040679 0.004144 0.006872
v 0.040679 0.004144 0.006872
v 0.040679 0.004144 0.006872
v 0.040679 0.004144 0.006872
v 0.041410 0.020528 -0.006024
v 0.041410 0.020528 -0.006024
v 0.041410 0.020528 -0.006024
v 0.041410 0.020528 -0.006024
v 0.041410 0.020528 -0.006024
v 0.041410 0.020528 -0.006024
v 0.011196 0.007742 0.009390
v 0.041502 0.020483 -0.004037
v 0.041502 0.020483 -0.004037
v 0.041502 0.020483 -0.004037
v 0.041502 0.020483 -0.004037
v 0.041491 0.020482 -0.004430
v 0.041491 0.020482 -0.004430
v 0.041491 0.020482 -0.004430
v 0.041491 0.020482 -0.004430
v 0.041491 0.020482 -0.004430
v 0.041469 0.020521 -0.004264
v 0.041469 0.020521 -0.004264
v 0.041469 0.020521 -0.004264
v 0.041469 0.020521 -0.004264
v 0.041469 0.020521 -0.004264
v 0.007552 -0.014469 0.008903
v 0.007552 -0.014469 0.008903
v 0.014953 0.006836 0.009372
v 0.014953 0.006836 0.009372
v 0.027018 -0.020713 -0.000621
v 0.027563 -0.020747 -0.000019
v 0.034130 -0.020519 -0.005831
v 0.035504 -0.020368 -0.007095
v 0.011010 -0.019831 0.008441
v 0.010308 -0.019673 0.008707
v 0.010308 -0.019673 0.008707
v 0.010308 -0.019673 0.008707
v 0.010308 -0.019673 0.008707
v 0.010308 -0.019673 0.008707
v 0.009971 -0.019864 0.008403
v 0.009971 -0.019864 0.008403
v 0.009971 -0.019864 0.008403
v 0.009971 -0.019864 0.008403
v 0.041139 -0.004578 -0.006448
v 0.041109 -0.008149 -0.007488
v 0.041109 -0.008149 -0.007488
v 0.041038 -0.005264 -0.008214
v 0.041038 -0.005264 -0.008214
v 0.041038 -0.005264 -0.008214
v 0.041038 -0.005264 -0.008214
v 0.041038 -0.005264 -0.008214
v 0.041038 -0.005264 -0.008214
v -0.033980 0.007591 -0.009516
v 0.041082 0.005231 -0.007574
v 0.012012 0.000342 0.009212
v 0.011341 -0.000665 0.009170
v 0.011810 -0.001457 0.009150
v 0.014415 -0.020075 0.008056
v 0.014415 -0.020075 0.008056
v 0.014059 -0.020282 0.007760
v 0.014059 -0.020282 0.007760
v 0.014059 -0.020282 0.007760
v 0.015048 -0.020264 0.007794
v 0.015048 -0.020264 0.007794
v 0.015048 -0.020264 0.007794
v 0.015048 -0.020264 0.007794
v 0.040901 0.000810 -0.008903
v 0.040901 0.000810 -0.008903
v 0.040901 0.000810 -0.008903
v 0.009329 -0.006000 0.008958
v 0.028519 0.020903 0.002368
v 0.029599 0.020933 0.002469
v 0.028854 0.020919 0.001335
v 0.033220 0.021031 0.004007
v 0.033220 0.021031 0.004007
v 0.032034 0.021002 0.002404
v 0.041165 0.020608 0.002876
v 0.041165 0.020608 0.002876
v 0.041165 0.020608 0.002876
v 0.041165 0.020608 0.002876
v 0.041114 0.020620 0.003377
v 0.041114 0.020620 0.003377
v 0.041114 0.020620 0.003377
v 0.041114 0.020620 0.003377
v 0.041114 0.020620 0.003377
v 0.041114 0.020620 0.003377
v 0.041379 0.020645 0.002642
v 0.041379 0.020645 0.002642
v 0.041379 0.020645 0.002642
v 0.041379 0.020645 0.002642
v 0.039627 0.020815 -0.005608
v 0.039627 0.020815 -0.005608
v 0.039627 0.020815 -0.005608
v 0.041520 0.010870 -0.002733
v 0.041520 0.010870 -0.002733
v 0.041520 0.010870 -0.002733
v 0.041446 0.007217 -0.003225
v 0.041446 0.007217 -0.003225
v 0.041458 0.010608 -0.003778
v 0.010869 0.006949 0.009365
v 0.010748 -0.006039 0.008955
v 0.010008 -0.007425 0.008905
v 0.041450 0.014312 -0.004656
v 0.041450 0.014312 -0.004656
v 0.041450 0.014312 -0.004656
v 0.041450 0.014312 -0.004656
v 0.041456 0.020542 -0.004864
v 0.041456 0.020542 -0.004864
v 0.041456 0.020542 -0.004864
v 0.041456 0.020542 -0.004864
v 0.041456 0.020542 -0.004864
v 0.041330 0.020490 -0.004451
v 0.041330 0.020490 -0.004451
v 0.041330 0.020490 -0.004451
v 0.041330 0.020490 -0.004451
v 0.041330 0.020490 -0.004451
v 0.041330 0.020490 -0.004451
v 0.040653 -0.000408 0.006425
v 0.040653 -0.000408 0.006425
v 0.040653 -0.000408 0.006425
v 0.040757 0.001280 0.006158
v 0.040757 0.001280 0.006158
v 0.040757 0.001280 0.006158
v 0.040757 0.001280 0.006158
v 0.040757 0.001280 0.006158
v 0.040757 0.001280 0.006158
v -0.035320 -0.013495 -0.009421
v -0.035320 -0.013495 -0.009421
v 0.041346 0.000993 -0.001183
v 0.041346 0.000993 -0.001183
v 0.041314 0.000141 -0.000913
v 0.041314 0.000141 -0.000913
v 0.041275 -0.001688 -0.002672
v 0.041275 -0.001688 -0.002672
v 0.041275 -0.001688 -0.002672
v 0.041275 -0.001688 -0.002672
v 0.041275 -0.001688 -0.002672
v 0.041275 -0.001688 -0.002672
v 0.041363 0.007447 -0.004497
v 0.041363 0.007447 -0.004497
v 0.041363 0.007447 -0.004497
v 0.041324 0.009816 -0.005444
v 0.041249 0.005322 -0.005568
v 0.040988 -0.007184 -0.008807
v 0.040988 -0.007184 -0.008807
v 0.040988 -0.007184 -0.008807
v 0.040988 -0.007184 -0.008807
v 0.040988 -0.007184 -0.008807
v 0.012164 -0.002956 0.009091
v 0.013214 -0.002071 0.009136
v 0.010764 -0.000743 0.009164
v 0.010633 0.000342 0.009200
v 0.037417 -0.019344 -0.009355
v 0.037417 -0.019344 -0.009355
v 0.037417 -0.019344 -0.009355
v 0.041248 -0.003339 -0.003825
v 0.041248 -0.003339 -0.003825
v 0.041248 -0.003339 -0.003825
v 0.041248 -0.003339 -0.003825
v 0.041248 -0.003339 -0.003825
v 0.041262 -0.000580 -0.004049
v 0.041262 -0.000580 -0.004049
v 0.041262 -0.000580 -0.004049
v 0.041262 -0.000580 -0.004049
v 0.041262 -0.000580 -0.004049
v 0.041262 -0.000580 -0.004049
v 0.039305 -0.003859 0.007580
v 0.039305 -0.003859 0.007580
v 0.039305 -0.003859 0.007580
v 0.039305 -0.003859 0.007580
v 0.039305 -0.003859 0.007580
v 0.039305 -0.003859 0.007580
v 0.038475 -0.019542 -0.009222
v 0.038475 -0.019542 -0.009222
v 0.038475 -0.019542 -0.009222
v 0.038475 -0.019542 -0.009222
v 0.031088 -0.020706 -0.003196
v 0.031088 -0.020706 -0.003196
v -0.032786 0.010925 -0.009398
v 0.036183 0.021113 0.000996
v 0.037121 0.021171 0.002446
v 0.037121 0.021171 0.002446
v 0.037121 0.021171 0.002446
v 0.036649 0.021107 0.000222
v 0.018498 0.020670 0.007299
v 0.019580 0.020636 0.008337
v 0.019580 0.020636 0.008337
v 0.019580 0.020636 0.008337
v 0.019580 0.020636 0.008337
v 0.019580 0.020636 0.008337
v 0.019580 0.020636 0.008337
v 0.017867 0.019856 0.009252
v -0.038586 0.020385 -0.006279
v 0.040684 0.020440 -0.002701
v 0.040684 0.020440 -0.002701
v 0.040684 0.020440 -0.002701
v 0.040684 0.020440 -0.002701
v 0.040684 0.020440 -0.002701
v 0.040684 0.020440 -0.002701
v 0.040684 0.020440 -0.002701
v 0.040684 0.020440 -0.002701
v 0.040684 0.020440 -0.002701
v 0.040684 0.020440 -0.002701
v 0.040684 0.020440 -0.002701
v 0.041117 0.020450 -0.003394
v 0.041117 0.020450 -0.003394
v 0.041117 0.020450 -0.003394
v 0.041117 0.020450 -0.003394
v 0.041117 0.020450 -0.003394
v 0.041117 0.020450 -0.003394
v 0.022423 0.020259 0.008828
v 0.020397 0.020256 0.008830
v 0.020397 0.020256 0.008830
v 0.020397 0.020256 0.008830
v 0.020397 0.020256 0.008830
v 0.020397 0.020256 0.008830
v 0.020397 0.020256 0.008830
v -0.039760 0.019523 -0.003014
v -0.039760 0.019523 -0.003014
v -0.039760 0.019523 -0.003014
v -0.039760 0.019523 -0.003014
v -0.039760 0.019523 -0.003014
v -0.039760 0.019523 -0.003014
v -0.039760 0.019523 -0.003014
v 0.041180 -0.019717 -0.006045
v 0.041180 -0.019717 -0.006045
v 0.041180 -0.019717 -0.006045
v 0.041180 -0.019717 -0.006045
v 0.041180 -0.019717 -0.006045
v 0.041180 -0.019717 -0.006045
v 0.041180 -0.019717 -0.006045
v 0.041180 -0.019717 -0.006045
v 0.041009 -0.019746 -0.006555
v 0.041009 -0.019746 -0.006555
v 0.040999 -0.019756 -0.007060
v 0.040999 -0.019756 -0.007060
v 0.040999 -0.019756 -0.007060
v 0.040999 -0.019756 -0.007060
v 0.040999 -0.019756 -0.007060
v 0.040999 -0.019756 -0.007060
v 0.015243 0.005915 0.009351
v 0.015940 0.006731 0.009368
v 0.036158 -0.020474 -0.006066
v 0.036158 -0.020474 -0.006066
v 0.036985 -0.020547 -0.005179
v 0.036985 -0.020547 -0.005179
v 0.036985 -0.020547 -0.005179
v 0.036985 -0.020547 -0.005179
v 0.019086 -0.008298 0.008909
v 0.019804 -0.009392 0.008879
v 0.021017 -0.009537 0.008865
v 0.021017 -0.009537 0.008865
v -0.041041 0.019749 -0.004151
v -0.041041 0.019749 -0.004151
v -0.041041 0.019749 -0.004151
v -0.041041 0.019749 -0.004151
v -0.041041 0.019749 -0.004151
v -0.041041 0.019749 -0.004151
v -0.041041 0.019749 -0.004151
v -0.039515 -0.018804 -0.008859
v -0.039515 -0.018804 -0.008859
v -0.039515 -0.018804 -0.008859
v -0.039515 -0.018804 -0.008859
v -0.039515 -0.018804 -0.008859
v -0.039536 -0.017147 -0.008911
v -0.039536 -0.017147 -0.008911
v -0.039536 -0.017147 -0.008911
v -0.039536 -0.017147 -0.008911
v -0.039536 -0.017147 -0.008911
v -0.039330 -0.019920 -0.008959
v -0.039330 -0.019920 -0.008959
v -0.039330 -0.019920 -0.008959
v -0.039330 -0.019920 -0.008959
v -0.039330 -0.019920 -0.008959
v -0.039330 -0.019920 -0.008959
v 0.010316 -0.017001 0.008847
v 0.041062 -0.000651 -0.007550
v 0.041062 -0.000651 -0.007550
v 0.041062 -0.000651 -0.007550
v 0.040964 0.000489 -0.008704
v 0.040964 0.000489 -0.008704
v 0.030986 -0.020823 -0.000621
v 0.011476 -0.010975 0.008877
v 0.012330 -0.009973 0.008872
v 0.010597 -0.011020 0.008875
v 0.009632 -0.015288 0.008875
v 0.010840 -0.014654 0.008885
v 0.032419 -0.020809 -0.001841
v 0.031137 -0.020749 -0.002462
v 0.031137 -0.020749 -0.002462
v 0.022537 0.020787 0.004192
v 0.030824 0.020963 0.003009
v 0.011468 0.000811 0.009219
v 0.011468 0.000811 0.009219
v 0.011207 0.000028 0.009189
v 0.011207 0.000028 0.009189
v -0.039722 -0.020395 -0.007412
v -0.039722 -0.020395 -0.007412
v -0.039722 -0.020395 -0.007412
v -0.032085 -0.000248 -0.009569
v -0.032310 -0.010442 -0.009526
v -0.032310 -0.010442 -0.009526
v -0.032310 -0.010442 -0.009526
v 0.014050 -0.016851 0.008851
v 0.012063 -0.017663 0.008838
v 0.013477 -0.018048 0.008823
v 0.015036 -0.020434 0.007324
v 0.015036 -0.020434 0.007324
v 0.015036 -0.020434 0.007324
v 0.015036 -0.020434 0.007324
v 0.015036 -0.020434 0.007324
v 0.015036 -0.020434 0.007324
v 0.015036 -0.020434 0.007324
v 0.024275 -0.020683 0.001230
v 0.023733 -0.020692 0.002071
v 0.009082 -0.008967 0.008879
v 0.027353 -0.020657 -0.002510
v 0.027353 -0.020657 -0.002510
v 0.041248 -0.005067 -0.004053
v 0.041248 -0.005067 -0.004053
v 0.041248 -0.005067 -0.004053
v 0.041248 -0.005067 -0.004053
v 0.041248 -0.005067 -0.004053
v 0.041200 -0.002257 -0.005076
v 0.041200 -0.002257 -0.005076
v 0.041229 -0.012778 -0.005083
v 0.041229 -0.012778 -0.005083
v 0.041259 -0.011637 -0.003368
v 0.041259 -0.011637 -0.003368
v 0.041259 -0.011637 -0.003368
v 0.041257 -0.014948 -0.003874
v 0.041257 -0.014948 -0.003874
v 0.041257 -0.014948 -0.003874
v 0.039772 -0.017905 -0.009359
v 0.039772 -0.017905 -0.009359
v 0.040426 -0.018455 -0.009286
v 0.040426 -0.018455 -0.009286
v 0.040426 -0.018455 -0.009286
v 0.040426 -0.018455 -0.009286
v 0.040426 -0.018455 -0.009286
v 0.040426 -0.018455 -0.009286
v 0.041370 0.005027 -0.003927
v 0.041370 0.005027 -0.003927
v 0.041370 0.005027 -0.003927
v 0.016012 -0.020291 0.007765
v 0.016012 -0.020291 0.007765
v 0.016012 -0.020291 0.007765
v 0.016362 -0.020442 0.007442
v 0.016362 -0.020442 0.007442
v 0.016362 -0.020442 0.007442
v 0.016362 -0.020442 0.007442
v 0.016362 -0.020442 0.007442
v 0.016362 -0.020442 0.007442
v 0.008560 -0.010492 0.008871
v 0.009139 -0.010284 0.008870
v 0.025972 0.020787 0.005375
v 0.041502 0.020148 -0.004763
v 0.041502 0.020148 -0.004763
v 0.041502 0.020148 -0.004763
v 0.041508 0.018250 -0.004676
v 0.041508 0.018250 -0.004676
v 0.041508 0.018250 -0.004676
v 0.039206 -0.000141 0.007267
v 0.039206 -0.000141 0.007267
v 0.039206 -0.000141 0.007267
v 0.039206 -0.000141 0.007267
v 0.039206 -0.000141 0.007267
v 0.039206 -0.000141 0.007267
v 0.039248 0.000149 0.007339
v 0.039248 0.000149 0.007339
v 0.039248 0.000149 0.007339
v 0.039248 0.000149 0.007339
v 0.039248 0.000149 0.007339
v 0.039248 0.000149 0.007339
v 0.039248 0.000149 0.007339
v 0.039223 -0.000184 0.007354
v 0.039223 -0.000184 0.007354
v 0.039223 -0.000184 0.007354
v 0.010494 -0.018418 0.008822
v 0.011440 -0.019421 0.008794
v 0.011440 -0.019421 0.008794
v 0.011440 -0.019421 0.008794
v 0.011440 -0.019421 0.008794
v 0.010596 -0.011690 0.008883
v 0.040847 -0.014984 -0.009055
v 0.040847 -0.014984 -0.009055
v 0.040847 -0.014984 -0.009055
v 0.040847 -0.014984 -0.009055
v 0.040847 -0.014984 -0.009055
v 0.040531 -0.012968 -0.009175
v 0.040531 -0.012968 -0.009175
v 0.040531 -0.012968 -0.009175
v 0.008357 -0.019715 0.008676
v 0.008357 -0.019715 0.008676
v 0.008357 -0.019715 0.008676
v 0.007059 -0.019669 0.008754
v 0.007059 -0.019669 0.008754
v 0.007059 -0.019669 0.008754
v 0.007059 -0.019669 0.008754
v -0.033010 0.008615 -0.009478
v 0.023753 0.020765 0.004915
v 0.012405 0.003501 0.009294
v 0.036941 0.021093 -0.000579
v 0.037278 0.021134 0.000736
v 0.037278 0.021134 0.000736
v 0.041036 -0.010534 -0.008478
v 0.041036 -0.010534 -0.008478
v 0.041036 -0.010534 -0.008478
v 0.041036 -0.010534 -0.008478
v 0.041040 -0.008127 -0.008495
v 0.041040 -0.008127 -0.008495
v 0.041040 -0.008127 -0.008495
v 0.041040 -0.008127 -0.008495
v 0.041505 0.020557 -0.002757
v 0.041505 0.020557 -0.002757
v 0.041505 0.020557 -0.002757
v 0.041505 0.020557 -0.002757
v 0.041505 0.020557 -0.002757
v 0.041552 0.020235 -0.002681
v 0.041552 0.020235 -0.002681
v 0.041552 0.020235 -0.002681
v 0.041552 0.020235 -0.002681
v 0.041552 0.020235 -0.002681
v 0.041518 0.020481 -0.003296
v 0.041518 0.020481 -0.003296
v 0.041518 0.020481 -0.003296
v 0.041518 0.020481 -0.003296
v 0.041518 0.020481 -0.003296
v 0.031787 -0.020659 -0.004024
v 0.041134 -0.001323 -0.006286
v 0.041134 -0.001323 -0.006286
v -0.039700 0.019505 -0.003413
v -0.039700 0.019505 -0.003413
v -0.039700 0.019505 -0.003413
v -0.039700 0.019505 -0.003413
v -0.039700 0.019505 -0.003413
v -0.039820 0.019555 -0.003937
v -0.039820 0.019555 -0.003937
v -0.039820 0.019555 -0.003937
v -0.039820 0.019555 -0.003937
v -0.039820 0.019555 -0.003937
v 0.010892 -0.020282 0.007748
v 0.010892 -0.020282 0.007748
v 0.010892 -0.020282 0.007748
v 0.010892 -0.020282 0.007748
v 0.010892 -0.020282 0.007748
v 0.010892 -0.020282 0.007748
v 0.010892 -0.020282 0.007748
v 0.021784 0.020627 0.008238
v 0.021784 0.020627 0.008238
v 0.021784 0.020627 0.008238
v 0.021784 0.020627 0.008238
v 0.021784 0.020627 0.008238
v 0.021784 0.020627 0.008238
v 0.021169 0.020633 0.008109
v 0.041305 0.001552 -0.003993
v 0.041305 0.001552 -0.003993
v 0.010916 -0.009516 0.008876
v 0.011681 -0.009952 0.008872
v 0.012437 -0.009446 0.008874
v 0.025329 0.004483 0.009269
v 0.025157 0.003156 0.009243
v 0.026403 0.003854 0.009244
v -0.041002 0.020136 -0.001627
v -0.041002 0.020136 -0.001627
v -0.041002 0.020136 -0.001627
v -0.041002 0.020136 -0.001627
v -0.041002 0.020136 -0.001627
v -0.041002 0.020136 -0.001627
v -0.040898 0.020124 -0.000863
v -0.040898 0.020124 -0.000863
v -0.040898 0.020124 -0.000863
v -0.039826 0.001084 -0.009094
v -0.039826 0.001084 -0.009094
v -0.039826 0.001084 -0.009094
v -0.039826 0.001084 -0.009094
v 0.016938 0.006258 0.009356
v 0.016550 0.006810 0.009369
v 0.015969 0.005847 0.009346
v 0.026633 0.020847 0.003510
v 0.017109 0.020679 0.007298
v 0.013503 0.006126 0.009348
v 0.041455 0.020532 -0.005255
v 0.041455 0.020532 -0.005255
v 0.041455 0.020532 -0.005255
v 0.041455 0.020532 -0.005255
v 0.041455 0.020532 -0.005255
v 0.039906 0.020788 -0.000617
v 0.039906 0.020788 -0.000617
v 0.039906 0.020788 -0.000617
v 0.040634 0.020472 -0.000472
v 0.040634 0.020472 -0.000472
v 0.040634 0.020472 -0.000472
v 0.040634 0.020472 -0.000472
v 0.040634 0.020472 -0.000472
v 0.040117 0.020675 -0.001627
v 0.040117 0.020675 -0.001627
v 0.040117 0.020675 -0.001627
v 0.040117 0.020675 -0.001627
v 0.028685 -0.020691 -0.002519
v 0.028685 -0.020691 -0.002519
v 0.029337 -0.020734 -0.001870
v 0.011778 -0.004368 0.009023
v 0.011577 -0.003354 0.009069
v 0.040964 -0.002791 -0.008764
v 0.040964 -0.002791 -0.008764
v 0.035493 -0.020951 -0.000490
v 0.035785 -0.021068 0.001462
v 0.034362 -0.020959 0.000143
v -0.033731 -0.001827 -0.009566
v -0.033393 -0.003444 -0.009548
v -0.033167 0.000793 -0.009576
v 0.013528 -0.011468 0.008896
v 0.012017 -0.012096 0.008895
v 0.012017 -0.012096 0.008895
v -0.040112 0.006215 -0.008374
v 0.012274 -0.020266 0.007810
v 0.012274 -0.020266 0.007810
v 0.012274 -0.020266 0.007810
v 0.012274 -0.020266 0.007810
v 0.012274 -0.020266 0.007810
v 0.012429 -0.020037 0.008122
v 0.012429 -0.020037 0.008122
v 0.012429 -0.020037 0.008122
v 0.011543 -0.020092 0.008039
v 0.011543 -0.020092 0.008039
v 0.011543 -0.020092 0.008039
v 0.038820 0.021055 -0.001106
v 0.038820 0.021055 -0.001106
v 0.039621 -0.019514 -0.009314
v 0.039621 -0.019514 -0.009314
v 0.039621 -0.019514 -0.009314
v 0.039621 -0.019514 -0.009314
v 0.039621 -0.019514 -0.009314
v 0.039621 -0.019514 -0.009314
v 0.039343 -0.019686 -0.009131
v 0.039343 -0.019686 -0.009131
v 0.039343 -0.019686 -0.009131
v 0.039343 -0.019686 -0.009131
v 0.039343 -0.019686 -0.009131
v 0.039343 -0.019686 -0.009131
v 0.038634 -0.019849 -0.008808
v 0.020234 0.020549 0.008465
v 0.020234 0.020549 0.008465
v 0.020234 0.020549 0.008465
v 0.020234 0.020549 0.008465
v 0.035517 0.021119 0.003568
v 0.035517 0.021119 0.003568
v 0.035984 0.021131 0.004792
v 0.036860 0.021170 0.005013
v 0.036860 0.021170 0.005013
v 0.036860 0.021170 0.005013
v 0.011939 0.001311 0.009238
v 0.013710 0.002020 0.009259
v 0.013410 0.002644 0.009276
v 0.013263 0.000103 0.009211
v -0.038698 -0.009294 -0.009170
v 0.040996 -0.000667 -0.008451
v 0.040996 -0.000667 -0.008451
v 0.039230 0.021052 0.000010
v 0.039230 0.021052 0.000010
v 0.039230 0.021052 0.000010
v 0.039230 0.021052 0.000010
v 0.039230 0.021052 0.000010
v 0.039753 0.020891 0.000557
v 0.039753 0.020891 0.000557
v 0.039753 0.020891 0.000557
v 0.039753 0.020891 0.000557
v 0.039753 0.020891 0.000557
v 0.039438 0.020938 -0.001949
v 0.039438 0.020938 -0.001949
v 0.039438 0.020938 -0.001949
v 0.039438 0.020938 -0.001949
v 0.039438 0.020938 -0.001949
v 0.039438 0.020938 -0.001949
v 0.039273 0.020932 -0.003530
v 0.039273 0.020932 -0.003530
v 0.039273 0.020932 -0.003530
v 0.039273 0.020932 -0.003530
v 0.039273 0.020932 -0.003530
v 0.039273 0.020932 -0.003530
v 0.041618 0.018121 -0.000666
v 0.041618 0.018121 -0.000666
v 0.041618 0.018121 -0.000666
v 0.041587 0.014488 -0.000565
v 0.041587 0.014488 -0.000565
v 0.041580 0.013527 -0.001461
v 0.041580 0.013527 -0.001461
v 0.041580 0.013527 -0.001461
v 0.029854 0.001206 0.009061
v 0.029635 0.002161 0.009099
v 0.028465 0.001530 0.009115
v 0.040983 -0.016543 -0.008970
v 0.040983 -0.016543 -0.008970
v 0.040983 -0.016543 -0.008970
v 0.040983 -0.016543 -0.008970
v 0.040983 -0.016543 -0.008970
v 0.040983 -0.016543 -0.008970
v 0.040983 -0.016543 -0.008970
v 0.040983 -0.016543 -0.008970
v 0.040983 -0.016543 -0.008970
v 0.040485 -0.016965 -0.009225
v 0.040485 -0.016965 -0.009225
v 0.040485 -0.016965 -0.009225
v 0.040485 -0.016965 -0.009225
v 0.040485 -0.016965 -0.009225
v 0.040485 -0.016965 -0.009225
v 0.040783 -0.017634 0.002233
v 0.040783 -0.017634 0.002233
v 0.040783 -0.017634 0.002233
v 0.040783 -0.017634 0.002233
v 0.040783 -0.017634 0.002233
v 0.040444 -0.016240 0.004812
v 0.040444 -0.016240 0.004812
v 0.040444 -0.016240 0.004812
v 0.040444 -0.016240 0.004812
v 0.009199 -0.019616 0.008761
v 0.009199 -0.019616 0.008761
v 0.009199 -0.019616 0.008761
v 0.009199 -0.019616 0.008761
v 0.009199 -0.019616 0.008761
v 0.009199 -0.019616 0.008761
v 0.009199 -0.019616 0.008761
v 0.009199 -0.019616 0.008761
v 0.009199 -0.019616 0.008761
v 0.011044 -0.008268 0.008888
v 0.011222 -0.007625 0.008901
v 0.015343 -0.009449 0.008902
v 0.015343 -0.009449 0.008902
v 0.013998 -0.010231 0.008890
v 0.023018 -0.020702 0.003479
v 0.021316 -0.020650 0.004034
v 0.021316 -0.020650 0.004034
v 0.011396 -0.019667 0.008702
v 0.011396 -0.019667 0.008702
v 0.011396 -0.019667 0.008702
v 0.011396 -0.019667 0.008702
v 0.008917 -0.020294 0.007729
v 0.008917 -0.020294 0.007729
v 0.008917 -0.020294 0.007729
v 0.008917 -0.020294 0.007729
v 0.008917 -0.020294 0.007729
v 0.009797 -0.009885 0.008872
v 0.010751 -0.010400 0.008872
v 0.040921 -0.013652 -0.009004
v 0.040921 -0.013652 -0.009004
v 0.040921 -0.013652 -0.009004
v 0.041500 0.009287 -0.002715
v 0.041500 0.009287 -0.002715
v 0.041451 0.005139 -0.002308
v 0.041451 0.005139 -0.002308
v 0.041451 0.005139 -0.002308
v 0.041451 0.005139 -0.002308
v 0.026238 -0.020801 0.003524
v 0.027143 -0.020834 0.004118
v 0.013039 -0.020210 0.007875
v 0.013027 -0.020060 0.008081
v 0.013027 -0.020060 0.008081
v 0.010317 -0.009896 0.008873
v 0.017030 -0.018761 0.008766
v 0.015439 -0.005495 0.008996
v 0.022478 0.020738 0.005437
v 0.040559 -0.001164 0.006716
v 0.040559 -0.001164 0.006716
v 0.040559 -0.001164 0.006716
v 0.040559 -0.001164 0.006716
v 0.040559 -0.001164 0.006716
v 0.040559 -0.001164 0.006716
v 0.014236 -0.002567 0.009121
v 0.020409 0.012108 0.009522
v 0.014292 0.005090 0.009334
v 0.040540 -0.004671 0.006220
v 0.040540 -0.004671 0.006220
v 0.040540 -0.004671 0.006220
v 0.040540 -0.004671 0.006220
v 0.040540 -0.004671 0.006220
v 0.040601 -0.002373 0.006292
v 0.040601 -0.002373 0.006292
v 0.040601 -0.002373 0.006292
v 0.040601 -0.002373 0.006292
v 0.041023 -0.013457 -0.008633
v 0.041023 -0.013457 -0.008633
v 0.041023 -0.013457 -0.008633
v 0.040931 -0.011974 -0.008946
v 0.040931 -0.011974 -0.008946
v 0.040931 -0.011974 -0.008946
v 0.040931 -0.011974 -0.008946
v 0.040931 -0.011974 -0.008946
v 0.040931 -0.011974 -0.008946
v 0.041098 -0.014437 -0.007863
v 0.041098 -0.014437 -0.007863
v 0.041031 -0.015458 -0.008704
v 0.041031 -0.015458 -0.008704
v 0.041031 -0.015458 -0.008704
v 0.041354 0.020507 -0.004033
v 0.041354 0.020507 -0.004033
v 0.041354 0.020507 -0.004033
v 0.041354 0.020507 -0.004033
v 0.041354 0.020507 -0.004033
v 0.041354 0.020507 -0.004033
v -0.040771 0.020052 -0.002455
v -0.040771 0.020052 -0.002455
v -0.040771 0.020052 -0.002455
v -0.040904 0.020116 -0.001951
v -0.040904 0.020116 -0.001951
v -0.040904 0.020116 -0.001951
v -0.040904 0.020116 -0.001951
v -0.040904 0.020116 -0.001951
v -0.040904 0.020116 -0.001951
v -0.040904 0.020116 -0.001951
v -0.040517 0.019927 -0.002102
v -0.040517 0.019927 -0.002102
v -0.041065 0.019618 -0.003486
v -0.041065 0.019618 -0.003486
v -0.041065 0.019618 -0.003486
v -0.041065 0.019618 -0.003486
v -0.041065 0.019618 -0.003486
v -0.040958 0.019998 -0.003217
v -0.040958 0.019998 -0.003217
v -0.040958 0.019998 -0.003217
v -0.040958 0.019998 -0.003217
v -0.040958 0.019998 -0.003217
v -0.040958 0.019998 -0.003217
v -0.040958 0.019998 -0.003217
v -0.040958 0.019998 -0.003217
v -0.040721 0.020011 -0.002928
v -0.040721 0.020011 -0.002928
v -0.040721 0.020011 -0.002928
v -0.040721 0.020011 -0.002928
v -0.040721 0.020011 -0.002928
v -0.040721 0.020011 -0.002928
v -0.040721 0.020011 -0.002928
v -0.040749 0.019995 -0.004271
v -0.040749 0.019995 -0.004271
v -0.040749 0.019995 -0.004271
v 0.015816 0.009560 0.009454
v 0.014451 0.010004 0.009467
v 0.027144 -0.020676 -0.001829
v 0.014593 0.007939 0.009410
v 0.011985 -0.014904 0.008882
v 0.039343 0.002394 0.008380
v 0.039343 0.002394 0.008380
v 0.039343 0.002394 0.008380
v 0.039343 0.002394 0.008380
v 0.039343 0.002394 0.008380
v 0.039317 0.003599 0.008095
v 0.039317 0.003599 0.008095
v 0.039317 0.003599 0.008095
v 0.039317 0.003599 0.008095
v 0.039317 0.003599 0.008095
v -0.032635 -0.000312 -0.009573
v 0.008671 -0.019909 0.008342
v 0.008671 -0.019909 0.008342
v -0.039973 -0.006894 -0.008391
v -0.039973 -0.006894 -0.008391
v -0.039941 -0.005337 -0.008675
v -0.039941 -0.005337 -0.008675
v -0.039941 -0.005337 -0.008675
v -0.039941 -0.005337 -0.008675
v -0.039941 -0.005337 -0.008675
v -0.039941 -0.005337 -0.008675
v 0.041235 -0.019498 -0.005416
v 0.041235 -0.019498 -0.005416
v 0.041235 -0.019498 -0.005416
v 0.041235 -0.019498 -0.005416
v 0.041235 -0.019498 -0.005416
v 0.041235 -0.019498 -0.005416
v 0.041204 -0.019364 -0.004135
v 0.041204 -0.019364 -0.004135
v 0.041184 -0.019794 -0.004004
v 0.041184 -0.019794 -0.004004
v 0.041184 -0.019794 -0.004004
v 0.041184 -0.019794 -0.004004
v 0.041184 -0.019794 -0.004004
v 0.041184 -0.019794 -0.004004
v 0.041184 -0.019794 -0.004004
v 0.041184 -0.019794 -0.004004
v 0.041184 -0.019794 -0.004004
v 0.040904 -0.019761 -0.006424
v 0.040904 -0.019761 -0.006424
v 0.040904 -0.019761 -0.006424
v 0.040750 -0.019773 -0.006617
v 0.040750 -0.019773 -0.006617
v 0.040750 -0.019773 -0.006617
v 0.040750 -0.019773 -0.006617
v 0.040750 -0.019773 -0.006617
v 0.040863 -0.019766 -0.006840
v 0.040863 -0.019766 -0.006840
v 0.040863 -0.019766 -0.006840
v 0.041064 -0.019724 -0.007639
v 0.041064 -0.019724 -0.007639
v 0.041064 -0.019724 -0.007639
v 0.041064 -0.019724 -0.007639
v 0.041064 -0.019724 -0.007639
v 0.041064 -0.019724 -0.007639
v 0.040878 -0.019787 -0.007797
v 0.040878 -0.019787 -0.007797
v 0.040878 -0.019787 -0.007797
v 0.040878 -0.019787 -0.007797
v 0.040878 -0.019787 -0.007797
v 0.040878 -0.019787 -0.007797
v 0.041174 -0.019738 -0.005506
v 0.041174 -0.019738 -0.005506
v 0.041174 -0.019738 -0.005506
v 0.041174 -0.019738 -0.005506
v 0.040011 -0.020255 -0.004376
v 0.040011 -0.020255 -0.004376
v 0.040011 -0.020255 -0.004376
v 0.040011 -0.020255 -0.004376
v 0.040011 -0.020255 -0.004376
v 0.039794 -0.020479 -0.003494
v 0.039794 -0.020479 -0.003494
v 0.039794 -0.020479 -0.003494
v 0.039794 -0.020479 -0.003494
v 0.039794 -0.020479 -0.003494
v 0.039794 -0.020479 -0.003494
v 0.039794 -0.020479 -0.003494
v 0.039794 -0.020479 -0.003494
v 0.039546 -0.020277 -0.005373
v 0.039546 -0.020277 -0.005373
v 0.039546 -0.020277 -0.005373
v 0.039546 -0.020277 -0.005373
v 0.039546 -0.020277 -0.005373
v 0.038910 0.021195 0.003546
v 0.038910 0.021195 0.003546
v 0.038910 0.021195 0.003546
v 0.038910 0.021195 0.003546
v 0.038910 0.021195 0.003546
v 0.038910 0.021195 0.003546
v 0.040773 -0.018616 -0.009095
v 0.040773 -0.018616 -0.009095
v 0.040773 -0.018616 -0.009095
v 0.040568 -0.019190 -0.009262
v 0.040568 -0.019190 -0.009262
v 0.040568 -0.019190 -0.009262
v 0.040568 -0.019190 -0.009262
v 0.040568 -0.019190 -0.009262
v 0.040568 -0.019190 -0.009262
v 0.040839 -0.019773 -0.008256
v 0.040839 -0.019773 -0.008256
v 0.040839 -0.019773 -0.008256
v 0.028254 -0.020730 -0.001215
v 0.012686 -0.011039 0.008887
v 0.012601 -0.010284 0.008876
v -0.039639 -0.019391 -0.008558
v -0.039639 -0.019391 -0.008558
v -0.039639 -0.019391 -0.008558
v -0.039639 -0.019391 -0.008558
v -0.039639 -0.019391 -0.008558
v -0.039540 -0.020265 -0.008566
v -0.039540 -0.020265 -0.008566
v -0.039540 -0.020265 -0.008566
v -0.039540 -0.020265 -0.008566
v -0.039540 -0.020265 -0.008566
v 0.041024 -0.002562 -0.008243
v 0.041024 -0.002562 -0.008243
v 0.018530 0.020347 0.008728
v 0.018530 0.020347 0.008728
v 0.041079 0.020506 -0.001945
v 0.041079 0.020506 -0.001945
v 0.041079 0.020506 -0.001945
v 0.041079 0.020506 -0.001945
v 0.041389 0.020581 -0.001496
v 0.041389 0.020581 -0.001496
v 0.041389 0.020581 -0.001496
v 0.041389 0.020581 -0.001496
v 0.041402 0.020578 -0.001892
v 0.041402 0.020578 -0.001892
v -0.030937 -0.001690 -0.009550
v -0.039936 -0.002935 -0.008684
v -0.039936 -0.002935 -0.008684
v -0.039878 -0.000579 -0.008922
v -0.039878 -0.000579 -0.008922
v -0.039878 -0.000579 -0.008922
v -0.039878 -0.000579 -0.008922
v -0.039878 -0.000579 -0.008922
v -0.039878 -0.000579 -0.008922
v 0.017105 0.010364 0.009471
v 0.018594 -0.006598 0.008959
v 0.016994 -0.006062 0.008979
v 0.017471 -0.008077 0.008925
v 0.017471 -0.008077 0.008925
v 0.009343 -0.019743 0.008629
v 0.009343 -0.019743 0.008629
v 0.009343 -0.019743 0.008629
v 0.009343 -0.019743 0.008629
v 0.009343 -0.019743 0.008629
v 0.014702 0.008777 0.009437
v 0.014178 0.002976 0.009276
v 0.013975 -0.001423 0.009163
v 0.014692 -0.001915 0.009149
v 0.041502 0.007868 -0.001772
v 0.041502 0.007868 -0.001772
v 0.041502 0.007868 -0.001772
v 0.041531 0.010303 -0.002009
v 0.041531 0.010303 -0.002009
v 0.041531 0.010303 -0.002009
v 0.016943 0.003928 0.009311
v 0.017815 0.005622 0.009345
v 0.027409 -0.020853 0.004991
v 0.027409 -0.020853 0.004991
v 0.025634 -0.020798 0.004007
v 0.019863 0.008057 0.009396
v 0.019392 0.009737 0.009438
v -0.033895 0.010224 -0.009441
v 0.018435 -0.020564 0.005896
v 0.018435 -0.020564 0.005896
v 0.018435 -0.020564 0.005896
v 0.018435 -0.020564 0.005896
v 0.012764 -0.008671 0.008887
v 0.014146 -0.015153 0.008888
v 0.015431 -0.014480 0.008893
v 0.014030 -0.014259 0.008890
v 0.016554 -0.009614 0.008900
v 0.016554 -0.009614 0.008900
v 0.016554 -0.009614 0.008900
v 0.016554 -0.009614 0.008900
v 0.015487 -0.007565 0.008934
v 0.015487 -0.007565 0.008934
v 0.041058 -0.017237 -0.008526
v 0.041058 -0.017237 -0.008526
v 0.041058 -0.017237 -0.008526
v 0.041058 -0.017237 -0.008526
v 0.041058 -0.017237 -0.008526
v 0.041058 -0.017237 -0.008526
v 0.010646 -0.015772 0.008865
v 0.040918 -0.012660 0.001881
v 0.040717 -0.012666 0.003521
v 0.040726 -0.015248 0.003100
v 0.040726 -0.015248 0.003100
v 0.040726 -0.015248 0.003100
v 0.037652 -0.020802 -0.002369
v 0.037652 -0.020802 -0.002369
v 0.037652 -0.020802 -0.002369
v 0.036673 -0.020825 -0.002356
v 0.036673 -0.020825 -0.002356
v 0.013331 -0.009356 0.008881
v 0.013331 -0.009356 0.008881
v 0.037665 -0.020744 -0.003013
v 0.037665 -0.020744 -0.003013
v 0.037665 -0.020744 -0.003013
v 0.037665 -0.020744 -0.003013
v 0.037665 -0.020744 -0.003013
v 0.038152 -0.020532 -0.004623
v 0.038152 -0.020532 -0.004623
v 0.038152 -0.020532 -0.004623
v 0.021495 0.018483 0.009622
v 0.021495 0.018483 0.009622
v 0.023589 0.018154 0.009604
v 0.023589 0.018154 0.009604
v 0.025073 0.019046 0.009580
v 0.025073 0.019046 0.009580
v 0.025073 0.019046 0.009580
v 0.025073 0.019046 0.009580
v 0.025073 0.019046 0.009580
v 0.025073 0.019046 0.009580
v 0.025073 0.019046 0.009580
v 0.025073 0.019046 0.009580
v 0.025073 0.019046 0.009580
v 0.041525 0.020596 -0.002371
v 0.041525 0.020596 -0.002371
v 0.041525 0.020596 -0.002371
v 0.041525 0.020596 -0.002371
v 0.041525 0.020596 -0.002371
v 0.041525 0.020596 -0.002371
v 0.041525 0.020596 -0.002371
v 0.041525 0.020596 -0.002371
v 0.041525 0.020596 -0.002371
v 0.041525 0.020596 -0.002371
v 0.012708 -0.009839 0.008873
v 0.012708 -0.009839 0.008873
v 0.029527 0.020027 0.009078
v 0.029527 0.020027 0.009078
v 0.029527 0.020027 0.009078
v 0.029527 0.020027 0.009078
v 0.028731 0.020444 0.008681
v 0.028731 0.020444 0.008681
v 0.028731 0.020444 0.008681
v 0.028731 0.020444 0.008681
v 0.028731 0.020444 0.008681
v -0.031189 0.020360 -0.008515
v -0.031189 0.020360 -0.008515
v -0.031189 0.020360 -0.008515
v -0.031189 0.020360 -0.008515
v -0.031189 0.020360 -0.008515
v -0.032769 0.020337 -0.008593
v -0.032769 0.020337 -0.008593
v -0.032769 0.020337 -0.008593
v -0.032769 0.020337 -0.008593
v -0.032769 0.020337 -0.008593
v -0.032769 0.020337 -0.008593
v 0.021149 -0.020618 0.002300
v 0.021149 -0.020618 0.002300
v 0.016198 -0.012457 0.008889
v 0.016822 -0.011829 0.008887
v 0.016809 -0.011196 0.008887
v 0.014493 -0.008875 0.008900
v 0.015959 -0.013647 0.008894
v 0.015066 -0.013483 0.008890
v 0.041077 -0.003048 -0.007431
v 0.032332 -0.020941 0.001433
v 0.031325 -0.020910 0.001752
v 0.030655 -0.020860 0.000782
v 0.030655 -0.020860 0.000782
v 0.011955 -0.019824 0.008445
v 0.011955 -0.019824 0.008445
v 0.023676 -0.020645 0.007569
v 0.023676 -0.020645 0.007569
v 0.023676 -0.020645 0.007569
v 0.023676 -0.020645 0.007569
v 0.023676 -0.020645 0.007569
v 0.023676 -0.020645 0.007569
v 0.023676 -0.020645 0.007569
v 0.019520 -0.020393 0.007738
v 0.019520 -0.020393 0.007738
v 0.019520 -0.020393 0.007738
v 0.019520 -0.020393 0.007738
v 0.019520 -0.020393 0.007738
v 0.019188 -0.020508 0.007384
v 0.019188 -0.020508 0.007384
v 0.019188 -0.020508 0.007384
v 0.019188 -0.020508 0.007384
v 0.019188 -0.020508 0.007384
v 0.019188 -0.020508 0.007384
v 0.019188 -0.020508 0.007384
v 0.019188 -0.020508 0.007384
v 0.041202 -0.007360 -0.005507
v 0.014148 0.001298 0.009239
v 0.014830 0.001338 0.009240
v 0.014623 0.002445 0.009261
v 0.014623 0.002445 0.009261
v 0.041510 0.020477 -0.003827
v 0.041510 0.020477 -0.003827
v 0.041510 0.020477 -0.003827
v 0.041510 0.020477 -0.003827
v 0.041510 0.020477 -0.003827
v 0.041510 0.020477 -0.003827
v 0.041510 0.020477 -0.003827
v 0.041431 0.020491 -0.003631
v 0.041431 0.020491 -0.003631
v 0.041431 0.020491 -0.003631
v 0.041431 0.020491 -0.003631
v 0.041546 0.019992 -0.003730
v 0.041546 0.019992 -0.003730
v 0.041546 0.019992 -0.003730
v 0.041546 0.019992 -0.003730
v 0.041579 0.017864 -0.002873
v 0.041579 0.017864 -0.002873
v 0.041579 0.017864 -0.002873
v 0.041579 0.017864 -0.002873
v 0.016992 0.002701 0.009278
v 0.016992 0.002701 0.009278
v 0.015597 0.002960 0.009282
v -0.032823 -0.001523 -0.009570
v 0.023154 0.019377 0.009505
v 0.023154 0.019377 0.009505
v 0.023154 0.019377 0.009505
v 0.023154 0.019377 0.009505
v 0.025730 0.020279 0.008804
v 0.025730 0.020279 0.008804
v 0.025730 0.020279 0.008804
v 0.025730 0.020279 0.008804
v -0.039200 -0.018880 -0.009091
v -0.039200 -0.018880 -0.009091
v -0.039200 -0.018880 -0.009091
v -0.039200 -0.018880 -0.009091
v -0.039200 -0.018880 -0.009091
v 0.015174 0.005216 0.009335
v -0.035731 -0.017621 -0.009349
v -0.035731 -0.017621 -0.009349
v -0.035731 -0.017621 -0.009349
v 0.040102 0.020667 -0.002788
v 0.040102 0.020667 -0.002788
v 0.040102 0.020667 -0.002788
v 0.040102 0.020667 -0.002788
v -0.032887 -0.002728 -0.009558
v 0.016876 -0.004382 0.009041
v 0.041171 -0.019325 -0.006751
v 0.041171 -0.019325 -0.006751
v 0.041171 -0.019325 -0.006751
v 0.041171 -0.019325 -0.006751
v 0.041171 -0.019325 -0.006751
v 0.041171 -0.019325 -0.006751
v 0.041041 -0.019161 -0.008207
v 0.041041 -0.019161 -0.008207
v 0.041041 -0.019161 -0.008207
v 0.041041 -0.019161 -0.008207
v 0.041041 -0.019161 -0.008207
v -0.037188 -0.017415 -0.009288
v -0.037188 -0.017415 -0.009288
v -0.037188 -0.017415 -0.009288
v 0.024440 0.004319 0.009271
v 0.023247 0.004485 0.009285
v 0.015150 -0.002365 0.009133
v 0.016970 -0.002325 0.009135
v 0.015520 -0.001742 0.009160
v 0.015520 -0.001742 0.009160
v 0.017497 0.003574 0.009302
v -0.032432 0.019698 -0.008930
v -0.032432 0.019698 -0.008930
v -0.032432 0.019698 -0.008930
v -0.032432 0.019698 -0.008930
v -0.032432 0.019698 -0.008930
v -0.032432 0.019698 -0.008930
v 0.019632 0.000563 0.009205
v 0.019590 0.001199 0.009218
v 0.018368 0.000637 0.009202
v 0.033139 0.021033 0.002011
v 0.033104 0.018111 0.009395
v 0.032012 0.019248 0.009443
v 0.032012 0.019248 0.009443
v 0.032012 0.019248 0.009443
v 0.032012 0.019248 0.009443
v 0.032012 0.019248 0.009443
v 0.030732 0.018416 0.009477
v 0.023052 0.001324 0.009209
v 0.022878 0.000391 0.009172
v 0.023893 0.001157 0.009189
v 0.017257 -0.019684 0.008653
v 0.017257 -0.019684 0.008653
v 0.017257 -0.019684 0.008653
v 0.017257 -0.019684 0.008653
v 0.017257 -0.019684 0.008653
v 0.017257 -0.019684 0.008653
v 0.014791 0.003877 0.009302
v 0.015999 0.004739 0.009324
v 0.014981 0.004717 0.009325
v 0.021541 0.020561 0.008457
v 0.021541 0.020561 0.008457
v 0.021541 0.020561 0.008457
v 0.021541 0.020561 0.008457
v 0.021541 0.020561 0.008457
v 0.027687 0.020774 0.007042
v 0.027687 0.020774 0.007042
v 0.027687 0.020774 0.007042
v 0.014494 -0.001078 0.009175
v 0.015207 -0.000971 0.009182
v 0.014218 -0.000009 0.009206
v 0.029142 0.020899 0.003941
v 0.030328 0.020936 0.004110
v -0.040186 0.019747 -0.005361
v -0.040186 0.019747 -0.005361
v -0.040186 0.019747 -0.005361
v -0.040186 0.019747 -0.005361
v -0.040186 0.019747 -0.005361
v -0.040186 0.019747 -0.005361
v -0.040080 0.019731 -0.005905
v -0.040080 0.019731 -0.005905
v -0.040080 0.019731 -0.005905
v -0.040080 0.019731 -0.005905
v -0.040080 0.019731 -0.005905
v -0.040080 0.019731 -0.005905
v -0.040482 0.019874 -0.006001
v -0.040482 0.019874 -0.006001
v -0.040482 0.019874 -0.006001
v -0.040482 0.019874 -0.006001
v -0.040482 0.019874 -0.006001
v -0.040482 0.019874 -0.006001
v 0.041550 0.020585 -0.002158
v 0.041550 0.020585 -0.002158
v 0.041550 0.020585 -0.002158
v 0.041550 0.020585 -0.002158
v 0.041550 0.020585 -0.002158
v 0.041593 0.015750 -0.000062
v 0.041610 0.019355 0.000872
v 0.041610 0.019355 0.000872
v 0.041610 0.019355 0.000872
v 0.041574 0.013704 0.000099
v 0.041574 0.013704 0.000099
v 0.041574 0.013704 0.000099
v 0.041574 0.013704 0.000099
v 0.012975 -0.014104 0.008891
v 0.041565 0.012396 -0.001283
v 0.041565 0.012396 -0.001283
v 0.041552 0.011716 -0.000331
v 0.013044 -0.015100 0.008885
v 0.012068 -0.016214 0.008864
v 0.019489 -0.001639 0.009138
v 0.019777 -0.000376 0.009177
v 0.018383 -0.002261 0.009131
v 0.041087 -0.011496 -0.007899
v 0.041087 -0.011496 -0.007899
v 0.041229 -0.009923 -0.004830
v 0.041250 -0.006419 -0.004104
v -0.039951 0.019741 -0.006715
v -0.039951 0.019741 -0.006715
v -0.039951 0.019741 -0.006715
v -0.039951 0.019741 -0.006715
v -0.039634 0.019967 -0.007477
v -0.039634 0.019967 -0.007477
v -0.039634 0.019967 -0.007477
v -0.039634 0.019967 -0.007477
v -0.039634 0.019967 -0.007477
v -0.039634 0.019967 -0.007477
v 0.041164 -0.010955 -0.006536
v 0.041164 -0.010955 -0.006536
v -0.040171 0.019762 -0.003466
v -0.040171 0.019762 -0.003466
v -0.040171 0.019762 -0.003466
v -0.040171 0.019762 -0.003466
v -0.040171 0.019762 -0.003466
v -0.040475 0.019924 -0.003966
v -0.040475 0.019924 -0.003966
v -0.040475 0.019924 -0.003966
v -0.040475 0.019924 -0.003966
v -0.040475 0.019924 -0.003966
v 0.013320 -0.019015 0.008792
v 0.013320 -0.019015 0.008792
v 0.013320 -0.019015 0.008792
v 0.012811 -0.019594 0.008733
v 0.012811 -0.019594 0.008733
v 0.012811 -0.019594 0.008733
v 0.012811 -0.019594 0.008733
v 0.012811 -0.019594 0.008733
v 0.012811 -0.019594 0.008733
v 0.012811 -0.019594 0.008733
v -0.031141 0.017537 -0.009055
v 0.041216 -0.004819 -0.004884
v 0.015572 -0.020064 0.008079
v 0.015572 -0.020064 0.008079
v 0.026575 0.020457 0.008616
v 0.026575 0.020457 0.008616
v 0.026575 0.020457 0.008616
v 0.025737 0.020553 0.008461
v 0.025737 0.020553 0.008461
v 0.025737 0.020553 0.008461
v 0.025737 0.020553 0.008461
v 0.025737 0.020553 0.008461
v 0.016737 -0.020068 0.008079
v 0.016737 -0.020068 0.008079
v 0.017316 -0.019862 0.008376
v 0.017316 -0.019862 0.008376
v 0.021209 0.008261 0.009394
v 0.022041 0.009298 0.009424
v 0.020529 0.009724 0.009436
v 0.036275 -0.021030 0.000554
v 0.035602 -0.020891 -0.001470
v 0.035602 -0.020891 -0.001470
v 0.036912 -0.020947 -0.000721
v 0.036912 -0.020947 -0.000721
v 0.036912 -0.020947 -0.000721
v 0.036912 -0.020947 -0.000721
v 0.038709 0.021208 0.004767
v 0.038709 0.021208 0.004767
v 0.038709 0.021208 0.004767
v 0.038709 0.021208 0.004767
v 0.038709 0.021208 0.004767
v 0.038087 0.021208 0.003751
v 0.038087 0.021208 0.003751
v 0.038087 0.021208 0.003751
v 0.038087 0.021208 0.003751
v 0.041568 0.014544 -0.002324
v 0.041568 0.014544 -0.002324
v 0.041588 0.019962 -0.001706
v 0.041588 0.019962 -0.001706
v 0.041588 0.019962 -0.001706
v 0.041588 0.019962 -0.001706
v 0.030658 0.020876 0.007050
v 0.030658 0.020876 0.007050
v 0.030658 0.020876 0.007050
v 0.030277 0.020904 0.005523
v 0.029117 0.020860 0.005706
v 0.032333 -0.020029 0.008088
v 0.032333 -0.020029 0.008088
v 0.032333 -0.020029 0.008088
v 0.032333 -0.020029 0.008088
v 0.033404 -0.020097 0.008031
v 0.033404 -0.020097 0.008031
v 0.033404 -0.020097 0.008031
v 0.033404 -0.020097 0.008031
v 0.033404 -0.020097 0.008031
v 0.021056 0.010569 0.009465
v 0.019802 0.010307 0.009455
v -0.031935 0.008879 -0.009452
v -0.030774 0.008052 -0.009463
v -0.033380 0.011618 -0.009378
v -0.038206 -0.002767 -0.009343
v -0.038206 -0.002767 -0.009343
v -0.036323 -0.003427 -0.009467
v -0.036323 -0.003427 -0.009467
v 0.013219 -0.019865 0.008377
v 0.013219 -0.019865 0.008377
v 0.013219 -0.019865 0.008377
v 0.041394 0.020529 -0.003395
v 0.041394 0.020529 -0.003395
v 0.041394 0.020529 -0.003395
v 0.041394 0.020529 -0.003395
v 0.041394 0.020529 -0.003395
v 0.041394 0.020529 -0.003395
v 0.041394 0.020529 -0.003395
v 0.017734 -0.020085 0.008062
v 0.017734 -0.020085 0.008062
v 0.017734 -0.020085 0.008062
v 0.018226 -0.019840 0.008408
v 0.018226 -0.019840 0.008408
v 0.018226 -0.019840 0.008408
v 0.018226 -0.019840 0.008408
v 0.018226 -0.019840 0.008408
v 0.018226 -0.019840 0.008408
v 0.014912 0.003160 0.009280
v 0.034615 -0.020795 0.007562
v 0.034615 -0.020795 0.007562
v 0.034615 -0.020795 0.007562
v 0.034615 -0.020795 0.007562
v 0.018573 0.003560 0.009296
v 0.018794 0.000084 0.009195
v 0.018794 0.000084 0.009195
v 0.018396 -0.000655 0.009179
v 0.018396 -0.000655 0.009179
v 0.018396 -0.000655 0.009179
v 0.019500 -0.005488 0.008992
v 0.020000 -0.006540 0.008952
v 0.014820 -0.000059 0.009206
v 0.017447 0.000651 0.009206
v 0.015735 0.000870 0.009229
v 0.016304 -0.000698 0.009184
v 0.020533 -0.020630 0.005404
v 0.020533 -0.020630 0.005404
v 0.020533 -0.020630 0.005404
v 0.019981 -0.016636 0.008794
v 0.019732 -0.015021 0.008850
v 0.017353 -0.015318 0.008871
v 0.034077 0.021064 0.002298
v 0.034077 0.021064 0.002298
v 0.034367 0.021069 0.004377
v 0.022299 0.017012 0.009614
v 0.022017 0.007407 0.009366
v 0.022406 0.006976 0.009352
v 0.023652 0.006310 0.009324
v -0.034177 0.008748 -0.009489
v -0.034894 0.010196 -0.009447
v -0.034894 0.010196 -0.009447
v 0.025286 0.017172 0.009578
v 0.026468 0.018856 0.009571
v 0.026468 0.018856 0.009571
v 0.026468 0.018856 0.009571
v 0.026468 0.018856 0.009571
v 0.034560 -0.020767 -0.003151
v 0.016321 -0.020499 0.006554
v 0.016321 -0.020499 0.006554
v 0.016321 -0.020499 0.006554
v 0.040951 0.020465 0.001033
v 0.040951 0.020465 0.001033
v 0.040951 0.020465 0.001033
v 0.040951 0.020465 0.001033
v 0.040951 0.020465 0.001033
v 0.040951 0.020465 0.001033
v 0.040966 0.020434 0.000075
v 0.040966 0.020434 0.000075
v 0.040966 0.020434 0.000075
v 0.040966 0.020434 0.000075
v 0.040966 0.020434 0.000075
v -0.040093 0.019745 -0.006392
v -0.040093 0.019745 -0.006392
v -0.040093 0.019745 -0.006392
v -0.040093 0.019745 -0.006392
v -0.040093 0.019745 -0.006392
v -0.040093 0.019745 -0.006392
v -0.040093 0.019745 -0.006392
v -0.039734 0.019857 -0.006695
v -0.039734 0.019857 -0.006695
v -0.039734 0.019857 -0.006695
v -0.039734 0.019857 -0.006695
v -0.039734 0.019857 -0.006695
v -0.039734 0.019857 -0.006695
v -0.039734 0.019857 -0.006695
v -0.039734 0.019857 -0.006695
v -0.040312 -0.003289 -0.006362
v -0.040114 -0.002012 -0.007639
v -0.040114 -0.002012 -0.007639
v -0.040114 -0.002012 -0.007639
v -0.040114 -0.002012 -0.007639
v 0.040707 -0.019780 -0.007144
v 0.040707 -0.019780 -0.007144
v 0.040707 -0.019780 -0.007144
v 0.040707 -0.019780 -0.007144
v 0.040421 -0.019844 -0.007012
v 0.040421 -0.019844 -0.007012
v 0.040421 -0.019844 -0.007012
v 0.040421 -0.019844 -0.007012
v 0.040568 -0.019816 -0.007739
v 0.040568 -0.019816 -0.007739
v 0.040568 -0.019816 -0.007739
v 0.040568 -0.019816 -0.007739
v 0.040568 -0.019816 -0.007739
v 0.040568 -0.019816 -0.007739
v 0.040665 -0.019817 -0.005955
v 0.040665 -0.019817 -0.005955
v 0.040665 -0.019817 -0.005955
v 0.040665 -0.019817 -0.005955
v 0.040665 -0.019817 -0.005955
v 0.040665 -0.019817 -0.005955
v 0.040215 -0.019955 -0.006304
v 0.040215 -0.019955 -0.006304
v 0.040215 -0.019955 -0.006304
v -0.039885 -0.010328 -0.008689
v -0.039885 -0.010328 -0.008689
v -0.039990 -0.012832 -0.008005
v -0.039990 -0.012832 -0.008005
v -0.039990 -0.012832 -0.008005
v -0.039980 -0.009715 -0.008204
v -0.039980 -0.009715 -0.008204
v 0.027665 0.005617 0.009266
v 0.026519 0.002573 0.009206
v 0.029290 0.006568 0.009253
v 0.017210 -0.001210 0.009169
v 0.023497 0.010549 0.009458
v 0.021959 0.014069 0.009563
v -0.040637 0.019989 -0.003532
v -0.040637 0.019989 -0.003532
v -0.040637 0.019989 -0.003532
v -0.040637 0.019989 -0.003532
v -0.040637 0.019989 -0.003532
v 0.029583 -0.020779 -0.000800
v -0.041001 0.020085 -0.002569
v -0.041001 0.020085 -0.002569
v -0.041001 0.020085 -0.002569
v -0.041001 0.020085 -0.002569
v 0.041380 0.002941 -0.003008
v 0.041380 0.002941 -0.003008
v 0.015035 -0.018315 0.008802
v -0.037524 -0.015952 -0.009255
v -0.037524 -0.015952 -0.009255
v -0.037524 -0.015952 -0.009255
v 0.013516 -0.015837 0.008876
v 0.041262 -0.008830 -0.003586
v 0.041262 -0.008830 -0.003586
v 0.015664 -0.019202 0.008767
v 0.015664 -0.019202 0.008767
v 0.015524 -0.019576 0.008724
v 0.015524 -0.019576 0.008724
v 0.015524 -0.019576 0.008724
v 0.015524 -0.019576 0.008724
v 0.041142 -0.019236 -0.002562
v 0.041142 -0.019236 -0.002562
v 0.041142 -0.019236 -0.002562
v 0.041142 -0.019236 -0.002562
v 0.041142 -0.019236 -0.002562
v 0.041142 -0.019236 -0.002562
v 0.041482 0.020579 -0.000080
v 0.041482 0.020579 -0.000080
v 0.041482 0.020579 -0.000080
v 0.041482 0.020579 -0.000080
v 0.041347 0.020553 0.000620
v 0.041347 0.020553 0.000620
v 0.041347 0.020553 0.000620
v 0.041347 0.020553 0.000620
v 0.041347 0.020553 0.000620
v 0.041347 0.020553 0.000620
v 0.041347 0.020553 0.000620
v 0.041566 0.020578 0.000507
v 0.041566 0.020578 0.000507
v 0.041566 0.020578 0.000507
v 0.041566 0.020578 0.000507
v 0.041566 0.020578 0.000507
v 0.041566 0.020578 0.000507
v 0.041566 0.020578 0.000507
v 0.041347 0.020652 0.003082
v 0.041347 0.020652 0.003082
v 0.041347 0.020652 0.003082
v 0.039276 -0.000082 0.007224
v 0.039276 -0.000082 0.007224
v 0.039276 -0.000082 0.007224
v 0.039276 -0.000082 0.007224
v 0.039425 -0.000602 0.007165
v 0.039425 -0.000602 0.007165
v 0.039425 -0.000602 0.007165
v 0.039425 -0.000602 0.007165
v 0.039425 -0.000602 0.007165
v 0.039425 -0.000602 0.007165
v 0.041376 0.020530 -0.002921
v 0.041376 0.020530 -0.002921
v 0.041376 0.020530 -0.002921
v 0.041432 0.020575 -0.002398
v 0.041432 0.020575 -0.002398
v 0.041432 0.020575 -0.002398
v 0.041432 0.020575 -0.002398
v 0.041576 0.020579 -0.000643
v 0.041576 0.020579 -0.000643
v 0.041576 0.020579 -0.000643
v 0.041576 0.020579 -0.000643
v 0.041609 0.020064 -0.000885
v 0.041609 0.020064 -0.000885
v 0.041609 0.020064 -0.000885
v -0.034733 0.001659 -0.009578
v -0.034733 0.001659 -0.009578
v 0.019082 -0.003867 0.009061
v 0.017928 -0.003126 0.009097
v -0.037730 -0.005307 -0.009327
v -0.037730 -0.005307 -0.009327
v -0.037730 -0.005307 -0.009327
v -0.037442 -0.007932 -0.009320
v -0.037442 -0.007932 -0.009320
v 0.021277 -0.005633 0.008978
v 0.023584 -0.005853 0.008950
v 0.023584 -0.005853 0.008950
v 0.022521 -0.005426 0.008977
v 0.031586 -0.020972 0.003794
v 0.030896 -0.020917 0.002793
v -0.033417 0.002697 -0.009573
v 0.041411 0.004428 -0.000088
v 0.041441 0.006133 0.000250
v 0.041367 0.004192 0.001032
v 0.020893 0.006651 0.009357
v -0.039807 0.006142 -0.009203
v -0.039807 0.006142 -0.009203
v -0.039807 0.006142 -0.009203
v -0.039807 0.006142 -0.009203
v -0.039807 0.006142 -0.009203
v 0.013581 -0.020102 0.008014
v 0.013581 -0.020102 0.008014
v 0.013581 -0.020102 0.008014
v 0.040170 -0.020219 -0.003057
v 0.040170 -0.020219 -0.003057
v 0.040170 -0.020219 -0.003057
v 0.040170 -0.020219 -0.003057
v 0.040170 -0.020219 -0.003057
v 0.016200 -0.003353 0.009088
v 0.015223 -0.002957 0.009106
v 0.019682 0.010721 0.009472
v 0.020409 0.003406 0.009285
v 0.020232 0.004722 0.009319
v 0.018348 0.004395 0.009320
v 0.025039 0.019858 0.009268
v 0.025039 0.019858 0.009268
v 0.025039 0.019858 0.009268
v 0.025039 0.019858 0.009268
v 0.025039 0.019858 0.009268
v 0.022910 0.007761 0.009373
v 0.024173 0.007987 0.009375
v -0.032443 0.005267 -0.009548
v -0.035954 0.020269 -0.008606
v -0.034888 0.020350 -0.008152
v 0.015707 -0.016066 0.008862
v 0.015167 -0.015494 0.008883
v 0.017697 0.009562 0.009443
v -0.030456 0.020352 -0.008579
v -0.030456 0.020352 -0.008579
v 0.041621 0.020084 0.000005
v 0.041621 0.020084 0.000005
v 0.041621 0.020084 0.000005
v 0.019324 0.017479 0.009642
v 0.019324 0.017479 0.009642
v 0.035570 0.021102 0.005817
v 0.035570 0.021102 0.005817
v 0.035570 0.021102 0.005817
v 0.041338 0.020571 0.001459
v 0.041338 0.020571 0.001459
v 0.041338 0.020571 0.001459
v 0.041338 0.020571 0.001459
v 0.041338 0.020571 0.001459
v 0.041338 0.020571 0.001459
v 0.041338 0.020571 0.001459
v 0.041472 0.020589 0.001068
v 0.041472 0.020589 0.001068
v 0.020812 0.016649 0.009622
v 0.020812 0.016649 0.009622
v 0.030056 0.019205 0.009507
v 0.030056 0.019205 0.009507
v 0.030056 0.019205 0.009507
v 0.030056 0.019205 0.009507
v 0.030056 0.019205 0.009507
v 0.030056 0.019205 0.009507
v 0.028029 0.018062 0.009542
v 0.028029 0.018062 0.009542
v 0.029524 0.017131 0.009491
v 0.019116 0.001762 0.009231
v 0.019149 0.002398 0.009250
v 0.019149 0.002398 0.009250
v 0.017904 0.001248 0.009219
v 0.025116 -0.020787 0.004183
v 0.039481 -0.004527 0.007064
v 0.039481 -0.004527 0.007064
v 0.039481 -0.004527 0.007064
v 0.034588 0.021036 0.006799
v 0.034588 0.021036 0.006799
v 0.034588 0.021036 0.006799
v 0.033382 0.021012 0.005951
v 0.028561 0.020820 0.006548
v 0.030602 -0.020886 0.001930
v 0.028554 -0.020813 0.001477
v 0.028545 -0.020784 0.000242
v 0.028244 -0.020753 -0.000510
v 0.031528 -0.019668 0.008395
v 0.031528 -0.019668 0.008395
v 0.031528 -0.019668 0.008395
v 0.031528 -0.019668 0.008395
v 0.031528 -0.019668 0.008395
v 0.031528 -0.019668 0.008395
v 0.031220 -0.020006 0.008127
v 0.031220 -0.020006 0.008127
v 0.031220 -0.020006 0.008127
v 0.031220 -0.020006 0.008127
v 0.031220 -0.020006 0.008127
v 0.036128 0.009335 0.009081
v 0.036128 0.009335 0.009081
v 0.036128 0.009335 0.009081
v 0.036178 0.006836 0.008985
v 0.036178 0.006836 0.008985
v 0.021922 -0.020679 0.004943
v 0.021922 -0.020679 0.004943
v 0.041261 -0.001744 -0.001614
v 0.041261 -0.001744 -0.001614
v 0.041240 -0.002416 -0.001394
v 0.041240 -0.002416 -0.001394
v 0.041240 -0.002416 -0.001394
v 0.041494 0.007370 -0.000904
v 0.041494 0.007370 -0.000904
v 0.041494 0.007370 -0.000904
v 0.041480 0.006193 -0.001211
v 0.041480 0.006193 -0.001211
v 0.041480 0.006193 -0.001211
v 0.041480 0.006193 -0.001211
v -0.037015 0.001340 -0.009490
v -0.037015 0.001340 -0.009490
v -0.037015 0.001340 -0.009490
v -0.038370 -0.000188 -0.009384
v -0.038370 -0.000188 -0.009384
v -0.038370 -0.000188 -0.009384
v 0.041248 -0.017924 -0.005184
v 0.041248 -0.017924 -0.005184
v 0.041248 -0.017924 -0.005184
v 0.041105 -0.019787 -0.003682
v 0.041105 -0.019787 -0.003682
v 0.041105 -0.019787 -0.003682
v 0.040900 -0.019843 -0.003069
v 0.040900 -0.019843 -0.003069
v 0.040900 -0.019843 -0.003069
v 0.040900 -0.019843 -0.003069
v 0.040900 -0.019843 -0.003069
v 0.040900 -0.019843 -0.003069
v 0.040873 -0.019779 -0.007460
v 0.040873 -0.019779 -0.007460
v 0.040873 -0.019779 -0.007460
v 0.017409 -0.000108 0.009189
v 0.018096 -0.000027 0.009189
v -0.033735 0.001698 -0.009580
v 0.026139 0.015026 0.009533
v 0.023499 0.016205 0.009588
v 0.020127 0.001837 0.009234
v -0.039174 -0.017292 -0.009066
v -0.039174 -0.017292 -0.009066
v -0.039174 -0.017292 -0.009066
v 0.019350 0.014652 0.009594
v 0.026488 0.019601 0.009438
v 0.026488 0.019601 0.009438
v 0.026488 0.019601 0.009438
v 0.026488 0.019601 0.009438
v 0.026488 0.019601 0.009438
v 0.026488 0.019601 0.009438
v 0.018369 0.001971 0.009241
v 0.018870 0.002631 0.009261
v 0.018870 0.002631 0.009261
v 0.018331 -0.005267 0.009004
v 0.026551 0.020702 0.008006
v 0.026551 0.020702 0.008006
v 0.026551 0.020702 0.008006
v 0.026551 0.020702 0.008006
v 0.026551 0.020702 0.008006
v 0.017611 -0.014074 0.008897
v 0.017611 -0.014074 0.008897
v 0.021448 -0.014073 0.008855
v 0.018859 -0.013502 0.008895
v 0.018859 -0.013502 0.008895
v 0.018859 -0.013502 0.008895
v 0.041532 0.010821 -0.002307
v 0.041532 0.020590 -0.001159
v 0.041532 0.020590 -0.001159
v 0.041532 0.020590 -0.001159
v 0.041532 0.020590 -0.001159
v 0.024590 -0.020706 0.007296
v 0.024590 -0.020706 0.007296
v 0.023071 -0.020657 0.007234
v 0.020125 -0.020589 0.006643
v 0.020125 -0.020589 0.006643
v 0.020125 -0.020589 0.006643
v 0.017174 0.001140 0.009224
v 0.041166 -0.017185 -0.007144
v 0.041166 -0.017185 -0.007144
v 0.041166 -0.017185 -0.007144
v 0.041166 -0.017185 -0.007144
v 0.014726 -0.019850 0.008404
v 0.014726 -0.019850 0.008404
v 0.014726 -0.019850 0.008404
v 0.018711 -0.017131 0.008791
v 0.016600 -0.017263 0.008811
v 0.040448 -0.003229 0.006737
v 0.040448 -0.003229 0.006737
v -0.034749 0.004026 -0.009572
v -0.034749 0.004026 -0.009572
v 0.040477 -0.019977 -0.003343
v 0.040477 -0.019977 -0.003343
v 0.040477 -0.019977 -0.003343
v 0.040477 -0.019977 -0.003343
v 0.040477 -0.019977 -0.003343
v 0.040477 -0.019977 -0.003343
v 0.040590 -0.019940 -0.002587
v 0.040590 -0.019940 -0.002587
v 0.040590 -0.019940 -0.002587
v 0.040590 -0.019940 -0.002587
v 0.040338 -0.020034 -0.002648
v 0.040338 -0.020034 -0.002648
v 0.040338 -0.020034 -0.002648
v 0.040338 -0.020034 -0.002648
v 0.040338 -0.020034 -0.002648
v 0.024122 0.005306 0.009295
v 0.022194 0.005941 0.009327
v 0.018118 -0.001569 0.009157
v 0.035887 0.021125 0.002218
v -0.040209 -0.009820 -0.006728
v 0.041008 0.020418 -0.000817
v 0.041008 0.020418 -0.000817
v 0.041008 0.020418 -0.000817
v 0.041008 0.020418 -0.000817
v 0.041008 0.020418 -0.000817
v 0.041248 0.020515 -0.000211
v 0.041248 0.020515 -0.000211
v 0.041248 0.020515 -0.000211
v 0.041248 0.020515 -0.000211
v 0.041248 0.020515 -0.000211
v 0.041349 0.020583 -0.000905
v 0.041349 0.020583 -0.000905
v 0.041349 0.020583 -0.000905
v 0.041349 0.020583 -0.000905
v 0.041349 0.020583 -0.000905
v 0.041349 0.020583 -0.000905
v 0.039158 -0.003840 0.007232
v 0.039158 -0.003840 0.007232
v 0.039158 -0.003840 0.007232
v 0.039158 -0.003840 0.007232
v 0.039158 -0.003840 0.007232
v 0.039158 -0.003840 0.007232
v 0.018859 0.006963 0.009375
v 0.022290 0.003018 0.009268
v 0.021727 0.004162 0.009295
v -0.033687 0.020135 -0.008814
v -0.033687 0.020135 -0.008814
v -0.033687 0.020135 -0.008814
v -0.033687 0.020135 -0.008814
v -0.033687 0.020135 -0.008814
v -0.033687 0.020135 -0.008814
v -0.033687 0.020135 -0.008814
v 0.033913 -0.020902 -0.000717
v 0.019398 0.005980 0.009350
v 0.016096 -0.019812 0.008462
v 0.016096 -0.019812 0.008462
v 0.016096 -0.019812 0.008462
v 0.040997 -0.019789 -0.004927
v 0.040997 -0.019789 -0.004927
v 0.040997 -0.019789 -0.004927
v 0.040997 -0.019789 -0.004927
v 0.040997 -0.019789 -0.004927
v 0.040997 -0.019789 -0.004927
v 0.027641 0.020463 0.008616
v 0.027641 0.020463 0.008616
v 0.027641 0.020463 0.008616
v 0.027641 0.020463 0.008616
v 0.027641 0.020463 0.008616
v 0.027641 0.020463 0.008616
v 0.027641 0.020463 0.008616
v 0.027641 0.020463 0.008616
v 0.027641 0.020463 0.008616
v -0.035636 0.020218 -0.008790
v -0.035636 0.020218 -0.008790
v -0.035636 0.020218 -0.008790
v -0.035636 0.020218 -0.008790
v -0.035636 0.020218 -0.008790
v -0.031316 0.018966 -0.008974
v 0.041401 0.016931 0.003921
v 0.041401 0.016931 0.003921
v 0.041356 0.013957 0.003796
v 0.041356 0.013957 0.003796
v 0.041493 0.014048 0.001852
v 0.041493 0.014048 0.001852
v 0.041493 0.014048 0.001852
v 0.032963 -0.020993 0.002194
v 0.032010 -0.020960 0.002512
v 0.041534 0.012225 -0.002665
v 0.041534 0.012225 -0.002665
v 0.040595 0.020475 -0.001218
v 0.040595 0.020475 -0.001218
v 0.040595 0.020475 -0.001218
v 0.040532 0.020502 -0.001956
v 0.040532 0.020502 -0.001956
v 0.040532 0.020502 -0.001956
v 0.020717 0.002183 0.009247
v 0.019811 0.002364 0.009251
v 0.019811 0.002364 0.009251
v 0.022123 -0.000772 0.009137
v 0.022123 -0.000772 0.009137
v 0.023154 -0.000354 0.009144
v 0.023154 -0.000354 0.009144
v 0.041199 -0.013740 -0.001457
v 0.041199 -0.013740 -0.001457
v 0.041199 -0.013740 -0.001457
v 0.041199 -0.013740 -0.001457
v 0.041199 -0.013740 -0.001457
v 0.041199 -0.013740 -0.001457
v 0.017232 -0.019423 0.008750
v 0.017232 -0.019423 0.008750
v 0.017232 -0.019423 0.008750
v 0.017232 -0.019423 0.008750
v 0.017232 -0.019423 0.008750
v 0.017232 -0.019423 0.008750
v 0.017232 -0.019423 0.008750
v 0.041264 -0.010544 -0.002849
v 0.041264 -0.010544 -0.002849
v 0.041264 -0.010544 -0.002849
v 0.041264 -0.010544 -0.002849
v 0.041264 -0.007275 -0.002808
v 0.041264 -0.007275 -0.002808
v 0.041264 -0.007275 -0.002808
v 0.041264 -0.007275 -0.002808
v 0.041229 -0.015656 -0.005605
v 0.041229 -0.015656 -0.005605
v 0.041229 -0.015656 -0.005605
v 0.035090 -0.021081 0.002265
v 0.033042 -0.020942 0.000725
v 0.034732 -0.021018 0.001116
v 0.018076 -0.013299 0.008900
v 0.018076 -0.013299 0.008900
v 0.016973 -0.013510 0.008895
v 0.017115 -0.020312 0.007753
v 0.017115 -0.020312 0.007753
v 0.040833 -0.019872 -0.004020
v 0.040833 -0.019872 -0.004020
v 0.040833 -0.019872 -0.004020
v 0.040833 -0.019872 -0.004020
v 0.040833 -0.019872 -0.004020
v 0.039210 0.001694 0.007614
v 0.039210 0.001694 0.007614
v 0.039210 0.001694 0.007614
v 0.039210 0.001694 0.007614
v 0.039210 0.001694 0.007614
v 0.039150 0.001777 0.007340
v 0.039150 0.001777 0.007340
v 0.039150 0.001777 0.007340
v 0.039150 0.001777 0.007340
v 0.039150 0.001777 0.007340
v 0.039120 0.002555 0.007315
v 0.039120 0.002555 0.007315
v 0.039120 0.002555 0.007315
v 0.039120 0.002555 0.007315
v 0.039120 0.002555 0.007315
v 0.039120 0.002555 0.007315
v 0.038128 0.021211 0.005245
v 0.038128 0.021211 0.005245
v 0.038128 0.021211 0.005245
v 0.038128 0.021211 0.005245
v 0.016109 -0.001941 0.009151
v 0.020180 -0.004862 0.009015
v 0.019267 -0.003222 0.009086
v 0.041546 0.011658 -0.001945
v 0.041546 0.011658 -0.001945
v 0.041226 -0.000605 0.000981
v 0.041226 -0.000605 0.000981
v 0.041226 -0.000605 0.000981
v 0.041137 -0.002264 0.001471
v 0.041137 -0.002264 0.001471
v 0.041137 -0.002264 0.001471
v 0.041137 -0.002264 0.001471
v 0.041137 -0.002264 0.001471
v 0.041137 -0.002264 0.001471
v 0.041228 -0.001807 -0.000309
v 0.041228 -0.001807 -0.000309
v 0.041228 -0.001807 -0.000309
v 0.041180 -0.014306 -0.006553
v 0.016551 -0.014654 0.008892
v 0.016551 -0.014654 0.008892
v 0.022777 -0.017408 0.008727
v 0.023033 -0.014975 0.008813
v 0.021278 -0.016288 0.008789
v 0.041106 -0.019802 -0.004168
v 0.041106 -0.019802 -0.004168
v 0.023684 -0.020216 0.008026
v 0.023108 -0.019881 0.008387
v 0.023108 -0.019881 0.008387
v 0.023108 -0.019881 0.008387
v 0.022495 -0.020157 0.008095
v 0.026423 -0.020798 0.006519
v 0.026423 -0.020798 0.006519
v 0.028588 -0.020890 0.005116
v 0.028588 -0.020890 0.005116
v 0.028588 -0.020890 0.005116
v 0.028588 -0.020890 0.005116
v 0.018514 0.010167 0.009454
v 0.029051 -0.020883 0.003900
v 0.029697 -0.020878 0.002798
v 0.030577 -0.020932 0.003952
v 0.041529 0.010652 0.000228
v 0.041529 0.010652 0.000228
v 0.041508 0.008800 -0.000270
v 0.034161 -0.020812 -0.002378
v 0.020310 0.001268 0.009222
v 0.020828 0.000572 0.009199
v 0.021128 -0.001204 0.009129
v 0.027506 0.019299 0.009531
v 0.027506 0.019299 0.009531
v 0.027506 0.019299 0.009531
v 0.027506 0.019299 0.009531
v 0.027506 0.019299 0.009531
v 0.028737 0.019416 0.009487
v 0.028737 0.019416 0.009487
v 0.030009 0.019612 0.009422
v 0.030009 0.019612 0.009422
v 0.030009 0.019612 0.009422
v 0.030009 0.019612 0.009422
v 0.030009 0.019612 0.009422
v 0.030009 0.019612 0.009422
v 0.040594 0.020611 0.003124
v 0.040594 0.020611 0.003124
v 0.040594 0.020611 0.003124
v 0.040594 0.020611 0.003124
v 0.040594 0.020611 0.003124
v 0.040594 0.020611 0.003124
v 0.040594 0.020611 0.003124
v 0.040594 0.020611 0.003124
v 0.040594 0.020611 0.003124
v 0.040594 0.020611 0.003124
v 0.040594 0.020611 0.003124
v 0.040539 0.020557 0.001508
v 0.040539 0.020557 0.001508
v 0.040539 0.020557 0.001508
v 0.040539 0.020557 0.001508
v 0.040334 0.020675 0.002265
v 0.040334 0.020675 0.002265
v 0.040334 0.020675 0.002265
v 0.040334 0.020675 0.002265
v 0.029712 0.020551 0.008561
v 0.029712 0.020551 0.008561
v 0.029712 0.020551 0.008561
v 0.029712 0.020551 0.008561
v 0.029285 0.020724 0.008218
v 0.029285 0.020724 0.008218
v 0.029285 0.020724 0.008218
v 0.029285 0.020724 0.008218
v 0.029285 0.020724 0.008218
v 0.021970 -0.010162 0.008882
v 0.022093 -0.008691 0.008877
v 0.022093 -0.008691 0.008877
v 0.022093 -0.008691 0.008877
v 0.022093 -0.008691 0.008877
v 0.020972 -0.010497 0.008867
v 0.020972 -0.010497 0.008867
v 0.020972 -0.010497 0.008867
v 0.023433 -0.018583 0.008664
v 0.023433 -0.018583 0.008664
v 0.022353 -0.018702 0.008681
v 0.022353 -0.018702 0.008681
v -0.040152 -0.005867 -0.007341
v -0.036885 -0.000936 -0.009473
v -0.036885 -0.000936 -0.009473
v -0.031321 0.012051 -0.009323
v 0.020192 -0.011183 0.008876
v 0.020962 -0.011755 0.008890
v 0.020962 -0.011755 0.008890
v 0.021093 -0.011189 0.008881
v 0.040972 -0.019756 -0.006060
v 0.040972 -0.019756 -0.006060
v 0.040972 -0.019756 -0.006060
v 0.040972 -0.019756 -0.006060
v 0.040972 -0.019756 -0.006060
v 0.019634 -0.019701 0.008605
v 0.019634 -0.019701 0.008605
v 0.019634 -0.019701 0.008605
v 0.019634 -0.019701 0.008605
v 0.019634 -0.019701 0.008605
v 0.019634 -0.019701 0.008605
v 0.041334 0.000596 -0.002551
v 0.041334 0.000596 -0.002551
v -0.035993 0.014793 -0.009292
v 0.041248 -0.011623 -0.002234
v 0.041248 -0.011623 -0.002234
v 0.022053 0.001615 0.009231
v 0.022053 0.001615 0.009231
v 0.021456 -0.018028 0.008727
v 0.040928 -0.005287 0.002911
v 0.040928 -0.005287 0.002911
v 0.041029 -0.005800 0.001838
v 0.041029 -0.005800 0.001838
v 0.041029 -0.005800 0.001838
v 0.040986 -0.002279 0.003211
v 0.040986 -0.002279 0.003211
v 0.040986 -0.002279 0.003211
v 0.036741 -0.021137 0.002263
v 0.036741 -0.021137 0.002263
v 0.041564 0.012322 -0.000063
v 0.041564 0.012322 -0.000063
v 0.041577 0.012956 -0.000307
v 0.041577 0.012956 -0.000307
v 0.041577 0.012956 -0.000307
v 0.041577 0.012956 -0.000307
v -0.039691 0.019484 -0.004748
v -0.039691 0.019484 -0.004748
v -0.039691 0.019484 -0.004748
v -0.039691 0.019484 -0.004748
v -0.039689 0.019485 -0.004599
v -0.039689 0.019485 -0.004599
v -0.039689 0.019485 -0.004599
v 0.041424 0.003507 -0.001622
v 0.041424 0.003507 -0.001622
v 0.041424 0.003507 -0.001622
v 0.041381 0.002114 -0.001239
v 0.041381 0.002114 -0.001239
v 0.041381 0.002114 -0.001239
v -0.040722 0.019995 -0.003955
v -0.040722 0.019995 -0.003955
v -0.040722 0.019995 -0.003955
v -0.040722 0.019995 -0.003955
v 0.019046 -0.004645 0.009027
v 0.039143 0.021139 0.005293
v 0.039143 0.021139 0.005293
v 0.039143 0.021139 0.005293
v 0.039143 0.021139 0.005293
v 0.039521 0.021001 0.004261
v 0.039521 0.021001 0.004261
v 0.039521 0.021001 0.004261
v 0.039521 0.021001 0.004261
v 0.039521 0.021001 0.004261
v 0.039645 0.020945 0.002871
v 0.039645 0.020945 0.002871
v 0.039645 0.020945 0.002871
v 0.039645 0.020945 0.002871
v 0.039645 0.020945 0.002871
v -0.034344 0.002566 -0.009581
v -0.034344 0.002566 -0.009581
v 0.022116 -0.019633 0.008556
v 0.022116 -0.019633 0.008556
v 0.022116 -0.019633 0.008556
v 0.022116 -0.019633 0.008556
v 0.022116 -0.019633 0.008556
v 0.022116 -0.019633 0.008556
v 0.022081 -0.019285 0.008651
v 0.022081 -0.019285 0.008651
v 0.022081 -0.019285 0.008651
v 0.022081 -0.019285 0.008651
v 0.022081 -0.019285 0.008651
v 0.022081 -0.019285 0.008651
v 0.019881 -0.019402 0.008694
v 0.019881 -0.019402 0.008694
v 0.019881 -0.019402 0.008694
v 0.019881 -0.019402 0.008694
v 0.017543 -0.020481 0.007266
v 0.017543 -0.020481 0.007266
v 0.040371 -0.020011 -0.004782
v 0.040371 -0.020011 -0.004782
v 0.040371 -0.020011 -0.004782
v 0.040371 -0.020011 -0.004782
v 0.040371 -0.020011 -0.004782
v 0.040371 -0.020011 -0.004782
v 0.041190 -0.011690 -0.000880
v 0.041190 -0.011690 -0.000880
v 0.041190 -0.011690 -0.000880
v 0.041130 -0.012287 -0.000118
v 0.041130 -0.012287 -0.000118
v 0.041130 -0.012287 -0.000118
v 0.041130 -0.012287 -0.000118
v 0.025611 -0.020424 0.007798
v 0.025611 -0.020424 0.007798
v 0.025611 -0.020424 0.007798
v 0.025953 -0.020547 0.007719
v 0.025953 -0.020547 0.007719
v 0.025953 -0.020547 0.007719
v 0.026030 -0.020330 0.007888
v 0.026030 -0.020330 0.007888
v 0.026030 -0.020330 0.007888
v 0.026030 -0.020330 0.007888
v 0.026030 -0.020330 0.007888
v 0.020750 -0.012670 0.008890
v 0.020750 -0.012670 0.008890
v 0.020750 -0.012670 0.008890
v 0.018728 -0.012622 0.008898
v 0.018030 -0.012627 0.008894
v 0.033668 -0.020855 -0.001499
v 0.039323 0.000374 0.007740
v 0.039323 0.000374 0.007740
v 0.039323 0.000374 0.007740
v 0.039323 0.000374 0.007740
v 0.039323 0.000374 0.007740
v 0.020513 -0.002378 0.009098
v 0.019407 -0.002684 0.009103
v -0.040355 0.019847 -0.004452
v -0.040355 0.019847 -0.004452
v -0.040355 0.019847 -0.004452
v -0.040355 0.019847 -0.004452
v -0.040355 0.019847 -0.004452
v -0.039843 0.019534 -0.004690
v -0.039843 0.019534 -0.004690
v -0.039843 0.019534 -0.004690
v -0.039843 0.019534 -0.004690
v -0.039843 0.019534 -0.004690
v -0.039843 0.019534 -0.004690
v -0.039843 0.019534 -0.004690
v -0.039792 0.019502 -0.005159
v -0.039792 0.019502 -0.005159
v -0.039792 0.019502 -0.005159
v -0.039792 0.019502 -0.005159
v 0.035393 0.004808 0.008946
v 0.032363 0.020968 0.006212
v 0.032363 0.020968 0.006212
v 0.031402 0.020925 0.006372
v 0.039194 0.002930 0.007608
v 0.039194 0.002930 0.007608
v 0.039194 0.002930 0.007608
v 0.039194 0.002930 0.007608
v 0.039194 0.002930 0.007608
v 0.039120 0.003122 0.007350
v 0.039120 0.003122 0.007350
v 0.039120 0.003122 0.007350
v 0.039120 0.003122 0.007350
v 0.039156 0.003880 0.007355
v 0.039156 0.003880 0.007355
v 0.039156 0.003880 0.007355
v 0.039156 0.003880 0.007355
v 0.039156 0.003880 0.007355
v 0.027651 -0.020781 0.007332
v 0.027651 -0.020781 0.007332
v 0.027651 -0.020781 0.007332
v 0.027651 -0.020781 0.007332
v 0.027651 -0.020781 0.007332
v 0.027651 -0.020781 0.007332
v 0.027651 -0.020781 0.007332
v 0.026291 -0.020706 0.007482
v 0.026291 -0.020706 0.007482
v 0.026291 -0.020706 0.007482
v 0.025631 -0.020739 0.007401
v 0.025631 -0.020739 0.007401
v 0.025631 -0.020739 0.007401
v 0.025631 -0.020739 0.007401
v 0.025631 -0.020739 0.007401
v 0.025631 -0.020739 0.007401
v 0.027449 -0.020588 0.007731
v 0.027449 -0.020588 0.007731
v 0.027449 -0.020588 0.007731
v 0.027449 -0.020588 0.007731
v 0.023127 -0.020729 0.005056
v 0.023127 -0.020729 0.005056
v 0.023127 -0.020729 0.005056
v 0.021904 -0.020662 0.006346
v 0.021904 -0.020662 0.006346
v 0.025155 0.012145 0.009486
v 0.027709 0.020705 0.008096
v 0.027709 0.020705 0.008096
v 0.027709 0.020705 0.008096
v 0.027709 0.020705 0.008096
v 0.040414 0.020591 0.000523
v -0.040019 -0.004403 -0.008225
v -0.040019 -0.004403 -0.008225
v 0.039275 0.004555 0.007798
v 0.039275 0.004555 0.007798
v 0.039275 0.004555 0.007798
v 0.039222 0.005069 0.007364
v 0.039222 0.005069 0.007364
v 0.039222 0.005069 0.007364
v 0.039222 0.005069 0.007364
v 0.039222 0.005069 0.007364
v 0.041520 0.020603 0.001622
v 0.041520 0.020603 0.001622
v 0.041520 0.020603 0.001622
v 0.041520 0.020603 0.001622
v 0.041520 0.020603 0.001622
v 0.041552 0.020587 0.001305
v 0.041552 0.020587 0.001305
v 0.041552 0.020587 0.001305
v 0.041552 0.020587 0.001305
v 0.041552 0.020587 0.001305
v 0.041547 0.020599 0.000901
v 0.041547 0.020599 0.000901
v 0.041547 0.020599 0.000901
v 0.041547 0.020599 0.000901
v 0.041547 0.020599 0.000901
v 0.018241 -0.010149 0.008884
v 0.018241 -0.010149 0.008884
v 0.018889 -0.011595 0.008882
v 0.019896 -0.010406 0.008867
v 0.019896 -0.010406 0.008867
v 0.019896 -0.010406 0.008867
v 0.020831 -0.007961 0.008902
v 0.024133 0.014035 0.009540
v 0.024132 -0.004667 0.008989
v 0.024132 -0.004667 0.008989
v 0.022956 -0.004501 0.009014
v 0.023228 -0.005162 0.008981
v 0.041468 0.005551 -0.001067
v 0.041468 0.005551 -0.001067
v 0.041468 0.005551 -0.001067
v 0.039115 0.021141 0.006005
v 0.039115 0.021141 0.006005
v 0.039115 0.021141 0.006005
v 0.039115 0.021141 0.006005
v 0.039115 0.021141 0.006005
v 0.039115 0.021141 0.006005
v 0.039115 0.021141 0.006005
v 0.039115 0.021141 0.006005
v 0.039115 0.021141 0.006005
v 0.039115 0.021141 0.006005
v 0.039849 0.020893 0.005257
v 0.039849 0.020893 0.005257
v 0.039849 0.020893 0.005257
v 0.039849 0.020893 0.005257
v 0.039849 0.020893 0.005257
v 0.039849 0.020893 0.005257
v -0.039793 0.019512 -0.005412
v -0.039793 0.019512 -0.005412
v -0.039793 0.019512 -0.005412
v -0.039793 0.019512 -0.005412
v -0.039793 0.019512 -0.005412
v -0.039793 0.019512 -0.005412
v -0.039793 0.019512 -0.005412
v -0.039793 0.019512 -0.005412
v -0.039648 0.019522 -0.005199
v -0.039648 0.019522 -0.005199
v -0.039648 0.019522 -0.005199
v -0.039648 0.019522 -0.005199
v 0.018687 -0.019591 0.008661
v 0.018687 -0.019591 0.008661
v 0.018687 -0.019591 0.008661
v 0.020436 -0.019843 0.008408
v 0.020436 -0.019843 0.008408
v 0.020436 -0.019843 0.008408
v 0.020436 -0.019843 0.008408
v 0.020509 -0.020148 0.008048
v 0.020509 -0.020148 0.008048
v 0.020509 -0.020148 0.008048
v 0.020509 -0.020148 0.008048
v 0.020509 -0.020148 0.008048
v 0.021605 -0.019847 0.008415
v 0.021605 -0.019847 0.008415
v 0.021605 -0.019847 0.008415
v 0.021605 -0.019847 0.008415
v 0.021605 -0.019847 0.008415
v 0.021605 -0.019847 0.008415
v 0.018148 -0.020339 0.007736
v 0.018148 -0.020339 0.007736
v 0.018148 -0.020339 0.007736
v 0.018148 -0.020339 0.007736
v 0.018148 -0.020339 0.007736
v 0.040995 -0.019766 -0.005537
v 0.040995 -0.019766 -0.005537
v 0.040995 -0.019766 -0.005537
v 0.021912 0.011191 0.009486
v 0.028452 0.020728 0.008140
v 0.028452 0.020728 0.008140
v 0.028452 0.020728 0.008140
v 0.028452 0.020728 0.008140
v 0.039342 0.021118 0.007876
v 0.039342 0.021118 0.007876
v 0.039342 0.021118 0.007876
v 0.039342 0.021118 0.007876
v 0.038710 0.021136 0.007711
v 0.038710 0.021136 0.007711
v 0.038710 0.021136 0.007711
v 0.038710 0.021136 0.007711
v 0.037835 0.021071 0.007865
v 0.037835 0.021071 0.007865
v 0.037835 0.021071 0.007865
v 0.037835 0.021071 0.007865
v 0.037835 0.021071 0.007865
v 0.037835 0.021071 0.007865
v 0.037835 0.021071 0.007865
v 0.037835 0.021071 0.007865
v 0.028284 0.011219 0.009407
v 0.027016 0.013081 0.009478
v 0.017431 -0.011929 0.008884
v 0.017431 -0.011929 0.008884
v 0.021251 -0.019219 0.008680
v 0.021251 -0.019219 0.008680
v 0.021251 -0.019219 0.008680
v 0.021251 -0.019219 0.008680
v 0.018969 -0.020346 0.007769
v 0.018969 -0.020346 0.007769
v 0.018969 -0.020346 0.007769
v 0.018969 -0.020346 0.007769
v 0.018658 -0.020111 0.008046
v 0.018658 -0.020111 0.008046
v 0.018658 -0.020111 0.008046
v 0.018658 -0.020111 0.008046
v 0.018658 -0.020111 0.008046
v 0.024027 0.000467 0.009158
v 0.041484 0.007902 0.000091
v 0.041484 0.007902 0.000091
v 0.041508 0.008348 -0.000776
v 0.022946 -0.008039 0.008893
v 0.023346 -0.007350 0.008906
v 0.023346 -0.007350 0.008906
v -0.034090 0.019665 -0.008952
v -0.034090 0.019665 -0.008952
v -0.034090 0.019665 -0.008952
v -0.034090 0.019665 -0.008952
v -0.036038 0.008902 -0.009477
v -0.036038 0.008902 -0.009477
v -0.036038 0.008902 -0.009477
v 0.041611 0.020364 0.000945
v 0.041611 0.020364 0.000945
v 0.041611 0.020364 0.000945
v 0.041611 0.020364 0.000945
v 0.041611 0.020364 0.000945
v 0.041484 0.006698 -0.001828
v 0.041484 0.006698 -0.001828
v 0.041484 0.006698 -0.001828
v -0.035904 0.000371 -0.009534
v -0.035904 0.000371 -0.009534
v -0.035016 -0.001660 -0.009546
v -0.035016 -0.001660 -0.009546
v -0.035016 -0.001660 -0.009546
v 0.041259 -0.008594 -0.002307
v 0.041259 -0.008594 -0.002307
v 0.041259 -0.008594 -0.002307
v 0.041259 -0.008594 -0.002307
v 0.020352 -0.020379 0.007792
v 0.020352 -0.020379 0.007792
v 0.021307 -0.020189 0.008036
v 0.021307 -0.020189 0.008036
v 0.021307 -0.020189 0.008036
v 0.023210 -0.020480 0.007745
v 0.037598 -0.021004 0.000137
v 0.037598 -0.021004 0.000137
v 0.023533 -0.020749 0.004907
v 0.023533 -0.020749 0.004907
v 0.023533 -0.020749 0.004907
v 0.023533 -0.020749 0.004907
v 0.027589 -0.020849 0.004294
v 0.041109 -0.004922 0.001109
v 0.041109 -0.004922 0.001109
v 0.041109 -0.004922 0.001109
v 0.041109 -0.004922 0.001109
v 0.041137 -0.007098 0.000070
v 0.041137 -0.007098 0.000070
v 0.041151 -0.006391 0.000008
v 0.037807 -0.020827 -0.001971
v 0.037807 -0.020827 -0.001971
v -0.040383 0.005766 -0.006653
v -0.040537 0.006281 -0.005716
v 0.033599 -0.020995 0.001524
v 0.034331 -0.021034 0.001804
v 0.024826 0.006164 0.009315
v 0.026006 0.005743 0.009296
v -0.039214 -0.004473 -0.009206
v -0.039214 -0.004473 -0.009206
v -0.039214 -0.004473 -0.009206
v -0.039214 -0.004473 -0.009206
v 0.038946 -0.020593 -0.003429
v 0.038946 -0.020593 -0.003429
v 0.038946 -0.020593 -0.003429
v 0.033739 -0.020696 0.007519
v 0.033739 -0.020696 0.007519
v 0.033739 -0.020696 0.007519
v 0.033739 -0.020696 0.007519
v 0.033739 -0.020696 0.007519
v 0.040758 -0.019791 0.000979
v 0.040758 -0.019791 0.000979
v 0.040758 -0.019791 0.000979
v 0.040758 -0.019791 0.000979
v 0.040758 -0.019791 0.000979
v 0.040758 -0.019791 0.000979
v 0.040989 -0.019748 -0.000706
v 0.040989 -0.019748 -0.000706
v 0.040989 -0.019748 -0.000706
v 0.040989 -0.019748 -0.000706
v 0.040989 -0.019748 -0.000706
v 0.040989 -0.019748 -0.000706
v 0.032808 0.013361 0.009318
v 0.031935 0.011272 0.009302
v 0.034551 0.011662 0.009218
v 0.021864 -0.003221 0.009072
v 0.021864 -0.003221 0.009072
v 0.023183 -0.003435 0.009056
v 0.020621 -0.003545 0.009063
v 0.032252 0.020913 0.007377
v 0.032252 0.020913 0.007377
v 0.036725 0.021116 0.006910
v 0.036725 0.021116 0.006910
v 0.036725 0.021116 0.006910
v 0.036725 0.021116 0.006910
v 0.036725 0.021116 0.006910
v 0.024308 -0.020759 0.005719
v 0.024308 -0.020759 0.005719
v 0.024308 -0.020759 0.005719
v -0.035802 0.002115 -0.009545
v -0.035289 0.003145 -0.009563
v -0.035289 0.003145 -0.009563
v -0.039323 0.000926 -0.009308
v -0.039323 0.000926 -0.009308
v -0.039323 0.000926 -0.009308
v -0.039323 0.000926 -0.009308
v -0.039738 0.002169 -0.009230
v -0.039738 0.002169 -0.009230
v -0.039738 0.002169 -0.009230
v -0.039738 0.002169 -0.009230
v -0.039738 0.002169 -0.009230
v -0.039303 0.004183 -0.009328
v -0.039303 0.004183 -0.009328
v 0.021887 0.000247 0.009178
v 0.021966 -0.004279 0.009032
v 0.041438 0.010206 0.001928
v 0.041438 0.010206 0.001928
v 0.041535 0.012319 0.000864
v 0.041535 0.012319 0.000864
v 0.041535 0.012319 0.000864
v 0.041535 0.012319 0.000864
v 0.041328 0.011939 0.003681
v 0.041328 0.011939 0.003681
v 0.025755 0.002077 0.009206
v 0.024604 0.001738 0.009205
v 0.025754 0.001341 0.009180
v 0.021441 -0.002452 0.009093
v 0.021441 -0.002452 0.009093
v 0.021441 -0.002452 0.009093
v 0.022000 -0.001621 0.009115
v 0.021752 -0.001300 0.009122
v -0.039672 0.019483 -0.004284
v -0.039672 0.019483 -0.004284
v -0.039672 0.019483 -0.004284
v -0.039672 0.019483 -0.004284
v -0.039632 0.019779 -0.006004
v -0.039632 0.019779 -0.006004
v -0.039632 0.019779 -0.006004
v -0.039632 0.019779 -0.006004
v -0.039632 0.019779 -0.006004
v -0.039632 0.019779 -0.006004
v 0.041275 -0.000120 0.000136
v 0.041275 -0.000120 0.000136
v 0.041275 -0.000120 0.000136
v 0.041264 -0.000749 -0.000279
v 0.041264 -0.000749 -0.000279
v 0.041264 -0.000749 -0.000279
v 0.041264 -0.000749 -0.000279
v 0.019294 -0.019856 0.008388
v 0.025824 0.000124 0.009136
v 0.025824 0.000124 0.009136
v 0.026516 0.001098 0.009159
v 0.039968 -0.020803 0.000615
v 0.039968 -0.020803 0.000615
v 0.039968 -0.020803 0.000615
v 0.039968 -0.020803 0.000615
v 0.040148 -0.020493 0.000074
v 0.040148 -0.020493 0.000074
v 0.040148 -0.020493 0.000074
v 0.040148 -0.020493 0.000074
v 0.040147 -0.020592 0.000983
v 0.040147 -0.020592 0.000983
v 0.040147 -0.020592 0.000983
v 0.040147 -0.020592 0.000983
v 0.040147 -0.020592 0.000983
v 0.040147 -0.020592 0.000983
v 0.033132 0.020893 0.008036
v 0.033132 0.020893 0.008036
v 0.033132 0.020893 0.008036
v 0.033132 0.020893 0.008036
v 0.032464 0.020715 0.008380
v 0.032464 0.020715 0.008380
v 0.032464 0.020715 0.008380
v 0.033376 0.020741 0.008410
v 0.033376 0.020741 0.008410
v 0.033376 0.020741 0.008410
v 0.033376 0.020741 0.008410
v -0.037547 -0.010582 -0.009279
v -0.037547 -0.010582 -0.009279
v -0.037547 -0.010582 -0.009279
v 0.041539 0.011124 -0.000077
v 0.040554 0.020715 0.005282
v 0.040554 0.020715 0.005282
v 0.040554 0.020715 0.005282
v 0.040554 0.020715 0.005282
v 0.040742 0.020772 0.005647
v 0.040742 0.020772 0.005647
v 0.040742 0.020772 0.005647
v 0.040742 0.020772 0.005647
v 0.040742 0.020772 0.005647
v 0.040742 0.020772 0.005647
v 0.040742 0.020772 0.005647
v 0.040711 0.020598 0.004566
v 0.040711 0.020598 0.004566
v 0.040711 0.020598 0.004566
v 0.040711 0.020598 0.004566
v 0.040711 0.020598 0.004566
v 0.040711 0.020598 0.004566
v 0.040711 0.020598 0.004566
v 0.040711 0.020598 0.004566
v 0.041237 -0.005888 -0.001675
v 0.041237 -0.005888 -0.001675
v 0.041237 -0.005888 -0.001675
v 0.041237 -0.005888 -0.001675
v 0.041241 -0.006650 -0.001787
v 0.041241 -0.006650 -0.001787
v 0.024427 -0.017323 0.008705
v 0.041245 -0.010278 -0.001924
v 0.041245 -0.010278 -0.001924
v 0.041227 -0.011883 -0.001599
v 0.041227 -0.011883 -0.001599
v 0.041004 -0.015362 0.000716
v 0.041004 -0.015362 0.000716
v 0.041004 -0.015362 0.000716
v 0.040817 -0.010446 0.002990
v 0.021312 -0.020473 0.007738
v 0.021312 -0.020473 0.007738
v 0.021312 -0.020473 0.007738
v 0.021312 -0.020473 0.007738
v 0.019697 -0.020165 0.008003
v 0.019697 -0.020165 0.008003
v -0.040334 0.007094 -0.007180
v -0.040334 0.007094 -0.007180
v 0.022748 -0.001189 0.009130
v 0.029234 0.020803 0.007416
v -0.039873 -0.006946 -0.008794
v -0.039873 -0.006946 -0.008794
v -0.039873 -0.006946 -0.008794
v -0.039734 -0.007904 -0.008977
v -0.039734 -0.007904 -0.008977
v -0.039734 -0.007904 -0.008977
v -0.039734 -0.007904 -0.008977
v 0.041463 0.020632 0.002297
v 0.041463 0.020632 0.002297
v 0.041463 0.020632 0.002297
v 0.041463 0.020632 0.002297
v 0.041463 0.020632 0.002297
v 0.041463 0.020632 0.002297
v 0.041463 0.020632 0.002297
v 0.041463 0.020632 0.002297
v 0.041226 0.020591 0.002295
v 0.041226 0.020591 0.002295
v 0.041226 0.020591 0.002295
v 0.025278 -0.020537 0.007701
v 0.025278 -0.020537 0.007701
v 0.025278 -0.020537 0.007701
v 0.025278 -0.020537 0.007701
v 0.025278 -0.020537 0.007701
v 0.025278 -0.020537 0.007701
v 0.041525 0.011160 0.000776
v 0.041525 0.011160 0.000776
v 0.041525 0.011160 0.000776
v 0.041463 0.009304 0.001397
v 0.041463 0.009304 0.001397
v 0.041463 0.009304 0.001397
v 0.041463 0.009304 0.001397
v 0.041218 -0.003958 -0.001267
v 0.041218 -0.003958 -0.001267
v 0.041215 -0.003222 -0.000857
v 0.022589 -0.006936 0.008918
v 0.041498 0.007800 -0.000766
v 0.041311 0.001061 0.000234
v 0.041311 0.001061 0.000234
v 0.041379 0.002551 -0.000648
v 0.041287 -0.000912 -0.001553
v 0.041287 -0.000912 -0.001553
v 0.041287 -0.000912 -0.001553
v 0.040425 -0.020005 -0.001991
v 0.040425 -0.020005 -0.001991
v 0.040425 -0.020005 -0.001991
v 0.040425 -0.020005 -0.001991
v 0.024807 -0.000890 0.009119
v 0.023751 -0.000878 0.009132
v 0.023619 -0.001874 0.009111
v 0.022606 -0.001734 0.009121
v 0.022606 -0.001734 0.009121
v 0.022606 -0.001734 0.009121
v -0.039678 -0.013491 -0.008911
v -0.039678 -0.013491 -0.008911
v -0.039678 -0.013491 -0.008911
v -0.039678 -0.013491 -0.008911
v 0.024030 -0.006891 0.008923
v 0.024030 -0.006891 0.008923
v 0.025026 -0.006061 0.008943
v 0.025026 -0.006061 0.008943
v 0.025026 -0.006061 0.008943
v 0.019915 -0.012068 0.008890
v 0.019915 -0.012068 0.008890
v 0.036555 -0.021183 0.003423
v 0.035776 -0.021144 0.003194
v 0.024490 -0.007726 0.008918
v 0.024490 -0.007726 0.008918
v 0.024490 -0.007726 0.008918
v 0.025265 -0.007190 0.008924
v 0.025265 -0.007190 0.008924
v 0.023806 0.003304 0.009258
v 0.041494 0.009012 0.000535
v 0.041508 0.009655 0.000524
v 0.041508 0.009655 0.000524
v 0.041508 0.009655 0.000524
v -0.033440 0.006270 -0.009537
v 0.041253 -0.005375 -0.002874
v 0.041253 -0.005375 -0.002874
v 0.023803 0.002357 0.009236
v 0.040885 0.020516 0.001962
v 0.040885 0.020516 0.001962
v 0.040885 0.020516 0.001962
v 0.040885 0.020516 0.001962
v 0.040519 -0.019934 0.000024
v 0.040519 -0.019934 0.000024
v 0.040519 -0.019934 0.000024
v 0.040519 -0.019934 0.000024
v 0.040519 -0.019934 0.000024
v 0.040519 -0.019934 0.000024
v 0.040519 -0.019934 0.000024
v 0.040752 -0.019856 -0.000669
v 0.040752 -0.019856 -0.000669
v 0.040752 -0.019856 -0.000669
v 0.040752 -0.019856 -0.000669
v 0.040752 -0.019856 -0.000669
v 0.040729 -0.019838 0.000316
v 0.040729 -0.019838 0.000316
v 0.040729 -0.019838 0.000316
v 0.040729 -0.019838 0.000316
v 0.040729 -0.019838 0.000316
v 0.040729 -0.019838 0.000316
v 0.041487 0.020612 0.001904
v 0.041487 0.020612 0.001904
v 0.041487 0.020612 0.001904
v 0.041487 0.020612 0.001904
v 0.041487 0.020612 0.001904
v 0.041487 0.020612 0.001904
v 0.041474 0.020598 0.002692
v 0.041474 0.020598 0.002692
v 0.041474 0.020598 0.002692
v 0.041558 0.020200 0.001913
v 0.041558 0.020200 0.001913
v 0.041558 0.020200 0.001913
v 0.041558 0.020200 0.001913
v 0.041558 0.020200 0.001913
v 0.041558 0.020200 0.001913
v 0.041558 0.020200 0.001913
v 0.027801 -0.020828 0.003138
v 0.027918 0.019898 0.009207
v 0.027918 0.019898 0.009207
v 0.027918 0.019898 0.009207
v 0.027918 0.019898 0.009207
v 0.036419 0.021139 0.006046
v 0.036419 0.021139 0.006046
v 0.036419 0.021139 0.006046
v 0.041249 0.020722 0.004783
v 0.041249 0.020722 0.004783
v 0.041249 0.020722 0.004783
v 0.041249 0.020722 0.004783
v 0.041356 0.020706 0.004100
v 0.041356 0.020706 0.004100
v 0.041356 0.020706 0.004100
v 0.041356 0.020706 0.004100
v 0.041356 0.020706 0.004100
v 0.041356 0.020706 0.004100
v 0.041356 0.020706 0.004100
v 0.041166 0.020736 0.005227
v 0.041166 0.020736 0.005227
v 0.041166 0.020736 0.005227
v 0.041166 0.020736 0.005227
v 0.041166 0.020736 0.005227
v 0.031148 0.020552 0.008554
v 0.031148 0.020552 0.008554
v 0.031148 0.020552 0.008554
v 0.031148 0.020552 0.008554
v 0.031148 0.020552 0.008554
v 0.031148 0.020552 0.008554
v 0.031148 0.020552 0.008554
v 0.031148 0.020552 0.008554
v 0.023006 -0.019393 0.008615
v 0.023006 -0.019393 0.008615
v 0.024403 -0.019156 0.008608
v 0.024403 -0.019156 0.008608
v 0.024403 -0.019156 0.008608
v 0.025025 0.000986 0.009172
v 0.040254 -0.020214 0.000667
v 0.040254 -0.020214 0.000667
v 0.040254 -0.020214 0.000667
v 0.040254 -0.020214 0.000667
v 0.040254 -0.020214 0.000667
v 0.040254 -0.020214 0.000667
v 0.040254 -0.020214 0.000667
v 0.040263 -0.020123 0.001482
v 0.040263 -0.020123 0.001482
v 0.040263 -0.020123 0.001482
v 0.040263 -0.020123 0.001482
v 0.040263 -0.020123 0.001482
v 0.040263 -0.020123 0.001482
v 0.040191 -0.020431 0.001644
v 0.040191 -0.020431 0.001644
v 0.040191 -0.020431 0.001644
v 0.040191 -0.020431 0.001644
v 0.040191 -0.020431 0.001644
v 0.041234 -0.004499 -0.001967
v 0.041211 -0.004644 -0.001157
v 0.024583 -0.020528 0.007696
v 0.024583 -0.020528 0.007696
v 0.024583 -0.020528 0.007696
v 0.024583 -0.020528 0.007696
v 0.024648 -0.020267 0.007956
v 0.024648 -0.020267 0.007956
v 0.024648 -0.020267 0.007956
v 0.024648 -0.020267 0.007956
v -0.040917 0.019955 -0.005369
v -0.040917 0.019955 -0.005369
v -0.040917 0.019955 -0.005369
v -0.040917 0.019955 -0.005369
v -0.040917 0.019955 -0.005369
v -0.040917 0.019955 -0.005369
v -0.040917 0.019955 -0.005369
v 0.041549 0.017791 0.001727
v 0.041549 0.017791 0.001727
v 0.041482 0.006933 -0.000629
v 0.041397 0.002903 -0.000833
v 0.041397 0.002903 -0.000833
v 0.041411 0.003650 -0.000712
v 0.041369 0.002857 -0.000019
v 0.041371 0.005633 0.001727
v 0.041371 0.005633 0.001727
v 0.041371 0.005633 0.001727
v 0.041153 -0.005557 0.000187
v 0.041112 -0.008201 0.000205
v 0.041085 -0.007544 0.000752
v 0.041036 -0.008743 0.001129
v 0.041036 -0.008743 0.001129
v 0.041036 -0.008743 0.001129
v 0.041036 -0.008743 0.001129
v 0.041036 -0.008743 0.001129
v 0.041445 0.005222 -0.000500
v 0.041220 0.001269 0.002034
v 0.041220 0.001269 0.002034
v 0.041118 -0.000704 0.002390
v 0.041447 0.004581 -0.001111
v 0.041447 0.004581 -0.001111
v 0.041447 0.004581 -0.001111
v 0.041447 0.004581 -0.001111
v 0.021829 -0.020601 0.007415
v 0.021829 -0.020601 0.007415
v 0.021829 -0.020601 0.007415
v 0.032140 0.020821 0.008090
v 0.032140 0.020821 0.008090
v 0.032140 0.020821 0.008090
v 0.040372 0.020665 0.004846
v 0.040372 0.020665 0.004846
v 0.040372 0.020665 0.004846
v 0.040372 0.020665 0.004846
v 0.040372 0.020665 0.004846
v 0.039213 0.001029 0.007378
v 0.039213 0.001029 0.007378
v 0.039213 0.001029 0.007378
v 0.039213 0.001029 0.007378
v 0.039213 0.001029 0.007378
v 0.039213 0.001029 0.007378
v 0.039213 0.001029 0.007378
v 0.039283 0.000953 0.007747
v 0.024094 -0.000218 0.009138
v 0.024094 -0.000218 0.009138
v 0.024632 -0.000488 0.009127
v 0.024971 0.000132 0.009140
v 0.022396 -0.002408 0.009099
v 0.041194 -0.006171 -0.000779
v 0.041186 -0.006854 -0.000722
v 0.041201 -0.007769 -0.001065
v 0.041201 -0.007769 -0.001065
v 0.029131 -0.020904 0.004820
v 0.029131 -0.020904 0.004820
v 0.041231 -0.005222 -0.001760
v 0.041231 -0.005222 -0.001760
v 0.041231 -0.005222 -0.001760
v 0.025249 -0.008793 0.008910
v 0.025249 -0.008793 0.008910
v 0.025249 -0.008793 0.008910
v 0.024032 -0.008815 0.008913
v 0.023681 -0.007960 0.008908
v 0.023681 -0.007960 0.008908
v 0.039398 0.000315 0.007204
v 0.039398 0.000315 0.007204
v 0.039398 0.000315 0.007204
v 0.039398 0.000315 0.007204
v 0.039398 0.000315 0.007204
v 0.039398 0.000315 0.007204
v 0.039398 0.000315 0.007204
v 0.039398 0.000315 0.007204
v 0.039398 0.000315 0.007204
v 0.039398 0.000315 0.007204
v 0.039269 0.001343 0.007209
v 0.039269 0.001343 0.007209
v 0.039269 0.001343 0.007209
v 0.039269 0.001343 0.007209
v 0.039269 0.001343 0.007209
v 0.031379 -0.020981 0.005033
v 0.031379 -0.020981 0.005033
v 0.031379 -0.020981 0.005033
v 0.031379 -0.020981 0.005033
v 0.030612 -0.020931 0.006227
v 0.030612 -0.020931 0.006227
v 0.030612 -0.020931 0.006227
v 0.030612 -0.020931 0.006227
v 0.030612 -0.020931 0.006227
v 0.030612 -0.020931 0.006227
v 0.028321 -0.020873 0.004385
v 0.025899 -0.020813 0.004876
v 0.025899 -0.020813 0.004876
v 0.041256 0.017974 0.005895
v 0.041256 0.017974 0.005895
v 0.041237 0.013841 0.005156
v 0.041237 0.013841 0.005156
v 0.025486 -0.001358 0.009095
v 0.025486 -0.001358 0.009095
v 0.041410 0.007802 0.001738
v 0.041410 0.007802 0.001738
v 0.041238 0.020692 0.003890
v 0.041238 0.020692 0.003890
v 0.041238 0.020692 0.003890
v 0.041238 0.020692 0.003890
v 0.041238 0.020692 0.003890
v 0.041072 0.020668 0.004368
v 0.041072 0.020668 0.004368
v 0.041072 0.020668 0.004368
v 0.041072 0.020668 0.004368
v 0.041282 0.020713 0.004297
v 0.041282 0.020713 0.004297
v 0.041282 0.020713 0.004297
v 0.041282 0.020713 0.004297
v 0.041282 0.020713 0.004297
v 0.031463 0.019921 0.009142
v 0.031463 0.019921 0.009142
v 0.031463 0.019921 0.009142
v 0.031463 0.019921 0.009142
v 0.029751 0.012058 0.009389
v 0.030950 0.013345 0.009379
v 0.029249 0.014552 0.009453
v 0.022266 -0.019895 0.008370
v 0.022266 -0.019895 0.008370
v 0.022266 -0.019895 0.008370
v 0.022266 -0.019895 0.008370
v 0.025184 -0.020010 0.008219
v 0.025184 -0.020010 0.008219
v 0.025184 -0.020010 0.008219
v 0.025429 -0.020244 0.007968
v 0.025429 -0.020244 0.007968
v 0.025429 -0.020244 0.007968
v 0.025429 -0.020244 0.007968
v 0.025429 -0.020244 0.007968
v 0.026006 -0.020014 0.008213
v 0.028253 0.008318 0.009330
v 0.026019 0.008983 0.009388
v 0.033207 0.016056 0.009358
v 0.034482 0.014253 0.009278
v 0.026099 -0.004283 0.008979
v 0.025559 -0.004960 0.008968
v 0.026542 -0.004902 0.008956
v 0.027423 -0.005280 0.008928
v 0.027037 -0.004080 0.008967
v 0.041341 0.020661 0.003516
v 0.041341 0.020661 0.003516
v 0.041341 0.020661 0.003516
v 0.041341 0.020661 0.003516
v 0.041341 0.020661 0.003516
v 0.029951 -0.020926 0.004734
v 0.029951 -0.020926 0.004734
v 0.029951 -0.020926 0.004734
v 0.029951 -0.020926 0.004734
v 0.031366 0.016320 0.009421
v 0.041177 -0.004241 -0.000111
v 0.041177 -0.004241 -0.000111
v 0.041177 -0.004241 -0.000111
v 0.041184 -0.002907 0.000165
v 0.041184 -0.002907 0.000165
v 0.041184 -0.002907 0.000165
v 0.021817 -0.011298 0.008888
v 0.021817 -0.011298 0.008888
v 0.021817 -0.011298 0.008888
v 0.023801 -0.013187 0.008855
v 0.041199 -0.005348 -0.000802
v 0.041199 -0.005348 -0.000802
v 0.041199 -0.005348 -0.000802
v 0.041204 -0.009782 -0.001179
v 0.041204 -0.009782 -0.001179
v 0.041204 -0.009782 -0.001179
v 0.041255 0.007267 0.003455
v 0.041255 0.007267 0.003455
v 0.041297 0.005537 0.002659
v 0.041297 0.005537 0.002659
v 0.041297 0.005537 0.002659
v 0.023515 -0.009667 0.008909
v 0.023515 -0.009667 0.008909
v 0.041178 0.005057 0.003683
v 0.041178 0.005057 0.003683
v 0.041152 0.009527 0.004969
v 0.041152 0.009527 0.004969
v 0.041152 0.009527 0.004969
v 0.041152 0.009527 0.004969
v 0.041152 0.009527 0.004969
v 0.041032 0.005960 0.005159
v 0.041032 0.005960 0.005159
v 0.023464 -0.004037 0.009025
v 0.022772 -0.012093 0.008885
v 0.022772 -0.012093 0.008885
v 0.020354 -0.018731 0.008721
v -0.039055 -0.007047 -0.009172
v -0.039055 -0.007047 -0.009172
v 0.027643 -0.000885 0.009054
v 0.026701 -0.002236 0.009034
v 0.027919 -0.001777 0.009015
v 0.027919 -0.001777 0.009015
v 0.041214 -0.002559 -0.000540
v -0.040917 0.019999 -0.003669
v -0.040917 0.019999 -0.003669
v -0.040917 0.019999 -0.003669
v -0.040917 0.019999 -0.003669
v 0.040835 -0.019840 -0.002159
v 0.040835 -0.019840 -0.002159
v 0.040974 -0.019773 -0.001463
v 0.040974 -0.019773 -0.001463
v 0.040974 -0.019773 -0.001463
v 0.040974 -0.019773 -0.001463
v 0.040974 -0.019773 -0.001463
v 0.030272 0.020788 0.008043
v 0.022218 -0.020464 0.007762
v 0.022218 -0.020464 0.007762
v 0.022218 -0.020464 0.007762
v 0.022218 -0.020464 0.007762
v 0.027980 0.015866 0.009509
v 0.023828 -0.003903 0.009024
v 0.024525 -0.003772 0.009019
v 0.039287 0.006133 0.008139
v 0.039287 0.006133 0.008139
v 0.039287 0.006133 0.008139
v 0.039287 0.006133 0.008139
v 0.039233 0.006770 0.007908
v 0.039233 0.006770 0.007908
v 0.039233 0.006770 0.007908
v 0.039288 0.006777 0.008316
v 0.039288 0.006777 0.008316
v 0.039288 0.006777 0.008316
v 0.039288 0.006777 0.008316
v 0.041131 -0.009606 -0.000244
v 0.041100 -0.009975 0.000193
v 0.041150 -0.010220 -0.000416
v 0.041301 0.003689 0.002053
v 0.041301 0.003689 0.002053
v 0.041301 0.003689 0.002053
v 0.041301 0.003689 0.002053
v 0.023043 -0.009213 0.008900
v 0.022887 -0.010407 0.008899
v 0.022887 -0.010407 0.008899
v -0.039741 -0.003672 -0.009078
v -0.039741 -0.003672 -0.009078
v -0.039741 -0.003672 -0.009078
v -0.039397 -0.002083 -0.009232
v -0.039397 -0.002083 -0.009232
v -0.039397 -0.002083 -0.009232
v 0.026369 -0.019771 0.008475
v 0.026369 -0.019771 0.008475
v 0.026369 -0.019771 0.008475
v 0.026369 -0.019771 0.008475
v 0.026369 -0.019771 0.008475
v 0.039580 -0.021054 0.001604
v 0.039580 -0.021054 0.001604
v 0.039580 -0.021054 0.001604
v -0.035003 0.009044 -0.009484
v -0.035003 0.009044 -0.009484
v -0.035003 0.009044 -0.009484
v 0.041245 -0.003471 -0.002228
v 0.041245 -0.003471 -0.002228
v 0.041245 -0.003471 -0.002228
v 0.030800 0.001510 0.009040
v 0.032787 0.002629 0.008995
v 0.031090 0.003126 0.009082
v 0.024822 -0.002814 0.009056
v 0.025804 -0.003584 0.009007
v 0.041469 0.019955 0.003255
v 0.041469 0.019955 0.003255
v 0.041381 0.020056 0.004502
v 0.041381 0.020056 0.004502
v 0.041381 0.020056 0.004502
v 0.041381 0.020056 0.004502
v 0.032946 -0.000796 0.008894
v 0.034111 -0.001055 0.008825
v 0.033611 0.000242 0.008884
v 0.039247 0.021135 0.007077
v 0.039247 0.021135 0.007077
v 0.039247 0.021135 0.007077
v 0.038076 0.021175 0.006653
v 0.038076 0.021175 0.006653
v 0.038076 0.021175 0.006653
v 0.038076 0.021175 0.006653
v 0.038076 0.021175 0.006653
v 0.038076 0.021175 0.006653
v 0.038076 0.021175 0.006653
v 0.040821 -0.019810 -0.000187
v 0.039159 0.010736 0.008884
v 0.039159 0.010736 0.008884
v 0.039159 0.010736 0.008884
v 0.039159 0.010736 0.008884
v 0.039159 0.010736 0.008884
v 0.039159 0.010736 0.008884
v 0.039159 0.010736 0.008884
v 0.039159 0.010736 0.008884
v 0.039159 0.010736 0.008884
v 0.039413 0.011921 0.008744
v 0.039413 0.011921 0.008744
v 0.039413 0.011921 0.008744
v 0.039406 0.012802 0.008769
v 0.039406 0.012802 0.008769
v 0.039406 0.012802 0.008769
v 0.039406 0.012802 0.008769
v 0.039406 0.012802 0.008769
v 0.039406 0.012802 0.008769
v 0.029816 0.009165 0.009313
v -0.040292 0.008823 -0.007664
v 0.024013 -0.019726 0.008546
v 0.024013 -0.019726 0.008546
v 0.024013 -0.019726 0.008546
v 0.024013 -0.019726 0.008546
v 0.024013 -0.019726 0.008546
v 0.024013 -0.019726 0.008546
v 0.024013 -0.019726 0.008546
v 0.024013 -0.019726 0.008546
v 0.032712 0.020412 0.008709
v 0.027923 0.002796 0.009174
v 0.024778 -0.011779 0.008872
v 0.023919 -0.010073 0.008908
v 0.023919 -0.010073 0.008908
v 0.034386 0.020523 0.008641
v 0.034386 0.020523 0.008641
v 0.024048 -0.020502 0.007721
v 0.024048 -0.020502 0.007721
v 0.024048 -0.020502 0.007721
v 0.028863 -0.019241 0.008528
v 0.028863 -0.019241 0.008528
v 0.028863 -0.019241 0.008528
v 0.028863 -0.019241 0.008528
v 0.028863 -0.019241 0.008528
v 0.027375 -0.019522 0.008514
v 0.027375 -0.019522 0.008514
v 0.027375 -0.019522 0.008514
v 0.028709 -0.019753 0.008430
v 0.028709 -0.019753 0.008430
v 0.028709 -0.019753 0.008430
v 0.028709 -0.019753 0.008430
v 0.027942 -0.003320 0.008973
v 0.040349 0.020686 0.004298
v 0.040349 0.020686 0.004298
v 0.040349 0.020686 0.004298
v 0.041135 -0.003619 0.001013
v 0.035821 0.020765 0.008452
v 0.035821 0.020765 0.008452
v 0.035821 0.020765 0.008452
v 0.035821 0.020765 0.008452
v 0.035821 0.020765 0.008452
v 0.038906 0.020818 0.008432
v 0.038906 0.020818 0.008432
v 0.038906 0.020818 0.008432
v 0.038906 0.020818 0.008432
v 0.038906 0.020818 0.008432
v 0.038906 0.020818 0.008432
v 0.038906 0.020818 0.008432
v 0.038906 0.020818 0.008432
v 0.038906 0.020818 0.008432
v 0.038906 0.020818 0.008432
v 0.034379 0.020873 0.008203
v 0.034379 0.020873 0.008203
v 0.034379 0.020873 0.008203
v 0.034379 0.020873 0.008203
v 0.034379 0.020873 0.008203
v 0.033845 -0.021038 0.002452
v 0.034423 -0.021095 0.003488
v -0.033410 0.020303 -0.008587
v -0.033410 0.020303 -0.008587
v 0.039843 0.020867 0.001589
v 0.039843 0.020867 0.001589
v 0.039843 0.020867 0.001589
v 0.039843 0.020867 0.001589
v 0.039949 -0.020678 -0.000707
v 0.039949 -0.020678 -0.000707
v 0.039949 -0.020678 -0.000707
v 0.039949 -0.020678 -0.000707
v 0.039949 -0.020678 -0.000707
v 0.039949 -0.020678 -0.000707
v 0.039994 -0.020489 -0.001979
v 0.039994 -0.020489 -0.001979
v 0.039994 -0.020489 -0.001979
v 0.039994 -0.020489 -0.001979
v 0.040359 -0.020038 -0.001079
v 0.040359 -0.020038 -0.001079
v 0.040359 -0.020038 -0.001079
v 0.040359 -0.020038 -0.001079
v 0.040359 -0.020038 -0.001079
v 0.040359 -0.020038 -0.001079
v 0.040359 -0.020038 -0.001079
v 0.040657 -0.019901 -0.001285
v 0.040657 -0.019901 -0.001285
v 0.040657 -0.019901 -0.001285
v 0.040657 -0.019901 -0.001285
v 0.024360 -0.019949 0.008296
v 0.024360 -0.019949 0.008296
v 0.028297 -0.020583 0.007742
v 0.028297 -0.020583 0.007742
v 0.028297 -0.020583 0.007742
v 0.028297 -0.020583 0.007742
v 0.028297 -0.020583 0.007742
v 0.026377 -0.014219 0.008800
v 0.026377 -0.014219 0.008800
v 0.024719 -0.014669 0.008804
v 0.041412 0.020661 0.003857
v 0.041412 0.020661 0.003857
v 0.041412 0.020661 0.003857
v 0.041412 0.020661 0.003857
v 0.041412 0.020661 0.003857
v 0.041412 0.020661 0.003857
v 0.041412 0.020661 0.003857
v 0.040876 0.020573 0.003891
v 0.040876 0.020573 0.003891
v 0.040876 0.020573 0.003891
v 0.040876 0.020573 0.003891
v -0.040232 0.000723 -0.007049
v -0.040232 0.000723 -0.007049
v -0.040232 0.000723 -0.007049
v -0.040563 0.008079 -0.005832
v -0.034422 0.005517 -0.009555
v 0.031653 0.008630 0.009241
v 0.030787 0.010965 0.009333
v 0.026187 -0.019443 0.008559
v 0.026187 -0.019443 0.008559
v 0.026187 -0.019443 0.008559
v 0.026187 -0.019443 0.008559
v 0.026187 -0.019443 0.008559
v 0.025268 -0.019753 0.008504
v 0.025268 -0.019753 0.008504
v 0.025268 -0.019753 0.008504
v 0.020770 -0.020567 0.007357
v 0.041314 0.002486 0.001226
v 0.041314 0.002486 0.001226
v 0.041216 -0.009038 -0.001377
v 0.040169 -0.020358 -0.000930
v 0.040169 -0.020358 -0.000930
v 0.040169 -0.020358 -0.000930
v 0.040169 -0.020358 -0.000930
v 0.040169 -0.020358 -0.000930
v 0.029368 0.000543 0.009055
v 0.033885 0.019972 0.009090
v 0.033885 0.019972 0.009090
v 0.033885 0.019972 0.009090
v 0.027459 -0.009902 0.008863
v 0.027982 -0.012590 0.008813
v 0.029406 -0.010329 0.008819
v 0.029998 -0.019980 0.008196
v 0.029998 -0.019980 0.008196
v 0.029998 -0.019980 0.008196
v 0.029998 -0.019980 0.008196
v 0.029998 -0.019980 0.008196
v 0.029714 -0.005782 0.008882
v 0.029714 -0.005782 0.008882
v 0.029714 -0.005782 0.008882
v 0.030415 -0.004785 0.008880
v 0.029710 -0.004292 0.008921
v 0.029710 -0.004292 0.008921
v 0.029710 -0.004292 0.008921
v 0.037487 -0.021137 0.001979
v 0.041129 -0.007639 0.000082
v 0.040816 -0.000874 0.005110
v 0.040816 -0.000874 0.005110
v 0.040761 -0.003917 0.004708
v 0.040761 -0.003917 0.004708
v 0.031419 -0.020492 0.007738
v 0.031419 -0.020492 0.007738
v 0.031419 -0.020492 0.007738
v 0.032318 -0.020368 0.007765
v 0.032318 -0.020368 0.007765
v 0.032318 -0.020368 0.007765
v 0.032318 -0.020368 0.007765
v 0.032318 -0.020368 0.007765
v 0.032318 -0.020368 0.007765
v 0.030717 -0.020313 0.007903
v 0.030717 -0.020313 0.007903
v 0.030717 -0.020313 0.007903
v 0.030717 -0.020313 0.007903
v 0.030717 -0.020313 0.007903
v 0.030717 -0.020313 0.007903
v 0.035786 -0.021176 0.004098
v 0.041307 0.020286 0.005566
v 0.041307 0.020286 0.005566
v 0.041307 0.020286 0.005566
v 0.041307 0.020286 0.005566
v 0.032564 0.019644 0.009362
v 0.032564 0.019644 0.009362
v 0.032564 0.019644 0.009362
v 0.032564 0.019644 0.009362
v 0.032564 0.019644 0.009362
v 0.032564 0.019644 0.009362
v 0.031157 0.019555 0.009430
v 0.031157 0.019555 0.009430
v 0.031157 0.019555 0.009430
v 0.031157 0.019555 0.009430
v 0.026341 -0.010811 0.008869
v 0.027478 -0.006789 0.008897
v 0.028292 -0.006084 0.008902
v 0.028056 -0.005481 0.008915
v 0.025243 -0.000336 0.009127
v 0.025243 -0.000336 0.009127
v 0.040982 -0.008088 0.001838
v 0.040982 -0.008088 0.001838
v 0.040982 -0.008088 0.001838
v 0.040977 -0.006886 0.002125
v 0.025645 -0.016325 0.008734
v 0.025357 -0.018537 0.008627
v 0.025357 -0.018537 0.008627
v 0.025696 -0.017564 0.008674
v 0.030001 -0.018655 0.008543
v 0.030001 -0.018655 0.008543
v 0.030001 -0.018655 0.008543
v 0.029285 -0.018680 0.008555
v 0.041103 -0.009481 0.000111
v 0.041072 -0.010078 0.000559
v 0.041072 -0.010078 0.000559
v 0.041072 -0.010078 0.000559
v 0.036076 0.019204 0.009321
v 0.036076 0.019204 0.009321
v 0.036076 0.019204 0.009321
v 0.034149 0.019323 0.009368
v 0.034149 0.019323 0.009368
v 0.034149 0.019323 0.009368
v 0.026603 -0.005918 0.008932
v 0.026387 -0.006878 0.008915
v 0.037356 -0.021231 0.003761
v 0.037356 -0.021231 0.003761
v 0.037356 -0.021231 0.003761
v 0.037356 -0.021231 0.003761
v 0.032900 -0.021023 0.003350
v 0.040057 -0.020815 0.001817
v 0.040057 -0.020815 0.001817
v 0.040057 -0.020815 0.001817
v 0.040057 -0.020815 0.001817
v 0.040078 -0.020927 0.002761
v 0.040078 -0.020927 0.002761
v 0.040078 -0.020927 0.002761
v 0.040078 -0.020927 0.002761
v 0.040078 -0.020927 0.002761
v 0.040078 -0.020927 0.002761
v 0.041015 -0.010179 0.001250
v 0.041015 -0.010179 0.001250
v 0.041015 -0.010179 0.001250
v 0.041121 -0.011234 0.000053
v 0.041121 -0.011234 0.000053
v 0.027822 0.001076 0.009120
v 0.027351 0.000122 0.009098
v 0.028513 0.001017 0.009096
v 0.040918 0.020745 0.005370
v 0.040918 0.020745 0.005370
v 0.040918 0.020745 0.005370
v 0.040918 0.020745 0.005370
v 0.040918 0.020745 0.005370
v 0.040918 0.020745 0.005370
v 0.040304 -0.020145 -0.000288
v 0.040304 -0.020145 -0.000288
v 0.040304 -0.020145 -0.000288
v 0.040304 -0.020145 -0.000288
v 0.040304 -0.020145 -0.000288
v 0.040304 -0.020145 -0.000288
v 0.041049 -0.011482 0.000869
v 0.041049 -0.011482 0.000869
v 0.041049 -0.011482 0.000869
v -0.034181 0.006590 -0.009537
v 0.041067 -0.013066 0.000445
v 0.041115 -0.008732 0.000019
v 0.041076 -0.008958 0.000529
v 0.025424 -0.019334 0.008576
v 0.025424 -0.019334 0.008576
v 0.025989 -0.018928 0.008597
v 0.040464 -0.019950 0.000935
v 0.040464 -0.019950 0.000935
v 0.040464 -0.019950 0.000935
v 0.040464 -0.019950 0.000935
v 0.040464 -0.019950 0.000935
v 0.040207 -0.020239 -0.001736
v 0.040207 -0.020239 -0.001736
v 0.040207 -0.020239 -0.001736
v 0.040207 -0.020239 -0.001736
v 0.040207 -0.020239 -0.001736
v 0.040207 -0.020239 -0.001736
v 0.040966 0.020705 0.004924
v 0.034489 0.007196 0.009082
v 0.027215 0.001565 0.009155
v 0.041020 0.014407 0.006896
v 0.041020 0.014407 0.006896
v 0.041020 0.014407 0.006896
v 0.041020 0.014407 0.006896
v 0.041020 0.014407 0.006896
v 0.041020 0.014407 0.006896
v 0.041020 0.014407 0.006896
v 0.041020 0.014407 0.006896
v 0.041106 0.016986 0.006864
v 0.041106 0.016986 0.006864
v 0.041106 0.016986 0.006864
v 0.041106 0.016986 0.006864
v 0.041106 0.016986 0.006864
v 0.041061 0.019694 0.007038
v 0.041061 0.019694 0.007038
v 0.041061 0.019694 0.007038
v 0.041061 0.019694 0.007038
v 0.041061 0.019694 0.007038
v 0.041061 0.019694 0.007038
v 0.033469 0.009782 0.009211
v 0.032947 0.007282 0.009153
v 0.035490 0.018002 0.009316
v 0.034482 0.016622 0.009325
v 0.040832 0.003770 0.006113
v 0.040832 0.003770 0.006113
v 0.040832 0.003770 0.006113
v 0.040942 0.007612 0.006218
v 0.040942 0.007612 0.006218
v 0.040942 0.007612 0.006218
v 0.040942 0.007612 0.006218
v 0.030959 -0.020878 0.007242
v 0.030959 -0.020878 0.007242
v 0.030959 -0.020878 0.007242
v 0.030959 -0.020878 0.007242
v 0.030959 -0.020878 0.007242
v 0.030959 -0.020878 0.007242
v 0.030959 -0.020878 0.007242
v 0.029928 -0.020616 0.007719
v 0.029928 -0.020616 0.007719
v 0.029928 -0.020616 0.007719
v 0.029928 -0.020616 0.007719
v 0.029928 -0.020616 0.007719
v 0.030098 -0.020857 0.007209
v 0.030098 -0.020857 0.007209
v 0.030098 -0.020857 0.007209
v 0.030098 -0.020857 0.007209
v 0.041053 -0.003984 0.002015
v 0.041163 -0.008517 -0.000564
v 0.041163 -0.008517 -0.000564
v 0.041163 -0.008517 -0.000564
v 0.041156 -0.009284 -0.000541
v 0.028916 -0.020879 0.006122
v 0.028916 -0.020879 0.006122
v 0.028916 -0.020879 0.006122
v 0.028916 -0.020879 0.006122
v 0.041097 0.020738 0.005723
v 0.041097 0.020738 0.005723
v 0.041097 0.020738 0.005723
v 0.041097 0.020738 0.005723
v 0.041097 0.020738 0.005723
v 0.041097 0.020738 0.005723
v 0.041097 0.020738 0.005723
v 0.041097 -0.006368 0.000902
v 0.041097 -0.006368 0.000902
v 0.041031 -0.007255 0.001497
v 0.041031 -0.007255 0.001497
v 0.032372 -0.021021 0.004373
v 0.025258 -0.004185 0.008993
v 0.040881 -0.007923 0.002790
v 0.040958 -0.009432 0.001884
v 0.040958 -0.009432 0.001884
v -0.040701 0.008030 -0.004826
v 0.029497 -0.007067 0.008861
v 0.026152 -0.018182 0.008635
v 0.026725 -0.018711 0.008601
v 0.026725 -0.018711 0.008601
v 0.041092 0.020749 0.006201
v 0.041092 0.020749 0.006201
v 0.041092 0.020749 0.006201
v 0.041092 0.020749 0.006201
v 0.041092 0.020749 0.006201
v 0.041092 0.020749 0.006201
v 0.041092 0.020749 0.006201
v 0.040728 0.020709 0.007294
v 0.040728 0.020709 0.007294
v 0.040728 0.020709 0.007294
v 0.040728 0.020709 0.007294
v 0.040728 0.020709 0.007294
v 0.040728 0.020709 0.007294
v 0.040728 0.020709 0.007294
v 0.040897 0.018375 0.007203
v 0.040897 0.018375 0.007203
v 0.040897 0.018375 0.007203
v 0.040897 0.018375 0.007203
v 0.040897 0.018375 0.007203
v 0.040897 0.018375 0.007203
v 0.030627 0.006156 0.009197
v 0.041197 0.003247 0.003026
v 0.041197 0.003247 0.003026
v 0.026733 -0.020531 0.007756
v 0.026733 -0.020531 0.007756
v 0.026733 -0.020531 0.007756
v 0.026733 -0.020531 0.007756
v 0.029147 -0.001501 0.009003
v 0.029005 -0.000694 0.009023
v 0.029005 -0.000694 0.009023
v 0.037388 0.018380 0.009254
v 0.037388 0.018380 0.009254
v 0.026807 -0.017158 0.008678
v 0.026487 -0.007675 0.008902
v 0.026919 -0.019947 0.008290
v 0.026919 -0.019947 0.008290
v 0.026919 -0.019947 0.008290
v 0.026919 -0.019947 0.008290
v 0.026919 -0.019947 0.008290
v 0.026919 -0.019947 0.008290
v 0.027978 -0.008418 0.008866
v 0.029160 -0.008489 0.008842
v 0.029100 -0.020793 0.007377
v 0.029100 -0.020793 0.007377
v 0.029100 -0.020793 0.007377
v 0.029100 -0.020793 0.007377
v 0.029179 -0.020624 0.007699
v 0.029179 -0.020624 0.007699
v 0.029179 -0.020624 0.007699
v 0.029179 -0.020624 0.007699
v 0.033416 -0.021067 0.004267
v 0.034432 -0.021118 0.004344
v 0.035943 0.019731 0.009249
v 0.035943 0.019731 0.009249
v 0.035943 0.019731 0.009249
v 0.035943 0.019731 0.009249
v 0.035943 0.019731 0.009249
v 0.035943 0.019731 0.009249
v 0.040960 -0.010834 0.001732
v 0.029465 0.004166 0.009172
v 0.040492 -0.019944 -0.000609
v 0.040492 -0.019944 -0.000609
v 0.040492 -0.019944 -0.000609
v 0.040492 -0.019944 -0.000609
v 0.040375 -0.019980 0.001576
v 0.040375 -0.019980 0.001576
v 0.040375 -0.019980 0.001576
v 0.040375 -0.019980 0.001576
v 0.040375 -0.019980 0.001576
v 0.040375 -0.019980 0.001576
v 0.037930 0.019345 0.009250
v 0.037930 0.019345 0.009250
v 0.037930 0.019345 0.009250
v 0.037930 0.019345 0.009250
v 0.037930 0.019345 0.009250
v 0.039293 0.008331 0.008414
v 0.039293 0.008331 0.008414
v 0.039293 0.008331 0.008414
v 0.039293 0.008331 0.008414
v 0.039293 0.008331 0.008414
v 0.039293 0.008331 0.008414
v 0.039356 0.009386 0.008684
v 0.039356 0.009386 0.008684
v 0.039356 0.009386 0.008684
v 0.039356 0.009386 0.008684
v 0.039356 0.009386 0.008684
v 0.039356 0.009386 0.008684
v 0.039322 0.008126 0.008674
v 0.039322 0.008126 0.008674
v 0.039322 0.008126 0.008674
v 0.039322 0.008126 0.008674
v 0.039322 0.008126 0.008674
v 0.037706 0.014170 0.009133
v 0.037706 0.014170 0.009133
v 0.037706 0.014170 0.009133
v 0.037706 0.014170 0.009133
v 0.036097 0.012432 0.009175
v 0.036097 0.012432 0.009175
v 0.036097 0.012432 0.009175
v -0.035534 0.005091 -0.009545
v 0.030551 -0.001925 0.008969
v 0.030551 -0.001925 0.008969
v 0.029977 -0.001017 0.009002
v 0.029910 -0.001415 0.008994
v 0.041136 0.015133 0.006385
v 0.041136 0.015133 0.006385
v 0.041136 0.015133 0.006385
v 0.041136 0.015133 0.006385
v 0.040216 0.021023 0.007210
v 0.040216 0.021023 0.007210
v 0.040216 0.021023 0.007210
v 0.040216 0.021023 0.007210
v 0.040216 0.021023 0.007210
v 0.040216 0.021023 0.007210
v 0.040216 0.021023 0.007210
v 0.040714 0.020881 0.007089
v 0.040714 0.020881 0.007089
v 0.040714 0.020881 0.007089
v 0.041043 0.020779 0.006680
v 0.041043 0.020779 0.006680
v 0.041043 0.020779 0.006680
v 0.041227 0.019801 0.006511
v 0.041227 0.019801 0.006511
v 0.041227 0.019801 0.006511
v 0.041227 0.019801 0.006511
v 0.041227 0.019801 0.006511
v 0.041227 0.019801 0.006511
v 0.041227 0.019801 0.006511
v 0.028312 -0.000816 0.009034
v 0.028312 -0.000816 0.009034
v 0.028064 -0.004753 0.008931
v 0.040901 0.001553 0.005126
v 0.040901 0.001553 0.005126
v 0.040901 0.001553 0.005126
v 0.029269 -0.003551 0.008953
v 0.028742 -0.002785 0.008978
v 0.028876 -0.004271 0.008937
v 0.028876 -0.004271 0.008937
v 0.027377 -0.020284 0.007981
v 0.027377 -0.020284 0.007981
v 0.027377 -0.020284 0.007981
v 0.027377 -0.020284 0.007981
v 0.027377 -0.020284 0.007981
v 0.027377 -0.020284 0.007981
v 0.026611 -0.020212 0.008029
v 0.026611 -0.020212 0.008029
v 0.026611 -0.020212 0.008029
v 0.026611 -0.020212 0.008029
v -0.039693 0.019476 -0.004938
v -0.039693 0.019476 -0.004938
v -0.039693 0.019476 -0.004938
v -0.039693 0.019476 -0.004938
v -0.039693 0.019476 -0.004938
v -0.039693 0.019476 -0.004938
v 0.037865 -0.021158 0.002240
v 0.031035 -0.005308 0.008847
v 0.031438 -0.006293 0.008820
v 0.031438 -0.006293 0.008820
v 0.035990 0.020240 0.008878
v 0.035990 0.020240 0.008878
v 0.035990 0.020240 0.008878
v -0.039812 0.019679 -0.006105
v -0.039812 0.019679 -0.006105
v -0.039812 0.019679 -0.006105
v -0.039812 0.019679 -0.006105
v -0.039812 0.019679 -0.006105
v -0.039812 0.019679 -0.006105
v -0.040875 0.019886 -0.005977
v -0.040875 0.019886 -0.005977
v -0.040875 0.019886 -0.005977
v -0.040875 0.019886 -0.005977
v 0.030765 -0.007870 0.008814
v 0.030648 -0.006077 0.008849
v 0.030648 -0.006077 0.008849
v 0.030337 -0.006887 0.008844
v 0.028504 -0.007452 0.008870
v 0.035704 -0.008566 0.008633
v 0.035704 -0.008566 0.008633
v -0.034631 0.006924 -0.009535
v -0.034631 0.006924 -0.009535
v -0.035328 0.007271 -0.009521
v -0.035328 0.007271 -0.009521
v -0.035328 0.007271 -0.009521
v 0.040444 -0.019850 0.003180
v 0.040444 -0.019850 0.003180
v 0.040444 -0.019850 0.003180
v 0.040444 -0.019850 0.003180
v 0.040444 -0.019850 0.003180
v 0.040444 -0.019850 0.003180
v 0.040444 -0.019850 0.003180
v 0.040271 -0.019993 0.002992
v 0.040271 -0.019993 0.002992
v 0.040285 -0.020008 0.002152
v 0.040285 -0.020008 0.002152
v 0.040285 -0.020008 0.002152
v 0.040285 -0.020008 0.002152
v 0.040285 -0.020008 0.002152
v 0.040285 -0.020008 0.002152
v 0.031939 -0.020741 0.007655
v 0.031939 -0.020741 0.007655
v 0.031939 -0.020741 0.007655
v 0.031939 -0.020741 0.007655
v 0.031939 -0.020741 0.007655
v 0.031939 -0.020741 0.007655
v 0.034161 -0.002399 0.008781
v 0.034504 -0.001666 0.008787
v 0.033301 -0.001605 0.008853
v 0.030531 -0.000411 0.009004
v 0.030531 -0.000411 0.009004
v 0.027984 -0.015709 0.008723
v 0.027984 -0.015709 0.008723
v 0.029602 -0.002865 0.008968
v 0.029602 -0.002865 0.008968
v 0.029602 -0.002865 0.008968
v 0.030600 -0.003413 0.008911
v 0.039608 0.020239 0.008813
v 0.039608 0.020239 0.008813
v 0.039608 0.020239 0.008813
v 0.039686 0.020722 0.008536
v 0.039686 0.020722 0.008536
v 0.039686 0.020722 0.008536
v 0.039686 0.020722 0.008536
v 0.039686 0.020722 0.008536
v 0.039686 0.020722 0.008536
v 0.039686 0.020722 0.008536
v 0.037984 0.020070 0.008990
v 0.037984 0.020070 0.008990
v 0.037984 0.020070 0.008990
v 0.037984 0.020070 0.008990
v 0.037984 0.020070 0.008990
v 0.029112 -0.005246 0.008909
v -0.039780 -0.002277 -0.009048
v -0.039780 -0.002277 -0.009048
v -0.039742 -0.000407 -0.009177
v -0.039742 -0.000407 -0.009177
v -0.039742 -0.000407 -0.009177
v -0.039742 -0.000407 -0.009177
v -0.039742 -0.000407 -0.009177
v 0.039108 0.018403 0.009163
v 0.039108 0.018403 0.009163
v 0.039369 0.019193 0.009168
v 0.039369 0.019193 0.009168
v 0.039369 0.019193 0.009168
v 0.039369 0.019193 0.009168
v 0.039369 0.019193 0.009168
v 0.039369 0.019193 0.009168
v 0.039369 0.019193 0.009168
v 0.040750 -0.006407 0.004230
v 0.028529 -0.005315 0.008916
v 0.027449 -0.007379 0.008888
v 0.030070 -0.019471 0.008459
v 0.030070 -0.019471 0.008459
v 0.030070 -0.019471 0.008459
v 0.030070 -0.019471 0.008459
v -0.040638 0.019856 -0.006502
v -0.040638 0.019856 -0.006502
v -0.040638 0.019856 -0.006502
v -0.040638 0.019856 -0.006502
v -0.040638 0.019856 -0.006502
v 0.027967 -0.017464 0.008640
v 0.029191 -0.017489 0.008617
v 0.026584 -0.008750 0.008891
v 0.028690 -0.020015 0.008193
v 0.028690 -0.020015 0.008193
v 0.028690 -0.020015 0.008193
v 0.028216 -0.020223 0.008025
v 0.028216 -0.020223 0.008025
v 0.028216 -0.020223 0.008025
v 0.028216 -0.020223 0.008025
v 0.028216 -0.020223 0.008025
v 0.040736 0.020850 0.006420
v 0.040736 0.020850 0.006420
v 0.040736 0.020850 0.006420
v 0.040736 0.020850 0.006420
v 0.040417 0.020871 0.005960
v 0.040417 0.020871 0.005960
v 0.040036 0.021007 0.006548
v 0.040036 0.021007 0.006548
v 0.040036 0.021007 0.006548
v -0.039985 0.005083 -0.008936
v -0.039985 0.005083 -0.008936
v -0.039985 0.005083 -0.008936
v 0.041040 0.003356 0.004432
v 0.041040 0.003356 0.004432
v 0.041040 0.003356 0.004432
v 0.039290 0.000405 0.007526
v 0.039290 0.000405 0.007526
v 0.039290 0.000405 0.007526
v 0.039290 0.000405 0.007526
v 0.039266 0.000628 0.007380
v 0.039266 0.000628 0.007380
v 0.039266 0.000628 0.007380
v 0.039266 0.000628 0.007380
v 0.039266 0.000628 0.007380
v 0.030978 -0.001254 0.008975
v 0.030978 -0.001254 0.008975
v 0.030978 -0.001254 0.008975
v 0.040556 0.020917 0.006775
v 0.040556 0.020917 0.006775
v 0.040556 0.020917 0.006775
v 0.037377 0.020665 0.008548
v 0.037377 0.020665 0.008548
v 0.037377 0.020665 0.008548
v 0.039225 0.007540 0.008120
v 0.039225 0.007540 0.008120
v 0.039225 0.007540 0.008120
v 0.039225 0.007540 0.008120
v 0.039207 0.007918 0.007693
v 0.039207 0.007918 0.007693
v 0.039207 0.007918 0.007693
v 0.039207 0.007918 0.007693
v 0.039207 0.007918 0.007693
v 0.039212 0.008269 0.008087
v 0.039212 0.008269 0.008087
v 0.039212 0.008269 0.008087
v 0.039212 0.008269 0.008087
v 0.039212 0.008269 0.008087
v 0.039212 0.008269 0.008087
v 0.039292 0.005085 0.007230
v 0.039292 0.005085 0.007230
v 0.039292 0.005085 0.007230
v 0.039292 0.005085 0.007230
v 0.039407 0.005961 0.007217
v 0.039407 0.005961 0.007217
v 0.039407 0.005961 0.007217
v 0.039407 0.005961 0.007217
v 0.039407 0.005961 0.007217
v 0.039407 0.005961 0.007217
v -0.036042 0.006538 -0.009516
v 0.032141 -0.002465 0.008878
v 0.033309 -0.002895 0.008809
v 0.033309 -0.002895 0.008809
v 0.033309 -0.002895 0.008809
v 0.031802 -0.001059 0.008943
v 0.037067 0.016728 0.009230
v 0.037067 0.016728 0.009230
v 0.041050 0.000745 0.003622
v 0.041050 0.000745 0.003622
v 0.035302 -0.002206 0.008728
v 0.035302 -0.002206 0.008728
v 0.035112 -0.003205 0.008717
v -0.036734 0.007218 -0.009491
v 0.039720 0.021110 0.007951
v 0.039720 0.021110 0.007951
v 0.039720 0.021110 0.007951
v 0.039720 0.021110 0.007951
v 0.039720 0.021110 0.007951
v 0.039720 0.021110 0.007951
v 0.039720 0.021110 0.007951
v 0.039720 0.021110 0.007951
v 0.039913 0.021099 0.007503
v 0.039913 0.021099 0.007503
v 0.039913 0.021099 0.007503
v 0.039913 0.021099 0.007503
v 0.031164 -0.004325 0.008857
v 0.031164 -0.004325 0.008857
v 0.031952 0.000689 0.008975
v 0.028857 -0.000284 0.009039
v 0.033461 -0.004266 0.008777
v 0.034002 -0.003490 0.008763
v -0.035071 0.005623 -0.009552
v -0.035071 0.005623 -0.009552
v 0.029882 -0.008225 0.008831
v 0.030503 -0.009151 0.008803
v 0.032590 -0.020581 0.007655
v 0.032590 -0.020581 0.007655
v 0.032590 -0.020581 0.007655
v 0.032590 -0.020581 0.007655
v 0.032045 -0.020599 0.007664
v 0.032045 -0.020599 0.007664
v 0.032045 -0.020599 0.007664
v 0.032045 -0.020599 0.007664
v 0.032045 -0.020599 0.007664
v 0.032045 -0.020599 0.007664
v 0.040839 0.006074 0.006466
v 0.040839 0.006074 0.006466
v 0.040839 0.006074 0.006466
v 0.041270 0.020530 0.006197
v 0.041270 0.020530 0.006197
v 0.041270 0.020530 0.006197
v 0.041270 0.020530 0.006197
v 0.030161 -0.017809 0.008585
v 0.027791 -0.019944 0.008281
v 0.027791 -0.019944 0.008281
v 0.027791 -0.019944 0.008281
v 0.027791 -0.019944 0.008281
v 0.032142 -0.005431 0.008810
v 0.035938 0.015399 0.009247
v 0.027776 -0.018554 0.008590
v -0.039856 0.019592 -0.005691
v -0.039856 0.019592 -0.005691
v -0.039856 0.019592 -0.005691
v 0.028704 -0.018597 0.008569
v 0.028334 -0.018123 0.008599
v 0.039980 0.021045 0.006939
v 0.039980 0.021045 0.006939
v 0.039980 0.021045 0.006939
v 0.039672 0.020948 0.008265
v 0.039672 0.020948 0.008265
v 0.039672 0.020948 0.008265
v 0.039672 0.020948 0.008265
v 0.039860 0.020965 0.007995
v 0.039860 0.020965 0.007995
v 0.039860 0.020965 0.007995
v 0.039860 0.020965 0.007995
v 0.039860 0.020965 0.007995
v 0.039860 0.020965 0.007995
v 0.039361 0.019656 0.009117
v 0.039361 0.019656 0.009117
v 0.039361 0.019656 0.009117
v 0.039361 0.019656 0.009117
v 0.039361 0.019656 0.009117
v 0.039361 0.019656 0.009117
v 0.039774 0.019310 0.009096
v 0.039774 0.019310 0.009096
v 0.039774 0.019310 0.009096
v 0.039774 0.019310 0.009096
v 0.039774 0.019310 0.009096
v 0.034298 -0.003002 0.008758
v 0.034724 0.002089 0.008879
v -0.039412 0.020096 -0.007942
v -0.039412 0.020096 -0.007942
v -0.039412 0.020096 -0.007942
v -0.039412 0.020096 -0.007942
v -0.039412 0.020096 -0.007942
v -0.039756 -0.005497 -0.009006
v -0.039756 -0.005497 -0.009006
v -0.039756 -0.005497 -0.009006
v -0.039756 -0.005497 -0.009006
v -0.039756 -0.005497 -0.009006
v 0.032056 0.005511 0.009126
v 0.032040 -0.003949 0.008831
v 0.032040 -0.003949 0.008831
v 0.032040 -0.003949 0.008831
v 0.032907 -0.003463 0.008811
v 0.032247 -0.008274 0.008760
v 0.032545 -0.007790 0.008758
v 0.032476 -0.006974 0.008774
v 0.032552 -0.004682 0.008804
v 0.033568 -0.007965 0.008717
v 0.035569 -0.006815 0.008649
v 0.034887 -0.006228 0.008686
v 0.040649 -0.005512 0.005242
v 0.040649 -0.005512 0.005242
v 0.040649 -0.005512 0.005242
v 0.029200 -0.020343 0.007913
v 0.029200 -0.020343 0.007913
v 0.029200 -0.020343 0.007913
v 0.031584 -0.020711 0.007656
v 0.031584 -0.020711 0.007656
v 0.031584 -0.020711 0.007656
v 0.031584 -0.020711 0.007656
v 0.030691 -0.020668 0.007682
v 0.030691 -0.020668 0.007682
v 0.030691 -0.020668 0.007682
v 0.030691 -0.020668 0.007682
v 0.030691 -0.020668 0.007682
v 0.030691 -0.020668 0.007682
v 0.030691 -0.020668 0.007682
v 0.030691 -0.020668 0.007682
v 0.033571 -0.005165 0.008764
v 0.039642 0.019772 0.008082
v 0.039642 0.019772 0.008082
v 0.039642 0.019772 0.008082
v 0.039642 0.019772 0.008082
v 0.039642 0.019772 0.008082
v 0.039642 0.019772 0.008082
v 0.039771 0.019502 0.008466
v 0.039771 0.019502 0.008466
v 0.039771 0.019502 0.008466
v 0.039771 0.019502 0.008466
v 0.039771 0.019502 0.008466
v 0.039633 0.019364 0.008283
v 0.039633 0.019364 0.008283
v 0.039633 0.019364 0.008283
v 0.039633 0.019364 0.008283
v 0.039633 0.019364 0.008283
v 0.041011 0.020794 0.007044
v 0.041011 0.020794 0.007044
v 0.041011 0.020794 0.007044
v 0.041011 0.020794 0.007044
v 0.041011 0.020794 0.007044
v 0.041011 0.020794 0.007044
v 0.041246 0.020663 0.006442
v 0.041246 0.020663 0.006442
v 0.041246 0.020663 0.006442
v 0.041246 0.020663 0.006442
v 0.041246 0.020663 0.006442
v 0.041246 0.020663 0.006442
v 0.041246 0.020663 0.006442
v 0.031008 0.000941 0.009018
v 0.033590 0.004942 0.009041
v 0.030901 0.000380 0.009010
v 0.031446 -0.020857 0.007406
v 0.031446 -0.020857 0.007406
v 0.031446 -0.020857 0.007406
v 0.039997 0.021031 0.007643
v 0.039997 0.021031 0.007643
v 0.039997 0.021031 0.007643
v 0.039997 0.021031 0.007643
v 0.039997 0.021031 0.007643
v 0.039997 0.021031 0.007643
v 0.040333 0.020906 0.007449
v 0.040333 0.020906 0.007449
v 0.040333 0.020906 0.007449
v 0.040333 0.020906 0.007449
v 0.040333 0.020906 0.007449
v 0.040333 0.020906 0.007449
v 0.040333 0.020906 0.007449
v 0.029586 -0.012522 0.008781
v 0.030851 -0.011533 0.008768
v 0.032834 -0.020969 0.007171
v 0.032834 -0.020969 0.007171
v 0.032834 -0.020969 0.007171
v 0.032834 -0.020969 0.007171
v 0.037870 0.011179 0.009029
v 0.037870 0.011179 0.009029
v 0.037870 0.011179 0.009029
v 0.037870 0.011179 0.009029
v 0.037870 0.011179 0.009029
v 0.039326 0.006385 0.008548
v 0.039326 0.006385 0.008548
v 0.039326 0.006385 0.008548
v 0.039326 0.006385 0.008548
v 0.039326 0.006385 0.008548
v 0.039326 0.006385 0.008548
v 0.039310 0.007521 0.008471
v 0.039310 0.007521 0.008471
v 0.039310 0.007521 0.008471
v 0.039310 0.007521 0.008471
v 0.039310 0.007521 0.008471
v 0.039332 0.007180 0.008615
v 0.039332 0.007180 0.008615
v 0.039332 0.007180 0.008615
v 0.039332 0.007180 0.008615
v 0.039332 0.007180 0.008615
v 0.031824 -0.004561 0.008829
v 0.039836 0.019826 0.009003
v 0.039836 0.019826 0.009003
v 0.039836 0.019826 0.009003
v 0.039836 0.019826 0.009003
v 0.039836 0.019826 0.009003
v 0.039836 0.019826 0.009003
v 0.039836 0.019826 0.009003
v 0.036723 0.020978 0.008060
v 0.036723 0.020978 0.008060
v 0.036723 0.020978 0.008060
v 0.031454 -0.007309 0.008803
v 0.029520 -0.009183 0.008826
v 0.039918 0.020785 0.007648
v 0.039918 0.020785 0.007648
v 0.039918 0.020785 0.007648
v 0.039918 0.020785 0.007648
v 0.039918 0.020785 0.007648
v 0.039918 0.020785 0.007648
v 0.040511 -0.000186 0.006858
v 0.040511 -0.000186 0.006858
v 0.040511 -0.000186 0.006858
v 0.040511 -0.000186 0.006858
v 0.039832 0.019246 0.008949
v 0.039832 0.019246 0.008949
v 0.039832 0.019246 0.008949
v 0.039832 0.019246 0.008949
v 0.039832 0.019246 0.008949
v 0.039832 0.019246 0.008949
v 0.039873 0.019552 0.009019
v 0.039873 0.019552 0.009019
v 0.039873 0.019552 0.009019
v 0.039873 0.019552 0.009019
v 0.039873 0.019552 0.009019
v 0.039873 0.019552 0.009019
v 0.039717 0.018941 0.009039
v 0.039717 0.018941 0.009039
v 0.039717 0.018941 0.009039
v 0.039717 0.018941 0.009039
v 0.039717 0.018941 0.009039
v 0.039711 0.021109 0.007399
v 0.039711 0.021109 0.007399
v 0.039711 0.021109 0.007399
v 0.040692 0.019919 0.007318
v 0.040692 0.019919 0.007318
v 0.040692 0.019919 0.007318
v 0.030022 -0.020317 0.007925
v 0.030022 -0.020317 0.007925
v 0.030022 -0.020317 0.007925
v 0.030022 -0.020317 0.007925
v 0.030022 -0.020317 0.007925
v 0.030022 -0.020317 0.007925
v 0.040503 -0.019880 0.001959
v 0.040503 -0.019880 0.001959
v 0.040503 -0.019880 0.001959
v 0.033745 -0.006332 0.008736
v 0.034612 -0.007086 0.008686
v 0.031123 -0.009767 0.008779
v 0.032617 -0.019328 0.008415
v 0.032617 -0.019328 0.008415
v 0.032617 -0.019328 0.008415
v 0.032617 -0.019328 0.008415
v 0.032617 -0.019328 0.008415
v 0.032617 -0.019328 0.008415
v 0.034734 -0.005428 0.008707
v 0.031956 -0.020873 0.007439
v 0.031956 -0.020873 0.007439
v 0.031956 -0.020873 0.007439
v 0.031956 -0.020873 0.007439
v 0.031956 -0.020873 0.007439
v 0.031956 -0.020873 0.007439
v 0.032208 -0.003132 0.008849
v 0.039831 0.020486 0.008597
v 0.039831 0.020486 0.008597
v 0.039831 0.020486 0.008597
v 0.039831 0.020486 0.008597
v 0.039831 0.020486 0.008597
v 0.039831 0.020486 0.008597
v 0.039815 0.020810 0.007849
v 0.039815 0.020810 0.007849
v 0.039815 0.020810 0.007849
v 0.039815 0.020810 0.007849
v 0.039815 0.020810 0.007849
v 0.039815 0.020810 0.007849
v 0.041129 0.018790 0.006864
v 0.041129 0.018790 0.006864
v 0.041129 0.018790 0.006864
v 0.041129 0.018790 0.006864
v 0.041124 0.020478 0.006890
v 0.041124 0.020478 0.006890
v 0.041124 0.020478 0.006890
v 0.041124 0.020478 0.006890
v 0.041124 0.020478 0.006890
v 0.039704 0.020467 0.007759
v 0.039704 0.020467 0.007759
v 0.039704 0.020467 0.007759
v 0.039704 0.020467 0.007759
v 0.039704 0.020467 0.007759
v 0.039704 0.020467 0.007759
v 0.039835 0.020343 0.007665
v 0.039835 0.020343 0.007665
v 0.039835 0.020343 0.007665
v 0.039835 0.020343 0.007665
v 0.031410 -0.003407 0.008874
v 0.031137 -0.013843 0.008709
v 0.031466 -0.008847 0.008779
v 0.031593 -0.020217 0.007916
v 0.031593 -0.020217 0.007916
v 0.031593 -0.020217 0.007916
v -0.040094 0.008339 -0.008732
v -0.040094 0.008339 -0.008732
v 0.039350 0.017374 0.007580
v 0.039350 0.017374 0.007580
v 0.039350 0.017374 0.007580
v 0.039350 0.017374 0.007580
v 0.039350 0.017374 0.007580
v 0.039350 0.017374 0.007580
v 0.039518 0.018342 0.007626
v 0.039518 0.018342 0.007626
v 0.039518 0.018342 0.007626
v 0.039518 0.018342 0.007626
v 0.039503 0.019147 0.007727
v 0.039503 0.019147 0.007727
v 0.039503 0.019147 0.007727
v 0.039503 0.019147 0.007727
v 0.039503 0.019147 0.007727
v 0.039503 0.019147 0.007727
v 0.039503 0.019147 0.007727
v 0.039146 0.016052 0.007614
v 0.039146 0.016052 0.007614
v 0.039146 0.016052 0.007614
v 0.039146 0.016052 0.007614
v 0.039146 0.016052 0.007614
v 0.039146 0.016052 0.007614
v 0.039146 0.016052 0.007614
v 0.039146 0.016052 0.007614
v 0.039244 0.016514 0.007847
v 0.039244 0.016514 0.007847
v 0.039244 0.016514 0.007847
v 0.039244 0.016514 0.007847
v 0.039244 0.016514 0.007847
v 0.039244 0.016514 0.007847
v 0.039109 0.015183 0.007595
v 0.039109 0.015183 0.007595
v 0.039109 0.015183 0.007595
v 0.039109 0.015183 0.007595
v 0.039109 0.015183 0.007595
v 0.039109 0.015183 0.007595
v 0.039109 0.015183 0.007595
v 0.039794 0.020691 0.008203
v 0.039794 0.020691 0.008203
v 0.039794 0.020691 0.008203
v 0.039794 0.020691 0.008203
v 0.039794 0.020691 0.008203
v 0.039794 0.020691 0.008203
v 0.039671 0.020109 0.008097
v 0.039671 0.020109 0.008097
v 0.039671 0.020109 0.008097
v 0.039671 0.020109 0.008097
v 0.039671 0.020109 0.008097
v 0.039671 0.020109 0.008097
v 0.039680 0.020451 0.007984
v 0.039680 0.020451 0.007984
v 0.039680 0.020451 0.007984
v 0.039680 0.020451 0.007984
v 0.039680 0.020451 0.007984
v 0.039591 0.020188 0.007868
v 0.039591 0.020188 0.007868
v 0.039591 0.020188 0.007868
v 0.039591 0.020188 0.007868
v 0.039591 0.020188 0.007868
v 0.039591 0.020188 0.007868
v 0.039591 0.020188 0.007868
v 0.039591 0.020188 0.007868
v 0.039651 0.019940 0.007738
v 0.039651 0.019940 0.007738
v 0.039651 0.019940 0.007738
v 0.039651 0.019940 0.007738
v 0.039696 0.018543 0.009057
v 0.039696 0.018543 0.009057
v 0.039696 0.018543 0.009057
v 0.039696 0.018543 0.009057
v 0.039387 0.016782 0.009083
v 0.039387 0.016782 0.009083
v 0.039387 0.016782 0.009083
v 0.039387 0.016782 0.009083
v 0.039387 0.016782 0.009083
v 0.039387 0.016782 0.009083
v 0.039538 0.019555 0.007824
v 0.039538 0.019555 0.007824
v 0.039538 0.019555 0.007824
v 0.039538 0.019555 0.007824
v 0.039538 0.019555 0.007824
v 0.040234 0.020512 0.007526
v 0.040234 0.020512 0.007526
v 0.040234 0.020512 0.007526
v 0.040234 0.020512 0.007526
v 0.040234 0.020512 0.007526
v 0.040234 0.020512 0.007526
v 0.040434 0.018558 0.007388
v 0.040434 0.018558 0.007388
v 0.040434 0.018558 0.007388
v 0.040434 0.018558 0.007388
v 0.040434 0.018558 0.007388
v 0.039925 0.018384 0.007520
v 0.039925 0.018384 0.007520
v 0.039925 0.018384 0.007520
v 0.039925 0.018384 0.007520
v 0.039925 0.018384 0.007520
v 0.039925 0.018384 0.007520
v 0.040531 0.016849 0.007287
v 0.040531 0.016849 0.007287
v 0.040531 0.016849 0.007287
v 0.040531 0.016849 0.007287
v 0.039810 0.019841 0.008467
v 0.039810 0.019841 0.008467
v 0.039810 0.019841 0.008467
v 0.039810 0.019841 0.008467
v 0.039810 0.019841 0.008467
v 0.039810 0.019841 0.008467
v 0.039810 0.019841 0.008467
v 0.039144 0.015437 0.007502
v 0.039144 0.015437 0.007502
v 0.039144 0.015437 0.007502
v 0.039144 0.015437 0.007502
v 0.039144 0.015437 0.007502
v 0.039144 0.015437 0.007502
v 0.039533 0.019447 0.008042
v 0.039533 0.019447 0.008042
v 0.039533 0.019447 0.008042
v 0.039533 0.019447 0.008042
v 0.039533 0.019447 0.008042
v 0.039339 0.018133 0.007809
v 0.039339 0.018133 0.007809
v 0.039339 0.018133 0.007809
v 0.039339 0.018133 0.007809
v 0.039339 0.018133 0.007809
v 0.039339 0.018133 0.007809
v 0.039367 0.017014 0.008117
v 0.039367 0.017014 0.008117
v 0.039367 0.017014 0.008117
v 0.039367 0.017014 0.008117
v 0.039263 0.017126 0.007765
v 0.039263 0.017126 0.007765
v 0.039263 0.017126 0.007765
v 0.039454 0.019273 0.007898
v 0.039454 0.019273 0.007898
v 0.039454 0.019273 0.007898
v 0.039454 0.019273 0.007898
v 0.039454 0.019273 0.007898
v 0.039454 0.019273 0.007898
v 0.039454 0.019273 0.007898
v 0.039454 0.019273 0.007898
v 0.040870 0.010969 0.006925
v 0.040870 0.010969 0.006925
v 0.040870 0.010969 0.006925
v 0.040758 0.013757 0.007142
v 0.040758 0.013757 0.007142
v 0.040758 0.013757 0.007142
v 0.040758 0.013757 0.007142
v 0.040762 0.007833 0.006924
v 0.040762 0.007833 0.006924
v 0.040762 0.007833 0.006924
v 0.040762 0.007833 0.006924
v 0.040762 0.007833 0.006924
v 0.040762 0.007833 0.006924
v 0.040762 0.007833 0.006924
v 0.040762 0.007833 0.006924
v 0.040762 0.007833 0.006924
v 0.039415 0.018827 0.007822
v 0.039415 0.018827 0.007822
v 0.039415 0.018827 0.007822
v 0.039415 0.018827 0.007822
v 0.040446 0.014666 0.007239
v 0.040446 0.014666 0.007239
v 0.040446 0.014666 0.007239
v 0.040446 0.014666 0.007239
v 0.040446 0.014666 0.007239
v 0.040446 0.014666 0.007239
v 0.039185 0.013574 0.007396
v 0.039185 0.013574 0.007396
v 0.039185 0.013574 0.007396
v 0.039443 0.012865 0.007327
v 0.039443 0.012865 0.007327
v 0.039443 0.012865 0.007327
v 0.039443 0.012865 0.007327
v 0.039581 0.017848 0.008996
v 0.039581 0.017848 0.008996
v 0.039581 0.017848 0.008996
v 0.039581 0.017848 0.008996
v 0.039581 0.017848 0.008996
v 0.039581 0.017848 0.008996
v 0.039717 0.018583 0.008908
v 0.039717 0.018583 0.008908
v 0.039717 0.018583 0.008908
v 0.039717 0.018583 0.008908
v 0.039717 0.018583 0.008908
v 0.039671 0.019254 0.007654
v 0.039671 0.019254 0.007654
v 0.039671 0.019254 0.007654
v 0.039671 0.019254 0.007654
v 0.039671 0.019254 0.007654
v 0.039369 0.016416 0.008177
v 0.039369 0.016416 0.008177
v 0.039369 0.016416 0.008177
v 0.039414 0.015489 0.008509
v 0.039414 0.015489 0.008509
v 0.039414 0.015489 0.008509
v 0.039414 0.015489 0.008509
v 0.039414 0.015489 0.008509
v 0.039354 0.015683 0.008140
v 0.039354 0.015683 0.008140
v 0.039354 0.015683 0.008140
v 0.039354 0.015683 0.008140
v 0.039354 0.015683 0.008140
v 0.039354 0.015683 0.008140
v 0.039354 0.015683 0.008140
v 0.039286 0.016050 0.007509
v 0.039286 0.016050 0.007509
v 0.039286 0.016050 0.007509
v 0.040550 -0.011177 0.004992
v 0.040550 -0.011177 0.004992
v 0.040038 0.015391 0.007338
v 0.040856 0.016039 0.007160
v 0.040856 0.016039 0.007160
v 0.040856 0.016039 0.007160
v 0.040856 0.016039 0.007160
v 0.040856 0.016039 0.007160
v 0.040856 0.016039 0.007160
v 0.040056 0.019666 0.007562
v 0.040056 0.019666 0.007562
v 0.040625 0.011493 0.007142
v 0.040625 0.011493 0.007142
v 0.040625 0.011493 0.007142
v 0.040625 0.011493 0.007142
v 0.040625 0.011493 0.007142
v 0.040317 0.008903 0.007158
v 0.040317 0.008903 0.007158
v 0.040317 0.008903 0.007158
v 0.040317 0.008903 0.007158
v 0.040317 0.008903 0.007158
v 0.040317 0.008903 0.007158
v 0.039108 0.014669 0.007462
v 0.039108 0.014669 0.007462
v 0.039108 0.014669 0.007462
v 0.039108 0.014669 0.007462
v 0.039108 0.014669 0.007462
v 0.039108 0.014669 0.007462
v 0.040148 0.017225 0.007400
v 0.040148 0.017225 0.007400
v 0.040148 0.017225 0.007400
v 0.040148 0.017225 0.007400
v 0.039034 0.013812 0.007564
v 0.039034 0.013812 0.007564
v 0.039034 0.013812 0.007564
v 0.039034 0.013812 0.007564
v 0.039034 0.013812 0.007564
v 0.039034 0.013812 0.007564
v 0.038976 0.013214 0.007531
v 0.038976 0.013214 0.007531
v 0.038976 0.013214 0.007531
v 0.038976 0.013214 0.007531
v 0.039017 0.013103 0.007434
v 0.039017 0.013103 0.007434
v 0.039017 0.013103 0.007434
v 0.039017 0.013103 0.007434
v 0.039017 0.013103 0.007434
v 0.039017 0.013103 0.007434
v 0.039017 0.013103 0.007434
v 0.039670 0.016786 0.007473
v 0.039280 0.015005 0.007903
v 0.039280 0.015005 0.007903
v 0.039280 0.015005 0.007903
v 0.039280 0.015005 0.007903
v 0.039280 0.015005 0.007903
v 0.039280 0.015005 0.007903
v 0.039069 0.014564 0.007636
v 0.039069 0.014564 0.007636
v 0.039069 0.014564 0.007636
v 0.039069 0.014564 0.007636
v 0.039198 0.015610 0.007794
v 0.039198 0.015610 0.007794
v 0.039198 0.015610 0.007794
v 0.039198 0.015610 0.007794
v 0.039198 0.015610 0.007794
v 0.039198 0.015610 0.007794
v 0.038994 0.012184 0.007456
v 0.038994 0.012184 0.007456
v 0.038994 0.012184 0.007456
v 0.038994 0.012184 0.007456
v 0.038994 0.012184 0.007456
v 0.039179 0.012328 0.007346
v 0.039179 0.012328 0.007346
v 0.039179 0.012328 0.007346
v 0.039179 0.012328 0.007346
v 0.039179 0.012328 0.007346
v 0.039179 0.012328 0.007346
v 0.039827 0.020701 0.008441
v 0.039827 0.020701 0.008441
v 0.039827 0.020701 0.008441
v 0.039827 0.020701 0.008441
v 0.039827 0.020701 0.008441
v 0.039827 0.020701 0.008441
v 0.039824 0.020435 0.008451
v 0.039824 0.020435 0.008451
v 0.039824 0.020435 0.008451
v 0.039824 0.020435 0.008451
v 0.039824 0.020435 0.008451
v 0.039254 0.012019 0.007960
v 0.039254 0.012019 0.007960
v 0.039254 0.012019 0.007960
v 0.039254 0.012019 0.007960
v 0.039254 0.012019 0.007960
v 0.039254 0.012019 0.007960
v 0.039328 0.014021 0.007897
v 0.039328 0.014021 0.007897
v 0.039328 0.014021 0.007897
v 0.039110 0.013305 0.007685
v 0.039110 0.013305 0.007685
v 0.039110 0.013305 0.007685
v 0.039110 0.013305 0.007685
v 0.039110 0.013305 0.007685
v 0.039110 0.013305 0.007685
v 0.039393 0.014540 0.007965
v 0.039393 0.014540 0.007965
v 0.039393 0.014540 0.007965
v 0.039393 0.014540 0.007965
v 0.039393 0.014540 0.007965
v 0.039438 0.010020 0.007256
v 0.039438 0.010020 0.007256
v 0.039438 0.010020 0.007256
v 0.039438 0.010020 0.007256
v 0.039438 0.010020 0.007256
v 0.039438 0.010020 0.007256
v 0.039438 0.010020 0.007256
v 0.039430 0.011579 0.007294
v 0.039430 0.011579 0.007294
v 0.039430 0.011579 0.007294
v 0.039450 0.014007 0.008080
v 0.039450 0.014007 0.008080
v 0.039450 0.014007 0.008080
v 0.039450 0.014007 0.008080
v 0.039450 0.014007 0.008080
v 0.039450 0.014007 0.008080
v 0.039450 0.014007 0.008080
v 0.039451 0.008405 0.007235
v 0.039451 0.008405 0.007235
v 0.039451 0.008405 0.007235
v 0.039451 0.008405 0.007235
v 0.039451 0.008405 0.007235
v 0.039796 0.009568 0.007225
v 0.039796 0.009568 0.007225
v 0.039725 0.019042 0.008655
v 0.039725 0.019042 0.008655
v 0.039725 0.019042 0.008655
v 0.039725 0.019042 0.008655
v 0.039725 0.019042 0.008655
v 0.039725 0.019042 0.008655
v 0.039568 0.018312 0.008637
v 0.039568 0.018312 0.008637
v 0.039568 0.018312 0.008637
v 0.039568 0.018312 0.008637
v 0.039568 0.018312 0.008637
v 0.039489 0.018852 0.008164
v 0.039489 0.018852 0.008164
v 0.039489 0.018852 0.008164
v 0.039489 0.018852 0.008164
v 0.039489 0.018852 0.008164
v 0.039867 0.012444 0.007267
v 0.039867 0.012444 0.007267
v 0.039867 0.012444 0.007267
v 0.040403 0.012825 0.007220
v 0.040403 0.012825 0.007220
v 0.040403 0.012825 0.007220
v 0.040403 0.012825 0.007220
v 0.040403 0.012825 0.007220
v 0.040403 0.012825 0.007220
v 0.039409 0.017868 0.008190
v 0.039409 0.017868 0.008190
v 0.039409 0.017868 0.008190
v 0.039409 0.017868 0.008190
v 0.039208 0.010897 0.007356
v 0.039208 0.010897 0.007356
v 0.039208 0.010897 0.007356
v 0.039208 0.010897 0.007356
v 0.039303 0.016160 0.007959
v 0.039303 0.016160 0.007959
v 0.039303 0.016160 0.007959
v 0.041044 0.012090 0.006386
v 0.041044 0.012090 0.006386
v 0.039516 0.014518 0.007385
v 0.039673 0.007564 0.007199
v 0.039673 0.007564 0.007199
v 0.039673 0.007564 0.007199
v 0.039673 0.007564 0.007199
v 0.039673 0.007564 0.007199
v 0.039426 0.016326 0.008498
v 0.039501 0.016385 0.008893
v 0.039501 0.016385 0.008893
v 0.039501 0.016385 0.008893
v 0.039501 0.016385 0.008893
v 0.039501 0.016385 0.008893
v 0.039501 0.016385 0.008893
v 0.039501 0.016385 0.008893
v 0.039501 0.016385 0.008893
v 0.039330 0.016550 0.007992
v 0.039330 0.016550 0.007992
v 0.039330 0.016550 0.007992
v 0.039330 0.016550 0.007992
v 0.039450 0.015193 0.008771
v 0.039450 0.015193 0.008771
v 0.039450 0.015193 0.008771
v 0.039450 0.015193 0.008771
v 0.039394 0.014964 0.008173
v 0.039394 0.014964 0.008173
v 0.039394 0.014964 0.008173
v 0.039394 0.014964 0.008173
v 0.039394 0.014964 0.008173
v 0.039394 0.014964 0.008173
v 0.039394 0.014964 0.008173
v 0.036106 0.000905 0.008762
v 0.033745 -0.009188 0.008700
v 0.039848 0.020158 0.008634
v 0.039848 0.020158 0.008634
v 0.039848 0.020158 0.008634
v 0.039848 0.020158 0.008634
v 0.039848 0.020158 0.008634
v 0.038994 0.012644 0.008989
v 0.038994 0.012644 0.008989
v 0.038994 0.012644 0.008989
v 0.038994 0.012644 0.008989
v 0.038994 0.012644 0.008989
v 0.040209 0.001960 0.007067
v 0.040209 0.001960 0.007067
v 0.040209 0.001960 0.007067
v 0.040209 0.001960 0.007067
v 0.040209 0.001960 0.007067
v 0.033105 -0.020316 0.007811
v 0.033105 -0.020316 0.007811
v 0.033105 -0.020316 0.007811
v 0.033105 -0.020316 0.007811
v 0.033418 -0.020582 0.007616
v 0.033418 -0.020582 0.007616
v 0.033418 -0.020582 0.007616
v 0.033418 -0.020582 0.007616
v 0.032948 -0.020500 0.007670
v 0.032948 -0.020500 0.007670
v 0.032948 -0.020500 0.007670
v 0.032948 -0.020500 0.007670
v 0.032948 -0.020500 0.007670
v 0.039758 0.020252 0.008301
v 0.039758 0.020252 0.008301
v 0.039758 0.020252 0.008301
v 0.039758 0.020252 0.008301
v 0.039758 0.020252 0.008301
v 0.039922 0.019836 0.008824
v 0.039922 0.019836 0.008824
v 0.039922 0.019836 0.008824
v 0.039922 0.019836 0.008824
v 0.039922 0.019836 0.008824
v 0.039922 0.019836 0.008824
v 0.039878 0.019481 0.008759
v 0.039878 0.019481 0.008759
v 0.039878 0.019481 0.008759
v 0.039878 0.019481 0.008759
v 0.039878 0.019481 0.008759
v 0.039878 0.019481 0.008759
v 0.039878 0.019481 0.008759
v 0.040204 0.011093 0.007215
v 0.040204 0.011093 0.007215
v 0.040204 0.011093 0.007215
v 0.040204 0.011093 0.007215
v 0.040204 0.011093 0.007215
v 0.040204 0.011093 0.007215
v 0.039308 0.013301 0.007959
v 0.039308 0.013301 0.007959
v 0.039308 0.013301 0.007959
v 0.039308 0.013301 0.007959
v 0.039059 0.014909 0.009050
v 0.039059 0.014909 0.009050
v 0.039059 0.014909 0.009050
v 0.039059 0.014909 0.009050
v 0.039440 0.013005 0.008336
v 0.039440 0.013005 0.008336
v 0.039440 0.013005 0.008336
v 0.039440 0.013005 0.008336
v 0.039440 0.013005 0.008336
v 0.039440 0.013005 0.008336
v 0.039440 0.013005 0.008336
v 0.039440 0.013005 0.008336
v 0.039440 0.013005 0.008336
v 0.039398 0.011389 0.008387
v 0.039398 0.011389 0.008387
v 0.039398 0.011389 0.008387
v 0.039398 0.011389 0.008387
v 0.039398 0.011389 0.008387
v 0.039175 0.010513 0.007556
v 0.039175 0.010513 0.007556
v 0.039175 0.010513 0.007556
v 0.039175 0.010513 0.007556
v 0.039175 0.010513 0.007556
v 0.039175 0.010513 0.007556
v 0.039215 0.010998 0.007769
v 0.039215 0.010998 0.007769
v 0.039215 0.010998 0.007769
v 0.039215 0.010998 0.007769
v 0.039306 0.010991 0.008021
v 0.039306 0.010991 0.008021
v 0.039306 0.010991 0.008021
v 0.039306 0.010991 0.008021
v 0.039406 0.010482 0.008606
v 0.039406 0.010482 0.008606
v 0.039406 0.010482 0.008606
v 0.039406 0.010482 0.008606
v 0.039406 0.010482 0.008606
v 0.039406 0.010482 0.008606
v 0.039353 0.010543 0.008239
v 0.039353 0.010543 0.008239
v 0.039353 0.010543 0.008239
v 0.039234 0.014396 0.007817
v 0.039234 0.014396 0.007817
v 0.039234 0.014396 0.007817
v 0.039234 0.014396 0.007817
v 0.039303 0.010023 0.008078
v 0.039218 0.009563 0.007673
v 0.039218 0.009563 0.007673
v 0.039218 0.009563 0.007673
v 0.039218 0.009563 0.007673
v 0.039218 0.009563 0.007673
v -0.036408 0.020219 -0.008791
v -0.036408 0.020219 -0.008791
v -0.036408 0.020219 -0.008791
v -0.036408 0.020219 -0.008791
v 0.039427 0.014805 0.008453
v 0.039427 0.014805 0.008453
v 0.039427 0.014805 0.008453
v 0.039077 0.011107 0.007431
v 0.039077 0.011107 0.007431
v 0.039077 0.011107 0.007431
v 0.040885 0.012450 0.006964
v 0.039223 0.004514 0.007234
v 0.039223 0.004514 0.007234
v 0.039223 0.004514 0.007234
v 0.039223 0.004514 0.007234
v 0.039223 0.004514 0.007234
v 0.039223 0.004514 0.007234
v 0.040527 0.006204 0.007067
v 0.040527 0.006204 0.007067
v 0.040527 0.006204 0.007067
v 0.040527 0.006204 0.007067
v 0.040527 0.006204 0.007067
v 0.040527 0.006204 0.007067
v 0.040713 0.005760 0.006908
v 0.040713 0.005760 0.006908
v 0.040713 0.005760 0.006908
v 0.039211 0.009835 0.007384
v 0.039211 0.009835 0.007384
v 0.039211 0.009835 0.007384
v 0.039211 0.009835 0.007384
v 0.039211 0.009835 0.007384
v 0.039211 0.009835 0.007384
v 0.039211 0.009835 0.007384
v 0.039211 0.009835 0.007384
v 0.039402 0.015643 0.008998
v 0.039402 0.015643 0.008998
v 0.039402 0.015643 0.008998
v 0.039402 0.015643 0.008998
v 0.039428 0.014754 0.008897
v 0.039428 0.014754 0.008897
v 0.039428 0.014754 0.008897
v 0.039428 0.014754 0.008897
v -0.040778 0.019898 -0.006165
v -0.040778 0.019898 -0.006165
v -0.040778 0.019898 -0.006165
v -0.040753 0.019934 -0.005998
v -0.040753 0.019934 -0.005998
v -0.040753 0.019934 -0.005998
v -0.040753 0.019934 -0.005998
v -0.040753 0.019934 -0.005998
v -0.040753 0.019934 -0.005998
v 0.039421 0.016802 0.008398
v 0.039421 0.016802 0.008398
v 0.039392 0.013716 0.008036
v 0.039392 0.013716 0.008036
v 0.039392 0.013716 0.008036
v 0.039392 0.013716 0.008036
v 0.032995 -0.020707 0.007633
v 0.032995 -0.020707 0.007633
v 0.032995 -0.020707 0.007633
v 0.032995 -0.020707 0.007633
v 0.032995 -0.020707 0.007633
v 0.032995 -0.020707 0.007633
v 0.032995 -0.020707 0.007633
v 0.034643 -0.004098 0.008728
v 0.034510 -0.004741 0.008728
v 0.040924 0.009486 0.006557
v 0.040924 0.009486 0.006557
v 0.040924 0.009486 0.006557
v 0.039106 0.011579 0.007609
v 0.039106 0.011579 0.007609
v 0.039240 0.006094 0.007628
v 0.039240 0.006094 0.007628
v 0.039240 0.006094 0.007628
v 0.039240 0.006094 0.007628
v 0.039240 0.006094 0.007628
v 0.039240 0.006094 0.007628
v 0.039240 0.006094 0.007628
v 0.039240 0.006094 0.007628
v 0.039270 0.009136 0.008166
v 0.039270 0.009136 0.008166
v 0.039270 0.009136 0.008166
v 0.039270 0.009136 0.008166
v 0.039478 0.017287 0.008607
v 0.039478 0.017287 0.008607
v 0.039478 0.017287 0.008607
v 0.039440 0.014405 0.008224
v 0.039440 0.014405 0.008224
v 0.039440 0.014405 0.008224
v 0.039440 0.014405 0.008224
v 0.039460 0.013894 0.008372
v 0.039460 0.013894 0.008372
v 0.039460 0.013894 0.008372
v 0.040102 0.006320 0.007134
v 0.040102 0.006320 0.007134
v 0.040102 0.006320 0.007134
v 0.040102 0.006320 0.007134
v 0.039615 0.004653 0.007181
v 0.039276 0.010442 0.007861
v 0.039276 0.010442 0.007861
v 0.039276 0.010442 0.007861
v 0.039276 0.010442 0.007861
v 0.040475 0.005120 0.007054
v 0.040475 0.005120 0.007054
v 0.040475 0.005120 0.007054
v 0.040510 0.007158 0.007082
v 0.040510 0.007158 0.007082
v 0.040510 0.007158 0.007082
v 0.040510 0.007158 0.007082
v 0.040510 0.007158 0.007082
v 0.040705 0.009776 0.007031
v 0.040705 0.009776 0.007031
v 0.039301 0.002308 0.008065
v 0.039301 0.002308 0.008065
v 0.039301 0.002308 0.008065
v 0.039301 0.002308 0.008065
v 0.039269 0.008750 0.007345
v 0.039269 0.008750 0.007345
v 0.039269 0.008750 0.007345
v 0.039269 0.008750 0.007345
v 0.039269 0.008750 0.007345
v 0.039269 0.008750 0.007345
v 0.039269 0.008750 0.007345
v 0.039322 0.007302 0.007299
v 0.039322 0.007302 0.007299
v 0.039322 0.007302 0.007299
v 0.039309 0.005528 0.008252
v 0.038896 0.005847 0.008725
v 0.038896 0.005847 0.008725
v 0.038896 0.005847 0.008725
v 0.038896 0.005847 0.008725
v 0.038896 0.005847 0.008725
v 0.040425 -0.001395 0.006874
v 0.040425 -0.001395 0.006874
v 0.040425 -0.001395 0.006874
v 0.039452 0.014397 0.008595
v 0.039452 0.014397 0.008595
v 0.039452 0.014397 0.008595
v 0.039452 0.014397 0.008595
v 0.039415 0.013730 0.008795
v 0.039415 0.013730 0.008795
v 0.039415 0.013730 0.008795
v 0.039415 0.013730 0.008795
v 0.039415 0.013730 0.008795
v 0.039213 0.002035 0.007209
v 0.039213 0.002035 0.007209
v 0.039213 0.002035 0.007209
v 0.039213 0.002035 0.007209
v 0.039213 0.002035 0.007209
v 0.039212 0.002977 0.007216
v 0.039212 0.002977 0.007216
v 0.039212 0.002977 0.007216
v 0.039212 0.002977 0.007216
v 0.039256 0.003841 0.007220
v 0.039256 0.003841 0.007220
v 0.038409 0.016726 0.009156
v 0.038409 0.016726 0.009156
v 0.039428 0.011100 0.008708
v 0.039428 0.011100 0.008708
v 0.039428 0.011100 0.008708
v 0.039428 0.011100 0.008708
v 0.039428 0.011100 0.008708
v 0.039428 0.011100 0.008708
v 0.040162 0.004859 0.007106
v 0.039550 0.003381 0.007173
v 0.040255 0.003433 0.007079
v 0.040255 0.003433 0.007079
v 0.040255 0.003433 0.007079
v 0.040255 0.003433 0.007079
v 0.039423 0.000851 0.007196
v 0.039423 0.000851 0.007196
v 0.039423 0.000851 0.007196
v 0.039639 0.002027 0.007150
v 0.039639 0.002027 0.007150
v 0.039351 0.009949 0.008406
v 0.039351 0.009949 0.008406
v 0.039992 0.000120 0.007077
v 0.039992 0.000120 0.007077
v 0.039992 0.000120 0.007077
v 0.039269 0.000432 0.007354
v 0.039269 0.000432 0.007354
f 1 6 7
f 8 9 10
f 11 12 13
f 14 16 17
f 21 28 38
f 39 40 42
f 45 47 50
f 53 54 55
f 56 57 58
f 67 72 78
f 80 82 83
f 84 85 86
f 87 93 94
f 98 101 106
f 108 116 122
f 125 128 130
f 123 134 137
f 142 145 151
f 159 162 165
f 169 173 180
f 184 161 76
f 77 190 65
f 192 203 204
f 210 216 218
f 224 226 231
f 237 238 239
f 244 254 168
f 146 256 153
f 259 266 276
f 170 280 172
f 288 236 293
f 297 298 299
f 300 301 302
f 309 312 316
f 319 326 331
f 336 53 338
f 340 341 342
f 345 350 354
f 359 360 363
f 367 368 370
f 371 375 376
f 144 377 148
f 383 386 388
f 391 394 404
f 140 410 378
f 346 417 422
f 429 434 318
f 437 438 439
f 440 441 442
f 55 443 53
f 444 445 9
f 353 448 452
f 370 368 457
f 460 465 470
f 476 477 478
f 479 487 493
f 495 496 497
f 501 502 507
f 510 512 513
f 515 522 524
f 529 531 535
f 31 24 543
f 547 551 554
f 555 556 557
f 559 563 564
f 567 568 573
f 574 297 575
f 576 16 14
f 577 578 579
f 580 581 582
f 583 584 579
f 585 586 587
f 591 215 595
f 596 601 604
f 531 609 610
f 612 615 616
f 317 617 426
f 623 625 628
f 632 639 646
f 84 651 85
f 652 653 654
f 656 662 669
f 670 671 672
f 673 674 675
f 676 677 679
f 680 684 693
f 86 695 84
f 696 697 41
f 700 703 705
f 706 707 708
f 711 717 721
f 724 729 490
f 735 736 738
f 742 750 754
f 599 759 608
f 505 768 772
f 775 350 345
f 778 782 787
f 790 791 792
f 796 272 801
f 803 55 804
f 805 806 807
f 811 813 816
f 817 115 826
f 829 830 831
f 835 844 824
f 846 848 849
f 426 617 436
f 268 855 858
f 870 873 877
f 869 876 884
f 274 887 866
f 891 895 897
f 904 905 911
f 916 923 243
f 928 930 935
f 708 941 942
f 947 250 223
f 950 952 957
f 958 959 238
f 960 961 962
f 967 971 978
f 982 290 291
f 581 576 10
f 989 993 996
f 1003 1005 1006
f 1010 1015 1019
f 179 915 242
f 1024 1029 229
f 1032 1041 1045
f 1048 758 1059
f 1062 1067 881
f 558 1074 1078
f 1082 1094 1099
f 1101 1102 1103
f 226 224 1022
f 1104 1110 1117
f 1123 412 1128
f 1130 1143 1148
f 1154 1157 1162
f 1169 1170 1171
f 1172 1173 1174
f 1175 582 1174
f 1177 560 1183
f 1184 1187 781
f 1193 1196 1199
f 451 1203 347
f 645 752 46
f 1207 1208 1210
f 157 257 453
f 1215 766 1217
f 1122 1129 879
f 1223 154 1227
f 447 1232 1226
f 1237 1240 1248
f 445 444 1249
f 1255 1258 564
f 1261 1262 831
f 343 1264 1269
f 1273 1274 1279
f 1284 39 1285
f 1176 1251 562
f 1286 1287 1289
f 1291 1292 1293
f 1298 709 1304
f 1308 1309 1313
f 131 1314 126
f 54 53 1315
f 339 128 125
f 1316 1292 1291
f 221 232 945
f 649 1319 1321
f 571 650 1323
f 1327 1328 1329
f 128 339 1330
f 1331 1334 1335
f 1336 1337 1338
f 328 1341 1345
f 1348 1349 1337
f 1336 1350 1351
f 1354 1362 1364
f 1374 91 1376
f 1379 1380 942
f 1381 1382 1383
f 1386 1389 1397
f 1402 1407 1416
f 1417 1381 1418
f 1203 1419 347
f 10 576 14
f 1160 1428 1430
f 1434 1443 1446
f 1452 1455 1301
f 1461 380 408
f 1109 1106 1133
f 1462 1471 1472
f 1475 1482 1488
f 1399 233 209
f 278 795 260
f 1496 1502 1503
f 1513 1520 1526
f 246 1535 1030
f 292 69 1543
f 1544 1545 1546
f 1414 1550 1553
f 960 1555 1556
f 1559 1563 548
f 1565 1566 1567
f 1135 1470 1465
f 1569 1360 1576
f 1478 1489 1581
f 1078 561 558
f 1590 1595 1600
f 574 575 652
f 1609 1611 1619
f 922 1121 878
f 1622 1213 1626
f 397 867 883
f 1630 1639 1641
f 1243 1656 1247
f 1657 512 1659
f 1661 1546 1556
f 552 549 1217
f 12 1171 958
f 1662 1663 1665
f 1670 1672 1677
f 1459 917 176
f 1685 1688 1692
f 454 147 1204
f 1702 1707 1712
f 925 872 248
f 1715 403 1723
f 1315 53 336
f 1120 920 409
f 214 1725 1236
f 678 1727 1728
f 1231 152 449
f 919 1457 407
f 356 349 1730
f 570 565 1733
f 213 994 1725
f 86 1734 1735
f 1741 1742 1002
f 1749 1752 1753
f 1221 1229 933
f 938 875 929
f 1757 1761 1769
f 1771 1716 1721
f 1777 970 1385
f 1780 1782 1785
f 1789 1794 1800
f 1809 135 1810
f 1819 1826 657
f 1829 1837 1840
f 675 674 1842
f 1845 1851 1861
f 1862 1864 1867
f 1870 1877 1879
f 1886 1887 439
f 1889 1890 1891
f 1894 1897 1905
f 340 1909 1293
f 1910 1911 1912
f 1177 1183 1913
f 1909 1917 1293
f 1923 1915 1181
f 1925 1926 1927
f 1929 1931 1781
f 1189 1937 1941
f 1936 1946 1940
f 1086 1674 1669
f 1951 1953 1958
f 1127 143 1220
f 937 884 876
f 1248 1732 1237
f 1962 322 431
f 692 1968 1976
f 1977 300 315
f 1978 1985 1988
f 317 426 304
f 1991 35 26
f 1993 1994 2002
f 2005 2006 1169
f 2007 2015 2019
f 2022 477 476
f 1558 1342 1339
f 2023 579 2025
f 2028 2029 2030
f 11 2031 2005
f 1992 2034 2039
f 2041 2042 2043
f 17 2044 1332
f 2047 2049 2054
f 1926 1925 2061
f 2062 2065 2066
f 797 800 29
f 2067 2068 2069
f 581 10 2070
f 2074 2076 2081
f 1105 1467 1132
f 2085 2087 2089
f 539 2001 2092
f 269 888 275
f 2097 1390 972
f 1159 2102 1427
f 201 973 1778
f 974 1391 1384
f 369 85 569
f 2109 1142 1136
f 2113 2121 2123
f 2127 1909 2128
f 642 44 49
f 976 202 1487
f 2129 2131 2133
f 1061 936 1202
f 392 405 1538
f 2134 2138 780
f 2146 2151 2160
f 2161 2162 87
f 196 1027 1577
f 390 867 397
f 2167 2168 2169
f 495 585 496
f 2170 2171 2172
f 564 597 559
f 1663 2173 1664
f 1193 906 1196
f 2174 2175 2178
f 738 2179 2180
f 1074 558 607
f 1012 2185 2193
f 1170 1249 444
f 2197 1705 2204
f 249 1028 1023
f 2212 2213 1947
f 197 205 234
f 253 415 283
f 2222 1784 2224
f 2225 2226 654
f 2227 2228 2229
f 1225 141 155
f 2230 1311 2233
f 2235 2236 2237
f 1124 406 139
f 2238 2239 2240
f 2246 2249 2254
f 1087 2261 2215
f 1668 1234 1651
f 2263 648 1180
f 1335 695 1331
f 1805 2265 2266
f 2274 2278 1095
f 2281 2286 2293
f 2295 2148 2305
f 1244 2309 1090
f 2310 2312 2313
f 2316 1072 220
f 1811 124 112
f 997 2320 1740
f 368 803 457
f 2325 2330 1250
f 2279 2220 1092
f 2337 2344 2346
f 2350 2351 2352
f 2354 2363 2366
f 2372 2373 2374
f 2375 2377 2378
f 2379 2380 2381
f 2383 2384 2389
f 465 2398 2400
f 2301 2149 2408
f 566 2411 129
f 2413 2419 1919
f 2422 2423 2424
f 1332 2425 17
f 118 818 1806
f 1178 1077 2262
f 1103 1102 2427
f 83 2428 2429
f 2430 980 1480
f 969 1608 2438
f 1490 199 1582
f 926 1126 1224
f 546 2444 1561
f 2095 2445 2448
f 631 504 770
f 932 1230 1671
f 930 928 1222
f 2136 2456 2463
f 2466 2468 2469
f 1650 1245 1085
f 2473 1937 1189
f 2485 1573 1358
f 2486 2488 2491
f 1891 2423 2422
f 2495 2497 2451
f 2501 1431 2508
f 2511 2516 2519
f 2126 2524 2525
f 2528 2534 2539
f 2543 2548 2553
f 2561 2564 771
f 2571 1956 893
f 2581 1950 2585
f 2589 2591 2582
f 2595 2597 2457
f 786 781 1187
f 2606 2610 2618
f 1675 2211 2621
f 389 871 868
f 2625 1201 934
f 1093 1083 1239
f 2630 2586 2637
f 1703 1001 2639
f 2218 2209 1673
f 450 156 456
f 1001 211 2639
f 2277 2604 2217
f 2648 2651 2658
f 1678 2620 2471
f 1711 2653 2666
f 2273 1744 2670
f 2474 1191 2624
f 2674 2685 2693
f 991 2308 1242
f 1725 214 213
f 2695 2698 851
f 2700 2705 2706
f 2619 1937 2473
f 2669 2713 2609
f 131 2714 1314
f 2614 1948 2605
f 2718 2652 2644
f 2725 2731 2735
f 999 1698 2661
f 1237 1732 594
f 219 1076 2642
f 1198 907 2742
f 2643 210 218
f 1335 2747 695
f 27 540 794
f 1054 2751 2757
f 862 2758 2764
f 2074 2770 2774
f 760 1049 2776
f 2781 2791 2795
f 792 2799 1664
f 2800 2801 2802
f 792 791 652
f 2803 2804 57
f 575 653 652
f 273 2807 2816
f 2817 2818 2819
f 1916 1908 2820
f 1977 301 300
f 311 2821 1977
f 606 2184 1073
f 2823 2825 2829
f 84 695 2830
f 2833 2842 2844
f 2849 2850 830
f 2851 2852 2853
f 2858 2864 2834
f 579 2869 2025
f 2870 2872 2875
f 712 2876 1305
f 2884 2885 2891
f 651 84 2830
f 556 2893 2894
f 2895 2896 2897
f 2900 129 2902
f 2908 2914 2917
f 2920 1309 2524
f 2922 443 2923
f 2924 2926 1313
f 1565 2927 2851
f 2232 2928 2929
f 52 2930 502
f 2931 1316 2932
f 2879 710 2268
f 2934 2421 2414
f 2940 2943 48
f 2948 2954 2959
f 128 2967 130
f 1102 14 17
f 443 368 2923
f 2621 1679 1675
f 1091 1743 2271
f 2247 912 909
f 762 603 1055
f 2970 2974 2981
f 2348 2983 2647
f 1704 2654 1709
f 1196 1064 1199
f 2672 1748 1737
f 367 2923 368
f 2985 2986 2987
f 2030 2988 2989
f 2806 2994 2815
f 1982 2999 3002
f 1338 3007 1336
f 3008 3009 3007
f 2251 2243 3011
f 3018 1939 2242
f 1340 330 2907
f 2746 1069 1195
f 3012 3022 2973
f 880 1125 927
f 2306 1745 1089
f 1724 401 3030
f 1583 399 1477
f 1031 195 227
f 977 975 1485
f 1200 2623 1190
f 882 939 1063
f 1479 1476 398
f 3037 3043 3046
f 1197 1068 1060
f 2745 899 3031
f 1579 198 193
f 2621 2211 1934
f 1084 1667 1653
f 3054 3057 2569
f 1241 1725 990
f 2214 2259 1097
f 3063 3064 3065
f 859 2382 2387
f 2216 1098 1096
f 3066 1257 3073
f 3080 3085 3088
f 3024 395 1065
f 1674 1086 2219
f 896 3090 2432
f 1565 2853 442
f 1566 3094 3095
f 1235 446 1655
f 2187 2641 1071
f 1746 2307 992
f 2602 1947 2213
f 1914 1251 1176
f 2671 2608 2272
f 2711 1738 2668
f 1747 989 996
f 3096 3103 3105
f 2673 1739 2709
f 2031 2228 495
f 3111 3112 3113
f 2449 2498 3114
f 2657 1708 2201
f 2650 1713 2655
f 1016 1008 2191
f 2182 1011 2205
f 1706 1700 2208
f 2332 3120 3129
f 1020 3133 2202
f 2345 3132 2335
f 2667 2717 3136
f 2611 3138 2617
f 2421 2934 3141
f 2336 3135 1021
f 3020 2716 2982
f 1007 2199 2207
f 2756 3148 3155
f 564 563 1255
f 2564 636 771
f 2748 3149 2752
f 3158 3163 3169
f 3174 1056 600
f 3069 3176 1259
f 3181 3192 3195
f 2813 802 279
f 3197 3201 3203
f 3205 3215 1587
f 2100 3217 3226
f 3230 2515 2112
f 2507 1572 2502
f 3238 3242 3246
f 3248 3249 444
f 2428 2225 653
f 297 1889 298
f 832 828 3253
f 3258 3228 2122
f 497 496 1169
f 1785 1782 3260
f 541 262 793
f 341 340 1293
f 495 2006 2005
f 2853 2852 442
f 497 2006 495
f 3262 1865 1863
f 2173 1663 850
f 531 610 534
f 1896 1211 1900
f 570 1733 2923
f 2086 1927 1926
f 3264 2029 3265
f 2029 2028 3266
f 2378 3267 3268
f 3269 3270 3271
f 1330 339 2922
f 3272 3273 1379
f 3275 2561 1903
f 55 54 804
f 1323 2824 571
f 3281 3286 3292
f 1564 1560 2130
f 3075 3077 2792
f 601 596 3180
f 3146 2750 3295
f 3266 3008 3007
f 311 3301 2821
f 2755 3309 1050
f 3313 301 3314
f 670 3315 3319
f 3173 3321 3179
f 1072 2316 757
f 265 261 2093
f 3017 908 1194
f 2660 2318 998
f 2181 2775 3310
f 3023 3010 2616
f 2348 2647 3134
f 1018 2200 1009
f 3326 2367 2359
f 1017 1013 2340
f 302 3332 3334
f 1014 2190 2339
f 942 1380 708
f 1036 731 725
f 2754 3154 3311
f 2645 2659 3131
f 3287 33 3338
f 2317 3343 753
f 1858 3344 3349
f 3138 2611 2712
f 3352 3358 3363
f 3372 2250 3015
f 1610 964 2435
f 2338 2192 2341
f 2409 3373 2302
f 3153 2342 2194
f 3378 3379 3380
f 3026 402 393
f 2195 3307 3152
f 1722 3027 1772
f 3013 2245 1942
f 2390 3383 3392
f 2238 3394 2239
f 3395 3008 3266
f 1774 3025 3055
f 2649 2721 2663
f 3402 2297 3280
f 2979 2347 2971
f 2275 2603 2280
f 3403 962 3404
f 3170 3177 3407
f 3312 2776 1049
f 2777 2183 761
f 2612 2719 3021
f 3308 2196 2186
f 3288 3285 2300
f 2343 3151 3150
f 596 1260 3180
f 908 3017 2241
f 905 904 2744
f 2710 2662 3137
f 3410 3412 3416
f 188 2450 3118
f 2256 2248 3369
f 1710 2665 1699
f 3407 3177 2789
f 935 930 2475
f 3418 3420 3421
f 1943 1949 2615
f 3094 476 3095
f 1770 2568 1717
f 889 1719 2570
f 3422 3070 2333
f 903 3061 3052
f 940 2476 2622
f 1618 1616 1758
f 3427 3429 3433
f 3435 3439 3440
f 1912 83 1910
f 2472 931 1680
f 3443 3444 3446
f 1920 638 637
f 1331 86 1735
f 3447 1284 3448
f 3449 3450 3451
f 1556 1555 1661
f 3452 3456 3464
f 2852 3469 2229
f 3472 3479 1529
f 3487 1905 1897
f 2516 3227 2519
f 2124 3488 3257
f 571 2824 2903
f 2407 2150 2355
f 3493 1324 1321
f 3246 3499 3238
f 1330 2922 2923
f 3502 3504 3506
f 2894 3507 698
f 2266 133 1805
f 2227 2229 3508
f 1328 2773 1728
f 3509 1663 3510
f 3511 2594 3520
f 2140 3524 3418
f 128 1330 2923
f 3530 3532 3543
f 3546 3553 3555
f 2070 10 445
f 3558 3559 3560
f 3562 445 1249
f 3566 1146 1138
f 1317 2747 3444
f 3237 3571 3575
f 3299 2749 1058
f 1494 3580 2120
f 3584 3587 2632
f 2613 3139 2720
f 2753 1051 1053
f 3590 3005 3594
f 432 3330 3000
f 3265 3597 3598
f 2909 1959 3599
f 2633 2635 3582
f 3601 3603 1983
f 1886 2090 3605
f 2343 3150 2349
f 2971 2347 3145
f 2189 608 759
f 3608 3613 3615
f 651 2747 1318
f 3621 3625 2108
f 3579 3218 2099
f 2080 1468 2484
f 339 125 337
f 2096 963 1767
f 3631 1155 1168
f 441 3404 1566
f 2125 1531 3489
f 2436 1484 1714
f 3297 2968 3147
f 598 3321 3173
f 3406 2786 2782
f 1192 1938 3016
f 788 3632 779
f 3086 2794 2788
f 1258 597 564
f 3444 3634 3635
f 340 342 2128
f 3051 3029 900
f 1886 3605 3639
f 2255 910 2244
f 894 892 2573
f 1070 396 885
f 3641 2817 2819
f 2747 1335 3444
f 495 2005 2031
f 3059 1955 2567
f 119 111 3643
f 2779 1057 3172
f 3649 3189 3657
f 3660 3661 3662
f 3663 3664 3665
f 2590 2587 3425
f 3666 3672 3677
f 2601 2276 2607
f 3682 3685 3640
f 3691 3693 3695
f 3702 3704 3708
f 2972 3583 2976
f 3271 3710 3269
f 2257 3056 902
f 2699 1187 1184
f 1944 2616 3010
f 2722 2646 2980
f 16 2044 17
f 212 1000 995
f 2323 3712 3351
f 2656 2198 3130
f 1945 1935 2210
f 3716 3717 437
f 2416 3719 3721
f 3451 2070 445
f 2923 367 570
f 102 387 100
f 495 586 585
f 3726 3733 3739
f 587 495 2227
f 1666 1228 1233
f 3450 3743 3451
f 3744 3746 3748
f 569 85 651
f 384 99 385
f 2977 3019 2984
f 125 3637 337
f 1534 245 874
f 344 357 455
f 605 559 597
f 20 3374 2406
f 1172 2070 3451
f 1629 3752 3753
f 1694 3758 1643
f 3635 3634 576
f 560 1079 1183
f 3156 3167 3648
f 1206 379 1420
f 230 228 194
f 924 877 873
f 3761 642 49
f 3405 2780 3171
f 282 414 1424
f 251 3764 416
f 573 2901 567
f 1538 405 1580
f 3767 2412 3274
f 3773 3776 3785
f 200 1776 206
f 3786 3788 610
f 1299 3794 3801
f 1901 3769 3276
f 1254 1915 3804
f 3809 3813 3816
f 1807 3819 1828
f 2819 2818 1911
f 3821 3261 1931
f 3823 3828 3831
f 966 981 2434
f 3838 3839 3840
f 2976 3583 3842
f 3846 3847 3849
f 3852 3853 3854
f 3856 3865 3697
f 1483 400 1720
f 3092 898 3866
f 901 913 2258
f 3558 3710 3271
f 3868 3095 3869
f 41 3871 696
f 3371 2579 2252
f 2578 3844 2636
f 2798 3874 3882
f 2637 2586 2580
f 2091 258 542
f 2499 1575 2477
f 3885 2103 3886
f 436 617 317
f 3367 3014 2975
f 1417 2821 3304
f 3028 1066 2743
f 18 37 2299
f 323 320 1963
f 3888 3895 3901
f 686 2997 689
f 2935 2416 3721
f 1565 442 1566
f 2224 3907 3645
f 1661 1555 960
f 1218 765 498
f 1906 2562 1893
f 3908 3508 3909
f 2785 3912 3296
f 3914 785 3915
f 2114 2517 2512
f 1898 1212 3917
f 3078 3919 3922
f 3076 2793 3068
f 3927 3929 3805
f 3750 679 3756
f 127 1733 565
f 3665 3932 1662
f 1886 3639 126
f 497 1169 2006
f 3935 3939 3946
f 3877 3952 2629
f 3175 3320 602
f 1828 3819 833
f 3495 3953 2827
f 3954 3955 2897
f 3074 3423 3926
f 1661 3403 3404
f 3960 3964 3121
f 3270 609 3965
f 1252 3071 1256
f 2331 2324 3123
f 3966 790 3967
f 3508 2229 3909
f 3804 1915 1923
f 587 586 495
f 129 2411 2902
f 2067 3446 3636
f 1321 1324 649
f 342 2524 2127
f 3968 3971 3975
f 2932 3976 2379
f 3979 30 3982
f 3983 3495 1320
f 3984 3985 3986
f 3249 1170 444
f 3987 2086 2061
f 3989 3990 3674
f 3261 3821 3905
f 2828 2826 3494
f 339 443 2922
f 1268 3709 2921
f 3591 3313 3003
f 131 2966 3993
f 1379 3273 3995
f 3999 1972 1967
f 3448 1331 1735
f 2966 3111 3113
f 1261 2850 2849
f 4000 3839 3838
f 4001 3268 4002
f 4003 2360 2356
f 1766 1764 2454
f 1977 314 311
f 1348 1351 3598
f 582 3636 580
f 715 4013 4019
f 3868 3869 4020
f 2563 3274 2412
f 2420 3140 668
f 3743 4021 3451
f 4022 3866 1952
f 76 74 184
f 4023 4024 4025
f 1295 717 711
f 3917 1212 1623
f 3049 4029 3033
f 2783 2796 3880
f 1566 3404 3094
f 4034 3239 4037
f 4038 4046 4050
f 2572 1773 3053
f 3298 1052 2784
f 2797 3089 3878
f 2418 3927 1924
f 3923 3084 3079
f 80 2817 4052
f 2790 3080 3088
f 769 1893 2562
f 23 2368 538
f 3884 3911 2778
f 1908 2061 1925
f 1895 763 1216
f 3841 2575 3370
f 3297 3910 2968
f 2222 2224 3645
f 4055 951 864
f 3144 658 667
f 3872 3087 3083
f 4057 4064 3485
f 4065 4066 2042
f 4068 3236 4073
f 3931 2325 1250
f 3162 3424 2329
f 1736 2319 2664
f 2851 4077 3909
f 3962 3961 1854
f 3165 3190 3647
f 3759 634 647
f 3243 3234 4031
f 1846 3188 3166
f 1853 3345 1860
f 2328 3071 1252
f 529 3550 4078
f 3289 3337 2704
f 1624 3482 3916
f 2732 4082 2738
f 3346 1855 3956
f 4084 2083 4091
f 3127 3161 2334
f 3348 3959 2322
f 3211 1593 1589
f 2503 2481 1114
f 1356 4097 4099
f 1568 2505 2104
f 1368 1361 3222
f 4108 4115 4118
f 4121 3732 3728
f 4126 4128 784
f 662 4131 669
f 1924 3927 3805
f 4139 4140 4141
f 2518 4142 2460
f 1921 2566 2415
f 3443 4144 4145
f 2826 1322 3494
f 1292 1316 1265
f 3444 4146 1317
f 3552 4149 4150
f 807 806 4155
f 3009 4156 1350
f 719 132 713
f 609 531 529
f 4158 3558 3271
f 4161 3418 3421
f 4163 4169 4173
f 1188 2694 3915
f 661 1820 4179
f 4033 4181 4059
f 3275 2564 2561
f 3523 4185 4192
f 4198 4204 4210
f 1902 3483 4062
f 3241 4061 3245
f 4215 4217 3231
f 4226 4232 2680
f 2431 3091 1605
f 1627 3754 4238
f 4219 4243 2459
f 4244 4186 2137
f 2119 4247 2125
f 4248 4249 4250
f 1767 2446 2096
f 2178 4251 2174
f 2082 2075 4100
f 2264 749 643
f 1617 1606 3093
f 4252 4248 4250
f 1433 1426 2506
f 4025 4024 4253
f 2770 2074 2081
f 850 1663 2696
f 1349 3265 2029
f 215 591 217
f 1380 3995 4254
f 4258 4261 4265
f 3588 3883 3873
f 2969 3911 3884
f 4272 4273 4277
f 2128 1909 340
f 495 2228 2227
f 3591 302 301
f 2903 2824 2822
f 3508 3908 4281
f 3111 4282 4283
f 3881 3583 2972
f 4021 1172 3451
f 1779 2819 1911
f 3169 3163 3125
f 1249 496 3562
f 3323 4286 2369
f 4264 2588 2626
f 4141 4140 4282
f 1856 3714 4135
f 3157 3082 3924
f 3930 4129 2327
f 4292 4296 4303
f 4077 4306 4307
f 4312 4314 1825
f 2035 537 4285
f 2902 2411 566
f 4316 4317 4318
f 4323 4328 4331
f 1044 726 1037
f 1253 3806 3928
f 3958 3124 2321
f 2326 4132 3715
f 580 576 581
f 655 1821 660
f 2937 751 4336
f 666 3927 2418
f 2144 4339 4346
f 4352 4353 4360
f 132 2267 713
f 4314 4370 4372
f 437 4001 2820
f 4374 4375 4376
f 4379 4137 4381
f 741 4382 3340
f 3236 4383 4073
f 3783 4385 4035
f 4139 4283 4140
f 2439 1768 968
f 4386 4387 831
f 4391 1817 3724
f 1922 635 2565
f 4389 4309 1814
f 4394 4400 4407
f 4408 3111 2966
f 2482 1466 1107
f 4059 4181 3771
f 1598 4093 1586
f 3340 4382 756
f 1118 1150 4411
f 2377 4414 2378
f 1531 2125 1512
f 4415 301 1977
f 3766 4063 4060
f 439 1927 4416
f 738 4417 735
f 1314 1887 1886
f 3481 3498 3244
f 2708 2531 2701
f 4422 2520 2599
f 4425 4007 2353
f 2227 3450 587
f 3716 3994 2376
f 4431 4440 4444
f 4085 4124 4237
f 2206 2638 2188
f 3600 1966 682
f 321 4449 427
f 376 960 4452
f 3075 3920 3077
f 4460 4461 4470
f 2429 2424 83
f 1347 4474 327
f 4266 3430 3426
f 435 2998 1960
f 810 3522 812
f 4101 2479 1352
f 4475 4476 4023
f 3585 3883 3588
f 3921 3918 3072
f 3859 3692 3687
f 2223 3260 3906
f 1661 960 3403
f 4477 1991 26
f 4482 4483 4484
f 3168 3126 1843
f 3550 3965 4078
f 3334 315 300
f 2896 4485 4486
f 1418 4487 4415
f 1844 1859 4321
f 4491 3681 3671
f 4492 444 9
f 3713 1858 3349
f 3636 3446 3444
f 830 1350 3272
f 4154 4014 714
f 3347 3957 3350
f 665 4129 3930
f 1725 1241 1236
f 3876 3081 3651
f 664 4178 4324
f 4496 4499 3041
f 4373 4180 1822
f 3182 4509 4257
f 3983 1320 4146
f 3929 3927 666
f 3143 2936 1815
f 860 2808 277
f 2933 3722 1816
f 1917 4511 1291
f 3294 3287 3338
f 4512 1316 2931
f 3636 1175 2068
f 4250 4514 97
f 4515 3265 4516
f 4517 4518 4520
f 2352 2351 4521
f 4283 3112 3111
f 3703 4524 4527
f 351 777 593
f 376 4532 478
f 1398 208 1388
f 4534 4539 4546
f 4552 4553 4562
f 2078 2483 4102
f 3847 1953 1951
f 4565 4568 1033
f 423 418 1631
f 181 241 171
f 102 4572 387
f 4573 627 4579
f 411 921 914
f 4589 4590 4598
f 3116 2497 2495
f 255 240 222
f 3866 893 1952
f 3849 3847 1951
f 1957 3062 2584
f 897 2433 891
f 353 1652 448
f 932 1671 1676
f 174 1425 1458
f 4609 3382 4610
f 2522 2464 2598
f 4516 4617 4515
f 2228 2031 2229
f 3914 3915 805
f 4282 3111 4409
f 3909 4077 3908
f 4618 2829 4408
f 4623 4628 4635
f 71 296 1396
f 2174 807 4155
f 4636 4487 4637
f 3510 1663 1662
f 4177 4335 4327
f 4312 4370 4314
f 3186 1847 4334
f 3765 4182 4032
f 1382 1381 4638
f 4639 4640 4641
f 4373 4329 4180
f 4646 3937 4653
f 4657 4663 4671
f 1486 1481 979
f 3780 3721 3719
f 3425 3850 2590
f 3004 2995 3593
f 1537 871 389
f 4672 4066 4065
f 3482 1899 3916
f 433 313 3333
f 1848 4322 4333
f 2761 3689 4056
f 3450 3449 587
f 681 1965 685
f 4677 4680 4686
f 654 792 652
f 2574 3060 2253
f 4689 4700 4701
f 2041 4705 4281
f 686 1961 2997
f 299 575 297
f 4709 4711 4714
f 2910 325 1964
f 4716 4717 4718
f 4719 3663 1662
f 4146 3443 4721
f 4235 2768 4088
f 3240 4036 4058
f 3634 16 576
f 1752 4722 4484
f 4724 4045 4726
f 2130 676 3750
f 4727 3660 4729
f 1975 4732 2913
f 2634 3589 3879
f 2931 4738 4513
f 962 3094 3404
f 3926 3423 3160
f 2787 3178 3067
f 1781 4740 1929
f 3006 1984 1980
f 331 4448 319
f 4313 4371 1823
f 2003 536 2036
f 3658 2631 3949
f 4720 3495 3983
f 496 1249 1170
f 3808 4741 4742
f 376 4744 4745
f 1849 3119 3963
f 3727 4747 3501
f 4325 4133 663
f 4319 1857 4134
f 39 4751 1285
f 4511 3976 1291
f 610 609 3270
f 4367 4753 4759
f 3770 4384 3781
f 55 368 443
f 4762 4769 4775
f 4781 4782 4787
f 3495 4720 3953
f 4794 4718 4717
f 1735 1734 3447
f 1291 3976 2932
f 2423 1891 4796
f 4798 4802 4804
f 4806 4807 3852
f 960 4745 961
f 4808 4809 4811
f 4814 4788 4784
f 2008 2000 621
f 1571 1574 2509
f 1111 1145 1116
f 2437 1718 890
f 302 3334 300
f 2104 3224 1568
f 2030 3264 4816
f 4822 4826 4831
f 4143 2523 3231
f 1925 438 1908
f 651 2830 2747
f 3843 3368 2978
f 4281 4705 3743
f 2817 4835 4052
f 4836 3302 4838
f 4307 4306 4839
f 942 3272 1379
f 4841 4846 1186
f 441 13 1546
f 4848 4155 1662
f 4849 4850 4851
f 4852 4853 4854
f 1172 581 2070
f 3092 3866 4022
f 1184 4844 2699
f 2350 2352 4066
f 807 3914 805
f 3743 3450 2227
f 4855 2041 2043
f 3743 4705 2041
f 2723 4859 4864
f 806 805 3509
f 1558 1339 4452
f 2043 1172 4021
f 443 339 53
f 1350 829 1351
f 3469 3909 2229
f 3449 3562 585
f 4865 4808 4810
f 4021 3743 4855
f 2903 2822 2898
f 4868 4877 4881
f 1175 3636 582
f 653 575 299
f 3634 3444 15
f 4618 2899 2829
f 4885 4369 4311
f 4408 2966 4618
f 4886 4316 4891
f 4650 4310 4390
f 4892 4895 4898
f 4900 82 80
f 2814 2992 4906
f 4417 2487 735
f 4907 4908 4909
f 3951 3875 3653
f 4329 4373 4365
f 4910 1889 3966
f 4915 4920 4176
f 4925 4770 3942
f 4930 4937 3945
f 2424 2429 2422
f 3723 4642 4388
f 529 4078 609
f 4941 3940 3936
f 4942 4943 4944
f 3718 2417 3768
f 128 2899 2967
f 1818 659 3142
f 3128 3122 1850
f 3642 4945 1783
f 3766 1904 4063
f 3659 3950 3652
f 4947 3683 3815
f 1849 3963 1852
f 4953 3453 3466
f 4900 80 4052
f 4320 4130 4326
f 1174 1173 1175
f 3247 4057 3485
f 3941 4958 4931
f 4960 4961 4962
f 4239 3496 3484
f 4938 4964 4923
f 4750 4970 3500
f 3486 1625 4240
f 4172 4392 4913
f 4972 4652 4981
f 2083 4103 4091
f 1664 2799 2226
f 4982 4987 4771
f 4515 4994 4995
f 3953 4139 2827
f 2 4996 4
f 2029 3264 2030
f 897 895 3867
f 2441 1621 1756
f 1952 893 1956
f 3849 3433 3846
f 3095 3868 2927
f 4088 2768 2084
f 4248 4252 388
f 506 3760 51
f 4066 2352 2042
f 4456 4999 5008
f 5010 4816 4809
f 2930 52 48
f 3266 5011 3395
f 3225 1359 1570
f 2773 1328 1326
f 5012 4816 5010
f 2460 4142 4218
f 4836 1261 941
f 5017 5020 5026
f 3592 3332 302
f 5028 5029 5030
f 5031 5037 4347
f 3913 5041 3633
f 2714 1887 1314
f 5042 5043 5049
f 3001 3331 3596
f 83 1912 81
f 4155 5050 2174
f 3717 2378 3268
f 2513 4420 1492
f 2517 2114 2110
f 3890 3900 5053
f 3443 4146 3444
f 4744 2022 4745
f 3854 5057 1327
f 3513 4117 1498
f 2116 2510 1493
f 4308 4649 4973
f 4730 5058 5061
f 5067 4506 3194
f 1118 4411 1156
f 4258 4505 4261
f 5072 5078 5087
f 4892 5088 4895
f 4034 3774 3784
f 5068 4757 4504
f 3948 4934 5094
f 372 4453 5099
f 3810 3817 120
f 4752 5102 4756
f 3807 138 3680
f 1473 1469 2079
f 5093 4977 4654
f 5106 5110 5113
f 4145 4721 3443
f 3576 4383 3235
f 5119 5105 4978
f 4720 3983 4146
f 4038 5121 4046
f 4403 5124 4774
f 4816 5012 2988
f 3965 1451 5125
f 4384 3770 4030
f 1908 438 2820
f 4955 3943 4772
f 4234 3755 2769
f 1454 1451 3965
f 4037 3236 4068
f 1308 2525 1309
f 716 1294 4152
f 4146 1320 1317
f 1166 1432 3628
f 4123 3729 3496
f 3675 3992 4488
f 3996 5126 5130
f 2229 2031 2852
f 5132 5133 5134
f 2042 2041 4281
f 2851 3469 2852
f 1382 4853 1383
f 301 3313 3591
f 2031 11 2852
f 3508 4281 2227
f 2086 2090 4416
f 5135 3601 5138
f 5139 5142 3617
f 3272 941 2849
f 3595 3332 3592
f 4141 2827 4139
f 2899 2823 2829
f 4140 4283 4282
f 5145 4515 4617
f 5151 5157 5161
f 3738 5163 3730
f 3885 2117 3581
f 1353 2478 1363
f 5167 5172 5180
f 3577 1491 5184
f 5163 5188 3730
f 3650 3082 3157
f 4985 4768 4766
f 2714 131 3993
f 2532 2052 2048
f 4939 3933 4644
f 5197 4170 4935
f 5095 4651 3934
f 4260 4508 3505
f 4754 4368 4975
f 5201 4037 4068
f 952 5203 2809
f 2458 3521 2592
f 2463 4241 2136
f 3947 5095 3934
f 4655 4971 4648
f 3047 5205 2677
f 5210 5216 5221
f 4573 5227 627
f 4765 4924 3772
f 5198 4765 3772
f 4885 4976 4369
f 859 854 2382
f 4169 5193 4173
f 3782 4965 4643
f 4645 4963 4940
f 5228 5229 2069
f 524 522 333
f 4409 2827 4141
f 2681 5230 4548
f 2453 186 2098
f 5228 2069 1175
f 3210 5235 1592
f 3781 3720 3770
f 852 2017 4575
f 5191 4936 4932
f 5236 5240 5252
f 5257 2909 3599
f 550 1562 1214
f 2907 4451 1340
f 5262 5265 4534
f 3915 5268 1188
f 5269 5278 5284
f 5290 4596 4586
f 4457 5292 3742
f 5295 2379 2381
f 2915 4785 4778
f 5187 3570 4748
f 5296 2175 5050
f 5091 4921 4912
f 4847 5298 847
f 5300 4898 3505
f 4899 5303 3502
f 2583 3058 2577
f 3268 4001 3717
f 4849 4851 82
f 501 767 502
f 4685 5304 5306
f 2221 110 3683
f 3164 3159 3925
f 5310 1750 4835
f 4144 3445 5311
f 2379 2312 2931
f 4151 4148 4011
f 374 4779 4789
f 1293 1292 341
f 4805 5312 4800
f 5313 5316 5319
f 5324 5328 5329
f 5335 5336 5310
f 3976 4511 2379
f 5012 5337 2988
f 1266 3787 1267
f 2379 4511 4002
f 1451 1302 4157
f 3575 3571 5122
f 4974 4885 4311
f 158 98 75
f 1824 1814 4309
f 4933 4168 4164
f 99 190 77
f 4164 5096 4933
f 4260 3505 4266
f 3261 1781 1931
f 3193 4330 5069
f 4956 5196 4928
f 3944 3938 4929
f 5202 949 5339
f 264 1995 2011
f 5206 5344 5347
f 4074 5199 4067
f 5352 3848 3845
f 3940 4941 4922
f 5355 5358 5352
f 4404 5194 5123
f 5190 5164 5291
f 3777 4926 4966
f 4775 4927 4762
f 4811 4809 4994
f 1170 1169 496
f 4647 3725 3775
f 5107 4988 5363
f 4968 4746 3569
f 5243 5369 4993
f 5201 4034 4037
f 4076 4764 5200
f 3008 3395 4156
f 3265 5370 3264
f 453 257 149
f 4090 1599 3734
f 3734 4087 4090
f 1380 4854 5371
f 4086 3735 4122
f 3316 5372 949
f 2636 3844 3586
f 5028 5373 5029
f 5374 5375 5376
f 3567 3232 4967
f 1025 225 247
f 1165 2117 3886
f 284 167 252
f 1551 5384 66
f 3314 5387 3313
f 3850 2576 2590
f 944 235 286
f 775 345 420
f 1026 1536 1578
f 720 715 4019
f 5388 5389 5391
f 3504 3432 3428
f 3403 960 962
f 5392 5397 5400
f 1665 2226 3955
f 4521 2043 2042
f 5401 5402 2896
f 5401 2801 5402
f 5403 5408 5411
f 442 11 440
f 3812 4947 3815
f 3908 4077 4672
f 1101 1103 5413
f 3193 3187 4330
f 653 2225 654
f 3686 954 4054
f 2266 2265 2890
f 5416 5417 5424
f 5435 5439 4269
f 5441 5442 1315
f 3682 5443 3685
f 4381 4137 4721
f 3646 110 2221
f 5445 803 804
f 3965 5446 3270
f 2852 11 442
f 3716 5447 2378
f 1456 4153 1296
f 1170 3249 959
f 3600 682 5254
f 5255 683 690
f 4797 4379 4381
f 2820 438 437
f 2092 2001 1997
f 1292 1265 341
f 3808 4742 2875
f 1265 1316 4512
f 5451 5058 4734
f 4381 4145 4797
f 3598 3597 1348
f 5452 5455 5461
f 5464 5465 5470
f 5473 698 5445
f 458 803 5445
f 3601 1983 3313
f 5231 3212 5478
f 687 1986 1969
f 5188 4749 3730
f 3271 3270 5446
f 5481 5486 5492
f 5497 5499 4467
f 3314 4415 4636
f 1585 4096 1355
f 1603 4092 4095
f 4452 960 1558
f 3259 4212 3229
f 5505 5507 4824
f 5512 4419 3516
f 4758 5100 4893
f 5105 4755 4978
f 4021 4855 2043
f 5097 2906 4780
f 4976 4885 4974
f 3446 2067 2069
f 4401 4393 4174
f 5090 5101 4918
f 4165 4917 5117
f 1734 3870 5515
f 4979 5096 4164
f 476 5516 2022
f 4281 4065 2042
f 5522 5528 5531
f 1808 1812 114
f 3248 5534 3249
f 5536 5537 5354
f 5539 5112 5547
f 5355 5352 3845
f 4745 2022 961
f 5551 5556 5563
f 5362 5564 5548
f 4066 4672 2350
f 3656 3191 3185
f 4892 4898 5300
f 5568 1175 1173
f 1662 5569 4848
f 5122 4726 4045
f 4924 3778 3772
f 4900 5570 5571
f 3573 4041 4070
f 3449 3451 445
f 5118 4980 4166
f 4267 5574 5432
f 3710 3786 3269
f 5555 4069 4043
f 5580 5540 5544
f 5585 5589 5595
f 3774 4034 5201
f 5366 5360 4990
f 2428 653 299
f 2379 2931 2932
f 82 4900 4849
f 342 341 1265
f 3955 3954 3663
f 2990 2028 2030
f 4723 4454 5603
f 4994 4248 4811
f 5606 2989 5607
f 5608 5612 5617
f 1779 1783 4945
f 5607 5618 5606
f 2853 1565 2851
f 4801 5311 4803
f 5293 4723 4725
f 5336 5335 1751
f 5620 2172 2873
f 3681 4491 3969
f 4073 4383 3576
f 503 633 3762
f 3044 3035 2038
f 4139 3953 4720
f 5623 4895 5627
f 5194 4957 5123
f 5170 5625 5632
f 5635 5639 5640
f 4282 4409 4141
f 4919 5103 5120
f 2376 3994 3113
f 2696 1663 3509
f 1763 1759 5642
f 4797 4145 5311
f 5541 4395 5115
f 5648 5649 5650
f 5657 5658 5661
f 4316 4318 4891
f 3267 4414 5662
f 10 9 445
f 2032 4287 3327
f 2018 270 2010
f 5663 5664 5665
f 4171 4916 4167
f 3562 496 585
f 4002 1916 2820
f 5124 4959 4774
f 1917 4002 4511
f 4992 5549 5245
f 5668 2069 5229
f 3042 3540 4494
f 2967 2899 4618
f 4283 4318 5669
f 3779 4385 3783
f 3433 3849 3427
f 4984 4763 4072
f 5670 5671 2377
f 3542 3328 2364
f 4116 1501 4120
f 5106 5113 4773
f 5676 5583 5543
f 5359 5679 5680
f 2462 2455 780
f 5683 5690 5695
f 5238 5247 5211
f 4048 5270 5281
f 4816 3264 4995
f 5122 3571 4726
f 5686 5699 5700
f 5557 4044 5561
f 5694 5714 5718
f 3233 3497 4969
f 5595 5589 5241
f 5721 5729 5731
f 5499 5736 4467
f 4123 3496 4239
f 3581 2103 3885
f 2115 1163 1516
f 3220 5739 1369
f 5205 2684 2677
f 3598 4516 3265
f 3979 3982 727
f 4570 5746 5753
f 3509 3915 2694
f 1987 688 1981
f 3545 4016 3547
f 4049 5596 5272
f 1269 2919 343
f 813 4251 2178
f 5291 5164 3740
f 2875 4742 2870
f 652 791 574
f 3435 5297 5755
f 83 2424 1910
f 3678 3973 3811
f 2069 5668 3445
f 5762 4523 3699
f 4890 4136 4380
f 4065 3908 4672
f 3731 1604 3736
f 4521 1172 2043
f 1985 5135 5764
f 80 2818 2817
f 3669 3676 5767
f 593 462 589
f 5770 5773 5775
f 3704 4009 3708
f 619 4026 2679
f 2927 3868 4020
f 126 1314 1886
f 5765 3679 136
f 150 381 1205
f 5776 5777 4020
f 3640 2222 3682
f 4908 1173 2351
f 5778 5779 5782
f 5783 5784 5785
f 582 581 1172
f 3538 5792 4495
f 5311 4145 4144
f 3869 3095 476
f 1970 1988 5764
f 4894 5104 5092
f 4914 5630 5089
f 5794 5797 5800
f 5805 5807 4805
f 5002 3737 1601
f 756 4382 741
f 2097 972 965
f 5003 1594 5006
f 5669 3112 4283
f 4423 2600 2596
f 3209 5741 1507
f 4827 4820 4113
f 1495 4421 5513
f 5808 5809 5810
f 413 348 1423
f 424 1648 776
f 4761 5070 4364
f 1422 382 1460
f 3764 251 943
f 305 3300 310
f 4487 4636 4415
f 207 1775 1387
f 2357 2152 4427
f 5814 5643 1755
f 1152 3630 1115
f 994 990 1725
f 5633 5626 4399
f 4487 1381 1383
f 4777 4986 5108
f 2371 22 2405
f 5195 4407 4400
f 610 3270 3786
f 3988 1308 5815
f 4395 4405 5115
f 4855 3743 2041
f 1380 1379 3995
f 437 439 1888
f 5363 5109 5107
f 2875 3814 3808
f 3335 34 1989
f 4075 4989 4983
f 5818 5697 5681
f 5821 5824 5827
f 5588 5542 5567
f 5368 5587 5565
f 941 706 3302
f 5241 5585 5367
f 4792 5831 3554
f 5675 5165 5177
f 3663 4719 3955
f 5706 5592 5214
f 5834 5210 5221
f 185 1394 2094
f 5590 5816 5839
f 4991 4071 5552
f 2496 1760 5259
f 4869 5841 4876
f 5847 5274 5842
f 4051 4045 4724
f 4544 5747 5851
f 694 2996 1979
f 5062 4783 4735
f 4945 2819 1779
f 5853 478 5854
f 1173 4907 5855
f 4907 1173 4908
f 2817 3641 5310
f 5444 2171 5856
f 388 4811 4248
f 478 5857 476
f 5856 5335 5444
f 5860 5870 5875
f 2989 5617 5612
f 5880 5887 5893
f 5721 5897 5729
f 4790 4812 4709
f 1349 1348 3265
f 5904 5906 5559
f 4236 1622 1626
f 3751 1628 1562
f 1325 5056 2072
f 164 160 182
f 5135 3603 3601
f 5915 4871 4884
f 5001 1602 1596
f 1174 582 1172
f 5294 3572 5189
f 4889 5312 4805
f 1950 2581 3851
f 5926 3829 5928
f 3112 5933 3113
f 5743 5182 1504
f 2830 695 2747
f 4318 4317 5669
f 5604 4455 4469
f 4138 4891 4318
f 4318 4283 4139
f 5934 5935 5936
f 4089 4098 4094
f 3216 3578 5183
f 5669 4317 4316
f 1506 5941 5945
f 5951 5952 5953
f 2927 1567 3095
f 4744 477 2022
f 3994 3716 2715
f 4316 5804 4944
f 3404 441 1661
f 5764 5136 3996
f 42 4751 39
f 13 440 11
f 2912 4733 2916
f 14 1102 8
f 5954 5776 5133
f 2704 2703 3289
f 3644 3905 3821
f 3909 3469 2851
f 5960 5963 5966
f 4065 4281 3908
f 2428 298 2429
f 4155 806 1662
f 4017 4009 3704
f 5911 5220 5217
f 5244 5237 5591
f 5907 5282 5275
f 5973 4306 5974
f 3932 5296 5050
f 17 2426 5975
f 4259 2628 3655
f 805 3915 3509
f 3509 3510 806
f 1665 5977 1662
f 4581 4550 2385
f 1664 848 792
f 3337 4481 5980
f 4402 4175 5192
f 3791 3787 1266
f 5241 5589 5585
f 1291 1293 1917
f 2300 36 3288
f 5071 4332 4366
f 1566 442 441
f 4850 2802 5983
f 5639 5635 5985
f 5819 5674 5838
f 5283 5909 5905
f 5990 5689 5701
f 5545 5586 5677
f 5993 5223 5999
f 1265 4512 3789
f 574 791 790
f 4038 3574 5121
f 5582 4396 5538
f 2351 1173 4521
f 5845 5996 5279
f 6000 1753 1752
f 4725 3568 5293
f 12 11 1169
f 5280 5903 4042
f 570 367 370
f 5807 4315 4889
f 1171 12 1169
f 5598 5732 4880
f 3007 3009 1336
f 6001 6003 6005
f 5261 4536 2493
f 162 159 79
f 4852 5665 4853
f 5371 708 1380
f 3506 4899 3502
f 4810 386 4865
f 2893 6010 6012
f 85 3870 86
f 6017 6020 6023
f 1975 2913 691
f 5131 6026 3997
f 2908 5256 2914
f 6014 6025 5126
f 5329 5328 6033
f 4779 374 372
f 6034 5635 5640
f 1544 239 1545
f 2851 2927 5974
f 513 6037 510
f 6039 5306 5304
f 1927 439 438
f 807 4251 5040
f 1567 2927 1565
f 848 846 790
f 4450 2911 5098
f 5134 5776 4020
f 239 584 583
f 1751 5335 5856
f 4531 6041 3698
f 5116 4406 4776
f 3557 5829 3544
f 5600 4471 6047
f 1567 1566 3095
f 4281 3743 2227
f 1662 3663 3665
f 6048 4468 4465
f 5539 5114 5112
f 4197 6053 6057
f 4189 6059 4191
f 1309 2525 2524
f 5168 5672 6060
f 2378 4414 3267
f 4771 4767 4982
f 4381 4721 4145
f 5320 6065 6067
f 532 4794 6070
f 5566 5364 5365
f 5815 1308 1313
f 2897 3955 2226
f 4018 5768 137
f 82 2225 2428
f 5807 4889 4805
f 6063 5717 6075
f 5593 5239 5212
f 3183 4256 3654
f 4791 6080 6081
f 5677 5586 5837
f 1910 2424 1779
f 239 577 584
f 1646 6086 1681
f 2069 2068 1175
f 5220 5911 5998
f 3550 1454 3965
f 5370 3265 4515
f 4027 618 3036
f 5902 5562 4040
f 4799 4888 4378
f 2765 2759 2391
f 1753 5570 1749
f 4418 2593 3515
f 5222 5991 5832
f 5723 5733 5601
f 2375 5447 3716
f 5560 5912 5246
f 6094 6095 6103
f 5917 6105 5727
f 5276 5995 5908
f 5843 5277 5271
f 5846 5844 4870
f 2068 2067 3636
f 5631 4397 5579
f 5546 5111 5361
f 6108 6117 5992
f 6118 6119 5169
f 5125 5446 3965
f 3304 706 1417
f 620 2012 2009
f 5832 5991 6111
f 5833 5702 5215
f 5693 5989 6122
f 5250 5550 5558
f 5218 5249 5910
f 4882 6106 5914
f 6126 5498 6127
f 3741 5000 4458
f 6131 6138 6098
f 5994 5997 5848
f 2108 1463 3621
f 6143 5920 5724
f 5725 6107 4883
f 6146 6157 6161
f 6043 5722 5599
f 3206 1588 5740
f 6126 6135 5734
f 6163 6164 5680
f 3196 4507 3184
f 6165 6167 6168
f 5742 1584 1367
f 6169 6112 6172
f 4638 1381 1417
f 4464 5009 6178
f 5840 5273 4878
f 6186 6190 6197
f 3987 2061 1908
f 1365 1591 1357
f 5158 5474 5149
f 1383 5665 4487
f 3886 2103 1165
f 4412 1147 5052
f 5744 3221 5185
f 4203 4200 5943
f 5186 1497 1511
f 6200 6201 4254
f 6202 2072 5056
f 1614 3092 4022
f 384 190 99
f 6207 4802 5667
f 3432 3504 5357
f 3632 3517 2461
f 5302 4510 4760
f 2452 2447 1765
f 806 3510 1662
f 2127 2128 342
f 4909 6208 6209
f 1637 419 6211
f 3115 107 163
f 3339 2314 475
f 3113 5933 2376
f 1173 1172 4521
f 106 101 166
f 6218 6224 6032
f 5126 6025 5130
f 2461 779 3632
f 3624 1462 1472
f 5671 5670 6226
f 3716 1888 2715
f 2313 5295 2381
f 6227 6229 6230
f 754 750 1081
f 6234 1640 1632
f 6241 6246 6248
f 6255 3458 3455
f 2640 2203 1701
f 388 4252 383
f 2913 5253 691
f 3955 6256 1665
f 1912 1911 81
f 6262 5378 6265
f 281 1421 177
f 80 1911 2818
f 6266 6267 6268
f 6272 3317 956
f 6273 6207 6274
f 533 5318 4715
f 4012 4147 3548
f 6275 6276 5857
f 3750 1564 2130
f 1393 187 70
f 6212 948 289
f 3094 962 961
f 3705 5768 4018
f 5621 2870 3972
f 6277 6278 6279
f 629 2012 620
f 3270 3269 3786
f 5763 3702 3708
f 745 6281 4338
f 4380 4887 4890
f 1731 1246 1654
f 4800 5312 4889
f 4804 6283 5806
f 6287 6288 6293
f 5933 5669 4943
f 6152 6299 6303
f 6305 6294 6312
f 6046 4466 5737
f 6140 6104 6099
f 4879 4875 5597
f 6316 1614 6318
f 5602 4051 4724
f 6124 6322 6130
f 5738 5899 6045
f 4738 2931 2312
f 4022 3847 5353
f 6330 1612 6317
f 5624 5641 4897
f 4454 4723 5293
f 4463 4459 5005
f 3812 2874 4947
f 5176 6332 6334
f 6335 3394 2238
f 1687 6338 6344
f 5232 5475 5159
f 5178 5631 5579
f 5553 4069 5555
f 745 5027 6281
f 6182 6191 5496
f 5705 6348 5987
f 5687 5716 6061
f 5219 5213 5251
f 4995 4809 4816
f 5242 5554 5248
f 3974 4741 3808
f 5707 5698 5817
f 1366 3223 3219
f 6093 6102 6314
f 4874 5272 5596
f 2386 6351 4583
f 6044 5896 5720
f 6313 5918 6090
f 6356 5944 4817
f 1496 5511 1502
f 3512 3519 4119
f 3633 789 3913
f 3267 6358 4002
f 2316 220 588
f 708 1382 706
f 2923 1733 127
f 5285 4039 4047
f 6359 6360 4637
f 2129 1727 678
f 5387 3602 3313
f 3845 3431 5355
f 5229 5228 5855
f 4851 6361 2225
f 4695 5061 5451
f 5449 4731 1971
f 5445 696 458
f 4835 2817 5310
f 6018 4698 5450
f 3932 5569 1662
f 5266 5463 6365
f 2870 4742 3972
f 2172 5444 2873
f 6366 5339 5372
f 3683 110 3815
f 6369 6370 6371
f 4583 6351 4576
f 6372 6373 6374
f 4994 4809 4995
f 5370 4995 3264
f 5406 1930 1928
f 2226 792 654
f 6070 3556 530
f 5752 4866 4572
f 2226 2799 792
f 6203 3624 1472
f 961 5516 3094
f 5515 3870 40
f 6375 6376 6377
f 4307 2350 4672
f 4307 4672 4077
f 3635 576 580
f 6381 6382 5615
f 6383 6274 6384
f 4839 6279 2350
f 4362 6388 6389
f 804 557 5473
f 6396 5954 6397
f 6397 6398 6396
f 6207 6273 4802
f 92 6401 6406
f 15 3444 1335
f 6410 5671 6413
f 5315 534 4737
f 4872 6295 6108
f 5781 5391 4997
f 2169 6414 5754
f 5669 5933 3112
f 6311 6100 6307
f 5728 5898 6418
f 1418 1381 4487
f 6419 6092 6145
f 4942 6282 6421
f 5726 4880 5732
f 5734 5498 6126
f 437 1888 3716
f 6173 6149 5713
f 6426 6430 4299
f 2803 6433 1351
f 4943 6434 5933
f 6134 6417 5901
f 6194 6320 5494
f 6436 6439 6445
f 6187 6327 6192
f 6097 6420 6133
f 5150 5477 5949
f 6447 4198 4210
f 5938 1505 4821
f 5476 3214 5947
f 6458 4688 5774
f 5160 6195 6181
f 6301 6298 6326
f 5152 6450 5155
f 1348 1337 1336
f 6462 4692 6019
f 239 1544 13
f 5234 5007 1597
f 5156 6196 5162
f 4306 4077 2851
f 6179 6199 6193
f 696 3871 459
f 5061 5058 5451
f 5064 6464 5334
f 6144 6089 5913
f 5498 5495 6127
f 6469 6471 4712
f 3998 6027 1973
f 2423 1779 2424
f 5857 3869 476
f 2939 43 747
f 5571 6472 6473
f 4694 6465 5063
f 372 5099 4779
f 6474 6480 6485
f 1734 86 3870
f 5986 6488 6489
f 5057 3853 2062
f 3425 2587 4262
f 1429 2101 2504
f 4242 4220 6490
f 4508 5300 3505
f 5594 5836 5584
f 5692 5715 5684
f 13 958 237
f 5719 5708 6074
f 6496 2896 5402
f 6110 5849 4867
f 6060 5672 5685
f 4897 5641 5636
f 6349 5835 6113
f 6115 6121 5988
f 5994 5848 6109
f 6256 4719 5977
f 6274 6167 6273
f 5977 1665 6256
f 4943 5669 4944
f 6497 5401 2895
f 5629 4911 4398
f 4851 2225 82
f 3899 1518 1167
f 1100 2260 1088
f 1532 6476 3491
f 1514 4246 2118
f 6473 2802 4850
f 5805 4315 5807
f 6498 2168 6500
f 851 2698 4847
f 4839 4306 5973
f 5784 5783 5973
f 478 477 376
f 5670 2377 6434
f 6022 5448 5127
f 5359 6503 6318
f 5137 6504 6506
f 6508 6282 5780
f 5764 3996 1970
f 6510 6511 6512
f 1973 6027 5128
f 5129 6024 6021
f 6513 6277 4839
f 6514 6515 6516
f 2927 5777 5974
f 4836 1263 1261
f 1187 5267 786
f 6517 5853 6518
f 5828 5760 4015
f 3314 301 4415
f 5387 3314 4637
f 2773 1326 2071
f 2585 1950 1954
f 6519 6520 6521
f 6278 4908 6279
f 6522 3662 6523
f 6525 5637 5984
f 4492 1101 6526
f 17 2427 1102
f 4475 4641 4640
f 961 2022 5516
f 2351 2350 6279
f 4109 4119 3519
f 5634 5181 5174
f 5668 4803 3445
f 2878 3798 1307
f 6528 3803 6530
f 4483 6531 6532
f 3710 3558 3560
f 4521 2042 2352
f 6534 6536 6540
f 6523 6541 6542
f 3932 6543 5296
f 6273 4804 4802
f 6321 6300 6544
f 6188 6198 5153
f 5940 4201 5147
f 6176 6116 6289
f 5703 5816 5590
f 5503 4112 4105
f 5730 6415 6142
f 6549 6071 6554
f 2028 5011 3266
f 4209 6184 6451
f 6183 5004 5233
f 5948 5939 5146
f 5159 6180 5232
f 5950 3213 3207
f 5229 6555 5668
f 5916 6296 4873
f 6091 6416 6096
f 6295 6117 6108
f 6132 6324 6141
f 5389 6557 6558
f 5681 5678 5818
f 6073 5171 6062
f 5667 6384 6274
f 6127 5495 6323
f 5691 5989 5693
f 6325 6189 4211
f 5711 6561 6072
f 6328 6125 6128
f 6348 6114 5987
f 676 679 3750
f 2131 2129 676
f 6562 6569 6570
f 4944 5669 4316
f 6580 6585 6590
f 6129 5900 5735
f 6177 5709 6171
f 6595 6596 2310
f 534 610 4737
f 4263 2627 4255
f 5443 3682 4946
f 6309 6284 6292
f 6516 6597 6514
f 6175 6290 6285
f 3390 6598 4607
f 4742 4741 3974
f 4347 2154 5031
f 6279 4839 6277
f 6601 6581 6607
f 5857 6276 6610
f 6355 4207 5942
f 1510 5946 3208
f 6612 6618 4829
f 6625 6631 6641
f 527 4473 1344
f 809 6646 4107
f 785 5268 3915
f 6277 6513 6278
f 5777 2927 4020
f 6137 6319 6545
f 6517 5810 6275
f 6648 6345 5014
f 6651 6652 3986
f 1750 4052 4835
f 4895 5088 5627
f 6653 5635 6034
f 2905 334 324
f 5496 4462 6182
f 5040 4251 812
f 469 5021 472
f 5783 6513 5973
f 949 5372 5339
f 5041 3518 3633
f 6083 5756 4793
f 2172 6657 4722
f 6064 5173 5166
f 5353 5359 6318
f 5310 3641 3684
f 3445 4144 3443
f 3665 6543 3932
f 425 4447 335
f 3763 946 6211
f 5179 5581 5673
f 3707 4010 5759
f 5811 5462 5644
f 352 594 1732
f 4738 3790 4513
f 1395 1392 68
f 6497 2226 6361
f 951 2805 864
f 6211 419 3763
f 6115 6170 6121
f 233 1399 294
f 6072 6561 6552
f 6347 5702 5833
f 6306 6101 6136
f 4803 5311 3445
f 6331 5457 5813
f 5781 5778 6165
f 3980 798 483
f 5448 1974 5127
f 6015 4702 6460
f 4638 706 1382
f 2440 1607 1620
f 373 4532 376
f 6167 5778 6273
f 4813 4786 5065
f 4866 387 4572
f 1300 6527 4159
f 6166 6383 6658
f 376 4452 371
f 941 3272 942
f 6661 6662 6663
f 6665 4006 4428
f 4270 6676 4275
f 6680 6683 5611
f 6685 6201 5011
f 6686 6360 6359
f 1383 4853 5665
f 6687 6688 4517
f 6689 6690 6118
f 4853 1382 5371
f 4416 1886 439
f 6217 6695 6697
f 6702 6359 4637
f 6706 6710 6692
f 4693 6461 4704
f 6711 6506 6504
f 3602 5387 6713
f 5638 6714 4896
f 4944 5804 4942
f 3333 3329 433
f 4156 3009 3008
f 134 718 137
f 4745 960 376
f 4002 2820 4001
f 5345 3050 3038
f 6715 6278 6716
f 6717 3448 1284
f 5680 6718 6719
f 5516 476 3094
f 6297 5919 6315
f 5680 6164 6720
f 1456 3549 4153
f 6302 6721 6155
f 3447 1734 5515
f 3871 85 369
f 4482 4484 6727
f 1928 5409 5406
f 6295 6291 6117
f 6325 4211 6304
f 6361 4851 5401
f 3260 2223 1785
f 6604 6726 6621
f 4052 5570 4900
f 5154 6448 6185
f 6304 4211 4206
f 3973 3678 3970
f 6730 6354 6734
f 6005 6738 6001
f 6449 5148 4199
f 4537 5850 104
f 5851 4535 4544
f 6733 6353 4823
f 6623 6724 6731
f 2172 2171 5444
f 2310 5316 5313
f 4717 6078 4794
f 6714 4899 4896
f 4909 6209 5855
f 809 6740 6646
f 5391 5389 6743
f 134 123 1813
f 2178 2175 813
f 5229 6268 6745
f 1175 5568 5228
f 6054 3421 3420
f 3902 1157 1154
f 6751 6755 6760
f 5228 5568 5855
f 6555 5229 6745
f 5782 4804 6273
f 6762 6763 6767
f 6768 6769 6770
f 6771 6007 6004
f 6147 6773 6550
f 6156 6149 6173
f 6778 6783 6787
f 6508 3 6421
f 6792 6239 6800
f 6421 4943 4942
f 1338 1337 1349
f 5301 4758 4893
f 1880 6802 3251
f 2377 5933 6434
f 6274 6207 5667
f 3556 3551 530
f 1735 3447 3448
f 4718 4794 532
f 1889 297 3966
f 1161 1158 3898
f 6434 7 5670
f 6717 5976 1332
f 4743 3975 3971
f 4271 5438 6670
f 5303 4899 6714
f 6806 6808 6811
f 5933 2377 2376
f 3893 6813 3473
f 5662 6817 4002
f 5679 5359 6818
f 5628 5632 5625
f 6775 6548 6553
f 6736 4819 4828
f 6653 6819 5635
f 1754 1768 2439
f 6174 6286 6310
f 5688 5682 5704
f 6721 6302 4202
f 6151 6174 6310
f 6147 6823 6773
f 6154 6544 6300
f 6552 6561 5711
f 6414 5010 4808
f 6546 6151 6310
f 5710 5696 6123
f 6828 6831 6836
f 6159 6723 6603
f 4110 4818 1509
f 6832 6843 6844
f 6852 6849 4626
f 4825 4111 5500
f 5646 5263 1762
f 4637 6855 5387
f 6856 6857 6858
f 6543 6859 6860
f 5571 4849 4900
f 6861 5775 6505
f 4490 3971 3968
f 6274 6383 6166
f 6863 2801 2800
f 6865 2470 6869
f 5782 6273 5778
f 5132 5134 4020
f 6875 6876 6877
f 6882 4699 4687
f 4909 4908 6278
f 6892 6699 6896
f 3561 1841 6897
f 5784 6898 6398
f 445 3562 3449
f 3988 2525 1308
f 4532 373 6900
f 587 3449 585
f 610 3788 4737
f 1728 2773 678
f 6860 6859 2175
f 5854 6518 5853
f 3665 3664 6543
f 6901 5132 5857
f 4719 6256 3955
f 5974 4306 2851
f 3717 4001 437
f 5785 6278 5783
f 1440 2841 2831
f 4908 2351 6279
f 4416 1927 2086
f 6421 6434 4943
f 5785 6716 6278
f 1546 1661 441
f 2494 2454 1764
f 4810 388 386
f 6817 5662 4728
f 6902 6903 6904
f 6397 6512 6905
f 5442 6906 555
f 6610 5133 6901
f 6898 5784 5974
f 5335 3684 5444
f 6163 5354 4253
f 2897 6910 3954
f 6547 6308 6139
f 6911 6913 6915
f 6916 6472 5571
f 6359 6702 6917
f 6577 6604 6621
f 6716 6597 6516
f 651 572 569
f 4208 6729 6722
f 6918 6923 6926
f 3391 4608 3857
f 5815 1658 3988
f 4624 6930 6935
f 6725 6158 6153
f 815 6936 6941
f 1508 1499 4114
f 6943 1448 6953
f 1500 5514 3514
f 4253 5536 4025
f 4300 3101 6956
f 137 718 4018
f 5138 6505 5135
f 4561 4557 6958
f 4839 5973 6513
f 6964 6968 6969
f 4702 6015 5772
f 6701 6890 6219
f 4002 6817 2379
f 812 3522 5040
f 6975 6980 6985
f 2860 6992 2835
f 3430 4266 3505
f 6509 4996 2
f 441 440 13
f 4251 807 2174
f 3506 3504 3428
f 3503 5303 6524
f 5390 6560 6744
f 6994 6996 6997
f 6998 2989 5337
f 1751 5856 2170
f 1892 773 764
f 6283 4804 5779
f 6715 6208 4909
f 3995 3273 3395
f 7000 6002 3989
f 5766 3706 3670
f 5535 3504 3502
f 5534 7001 7002
f 5413 7003 7004
f 7005 7006 238
f 6333 5171 6073
f 4850 4849 5571
f 4482 6531 4483
f 7007 6543 3663
f 2029 3266 1338
f 3717 3716 2378
f 2403 2399 1693
f 1316 1291 2932
f 7008 7009 7010
f 5974 5777 5776
f 5824 7011 7012
f 7013 6208 6516
f 6898 5974 5776
f 2313 2312 5295
f 5974 5784 5973
f 7017 5386 6257
f 6233 6258 7021
f 6716 6516 7023
f 6728 4205 6357
f 6259 6263 7022
f 6821 7024 6774
f 7026 6119 7029
f 4722 1752 2170
f 5709 6120 6171
f 5377 986 1540
f 1542 984 295
f 7030 7031 7032
f 7036 6232 1638
f 1636 285 985
f 777 462 593
f 7039 7045 7048
f 6634 6627 7050
f 755 1080 1075
f 7056 5799 7059
f 5337 7061 6998
f 6999 3667 6251
f 5169 6119 7063
f 6583 6619 6614
f 6848 7071 7076
f 463 774 3758
f 6278 6715 4909
f 6071 6549 6332
f 6624 6735 4833
f 4627 7053 7080
f 6911 7085 7086
f 7027 7087 6656
f 6524 5303 5638
f 7089 6611 4832
f 7093 7095 4518
f 7094 4854 4254
f 5758 5831 4792
f 4637 4487 6702
f 7096 5952 7097
f 5461 6330 6317
f 6740 6942 6938
f 5136 5775 6016
f 6658 6168 6166
f 4942 5804 6282
f 2350 4307 4839
f 1985 3603 5135
f 7098 7099 7102
f 163 183 3115
f 6961 7104 3100
f 7110 7111 7112
f 4709 7115 4790
f 7122 6862 7123
f 109 120 3817
f 7128 7133 6872
f 4848 5569 5050
f 6208 7013 7136
f 5126 5136 6016
f 5775 6861 7119
f 2894 557 556
f 5781 4997 6507
f 6421 6282 6508
f 5855 6209 6266
f 3113 3993 2966
f 2029 1338 1349
f 3007 1338 3266
f 1267 3787 3711
f 2062 2066 7137
f 4024 7138 4253
f 119 3643 3822
f 3395 3273 4156
f 7139 7140 7141
f 4778 2904 2915
f 5266 6365 7144
f 5746 2167 5753
f 477 4744 376
f 7148 7153 7156
f 3063 6718 7158
f 6318 6503 6316
f 4640 7159 7160
f 4254 7161 7094
f 39 1284 3447
f 7163 7164 7165
f 5412 7166 4795
f 40 3507 6012
f 803 368 55
f 5376 5387 6855
f 1351 829 3840
f 5853 5857 478
f 4640 7167 7168
f 3039 3325 3539
f 4025 3503 6524
f 6685 2990 5615
f 6459 6020 6017
f 7173 6886 4690
f 1334 1331 3448
f 6818 5359 5354
f 7175 7176 7177
f 7178 7179 7180
f 7141 7140 7095
f 6396 5776 5954
f 1999 1992 2039
f 7085 6911 7181
f 6609 7184 7025
f 708 707 941
f 6638 7092 5508
f 6070 4794 3556
f 5303 6714 5638
f 7186 2538 7194
f 4016 3545 5830
f 5635 6819 7198
f 3966 574 790
f 7202 7203 7207
f 6398 6898 6396
f 3279 7210 2292
f 6620 6732 6737
f 2873 2871 5620
f 6808 7212 6811
f 952 950 5203
f 6652 6651 7214
f 7000 3989 3674
f 6645 5504 4106
f 6398 6515 6514
f 7217 7079 7221
f 7226 7231 7233
f 7236 7159 7168
f 7198 6819 6653
f 4559 4549 4231
f 5050 4155 4848
f 739 500 508
f 7204 7200 7237
f 6906 7238 555
f 7 6434 6421
f 3661 3660 7240
f 3663 6770 7007
f 6768 6770 3663
f 7242 4503 366
f 6069 6542 6541
f 5976 6717 4960
f 6768 3663 6910
f 5778 6167 6165
f 1658 2926 1657
f 7248 7252 4529
f 6034 5640 7063
f 6334 6332 6549
f 7258 6915 6914
f 1925 1927 438
f 7260 7261 7028
f 7198 5986 5635
f 644 641 1182
f 6034 7063 6119
f 1 7 6421
f 7262 6500 7264
f 5224 2020 2013
f 6745 7097 6556
f 2131 1561 2133
f 5443 4946 2875
f 3991 3972 4489
f 5983 5401 4851
f 6817 2380 2379
f 3662 6522 7268
f 1753 6916 5571
f 6657 7269 7270
f 4998 6743 5
f 7272 4483 6532
f 7274 7279 6780
f 5336 1750 5310
f 7283 6244 7291
f 1977 2821 1417
f 6639 5506 6629
f 6584 6576 6622
f 5375 5374 7293
f 4623 6929 4628
f 4728 7294 6817
f 4834 4824 5507
f 6635 7091 6640
f 7090 4830 5509
f 7064 6846 6851
f 6746 7295 7296
f 7301 7307 814
f 7309 6713 5375
f 2930 48 2179
f 5773 6016 5775
f 6610 6510 5133
f 5671 6410 4414
f 4078 3965 609
f 5769 7117 6456
f 7310 4712 6471
f 6750 7312 6757
f 5322 6215 6031
f 4022 1953 3847
f 4253 5537 5536
f 6316 6503 6719
f 6898 5776 6396
f 6373 6372 7314
f 2404 6647 468
f 4785 2915 4736
f 7007 6859 6543
f 5260 5645 5459
f 7315 5045 6994
f 4808 4865 6414
f 5854 4532 6899
f 6414 7316 5012
f 7317 6770 6769
f 2169 2168 7316
f 3097 2396 6960
f 7319 7323 7326
f 6278 6513 5783
f 7329 6514 6597
f 7201 7096 7097
f 7330 7331 7332
f 6398 6514 7329
f 3273 3272 4156
f 4617 57 56
f 6718 5453 6316
f 7333 5440 2089
f 5764 1988 1985
f 1983 3003 3313
f 7114 4713 7334
f 5016 5023 7337
f 7334 6900 7114
f 6885 7172 5325
f 6877 6876 7135
f 7338 7339 7340
f 7341 6713 7309
f 474 2315 590
f 5376 5375 6713
f 7157 2165 5748
f 1635 6210 287
f 7033 1633 987
f 5132 3869 5857
f 1842 3558 675
f 6498 7316 2168
f 6524 7342 4025
f 7343 4842 1185
f 6260 6236 7037
f 6525 7347 7342
f 5810 7348 7350
f 5042 5049 7351
f 1642 421 1634
f 780 2455 2134
f 175 918 178
f 5337 5012 7316
f 7357 7362 7365
f 983 5383 7014
f 4187 4245 4241
f 7035 988 7015
f 7372 7375 7381
f 5855 4907 4909
f 595 215 1238
f 7313 7385 6756
f 6488 5986 7198
f 5310 3684 5335
f 6613 7088 6632
f 3565 5074 1151
f 4484 4483 6000
f 6384 5666 6556
f 5019 5015 5801
f 5803 7388 7395
f 5662 6358 3267
f 5855 5568 1173
f 6 5670 7
f 2921 3709 3561
f 1662 5977 4719
f 533 5314 5318
f 6548 6775 7032
f 7261 7260 7397
f 7062 5624 5175
f 5622 6739 7398
f 7400 7403 7408
f 4002 6358 5662
f 6551 5712 6150
f 5621 3972 3991
f 7286 7292 7411
f 138 3807 121
f 7416 6800 6239
f 7417 7420 7421
f 4417 7422 2489
f 7342 7347 4639
f 7424 7425 7426
f 1929 4740 5408
f 6410 5662 4414
f 2226 2225 6361
f 7342 4641 4025
f 2037 2033 3322
f 82 2428 83
f 5641 5624 7062
f 1755 1615 5814
f 6718 3063 5464
f 7427 6812 7351
f 2164 7155 7432
f 7433 7434 7397
f 6489 6488 7435
f 5441 336 3604
f 6811 7168 7437
f 7439 7199 6655
f 2469 734 2466
f 6489 6525 5984
f 6655 6805 7439
f 2987 7440 7441
f 6820 6148 6160
f 6473 7442 7011
f 2061 2086 1926
f 6617 7443 7451
f 7397 7434 7261
f 1333 2044 16
f 2004 2034 1992
f 5134 5133 5776
f 5826 7452 7453
f 6818 6163 5679
f 6657 2172 7454
f 6605 6822 6162
f 6738 3990 3989
f 3996 5136 5126
f 6628 5502 7223
f 6636 6841 7445
f 3673 3667 6999
f 5954 6512 6397
f 7450 7275 6587
f 7456 7281 7277
f 6030 5066 5333
f 6118 6690 7260
f 6454 7460 6705
f 7455 6825 7465
f 4619 4633 7468
f 4631 4630 7084
f 7479 7483 7491
f 6934 6854 4629
f 7469 7216 6937
f 7494 7495 7349
f 3503 4025 5536
f 1285 4960 6717
f 5350 5342 4502
f 3034 1998 2040
f 47 45 2938
f 1331 695 86
f 7496 7498 7500
f 4476 7138 4023
f 5391 5781 6168
f 1779 1911 1910
f 2361 7504 3536
f 1141 5082 3564
f 3627 1431 2501
f 4253 7138 6163
f 7507 7509 7512
f 3341 5024 743
f 6533 6758 7304
f 7023 6208 6715
f 4713 7311 7494
f 6266 5030 6267
f 6557 5389 7402
f 6517 5857 5853
f 4728 5662 6410
f 7516 7522 7410
f 7414 6041 4531
f 7524 7525 5618
f 6281 2941 4338
f 7529 2944 7532
f 7533 7534 7535
f 7536 7538 7540
f 6200 3995 3395
f 6596 6595 7268
f 7542 7543 7544
f 271 2092 1997
f 6767 6763 7548
f 6168 5781 6165
f 5401 5983 2801
f 6518 5854 6899
f 7339 7338 5809
f 2234 2921 3561
f 7341 5137 6713
f 7549 7550 7551
f 4713 7349 7334
f 478 4532 5854
f 7329 5784 6398
f 6858 7552 7553
f 6515 6398 6397
f 1907 2126 2525
f 4688 4703 5774
f 7554 7109 6970
f 7556 6711 7309
f 6884 5330 4697
f 7032 7558 7030
f 7329 5785 5784
f 6163 6818 5354
f 7560 7151 7569
f 4684 5307 7572
f 7558 6911 7030
f 473 5025 3342
f 7024 6821 6602
f 7167 4639 7347
f 6318 1614 4022
f 579 7574 583
f 7444 6839 6826
f 7576 7578 7579
f 7581 7582 7583
f 4104 3522 810
f 6928 7591 7459
f 1329 4806 3854
f 3293 2533 2530
f 7592 1660 511
f 6082 4526 5761
f 7168 7435 7437
f 5229 5855 6268
f 7096 7593 5952
f 1315 557 54
f 6413 7594 5934
f 7096 7206 7593
f 6 6744 6225
f 2872 5443 2875
f 7596 7598 7601
f 7604 7606 7609
f 5169 6689 6118
f 13 12 958
f 7610 7399 7611
f 7612 4161 6054
f 7616 7617 7619
f 4478 25 3978
f 64 95 7622
f 7316 6414 2169
f 6658 5388 6168
f 6769 7624 7625
f 1411 6409 7626
f 6250 6772 6002
f 6225 5670 6
f 4525 4522 5757
f 6595 2381 7268
f 9 8 1102
f 3231 4217 4143
f 7633 7634 5951
f 6679 4518 7140
f 59 6404 1410
f 5371 1382 708
f 2270 3795 2877
f 7638 1548 1409
f 6744 7595 6225
f 7551 7642 7549
f 7144 5660 7643
f 578 2869 579
f 7651 5381 7637
f 698 5473 2894
f 2838 7654 306
f 307 519 7657
f 1539 73 63
f 5138 3601 6712
f 7659 7661 7663
f 1688 1685 6337
f 7664 578 7665
f 5779 4804 5782
f 6504 5137 7341
f 4484 4722 6727
f 5265 4539 4534
f 7212 6808 7667
f 459 3871 369
f 6653 7026 7029
f 1281 5796 7671
f 3793 2886 2881
f 3758 774 1643
f 7019 7674 7682
f 1417 1418 1977
f 5680 6719 6503
f 7026 6653 6034
f 5323 5331 6883
f 6594 7256 6912
f 6708 7170 6455
f 7687 2854 525
f 2397 3757 1696
f 7688 6334 7031
f 6249 3668 6238
f 7690 7259 6591
f 6865 7692 7694
f 7278 7448 7458
f 6118 7029 6119
f 7447 6586 6615
f 6648 7335 467
f 6845 7055 4625
f 7699 6983 7703
f 7712 7697 7715
f 6644 7224 5501
f 6119 7026 6034
f 6750 7723 7312
f 7726 7179 7138
f 7727 7728 7729
f 5040 3914 807
f 6809 7087 7027
f 7619 7204 6267
f 6242 3700 6042
f 5803 5018 7388
f 7347 6489 7167
f 7731 7732 7735
f 7386 815 7306
f 7022 6263 7358
f 1418 4415 1977
f 7595 6744 6560
f 2988 2030 4816
f 6543 3664 3663
f 5133 6512 5954
f 7739 7740 5046
f 7743 7748 1286
f 7749 7750 7165
f 6201 7162 4254
f 5615 6201 6685
f 7751 7007 7625
f 2895 2897 6497
f 7634 6556 7097
f 5011 2028 2990
f 4853 5371 4854
f 4738 2312 5313
f 7753 553 740
f 532 6070 530
f 7023 6715 6716
f 7453 7011 5824
f 7436 6488 7198
f 7534 7757 7535
f 7759 5087 5078
f 6275 7760 6610
f 7761 7748 7765
f 3629 2500 1119
f 2172 4722 2170
f 5054 3903 4410
f 7767 7768 4807
f 5473 557 2894
f 7769 7770 7771
f 7287 6794 7772
f 5753 2167 2169
f 7775 7781 7546
f 5787 7783 7786
f 5391 6168 5388
f 3986 6652 3984
f 5354 5537 4253
f 7153 7430 7156
f 4413 3904 1153
f 3447 5515 40
f 1932 119 3822
f 4533 3117 2492
f 7533 7791 7793
f 5951 7794 7633
f 5953 7535 7794
f 3755 2772 2769
f 7795 7793 7792
f 7404 7633 7797
f 2378 5447 2375
f 2312 2379 5295
f 850 848 2173
f 7800 7663 1835
f 1779 2423 4796
f 7801 7236 7802
f 6237 3706 3701
f 4639 7167 4640
f 1728 4806 1328
f 3660 5650 7240
f 7167 6489 7435
f 7199 7439 7438
f 7268 6522 6596
f 7451 7443 6829
f 7805 7810 7820
f 2707 2053 2536
f 4025 4641 4023
f 7446 6616 6633
f 7728 6374 7821
f 6850 6838 7052
f 7823 7590 7828
f 6656 7087 6809
f 7831 7832 7833
f 7838 7585 6925
f 4020 3869 5132
f 6781 6776 7824
f 6741 7218 6642
f 6825 7455 7449
f 816 813 7302
f 3336 1990 4479
f 7054 6840 6637
f 6770 7317 7007
f 7846 6216 6881
f 5412 4739 1780
f 7849 6537 6535
f 6266 6208 7852
f 6266 6268 5855
f 4428 4433 6665
f 1285 6717 1284
f 1335 1334 15
f 2989 6998 5607
f 7093 5663 4852
f 5952 5951 7097
f 7549 7642 6917
f 6686 7853 7854
f 7293 7309 5375
f 6597 6716 7329
f 6033 5328 5324
f 7634 6658 6556
f 7293 7855 7309
f 7025 7558 7032
f 7856 7858 7859
f 7309 6504 7341
f 4962 7862 7863
f 2153 2298 2155
f 7435 6488 7436
f 7346 1863 4843
f 7123 6862 6711
f 7864 7865 7871
f 3560 3559 1842
f 6716 5785 7329
f 7872 7877 7779
f 7185 6594 6912
f 4854 1380 4254
f 7461 6968 6964
f 7880 6662 6661
f 5332 6463 4696
f 7171 4691 6457
f 6970 7118 7554
f 7881 7884 7888
f 6077 7253 7246
f 7550 7549 5663
f 6702 4487 5664
f 7889 7893 7894
f 6318 4022 5353
f 7151 7560 7899
f 511 7902 7592
f 7160 4475 4640
f 7151 7147 7569
f 6812 7427 7169
f 7903 7693 7904
f 7907 7908 7550
f 5981 3977 732
f 831 3838 829
f 6743 4998 5391
f 7909 7910 7911
f 2312 2310 5313
f 7913 7919 7763
f 2087 6907 7333
f 7666 6809 7920
f 7268 2381 7294
f 6824 6842 6833
f 7160 7921 4476
f 7927 7935 7940
f 6835 7466 6827
f 7067 6853 6933
f 6847 7075 6830
f 5204 2991 2810
f 7051 6630 7081
f 4634 7219 7470
f 7031 6334 6548
f 3604 336 3638
f 813 2175 7302
f 512 1657 513
f 3598 57 4617
f 7941 7942 7943
f 7160 4476 4475
f 7347 6525 6489
f 7262 7524 7061
f 7334 7944 6518
f 6596 6066 2311
f 6556 6658 6383
f 7619 6267 7616
f 7945 7340 7946
f 7237 7200 6745
f 5029 7616 5030
f 7454 2172 5620
f 7947 7948 3985
f 6496 7949 4485
f 7162 6201 6382
f 7453 7950 2800
f 7951 7952 7953
f 2897 2896 6910
f 4854 7093 4852
f 6863 5402 2801
f 3670 3706 6237
f 4530 7250 7955
f 6245 6772 6250
f 7688 6690 6689
f 7348 5810 6517
f 7957 7958 7959
f 2802 2801 5983
f 6995 5042 7213
f 696 5445 697
f 7666 7433 7397
f 3989 6001 6738
f 7261 7434 7433
f 6791 7290 6247
f 7961 7736 7962
f 7964 6558 7400
f 3990 6738 5619
f 7967 7969 7970
f 5388 7634 7633
f 7260 6690 7974
f 3477 3470 7981
f 6817 7294 2381
f 7001 7982 7002
f 7404 5388 7633
f 7097 6745 7200
f 7953 7952 7001
f 6066 5317 2311
f 6383 6384 6556
f 11 2005 1169
f 1918 1179 640
f 7983 7985 7986
f 7634 5388 6658
f 7167 7435 7168
f 7755 7989 7401
f 1546 13 1544
f 6610 6276 6275
f 6901 5857 6610
f 6905 6373 6515
f 5934 7964 7400
f 7991 7728 6511
f 61 1412 1554
f 5671 6226 7594
f 2837 308 7658
f 6522 6523 6542
f 6548 7032 7031
f 6608 7024 6602
f 7993 7995 3411
f 5356 3504 5535
f 6589 7276 6777
f 7032 6775 7025
f 7366 7361 7997
f 7835 6919 7074
f 6365 5660 7144
f 6931 8007 7072
f 6564 6574 8006
f 7106 6957 4558
f 7220 7225 6643
f 6567 6563 7721
f 7724 6754 6566
f 8011 8012 8014
f 8020 7780 7777
f 8021 2176 8023
f 7418 6539 7850
f 7393 6336 8030
f 2168 2167 6502
f 1684 1697 1647
f 8034 8041 7883
f 5289 4588 4611
f 7760 5809 8042
f 107 3115 4538
f 2897 2226 6497
f 1690 2402 1695
f 7857 8043 7311
f 6498 6500 7262
f 3757 2397 461
f 1731 1654 355
f 8044 2706 2705
f 2802 6473 2800
f 5663 7093 8045
f 5978 8044 2705
f 460 2398 465
f 6805 7438 7439
f 6275 5857 6517
f 6473 7453 2800
f 6000 1752 4484
f 6399 7632 6405
f 6917 6702 5664
f 4284 544 2370
f 4446 4438 5520
f 6334 6689 5176
f 2170 5856 2171
f 3980 32 798
f 5510 5506 6639
f 3384 6599 3393
f 8026 1683 8048
f 6779 7689 6593
f 7073 7065 7837
f 8051 8057 8059
f 2179 508 2930
f 7180 8064 8065
f 6329 5812 1613
f 428 332 521
f 8004 7472 7722
f 6935 6930 4621
f 7471 8003 4620
f 6503 5359 5680
f 7359 5379 7649
f 6261 7034 7016
f 7631 8066 8074
f 7083 7215 4632
f 8079 2803 3840
f 1784 2222 3640
f 842 3820 820
f 8085 8087 8101
f 6904 88 6902
f 8105 4386 1262
f 941 3302 4836
f 7235 8109 8114
f 8115 7728 7991
f 5408 4740 5411
f 7437 6806 6811
f 6904 8116 88
f 5050 5569 3932
f 6905 7821 6374
f 2381 2380 6817
f 6657 7454 7269
f 6910 2896 4486
f 4485 2896 6496
f 4795 7166 1780
f 8117 8118 8119
f 7502 2362 4008
f 6001 3989 6002
f 7675 8121 8126
f 3985 3984 7610
f 7409 7288 7519
f 7684 1649 6231
f 7340 7991 7338
f 4337 748 744
f 6243 6791 6247
f 6208 6266 6209
f 4851 4850 5983
f 6515 7013 6516
f 6812 7213 5042
f 7285 7515 6245
f 7348 6517 7944
f 7179 8130 6164
f 7160 7236 7801
f 7335 6648 5014
f 7756 7797 7535
f 6012 42 40
f 2987 2986 7854
f 6078 4717 4716
f 8133 8136 5936
f 8137 7555 7120
f 7272 6473 6472
f 6807 6654 6810
f 6453 6966 7463
f 6713 5387 5376
f 2422 2429 298
f 5749 4571 103
f 6252 3454 4954
f 7029 6118 7260
f 7390 6342 6341
f 8140 6893 8144
f 4962 1103 5975
f 6694 6214 5321
f 8150 8152 7129
f 8156 8159 8161
f 7122 8165 8139
f 7400 6558 6557
f 8167 8169 8172
f 4637 3314 4636
f 5374 6360 2986
f 8127 4659 8176
f 5374 6855 6360
f 5661 5658 7648
f 8184 8180 4656
f 4546 4539 5265
f 6163 5680 5679
f 2427 17 5975
f 7769 7501 8185
f 238 959 7002
f 4945 3642 2819
f 7138 6164 6163
f 7146 8186 7566
f 5769 6456 5771
f 4637 6360 6855
f 3395 5011 6200
f 7119 5770 5775
f 6711 7556 7123
f 6515 6397 6905
f 2694 1188 2697
f 2683 5208 8188
f 8191 7314 6372
f 7013 6515 6373
f 7821 6905 6512
f 8145 6700 6693
f 3040 4500 5341
f 6916 1753 6000
f 6894 6698 8143
f 8192 8193 8194
f 8195 7727 8196
f 8197 7269 7454
f 7338 8042 5809
f 6208 7023 6516
f 6686 6359 6917
f 7611 6008 8198
f 7399 7454 5620
f 8 10 14
f 5663 8045 7550
f 8199 7968 8200
f 6997 6996 7667
f 7605 7405 7990
f 8201 8202 8203
f 7249 8205 8213
f 5934 7594 7964
f 7834 6924 6921
f 2117 3885 3886
f 4716 4718 532
f 7464 6920 6927
f 7978 8214 3478
f 8221 6748 6759
f 5081 7371 7384
f 7237 6267 7204
f 6834 6920 7464
f 8224 8228 8232
f 7030 6911 7086
f 4622 8005 6932
f 6942 6740 809
f 482 2812 4905
f 6941 808 815
f 8235 8240 8244
f 7247 4526 6082
f 7548 4715 6767
f 7417 7421 7625
f 7421 7420 7751
f 7661 673 8246
f 4414 2377 5671
f 8248 7417 8249
f 6530 4158 6528
f 4485 7949 7624
f 6950 8252 8258
f 5571 5570 1753
f 6689 6334 7688
f 4710 8264 6468
f 8268 8273 8278
f 4707 4815 5059
f 8280 8282 8292
f 6467 8155 8284
f 7159 7236 7160
f 5809 7760 6275
f 7801 7921 7160
f 6511 7728 7821
f 5452 5461 6317
f 7644 5656 7561
f 8297 8299 8302
f 6887 6895 8141
f 6889 6874 6880
f 6221 7847 8266
f 4905 8308 482
f 6711 6862 6506
f 6470 4711 4709
f 6504 7309 6711
f 7138 4476 7726
f 7340 7339 8312
f 7138 4024 4023
f 8119 8118 8313
f 7150 5751 4545
f 5440 3606 2089
f 8314 8315 8316
f 8191 5028 7314
f 7974 6690 8317
f 8130 7179 7178
f 6412 4728 6410
f 8320 5929 8327
f 8191 5373 5028
f 8331 7905 7694
f 8333 3204 8335
f 8336 7767 8337
f 6915 8338 6911
f 8341 8349 8358
f 6923 7589 6926
f 6746 8363 8368
f 1750 5336 1751
f 2848 518 516
f 7158 3064 3063
f 7534 7606 7757
f 8023 2176 6859
f 7852 6208 7136
f 7633 7794 7797
f 8372 8377 8384
f 2836 7656 2847
f 5389 5388 7402
f 7794 5951 5953
f 4486 6768 6910
f 8385 8386 8387
f 8390 7620 7618
f 6491 4221 4216
f 865 886 263
f 3661 8391 6523
f 6772 6245 7515
f 7206 7096 7201
f 8392 5616 5605
f 7573 8395 8398
f 6685 5011 2990
f 8402 8405 5609
f 4254 3995 6200
f 941 707 706
f 6916 4483 7272
f 7797 7756 7404
f 5570 4052 1750
f 8406 8407 8408
f 8409 8410 8411
f 8412 8404 8415
f 2111 2122 3228
f 6542 6066 6596
f 7655 520 2845
f 7397 8418 6997
f 7415 6240 6040
f 7908 8419 7552
f 6995 6993 5043
f 7433 7666 7920
f 3897 3896 1521
f 7667 6996 7212
f 6510 6610 8042
f 6948 8422 8425
f 117 1933 5405
f 8428 7085 7181
f 7181 6911 8338
f 7766 7747 7745
f 9 1102 1101
f 6373 6905 6374
f 8429 8430 8431
f 6915 7258 8338
f 7262 7061 6498
f 329 4472 526
f 6782 8230 8110
f 8433 7266 8437
f 7183 6606 6578
f 8444 8449 8453
f 5337 2989 2988
f 6692 6710 6962
f 7467 6928 7459
f 6887 8141 7882
f 8391 8457 7581
f 8265 4708 6029
f 7130 7841 7132
f 6881 8459 7846
f 8038 7482 7478
f 8463 8114 8470
f 6350 2383 857
f 8265 6029 6223
f 5028 7136 7314
f 7586 7839 8472
f 7473 6940 7725
f 818 3818 1806
f 7164 8474 7165
f 815 7386 6936
f 7082 6626 7222
f 299 298 2428
f 7574 1545 583
f 7607 7534 7533
f 6267 5030 7616
f 6859 7007 7420
f 7495 7859 7164
f 5951 7634 7097
f 959 1171 1170
f 6496 5402 7950
f 8476 8477 8479
f 7535 5953 7533
f 7791 5953 7593
f 7795 7607 7793
f 7760 8042 6610
f 7289 8480 7518
f 5798 8485 1207
f 7920 7028 7261
f 7988 7757 7604
f 5809 6275 5810
f 7094 7161 7143
f 6769 4486 4485
f 790 792 848
f 3065 3064 8130
f 6796 7773 6793
f 7442 6473 7272
f 7964 7594 6559
f 5976 4960 4962
f 8486 700 8487
f 6795 7413 7956
f 7593 7206 7791
f 8313 8118 8117
f 7740 8488 8489
f 7027 7920 6809
f 7575 7686 523
f 4641 7342 4639
f 7427 7351 8492
f 8493 8115 7945
f 8497 8504 8507
f 8509 8511 4000
f 7156 5750 7148
f 6686 7854 8513
f 8515 8520 8526
f 6855 5374 5376
f 7309 7855 7557
f 5010 4809 4808
f 8531 3865 3856
f 7441 8532 8533
f 8534 7869 8537
f 8540 8547 8553
f 8135 5648 5937
f 8554 8555 8556
f 6963 6709 7462
f 3660 7268 4729
f 3306 7653 2840
f 8162 8558 7536
f 8560 8565 8569
f 6696 5326 6704
f 4840 1862 1867
f 7821 6512 6511
f 8574 8575 6519
f 3305 2839 1442
f 7135 6876 6875
f 7848 6222 6213
f 7881 8140 8144
f 6573 8578 8063
f 856 4574 6352
f 1303 1453 1297
f 6575 6568 8576
f 7720 6939 7313
f 7305 8022 7851
f 5534 3248 4492
f 6745 6268 7237
f 6860 2175 5296
f 8172 8169 7406
f 6414 4865 5754
f 7593 5953 5952
f 5030 6266 7852
f 8579 8580 8581
f 7398 6739 6006
f 7610 8197 7454
f 7610 7611 3985
f 6542 6069 6066
f 4716 7545 6078
f 8582 8583 8584
f 3271 5446 5125
f 2014 630 5226
f 7139 6684 6678
f 7506 7284 7410
f 5618 8477 8476
f 2896 2895 5401
f 2676 626 624
f 7094 7093 4854
f 2883 3800 3792
f 8587 8596 7352
f 2021 5225 4577
f 8601 8606 8614
f 8213 6801 7249
f 1334 3448 6717
f 8617 8135 8131
f 8617 5649 5648
f 7517 8482 8620
f 6795 7956 7251
f 6663 6662 7880
f 8621 8622 8623
f 8624 8319 3459
f 5664 4487 5665
f 7272 6472 6916
f 1660 7592 2086
f 7400 6557 7403
f 3622 4352 4360
f 4483 6916 6000
f 8633 8638 8643
f 6413 5671 7594
f 5073 5084 3887
f 7562 8516 8646
f 5460 5264 5258
f 7645 8648 7145
f 7158 5680 6720
f 7181 8649 8428
f 3853 4807 7768
f 7531 2491 7528
f 7726 8313 8650
f 7558 7025 7184
f 7610 8651 8197
f 7397 7260 7974
f 8198 3985 7611
f 7510 6771 7513
f 7270 4482 6727
f 7057 7060 6280
f 8653 7181 8656
f 1682 6085 8046
f 6727 6657 7270
f 2928 6897 8658
f 6922 6837 7077
f 8471 7840 8054
f 471 592 464
f 7020 7683 6235
f 1907 2525 3988
f 7238 8661 6376
f 8418 8317 7688
f 8662 6565 6753
f 7069 8055 7836
f 8664 8576 6568
f 2137 2135 4244
f 3523 4192 3419
f 8137 7111 7110
f 7307 7301 2177
f 8666 7010 7009
f 7533 5953 7791
f 2175 2174 5050
f 7884 8036 7888
f 7844 7125 8153
f 5809 5808 8667
f 8671 8672 8673
f 7237 6268 6267
f 7349 7348 7944
f 7116 374 4789
f 4729 7294 4727
f 5133 5132 6901
f 7238 6375 556
f 40 39 3447
f 7620 8390 7207
f 6512 5133 6510
f 8674 6372 6374
f 1312 2232 2925
f 7140 7139 6678
f 1562 1628 1214
f 7728 7727 8674
f 6910 3663 3954
f 5441 6906 5442
f 4850 5571 6473
f 8212 8207 8678
f 8622 8621 7802
f 6688 6687 6663
f 5663 5665 4852
f 4807 3853 3852
f 8336 8682 8683
f 5827 8193 8192
f 8684 8685 8411
f 42 8686 4960
f 8683 8687 8336
f 8688 2373 8689
f 8654 8690 8697
f 303 7653 3306
f 8698 8699 8703
f 8586 8704 8592
f 8645 8711 7563
f 7826 8717 7825
f 7066 6571 8061
f 8234 8717 7826
f 7556 8139 8165
f 8197 8651 7269
f 8713 8718 8726
f 6316 6719 6718
f 8732 8734 8738
f 8225 8060 7297
f 7180 8650 8117
f 4476 7921 7801
f 7509 7507 7973
f 7968 8619 8200
f 8628 4950 5575
f 3796 2269 2888
f 8618 7522 7516
f 1780 7166 5412
f 3662 3661 6523
f 5327 7174 6703
f 3101 7107 6956
f 8743 8747 8752
f 8142 6691 6965
f 6878 6220 6888
f 4158 675 3558
f 8757 8765 8770
f 6871 7477 7127
f 8771 7240 5650
f 4706 5060 6028
f 8772 8776 4613
f 8581 8580 5373
f 7608 8673 8778
f 7604 7757 7606
f 8650 7180 7726
f 4563 2385 4550
f 8781 8196 8782
f 5030 7852 7136
f 5618 8783 8477
f 7535 7797 7794
f 8785 8786 8474
f 7401 7989 7407
f 7790 7205 7796
f 7796 8787 8788
f 8790 8249 7417
f 8791 8792 8795
f 3437 8798 8804
f 5399 8805 8807
f 5319 5316 2310
f 2087 7333 2089
f 8812 8814 8818
f 7540 7985 8824
f 4518 8826 4520
f 6688 8045 4517
f 3966 297 574
f 8827 8828 8830
f 7011 7442 7012
f 8833 7867 7866
f 7131 8458 6879
f 7553 8836 8828
f 6505 5775 5135
f 2384 2383 6350
f 7397 7974 8418
f 5976 2425 1332
f 8622 7802 7236
f 8837 7293 8838
f 7159 4640 7168
f 8839 8840 8841
f 8130 8842 8843
f 8845 8849 8852
f 8856 8857 8866
f 7086 8428 7031
f 6870 8868 7475
f 8622 7351 8490
f 7944 6517 6518
f 6008 7611 7399
f 4157 5125 1451
f 6510 8042 7338
f 6592 7182 6579
f 8870 8871 8408
f 7454 7399 7610
f 7523 8619 7968
f 5442 557 1315
f 7514 7284 7506
f 3267 4002 3268
f 5934 8166 5935
f 8329 7041 7049
f 8200 8619 8822
f 6411 5937 5648
f 8817 8620 8482
f 8428 7086 7085
f 8115 8781 8872
f 8473 8052 7830
f 2179 739 508
f 7524 7262 7525
f 7296 7295 8368
f 6572 7070 8008
f 8229 8717 8234
f 7822 8716 6782
f 8457 7240 8771
f 7313 6939 7385
f 8873 5610 5616
f 7298 8665 6747
f 8876 8464 8467
f 4715 5318 6068
f 7727 8782 8196
f 6372 5373 8191
f 3271 5125 4158
f 8666 8880 8881
f 6897 2928 2232
f 5613 5611 6683
f 8129 8178 8885
f 8788 8787 8201
f 7850 8021 8023
f 3695 3693 3863
f 8888 8616 8706
f 8894 8895 8790
f 6769 7625 7317
f 7536 7540 8824
f 7205 8389 7796
f 7363 6265 5378
f 8018 6079 7781
f 7001 7952 7982
f 8899 8091 8900
f 7950 5402 6863
f 8907 8912 8896
f 8590 7367 8002
f 2524 342 2920
f 8916 8922 8925
f 7442 7272 7012
f 8679 8929 8934
f 7551 7550 7908
f 8937 8940 8941
f 7567 7647 7559
f 7629 8944 1415
f 8945 8954 8956
f 6363 8959 5471
f 4540 8187 7149
f 6718 5680 7158
f 8964 8969 8970
f 8513 6360 6686
f 8065 8842 8130
f 7678 8049 6087
f 2987 7854 7853
f 2986 6360 8513
f 8062 8577 8663
f 4492 9 1101
f 7340 7945 7991
f 8165 7122 7123
f 8428 8418 7688
f 8533 8974 8975
f 8978 6392 6386
f 8983 8984 8985
f 3492 6493 4213
f 8782 7729 8872
f 1522 3893 3473
f 8215 7975 8986
f 2125 4247 1512
f 8995 3832 8397
f 8674 8195 6372
f 6709 6707 7462
f 7420 7417 8248
f 9005 9009 9020
f 9024 8037 9026
f 8193 7272 6532
f 9030 8194 7271
f 9031 8167 8172
f 5936 6413 5934
f 7608 7607 9032
f 9032 7607 7795
f 4727 5650 3660
f 7408 8166 5934
f 9035 6536 9038
f 7163 7165 5808
f 3317 6272 3694
f 7972 7521 7965
f 7624 7949 8894
f 2771 3756 679
f 579 584 577
f 9041 9044 8816
f 8822 8199 8200
f 6799 9050 9053
f 8791 9056 9057
f 8826 4518 6679
f 6659 9058 7879
f 9059 9060 9061
f 9058 6660 8825
f 6765 7874 7776
f 7776 7547 6765
f 7549 5664 5663
f 6532 6531 4482
f 5012 5010 6414
f 3688 2767 3855
f 9064 7767 1729
f 2985 9065 8838
f 5455 8960 5461
f 5454 5453 5464
f 9066 9067 9068
f 7726 7801 8313
f 7271 8194 4482
f 6727 4722 6657
f 7511 9069 8198
f 8937 9071 8623
f 9072 9073 9074
f 7180 7179 7726
f 6971 6967 7121
f 2884 2891 1839
f 9075 9076 9077
f 9016 9081 9003
f 7827 8050 8231
f 8056 8052 8473
f 6530 3803 8246
f 7490 9088 9090
f 6563 8009 7721
f 7300 8062 8663
f 6756 7385 7304
f 3441 9091 3434
f 8286 9095 8290
f 7843 8155 6467
f 7351 8622 8492
f 9096 8474 7858
f 848 1664 2173
f 6529 1306 3799
f 7115 4709 4714
f 6937 7216 6742
f 6994 6997 8316
f 7920 7261 7433
f 1185 4127 7343
f 9097 9098 7962
f 58 9099 9100
f 4714 4711 6470
f 9034 9103 8441
f 5029 5373 9107
f 6511 6510 7991
f 5808 7165 7750
f 6684 7139 6380
f 7793 7607 7533
f 7453 6473 7011
f 9108 9109 7010
f 6663 4519 6660
f 7457 7588 7280
f 8196 8881 8195
f 7608 9032 8673
f 9110 8192 9111
f 9112 6663 7880
f 7876 8926 8016
f 8312 7339 8667
f 8167 9031 8156
f 8780 8158 8171
f 9113 9114 9115
f 6677 8405 8402
f 8156 9031 8159
f 6687 4519 6663
f 1658 5815 2926
f 8674 6374 7728
f 9116 9117 9118
f 7974 8317 8418
f 8312 8667 7750
f 7551 7908 6857
f 9119 9120 7947
f 7495 7494 7311
f 6873 6891 8869
f 9083 7492 9126
f 9128 9136 9140
f 7911 9144 7909
f 8012 9145 9146
f 8536 8848 9147
f 8165 7123 7556
f 9149 9150 9151
f 7422 2942 7530
f 8712 8370 8434
f 9157 9160 9168
f 7179 6164 7138
f 8144 7884 7881
f 7946 7332 7945
f 6720 8130 7158
f 7750 8667 5808
f 8621 9071 7802
f 7178 7180 8065
f 7842 8460 7134
f 9169 9170 8785
f 8313 8117 8650
f 7986 9172 7983
f 8117 8064 7180
f 9174 2491 7531
f 8773 7713 9179
f 8843 8842 8065
f 7728 8872 7729
f 9181 8816 9044
f 9183 9186 9042
f 9188 9191 9193
f 9194 9108 8666
f 9195 9197 9200
f 7947 3985 8198
f 7999 7650 8911
f 9120 7948 7947
f 9204 8589 8000
f 6955 7105 4554
f 8595 9208 9214
f 8705 9203 8891
f 5464 5453 6718
f 56 9216 4617
f 7240 8391 3661
f 7294 4729 7268
f 9217 7961 9218
f 8708 8615 8607
f 9219 9212 9209
f 4617 9216 5145
f 97 191 4252
f 7061 5337 7316
f 6997 7666 7397
f 6913 7558 7184
f 7013 6373 7314
f 8895 7426 8248
f 6497 6361 5401
f 7772 8481 7287
f 9052 9051 8811
f 8779 8170 7609
f 7078 6836 6831
f 9226 9230 9234
f 4528 7954 7412
f 8058 8053 7068
f 7998 7359 7649
f 9238 9242 8469
f 3388 2763 2394
f 5827 7012 8193
f 5928 3829 8330
f 1729 1726 9064
f 7625 7007 7317
f 7353 8123 7018
f 8490 8623 8622
f 8317 6690 7688
f 1103 2427 5975
f 1644 1640 6234
f 8651 9249 7271
f 8315 7315 9250
f 9251 2237 9252
f 7181 8652 8314
f 7688 7031 8428
f 9030 9249 9253
f 9254 9255 9256
f 6002 7000 6250
f 3986 7948 9257
f 9119 7947 9258
f 8195 8674 7727
f 9054 8810 9261
f 444 4492 3248
f 8822 9180 8199
f 6588 6582 7273
f 7991 6510 7338
f 8881 9262 8579
f 9264 6790 7230
f 8109 6786 6784
f 9266 8409 7582
f 8223 7299 8365
f 9267 9268 6230
f 6339 1686 8027
f 7829 7586 8472
f 4556 4230 4227
f 6686 6917 7642
f 7854 2986 8513
f 9115 9170 9113
f 8782 7727 7729
f 6767 4715 6068
f 9269 9270 7941
f 8021 7303 2176
f 9275 1272 1282
f 6088 1645 7681
f 8838 9065 8837
f 8124 7356 8593
f 9278 9279 7951
f 237 239 13
f 9036 8442 9280
f 2088 2086 7592
f 7110 9282 9148
f 7801 7726 4476
f 7778 7878 8016
f 9107 7616 5029
f 9286 9289 9294
f 7264 9296 7262
f 8132 8168 8157
f 7584 9300 9301
f 6767 9303 6762
f 9304 9305 9308
f 1144 5076 5055
f 9309 9313 9320
f 7487 9322 7474
f 3889 5051 5077
f 9023 7485 8040
f 6900 373 7114
f 7758 7980 6814
f 8686 42 6013
f 5617 2989 5606
f 8163 8132 8157
f 6684 6380 5614
f 9043 8814 8812
f 7566 8186 4541
f 9327 7553 7552
f 7648 5658 5657
f 8439 7431 7152
f 8672 8778 8673
f 8788 8668 7796
f 9328 9329 9330
f 9332 9334 8248
f 7154 7898 8436
f 7781 6079 7546
f 8172 8160 9031
f 7408 5934 7400
f 7012 7272 8193
f 5827 5824 7012
f 9335 9336 9340
f 7145 8648 4546
f 7497 9343 9345
f 8927 9346 8209
f 7246 6084 6077
f 7406 8169 8167
f 4542 8648 7645
f 7903 7906 2132
f 4482 8194 6532
f 3985 7948 3986
f 9119 9258 8583
f 4837 3303 1439
f 8481 7772 8823
f 6990 1450 1438
f 8617 8131 8164
f 8170 7604 7609
f 5647 4728 6412
f 9351 9354 5979
f 9359 9360 9361
f 4023 4641 4475
f 736 7754 738
f 7582 8457 8771
f 7268 3660 3662
f 9115 7946 7749
f 8196 8781 9194
f 8315 9250 8316
f 9362 9363 9364
f 8937 8623 8491
f 5048 5044 7963
f 555 557 5442
f 8941 8119 7802
f 9108 8781 8493
f 5473 5445 804
f 8119 8313 7802
f 9366 9368 9369
f 9371 8117 8119
f 6530 675 4158
f 9097 9372 9217
f 6541 6766 6069
f 7168 7427 7236
f 9375 9376 9027
f 5412 4795 9378
f 8435 7900 8710
f 8975 9145 8837
f 7524 5618 5607
f 3853 5057 3854
f 6540 9281 8220
f 1327 1329 3854
f 8428 8649 8314
f 9380 9057 9056
f 7624 6769 4485
f 8677 9348 8930
f 9381 8389 9305
f 7691 8692 8339
f 2688 9382 4223
f 6967 6452 7121
f 6776 7282 7587
f 3252 822 9378
f 8667 7339 5809
f 9386 9387 9111
f 2303 3375 19
f 6917 5664 7549
f 8233 8051 8059
f 8228 8224 9393
f 3967 4910 3966
f 7270 7269 8651
f 8193 6532 8194
f 9394 9395 9399
f 8148 7124 9323
f 5470 5454 5464
f 5471 5651 6363
f 9401 9411 9412
f 4289 4555 4225
f 5745 105 5852
f 557 804 54
f 9415 9424 9429
f 8410 8409 9266
f 9433 9434 9435
f 7987 7539 9173
f 9436 9437 7909
f 829 1350 830
f 9438 9439 9440
f 9442 7740 9190
f 7853 6686 9443
f 6652 8651 3984
f 7890 7895 9445
f 9446 9447 9448
f 7538 7536 8558
f 8807 2088 7902
f 7440 8840 8532
f 9452 9453 9455
f 9381 8787 7796
f 9458 9072 8119
f 6595 2313 2381
f 9460 9463 9464
f 9465 9466 9468
f 9374 9469 9476
f 8233 8059 8222
f 8763 9094 8283
f 8865 9141 8853
f 8391 7240 8457
f 8982 9477 7577
f 9390 8226 8367
f 9478 9391 8366
f 8867 6887 7882
f 7887 8039 7481
f 8440 7901 8432
f 9484 9485 9488
f 9489 8454 9496
f 8821 9260 8813
f 8408 8583 8582
f 7966 9181 9500
f 9046 9506 9508
f 8115 7991 7945
f 5610 9514 8401
f 4162 4125 3417
f 8417 9325 8414
f 9108 8493 9109
f 5011 6201 6200
f 8312 7946 7340
f 4519 6687 4517
f 7314 7136 7013
f 7550 8045 6688
f 7350 7163 5808
f 7351 5049 8490
f 9515 9516 9517
f 9521 9522 9531
f 8897 8892 8906
f 9532 9541 9546
f 8913 8089 8898
f 9553 8602 8613
f 9071 8621 8623
f 7494 7349 4713
f 7441 7440 8532
f 7740 8489 5046
f 9558 9145 8975
f 8604 9220 9207
f 7226 7235 8114
f 9366 9559 9368
f 238 237 958
f 5373 6372 8195
f 5042 6995 5043
f 8146 8844 8851
f 8109 7235 6786
f 8651 6652 7214
f 8314 9560 9561
f 7485 9023 9563
f 9087 8759 9089
f 7635 5382 1549
f 8316 9250 6994
f 9027 9376 9564
f 9565 9377 9122
f 9567 9097 9560
f 8696 8653 8656
f 9190 7740 9569
f 9570 7962 7315
f 9564 9025 9027
f 9184 9571 9501
f 9577 5576 4278
f 6860 5296 6543
f 9323 7486 8148
f 8198 9580 7947
f 8769 9584 9587
f 7422 4417 2180
f 7947 8584 9258
f 8316 8418 8314
f 7058 7532 2944
f 5209 3045 5343
f 8373 7266 8433
f 8316 6997 8418
f 746 2262 1077
f 9594 9017 9596
f 8023 6859 7420
f 7625 7624 8790
f 8703 8699 9600
f 6499 2166 7428
f 9305 7618 9308
f 7267 6501 8438
f 7164 7163 7495
f 9602 9381 9305
f 9604 9519 9611
f 9206 8598 8603
f 7355 7364 8585
f 9074 9073 8065
f 8476 8392 5618
f 8815 9180 8822
f 3387 2388 3098
f 7142 7162 6382
f 9615 9620 9623
f 9624 9628 9634
f 4659 8127 9641
f 8016 7878 7876
f 9643 7497 9644
f 8115 8493 8781
f 7141 6380 7139
f 8931 7873 8932
f 7391 7387 6340
f 9194 8781 9108
f 7769 3065 9645
f 1545 1556 1546
f 9329 7949 6496
f 8162 8158 9648
f 7405 7605 8173
f 9387 9650 5820
f 7271 9249 9030
f 9074 8117 9371
f 9371 8119 9072
f 6435 6443 9652
f 8828 8827 9438
f 6858 9653 9436
f 7862 4962 4961
f 8974 9447 9558
f 6490 4184 4242
f 5650 4727 5648
f 7541 7537 8669
f 7334 6518 6899
f 1439 9654 4837
f 7557 8837 8012
f 8672 9647 8778
f 6542 6596 6522
f 7109 8845 6970
f 9656 9657 9658
f 7110 7555 8137
f 9660 9253 7214
f 9652 6443 9662
f 9666 9668 9673
f 7349 7944 7334
f 8198 9069 7970
f 8846 8031 8850
f 9580 7970 8582
f 9324 7126 7476
f 7506 7410 7522
f 7480 8867 7886
f 9602 8787 9381
f 2834 2846 2858
f 1285 4751 42
f 7968 8199 9180
f 2026 2855 2024
f 9678 9680 9685
f 7489 7484 9566
f 7378 7373 8988
f 2678 4028 3048
f 5080 5075 3563
f 5085 3892 3891
f 7758 6814 5083
f 7967 9571 7969
f 9568 7737 7960
f 8580 9686 9687
f 8248 9486 9483
f 7165 8474 8786
f 9254 9688 9689
f 9441 9690 8938
f 9691 9692 9693
f 9696 9704 9707
f 9713 9717 9722
f 823 843 819
f 6758 6756 7304
f 5407 825 113
f 7061 7316 6498
f 9726 9728 9734
f 8217 9246 6752
f 9479 8369 9236
f 9736 8941 9269
f 8492 7236 7427
f 2687 9394 9399
f 2675 2691 4582
f 9740 9741 9743
f 8895 8894 7949
f 8204 9347 8681
f 8447 9493 9745
f 6533 6540 8220
f 8079 2804 2803
f 8392 5605 5618
f 7617 7616 9107
f 7581 8457 7582
f 4000 9750 3839
f 4518 7095 7140
f 8130 6720 6164
f 9570 9561 9097
f 622 1996 3032
f 4518 4517 7093
f 9751 6762 9303
f 7332 9114 7330
f 4517 8045 7093
f 6663 9112 8419
f 2929 2925 2232
f 3284 9755 3399
f 9756 5825 5823
f 7907 7550 6688
f 9645 8130 8843
f 9326 7879 8413
f 2233 1310 2918
f 8339 7257 7691
f 827 5404 5410
f 9360 9759 9760
f 8194 9030 9253
f 625 4584 628
f 9761 7440 9762
f 6651 3986 9257
f 9763 9764 9765
f 9766 9767 9770
f 9771 9774 9775
f 4546 5265 7145
f 9257 9335 9776
f 5466 5654 5472
f 1348 3597 3265
f 6789 7689 6779
f 553 1219 499
f 2129 677 676
f 5399 6908 8805
f 8839 8429 8840
f 9777 9778 8843
f 9240 8360 9248
f 7853 7440 2987
f 7441 2985 2987
f 9779 9780 9781
f 7768 7767 2066
f 7293 8837 7557
f 6911 7558 6913
f 9782 9777 9783
f 9558 9447 9446
f 5030 7136 5028
f 9145 8012 8837
f 7293 5374 2986
f 6377 6376 9785
f 9371 9072 9074
f 3967 790 5299
f 7419 9786 9483
f 7351 6812 5042
f 9693 9787 9372
f 5297 4845 5755
f 8734 8732 9791
f 8119 8941 9458
f 9561 8315 8314
f 9648 8158 8780
f 6526 5534 4492
f 9792 9793 9794
f 8146 8851 8032
f 9072 9458 9736
f 9795 9796 9798
f 9582 8768 8761
f 7886 8867 7882
f 8370 8712 9801
f 8248 9786 7420
f 8759 8147 9089
f 8669 7537 9646
f 9301 6766 6541
f 8636 8680 9806
f 4486 6769 6768
f 7265 8371 9297
f 7452 9330 7950
f 8372 8384 7526
f 8015 8206 7254
f 9807 8880 8666
f 8370 9801 8378
f 8579 8581 8881
f 2893 556 9808
f 6381 7142 6382
f 8135 8617 5648
f 8872 7728 8115
f 9813 9818 9827
f 9664 7857 9829
f 2893 3507 2894
f 9830 9792 9831
f 6663 7907 6688
f 9687 9056 9832
f 7528 2491 2488
f 8419 7907 6663
f 8786 7749 7165
f 9835 8617 8162
f 9073 9836 8065
f 7236 8492 8622
f 2310 2313 6595
f 7875 6764 6761
f 9837 9842 9851
f 6526 7001 5534
f 9853 9855 6438
f 8410 9266 9858
f 7255 6076 8019
f 9865 8854 9134
f 6364 5653 5659
f 9257 7948 9120
f 9868 9870 9871
f 6651 9873 9660
f 6007 6771 7510
f 9120 9119 9876
f 8198 7970 9580
f 9877 9068 9878
f 8871 8583 8408
f 9879 9447 9880
f 1830 834 9881
f 8488 7740 9442
f 9886 9894 9896
f 1528 9903 9908
f 8581 5373 8881
f 9216 6903 5145
f 9602 9305 9304
f 9910 8203 9267
f 7617 9107 8580
f 3398 9754 2289
f 9569 7740 7738
f 9304 8202 9602
f 8390 7618 9305
f 9911 9251 9912
f 7802 9071 8941
f 7331 9109 8493
f 9913 9914 9915
f 9690 9441 9189
f 7581 6541 8391
f 4245 2136 4241
f 9808 556 6375
f 9916 9191 9188
f 1515 1164 1519
f 8881 8196 9194
f 4214 3256 3490
f 9467 9918 9922
f 9924 9926 9921
f 7621 6407 62
f 5936 5935 8133
f 9929 9467 9931
f 8285 6471 6469
f 9082 9583 8766
f 5078 7383 7979
f 9266 8771 5649
f 9924 9934 9935
f 3471 6815 7976
f 58 57 9099
f 9181 9044 9500
f 9256 9936 9937
f 4250 4249 4514
f 9938 9940 9945
f 9333 9948 9485
f 6375 6379 9808
f 6343 6650 1691
f 9949 9951 6011
f 7349 7495 7163
f 8902 8080 9954
f 8787 9602 8202
f 2540 7187 9959
f 6858 6857 7552
f 7623 96 89
f 7640 9966 8909
f 8083 8903 8093
f 8915 7652 7641
f 8413 7879 6682
f 7587 7824 6776
f 8108 8227 9392
f 9970 9980 9983
f 9989 8086 9964
f 8220 6758 6533
f 673 6530 8246
f 6496 9330 9329
f 1842 3559 3558
f 8361 9239 8364
f 9991 9993 9995
f 8368 7295 6746
f 5801 5799 5019
f 8670 9173 7539
f 9205 8001 8904
f 9998 10001 9746
f 9443 6686 7642
f 5827 8192 9110
f 8609 8591 8709
f 9438 8827 9439
f 8692 8655 8339
f 9747 9492 8877
f 7086 7031 7030
f 9762 7853 9443
f 9690 10003 8940
f 9442 8939 8488
f 9762 9443 7909
f 8786 9170 7749
f 7849 6535 7308
f 8599 9213 9642
f 2892 2887 3797
f 9111 8194 9253
f 8707 8588 9201
f 8941 9071 8937
f 10004 10005 10006
f 4669 10008 8181
f 8941 8940 9270
f 10014 9639 9215
f 9270 9269 8941
f 10020 10022 10028
f 8940 8938 9690
f 9210 9223 10033
f 9638 10015 4658
f 10038 7579 10041
f 1689 6649 2401
f 3064 7158 8130
f 5019 5799 7056
f 8838 7293 2986
f 7557 7855 7293
f 8688 10043 10047
f 7749 9170 9115
f 7665 7006 10048
f 6749 9244 8362
f 8032 7885 8146
f 7008 9807 7009
f 8787 8202 8201
f 10049 10051 10052
f 10053 10054 7004
f 4233 5230 2681
f 7207 7203 7620
f 519 307 430
f 9073 9072 9151
f 8673 9032 7795
f 9266 5649 9858
f 7574 1346 1545
f 8771 5650 5649
f 1780 4739 1782
f 9499 9045 9186
f 9259 8819 6797
f 7420 7007 7751
f 6797 9055 9259
f 8646 8516 8524
f 674 673 7659
f 7263 9295 7527
f 9333 9331 10055
f 8580 9107 5373
f 4602 4591 9022
f 7527 9295 8374
f 8639 10061 8631
f 8820 7774 6798
f 10062 10063 10066
f 8476 8479 10069
f 7544 10072 7542
f 7950 6863 2800
f 10073 10074 10075
f 10077 10079 5393
f 8932 10084 6446
f 10086 8829 10088
f 8785 8474 9096
f 6857 7908 7552
f 9200 10089 8407
f 9858 5649 8617
f 5471 8959 5456
f 3065 8130 9645
f 2086 3987 1660
f 8651 7610 3984
f 8407 9199 10090
f 9834 10091 9306
f 7971 9070 7508
f 7796 8389 9381
f 9877 9878 10092
f 6897 1841 8658
f 10002 9559 9366
f 8203 8202 9267
f 8582 10093 10094
f 10095 10096 10098
f 9561 9560 9097
f 9858 10099 8824
f 8789 9173 8670
f 10100 10101 10102
f 1891 2422 298
f 10103 10104 10106
f 10107 6036 10110
f 9065 7441 8533
f 7315 8315 9561
f 7961 7962 9098
f 10111 10113 10114
f 8162 9648 8558
f 10115 8429 8431
f 10117 10124 10127
f 9171 8788 8203
f 7962 5045 7315
f 8824 9835 7536
f 9150 7943 10132
f 9269 9149 9736
f 8637 8634 9228
f 8112 8107 9480
f 10134 10136 10142
f 8113 9482 9241
f 8711 7897 7563
f 8579 9686 8580
f 6526 1101 5413
f 7525 8783 5618
f 7315 6994 9250
f 10001 9245 9746
f 9474 10145 9125
f 9121 9376 9375
f 8287 8151 8760
f 10148 10154 8462
f 9113 9170 9169
f 7421 7751 7625
f 556 555 7238
f 10070 5610 8873
f 10070 9514 5610
f 10156 10157 10159
f 6466 8263 7845
f 7344 4125 3263
f 7950 7453 7452
f 8479 8477 10162
f 7330 7008 9109
f 8844 6964 6969
f 6682 9058 8825
f 6660 4519 8825
f 6788 7234 7229
f 7957 8385 8388
f 10163 10164 10166
f 9109 7331 7330
f 10168 10169 10044
f 9473 9471 9860
f 9269 9150 9149
f 9761 7909 9144
f 9340 10170 9776
f 8856 9863 8857
f 3009 1350 1336
f 8737 10172 8731
f 9282 8534 8537
f 8762 8154 8149
f 9089 8147 7488
f 10048 7664 7665
f 10173 10174 10175
f 5145 4248 4994
f 8844 8146 6964
f 8721 8524 9402
f 5655 8518 7565
f 10176 10177 9769
f 9029 10178 9373
f 6541 6523 8391
f 9466 9918 9467
f 5808 5810 7350
f 9953 8889 8901
f 10179 10180 9200
f 9186 9045 9042
f 9303 6767 9302
f 4252 191 383
f 7973 7507 7520
f 8843 9783 9777
f 8605 8597 8608
f 8843 9778 10181
f 9580 8584 7947
f 10182 10183 10184
f 10185 7985 7984
f 4667 10191 10007
f 10199 10201 10207
f 1474 2073 6204
f 9306 10091 10213
f 8117 9074 8064
f 1517 10214 1524
f 9370 9367 10216
f 958 1171 959
f 7942 9366 10132
f 10181 9778 9777
f 671 10217 672
f 8202 10213 9268
f 8873 8475 10070
f 9151 9072 9149
f 6382 6201 5615
f 10218 9359 10219
f 4248 5145 4514
f 9736 9458 8941
f 8781 8782 8872
f 10132 9151 9150
f 8683 10221 8687
f 8438 6501 7429
f 3852 3854 4806
f 10223 9325 8417
f 7767 4807 1729
f 8557 9646 7537
f 8939 8489 8488
f 7552 8419 9112
f 1137 2106 4363
f 9217 10224 9916
f 7642 7551 6857
f 9098 9097 9218
f 9234 8210 9226
f 1113 2480 1108
f 6816 3894 5086
f 7979 7759 5078
f 9443 7642 6856
f 4960 8686 4961
f 8533 8975 9065
f 7452 5826 9758
f 7426 9329 7424
f 9804 8675 8936
f 8211 9235 9050
f 8612 9952 8081
f 8192 8194 9111
f 7985 7540 7986
f 8824 10099 8617
f 9059 9386 9874
f 7575 2023 7686
f 5821 5827 9110
f 5373 8195 8881
f 8693 7689 6789
f 8108 9392 9481
f 10225 10113 10111
f 9301 6541 7580
f 7768 2062 3853
f 7850 8023 7418
f 9281 6536 9035
f 6536 9281 6540
f 8610 8082 9555
f 8332 7692 10227
f 9518 9529 9610
f 10229 9283 5348
f 9643 10236 10237
f 9408 10238 8724
f 5464 3065 8185
f 4961 9949 2372
f 5022 466 7336
f 7501 5464 8185
f 10017 9211 10034
f 9637 8120 8594
f 4662 10016 10036
f 9760 9877 10240
f 10003 9270 8940
f 8065 8064 9074
f 9877 7770 10240
f 7801 7802 8313
f 9516 9515 10241
f 9460 10243 10216
f 10246 10248 10253
f 8174 10255 8882
f 9369 10261 9366
f 2832 6991 1441
f 8281 6471 8285
f 8177 2949 10260
f 10224 9463 9191
f 1280 7668 10263
f 9777 9782 10266
f 9936 10267 9794
f 10269 4836 4838
f 10272 10278 10160
f 7332 8493 7945
f 8010 7556 8013
f 10279 10280 10281
f 9836 9361 10266
f 8138 9790 7113
f 8468 10000 9997
f 9783 8843 8065
f 7231 7226 8463
f 10000 8468 9243
f 7331 8493 7332
f 10283 10284 9372
f 9170 8786 8785
f 853 267 2016
f 9937 8880 9807
f 9948 9488 9485
f 7736 5047 7962
f 9927 10178 9029
f 9483 9786 8248
f 7833 9114 7831
f 9925 8859 9469
f 9124 10146 9084
f 10286 10289 10292
f 9327 10222 10088
f 5935 8166 8134
f 9231 9504 9232
f 10293 10296 8235
f 9739 9048 9507
f 7452 9758 8387
f 6496 7950 9330
f 9687 9686 8579
f 9762 7440 7853
f 10213 8202 9304
f 8385 7957 9328
f 10297 10091 6227
f 10299 9338 9876
f 9647 8672 8671
f 9268 10213 10298
f 9059 9874 9060
f 7214 9249 8651
f 9857 9854 7891
f 4910 10300 1890
f 9509 9741 9740
f 6228 10302 10303
f 6230 9268 10298
f 8198 6008 7511
f 7969 8582 7970
f 8408 8407 8870
f 10304 10305 10306
f 8652 10307 9560
f 4605 6600 3386
f 8507 8504 10308
f 9517 9516 9151
f 10095 10311 2925
f 7962 9570 9097
f 10316 10322 10326
f 8463 7226 8114
f 10095 10098 10311
f 8462 10154 7228
f 10330 7957 10331
f 7941 9270 10003
f 8466 8111 9237
f 9038 10333 9035
f 9306 10213 9304
f 7544 7958 10072
f 2088 8805 6908
f 10334 10335 10336
f 7542 10072 8925
f 2926 5815 1313
f 7941 10002 7942
f 2090 1886 4416
f 9267 8202 9268
f 9253 9249 7214
f 8314 8418 8428
f 10337 10338 10339
f 9918 9077 10341
f 9123 7493 9562
f 10144 9475 9859
f 8475 5616 8392
f 9515 9517 10133
f 8758 9137 8288
f 8380 9802 8722
f 8409 7583 7582
f 7896 8685 10342
f 8582 8584 9580
f 6682 7879 9058
f 9182 9043 9047
f 9572 10344 10179
f 7908 7907 8419
f 9047 9043 8812
f 7002 959 5534
f 9344 9342 8969
f 2893 9808 2235
f 10347 10356 9621
f 9438 9436 9653
f 10360 10366 7192
f 10369 10370 10371
f 9854 9298 7891
f 10373 9793 9380
f 10374 10048 7006
f 9256 9255 9936
f 6379 2235 9808
f 10375 8430 8839
f 7330 9114 7833
f 1289 10104 10103
f 9361 9360 10266
f 8429 8533 8840
f 7749 8312 7750
f 8840 7440 8841
f 9372 10307 9693
f 9218 7961 9098
f 9690 9559 10003
f 10216 9193 9191
f 9367 9193 10216
f 2231 2234 6897
f 4960 1285 42
f 9368 9559 9192
f 10113 10225 10376
f 9937 7832 9256
f 9644 7498 7496
f 10378 10380 9057
f 238 7006 7665
f 10170 10384 9875
f 4961 2372 7861
f 9937 9807 7832
f 10385 10386 9879
f 8583 9258 8584
f 6521 10387 9146
f 10388 10389 10390
f 9709 9318 9694
f 9148 9282 8537
f 9146 10387 8014
f 6782 8716 8230
f 9113 9169 10391
f 8139 7556 8010
f 10392 10393 10394
f 9691 8653 8696
f 9147 8848 7108
f 9026 8037 8033
f 10395 8410 10396
f 10399 10403 8346
f 9172 10405 7983
f 7230 10411 9264
f 1263 10268 8427
f 10413 8689 9950
f 7769 9645 8843
f 5652 5469 8519
f 8427 10414 1263
f 8834 9929 8031
f 9373 10178 9927
f 8218 9280 8442
f 9589 8755 8767
f 9490 9495 8875
f 5798 1207 10415
f 10417 10420 10424
f 10425 10428 10432
f 10440 10443 10448
f 10452 10395 10396
f 10454 9444 10456
f 9040 7419 9483
f 8727 8719 10459
f 7625 8790 7417
f 8203 8788 8201
f 10439 10464 10465
f 8514 7564 8521
f 6362 5458 8961
f 8689 2373 9950
f 10297 10213 10091
f 7311 8043 7859
f 1437 9654 1439
f 7424 9329 9328
f 10158 10157 8416
f 9151 9516 10219
f 7553 10468 6858
f 9175 1209 10469
f 9149 9072 9736
f 7959 10331 7957
f 6761 9661 7875
f 9761 9762 7909
f 9256 7832 10471
f 8839 9144 7911
f 9783 8065 9782
f 10115 9880 8533
f 10266 9360 9777
f 10216 9191 9460
f 8533 8429 10115
f 9222 9552 10475
f 4862 4856 1373
f 8900 8887 8899
f 4670 4666 10188
f 10479 8100 9537
f 9551 9224 8600
f 9690 9189 9192
f 8314 8649 7181
f 9366 7942 10002
f 10480 8575 8574
f 10251 9515 10261
f 6651 9660 7214
f 9864 9590 10147
f 10483 9197 10484
f 9119 8583 8871
f 9591 9581 9086
f 8407 10090 8870
f 10485 8535 10171
f 9085 10143 9588
f 10240 7770 7769
f 10486 10496 10498
f 8535 10485 7871
f 9560 8314 8652
f 8474 7164 7859
f 8182 4660 4668
f 10133 9366 10261
f 10241 10218 9516
f 10503 10505 9915
f 8824 7985 10395
f 784 780 2138
f 5465 5464 9345
f 1277 8485 5798
f 9833 8796 6229
f 9858 10452 10396
f 8723 9800 8714
f 10509 6487 10511
f 10518 9169 9096
f 7953 9278 7951
f 8445 9101 8448
f 8579 9262 8880
f 10153 8879 9494
f 10519 9938 9945
f 10523 10526 9104
f 8881 9194 8666
f 9255 9254 9689
f 7061 7524 5607
f 10531 9893 10537
f 10032 9225 10187
f 9307 7617 8580
f 9256 10471 9254
f 7426 8895 7949
f 3200 3198 10540
f 10542 10543 10544
f 6441 10546 10553
f 4661 10013 4665
f 10558 9890 10563
f 7680 7678 6087
f 9454 10568 9457
f 10227 10220 8332
f 10573 10578 10583
f 8025 10259 7392
f 8024 8047 7679
f 9436 9443 6856
f 9332 8248 7426
f 6858 10468 8828
f 6858 8828 9653
f 10587 9632 10589
f 7911 7910 10594
f 8067 10597 10599
f 10603 10610 10617
f 9061 9388 9059
f 5820 9110 9111
f 2985 8838 2986
f 9065 2985 7441
f 7946 8312 7749
f 7953 10054 10053
f 9875 9995 9993
f 7985 10619 10395
f 8808 10077 5393
f 10622 10623 10626
f 5412 9378 822
f 6227 10091 9833
f 9336 10383 9340
f 8533 8532 8840
f 4543 7646 7568
f 7112 8730 8535
f 10628 10635 3364
f 5607 6998 7061
f 9191 9916 10224
f 9150 9269 7943
f 8014 8012 9146
f 8465 9996 8878
f 6785 9265 8695
f 1350 4156 3272
f 2088 8807 8805
f 9092 8486 8487
f 9935 10639 10642
f 10291 10645 10431
f 10646 10647 9359
f 8874 9999 9749
f 9748 9247 8219
f 3468 10650 4951
f 959 3249 5534
f 10653 10654 10167
f 7768 2065 2062
f 9665 9828 8293
f 1006 1004 10658
f 10661 10669 10672
f 5609 8405 6677
f 7239 6909 5397
f 8843 10677 10678
f 57 6433 2803
f 10181 9777 9360
f 7310 6471 8281
f 9227 8680 9229
f 8210 8676 9226
f 10682 10688 10692
f 9782 8065 9836
f 10695 10696 10697
f 7010 9109 7008
f 1315 336 5441
f 9910 6228 10303
f 4599 3858 4606
f 9951 9949 4961
f 10698 5395 10080
f 9437 7910 7909
f 10391 9169 10701
f 9114 7946 9115
f 705 703 9378
f 10702 10703 7101
f 8841 7440 9761
f 5820 9111 9387
f 9991 9995 10706
f 7831 10471 7832
f 8974 9880 9447
f 9096 9169 8785
f 9151 10219 9073
f 10163 8922 10164
f 8932 7873 10084
f 7943 9269 7941
f 7833 7832 7008
f 10242 10261 9369
f 8660 10699 7320
f 10707 10710 10712
f 10713 10714 10715
f 7770 10716 10714
f 9858 10396 8410
f 4847 847 851
f 9146 9145 8574
f 9064 1726 2132
f 9835 8162 7536
f 10717 10718 10719
f 10724 9617 10275
f 7525 8383 8783
f 10391 9114 9113
f 9790 8733 7113
f 9517 9151 10132
f 10727 9775 10728
f 7870 8848 8536
f 7332 7946 9114
f 10729 10730 10732
f 9217 9372 10285
f 9920 9917 9923
f 9916 9188 7961
f 8065 8130 7178
f 4806 1329 1328
f 9876 9257 9120
f 10734 10735 10006
f 7969 9572 10093
f 10736 10484 10738
f 10739 10740 10741
f 10157 10743 10744
f 10745 7866 10746
f 10749 10751 10753
f 9372 9567 10307
f 6010 2893 2235
f 9469 9374 9925
f 10754 10761 10769
f 3861 2762 3389
f 10714 7771 7770
f 8756 9585 9133
f 8288 8764 8758
f 9047 9737 9182
f 3507 40 698
f 2880 7662 8247
f 10108 3749 10771
f 8671 8673 7795
f 6668 4445 5523
f 9752 9303 9302
f 8580 10772 9307
f 10027 5958 10019
f 2890 2265 1805
f 9112 7880 9327
f 7552 9112 9327
f 678 677 2129
f 7659 673 7661
f 4962 7863 1103
f 9118 9117 10775
f 10776 10777 10778
f 3110 3387 3098
f 9885 1832 1827
f 10307 9567 9560
f 7424 10330 10331
f 10779 10156 10780
f 9803 10551 10786
f 10793 10797 10805
f 6856 7642 6857
f 10808 7576 10038
f 10152 8506 7227
f 10330 9328 7957
f 9491 8446 8456
f 10813 8097 10478
f 10815 10816 10817
f 9570 7315 9561
f 10825 10186 10826
f 10330 7424 9328
f 9387 9386 9059
f 8096 10831 10833
f 9879 9880 10839
f 10082 7875 9661
f 5822 9649 8919
f 10838 10607 10604
f 2955 2945 10012
f 10841 9891 10535
f 10183 10846 10847
f 10219 9836 9073
f 6480 6474 1527
f 10853 8990 10857
f 10714 7496 7771
f 1149 1112 1134
f 4355 4351 3201
f 10862 8525 8962
f 7497 10866 9343
f 9861 9470 8861
f 5026 5020 7057
f 9138 9586 9862
f 10243 9370 10216
f 10250 10867 10868
f 8477 8375 10162
f 10874 10877 10882
f 9880 10884 10839
f 7112 9282 7110
f 10885 10886 10887
f 528 2857 514
f 8849 8845 7109
f 10394 6521 10392
f 5139 10890 10892
f 9927 9930 9373
f 8409 8411 10899
f 8505 10149 10125
f 511 8806 7902
f 10642 8858 9924
f 3291 2529 3277
f 10139 8340 8494
f 10900 10417 10424
f 10902 10903 10905
f 2059 10362 2045
f 8452 10116 9497
f 10119 10151 9498
f 10142 9945 10134
f 9334 9486 8248
f 675 6530 673
f 10908 10777 10776
f 10909 10076 510
f 4664 10035 10195
f 10473 9556 10835
f 9096 7858 7856
f 10910 10912 10913
f 10170 9340 10384
f 9487 9946 9038
f 8248 8249 8895
f 10736 10914 10483
f 10345 9571 9184
f 10915 10916 9439
f 7002 7005 238
f 5380 1541 60
f 8430 8429 8839
f 8090 8910 9968
f 9050 6799 8211
f 9687 8579 9056
f 507 502 2930
f 10059 8641 10691
f 9955 8611 8893
f 7911 10594 10375
f 7193 10367 7189
f 1217 549 1215
f 2133 1727 2129
f 8208 8017 8928
f 2179 48 7423
f 9651 9751 9854
f 9751 9651 9663
f 8685 8684 10342
f 10646 10847 10846
f 8617 10099 9858
f 8967 8522 5467
f 7952 7005 7982
f 9091 10300 3967
f 10158 8403 10071
f 10280 10073 7856
f 2157 2296 3401
f 3065 5464 3063
f 578 577 7665
f 6520 6519 10917
f 2048 7195 2532
f 9359 9361 9836
f 8189 5207 5351
f 10918 10919 10920
f 8185 3065 7769
f 10921 10923 10924
f 6521 9146 6519
f 10924 10926 10921
f 10927 10847 10929
f 10219 9516 10218
f 7311 9829 7857
f 7859 7495 7311
f 7001 6526 7004
f 10931 9404 10861
f 7910 9440 10594
f 8474 7859 7858
f 9144 8841 9761
f 10723 10271 10239
f 9644 10935 10936
f 577 239 238
f 7832 9807 7008
f 9144 8839 8841
f 8555 10074 8556
f 8574 9145 9558
f 7009 9807 8666
f 9924 9935 10642
f 8864 8860 10640
f 9359 9836 10219
f 8880 9262 8881
f 10251 10937 9515
f 9362 10284 10283
f 8689 9911 10043
f 1890 1889 4910
f 10129 10150 10120
f 7002 7982 7005
f 7942 10132 7943
f 10685 10943 10686
f 10944 10945 10946
f 9192 9559 9690
f 9464 10948 10949
f 9912 9251 9252
f 9040 6538 7419
f 8487 10301 9092
f 2689 4551 2690
f 9464 10950 9460
f 10055 9331 10953
f 7892 8685 7896
f 9660 9873 9253
f 10949 10948 10954
f 8666 9108 7010
f 9187 9568 7960
f 10955 10956 10957
f 9228 8634 9503
f 9217 9218 9097
f 3623 6206 4350
f 9916 7961 9217
f 9328 9330 8386
f 10959 10312 10962
f 9385 9253 9873
f 846 5299 790
f 5978 9353 2050
f 10963 10964 10965
f 10380 8792 8791
f 6230 9910 9267
f 10544 10966 10542
f 10967 10920 10968
f 6280 5026 7057
f 10969 10970 10971
f 9869 10972 9872
f 9910 6230 6228
f 10973 10974 9763
f 10253 10248 10867
f 10734 10975 10735
f 10647 10646 10846
f 10677 9760 10240
f 9692 9691 8985
f 9558 8975 8974
f 10917 10392 6520
f 9252 9784 10976
f 10701 7831 10391
f 10239 10271 8728
f 10283 9363 9362
f 9515 10937 10869
f 1865 10978 4160
f 10392 6521 6520
f 9169 10518 10980
f 4350 6206 2063
f 2062 6205 5057
f 9056 8794 9832
f 10981 7864 10485
f 10393 8735 10394
f 9468 8832 9465
f 10039 10985 10987
f 491 3980 483
f 10982 8737 9656
f 9472 9121 9375
f 10727 10096 10095
f 7925 3526 6664
f 8691 9263 10407
f 8461 8879 10153
f 6012 3507 2893
f 8031 8846 8834
f 9488 9039 9484
f 8683 8331 10221
f 8401 9514 10070
f 4304 3109 3104
f 9932 9918 10341
f 9776 9335 9340
f 10291 10290 10645
f 8495 8505 10125
f 2237 2236 9252
f 7949 9329 7426
f 10993 11002 8261
f 10546 6437 9849
f 10310 10097 11003
f 9440 7910 9437
f 2064 8335 3204
f 10093 8582 7969
f 1043 9352 728
f 9444 11004 11009
f 8249 8790 8895
f 10112 10377 10405
f 9330 7452 8386
f 10115 8431 10884
f 10406 9171 9910
f 9057 9380 10378
f 9057 10380 8791
f 10114 11010 10731
f 8824 10452 9858
f 6037 11003 10097
f 10052 6228 11011
f 7769 8843 10678
f 8919 8923 5822
f 11012 11014 10293
f 11015 7958 7544
f 9505 9049 9233
f 9995 9875 10384
f 5413 1103 7863
f 10646 10241 10869
f 9776 9873 6651
f 9385 9111 9253
f 10917 10386 11016
f 10386 11017 8575
f 10954 10948 10734
f 10156 10779 10157
f 9066 9877 9759
f 8735 9788 8014
f 2924 1657 2926
f 8737 10982 10172
f 9282 7112 8535
f 3474 10215 1523
f 11018 10183 10182
f 9796 11019 9765
f 9401 9412 10458
f 10934 9406 9405
f 6481 1533 9909
f 11021 9672 9670
f 8991 10854 11027
f 1525 10215 3474
f 11028 11030 2025
f 10340 11032 11033
f 9922 9931 9467
f 10863 8966 10933
f 6869 2470 11034
f 11036 11037 11038
f 11039 7577 9477
f 9183 9738 11043
f 7181 8338 8656
f 10470 1210 11044
f 1131 1464 2107
f 9828 7310 8281
f 7922 7939 3531
f 9512 10568 11049
f 9798 10867 10248
f 7685 2024 2855
f 8479 11051 10069
f 3541 7503 3527
f 10929 10847 10646
f 9653 8828 9438
f 7831 9114 10391
f 10701 10471 7831
f 11054 11055 10752
f 9460 10950 10246
f 2365 2410 2358
f 9437 9436 9438
f 10121 8451 9105
f 706 4638 1417
f 10122 10118 8450
f 11058 10915 10372
f 8919 9649 9389
f 9937 10373 8880
f 9992 9061 9060
f 9372 9787 10283
f 2023 7575 579
f 5881 1035 11062
f 2862 11029 11063
f 11066 10382 11067
f 6440 10554 6442
f 10306 10305 10299
f 10224 10285 9462
f 10305 9338 10299
f 8406 8408 10094
f 9446 8574 9558
f 10246 10950 10973
f 730 3981 494
f 9936 10373 9937
f 9380 9793 10378
f 9185 11042 10343
f 11068 11069 11070
f 8793 11011 8796
f 11071 8684 10395
f 10240 7769 10678
f 9433 11072 11073
f 11074 9362 9365
f 7893 9300 7584
f 9609 11078 9603
f 8883 7677 8125
f 8908 7996 8914
f 8884 8029 7673
f 10257 8028 8886
f 8400 3836 5923
f 7676 7018 8123
f 1403 7636 1408
f 10051 6228 10052
f 10406 10303 10113
f 9839 9856 11008
f 166 98 158
f 11080 11066 11081
f 8094 8088 9536
f 11082 11083 10050
f 11085 10951 10331
f 6227 6230 10298
f 8824 8617 9835
f 9446 9448 10480
f 11087 9655 8736
f 11088 11097 11105
f 9788 8011 8014
f 11108 11052 9618
f 11110 8291 9132
f 10647 11018 9359
f 8288 9093 8764
f 9924 8858 9926
f 10722 10347 9621
f 11112 11113 11114
f 11115 10371 10915
f 7859 8043 7857
f 11116 11120 9674
f 10865 11121 8971
f 9616 11122 10277
f 11124 11051 8479
f 11126 11131 11137
f 11140 56 58
f 8686 6013 9951
f 9437 9438 9440
f 9781 9780 9878
f 56 11141 9216
f 10980 8554 9169
f 9065 8975 8837
f 11142 9759 11143
f 10075 10074 8555
f 836 6804 1881
f 10884 8431 10839
f 8554 10701 9169
f 10304 11145 10972
f 10299 8870 10306
f 7228 10154 10148
f 9464 11056 10948
f 10646 10218 10241
f 8496 11146 10140
f 4514 4249 4248
f 10246 10973 9795
f 10772 8580 9687
f 10283 9787 9693
f 10973 10950 10949
f 10902 10753 10751
f 9663 6762 9751
f 11149 11156 11158
f 5395 10698 5396
f 9362 9461 10284
f 11164 11165 11166
f 10751 9362 11074
f 10976 9912 9252
f 9803 8933 10551
f 10750 11169 11054
f 9785 6376 8661
f 9850 9843 10548
f 10902 9365 9693
f 10303 10406 9910
f 9328 8386 8385
f 8924 8387 9758
f 9832 9307 10772
f 9062 8920 8917
f 10184 10183 10848
f 10646 10868 10929
f 9463 9460 9191
f 9994 9060 9874
f 9950 6009 10413
f 9693 10307 9691
f 10096 10109 6035
f 7659 1842 674
f 9257 9776 6651
f 2682 8190 9285
f 5340 2991 5204
f 7592 7902 2088
f 10869 10241 9515
f 10179 8406 9572
f 3262 10978 1865
f 10094 10093 8406
f 10867 10927 10868
f 9359 10218 10646
f 10183 11018 10846
f 8014 10387 6521
f 10442 8862 11170
f 10434 11111 9127
f 8523 8517 8968
f 10392 11087 10393
f 2925 2929 10095
f 10518 9096 7856
f 10176 11121 11174
f 9403 8527 10864
f 11175 11176 11177
f 11178 11034 2470
f 8715 8647 8720
f 11010 6228 10051
f 8478 8784 8381
f 783 4127 1185
f 9785 8661 7321
f 6229 6227 9833
f 10167 10046 10653
f 6681 8404 8412
f 10713 10935 10714
f 11179 11181 7799
f 8794 9056 8791
f 9466 9077 9918
f 8555 8554 10980
f 10049 10733 11182
f 7496 7501 7769
f 9935 9934 10639
f 10380 11083 11082
f 9127 11111 9131
f 9139 9135 8855
f 11173 8864 10640
f 9434 11183 10503
f 11182 11010 10049
f 9345 5464 7499
f 5413 7863 11184
f 9449 9456 10056
f 10179 8407 8406
f 10113 10303 10302
f 10342 11185 11187
f 9947 8751 10332
f 2235 6379 2236
f 11188 8344 10983
f 9252 2236 9784
f 10946 11192 11193
f 11183 10111 10504
f 10522 9106 8753
f 10309 8501 11195
f 11198 10185 11199
f 9948 10055 11200
f 9293 9701 11205
f 7958 8388 10072
f 11209 11210 11211
f 8410 10395 8684
f 10042 9911 10653
f 11198 10619 7985
f 8793 10052 11011
f 9229 8680 8636
f 11066 11080 10382
f 734 2486 2466
f 7542 11213 11214
f 10166 10955 10163
f 8508 10412 7232
f 11215 8922 11216
f 9335 9876 9338
f 10927 10867 9798
f 9038 9946 10333
f 11219 11221 11224
f 11225 11226 10337
f 8450 10118 8455
f 10417 10900 10134
f 11227 11084 10381
f 11230 10823 9525
f 10192 9221 10474
f 10730 10504 10114
f 8095 10812 10832
f 10377 7983 10405
f 1400 11236 11239
f 10869 10937 10252
f 9372 9097 9567
f 10729 11083 11070
f 2521 4424 2514
f 9554 8084 8099
f 10512 4194 10507
f 6483 6495 6477
f 8387 8386 7452
f 11199 10185 10226
f 4560 6959 2395
f 9743 9741 9509
f 9743 11041 9740
f 9795 10248 10246
f 9798 10248 9795
f 10564 6479 9905
f 10552 8935 6444
f 8992 7977 7380
f 11026 3480 8216
f 11199 10226 11183
f 11243 11216 10163
f 9060 9994 9992
f 11248 10427 11254
f 11243 11214 11216
f 11114 7098 11112
f 8921 9990 10165
f 11256 11257 11258
f 8873 5616 8475
f 9828 8281 8293
f 9880 8974 8533
f 9987 9965 1401
f 10009 2947 8175
f 6443 10083 9662
f 9056 8579 9380
f 8905 8890 9202
f 7354 6264 7360
f 8555 10980 10075
f 2865 11261 1449
f 10707 11143 11262
f 9921 9926 9373
f 9765 10182 10184
f 9792 9794 9831
f 10556 10547 11263
f 9848 6438 9855
f 10846 11018 10647
f 9879 11267 10385
f 10171 8535 8730
f 9928 9028 8035
f 9789 8139 8010
f 9934 11246 11171
f 8863 10445 9143
f 6519 9146 8574
f 11120 11268 9664
f 11272 11275 11278
f 11280 11281 11282
f 11283 8698 11284
f 10088 10222 10086
f 10980 10518 10075
f 11286 10747 11287
f 10929 10868 10927
f 2869 578 7664
f 11115 10915 9439
f 10594 9440 10916
f 10141 11146 10130
f 10518 7856 10073
f 10251 10261 10244
f 10128 10123 10528
f 9198 11288 11289
f 10166 10621 9866
f 8443 9748 8219
f 4053 861 2766
f 8751 9947 8744
f 7909 9443 9436
f 8408 8582 10094
f 8839 7911 10375
f 11148 11293 8739
f 2027 2863 2859
f 11294 11297 11300
f 11082 10050 10052
f 8777 9176 5286
f 11269 10280 7856
f 10529 10121 9105
f 9571 7967 9501
f 9362 10751 11057
f 9091 3967 3434
f 11304 11305 7101
f 8790 7624 8894
f 9951 6013 6011
f 10050 11083 10732
f 9397 9384 2686
f 11309 11312 11317
f 11322 11323 11324
f 8425 8422 8106
f 10160 10278 11125
f 9622 10354 11108
f 10334 11325 11326
f 7984 10376 10185
f 11327 11328 10335
f 7543 11214 11163
f 11057 9461 9362
f 8923 9757 5822
f 10955 11329 11330
f 1657 10310 11003
f 9445 7895 11332
f 11333 11071 10339
f 10077 11336 10079
f 7665 577 238
f 11338 11341 11343
f 10619 11071 10395
f 10043 8688 8689
f 11344 9759 9360
f 8806 511 10078
f 6907 5440 7333
f 5145 4994 4515
f 4948 5437 5577
f 8985 8984 11345
f 11347 11349 10708
f 10543 11185 10342
f 9467 9929 8834
f 10429 10428 10292
f 11350 10480 9448
f 7098 9879 10839
f 10916 9440 9439
f 8735 10393 11087
f 11351 11352 11353
f 10375 10594 11112
f 10408 11196 11039
f 10286 11355 10289
f 10371 10370 11302
f 9880 10115 10884
f 8971 10176 9730
f 8963 8523 8968
f 10410 8507 10308
f 7177 7176 11356
f 11357 11358 11014
f 11359 11360 11361
f 9413 9410 8729
f 10400 10901 11366
f 10460 8721 9402
f 10092 7770 9877
f 10677 8843 9760
f 4162 10979 3263
f 10936 9643 9644
f 8554 8556 9254
f 11357 11014 11012
f 8416 8403 10158
f 9936 9793 10373
f 10159 10068 11050
f 8417 10744 10223
f 11371 11373 11374
f 8990 7370 10857
f 8684 8411 8410
f 11379 9904 1530
f 7426 7425 9332
f 1831 2890 1805
f 10906 9692 11345
f 11326 9831 10334
f 11023 10850 10561
f 11381 11382 11383
f 10111 11183 10226
f 11025 10562 11375
f 11344 9359 11018
f 10247 10249 10245
f 11385 11015 11386
f 9380 8579 10373
f 2489 2487 4417
f 11199 9433 11073
f 10185 10376 10225
f 821 845 837
f 11225 11387 11226
f 6376 6375 7238
f 7892 7583 10899
f 10750 11388 11169
f 11390 11398 11400
f 11069 11411 11412
f 11010 10051 10049
f 11413 11414 11415
f 10619 11198 11072
f 10302 6228 11010
f 9692 10903 10902
f 11417 9592 8529
f 11202 11395 11420
f 9464 9463 11056
f 9301 7580 7584
f 11421 11423 10456
f 10627 9867 10620
f 9171 8203 9910
f 11427 11431 11433
f 10785 8642 9805
f 9765 10184 9796
f 8985 9691 8983
f 11438 9939 10521
f 8741 11156 11149
f 10052 8793 11082
f 8754 9102 9037
f 10126 10527 10142
f 9434 11199 11183
f 11441 11222 11445
f 2392 2760 863
f 9765 11453 10182
f 9879 10386 11350
f 11016 10174 10917
f 10395 10452 8824
f 10886 11454 10887
f 11048 9743 9509
f 9797 10928 9799
f 10697 8556 10074
f 10171 10981 10485
f 8642 8635 9805
f 7425 10951 9332
f 10285 10224 9217
f 10641 10638 11172
f 9294 2687 9286
f 11455 11457 11458
f 11460 11462 11463
f 10331 11385 11085
f 10307 8652 9691
f 11015 11385 7959
f 10678 10677 10240
f 7958 7957 8388
f 11465 11471 11477
f 10220 11484 11208
f 3840 2803 1351
f 7582 8771 9266
f 11486 1210 1208
f 10443 10440 9130
f 1559 548 545
f 11109 10438 8295
f 1436 1445 6944
f 9360 9359 11344
f 9760 8843 10181
f 10622 10165 10705
f 10170 9873 9776
f 11487 11488 11489
f 8796 11011 6229
f 11241 11493 11497
f 10437 11020 9667
f 9763 11019 9796
f 11080 11500 10381
f 2850 831 830
f 11058 10594 10916
f 11501 10725 11505
f 11511 2964 10822
f 10827 10613 9530
f 10742 10086 10222
f 2928 8658 10727
f 8128 8122 9640
f 2950 10262 10258
f 11112 10594 11113
f 11514 10385 11267
f 10074 11515 10695
f 10155 11108 10354
f 11115 8827 8830
f 2963 11518 11519
f 11528 11537 11370
f 9533 8092 9986
f 6897 2234 3561
f 9364 9363 10283
f 11538 11345 11541
f 9535 9550 10476
f 9477 8694 10408
f 8697 9477 8982
f 10309 11195 10409
f 1657 2924 10310
f 10142 10527 10519
f 10809 11543 11548
f 9940 10134 9945
f 10612 10826 10186
f 10829 10811 11547
f 7769 7771 7496
f 10140 11146 10141
f 11344 11018 11346
f 10398 8348 10137
f 10530 10525 10520
f 11552 10720 10238
f 10098 10096 6035
f 11052 11123 9618
f 11068 11556 11557
f 10932 8965 9726
f 10917 11017 10386
f 11558 10090 9198
f 11559 11560 11561
f 10394 8014 6521
f 10173 10175 11562
f 9511 9456 10567
f 10114 10302 11010
f 10729 11069 10730
f 11563 11564 11565
f 11280 11567 9658
f 6433 57 3598
f 11080 11556 11227
f 10454 11568 11570
f 11572 11575 11429
f 11285 11578 11580
f 1834 7662 2880
f 8239 8237 9744
f 9435 9914 9433
f 10485 7864 7871
f 10441 11244 11250
f 10338 11333 10339
f 8657 1842 11581
f 10466 11582 11022
f 9697 11592 11203
f 8753 8748 10522
f 11593 11599 10673
f 11252 10426 10433
f 10899 8411 7892
f 10342 11602 10543
f 1891 298 1889
f 8388 8925 10072
f 11604 7325 11337
f 9199 10089 9200
f 11607 11614 11588
f 10342 8684 11602
f 11615 7861 2374
f 10044 10169 11361
f 11327 10334 9831
f 8918 9388 9061
f 11214 11243 10957
f 10266 9782 9836
f 2374 2373 8688
f 11344 11262 11143
f 11617 9689 9688
f 10705 10623 10622
f 11082 8792 10380
f 7857 9664 11268
f 9869 9867 10627
f 8660 5397 10699
f 11618 11621 11340
f 8345 11189 8498
f 1890 10300 4796
f 8381 8784 8382
f 10735 10975 11053
f 11602 11071 11333
f 11449 11223 11622
f 8524 8721 8646
f 8354 11217 11629
f 11630 11453 9765
f 9796 10184 10848
f 10261 9515 10133
f 11631 11632 11633
f 9335 9257 9876
f 10078 511 509
f 8697 8690 9477
f 3442 11634 8486
f 7702 11638 10666
f 3107 4302 11640
f 10392 10917 10173
f 9439 8827 11115
f 11200 10055 10953
f 10780 10156 11643
f 7112 7111 8137
f 11113 10594 11058
f 11107 10159 11050
f 11645 7864 10981
f 11646 10778 11647
f 11648 5755 1866
f 11650 9684 10541
f 10747 11645 11651
f 10113 10302 10114
f 10714 10716 10715
f 11602 8684 11071
f 2105 3626 4359
f 10487 11652 10450
f 10488 10449 10444
f 10505 11647 11653
f 10463 10435 10451
f 11654 11657 11659
f 11249 10430 10643
f 9435 9434 10503
f 10267 9255 9689
f 7770 10092 10716
f 5397 6909 5400
f 7321 10977 9785
f 11589 11661 11117
f 8925 8922 11215
f 11072 10339 10619
f 4578 626 2676
f 2066 2065 7768
f 11072 11198 11073
f 9915 11653 11387
f 10237 11323 10866
f 11662 11663 11664
f 9823 8640 10783
f 9338 10305 10304
f 11665 11667 11670
f 11212 3198 11672
f 11673 10972 11144
f 9892 11674 11679
f 11668 9868 9871
f 10545 9844 9825
f 10858 7374 6391
f 10860 11680 10851
f 8835 8847 7868
f 10090 11558 10306
f 10389 11685 11352
f 9465 11686 9077
f 11087 11562 11351
f 11463 11687 11688
f 11689 11032 11690
f 10075 10518 10073
f 9674 11120 9664
f 11691 11692 11693
f 6493 3492 6475
f 9911 10413 9251
f 11695 10536 11701
f 7377 11705 7382
f 7906 9064 2132
f 11706 11707 11708
f 11709 11710 11175
f 11191 11711 11014
f 11058 10372 11303
f 9792 11712 11713
f 10386 8575 10480
f 9781 11382 11714
f 9312 11716 11717
f 10504 10111 10114
f 10731 11010 11182
f 9456 9511 10056
f 11724 11726 11735
f 11741 11745 11747
f 11067 11713 11066
f 2866 8255 6952
f 9364 10283 9693
f 9510 9502 8630
f 10902 9693 9692
f 8190 5346 9285
f 10337 9433 11225
f 9433 11199 9434
f 10904 11388 10750
f 10849 10928 9797
f 7732 11752 11755
f 9877 9760 9759
f 10731 11182 10733
f 10041 7579 7577
f 8685 7892 8411
f 2373 2372 9949
f 2237 6009 2235
f 11565 10005 11563
f 11630 10974 11564
f 10424 11367 10900
f 10267 11756 9794
f 9413 8729 10457
f 2393 2385 4563
f 9760 10181 9360
f 11159 11155 8745
f 4675 11759 9574
f 11762 10985 10040
f 10948 11056 11053
f 740 553 499
f 11201 11764 9947
f 11771 11775 11783
f 831 2850 1261
f 11785 11786 11787
f 9936 9255 10267
f 11438 9944 9939
f 11789 11440 10422
f 9779 9781 11791
f 11792 11796 11797
f 9852 6435 9652
f 11784 9154 11799
f 1261 2849 941
f 10238 9408 11552
f 8830 8828 8836
f 10088 7553 9327
f 7583 8409 10899
f 11805 11809 11372
f 9765 11019 9763
f 8831 10923 10921
f 9819 10784 11264
f 1346 1557 1545
f 11815 11821 11825
f 9436 6856 6858
f 8828 10468 7553
f 11832 11838 2724
f 11839 8509 8105
f 10231 9288 9284
f 8431 8430 11112
f 10480 8574 9446
f 9444 9857 7891
f 9448 9447 9879
f 11842 11843 10388
f 10189 10837 10605
f 9945 10142 10519
f 11436 10524 8750
f 9449 10056 11844
f 8950 11851 9540
f 8742 11435 8749
f 11855 11861 11866
f 7578 7576 8984
f 11247 10442 11170
f 9845 11825 11871
f 10477 9549 10814
f 10299 9119 8871
f 10787 10555 11265
f 10341 11354 10287
f 11453 11630 10887
f 10491 10489 11874
f 10467 11020 10437
f 9019 11419 3864
f 9607 11878 11234
f 11185 10543 10542
f 11076 11886 11875
f 10196 10472 10834
f 10831 10609 10833
f 10697 9688 8556
f 11556 11084 11227
f 9689 11617 10267
f 11889 11890 11891
f 11893 11894 11895
f 11319 11314 611
f 3255 11899 1885
f 10381 11500 11227
f 11227 11500 11080
f 11902 11903 3744
f 6037 513 11003
f 11557 11904 11068
f 11713 10379 9792
f 11905 11906 10918
f 10337 11072 9433
f 11907 10713 10715
f 3254 6803 838
f 9688 9254 8556
f 9914 11225 9433
f 10074 10073 10280
f 11908 11453 11909
f 7324 7318 10700
f 8579 8880 10373
f 10270 8379 8725
f 10300 4910 3967
f 10348 11912 10352
f 10157 10779 10743
f 11534 11802 11369
f 11917 11918 11767
f 7985 10185 11198
f 10922 11115 8830
f 8830 8836 10088
f 9814 11922 11925
f 10624 10706 10384
f 8870 10299 8871
f 10344 10296 10180
f 10304 11558 11145
f 11927 11931 11933
f 11645 10981 11651
f 10746 11935 11686
f 9076 11936 11032
f 10745 8833 7866
f 10110 10096 10727
f 10696 11617 9688
f 9465 8833 10745
f 11938 11117 9671
f 2374 7861 2372
f 11936 9076 11939
f 11557 11940 11904
f 9279 11941 11942
f 11945 11956 11962
f 701 11963 11897
f 10450 11652 10462
f 1209 10415 1207
f 11324 11967 11322
f 11953 11969 11977
f 1351 1348 1336
f 7006 7951 10374
f 10471 10701 9254
f 616 3442 3436
f 11124 8479 10162
f 11979 11081 11980
f 10161 8376 10273
f 8660 7239 5397
f 11906 11142 11143
f 1311 1310 2233
f 11188 11761 8503
f 11412 11411 11904
f 3749 10076 10771
f 11364 11796 11794
f 10134 10900 10136
f 8242 11982 11983
f 9941 11788 10417
f 11367 10424 10420
f 9796 9795 9763
f 11216 11214 11213
f 8243 9450 11846
f 11346 11018 10182
f 11073 11198 11199
f 8179 8183 10011
f 9826 9822 10549
f 11989 11996 12001
f 10339 11071 10619
f 9344 8969 5468
f 9792 10379 9793
f 11979 11557 11556
f 9857 9444 11009
f 12004 12007 12009
f 9779 10715 9878
f 10707 11346 10709
f 9765 9764 11630
f 11337 7325 10081
f 11226 11387 10907
f 3262 1863 7346
f 10504 10730 11069
f 10060 9513 8632
f 10706 9995 10384
f 8921 9063 9990
f 11225 9914 9913
f 10836 9557 8098
f 11670 10166 11665
f 11368 12011 11533
f 9576 5922 5931
f 11374 10086 11371
f 11346 10182 11908
f 10921 10926 10369
f 10614 10611 11549
f 9876 9119 10299
f 10343 11042 10295
f 12013 12016 12017
f 10010 10193 2956
f 11053 10975 10734
f 11514 12018 12019
f 11555 9407 9732
f 12020 10390 11562
f 8575 11017 10917
f 11087 8736 8735
f 12021 12022 12023
f 12024 11940 12025
f 7423 48 2943
f 12026 12029 12030
f 11515 10074 10280
f 11287 11651 12032
f 11068 11084 11556
f 64 189 95
f 7001 7004 7953
f 10732 11083 10729
f 12033 12034 12037
f 8247 3802 2880
f 3353 12040 5419
f 11177 11176 10816
f 10644 11873 11251
f 9129 9142 10446
f 9021 3860 4600
f 11186 11332 7895
f 10778 12042 12043
f 12046 9773 8659
f 1474 2077 2073
f 11905 9067 11142
f 11058 11114 11113
f 10776 12048 10908
f 11892 12050 12051
f 10159 11107 10156
f 10092 10715 10716
f 11756 11617 11328
f 1876 1872 10023
f 3355 5421 3463
f 9759 11142 9066
f 11387 11225 9913
f 11346 10707 11262
f 2180 4417 738
f 12056 10633 3360
f 11796 11364 11153
f 12059 12060 12061
f 7006 7005 7952
f 2236 6378 9784
f 8245 8241 9451
f 6492 6487 10509
f 6673 8546 8300
f 11143 9759 11344
f 7008 7330 7833
f 12064 11428 12065
f 11785 12066 11786
f 10710 11909 11454
f 12072 12076 12080
f 9763 10974 11630
f 11432 10689 10939
f 9688 10697 10696
f 10885 11785 12081
f 10949 10950 9464
f 8984 8983 7578
f 11214 7543 7542
f 11630 9764 9763
f 11979 11080 11081
f 9067 11905 12082
f 9832 10772 9687
f 12064 11982 8242
f 11713 11067 10379
f 10973 9763 9795
f 10560 10856 11700
f 9947 11764 11162
f 9718 10855 11681
f 8751 9033 10332
f 9077 9466 9465
f 12087 12094 12097
f 7865 7864 10748
f 11174 11323 12102
f 9906 9902 11377
f 8735 8014 10394
f 11690 11032 11936
f 4356 12103 4357
f 10290 12109 12111
f 11683 10859 6393
f 12031 10982 9656
f 9720 9716 11682
f 10292 10428 10286
f 12119 8279 12124
f 12126 11807 12129
f 12131 11033 12132
f 7368 5079 1139
f 11174 10866 11323
f 12133 11915 12138
f 583 1545 239
f 11028 7664 11284
f 10280 11269 11119
f 11064 8251 2868
f 2444 2133 1561
f 7577 11039 11194
f 546 736 2444
f 12145 12126 12148
f 10418 10135 9942
f 10371 11115 10369
f 12150 12153 12004
f 10419 11439 8740
f 10269 1435 6946
f 9345 7499 7497
f 10919 11906 11143
f 12154 12155 12156
f 10714 10935 9644
f 8970 8969 9342
f 10935 10713 11907
f 11907 10715 9779
f 12158 12159 12160
f 12162 12165 9002
f 5286 9176 10663
f 12167 12168 12169
f 12170 11345 11538
f 7322 10698 10080
f 10743 10223 10744
f 10744 8416 10157
f 11763 11200 10953
f 11889 12171 11980
f 12174 11564 10974
f 10331 7425 7424
f 12175 12178 11619
f 10951 7425 10331
f 11214 10957 12180
f 11909 11453 10887
f 10339 11072 10337
f 11819 12182 12184
f 3839 12190 8079
f 3442 8486 9092
f 11213 7542 11215
f 10691 10687 10059
f 10778 12043 11647
f 11054 10752 10750
f 9830 12191 12192
f 10972 9869 9337
f 10105 7660 11181
f 11845 10057 12196
f 9337 10304 10972
f 11288 12197 11666
f 12195 10058 10690
f 11350 10386 10480
f 10917 6519 8575
f 9299 9752 9302
f 12199 12200 10175
f 11171 10639 9934
f 11841 12200 12201
f 10500 11612 11584
f 11938 11589 11117
f 12202 12205 7326
f 11287 12206 11286
f 3442 616 615
f 9163 12207 12142
f 9666 8294 9668
f 12209 11515 10279
f 10351 9623 9620
f 9930 9921 9373
f 9735 9729 12213
f 12216 12224 12228
f 4961 8686 9951
f 3317 3694 12231
f 10645 10290 11872
f 12238 12242 12246
f 12249 12146 12250
f 11058 10916 10915
f 12018 12251 12019
f 1866 4846 4841
f 10076 3749 11335
f 12252 10702 12253
f 8406 10093 9572
f 8407 10089 9199
f 11617 11756 10267
f 11574 12254 11426
f 10454 11004 9444
f 10924 11806 12255
f 7767 8336 2066
f 10734 10006 10954
f 12256 12257 12258
f 11345 8984 7576
f 12259 12260 12261
f 11333 10544 11602
f 11617 11487 11328
f 8342 10138 8347
f 11074 9365 10902
f 12262 12271 12273
f 9300 7893 7889
f 9116 11184 11616
f 9067 12276 9068
f 11904 11411 11069
f 10382 10379 11067
f 11653 11647 12043
f 10751 11074 10902
f 3421 6054 4161
f 11069 10729 11070
f 11908 11348 11346
f 12051 12050 12277
f 11563 12278 10885
f 12071 12279 12286
f 8337 7767 7905
f 9830 12192 11712
f 12288 12296 9841
f 11653 9915 10505
f 7951 7006 7952
f 9251 6009 2237
f 10166 9866 11665
f 10683 9809 11926
f 10973 10949 10954
f 11387 12042 10907
f 10712 12298 10919
f 12048 10338 10908
f 10165 9990 10705
f 10625 10383 9336
f 12301 11157 11765
f 12304 8297 8302
f 7959 7958 11015
f 11292 11152 11363
f 12306 12307 12308
f 10090 10306 8870
f 11087 10392 11562
f 12032 11651 10981
f 10174 10173 10917
f 11351 11353 11087
f 11843 10389 10388
f 11506 9156 9166
f 4515 4995 5370
f 12309 12310 12311
f 12312 9768 11917
f 11588 11614 11957
f 9911 8689 10413
f 11070 11084 11068
f 11325 10334 12313
f 12314 12315 11362
f 10025 12317 839
f 10782 11642 12321
f 11112 8430 10375
f 12325 11526 12329
f 11374 10925 10086
f 11874 12112 10491
f 9878 9068 9781
f 12065 12332 11982
f 10725 11553 11505
f 12335 11120 11116
f 11047 9453 8238
f 11049 10568 9454
f 11902 3744 12337
f 12341 12346 12350
f 11039 9477 10408
f 11576 12193 10689
f 12065 11428 12351
f 9726 9734 10932
f 10968 12354 10967
f 10505 10504 11069
f 11454 11909 10887
f 11187 7896 10342
f 11565 10954 10006
f 11564 10885 11630
f 12356 10776 12358
f 10843 12359 12364
f 10557 10566 11376
f 10911 4860 12370
f 12377 12380 12384
f 7003 11184 9116
f 12387 12392 12395
f 10954 12174 10973
f 10852 9715 11699
f 7576 7579 10038
f 12278 11785 10885
f 9254 10701 8554
f 10906 10903 9692
f 10966 10544 11333
f 10918 12082 11905
f 11904 11069 11068
f 12400 12408 12412
f 12417 10323 12423
f 10962 10312 12426
f 11454 12298 10712
f 11216 8922 10163
f 10919 11143 10707
f 11216 11213 11215
f 11266 10550 9817
f 11889 12427 11890
f 11890 12192 12191
f 11147 8499 10131
f 12192 12427 11712
f 12429 12430 11901
f 10182 11453 11908
f 9943 11437 11790
f 7004 7003 10053
f 10370 10369 10926
f 12434 2961 11510
f 12438 12439 12018
f 10369 11115 10922
f 12440 11016 10386
f 10281 10280 12441
f 10501 10462 10487
f 10462 11652 10487
f 10428 11245 9933
f 10974 10973 12174
f 12111 11872 10290
f 12445 10818 11232
f 9075 9077 11686
f 3324 3044 2038
f 9934 9924 9919
f 11388 10904 12170
f 11141 56 12448
f 12457 11594 12459
f 12465 11854 9979
f 11239 11236 8078
f 9987 1401 12470
f 1413 1409 1548
f 7060 2940 6280
f 12475 8955 12472
f 10734 10948 11053
f 9534 9985 9543
f 11877 11884 12484
f 10194 10606 10616
f 11545 10810 9544
f 7670 5795 5802
f 8983 9691 8696
f 11666 9872 11673
f 11289 11666 11673
f 12277 12170 11538
f 10695 10697 10074
f 12173 11979 11980
f 12485 11412 11904
f 10696 11487 11617
f 10236 9643 10936
f 12024 12486 11646
f 11188 8503 8500
f 10400 11366 10404
f 9068 12276 9781
f 10990 11999 12012
f 11291 11365 10421
f 10952 11086 10958
f 11765 12411 12301
f 10865 11174 11121
f 9878 10715 10092
f 9644 7496 10714
f 9378 703 11896
f 9878 9780 9779
f 11331 11187 10542
f 10961 12487 11766
f 12489 12293 12289
f 11649 1864 8801
f 10711 11348 11908
f 10085 10779 10780
f 11787 12491 11785
f 12011 10780 11533
f 11141 8116 6903
f 12492 12024 12493
f 2284 7208 2542
f 11809 11805 12496
f 4806 1728 4807
f 12357 12486 12499
f 11980 11081 11889
f 11427 11433 10941
f 10293 10180 10296
f 5755 4846 1866
f 3435 5755 11648
f 12212 11509 11554
f 9770 9767 12500
f 10174 11016 12440
f 11917 12504 11918
f 10719 11842 10717
f 9174 7059 10416
f 10276 10274 10721
f 12506 12354 12298
f 7188 12508 12515
f 12206 11566 11931
f 12520 11791 10236
f 12132 12521 12522
f 11043 9186 9183
f 12110 12526 10495
f 12111 12109 11271
f 11270 12109 10290
f 11245 10428 10425
f 7326 10654 7319
f 11190 10947 11711
f 7099 11114 11303
f 11514 7102 12527
f 9879 11350 9448
f 12331 12531 12536
f 12506 12298 10886
f 10306 11558 10304
f 12203 7327 12537
f 10413 6009 9251
f 10947 12538 12540
f 10815 11175 11177
f 11262 11344 11346
f 12542 9675 12546
f 8357 12000 12547
f 4224 9383 9396
f 11530 10781 12136
f 11890 12427 12192
f 12550 10735 11053
f 10336 11487 11489
f 7099 12551 12527
f 12553 12021 12023
f 12554 12558 5955
f 9885 12555 1832
f 12561 12562 12258
f 11871 11825 9815
f 11382 9067 11383
f 12563 12565 12355
f 2704 3337 5980
f 11426 12254 11430
f 12566 12567 12569
f 11908 11909 10711
f 12570 12023 12571
f 11556 11080 11979
f 12573 11883 11858
f 12025 11557 12575
f 11576 10689 11432
f 12577 12153 11258
f 11664 12561 12578
f 9435 9915 9914
f 10166 10164 10621
f 12172 12579 12581
f 9831 11756 11327
f 12488 12584 12295
f 9869 10627 9337
f 7664 11028 2869
f 11144 11558 11289
f 11333 11338 10966
f 9898 12367 12586
f 9621 9619 10722
f 11430 12254 11574
f 11562 10392 10173
f 10156 10353 11643
f 12589 10719 10718
f 11929 12590 11579
f 11566 12032 9659
f 12592 11567 11282
f 11580 11578 11928
f 12597 11698 9711
f 11678 6478 9889
f 9292 10234 9703
f 11791 9781 12599
f 10247 10245 9459
f 9618 9622 11108
f 12594 12601 12362
f 10544 10543 11602
f 10710 11454 10712
f 10844 9894 9886
f 9831 9794 11756
f 4361 3625 3621
f 7369 1140 4358
f 11810 10925 11373
f 8989 11026 8216
f 12606 12607 12610
f 8951 11863 11849
f 7379 11703 8993
f 8836 7553 10088
f 9612 11546 11542
f 12611 12612 12613
f 12253 12249 12250
f 2965 2957 10824
f 10055 9948 9333
f 12427 11713 11712
f 10816 11176 12614
f 12615 12616 12617
f 12621 8103 12625
f 10039 10040 10985
f 12628 12632 12633
f 9781 12635 12599
f 10695 11515 12209
f 9607 11079 11878
f 12427 11889 11081
f 9794 9793 9936
f 10959 10962 10953
f 10053 7003 9116
f 11982 12064 12065
f 10315 11164 11166
f 1046 1040 9357
f 12636 12637 12638
f 12641 12645 12655
f 10679 9816 9811
f 11891 12580 11889
f 10990 12659 12548
f 12662 12663 12665
f 12666 12553 12667
f 11691 11693 12669
f 2534 7197 2539
f 11388 12170 12277
f 11015 7544 7543
f 10694 9821 10684
f 11387 9913 9915
f 9915 9435 10503
f 7542 8925 11215
f 12336 11118 11688
f 11425 10940 12353
f 12548 11999 10990
f 11163 11214 12180
f 12048 11339 10338
f 1372 12371 4863
f 11008 12290 9839
f 11290 10423 8746
f 12671 10817 12209
f 6403 12672 12678
f 2953 10190 10820
f 12184 9812 11819
f 11670 10955 10166
f 12680 12683 11568
f 12251 12685 12199
f 11217 11795 12399
f 11904 11940 12485
f 12686 12687 12688
f 12020 11562 10175
f 12689 12017 12690
f 10236 10936 12520
f 9726 8965 8972
f 9733 9409 10930
f 11780 9161 9155
f 4901 2993 5338
f 10887 11630 10885
f 10005 10004 12278
f 510 6037 10909
f 12199 10386 10385
f 12549 11389 11892
f 11895 10735 12550
f 9310 12692 9314
f 10771 10076 10909
f 11666 11289 11288
f 12636 12693 12695
f 12696 12685 12697
f 11142 9067 9066
f 11458 12699 11455
f 10905 10749 10753
f 12700 12701 11707
f 9116 11615 9117
f 12020 12200 11841
f 11352 9657 11353
f 12702 11895 11894
f 5981 4480 3977
f 9658 12031 9656
f 12060 12059 12169
f 11565 11564 12174
f 11081 11066 11713
f 11578 11285 11930
f 10778 12486 12703
f 12011 10085 10780
f 12708 12717 12722
f 12724 12146 12249
f 12024 12485 11940
f 10920 12725 12726
f 11033 12131 11354
f 12173 11557 11979
f 12485 11646 11647
f 12540 12727 12728
f 11787 12729 12491
f 12730 12731 12732
f 7099 7098 11114
f 9912 10976 9911
f 11847 12194 11575
f 12733 12734 12736
f 10778 10777 10907
f 11583 10465 10464
f 12737 12738 12739
f 10920 10919 12298
f 10968 12298 12354
f 4796 1891 1890
f 10966 12606 11331
f 11766 12487 11452
f 11424 12063 11573
f 11328 11327 11756
f 11119 12336 10280
f 12609 11422 11332
f 12742 11921 12744
f 10886 10885 12081
f 12747 12506 12729
f 5964 1873 12752
f 12753 12754 12564
f 10696 10695 11488
f 10163 10957 11243
f 11618 12308 12756
f 12610 11331 12606
f 12757 12759 11325
f 10454 10456 11568
f 10839 8431 11112
f 12251 12760 12697
f 12198 12762 11669
f 9854 9751 9298
f 11841 10390 12020
f 11081 11713 12427
f 12571 12763 12570
f 11325 12313 12757
f 10175 10174 12440
f 11708 12024 12025
f 10654 10653 10977
f 10745 10746 9465
f 11646 12485 12024
f 10047 10774 8688
f 957 3319 3315
f 10335 10334 11327
f 12766 12769 12773
f 12777 11202 11420
f 10335 11328 10336
f 12205 10167 10654
f 8688 10774 2374
f 12575 12581 11708
f 10294 11040 9742
f 12778 11941 10053
f 10286 10428 9933
f 12357 10776 12703
f 9394 2687 9294
f 7345 4128 4126
f 10508 4183 6494
f 11708 12025 12575
f 11335 3749 3745
f 12493 12024 12779
f 7863 7860 11616
f 8236 10294 9742
f 11784 11799 12210
f 7531 7059 9174
f 10176 9769 12312
f 9732 12215 11555
f 10886 12298 11454
f 11488 10695 12209
f 7004 6526 5413
f 7004 10054 7953
f 12599 10236 11791
f 10918 11906 10919
f 10005 11565 10006
f 7663 7661 1835
f 12783 12784 12786
f 88 97 6902
f 11795 12789 10401
f 10350 9165 12139
f 11077 9547 11879
f 9608 11544 11075
f 12792 11405 12797
f 12491 12081 11785
f 4291 6955 4554
f 10571 11522 11473
f 12804 12805 12806
f 10712 10919 10707
f 9848 9855 9838
f 88 8116 2161
f 4580 2692 4547
f 11853 12468 12574
f 12807 12813 11816
f 8947 11864 8953
f 10484 10736 10483
f 9197 9195 10484
f 10983 11761 11188
f 8952 9984 12472
f 10753 10902 10905
f 12527 12551 11514
f 10336 11328 11487
f 8256 12819 12624
f 10626 10623 9339
f 10906 11345 12170
f 10370 10926 12255
f 12760 12251 12018
f 1864 11649 1867
f 12822 12471 11242
f 12825 1274 1273
f 9967 7639 1406
f 12826 12827 12828
f 12831 9162 9159
f 11502 10346 10726
f 12833 12834 12835
f 12836 12837 12838
f 12839 11787 12840
f 10004 12613 12278
f 12698 11894 11893
f 12841 11773 12502
f 11679 11674 6486
f 12844 12693 12849
f 12850 12859 12865
f 11282 11567 11280
f 11685 11281 11280
f 11003 513 1657
f 10735 11895 12702
f 9714 12605 12596
f 11673 11144 11289
f 8943 8073 1402
f 11380 3476 11024
f 11121 10176 8971
f 12871 12873 12878
f 7577 11194 10041
f 12887 11967 11324
f 12492 12888 12889
f 523 1343 7575
f 10520 10525 11434
f 12320 11641 11911
f 10417 11788 10420
f 11914 11644 10355
f 10087 10743 10779
f 10401 12789 8352
f 11271 12525 12111
f 11368 10085 12011
f 12892 12895 12657
f 10924 10923 8831
f 166 101 98
f 8359 10986 8343
f 12401 11154 12405
f 12896 12897 12438
f 11647 10505 11412
f 12898 12899 12900
f 10776 12356 12048
f 12901 12191 12021
f 11460 12903 11462
f 11818 12907 12809
f 12910 10938 10681
f 11577 11433 11431
f 12529 12912 12741
f 12406 11150 11160
f 12915 12916 12917
f 12306 11568 11423
f 12685 12201 12199
f 12918 11165 11164
f 11654 12924 11657
f 12191 9830 11326
f 10955 10957 10163
f 11163 11386 7543
f 11288 10482 12197
f 11937 11021 11587
f 10738 10484 9195
f 12200 12020 10175
f 12925 12929 12931
f 9655 11087 11353
f 12932 9657 11352
f 10718 11685 12589
f 10175 12440 12199
f 12590 11929 12933
f 11687 12441 12336
f 2180 2179 7423
f 7903 2132 2442
f 2066 8336 12934
f 9672 11021 11937
f 7906 7767 9064
f 9830 9831 11326
f 9779 11791 11907
f 8687 8333 7137
f 11847 11575 11572
f 12580 11891 12666
f 12935 12667 11706
f 12553 12666 12021
f 8334 10220 11208
f 10808 11456 7576
f 12936 11343 11342
f 12607 12606 12936
f 11331 10542 10966
f 12939 11949 11958
f 10461 10502 11586
f 11272 12663 11275
f 8744 9947 11162
f 10505 11069 11412
f 12637 12941 12611
f 11489 11488 12209
f 9068 9877 9066
f 9200 8407 10179
f 11385 10331 7959
f 10966 11343 12606
f 9744 11046 8239
f 10727 8658 9771
f 12942 11382 11381
f 12943 12946 10318
f 10967 11662 12725
f 12950 12849 12702
f 12580 12171 11889
f 11176 10336 12614
f 11653 12043 12042
f 12581 12575 12172
f 12704 11532 12326
f 8116 6904 6903
f 12756 12308 12307
f 12202 10167 12205
f 12697 12760 12696
f 10180 10293 9195
f 11014 11358 11191
f 7098 7102 11267
f 11208 11672 8334
f 10180 10179 10344
f 4593 9079 9015
f 12552 12734 12897
f 12440 10386 12199
f 11459 12689 12690
f 9824 9845 11871
f 11302 10370 12724
f 11846 11573 12063
f 11541 12952 11538
f 11671 11256 12150
f 12955 12956 12957
f 12337 10107 10110
f 12952 11455 12699
f 12958 12840 11786
f 11785 12278 12613
f 12729 12506 12081
f 3967 5299 3434
f 11891 11890 12901
f 12553 12959 12960
f 12637 12636 12961
f 12963 12965 12966
f 11514 11267 7102
f 10773 12967 12968
f 12970 12698 11893
f 12975 12976 12981
f 11540 11345 7576
f 12050 11388 12277
f 12843 12503 11916
f 12667 12935 12581
f 11142 11906 11905
f 9175 10415 1209
f 11383 12082 11381
f 12493 12779 12888
f 9164 11503 11507
f 12135 12319 11910
f 11345 9692 8985
f 10866 7497 9643
f 9731 9727 8973
f 12520 10936 10935
f 4592 5287 10665
f 12216 12987 12992
f 11184 7863 11616
f 12129 12148 12126
f 11114 11058 11303
f 10817 12993 10815
f 10909 6037 10108
f 12958 11786 12994
f 11797 11796 11153
f 12995 12996 12997
f 12999 13003 13006
f 5394 5398 8809
f 8657 11581 12047
f 11379 1530 3475
f 11151 12403 11798
f 12042 11387 11653
f 13009 12086 13016
f 10329 12424 10317
f 9887 6479 10564
f 9774 9771 8658
f 11339 11333 10338
f 10693 8644 9820
f 10747 11651 11287
f 12746 13019 12528
f 12945 13023 13024
f 10907 12042 10778
f 10388 10390 11841
f 12933 9075 11686
f 12656 11608 12640
f 10455 9445 11332
f 2490 13027 2465
f 12938 13029 13037
f 11850 11880 9542
f 11187 11185 10542
f 13040 11469 13049
f 9195 9200 10180
f 12540 12728 13051
f 11972 13052 13054
f 12521 11689 11690
f 10946 10945 13055
f 12336 12441 10280
f 7799 11181 7660
f 11358 13056 11193
f 9846 13058 11823
f 13060 13061 13062
f 12351 12530 12334
f 12352 10942 12909
f 11324 11323 10236
f 9152 11504 11800
f 11322 12102 11323
f 13065 13069 13075
f 13008 12365 12602
f 12209 10282 12671
f 12307 12306 11421
f 9900 13081 11677
f 12520 10935 11907
f 11941 9279 9278
f 13084 13085 13086
f 11281 10718 13087
f 13088 10282 12898
f 10748 7864 11645
f 12144 11913 10349
f 12941 12637 12961
f 12671 13089 10817
f 13092 12682 13093
f 5858 9399 9294
f 12747 12354 12506
f 11710 11176 11175
f 13095 5491 12241
f 13100 13101 13102
f 13103 12735 12996
f 13104 13105 11275
f 13112 13114 13118
f 12527 7102 7099
f 10776 10778 12703
f 12855 12239 12234
f 11708 11707 12888
f 11557 12173 12575
f 9548 9539 11882
f 9067 11382 12276
f 10819 10828 9527
f 12889 12499 12486
f 2856 2843 517
f 12407 11161 12299
f 12523 11274 12649
f 11763 10953 10962
f 11550 10608 10830
f 13030 13124 13036
f 11130 11978 13127
f 13131 11902 10728
f 11951 11971 11585
f 10984 13133 10988
f 10735 13134 12638
f 11383 9067 12082
f 12294 13059 9847
f 13140 13141 13143
f 11525 11517 12436
f 10265 7672 10254
f 10989 12013 12689
f 7177 13148 9118
f 10618 11551 9614
f 12901 12666 11891
f 11711 9195 10293
f 11824 13057 12291
f 13149 13150 13151
f 10727 10095 2928
f 12019 12251 10385
f 12018 12551 12896
f 11218 11625 11220
f 9872 10972 11673
f 11289 11558 9198
f 11624 12402 12413
f 12834 13149 13151
f 8105 8509 4386
f 11217 8354 12789
f 12652 12644 11276
f 9657 9655 11353
f 1263 4836 10268
f 9730 12312 11767
f 11928 11578 11930
f 8426 10269 6946
f 12662 12665 13104
f 11279 12646 11273
f 2863 2027 11031
f 3824 7042 7038
f 2025 2869 11028
f 10048 10374 11284
f 12614 11489 10816
f 1444 6989 2861
f 12158 13152 12159
f 11175 10815 11709
f 12663 11272 10288
f 11118 11463 11688
f 13153 13154 13156
f 10925 8829 10086
f 11515 10280 10279
f 12549 11169 11389
f 12208 12831 13157
f 13160 13161 13162
f 11253 10490 10447
f 10168 12204 13163
f 13165 13174 13177
f 11381 12082 12726
f 13154 12252 12253
f 830 3272 2849
f 13179 11422 12608
f 12838 12611 12836
f 12607 12936 13181
f 12081 12506 10886
f 12729 11787 12839
f 12839 11662 12747
f 13186 13187 13189
f 11315 614 613
f 11306 11302 12724
f 12547 12660 8357
f 12935 11708 12581
f 12191 12758 12021
f 12486 10778 11646
f 12199 12201 12200
f 7660 10105 11581
f 11624 12413 11446
f 12613 12637 12611
f 11219 11224 11626
f 12636 12638 13134
f 13190 13191 13192
f 10977 7321 10654
f 11006 10453 13194
f 365 4499 4496
f 8486 11634 615
f 12702 12849 12693
f 13117 12745 13107
f 13199 11163 12180
f 11821 9815 11825
f 11257 11256 12761
f 12638 10004 10006
f 13209 13210 13212
f 11568 10456 11423
f 11895 12550 11893
f 11983 13213 11012
f 12143 11527 12134
f 12102 11322 10177
f 8971 9341 10865
f 12500 9767 9766
f 11808 13214 12130
f 11508 12214 11801
f 12213 9729 11769
f 11324 13215 12887
f 11631 13216 13217
f 12249 11306 12724
f 12179 12176 13218
f 11179 1289 10103
f 13220 13221 13222
f 11539 12051 12277
f 12839 12747 12729
f 8799 1865 4160
f 12082 10918 10920
f 11663 13223 11664
f 11456 11540 7576
f 13224 10062 10965
f 13213 13056 11358
f 6903 9216 11141
f 11647 11412 12485
f 11711 13226 10738
f 3744 11903 12431
f 11792 11797 12404
f 13000 13229 11986
f 11224 11442 11626
f 12351 12911 12530
f 12410 12409 12300
f 13116 13237 13018
f 9001 12166 13242
f 12746 12528 12740
f 13243 12258 13244
f 12024 12492 12486
f 13245 12806 12805
f 12725 11664 13246
f 13190 13055 13247
f 3102 3099 7103
f 11981 12333 13248
f 12032 12206 11287
f 12524 12648 10493
f 13249 13250 13251
f 12695 12693 12844
f 12614 10336 11489
f 11955 11609 11961
f 13252 13258 12768
f 11942 11941 12778
f 10956 12180 10957
f 11686 9465 10746
f 10334 10336 11176
f 7761 1286 7748
f 1286 11180 7743
f 11565 12174 10954
f 13262 13083 2544
f 9883 839 12317
f 13265 13266 13267
f 12743 12913 11924
f 11675 10516 6484
f 13268 13277 12095
f 12348 13278 13285
f 11696 11702 9712
f 11275 12891 11278
f 13131 11559 12915
f 12833 12696 13149
f 12199 10385 12251
f 12685 12251 12697
f 11843 12589 10389
f 10718 11281 11685
f 11892 11389 12050
f 11841 12201 12685
f 7137 12934 8687
f 8987 11704 7376
f 11917 11767 12312
f 13286 12961 12695
f 8336 8337 8682
f 12611 13287 12836
f 10735 12702 12693
f 4374 13028 10470
f 13101 13288 13102
f 13162 13289 13160
f 12561 11664 13223
f 11605 11334 3747
f 12756 11421 13178
f 10469 13027 9175
f 12970 12051 12951
f 12178 13290 13291
f 13292 13293 12950
f 13294 11714 13295
f 12744 11921 13106
f 10136 10900 10397
f 8355 13133 10984
f 12207 13296 12142
f 11075 11544 9545
f 13304 13312 12476
f 13313 13314 13315
f 12709 12128 12494
f 11373 10925 11374
f 11706 12667 12553
f 13316 11885 12467
f 11483 13322 11470
f 10920 12726 12082
f 12250 13154 12253
f 13327 12176 12565
f 12024 11708 12779
f 13103 13328 13329
f 12552 7100 10704
f 11226 10907 10337
f 12411 11765 11448
f 11874 10489 11255
f 12664 12131 12665
f 7101 11305 10702
f 13295 13331 13294
f 10497 10492 12643
f 12267 13334 12812
f 7098 10839 11112
f 13335 13336 13337
f 13341 13342 13347
f 8242 11983 11012
f 12942 11381 12726
f 12747 11662 10967
f 11661 11589 11972
f 13348 10541 11210
f 8238 9453 9452
f 13349 11036 13350
f 11670 11329 10955
f 11707 13351 12888
f 736 546 7754
f 11712 9792 9830
f 10823 9526 9525
f 11488 11487 10696
f 13352 13353 13354
f 9524 9605 11229
f 10998 13355 12820
f 13362 13370 13378
f 13381 12737 13382
f 13335 10334 11176
f 13383 12022 13384
f 9528 10615 9613
f 10584 10575 10872
f 12667 12581 12579
f 13385 12577 11257
f 11193 13056 13213
f 12570 12553 12023
f 10389 11351 10390
f 13215 11324 12635
f 1552 1547 5385
f 12206 12032 11566
f 3746 3744 13387
f 11954 11613 11610
f 13222 13215 9781
f 12665 11655 13104
f 13388 12904 11461
f 13389 12898 10281
f 12994 11662 12958
f 13390 13391 13393
f 13394 13395 12739
f 11321 13398 13404
f 9669 8289 10436
f 13409 13411 13413
f 13414 13245 12805
f 9080 4597 13419
f 11373 11371 11803
f 57 2804 8079
f 4000 4387 8509
f 12993 13089 13423
f 13426 13004 11443
f 5486 13430 5492
f 13329 12897 12733
f 13246 12726 12725
f 705 10301 8487
f 6431 6987 7698
f 12696 12833 12685
f 12942 13246 12578
f 11357 11012 13213
f 11924 12913 10680
f 11541 11457 11455
f 12638 10006 10735
f 13433 13436 13438
f 9911 10976 10653
f 12582 13195 12272
f 8394 10593 9000
f 11315 702 614
f 13439 13110 11920
f 11176 13444 13335
f 3436 612 616
f 10967 12354 12747
f 11618 12756 11621
f 12960 11706 12553
f 12256 12258 13160
f 12695 12961 12636
f 12553 12570 12959
f 11343 10966 11338
f 11708 12935 11706
f 13445 12757 12313
f 12492 12493 12888
f 12901 11890 12191
f 12019 10385 11514
f 12889 13351 13447
f 3749 10108 12338
f 11560 9775 9774
f 11707 11706 12700
f 12956 13218 13327
f 12025 11940 11557
f 12789 11795 11217
f 12023 12022 13383
f 11224 11221 11442
f 13448 13456 13462
f 2489 7422 7530
f 11444 11447 13427
f 13469 6974 5871
f 13470 13474 13477
f 13478 13479 13480
f 13481 13485 12322
f 9643 10237 10866
f 10565 9907 11378
f 12323 13489 12706
f 10782 12321 12137
f 12669 13491 11691
f 12989 11777 12218
f 13493 11414 11413
f 13157 13297 12208
f 12934 7137 2066
f 10771 10909 10108
f 12932 11352 11685
f 12278 11563 10005
f 13483 12222 13486
f 3420 3418 3524
f 11843 10719 12589
f 13494 13495 13496
f 11580 11935 10746
f 10885 11564 11563
f 9294 9395 9394
f 13499 13501 13502
f 11690 13353 12522
f 13504 13505 11754
f 12915 11559 12916
f 13506 13507 13508
f 12703 12486 12357
f 12578 13246 11664
f 12399 11623 11217
f 13509 13510 13511
f 13512 10228 6868
f 12438 12018 12896
f 11354 13513 11033
f 12165 5488 5484
f 11663 11662 13102
f 7328 7325 11604
f 11422 12609 12608
f 12653 13029 12938
f 13163 12537 12059
f 13425 11450 12418
f 13346 13345 11991
f 12937 11960 12654
f 13515 13519 13523
f 12726 13246 12942
f 12699 10100 10102
f 13004 13426 13526
f 9814 13443 11922
f 13061 12728 13062
f 10920 12298 10968
f 10455 11332 11422
f 13529 13530 12900
f 11688 11687 12336
f 8682 8337 7905
f 12950 11894 10102
f 13213 11358 11357
f 10944 13213 11984
f 13445 13531 12759
f 13388 11972 13054
f 11514 12551 12018
f 12439 13149 12696
f 11163 11385 11386
f 13532 13535 13538
f 13151 13540 13541
f 7177 12778 13148
f 12761 11256 11670
f 13542 13543 13267
f 11813 12183 11820
f 10546 6441 6437
f 12666 12901 12021
f 11256 11258 12150
f 12759 13531 12022
f 12960 12959 12700
f 13544 13545 13546
f 12960 12700 11706
f 12729 12081 12491
f 12334 12065 12351
f 9888 9901 11676
f 13548 11933 12591
f 11032 10340 9076
f 4305 6955 4291
f 9896 9894 10844
f 12893 13032 12651
f 11658 13550 13121
f 12592 13551 13547
f 11697 10532 10538
f 12603 12084 13010
f 9890 10558 10539
f 13122 13557 11950
f 4595 13560 13416
f 13563 13566 13567
f 12868 13570 13575
f 12498 13214 11808
f 11739 11751 13375
f 12986 13159 12991
f 12146 12724 12255
f 12084 12603 13577
f 11779 12990 12830
f 5013 6346 7389
f 11284 10374 11283
f 12840 12958 12839
f 11176 11710 13444
f 13571 12220 11776
f 9970 9983 13584
f 12574 12468 11888
f 12564 12358 12753
f 13100 12066 13585
f 13444 13336 13335
f 13587 13593 13300
f 12252 13154 13153
f 2470 2467 11178
f 13085 13595 13086
f 11013 8235 8244
f 11283 12260 13596
f 13243 11382 12942
f 13134 12693 12636
f 3598 1351 6433
f 13597 13601 13602
f 11459 11456 12689
f 12805 12534 13414
f 13603 13604 13605
f 13524 13607 13517
f 13223 12562 12561
f 10958 11384 11164
f 12416 12422 13424
f 7669 7394 10256
f 12288 9841 9840
f 12693 13134 10735
f 12034 12033 13608
f 10100 13609 10101
f 13346 11991 13233
f 13610 13611 13612
f 12439 12760 12018
f 11665 9866 11667
f 12626 8420 8257
f 9600 8699 12259
f 12888 12779 11708
f 12759 12757 13445
f 11894 12950 12702
f 13293 13292 13613
f 13447 12753 12889
f 12699 13609 10100
f 12761 10737 13386
f 13614 13023 13616
f 3107 11640 7711
f 13118 13019 12746
f 10338 10337 10907
f 11495 13617 13630
f 10481 10914 12762
f 13594 13583 13303
f 12671 13088 13530
f 7709 8772 4613
f 1286 1289 11179
f 13632 12727 13633
f 12635 9781 13215
f 11841 12685 10717
f 705 9378 4795
f 13634 11686 11579
f 11193 11191 11358
f 9781 13635 13222
f 13100 11786 12066
f 13220 11714 13294
f 7752 547 554
f 12066 11785 12612
f 13529 13595 13423
f 13636 13637 13638
f 13243 12942 12578
f 13384 12022 13531
f 11772 9153 11782
f 11275 13105 12891
f 13639 12034 13445
f 12421 13527 13428
f 11462 11692 11463
f 13640 13650 13653
f 831 1262 4386
f 10040 11197 11762
f 13159 12986 13299
f 8800 7615 12973
f 13001 11626 11442
f 13005 13002 13528
f 12945 11168 13023
f 12987 12216 12228
f 11452 12487 10961
f 12707 12147 12127
f 11664 12725 11662
f 12725 10920 10967
f 611 13396 11319
f 8799 4160 7614
f 13102 11662 12994
f 12606 11343 12936
f 13102 12562 13223
f 12908 12270 12808
f 7693 7903 6866
f 12022 12021 12758
f 3263 4125 4162
f 3203 3201 4351
f 13608 13542 13531
f 12438 13149 12439
f 12023 13383 12571
f 11463 11692 13389
f 12552 12736 12734
f 13149 12834 12833
f 13019 13118 13114
f 12762 10914 10736
f 12537 11603 12059
f 13656 13657 13659
f 12255 11806 12145
f 10281 11687 11463
f 13663 13665 13667
f 13668 12570 12763
f 11306 12249 12253
f 12805 12333 12534
f 10482 11288 9196
f 10390 11351 11562
f 13670 10736 10738
f 13383 13267 12571
f 10702 12735 10703
f 11280 12932 11685
f 12579 12666 12667
f 7798 1833 12556
f 12272 13195 12682
f 12187 13671 13441
f 11923 12743 11924
f 12537 13163 12203
f 13677 13286 12694
f 11054 11169 12549
f 13679 10228 13512
f 12014 11999 13686
f 13687 13688 13689
f 7327 11603 12537
f 13691 12961 13286
f 11570 11568 12683
f 13609 12699 11458
f 12638 12637 12613
f 11458 12690 13609
f 1840 2889 1829
f 9815 9824 11871
f 12845 13692 13677
f 12959 12570 12701
f 13694 13695 12017
f 13497 13696 1289
f 13351 11707 12701
f 11714 11382 13244
f 11791 12520 11907
f 11628 13000 11986
f 10963 13698 13699
f 10944 11193 13213
f 11086 11384 10958
f 12314 13700 12315
f 11386 11015 7543
f 13635 9781 11714
f 12875 13704 13706
f 13708 12967 10047
f 9781 12276 11382
f 13337 13085 12313
f 12565 12563 13327
f 13547 13710 13350
f 12004 11330 11670
f 9658 12932 11280
f 11606 10499 12639
f 11946 11968 11952
f 13711 13636 11633
f 13289 12256 13160
f 12933 11936 11939
f 13542 13384 13531
f 5413 11184 7003
f 13712 13713 13714
f 2467 2465 13716
f 13027 2490 9175
f 13288 12562 13102
f 13720 13516 13111
f 13723 12315 13725
f 11709 10815 13423
f 11283 10374 9279
f 13726 13728 13730
f 12967 10774 10047
f 13595 13336 11709
f 13731 12957 12956
f 11267 9879 7098
f 13732 13266 12731
f 13395 13394 13250
f 12834 13733 12835
f 12647 12642 10494
f 13637 13221 13638
f 10717 12835 13733
f 13736 13125 13031
f 13126 13253 13558
f 9271 2958 11523
f 10293 8235 11013
f 13699 13737 10963
f 12311 13739 13741
f 11948 13034 13120
f 11975 11970 11943
f 13735 13033 12894
f 11686 13634 12933
f 12921 13743 13249
f 9178 8776 8772
f 13382 12132 12522
f 13105 12894 12891
f 11033 11032 11689
f 11621 12756 13178
f 3839 9750 12190
f 13745 13746 13747
f 13245 13413 12806
f 13104 11654 13735
f 12586 12367 2549
f 13749 8531 13751
f 13108 13607 13524
f 13752 13753 13754
f 13012 2551 12368
f 10534 11694 12598
f 13757 12227 12221
f 12369 9897 10840
f 9723 13577 12603
f 12889 12888 13351
f 12250 12146 12149
f 11701 10536 10559
f 12290 11008 12490
f 11242 11498 12822
f 13330 13149 12438
f 11867 8957 12478
f 12774 13746 13745
f 9683 9681 3199
f 13155 13759 12723
f 11284 7664 10048
f 13719 13520 13514
f 11806 12126 12145
f 11177 10816 10815
f 13762 11811 12297
f 1447 11259 6947
f 5924 3837 3827
f 1371 12672 6403
f 12906 13764 12265
f 13086 13766 12034
f 13693 12847 12848
f 12152 13767 13615
f 13609 13292 10101
f 13771 13772 13774
f 11524 10579 9272
f 10807 10037 10989
f 13446 13775 13777
f 13780 13783 13787
f 11330 12009 13199
f 9277 2951 2962
f 12432 11516 2960
f 11476 11466 10569
f 11330 13199 10956
f 4250 97 4252
f 13339 10325 13788
f 13791 13024 13614
f 6902 97 4514
f 12313 13084 13639
f 12755 13731 12563
f 4837 9654 1437
f 13798 12542 12546
f 12835 10717 12833
f 12318 12559 9882
f 12307 11421 12756
f 13181 12936 11342
f 10717 12685 12833
f 13799 13087 13800
f 9658 9657 12932
f 10738 9195 11711
f 10960 12425 11451
f 13387 12431 12168
f 8698 11028 11284
f 13351 12570 13668
f 13412 13801 13802
f 11984 11981 13247
f 12680 13803 13806
f 10293 11014 11711
f 13525 13521 13236
f 12806 13413 13807
f 12804 13807 13191
f 13808 13060 13809
f 8243 11846 12063
f 12355 11620 11341
f 13812 13413 13414
f 13817 13818 13820
f 12570 13351 12701
f 12339 3744 3748
f 13290 13822 13823
f 13824 13437 13827
f 13834 13840 13842
f 13849 13851 13853
f 12955 13218 12956
f 13856 8510 12620
f 12257 13289 13331
f 12059 11603 13387
f 13480 13861 13862
f 11714 13863 13635
f 11804 11536 12497
f 12051 12970 11892
f 13482 13864 12226
f 4616 3385 3106
f 13697 13499 13865
f 13866 12849 12950
f 13868 13507 13506
f 12950 13869 13866
f 13170 13870 12378
f 8356 12661 10991
f 13872 12899 12898
f 13220 13294 13478
f 12565 11620 12355
f 12258 12562 13160
f 13873 13611 13874
f 13875 1003 58
f 13693 12848 13867
f 7711 11640 13878
f 10816 11489 10817
f 4796 10300 704
f 13879 13880 13881
f 13472 13883 13681
f 10404 11366 11793
f 11896 703 700
f 11136 12670 13052
f 10313 13887 10321
f 11692 11462 12902
f 13232 12998 13007
f 12415 11451 12425
f 10704 12736 12552
f 4587 4601 4603
f 13336 13595 13085
f 13891 12968 13724
f 13021 11166 12919
f 11341 11338 12049
f 13893 13894 13766
f 11325 12191 11326
f 13293 13895 13869
f 12957 12755 12953
f 12033 13265 13543
f 12918 11164 13198
f 11620 12565 12177
f 10738 13226 12688
f 12965 13896 13776
f 12612 11785 12613
f 11352 11351 10389
f 12310 12309 13897
f 13898 13899 13901
f 13387 3744 12431
f 13551 11282 13902
f 11934 11036 11929
f 11976 13556 13130
f 11936 12933 13903
f 12837 13904 13100
f 11463 11118 11460
f 5957 7741 12557
f 11693 12902 12669
f 13906 13907 13677
f 11275 12662 13104
f 11659 13735 11654
f 8296 11300 4274
f 10702 11305 12253
f 13552 11974 11944
f 11959 11611 12650
f 10177 10176 11174
f 12208 9162 12831
f 11414 7175 12969
f 12941 13690 13908
f 13677 13907 13286
f 13911 13296 13916
f 13918 13874 13919
f 13753 13752 9279
f 12328 11529 12141
f 13895 13508 13920
f 12690 13695 13921
f 11179 10103 10106
f 13869 13692 13866
f 11463 13389 10281
f 13295 12257 13331
f 4126 784 2138
f 13331 13479 13294
f 11662 12839 12958
f 10046 10042 10653
f 12571 13267 13266
f 11455 12952 11541
f 12701 12700 12959
f 12733 12735 13329
f 12696 12760 12439
f 13922 13923 13924
f 13926 13512 6868
f 12554 9884 12558
f 13223 11663 13102
f 13929 13930 13898
f 4375 4374 13932
f 12539 10946 13055
f 11988 12003 8351
f 13230 13527 12421
f 12920 12006 13022
f 13522 13113 13109
f 10766 13933 13937
f 13199 12180 10956
f 12349 13950 13280
f 13809 13951 12154
f 13327 12563 13731
f 12778 11356 11942
f 13383 13384 13542
f 13902 11282 11281
f 12577 11258 11257
f 8331 8682 7905
f 12257 13244 12258
f 13220 13222 13635
f 13267 13383 13542
f 12567 12566 13952
f 12688 12687 13670
f 11931 11566 12591
f 12612 12611 12066
f 13774 13953 13771
f 13869 12950 13293
f 12994 11786 13100
f 13955 12429 12914
f 13956 13715 4377
f 12836 13287 12941
f 13868 13957 13508
f 13585 12066 12611
f 13340 12420 10319
f 13446 13668 12763
f 13219 13822 13290
f 12486 12492 12889
f 12941 12961 13690
f 13960 13790 13963
f 10328 12415 12425
f 13485 13490 12322
f 11621 13180 11340
f 13776 13896 12953
f 12731 13266 12732
f 12357 12499 12753
f 13327 13218 12176
f 11513 10821 12442
f 12495 11535 12705
f 12226 13864 12229
f 12324 12330 13909
f 12322 13912 13917
f 13655 12714 13969
f 12829 9158 11778
f 1271 13975 12824
f 11531 12705 11535
f 12255 10926 10924
f 1275 5796 1281
f 12894 13105 13735
f 10994 8262 8250
f 13978 10798 13983
f 13985 13986 13987
f 8423 6954 8260
f 11686 11935 11580
f 12688 13226 12686
f 12995 13988 13328
f 12561 12258 13243
f 11981 13248 13247
f 8943 1402 1416
f 8070 10601 8075
f 13161 13160 13288
f 13085 13337 13336
f 6865 10227 7692
f 12535 12532 13020
f 11322 11967 12887
f 13995 11852 11870
f 13413 13245 13414
f 13996 13077 13070
f 13235 12533 13017
f 13423 13595 11709
f 11709 13336 13444
f 12472 8955 8952
f 13084 12034 13639
f 11881 11848 11859
f 12313 10334 13335
f 4860 14002 11831
f 11007 12583 12490
f 12037 12732 14003
f 14006 14008 13844
f 13086 12034 13084
f 4386 8509 4387
f 13328 13540 13329
f 11569 13194 10453
f 14013 13217 11322
f 13545 10717 13733
f 13447 13351 13668
f 14016 14021 14023
f 14028 13151 13541
f 13546 14029 13897
f 10719 11843 11842
f 13800 13087 13544
f 13265 14030 13266
f 10341 10287 9932
f 14033 13492 11139
f 11178 2467 13716
f 13119 13549 13256
f 12131 12132 13382
f 11033 13513 10341
f 14035 14036 14037
f 14044 14048 12772
f 14049 13494 12899
f 9768 12842 11917
f 11898 3250 9379
f 6903 6902 4514
f 14050 13331 13289
f 11774 11919 12505
f 14051 14052 14053
f 13102 12994 13100
f 12256 13289 12257
f 14055 14060 13658
f 13154 12149 13156
f 12724 10370 12255
f 12617 13289 12615
f 12694 12846 13677
f 12309 13799 13897
f 13350 11036 11934
f 11714 13244 13295
f 10775 9117 2374
f 13710 13547 13902
f 12308 12680 12306
f 7176 11942 11356
f 1874 11310 14063
f 11727 14067 14068
f 12728 14072 13062
f 14073 14081 14083
f 14088 14089 14090
f 13677 13692 13920
f 13608 13445 12034
f 13266 14030 12732
f 2943 2940 7060
f 10970 14091 14092
f 11486 8485 14093
f 12356 12358 12564
f 10416 7059 5799
f 12689 11456 10808
f 13822 12954 13823
f 14096 13236 13521
f 13958 14099 13789
f 3438 11649 8801
f 12083 13578 8976
f 14101 10971 14102
f 14103 14110 12784
f 11423 11421 12306
f 14069 14066 13284
f 14111 14115 14123
f 14096 13521 13818
f 13725 13892 13723
f 14128 14131 14134
f 13100 14135 12837
f 13708 13724 12967
f 13281 14138 14142
f 13554 14144 14041
f 13388 11461 11972
f 12522 13381 13382
f 13967 14148 12223
f 10728 10110 10727
f 12774 12923 13249
f 9018 9595 11416
f 10095 2929 2928
f 14150 13086 13595
f 12735 10702 12252
f 10341 13513 11354
f 12131 12664 11355
f 11762 11197 8502
f 11603 3746 13387
f 14152 14156 14159
f 10506 6058 4188
f 12698 12970 12951
f 13341 13347 13231
f 12837 14135 13585
f 14146 13255 12772
f 13221 14160 12887
f 11323 10237 10236
f 14161 13502 12383
f 13453 14164 14169
f 14100 14174 13344
f 12059 10169 13163
f 13904 14175 13101
f 5868 4222 5874
f 13965 14176 14181
f 12061 13436 11359
f 13637 14160 13221
f 13342 13341 14099
f 10727 9771 9775
f 12753 12499 12889
f 13731 12755 12957
f 13777 13775 14183
f 13447 12754 12753
f 12342 12815 14187
f 11786 12840 11787
f 12613 10004 12638
f 11341 12049 12355
f 13921 13610 13612
f 13906 13677 13920
f 12813 12807 14185
f 13244 11382 13243
f 12198 10481 12762
f 13051 13226 10947
f 14193 12274 13091
f 4514 5145 6903
f 12156 14196 12154
f 1289 13696 10104
f 14198 14200 14203
f 13100 13904 13101
f 11179 7799 7746
f 13506 14204 13868
f 14205 13957 13868
f 5966 5963 12751
f 12037 14003 12033
f 13670 12687 12686
f 14208 13409 14210
f 13093 14213 14192
f 14098 13539 13536
f 10102 11894 12699
f 13286 13907 13691
f 14216 14217 14218
f 13518 13717 13821
f 13733 12834 13151
f 14219 14205 14220
f 13087 14221 13902
f 12617 12616 14222
f 11281 13087 13902
f 13161 13288 13101
f 12950 10102 13292
f 13611 13613 13609
f 11580 10746 11285
f 13676 12188 11722
f 11932 11286 12206
f 13220 14223 13221
f 14227 2556 13270
f 2554 2550 12096
f 14228 13924 14229
f 13585 14135 13100
f 13576 9724 8977
f 13508 13507 13868
f 12593 12361 10845
f 13920 13692 13869
f 13266 12763 12571
f 12941 13287 12611
f 13148 9116 9118
f 10946 11193 10944
f 13055 10944 11984
f 13055 10945 10944
f 13055 13190 13192
f 8687 10221 8333
f 13414 12534 13238
f 13861 14230 14231
f 10969 14101 14232
f 14188 12344 12343
f 12272 12263 12582
f 13296 13911 12142
f 12956 13327 13731
f 12054 14234 14239
f 14243 10969 12963
f 7953 10053 9278
f 13354 14244 13352
f 14245 14246 14247
f 2442 6866 7903
f 14248 14249 14091
f 13103 12996 12995
f 13150 13330 13540
f 12589 11685 10389
f 11627 13003 12999
f 13529 13423 13089
f 14250 14251 14252
f 8687 12934 8336
f 14253 14258 14261
f 12758 12191 11325
f 13987 14263 13354
f 8353 8350 10402
f 13743 13250 13249
f 6951 11260 2867
f 4838 1435 10269
f 13952 12566 14266
f 13087 13799 12309
f 12680 12308 14267
f 13005 13528 13228
f 12130 13214 12498
f 10320 12414 10327
f 13529 13496 14268
f 12917 12916 14161
f 4548 5230 4233
f 10289 11355 12664
f 13251 14269 13249
f 13615 13022 12006
f 10956 10955 11330
f 10177 11174 12102
f 13826 14270 14273
f 13337 12313 13335
f 14276 14277 14268
f 12772 14048 14146
f 12379 14278 14279
f 12933 13634 12590
f 13035 11947 12940
f 11661 11461 11117
f 12686 13226 13051
f 14143 14047 14045
f 12670 13054 13052
f 7040 8328 3826
f 13808 13670 12686
f 13907 13905 13954
f 13691 13907 13773
f 13257 13550 11658
f 13161 13101 14175
f 14220 14282 14283
f 12167 13387 12168
f 12501 14284 12842
f 12922 12771 13259
f 13487 12716 12710
f 12149 13154 12250
f 9769 10177 11322
f 13868 14283 14282
f 13293 13508 13895
f 6427 5869 6976
f 14285 13437 13824
f 13853 12997 13153
f 13243 12578 12561
f 13851 13990 12995
f 13989 13184 14287
f 5521 7926 6666
f 12734 12733 12897
f 11311 1882 11964
f 13508 13957 13953
f 13638 14290 14291
f 13244 12257 13295
f 12963 10969 14232
f 14292 13919 13874
f 14294 13433 12314
f 14295 14296 14297
f 12755 13776 12953
f 13192 13738 13055
f 14298 13290 13823
f 13053 11973 11126
f 13248 12804 13191
f 12805 13248 12333
f 13530 13529 13089
f 12953 13896 12965
f 12951 12051 11539
f 14299 14300 12314
f 13822 13219 12954
f 10817 11489 12209
f 14301 14302 12567
f 13521 13820 13818
f 13517 13607 13108
f 13110 13439 13721
f 13227 12419 13338
f 13961 14174 14100
f 14180 12784 12783
f 13290 12178 13219
f 5872 9398 5862
f 14172 14179 12781
f 13151 13150 13540
f 11822 12297 11811
f 13530 13088 12898
f 9117 11615 2374
f 3203 8334 11672
f 14303 14029 13546
f 13608 13531 13445
f 13543 13542 12033
f 11166 11165 12919
f 13725 13700 12314
f 12036 14091 14304
f 12205 10654 7326
f 14305 14306 13739
f 14307 14308 13739
f 11141 14309 2161
f 5867 4290 4229
f 13732 12730 14304
f 13732 13775 13266
f 13769 14310 14318
f 1836 2882 1838
f 13446 12763 13775
f 13291 14267 12178
f 13061 13060 13808
f 13903 11038 11936
f 12964 12953 12965
f 12671 10282 13088
f 12559 12318 10018
f 6423 4293 5866
f 14320 14204 13506
f 13508 13293 13506
f 13292 13609 13613
f 13908 12826 12836
f 12431 11903 11902
f 10963 13737 13193
f 13908 12836 12941
f 11484 10220 10227
f 12837 14175 13904
f 2466 2486 2491
f 13247 13055 11984
f 14322 14323 13667
f 13293 13611 13873
f 13953 13957 14205
f 14246 14245 12017
f 13801 10063 13224
f 13537 14097 13819
f 14166 13883 13472
f 12777 11420 13467
f 12189 12181 11814
f 11993 11990 14170
f 12947 13889 10314
f 12963 12966 14324
f 13024 13023 13614
f 12969 9118 10775
f 14325 13688 14326
f 13094 14327 13805
f 10340 9077 9076
f 13294 13479 13478
f 14328 14298 14101
f 12522 12521 11690
f 13160 12562 13288
f 13014 12366 13011
f 11275 12663 12662
f 12522 12738 13381
f 13479 14050 14329
f 11362 12315 13709
f 10790 13982 10800
f 13493 7175 11414
f 13709 12315 13723
f 8976 13977 12083
f 9712 11702 9719
f 13775 12763 13266
f 9721 6390 8980
f 7175 9118 12969
f 14330 14331 14332
f 14335 9680 9678
f 14145 13553 13254
f 14338 14340 14199
f 12500 9766 13217
f 14343 14347 14351
f 14354 14356 13348
f 14361 7705 6981
f 13162 14175 14363
f 4498 7244 10232
f 3533 3529 7924
f 11322 9766 9769
f 13189 14370 14373
f 11693 11692 12902
f 14334 14381 14383
f 13541 13540 14386
f 13328 13103 12995
f 14390 13482 13914
f 13910 12327 12140
f 7936 7931 14394
f 11461 11661 11972
f 13149 13330 13150
f 13915 13298 12984
f 12965 14183 12966
f 12157 12577 13385
f 14197 13669 13809
f 10970 14304 14091
f 13544 10718 10717
f 13546 13897 13800
f 10281 12441 11687
f 12229 13864 13482
f 11633 11632 13217
f 12266 13763 12292
f 14399 12712 13845
f 13153 13156 13853
f 11933 11931 12591
f 12778 10053 9116
f 13670 10738 12688
f 13084 12313 13085
f 14401 12036 14304
f 14003 13265 12033
f 14183 13775 12966
f 12965 13776 14183
f 12261 12160 14402
f 13699 12540 12538
f 12966 13775 14324
f 13055 13738 12539
f 12690 12017 13695
f 14070 14404 14405
f 11691 14408 13567
f 13609 12690 13612
f 13921 13612 12690
f 13778 12754 13447
f 13817 14010 14004
f 14410 13629 13619
f 8958 11865 8948
f 14101 10969 10971
f 14415 12466 9976
f 14416 14421 13323
f 14424 14432 14438
f 9523 9520 9606
f 11233 11876 12483
f 13807 12804 12806
f 12447 11231 11481
f 1278 10264 2952
f 14331 14439 14440
f 11658 12922 13259
f 14441 14442 14443
f 14177 13962 14449
f 11994 14451 14455
f 11994 12787 14451
f 13743 11655 13250
f 3838 3840 829
f 6949 8424 6945
f 4387 4000 831
f 13209 13212 14456
f 12764 14042 12770
f 14457 14461 14464
f 14465 14466 14467
f 14468 11030 8698
f 14176 12784 14181
f 14474 14475 14476
f 12481 11887 13317
f 9538 9988 8949
f 13316 12467 14417
f 12037 13894 14477
f 14481 13628 14485
f 9974 14487 9981
f 14489 13616 13768
f 13774 14053 13908
f 14492 14493 14494
f 13773 13907 13954
f 14495 14220 14496
f 12684 14327 13094
f 14497 13701 12869
f 5968 14499 7912
f 14217 13541 14386
f 14501 14502 11631
f 12037 12034 13894
f 12005 13200 12010
f 12615 13289 13162
f 13265 14003 12732
f 11324 10236 12599
f 14028 13733 13151
f 12490 11008 11007
f 13739 14308 13741
f 12706 13489 13484
f 14063 14504 1874
f 14507 14510 14512
f 7600 14515 14519
f 14363 14175 12837
f 13508 13905 13920
f 14195 12157 13385
f 13853 13851 12997
f 11322 12887 14160
f 13226 11711 10947
f 10209 12750 1875
f 615 11634 3442
f 13902 14221 13710
f 14523 14495 13603
f 11690 11936 11038
f 11316 11311 11964
f 14523 13772 14219
f 13412 14524 13413
f 14363 12615 13162
f 14525 14526 14494
f 13726 14527 14528
f 13400 10208 14061
f 14530 14535 14537
f 10346 11502 9167
f 14329 14050 14540
f 13089 12671 13530
f 10817 13089 12993
f 13837 14542 14536
f 4617 4516 3598
f 11656 13123 11660
f 13680 12002 11992
f 13718 13442 13672
f 13491 14408 11691
f 13440 9810 12186
f 10988 13133 8355
f 13788 10325 13966
f 14178 14446 14106
f 11753 7734 9010
f 13574 13568 12501
f 14547 14553 9012
f 13162 13161 14175
f 13289 12617 14050
f 13697 13865 9774
f 14556 14557 14466
f 14559 14560 14248
f 13968 12225 14564
f 13761 12147 12707
f 14567 14572 14552
f 14577 14580 13851
f 13895 13920 13869
f 12713 14147 13970
f 12898 13389 11692
f 6482 6478 11678
f 10533 12595 10842
f 13493 14582 7175
f 14490 14583 13791
f 13220 13863 11714
f 12363 12360 12600
f 2546 9899 12588
f 11257 12761 13386
f 12178 14267 11619
f 12732 14030 13265
f 14251 14250 13803
f 14588 14214 14594
f 12810 13333 14598
f 13800 13544 13546
f 14324 13775 13732
f 14601 13502 14161
f 13664 13663 13951
f 14602 14603 14604
f 14606 14608 14280
f 737 734 2469
f 12545 9684 11650
f 12131 13382 12737
f 6868 14609 13926
f 13726 14611 14527
f 14299 12314 13433
f 10169 10168 13163
f 14320 13506 13918
f 14614 14616 14618
f 12501 14620 13574
f 13568 14284 12501
f 13482 14390 12229
f 14622 14626 14627
f 13259 13257 11658
f 14630 14635 13645
f 13653 14631 13640
f 12169 12168 14636
f 13148 12778 9116
f 13758 12882 14638
f 14642 14643 14644
f 13190 13247 13191
f 13248 12805 12804
f 12993 13423 10815
f 11140 58 1003
f 14647 14651 13649
f 14053 14052 14652
f 13872 12898 11691
f 14243 12963 14324
f 13831 13674 11734
f 12788 11998 12782
f 13828 11733 11731
f 7048 14654 8326
f 13852 13155 14398
f 12252 13153 12996
f 14655 14248 14088
f 13954 13905 13508
f 10570 10582 11520
f 12615 14363 14656
f 14657 14105 14447
f 14661 10969 14243
f 14326 14662 14325
f 14663 13604 14665
f 11942 13753 9279
f 14668 14671 13931
f 13265 13267 13543
f 14232 14298 12954
f 12150 12004 11671
f 13639 13445 12313
f 13567 14034 13563
f 14303 13733 14028
f 14672 14305 14673
f 12732 14401 12730
f 13897 13799 13800
f 14211 14586 14675
f 14676 14677 14678
f 11034 11178 13716
f 14680 12632 13094
f 13804 14327 12684
f 14529 13814 14534
f 13710 14221 13087
f 13547 13551 13902
f 14587 14683 14186
f 1208 1207 8485
f 14418 14691 14693
f 9971 13580 14688
f 13051 10947 12540
f 14599 13332 12268
f 13306 13992 11869
f 13551 12592 11282
f 13667 14677 12155
f 12478 13308 11867
f 10063 14697 13412
f 14699 14701 14137
f 14209 13410 13408
f 13817 13820 14010
f 14012 13821 13717
f 13191 14702 14703
f 13412 14697 13801
f 13991 14488 9977
f 13191 13247 13248
f 13732 14304 10970
f 10970 14661 13732
f 14709 14711 14717
f 9076 9075 11939
f 11939 9075 12933
f 11038 13903 11036
f 14205 13868 14282
f 14051 14053 13772
f 13923 12828 12827
f 8701 9599 14720
f 14721 14722 14723
f 8072 10600 14726
f 13292 10102 10101
f 14283 14729 14496
f 14733 14734 12016
f 14735 14283 13919
f 14440 14332 14331
f 14739 9311 9710
f 10580 13971 9273
f 13478 14223 13220
f 9099 57 8079
f 11655 13395 13250
f 12842 14284 13568
f 14046 14741 14634
f 12921 11655 13743
f 14743 13086 14150
f 13595 14268 14150
f 14630 14740 14346
f 12615 14656 14744
f 13492 12668 11139
f 14038 11128 13128
f 14746 14660 13474
f 13054 12904 13388
f 13473 14748 14162
f 14299 14750 14751
f 14276 14752 14753
f 13206 14754 14764
f 12827 14765 13924
f 12615 14744 14439
f 14172 13959 14179
f 12949 12944 13026
f 12115 14767 12057
f 10318 11167 12943
f 14331 12615 14439
f 12988 13158 12832
f 14774 12634 14250
f 11362 13709 10045
f 13329 12438 12897
f 13771 13953 14205
f 13766 13086 13893
f 11360 14294 12314
f 13741 14308 14775
f 11360 13436 14294
f 14776 14778 14781
f 13943 14788 14792
f 13724 12968 12967
f 14794 14796 12629
f 14797 13710 13740
f 14798 14802 14805
f 11559 13131 10728
f 14807 14272 14809
f 14652 12826 14053
f 12209 10279 10282
f 14810 14811 14812
f 14813 14556 14814
f 13908 13690 13774
f 14220 14205 14282
f 10031 10023 1872
f 14363 12837 14656
f 12322 13917 13481
f 13293 13613 13611
f 14223 13478 13480
f 14817 14818 14821
f 13156 12149 13760
f 11362 11360 12314
f 3439 3435 11648
f 14060 14055 14828
f 12775 13744 12765
f 14829 14831 14833
f 12738 13353 13352
f 12017 14245 13694
f 10374 7951 9279
f 14836 14837 14840
f 13694 14841 13610
f 14470 11063 11029
f 13350 14842 13349
f 14843 14330 14844
f 8421 12625 8103
f 13892 11414 12969
f 8104 12623 11840
f 12521 11033 11689
f 13479 13331 14050
f 13893 13086 14743
f 13470 13477 14749
f 12635 11324 12599
f 14171 11985 13343
f 14540 12617 14222
f 12004 12153 12007
f 13060 14072 13951
f 7176 13152 11942
f 14847 14590 14190
f 13409 13413 13812
f 12996 12735 12252
f 11330 11329 11670
f 11670 11667 12761
f 12896 12551 12897
f 14216 14028 13541
f 14011 13673 13833
f 10540 9682 3200
f 13787 14849 14852
f 13838 14406 14543
f 12311 12310 13739
f 14753 14853 13879
f 13060 13062 14072
f 13028 4377 13715
f 12312 9730 10176
f 14854 14855 14231
f 13217 14619 12500
f 13217 13216 14619
f 12887 13215 13222
f 14291 14290 14856
f 14857 14858 14859
f 14860 14861 14862
f 14346 14635 14630
f 14633 13651 11133
f 12219 13572 14867
f 14632 11129 14040
f 14868 14869 14870
f 13711 11633 14013
f 14656 12837 14467
f 13988 14872 13328
f 14050 12617 14540
f 13566 14875 14876
f 14877 14878 14879
f 13329 12735 13103
f 14056 14880 14882
f 14305 14672 14886
f 14216 13541 14217
f 14330 14222 14331
f 12132 11033 12521
f 14528 14887 13726
f 6424 6972 6988
f 13903 12933 11929
f 14888 14036 14889
f 8683 8682 8331
f 14029 14303 14305
f 13546 13733 14303
f 14306 14886 14307
f 14876 14049 12899
f 13444 11710 11709
f 2543 12587 2548
f 10804 14893 14900
f 14743 14150 14268
f 12732 12037 14401
f 13695 13610 13921
f 12311 13740 13710
f 14906 10795 13981
f 14907 14908 13931
f 14226 14126 2557
f 14378 14914 14919
f 6395 9725 11684
f 10796 11742 10806
f 10510 13264 14125
f 13772 13771 14219
f 14222 12616 12615
f 13879 14921 13880
f 13898 13901 14247
f 14220 14523 14219
f 14655 14922 14923
f 10963 13193 14704
f 14277 14924 13893
f 12837 13585 12838
f 14925 14926 14927
f 11568 12306 12680
f 14660 14746 14108
f 14745 12785 14107
f 13964 10324 13890
f 14109 14104 14659
f 14703 14702 13802
f 13801 14697 10063
f 11210 10541 11211
f 14655 14092 14249
f 12448 56 11140
f 13025 14448 12948
f 13196 12585 11005
f 13918 14283 14320
f 13893 14743 14277
f 13843 14009 13832
f 12059 12167 12169
f 13537 13819 13815
f 14928 14929 14930
f 12780 11997 14173
f 14597 12275 14846
f 12156 14931 14932
f 14933 14942 14945
f 358 7787 361
f 11498 12473 12822
f 12153 12150 11258
f 13830 14070 14405
f 9978 11856 13994
f 11723 12816 11732
f 14324 13732 14661
f 14090 14922 14655
f 14138 14700 14142
f 5802 7396 7670
f 12446 12435 11512
f 10874 10882 13974
f 13224 10964 10963
f 14947 14948 13632
f 14661 14243 14324
f 13974 10882 12823
f 14950 14922 14951
f 14952 14953 14954
f 14961 14965 13099
f 13538 13601 13597
f 13698 13633 13699
f 2162 1377 87
f 11044 14967 10470
f 14970 13618 11490
f 12838 13585 12611
f 12837 12836 12826
f 6408 7623 89
f 14440 14439 14557
f 14251 13291 14252
f 14765 14051 13603
f 14467 12837 14971
f 9399 9395 9294
f 14557 14439 14744
f 14053 13774 13772
f 14540 14222 14843
f 14759 14974 10655
f 8354 11629 11987
f 14976 14980 14981
f 10104 13696 12044
f 14989 8510 13856
f 14451 12787 14747
f 14163 13449 14994
f 11773 12841 13569
f 12013 12017 12689
f 14998 15000 15001
f 14926 14925 14807
f 14453 15003 13470
f 11164 10315 10958
f 10233 5349 4501
f 13187 14581 14370
f 12720 12711 14400
f 15005 15009 15014
f 11965 699 11313
f 3460 6253 8626
f 13436 11360 11359
f 12918 13198 12008
f 11966 1884 11900
f 15018 13366 15027
f 14277 14743 14268
f 11138 15031 15034
f 11934 13547 13350
f 12997 12996 13153
f 14932 13767 12152
f 14268 13496 14276
f 12429 11901 13132
f 13951 13809 13060
f 13251 13250 15036
f 11812 13765 12905
f 13544 10717 13545
f 15038 15039 15041
f 15044 15050 15055
f 12974 8802 8797
f 14829 13350 14831
f 13735 13105 13104
f 15036 15060 15061
f 15063 15065 15067
f 13087 10718 13544
f 14851 15069 15070
f 12275 14597 12264
f 11560 13865 13502
f 14244 13394 12738
f 15075 14831 15078
f 15079 13510 15080
f 14603 13353 11690
f 13642 14347 14343
f 13641 15082 15087
f 14345 14742 14348
f 13746 15090 13747
f 11133 11127 14633
f 15095 14286 15099
f 12997 13851 12995
f 14523 14051 13772
f 14503 14501 15101
f 2702 2535 3290
f 3524 2140 4190
f 15005 15106 15107
f 7764 7744 5961
f 14149 13486 12222
f 14389 13913 12985
f 14495 15108 15109
f 11774 11768 11919
f 5888 15113 5895
f 14556 14440 14557
f 13496 13529 12900
f 14013 15115 13711
f 12062 14809 13435
f 15116 13879 14853
f 13711 14160 13637
f 14601 12916 11561
f 14752 13496 14853
f 13610 13695 13694
f 12689 10807 10989
f 13898 14246 15117
f 15118 15109 15119
f 12784 14110 12786
f 15119 14729 15118
f 14927 14926 14636
f 14332 14440 14813
f 13192 13191 14703
f 14230 13861 13480
f 14182 13960 13963
f 14450 15123 15128
f 14921 13879 15129
f 13236 13115 13525
f 1370 1378 2163
f 15130 15131 14332
f 13602 14541 15132
f 14561 15133 14201
f 13635 13863 13220
f 14814 14332 14813
f 14871 14287 15092
f 13221 12887 13222
f 12156 14677 14931
f 13602 13601 14539
f 14533 13816 14005
f 15135 14217 14386
f 15136 14950 14102
f 13276 2559 12101
f 11735 13675 11724
f 13808 12686 13061
f 12681 13197 11571
f 10971 10970 14092
f 15095 15099 15137
f 12315 13700 13725
f 12814 11721 11817
f 13092 12272 12682
f 14298 14232 14101
f 14948 13667 13665
f 14931 14676 14932
f 14071 13829 11730
f 14846 12275 14194
f 10517 13081 13260
f 11660 13123 13734
f 13987 14602 15140
f 14487 13307 9981
f 8333 8335 7137
f 11420 15147 6978
f 13751 15148 15149
f 15150 15151 15152
f 6672 5439 5435
f 13645 14635 14346
f 12670 12904 13054
f 14247 13694 14245
f 15155 14649 13647
f 13649 14651 13652
f 8254 11065 14471
f 12721 13761 12707
f 11206 5861 9290
f 13685 13882 14732
f 12884 15159 14637
f 14581 13187 13182
f 13868 14204 14320
f 14894 14116 14897
f 13874 13611 13901
f 14117 8562 10513
f 13271 15163 14224
f 2050 8044 5978
f 13919 14283 13918
f 6394 7369 4358
f 14892 13369 14118
f 12604 9713 9722
f 15168 15170 14459
f 11736 13377 10803
f 13873 13918 13506
f 13638 14291 13636
f 14032 15035 13565
f 14099 13341 13789
f 14841 14247 13901
f 14855 15131 14231
f 14472 10999 10995
f 13699 12538 13737
f 15124 13476 13475
f 9681 4354 3199
f 15115 14160 13711
f 13414 13238 13812
f 15171 15172 13495
f 15175 14720 9599
f 14843 14329 14540
f 14843 14222 14330
f 14844 14330 14332
f 14298 13823 12954
f 8511 8509 11839
f 14721 14723 14296
f 14655 14923 14092
f 13839 14007 13841
f 14557 14744 14466
f 11478 13318 13326
f 1263 10414 8102
f 13597 15132 15176
f 11728 12341 12350
f 14813 14440 14556
f 15177 15184 15189
f 10572 11467 10576
f 14477 13894 13893
f 15192 12037 14477
f 14466 14465 15194
f 14267 13803 12680
f 14753 14752 14853
f 13540 14872 14386
f 14496 15108 14495
f 15109 13603 14495
f 14267 12308 11618
f 14216 14673 14303
f 15109 14493 14665
f 12309 12311 13710
f 13732 12731 12730
f 15195 15196 15197
f 700 705 8487
f 12271 13090 12273
f 15198 15203 1288
f 700 8486 615
f 14467 14744 14656
f 12828 14971 12826
f 12033 13542 13608
f 14971 12837 12826
f 7659 7663 7800
f 15208 12972 12982
f 14765 12827 14052
f 14628 15209 15211
f 15213 13747 15214
f 14205 14219 13771
f 14329 14843 14230
f 15087 15082 15220
f 15157 13644 15088
f 9291 9287 10230
f 13403 13397 612
f 14268 13595 13529
f 15224 15228 5971
f 13881 14276 14753
f 14664 15196 15232
f 13802 13807 13412
f 13807 14524 13412
f 14119 8565 8560
f 15109 15108 14496
f 14283 13868 14320
f 15119 14496 14729
f 14608 12917 14161
f 11902 12337 10110
f 13491 14034 13567
f 13413 14524 13807
f 6675 8299 8297
f 15233 15234 15131
f 15036 15235 13251
f 14039 13129 13555
f 10963 14704 13225
f 15236 15237 14525
f 13881 13880 14276
f 12916 14601 14161
f 14564 15238 13968
f 12713 13488 14147
f 5958 12560 10019
f 14059 15244 14365
f 14289 13185 13188
f 13847 12715 14364
f 15248 14157 15251
f 13474 15003 14746
f 13474 14660 15125
f 5489 15256 13432
f 11322 14160 15115
f 14103 12784 14176
f 13673 14011 13722
f 13711 13637 13636
f 10970 10969 14661
f 8335 2062 7137
f 14201 15133 14203
f 13505 15257 11754
f 13689 12431 13687
f 14899 14120 14114
f 2552 13013 12098
f 12089 15258 13269
f 3417 4125 2139
f 14401 14304 12730
f 15260 4678 15262
f 15263 15265 15268
f 14306 14305 14886
f 12106 14382 15270
f 13291 13290 14298
f 12428 13131 12915
f 15282 15285 15290
f 14636 12431 13689
f 13944 15297 15300
f 13291 14251 13803
f 15301 13687 13955
f 14888 13349 14842
f 12060 12169 14926
f 15304 14352 15213
f 15305 15309 15317
f 13688 14636 13689
f 12665 12739 11655
f 481 799 2811
f 15064 14874 14458
f 11672 3197 3203
f 14272 14807 14662
f 14354 15319 15321
f 15322 15151 15323
f 14090 14089 15039
f 11359 15324 12061
f 14560 15325 14089
f 14544 14537 14535
f 14249 14092 14091
f 13537 13815 13599
f 13602 14539 14541
f 13225 14704 13802
f 11414 14300 11415
f 14128 15327 14131
f 3838 831 4000
f 15068 14615 14613
f 10169 12059 15324
f 14276 13496 14752
f 14854 14843 14855
f 13956 15330 14610
f 4856 12679 1373
f 14982 14991 13451
f 12014 12012 11999
f 13901 13611 14841
f 15332 15333 14921
f 15334 15340 11410
f 14477 15333 15332
f 14013 11633 13217
f 15344 15346 12925
f 1210 11486 11044
f 12230 14389 12985
f 14730 12015 13683
f 14992 13886 14165
f 12826 13908 14053
f 14444 13964 13890
f 11035 13715 13956
f 14855 14843 14844
f 14189 12811 14600
f 15264 15349 15122
f 12034 13766 13894
f 12501 12842 9768
f 12828 14465 14971
f 14673 14218 14672
f 13386 13669 14197
f 15351 14886 14672
f 14729 14735 15118
f 13739 12310 14305
f 12154 13663 12155
f 12155 13663 13667
f 12727 12540 13633
f 12728 13061 13051
f 13217 9766 11322
f 14889 11037 13349
f 12739 12665 12737
f 11038 14604 14603
f 14458 14874 13563
f 11038 11037 14889
f 15353 15013 15240
f 9118 7175 7177
f 9420 15358 15360
f 11770 11781 12211
f 14876 14875 15063
f 12737 13381 12738
f 13879 15116 15364
f 14368 14579 13846
f 14369 13660 14058
f 13757 14639 14565
f 12900 13494 13496
f 13638 14223 13862
f 14478 12479 13626
f 14486 13993 13310
f 13311 13302 13581
f 15370 15373 15376
f 15384 15174 9601
f 14734 12017 12016
f 15385 15386 15387
f 13812 13534 13409
f 15388 15389 15390
f 4298 11639 4301
f 15391 15392 15393
f 14297 13922 14228
f 13357 15395 13859
f 12818 12619 12627
f 14231 15131 15234
f 15180 14434 15185
f 12444 11474 12437
f 11228 12482 11479
f 13880 14921 14924
f 14450 13792 15123
f 15396 14870 15397
f 1270 9274 13973
f 14533 14005 13836
f 12618 15399 13857
f 14297 14465 13922
f 13471 13684 14452
f 14128 14543 15401
f 15404 14585 15406
f 14585 15404 13793
f 14414 9975 9969
f 15003 13474 13470
f 15234 15410 15412
f 12476 14479 13304
f 15413 13922 14465
f 14052 14051 14765
f 12462 11636 14358
f 14577 13851 13848
f 8803 12972 15208
f 13546 13545 13733
f 13314 15415 14158
f 14254 15416 15094
f 13540 13328 14872
f 15057 15418 15420
f 15422 15109 15118
f 13282 14404 14070
f 14403 14132 15328
f 14303 14028 14216
f 14129 15423 14541
f 14924 14277 13880
f 15332 14558 14477
f 14923 10971 14092
f 14672 14218 15424
f 14949 14946 15425
f 13897 14029 12310
f 14833 14037 14888
f 15118 14735 15422
f 15294 13948 12345
f 13403 612 15206
f 14777 15426 14319
f 15429 15430 15438
f 13175 13169 12375
f 12876 12870 13703
f 14297 14296 15194
f 13217 11632 11631
f 14814 14556 14466
f 14370 14581 14578
f 15441 15442 15443
f 11836 11826 5431
f 14641 15444 15354
f 15210 15172 15171
f 12059 13387 12167
f 13409 13534 13533
f 15445 11631 11633
f 15385 15446 15447
f 13437 15448 13434
f 14283 14735 14729
f 6366 3316 15449
f 11322 15115 14013
f 13600 14531 14538
f 15448 14285 15450
f 12898 11692 11691
f 14142 14132 13281
f 7714 8774 7708
f 15401 14406 15329
f 15453 15460 15286
f 12915 12917 14606
f 13612 13611 13609
f 14102 10971 15136
f 14300 11414 13892
f 14102 14328 14101
f 13806 12683 12680
f 14162 14748 15263
f 14332 14296 15130
f 14246 15461 15117
f 15349 15464 15122
f 13603 14051 14523
f 15465 15466 15467
f 14603 11690 11038
f 15468 15469 15470
f 15463 13476 15124
f 14836 11413 11415
f 15347 14749 13477
f 15471 15472 15473
f 14367 12718 13662
f 14527 14244 13354
f 14580 13990 13851
f 12737 12665 12131
f 14289 13188 14371
f 15476 15480 15484
f 13353 12738 12522
f 14232 12954 12962
f 14139 15487 15491
f 14043 14348 14742
f 14184 14686 15295
f 15492 13713 15493
f 15494 15495 15496
f 14344 14349 15302
f 11137 13053 11126
f 13663 12154 13951
f 12658 11277 12890
f 10104 12045 10106
f 12269 12295 12584
f 15497 15076 14775
f 15165 14457 15500
f 6979 15143 14360
f 13710 13087 12309
f 14797 13740 15078
f 15065 15063 14875
f 13437 14285 15448
f 14308 14307 15505
f 13350 13710 14797
f 11036 13903 11929
f 14842 13350 14829
f 13873 13874 13918
f 14309 11141 12448
f 14220 14495 14523
f 14496 14220 14283
f 3830 15508 7046
f 15512 15515 14500
f 13605 15516 15517
f 15194 14814 14466
f 15109 14496 15119
f 10106 11181 11179
f 14494 15518 15196
f 14292 14525 15422
f 7717 10662 9177
f 12778 7177 11356
f 13082 9895 2547
f 14112 15162 14896
f 10963 10965 13698
f 15519 15520 15521
f 13152 14840 15522
f 8979 15525 13980
f 12458 15531 12452
f 15062 14629 15533
f 13476 15463 15350
f 13251 15061 14269
f 15263 15268 14167
f 6387 15524 8981
f 15534 15536 15537
f 12103 4356 9679
f 13661 12719 13654
f 14570 15538 14575
f 15121 15539 15266
f 15540 15123 13792
f 15354 14563 14641
f 14825 14054 15008
f 14249 14248 14655
f 15006 15159 12884
f 4377 13028 4374
f 13598 13813 14532
f 15544 15545 15101
f 14786 15546 15547
f 15302 13643 14344
f 15154 15501 14645
f 15131 14855 14844
f 87 1377 93
f 12686 13051 13061
f 15550 13947 15299
f 14309 2162 2161
f 14924 15333 13893
f 8483 1276 10880
f 12347 13950 12349
f 13092 13093 14192
f 15393 15552 14722
f 14508 15070 14617
f 14673 14216 14218
f 14781 14778 15555
f 14870 15396 15558
f 15559 15385 15560
f 15561 12035 15193
f 14558 15192 14477
f 15565 15379 15568
f 14259 15575 14262
f 13881 14753 13879
f 14689 14422 9973
f 15077 13742 14775
f 12460 14359 15528
f 14258 15096 15139
f 15140 13985 13987
f 14387 14873 15091
f 14296 14723 15130
f 15576 15577 15578
f 14971 14465 14467
f 15109 15422 14493
f 13605 14765 13603
f 14687 13582 13591
f 13073 15580 15584
f 12826 14652 12827
f 14810 14812 15588
f 15467 15466 15589
f 15516 15195 15590
f 14296 15391 14721
f 5798 5793 1277
f 15011 15010 15243
f 1283 2946 9276
f 14841 13611 13610
f 15592 14555 14549
f 13678 13348 15594
f 12217 14865 13755
f 15461 14246 14734
f 15008 14054 13659
f 12017 14734 14246
f 15596 15559 15597
f 14889 14036 14035
f 15083 15303 15598
f 15031 11138 11132
f 15158 13648 13646
f 7692 8331 7694
f 15126 14658 14445
f 13862 14223 13480
f 14748 15265 15263
f 14921 15333 14924
f 14291 11633 13636
f 14853 15172 15210
f 15130 14723 14722
f 13183 13990 14580
f 15136 14922 14950
f 15600 15601 15506
f 15094 15416 15603
f 14877 15605 15607
f 15424 14218 15604
f 14328 14102 14774
f 14477 13893 15333
f 14328 14252 14298
f 15133 15332 14921
f 15401 15327 14128
f 15612 15617 15619
f 14029 14305 12310
f 14677 12156 12155
f 14198 15209 14337
f 15623 15625 15626
f 15627 15630 15487
f 13407 14064 11318
f 14932 12576 12156
f 13350 14797 15078
f 14990 14456 9750
f 15633 13532 15634
f 14952 15635 15637
f 15639 15640 15643
f 14775 14308 15506
f 15645 15651 15652
f 15656 15657 15658
f 14651 11134 13652
f 11359 10169 15324
f 15354 15444 15004
f 14501 15445 15659
f 15668 15440 15673
f 13850 13854 14397
f 15012 15354 15004
f 10540 3198 11212
f 14877 15674 15675
f 15676 15618 15685
f 14502 14619 11631
f 13744 14352 12765
f 14860 15607 15411
f 13861 15397 13862
f 13480 13479 14329
f 14782 15426 14777
f 15131 15687 15233
f 14250 14252 14328
f 15689 15690 14834
f 15630 15627 15691
f 15626 15694 15696
f 15210 15364 15116
f 15697 14810 15588
f 15412 14868 15558
f 7917 15515 7762
f 4195 6058 10506
f 15698 15699 15700
f 14685 14595 15459
f 15519 15521 14980
f 15704 8573 13372
f 14398 13155 12723
f 14922 15136 10971
f 14455 14451 14747
f 15705 15710 15714
f 15134 14388 15093
f 13458 13453 14169
f 14807 12060 14926
f 13261 2545 2560
f 15171 13495 15715
f 15424 15604 15351
f 15719 15723 15728
f 10227 6865 6869
f 15505 14307 15730
f 13175 15731 15204
f 15733 15736 15738
f 14293 13900 15740
f 13923 13922 15413
f 13615 12006 12152
f 14678 13767 14932
f 14888 14842 14829
f 12009 11330 12004
f 14300 13725 12314
f 15742 15743 15744
f 14950 14774 14102
f 13969 15239 13655
f 15667 15745 12881
f 13862 14290 13638
f 14927 14636 14325
f 13638 13221 14223
f 15101 14501 15747
f 12590 13634 11579
f 14248 15561 15193
f 12168 12431 14636
f 14230 13480 14329
f 15748 15447 15446
f 15080 15749 15750
f 15751 15752 15753
f 12159 15754 15755
f 15756 15757 15758
f 15759 13707 13702
f 14230 14843 14854
f 14870 15558 14868
f 15422 14735 13919
f 15213 14352 13744
f 12774 12767 12923
f 12100 12092 13275
f 4280 5578 4268
f 15656 15658 15761
f 14157 15762 15251
f 14231 14230 14854
f 15763 15764 15765
f 14091 12035 15561
f 15131 15766 15687
f 14433 15767 15768
f 14269 12774 13249
f 15194 14465 14297
f 15771 15657 15772
f 15773 15442 15774
f 15776 15778 15781
f 13898 15117 13929
f 14464 14461 15033
f 15172 13496 13495
f 13810 13234 14095
f 15030 11135 14650
f 13872 11691 13566
f 15762 14951 15251
f 14655 14088 14090
f 13417 15252 5487
f 15782 15721 15729
f 14254 15785 15603
f 14871 13989 14287
f 9278 10053 11941
f 14210 13409 13533
f 13682 11995 14454
f 14883 15611 14257
f 15196 14492 14494
f 15789 15490 15792
f 14405 13835 13830
f 14305 14303 14673
f 14663 15232 15794
f 2469 6864 737
f 15176 15423 15795
f 14133 15790 14130
f 13604 13603 15109
f 15793 15796 15788
f 15797 15578 15742
f 15078 14831 13350
f 15794 13605 13604
f 15116 14853 15210
f 13386 10737 13669
f 14681 13806 13803
f 14493 15422 14494
f 3825 7040 3826
f 15369 14727 10595
f 11721 12185 11817
f 15800 15478 15477
f 15806 15394 13356
f 11037 11036 13349
f 15810 15280 15292
f 13624 13588 14483
f 13038 10577 11464
f 15576 15578 15197
f 15794 13604 14663
f 15812 15744 15813
f 14665 14493 14491
f 14492 15196 14664
f 14665 13604 15109
f 13592 15581 13080
f 15814 14604 14889
f 15194 14332 14814
f 14465 12828 15413
f 14244 12738 13352
f 14611 13726 15815
f 15237 15816 15817
f 13752 12260 11283
f 15819 15820 1798
f 15242 15008 13656
f 13802 14702 13191
f 10965 15822 15823
f 13078 14687 13591
f 12572 11860 11857
f 15558 15396 15234
f 15824 15825 15826
f 15827 15519 15828
f 14980 15830 15519
f 14453 14746 15003
f 14987 14734 14733
f 841 1878 10024
f 8102 10414 8427
f 15831 15825 15824
f 15836 15839 15844
f 14722 15766 15130
f 15495 15845 15757
f 15391 14722 14721
f 12622 12821 13358
f 15479 15849 14760
f 15120 15462 15127
f 13025 13795 14448
f 15854 13796 15402
f 14350 14042 12764
f 9750 4000 8511
f 13746 14269 15061
f 15858 14684 15863
f 15867 13401 7597
f 15284 15279 15868
f 14722 15553 15766
f 15552 15392 15825
f 14677 14676 14931
f 14798 14805 15874
f 12900 13530 12898
f 14623 15879 15881
f 13565 15035 15029
f 13269 15258 10789
f 15162 14112 14225
f 15500 14457 14464
f 15274 14379 11748
f 13797 14353 15884
f 15887 15601 15888
f 14775 15076 15077
f 14853 13496 15172
f 12971 7613 12979
f 13391 15887 13393
f 6050 8559 8572
f 13563 14874 13566
f 15889 15892 15896
f 14560 14089 14248
f 10517 11677 13081
f 14674 14846 14194
f 14127 13263 2555
f 13273 10788 15160
f 14681 14250 12634
f 15897 14035 15898
f 15594 13348 11210
f 15823 15900 14946
f 13801 13225 13802
f 14562 15332 15133
f 13924 15467 14229
f 15694 15625 15639
f 14290 13862 15597
f 15041 14089 15325
f 14088 14248 14089
f 15905 15906 15908
f 15774 15442 14295
f 12879 13756 14866
f 14816 14822 14881
f 15131 14844 14332
f 15766 15131 15130
f 12827 13924 13923
f 14229 14295 14228
f 14526 15518 14494
f 15558 15234 15412
f 15911 15659 15386
f 14860 15912 14861
f 15687 15766 15553
f 10971 14923 14922
f 15265 14748 15348
f 14222 12615 14331
f 15915 13459 15267
f 13315 12633 13313
f 13465 13460 15918
f 13314 13313 15919
f 14491 14663 14665
f 14294 13436 13433
f 15825 15920 15552
f 15088 15923 15157
f 13240 9007 9004
f 13564 15032 14462
f 13597 13602 15132
f 14463 14646 15502
f 13138 13142 15932
f 15796 15795 15423
f 13279 14141 13283
f 15897 13509 15140
f 15008 13657 13656
f 15097 14288 14374
f 14056 14823 14880
f 15472 14270 14662
f 13669 13808 13809
f 14218 15134 15604
f 15351 14672 15424
f 15034 14031 11138
f 14323 14322 14779
f 13632 13698 14947
f 13354 14263 14527
f 14685 14589 14595
f 15936 15938 15037
f 14888 14037 14036
f 14213 13093 12630
f 13633 12540 13699
f 13566 14876 13872
f 15940 15941 15817
f 14527 13987 14528
f 15897 15140 15814
f 13353 14603 13354
f 14247 14246 13898
f 13900 13899 15740
f 7761 1287 1286
f 12739 12738 13394
f 15156 15942 15503
f 13224 10063 10062
f 12827 14652 14052
f 14476 15779 14474
f 15522 14840 14839
f 14296 14332 15194
f 13687 14326 13688
f 5956 10029 5962
f 15599 15304 15213
f 10064 13410 14209
f 15004 15444 14640
f 14646 14463 15028
f 15176 15945 15694
f 14498 15947 15511
f 12869 13574 14497
f 15954 15957 15830
f 7175 14582 7176
f 13931 14908 14617
f 15961 15964 15971
f 13464 15783 13454
f 15975 13063 15979
f 13301 14484 13586
f 15986 15989 15991
f 15445 11633 14856
f 15577 15992 15237
f 14167 15268 13457
f 15067 15168 15995
f 14616 4376 4375
f 12469 1405 11238
f 15209 14198 15364
f 15101 13701 14503
f 15040 15326 15936
f 16001 16004 15934
f 16006 15516 15465
f 15196 15195 15232
f 14774 14950 15415
f 15872 15281 16008
f 16012 16013 16014
f 15607 15674 14877
f 15396 15397 13861
f 10881 1274 12825
f 11521 12433 11472
f 2283 16017 16023
f 14941 16026 16031
f 16034 7994 3414
f 15188 15181 16040
f 15795 15793 16042
f 15105 15007 12880
f 14142 14700 14131
f 14132 14403 13281
f 14323 14779 14314
f 15553 16043 15687
f 15796 15423 15788
f 14845 14675 14586
f 11480 12480 13320
f 15234 15396 14231
f 15604 15134 15093
f 12154 14197 13809
f 14796 14793 15417
f 15600 15505 15730
f 14262 15785 14254
f 14921 15129 15133
f 15422 13919 14292
f 16044 16045 16046
f 16043 15410 15687
f 14473 10992 8253
f 13506 13293 13873
f 10656 16049 16052
f 16043 15412 15410
f 14072 12728 12727
f 14340 14621 14799
f 15911 16054 16055
f 14295 16056 15391
f 14468 8698 8703
f 14862 15675 14860
f 12900 12899 13494
f 14605 16057 13955
f 840 1879 1877
f 15687 15410 15233
f 16043 15553 15921
f 15470 15469 15590
f 3528 7505 4004
f 15061 15090 13746
f 15273 11743 11738
f 14863 12867 12877
f 14091 15561 14248
f 15741 15236 14292
f 15912 15920 14861
f 16058 16059 13899
f 14810 15697 16060
f 14252 13291 14298
f 16061 16062 16063
f 13753 11942 13152
f 14951 15414 14950
f 15084 13643 15302
f 15323 15772 15322
f 16067 16068 16076
f 15688 14750 13433
f 15781 15314 15313
f 15086 16080 15217
f 15009 15107 14824
f 11415 14300 14751
f 16081 15930 16086
f 13802 13191 13807
f 14565 12227 13757
f 14325 14662 14925
f 14678 14677 14323
f 15560 14290 15597
f 15423 15176 15132
f 13433 14750 14299
f 15861 16093 16094
f 15537 15536 14206
f 16095 16097 15575
f 16078 16069 16102
f 13716 2465 13027
f 14407 14403 15328
f 12061 15324 12059
f 13803 14267 13291
f 15688 14751 14750
f 12630 16104 15811
f 16111 15556 16114
f 12091 13982 10790
f 13367 15703 13368
f 16115 14035 14037
f 14889 13349 14888
f 12633 13315 12628
f 16117 15690 15689
f 16118 14877 15675
f 15774 14295 14229
f 13152 7176 14582
f 16080 16120 15217
f 16121 16124 16126
f 13493 11413 14840
f 16129 15323 15151
f 16132 16139 16143
f 14295 15442 16145
f 13394 14244 14611
f 15517 15516 16006
f 16146 16147 6370
f 16148 15492 16149
f 15643 15537 14206
f 15164 16154 16158
f 11210 11209 11485
f 13924 14765 13605
f 14526 14525 15576
f 15232 13606 15794
f 14292 13874 13901
f 16163 16164 16165
f 15597 15397 15596
f 15790 14133 14701
f 15489 15786 14698
f 14278 16166 14279
f 15545 13701 15101
f 14699 15790 14701
f 14784 16168 16170
f 14134 14131 14700
f 16173 15791 15632
f 13421 13562 14084
f 15824 14862 14861
f 14870 14869 15397
f 13285 14065 12348
f 13865 11560 9774
f 14861 15920 15831
f 15237 16174 15577
f 14201 15936 14561
f 15825 16175 15826
f 3380 3379 13504
f 13924 13605 15517
f 15070 15069 14612
f 16164 15446 15559
f 14326 13687 15301
f 15037 16176 14152
f 15469 15516 15590
f 13189 13187 14370
f 14228 13922 13924
f 14513 16178 16184
f 15277 15811 16104
f 15129 13879 15364
f 15991 15838 16189
f 15100 14372 15245
f 14203 15133 15364
f 16059 16058 13930
f 15461 14981 16191
f 11559 9775 11560
f 15506 15601 15497
f 14948 13665 12727
f 13955 16057 15301
f 16115 14833 13390
f 14833 14888 14829
f 15888 16192 16193
f 14669 13932 14967
f 14037 14833 16115
f 14811 15741 14812
f 13768 16195 16196
f 13665 14072 12727
f 15728 15723 13455
f 13705 16125 12872
f 10067 14207 15535
f 10728 9775 11559
f 13985 16198 13986
f 15606 14857 14869
f 13932 14616 4375
f 13596 8699 8698
f 15912 15411 16043
f 14501 15659 16199
f 14090 15039 14951
f 12451 16202 14078
f 14611 14244 14527
f 8079 3840 3839
f 14662 14807 14925
f 14861 15831 15824
f 15921 15912 16043
f 14862 15824 16063
f 14988 13858 13204
f 13885 14983 14731
f 15237 15992 14525
f 16204 15764 15763
f 8077 8942 7627
f 15520 16059 15521
f 15467 15773 14229
f 16209 16212 15727
f 16216 16217 15589
f 11868 11862 8946
f 15834 16220 16221
f 16030 16035 14939
f 13880 14277 14276
f 15928 16082 16225
f 16196 14489 13768
f 16228 16229 16230
f 15666 14820 16231
f 16233 15547 16172
f 15488 14140 13945
f 15300 15297 15859
f 8076 11235 1404
f 15659 15445 14856
f 15171 15212 15210
f 15410 15234 15233
f 15597 13862 15397
f 14832 14830 15074
f 15577 15576 14525
f 15936 15326 14561
f 14203 15364 14198
f 15898 13510 13509
f 15412 15607 15605
f 13391 15497 15887
f 16235 14520 14517
f 11725 12817 12340
f 16164 15559 15596
f 16241 16244 15425
f 14858 16246 14859
f 13632 13633 13698
f 10792 15259 12090
f 13861 14231 15396
f 16058 13898 13930
f 14194 14215 14674
f 15101 15747 15544
f 15483 14755 16251
f 13855 15805 13207
f 15319 13348 13678
f 15596 15397 14859
f 11902 10110 10728
f 12981 12976 7599
f 14857 14859 14869
f 14337 15209 14624
f 11633 14291 14856
f 15443 16217 16252
f 16254 16256 16258
f 15825 15831 15920
f 13701 14620 14503
f 15391 14296 14295
f 15214 15656 15213
f 16260 16268 16270
f 15675 15674 15607
f 13354 14603 14602
f 14604 11038 14889
f 13976 12093 12088
f 15850 16275 16280
f 12461 10674 10667
f 15312 16120 16080
f 14459 15170 15065
f 13574 14620 14497
f 14466 14744 14467
f 16287 16103 15984
f 15138 15098 15246
f 612 3436 15206
f 16294 16299 16305
f 15855 15541 13794
f 14812 13899 16059
f 15986 15991 15716
f 12105 6388 4362
f 13614 13616 14489
f 13502 13501 12383
f 16191 14980 15521
f 16096 15608 15622
f 15414 15762 14157
f 15470 15578 15797
f 16216 16307 16252
f 15469 15468 15516
f 13606 15232 15195
f 13827 16309 13824
f 15718 13464 16286
f 15489 14698 14136
f 13951 14072 13664
f 14141 13279 13942
f 16091 15864 16312
f 15250 14152 14159
f 15076 15497 13391
f 15465 15516 15468
f 16315 15589 15465
f 15293 15289 14592
f 10965 10062 10066
f 14558 15332 14562
f 14526 15576 15197
f 15640 15639 15624
f 15458 14591 15288
f 14248 15193 14559
f 15037 15938 16319
f 15633 15642 13532
f 15742 15812 15797
f 16321 15945 16324
f 15809 15291 14593
f 15140 14604 15814
f 15544 16325 16326
f 16327 16328 14879
f 14878 14877 16118
f 13354 14602 13987
f 15605 14868 15412
f 15559 15446 15385
f 15061 16329 15090
f 16145 15826 14295
f 13930 13929 16191
f 13899 13898 16058
f 15911 16055 16325
f 13679 15595 11485
f 14474 15771 15772
f 15657 16330 15658
f 14859 15397 14869
f 14815 14827 16332
f 15929 15308 15306
f 15081 15776 16079
f 16325 15544 15747
f 14607 14161 12383
f 16117 15689 15450
f 15411 15912 14860
f 14947 13698 10965
f 13564 14462 14460
f 15826 16175 16056
f 15633 15634 15638
f 16151 16226 16334
f 14751 14300 14299
f 13536 13811 14098
f 15030 14650 14648
f 14864 13573 12866
f 16338 16166 16339
f 15636 15623 16341
f 16191 13929 15461
f 15825 15392 16056
f 13567 14408 13491
f 15589 15466 15465
f 14734 14987 15461
f 13752 11283 9279
f 15244 14059 14256
f 15915 15267 15543
f 15516 13605 15195
f 15269 15266 15539
f 2558 13274 13272
f 16075 16197 16000
f 15247 14375 14366
f 15916 15542 15852
f 15465 15467 16006
f 13923 15413 12828
f 15352 15602 15784
f 16342 16343 10912
f 15590 15195 15197
f 11044 11486 14093
f 15887 15497 15601
f 14615 13956 4377
f 15865 14685 15459
f 15196 15518 14526
f 14202 15938 15936
f 15486 16344 15475
f 2706 8044 2050
f 14494 15422 14525
f 14250 14328 14774
f 14789 13949 16090
f 12348 14065 11729
f 16348 16358 16362
f 16369 16370 16371
f 16373 16375 15712
f 13579 9982 13309
f 15691 15627 16170
f 15945 15795 16041
f 16033 16023 16376
f 14968 11494 16382
f 14155 13314 14158
f 11240 8072 14726
f 16341 15623 15695
f 16199 15659 15911
f 16385 16116 16388
f 8698 11030 11028
f 15607 14860 15675
f 11468 13324 13046
f 14859 16246 15596
f 14858 16165 16246
f 14824 15107 15106
f 14857 16165 14858
f 16392 16393 16394
f 16395 15433 16398
f 15603 15416 14254
f 15552 15393 15392
f 16118 15675 16063
f 16406 16409 14819
f 16408 16412 16417
f 13956 16418 11035
f 9579 4279 4676
f 13313 12634 14774
f 14218 14217 15135
f 10883 14423 8484
f 15065 15170 15168
f 13323 13319 14416
f 12261 16421 12259
f 16101 15403 15408
f 16187 16427 16205
f 16197 16075 14583
f 14319 14311 14777
f 13502 13865 13499
f 7762 16428 15512
f 4585 4604 4614
f 15761 15213 15656
f 15772 15657 15322
f 15218 15310 15927
f 14528 13987 13986
f 15815 16429 15845
f 15351 15785 16097
f 12151 12576 14932
f 15630 15491 15487
f 15691 16170 16234
f 14314 14678 14323
f 16430 16431 15812
f 12047 11581 10105
f 14786 15547 16233
f 13739 14306 14307
f 16304 16436 16290
f 15494 15845 15495
f 13495 14049 15715
f 8512 11840 12623
f 14456 14990 13209
f 15533 15715 14876
f 9100 13212 13875
f 16437 15494 13394
f 9750 8511 14990
f 10208 14506 14061
f 15470 15197 15578
f 16439 16443 16451
f 11655 12739 13395
f 9772 12044 13696
f 14525 15992 15577
f 15533 15171 15715
f 13390 13393 15888
f 14811 15816 15237
f 15888 16193 13390
f 13390 16453 16115
f 12516 9958 7190
f 9358 2058 2051
f 15171 15533 15212
f 15221 10210 10205
f 14035 15814 14889
f 15498 15943 15931
f 14338 14625 14621
f 14948 12727 13632
f 15236 14525 14292
f 16115 16453 15899
f 13747 15213 13744
f 16454 16342 16455
f 15521 16059 13930
f 13929 15117 15461
f 12062 14807 14809
f 16456 15060 15036
f 14980 16191 14981
f 14295 14297 14228
f 16203 12453 16461
f 16214 16463 16472
f 14448 13888 12948
f 6055 3419 4192
f 1039 2056 9355
f 15405 16473 15851
f 14856 15387 15659
f 15740 13899 14812
f 489 8305 15112
f 15152 15765 15150
f 15560 15597 15559
f 14841 13694 14247
f 14474 16474 14475
f 16476 16479 16480
f 16061 16063 15826
f 16481 16486 5969
f 16006 13924 15517
f 14978 16491 15725
f 9702 7243 9708
f 16493 16464 16497
f 14619 13216 11631
f 15590 15197 15470
f 14857 15605 14877
f 14285 16500 15450
f 16085 15924 15307
f 16501 16062 16502
f 15387 15386 15659
f 15817 16503 16504
f 16505 16506 16507
f 15523 6385 12108
f 12099 13015 12085
f 16508 16506 16505
f 16510 15318 16516
f 16525 16527 16529
f 485 722 492
f 14384 9679 14333
f 10965 10964 13224
f 15675 14862 16063
f 16531 15545 16326
f 13438 14808 13825
f 15908 15906 16532
f 15107 15009 15005
f 15589 15443 15773
f 16414 15613 14885
f 15589 16315 16216
f 14886 15730 14307
f 15132 14541 15423
f 13597 13532 13538
f 15577 16174 15817
f 15601 15600 16534
f 15415 15919 14774
f 15628 15488 14791
f 15237 15236 14811
f 16007 16537 15058
f 14832 15074 13392
f 16171 15629 15693
f 16094 16093 15550
f 16245 15554 14322
f 15129 15364 15133
f 16538 16198 13985
f 15283 16540 16009
f 13997 13047 14694
f 9679 14384 12103
f 14951 15039 15251
f 12822 12477 12471
f 12629 14796 12631
f 16541 14708 16544
f 15922 15944 15153
f 16550 13618 14970
f 15322 15657 15656
f 14925 14927 14325
f 15761 15599 15213
f 14878 16327 14879
f 15669 16123 15904
f 16557 16561 15994
f 14724 15563 11237
f 16231 15104 15666
f 15103 16332 14827
f 15497 14775 15506
f 15744 16504 16562
f 13039 13050 15182
f 15730 14886 15351
f 16563 16564 16055
f 15393 14722 15391
f 16502 16565 16566
f 15817 16174 15237
f 13393 15887 15888
f 10998 12820 8259
f 13460 15913 15918
f 15443 15589 16217
f 10870 10574 13041
f 16060 15698 14810
f 4350 2063 3202
f 16567 16568 16569
f 15653 15900 15823
f 15717 16289 15982
f 14583 14490 16197
f 15390 15389 14642
f 16570 16572 16574
f 14986 13450 16490
f 16425 16190 15833
f 14168 14162 15263
f 11475 12443 11482
f 16561 16557 14622
f 16372 16578 16177
f 13094 13805 14680
f 15642 15633 15638
f 16317 15937 14339
f 13803 14250 14681
f 13152 14582 14840
f 16582 16591 16595
f 12632 14680 12633
f 14156 14152 16601
f 16602 14442 15493
f 16106 14316 15427
f 14796 15278 16105
f 15797 15468 15470
f 15796 15793 15795
f 14791 16169 15628
f 16607 16110 16609
f 15577 15742 15578
f 16172 16611 16042
f 14791 15488 13945
f 15537 15643 15534
f 16613 16617 16624
f 12927 16633 16634
f 6864 2443 737
f 15822 10066 15653
f 15494 13250 13394
f 15757 15756 15496
f 15533 14876 15063
f 16635 16429 16636
f 15061 15765 16329
f 14694 13076 13997
f 16638 16639 16640
f 14420 14413 9972
f 13045 13325 14696
f 16643 16650 16654
f 13589 15579 13590
f 16658 14411 13622
f 15972 15968 16660
f 16232 14817 16331
f 15039 14089 15041
f 15678 16666 16669
f 15480 15382 15484
f 13859 15395 15803
f 15807 15173 15381
f 16330 15775 15085
f 16670 16673 16675
f 15771 15775 15657
f 16679 16680 16681
f 15881 14802 14798
f 12344 14188 15296
f 14879 16165 14857
f 16514 16089 15317
f 15166 15499 16227
f 13566 11691 13567
f 15950 14979 15722
f 16288 13463 15851
f 16682 16683 16684
f 16685 16686 16687
f 16498 16466 16213
f 13461 15917 15853
f 15299 15857 15550
f 15467 13924 16006
f 16691 16311 15452
f 15813 16562 16568
f 13753 13152 12158
f 16159 16296 16295
f 15754 13152 15522
f 14856 14290 15560
f 14191 14596 14848
f 15207 3437 8804
f 16610 16112 16692
f 16694 15454 15871
f 13390 14833 13391
f 13955 12430 12429
f 16703 15888 16534
f 16388 16704 16385
f 16176 15037 16319
f 14208 14210 15641
f 16370 16707 16710
f 15741 14811 15236
f 15140 13509 13985
f 14604 15140 14602
f 16056 16175 15825
f 14887 13728 13726
f 12983 7596 13405
f 15941 16684 16711
f 16562 15813 15744
f 15527 12104 14902
f 14113 14126 14226
f 16712 15062 15066
f 16713 12381 12376
f 15574 15608 16096
f 16714 16403 16720
f 16559 16721 15878
f 13495 13494 14049
f 16726 15730 16097
f 16729 16737 16739
f 15752 16204 15763
f 15620 16726 16095
f 13746 12774 14269
f 16748 16749 16750
f 16165 14879 16328
f 14798 14623 15881
f 16751 15554 16245
f 6049 4196 8561
f 15152 15322 15656
f 16060 15828 16752
f 13314 15919 15415
f 13884 14993 14985
f 16753 15829 16476
f 12260 13752 13754
f 16054 16754 16563
f 14643 14642 16755
f 14377 15275 14385
f 15389 15388 15534
f 15521 13930 16191
f 16756 16328 16327
f 15634 13532 13597
f 16233 16167 14786
f 16288 16473 15405
f 15442 15441 16044
f 16226 16151 15167
f 16758 16495 16760
f 16164 16246 16165
f 16761 15442 16044
f 15917 15914 15853
f 16055 16054 16563
f 16079 15781 15313
f 16762 16764 16766
f 16770 16771 16263
f 16063 15824 15826
f 15550 15857 16094
f 16094 15857 15861
f 16195 16000 16197
f 15465 16430 16315
f 16775 16153 16135
f 16779 16267 16724
f 15468 15812 16431
f 14776 14313 14778
f 16579 14152 16176
f 15577 15743 15742
f 16785 16788 16599
f 14612 14617 15070
f 14412 15980 13625
f 13678 13926 15320
f 15973 13621 15958
f 15587 13625 15980
f 14887 14528 16198
f 12883 15746 15104
f 16791 16794 16400
f 14883 14257 14057
f 15251 15039 15038
f 13624 15585 13588
f 13348 15319 14354
f 16801 15640 15623
f 14790 16169 14791
f 16802 16566 16803
f 16804 16805 16806
f 16808 14785 15706
f 16170 16168 16234
f 11631 15445 14501
f 16325 16199 15911
f 16177 16316 16372
f 16795 16663 15681
f 15747 14501 16199
f 15241 14563 15354
f 14642 15389 16755
f 15037 15040 15936
f 15946 16810 16341
f 16811 14811 14810
f 13321 14419 14692
f 15641 14210 13533
f 14951 14922 14090
f 15829 15955 16476
f 3359 10630 3361
f 15096 14258 14253
f 15680 15614 16411
f 16426 16222 16760
f 13998 16038 13048
f 15862 15457 15455
f 16056 15392 15391
f 14807 12061 12060
f 15551 16092 13946
f 16118 16501 14878
f 16816 16623 16821
f 16824 16829 16833
f 16000 14317 16003
f 16836 16837 16686
f 14751 14836 11415
f 16223 16083 16337
f 16162 15996 15169
f 16437 15845 15494
f 15407 14584 16072
f 14629 15212 15533
f 16431 16430 15465
f 16567 16838 16839
f 16371 16840 16710
f 15744 15812 15742
f 10021 12316 10026
f 14621 14340 14338
f 16844 16484 15227
f 16243 15901 16847
f 16721 15880 15878
f 16504 15744 15743
f 15596 16246 16164
f 7918 7761 7765
f 13167 16848 12078
f 15495 15757 15496
f 15775 16330 15657
f 5961 7914 7764
f 16835 16855 16862
f 16864 16867 16872
f 14624 15209 14628
f 16873 16525 16529
f 15504 15925 16224
f 15877 14341 14800
f 14812 16059 15520
f 15866 16882 10200
f 15999 16560 16712
f 16885 15939 16811
f 16640 16565 16638
f 10664 13561 4594
f 16560 14629 15062
f 1003 1006 16886
f 16307 16887 16252
f 15811 14213 12630
f 16889 16263 16771
f 13502 14601 11561
f 16763 16894 16895
f 15547 16611 16172
f 15773 15467 15589
f 7716 7701 10670
f 6053 12977 6057
f 16896 16897 16898
f 15443 15442 15773
f 15826 16056 14295
f 14984 16489 14977
f 16899 16900 16902
f 15988 15983 16071
f 16479 16903 16904
f 16430 16906 16907
f 16908 16909 16910
f 15414 14951 15762
f 15856 15298 14682
f 15702 15017 16236
f 16913 16914 16916
f 10668 10659 7718
f 16071 16065 15988
f 15760 16914 16122
f 13791 13614 14490
f 12874 16917 12886
f 15197 15196 14526
f 13926 14609 16921
f 15104 15746 15666
f 16538 13728 14887
f 15812 15468 15797
f 12384 13501 13499
f 16889 16924 16263
f 7571 9575 11757
f 15577 15817 15743
f 15911 15386 15385
f 16501 16681 16327
f 14605 13955 12914
f 16927 16929 16748
f 15425 15900 16242
f 15385 15387 15560
f 15901 15654 15648
f 16193 16453 13390
f 15260 16931 16933
f 13687 12430 13955
f 16935 16566 16565
f 16771 16770 16936
f 14325 14636 13688
f 16938 16640 16639
f 13164 16940 13168
f 15549 16941 16042
f 15792 15490 15631
f 16394 16393 16942
f 16944 15451 16697
f 16946 6335 2238
f 15387 14856 15560
f 15588 14812 15520
f 15452 16945 16691
f 16504 15743 15817
f 16948 16373 16614
f 10228 13679 11485
f 15595 11210 11485
f 15456 16314 15860
f 15468 16431 15465
f 16327 14878 16501
f 15658 15599 15761
f 16722 16266 14801
f 16534 15600 16949
f 15700 16950 16951
f 15899 16453 16193
f 16503 16952 16562
f 16188 16207 15990
f 7710 4612 3108
f 16099 15409 16077
f 16747 16928 16957
f 16958 16538 15079
f 15219 16960 15089
f 15926 16961 15216
f 14153 14794 12629
f 15215 16119 15311
f 16429 13730 16636
f 13701 15545 15760
f 16336 16084 16087
f 16964 16969 16774
f 16712 16560 15062
f 14818 16408 16417
f 16412 16408 16716
f 16963 16972 16152
f 16097 15785 14262
f 14312 13770 14679
f 13892 13725 14300
f 16556 15998 16784
f 14835 14751 15688
f 14869 14868 15606
f 16298 16161 16973
f 15911 15385 15447
f 15417 15278 14796
f 16063 16062 16501
f 16979 16273 16265
f 15168 15067 15065
f 2162 14309 14930
f 15447 15748 16754
f 16982 15748 16328
f 14840 11413 14836
f 15875 14806 16705
f 16370 16840 16371
f 16983 16984 16985
f 14804 14801 16925
f 16986 6370 16987
f 16988 16307 16989
f 16024 16996 16028
f 16999 16764 16762
f 16910 17000 16762
f 17001 17002 16892
f 16044 17000 16761
f 14822 14884 14881
f 11499 11491 13631
f 17003 17007 16641
f 16780 15997 16292
f 14423 14094 8484
f 16896 16808 15706
f 16896 17015 16941
f 15829 16753 16752
f 15839 15987 16064
f 17017 17019 17020
f 13701 14497 14620
f 16839 16568 16567
f 14695 14690 13074
f 14943 14940 13071
f 15579 13589 15586
f 13511 15079 16538
f 15038 15249 15251
f 17021 17022 17023
f 14821 14818 16417
f 17034 17036 17039
f 8398 5925 7573
f 15730 15620 17043
f 16000 16195 14317
f 15919 13313 14774
f 13512 13926 13678
f 15782 15729 13452
f 14527 14263 13987
f 6984 6428 6422
f 14340 15938 14199
f 13509 13511 16538
f 14521 16879 7603
f 17049 17054 17058
f 15151 17060 16129
f 15845 16437 15815
f 12979 7613 6056
f 15088 16962 15923
f 16934 16640 16938
f 16803 16679 16681
f 16999 16046 17061
f 4228 9400 5873
f 7596 12983 7598
f 17062 17065 16566
f 16266 16925 14801
f 15715 14049 14876
f 15446 16164 16163
f 14275 16391 16499
f 16236 8567 15702
f 16331 15102 16232
f 15448 15689 13434
f 17067 17070 16965
f 17065 17073 16803
f 13380 14891 10801
f 15447 16054 15911
f 16501 16118 16063
f 15999 16712 15066
f 16909 16638 16061
f 17071 16297 16970
f 15815 17074 16429
f 17079 17072 17068
f 13394 14611 16437
f 16089 15305 15317
f 13979 15526 14903
f 14895 10794 10802
f 8563 4193 10514
f 16872 17081 17083
f 16563 17087 16564
f 13509 15897 15898
f 16326 15545 15544
f 16915 17088 17091
f 17094 17097 16841
f 16568 16430 15813
f 15826 16145 16061
f 16562 16504 16503
f 16538 14887 16198
f 17079 17068 17105
f 16044 15441 16252
f 14229 15773 15774
f 16216 16315 16907
f 16925 16890 14804
f 16711 17107 16503
f 15655 10067 15535
f 16887 17108 17109
f 16269 16783 16976
f 17110 16323 17113
f 15699 15698 16060
f 957 3315 950
f 17114 17119 17121
f 14926 12169 14636
f 15985 16098 16070
f 16060 15697 15520
f 16604 17123 17124
f 14946 15900 15425
f 15427 14780 16106
f 16386 14838 14834
f 16424 16498 16213
f 15823 14947 10965
f 16808 16941 15549
f 16790 14156 16601
f 16233 16172 15692
f 15941 15939 16885
f 16374 16676 16674
f 16622 16616 16688
f 17132 17134 16479
f 15851 16473 16288
f 16338 15472 14662
f 15707 17137 16313
f 9695 11406 9699
f 15839 16064 15844
f 16683 16567 16569
f 16906 16216 16907
f 17061 17141 17142
f 16989 17143 16988
f 15813 16430 15812
f 16477 15952 16211
f 17108 16988 17143
f 16503 17107 16952
f 16207 15720 15990
f 15330 13956 15068
f 16569 16952 16683
f 17148 17151 17152
f 15366 10598 8071
f 13466 5865 12776
f 5863 11202 12777
f 14543 14406 15401
f 16952 16569 16562
f 17023 17158 17159
f 17162 15967 15962
f 11404 17169 17173
f 7245 364 9705
f 6429 13877 4297
f 15638 15634 15694
f 17174 16801 15623
f 16908 16638 16909
f 16565 16062 16638
f 15991 15989 15838
f 16375 17175 15713
f 17140 15705 14787
f 15934 15841 16001
f 15938 14202 14199
f 14426 10876 14431
f 11204 5864 5859
f 17177 17185 17189
f 8268 14997 15002
f 17194 17199 17206
f 14514 13779 15073
f 14545 5479 14566
f 16600 14151 17210
f 17211 17218 17222
f 14637 15159 15006
f 17227 8304 8544
f 15909 17234 17241
f 16707 16370 15876
f 13510 15898 16194
f 16726 15620 15730
f 14879 14857 14877
f 14323 14677 13667
f 16328 16163 16165
f 16150 16512 16133
f 14436 8269 14671
f 15730 17043 15600
f 15575 16097 14262
f 14437 14667 14427
f 14321 14949 16244
f 14155 13315 13314
f 11561 11560 13502
f 16198 14528 13986
f 14840 14582 13493
f 16057 14605 14279
f 17001 17242 17243
f 17244 16806 16392
f 15895 15646 15896
f 17245 17246 17247
f 17248 17252 15870
f 15191 16347 15178
f 15181 13044 16040
f 10065 14207 10067
f 16105 12631 14796
f 17255 17260 17271
f 17019 17275 17276
f 16057 16166 14326
f 17000 16044 16999
f 17225 16974 16433
f 17277 17278 17279
f 17109 17143 17017
f 15534 15643 17280
f 11000 15173 15807
f 16710 16840 16370
f 16989 16307 16216
f 16907 16315 16430
f 15639 15625 15624
f 15626 15625 15694
f 15548 15546 16807
f 15795 15945 15176
f 16503 15817 15941
f 13754 12158 12160
f 14811 16811 15940
f 16312 17139 16091
f 16905 16430 16568
f 16438 17283 17285
f 17288 14402 16146
f 17289 17293 17301
f 17303 17305 16885
f 16952 17107 16683
f 15713 16896 15706
f 16838 16906 16839
f 7735 13751 7731
f 16060 15827 15828
f 16608 17308 16603
f 17087 16531 16564
f 17210 17309 16600
f 16220 13145 16221
f 16684 17107 16711
f 17311 16757 17314
f 17315 17305 17316
f 17317 16894 17063
f 16761 16145 15442
f 16061 17000 16909
f 16752 17318 16060
f 15381 16250 15807
f 15494 15036 13250
f 13860 15400 13359
f 17319 16938 17317
f 17320 15150 15765
f 15214 13747 15090
f 15060 17321 15061
f 16982 16756 16681
f 15061 17321 15763
f 17323 16980 17217
f 17328 17329 17330
f 10203 10198 16884
f 16163 15748 15446
f 14260 15138 15246
f 13438 13436 14808
f 17331 15780 15777
f 14474 15775 15771
f 12190 9099 8079
f 14622 14627 16561
f 16949 16703 16534
f 15615 16949 15621
f 9002 9078 13422
f 13659 13657 15008
f 16259 16926 16264
f 17335 17338 17343
f 16137 16130 16518
f 17210 14151 17344
f 16857 17200 16138
f 17349 16968 16776
f 16142 17198 17355
f 17346 17357 17050
f 16155 16969 16964
f 14342 16368 16318
f 11361 10169 11359
f 16272 17326 17360
f 17363 17308 16608
f 15760 15545 16914
f 17221 16977 17223
f 16772 16706 16888
f 17367 17368 17369
f 15645 15652 17371
f 17077 16870 16303
f 15573 14255 15610
f 15730 15351 16097
f 17371 15390 17373
f 17081 17375 17378
f 17380 17381 17382
f 9597 7730 9593
f 17143 17109 17108
f 16711 16503 15941
f 17383 17384 17385
f 16061 16145 16761
f 10768 14546 14571
f 15024 17389 15015
f 17109 17141 16887
f 16569 16568 16562
f 15941 16885 17305
f 16760 16495 16426
f 17119 13140 17121
f 17393 15889 15896
f 17394 15699 17318
f 15840 16066 16073
f 16807 15546 14786
f 14910 17395 17402
f 17404 17408 17409
f 17015 16042 16941
f 14317 16195 13768
f 16189 15838 15837
f 15726 16490 13450
f 14593 14212 15809
f 14938 14000 13072
f 14944 13064 15974
f 16565 16502 16062
f 17413 17415 15737
f 15545 16531 17417
f 17106 17350 17046
f 14714 16542 15378
f 16912 16938 16639
f 16937 16706 16772
f 16751 16847 16113
f 16789 14795 14154
f 15496 15036 15494
f 17317 16938 16911
f 17319 16934 16938
f 13251 15235 15061
f 16667 16703 15677
f 15823 15822 15653
f 17043 16949 15600
f 15888 15601 16534
f 16975 16293 16435
f 16229 15750 15749
f 17420 16272 17360
f 16192 15888 17421
f 16803 16501 16802
f 14654 8321 8326
f 16055 16326 16325
f 13727 16538 16958
f 15847 15481 15801
f 16778 16140 17356
f 13985 13509 16538
f 13825 14808 14271
f 16754 16054 15447
f 16966 17103 17066
f 16328 16756 16982
f 17424 17427 17432
f 5480 17440 14569
f 16506 16508 16982
f 17442 14438 15770
f 16262 17446 16769
f 16062 16061 16638
f 16044 16252 17450
f 17451 16506 16679
f 13941 13935 10763
f 16639 16638 16908
f 15656 15214 15152
f 17452 17453 17454
f 17320 15764 17455
f 16129 17060 17456
f 16639 16908 16912
f 16765 16763 16895
f 7706 6986 6977
f 14402 12160 17457
f 16333 16088 16511
f 16144 16773 16131
f 13940 17460 10764
f 17104 17047 17464
f 16437 14611 15815
f 17467 16942 17468
f 17048 17353 17055
f 17418 16916 16914
f 16664 16797 17471
f 17141 17061 17450
f 17473 17474 17475
f 16204 17455 15764
f 17224 16432 17216
f 17450 16252 16887
f 17477 17242 17478
f 16230 16229 15749
f 16029 17480 16039
f 15061 15235 15036
f 17482 17483 17484
f 16558 15879 14623
f 16767 17486 17491
f 17492 17495 17489
f 17215 17084 17219
f 17371 15534 15388
f 16978 16782 16291
f 16328 15748 16163
f 16295 15993 16159
f 14839 15754 15522
f 16839 16905 16568
f 17498 17499 17500
f 16684 15941 17315
f 16683 17107 16684
f 17501 17502 17503
f 17143 16989 16906
f 8699 13596 12259
f 17284 17037 17031
f 14279 16166 16057
f 11581 1842 7659
f 15419 16535 16009
f 16710 16577 16371
f 14662 14326 16338
f 16710 17207 17345
f 17345 16577 16710
f 15697 15588 15520
f 17318 16752 17394
f 15520 15519 15827
f 16254 17504 16256
f 17344 14151 16576
f 16752 15828 15829
f 17280 15643 15640
f 16288 15405 16100
f 17505 17506 17244
f 16121 16533 17507
f 17508 17509 17505
f 15902 17507 16533
f 16193 16192 15080
f 16325 15747 16199
f 17319 17063 16934
f 16716 16408 16396
f 17421 17482 16228
f 17510 17513 17304
f 17514 16508 16505
f 16949 17043 15620
f 16910 16909 17000
f 17515 17367 17516
f 16774 16969 16155
f 17519 17526 16827
f 16330 15599 15658
f 16157 16335 16513
f 16786 17309 17210
f 17071 16970 16967
f 15417 16539 15278
f 15700 16811 15698
f 13984 12093 13976
f 16301 17069 17075
f 15710 15705 17140
f 15423 14129 15787
f 1869 1883 11307
f 16366 14341 15877
f 17220 17085 17325
f 17532 17539 17544
f 7742 7798 12556
f 16009 16540 15419
f 15520 15827 16060
f 15515 16428 7762
f 16781 16725 16555
f 17360 17537 17420
f 17396 9677 17399
f 17500 17548 17498
f 16906 16838 17143
f 17109 17017 17020
f 17301 17293 17550
f 10211 13406 10197
f 17276 17020 17019
f 14928 14309 11140
f 17552 17023 17553
f 13402 15866 10200
f 17557 17359 17379
f 17311 17559 16467
f 14932 14676 14678
f 10515 14124 14121
f 17394 16752 16753
f 16936 17560 17496
f 16215 15951 15724
f 15841 16074 16001
f 17120 17313 13144
f 14789 16090 17138
f 16567 17561 17158
f 16945 16621 16691
f 17000 16061 16761
f 16762 17000 16999
f 12074 17568 17570
f 15871 15454 15287
f 16252 16217 16216
f 14954 14643 16801
f 16801 14643 16755
f 17421 16230 17572
f 15814 14035 15897
f 16046 16045 17450
f 17574 17575 17577
f 16326 16055 16564
f 15815 13726 17074
f 17417 16531 17087
f 16125 16918 12872
f 16308 13826 14273
f 4294 4288 6425
f 16042 15793 16172
f 16762 16766 16910
f 14929 16455 14930
f 17175 16674 16898
f 14610 6867 11035
f 17579 17580 17087
f 16563 16754 17581
f 16802 16501 16502
f 15757 16635 15758
f 17582 17455 17583
f 17586 14956 12853
f 15151 15322 15152
f 15779 15775 14474
f 16012 17589 16013
f 16680 16982 16681
f 15323 17591 14475
f 17592 17594 17595
f 15036 15496 16456
f 16887 17141 17450
f 13373 14890 13379
f 16530 17204 17201
f 16134 16509 16519
f 17464 17076 17104
f 11737 14905 15276
f 14898 15161 10791
f 17590 17596 17597
f 17598 17599 17600
f 17601 17602 15473
f 17605 17546 17607
f 16681 16756 16327
f 17294 17292 17527
f 17613 16950 17614
f 17615 17617 17619
f 14274 17621 17453
f 15816 14811 15940
f 17625 17628 17631
f 17324 16274 16981
f 12545 11650 14356
f 17158 17018 16838
f 16440 17632 17282
f 16567 17634 17159
f 14803 15882 16723
f 11486 1208 8485
f 15843 16218 15832
f 16222 16426 15835
f 13147 16219 15842
f 17635 17636 17637
f 17497 16709 16937
f 17477 17142 17638
f 16046 17450 17061
f 17639 17644 17653
f 14152 15250 15037
f 17450 16045 16044
f 16788 16785 15421
f 17500 17655 16682
f 15869 17254 16701
f 17657 17661 17671
f 17316 17305 17304
f 16252 15441 15443
f 17672 17498 17673
f 16506 16982 16680
f 4442 4430 17674
f 15669 16128 16123
f 16566 16802 16502
f 17685 17689 17694
f 16124 17507 15902
f 4374 10470 14967
f 16230 15749 17572
f 14907 13931 14671
f 16717 15683 16410
f 15534 17280 15389
f 14954 17697 14644
f 17700 17704 17710
f 15000 16182 14511
f 15684 15616 15609
f 15615 15677 16949
f 17175 16897 16896
f 15712 17712 15713
f 17468 17417 17087
f 16699 16818 16620
f 4426 2147 2145
f 16614 16373 15711
f 16329 15214 15090
f 15830 14980 15954
f 12163 14550 13239
f 17713 17581 17514
f 15842 15935 13147
f 15756 17714 17715
f 15152 15214 16329
f 16553 16657 15963
f 15898 14035 16115
f 15978 16659 15965
f 13079 15582 13066
f 17716 17717 17718
f 15144 11420 11395
f 17019 17719 17023
f 16025 14933 16994
f 17020 17720 17109
f 17361 17082 17376
f 15781 16079 15776
f 11392 17727 17729
f 16760 16222 13146
f 17730 17731 17732
f 17555 17541 17358
f 17378 17083 17081
f 17734 17735 17738
f 17490 17560 16936
f 17419 17542 16261
f 15425 16244 14949
f 17550 17293 17743
f 1006 16343 16454
f 17142 17477 17061
f 14876 12899 13872
f 16705 14806 16891
f 17342 17745 17747
f 17748 17749 17750
f 17752 17755 16829
f 17525 15777 17745
f 17760 3616 5036
f 17351 17348 16777
f 17205 17762 17196
f 16372 16316 16367
f 12917 14608 14606
f 17766 17614 16903
f 15176 15694 13597
f 12162 9002 13422
f 15817 15816 15940
f 17732 17001 17730
f 17767 12379 17601
f 15765 15764 17320
f 14718 15173 11000
f 17768 16954 17777
f 17779 17787 17788
f 13729 13727 17327
f 17791 17337 17797
f 16390 14274 17799
f 17455 17594 17583
f 16803 17369 16679
f 16508 15748 16982
f 17800 14442 15755
f 17352 17202 17195
f 17204 17805 17763
f 16971 16160 16156
f 16811 14810 15698
f 16764 16999 17061
f 16476 16480 16753
f 17749 17806 17807
f 16434 16302 17213
f 16989 16216 16906
f 16113 16847 15647
f 17655 17499 17552
f 16682 17315 17500
f 17808 17809 17810
f 17118 17559 17311
f 16003 14317 17811
f 17513 17548 17500
f 17158 17561 17159
f 16682 17655 17634
f 16810 14952 15637
f 17814 17486 16767
f 13596 8698 11283
f 16819 16695 16814
f 17823 17258 17827
f 16261 16271 17419
f 17813 17540 17290
f 13212 9100 14456
f 17061 17477 16764
f 16999 16044 16046
f 17835 17556 17374
f 17208 17633 16441
f 15534 17371 15536
f 16307 16988 17108
f 16941 16808 16896
f 16702 17253 17250
f 17836 17597 17837
f 16338 14326 16166
f 17839 17843 16800
f 17845 17065 17062
f 15080 13510 16194
f 7603 16879 15867
f 16532 16913 16915
f 16566 16935 17064
f 15672 17847 16404
f 16429 17074 13730
f 16506 16680 16679
f 17848 17713 17849
f 16635 15845 16429
f 17850 17851 17714
f 17852 17853 16393
f 17467 17580 17509
f 16681 16501 16803
f 17394 17854 17614
f 15777 17525 17331
f 17174 15635 17855
f 17860 17863 17873
f 15696 15694 16340
f 17581 16508 17514
f 16861 16825 16834
f 16858 16520 16860
f 363 4497 359
f 17878 17044 17057
f 16505 16507 17880
f 17881 17886 17890
f 17896 16951 16950
f 15042 16787 16450
f 16012 17897 17589
f 17899 17900 17697
f 13135 16005 17125
f 17285 16444 16438
f 16375 16373 17901
f 17515 17748 17368
f 17082 17361 17322
f 12628 13315 14155
f 17901 16373 17902
f 17374 17556 17377
f 13464 15718 15783
f 17634 16683 16682
f 17903 17908 17912
f 13146 17312 16759
f 16208 16422 16210
f 16370 16369 15876
f 13143 13141 17119
f 15515 7917 7916
f 16494 16496 16423
f 15059 17249 16010
f 17913 17914 17918
f 17083 16864 16872
f 10997 8700 14719
f 16764 17478 16892
f 17922 16704 16388
f 15052 15421 15043
f 17080 17923 17611
f 16751 16245 16243
f 17924 17925 17926
f 17928 17930 17933
f 17536 17937 17291
f 17939 17638 17141
f 13358 15398 12622
f 17477 17478 16764
f 13780 14852 15072
f 17534 17819 17447
f 17019 17018 17158
f 13875 13212 1005
f 17141 17638 17142
f 15068 13956 14615
f 16048 10658 1004
f 16047 13201 16050
f 15437 15432 15671
f 16095 16726 16097
f 15752 15060 15753
f 17087 17580 17467
f 17244 16394 17505
f 16754 15748 16508
f 15085 15599 16330
f 17940 17941 17942
f 15434 15428 16792
f 16564 16531 16326
f 15765 15061 15763
f 17944 17945 17850
f 17948 17952 17958
f 17521 17961 16863
f 13876 6432 7696
f 15080 16959 15079
f 17963 17967 17968
f 16521 15316 17518
f 17369 17969 17451
f 16833 16829 17755
f 17354 17193 17053
f 17970 17971 17381
f 17713 17509 17579
f 17972 16871 16868
f 17891 17979 17982
f 17858 17987 17991
f 16469 16479 16476
f 17023 17022 17019
f 17997 16853 13165
f 17998 18000 18004
f 17023 17159 17553
f 17972 18009 18011
f 18012 17735 17606
f 17553 17634 17655
f 14966 11045 14666
f 16885 16811 16951
f 17543 17554 17833
f 13498 1290 15201
f 17740 17295 18017
f 18018 18019 17730
f 16479 16904 16480
f 17303 16951 17895
f 16760 13146 16759
f 18020 18021 17002
f 17041 17038 17287
f 12383 12382 14607
f 11035 16418 14610
f 16607 17811 16110
f 16450 16787 17209
f 17529 17938 17538
f 17818 17493 17487
f 14321 13666 14949
f 17251 15873 16011
f 18024 17250 15054
f 18028 18032 18007
f 17282 17632 16709
f 12190 9750 14456
f 12245 15255 18040
f 15694 15634 13597
f 18043 18023 15053
f 17110 17113 18046
f 17141 17109 17720
f 17371 15388 15390
f 1288 1287 7761
f 16765 17317 16911
f 17455 17582 17456
f 15753 15060 16456
f 16602 13712 18048
f 14475 16474 15323
f 18049 18051 18053
f 18054 17483 17482
f 6978 13467 11420
f 14834 15690 16386
f 15079 13511 13510
f 16796 18058 17470
f 12159 13152 15754
f 17703 18061 15428
f 16406 16397 16409
f 17517 15315 17332
f 4861 18062 2727
f 15380 15374 14713
f 18071 18078 16523
f 16679 17369 17451
f 17078 17972 16868
f 16507 17969 17880
f 17369 17073 17367
f 17750 16012 17748
f 18080 18083 17696
f 16656 16651 18091
f 10879 10875 14425
f 17509 17580 17579
f 18096 18102 18106
f 12379 17602 17601
f 18110 18111 17897
f 15253 13420 18041
f 17403 18113 18115
f 18118 18119 18121
f 13068 15583 15977
f 17161 18088 16997
f 17638 17242 17477
f 15472 16338 16339
f 16887 16307 17108
f 12916 11559 11561
f 8275 8272 18122
f 14430 10878 13043
f 15301 16057 14326
f 16035 13999 14939
f 14428 13042 15183
f 17767 14278 12379
f 16709 16706 16937
f 17767 16166 14278
f 18133 18136 18139
f 11597 13559 10660
f 17292 17936 17527
f 17023 17719 17158
f 16903 18145 17766
f 17912 17618 17903
f 17737 17733 18148
f 16847 15901 15648
f 17128 17811 16607
f 15699 16060 17318
f 17547 18150 17528
f 17449 16261 17542
f 17697 17900 17808
f 16985 16984 18151
f 18152 18153 18154
f 11212 11672 11208
f 15057 16536 15418
f 17512 18155 18156
f 17512 17613 17766
f 17315 16682 16684
f 16672 18157 18158
f 17729 15146 11392
f 17499 17023 17552
f 17634 16567 16683
f 15845 16635 15757
f 17342 17339 17745
f 11640 4295 13878
f 17401 16597 14913
f 15151 15150 17060
f 955 953 6270
f 14610 16418 13956
f 16893 17002 17062
f 14475 17591 16129
f 18160 16959 15080
f 16863 16517 17521
f 18161 17944 17850
f 15751 15753 17715
f 17762 17051 17196
f 16527 17980 17801
f 17059 17052 17765
f 10799 14904 11740
f 13371 8570 8564
f 17879 17764 17802
f 17924 18163 18165
f 15661 12885 16919
f 11749 18168 13361
f 11750 11744 15272
f 15473 18169 15471
f 12377 12384 18172
f 17159 17561 16567
f 15723 15719 16206
f 18173 18174 18175
f 17311 17314 17118
f 17311 16492 16757
f 16605 17307 18176
f 14644 18183 18184
f 16121 13707 15759
f 17718 17717 17276
f 17490 16936 16770
f 16507 17451 17969
f 17021 17718 18185
f 17488 17485 17817
f 17158 17719 17019
f 16810 16322 18187
f 17923 18012 17606
f 17604 18149 17545
f 15069 14851 15331
f 17581 17579 16563
f 17368 17367 17515
f 18025 18190 18193
f 18195 18198 18202
f 15048 18204 18206
f 18012 18010 18211
f 15640 15389 17280
f 18215 17935 18221
f 17141 17720 17939
f 17021 18223 18224
f 17042 17286 17281
f 17330 16750 18225
f 17845 17749 17065
f 17655 17552 17553
f 18228 17462 17874
f 17463 18227 18229
f 17060 15150 17320
f 16406 14819 15663
f 16126 13707 16121
f 16838 16567 17158
f 11597 10660 10676
f 14881 14826 14816
f 15512 16428 15515
f 15323 16474 14474
f 18232 18242 18245
f 16951 16811 15700
f 17303 16885 16951
f 14362 15141 15529
f 16121 17507 16124
f 16416 14884 14822
f 14851 14850 15331
f 17574 17330 17575
f 16677 16375 17901
f 14884 16416 16413
f 17496 17560 17490
f 16915 17853 17852
f 16310 16689 15709
f 5965 10030 1871
f 17492 17042 17281
f 18174 18248 18249
f 17633 17208 16708
f 17501 18253 17673
f 17613 17896 16950
f 18258 18260 17025
f 17494 17816 17026
f 17558 18264 18266
f 17499 17655 17500
f 13727 16958 17327
f 17497 17282 16709
f 17027 18259 16447
f 11637 12463 10671
f 14357 11635 7704
f 17300 17813 17290
f 17174 15623 15636
f 16599 17310 16785
f 16122 16914 16913
f 17369 16803 17073
f 16014 16013 17969
f 18269 13712 13714
f 17329 18270 16750
f 16942 16393 17468
f 17087 16563 17579
f 14779 14322 15554
f 18161 17941 17940
f 16618 16943 16700
f 17581 16754 16508
f 15822 10965 10066
f 17836 17849 16505
f 17544 17539 17610
f 16565 16640 16934
f 18164 18162 18021
f 18021 17279 17845
f 17715 17714 15751
f 17731 18165 18020
f 17277 18271 17278
f 15152 16329 15765
f 18272 18053 18273
f 4857 2726 2740
f 18278 18015 18280
f 17478 17001 16892
f 17735 18012 18211
f 17885 17976 17893
f 16768 17448 17815
f 17549 17742 17028
f 17478 17242 17001
f 18286 18288 18295
f 16149 17800 15754
f 18046 18298 16670
f 17281 17495 17492
f 17242 17638 17243
f 14666 11045 14094
f 16674 17175 16374
f 18147 18300 17913
f 16149 14839 16387
f 17031 16442 17284
f 17018 17143 16838
f 17468 17087 17467
f 13754 13753 12158
f 14480 14482 13305
f 16148 16385 16704
f 18304 17012 18308
f 17111 18047 18158
f 17124 17123 18311
f 17939 17720 17020
f 15933 16002 13136
f 18322 18324 17484
f 18211 18326 17738
f 16381 16646 16549
f 15969 15975 15979
f 18327 18328 18329
f 18330 18331 18332
f 15431 17847 15672
f 15042 16450 15045
f 17021 18185 17019
f 13824 16309 16499
f 17019 17022 17021
f 18185 17275 17019
f 15421 16785 15043
f 16475 15956 15953
f 17766 18155 17512
f 15808 13360 10996
f 17021 17023 18223
f 16615 16629 16947
f 17902 16948 16627
f 16109 14783 15557
f 18334 15190 18339
f 16505 17880 16013
f 13212 13210 1005
f 17516 17065 17515
f 17500 17316 17513
f 11088 18344 11097
f 18346 18347 18348
f 9100 9099 12190
f 16751 16243 16847
f 17849 17514 16505
f 17578 18349 17573
f 8702 11001 14469
f 13202 15804 16249
f 16507 16506 17451
f 10878 10871 13043
f 17572 16192 17421
f 16637 18349 17578
f 17421 16703 18350
f 17572 15080 16192
f 17575 18225 16749
f 17368 16014 17969
f 18351 17897 16012
f 17315 15941 17305
f 17978 18356 17803
f 16875 16832 17757
f 18359 18364 18368
f 18270 17329 17328
f 15700 17394 17614
f 13399 15205 12980
f 15713 17712 16375
f 15883 14355 16633
f 17969 17369 17368
f 18369 18371 18186
f 18372 18373 17730
f 17508 17467 17509
f 15908 16532 17091
f 17394 15700 15699
f 6051 14515 7600
f 17531 18375 17296
f 14519 7602 7600
f 16755 15389 16801
f 16715 16718 16415
f 16239 14516 8568
f 8566 14122 13374
f 18376 18377 18378
f 18158 16985 18369
f 18224 18223 17672
f 16480 16904 17854
f 16667 17472 18350
f 16339 17601 15472
f 17718 17021 18224
f 17672 18223 17498
f 13871 18379 18380
f 16452 17208 16441
f 18381 17621 18169
f 15954 14980 14976
f 17506 17713 17848
f 18382 18384 17503
f 18385 15737 17415
f 17418 16914 15545
f 15637 15636 16341
f 18267 16472 16463
f 15695 15623 15626
f 18387 18391 18394
f 14607 12382 14281
f 12261 12260 13754
f 14952 17855 15635
f 17115 17559 17118
f 17456 18272 16129
f 16630 16812 17658
f 17065 16803 16566
f 14354 13798 14356
f 18020 18164 18021
f 17609 17535 17834
f 17338 17335 18397
f 17336 18274 18050
f 18298 18046 17113
f 18113 17902 16627
f 16869 17214 16300
f 17456 17060 17455
f 16610 16108 16112
f 15047 18400 15051
f 18271 17806 17749
f 17516 17073 17065
f 16136 16515 16854
f 18408 18411 16698
f 17942 15758 17940
f 16702 17250 18024
f 15418 14795 16789
f 16637 13729 18349
f 11402 9319 15335
f 17002 17001 17732
f 18053 17582 18049
f 18412 17841 18082
f 18417 18418 18420
f 16456 15496 15756
f 15429 15438 17701
f 18422 18163 17924
f 13431 12241 5491
f 18423 18424 18425
f 15758 16636 17940
f 16204 15751 17595
f 15750 18160 15080
f 16798 15679 16402
f 15682 16719 16399
f 18350 16703 16667
f 16393 17853 16916
f 16041 17014 16324
f 17571 17563 18426
f 18372 17970 17381
f 17465 17045 17877
f 17506 17509 17713
f 18427 17736 18146
f 17939 18372 17243
f 15420 15418 16789
f 16445 18261 18257
f 17035 17820 17302
f 18431 18437 18443
f 18448 16828 16822
f 18451 18454 18456
f 17367 17073 17516
f 18459 18460 18461
f 18469 18471 18254
f 7789 18481 18482
f 18494 18265 18262
f 16465 16492 17311
f 18267 17133 16472
f 1868 14505 10206
f 17276 18495 18496
f 17895 17511 17303
f 18498 18499 17598
f 18500 16574 18501
f 17904 18503 18488
f 18508 17114 17121
f 18512 18224 18513
f 17024 18516 18466
f 17967 18517 18519
f 17515 17065 17749
f 17317 16895 16894
f 17800 15755 15754
f 18523 17808 18524
f 18393 18525 18526
f 18528 17718 18512
f 17749 17845 17279
f 17498 17548 17513
f 18223 17023 17499
f 17731 18020 17732
f 15829 15828 15519
f 18425 18424 17277
f 17243 17638 17939
f 18529 16900 16899
f 18044 16696 18022
f 13678 15320 15319
f 17472 18060 17483
f 18323 17484 18060
f 17512 17896 17613
f 18156 18155 17766
f 17381 17380 18530
f 18531 16229 16927
f 18372 16686 16685
f 17166 18537 17171
f 18153 18329 18328
f 17939 17020 17971
f 16687 18538 16685
f 17278 18271 17749
f 17056 17761 17875
f 16526 16877 18067
f 18353 17876 17804
f 16505 16013 17836
f 16916 17418 17468
f 15910 15664 15903
f 15199 15514 16852
f 16532 15906 15905
f 16806 16805 18539
f 17750 17807 18351
f 14309 12448 11140
f 18348 18110 18540
f 17615 17619 17114
f 16898 16897 17175
f 18541 18546 18533
f 16042 16611 15549
f 18405 18045 18402
f 17119 13141 13140
f 16129 17591 15323
f 18255 18474 16446
f 17277 18422 18425
f 15645 17371 17373
f 16276 15846 15799
f 14474 15772 15323
f 17373 15390 14642
f 17845 17002 18021
f 15389 15640 16801
f 18165 17925 17924
f 15314 15781 17334
f 17002 17845 17062
f 18550 18554 18275
f 17032 17299 17551
f 18552 18559 18563
f 18014 17916 18282
f 18467 18256 17029
f 17884 17894 18566
f 16455 1370 2163
f 18571 18573 18581
f 16916 17468 16393
f 13749 3697 8531
f 15357 18585 18589
f 18336 16350 15186
f 18601 18570 16990
f 17480 16029 18575
f 9430 9423 18603
f 17926 17925 17731
f 17002 17732 18020
f 16392 17852 16393
f 10873 13972 10581
f 18605 17506 18606
f 14953 14952 18607
f 11493 11241 15562
f 17279 18021 18162
f 14954 17174 17855
f 18608 17596 17898
f 17472 17421 18350
f 16323 17110 16320
f 16653 17160 15959
f 16228 16230 17421
f 13620 15970 16661
f 15756 15758 17942
f 17553 17159 17634
f 17502 18156 18609
f 17603 17736 18427
f 16471 16477 16211
f 18611 18615 10756
f 17912 17620 17618
f 10202 16880 17095
f 18512 17718 18224
f 16254 18620 17504
f 18513 18153 18328
f 17116 17911 18622
f 18624 18629 16731
f 18475 16451 16443
f 18016 17297 17920
f 15230 17094 16841
f 18203 16448 18472
f 18634 18638 18643
f 18650 18655 18656
f 18253 18383 18152
f 18528 18512 18513
f 16698 18411 16815
f 17263 18662 18667
f 18671 18095 18635
f 15200 15199 13176
f 18676 18687 18688
f 17792 17795 18693
f 18701 18707 18208
f 17268 17186 17178
f 17184 18708 17187
f 18186 18371 18711
f 18712 18499 18713
f 16903 17614 17854
f 18154 18153 18513
f 17984 18569 17892
f 15022 18166 14379
f 15894 17366 15649
f 18716 18720 14918
f 17749 17279 17278
f 17530 18428 18724
f 18727 18086 17840
f 17806 18271 17277
f 17504 18379 16256
f 15439 15909 17241
f 15662 16920 16127
f 18729 18732 18737
f 17601 18738 15472
f 17277 17279 18422
f 16306 16297 17071
f 16866 17086 17212
f 18276 18559 18552
f 17968 18008 17973
f 18349 13729 17573
f 17040 17494 17026
f 17421 15888 16703
f 17744 14476 14475
f 15660 15907 15435
f 18740 18745 18628
f 18210 18203 18472
f 15472 18738 15473
f 15976 15966 14935
f 16861 17962 16825
f 16703 16949 15677
f 17330 17329 16750
f 18116 16625 17668
f 18747 16806 17244
f 16394 17467 17508
f 17276 17275 18185
f 17596 17590 17898
f 18588 15362 15356
f 17316 17500 17315
f 17730 17926 17731
f 16014 17368 16012
f 18748 18749 18751
f 16895 17317 16765
f 17718 18327 17716
f 18755 18621 17910
f 16352 15767 14433
f 18608 18347 18757
f 18507 17126 18313
f 16950 15700 17614
f 18266 16468 17558
f 16013 17880 17969
f 17749 17807 17750
f 17616 18509 18316
f 17649 17908 17903
f 17128 16003 17811
f 17831 18700 18209
f 3835 8399 8393
f 17716 18495 17276
f 18399 18042 15056
f 17498 18223 17499
f 18424 18423 18758
f 18351 16012 17750
f 18225 17575 17330
f 18759 18019 18760
f 18011 18010 17080
f 17328 16959 18160
f 17913 18300 18194
f 15080 17572 15749
f 16532 16122 16913
f 15571 16645 16379
f 17247 18761 18765
f 17197 16859 16876
f 16529 16527 17801
f 17926 18425 17924
f 14354 15321 13927
f 4681 4674 11298
f 17200 16141 16138
f 16524 18075 17983
f 14500 15515 7916
f 16966 17347 17103
f 17597 16013 17590
f 18161 17850 17942
f 5970 15229 16485
f 15753 16456 17715
f 18348 18767 18768
f 17577 17575 16749
f 14402 17288 12261
f 18770 18771 18524
f 17899 14953 18607
f 18772 18773 17384
f 13712 18774 18048
f 17457 12159 15755
f 17971 17020 17276
f 16898 16674 17113
f 15890 18777 17366
f 18329 18779 17716
f 18780 18781 18782
f 18785 18750 18788
f 18792 18563 18559
f 17033 17741 18557
f 18156 18795 18609
f 16479 18145 16903
f 18796 18797 18800
f 18801 18804 17404
f 18513 18224 17672
f 18806 18779 18329
f 16340 15694 15945
f 17917 18374 17533
f 18706 18404 15046
f 18811 17668 18815
f 15048 16449 18204
f 17063 17319 17317
f 16480 17394 16753
f 17122 13139 18510
f 17269 18407 18401
f 18699 17256 18704
f 17364 16693 15647
f 17806 17277 18424
f 18816 18818 18826
f 18736 18734 18830
f 17805 17204 16530
f 18318 17778 16228
f 17483 18054 17472
f 18354 17977 17888
f 18727 16794 16791
f 16204 17595 17594
f 15763 15060 15752
f 18499 18807 18839
f 17579 17581 17713
f 17849 18606 17848
f 12160 12159 17457
f 16823 17960 17520
f 17597 17596 17837
f 17682 18842 18845
f 18840 18713 18499
f 14456 9100 12190
f 16012 17368 17748
f 18851 14972 18859
f 15896 17372 17393
f 18495 17382 18496
f 18184 18500 18861
f 16986 15261 6371
f 18795 18145 18609
f 9100 13875 58
f 14757 13203 16248
f 16386 15690 16117
f 18863 18864 18865
f 16500 16117 15450
f 18152 18154 18253
f 17915 18279 17921
f 18866 18497 18788
f 18867 18863 18868
f 17939 17971 17970
f 17739 18013 18277
f 18146 18869 17918
f 16322 16810 15946
f 16421 17288 16345
f 18562 18794 18462
f 17854 17394 16480
f 18870 18871 18873
f 17903 17618 18875
f 16898 17113 17016
f 18622 18264 17558
f 18669 18710 17261
f 18877 18885 18894
f 18470 18791 17824
f 18468 18514 18553
f 18724 17919 17530
f 17298 18374 17917
f 17257 17272 18702
f 4673 4683 11758
f 17914 17913 18896
f 17830 17256 18699
f 16398 15433 16793
f 18897 18898 18899
f 18903 18567 18908
f 17889 18226 18355
f 18229 18915 18917
f 18920 18922 18898
f 15678 15686 16666
f 18923 18379 17504
f 16927 18270 18531
f 18927 17709 17708
f 17330 17574 17328
f 18930 17689 17685
f 18053 17456 17582
f 17942 17941 18161
f 7603 15867 7597
f 17594 17455 16204
f 1005 1003 13875
f 16741 16580 16598
f 18932 16842 18140
f 17388 17100 16878
f 18348 18540 18937
f 18940 16851 15511
f 7938 5788 3535
f 17753 18944 18063
f 16831 18447 18943
f 16923 13787 13783
f 13499 18172 12384
f 17113 16673 18298
f 18165 17731 17925
f 17243 17730 17001
f 18945 18379 18923
f 14954 17855 14952
f 16375 17712 15712
f 16687 16837 18946
f 16987 6370 16147
f 18640 18674 18632
f 18513 18328 18327
f 17766 17613 17614
f 17668 18811 18116
f 17510 18156 17502
f 16696 18044 18406
f 17501 18383 18253
f 17617 17615 18317
f 18874 18392 18527
f 18315 18389 18395
f 17134 18249 18248
f 18948 18957 18790
f 15949 18960 18938
f 18758 17806 18424
f 18511 13137 17127
f 17482 18324 18318
f 17239 17706 17699
f 14818 14817 16232
f 18961 18962 18331
f 18413 18056 17838
f 18160 15750 18531
f 18963 18964 18965
f 18381 18620 16253
f 18018 18373 18372
f 18348 18111 18110
f 18922 18967 18767
f 18499 18498 18807
f 15474 18972 15802
f 18974 18975 18976
f 17851 17850 18977
f 18153 18152 18713
f 18945 18923 17602
f 17673 17513 17501
f 18499 18712 18382
f 17673 18253 17672
f 14850 14609 15331
f 17713 17514 17849
f 17837 18757 17836
f 16149 15492 14442
f 17513 17316 17304
f 18978 18983 18984
f 17091 16532 16915
f 18152 18384 18712
f 10767 17458 15592
f 18382 18712 18384
f 17967 17963 18517
f 18606 18757 18605
f 17837 18608 18757
f 17320 17455 17060
f 15731 12374 18171
f 16799 17842 18059
f 15433 16395 17846
f 16392 16394 17244
f 18540 18110 17897
f 15655 15535 17370
f 18010 18012 17080
f 18757 17849 17836
f 18151 16984 18872
f 18985 18986 18987
f 17746 17744 14475
f 17641 18991 17645
f 17264 18709 17182
f 17192 17660 17180
f 16815 18411 18408
f 18703 15049 18205
f 18622 17558 17116
f 18492 18263 18754
f 14356 11650 13348
f 17812 14315 16107
f 16886 14929 14928
f 16528 16522 17986
f 14376 17397 14915
f 18994 18995 18996
f 17279 18163 18422
f 15002 14670 8268
f 18084 18997 18414
f 17469 16668 16665
f 16454 16886 1006
f 18998 18057 18415
f 17328 18160 18270
f 18899 18898 18922
f 18757 17385 18605
f 16746 19003 16749
f 17715 16456 15756
f 17837 17596 18608
f 18758 18423 18897
f 17926 17730 18019
f 15751 17714 17851
f 19005 19006 19007
f 17236 15908 17090
f 18111 18347 18608
f 18019 18538 18963
f 19007 18425 19005
f 13211 16048 1004
f 17730 17243 18372
f 19008 19009 17940
f 17398 14335 9678
f 18272 17746 16129
f 19013 19016 19022
f 15960 13623 16551
f 17776 18321 17770
f 17340 16826 17523
f 17673 17498 17513
f 17381 18530 16836
f 17756 18072 16874
f 18348 18768 18346
f 19029 18292 18284
f 18293 18907 18910
f 19033 19035 19037
f 18609 19041 17502
f 17245 19042 19044
f 18490 18251 17135
f 18493 18752 17907
f 19045 18609 19046
f 19047 19048 19049
f 16662 15981 14409
f 18607 18711 17899
f 17730 18373 18018
f 18559 18276 19051
f 18496 17971 17276
f 18312 18181 18386
f 19052 18896 19053
f 18668 18659 18108
f 16626 16619 16820
f 18187 16322 18370
f 1288 15513 15198
f 16673 16670 18298
f 17015 16896 16898
f 18465 18551 18561
f 17114 18508 17615
f 17276 18185 17718
f 18779 18866 18788
f 18154 18513 17672
f 18555 18515 17030
f 18153 18839 18329
f 19054 19062 5415
f 17809 18523 18771
f 18180 18314 16606
f 2290 9753 3283
f 14644 14643 14954
f 18327 18329 17716
f 18896 19064 17914
f 17162 14937 15967
f 19069 19072 16995
f 13071 13067 14943
f 17821 18789 18954
f 17179 18410 17273
f 16361 17441 16353
f 16992 18089 19068
f 15187 16037 18341
f 17481 18340 16036
f 18581 16991 18571
f 17502 17501 17513
f 17175 16896 15713
f 15708 16690 16612
f 18113 17412 17901
f 15945 16041 16324
f 18760 19005 18759
f 18558 17739 18277
f 19078 18250 19082
f 8571 14518 6052
f 18760 18963 18965
f 16421 9600 12259
f 6369 19086 6370
f 13376 11746 13364
f 18996 18540 17806
f 18425 18422 17924
f 18194 19087 17913
f 13211 13205 16048
f 17928 17933 19088
f 19091 19095 18931
f 19098 19100 19088
f 19102 19103 19104
f 17718 18528 18327
f 18495 17716 18779
f 17276 17717 17716
f 17647 19084 17648
f 19105 19106 19110
f 17602 12381 16713
f 17092 15231 15222
f 15755 14442 14441
f 16129 17746 14475
f 18937 18996 18995
f 17748 17515 17749
f 18994 17806 18758
f 19112 18698 19118
f 17825 17832 18463
f 18540 17807 17806
f 19007 18897 18425
f 18919 19122 18231
f 18290 19028 19124
f 18568 18901 17882
f 18996 17806 18994
f 18019 18759 17926
f 15948 16488 12284
f 16693 16113 15647
f 18760 18019 18963
f 19128 19130 19131
f 17473 18161 19009
f 18760 18965 19005
f 18372 17939 17970
f 14952 16809 18607
f 16923 14849 13787
f 9633 12026 12030
f 17506 18747 17244
f 16921 14609 14850
f 14498 5969 15947
f 18795 17766 18145
f 14441 17457 15755
f 17113 16323 17016
f 19134 19137 8307
f 16903 17854 16904
f 18152 18712 18713
f 18052 18416 19119
f 16588 18718 14911
f 18747 17506 18605
f 19104 19141 19142
f 18196 19064 19052
f 19143 19144 16704
f 18465 18556 18551
f 18774 19145 18048
f 17836 16013 17597
f 18944 17753 16830
f 13171 19146 19149
f 18753 18264 18622
f 17339 17525 17745
f 14443 16986 16987
f 18351 17807 18540
f 18937 18540 18996
f 18875 19151 17649
f 18207 18476 17828
f 17620 17912 17117
f 17362 16610 16692
f 18189 19053 18896
f 18294 18909 19159
f 19160 19166 19100
f 19155 18564 18074
f 18297 19158 18285
f 19169 18994 18758
f 17775 16953 16930
f 19170 10365 10363
f 18320 18055 18999
f 18920 19174 18967
f 19048 19176 19178
f 18530 18946 16837
f 19180 18748 19181
f 18787 18751 18749
f 16837 16687 16686
f 18897 19007 19182
f 17393 17372 18861
f 4565 1033 5876
f 14274 15471 18169
f 18788 18497 18785
f 18156 17766 18795
f 19183 19184 19185
f 18779 17382 18495
f 15890 19187 18777
f 16478 16470 17130
f 18154 17672 18253
f 9316 9710 9311
f 19189 19190 19191
f 18417 19192 19194
f 13712 16602 15493
f 18817 19195 18819
f 19144 19143 13713
f 15637 16341 16810
f 14235 12055 3357
f 16339 16166 17767
f 5982 733 9349
f 19196 19197 19198
f 17131 18268 18487
f 19199 19200 18774
f 17693 18081 17703
f 17484 18324 17482
f 17483 18060 17484
f 16229 16228 16927
f 19202 19206 18819
f 14953 17697 14954
f 17214 16869 16865
f 17898 18111 18608
f 18274 17336 18272
f 18371 16985 18151
f 18050 19120 17336
f 14476 17744 15779
f 17929 18388 18182
f 18347 18111 18348
f 17902 16373 16948
f 11650 10541 13348
f 17383 17385 18347
f 19207 16675 17406
f 11060 488 5886
f 9356 9350 1047
f 17365 18893 19210
f 16529 17203 16873
f 18361 19215 19219
f 19222 19231 19056
f 17608 17375 17081
f 18911 18565 19157
f 16383 16554 14969
f 19169 18995 18994
f 19237 12929 19240
f 19244 19249 19254
f 18663 17262 18955
f 17267 17259 17822
f 17665 19256 19264
f 18897 18423 18425
f 19265 19268 19271
f 17505 17509 17506
f 19272 19273 19274
f 18966 19275 19185
f 18539 19276 19277
f 17703 18726 18061
f 14942 14933 16025
f 16395 16407 17846
f 18780 19041 19045
f 16993 19074 19280
f 19046 18609 18145
f 19283 18711 18151
f 18593 16365 19287
f 13627 12474 11496
f 18184 14642 14644
f 19006 19005 18965
f 17372 15896 15646
f 17598 18499 18382
f 18325 19289 18035
f 18175 19290 18173
f 16634 13925 12927
f 19292 18958 12280
f 19045 19046 19294
f 17074 13726 13730
f 18145 16479 18248
f 19295 18195 19052
f 17714 17942 17850
f 7600 12978 6051
f 19076 19080 19297
f 18713 18840 18153
f 19301 19297 19080
f 18248 18174 18145
f 17617 18396 18874
f 17384 17383 18768
f 17905 17652 18505
f 18525 18390 17931
f 18900 18758 18897
f 17582 17583 18049
f 1036 725 11061
f 18094 18664 18952
f 18396 17617 18317
f 16596 17400 19269
f 13365 18167 15025
f 18166 11748 14379
f 18874 18396 18392
f 4569 2060 1038
f 17530 18149 17604
f 11397 11590 11407
f 18393 18390 18525
f 17906 18756 17909
f 18311 17123 16604
f 19050 17915 19065
f 17336 17341 17746
f 17592 18049 17583
f 17897 18351 18540
f 18606 17849 18757
f 18228 17874 18352
f 17383 18347 18346
f 19306 18642 18637
f 18759 18425 17926
f 19309 19314 19325
f 17957 17950 19327
f 19330 14959 19336
f 18832 19340 19343
f 19350 19352 19032
f 18906 18913 17889
f 17476 19194 17944
f 18995 18348 18937
f 17405 18117 18809
f 16258 19354 16254
f 19356 19357 18946
f 16394 17508 17505
f 19104 18773 19102
f 17482 17421 18054
f 19360 13172 19361
f 19006 19182 19007
f 18056 17844 17838
f 17996 15199 16852
f 16942 17467 16394
f 19363 19365 19366
f 18226 17889 18913
f 16113 15554 16751
f 19367 19368 18871
f 13176 15199 17996
f 18530 16837 16836
f 18606 17506 17848
f 17606 17611 17923
f 17624 18683 10891
f 18218 17934 18179
f 19369 17636 17454
f 19370 19371 19372
f 19294 19046 18174
f 18174 19046 18145
f 17381 17971 18496
f 19196 19102 19373
f 10590 9631 19375
f 19169 18758 18900
f 17503 18383 17501
f 18866 18779 18806
f 19150 19379 17927
f 15473 18620 18169
f 18326 17734 17738
f 18679 19382 18686
f 18283 18837 19031
f 18564 17985 18074
f 19247 17666 19253
f 17661 17657 17191
f 17829 18473 18464
f 18033 18194 18300
f 15650 15644 15893
f 16685 18018 18372
f 18964 18963 19387
f 12261 13754 12160
f 12259 13596 12260
f 19388 16687 19387
f 19041 18609 19045
f 19142 19141 19389
f 17380 17382 18779
f 19390 19391 19392
f 18804 18801 19108
f 18019 18018 16685
f 17502 17513 17510
f 18327 18528 18513
f 19184 19182 19006
f 18963 19388 19387
f 17410 16677 17901
f 19396 17684 17690
f 19103 19398 19399
f 16686 18372 16836
f 15492 16148 19144
f 17799 19400 16390
f 1799 19401 1786
f 1797 19402 15818
f 17502 19041 17503
f 16792 15428 18061
f 15751 17851 18977
f 18173 19403 19404
f 14907 14671 14508
f 16804 18747 19405
f 18995 19169 18922
f 10655 19406 18850
f 18452 19410 19035
f 17365 19210 18177
f 17088 17852 19411
f 17738 17735 18211
f 18418 19194 19413
f 19006 18966 19185
f 18922 19169 18899
f 19418 19424 19318
f 18270 18160 18531
f 15114 5885 486
f 12678 12672 1371
f 17612 17835 17374
f 18737 18833 19344
f 19252 17190 18665
f 17576 19008 16636
f 19411 17852 19425
f 19389 19141 18539
f 17385 19405 18605
f 18531 15750 16229
f 16792 18061 18726
f 11827 1787 8542
f 19429 19434 19435
f 18080 17773 18083
f 7719 7695 7700
f 15908 17091 17090
f 17421 17472 18054
f 19436 19437 19439
f 16357 18597 19286
f 18093 17160 16653
f 16384 15564 15569
f 2727 18062 11828
f 16648 18305 18092
f 19440 16570 17810
f 18382 17503 17599
f 18596 19282 18587
f 12793 19442 17722
f 18340 17481 18335
f 19444 17475 19447
f 18582 8270 17443
f 19128 19448 19003
f 18158 18369 17111
f 16801 17174 14954
f 14508 14617 14907
f 4858 2737 12675
f 19449 19450 19451
f 19452 17899 18711
f 18538 18019 16685
f 19454 19460 19132
f 19005 18425 18759
f 17422 19465 19467
f 18252 18489 19079
f 16573 19469 18502
f 17406 19107 19207
f 19207 19107 16671
f 18006 19471 19474
f 17093 15225 10204
f 19478 19481 18761
f 14062 11308 11320
f 19484 19486 9624
f 17972 18011 16871
f 19192 17595 18977
f 18325 17967 19289
f 14025 18636 19491
f 13928 16922 12928
f 16875 16856 16832
f 18146 18725 18427
f 19150 18874 18527
f 18409 17181 16817
f 17656 16813 17176
f 19098 19088 18216
f 19154 19341 18838
f 19381 18525 17931
f 18652 19258 19248
f 19381 18526 18525
f 18645 19494 19498
f 19501 19245 19255
f 18976 19439 19183
f 19504 19505 18976
f 7915 5959 5972
f 18747 18605 19405
f 16253 19506 18381
f 19507 19202 19508
f 18620 18923 17504
f 19436 18976 19509
f 18934 18135 19511
f 19123 18453 18918
f 19513 16392 18539
f 16228 17482 18318
f 19275 19504 19185
f 19514 19393 18828
f 19520 19437 19522
f 16836 18372 17381
f 18946 19523 19180
f 19003 16746 19524
f 19530 19531 19532
f 17573 13729 17327
f 18781 18867 18868
f 19142 18773 19104
f 18521 19535 18763
f 17887 17883 18902
f 18942 18449 18442
f 17981 17980 16527
f 18834 19537 19320
f 18076 19342 19153
f 19540 19542 19543
f 18379 13871 16255
f 18767 18995 18922
f 19183 19439 19546
f 19548 18949 18793
f 18504 17651 19083
f 17808 18183 17697
f 19150 17927 19551
f 16899 19554 19555
f 17649 17903 18875
f 17601 16339 17767
f 19180 19523 18749
f 19249 19244 18651
f 17165 19556 18534
f 17664 17188 19250
f 17637 17636 19558
f 19561 19568 19570
f 19242 18105 18656
f 18103 18648 18658
f 17918 18725 18146
f 18435 18357 18441
f 19504 19183 19185
f 19575 19576 18962
f 19177 19275 19577
f 15758 16635 16636
f 17940 16636 19008
f 15751 16204 15752
f 17850 17945 18977
f 18052 19578 19193
f 19388 18963 18538
f 15886 19579 12541
f 17599 17503 19041
f 17524 17522 17333
f 14402 16147 16146
f 19581 19587 19590
f 19596 12857 12236
f 18772 19602 19373
f 18729 18737 19344
f 19529 18867 18781
f 18863 17598 17600
f 18711 19283 19452
f 19603 18962 19604
f 19508 19202 19195
f 15670 16405 15665
f 14653 14999 14996
f 17695 18926 19397
f 16281 19609 18860
f 18173 19294 18174
f 16983 18157 19612
f 18768 17383 18346
f 19373 19602 19613
f 17274 18403 18705
f 17654 19552 17640
f 15450 15689 15448
f 17687 17773 18080
f 19089 19615 17927
f 17932 17929 18182
f 16850 18939 18959
f 18646 19621 18672
f 18775 18893 17365
f 19520 19174 18920
f 6366 5372 3316
f 19626 19096 19092
f 19448 19131 17577
f 19632 1801 17226
f 18967 19174 19392
f 19546 19184 19183
f 18757 18347 17385
f 18500 16570 16574
f 19102 18772 19373
f 18768 18767 19392
f 19637 15475 16344
f 19639 19640 19643
f 18306 19067 18303
f 18445 18398 17790
f 18870 19645 19646
f 17974 19648 17965
f 18008 17968 17966
f 18151 18711 18371
f 15572 16548 17004
f 16642 17009 18301
f 17793 18432 18446
f 10757 13934 10770
f 19650 18068 19654
f 19221 19589 19584
f 19345 18077 18065
f 18733 19536 18836
f 19509 19655 19657
f 19049 19048 19577
f 18986 19659 19661
f 17918 18869 17913
f 14017 14026 19664
f 19182 19184 18898
f 15768 15767 16352
f 12677 7630 6402
f 14429 15179 16351
f 14934 14944 15974
f 18248 16479 17134
f 15357 18123 18585
f 19522 19174 19520
f 19672 19299 18990
f 14510 14670 15002
f 10675 12464 11595
f 17964 19647 19535
f 19675 19296 19679
f 18806 18497 18866
f 18868 17600 17599
f 14671 14668 14436
f 18196 19684 19064
f 18144 18134 18936
f 16880 17098 17095
f 19150 18527 19379
f 19686 19687 19688
f 19690 19691 19529
f 18214 19693 19099
f 9624 9634 19484
f 17183 17270 17265
f 14285 13824 16500
f 19502 19251 18666
f 19697 18639 19497
f 18792 18559 19550
f 16419 15384 9601
f 19392 19174 19390
f 16881 14522 16237
f 17942 17714 15756
f 19703 19707 19714
f 19117 19715 19115
f 19008 17576 19131
f 15021 17096 17387
f 18421 19716 19119
f 15019 15701 13363
f 17240 17702 15436
f 18169 17621 14274
f 18966 19719 19275
f 18964 19719 18965
f 19546 18921 19184
f 16486 15947 5969
f 18538 16687 19388
f 19356 19720 19721
f 17474 17473 19009
f 18918 18458 19121
f 19042 19723 18457
f 17900 17899 19452
f 18711 18607 18186
f 17600 18868 18863
f 18170 13500 15202
f 18371 18369 16985
f 19726 19729 19733
f 17381 18496 17382
f 19065 19683 19736
f 18780 19404 19738
f 18169 18620 18381
f 17136 17129 18491
f 18529 19555 19298
f 19298 19555 19290
f 17412 18113 17403
f 18868 19041 18782
f 19739 19740 19741
f 17669 16628 17659
f 18870 16984 19687
f 17598 18783 18498
f 19738 19404 19191
f 19242 18656 18655
f 13781 15343 16922
f 18647 19742 19620
f 18100 18648 18103
f 18107 19243 19503
f 19522 19657 19174
f 14236 3457 8323
f 19657 19437 19509
f 19744 19745 19748
f 18898 18897 19182
f 14336 17397 14376
f 19439 19437 19520
f 18177 17306 17365
f 16849 18958 19292
f 19749 18769 19752
f 17944 18161 17473
f 18862 17373 14642
f 17972 17078 17461
f 16804 19405 19755
f 18501 18861 18500
f 19451 19450 17808
f 17080 18012 17923
f 3365 10637 5428
f 15763 17321 15060
f 18946 19357 18964
f 19756 19757 19758
f 19051 18276 18281
f 16806 18747 16804
f 19755 19405 18773
f 17840 16794 18727
f 19405 17385 17384
f 17384 19602 18772
f 18749 19523 18946
f 19760 19761 17246
f 16672 19106 19762
f 19736 19683 19549
f 19535 18518 17964
f 18112 16631 18114
f 18975 18974 19763
f 19659 19764 19765
f 19426 19508 19195
f 19766 19772 19776
f 19340 18079 19343
f 19789 19792 19797
f 19630 19800 19805
f 18364 19651 18368
f 19595 19310 19539
f 18916 18914 19125
f 19321 19539 19310
f 19585 19311 19594
f 18287 19156 18835
f 16704 19144 16148
f 19807 19808 19813
f 17599 19041 18868
f 18661 18956 18950
f 19816 19739 19817
f 15493 14442 15492
f 12931 19237 19819
f 19820 19149 19486
f 19553 17650 19152
f 19822 17457 14441
f 19823 19825 19826
f 17080 16871 18011
f 18649 18098 19831
f 19163 19837 18988
f 18767 18348 18995
f 18004 19838 17998
f 16986 19840 15261
f 19183 19504 18976
f 19087 18194 18189
f 14025 19491 18201
f 19602 17384 18768
f 19677 19841 18199
f 19843 19763 19764
f 17809 17808 18523
f 18782 19041 18780
f 18158 18047 16672
f 19845 19817 19739
f 19846 19849 19852
f 18174 18249 18175
f 19854 18377 19105
f 19039 19856 19861
f 19865 19867 14710
f 19870 19873 19838
f 17703 18081 18726
f 16401 16716 16396
f 19001 18085 17769
f 18964 19387 18946
f 9430 18603 19875
f 19577 19048 19177
f 17088 16915 17852
f 19879 19720 19356
f 18977 17945 17943
f 17966 18212 18008
f 17789 18397 17335
f 18964 19357 19356
f 19883 19884 19890
f 12376 18380 18945
f 18087 16652 16649
f 18751 18118 18748
f 19369 19895 17636
f 17636 19895 19558
f 16750 16927 16748
f 19161 19099 19693
f 19899 19904 19911
f 19208 19913 18222
f 19917 19695 19562
f 14015 19920 19925
f 19927 19931 19934
f 19297 19301 19668
f 18692 18814 17670
f 10910 12372 10912
f 16283 14763 15848
f 19689 19940 19941
f 19942 19689 19941
f 18780 19045 19294
f 19179 19175 19505
f 18186 18607 16809
f 19763 18974 19764
f 17697 14953 17899
f 19531 19938 19533
f 18920 18898 19184
f 18781 18780 19529
f 18868 18782 18781
f 19612 18157 19943
f 19683 19489 19549
f 18921 19546 19439
f 14568 17439 19948
f 19721 19949 19950
f 16359 16349 18337
f 19954 19960 19964
f 18599 18579 18572
f 18175 18249 19290
f 3379 3378 19967
f 19968 19970 19128
f 17476 19413 19194
f 14618 14616 13932
f 16277 18968 19610
f 19973 19979 19982
f 19990 19992 19995
f 19290 18249 19077
f 15226 12748 10212
f 18977 17595 15751
f 18130 18142 18722
f 20001 19930 19993
f 17390 16238 15016
f 17456 18053 18272
f 20005 20009 19470
f 5483 14551 12164
f 16883 16240 17386
f 19277 19276 20010
f 18455 19037 19858
f 19351 18453 19123
f 17913 18869 18147
f 18066 17754 17751
f 18428 17530 17604
f 17598 18382 17599
f 19631 20011 19525
f 5967 12749 15223
f 18364 20015 19793
f 19237 20017 19819
f 17663 19263 18691
f 17928 19380 17930
f 18772 19102 18773
f 20020 19983 20021
f 18444 18450 18429
f 16149 16387 16148
f 19448 19128 19131
f 19873 17998 19838
f 19065 19736 19050
f 19349 19030 18831
f 16927 16750 18270
f 20026 20031 20036
f 18213 17967 18325
f 14356 13798 12546
f 19296 18188 19679
f 19257 19618 19916
f 19035 19033 18452
f 19175 18976 19505
f 18118 18751 18119
f 20041 20043 20046
f 20043 19823 19812
f 18960 15949 12281
f 18912 18904 18291
f 19275 19505 19504
f 18946 19879 19356
f 20042 18751 18784
f 18121 20047 18118
f 18519 19289 17967
f 19130 19970 19968
f 20010 20048 19277
f 19577 19275 18964
f 19509 18976 18975
f 20050 20051 20052
f 19470 20009 19187
f 18862 14642 18184
f 17810 18184 17808
f 17391 19188 15891
f 19440 16572 16570
f 17975 17466 18230
f 16998 18580 16027
f 18539 16392 16806
f 19476 20054 19479
f 15566 14728 15367
f 19650 19654 18365
f 19389 18539 16804
f 20061 20067 19882
f 19439 18976 19436
f 19603 19391 19390
f 17147 20073 20082
f 19283 18151 18872
f 18723 18141 17101
f 19908 19671 20084
f 15271 14901 12107
f 20088 20092 20099
f 17778 16927 16228
f 19613 19602 18768
f 19490 19685 18202
f 17901 17902 18113
f 16927 17778 16929
f 18894 18885 20105
f 19895 19369 19506
f 16749 19003 17577
f 19259 18653 19622
f 19619 19743 19698
f 18654 19830 20108
f 18104 19502 18666
f 19509 19437 19436
f 19049 19721 19950
f 17702 17240 17235
f 20110 18539 19141
f 18445 16826 17340
f 17167 15342 15339
f 19803 20113 19625
f 19048 19764 19176
f 18920 19439 19520
f 19791 19783 19211
f 13785 13779 14514
f 18964 19356 19049
f 19122 17974 18231
f 17683 18847 19624
f 5490 17436 5482
f 20118 20119 20127
f 19346 18069 18731
f 17799 14274 17452
f 17696 17687 18080
f 16804 19755 19389
f 18584 16360 18591
f 19755 18773 19142
f 20131 20132 20010
f 18865 18864 20134
f 9676 9684 12545
f 19964 19014 19954
f 19196 19198 19398
f 19275 19719 18964
f 16586 18131 16589
f 18338 17479 18576
f 16902 19189 19554
f 20135 19905 19818
f 672 15449 3316
f 19674 18529 19298
f 19191 19530 19738
f 18299 18148 17733
f 19089 19101 19615
f 18884 20091 20141
f 20103 20139 20146
f 19655 19844 19390
f 19392 18767 18967
f 16632 12926 12930
f 19579 19819 19270
f 20134 20041 18865
f 18986 19661 20148
f 19185 19184 19006
f 18500 18184 16570
f 19047 19049 19950
f 19968 19447 17474
f 20149 20151 19761
f 19761 20151 17247
f 17963 17968 17973
f 19412 17237 17089
f 19810 20152 20154
f 19387 16687 18946
f 19722 19647 18458
f 17246 19761 17247
f 12305 20158 18970
f 15485 15384 16419
f 19508 20048 19507
f 18851 19407 14972
f 6039 5304 20160
f 18063 18944 19652
f 19593 18730 19582
f 19324 19348 18829
f 19035 19410 20163
f 18522 20167 19482
f 18289 18905 18296
f 18530 17380 18787
f 14974 19406 10655
f 18773 19405 17384
f 15473 18738 17601
f 18380 18379 18945
f 20170 16257 20174
f 15471 14273 15472
f 20175 19678 19681
f 19403 19191 19404
f 20095 20180 20183
f 19748 20184 19744
f 18378 19688 19687
f 18993 17642 19616
f 13714 13713 19143
f 19527 16745 16956
f 16955 17774 19097
f 19109 20185 3607
f 18804 17408 17404
f 17640 19552 19614
f 19390 19657 19655
f 19093 17688 18928
f 19692 18215 18221
f 18801 17404 18810
f 17407 16678 17411
f 17852 16392 19513
f 18889 19913 19208
f 18962 19576 19604
f 16570 18184 17810
f 19293 12279 12071
f 18967 18922 18920
f 17336 17746 18272
f 18360 18070 19649
f 16572 20190 16574
f 19438 19656 19521
f 18524 17808 20191
f 20192 20197 20198
f 18867 19529 19691
f 18808 20199 18803
f 16185 20201 20202
f 358 4493 5790
f 18896 19087 18189
f 19050 18279 17915
f 18870 20203 20204
f 19124 19028 19353
f 18807 18329 18839
f 9633 10585 12026
f 19399 20205 20206
f 20207 19147 19358
f 18455 18452 19033
f 14273 14270 15472
f 18539 16805 16804
f 19426 17237 19412
f 17237 19426 18817
f 17636 17635 17454
f 19547 18560 19736
f 17245 19723 19042
f 19622 18653 20109
f 17453 18381 19506
f 2055 1042 1034
f 18865 20041 18786
f 14402 17457 16147
f 18988 19615 19101
f 18863 19691 20133
f 20211 18812 18813
f 5879 20214 12509
f 12394 20224 20227
f 12375 15731 13175
f 18670 17187 18708
f 20231 20232 20233
f 20235 20051 20236
f 18217 19912 18892
f 18722 18714 18130
f 12282 16487 16482
f 19049 19577 18964
f 18129 18715 16592
f 18102 18657 18106
f 20008 19545 18776
f 7787 358 5790
f 17288 16421 12261
f 19720 20237 19721
f 20239 17788 20244
f 17707 18821 18925
f 20247 19750 19998
f 18184 18183 17808
f 19009 19130 17474
f 20248 20249 19355
f 12512 20217 12517
f 18502 19469 19186
f 18183 14644 17697
f 17852 19513 19425
f 20252 20256 20260
f 19764 20262 19843
f 19366 20263 19363
f 19559 19894 19354
f 19763 19655 19509
f 20014 19623 20111
f 19049 19356 19721
f 15820 15819 18854
f 20134 18864 18863
f 19592 18732 18729
f 20032 19322 20040
f 20238 19969 19129
f 20264 20268 20270
f 20272 20273 20274
f 19102 19196 19398
f 5877 10358 4564
f 20277 20278 20279
f 18765 19723 17245
f 18530 18787 18749
f 19956 19955 18307
f 17008 20280 19957
f 19234 20287 4079
f 12283 16483 16845
f 20133 19942 19941
f 20292 20296 18001
f 19363 19180 19181
f 19190 19741 19740
f 17266 17826 18953
f 18788 17380 18779
f 19827 18097 18673
f 19404 18780 19294
f 18786 17598 18865
f 14929 16886 16454
f 19530 19191 19531
f 19161 19693 20104
f 19088 17933 18216
f 19555 19191 19403
f 20144 20297 19165
f 20274 20298 20300
f 19655 19763 19844
f 16455 2163 14930
f 19009 18161 17940
f 18825 19428 19770
f 14920 15026 14380
f 19179 19505 19275
f 18749 18946 18530
f 20304 20308 20314
f 19097 19526 16955
f 20317 20320 20325
f 15493 13713 13712
f 18048 19145 16986
f 20327 19362 13167
f 19949 19721 20237
f 20263 19720 19363
f 11060 723 488
f 19720 19180 19363
f 20043 19812 20046
f 19968 19444 19447
f 18946 19180 19879
f 19549 18633 18951
f 19942 19691 19689
f 15754 14839 16149
f 18865 17598 18863
f 19399 19198 20205
f 17796 19118 18698
f 19181 18118 20047
f 19198 19576 19575
f 18398 18445 17340
f 19857 19760 20329
f 9013 7730 9597
f 18366 19653 18941
f 14909 18717 14916
f 20333 20335 20347
f 19373 19197 19196
f 19298 19290 19077
f 20177 20351 20353
f 19535 19647 19722
f 20355 19739 19816
f 18771 18523 18524
f 17646 18989 19302
f 18988 19101 19163
f 19300 19081 17643
f 18577 16355 18333
f 20356 20358 19842
f 20362 18479 12397
f 13932 4374 14967
f 20363 18797 18796
f 20213 18692 18680
f 18886 20364 20179
f 20145 20140 20368
f 19168 20297 20089
f 16363 16354 19284
f 19391 19613 18768
f 17691 17709 18927
f 19409 18453 19351
f 3397 2288 5032
f 1288 7761 15513
f 19408 19352 19350
f 19195 18817 19426
f 17785 20129 20241
f 18697 19883 19890
f 20201 20370 17416
f 20372 19658 20278
f 20114 20373 19004
f 1796 1788 10913
f 16732 20374 20378
f 19193 19578 17593
f 20012 20114 19004
f 17959 20388 20390
f 18370 16322 17112
f 12080 12076 20328
f 12286 12279 19293
f 18501 17393 18861
f 19996 20393 18879
f 20051 20263 19366
f 19373 19576 19198
f 20400 20267 20404
f 20405 19473 20407
f 20408 19364 19181
f 20151 20409 19477
f 20401 20268 20264
f 19100 19098 19160
f 18763 19535 18764
f 18883 20139 20103
f 17099 15020 18721
f 18194 18033 18029
f 20411 17999 20412
f 19189 16902 19741
f 20293 19735 20415
f 18101 18947 18631
f 19829 18655 18650
f 16704 18269 19143
f 18000 20413 18004
f 19288 19839 18005
f 19276 20110 19103
f 20418 19570 19568
f 19949 20279 19765
f 20420 20421 20422
f 18143 16846 17102
f 20423 20372 20278
f 19949 19765 19048
f 20237 20235 20277
f 16735 17564 20428
f 20431 20433 19364
f 20435 19825 19823
f 19951 9432 19073
f 19280 18598 16993
f 19691 18863 18867
f 19517 17679 19395
f 19555 18529 16899
f 19686 20437 20438
f 20431 20439 20442
f 19207 16670 16675
f 18802 20200 17626
f 18159 18157 16983
f 12931 12929 19237
f 18331 20444 19603
f 20445 20150 20447
f 20329 19044 19857
f 20446 19759 20398
f 19939 19690 19534
f 19482 20055 19871
f 19544 18895 18778
f 19942 20133 19691
f 20206 20010 19276
f 19064 18896 19052
f 19400 20449 16388
f 19433 19432 19203
f 19531 19191 19190
f 20450 18191 18027
f 17799 17454 17635
f 19871 18522 19482
f 19604 19576 19373
f 17799 17637 19400
f 19391 19604 19373
f 18633 19549 19489
f 19764 18974 19176
f 18031 17734 18326
f 20279 19659 19765
f 19844 18985 20452
f 18269 19199 18774
f 20102 18220 18890
f 19214 19787 20454
f 20461 20467 20472
f 20479 20483 20485
f 20006 19469 16573
f 19209 18219 18178
f 20188 20007 16575
f 20491 20191 17808
f 19283 18872 19452
f 19004 20373 19127
f 17682 20494 18842
f 19180 18749 18748
f 19048 19047 19949
f 12068 19510 16585
f 19720 20235 20237
f 16731 19265 19271
f 19446 20240 20497
f 20501 20506 20510
f 19403 18173 19290
f 19528 20013 19002
f 20515 17781 19802
f 19906 20524 20526
f 19880 18695 20057
f 17772 18319 19000
f 19940 19824 20436
f 18976 19175 18974
f 19202 19434 19206
f 17245 20329 17246
f 19603 20444 18962
f 18229 18227 18915
f 20279 20278 19658
f 19373 19613 19391
f 20273 20528 20274
f 18539 19277 19513
f 18872 19451 19452
f 16389 16117 16500
f 19889 19781 19794
f 19142 19389 19755
f 20535 20538 20543
f 19316 19220 19213
f 18735 19591 19538
f 20547 20406 20548
f 20550 20392 20556
f 15355 9419 20560
f 20565 19036 20486
f 20329 17245 19044
f 19535 18521 18518
f 19477 20149 20566
f 20567 20569 20570
f 19905 20527 19818
f 18771 18770 19440
f 19371 20150 20573
f 20198 20574 20192
f 20491 19450 19756
f 20575 20576 20577
f 19370 20582 19371
f 18814 18692 20213
f 19615 19551 17927
f 19839 18520 19869
f 17602 16713 18945
f 20583 20585 19727
f 19295 19052 19053
f 20589 20582 20569
f 20591 19541 19998
f 17366 15894 15890
f 20592 19542 19540
f 17670 17667 18692
f 17782 20517 20593
f 19128 19970 19130
f 18416 18052 19193
f 20598 19887 20069
f 18364 18359 20015
f 18053 18051 18273
f 6366 15449 14266
f 17593 19578 18052
f 18051 18049 17592
f 15818 1006 10658
f 20601 19699 20608
f 18434 20015 18359
f 19217 19583 18363
f 19588 19319 19312
f 16247 15383 15482
f 19763 19509 18975
f 16053 13208 14758
f 19583 18064 18363
f 19347 19326 20162
f 18923 18620 15473
f 20262 19764 19659
f 20277 20279 19949
f 20610 20421 20611
f 19326 20034 20162
f 20610 20611 20612
f 20236 20422 20613
f 19826 19812 19823
f 20277 19949 20237
f 19941 20435 20043
f 20097 19900 19835
f 20424 20422 20421
f 19398 19103 19102
f 17247 18765 17245
f 20246 20189 16571
f 20354 20614 20615
f 20615 20617 20354
f 20619 19751 18770
f 19290 19555 19403
f 20412 20567 20570
f 18109 18660 18099
f 19191 19555 19189
f 20547 20548 20621
f 20623 20441 20626
f 12930 15885 16632
f 19260 17662 19246
f 19560 19385 18675
f 17628 20199 18808
f 17627 20186 19108
f 20154 20152 20627
f 17452 14274 17453
f 16499 16309 14275
f 20602 20636 20640
f 20085 19672 18990
f 19687 16984 19612
f 18896 17913 19087
f 20647 16019 20651
f 19164 19162 20147
f 19756 20619 20654
f 20089 20297 20144
f 18777 19187 20009
f 19872 20567 20412
f 15511 15947 18940
f 19451 17900 19452
f 20376 16728 18630
f 20047 20408 19181
f 20100 20095 20183
f 20656 16572 19440
f 18524 20191 18770
f 19822 16987 16147
f 20271 20658 20659
f 19434 19202 19507
f 20420 20422 20662
f 20206 20205 19575
f 20295 20413 18000
f 20612 20528 20148
f 20445 20402 20663
f 19426 19277 19508
f 18121 18119 20042
f 19648 17974 19122
f 20668 20670 20677
f 20037 19423 20028
f 20038 19323 19317
f 10588 8396 5307
f 20565 20486 19639
f 20033 20030 20489
f 19399 19398 19198
f 11403 15341 17164
f 20048 19508 19277
f 18332 20206 18330
f 19758 19757 19449
f 18137 18132 16583
f 20356 19842 20175
f 12287 16843 18933
f 19603 20452 18331
f 19515 19775 20493
f 18923 15473 17602
f 19688 18377 19686
f 19768 19774 19516
f 19094 17771 17686
f 20518 18844 20680
f 18376 19943 19762
f 15731 18171 15204
f 19741 19190 19189
f 19919 19262 19261
f 12395 18480 12387
f 20683 20684 20685
f 19698 19743 18641
f 20687 19897 20096
f 16594 19267 16742
f 14443 14442 16602
f 20142 20093 20369
f 20692 20694 20698
f 19745 20688 19748
f 19440 17809 18771
f 20238 19446 19969
f 19009 19008 19131
f 18843 20495 20681
f 18420 18418 19415
f 17637 17799 17635
f 18985 19843 20262
f 19272 20699 20700
f 19603 19390 19844
f 20492 17681 19518
f 20701 20684 20702
f 20613 20422 20424
f 20173 13173 20171
f 20703 20704 20705
f 17237 18817 18824
f 20372 20421 19660
f 20452 19603 19844
f 18986 20262 19659
f 19950 19949 19047
f 20705 20706 20707
f 19765 19764 19048
f 19720 19879 19180
f 20613 20425 20276
f 19638 20658 19641
f 18458 18918 18453
f 20263 20051 20235
f 19801 19628 18849
f 19531 19190 19740
f 19327 17950 20709
f 19586 19218 19313
f 20619 19756 20715
f 17810 17809 19440
f 19809 18120 19814
f 20153 20431 19364
f 20705 20707 20703
f 20717 20685 20684
f 20720 20407 20721
f 18751 20042 18119
f 20725 19812 19826
f 18380 12373 13871
f 19938 19531 20727
f 20663 20150 20445
f 19761 19759 20446
f 19943 18157 16672
f 18761 17247 19478
f 20043 20133 19941
f 19372 19371 20573
f 19391 18768 19392
f 20729 20354 20349
f 20357 20733 19921
f 19741 16902 19845
f 19086 16345 17288
f 18638 18634 14024
f 19839 19288 18520
f 16886 14928 1003
f 20403 20735 20736
f 19506 16253 19895
f 18672 19621 20107
f 20568 19874 20586
f 20143 19161 20104
f 19262 19919 18689
f 20107 19828 18672
f 20590 19999 18876
f 16343 15818 19402
f 20440 20627 20739
f 20741 20745 20749
f 20044 18121 20042
f 19044 19860 19857
f 18456 19859 19043
f 20041 20134 20043
f 18728 18073 19580
f 18121 19811 20047
f 20750 20051 20050
f 19629 19090 17680
f 19856 19039 20266
f 19042 19860 19044
f 16749 18225 16750
f 19131 19130 19009
f 20053 20582 20589
f 20724 19824 20751
f 17592 17595 19192
f 20751 19824 19940
f 19507 20048 20010
f 20206 18332 19272
f 16902 16901 20753
f 20009 20005 20245
f 17711 17692 17698
f 18973 15475 19637
f 16672 19762 19943
f 17563 20209 20755
f 19111 17406 18805
f 20756 20757 20759
f 16983 16985 18159
f 19757 19450 19449
f 20053 20566 19371
f 14760 14756 15479
f 20276 20234 20613
f 20760 19472 19735
f 20407 20720 20405
f 20547 20620 20451
f 19604 19391 19603
f 16278 19605 16282
f 19680 20352 20178
f 19832 20086 18992
f 15570 17005 16647
f 9422 20761 18604
f 18578 16027 18580
f 19834 19167 20090
f 19053 18192 19295
f 18367 18439 18358
f 20389 19420 20455
f 20165 19408 19350
f 19420 20389 20386
f 17946 20456 19779
f 19126 18912 18291
f 19024 9418 9426
f 19276 19103 19399
f 14928 11140 1003
f 16541 15568 15379
f 20760 20407 19473
f 17444 15769 16346
f 14027 18200 18197
f 20766 20419 19569
f 19495 19305 20771
f 20285 17149 17145
f 19192 18977 17943
f 19198 19197 19373
f 20112 20772 17780
f 17013 16547 20283
f 11590 11397 11207
f 17453 17621 18381
f 18440 18366 18941
f 18535 19557 18545
f 19660 19658 20372
f 20436 19941 19940
f 19836 19908 20084
f 20183 20775 20100
f 17799 17452 17454
f 19761 20446 20149
f 19510 18138 16585
f 20777 19435 19434
f 19733 20291 19726
f 20610 20148 19661
f 19471 18006 20414
f 20778 20050 20779
f 19734 19728 20722
f 19736 18560 19050
f 20051 19366 20052
f 20728 20621 20548
f 19554 19189 19555
f 16344 15486 16420
f 20186 17627 3610
f 20780 20786 20787
f 20791 20792 20793
f 19181 18748 18118
f 19449 19368 19758
f 19529 18780 19737
f 20569 20567 20589
f 19686 18377 20437
f 18945 16713 12376
f 19758 20715 19756
f 20797 19730 19724
f 16902 19554 16899
f 20798 20800 20739
f 19694 19915 19617
f 20208 20803 20806
f 20291 19733 20294
f 20698 20808 20692
f 20813 17622 10894
f 19564 19499 19566
f 20815 20161 19201
f 20205 19198 19575
f 20406 20547 20819
f 18202 19685 18195
f 20206 19575 18330
f 18985 20262 18986
f 18962 20444 18331
f 20609 19660 20421
f 20821 20822 20823
f 20662 20824 20825
f 19543 19542 20592
f 20490 20166 20035
f 20421 20372 20424
f 20269 19040 19642
f 19273 19272 18332
f 19826 19825 20725
f 19315 19212 19419
f 18376 19106 19105
f 18846 18841 20519
f 20422 20236 20824
f 19639 20827 20831
f 20832 20833 20834
f 20122 20836 20841
f 20229 20845 20465
f 20236 20613 20234
f 19735 19472 20415
f 20574 20198 20615
f 20750 20236 20051
f 19127 20114 17779
f 20819 20547 20451
f 19363 19181 19365
f 20050 20778 20750
f 19477 20409 20149
f 20052 19366 19365
f 12928 16922 15343
f 19682 18191 20450
f 20854 20856 20862
f 20683 20131 20864
f 20120 20840 20242
f 20582 20053 19371
f 20548 20405 20720
f 20176 20354 20617
f 6368 11294 11300
f 18506 19085 18486
f 20371 16186 20865
f 19427 19771 19769
f 19870 20587 19873
f 20866 20523 19903
f 19871 20055 20588
f 20679 20874 20522
f 19665 18199 19841
f 20627 19808 20798
f 20778 20779 20824
f 20875 19274 19273
f 20757 20299 20662
f 20824 20236 20778
f 20752 20876 20877
f 17399 9677 12543
f 17288 16146 19086
f 20324 20874 20880
f 20435 19823 20043
f 20367 20773 20181
f 18880 20551 20881
f 19859 18456 18454
f 20364 20182 20179
f 20016 18739 18626
f 19718 18419 20496
f 20884 20890 20894
f 18763 20168 18521
f 14930 14309 14928
f 18769 19749 20655
f 20402 20445 20448
f 17808 17900 19451
f 19541 19545 20008
f 20825 20896 20757
f 17583 17594 17592
f 19818 20527 19815
f 18330 19575 18961
f 20611 20421 20420
f 19885 20596 20899
f 18331 18330 18961
f 19657 19390 19174
f 18987 18986 20148
f 20777 19507 20132
f 20878 20740 20799
f 18929 17680 19090
f 20528 18987 20148
f 19292 12079 16849
f 20148 20610 20612
f 18299 17733 18034
f 19758 19368 19367
f 20719 20900 20192
f 19678 20175 19842
f 20903 20907 20917
f 20921 20922 19645
f 16984 16983 19612
f 18857 20923 1795
f 19793 20015 20925
f 1792 19611 17228
f 20929 18682 20937
f 20010 20700 20131
f 20768 20765 19500
f 19564 19696 19499
f 20614 20354 20729
f 20897 20343 19786
f 14738 362 18485
f 19304 19493 18644
f 19422 20480 20029
f 20377 17562 16736
f 19106 18376 19762
f 16380 11492 15567
f 17010 17006 16545
f 20451 20620 20352
f 16655 16552 16644
f 19443 12863 16462
f 19572 20416 20939
f 20947 20767 20464
f 19141 19103 20110
f 20098 19748 20688
f 20098 20776 19748
f 20071 20063 20336
f 20951 20695 20690
f 19991 20955 20002
f 20235 19720 20263
f 19186 17392 18502
f 19807 20726 20800
f 20740 20626 20441
f 20958 20727 20959
f 19364 20408 20153
f 20751 20878 20799
f 19451 18872 19449
f 7696 7707 13876
f 19416 19216 20453
f 17951 20669 20708
f 20963 20508 20499
f 20666 17953 20967
f 17956 19328 20383
f 19953 19010 9428
f 12929 12925 20973
f 14438 14432 15770
f 18377 18376 19105
f 16185 20974 13784
f 20406 20819 19475
f 14666 14094 14423
f 19687 20203 18870
f 19038 20564 19644
f 19687 19686 20204
f 20975 19400 17637
f 20271 20659 20744
f 19127 17779 20239
f 20976 20977 20864
f 19898 20689 20867
f 20809 20982 20985
f 2161 8116 11141
f 19269 12541 19579
f 20947 20419 20767
f 19480 20169 18762
f 19909 19907 20138
f 16900 18529 19674
f 20570 19370 19372
f 19543 20986 18891
f 20570 19372 20988
f 20988 20410 20570
f 20733 20357 20989
f 18962 18961 19575
f 18677 18690 19918
f 20304 20990 20308
f 17786 20318 20126
f 20240 20839 20497
f 18827 17705 17238
f 19435 20777 20685
f 17454 17453 19369
f 20995 18459 18461
f 20427 16584 16738
f 20232 20231 20684
f 15591 17459 13936
f 20452 18985 18987
f 20248 12029 20249
f 19103 19141 19104
f 16590 14912 16593
f 20266 20398 19856
f 20528 20273 18987
f 13714 19143 18269
f 20300 20272 20274
f 20879 20997 20905
f 20149 20409 20151
f 18766 19535 19722
f 20654 20191 20491
f 20381 20509 20960
f 19756 20654 20491
f 19864 19959 19866
f 16544 15568 16541
f 14710 19867 16543
f 4615 8775 5288
f 18003 20820 18026
f 3462 3461 14238
f 20691 20873 20950
f 20999 21000 21001
f 19463 19453 21005
f 19646 18871 18870
f 19808 19807 20798
f 20450 18027 20818
f 21009 21010 21012
f 6400 90 1375
f 8069 12674 15368
f 5036 21014 17760
f 20408 20047 19811
f 15375 15371 2741
f 12567 13952 14301
f 20576 20575 21015
f 20876 20752 20727
f 17400 12541 19269
f 19813 20726 19807
f 20798 19807 20800
f 19558 20975 17637
f 21015 20196 20576
f 19852 21016 21018
f 20088 20368 20092
f 19845 19739 19741
f 21021 21024 21030
f 21035 3415 3413
f 20273 20272 20452
f 19199 18269 16704
f 20423 20278 20275
f 19114 19717 20842
f 19526 19097 19627
f 20925 20015 18434
f 20502 21037 20961
f 17944 17473 17476
f 20385 20962 20478
f 20028 19423 19417
f 20830 20826 20488
f 16345 19086 6369
f 18048 14443 16602
f 19519 18820 19767
f 20592 20986 19543
f 19748 20776 20184
f 12070 12285 19512
f 19473 19472 20760
f 19507 20010 20132
f 21045 19778 21047
f 20202 20974 16185
f 17808 19450 20491
f 19202 18819 19195
f 21050 21000 20999
f 20408 19811 20153
f 18426 20755 20326
f 21051 21052 21053
f 20661 20298 21054
f 18858 14975 16284
f 19404 19294 18173
f 18120 20045 19814
f 20739 20627 20798
f 20352 19680 20451
f 21058 21059 19847
f 19739 21060 19740
f 20350 20622 20730
f 19817 19845 20753
f 19816 21062 21063
f 20886 21066 21067
f 20765 19567 19500
f 20197 20616 20615
f 19908 19836 19896
f 20731 21068 20791
f 20569 20582 19370
f 21068 21069 20792
f 20204 20203 19687
f 20936 18685 19386
f 19496 19492 19308
f 18001 17999 20411
f 13165 13177 17997
f 20753 16901 19673
f 20179 20094 18886
f 19686 20922 20921
f 17623 17630 18681
f 20437 21035 20438
f 19127 20373 20114
f 20896 20758 20757
f 21054 20611 20420
f 21074 21077 18982
f 19777 19771 19427
f 19447 17475 17474
f 20778 20236 20750
f 20700 20206 19272
f 21078 20434 21079
f 20779 20825 20824
f 11596 12450 11598
f 18818 19204 18826
f 20298 20274 20612
f 18887 18882 20365
f 3415 21035 21081
f 18198 18195 19295
f 20145 20368 20088
f 20922 21084 19646
f 21085 20310 21093
f 21071 21096 21098
f 5036 19854 21014
f 20172 13870 13170
f 20625 20877 21050
f 19285 18600 18590
f 20762 18592 19278
f 19534 19690 19529
f 17999 19872 20412
f 21100 21101 21102
f 19804 20772 20112
f 20110 19276 18539
f 12929 20973 19240
f 20899 19780 19885
f 20799 20724 20751
f 20010 20206 20700
f 18436 18697 19890
f 20345 20338 21105
f 20432 20049 19365
f 19318 19424 20039
f 20718 20574 20729
f 19512 12285 18935
f 20533 21114 20457
f 21098 21117 19926
f 21118 20449 19400
f 19383 19563 19573
f 19923 21119 20360
f 14443 19822 14441
f 21120 21121 21068
f 20206 19276 19399
f 21123 21124 21061
f 19108 18801 17627
f 19034 20564 19038
f 20529 21127 20536
f 21050 20877 20876
f 21133 20991 20931
f 12069 17569 12077
f 20566 20053 19477
f 20965 20481 20476
f 20348 21136 20671
f 20315 20920 20125
f 20239 17779 17788
f 19466 21137 19468
f 21138 19273 20300
f 19400 20975 21118
f 20272 19273 18332
f 21144 21151 21155
f 20439 20624 20442
f 21158 21159 19466
f 20272 18331 20452
f 19791 19211 18362
f 19017 19015 20079
f 19394 18924 18822
f 21160 21161 20702
f 20977 20232 20684
f 20300 19273 20272
f 4083 14712 2739
f 15148 7735 11755
f 11099 15738 15736
f 20626 20878 20623
f 19475 20819 18002
f 20612 20274 20528
f 10912 16455 16342
f 20825 20703 20896
f 18881 20774 20366
f 19930 20397 19993
f 20900 20719 20722
f 21164 20748 21167
f 18001 20411 20292
f 21174 21176 21184
f 21185 19848 20195
f 21068 21187 21120
f 19845 16902 20753
f 20410 20988 19725
f 21068 21189 21187
f 19450 19757 19756
f 21190 20650 19989
f 20594 20320 20317
f 20766 20767 20419
f 19506 19369 17453
f 18637 14023 19306
f 16257 16255 20174
f 20967 20672 20666
f 20500 20514 21196
f 21014 19854 19105
f 20196 21202 20576
f 19066 18310 19071
f 19853 20585 20583
f 19288 18005 18030
f 20106 19692 18221
f 12691 18482 18481
f 18770 20191 20654
f 20776 18880 20184
f 20883 20549 20553
f 20192 20574 20719
f 20577 20576 21204
f 21015 21188 20196
f 8551 11833 8538
f 20049 20052 19365
f 21078 20705 20704
f 19687 19612 18378
f 16255 13871 20174
f 21205 16377 20644
f 20959 20727 19740
f 21206 20704 20703
f 3619 4348 5039
f 20171 19821 19483
f 20326 17571 18426
f 20617 20989 20176
f 20731 20791 20793
f 21120 21188 20575
f 21058 21207 21208
f 20316 17784 20595
f 19902 19901 20871
f 14513 21210 13786
f 17786 17783 20318
f 21211 21052 21051
f 18696 18433 17794
f 20243 20130 20121
f 21212 21062 21214
f 19194 18418 18417
f 20171 19148 19821
f 20321 20593 20517
f 21220 21199 21106
f 19144 13713 15492
f 19759 19856 20398
f 18198 19295 19676
f 21125 20531 20463
f 21225 21229 21156
f 20699 19272 19274
f 15346 15344 13784
f 19371 20566 20149
f 20151 19477 17247
f 20452 18987 20273
f 17955 17947 19788
f 21049 19777 19427
f 17948 17958 20391
f 21235 21159 20976
f 14355 13925 16634
f 20520 19798 18848
f 20738 20742 21237
f 19070 18090 18302
f 20685 20132 20683
f 9598 9014 9006
f 19279 9431 19878
f 18878 20396 20552
f 20005 20187 20245
f 16356 18574 18595
f 19541 20008 20247
f 19934 19931 21238
f 19120 17798 17336
f 20978 20889 20888
f 17577 19003 19448
f 20128 20913 20115
f 19612 19943 18376
f 19239 18739 20016
f 21242 21244 20758
f 18627 18623 19819
f 20825 20779 20050
f 21073 21160 21245
f 20298 20612 21054
f 19688 18378 18377
f 20442 20433 20431
f 20704 20049 20432
f 20379 16734 16730
f 17922 20449 21118
f 20728 20548 20720
f 20577 21121 21120
f 21214 21247 21212
f 20700 20699 20131
f 21079 20434 20443
f 20154 20627 20430
f 21186 20616 20197
f 21248 20443 20625
f 21201 21204 20576
f 11715 20363 21207
f 20706 21078 21051
f 20137 19670 19910
f 20698 21250 20808
f 20769 19307 20225
f 20555 20394 19928
f 19277 19425 19513
f 20662 20422 20824
f 20431 20628 20439
f 21248 21255 21256
f 20554 19744 20882
f 9593 7730 8528
f 20950 20873 19746
f 21260 21261 20952
f 21265 21266 3413
f 20319 20521 20323
f 17474 19130 19968
f 19105 3609 21014
f 19192 17943 19194
f 20438 20922 19686
f 15345 17414 20971
f 21271 21040 18981
f 17246 20329 19760
f 20900 19728 20192
f 10591 9636 9627
f 21273 21095 21209
f 20838 19718 20496
f 20675 20504 20667
f 19790 20927 19795
f 20575 21188 21015
f 20570 20569 19370
f 21187 21189 20731
f 21207 21058 19847
f 13751 15149 13749
f 21100 20875 21138
f 20823 21274 18460
f 20664 20736 20572
f 20966 20830 20488
f 19782 20969 17954
f 20673 20970 20344
f 15734 18742 19241
f 20948 20466 21277
f 20993 20302 20933
f 19037 18455 19033
f 20460 21275 20468
f 20943 21132 19574
f 20230 19303 14020
f 20541 21129 21280
f 20359 20357 19921
f 20695 19745 19744
f 20981 21122 20869
f 19355 16257 20248
f 20324 20522 20874
f 19892 19796 20926
f 17780 20772 19804
f 21286 21073 21245
f 21294 21300 21303
f 21308 21313 19464
f 20498 18420 19415
f 20777 19434 19507
f 18719 15023 14917
f 19559 20250 21314
f 21316 21317 21318
f 16733 16587 16744
f 19329 20710 20384
f 21139 21319 21150
f 20389 20455 17949
f 21324 21330 21333
f 21337 19638 20828
f 20966 21036 20830
f 21197 21037 20502
f 20756 20759 21344
f 20136 20753 19669
f 21101 20300 20299
f 20573 20150 20663
f 20707 20706 21345
f 21055 20420 20662
f 12544 13797 15884
f 21346 21164 17992
f 21349 21350 21351
f 18872 16984 18870
f 21138 20875 19273
f 21354 21253 21361
f 18891 20986 20592
f 19744 20184 20881
f 14706 21366 19862
f 16997 14936 17161
f 21201 20194 21204
f 18460 21274 20875
f 20881 20184 18880
f 18871 19368 19449
f 21014 21369 17758
f 21236 20795 20737
f 21370 21009 21372
f 8545 19633 17233
f 20922 20438 21035
f 20905 20997 21373
f 20793 21099 20731
f 10913 10912 16343
f 19107 17406 19111
f 20577 21120 20575
f 1790 20924 19608
f 19020 21380 19224
f 20360 14014 19923
f 21063 21247 21060
f 20792 21069 21099
f 13787 14852 13780
f 18796 21273 20363
f 20715 19758 20645
f 20723 20760 19735
f 19027 19019 19228
f 20176 20989 20357
f 14712 15372 2739
f 20627 20152 19808
f 20938 19384 19571
f 14714 14705 16542
f 19444 19414 17475
f 17788 17787 20244
f 20864 20131 20699
f 12113 8325 14653
f 15377 15566 15367
f 15361 18594 20763
f 19927 20395 19931
f 20246 16571 20655
f 21385 12123 20557
f 20868 20686 19747
f 19936 20693 19929
f 19935 21239 21360
f 21205 20644 19367
f 3413 7995 21265
f 14442 17800 16149
f 3409 21082 5035
f 15142 11396 11394
f 16931 18774 19200
f 20919 20317 20325
f 14443 18048 16986
f 21078 20706 20705
f 16731 19271 18624
f 11600 14075 14085
f 17721 15532 17728
f 20426 12073 16581
f 19666 19920 14015
f 20723 20407 20760
f 21386 21387 21389
f 20486 19036 20164
f 20196 20193 21202
f 21099 20793 20792
f 20727 20752 19938
f 20951 19745 20695
f 21101 20299 20756
f 21256 21390 21051
f 21278 20459 20942
f 21102 21101 21343
f 16946 2238 21391
f 14027 18197 19667
f 17922 21118 21394
f 20612 20611 21054
f 20989 20617 20733
f 20983 20691 20810
f 21124 21123 20979
f 19833 20087 20101
f 21395 6039 20160
f 20626 20740 20878
f 21401 21405 21408
f 7812 7807 21417
f 18984 20701 18978
f 20864 20699 19274
f 15532 15145 17728
f 19116 20064 18694
f 21419 21420 21421
f 19998 19541 20247
f 18460 18459 20821
f 20300 21101 21100
f 20968 19784 20342
f 20332 20597 20066
f 16704 17922 19199
f 20727 21000 20876
f 19740 20727 19531
f 20615 20198 20197
f 5305 4678 16933
f 21423 18459 20995
f 21243 21344 20759
f 20050 20704 21206
f 20958 21060 21424
f 21350 20758 20896
f 21428 21429 21315
f 18871 19449 18872
f 20615 20614 20574
f 10913 19402 1796
f 18799 20361 18796
f 20757 20662 20825
f 21430 21438 21441
f 19646 19645 20922
f 21445 21011 21352
f 20802 21446 21451
f 21051 21078 21079
f 21409 21279 21399
f 21276 20941 20946
f 21453 21457 21289
f 21462 11715 21207
f 20527 21123 21061
f 12078 20327 13167
f 4432 4429 2141
f 20825 20050 21206
f 21068 21121 20577
f 18797 20363 11715
f 20312 20546 4439
f 21345 21463 21351
f 20896 20703 20707
f 20410 20412 20570
f 21160 18978 20701
f 18808 17631 17628
f 21464 21256 21051
f 20794 20584 19732
f 20975 21394 21118
f 20696 20555 19928
f 20648 21192 19752
f 20887 21466 21064
f 20952 19987 21260
f 21359 21240 21357
f 21241 19932 20004
f 21345 21351 21350
f 10634 10631 21469
f 21010 21009 21370
f 20703 20825 21206
f 14242 14233 8318
f 12372 1370 16455
f 18856 15821 18853
f 21424 21474 21475
f 19851 21185 19731
f 3614 17628 17625
f 20958 20959 21060
f 21000 20727 20957
f 12303 11300 8296
f 21116 21119 19923
f 11408 9694 9318
f 20999 21476 21050
f 20792 20791 21068
f 20282 16546 19868
f 12568 21065 21468
f 19817 20753 20136
f 21478 21483 21003
f 19442 17584 12861
f 12080 19291 12072
f 15363 20761 9422
f 19785 19891 19886
f 21136 20348 21103
f 20684 20701 20717
f 12053 14240 12118
f 21486 21489 21493
f 21100 21138 20300
f 20738 20734 20746
f 20987 20571 20797
f 19354 20250 19559
f 20299 20757 20756
f 20240 19446 20238
f 18436 18430 18697
f 21494 18385 11101
f 20749 21497 20741
f 21135 20938 19571
f 17675 21090 4435
f 19274 20875 21274
f 21500 21508 20606
f 21422 21316 21510
f 10897 20932 20303
f 19146 13171 19359
f 20346 20898 20600
f 19662 19842 20358
f 20945 20417 20949
f 19847 21059 19850
f 16147 17457 19822
f 21512 21217 21488
f 21136 20674 20671
f 20511 20503 20676
f 21107 20340 21218
f 19274 21274 21235
f 17566 12067 20429
f 21495 11094 15735
f 14554 15593 13503
f 20880 20874 20679
f 20902 21515 20910
f 20248 16257 20170
f 20702 20231 20233
f 20683 20132 20131
f 21343 20995 21102
f 20327 20754 19362
f 19358 20754 20207
f 21513 21485 21491
f 21339 20829 21038
f 20068 19888 19881
f 20505 20712 20665
f 20403 20265 20744
f 19265 16743 19268
f 13172 16939 19361
f 9625 19488 20254
f 19997 21191 19986
f 21520 21522 21528
f 20976 20232 20977
f 20025 21536 21538
f 21355 21241 20004
f 19354 19894 16254
f 20695 19744 20554
f 14973 14761 16285
f 21426 21350 21349
f 19985 20652 21183
f 21543 6038 21397
f 20399 20402 20448
f 21102 18461 21100
f 20443 21248 21079
f 20742 20738 20746
f 19121 18458 19647
f 20647 20651 20716
f 21242 21427 21318
f 19205 19430 18823
f 21544 21545 21548
f 21352 21463 21445
f 21549 21245 21160
f 21552 21499 21347
f 20988 19372 20573
f 19402 10913 16343
f 11098 18742 15739
f 18627 19819 20017
f 20574 20614 20729
f 11754 21554 21555
f 21052 21463 21053
f 21079 21248 21464
f 19270 19269 19579
f 19270 19819 18623
f 21063 20355 19816
f 21556 12027 10586
f 12391 12389 20221
f 20526 20524 20870
f 10895 18684 20930
f 20681 19773 21043
f 20997 20879 20682
f 21557 21326 21565
f 14084 13562 11601
f 12925 15346 20973
f 20117 20911 21564
f 20701 21161 21160
f 21013 21569 21429
f 21509 21548 21571
f 21244 21572 21343
f 21317 21244 21242
f 19431 18979 21048
f 21435 20912 21442
f 20758 21350 21242
f 16455 14929 16454
f 21547 21573 21574
f 20875 18461 18460
f 18461 21102 20995
f 19959 20281 19866
f 19962 19863 21363
f 4081 20289 14715
f 20817 19199 21394
f 21343 21572 20995
f 6368 12303 18973
f 21476 21248 20625
f 21343 21101 20756
f 19921 19663 20359
f 20654 20619 18770
f 21051 21390 21211
f 20644 19758 19367
f 21463 21345 21053
f 21481 21356 20954
f 21543 21397 21576
f 20892 20982 20809
f 21577 21578 21386
f 20002 19994 19991
f 20202 15346 13784
f 21192 19749 19752
f 19727 20585 19853
f 20732 20616 21186
f 17445 16364 18583
f 15798 18971 16279
f 20999 21255 21476
f 21416 21581 21583
f 17758 21369 3609
f 20796 20572 20736
f 21017 18549 21019
f 19914 19565 18678
f 21109 20994 21131
f 19966 20074 19012
f 20731 21189 21068
f 21388 21371 21008
f 20471 21126 20458
f 21590 17866 21163
f 21134 20944 21112
f 10657 16051 14762
f 21070 20580 21097
f 12116 14995 8276
f 19724 20987 20797
f 21115 21095 21273
f 13098 12852 14960
f 5488 12165 12162
f 20836 20122 20116
f 20334 21487 21216
f 19893 20928 18438
f 21339 21038 21594
f 20484 20482 20964
f 21596 21424 21475
f 19848 21203 20195
f 19749 20246 20655
f 2284 2542 16018
f 21060 20355 21063
f 21203 21057 20581
f 20896 20707 21345
f 19645 18870 20921
f 16034 3414 2285
f 21273 18796 21115
f 21063 21062 21212
f 20811 21600 20895
f 21349 21352 21011
f 21372 21601 21370
f 21256 21464 21248
f 21061 19815 20527
f 10893 21086 21094
f 21006 20895 21479
f 19147 20251 19487
f 21249 20697 19937
f 20755 18426 17563
f 21482 21477 21598
f 20477 19421 20387
f 20487 20027 20475
f 21316 21318 21427
f 19238 20972 15732
f 20660 20657 21322
f 16388 20449 17922
f 18332 18331 20272
f 16933 20159 5305
f 12247 12243 13429
f 21311 21602 20702
f 21314 21576 19559
f 21235 20976 19274
f 12386 7784 14391
f 19200 19199 20816
f 7785 18477 7788
f 21007 21445 21211
f 21248 21476 21255
f 21053 21345 20706
f 21476 20625 21050
f 20704 20432 21078
f 21079 21464 21051
f 20507 20382 20711
f 19086 16146 6370
f 16986 19145 18774
f 21315 21544 21511
f 19367 21084 21265
f 19740 21060 20959
f 2291 7208 2284
f 20875 21100 18461
f 20904 20324 20880
f 19367 18871 19646
f 19643 20270 20268
f 20921 18870 20204
f 3408 3415 21081
f 20906 21516 21375
f 18681 17630 20212
f 14513 14509 16178
f 11296 15262 4678
f 19993 20397 20000
f 21499 21552 21237
f 11720 18544 15338
f 21214 21603 21247
f 21096 21117 21098
f 21247 21063 21212
f 21378 21604 20077
f 19071 18310 19952
f 21607 21475 21608
f 14302 21425 21596
f 20073 21364 20082
f 21057 21203 19848
f 17144 14716 20284
f 19963 19958 21365
f 20470 21281 21128
f 21177 21264 21258
f 5533 5525 20539
f 21185 19851 19848
f 19753 20714 20653
f 20934 20935 21130
f 10912 12372 16455
f 21327 21492 21609
f 21333 21514 21324
f 20678 21104 20512
f 20341 20599 20330
f 18124 8274 8271
f 1791 15821 18856
f 8068 7628 12673
f 21613 21616 21558
f 20681 20495 19773
f 20682 21041 20997
f 21625 21455 21630
f 7045 16181 7048
f 20065 19113 20844
f 21270 21075 21072
f 21633 21555 21553
f 19467 19967 3378
f 12854 12240 12858
f 19641 20658 20271
f 21333 21215 21514
f 12931 19579 15886
f 12030 12029 20248
f 19967 20822 21634
f 19063 21638 5418
f 8324 12114 14241
f 18742 15734 15739
f 20380 21640 17567
f 20334 21490 21487
f 21103 20674 21136
f 20717 18984 19435
f 20248 19485 12030
f 20977 20683 20864
f 21645 21235 20823
f 20803 20208 21643
f 21647 21649 21546
f 21544 21548 21509
f 19486 19149 19146
f 20685 20717 19435
f 21650 21651 21652
f 21647 21653 21573
f 21317 21423 21244
f 21652 21651 21654
f 19922 20731 21099
f 21655 15149 21656
f 20195 19731 21185
f 21462 21659 11715
f 21599 21251 21358
f 2285 2282 16034
f 21265 16377 21205
f 17759 3608 3615
f 20742 21499 21237
f 18483 361 7787
f 19850 21059 21058
f 21081 21035 20437
f 19306 14023 14021
f 20892 20891 20982
f 14075 11600 12454
f 20873 20691 20983
f 18812 20211 17629
f 7043 15510 11106
f 21088 20304 20314
f 20954 21662 21481
f 7814 21666 21671
f 19640 20270 19643
f 20980 20872 20984
f 21362 21252 19933
f 18625 18744 20801
f 7730 9013 7733
f 16933 4678 15260
f 21548 21421 20832
f 21445 21052 21211
f 16740 19266 16727
f 19847 21659 21462
f 21601 21675 21653
f 5038 5034 3410
f 21445 21463 21052
f 2728 11835 21636
f 18744 21447 20801
f 21060 19739 20355
f 21266 21265 21084
f 21389 21211 21577
f 21654 21651 21650
f 16634 16633 14355
f 19819 19579 12931
f 21209 20579 21056
f 19924 19922 21099
f 19799 20516 19806
f 21465 20884 20894
f 19021 21605 21376
f 20684 20683 20977
f 21475 21474 21608
f 21213 21124 20979
f 21677 21684 21688
f 21334 21694 21698
f 19608 20924 18855
f 20834 21634 20822
f 20821 20823 18460
f 20251 19147 20804
f 20832 21421 21420
f 15818 10658 18852
f 17230 19607 20155
f 20976 20864 19274
f 12398 14018 14014
f 21705 20821 18459
f 21705 21571 20821
f 14617 14908 14907
f 21412 21406 7932
f 10596 14725 10602
f 21282 20469 20220
f 21422 21317 21316
f 16342 16454 16343
f 20822 21706 21645
f 21016 21552 21347
f 21707 21705 18459
f 21171 21708 7815
f 13782 21210 16184
f 19367 21265 21205
f 20843 20835 20060
f 20062 21489 20339
f 21325 21713 21718
f 6271 954 3686
f 20995 21572 21244
f 21053 20706 21051
f 8278 14997 8268
f 19854 5036 21083
f 7993 16377 21265
f 3612 3607 20185
f 20076 17156 21377
f 21007 21211 21387
f 14717 14711 4080
f 21209 21095 20579
f 20542 5527 4441
f 3609 19105 19110
f 19725 20290 20410
f 21011 21445 21007
f 21001 21724 21725
f 21213 21061 21124
f 19361 16939 13166
f 20893 21005 19453
f 10652 11837 5434
f 21122 20525 20869
f 21603 21214 20886
f 20744 20735 20403
f 18796 20361 21115
f 20326 12075 17571
f 20736 20664 20403
f 21314 20250 12028
f 5791 3537 3534
f 13784 20974 20202
f 9635 12030 19485
f 21254 21597 20807
f 20953 21263 21661
f 21728 21175 16021
f 3410 5034 2287
f 20806 20803 21449
f 14014 20360 12398
f 21345 21350 20896
f 20916 20322 20901
f 20465 20845 20474
f 20513 21108 21200
f 21010 21370 21570
f 11755 11752 13503
f 21697 21722 21227
f 19465 21730 21307
f 21652 21675 21601
f 21736 21741 21748
f 21751 21370 21601
f 21451 21446 18743
f 21011 21426 21349
f 21000 20957 10217
f 20498 19415 19445
f 19119 18416 18421
f 21493 21489 20062
f 21756 21433 21431
f 21725 21724 2239
f 20918 21760 20124
f 20201 16185 20370
f 21491 21328 21513
f 21211 21390 21256
f 21576 21314 21543
f 12028 12027 21314
f 21608 21474 21603
f 20685 20777 20132
f 21762 21387 21386
f 19606 18969 20157
f 17987 17858 18532
f 21578 21577 21763
f 21046 18980 21044
f 20656 19440 18770
f 18876 18888 20590
f 4437 5524 5518
f 18376 18378 19612
f 21720 21714 21769
f 21423 20995 21244
f 17857 12802 21771
f 21777 21782 21786
f 20486 20827 19639
f 21562 21793 20837
f 20123 21761 20909
f 8549 8303 8301
f 21228 21794 21233
f 20836 20116 21559
f 20337 20331 20070
f 19643 20565 19639
f 18984 19429 19435
f 21801 21002 21660
f 20658 19638 21337
f 21235 21274 20823
f 10890 20812 10892
f 20072 19965 21367
f 16020 16016 9962
f 21084 19367 19646
f 3697 3865 8531
f 17146 17154 20075
f 19877 18602 20764
f 12393 14022 12396
f 14507 14670 14510
f 20223 21803 21283
f 20221 12389 21400
f 18309 17011 19961
f 20306 21113 20534
f 18127 8267 18586
f 21198 21592 21039
f 20081 21368 14707
f 17155 19229 21379
f 18459 21422 21707
f 20702 21161 20701
f 21633 21419 21545
f 21656 21806 21807
f 21763 21808 21578
f 21247 21603 21474
f 11828 18062 4861
f 21256 21255 20999
f 9630 20257 19374
f 21242 21350 21427
f 19376 20258 11092
f 5309 10587 10589
f 21642 20378 20374
f 10586 6038 21556
f 21571 21705 21510
f 21424 21060 21247
f 21387 21211 21389
f 12568 21468 21811
f 15149 21815 21656
f 20698 20694 21250
f 8552 6669 11830
f 18973 19637 6368
f 21821 21709 21173
f 21259 19988 21182
f 21256 21577 21211
f 21648 21545 21822
f 21763 21577 21256
f 21429 21428 21013
f 21073 18978 21160
f 21567 21327 21609
f 18774 16932 16986
f 21437 21758 21824
f 21374 20998 21268
f 21492 20056 21609
f 21568 21611 21792
f 21719 21695 21331
f 21618 21831 21712
f 21451 18743 18342
f 21704 21593 21194
f 21153 21835 21843
f 6982 6973 13468
f 20233 20232 21158
f 21764 21849 21852
f 21386 21650 21762
f 21822 21544 21854
f 21372 21387 21762
f 21807 21806 21654
f 20583 20795 21236
f 19148 20171 13173
f 21575 21393 20975
f 21855 21724 10217
f 670 3319 671
f 19456 19134 8307
f 19967 19468 21137
f 21661 21263 21799
f 10740 21856 21808
f 21031 21027 21858
f 21002 21484 21660
f 21032 21800 21667
f 21262 21179 21797
f 21084 20922 21266
f 21158 20232 20976
f 5436 4952 10648
f 2734 21637 19058
f 14717 20083 14709
f 21429 21854 21315
f 19278 19876 20762
f 12692 9310 14736
f 21822 21545 21544
f 21861 18385 20865
f 11591 9698 11409
f 20921 20204 19686
f 21864 21869 21872
f 20996 21042 21267
f 21879 21891 21899
f 21900 21908 21912
f 21917 21844 21832
f 21711 21329 21560
f 21562 21566 21793
f 21925 21850 21845
f 21931 21459 21938
f 12567 21596 21066
f 21923 21941 21846
f 21701 21195 21221
f 21853 21944 21768
f 21219 21335 21699
f 2239 21724 21855
f 21950 21958 21962
f 21706 19967 21137
f 21322 20657 21340
f 18983 19429 18984
f 18984 20717 20701
f 16933 16931 19200
f 9425 19011 19026
f 17990 21162 17864
f 19240 20017 19237
f 21607 21603 20886
f 21067 21607 20886
f 21247 21474 21424
f 21608 21603 21607
f 7933 5519 5532
f 4443 6665 4433
f 18981 21076 21271
f 19362 20754 19358
f 21407 5529 20537
f 19728 20900 20722
f 7808 21710 21820
f 19465 17422 21730
f 21599 21358 21480
f 18625 21644 20375
f 20311 20532 20545
f 21035 21266 20922
f 21678 21966 21685
f 21972 21863 21880
f 21947 21723 21766
f 19855 21080 20437
f 21921 21680 21982
f 21230 21795 21946
f 20618 20713 19754
f 21985 21990 21995
f 22003 21920 21979
f 22005 22008 22016
f 21033 21857 19461
f 22022 21876 21998
f 22026 22031 22033
f 21924 22002 21942
f 21842 21693 21222
f 22041 22047 21774
f 21925 22049 21850
f 20583 21551 19853
f 21318 21317 21242
f 21875 21927 21940
f 22054 22058 22062
f 21874 21943 22001
f 20305 20992 21111
f 4345 21089 17676
f 21091 5140 10898
f 21333 21330 21696
f 22069 21865 21974
f 19378 11089 8999
f 21543 21314 12027
f 22072 18800 18797
f 21703 21692 21840
f 22071 11716 9312
f 22073 22032 22027
f 21148 21321 21336
f 21315 21854 21544
f 22076 21950 21962
f 21915 21829 21620
f 22081 21944 21853
f 20210 17565 21641
f 21959 22048 21868
f 21655 21391 13749
f 22082 22088 22012
f 21601 21372 21652
f 21419 21421 21545
f 22093 22100 22068
f 21763 21001 21808
f 22104 22112 22118
f 21429 21569 21854
f 21984 22023 21999
f 21386 21389 21577
f 22100 22120 22068
f 11715 22072 18797
f 21386 21578 21856
f 20914 21434 21612
f 21948 21796 21223
f 21867 21957 21870
f 21896 22116 21976
f 21621 21905 21914
f 21890 21881 21993
f 21995 21990 21887
f 22124 22129 22134
f 22101 21961 21955
f 22099 22073 22027
f 22117 22140 22145
f 22152 22156 21901
f 22109 22163 22139
f 22166 22172 22175
f 22103 21894 22130
f 22184 22187 22144
f 22177 22194 22167
f 22197 22202 22185
f 22203 22213 22217
f 22035 22220 22226
f 21833 21767 21716
f 21839 21341 21700
f 22080 22051 21954
f 21232 21949 21952
f 22050 21878 21871
f 21848 21939 21926
f 21839 21838 21341
f 21342 21595 21702
f 22230 21988 22000
f 21997 22215 22228
f 22234 22180 22142
f 21690 21686 22207
f 22051 22080 21851
f 21918 21916 21911
f 21892 22238 22136
f 6371 15261 11297
f 22099 22094 22073
f 21882 21897 21977
f 22147 22030 22097
f 21807 21655 21656
f 21312 21310 21550
f 22007 22025 22223
f 22050 21928 21878
f 21319 21139 22239
f 21396 21393 21575
f 22073 22241 22032
f 22032 22241 22094
f 22243 22200 21537
f 12027 21556 21543
f 21158 20976 21159
f 21149 21837 21154
f 22071 9312 12691
f 12566 12569 14264
f 19235 2733 19059
f 20649 16021 21175
f 2729 21639 2730
f 19075 9427 19281
f 16023 20646 16376
f 19223 21473 19023
f 15262 19840 16932
f 21510 21705 21707
f 2736 15365 12676
f 21382 14768 12125
f 19227 21381 19232
f 16023 16033 2283
f 20286 19233 17153
f 21646 21822 21854
f 16184 21210 14513
f 21808 21001 3394
f 21420 20833 20832
f 21069 21068 20578
f 20833 15257 13505
f 22056 22247 22249
f 22256 22238 21892
f 22254 22260 22057
f 21898 21888 22133
f 22063 22060 22265
f 22135 22236 22065
f 7572 11760 4684
f 13751 8531 7731
f 20834 22271 21634
f 22272 6335 16946
f 10741 21807 21654
f 15345 20202 20201
f 20253 20805 20259
f 22095 22070 21973
f 21951 22052 21960
f 21763 21256 21001
f 21886 22020 21983
f 21885 21987 21994
f 20837 21793 20058
f 22154 21828 22273
f 22028 22074 21964
f 21956 22120 22100
f 20363 21273 21208
f 21731 20850 22278
f 17416 17414 15345
f 21510 21707 21422
f 12510 10368 19173
f 22287 17859 17868
f 20907 21759 20917
f 12567 21066 12569
f 13504 22271 13505
f 21257 21181 21180
f 22290 22295 5892
f 21668 21664 21586
f 21169 21183 20652
f 21854 21569 21646
f 22295 22290 22296
f 20702 20684 20231
f 21020 21034 21672
f 7816 12519 7804
f 20956 21353 20003
f 21610 20059 21791
f 22148 21615 21436
f 22302 21902 22158
f 21847 21765 21834
f 3690 3696 6269
f 5572 5930 8629
f 21969 22306 22313
f 21570 21370 21751
f 21675 21573 21653
f 21691 21980 21676
f 21320 22240 20747
f 21226 21717 21945
f 22029 21963 22102
f 21751 21647 21570
f 22222 22219 22319
f 18343 18741 11096
f 22068 22120 21956
f 21944 22081 21953
f 16946 21391 10741
f 17413 15732 20972
f 22170 22326 22159
f 19637 16344 6368
f 5786 14393 7782
f 21975 22115 22096
f 21309 22281 22330
f 12385 18477 7785
f 22113 22111 22141
f 21743 20789 21521
f 22333 22345 22160
f 20822 21571 20834
f 22347 22355 22360
f 22344 22362 22367
f 22371 22106 22127
f 21956 21862 22068
f 22368 22374 22375
f 22094 22241 22073
f 22220 22035 22188
f 22231 21992 21986
f 2287 3412 3410
f 19636 8539 22383
f 20940 20462 21110
f 22059 22263 22385
f 10888 3620 3611
f 22232 22137 22387
f 22187 22034 22144
f 22380 19401 1804
f 22008 22390 21146
f 1786 19401 22380
f 19976 19713 22392
f 10913 11834 14001
f 22364 22346 22335
f 22110 22105 22173
f 22107 22372 22168
f 22398 22403 22015
f 10913 14001 10910
f 22411 22377 21532
f 22173 22161 22110
f 12691 18798 22071
f 21823 21754 22309
f 21614 21563 20915
f 22308 21784 22317
f 21137 21159 21706
f 22149 21616 21613
f 21910 21681 21922
f 20702 20233 21311
f 6371 11297 11294
f 20080 14716 17144
f 22414 22332 22419
f 20817 21394 21395
f 22266 22125 22061
f 21159 21235 21645
f 11298 4674 4276
f 21619 21715 21561
f 22381 8542 1787
f 21919 21830 21913
f 22305 21968 21909
f 22021 21883 21877
f 8270 14435 17443
f 14766 22424 22427
f 22206 21682 22316
f 12120 8277 18126
f 22046 22208 22315
f 18125 15359 20563
f 21256 20999 21001
f 21332 21323 21721
f 20744 20265 20271
f 21141 21234 22077
f 21841 21224 21152
f 22247 22431 22248
f 22436 22165 22192
f 22140 22233 22145
f 12232 2238 3318
f 22131 22064 22122
f 21596 21607 21067
f 20558 9421 9417
f 20078 21606 19018
f 15149 21655 13749
f 5426 19225 19055
f 10636 21470 19226
f 22430 19023 21473
f 21384 22423 14770
f 21475 21607 21596
f 20832 21571 21548
f 360 14737 363
f 22294 22298 22438
f 1803 1793 17231
f 21479 20895 21600
f 21471 10629 14773
f 21669 21584 21022
f 2239 671 2240
f 21855 10217 671
f 21802 21178 21674
f 7813 21819 7817
f 4904 21809 8310
f 21579 22300 21588
f 20228 14019 12390
f 3618 5144 4343
f 21585 21665 21414
f 20541 21280 21410
f 4346 17677 2144
f 11754 15257 21554
f 21092 20313 4436
f 3465 21635 10651
f 20834 21571 20832
f 21091 4342 5140
f 17989 18536 18548
f 13503 11752 14554
f 671 2239 21855
f 22239 21139 21165
f 22444 21555 21574
f 20885 21213 20979
f 21806 21656 22445
f 21465 20894 19457
f 22408 22179 22235
f 21050 20876 21000
f 21145 22446 21166
f 22138 22450 22388
f 21724 21001 21000
f 18774 13712 18269
f 22013 21166 22446
f 20743 20660 21322
f 21653 21647 21751
f 20908 21374 21444
f 22150 21826 22155
f 22274 21825 22307
f 22449 22139 22163
f 21142 22075 22009
f 22031 22146 22033
f 22066 22237 22258
f 22178 22373 22123
f 18983 18978 21073
f 22165 22436 22171
f 22186 22181 22321
f 20804 19147 20207
f 21523 20785 22452
f 8996 10592 19377
f 21373 21517 20905
f 21529 22375 22462
f 21311 20233 21158
f 21530 21525 22407
f 22389 22348 22410
f 22264 22195 22174
f 22127 22121 22371
f 22259 21991 22053
f 22157 22275 22301
f 22056 22055 22247
f 21157 21231 21140
f 22435 22191 22341
f 22257 21889 21989
f 21992 22231 22465
f 11301 11295 4679
f 20360 21119 21116
f 22314 21683 21965
f 22303 22276 21967
f 22448 21143 22004
f 21903 21617 22153
f 21978 22216 21996
f 22186 22321 22221
f 22210 22204 22045
f 21873 21884 21866
f 22006 22014 22447
f 21750 21745 21292
f 21551 20583 21236
f 22224 22024 22036
f 14999 14653 16179
f 22189 22469 22472
f 22473 21533 22477
f 22240 21167 20747
f 21587 22297 21023
f 21762 21652 21372
f 20259 20805 21450
f 21650 21856 10740
f 19459 21004 21798
f 22356 22350 22388
f 21418 7806 22440
f 10739 10741 21654
f 9963 21818 21729
f 12507 19171 5882
f 21415 21663 7811
f 21172 21726 21817
f 22480 22376 22351
f 7934 21405 21401
f 3614 17625 20814
f 22397 22482 17867
f 22078 21232 21952
f 22475 22402 22485
f 22007 22223 22085
f 22010 22490 22019
f 21146 22390 22005
f 20822 19967 21706
f 22119 21895 22108
f 18739 19239 18746
f 19972 18617 22494
f 21443 21624 21432
f 22404 21589 22013
f 21752 21785 22310
f 21602 21549 21160
f 20822 20821 21571
f 22500 22196 22183
f 15732 17413 15737
f 20261 9629 9625
f 21553 21419 21633
f 21546 21649 21573
f 21574 21555 21633
f 22246 22201 22198
f 21160 20702 21602
f 19484 19820 19486
f 22268 22176 22126
f 22445 21815 15149
f 21749 21304 17425
f 22501 22504 21542
f 19701 19971 22493
f 16986 6371 6370
f 11101 18385 21861
f 21541 22199 22497
f 22228 22215 22209
f 21755 21629 21781
f 21272 21287 21623
f 21788 21631 21456
f 22205 22214 21687
f 22218 21981 21689
f 22172 22370 22175
f 22327 22434 22336
f 21762 21650 21652
f 21656 21815 22445
f 19199 17922 21394
f 21570 21012 21010
f 22454 20022 21540
f 22053 21991 22432
f 3319 2240 671
f 16987 19822 14443
f 22455 22496 21524
f 22128 21893 22132
f 22053 22067 22259
f 22342 22357 22164
f 21018 19846 19852
f 21856 21578 21808
f 21066 21596 21067
f 21284 21804 21398
f 20309 20307 20530
f 19466 21159 21137
f 17416 15345 20201
f 10217 20957 21425
f 21650 21386 21856
f 22162 22358 22353
f 21670 21170 7809
f 22453 22506 20018
f 13939 22511 3376
f 10896 20301 21087
f 4344 4340 2156
f 3617 10890 5139
f 21268 21444 21374
f 21970 21679 21907
f 21289 21246 21453
f 22043 22037 22212
f 21971 22277 22311
f 20605 20639 19704
f 21778 21930 22042
f 22261 22250 22418
f 8550 8543 6671
f 15001 15000 14511
f 22400 22011 22489
f 20023 19981 22391
f 22465 22231 22039
f 17170 22514 12799
f 22038 22229 22211
f 21296 21295 22459
f 5415 5429 19054
f 22246 22322 22201
f 7042 3824 3833
f 22471 22516 22522
f 22516 22262 22421
f 16186 16183 20865
f 22466 22193 22270
f 22267 22386 22468
f 9700 10235 7241
f 20852 21302 21299
f 22086 22490 22010
f 14266 15449 13952
f 13952 15449 14301
f 14265 21812 4902
f 21653 21751 21601
f 22079 22025 22007
f 19057 19236 19061
f 22169 22433 22325
f 22342 22481 22357
f 19711 19708 22524
f 10762 18619 20018
f 12121 18128 20561
f 12058 14769 10632
f 7196 2046 10361
f 21859 19135 19462
f 21338 21836 21147
f 22227 22324 22087
f 21673 21176 21174
f 21584 21026 21022
f 22296 22290 21025
f 21816 9957 7819
f 19998 19750 21193
f 22425 21472 14771
f 8627 5927 8322
f 10740 21808 3394
f 22449 22163 22354
f 22413 22232 22387
f 20371 18385 17415
f 22444 21574 21573
f 22017 22491 22084
f 19485 20248 20170
f 21650 10740 10739
f 18542 17168 15336
f 21403 12388 14392
f 22499 22406 21526
f 21706 21159 21645
f 22243 21537 22474
f 14396 5789 7937
f 3394 21001 21725
f 19701 22493 14574
f 3278 2294 2304
f 19712 19974 19700
f 7735 7732 11755
f 19974 19712 19978
f 20363 21208 21207
f 17584 19442 12793
f 22394 22532 22534
f 15257 20833 21420
f 21644 18625 20801
f 22507 10759 21737
f 22092 22083 22225
f 22474 21537 21535
f 21573 21649 21647
f 21790 21783 21628
f 21753 21432 21624
f 21458 21932 21789
f 21627 21632 21757
f 21626 21440 21269
f 21454 21934 21461
f 22318 21780 21775
f 21460 21622 21288
f 21776 22044 22312
f 22495 18613 14573
f 21937 22042 21930
f 18543 11716 21657
f 22253 22465 22039
f 21934 21454 22536
f 9706 363 14737
f 21827 22151 21439
f 21906 21904 22304
f 21929 21779 21787
f 21018 21658 19846
f 18478 20361 18799
f 21246 21550 22535
f 5308 6038 10586
f 21346 21498 21164
f 9626 20260 20256
f 20865 18385 20371
f 11102 11095 21496
f 21590 21163 21168
f 17870 17862 21591
f 22251 22417 22420
f 22040 21936 22255
f 21549 21602 21311
f 21166 22013 21589
f 3316 670 672
f 21019 18549 18543
f 20853 21297 22540
f 22059 22385 22269
f 10741 21391 21807
f 21453 21246 22535
f 21807 21391 21655
f 21798 21029 19459
f 19140 22289 5891
f 22299 21582 22439
f 5894 22293 20218
f 5894 20218 5878
f 21575 20975 19558
f 9960 21727 16022
f 10740 3394 6335
f 15257 21420 21554
f 14512 15071 14507
f 21265 7995 7993
f 22472 22469 22518
f 22543 22475 22477
f 3381 13939 3376
f 13505 22271 20834
f 22340 22541 22366
f 21290 21306 21747
f 22382 1802 19634
f 22143 22098 22114
f 16932 19840 16986
f 21383 20562 22426
f 22323 22185 22202
f 17869 21589 22404
f 22488 22090 22242
f 17856 17993 17865
f 19226 5430 10636
f 21421 21548 21545
f 22467 22384 22517
f 5423 21635 3465
f 12052 3358 3352
f 22426 22422 21383
f 19230 4082 2732
f 17429 17423 22508
f 7928 7923 5517
f 5530 21411 7929
f 21573 22445 22444
f 22533 22530 22544
f 22359 22478 22349
f 20024 22453 20018
f 19025 22429 9414
f 22544 22477 22533
f 19944 20601 20608
f 20861 20855 22537
f 4860 10911 14002
f 12860 17586 12853
f 15148 22444 22445
f 22548 22287 17868
f 21539 22505 22457
f 3609 21369 21014
f 20642 20635 22550
f 20437 18377 19855
f 19980 18616 19975
f 22521 22419 22332
f 22498 22182 22409
f 22091 22320 22244
f 21636 11835 10649
f 22369 22479 22343
f 21164 21498 20748
f 12302 17232 20156
f 21634 22271 3379
f 20788 21735 20782
f 3525 4005 6667
f 22005 22390 22008
f 22543 22545 22402
f 22487 22245 22476
f 21554 21420 21419
f 18549 21017 17995
f 22445 21573 21675
f 22477 22544 22545
f 20608 19699 14576
f 20474 20845 20229
f 22477 21533 22533
f 11100 15509 8998
f 16946 10741 22272
f 14548 9011 13241
f 19710 22529 22395
f 22544 22530 22553
f 13503 15593 3381
f 19977 22393 19984
f 22523 22331 22282
f 22553 22545 22544
f 21309 22330 22536
f 21392 2238 12232
f 22535 21550 21310
f 21270 21072 21285
f 22431 22247 22055
f 22522 22516 22421
f 21991 22463 22432
f 21933 22415 22252
f 10217 21425 14302
f 7047 20865 16180
f 20255 21452 11093
f 22515 22385 22263
f 21861 20865 7047
f 22545 22543 22477
f 22272 10740 6335
f 22528 22531 19709
f 22534 21534 22394
f 22281 21309 21733
f 672 10217 14302
f 21167 20748 20747
f 4901 5338 6367
f 19466 21311 21158
f 11299 4277 4273
f 22375 22374 22555
f 1788 11834 10913
f 22248 22431 22464
f 22356 22388 22450
f 22334 22190 22470
f 17994 17988 18547
f 21724 21000 10217
f 22330 21934 22536
f 12795 22513 21772
f 19135 21859 21028
f 11091 21448 18345
f 19172 10359 5884
f 21645 20823 20822
f 19136 5890 15111
f 7803 12513 22442
f 22437 21580 21413
f 22160 22328 22333
f 10358 4566 4564
f 22519 22279 20858
f 16343 1006 15818
f 12514 7818 9956
f 17678 4434 2143
f 19200 20159 16933
f 20848 17430 21305
f 21732 17431 20851
f 22451 22503 22502
f 10762 20018 22506
f 17432 21734 17424
f 22506 20781 21738
f 22538 20857 20846
f 20643 22527 19706
f 22553 22530 22526
f 14554 11752 9008
f 20863 22338 22520
f 22018 22089 22486
f 21744 21739 20790
f 22545 22553 22283
f 22284 20631 22556
f 6038 21543 21556
f 17871 22405 22401
f 3377 22508 17423
f 22379 22412 22352
f 21523 21518 20785
f 22402 22475 22543
f 19967 21634 3379
f 17426 22510 21740
f 22546 22483 22399
f 20859 22280 20849
f 14654 7048 16181
f 21298 22554 22363
f 22416 21935 22329
f 20633 22286 22551
f 22378 22479 22369
f 20783 22456 20784
f 17170 12799 11399
f 9416 22428 20559
f 21738 10762 22506
f 21531 22460 21293
f 20634 20604 21507
f 22339 22471 22522
f 21503 18244 21506
f 20641 22552 22525
f 17587 12794 12803
f 14301 672 14302
f 21494 15737 18385
f 20261 9625 20254
f 19333 18236 14957
f 17437 18240 21501
f 14955 17588 19337
f 3394 21725 2239
f 18241 22560 21504
f 18484 12692 14736
f 21501 19947 17437
f 21652 21654 21675
f 19601 12862 12856
f 15149 15148 22445
f 5932 5573 9573
f 21675 21654 21806
f 18235 19331 20637
f 22285 22552 22549
f 15262 16932 15260
f 21806 22445 21675
f 21574 21633 21547
f 20629 18243 18234
f 7735 15148 13751
f 14302 21596 12567
f 11103 21860 7044
f 12796 19334 17585
f 3413 21266 21035
f 8311 21814 19458
f 11718 9321 9315
f 19135 21028 22291
f 2286 3396 2293
f 20222 20473 20226
f 20544 20540 5526
f 19847 21462 21207
f 20160 20817 21395
f 14395 7930 21404
f 20216 22441 12518
f 7191 10364 12511
f 4349 5143 5141
f 16015 2537 9961
f 2527 7209 3282
f 18246 17435 14963
f 17995 21017 21348
f 13097 12244 12851
f 14962 17434 5493
f 4685 4682 5304
f 14963 18233 18246
f 13505 20834 20833
f 17872 22484 22547
f 22556 12800 22284
f 14962 5493 13096
f 18616 19980 20019
f 20607 19946 21502
f 19944 20608 14576
f 19705 19702 20603
f 18247 18239 17438
f 14575 15538 19945
f 21773 22512 17172
f 22549 22552 20641
f 18610 10768 14571
f 8994 11090 11104
f 8306 19138 15110
f 11717 11716 18543
f 14266 4903 6366
f 19139 19133 22288
f 22337 20860 22542
f 21810 14264 12569
f 22292 22443 20215
f 15449 672 14301
f 21813 21467 19455
f 22462 22375 22555
f 13748 21392 12232
f 22555 22368 22361
f 7992 16032 16378
f 8302 17229 12304
f 21298 22461 22554
f 22555 22374 22368
f 22509 13938 10760
f 8548 8541 19635
f 21555 22444 15148
f 11754 21555 15148
f 20465 20770 20229
f 10739 21654 21650
f 22506 22458 20781
f 14964 14958 18237
f 20630 22559 18238
f 21505 22559 20630
f 21402 21805 20219
f 18481 18798 12691
f 21657 21019 18543
f 4275 6676 8298
f 12231 3694 13750
f 13429 15254 12247
f 19339 22558 20632
f 10755 10765 18612
f 22539 21301 22365
f 14653 14996 12113
f 10758 10756 18615
f 5425 12039 3362
f 5427 5420 12038
f 3366 12041 3354
f 3467 14237 3356
f 5422 5414 19060
f 17157 17150 20288
f 6254 4949 8625
f 12122 14772 12117
f 10741 10740 22272
f 5033 2158 3400
f 5921 9578 7570
f 3614 20814 10889
f 2159 4341 2142
f 19335 20638 19332
f 5485 12161 13418
f 18037 14076 12233
f 21770 18537 17861
f 14080 16200 19597
f 8396 7572 5307
f 19598 16201 16457
f 12801 17859 22287
f 12235 14082 19599
f 14079 18036 14087
f 16458 12449 17724
f 16460 17725 19441
f 8997 15507 3834
f 12864 19600 16459
f 18545 19557 17163
f 11294 6369 6371
f 6674 5433 11829
f 18537 21770 17171
f 22557 19338 12798
f 21016 19852 21552
f 8309 484 480
f 15337 9317 11719
f 15592 14549 10767
f 3379 22271 13504
f 14077 14074 12455
f 18038 13415 14086
f 17723 11393 12790
f 17426 21740 21746
f 21742 21527 21291
f 12237 12248 18039
f 5883 11059 5889
f 10357 2057 4567
f 19945 15538 14570
f 2541 7211 2526
f 20787 20786 21519
f 12791 11391 11401
f 2240 3318 2238
f 3378 17422 19467
f 18618 18614 22492
f 17428 20847 17433
f 11418 8530 3862
f 22396 21536 20025
f 3381 15593 13939
f 12456 15530 17726
f 11300 12303 6368
