# exported from mesh.npz by build_env/build_object_urdf.py
# mesh coordinates preserved (origin convention goal_traj tracks)
v 0.003522 -0.046920 0.002734
v 0.002555 0.045008 0.002734
v 0.004184 -0.047040 0.121718
v 0.002606 0.044998 0.121718
v 0.002577 0.045004 0.107537
v 0.003601 -0.046935 0.107537
v 0.003401 -0.035429 0.002734
v 0.003280 -0.023938 0.002734
v 0.003159 -0.012447 0.002734
v 0.003038 -0.000956 0.002734
v 0.002918 0.010535 0.002734
v 0.002797 0.022026 0.002734
v 0.002676 0.033517 0.002734
v 0.003726 -0.035488 0.121718
v 0.003482 -0.023975 0.121718
v 0.003222 -0.012459 0.121718
v 0.002623 -0.000881 0.121718
v 0.003304 0.010464 0.121718
v 0.003462 0.021905 0.121718
v 0.003031 0.033452 0.121718
v 0.003441 -0.035437 0.107537
v 0.003312 -0.023944 0.107537
v 0.003162 -0.012448 0.107537
v 0.003009 -0.000951 0.107537
v 0.002918 0.010534 0.107537
v 0.002861 0.022014 0.107537
v 0.002707 0.033511 0.107537
v 0.003646 -0.046943 0.114627
v 0.002588 0.045002 0.114627
v 0.002940 0.033469 0.114627
v 0.003029 0.021984 0.114627
v 0.003001 0.010520 0.114627
v 0.002963 -0.000943 0.114627
v 0.003273 -0.012468 0.114627
v 0.003318 -0.023945 0.114627
v 0.003662 -0.035477 0.114627
v 0.003301 0.039138 0.121718
v 0.003742 -0.041226 0.121718
v 0.003475 -0.029708 0.121718
v 0.003859 -0.018309 0.121718
v 0.003154 -0.006712 0.121718
v 0.002590 0.004860 0.121718
v 0.002832 0.016285 0.121718
v 0.003008 0.027722 0.121718
v 0.002572 0.045863 0.002734
v 0.002637 0.045851 0.121718
v 0.002597 0.045858 0.107537
v 0.002618 0.045855 0.114627
v 0.003506 -0.047712 0.002734
v 0.004165 -0.047832 0.121718
v 0.003534 -0.047717 0.107537
v 0.003764 -0.047759 0.114627
v 0.002555 0.045008 0.004380
v 0.003522 -0.046920 0.004380
v 0.002676 0.033517 0.004380
v 0.002797 0.022026 0.004380
v 0.002918 0.010535 0.004380
v 0.003038 -0.000956 0.004380
v 0.003159 -0.012447 0.004380
v 0.003280 -0.023938 0.004380
v 0.003401 -0.035429 0.004380
v 0.002572 0.045863 0.004380
v 0.003506 -0.047712 0.004380
v 0.004150 -0.047034 0.122646
v 0.002656 0.044989 0.122646
v 0.003767 -0.035496 0.122646
v 0.003638 -0.024003 0.122646
v 0.003252 -0.012464 0.122646
v 0.002567 -0.000871 0.122646
v 0.003348 0.010457 0.122646
v 0.003484 0.021901 0.122646
v 0.002740 0.033505 0.122646
v 0.003301 0.039138 0.122646
v 0.003534 -0.041188 0.122646
v 0.003515 -0.029716 0.122646
v 0.003858 -0.018308 0.122646
v 0.002946 -0.006674 0.122646
v 0.002660 0.004847 0.122646
v 0.003192 0.016220 0.122646
v 0.002969 0.027729 0.122646
v 0.002739 0.045833 0.122646
v 0.004200 -0.047838 0.122646
v 0.002800 0.039506 0.114627
v 0.002962 0.027132 0.114627
v 0.003076 0.016230 0.114627
v 0.002827 0.005568 0.114627
v 0.003190 -0.008012 0.114627
v 0.003344 -0.017927 0.114627
v 0.003506 -0.029189 0.114627
v 0.003807 -0.041003 0.114627
v 0.002686 0.033515 0.038764
v 0.002697 0.033513 0.073149
v 0.002818 0.022022 0.038764
v 0.002840 0.022018 0.073149
v 0.002918 0.010535 0.038764
v 0.002918 0.010534 0.073149
v 0.003028 -0.000954 0.038764
v 0.003019 -0.000953 0.073149
v 0.003160 -0.012448 0.038764
v 0.003162 -0.012448 0.073149
v 0.003290 -0.023940 0.038764
v 0.003301 -0.023942 0.073149
v 0.003414 -0.035432 0.038764
v 0.003428 -0.035434 0.073149
v 0.002562 0.045006 0.038764
v 0.002570 0.045005 0.073149
v 0.003548 -0.046925 0.038764
v 0.003575 -0.046930 0.073149
v 0.002580 0.045862 0.038764
v 0.002589 0.045860 0.073149
v 0.003515 -0.047714 0.038764
v 0.003524 -0.047716 0.073149
v 0.003636 0.045108 0.001816
v 0.005612 -0.046658 0.002219
v 0.003863 0.045237 0.120910
v 0.005491 -0.047420 0.120477
v 0.005634 -0.046662 0.106951
v 0.003749 0.045036 0.106507
v 0.003883 0.033637 0.000602
v 0.004130 0.022166 0.002214
v 0.004377 0.010696 0.002219
v 0.004624 -0.000775 0.002219
v 0.004871 -0.012246 0.002219
v 0.005118 -0.023717 0.002219
v 0.005364 -0.035188 0.002219
v 0.004159 0.033517 0.119230
v 0.003800 0.022168 0.120123
v 0.004367 0.010441 0.121146
v 0.004584 -0.000800 0.121016
v 0.004572 -0.012104 0.120894
v 0.005168 -0.024012 0.120583
v 0.005497 -0.035156 0.119644
v 0.003924 0.033637 0.105086
v 0.004156 0.022179 0.106798
v 0.004372 0.010533 0.106931
v 0.004438 -0.000697 0.106898
v 0.004888 -0.012675 0.106966
v 0.005106 -0.023638 0.106983
v 0.005396 -0.035184 0.107001
v 0.003509 0.045206 0.113814
v 0.005653 -0.047099 0.114059
v 0.005609 -0.035129 0.114016
v 0.004811 -0.023623 0.113821
v 0.004692 -0.012805 0.113840
v 0.004760 -0.000900 0.113993
v 0.004366 0.010594 0.113842
v 0.004173 0.022132 0.113580
v 0.004024 0.033722 0.112122
v 0.005752 -0.041022 0.120058
v 0.003695 0.039485 0.120139
v 0.004019 0.027809 0.120756
v 0.004502 0.016307 0.120622
v 0.004895 0.004726 0.121038
v 0.005081 -0.006668 0.121088
v 0.004852 -0.019646 0.121013
v 0.005133 -0.029296 0.121001
v 0.005656 -0.047514 0.002219
v 0.005620 -0.048268 0.121071
v 0.005688 -0.047577 0.107016
v 0.005701 -0.047781 0.113617
v 0.003595 0.045900 0.001763
v 0.004034 0.045814 0.120620
v 0.003522 0.045949 0.106924
v 0.003772 0.045717 0.113594
v 0.005612 -0.046658 0.003865
v 0.003636 0.045108 0.003316
v 0.005364 -0.035188 0.003865
v 0.005118 -0.023717 0.003865
v 0.004871 -0.012246 0.003865
v 0.004624 -0.000775 0.003865
v 0.004377 0.010696 0.003865
v 0.004130 0.022166 0.003806
v 0.003883 0.033637 0.001928
v 0.005656 -0.047514 0.003865
v 0.003595 0.045900 0.003315
v 0.004154 0.045028 0.121706
v 0.005588 -0.047410 0.121518
v 0.004180 0.033658 0.120160
v 0.004330 0.022090 0.121780
v 0.004551 0.009976 0.121396
v 0.004825 -0.000895 0.121952
v 0.004691 -0.012511 0.121831
v 0.005334 -0.023572 0.121475
v 0.005345 -0.035288 0.120664
v 0.005738 -0.040881 0.120766
v 0.003602 0.038927 0.120926
v 0.004252 0.027914 0.120936
v 0.004464 0.016593 0.121512
v 0.004711 0.004699 0.122026
v 0.004804 -0.006685 0.121928
v 0.004862 -0.019364 0.121811
v 0.005196 -0.029535 0.121938
v 0.005743 -0.048254 0.121943
v 0.004231 0.045415 0.121831
v 0.005684 -0.041539 0.113596
v 0.005183 -0.028881 0.113496
v 0.005096 -0.019508 0.113900
v 0.004422 -0.007570 0.113748
v 0.004640 0.005740 0.113888
v 0.003948 0.016082 0.113791
v 0.004325 0.027410 0.112946
v 0.004324 0.038720 0.113807
v 0.005375 -0.035186 0.038249
v 0.005385 -0.035185 0.072634
v 0.005139 -0.023714 0.038249
v 0.005160 -0.023712 0.072634
v 0.004871 -0.012246 0.038249
v 0.004871 -0.012246 0.072634
v 0.004614 -0.000776 0.038249
v 0.004604 -0.000778 0.072634
v 0.004378 0.010696 0.038249
v 0.004379 0.010696 0.072634
v 0.004140 0.022168 0.038249
v 0.004151 0.022169 0.072634
v 0.003896 0.033639 0.038249
v 0.003910 0.033640 0.072634
v 0.005619 -0.046657 0.038249
v 0.005626 -0.046656 0.072634
v 0.003662 0.045111 0.038249
v 0.003689 0.045114 0.072634
v 0.005664 -0.047512 0.038249
v 0.005672 -0.047512 0.072634
v 0.003604 0.045901 0.038249
v 0.003613 0.045902 0.072634
v 0.003322 0.044180 0.001236
v 0.004888 -0.047781 0.001236
v 0.003169 0.044406 0.119986
v 0.004784 -0.048507 0.119448
v 0.004865 -0.047784 0.105968
v 0.003320 0.044233 0.106004
v 0.003518 0.032685 0.001236
v 0.003714 0.021190 0.001236
v 0.003909 0.009695 0.001236
v 0.004105 -0.001800 0.001236
v 0.004300 -0.013296 0.001236
v 0.004496 -0.024790 0.001236
v 0.004692 -0.036286 0.001236
v 0.003282 0.032599 0.120173
v 0.003908 0.021280 0.120036
v 0.004145 0.009592 0.120070
v 0.004081 -0.001821 0.120124
v 0.004385 -0.013518 0.120096
v 0.003986 -0.025603 0.119853
v 0.004321 -0.036446 0.118736
v 0.003476 0.032686 0.106039
v 0.003718 0.021200 0.106022
v 0.003942 0.009582 0.106017
v 0.004287 -0.001728 0.105915
v 0.004276 -0.013764 0.106004
v 0.004464 -0.024801 0.106039
v 0.004660 -0.036281 0.106018
v 0.003583 0.044429 0.112958
v 0.004822 -0.048214 0.113072
v 0.004425 -0.036289 0.113062
v 0.004446 -0.024827 0.112799
v 0.004392 -0.014058 0.112958
v 0.003923 -0.001909 0.113087
v 0.003929 0.009744 0.113046
v 0.003883 0.021218 0.113033
v 0.003384 0.032786 0.113072
v 0.004093 -0.042078 0.118955
v 0.003591 0.038668 0.120015
v 0.003682 0.026837 0.120120
v 0.003522 0.015514 0.120054
v 0.003771 0.003925 0.120161
v 0.003832 -0.007808 0.120165
v 0.004514 -0.021072 0.120210
v 0.004460 -0.030739 0.120194
v 0.004876 -0.048637 0.001236
v 0.004758 -0.049361 0.120064
v 0.004846 -0.048700 0.106033
v 0.004811 -0.048900 0.112626
v 0.003332 0.044973 0.001236
v 0.002963 0.044975 0.120080
v 0.003409 0.045027 0.105992
v 0.003414 0.045078 0.112972
v 0.004888 -0.047781 0.002882
v 0.003322 0.044180 0.002882
v 0.004692 -0.036286 0.002882
v 0.004496 -0.024790 0.002882
v 0.004300 -0.013296 0.002882
v 0.004105 -0.001800 0.002882
v 0.003909 0.009695 0.002882
v 0.003714 0.021190 0.002882
v 0.003518 0.032685 0.002882
v 0.004876 -0.048637 0.002882
v 0.003332 0.044973 0.002882
v 0.003311 0.044680 0.120874
v 0.004733 -0.048499 0.120504
v 0.003237 0.032734 0.121107
v 0.003400 0.021250 0.121127
v 0.004038 0.009658 0.120966
v 0.003767 -0.001914 0.121159
v 0.004241 -0.014016 0.121078
v 0.003966 -0.025415 0.120872
v 0.004618 -0.036408 0.119664
v 0.004103 -0.041940 0.119664
v 0.003750 0.038155 0.120946
v 0.003612 0.026932 0.121066
v 0.003917 0.015601 0.120800
v 0.004124 0.003830 0.121052
v 0.004033 -0.007907 0.121043
v 0.004296 -0.021015 0.121117
v 0.004410 -0.030919 0.121102
v 0.004656 -0.049345 0.120943
v 0.003576 0.045470 0.120723
v 0.004581 -0.042641 0.112602
v 0.004371 -0.030136 0.112560
v 0.004088 -0.020940 0.113072
v 0.004428 -0.008781 0.112847
v 0.003884 0.004911 0.113076
v 0.004079 0.015202 0.112947
v 0.003481 0.026437 0.113116
v 0.003136 0.038082 0.113094
v 0.004681 -0.036284 0.037266
v 0.004671 -0.036282 0.071651
v 0.004475 -0.024787 0.037266
v 0.004453 -0.024784 0.071651
v 0.004300 -0.013296 0.037266
v 0.004300 -0.013295 0.071651
v 0.004114 -0.001802 0.037266
v 0.004124 -0.001803 0.071651
v 0.003908 0.009695 0.037266
v 0.003907 0.009695 0.071651
v 0.003703 0.021192 0.037266
v 0.003692 0.021193 0.071651
v 0.003504 0.032687 0.037266
v 0.003491 0.032689 0.071651
v 0.004880 -0.047780 0.037266
v 0.004873 -0.047779 0.071651
v 0.003296 0.044184 0.037266
v 0.003269 0.044188 0.071651
v 0.004868 -0.048636 0.037266
v 0.004860 -0.048635 0.071651
v 0.003323 0.044975 0.037266
v 0.003314 0.044976 0.071651
v 0.006985 -0.047462 0.001236
v 0.004956 0.044502 0.001236
v 0.007140 -0.047684 0.119986
v 0.005057 0.045230 0.119448
v 0.004979 0.044506 0.105968
v 0.006988 -0.047515 0.106004
v 0.006732 -0.035967 0.001236
v 0.006478 -0.024471 0.001236
v 0.006224 -0.012976 0.001236
v 0.005971 -0.001480 0.001236
v 0.005717 0.010016 0.001236
v 0.005464 0.021511 0.001236
v 0.005210 0.033007 0.001236
v 0.006967 -0.035875 0.120173
v 0.006284 -0.024566 0.120036
v 0.005988 -0.012878 0.120070
v 0.005995 -0.001458 0.120124
v 0.005632 0.010237 0.120096
v 0.005969 0.022334 0.119853
v 0.005580 0.033175 0.118736
v 0.006773 -0.035967 0.106039
v 0.006474 -0.024482 0.106022
v 0.006190 -0.012863 0.106017
v 0.005789 -0.001556 0.105915
v 0.005739 0.010485 0.106004
v 0.005496 0.021522 0.106039
v 0.005241 0.033002 0.106018
v 0.006726 -0.047717 0.112958
v 0.005020 0.044936 0.113072
v 0.005477 0.033016 0.113062
v 0.005514 0.021549 0.112799
v 0.005622 0.010776 0.112958
v 0.006152 -0.001367 0.113087
v 0.006205 -0.013026 0.113046
v 0.006309 -0.024502 0.113033
v 0.006866 -0.036064 0.113072
v 0.005779 0.038814 0.118955
v 0.006689 -0.041954 0.120015
v 0.006538 -0.030119 0.120120
v 0.006641 -0.018789 0.120054
v 0.006334 -0.007201 0.120161
v 0.006214 0.004536 0.120165
v 0.005464 0.017791 0.120210
v 0.005470 0.027463 0.120194
v 0.004963 0.045359 0.001236
v 0.005078 0.046086 0.120064
v 0.004993 0.045422 0.106033
v 0.005027 0.045624 0.112626
v 0.006979 -0.048256 0.001236
v 0.007348 -0.048250 0.120080
v 0.006903 -0.048311 0.105992
v 0.006898 -0.048362 0.112972
v 0.004956 0.044502 0.002882
v 0.006985 -0.047462 0.002882
v 0.005210 0.033007 0.002882
v 0.005464 0.021511 0.002882
v 0.005717 0.010016 0.002882
v 0.005971 -0.001480 0.002882
v 0.006224 -0.012976 0.002882
v 0.006478 -0.024471 0.002882
v 0.006732 -0.035967 0.002882
v 0.004963 0.045359 0.002882
v 0.006979 -0.048256 0.002882
v 0.006999 -0.047962 0.120874
v 0.005108 0.045224 0.120504
v 0.007013 -0.036009 0.121107
v 0.006792 -0.024524 0.121127
v 0.006095 -0.012941 0.120966
v 0.006308 -0.001359 0.121159
v 0.005773 0.010737 0.121078
v 0.005991 0.022147 0.120872
v 0.005283 0.033131 0.119664
v 0.005770 0.038676 0.119664
v 0.006527 -0.041444 0.120946
v 0.006609 -0.030212 0.121066
v 0.006246 -0.018884 0.120800
v 0.005980 -0.007113 0.121052
v 0.006012 0.004630 0.121043
v 0.005682 0.017738 0.121117
v 0.005518 0.027644 0.121102
v 0.005180 0.046072 0.120943
v 0.006738 -0.048757 0.120723
v 0.005289 0.039366 0.112602
v 0.005562 0.026861 0.112560
v 0.005892 0.017668 0.113072
v 0.005613 0.005497 0.112847
v 0.006226 -0.008189 0.113076
v 0.006083 -0.018488 0.112947
v 0.006737 -0.029715 0.113116
v 0.007140 -0.041357 0.113094
v 0.005220 0.033005 0.037266
v 0.005231 0.033004 0.071651
v 0.005485 0.021508 0.037266
v 0.005506 0.021506 0.071651
v 0.005718 0.010016 0.037266
v 0.005718 0.010016 0.071651
v 0.005961 -0.001479 0.037266
v 0.005951 -0.001477 0.071651
v 0.006226 -0.012976 0.037266
v 0.006227 -0.012976 0.071651
v 0.006489 -0.024472 0.037266
v 0.006499 -0.024474 0.071651
v 0.006745 -0.035968 0.037266
v 0.006759 -0.035970 0.071651
v 0.004964 0.044501 0.037266
v 0.004971 0.044500 0.071651
v 0.007012 -0.047466 0.037266
v 0.007038 -0.047469 0.071651
v 0.004972 0.045358 0.037266
v 0.004980 0.045357 0.071651
v 0.006988 -0.048257 0.037266
v 0.006998 -0.048258 0.071651
v 0.006486 -0.046915 0.002734
v 0.004458 0.044128 0.002734
v 0.005826 -0.046986 0.121718
v 0.004408 0.044123 0.121718
v 0.004436 0.044126 0.107537
v 0.006407 -0.046924 0.107537
v 0.006153 -0.036248 0.002734
v 0.006090 -0.025123 0.002734
v 0.005533 -0.013264 0.002734
v 0.005051 -0.001747 0.002734
v 0.005103 0.009693 0.002734
v 0.005270 0.021116 0.002734
v 0.005093 0.032589 0.002734
v 0.005932 -0.036238 0.121718
v 0.005969 -0.025132 0.121718
v 0.005634 -0.013244 0.121718
v 0.005465 -0.001703 0.121718
v 0.005083 0.009578 0.121718
v 0.004804 0.020939 0.121718
v 0.004692 0.032558 0.121718
v 0.006254 -0.036190 0.107537
v 0.006058 -0.025127 0.107537
v 0.005529 -0.013264 0.107537
v 0.005080 -0.001744 0.107537
v 0.005102 0.009693 0.107537
v 0.005206 0.021110 0.107537
v 0.005062 0.032586 0.107537
v 0.006362 -0.046928 0.114627
v 0.004425 0.044125 0.114627
v 0.004423 0.032620 0.114627
v 0.005179 0.021062 0.114627
v 0.005123 0.009622 0.114627
v 0.005126 -0.001739 0.114627
v 0.005465 -0.013269 0.114627
v 0.006074 -0.025124 0.114627
v 0.006313 -0.036088 0.114627
v 0.004011 0.038297 0.121718
v 0.005935 -0.041874 0.121718
v 0.005758 -0.030483 0.121718
v 0.005559 -0.019007 0.121718
v 0.005296 -0.007520 0.121718
v 0.005676 0.003984 0.121718
v 0.005538 0.014968 0.121718
v 0.004690 0.026870 0.121718
v 0.004417 0.044984 0.002734
v 0.004352 0.044978 0.121718
v 0.004391 0.044982 0.107537
v 0.004371 0.044980 0.114627
v 0.006525 -0.047708 0.002734
v 0.005868 -0.047778 0.121718
v 0.006498 -0.047711 0.107537
v 0.006267 -0.047736 0.114627
v 0.004458 0.044128 0.004380
v 0.006486 -0.046915 0.004380
v 0.005093 0.032589 0.004380
v 0.005270 0.021116 0.004380
v 0.005103 0.009693 0.004380
v 0.005051 -0.001747 0.004380
v 0.005533 -0.013264 0.004380
v 0.006090 -0.025123 0.004380
v 0.006153 -0.036248 0.004380
v 0.004417 0.044984 0.004380
v 0.006525 -0.047708 0.004380
v 0.005860 -0.046982 0.122646
v 0.004357 0.044117 0.122646
v 0.005894 -0.036240 0.122646
v 0.005749 -0.025159 0.122646
v 0.005573 -0.013252 0.122646
v 0.005521 -0.001697 0.122646
v 0.005187 0.009506 0.122646
v 0.005189 0.021082 0.122646
v 0.005029 0.032582 0.122646
v 0.003978 0.038302 0.122646
v 0.006087 -0.041780 0.122646
v 0.005789 -0.030526 0.122646
v 0.005274 -0.019220 0.122646
v 0.005519 -0.007500 0.122646
v 0.005619 0.003974 0.122646
v 0.005295 0.014936 0.122646
v 0.004788 0.026900 0.122646
v 0.004250 0.044966 0.122646
v 0.005833 -0.047782 0.122646
v 0.004389 0.038644 0.114627
v 0.004726 0.026267 0.114627
v 0.004993 0.015276 0.114627
v 0.005354 0.004719 0.114627
v 0.005344 -0.008824 0.114627
v 0.005747 -0.018859 0.114627
v 0.005804 -0.030043 0.114627
v 0.006040 -0.041533 0.114627
v 0.005082 0.032588 0.038764
v 0.005072 0.032587 0.073149
v 0.005248 0.021114 0.038764
v 0.005227 0.021112 0.073149
v 0.005103 0.009693 0.038764
v 0.005102 0.009693 0.073149
v 0.005061 -0.001746 0.038764
v 0.005070 -0.001745 0.073149
v 0.005532 -0.013264 0.038764
v 0.005530 -0.013264 0.073149
v 0.006079 -0.025124 0.038764
v 0.006068 -0.025126 0.073149
v 0.006140 -0.036250 0.038764
v 0.006126 -0.036251 0.073149
v 0.004451 0.044128 0.038764
v 0.004444 0.044127 0.073149
v 0.006460 -0.046918 0.038764
v 0.006434 -0.046921 0.073149
v 0.004408 0.044984 0.038764
v 0.004400 0.044983 0.073149
v 0.006516 -0.047709 0.038764
v 0.006506 -0.047710 0.073149
v 0.006018 0.045225 0.002734
v 0.008092 -0.046739 0.002734
v 0.005355 0.045312 0.121718
v 0.008042 -0.046732 0.121718
v 0.008070 -0.046736 0.107537
v 0.005938 0.045236 0.107537
v 0.006277 0.033730 0.002734
v 0.006536 0.022234 0.002734
v 0.006796 0.010739 0.002734
v 0.007055 -0.000757 0.002734
v 0.007314 -0.012252 0.002734
v 0.007574 -0.023748 0.002734
v 0.007833 -0.035243 0.002734
v 0.005952 0.033772 0.121718
v 0.006334 0.022260 0.121718
v 0.006732 0.010747 0.121718
v 0.007471 -0.000811 0.121718
v 0.006927 -0.012202 0.121718
v 0.006908 -0.023661 0.121718
v 0.007478 -0.035197 0.121718
v 0.006237 0.033735 0.107537
v 0.006504 0.022238 0.107537
v 0.006792 0.010739 0.107537
v 0.007084 -0.000760 0.107537
v 0.007314 -0.012252 0.107537
v 0.007509 -0.023739 0.107537
v 0.007802 -0.035239 0.107537
v 0.005893 0.045242 0.114627
v 0.008058 -0.046734 0.114627
v 0.007569 -0.035209 0.114627
v 0.007341 -0.023718 0.114627
v 0.007231 -0.012241 0.114627
v 0.007130 -0.000766 0.114627
v 0.006682 0.010754 0.114627
v 0.006498 0.022239 0.114627
v 0.006016 0.033764 0.114627
v 0.007277 -0.040902 0.121718
v 0.005866 0.039514 0.121718
v 0.006272 0.028000 0.121718
v 0.006026 0.016570 0.121718
v 0.006870 0.004998 0.121718
v 0.007573 -0.006555 0.121718
v 0.007469 -0.018003 0.121718
v 0.007431 -0.029460 0.121718
v 0.008086 -0.047596 0.002734
v 0.008021 -0.047587 0.121718
v 0.008060 -0.047592 0.107537
v 0.008040 -0.047590 0.114627
v 0.006024 0.046019 0.002734
v 0.005364 0.046104 0.121718
v 0.005996 0.046022 0.107537
v 0.005765 0.046052 0.114627
v 0.008092 -0.046739 0.004380
v 0.006018 0.045225 0.004380
v 0.007833 -0.035243 0.004380
v 0.007574 -0.023748 0.004380
v 0.007314 -0.012252 0.004380
v 0.007055 -0.000757 0.004380
v 0.006796 0.010739 0.004380
v 0.006536 0.022234 0.004380
v 0.006277 0.033730 0.004380
v 0.008086 -0.047596 0.004380
v 0.006024 0.046019 0.004380
v 0.005389 0.045307 0.122646
v 0.007991 -0.046726 0.122646
v 0.005910 0.033778 0.122646
v 0.006178 0.022281 0.122646
v 0.006703 0.010751 0.122646
v 0.007527 -0.000818 0.122646
v 0.006884 -0.012196 0.122646
v 0.006886 -0.023658 0.122646
v 0.007769 -0.035235 0.122646
v 0.007276 -0.040902 0.122646
v 0.006074 0.039487 0.122646
v 0.006232 0.028005 0.122646
v 0.006026 0.016570 0.122646
v 0.007078 0.004971 0.122646
v 0.007502 -0.006546 0.122646
v 0.007108 -0.017956 0.122646
v 0.007470 -0.029465 0.122646
v 0.007918 -0.047574 0.122646
v 0.005329 0.046109 0.122646
v 0.007781 -0.041244 0.114627
v 0.007470 -0.028867 0.114627
v 0.007225 -0.017960 0.114627
v 0.007345 -0.007277 0.114627
v 0.006818 0.006298 0.114627
v 0.006545 0.016214 0.114627
v 0.006247 0.027478 0.114627
v 0.005804 0.039288 0.114627
v 0.007822 -0.035242 0.038764
v 0.007812 -0.035240 0.073149
v 0.007552 -0.023745 0.038764
v 0.007531 -0.023742 0.073149
v 0.007314 -0.012252 0.038764
v 0.007314 -0.012252 0.073149
v 0.007065 -0.000758 0.038764
v 0.007074 -0.000759 0.073149
v 0.006794 0.010739 0.038764
v 0.006793 0.010739 0.073149
v 0.006526 0.022236 0.038764
v 0.006515 0.022237 0.073149
v 0.006264 0.033732 0.038764
v 0.006250 0.033733 0.073149
v 0.008085 -0.046738 0.038764
v 0.008077 -0.046737 0.073149
v 0.005991 0.045229 0.038764
v 0.005964 0.045232 0.073149
v 0.008077 -0.047594 0.038764
v 0.008069 -0.047594 0.073149
v 0.006014 0.046020 0.038764
v 0.006005 0.046021 0.073149
v 0.006104 0.044023 0.001236
v 0.009594 -0.047875 0.001236
v 0.005946 0.044236 0.119986
v 0.009506 -0.048611 0.119448
v 0.009572 -0.047880 0.105968
v 0.006101 0.044076 0.106004
v 0.006540 0.032536 0.001236
v 0.006976 0.021049 0.001236
v 0.007413 0.009562 0.001236
v 0.007849 -0.001926 0.001236
v 0.008286 -0.013413 0.001236
v 0.008722 -0.024900 0.001236
v 0.009158 -0.036388 0.001236
v 0.006307 0.032428 0.120173
v 0.007169 0.021157 0.120036
v 0.007651 0.009480 0.120070
v 0.007826 -0.001949 0.120124
v 0.008374 -0.013629 0.120096
v 0.008230 -0.025759 0.119853
v 0.008792 -0.036581 0.118736
v 0.006499 0.032534 0.106039
v 0.006980 0.021060 0.106022
v 0.007448 0.009451 0.106017
v 0.008030 -0.001838 0.105915
v 0.008271 -0.013884 0.106004
v 0.008690 -0.024914 0.106039
v 0.009127 -0.036386 0.106018
v 0.006359 0.044296 0.112958
v 0.009538 -0.048314 0.113072
v 0.008892 -0.036415 0.113062
v 0.008673 -0.024942 0.112799
v 0.008392 -0.014168 0.112958
v 0.007670 -0.002051 0.113087
v 0.007432 0.009613 0.113046
v 0.007145 0.021092 0.113033
v 0.006404 0.032625 0.113072
v 0.008683 -0.042238 0.118955
v 0.006488 0.038531 0.120015
v 0.006827 0.026697 0.120120
v 0.006905 0.015351 0.120054
v 0.007396 0.003775 0.120161
v 0.007703 -0.007963 0.120165
v 0.008662 -0.021177 0.120210
v 0.008810 -0.030857 0.120194
v 0.009602 -0.048733 0.001236
v 0.009499 -0.049468 0.120064
v 0.009572 -0.048798 0.106033
v 0.009542 -0.049002 0.112626
v 0.006097 0.044818 0.001236
v 0.005729 0.044787 0.120080
v 0.006173 0.044878 0.105992
v 0.006177 0.044930 0.112972
v 0.009594 -0.047875 0.002882
v 0.006104 0.044023 0.002882
v 0.009158 -0.036388 0.002882
v 0.008722 -0.024900 0.002882
v 0.008286 -0.013413 0.002882
v 0.007849 -0.001926 0.002882
v 0.007413 0.009562 0.002882
v 0.006976 0.021049 0.002882
v 0.006540 0.032536 0.002882
v 0.009602 -0.048733 0.002882
v 0.006097 0.044818 0.002882
v 0.006082 0.044522 0.120874
v 0.009455 -0.048607 0.120504
v 0.006259 0.032559 0.121107
v 0.006662 0.021081 0.121127
v 0.007542 0.009536 0.120966
v 0.007514 -0.002070 0.121159
v 0.008242 -0.014139 0.121078
v 0.008206 -0.025572 0.120872
v 0.009088 -0.036517 0.119664
v 0.008690 -0.042100 0.119664
v 0.006658 0.038032 0.120946
v 0.006754 0.026786 0.121066
v 0.007297 0.015473 0.120800
v 0.007750 0.003711 0.121052
v 0.007906 -0.008044 0.121043
v 0.008444 -0.021139 0.121117
v 0.008765 -0.031042 0.121102
v 0.009396 -0.049461 0.120943
v 0.006330 0.045336 0.120723
v 0.009181 -0.042758 0.112602
v 0.008709 -0.030261 0.112560
v 0.008234 -0.021083 0.113072
v 0.008318 -0.008884 0.112847
v 0.007488 0.004771 0.113076
v 0.007466 0.015088 0.112947
v 0.006634 0.026280 0.113116
v 0.006047 0.037903 0.113094
v 0.009148 -0.036387 0.037266
v 0.009137 -0.036386 0.071651
v 0.008700 -0.024899 0.037266
v 0.008679 -0.024898 0.071651
v 0.008285 -0.013413 0.037266
v 0.008285 -0.013413 0.071651
v 0.007859 -0.001926 0.037266
v 0.007869 -0.001927 0.071651
v 0.007412 0.009562 0.037266
v 0.007410 0.009562 0.071651
v 0.006966 0.021050 0.037266
v 0.006955 0.021050 0.071651
v 0.006527 0.032537 0.037266
v 0.006513 0.032538 0.071651
v 0.009587 -0.047874 0.037266
v 0.009580 -0.047874 0.071651
v 0.006077 0.044025 0.037266
v 0.006051 0.044027 0.071651
v 0.009593 -0.048732 0.037266
v 0.009584 -0.048732 0.071651
v 0.006088 0.044818 0.037266
v 0.006079 0.044819 0.071651
v 0.006397 0.044980 0.001816
v 0.010293 -0.046686 0.002219
v 0.006622 0.045130 0.120910
v 0.010189 -0.047459 0.120477
v 0.010316 -0.046688 0.106951
v 0.006512 0.044918 0.106507
v 0.006884 0.033521 0.000602
v 0.007371 0.022063 0.002214
v 0.007858 0.010605 0.002219
v 0.008345 -0.000854 0.002219
v 0.008832 -0.012312 0.002219
v 0.009319 -0.023770 0.002219
v 0.009806 -0.035228 0.002219
v 0.007163 0.033426 0.119230
v 0.007042 0.022035 0.120123
v 0.007854 0.010350 0.121146
v 0.008307 -0.000882 0.121016
v 0.008531 -0.012197 0.120894
v 0.009375 -0.024062 0.120583
v 0.009938 -0.035186 0.119644
v 0.006926 0.033525 0.105086
v 0.007397 0.022078 0.106798
v 0.007856 0.010442 0.106931
v 0.008158 -0.000792 0.106898
v 0.008858 -0.012740 0.106966
v 0.009305 -0.023693 0.106983
v 0.009837 -0.035222 0.107001
v 0.006269 0.045067 0.113814
v 0.010344 -0.047124 0.114059
v 0.010048 -0.035148 0.114016
v 0.009011 -0.023704 0.113821
v 0.008666 -0.012888 0.113840
v 0.008484 -0.000966 0.113993
v 0.007850 0.010502 0.113842
v 0.007416 0.022032 0.113580
v 0.007023 0.033619 0.112122
v 0.010315 -0.041032 0.120058
v 0.006575 0.039357 0.120139
v 0.007143 0.027700 0.120756
v 0.007866 0.016232 0.120622
v 0.008500 0.004677 0.121038
v 0.008925 -0.006710 0.121088
v 0.008969 -0.019720 0.121013
v 0.009452 -0.029353 0.121001
v 0.010355 -0.047539 0.002219
v 0.010336 -0.048296 0.121071
v 0.010389 -0.047600 0.107016
v 0.010406 -0.047802 0.113617
v 0.006340 0.045769 0.001763
v 0.006780 0.045722 0.120620
v 0.006267 0.045811 0.106924
v 0.006520 0.045602 0.113594
v 0.010293 -0.046686 0.003865
v 0.006397 0.044980 0.003316
v 0.009806 -0.035228 0.003865
v 0.009319 -0.023770 0.003865
v 0.008832 -0.012312 0.003865
v 0.008345 -0.000854 0.003865
v 0.007858 0.010605 0.003865
v 0.007371 0.022063 0.003806
v 0.006884 0.033521 0.001928
v 0.010355 -0.047539 0.003865
v 0.006340 0.045769 0.003315
v 0.006916 0.044946 0.121706
v 0.010286 -0.047441 0.121518
v 0.007181 0.033570 0.120160
v 0.007572 0.022005 0.121780
v 0.008047 0.009901 0.121396
v 0.008548 -0.000955 0.121952
v 0.008658 -0.012593 0.121831
v 0.009532 -0.023606 0.121475
v 0.009789 -0.035331 0.120664
v 0.010298 -0.040893 0.120766
v 0.006493 0.038790 0.120926
v 0.007373 0.027827 0.120936
v 0.007821 0.016515 0.121512
v 0.008318 0.004634 0.122026
v 0.008649 -0.006752 0.121928
v 0.008973 -0.019437 0.121811
v 0.009520 -0.029586 0.121938
v 0.010458 -0.048272 0.121943
v 0.006984 0.045340 0.121831
v 0.010258 -0.041557 0.113596
v 0.009492 -0.028933 0.113496
v 0.009210 -0.019560 0.113900
v 0.008286 -0.007672 0.113748
v 0.008225 0.005668 0.113888
v 0.007318 0.015958 0.113791
v 0.007456 0.027329 0.112946
v 0.007217 0.038648 0.113807
v 0.009816 -0.035226 0.038249
v 0.009827 -0.035224 0.072634
v 0.009340 -0.023766 0.038249
v 0.009362 -0.023761 0.072634
v 0.008832 -0.012312 0.038249
v 0.008832 -0.012312 0.072634
v 0.008335 -0.000856 0.038249
v 0.008326 -0.000858 0.072634
v 0.007859 0.010605 0.038249
v 0.007860 0.010605 0.072634
v 0.007382 0.022065 0.038249
v 0.007392 0.022068 0.072634
v 0.006898 0.033524 0.038249
v 0.006911 0.033527 0.072634
v 0.010300 -0.046685 0.038249
v 0.010308 -0.046684 0.072634
v 0.006424 0.044985 0.038249
v 0.006450 0.044991 0.072634
v 0.010363 -0.047537 0.038249
v 0.010372 -0.047535 0.072634
v 0.006349 0.045770 0.038249
v 0.006358 0.045772 0.072634
v 0.006998 0.043598 0.002734
v 0.011524 -0.047199 0.002734
v 0.007655 0.043747 0.121718
v 0.011574 -0.047188 0.121718
v 0.011545 -0.047194 0.107537
v 0.007077 0.043616 0.107537
v 0.007624 0.032972 0.002734
v 0.007993 0.021855 0.002734
v 0.008874 0.010062 0.002734
v 0.009671 -0.001397 0.002734
v 0.009934 -0.012842 0.002734
v 0.010082 -0.024284 0.002734
v 0.010574 -0.035736 0.002734
v 0.007845 0.032987 0.121718
v 0.008113 0.021878 0.121718
v 0.008774 0.010030 0.121718
v 0.009259 -0.001490 0.121718
v 0.009950 -0.012724 0.121718
v 0.010542 -0.024052 0.121718
v 0.010973 -0.035657 0.121718
v 0.007525 0.032901 0.107537
v 0.008025 0.021862 0.107537
v 0.008878 0.010063 0.107537
v 0.009642 -0.001403 0.107537
v 0.009934 -0.012842 0.107537
v 0.010146 -0.024270 0.107537
v 0.010605 -0.035729 0.107537
v 0.007122 0.043626 0.114627
v 0.011557 -0.047191 0.114627
v 0.011242 -0.035687 0.114627
v 0.010171 -0.024220 0.114627
v 0.009912 -0.012774 0.114627
v 0.009597 -0.001414 0.114627
v 0.008942 0.010075 0.114627
v 0.008009 0.021857 0.114627
v 0.007469 0.032793 0.114627
v 0.011809 -0.041315 0.121718
v 0.007687 0.038623 0.121718
v 0.008176 0.027254 0.121718
v 0.008690 0.015802 0.121718
v 0.009269 0.004347 0.121718
v 0.009205 -0.007201 0.121718
v 0.009645 -0.018168 0.121718
v 0.010818 -0.029970 0.121718
v 0.011588 -0.048050 0.002734
v 0.011653 -0.048036 0.121718
v 0.011614 -0.048044 0.107537
v 0.011634 -0.048040 0.114627
v 0.006938 0.044386 0.002734
v 0.007591 0.044535 0.121718
v 0.006965 0.044393 0.107537
v 0.007194 0.044444 0.114627
v 0.011524 -0.047199 0.004380
v 0.006998 0.043598 0.004380
v 0.010574 -0.035736 0.004380
v 0.010082 -0.024284 0.004380
v 0.009934 -0.012842 0.004380
v 0.009671 -0.001397 0.004380
v 0.008874 0.010062 0.004380
v 0.007993 0.021855 0.004380
v 0.007624 0.032972 0.004380
v 0.011588 -0.048050 0.004380
v 0.006938 0.044386 0.004380
v 0.007621 0.043740 0.122646
v 0.011624 -0.047176 0.122646
v 0.007883 0.032994 0.122646
v 0.008331 0.021931 0.122646
v 0.008834 0.010046 0.122646
v 0.009204 -0.001503 0.122646
v 0.009845 -0.012665 0.122646
v 0.010162 -0.024241 0.122646
v 0.010637 -0.035722 0.122646
v 0.011842 -0.041316 0.122646
v 0.007538 0.038511 0.122646
v 0.008144 0.027292 0.122646
v 0.008968 0.016049 0.122646
v 0.009046 0.004300 0.122646
v 0.009262 -0.007185 0.122646
v 0.009887 -0.018108 0.122646
v 0.010721 -0.030010 0.122646
v 0.011754 -0.048012 0.122646
v 0.007626 0.044543 0.122646
v 0.011442 -0.041707 0.114627
v 0.010766 -0.029371 0.114627
v 0.010197 -0.018412 0.114627
v 0.009547 -0.007899 0.114627
v 0.009185 0.005645 0.114627
v 0.008507 0.015632 0.114627
v 0.008142 0.026808 0.114627
v 0.007592 0.038269 0.114627
v 0.010584 -0.035734 0.038764
v 0.010594 -0.035731 0.073149
v 0.010103 -0.024280 0.038764
v 0.010124 -0.024275 0.073149
v 0.009934 -0.012842 0.038764
v 0.009934 -0.012842 0.073149
v 0.009662 -0.001399 0.038764
v 0.009652 -0.001401 0.073149
v 0.008875 0.010063 0.038764
v 0.008876 0.010063 0.073149
v 0.008004 0.021858 0.038764
v 0.008014 0.021860 0.073149
v 0.007637 0.032975 0.038764
v 0.007650 0.032978 0.073149
v 0.011531 -0.047197 0.038764
v 0.011538 -0.047196 0.073149
v 0.007024 0.043604 0.038764
v 0.007051 0.043610 0.073149
v 0.011597 -0.048048 0.038764
v 0.011605 -0.048046 0.073149
v 0.006947 0.044388 0.038764
v 0.006956 0.044390 0.073149
v 0.013078 -0.046598 0.002734
v 0.007851 0.044071 0.002734
v 0.012423 -0.046770 0.121718
v 0.007801 0.044058 0.121718
v 0.007829 0.044065 0.107537
v 0.013000 -0.046619 0.107537
v 0.012371 -0.035990 0.002734
v 0.011915 -0.024883 0.002734
v 0.010943 -0.013117 0.002734
v 0.010058 -0.001682 0.002734
v 0.009706 0.009758 0.002734
v 0.009469 0.021199 0.002734
v 0.008889 0.032636 0.002734
v 0.012150 -0.036013 0.121718
v 0.011795 -0.024910 0.121718
v 0.011043 -0.013081 0.121718
v 0.010468 -0.001574 0.121718
v 0.009690 0.009640 0.121718
v 0.009012 0.020951 0.121718
v 0.008491 0.032544 0.121718
v 0.012469 -0.035916 0.107537
v 0.011884 -0.024891 0.107537
v 0.010940 -0.013118 0.107537
v 0.010087 -0.001674 0.107537
v 0.009706 0.009758 0.107537
v 0.009406 0.021182 0.107537
v 0.008858 0.032628 0.107537
v 0.012956 -0.046630 0.114627
v 0.007818 0.044062 0.114627
v 0.008221 0.032565 0.114627
v 0.009381 0.021130 0.114627
v 0.009729 0.009691 0.114627
v 0.010132 -0.001662 0.114627
v 0.010876 -0.013132 0.114627
v 0.011900 -0.024886 0.114627
v 0.012524 -0.035806 0.114627
v 0.007611 0.038176 0.121718
v 0.012352 -0.041644 0.121718
v 0.011774 -0.030289 0.121718
v 0.011171 -0.018852 0.121718
v 0.010504 -0.007413 0.121718
v 0.010478 0.004140 0.121718
v 0.009953 0.015095 0.121718
v 0.008690 0.026860 0.121718
v 0.007779 0.044920 0.002734
v 0.007715 0.044903 0.121718
v 0.007754 0.044914 0.107537
v 0.007734 0.044908 0.114627
v 0.013144 -0.047385 0.002734
v 0.012493 -0.047555 0.121718
v 0.013118 -0.047392 0.107537
v 0.012889 -0.047452 0.114627
v 0.007851 0.044071 0.004380
v 0.013078 -0.046598 0.004380
v 0.008889 0.032636 0.004380
v 0.009469 0.021199 0.004380
v 0.009706 0.009758 0.004380
v 0.010058 -0.001682 0.004380
v 0.010943 -0.013117 0.004380
v 0.011915 -0.024883 0.004380
v 0.012371 -0.035990 0.004380
v 0.007779 0.044920 0.004380
v 0.013144 -0.047385 0.004380
v 0.012457 -0.046761 0.122646
v 0.007750 0.044044 0.122646
v 0.012112 -0.036022 0.122646
v 0.011578 -0.024970 0.122646
v 0.010983 -0.013098 0.122646
v 0.010524 -0.001560 0.122646
v 0.009796 0.009584 0.122646
v 0.009390 0.021152 0.122646
v 0.008826 0.032620 0.122646
v 0.007578 0.038176 0.122646
v 0.012500 -0.041528 0.122646
v 0.011806 -0.030327 0.122646
v 0.010895 -0.019108 0.122646
v 0.010726 -0.007359 0.122646
v 0.010422 0.004122 0.122646
v 0.009712 0.015027 0.122646
v 0.008786 0.026904 0.122646
v 0.007614 0.044877 0.122646
v 0.012458 -0.047564 0.122646
v 0.007975 0.038580 0.114627
v 0.008746 0.026263 0.114627
v 0.009400 0.015320 0.114627
v 0.010131 0.004826 0.114627
v 0.010598 -0.008708 0.114627
v 0.011354 -0.018675 0.114627
v 0.011804 -0.029842 0.114627
v 0.012444 -0.041288 0.114627
v 0.008879 0.032634 0.038764
v 0.008868 0.032631 0.073149
v 0.009448 0.021193 0.038764
v 0.009427 0.021188 0.073149
v 0.009706 0.009758 0.038764
v 0.009706 0.009758 0.073149
v 0.010067 -0.001679 0.038764
v 0.010077 -0.001676 0.073149
v 0.010942 -0.013117 0.038764
v 0.010941 -0.013117 0.073149
v 0.011905 -0.024886 0.038764
v 0.011894 -0.024888 0.073149
v 0.012358 -0.035994 0.038764
v 0.012344 -0.035997 0.073149
v 0.007844 0.044069 0.038764
v 0.007836 0.044067 0.073149
v 0.013052 -0.046605 0.038764
v 0.013026 -0.046612 0.073149
v 0.007771 0.044918 0.038764
v 0.007762 0.044916 0.073149
v 0.013136 -0.047387 0.038764
v 0.013126 -0.047390 0.073149
v 0.013369 -0.047422 0.001816
v 0.008421 0.044078 0.002219
v 0.013146 -0.047583 0.120910
v 0.008516 0.044856 0.120477
v 0.008398 0.044079 0.106951
v 0.013254 -0.047366 0.106507
v 0.012750 -0.035984 0.000602
v 0.012132 -0.024547 0.002214
v 0.011513 -0.013109 0.002219
v 0.010895 -0.001672 0.002219
v 0.010276 0.009766 0.002219
v 0.009658 0.021203 0.002219
v 0.009039 0.032641 0.002219
v 0.012471 -0.035902 0.119230
v 0.012460 -0.024502 0.120123
v 0.011514 -0.012854 0.121146
v 0.010933 -0.001641 0.121016
v 0.010578 0.009666 0.120894
v 0.009598 0.021492 0.120583
v 0.008908 0.032592 0.119644
v 0.012709 -0.035990 0.105086
v 0.012106 -0.024563 0.106798
v 0.011513 -0.012946 0.106931
v 0.011082 -0.001724 0.106898
v 0.010245 0.010192 0.106966
v 0.009672 0.021127 0.106983
v 0.009008 0.032633 0.107001
v 0.013498 -0.047503 0.113814
v 0.008365 0.044514 0.114059
v 0.008798 0.032548 0.114016
v 0.009966 0.021152 0.113821
v 0.010436 0.010350 0.113840
v 0.010754 -0.001566 0.113993
v 0.011521 -0.013006 0.113842
v 0.012087 -0.024518 0.113580
v 0.012613 -0.036088 0.112122
v 0.008464 0.038422 0.120058
v 0.013127 -0.041806 0.120139
v 0.012425 -0.030174 0.120756
v 0.011570 -0.018738 0.120622
v 0.010803 -0.007212 0.121038
v 0.010248 0.004158 0.121088
v 0.010054 0.017170 0.121013
v 0.009461 0.026782 0.121001
v 0.008349 0.044928 0.002219
v 0.008360 0.045687 0.121071
v 0.008314 0.044987 0.107016
v 0.008295 0.045189 0.113617
v 0.013435 -0.048208 0.001763
v 0.012995 -0.048184 0.120620
v 0.013509 -0.048247 0.106924
v 0.013253 -0.048050 0.113594
v 0.008421 0.044078 0.003865
v 0.013369 -0.047422 0.003316
v 0.009039 0.032641 0.003865
v 0.009658 0.021203 0.003865
v 0.010276 0.009766 0.003865
v 0.010895 -0.001672 0.003865
v 0.011513 -0.013109 0.003865
v 0.012132 -0.024547 0.003806
v 0.012750 -0.035984 0.001928
v 0.008349 0.044928 0.003865
v 0.013435 -0.048208 0.003315
v 0.012850 -0.047414 0.121706
v 0.008420 0.044833 0.121518
v 0.012454 -0.036047 0.120160
v 0.011930 -0.024498 0.121780
v 0.011317 -0.012414 0.121396
v 0.010690 -0.001580 0.121952
v 0.010447 0.010056 0.121831
v 0.009447 0.021029 0.121475
v 0.009056 0.032745 0.120664
v 0.008482 0.038283 0.120766
v 0.013202 -0.041235 0.120926
v 0.012196 -0.030312 0.120936
v 0.011618 -0.019019 0.121512
v 0.010986 -0.007159 0.122026
v 0.010523 0.004213 0.121928
v 0.010054 0.016886 0.121811
v 0.009390 0.027012 0.121938
v 0.008238 0.045656 0.121943
v 0.012786 -0.047812 0.121831
v 0.008514 0.038949 0.113596
v 0.009425 0.026359 0.113496
v 0.009816 0.016998 0.113900
v 0.010875 0.005152 0.113748
v 0.011090 -0.008189 0.113888
v 0.012114 -0.018437 0.113791
v 0.012108 -0.029818 0.112946
v 0.012476 -0.041128 0.113807
v 0.009029 0.032638 0.038249
v 0.009019 0.032635 0.072634
v 0.009637 0.021198 0.038249
v 0.009616 0.021192 0.072634
v 0.010276 0.009766 0.038249
v 0.010276 0.009766 0.072634
v 0.010904 -0.001669 0.038249
v 0.010914 -0.001666 0.072634
v 0.011512 -0.013110 0.038249
v 0.011511 -0.013110 0.072634
v 0.012121 -0.024549 0.038249
v 0.012111 -0.024552 0.072634
v 0.012737 -0.035988 0.038249
v 0.012724 -0.035991 0.072634
v 0.008414 0.044076 0.038249
v 0.008406 0.044074 0.072634
v 0.013342 -0.047428 0.038249
v 0.013316 -0.047435 0.072634
v 0.008341 0.044926 0.038249
v 0.008332 0.044923 0.072634
v 0.013426 -0.048210 0.038249
v 0.013417 -0.048213 0.072634
v 0.013801 -0.046896 0.001236
v 0.008503 0.044768 0.001236
v 0.013963 -0.047094 0.119986
v 0.008577 0.045512 0.119448
v 0.008526 0.044775 0.105968
v 0.013805 -0.046948 0.106004
v 0.013139 -0.035438 0.001236
v 0.012477 -0.023980 0.001236
v 0.011814 -0.012522 0.001236
v 0.011152 -0.001064 0.001236
v 0.010490 0.010394 0.001236
v 0.009828 0.021852 0.001236
v 0.009166 0.033310 0.001236
v 0.013370 -0.035310 0.120173
v 0.012287 -0.024104 0.120036
v 0.011576 -0.012460 0.120070
v 0.011175 -0.001039 0.120124
v 0.010397 0.010602 0.120096
v 0.010301 0.022752 0.119853
v 0.009527 0.033534 0.118736
v 0.013180 -0.035432 0.106039
v 0.012473 -0.023991 0.106022
v 0.011777 -0.012414 0.106017
v 0.010974 -0.001168 0.105915
v 0.010495 0.010867 0.106004
v 0.009859 0.021868 0.106039
v 0.009197 0.033310 0.106018
v 0.013552 -0.047190 0.112958
v 0.008550 0.045212 0.113072
v 0.009430 0.033360 0.113062
v 0.009876 0.021897 0.112799
v 0.010368 0.011140 0.112958
v 0.011328 -0.000924 0.113087
v 0.011797 -0.012575 0.113046
v 0.012310 -0.024037 0.113033
v 0.013276 -0.035515 0.113072
v 0.009524 0.039204 0.118955
v 0.013310 -0.041432 0.120015
v 0.012737 -0.029620 0.120120
v 0.012436 -0.018272 0.120054
v 0.011717 -0.006730 0.120161
v 0.011179 0.004990 0.120165
v 0.009961 0.018132 0.120210
v 0.009622 0.027805 0.120194
v 0.008479 0.045626 0.001236
v 0.008567 0.046370 0.120064
v 0.008507 0.045694 0.106033
v 0.008534 0.045900 0.112626
v 0.013824 -0.047690 0.001236
v 0.014190 -0.047628 0.120080
v 0.013749 -0.047757 0.105992
v 0.013746 -0.047808 0.112972
v 0.008503 0.044768 0.002882
v 0.013801 -0.046896 0.002882
v 0.009166 0.033310 0.002882
v 0.009828 0.021852 0.002882
v 0.010490 0.010394 0.002882
v 0.011152 -0.001064 0.002882
v 0.011814 -0.012522 0.002882
v 0.012477 -0.023980 0.002882
v 0.013139 -0.035438 0.002882
v 0.008479 0.045626 0.002882
v 0.013824 -0.047690 0.002882
v 0.013833 -0.047393 0.120874
v 0.008628 0.045512 0.120504
v 0.013420 -0.035437 0.121107
v 0.012791 -0.023985 0.121127
v 0.011685 -0.012507 0.120966
v 0.011483 -0.000892 0.121159
v 0.010520 0.011124 0.121078
v 0.010329 0.022568 0.120872
v 0.009233 0.033445 0.119664
v 0.009520 0.039065 0.119664
v 0.013130 -0.040946 0.120946
v 0.012812 -0.029702 0.121066
v 0.012047 -0.018428 0.120800
v 0.011362 -0.006696 0.121052
v 0.010974 0.005053 0.121043
v 0.010180 0.018112 0.121117
v 0.009663 0.027994 0.121102
v 0.008670 0.046372 0.120943
v 0.013602 -0.048228 0.120723
v 0.009017 0.039682 0.112602
v 0.009734 0.027217 0.112560
v 0.010390 0.018073 0.113072
v 0.010548 0.005859 0.112847
v 0.011645 -0.007735 0.113076
v 0.011870 -0.018057 0.112947
v 0.012921 -0.029185 0.113116
v 0.013737 -0.040767 0.113094
v 0.009176 0.033310 0.037266
v 0.009186 0.033310 0.071651
v 0.009849 0.021852 0.037266
v 0.009870 0.021853 0.071651
v 0.010490 0.010394 0.037266
v 0.010490 0.010394 0.071651
v 0.011142 -0.001064 0.037266
v 0.011132 -0.001064 0.071651
v 0.011816 -0.012522 0.037266
v 0.011817 -0.012522 0.071651
v 0.012487 -0.023980 0.037266
v 0.012498 -0.023979 0.071651
v 0.013152 -0.035438 0.037266
v 0.013166 -0.035437 0.071651
v 0.008510 0.044768 0.037266
v 0.008518 0.044768 0.071651
v 0.013828 -0.046895 0.037266
v 0.013854 -0.046894 0.071651
v 0.008488 0.045626 0.037266
v 0.008496 0.045626 0.071651
v 0.013832 -0.047690 0.037266
v 0.013842 -0.047690 0.071651
v 0.014459 -0.046600 0.002734
v 0.009161 0.045064 0.002734
v 0.015121 -0.046587 0.121718
v 0.009212 0.045064 0.121718
v 0.009183 0.045064 0.107537
v 0.014539 -0.046598 0.107537
v 0.013797 -0.035142 0.002734
v 0.013134 -0.023684 0.002734
v 0.012472 -0.012226 0.002734
v 0.011810 -0.000768 0.002734
v 0.011148 0.010690 0.002734
v 0.010486 0.022148 0.002734
v 0.009823 0.033606 0.002734
v 0.014122 -0.035136 0.121718
v 0.013336 -0.023680 0.121718
v 0.012535 -0.012225 0.121718
v 0.011394 -0.000776 0.121718
v 0.011534 0.010698 0.121718
v 0.011151 0.022161 0.121718
v 0.010178 0.033613 0.121718
v 0.013837 -0.035141 0.107537
v 0.013166 -0.023684 0.107537
v 0.012476 -0.012226 0.107537
v 0.011780 -0.000769 0.107537
v 0.011148 0.010690 0.107537
v 0.010550 0.022149 0.107537
v 0.009854 0.033606 0.107537
v 0.014583 -0.046598 0.114627
v 0.009194 0.045064 0.114627
v 0.010087 0.033611 0.114627
v 0.010718 0.022152 0.114627
v 0.011231 0.010691 0.114627
v 0.011735 -0.000770 0.114627
v 0.012586 -0.012224 0.114627
v 0.013173 -0.023683 0.114627
v 0.014058 -0.035137 0.114627
v 0.010177 0.039348 0.121718
v 0.014409 -0.040865 0.121718
v 0.013600 -0.029410 0.121718
v 0.013443 -0.017942 0.121718
v 0.012197 -0.006496 0.121718
v 0.011090 0.004953 0.121718
v 0.010792 0.016418 0.121718
v 0.010426 0.027882 0.121718
v 0.009137 0.045922 0.002734
v 0.009202 0.045923 0.121718
v 0.009162 0.045922 0.107537
v 0.009183 0.045922 0.114627
v 0.014481 -0.047394 0.002734
v 0.015140 -0.047381 0.121718
v 0.014508 -0.047394 0.107537
v 0.014739 -0.047389 0.114627
v 0.009161 0.045064 0.004380
v 0.014459 -0.046600 0.004380
v 0.009823 0.033606 0.004380
v 0.010486 0.022148 0.004380
v 0.011148 0.010690 0.004380
v 0.011810 -0.000768 0.004380
v 0.012472 -0.012226 0.004380
v 0.013134 -0.023684 0.004380
v 0.013797 -0.035142 0.004380
v 0.009137 0.045922 0.004380
v 0.014481 -0.047394 0.004380
v 0.015087 -0.046587 0.122646
v 0.009262 0.045066 0.122646
v 0.014163 -0.035135 0.122646
v 0.013492 -0.023677 0.122646
v 0.012565 -0.012224 0.122646
v 0.011338 -0.000778 0.122646
v 0.011578 0.010698 0.122646
v 0.011173 0.022162 0.122646
v 0.009887 0.033607 0.122646
v 0.010177 0.039348 0.122646
v 0.014201 -0.040870 0.122646
v 0.013640 -0.029410 0.122646
v 0.013442 -0.017942 0.122646
v 0.011989 -0.006500 0.122646
v 0.011161 0.004954 0.122646
v 0.011152 0.016425 0.122646
v 0.010387 0.027881 0.122646
v 0.009304 0.045925 0.122646
v 0.015175 -0.047380 0.122646
v 0.009663 0.039615 0.114627
v 0.010409 0.027283 0.114627
v 0.011036 0.016412 0.114627
v 0.011292 0.005709 0.114627
v 0.012294 -0.007788 0.114627
v 0.012914 -0.017664 0.114627
v 0.013607 -0.028885 0.114627
v 0.014462 -0.040630 0.114627
v 0.009834 0.033606 0.038764
v 0.009844 0.033606 0.073149
v 0.010507 0.022148 0.038764
v 0.010528 0.022148 0.073149
v 0.011148 0.010690 0.038764
v 0.011148 0.010690 0.073149
v 0.011800 -0.000768 0.038764
v 0.011790 -0.000769 0.073149
v 0.012473 -0.012226 0.038764
v 0.012474 -0.012226 0.073149
v 0.013145 -0.023684 0.038764
v 0.013156 -0.023684 0.073149
v 0.013810 -0.035142 0.038764
v 0.013824 -0.035142 0.073149
v 0.009168 0.045064 0.038764
v 0.009176 0.045064 0.073149
v 0.014486 -0.046600 0.038764
v 0.014512 -0.046599 0.073149
v 0.009146 0.045922 0.038764
v 0.009154 0.045922 0.073149
v 0.014490 -0.047394 0.038764
v 0.014500 -0.047394 0.073149
v -0.008865 -0.046465 0.002734
v -0.004677 0.045384 0.002734
v -0.008211 -0.046632 0.121718
v -0.004627 0.045371 0.121718
v -0.004655 0.045378 0.107537
v -0.008787 -0.046485 0.107537
v -0.008342 -0.034984 0.002734
v -0.007818 -0.023503 0.002734
v -0.007295 -0.012022 0.002734
v -0.006771 -0.000541 0.002734
v -0.006248 0.010940 0.002734
v -0.005724 0.022422 0.002734
v -0.005201 0.033903 0.002734
v -0.008021 -0.035066 0.121718
v -0.007619 -0.023554 0.121718
v -0.007232 -0.012038 0.121718
v -0.007182 -0.000436 0.121718
v -0.005866 0.010843 0.121718
v -0.005067 0.022254 0.121718
v -0.004850 0.033813 0.121718
v -0.008302 -0.034994 0.107537
v -0.007787 -0.023511 0.107537
v -0.007291 -0.012022 0.107537
v -0.006800 -0.000533 0.107537
v -0.006247 0.010940 0.107537
v -0.005661 0.022406 0.107537
v -0.005170 0.033895 0.107537
v -0.008742 -0.046496 0.114627
v -0.004644 0.045376 0.114627
v -0.004940 0.033836 0.114627
v -0.005495 0.022363 0.114627
v -0.006165 0.010920 0.114627
v -0.006846 -0.000522 0.114627
v -0.007182 -0.012050 0.114627
v -0.007781 -0.023512 0.114627
v -0.008084 -0.035050 0.114627
v -0.004262 0.039470 0.121718
v -0.008326 -0.040796 0.121718
v -0.007947 -0.029277 0.121718
v -0.006925 -0.017924 0.121718
v -0.006978 -0.006295 0.121718
v -0.006893 0.005298 0.121718
v -0.006010 0.016687 0.121718
v -0.005194 0.028094 0.121718
v -0.004613 0.046237 0.002734
v -0.004548 0.046220 0.121718
v -0.004588 0.046230 0.107537
v -0.004568 0.046225 0.114627
v -0.008925 -0.047255 0.002734
v -0.008275 -0.047421 0.121718
v -0.008898 -0.047262 0.107537
v -0.008670 -0.047320 0.114627
v -0.004677 0.045384 0.004380
v -0.008865 -0.046465 0.004380
v -0.005201 0.033903 0.004380
v -0.005724 0.022422 0.004380
v -0.006248 0.010940 0.004380
v -0.006771 -0.000541 0.004380
v -0.007295 -0.012022 0.004380
v -0.007818 -0.023503 0.004380
v -0.008342 -0.034984 0.004380
v -0.004613 0.046237 0.004380
v -0.008925 -0.047255 0.004380
v -0.008245 -0.046624 0.122646
v -0.004577 0.045358 0.122646
v -0.007980 -0.035076 0.122646
v -0.007465 -0.023593 0.122646
v -0.007203 -0.012045 0.122646
v -0.007237 -0.000422 0.122646
v -0.005823 0.010832 0.122646
v -0.005045 0.022248 0.122646
v -0.005138 0.033887 0.122646
v -0.004262 0.039470 0.122646
v -0.008532 -0.040743 0.122646
v -0.007907 -0.029288 0.122646
v -0.006926 -0.017924 0.122646
v -0.007183 -0.006243 0.122646
v -0.006823 0.005280 0.122646
v -0.005655 0.016596 0.122646
v -0.005233 0.028104 0.122646
v -0.004447 0.046194 0.122646
v -0.008240 -0.047430 0.122646
v -0.004741 0.039873 0.114627
v -0.005273 0.027508 0.114627
v -0.005770 0.016615 0.114627
v -0.006616 0.005989 0.114627
v -0.007015 -0.007596 0.114627
v -0.007417 -0.017506 0.114627
v -0.007886 -0.028761 0.114627
v -0.008249 -0.040578 0.114627
v -0.005190 0.033900 0.038764
v -0.005180 0.033898 0.073149
v -0.005703 0.022416 0.038764
v -0.005682 0.022411 0.073149
v -0.006248 0.010940 0.038764
v -0.006247 0.010940 0.073149
v -0.006781 -0.000538 0.038764
v -0.006791 -0.000536 0.073149
v -0.007294 -0.012022 0.038764
v -0.007292 -0.012022 0.073149
v -0.007808 -0.023506 0.038764
v -0.007797 -0.023508 0.073149
v -0.008328 -0.034987 0.038764
v -0.008315 -0.034991 0.073149
v -0.004670 0.045382 0.038764
v -0.004662 0.045380 0.073149
v -0.008839 -0.046472 0.038764
v -0.008813 -0.046478 0.073149
v -0.004604 0.046234 0.038764
v -0.004596 0.046232 0.073149
v -0.008916 -0.047257 0.038764
v -0.008907 -0.047259 0.073149
v -0.003594 0.045406 0.001816
v -0.006766 -0.046353 0.002219
v -0.003359 0.045519 0.120910
v -0.006928 -0.047105 0.120477
v -0.006743 -0.046358 0.106951
v -0.003485 0.045327 0.106507
v -0.003990 0.033936 0.000602
v -0.004386 0.022466 0.002214
v -0.004783 0.010996 0.002219
v -0.005180 -0.000473 0.002219
v -0.005576 -0.011943 0.002219
v -0.005972 -0.023413 0.002219
v -0.006369 -0.034883 0.002219
v -0.003721 0.033797 0.119230
v -0.004716 0.022492 0.120123
v -0.004807 0.010744 0.121146
v -0.005220 -0.000495 0.121016
v -0.005866 -0.011781 0.120894
v -0.005940 -0.023712 0.120583
v -0.006235 -0.034862 0.119644
v -0.003948 0.033933 0.105086
v -0.004360 0.022478 0.106798
v -0.004797 0.010835 0.106931
v -0.005360 -0.000382 0.106898
v -0.005583 -0.012373 0.106966
v -0.005980 -0.023334 0.106983
v -0.006338 -0.034882 0.107001
v -0.003715 0.045514 0.113814
v -0.006749 -0.046796 0.114059
v -0.006122 -0.034842 0.114016
v -0.006273 -0.023298 0.113821
v -0.005786 -0.012489 0.113840
v -0.005050 -0.000608 0.113993
v -0.004800 0.010896 0.113842
v -0.004345 0.022429 0.113580
v -0.003845 0.034011 0.112122
v -0.006310 -0.040736 0.120058
v -0.003849 0.039788 0.120139
v -0.004180 0.028108 0.120756
v -0.004343 0.016590 0.120622
v -0.004600 0.005000 0.121038
v -0.005054 -0.006390 0.121088
v -0.006009 -0.019331 0.121013
v -0.006270 -0.028985 0.121001
v -0.006770 -0.047210 0.002219
v -0.006847 -0.047961 0.121071
v -0.006740 -0.047276 0.107016
v -0.006739 -0.047481 0.113617
v -0.003590 0.046200 0.001763
v -0.003157 0.046083 0.120620
v -0.003660 0.046254 0.106924
v -0.003424 0.046005 0.113594
v -0.006766 -0.046353 0.003865
v -0.003594 0.045406 0.003316
v -0.006369 -0.034883 0.003865
v -0.005972 -0.023413 0.003865
v -0.005576 -0.011943 0.003865
v -0.005180 -0.000473 0.003865
v -0.004783 0.010996 0.003865
v -0.004386 0.022466 0.003806
v -0.003990 0.033936 0.001928
v -0.006770 -0.047210 0.003865
v -0.003590 0.046200 0.003315
v -0.003081 0.045290 0.121706
v -0.006831 -0.047102 0.121518
v -0.003692 0.033936 0.120160
v -0.004191 0.022376 0.121780
v -0.004650 0.010266 0.121396
v -0.004986 -0.000607 0.121952
v -0.005770 -0.012195 0.121831
v -0.005748 -0.023284 0.121475
v -0.006394 -0.034983 0.120664
v -0.006316 -0.040594 0.120766
v -0.003974 0.039238 0.120926
v -0.003942 0.028196 0.120936
v -0.004366 0.016878 0.121512
v -0.004786 0.004986 0.122026
v -0.005330 -0.006386 0.121928
v -0.005984 -0.019050 0.121811
v -0.006220 -0.029228 0.121938
v -0.006724 -0.047956 0.121943
v -0.002982 0.045671 0.121831
v -0.006406 -0.041248 0.113596
v -0.006197 -0.028574 0.113496
v -0.005758 -0.019210 0.113900
v -0.005762 -0.007243 0.113748
v -0.004798 0.006030 0.113888
v -0.004908 0.016405 0.113791
v -0.003898 0.027688 0.112946
v -0.003265 0.038979 0.113807
v -0.006359 -0.034883 0.038249
v -0.006348 -0.034882 0.072634
v -0.005951 -0.023412 0.038249
v -0.005930 -0.023411 0.072634
v -0.005576 -0.011943 0.038249
v -0.005576 -0.011943 0.072634
v -0.005190 -0.000474 0.038249
v -0.005199 -0.000474 0.072634
v -0.004782 0.010997 0.038249
v -0.004781 0.010997 0.072634
v -0.004376 0.022467 0.038249
v -0.004365 0.022468 0.072634
v -0.003976 0.033937 0.038249
v -0.003963 0.033938 0.072634
v -0.006758 -0.046353 0.038249
v -0.006751 -0.046352 0.072634
v -0.003567 0.045408 0.038249
v -0.003540 0.045409 0.072634
v -0.006761 -0.047210 0.038249
v -0.006753 -0.047210 0.072634
v -0.003580 0.046200 0.038249
v -0.003572 0.046201 0.072634
v -0.003958 0.044503 0.001236
v -0.007551 -0.047422 0.001236
v -0.004099 0.044739 0.119986
v -0.007695 -0.048140 0.119448
v -0.007574 -0.047424 0.105968
v -0.003957 0.044556 0.106004
v -0.004408 0.033012 0.001236
v -0.004856 0.021522 0.001236
v -0.005306 0.010031 0.001236
v -0.005755 -0.001460 0.001236
v -0.006204 -0.012950 0.001236
v -0.006653 -0.024441 0.001236
v -0.007102 -0.035932 0.001236
v -0.004648 0.032943 0.120173
v -0.004657 0.021598 0.120036
v -0.005076 0.009911 0.120070
v -0.005780 -0.001479 0.120124
v -0.006132 -0.013179 0.120096
v -0.007207 -0.025215 0.119853
v -0.007480 -0.036065 0.118736
v -0.004449 0.033016 0.106039
v -0.004852 0.021532 0.106022
v -0.005279 0.009916 0.106017
v -0.005569 -0.001401 0.105915
v -0.006254 -0.013416 0.106004
v -0.006686 -0.024449 0.106039
v -0.007133 -0.035924 0.106018
v -0.003684 0.044733 0.112958
v -0.007640 -0.047849 0.113072
v -0.007368 -0.035916 0.113062
v -0.006705 -0.024474 0.112799
v -0.006155 -0.013718 0.112958
v -0.005942 -0.001555 0.113087
v -0.005283 0.010079 0.113046
v -0.004686 0.021537 0.113033
v -0.004536 0.033122 0.113072
v -0.008024 -0.041671 0.118955
v -0.003999 0.038980 0.120015
v -0.004571 0.027162 0.120120
v -0.005366 0.015868 0.120054
v -0.005767 0.004281 0.120161
v -0.006364 -0.007438 0.120165
v -0.006426 -0.020730 0.120210
v -0.007022 -0.030377 0.120194
v -0.007610 -0.048276 0.001236
v -0.007768 -0.048990 0.120064
v -0.007644 -0.048337 0.106033
v -0.007690 -0.048534 0.112626
v -0.003904 0.045294 0.001236
v -0.004272 0.045322 0.120080
v -0.003824 0.045342 0.105992
v -0.003816 0.045392 0.112972
v -0.007551 -0.047422 0.002882
v -0.003958 0.044503 0.002882
v -0.007102 -0.035932 0.002882
v -0.006653 -0.024441 0.002882
v -0.006204 -0.012950 0.002882
v -0.005755 -0.001460 0.002882
v -0.005306 0.010031 0.002882
v -0.004856 0.021522 0.002882
v -0.004408 0.033012 0.002882
v -0.007610 -0.048276 0.002882
v -0.003904 0.045294 0.002882
v -0.003942 0.045002 0.120874
v -0.007746 -0.048128 0.120504
v -0.004685 0.033081 0.121107
v -0.005166 0.021604 0.121127
v -0.005179 0.009985 0.120966
v -0.006098 -0.001549 0.121159
v -0.006303 -0.013665 0.121078
v -0.007217 -0.025026 0.120872
v -0.007182 -0.036049 0.119664
v -0.008006 -0.041535 0.119664
v -0.003869 0.038457 0.120946
v -0.004636 0.027261 0.121066
v -0.004966 0.015927 0.120800
v -0.005420 0.004160 0.121052
v -0.006168 -0.007551 0.121043
v -0.006640 -0.020657 0.121117
v -0.007082 -0.030554 0.121102
v -0.007870 -0.048967 0.120943
v -0.003633 0.045772 0.120723
v -0.007568 -0.042268 0.112602
v -0.007077 -0.029768 0.112560
v -0.006844 -0.020567 0.113072
v -0.005824 -0.008452 0.112847
v -0.005599 0.005257 0.113076
v -0.004828 0.015517 0.112947
v -0.004794 0.026777 0.113116
v -0.004485 0.038428 0.113094
v -0.007112 -0.035929 0.037266
v -0.007122 -0.035927 0.071651
v -0.006674 -0.024436 0.037266
v -0.006695 -0.024431 0.071651
v -0.006204 -0.012950 0.037266
v -0.006204 -0.012950 0.071651
v -0.005745 -0.001462 0.037266
v -0.005735 -0.001464 0.071651
v -0.005307 0.010031 0.037266
v -0.005308 0.010032 0.071651
v -0.004867 0.021524 0.037266
v -0.004878 0.021526 0.071651
v -0.004421 0.033015 0.037266
v -0.004434 0.033018 0.071651
v -0.007558 -0.047420 0.037266
v -0.007566 -0.047419 0.071651
v -0.003985 0.044509 0.037266
v -0.004011 0.044515 0.071651
v -0.007618 -0.048274 0.037266
v -0.007627 -0.048272 0.071651
v -0.003913 0.045296 0.037266
v -0.003922 0.045298 0.071651
v -0.005440 -0.047254 0.001236
v -0.002310 0.044707 0.001236
v -0.005299 -0.047487 0.119986
v -0.002169 0.045427 0.119448
v -0.002287 0.044709 0.105968
v -0.005441 -0.047307 0.106004
v -0.005049 -0.035759 0.001236
v -0.004658 -0.024264 0.001236
v -0.004266 -0.012769 0.001236
v -0.003875 -0.001274 0.001236
v -0.003484 0.010222 0.001236
v -0.003092 0.021717 0.001236
v -0.002701 0.033212 0.001236
v -0.004809 -0.035684 0.120173
v -0.004856 -0.024344 0.120036
v -0.004497 -0.012654 0.120070
v -0.003850 -0.001254 0.120124
v -0.003556 0.010449 0.120096
v -0.002542 0.022503 0.119853
v -0.002323 0.033354 0.118736
v -0.005008 -0.035762 0.106039
v -0.004662 -0.024274 0.106022
v -0.004294 -0.012654 0.106017
v -0.004061 -0.001336 0.105915
v -0.003436 0.010689 0.106004
v -0.003060 0.021726 0.106039
v -0.002670 0.033206 0.106018
v -0.005713 -0.047490 0.112958
v -0.002223 0.045136 0.113072
v -0.002435 0.033202 0.113062
v -0.003041 0.021751 0.112799
v -0.003536 0.010988 0.112958
v -0.003688 -0.001174 0.113087
v -0.004289 -0.012817 0.113046
v -0.004828 -0.024283 0.113033
v -0.004920 -0.035866 0.113072
v -0.001808 0.038969 0.118955
v -0.005428 -0.041733 0.120015
v -0.004915 -0.029907 0.120120
v -0.004177 -0.018602 0.120054
v -0.003834 -0.007011 0.120161
v -0.003296 0.004716 0.120165
v -0.003300 0.018003 0.120210
v -0.002752 0.027658 0.120194
v -0.002255 0.045562 0.001236
v -0.002100 0.046279 0.120064
v -0.002222 0.045624 0.106033
v -0.002176 0.045822 0.112626
v -0.005491 -0.048046 0.001236
v -0.005122 -0.048066 0.120080
v -0.005570 -0.048096 0.105992
v -0.005578 -0.048146 0.112972
v -0.002310 0.044707 0.002882
v -0.005440 -0.047254 0.002882
v -0.002701 0.033212 0.002882
v -0.003092 0.021717 0.002882
v -0.003484 0.010222 0.002882
v -0.003875 -0.001274 0.002882
v -0.004266 -0.012769 0.002882
v -0.004658 -0.024264 0.002882
v -0.005049 -0.035759 0.002882
v -0.002255 0.045562 0.002882
v -0.005491 -0.048046 0.002882
v -0.005454 -0.047754 0.120874
v -0.002119 0.045417 0.120504
v -0.004771 -0.035821 0.121107
v -0.004347 -0.024340 0.121127
v -0.004393 -0.012725 0.120966
v -0.003532 -0.001177 0.121159
v -0.003388 0.010938 0.121078
v -0.002531 0.022314 0.120872
v -0.002622 0.033331 0.119664
v -0.001825 0.038832 0.119664
v -0.005560 -0.041213 0.120946
v -0.004849 -0.030006 0.121066
v -0.004576 -0.018669 0.120800
v -0.004182 -0.006898 0.121052
v -0.003492 0.004824 0.121043
v -0.003086 0.017934 0.121117
v -0.002694 0.027836 0.121102
v -0.001998 0.046258 0.120943
v -0.005759 -0.048530 0.120723
v -0.002266 0.039556 0.112602
v -0.002695 0.027051 0.112560
v -0.002881 0.017849 0.113072
v -0.003841 0.005718 0.112847
v -0.003997 -0.007990 0.113076
v -0.004717 -0.018262 0.112947
v -0.004693 -0.029518 0.113116
v -0.004944 -0.041170 0.113094
v -0.002691 0.033210 0.037266
v -0.002680 0.033208 0.071651
v -0.003071 0.021712 0.037266
v -0.003050 0.021708 0.071651
v -0.003484 0.010222 0.037266
v -0.003483 0.010222 0.071651
v -0.003885 -0.001272 0.037266
v -0.003894 -0.001270 0.071651
v -0.004265 -0.012769 0.037266
v -0.004264 -0.012769 0.071651
v -0.004647 -0.024266 0.037266
v -0.004637 -0.024268 0.071651
v -0.005036 -0.035762 0.037266
v -0.005022 -0.035764 0.071651
v -0.002303 0.044706 0.037266
v -0.002295 0.044704 0.071651
v -0.005414 -0.047260 0.037266
v -0.005388 -0.047265 0.071651
v -0.002247 0.045560 0.037266
v -0.002238 0.045559 0.071651
v -0.005482 -0.048048 0.037266
v -0.005473 -0.048050 0.071651
v -0.005907 -0.046672 0.002734
v -0.002828 0.044370 0.002734
v -0.006570 -0.046696 0.121718
v -0.002878 0.044368 0.121718
v -0.002850 0.044369 0.107537
v -0.005987 -0.046675 0.107537
v -0.005642 -0.035999 0.002734
v -0.005082 -0.024887 0.002734
v -0.004972 -0.013007 0.002734
v -0.004808 -0.001474 0.002734
v -0.004115 0.009944 0.002734
v -0.003308 0.021337 0.002734
v -0.002842 0.032804 0.002734
v -0.005862 -0.035972 0.121718
v -0.005203 -0.024887 0.121718
v -0.004871 -0.012994 0.121718
v -0.004392 -0.001460 0.121718
v -0.004141 0.009830 0.121718
v -0.003783 0.021193 0.121718
v -0.003244 0.032801 0.121718
v -0.005538 -0.035948 0.107537
v -0.005114 -0.024888 0.107537
v -0.004976 -0.013007 0.107537
v -0.004778 -0.001473 0.107537
v -0.004115 0.009944 0.107537
v -0.003373 0.021334 0.107537
v -0.002873 0.032803 0.107537
v -0.006032 -0.046676 0.114627
v -0.002861 0.044368 0.114627
v -0.003508 0.032882 0.114627
v -0.003402 0.021289 0.114627
v -0.004098 0.009872 0.114627
v -0.004732 -0.001472 0.114627
v -0.005040 -0.013007 0.114627
v -0.005098 -0.024886 0.114627
v -0.005473 -0.035851 0.114627
v -0.003601 0.038580 0.121718
v -0.006175 -0.041600 0.121718
v -0.005713 -0.030214 0.121718
v -0.005268 -0.018743 0.121718
v -0.004888 -0.007256 0.121718
v -0.003863 0.004203 0.121718
v -0.003385 0.015178 0.121718
v -0.003564 0.027123 0.121718
v -0.002821 0.045228 0.002734
v -0.002886 0.045225 0.121718
v -0.002847 0.045226 0.107537
v -0.002867 0.045226 0.114627
v -0.005914 -0.047466 0.002734
v -0.006572 -0.047490 0.121718
v -0.005941 -0.047468 0.107537
v -0.006172 -0.047476 0.114627
v -0.002828 0.044370 0.004380
v -0.005907 -0.046672 0.004380
v -0.002842 0.032804 0.004380
v -0.003308 0.021337 0.004380
v -0.004115 0.009944 0.004380
v -0.004808 -0.001474 0.004380
v -0.004972 -0.013007 0.004380
v -0.005082 -0.024887 0.004380
v -0.005642 -0.035999 0.004380
v -0.002821 0.045228 0.004380
v -0.005914 -0.047466 0.004380
v -0.006536 -0.046694 0.122646
v -0.002929 0.044366 0.122646
v -0.005900 -0.035972 0.122646
v -0.005423 -0.024898 0.122646
v -0.004932 -0.012998 0.122646
v -0.004336 -0.001458 0.122646
v -0.004042 0.009751 0.122646
v -0.003391 0.021308 0.122646
v -0.002906 0.032802 0.122646
v -0.003634 0.038587 0.122646
v -0.006018 -0.041517 0.122646
v -0.005684 -0.030259 0.122646
v -0.005565 -0.018935 0.122646
v -0.004663 -0.007252 0.122646
v -0.003920 0.004197 0.122646
v -0.003629 0.015165 0.122646
v -0.003464 0.027145 0.122646
v -0.002989 0.045222 0.122646
v -0.006608 -0.047491 0.122646
v -0.003204 0.038899 0.114627
v -0.003562 0.026518 0.114627
v -0.003912 0.015526 0.114627
v -0.004143 0.004960 0.114627
v -0.004912 -0.008560 0.114627
v -0.005072 -0.018608 0.114627
v -0.005642 -0.029779 0.114627
v -0.006052 -0.041267 0.114627
v -0.002852 0.032804 0.038764
v -0.002862 0.032803 0.073149
v -0.003330 0.021336 0.038764
v -0.003351 0.021335 0.073149
v -0.004115 0.009944 0.038764
v -0.004115 0.009944 0.073149
v -0.004798 -0.001474 0.038764
v -0.004788 -0.001474 0.073149
v -0.004974 -0.013007 0.038764
v -0.004975 -0.013007 0.073149
v -0.005092 -0.024888 0.038764
v -0.005103 -0.024888 0.073149
v -0.005655 -0.036000 0.038764
v -0.005669 -0.036000 0.073149
v -0.002835 0.044369 0.038764
v -0.002842 0.044369 0.073149
v -0.005934 -0.046673 0.038764
v -0.005960 -0.046674 0.073149
v -0.002830 0.045227 0.038764
v -0.002838 0.045227 0.073149
v -0.005922 -0.047467 0.038764
v -0.005932 -0.047467 0.073149
v -0.001211 0.045353 0.002734
v -0.004296 -0.046611 0.002734
v -0.001867 0.045486 0.121718
v -0.004346 -0.046601 0.121718
v -0.004318 -0.046607 0.107537
v -0.001290 0.045369 0.107537
v -0.001596 0.033858 0.002734
v -0.001982 0.022362 0.002734
v -0.002368 0.010866 0.002734
v -0.002753 -0.000629 0.002734
v -0.003139 -0.012124 0.002734
v -0.003524 -0.023620 0.002734
v -0.003910 -0.035116 0.002734
v -0.001918 0.033923 0.121718
v -0.002182 0.022403 0.121718
v -0.002430 0.010879 0.121718
v -0.002341 -0.000713 0.121718
v -0.003522 -0.012047 0.121718
v -0.004184 -0.023486 0.121718
v -0.004262 -0.035044 0.121718
v -0.001636 0.033866 0.107537
v -0.002013 0.022368 0.107537
v -0.002371 0.010867 0.107537
v -0.002724 -0.000635 0.107537
v -0.003140 -0.012124 0.107537
v -0.003588 -0.023607 0.107537
v -0.003941 -0.035109 0.107537
v -0.001334 0.045378 0.114627
v -0.004329 -0.046604 0.114627
v -0.004171 -0.035062 0.114627
v -0.003755 -0.023573 0.114627
v -0.003222 -0.012108 0.114627
v -0.002679 -0.000644 0.114627
v -0.002480 0.010890 0.114627
v -0.002020 0.022370 0.114627
v -0.001855 0.033910 0.114627
v -0.004782 -0.040725 0.121718
v -0.001682 0.039662 0.121718
v -0.001922 0.028137 0.121718
v -0.002808 0.016743 0.121718
v -0.002616 0.005130 0.121718
v -0.002561 -0.006455 0.121718
v -0.003307 -0.017877 0.121718
v -0.003987 -0.029313 0.121718
v -0.004350 -0.047466 0.002734
v -0.004414 -0.047453 0.121718
v -0.004375 -0.047461 0.107537
v -0.004395 -0.047457 0.114627
v -0.001160 0.046145 0.002734
v -0.001813 0.046278 0.121718
v -0.001188 0.046150 0.107537
v -0.001416 0.046197 0.114627
v -0.004296 -0.046611 0.004380
v -0.001211 0.045353 0.004380
v -0.003910 -0.035116 0.004380
v -0.003524 -0.023620 0.004380
v -0.003139 -0.012124 0.004380
v -0.002753 -0.000629 0.004380
v -0.002368 0.010866 0.004380
v -0.001982 0.022362 0.004380
v -0.001596 0.033858 0.004380
v -0.004350 -0.047466 0.004380
v -0.001160 0.046145 0.004380
v -0.001833 0.045480 0.122646
v -0.004396 -0.046591 0.122646
v -0.001960 0.033931 0.122646
v -0.002337 0.022434 0.122646
v -0.002460 0.010885 0.122646
v -0.002286 -0.000724 0.122646
v -0.003565 -0.012038 0.122646
v -0.004206 -0.023482 0.122646
v -0.003973 -0.035103 0.122646
v -0.004782 -0.040725 0.122646
v -0.001476 0.039620 0.122646
v -0.001962 0.028145 0.122646
v -0.002808 0.016743 0.122646
v -0.002410 0.005088 0.122646
v -0.002631 -0.006441 0.122646
v -0.003664 -0.017805 0.122646
v -0.003948 -0.029321 0.122646
v -0.004516 -0.047433 0.122646
v -0.001848 0.046285 0.122646
v -0.004298 -0.041103 0.114627
v -0.003915 -0.028724 0.114627
v -0.003548 -0.017817 0.114627
v -0.002829 -0.007159 0.114627
v -0.002594 0.006431 0.114627
v -0.002311 0.016350 0.114627
v -0.001977 0.027618 0.114627
v -0.001756 0.039440 0.114627
v -0.003920 -0.035114 0.038764
v -0.003931 -0.035112 0.073149
v -0.003546 -0.023616 0.038764
v -0.003567 -0.023612 0.073149
v -0.003139 -0.012124 0.038764
v -0.003139 -0.012124 0.073149
v -0.002743 -0.000631 0.038764
v -0.002734 -0.000633 0.073149
v -0.002369 0.010867 0.038764
v -0.002370 0.010867 0.073149
v -0.001992 0.022364 0.038764
v -0.002003 0.022366 0.073149
v -0.001610 0.033860 0.038764
v -0.001623 0.033863 0.073149
v -0.004303 -0.046610 0.038764
v -0.004310 -0.046608 0.073149
v -0.001237 0.045358 0.038764
v -0.001263 0.045364 0.073149
v -0.004358 -0.047465 0.038764
v -0.004367 -0.047463 0.073149
v -0.001170 0.046147 0.038764
v -0.001179 0.046148 0.073149
v -0.001192 0.044147 0.001236
v -0.002860 -0.047853 0.001236
v -0.001338 0.044370 0.119986
v -0.002990 -0.048582 0.119448
v -0.002883 -0.047857 0.105968
v -0.001192 0.044200 0.106004
v -0.001401 0.032647 0.001236
v -0.001609 0.021147 0.001236
v -0.001818 0.009647 0.001236
v -0.002026 -0.001853 0.001236
v -0.002235 -0.013353 0.001236
v -0.002444 -0.024853 0.001236
v -0.002652 -0.036353 0.001236
v -0.001640 0.032556 0.120173
v -0.001412 0.021241 0.120036
v -0.001585 0.009548 0.120070
v -0.002051 -0.001874 0.120124
v -0.002158 -0.013575 0.120096
v -0.002982 -0.025675 0.119853
v -0.003028 -0.036520 0.118736
v -0.001442 0.032648 0.106039
v -0.001605 0.021158 0.106022
v -0.001788 0.009534 0.106017
v -0.001842 -0.001778 0.105915
v -0.002276 -0.013823 0.106004
v -0.002476 -0.024864 0.106039
v -0.002683 -0.036349 0.106018
v -0.000923 0.044400 0.112958
v -0.002941 -0.048287 0.113072
v -0.002919 -0.036362 0.113062
v -0.002495 -0.024891 0.112799
v -0.002170 -0.014114 0.112958
v -0.002212 -0.001965 0.113087
v -0.001796 0.009697 0.113046
v -0.001439 0.021178 0.113033
v -0.001531 0.032745 0.113072
v -0.003454 -0.042160 0.118955
v -0.001117 0.038636 0.120015
v -0.001442 0.026797 0.120120
v -0.002000 0.015463 0.120054
v -0.002159 0.003871 0.120161
v -0.002511 -0.007870 0.120165
v -0.002295 -0.021132 0.120210
v -0.002689 -0.030806 0.120194
v -0.002902 -0.048710 0.001236
v -0.003045 -0.049437 0.120064
v -0.002934 -0.048774 0.106033
v -0.002976 -0.048975 0.112626
v -0.001154 0.044940 0.001236
v -0.001523 0.044936 0.120080
v -0.001076 0.044996 0.105992
v -0.001068 0.045046 0.112972
v -0.002860 -0.047853 0.002882
v -0.001192 0.044147 0.002882
v -0.002652 -0.036353 0.002882
v -0.002444 -0.024853 0.002882
v -0.002235 -0.013353 0.002882
v -0.002026 -0.001853 0.002882
v -0.001818 0.009647 0.002882
v -0.001609 0.021147 0.002882
v -0.001401 0.032647 0.002882
v -0.002902 -0.048710 0.002882
v -0.001154 0.044940 0.002882
v -0.001186 0.044647 0.120874
v -0.003040 -0.048574 0.120504
v -0.001680 0.032690 0.121107
v -0.001921 0.021201 0.121127
v -0.001690 0.009612 0.120966
v -0.002368 -0.001973 0.121159
v -0.002319 -0.014075 0.121078
v -0.002996 -0.025487 0.120872
v -0.002730 -0.036477 0.119664
v -0.003440 -0.042022 0.119664
v -0.000976 0.038125 0.120946
v -0.001509 0.026891 0.121066
v -0.001602 0.015557 0.120800
v -0.001809 0.003782 0.121052
v -0.002312 -0.007965 0.121043
v -0.002510 -0.021078 0.121117
v -0.002745 -0.030988 0.121102
v -0.003148 -0.049423 0.120943
v -0.000893 0.045442 0.120723
v -0.002986 -0.042715 0.112602
v -0.002756 -0.030204 0.112560
v -0.002716 -0.021007 0.113072
v -0.001949 -0.008834 0.112847
v -0.002011 0.004859 0.113076
v -0.001454 0.015161 0.112947
v -0.001657 0.026394 0.113116
v -0.001592 0.038041 0.113094
v -0.002662 -0.036352 0.037266
v -0.002673 -0.036350 0.071651
v -0.002465 -0.024850 0.037266
v -0.002486 -0.024847 0.071651
v -0.002235 -0.013353 0.037266
v -0.002235 -0.013353 0.071651
v -0.002016 -0.001854 0.037266
v -0.002007 -0.001856 0.071651
v -0.001819 0.009647 0.037266
v -0.001820 0.009647 0.071651
v -0.001620 0.021148 0.037266
v -0.001630 0.021150 0.071651
v -0.001414 0.032649 0.037266
v -0.001427 0.032650 0.071651
v -0.002868 -0.047852 0.037266
v -0.002875 -0.047851 0.071651
v -0.001218 0.044150 0.037266
v -0.001245 0.044154 0.071651
v -0.002910 -0.048709 0.037266
v -0.002918 -0.048708 0.071651
v -0.001163 0.044942 0.037266
v -0.001172 0.044943 0.071651
v -0.000846 0.045080 0.001816
v -0.002097 -0.046717 0.002219
v -0.000614 0.045214 0.120910
v -0.002244 -0.047481 0.120477
v -0.002074 -0.046720 0.106951
v -0.000735 0.045011 0.106507
v -0.001002 0.033606 0.000602
v -0.001158 0.022131 0.002214
v -0.001315 0.010656 0.002219
v -0.001472 -0.000818 0.002219
v -0.001628 -0.012293 0.002219
v -0.001784 -0.023768 0.002219
v -0.001941 -0.035242 0.002219
v -0.000730 0.033491 0.119230
v -0.001489 0.022127 0.120123
v -0.001334 0.010402 0.121146
v -0.001511 -0.000844 0.121016
v -0.001922 -0.012157 0.120894
v -0.001745 -0.024062 0.120583
v -0.001807 -0.035209 0.119644
v -0.000960 0.033606 0.105086
v -0.001132 0.022145 0.106798
v -0.001326 0.010494 0.106931
v -0.001654 -0.000744 0.106898
v -0.001626 -0.012722 0.106966
v -0.001794 -0.023689 0.106983
v -0.001909 -0.035238 0.107001
v -0.000969 0.045177 0.113814
v -0.002071 -0.047157 0.114059
v -0.001694 -0.035179 0.114016
v -0.002088 -0.023679 0.113821
v -0.001826 -0.012856 0.113840
v -0.001339 -0.000941 0.113993
v -0.001330 0.010554 0.113842
v -0.001116 0.022097 0.113580
v -0.000858 0.033693 0.112122
v -0.001758 -0.041074 0.120058
v -0.000984 0.039455 0.120139
v -0.001071 0.027776 0.120756
v -0.000992 0.016274 0.120622
v -0.001006 0.004692 0.121038
v -0.001222 -0.006707 0.121088
v -0.001906 -0.019699 0.121013
v -0.001965 -0.029351 0.121001
v -0.002083 -0.047572 0.002219
v -0.002145 -0.048327 0.121071
v -0.002052 -0.047635 0.107016
v -0.002047 -0.047839 0.113617
v -0.000858 0.045872 0.001763
v -0.000423 0.045795 0.120620
v -0.000930 0.045920 0.106924
v -0.000688 0.045693 0.113594
v -0.002097 -0.046717 0.003865
v -0.000846 0.045080 0.003316
v -0.001941 -0.035242 0.003865
v -0.001784 -0.023768 0.003865
v -0.001628 -0.012293 0.003865
v -0.001472 -0.000818 0.003865
v -0.001315 0.010656 0.003865
v -0.001158 0.022131 0.003806
v -0.001002 0.033606 0.001928
v -0.002083 -0.047572 0.003865
v -0.000858 0.045872 0.003315
v -0.000330 0.045010 0.121706
v -0.002147 -0.047470 0.121518
v -0.000704 0.033633 0.120160
v -0.000961 0.022058 0.121780
v -0.001166 0.009940 0.121396
v -0.001274 -0.000934 0.121952
v -0.001817 -0.012561 0.121831
v -0.001563 -0.023619 0.121475
v -0.001964 -0.035344 0.120664
v -0.001767 -0.040933 0.120766
v -0.001097 0.038894 0.120926
v -0.000834 0.027886 0.120936
v -0.001020 0.016560 0.121512
v -0.001192 0.004662 0.122026
v -0.001498 -0.006729 0.121928
v -0.001887 -0.019416 0.121811
v -0.001910 -0.029589 0.121938
v -0.002022 -0.048311 0.121943
v -0.000240 0.045399 0.121831
v -0.001844 -0.041593 0.113596
v -0.001901 -0.028934 0.113496
v -0.001658 -0.019556 0.113900
v -0.001912 -0.007622 0.113748
v -0.001226 0.005702 0.113888
v -0.001554 0.016040 0.113791
v -0.000779 0.027382 0.112946
v -0.000382 0.038700 0.113807
v -0.001930 -0.035241 0.038249
v -0.001920 -0.035239 0.072634
v -0.001763 -0.023764 0.038249
v -0.001741 -0.023762 0.072634
v -0.001628 -0.012293 0.038249
v -0.001628 -0.012293 0.072634
v -0.001481 -0.000820 0.038249
v -0.001491 -0.000821 0.072634
v -0.001314 0.010657 0.038249
v -0.001313 0.010657 0.072634
v -0.001148 0.022133 0.038249
v -0.001137 0.022134 0.072634
v -0.000989 0.033608 0.038249
v -0.000975 0.033610 0.072634
v -0.002090 -0.046716 0.038249
v -0.002082 -0.046715 0.072634
v -0.000819 0.045084 0.038249
v -0.000792 0.045088 0.072634
v -0.002075 -0.047571 0.038249
v -0.002066 -0.047570 0.072634
v -0.000850 0.045874 0.038249
v -0.000840 0.045875 0.072634
v -0.000324 0.043658 0.002734
v -0.000898 -0.047316 0.002734
v 0.000340 0.043760 0.121718
v -0.000848 -0.047309 0.121718
v -0.000876 -0.047313 0.107537
v -0.000244 0.043671 0.107537
v -0.000296 0.033004 0.002734
v -0.000550 0.021879 0.002734
v -0.000332 0.010042 0.002734
v -0.000179 -0.001456 0.002734
v -0.000558 -0.012901 0.002734
v -0.001052 -0.024336 0.002734
v -0.001203 -0.035804 0.002734
v -0.000074 0.033004 0.121718
v -0.000429 0.021893 0.121718
v -0.000434 0.010017 0.121718
v -0.000595 -0.001519 0.121718
v -0.000535 -0.012785 0.121718
v -0.000580 -0.024137 0.121718
v -0.000801 -0.035754 0.121718
v -0.000398 0.032941 0.107537
v -0.000518 0.021884 0.107537
v -0.000328 0.010043 0.107537
v -0.000208 -0.001460 0.107537
v -0.000558 -0.012901 0.107537
v -0.000988 -0.024326 0.107537
v -0.001172 -0.035799 0.107537
v -0.000199 0.043678 0.114627
v -0.000865 -0.047312 0.114627
v -0.000533 -0.035803 0.114627
v -0.000960 -0.024277 0.114627
v -0.000577 -0.012832 0.114627
v -0.000254 -0.001467 0.114627
v -0.000264 0.010050 0.114627
v -0.000534 0.021880 0.114627
v -0.000460 0.032837 0.114627
v -0.000284 -0.041463 0.121718
v 0.000084 0.038642 0.121718
v -0.000065 0.027256 0.121718
v -0.000194 0.015786 0.121718
v -0.000259 0.004308 0.121718
v -0.000969 -0.007218 0.121718
v -0.001145 -0.018198 0.121718
v -0.000637 -0.030064 0.121718
v -0.000881 -0.048171 0.002734
v -0.000816 -0.048161 0.121718
v -0.000856 -0.048167 0.107537
v -0.000835 -0.048164 0.114627
v -0.000340 0.044450 0.002734
v 0.000320 0.044551 0.121718
v -0.000312 0.044454 0.107537
v -0.000081 0.044489 0.114627
v -0.000898 -0.047316 0.004380
v -0.000324 0.043658 0.004380
v -0.001203 -0.035804 0.004380
v -0.001052 -0.024336 0.004380
v -0.000558 -0.012901 0.004380
v -0.000179 -0.001456 0.004380
v -0.000332 0.010042 0.004380
v -0.000550 0.021879 0.004380
v -0.000296 0.033004 0.004380
v -0.000881 -0.048171 0.004380
v -0.000340 0.044450 0.004380
v 0.000305 0.043755 0.122646
v -0.000797 -0.047301 0.122646
v -0.000036 0.033008 0.122646
v -0.000208 0.021930 0.122646
v -0.000372 0.010028 0.122646
v -0.000651 -0.001528 0.122646
v -0.000637 -0.012718 0.122646
v -0.000970 -0.024298 0.122646
v -0.001139 -0.035794 0.122646
v -0.000251 -0.041466 0.122646
v -0.000071 0.038540 0.122646
v -0.000094 0.027297 0.122646
v 0.000098 0.016012 0.122646
v -0.000483 0.004277 0.122646
v -0.000912 -0.007205 0.122646
v -0.000901 -0.018156 0.122646
v -0.000736 -0.030098 0.122646
v -0.000713 -0.048146 0.122646
v 0.000356 0.044556 0.122646
v -0.000672 -0.041828 0.114627
v -0.000655 -0.029463 0.114627
v -0.000608 -0.018481 0.114627
v -0.000667 -0.007938 0.114627
v -0.000270 0.005609 0.114627
v -0.000386 0.015629 0.114627
v -0.000123 0.026814 0.114627
v -0.000030 0.038296 0.114627
v -0.001193 -0.035802 0.038764
v -0.001182 -0.035801 0.073149
v -0.001030 -0.024333 0.038764
v -0.001009 -0.024329 0.073149
v -0.000558 -0.012901 0.038764
v -0.000558 -0.012901 0.073149
v -0.000189 -0.001457 0.038764
v -0.000199 -0.001458 0.073149
v -0.000331 0.010042 0.038764
v -0.000330 0.010043 0.073149
v -0.000539 0.021881 0.038764
v -0.000529 0.021882 0.073149
v -0.000282 0.033006 0.038764
v -0.000268 0.033008 0.073149
v -0.000891 -0.047316 0.038764
v -0.000884 -0.047314 0.073149
v -0.000297 0.043662 0.038764
v -0.000271 0.043666 0.073149
v -0.000873 -0.048170 0.038764
v -0.000864 -0.048168 0.073149
v -0.000330 0.044451 0.038764
v -0.000321 0.044452 0.073149
v 0.000687 -0.046828 0.002734
v 0.000553 0.044069 0.002734
v 0.000023 -0.046952 0.121718
v 0.000502 0.044060 0.121718
v 0.000531 0.044065 0.107537
v 0.000607 -0.046843 0.107537
v 0.000575 -0.036187 0.002734
v 0.000743 -0.025065 0.002734
v 0.000433 -0.013248 0.002734
v 0.000190 -0.001768 0.002734
v 0.000481 0.009679 0.002734
v 0.000886 0.021118 0.002734
v 0.000948 0.032579 0.002734
v 0.000354 -0.036194 0.121718
v 0.000622 -0.025083 0.121718
v 0.000534 -0.013219 0.121718
v 0.000606 -0.001690 0.121718
v 0.000459 0.009562 0.121718
v 0.000416 0.020904 0.121718
v 0.000546 0.032515 0.121718
v 0.000677 -0.036120 0.107537
v 0.000712 -0.025071 0.107537
v 0.000430 -0.013248 0.107537
v 0.000220 -0.001762 0.107537
v 0.000480 0.009679 0.107537
v 0.000822 0.021106 0.107537
v 0.000917 0.032573 0.107537
v 0.000562 -0.046852 0.114627
v 0.000520 0.044063 0.114627
v 0.000278 0.032556 0.114627
v 0.000794 0.021056 0.114627
v 0.000500 0.009610 0.114627
v 0.000266 -0.001753 0.114627
v 0.000365 -0.013258 0.114627
v 0.000728 -0.025066 0.114627
v 0.000739 -0.036014 0.114627
v -0.000016 0.038201 0.121718
v 0.000239 -0.041830 0.121718
v 0.000300 -0.030452 0.121718
v 0.000339 -0.018990 0.121718
v 0.000315 -0.007522 0.121718
v 0.000936 0.004015 0.121718
v 0.001027 0.014990 0.121718
v 0.000426 0.026826 0.121718
v 0.000530 0.044922 0.002734
v 0.000464 0.044910 0.121718
v 0.000504 0.044917 0.107537
v 0.000484 0.044914 0.114627
v 0.000708 -0.047618 0.002734
v 0.000049 -0.047742 0.121718
v 0.000681 -0.047624 0.107537
v 0.000450 -0.047667 0.114627
v 0.000553 0.044069 0.004380
v 0.000686 -0.046828 0.004380
v 0.000948 0.032579 0.004380
v 0.000886 0.021118 0.004380
v 0.000481 0.009679 0.004380
v 0.000190 -0.001768 0.004380
v 0.000433 -0.013248 0.004380
v 0.000743 -0.025065 0.004380
v 0.000575 -0.036187 0.004380
v 0.000530 0.044922 0.004380
v 0.000708 -0.047618 0.004380
v 0.000058 -0.046946 0.122646
v 0.000452 0.044050 0.122646
v 0.000316 -0.036200 0.122646
v 0.000402 -0.025128 0.122646
v 0.000474 -0.013232 0.122646
v 0.000662 -0.001679 0.122646
v 0.000561 0.009499 0.122646
v 0.000804 0.021078 0.122646
v 0.000884 0.032567 0.122646
v -0.000049 0.038203 0.122646
v 0.000394 -0.041724 0.122646
v 0.000330 -0.030492 0.122646
v 0.000049 -0.019226 0.122646
v 0.000539 -0.007484 0.122646
v 0.000879 0.004001 0.122646
v 0.000783 0.014939 0.122646
v 0.000524 0.026864 0.122646
v 0.000362 0.044891 0.122646
v 0.000014 -0.047748 0.122646
v 0.000370 0.038578 0.114627
v 0.000449 0.026226 0.114627
v 0.000487 0.015254 0.114627
v 0.000628 0.004724 0.114627
v 0.000336 -0.008822 0.114627
v 0.000531 -0.018826 0.114627
v 0.000355 -0.030008 0.114627
v 0.000351 -0.041481 0.114627
v 0.000938 0.032577 0.038764
v 0.000927 0.032575 0.073149
v 0.000864 0.021114 0.038764
v 0.000843 0.021110 0.073149
v 0.000481 0.009679 0.038764
v 0.000481 0.009679 0.073149
v 0.000200 -0.001766 0.038764
v 0.000210 -0.001764 0.073149
v 0.000432 -0.013248 0.038764
v 0.000431 -0.013248 0.073149
v 0.000733 -0.025067 0.038764
v 0.000722 -0.025069 0.073149
v 0.000562 -0.036189 0.038764
v 0.000548 -0.036192 0.073149
v 0.000546 0.044068 0.038764
v 0.000538 0.044066 0.073149
v 0.000660 -0.046833 0.038764
v 0.000634 -0.046838 0.073149
v 0.000521 0.044920 0.038764
v 0.000512 0.044919 0.073149
v 0.000699 -0.047620 0.038764
v 0.000690 -0.047622 0.073149
v 0.000930 -0.047671 0.001816
v 0.001122 0.044036 0.002219
v 0.000699 -0.047816 0.120910
v 0.001261 0.044806 0.120477
v 0.001100 0.044038 0.106951
v 0.000818 -0.047607 0.106507
v 0.000954 -0.036208 0.000602
v 0.000978 -0.024744 0.002214
v 0.001002 -0.013281 0.002219
v 0.001026 -0.001818 0.002219
v 0.001050 0.009646 0.002219
v 0.001074 0.021109 0.002219
v 0.001098 0.032572 0.002219
v 0.000680 -0.036106 0.119230
v 0.001308 -0.024724 0.120123
v 0.001018 -0.013026 0.121146
v 0.001066 -0.001790 0.121016
v 0.001346 0.009524 0.120894
v 0.001031 0.021402 0.120583
v 0.000965 0.032532 0.119644
v 0.000912 -0.036210 0.105086
v 0.000952 -0.024759 0.106798
v 0.001011 -0.013118 0.106931
v 0.001210 -0.001883 0.106898
v 0.001043 0.010074 0.106966
v 0.001084 0.021031 0.106983
v 0.001067 0.032566 0.107001
v 0.001055 -0.047762 0.113814
v 0.001091 0.044474 0.114059
v 0.000852 0.032497 0.114016
v 0.001379 0.021036 0.113821
v 0.001242 0.010218 0.113840
v 0.000892 -0.001702 0.113993
v 0.001015 -0.013178 0.113842
v 0.000935 -0.024713 0.113580
v 0.000811 -0.036302 0.112122
v 0.000849 0.038385 0.120058
v 0.001004 -0.042048 0.120139
v 0.000955 -0.030384 0.120756
v 0.000744 -0.018905 0.120622
v 0.000624 -0.007342 0.121038
v 0.000708 0.004049 0.121088
v 0.001243 0.017054 0.121013
v 0.001191 0.026692 0.121001
v 0.001099 0.044889 0.002219
v 0.001152 0.045646 0.121071
v 0.001067 0.044950 0.107016
v 0.001059 0.045154 0.113617
v 0.000952 -0.048461 0.001763
v 0.000515 -0.048405 0.120620
v 0.001024 -0.048505 0.106924
v 0.000779 -0.048290 0.113594
v 0.001122 0.044036 0.003865
v 0.000930 -0.047671 0.003316
v 0.001098 0.032572 0.003865
v 0.001074 0.021109 0.003865
v 0.001050 0.009646 0.003865
v 0.001026 -0.001818 0.003865
v 0.001002 -0.013281 0.003865
v 0.000978 -0.024744 0.003806
v 0.000954 -0.036208 0.001928
v 0.001099 0.044889 0.003865
v 0.000952 -0.048461 0.003315
v 0.000413 -0.047626 0.121706
v 0.001164 0.044790 0.121518
v 0.000656 -0.036249 0.120160
v 0.000780 -0.024682 0.121780
v 0.000845 -0.012573 0.121396
v 0.000828 -0.001712 0.121952
v 0.001236 0.009923 0.121831
v 0.000854 0.020950 0.121475
v 0.001120 0.032675 0.120664
v 0.000859 0.038245 0.120766
v 0.001110 -0.041483 0.120926
v 0.000720 -0.030505 0.120936
v 0.000776 -0.019189 0.121512
v 0.000809 -0.007302 0.122026
v 0.000985 0.004084 0.121928
v 0.001227 0.016770 0.121811
v 0.001133 0.026927 0.121938
v 0.001028 0.045624 0.121943
v 0.000327 -0.048019 0.121831
v 0.000928 0.038908 0.113596
v 0.001131 0.026273 0.113496
v 0.000996 0.016899 0.113900
v 0.001389 0.004997 0.113748
v 0.000855 -0.008339 0.113888
v 0.001304 -0.018643 0.113791
v 0.000659 -0.030006 0.112946
v 0.000392 -0.041324 0.113807
v 0.001088 0.032570 0.038249
v 0.001078 0.032568 0.072634
v 0.001053 0.021105 0.038249
v 0.001031 0.021101 0.072634
v 0.001050 0.009646 0.038249
v 0.001050 0.009646 0.072634
v 0.001036 -0.001816 0.038249
v 0.001046 -0.001814 0.072634
v 0.001001 -0.013281 0.038249
v 0.001000 -0.013282 0.072634
v 0.000968 -0.024746 0.038249
v 0.000957 -0.024748 0.072634
v 0.000940 -0.036210 0.038249
v 0.000927 -0.036213 0.072634
v 0.001115 0.044034 0.038249
v 0.001108 0.044033 0.072634
v 0.000903 -0.047676 0.038249
v 0.000877 -0.047681 0.072634
v 0.001090 0.044887 0.038249
v 0.001082 0.044886 0.072634
v 0.000943 -0.048463 0.038249
v 0.000934 -0.048464 0.072634
v 0.001391 -0.047177 0.001236
v 0.001243 0.044718 0.001236
v 0.001541 -0.047387 0.119986
v 0.001358 0.045456 0.119448
v 0.001266 0.044724 0.105968
v 0.001392 -0.047230 0.106004
v 0.001372 -0.035690 0.001236
v 0.001354 -0.024203 0.001236
v 0.001336 -0.012716 0.001236
v 0.001317 -0.001230 0.001236
v 0.001298 0.010258 0.001236
v 0.001280 0.021744 0.001236
v 0.001262 0.033231 0.001236
v 0.001610 -0.035580 0.120173
v 0.001158 -0.024314 0.120036
v 0.001101 -0.012637 0.120070
v 0.001342 -0.001206 0.120124
v 0.001218 0.010472 0.120096
v 0.001803 0.022610 0.119853
v 0.001635 0.033430 0.118736
v 0.001414 -0.035687 0.106039
v 0.001350 -0.024214 0.106022
v 0.001304 -0.012606 0.106017
v 0.001134 -0.001320 0.105915
v 0.001330 0.010729 0.106004
v 0.001312 0.021758 0.106039
v 0.001293 0.033230 0.106018
v 0.001126 -0.047453 0.112958
v 0.001315 0.045158 0.113072
v 0.001528 0.033262 0.113062
v 0.001331 0.021786 0.112799
v 0.001219 0.011011 0.112958
v 0.001500 -0.001102 0.113087
v 0.001315 -0.012768 0.113046
v 0.001184 -0.024248 0.113033
v 0.001505 -0.035777 0.113072
v 0.001950 0.039090 0.118955
v 0.001207 -0.041687 0.120015
v 0.001298 -0.029852 0.120120
v 0.001633 -0.018502 0.120054
v 0.001563 -0.006927 0.120161
v 0.001683 0.004812 0.120165
v 0.001205 0.018020 0.120210
v 0.001408 0.027702 0.120194
v 0.001267 0.045576 0.001236
v 0.001397 0.046313 0.120064
v 0.001299 0.045642 0.106033
v 0.001337 0.045846 0.112626
v 0.001369 -0.047972 0.001236
v 0.001738 -0.047936 0.120080
v 0.001291 -0.048033 0.105992
v 0.001285 -0.048084 0.112972
v 0.001243 0.044718 0.002882
v 0.001391 -0.047177 0.002882
v 0.001262 0.033231 0.002882
v 0.001280 0.021744 0.002882
v 0.001298 0.010258 0.002882
v 0.001317 -0.001230 0.002882
v 0.001336 -0.012716 0.002882
v 0.001354 -0.024203 0.002882
v 0.001372 -0.035690 0.002882
v 0.001267 0.045576 0.002882
v 0.001369 -0.047972 0.002882
v 0.001394 -0.047676 0.120874
v 0.001409 0.045453 0.120504
v 0.001653 -0.035710 0.121107
v 0.001667 -0.024231 0.121127
v 0.001207 -0.012692 0.120966
v 0.001657 -0.001081 0.121159
v 0.001369 0.010984 0.121078
v 0.001820 0.022423 0.120872
v 0.001337 0.033362 0.119664
v 0.001938 0.038952 0.119664
v 0.001056 -0.041190 0.120946
v 0.001368 -0.029940 0.121066
v 0.001236 -0.018629 0.120800
v 0.001211 -0.006868 0.121052
v 0.001483 0.004891 0.121043
v 0.001422 0.017985 0.121117
v 0.001460 0.027888 0.121102
v 0.001499 0.046308 0.120943
v 0.001117 -0.048494 0.120723
v 0.001470 0.039604 0.112602
v 0.001488 0.027108 0.112560
v 0.001630 0.017931 0.113072
v 0.001102 0.005726 0.112847
v 0.001435 -0.007925 0.113076
v 0.001081 -0.018246 0.112947
v 0.001506 -0.029432 0.113116
v 0.001671 -0.041053 0.113094
v 0.001272 0.033231 0.037266
v 0.001282 0.033230 0.071651
v 0.001302 0.021743 0.037266
v 0.001323 0.021742 0.071651
v 0.001299 0.010258 0.037266
v 0.001299 0.010258 0.071651
v 0.001307 -0.001229 0.037266
v 0.001297 -0.001228 0.071651
v 0.001337 -0.012716 0.037266
v 0.001338 -0.012716 0.071651
v 0.001364 -0.024204 0.037266
v 0.001375 -0.024204 0.071651
v 0.001386 -0.035691 0.037266
v 0.001399 -0.035692 0.071651
v 0.001250 0.044718 0.037266
v 0.001258 0.044718 0.071651
v 0.001418 -0.047178 0.037266
v 0.001444 -0.047180 0.071651
v 0.001276 0.045576 0.037266
v 0.001284 0.045576 0.071651
v 0.001378 -0.047972 0.037266
v 0.001387 -0.047973 0.071651
v 0.002064 -0.046929 0.002734
v 0.001916 0.044966 0.002734
v 0.002725 -0.046963 0.121718
v 0.001966 0.044964 0.121718
v 0.001938 0.044965 0.107537
v 0.002143 -0.046933 0.107537
v 0.002045 -0.035442 0.002734
v 0.002027 -0.023955 0.002734
v 0.002008 -0.012468 0.002734
v 0.001990 -0.000981 0.002734
v 0.001971 0.010506 0.002734
v 0.001953 0.021992 0.002734
v 0.001934 0.033479 0.002734
v 0.002370 -0.035459 0.121718
v 0.002228 -0.023966 0.121718
v 0.002072 -0.012472 0.121718
v 0.001575 -0.000960 0.121718
v 0.002358 0.010486 0.121718
v 0.002618 0.021958 0.121718
v 0.002289 0.033461 0.121718
v 0.002086 -0.035444 0.107537
v 0.002058 -0.023957 0.107537
v 0.002012 -0.012468 0.107537
v 0.001960 -0.000980 0.107537
v 0.001972 0.010506 0.107537
v 0.002017 0.021989 0.107537
v 0.001966 0.033478 0.107537
v 0.002188 -0.046935 0.114627
v 0.001949 0.044964 0.114627
v 0.002198 0.033466 0.114627
v 0.002185 0.021980 0.114627
v 0.002055 0.010501 0.114627
v 0.001915 -0.000978 0.114627
v 0.002122 -0.012474 0.114627
v 0.002065 -0.023957 0.114627
v 0.002306 -0.035456 0.114627
v 0.002609 0.039188 0.121718
v 0.002335 -0.041200 0.121718
v 0.002170 -0.029706 0.121718
v 0.002656 -0.018245 0.121718
v 0.002055 -0.006728 0.121718
v 0.001593 0.004782 0.121718
v 0.001937 0.016250 0.121718
v 0.002215 0.027722 0.121718
v 0.001940 0.045825 0.002734
v 0.002005 0.045821 0.121718
v 0.001966 0.045823 0.107537
v 0.001986 0.045822 0.114627
v 0.002042 -0.047724 0.002734
v 0.002699 -0.047758 0.121718
v 0.002069 -0.047725 0.107537
v 0.002299 -0.047737 0.114627
v 0.001916 0.044966 0.004380
v 0.002064 -0.046929 0.004380
v 0.001934 0.033479 0.004380
v 0.001953 0.021992 0.004380
v 0.001971 0.010506 0.004380
v 0.001990 -0.000981 0.004380
v 0.002008 -0.012468 0.004380
v 0.002027 -0.023955 0.004380
v 0.002045 -0.035442 0.004380
v 0.001940 0.045825 0.004380
v 0.002042 -0.047724 0.004380
v 0.002691 -0.046961 0.122646
v 0.002017 0.044961 0.122646
v 0.002411 -0.035461 0.122646
v 0.002384 -0.023974 0.122646
v 0.002101 -0.012473 0.122646
v 0.001519 -0.000957 0.122646
v 0.002401 0.010483 0.122646
v 0.002639 0.021957 0.122646
v 0.001998 0.033476 0.122646
v 0.002610 0.039188 0.122646
v 0.002127 -0.041189 0.122646
v 0.002211 -0.029708 0.122646
v 0.002656 -0.018245 0.122646
v 0.001847 -0.006717 0.122646
v 0.001663 0.004778 0.122646
v 0.002297 0.016232 0.122646
v 0.002176 0.027724 0.122646
v 0.002107 0.045816 0.122646
v 0.002734 -0.047760 0.122646
v 0.002112 0.039490 0.114627
v 0.002164 0.027125 0.114627
v 0.002180 0.016227 0.114627
v 0.001836 0.005522 0.114627
v 0.002079 -0.008024 0.114627
v 0.002144 -0.017929 0.114627
v 0.002207 -0.029182 0.114627
v 0.002402 -0.040968 0.114627
v 0.001945 0.033479 0.038764
v 0.001955 0.033478 0.073149
v 0.001974 0.021991 0.038764
v 0.001996 0.021990 0.073149
v 0.001972 0.010506 0.038764
v 0.001972 0.010506 0.073149
v 0.001980 -0.000981 0.038764
v 0.001970 -0.000980 0.073149
v 0.002010 -0.012468 0.038764
v 0.002011 -0.012468 0.073149
v 0.002037 -0.023956 0.038764
v 0.002048 -0.023956 0.073149
v 0.002059 -0.035443 0.038764
v 0.002072 -0.035444 0.073149
v 0.001923 0.044966 0.038764
v 0.001930 0.044966 0.073149
v 0.002090 -0.046930 0.038764
v 0.002117 -0.046932 0.073149
v 0.001948 0.045824 0.038764
v 0.001957 0.045824 0.073149
v 0.002050 -0.047724 0.038764
v 0.002060 -0.047725 0.073149
v 0.007769 0.049574 0.089483
v 0.007769 0.049574 0.089483
v 0.008599 0.049574 0.089261
v 0.008599 0.049574 0.089261
v 0.008599 0.049574 0.089261
v 0.009207 0.049574 0.088653
v 0.009207 0.049574 0.088653
v 0.009430 0.049574 0.087823
v 0.009430 0.049574 0.087823
v 0.009207 0.049574 0.086993
v 0.009207 0.049574 0.086993
v 0.009207 0.049574 0.086993
v 0.008599 0.049574 0.086385
v 0.008599 0.049574 0.086385
v 0.007769 0.049574 0.086162
v 0.007769 0.049574 0.086162
v 0.006939 0.049574 0.086385
v 0.006939 0.049574 0.086385
v 0.006331 0.049574 0.086993
v 0.006331 0.049574 0.086993
v 0.006331 0.049574 0.086993
v 0.006109 0.049574 0.087823
v 0.006109 0.049574 0.087823
v 0.006331 0.049574 0.088653
v 0.006331 0.049574 0.088653
v 0.006939 0.049574 0.089261
v 0.006939 0.049574 0.089261
v 0.006939 0.049574 0.089261
v 0.007769 0.049724 0.089188
v 0.008452 0.049724 0.089006
v 0.008952 0.049724 0.088506
v 0.009135 0.049724 0.087823
v 0.008952 0.049724 0.087140
v 0.008452 0.049724 0.086640
v 0.007769 0.049724 0.086458
v 0.007086 0.049724 0.086640
v 0.006587 0.049724 0.087140
v 0.006404 0.049724 0.087823
v 0.006587 0.049724 0.088506
v 0.007086 0.049724 0.089006
v 0.007769 0.049840 0.088622
v 0.008168 0.049840 0.088514
v 0.008461 0.049840 0.088222
v 0.008568 0.049840 0.087823
v 0.008461 0.049840 0.087424
v 0.008168 0.049840 0.087131
v 0.007769 0.049840 0.087024
v 0.007370 0.049840 0.087131
v 0.007078 0.049840 0.087424
v 0.006971 0.049840 0.087823
v 0.007078 0.049840 0.088222
v 0.007370 0.049840 0.088514
v 0.007769 0.049882 0.088041
v 0.007878 0.049882 0.088012
v 0.007958 0.049882 0.087932
v 0.007988 0.049882 0.087823
v 0.007958 0.049882 0.087714
v 0.007878 0.049882 0.087634
v 0.007769 0.049882 0.087605
v 0.007660 0.049882 0.087634
v 0.007580 0.049882 0.087714
v 0.007551 0.049882 0.087823
v 0.007580 0.049882 0.087932
v 0.007660 0.049882 0.088012
v 0.007769 0.049882 0.087823
v 0.006331 0.049516 0.088653
v 0.006331 0.049516 0.088653
v 0.006109 0.049516 0.087823
v 0.006109 0.049516 0.087823
v 0.006331 0.049516 0.086993
v 0.006331 0.049516 0.086993
v 0.006331 0.049516 0.086993
v 0.006939 0.049516 0.086385
v 0.006939 0.049516 0.086385
v 0.007769 0.049516 0.086162
v 0.007769 0.049516 0.086162
v 0.008599 0.049516 0.086385
v 0.008599 0.049516 0.086385
v 0.009207 0.049516 0.086993
v 0.009207 0.049516 0.086993
v 0.009207 0.049516 0.086993
v 0.009430 0.049516 0.087823
v 0.009430 0.049516 0.087823
v 0.009207 0.049516 0.088653
v 0.009207 0.049516 0.088653
v 0.008599 0.049516 0.089261
v 0.008599 0.049516 0.089261
v 0.008599 0.049516 0.089261
v 0.007769 0.049516 0.089483
v 0.007769 0.049516 0.089483
v 0.006939 0.049516 0.089261
v 0.006939 0.049516 0.089261
v 0.006939 0.049516 0.089261
v 0.006396 0.049516 0.088616
v 0.006184 0.049516 0.087823
v 0.006396 0.049516 0.087030
v 0.006976 0.049516 0.086450
v 0.007769 0.049516 0.086238
v 0.008562 0.049516 0.086450
v 0.009142 0.049516 0.087030
v 0.009355 0.049516 0.087823
v 0.009142 0.049516 0.088616
v 0.008562 0.049516 0.089196
v 0.007769 0.049516 0.089408
v 0.006976 0.049516 0.089196
v 0.007769 0.049516 0.087823
v -0.001602 0.049574 0.089483
v -0.001602 0.049574 0.089483
v -0.000772 0.049574 0.089261
v -0.000772 0.049574 0.089261
v -0.000772 0.049574 0.089261
v -0.000165 0.049574 0.088653
v -0.000165 0.049574 0.088653
v 0.000058 0.049574 0.087823
v 0.000058 0.049574 0.087823
v -0.000165 0.049574 0.086993
v -0.000165 0.049574 0.086993
v -0.000165 0.049574 0.086993
v -0.000772 0.049574 0.086385
v -0.000772 0.049574 0.086385
v -0.001602 0.049574 0.086162
v -0.001602 0.049574 0.086162
v -0.002433 0.049574 0.086385
v -0.002433 0.049574 0.086385
v -0.003040 0.049574 0.086993
v -0.003040 0.049574 0.086993
v -0.003040 0.049574 0.086993
v -0.003263 0.049574 0.087823
v -0.003263 0.049574 0.087823
v -0.003040 0.049574 0.088653
v -0.003040 0.049574 0.088653
v -0.002433 0.049574 0.089261
v -0.002433 0.049574 0.089261
v -0.002433 0.049574 0.089261
v -0.001602 0.049724 0.089188
v -0.000920 0.049724 0.089006
v -0.000420 0.049724 0.088506
v -0.000237 0.049724 0.087823
v -0.000420 0.049724 0.087140
v -0.000920 0.049724 0.086640
v -0.001602 0.049724 0.086458
v -0.002285 0.049724 0.086640
v -0.002785 0.049724 0.087140
v -0.002968 0.049724 0.087823
v -0.002785 0.049724 0.088506
v -0.002285 0.049724 0.089006
v -0.001602 0.049840 0.088622
v -0.001203 0.049840 0.088514
v -0.000911 0.049840 0.088222
v -0.000804 0.049840 0.087823
v -0.000911 0.049840 0.087424
v -0.001203 0.049840 0.087131
v -0.001602 0.049840 0.087024
v -0.002002 0.049840 0.087131
v -0.002294 0.049840 0.087424
v -0.002401 0.049840 0.087823
v -0.002294 0.049840 0.088222
v -0.002002 0.049840 0.088514
v -0.001602 0.049882 0.088041
v -0.001494 0.049882 0.088012
v -0.001414 0.049882 0.087932
v -0.001384 0.049882 0.087823
v -0.001414 0.049882 0.087714
v -0.001494 0.049882 0.087634
v -0.001602 0.049882 0.087605
v -0.001712 0.049882 0.087634
v -0.001792 0.049882 0.087714
v -0.001821 0.049882 0.087823
v -0.001792 0.049882 0.087932
v -0.001712 0.049882 0.088012
v -0.001602 0.049882 0.087823
v -0.003040 0.049516 0.088653
v -0.003040 0.049516 0.088653
v -0.003263 0.049516 0.087823
v -0.003263 0.049516 0.087823
v -0.003040 0.049516 0.086993
v -0.003040 0.049516 0.086993
v -0.003040 0.049516 0.086993
v -0.002433 0.049516 0.086385
v -0.002433 0.049516 0.086385
v -0.001602 0.049516 0.086162
v -0.001602 0.049516 0.086162
v -0.000772 0.049516 0.086385
v -0.000772 0.049516 0.086385
v -0.000165 0.049516 0.086993
v -0.000165 0.049516 0.086993
v -0.000165 0.049516 0.086993
v 0.000058 0.049516 0.087823
v 0.000058 0.049516 0.087823
v -0.000165 0.049516 0.088653
v -0.000165 0.049516 0.088653
v -0.000772 0.049516 0.089261
v -0.000772 0.049516 0.089261
v -0.000772 0.049516 0.089261
v -0.001602 0.049516 0.089483
v -0.001602 0.049516 0.089483
v -0.002433 0.049516 0.089261
v -0.002433 0.049516 0.089261
v -0.002433 0.049516 0.089261
v -0.002976 0.049516 0.088616
v -0.003188 0.049516 0.087823
v -0.002976 0.049516 0.087030
v -0.002395 0.049516 0.086450
v -0.001602 0.049516 0.086238
v -0.000810 0.049516 0.086450
v -0.000230 0.049516 0.087030
v -0.000017 0.049516 0.087823
v -0.000230 0.049516 0.088616
v -0.000810 0.049516 0.089196
v -0.001602 0.049516 0.089408
v -0.002395 0.049516 0.089196
v -0.001602 0.049516 0.087823
v 0.007769 0.049574 0.036904
v 0.007769 0.049574 0.036904
v 0.008599 0.049574 0.036682
v 0.008599 0.049574 0.036682
v 0.008599 0.049574 0.036682
v 0.009207 0.049574 0.036074
v 0.009207 0.049574 0.036074
v 0.009430 0.049574 0.035244
v 0.009430 0.049574 0.035244
v 0.009207 0.049574 0.034414
v 0.009207 0.049574 0.034414
v 0.009207 0.049574 0.034414
v 0.008599 0.049574 0.033806
v 0.008599 0.049574 0.033806
v 0.007769 0.049574 0.033584
v 0.007769 0.049574 0.033584
v 0.006939 0.049574 0.033806
v 0.006939 0.049574 0.033806
v 0.006331 0.049574 0.034414
v 0.006331 0.049574 0.034414
v 0.006331 0.049574 0.034414
v 0.006109 0.049574 0.035244
v 0.006109 0.049574 0.035244
v 0.006331 0.049574 0.036074
v 0.006331 0.049574 0.036074
v 0.006939 0.049574 0.036682
v 0.006939 0.049574 0.036682
v 0.006939 0.049574 0.036682
v 0.007769 0.049724 0.036610
v 0.008452 0.049724 0.036426
v 0.008952 0.049724 0.035927
v 0.009135 0.049724 0.035244
v 0.008952 0.049724 0.034561
v 0.008452 0.049724 0.034062
v 0.007769 0.049724 0.033878
v 0.007086 0.049724 0.034062
v 0.006587 0.049724 0.034561
v 0.006404 0.049724 0.035244
v 0.006587 0.049724 0.035927
v 0.007086 0.049724 0.036426
v 0.007769 0.049840 0.036042
v 0.008168 0.049840 0.035936
v 0.008461 0.049840 0.035643
v 0.008568 0.049840 0.035244
v 0.008461 0.049840 0.034845
v 0.008168 0.049840 0.034552
v 0.007769 0.049840 0.034445
v 0.007370 0.049840 0.034552
v 0.007078 0.049840 0.034845
v 0.006971 0.049840 0.035244
v 0.007078 0.049840 0.035643
v 0.007370 0.049840 0.035936
v 0.007769 0.049882 0.035462
v 0.007878 0.049882 0.035433
v 0.007958 0.049882 0.035353
v 0.007988 0.049882 0.035244
v 0.007958 0.049882 0.035135
v 0.007878 0.049882 0.035055
v 0.007769 0.049882 0.035026
v 0.007660 0.049882 0.035055
v 0.007580 0.049882 0.035135
v 0.007551 0.049882 0.035244
v 0.007580 0.049882 0.035353
v 0.007660 0.049882 0.035433
v 0.007769 0.049882 0.035244
v 0.006331 0.049516 0.036074
v 0.006331 0.049516 0.036074
v 0.006109 0.049516 0.035244
v 0.006109 0.049516 0.035244
v 0.006331 0.049516 0.034414
v 0.006331 0.049516 0.034414
v 0.006331 0.049516 0.034414
v 0.006939 0.049516 0.033806
v 0.006939 0.049516 0.033806
v 0.007769 0.049516 0.033584
v 0.007769 0.049516 0.033584
v 0.008599 0.049516 0.033806
v 0.008599 0.049516 0.033806
v 0.009207 0.049516 0.034414
v 0.009207 0.049516 0.034414
v 0.009207 0.049516 0.034414
v 0.009430 0.049516 0.035244
v 0.009430 0.049516 0.035244
v 0.009207 0.049516 0.036074
v 0.009207 0.049516 0.036074
v 0.008599 0.049516 0.036682
v 0.008599 0.049516 0.036682
v 0.008599 0.049516 0.036682
v 0.007769 0.049516 0.036904
v 0.007769 0.049516 0.036904
v 0.006939 0.049516 0.036682
v 0.006939 0.049516 0.036682
v 0.006939 0.049516 0.036682
v 0.006396 0.049516 0.036037
v 0.006184 0.049516 0.035244
v 0.006396 0.049516 0.034451
v 0.006976 0.049516 0.033871
v 0.007769 0.049516 0.033658
v 0.008562 0.049516 0.033871
v 0.009142 0.049516 0.034451
v 0.009355 0.049516 0.035244
v 0.009142 0.049516 0.036037
v 0.008562 0.049516 0.036617
v 0.007769 0.049516 0.036829
v 0.006976 0.049516 0.036617
v 0.007769 0.049516 0.035244
v -0.001602 0.049574 0.036904
v -0.001602 0.049574 0.036904
v -0.000772 0.049574 0.036682
v -0.000772 0.049574 0.036682
v -0.000772 0.049574 0.036682
v -0.000165 0.049574 0.036074
v -0.000165 0.049574 0.036074
v 0.000058 0.049574 0.035244
v 0.000058 0.049574 0.035244
v -0.000165 0.049574 0.034414
v -0.000165 0.049574 0.034414
v -0.000165 0.049574 0.034414
v -0.000772 0.049574 0.033806
v -0.000772 0.049574 0.033806
v -0.001602 0.049574 0.033584
v -0.001602 0.049574 0.033584
v -0.002433 0.049574 0.033806
v -0.002433 0.049574 0.033806
v -0.003040 0.049574 0.034414
v -0.003040 0.049574 0.034414
v -0.003263 0.049574 0.035244
v -0.003263 0.049574 0.035244
v -0.003040 0.049574 0.036074
v -0.003040 0.049574 0.036074
v -0.002433 0.049574 0.036682
v -0.002433 0.049574 0.036682
v -0.002433 0.049574 0.036682
v -0.001602 0.049724 0.036610
v -0.000920 0.049724 0.036426
v -0.000420 0.049724 0.035927
v -0.000237 0.049724 0.035244
v -0.000420 0.049724 0.034561
v -0.000920 0.049724 0.034062
v -0.001602 0.049724 0.033878
v -0.002285 0.049724 0.034062
v -0.002785 0.049724 0.034561
v -0.002968 0.049724 0.035244
v -0.002785 0.049724 0.035927
v -0.002285 0.049724 0.036426
v -0.001602 0.049840 0.036042
v -0.001203 0.049840 0.035936
v -0.000911 0.049840 0.035643
v -0.000804 0.049840 0.035244
v -0.000911 0.049840 0.034845
v -0.001203 0.049840 0.034552
v -0.001602 0.049840 0.034445
v -0.002002 0.049840 0.034552
v -0.002294 0.049840 0.034845
v -0.002401 0.049840 0.035244
v -0.002294 0.049840 0.035643
v -0.002002 0.049840 0.035936
v -0.001602 0.049882 0.035462
v -0.001494 0.049882 0.035433
v -0.001414 0.049882 0.035353
v -0.001384 0.049882 0.035244
v -0.001414 0.049882 0.035135
v -0.001494 0.049882 0.035055
v -0.001602 0.049882 0.035026
v -0.001712 0.049882 0.035055
v -0.001792 0.049882 0.035135
v -0.001821 0.049882 0.035244
v -0.001792 0.049882 0.035353
v -0.001712 0.049882 0.035433
v -0.001602 0.049882 0.035244
v -0.003040 0.049516 0.036074
v -0.003040 0.049516 0.036074
v -0.003263 0.049516 0.035244
v -0.003263 0.049516 0.035244
v -0.003040 0.049516 0.034414
v -0.003040 0.049516 0.034414
v -0.002433 0.049516 0.033806
v -0.002433 0.049516 0.033806
v -0.001602 0.049516 0.033584
v -0.001602 0.049516 0.033584
v -0.000772 0.049516 0.033806
v -0.000772 0.049516 0.033806
v -0.000165 0.049516 0.034414
v -0.000165 0.049516 0.034414
v -0.000165 0.049516 0.034414
v 0.000058 0.049516 0.035244
v 0.000058 0.049516 0.035244
v -0.000165 0.049516 0.036074
v -0.000165 0.049516 0.036074
v -0.000772 0.049516 0.036682
v -0.000772 0.049516 0.036682
v -0.000772 0.049516 0.036682
v -0.001602 0.049516 0.036904
v -0.001602 0.049516 0.036904
v -0.002433 0.049516 0.036682
v -0.002433 0.049516 0.036682
v -0.002433 0.049516 0.036682
v -0.002976 0.049516 0.036037
v -0.003188 0.049516 0.035244
v -0.002976 0.049516 0.034451
v -0.002395 0.049516 0.033871
v -0.001602 0.049516 0.033658
v -0.000810 0.049516 0.033871
v -0.000230 0.049516 0.034451
v -0.000017 0.049516 0.035244
v -0.000230 0.049516 0.036037
v -0.000810 0.049516 0.036617
v -0.001602 0.049516 0.036829
v -0.002395 0.049516 0.036617
v -0.001602 0.049516 0.035244
v 0.007769 0.048632 0.036042
v 0.008168 0.048632 0.035936
v 0.008168 0.048632 0.035936
v 0.008461 0.048632 0.035643
v 0.008568 0.048632 0.035244
v 0.008461 0.048632 0.034845
v 0.008461 0.048632 0.034845
v 0.008168 0.048632 0.034552
v 0.007769 0.048632 0.034445
v 0.007370 0.048632 0.034552
v 0.007078 0.048632 0.034845
v 0.007078 0.048632 0.034845
v 0.006971 0.048632 0.035244
v 0.007078 0.048632 0.035643
v 0.007370 0.048632 0.035936
v 0.007370 0.048632 0.035936
v 0.007769 0.043165 0.036042
v 0.008168 0.043165 0.035936
v 0.008168 0.043165 0.035936
v 0.008461 0.043165 0.035643
v 0.008568 0.043165 0.035244
v 0.008461 0.043165 0.034845
v 0.008461 0.043165 0.034845
v 0.008168 0.043165 0.034552
v 0.007769 0.043165 0.034445
v 0.007370 0.043165 0.034552
v 0.007370 0.043165 0.034552
v 0.007078 0.043165 0.034845
v 0.007078 0.043165 0.034845
v 0.006971 0.043165 0.035244
v 0.007078 0.043165 0.035643
v 0.007078 0.043165 0.035643
v 0.007370 0.043165 0.035936
v 0.007370 0.043165 0.035936
v 0.007465 0.041446 0.036042
v 0.007840 0.041310 0.035936
v 0.007840 0.041310 0.035936
v 0.008114 0.041210 0.035643
v 0.008114 0.041210 0.035643
v 0.008215 0.041173 0.035244
v 0.008114 0.041210 0.034845
v 0.008114 0.041210 0.034845
v 0.007840 0.041310 0.034552
v 0.007465 0.041446 0.034446
v 0.007090 0.041583 0.034552
v 0.007090 0.041583 0.034552
v 0.006815 0.041683 0.034845
v 0.006815 0.041683 0.034845
v 0.006714 0.041720 0.035244
v 0.006815 0.041683 0.035643
v 0.006815 0.041683 0.035643
v 0.007090 0.041583 0.035936
v 0.006590 0.039936 0.036042
v 0.006896 0.039679 0.035936
v 0.007120 0.039491 0.035643
v 0.007120 0.039491 0.035643
v 0.007120 0.039491 0.035643
v 0.007202 0.039422 0.035244
v 0.007202 0.039422 0.035244
v 0.007120 0.039491 0.034845
v 0.007120 0.039491 0.034845
v 0.007120 0.039491 0.034845
v 0.006896 0.039679 0.034552
v 0.006590 0.039936 0.034446
v 0.006285 0.040192 0.034552
v 0.006061 0.040380 0.034845
v 0.006061 0.040380 0.034845
v 0.006061 0.040380 0.034845
v 0.005979 0.040449 0.035244
v 0.005979 0.040449 0.035244
v 0.006061 0.040380 0.035643
v 0.006061 0.040380 0.035643
v 0.006061 0.040380 0.035643
v 0.006285 0.040192 0.035936
v 0.005252 0.038815 0.036042
v 0.005452 0.038469 0.035936
v 0.005598 0.038216 0.035643
v 0.005598 0.038216 0.035643
v 0.005652 0.038123 0.035244
v 0.005598 0.038216 0.034845
v 0.005598 0.038216 0.034845
v 0.005452 0.038469 0.034552
v 0.005252 0.038815 0.034446
v 0.005053 0.039161 0.034552
v 0.004907 0.039414 0.034845
v 0.004907 0.039414 0.034845
v 0.004853 0.039506 0.035244
v 0.004907 0.039414 0.035643
v 0.004907 0.039414 0.035643
v 0.005053 0.039161 0.035936
v 0.003912 0.038220 0.036042
v 0.004022 0.037826 0.035936
v 0.004022 0.037826 0.035936
v 0.004102 0.037538 0.035643
v 0.004102 0.037538 0.035643
v 0.004131 0.037433 0.035244
v 0.004102 0.037538 0.034845
v 0.004102 0.037538 0.034845
v 0.004022 0.037826 0.034552
v 0.003912 0.038220 0.034446
v 0.003803 0.038613 0.034552
v 0.003803 0.038613 0.034552
v 0.003723 0.038900 0.034845
v 0.003723 0.038900 0.034845
v 0.003694 0.039006 0.035244
v 0.003723 0.038900 0.035643
v 0.003723 0.038900 0.035643
v 0.003803 0.038613 0.035936
v 0.002270 0.038221 0.036042
v 0.002161 0.037828 0.035936
v 0.002161 0.037828 0.035936
v 0.002081 0.037540 0.035643
v 0.002081 0.037540 0.035643
v 0.002051 0.037434 0.035244
v 0.002081 0.037540 0.034845
v 0.002081 0.037540 0.034845
v 0.002161 0.037828 0.034552
v 0.002270 0.038221 0.034446
v 0.002380 0.038614 0.034552
v 0.002380 0.038614 0.034552
v 0.002460 0.038902 0.034845
v 0.002460 0.038902 0.034845
v 0.002489 0.039008 0.035244
v 0.002460 0.038902 0.035643
v 0.002460 0.038902 0.035643
v 0.002380 0.038614 0.035936
v 0.000931 0.038819 0.036042
v 0.000732 0.038474 0.035936
v 0.000585 0.038220 0.035643
v 0.000585 0.038220 0.035643
v 0.000532 0.038128 0.035244
v 0.000585 0.038220 0.034845
v 0.000585 0.038220 0.034845
v 0.000732 0.038474 0.034552
v 0.000931 0.038819 0.034446
v 0.001131 0.039165 0.034552
v 0.001277 0.039418 0.034845
v 0.001277 0.039418 0.034845
v 0.001330 0.039511 0.035244
v 0.001277 0.039418 0.035643
v 0.001277 0.039418 0.035643
v 0.001131 0.039165 0.035936
v -0.000405 0.039942 0.036042
v -0.000711 0.039686 0.035936
v -0.000935 0.039498 0.035643
v -0.000935 0.039498 0.035643
v -0.000935 0.039498 0.035643
v -0.001017 0.039429 0.035244
v -0.001017 0.039429 0.035244
v -0.000935 0.039498 0.034845
v -0.000935 0.039498 0.034845
v -0.000935 0.039498 0.034845
v -0.000711 0.039686 0.034552
v -0.000405 0.039942 0.034446
v -0.000099 0.040199 0.034552
v 0.000125 0.040387 0.034845
v 0.000125 0.040387 0.034845
v 0.000125 0.040387 0.034845
v 0.000207 0.040456 0.035244
v 0.000207 0.040456 0.035244
v 0.000125 0.040387 0.035643
v 0.000125 0.040387 0.035643
v 0.000125 0.040387 0.035643
v -0.000099 0.040199 0.035936
v -0.001276 0.041455 0.036042
v -0.001652 0.041318 0.035936
v -0.001652 0.041318 0.035936
v -0.001926 0.041218 0.035643
v -0.001926 0.041218 0.035643
v -0.002027 0.041182 0.035244
v -0.001926 0.041218 0.034845
v -0.001926 0.041218 0.034845
v -0.001652 0.041318 0.034552
v -0.001276 0.041455 0.034446
v -0.000901 0.041591 0.034552
v -0.000901 0.041591 0.034552
v -0.000626 0.041691 0.034845
v -0.000626 0.041691 0.034845
v -0.000526 0.041728 0.035244
v -0.000626 0.041691 0.035643
v -0.000626 0.041691 0.035643
v -0.000901 0.041591 0.035936
v -0.001578 0.043174 0.036042
v -0.001977 0.043174 0.035936
v -0.001977 0.043174 0.035936
v -0.002269 0.043174 0.035643
v -0.002376 0.043174 0.035244
v -0.002269 0.043174 0.034845
v -0.002269 0.043174 0.034845
v -0.001977 0.043174 0.034552
v -0.001578 0.043174 0.034446
v -0.001178 0.043174 0.034552
v -0.001178 0.043174 0.034552
v -0.000886 0.043174 0.034845
v -0.000886 0.043174 0.034845
v -0.000779 0.043174 0.035244
v -0.000886 0.043174 0.035643
v -0.000886 0.043174 0.035643
v -0.001178 0.043174 0.035936
v -0.001178 0.043174 0.035936
v -0.001578 0.048755 0.036042
v -0.001977 0.048755 0.035936
v -0.001977 0.048755 0.035936
v -0.002269 0.048755 0.035643
v -0.002376 0.048755 0.035244
v -0.002269 0.048755 0.034845
v -0.002269 0.048755 0.034845
v -0.001977 0.048755 0.034552
v -0.001578 0.048755 0.034446
v -0.001178 0.048755 0.034552
v -0.000886 0.048755 0.034845
v -0.000886 0.048755 0.034845
v -0.000779 0.048755 0.035244
v -0.000886 0.048755 0.035643
v -0.001178 0.048755 0.035936
v -0.001178 0.048755 0.035936
v -0.001178 0.044718 0.035936
v -0.001178 0.044718 0.035936
v -0.001578 0.044718 0.036042
v -0.000886 0.044718 0.035643
v -0.000779 0.044718 0.035244
v -0.000886 0.044718 0.034845
v -0.000886 0.044718 0.034845
v -0.001178 0.044718 0.034552
v -0.001578 0.044718 0.034446
v -0.001977 0.044718 0.034552
v -0.002269 0.044718 0.034845
v -0.002269 0.044718 0.034845
v -0.002376 0.044718 0.035244
v -0.002269 0.044718 0.035643
v -0.001977 0.044718 0.035936
v -0.001977 0.044718 0.035936
v 0.007370 0.044532 0.035936
v 0.007370 0.044532 0.035936
v 0.007769 0.044532 0.036042
v 0.007078 0.044532 0.035643
v 0.006971 0.044532 0.035244
v 0.007078 0.044532 0.034845
v 0.007078 0.044532 0.034845
v 0.007370 0.044532 0.034552
v 0.007769 0.044532 0.034445
v 0.008168 0.044532 0.034552
v 0.008461 0.044532 0.034845
v 0.008461 0.044532 0.034845
v 0.008568 0.044532 0.035244
v 0.008461 0.044532 0.035643
v 0.008168 0.044532 0.035936
v 0.008168 0.044532 0.035936
v 0.007769 0.048632 0.088584
v 0.008168 0.048632 0.088477
v 0.008168 0.048632 0.088477
v 0.008461 0.048632 0.088185
v 0.008568 0.048632 0.087786
v 0.008461 0.048632 0.087386
v 0.008461 0.048632 0.087386
v 0.008168 0.048632 0.087094
v 0.007769 0.048632 0.086987
v 0.007370 0.048632 0.087094
v 0.007078 0.048632 0.087386
v 0.007078 0.048632 0.087386
v 0.006971 0.048632 0.087786
v 0.007078 0.048632 0.088185
v 0.007370 0.048632 0.088477
v 0.007370 0.048632 0.088477
v 0.007769 0.043165 0.088584
v 0.008168 0.043165 0.088477
v 0.008168 0.043165 0.088477
v 0.008461 0.043165 0.088185
v 0.008568 0.043165 0.087786
v 0.008461 0.043165 0.087386
v 0.008461 0.043165 0.087386
v 0.008168 0.043165 0.087094
v 0.007769 0.043165 0.086987
v 0.007370 0.043165 0.087094
v 0.007370 0.043165 0.087094
v 0.007078 0.043165 0.087386
v 0.007078 0.043165 0.087386
v 0.006971 0.043165 0.087786
v 0.007078 0.043165 0.088185
v 0.007078 0.043165 0.088185
v 0.007370 0.043165 0.088477
v 0.007370 0.043165 0.088477
v 0.007465 0.041446 0.088584
v 0.007840 0.041310 0.088477
v 0.007840 0.041310 0.088477
v 0.008114 0.041210 0.088185
v 0.008114 0.041210 0.088185
v 0.008215 0.041173 0.087786
v 0.008114 0.041210 0.087386
v 0.008114 0.041210 0.087386
v 0.007840 0.041310 0.087094
v 0.007465 0.041446 0.086987
v 0.007090 0.041583 0.087094
v 0.007090 0.041583 0.087094
v 0.006815 0.041683 0.087386
v 0.006815 0.041683 0.087386
v 0.006714 0.041720 0.087786
v 0.006815 0.041683 0.088185
v 0.006815 0.041683 0.088185
v 0.007090 0.041583 0.088477
v 0.006590 0.039936 0.088584
v 0.006896 0.039679 0.088477
v 0.007120 0.039491 0.088185
v 0.007120 0.039491 0.088185
v 0.007120 0.039491 0.088185
v 0.007202 0.039422 0.087786
v 0.007202 0.039422 0.087786
v 0.007120 0.039491 0.087386
v 0.007120 0.039491 0.087386
v 0.007120 0.039491 0.087386
v 0.006896 0.039679 0.087094
v 0.006590 0.039936 0.086987
v 0.006285 0.040192 0.087094
v 0.006061 0.040380 0.087386
v 0.006061 0.040380 0.087386
v 0.006061 0.040380 0.087386
v 0.005979 0.040449 0.087786
v 0.005979 0.040449 0.087786
v 0.006061 0.040380 0.088185
v 0.006061 0.040380 0.088185
v 0.006061 0.040380 0.088185
v 0.006285 0.040192 0.088477
v 0.005252 0.038815 0.088584
v 0.005452 0.038469 0.088477
v 0.005598 0.038216 0.088185
v 0.005598 0.038216 0.088185
v 0.005652 0.038123 0.087786
v 0.005598 0.038216 0.087386
v 0.005598 0.038216 0.087386
v 0.005452 0.038469 0.087094
v 0.005252 0.038815 0.086987
v 0.005053 0.039161 0.087094
v 0.004907 0.039414 0.087386
v 0.004907 0.039414 0.087386
v 0.004853 0.039506 0.087786
v 0.004907 0.039414 0.088185
v 0.004907 0.039414 0.088185
v 0.005053 0.039161 0.088477
v 0.003912 0.038220 0.088584
v 0.004022 0.037826 0.088477
v 0.004022 0.037826 0.088477
v 0.004102 0.037538 0.088185
v 0.004102 0.037538 0.088185
v 0.004131 0.037433 0.087786
v 0.004102 0.037538 0.087386
v 0.004102 0.037538 0.087386
v 0.004022 0.037826 0.087094
v 0.003912 0.038220 0.086987
v 0.003803 0.038613 0.087094
v 0.003803 0.038613 0.087094
v 0.003723 0.038900 0.087386
v 0.003723 0.038900 0.087386
v 0.003694 0.039006 0.087786
v 0.003723 0.038900 0.088185
v 0.003723 0.038900 0.088185
v 0.003803 0.038613 0.088477
v 0.002270 0.038221 0.088584
v 0.002161 0.037828 0.088477
v 0.002161 0.037828 0.088477
v 0.002081 0.037540 0.088185
v 0.002081 0.037540 0.088185
v 0.002051 0.037434 0.087786
v 0.002081 0.037540 0.087386
v 0.002081 0.037540 0.087386
v 0.002161 0.037828 0.087094
v 0.002270 0.038221 0.086987
v 0.002380 0.038614 0.087094
v 0.002380 0.038614 0.087094
v 0.002460 0.038902 0.087386
v 0.002460 0.038902 0.087386
v 0.002489 0.039008 0.087786
v 0.002460 0.038902 0.088185
v 0.002460 0.038902 0.088185
v 0.002380 0.038614 0.088477
v 0.000931 0.038819 0.088584
v 0.000732 0.038474 0.088477
v 0.000585 0.038220 0.088185
v 0.000585 0.038220 0.088185
v 0.000532 0.038128 0.087786
v 0.000585 0.038220 0.087386
v 0.000585 0.038220 0.087386
v 0.000732 0.038474 0.087094
v 0.000931 0.038819 0.086987
v 0.001131 0.039165 0.087094
v 0.001277 0.039418 0.087386
v 0.001277 0.039418 0.087386
v 0.001330 0.039511 0.087786
v 0.001277 0.039418 0.088185
v 0.001277 0.039418 0.088185
v 0.001131 0.039165 0.088477
v -0.000405 0.039942 0.088584
v -0.000711 0.039686 0.088477
v -0.000935 0.039498 0.088185
v -0.000935 0.039498 0.088185
v -0.000935 0.039498 0.088185
v -0.001017 0.039429 0.087786
v -0.001017 0.039429 0.087786
v -0.000935 0.039498 0.087386
v -0.000935 0.039498 0.087386
v -0.000935 0.039498 0.087386
v -0.000711 0.039686 0.087094
v -0.000405 0.039942 0.086987
v -0.000099 0.040199 0.087094
v 0.000125 0.040387 0.087386
v 0.000125 0.040387 0.087386
v 0.000125 0.040387 0.087386
v 0.000207 0.040456 0.087786
v 0.000207 0.040456 0.087786
v 0.000125 0.040387 0.088185
v 0.000125 0.040387 0.088185
v 0.000125 0.040387 0.088185
v -0.000099 0.040199 0.088477
v -0.001276 0.041455 0.088584
v -0.001652 0.041318 0.088477
v -0.001652 0.041318 0.088477
v -0.001926 0.041218 0.088185
v -0.001926 0.041218 0.088185
v -0.002027 0.041182 0.087786
v -0.001926 0.041218 0.087386
v -0.001926 0.041218 0.087386
v -0.001652 0.041318 0.087094
v -0.001276 0.041455 0.086987
v -0.000901 0.041591 0.087094
v -0.000901 0.041591 0.087094
v -0.000626 0.041691 0.087386
v -0.000626 0.041691 0.087386
v -0.000526 0.041728 0.087786
v -0.000626 0.041691 0.088185
v -0.000626 0.041691 0.088185
v -0.000901 0.041591 0.088477
v -0.001578 0.043174 0.088584
v -0.001977 0.043174 0.088477
v -0.001977 0.043174 0.088477
v -0.002269 0.043174 0.088185
v -0.002376 0.043174 0.087786
v -0.002269 0.043174 0.087386
v -0.002269 0.043174 0.087386
v -0.001977 0.043174 0.087094
v -0.001578 0.043174 0.086987
v -0.001178 0.043174 0.087094
v -0.001178 0.043174 0.087094
v -0.000886 0.043174 0.087386
v -0.000886 0.043174 0.087386
v -0.000779 0.043174 0.087786
v -0.000886 0.043174 0.088185
v -0.000886 0.043174 0.088185
v -0.001178 0.043174 0.088477
v -0.001178 0.043174 0.088477
v -0.001578 0.048755 0.088584
v -0.001977 0.048755 0.088477
v -0.001977 0.048755 0.088477
v -0.002269 0.048755 0.088185
v -0.002376 0.048755 0.087786
v -0.002269 0.048755 0.087386
v -0.002269 0.048755 0.087386
v -0.001977 0.048755 0.087094
v -0.001578 0.048755 0.086987
v -0.001178 0.048755 0.087094
v -0.000886 0.048755 0.087386
v -0.000886 0.048755 0.087386
v -0.000779 0.048755 0.087786
v -0.000886 0.048755 0.088185
v -0.001178 0.048755 0.088477
v -0.001178 0.048755 0.088477
v -0.001178 0.044718 0.088477
v -0.001178 0.044718 0.088477
v -0.001578 0.044718 0.088584
v -0.000886 0.044718 0.088185
v -0.000779 0.044718 0.087786
v -0.000886 0.044718 0.087386
v -0.000886 0.044718 0.087386
v -0.001178 0.044718 0.087094
v -0.001578 0.044718 0.086987
v -0.001977 0.044718 0.087094
v -0.002269 0.044718 0.087386
v -0.002269 0.044718 0.087386
v -0.002376 0.044718 0.087786
v -0.002269 0.044718 0.088185
v -0.001977 0.044718 0.088477
v -0.001977 0.044718 0.088477
v 0.007370 0.044532 0.088477
v 0.007370 0.044532 0.088477
v 0.007769 0.044532 0.088584
v 0.007078 0.044532 0.088185
v 0.006971 0.044532 0.087786
v 0.007078 0.044532 0.087386
v 0.007078 0.044532 0.087386
v 0.007370 0.044532 0.087094
v 0.007769 0.044532 0.086987
v 0.008168 0.044532 0.087094
v 0.008461 0.044532 0.087386
v 0.008461 0.044532 0.087386
v 0.008568 0.044532 0.087786
v 0.008461 0.044532 0.088185
v 0.008168 0.044532 0.088477
v 0.008168 0.044532 0.088477
v -0.008380 0.049575 0.000000
v -0.010726 0.047781 0.123456
v -0.010726 0.047781 0.123456
v -0.010726 0.047781 0.123456
v -0.008380 0.049575 0.123456
v -0.008380 0.049575 0.123456
v -0.010726 0.047781 0.000000
v -0.010726 0.047781 0.000000
v -0.010726 0.047781 0.000000
v -0.004154 0.049575 0.000459
v 0.009674 0.049575 0.123456
v 0.009674 0.049575 0.123456
v -0.010726 -0.051356 0.123456
v -0.010726 -0.051356 0.123456
v -0.010726 -0.051356 0.123456
v -0.010726 -0.051356 0.000000
v -0.010726 -0.051356 0.000000
v -0.010726 -0.051356 0.000000
v -0.010726 0.045948 0.000000
v -0.010726 0.045948 0.000000
v -0.010726 0.045948 0.123456
v -0.010726 0.045948 0.123456
v -0.009984 0.048348 0.123456
v -0.009984 0.048348 0.123456
v -0.009984 0.048348 0.000000
v -0.009984 0.048348 0.000000
v -0.009092 0.049031 0.123456
v -0.009092 0.049031 0.123456
v -0.009092 0.049031 0.000000
v -0.009092 0.049031 0.000000
v -0.007177 0.049575 0.123456
v -0.007177 0.049575 0.123456
v -0.007177 0.049575 0.000000
v -0.010726 0.047781 0.107545
v -0.010726 0.047781 0.107545
v -0.008380 0.049575 0.107545
v 0.009674 0.049575 0.000459
v -0.010726 -0.051356 0.107545
v -0.010726 -0.051356 0.107545
v -0.009984 0.048348 0.107545
v -0.009092 0.049030 0.107545
v -0.007177 0.049575 0.107545
v -0.010726 0.045948 0.107545
v -0.010726 0.047781 0.122494
v -0.010726 0.047781 0.122494
v -0.008380 0.049575 0.122494
v 0.009674 0.049575 0.000918
v -0.010726 -0.051356 0.122494
v -0.010726 -0.051356 0.122494
v -0.009984 0.048348 0.122494
v -0.009092 0.049031 0.122494
v -0.007177 0.049575 0.122494
v -0.010726 0.045948 0.122494
v -0.010726 0.047781 0.122975
v -0.010726 0.047781 0.122975
v -0.008380 0.049575 0.122975
v -0.004154 0.049575 0.000918
v -0.010726 -0.051356 0.122975
v -0.010726 -0.051356 0.122975
v -0.009984 0.048348 0.122975
v -0.009092 0.049031 0.122975
v -0.007177 0.049575 0.122975
v -0.010726 0.045948 0.122975
v -0.010726 0.047781 0.000918
v -0.010726 0.047781 0.000918
v -0.008380 0.049575 0.000918
v -0.004154 0.049575 0.122975
v -0.010726 -0.051356 0.000918
v -0.010726 -0.051356 0.000918
v -0.009984 0.048348 0.000918
v -0.009092 0.049030 0.000918
v -0.007177 0.049575 0.000918
v -0.010726 0.045948 0.000918
v -0.010726 0.047781 0.000459
v -0.010726 0.047781 0.000459
v -0.008380 0.049575 0.000459
v 0.009674 0.049575 0.107545
v -0.010726 -0.051356 0.000459
v -0.010726 -0.051356 0.000459
v -0.009984 0.048348 0.000459
v -0.009092 0.049031 0.000459
v -0.007177 0.049575 0.000459
v -0.010726 0.045948 0.000459
v 0.013899 0.049575 0.000000
v 0.016245 0.047781 0.123456
v 0.016245 0.047781 0.123456
v 0.016245 0.047781 0.123456
v 0.013899 0.049575 0.123456
v 0.013899 0.049575 0.123456
v 0.016245 0.047781 0.000000
v 0.016245 0.047781 0.000000
v 0.016245 0.047781 0.000000
v -0.004154 0.049575 0.107545
v 0.009674 0.049575 0.122975
v 0.016245 -0.051356 0.123456
v 0.016245 -0.051356 0.123456
v 0.016245 -0.051356 0.123456
v 0.016245 -0.051356 0.000000
v 0.016245 -0.051356 0.000000
v 0.016245 -0.051356 0.000000
v 0.016245 0.045948 0.000000
v 0.016245 0.045948 0.000000
v 0.016245 0.045948 0.123456
v 0.016245 0.045948 0.123456
v 0.015503 0.048348 0.123456
v 0.015503 0.048348 0.123456
v 0.015503 0.048348 0.000000
v 0.015503 0.048348 0.000000
v 0.014611 0.049030 0.123456
v 0.014611 0.049030 0.123456
v 0.014611 0.049030 0.000000
v 0.014611 0.049030 0.000000
v 0.012696 0.049575 0.123456
v 0.012696 0.049575 0.123456
v 0.012696 0.049575 0.000000
v 0.016245 0.047781 0.107545
v 0.016245 0.047781 0.107545
v 0.013899 0.049575 0.107545
v 0.009674 0.049575 0.000000
v 0.016245 -0.051356 0.107545
v 0.016245 -0.051356 0.107545
v 0.015503 0.048348 0.107545
v 0.014611 0.049030 0.107545
v 0.012696 0.049575 0.107545
v 0.016245 0.045948 0.107545
v 0.016245 0.047781 0.122494
v 0.016245 0.047781 0.122494
v 0.013899 0.049575 0.122494
v -0.004154 0.049575 0.122494
v 0.016245 -0.051356 0.122494
v 0.016245 -0.051356 0.122494
v 0.015503 0.048348 0.122494
v 0.014611 0.049030 0.122494
v 0.012696 0.049575 0.122494
v 0.016245 0.045948 0.122494
v 0.016245 0.047781 0.122975
v 0.016245 0.047781 0.122975
v 0.013899 0.049575 0.122975
v 0.009674 0.049575 0.122494
v 0.016245 -0.051356 0.122975
v 0.016245 -0.051356 0.122975
v 0.015503 0.048348 0.122975
v 0.014611 0.049030 0.122975
v 0.012696 0.049575 0.122975
v 0.016245 0.045948 0.122975
v 0.016245 0.047781 0.000918
v 0.016245 0.047781 0.000918
v 0.013899 0.049575 0.000918
v -0.004154 0.049575 0.000000
v 0.016245 -0.051356 0.000918
v 0.016245 -0.051356 0.000918
v 0.015503 0.048348 0.000918
v 0.014611 0.049030 0.000918
v 0.012696 0.049575 0.000918
v 0.016245 0.045948 0.000918
v 0.016245 0.047781 0.000459
v 0.016245 0.047781 0.000459
v 0.013899 0.049575 0.000459
v -0.004154 0.049575 0.123456
v -0.004154 0.049575 0.123456
v 0.016245 -0.051356 0.000459
v 0.016245 -0.051356 0.000459
v 0.015503 0.048348 0.000459
v 0.014611 0.049030 0.000459
v 0.012696 0.049575 0.000459
v 0.016245 0.045948 0.000459
v -0.010726 0.047781 0.023768
v -0.010726 0.047781 0.023768
v -0.008380 0.049575 0.023768
v -0.010726 -0.051356 0.023768
v -0.010726 -0.051356 0.023768
v -0.009984 0.048348 0.023768
v -0.009092 0.049030 0.023768
v -0.007177 0.049575 0.023768
v -0.010726 0.045948 0.023768
v -0.004154 0.049575 0.023768
v 0.009674 0.049575 0.023768
v 0.016245 0.047781 0.023768
v 0.016245 0.047781 0.023768
v 0.013899 0.049575 0.023768
v 0.016245 -0.051356 0.023768
v 0.016245 -0.051356 0.023768
v 0.015503 0.048348 0.023768
v 0.014611 0.049030 0.023768
v 0.012696 0.049575 0.023768
v 0.016245 0.045948 0.023768
v -0.010726 -0.051356 0.009739
v -0.010726 -0.051356 0.009739
v -0.008380 0.049575 0.009739
v -0.010726 0.047781 0.009739
v -0.010726 0.047781 0.009739
v -0.009984 0.048348 0.009739
v -0.009092 0.049030 0.009739
v -0.007177 0.049575 0.009739
v -0.010726 0.045948 0.009739
v -0.004154 0.049575 0.009739
v 0.009674 0.049575 0.009739
v 0.016245 0.047781 0.009739
v 0.016245 0.047781 0.009739
v 0.013899 0.049575 0.009739
v 0.016245 -0.051356 0.009739
v 0.016245 -0.051356 0.009739
v 0.015503 0.048348 0.009739
v 0.014611 0.049030 0.009739
v 0.012696 0.049575 0.009739
v 0.016245 0.045948 0.009739
v 0.002760 0.049575 0.021622
v 0.002760 0.049575 0.021622
v 0.005194 0.049575 0.020970
v 0.005194 0.049575 0.020970
v 0.005194 0.049575 0.020970
v 0.006976 0.049575 0.019188
v 0.006976 0.049575 0.019188
v 0.007628 0.049575 0.016754
v 0.007628 0.049575 0.016754
v 0.006976 0.049575 0.014320
v 0.006976 0.049575 0.014320
v 0.006976 0.049575 0.014320
v 0.005194 0.049575 0.012538
v 0.005194 0.049575 0.012538
v 0.002760 0.049575 0.011885
v 0.002760 0.049575 0.011885
v 0.000326 0.049575 0.012538
v 0.000326 0.049575 0.012538
v -0.001456 0.049575 0.014320
v -0.001456 0.049575 0.014320
v -0.001456 0.049575 0.014320
v -0.002109 0.049575 0.016754
v -0.002109 0.049575 0.016754
v -0.001456 0.049575 0.019188
v -0.001456 0.049575 0.019188
v 0.000326 0.049575 0.020970
v 0.000326 0.049575 0.020970
v 0.000326 0.049575 0.020970
v 0.002760 0.049575 0.022276
v 0.005521 0.049575 0.021536
v 0.007542 0.049575 0.019515
v 0.008282 0.049575 0.016754
v 0.007542 0.049575 0.013992
v 0.005521 0.049575 0.011971
v 0.002760 0.049575 0.011231
v -0.000002 0.049575 0.011971
v -0.002023 0.049575 0.013992
v -0.002763 0.049575 0.016754
v -0.002023 0.049575 0.019515
v -0.000002 0.049575 0.021536
v 0.000162 0.049575 0.021253
v 0.002760 0.049575 0.021949
v -0.001740 0.049575 0.019351
v -0.002436 0.049575 0.016754
v -0.001740 0.049575 0.014156
v 0.000162 0.049575 0.012254
v 0.002760 0.049575 0.011558
v 0.005357 0.049575 0.012254
v 0.007259 0.049575 0.014156
v 0.007955 0.049575 0.016754
v 0.007259 0.049575 0.019351
v 0.005357 0.049575 0.021253
v -0.010726 0.013514 0.000000
v -0.010726 0.013514 0.000000
v -0.010726 -0.018921 0.000000
v -0.010726 -0.018921 0.000000
v -0.010726 0.013514 0.123456
v -0.010726 0.013514 0.123456
v -0.010726 -0.018921 0.123456
v -0.010726 -0.018921 0.123456
v -0.010726 0.013514 0.107545
v -0.010726 -0.018921 0.107545
v -0.010726 0.013514 0.122494
v -0.010726 -0.018921 0.122494
v -0.010726 0.013514 0.122975
v -0.010726 -0.018921 0.122975
v -0.010726 0.013514 0.000918
v -0.010726 -0.018921 0.000918
v -0.010726 0.013514 0.000459
v -0.010726 -0.018921 0.000459
v -0.010726 0.013514 0.023768
v -0.010726 -0.018921 0.023768
v -0.010726 0.013514 0.009739
v -0.010726 -0.018921 0.009739
v 0.016245 0.013513 0.000000
v 0.016245 0.013513 0.000000
v 0.016245 -0.018921 0.000000
v 0.016245 -0.018921 0.000000
v 0.016245 0.013513 0.123456
v 0.016245 0.013513 0.123456
v 0.016245 -0.018921 0.123456
v 0.016245 -0.018921 0.123456
v 0.016245 0.013513 0.107545
v 0.016245 -0.018921 0.107545
v 0.016245 0.013513 0.122494
v 0.016245 -0.018921 0.122494
v 0.016245 0.013513 0.122975
v 0.016245 -0.018921 0.122975
v 0.016245 0.013513 0.000918
v 0.016245 -0.018921 0.000918
v 0.016245 0.013513 0.000459
v 0.016245 -0.018921 0.000459
v 0.016245 0.013513 0.023768
v 0.016245 -0.018921 0.023768
v 0.016245 0.013513 0.009739
v 0.016245 -0.018921 0.009739
v -0.008028 0.048536 0.000000
v -0.008028 0.048536 0.000000
v -0.009687 0.047268 0.123456
v -0.009687 0.047268 0.123456
v -0.009687 0.047268 0.123456
v -0.008028 0.048536 0.123456
v -0.008028 0.048536 0.123456
v -0.009687 0.047268 0.000000
v -0.009687 0.047268 0.000000
v -0.009687 0.047268 0.000000
v -0.004154 0.048536 0.000459
v 0.009674 0.048536 0.123456
v 0.009674 0.048536 0.123456
v -0.009688 -0.051356 0.123456
v -0.009688 -0.051356 0.123456
v -0.009688 -0.051356 0.123456
v -0.009688 -0.051356 0.000000
v -0.009688 -0.051356 0.000000
v -0.009688 -0.051356 0.000000
v -0.009687 0.045948 0.000000
v -0.009687 0.045948 0.000000
v -0.009687 0.045948 0.123456
v -0.009687 0.045948 0.123456
v -0.009353 0.047523 0.123456
v -0.009353 0.047523 0.123456
v -0.009353 0.047523 0.000000
v -0.009353 0.047523 0.000000
v -0.008461 0.048206 0.123456
v -0.008461 0.048206 0.123456
v -0.008461 0.048206 0.000000
v -0.008461 0.048206 0.000000
v -0.007177 0.048536 0.123456
v -0.007177 0.048536 0.123456
v -0.007177 0.048536 0.000000
v -0.007177 0.048536 0.000000
v -0.009687 0.047268 0.107545
v -0.009687 0.047268 0.107545
v -0.008028 0.048536 0.107545
v 0.009674 0.048536 0.000459
v -0.009688 -0.051356 0.107545
v -0.009688 -0.051356 0.107545
v -0.009353 0.047523 0.107545
v -0.008461 0.048206 0.107545
v -0.007177 0.048536 0.107545
v -0.009687 0.045948 0.107545
v -0.009687 0.047268 0.122494
v -0.009687 0.047268 0.122494
v -0.008028 0.048536 0.122494
v 0.009674 0.048536 0.000918
v -0.009688 -0.051356 0.122494
v -0.009688 -0.051356 0.122494
v -0.009353 0.047523 0.122494
v -0.008461 0.048206 0.122494
v -0.007177 0.048536 0.122494
v -0.009687 0.045948 0.122494
v -0.009687 0.047268 0.122975
v -0.009687 0.047268 0.122975
v -0.008028 0.048536 0.122975
v -0.004154 0.048536 0.000918
v -0.009688 -0.051356 0.122975
v -0.009688 -0.051356 0.122975
v -0.009353 0.047523 0.122975
v -0.008461 0.048206 0.122975
v -0.007177 0.048536 0.122975
v -0.009687 0.045948 0.122975
v -0.009687 0.047268 0.000918
v -0.009687 0.047268 0.000918
v -0.008028 0.048536 0.000918
v -0.004154 0.048536 0.122975
v -0.009688 -0.051356 0.000918
v -0.009688 -0.051356 0.000918
v -0.009353 0.047523 0.000918
v -0.008461 0.048206 0.000918
v -0.007177 0.048536 0.000918
v -0.009687 0.045948 0.000918
v -0.009687 0.047268 0.000459
v -0.009687 0.047268 0.000459
v -0.008028 0.048536 0.000459
v 0.009674 0.048536 0.107545
v -0.009688 -0.051356 0.000459
v -0.009688 -0.051356 0.000459
v -0.009353 0.047523 0.000459
v -0.008461 0.048206 0.000459
v -0.007177 0.048536 0.000459
v -0.009687 0.045948 0.000459
v 0.013547 0.048536 0.000000
v 0.013547 0.048536 0.000000
v 0.015206 0.047268 0.123456
v 0.015206 0.047268 0.123456
v 0.015206 0.047268 0.123456
v 0.013547 0.048536 0.123456
v 0.013547 0.048536 0.123456
v 0.015206 0.047268 0.000000
v 0.015206 0.047268 0.000000
v 0.015206 0.047268 0.000000
v -0.004154 0.048536 0.107545
v 0.009674 0.048536 0.122975
v 0.015206 -0.051356 0.123456
v 0.015206 -0.051356 0.123456
v 0.015206 -0.051356 0.123456
v 0.015206 -0.051356 0.000000
v 0.015206 -0.051356 0.000000
v 0.015206 -0.051356 0.000000
v 0.015206 0.045948 0.000000
v 0.015206 0.045948 0.000000
v 0.015206 0.045948 0.123456
v 0.015206 0.045948 0.123456
v 0.014872 0.047523 0.123456
v 0.014872 0.047523 0.123456
v 0.014872 0.047523 0.000000
v 0.014872 0.047523 0.000000
v 0.013980 0.048206 0.123456
v 0.013980 0.048206 0.123456
v 0.013980 0.048206 0.000000
v 0.013980 0.048206 0.000000
v 0.012696 0.048536 0.123456
v 0.012696 0.048536 0.123456
v 0.012696 0.048536 0.000000
v 0.012696 0.048536 0.000000
v 0.015206 0.047268 0.107545
v 0.015206 0.047268 0.107545
v 0.013547 0.048536 0.107545
v 0.009674 0.048536 0.000000
v 0.009674 0.048536 0.000000
v 0.015206 -0.051356 0.107545
v 0.015206 -0.051356 0.107545
v 0.014872 0.047523 0.107545
v 0.013980 0.048206 0.107545
v 0.012696 0.048536 0.107545
v 0.015206 0.045948 0.107545
v 0.015206 0.047268 0.122494
v 0.015206 0.047268 0.122494
v 0.013547 0.048536 0.122494
v -0.004154 0.048536 0.122494
v 0.015206 -0.051356 0.122494
v 0.015206 -0.051356 0.122494
v 0.014872 0.047523 0.122494
v 0.013980 0.048206 0.122494
v 0.012696 0.048536 0.122494
v 0.015206 0.045948 0.122494
v 0.015206 0.047268 0.122975
v 0.015206 0.047268 0.122975
v 0.013547 0.048536 0.122975
v 0.009674 0.048536 0.122494
v 0.015206 -0.051356 0.122975
v 0.015206 -0.051356 0.122975
v 0.014872 0.047523 0.122975
v 0.013980 0.048206 0.122975
v 0.012696 0.048536 0.122975
v 0.015206 0.045948 0.122975
v 0.015206 0.047268 0.000918
v 0.015206 0.047268 0.000918
v 0.013547 0.048536 0.000918
v -0.004154 0.048536 0.000000
v -0.004154 0.048536 0.000000
v 0.015206 -0.051356 0.000918
v 0.015206 -0.051356 0.000918
v 0.014872 0.047523 0.000918
v 0.013980 0.048206 0.000918
v 0.012696 0.048536 0.000918
v 0.015206 0.045948 0.000918
v 0.015206 0.047268 0.000459
v 0.015206 0.047268 0.000459
v 0.013547 0.048536 0.000459
v -0.004154 0.048536 0.123456
v -0.004154 0.048536 0.123456
v 0.015206 -0.051356 0.000459
v 0.015206 -0.051356 0.000459
v 0.014872 0.047523 0.000459
v 0.013980 0.048206 0.000459
v 0.012696 0.048536 0.000459
v 0.015206 0.045948 0.000459
v -0.009687 0.047268 0.023768
v -0.009687 0.047268 0.023768
v -0.008028 0.048536 0.023768
v -0.009688 -0.051356 0.023768
v -0.009688 -0.051356 0.023768
v -0.009353 0.047523 0.023768
v -0.008461 0.048206 0.023768
v -0.007177 0.048536 0.023768
v -0.009687 0.045948 0.023768
v -0.004154 0.048536 0.023768
v 0.009674 0.048536 0.023768
v 0.015206 0.047268 0.023768
v 0.015206 0.047268 0.023768
v 0.013547 0.048536 0.023768
v 0.015206 -0.051356 0.023768
v 0.015206 -0.051356 0.023768
v 0.014872 0.047523 0.023768
v 0.013980 0.048206 0.023768
v 0.012696 0.048536 0.023768
v 0.015206 0.045948 0.023768
v -0.009688 -0.051356 0.009739
v -0.009688 -0.051356 0.009739
v -0.008028 0.048536 0.009739
v -0.009687 0.047268 0.009739
v -0.009687 0.047268 0.009739
v -0.009353 0.047523 0.009739
v -0.008461 0.048206 0.009739
v -0.007177 0.048536 0.009739
v -0.009687 0.045948 0.009739
v -0.004154 0.048536 0.009739
v 0.009674 0.048536 0.009739
v 0.015206 0.047268 0.009739
v 0.015206 0.047268 0.009739
v 0.013547 0.048536 0.009739
v 0.015206 -0.051356 0.009739
v 0.015206 -0.051356 0.009739
v 0.014872 0.047523 0.009739
v 0.013980 0.048206 0.009739
v 0.012696 0.048536 0.009739
v 0.015206 0.045948 0.009739
v 0.002760 0.048536 0.021622
v 0.002760 0.048536 0.021622
v 0.005194 0.048536 0.020970
v 0.005194 0.048536 0.020970
v 0.006976 0.048536 0.019188
v 0.006976 0.048536 0.019188
v 0.006976 0.048536 0.019188
v 0.007628 0.048536 0.016754
v 0.007628 0.048536 0.016754
v 0.006976 0.048536 0.014320
v 0.006976 0.048536 0.014320
v 0.005194 0.048536 0.012538
v 0.005194 0.048536 0.012538
v 0.005194 0.048536 0.012538
v 0.002760 0.048536 0.011885
v 0.002760 0.048536 0.011885
v 0.000326 0.048536 0.012538
v 0.000326 0.048536 0.012538
v 0.000326 0.048536 0.012538
v -0.001456 0.048536 0.014320
v -0.001456 0.048536 0.014320
v -0.002109 0.048536 0.016754
v -0.002109 0.048536 0.016754
v -0.001456 0.048536 0.019188
v -0.001456 0.048536 0.019188
v -0.001456 0.048536 0.019188
v 0.000326 0.048536 0.020970
v 0.000326 0.048536 0.020970
v 0.002760 0.048536 0.022276
v 0.005521 0.048536 0.021536
v 0.007542 0.048536 0.019515
v 0.008282 0.048536 0.016754
v 0.007542 0.048536 0.013992
v 0.005521 0.048536 0.011971
v 0.002760 0.048536 0.011231
v -0.000002 0.048536 0.011971
v -0.002023 0.048536 0.013992
v -0.002763 0.048536 0.016754
v -0.002023 0.048536 0.019515
v -0.000002 0.048536 0.021536
v 0.000162 0.048536 0.021253
v 0.002760 0.048536 0.021949
v -0.001740 0.048536 0.019351
v -0.002436 0.048536 0.016754
v -0.001740 0.048536 0.014156
v 0.000162 0.048536 0.012254
v 0.002760 0.048536 0.011558
v 0.005357 0.048536 0.012254
v 0.007259 0.048536 0.014156
v 0.007955 0.048536 0.016754
v 0.007259 0.048536 0.019351
v 0.005357 0.048536 0.021253
v -0.009688 0.013514 0.000000
v -0.009688 0.013514 0.000000
v -0.009688 -0.018921 0.000000
v -0.009688 -0.018921 0.000000
v -0.009688 0.013514 0.123456
v -0.009688 0.013514 0.123456
v -0.009688 -0.018921 0.123456
v -0.009688 -0.018921 0.123456
v -0.009688 0.013514 0.107545
v -0.009688 -0.018921 0.107545
v -0.009688 0.013514 0.122494
v -0.009688 -0.018921 0.122494
v -0.009688 0.013514 0.122975
v -0.009688 -0.018921 0.122975
v -0.009688 0.013514 0.000918
v -0.009688 -0.018921 0.000918
v -0.009688 0.013514 0.000459
v -0.009688 -0.018921 0.000459
v -0.009688 0.013514 0.023768
v -0.009688 -0.018921 0.023768
v -0.009688 0.013514 0.009739
v -0.009688 -0.018921 0.009739
v 0.015206 0.013513 0.000000
v 0.015206 0.013513 0.000000
v 0.015206 -0.018921 0.000000
v 0.015206 -0.018921 0.000000
v 0.015206 0.013513 0.123456
v 0.015206 0.013513 0.123456
v 0.015206 -0.018921 0.123456
v 0.015206 -0.018921 0.123456
v 0.015206 0.013513 0.107545
v 0.015206 -0.018921 0.107545
v 0.015206 0.013513 0.122494
v 0.015206 -0.018921 0.122494
v 0.015206 0.013513 0.122975
v 0.015206 -0.018921 0.122975
v 0.015206 0.013513 0.000918
v 0.015206 -0.018921 0.000918
v 0.015206 0.013513 0.000459
v 0.015206 -0.018921 0.000459
v 0.015206 0.013513 0.023768
v 0.015206 -0.018921 0.023768
v 0.015206 0.013513 0.009739
v 0.015206 -0.018921 0.009739
v -0.008311 0.049373 0.000000
v -0.010524 0.047681 0.123456
v -0.008311 0.049373 0.123456
v -0.010524 0.047681 0.000000
v 0.009674 0.049373 0.123456
v -0.010524 -0.051356 0.123456
v -0.010524 -0.051356 0.123456
v -0.010524 -0.051356 0.000000
v -0.010524 -0.051356 0.000000
v -0.010524 0.045948 0.000000
v -0.010524 0.045948 0.123456
v -0.009861 0.048188 0.123456
v -0.009861 0.048188 0.000000
v -0.008969 0.048870 0.123456
v -0.008969 0.048870 0.000000
v -0.007177 0.049373 0.123456
v -0.007177 0.049373 0.000000
v -0.010524 -0.051356 0.107545
v -0.010524 -0.051356 0.122494
v -0.010524 -0.051356 0.122975
v -0.010524 -0.051356 0.000918
v -0.010524 -0.051356 0.000459
v 0.013830 0.049373 0.000000
v 0.016043 0.047681 0.123456
v 0.013830 0.049373 0.123456
v 0.016043 0.047681 0.000000
v 0.016043 -0.051356 0.123456
v 0.016043 -0.051356 0.123456
v 0.016043 -0.051356 0.000000
v 0.016043 -0.051356 0.000000
v 0.016043 0.045948 0.000000
v 0.016043 0.045948 0.123456
v 0.015380 0.048188 0.123456
v 0.015380 0.048188 0.000000
v 0.014488 0.048870 0.123456
v 0.014488 0.048870 0.000000
v 0.012696 0.049373 0.123456
v 0.012696 0.049373 0.000000
v 0.009674 0.049373 0.000000
v 0.016043 -0.051356 0.107545
v 0.016043 -0.051356 0.122494
v 0.016043 -0.051356 0.122975
v -0.004154 0.049373 0.000000
v 0.016043 -0.051356 0.000918
v -0.004154 0.049373 0.123456
v 0.016043 -0.051356 0.000459
v -0.010524 -0.051356 0.023768
v 0.016043 -0.051356 0.023768
v -0.010524 -0.051356 0.009739
v 0.016043 -0.051356 0.009739
v -0.010524 0.013514 0.000000
v -0.010524 -0.018921 0.000000
v -0.010524 0.013514 0.123456
v -0.010524 -0.018921 0.123456
v 0.016043 0.013513 0.000000
v 0.016043 -0.018921 0.000000
v 0.016043 0.013513 0.123456
v 0.016043 -0.018921 0.123456
v -0.008086 0.048709 0.000000
v -0.009860 0.047353 0.123456
v -0.008086 0.048709 0.123456
v -0.009860 0.047353 0.000000
v 0.009674 0.048709 0.123456
v -0.009860 -0.051356 0.123456
v -0.009860 -0.051356 0.123456
v -0.009860 -0.051356 0.000000
v -0.009860 -0.051356 0.000000
v -0.009860 0.045948 0.000000
v -0.009860 0.045948 0.123456
v -0.009458 0.047660 0.123456
v -0.009458 0.047660 0.000000
v -0.008566 0.048343 0.123456
v -0.008566 0.048343 0.000000
v -0.007177 0.048709 0.123456
v -0.007177 0.048709 0.000000
v -0.009860 -0.051356 0.107545
v -0.009860 -0.051356 0.122494
v -0.009860 -0.051356 0.122975
v -0.009860 -0.051356 0.000918
v -0.009860 -0.051356 0.000459
v 0.013606 0.048709 0.000000
v 0.015379 0.047353 0.123456
v 0.013606 0.048709 0.123456
v 0.015379 0.047353 0.000000
v 0.015379 -0.051356 0.123456
v 0.015379 -0.051356 0.123456
v 0.015379 -0.051356 0.000000
v 0.015379 -0.051356 0.000000
v 0.015379 0.045948 0.000000
v 0.015379 0.045948 0.123456
v 0.014977 0.047660 0.123456
v 0.014977 0.047660 0.000000
v 0.014085 0.048343 0.123456
v 0.014085 0.048343 0.000000
v 0.012696 0.048709 0.123456
v 0.012696 0.048709 0.000000
v 0.009674 0.048709 0.000000
v 0.015379 -0.051356 0.107545
v 0.015379 -0.051356 0.122494
v 0.015379 -0.051356 0.122975
v -0.004154 0.048709 0.000000
v 0.015379 -0.051356 0.000918
v -0.004154 0.048709 0.123456
v 0.015379 -0.051356 0.000459
v -0.009860 -0.051356 0.023768
v 0.015379 -0.051356 0.023768
v -0.009860 -0.051356 0.009739
v 0.015379 -0.051356 0.009739
v -0.009860 0.013514 0.000000
v -0.009860 -0.018921 0.000000
v -0.009860 0.013514 0.123456
v -0.009860 -0.018921 0.123456
v 0.015379 0.013513 0.000000
v 0.015379 -0.018921 0.000000
v 0.015379 0.013513 0.123456
v 0.015379 -0.018921 0.123456
v 0.016245 -0.049822 0.000000
v 0.016245 -0.049822 0.000000
v 0.016245 -0.049822 0.123456
v 0.016245 -0.049822 0.123456
v 0.016245 -0.049822 0.107545
v 0.016245 -0.049822 0.122494
v 0.016245 -0.049822 0.122975
v 0.016245 -0.049822 0.000918
v 0.016245 -0.049822 0.000459
v 0.016245 -0.049822 0.023768
v 0.016245 -0.049822 0.009739
v 0.015206 -0.049822 0.000000
v 0.015206 -0.049822 0.000000
v 0.015206 -0.049822 0.123456
v 0.015206 -0.049822 0.123456
v 0.015206 -0.049822 0.107545
v 0.015206 -0.049822 0.122494
v 0.015206 -0.049822 0.122975
v 0.015206 -0.049822 0.000918
v 0.015206 -0.049822 0.000459
v 0.015206 -0.049822 0.023768
v 0.015206 -0.049822 0.009739
v 0.016043 -0.049822 0.000000
v 0.016043 -0.049822 0.123456
v 0.015379 -0.049822 0.000000
v 0.015379 -0.049822 0.123456
v 0.016245 -0.050589 0.000000
v 0.016245 -0.050589 0.000000
v 0.016245 -0.050589 0.123456
v 0.016245 -0.050589 0.123456
v 0.016245 -0.050589 0.107545
v 0.016245 -0.050589 0.122494
v 0.016245 -0.050589 0.122975
v 0.016245 -0.050589 0.000918
v 0.016245 -0.050589 0.000459
v 0.016245 -0.050589 0.023768
v 0.016245 -0.050589 0.009739
v 0.015206 -0.050589 0.000000
v 0.015206 -0.050589 0.000000
v 0.015206 -0.050589 0.123456
v 0.015206 -0.050589 0.123456
v 0.015206 -0.050589 0.107545
v 0.015206 -0.050589 0.122494
v 0.015206 -0.050589 0.122975
v 0.015206 -0.050589 0.000918
v 0.015206 -0.050589 0.000459
v 0.015206 -0.050589 0.023768
v 0.015206 -0.050589 0.009739
v 0.016043 -0.050589 0.123456
v 0.015379 -0.050589 0.123456
v 0.016043 -0.050589 0.000000
v 0.015379 -0.050589 0.000000
v -0.010726 -0.049351 0.000000
v -0.010726 -0.049351 0.000000
v -0.010726 -0.049351 0.123456
v -0.010726 -0.049351 0.123456
v -0.010726 -0.049351 0.107545
v -0.010726 -0.049351 0.122494
v -0.010726 -0.049351 0.122975
v -0.010726 -0.049351 0.000918
v -0.010726 -0.049351 0.000459
v -0.010726 -0.049351 0.023768
v -0.010726 -0.049351 0.009739
v -0.009688 -0.049351 0.000000
v -0.009688 -0.049351 0.000000
v -0.009688 -0.049351 0.123456
v -0.009688 -0.049351 0.123456
v -0.009688 -0.049351 0.107545
v -0.009688 -0.049351 0.122494
v -0.009688 -0.049351 0.122975
v -0.009688 -0.049351 0.000918
v -0.009688 -0.049351 0.000459
v -0.009688 -0.049351 0.023768
v -0.009688 -0.049351 0.009739
v -0.010524 -0.049351 0.000000
v -0.010524 -0.049351 0.123456
v -0.009860 -0.049351 0.000000
v -0.009860 -0.049351 0.123456
v -0.010726 -0.050354 0.000000
v -0.010726 -0.050354 0.000000
v -0.010726 -0.050354 0.123456
v -0.010726 -0.050354 0.123456
v -0.010726 -0.050354 0.107545
v -0.010726 -0.050354 0.122494
v -0.010726 -0.050354 0.122975
v -0.010726 -0.050354 0.000918
v -0.010726 -0.050354 0.000459
v -0.010726 -0.050354 0.023768
v -0.010726 -0.050354 0.009739
v -0.009688 -0.050354 0.000000
v -0.009688 -0.050354 0.000000
v -0.009688 -0.050354 0.123456
v -0.009688 -0.050354 0.123456
v -0.009688 -0.050354 0.107545
v -0.009688 -0.050354 0.122494
v -0.009688 -0.050354 0.122975
v -0.009688 -0.050354 0.000918
v -0.009688 -0.050354 0.000459
v -0.009688 -0.050354 0.023768
v -0.009688 -0.050354 0.009739
v -0.010524 -0.050354 0.000000
v -0.009860 -0.050354 0.000000
v -0.010524 -0.050354 0.123456
v -0.009860 -0.050354 0.123456
v 0.002760 0.049056 0.021540
v 0.002760 0.049056 0.021540
v 0.005153 0.049056 0.020899
v 0.005153 0.049056 0.020899
v 0.005153 0.049056 0.020899
v 0.006905 0.049056 0.019147
v 0.006905 0.049056 0.019147
v 0.006905 0.049056 0.019147
v 0.007546 0.049056 0.016754
v 0.007546 0.049056 0.016754
v 0.006905 0.049056 0.014360
v 0.006905 0.049056 0.014360
v 0.006905 0.049056 0.014360
v 0.005153 0.049056 0.012608
v 0.005153 0.049056 0.012608
v 0.005153 0.049056 0.012608
v 0.002760 0.049056 0.011967
v 0.002760 0.049056 0.011967
v 0.000366 0.049056 0.012608
v 0.000366 0.049056 0.012608
v 0.000366 0.049056 0.012608
v -0.001386 0.049056 0.014360
v -0.001386 0.049056 0.014360
v -0.001386 0.049056 0.014360
v -0.002027 0.049056 0.016754
v -0.002027 0.049056 0.016754
v -0.001386 0.049056 0.019147
v -0.001386 0.049056 0.019147
v -0.001386 0.049056 0.019147
v 0.000366 0.049056 0.020899
v 0.000366 0.049056 0.020899
v 0.000366 0.049056 0.020899
f 36 14 38
f 38 90 36
f 104 21 6
f 6 108 104
f 29 4 37
f 37 83 29
f 30 20 44
f 44 84 30
f 31 19 43
f 43 85 31
f 32 18 42
f 42 86 32
f 33 17 41
f 41 87 33
f 34 16 40
f 40 88 34
f 35 15 39
f 39 89 35
f 106 5 27
f 27 92 106
f 92 27 26
f 26 94 92
f 94 26 25
f 25 96 94
f 96 25 24
f 24 98 96
f 98 24 23
f 23 100 98
f 100 23 22
f 22 102 100
f 102 22 21
f 21 104 102
f 21 36 90
f 21 90 28
f 21 28 6
f 5 29 83
f 5 83 30
f 5 30 27
f 27 30 84
f 27 84 31
f 27 31 26
f 26 31 85
f 26 85 32
f 26 32 25
f 25 32 86
f 25 86 33
f 25 33 24
f 24 33 87
f 24 87 34
f 24 34 23
f 23 34 88
f 23 88 35
f 23 35 22
f 22 35 89
f 22 89 36
f 22 36 21
f 5 47 48
f 48 29 5
f 29 48 46
f 46 4 29
f 106 110 47
f 47 5 106
f 28 52 51
f 51 6 28
f 54 63 49
f 49 1 54
f 3 50 52
f 52 28 3
f 7 61 54
f 54 1 7
f 2 53 55
f 55 13 2
f 13 55 56
f 56 12 13
f 12 56 57
f 57 11 12
f 11 57 58
f 58 10 11
f 10 58 59
f 59 9 10
f 9 59 60
f 60 8 9
f 8 60 61
f 61 7 8
f 2 45 62
f 62 53 2
f 107 111 63
f 63 54 107
f 46 81 65
f 65 4 46
f 41 77 68
f 68 16 41
f 15 67 75
f 75 39 15
f 39 75 66
f 66 14 39
f 37 73 72
f 72 20 37
f 20 72 80
f 80 44 20
f 44 80 71
f 71 19 44
f 18 70 78
f 78 42 18
f 42 78 69
f 69 17 42
f 16 68 76
f 76 40 16
f 40 76 67
f 67 15 40
f 14 66 74
f 74 38 14
f 3 64 82
f 82 50 3
f 38 74 64
f 64 3 38
f 4 65 73
f 73 37 4
f 19 71 79
f 79 43 19
f 43 79 70
f 70 18 43
f 17 69 77
f 77 41 17
f 83 37 20
f 20 30 83
f 84 44 19
f 19 31 84
f 85 43 18
f 18 32 85
f 86 42 17
f 17 33 86
f 87 41 16
f 16 34 87
f 88 40 15
f 15 35 88
f 89 39 14
f 14 36 89
f 90 38 3
f 3 28 90
f 61 103 107
f 107 54 61
f 103 104 108
f 108 107 103
f 53 105 91
f 91 55 53
f 105 106 92
f 92 91 105
f 55 91 93
f 93 56 55
f 91 92 94
f 94 93 91
f 56 93 95
f 95 57 56
f 93 94 96
f 96 95 93
f 57 95 97
f 97 58 57
f 95 96 98
f 98 97 95
f 58 97 99
f 99 59 58
f 97 98 100
f 100 99 97
f 59 99 101
f 101 60 59
f 99 100 102
f 102 101 99
f 60 101 103
f 103 61 60
f 101 102 104
f 104 103 101
f 53 62 109
f 109 105 53
f 105 109 110
f 110 106 105
f 6 51 112
f 112 108 6
f 108 112 111
f 111 107 108
f 148 126 150
f 150 202 148
f 216 133 118
f 118 220 216
f 141 116 149
f 149 195 141
f 142 132 156
f 156 196 142
f 143 131 155
f 155 197 143
f 144 130 154
f 154 198 144
f 145 129 153
f 153 199 145
f 146 128 152
f 152 200 146
f 147 127 151
f 151 201 147
f 218 117 139
f 139 204 218
f 204 139 138
f 138 206 204
f 206 138 137
f 137 208 206
f 208 137 136
f 136 210 208
f 210 136 135
f 135 212 210
f 212 135 134
f 134 214 212
f 214 134 133
f 133 216 214
f 133 148 202
f 133 202 140
f 133 140 118
f 117 141 195
f 117 195 142
f 117 142 139
f 139 142 196
f 139 196 143
f 139 143 138
f 138 143 197
f 138 197 144
f 138 144 137
f 137 144 198
f 137 198 145
f 137 145 136
f 136 145 199
f 136 199 146
f 136 146 135
f 135 146 200
f 135 200 147
f 135 147 134
f 134 147 201
f 134 201 148
f 134 148 133
f 117 159 160
f 160 141 117
f 141 160 158
f 158 116 141
f 218 222 159
f 159 117 218
f 140 164 163
f 163 118 140
f 166 175 161
f 161 113 166
f 115 162 164
f 164 140 115
f 119 173 166
f 166 113 119
f 114 165 167
f 167 125 114
f 125 167 168
f 168 124 125
f 124 168 169
f 169 123 124
f 123 169 170
f 170 122 123
f 122 170 171
f 171 121 122
f 121 171 172
f 172 120 121
f 120 172 173
f 173 119 120
f 114 157 174
f 174 165 114
f 219 223 175
f 175 166 219
f 158 193 177
f 177 116 158
f 153 189 180
f 180 128 153
f 127 179 187
f 187 151 127
f 151 187 178
f 178 126 151
f 149 185 184
f 184 132 149
f 132 184 192
f 192 156 132
f 156 192 183
f 183 131 156
f 130 182 190
f 190 154 130
f 154 190 181
f 181 129 154
f 128 180 188
f 188 152 128
f 152 188 179
f 179 127 152
f 126 178 186
f 186 150 126
f 115 176 194
f 194 162 115
f 150 186 176
f 176 115 150
f 116 177 185
f 185 149 116
f 131 183 191
f 191 155 131
f 155 191 182
f 182 130 155
f 129 181 189
f 189 153 129
f 195 149 132
f 132 142 195
f 196 156 131
f 131 143 196
f 197 155 130
f 130 144 197
f 198 154 129
f 129 145 198
f 199 153 128
f 128 146 199
f 200 152 127
f 127 147 200
f 201 151 126
f 126 148 201
f 202 150 115
f 115 140 202
f 173 215 219
f 219 166 173
f 215 216 220
f 220 219 215
f 165 217 203
f 203 167 165
f 217 218 204
f 204 203 217
f 167 203 205
f 205 168 167
f 203 204 206
f 206 205 203
f 168 205 207
f 207 169 168
f 205 206 208
f 208 207 205
f 169 207 209
f 209 170 169
f 207 208 210
f 210 209 207
f 170 209 211
f 211 171 170
f 209 210 212
f 212 211 209
f 171 211 213
f 213 172 171
f 211 212 214
f 214 213 211
f 172 213 215
f 215 173 172
f 213 214 216
f 216 215 213
f 165 174 221
f 221 217 165
f 217 221 222
f 222 218 217
f 118 163 224
f 224 220 118
f 220 224 223
f 223 219 220
f 260 314 262
f 262 238 260
f 328 332 230
f 230 245 328
f 253 307 261
f 261 228 253
f 254 308 268
f 268 244 254
f 255 309 267
f 267 243 255
f 256 310 266
f 266 242 256
f 257 311 265
f 265 241 257
f 258 312 264
f 264 240 258
f 259 313 263
f 263 239 259
f 330 316 251
f 251 229 330
f 316 318 250
f 250 251 316
f 318 320 249
f 249 250 318
f 320 322 248
f 248 249 320
f 322 324 247
f 247 248 322
f 324 326 246
f 246 247 324
f 326 328 245
f 245 246 326
f 245 230 252
f 245 252 314
f 245 314 260
f 229 251 254
f 229 254 307
f 229 307 253
f 251 250 255
f 251 255 308
f 251 308 254
f 250 249 256
f 250 256 309
f 250 309 255
f 249 248 257
f 249 257 310
f 249 310 256
f 248 247 258
f 248 258 311
f 248 311 257
f 247 246 259
f 247 259 312
f 247 312 258
f 246 245 260
f 246 260 313
f 246 313 259
f 229 253 272
f 272 271 229
f 253 228 270
f 270 272 253
f 330 229 271
f 271 334 330
f 252 230 275
f 275 276 252
f 278 225 273
f 273 287 278
f 227 252 276
f 276 274 227
f 231 225 278
f 278 285 231
f 226 237 279
f 279 277 226
f 237 236 280
f 280 279 237
f 236 235 281
f 281 280 236
f 235 234 282
f 282 281 235
f 234 233 283
f 283 282 234
f 233 232 284
f 284 283 233
f 232 231 285
f 285 284 232
f 226 277 286
f 286 269 226
f 331 278 287
f 287 335 331
f 270 228 289
f 289 305 270
f 265 240 292
f 292 301 265
f 239 263 299
f 299 291 239
f 263 238 290
f 290 299 263
f 261 244 296
f 296 297 261
f 244 268 304
f 304 296 244
f 268 243 295
f 295 304 268
f 242 266 302
f 302 294 242
f 266 241 293
f 293 302 266
f 240 264 300
f 300 292 240
f 264 239 291
f 291 300 264
f 238 262 298
f 298 290 238
f 227 274 306
f 306 288 227
f 262 227 288
f 288 298 262
f 228 261 297
f 297 289 228
f 243 267 303
f 303 295 243
f 267 242 294
f 294 303 267
f 241 265 301
f 301 293 241
f 307 254 244
f 244 261 307
f 308 255 243
f 243 268 308
f 309 256 242
f 242 267 309
f 310 257 241
f 241 266 310
f 311 258 240
f 240 265 311
f 312 259 239
f 239 264 312
f 313 260 238
f 238 263 313
f 314 252 227
f 227 262 314
f 285 278 331
f 331 327 285
f 327 331 332
f 332 328 327
f 277 279 315
f 315 329 277
f 329 315 316
f 316 330 329
f 279 280 317
f 317 315 279
f 315 317 318
f 318 316 315
f 280 281 319
f 319 317 280
f 317 319 320
f 320 318 317
f 281 282 321
f 321 319 281
f 319 321 322
f 322 320 319
f 282 283 323
f 323 321 282
f 321 323 324
f 324 322 321
f 283 284 325
f 325 323 283
f 323 325 326
f 326 324 323
f 284 285 327
f 327 325 284
f 325 327 328
f 328 326 325
f 277 329 333
f 333 286 277
f 329 330 334
f 334 333 329
f 230 332 336
f 336 275 230
f 332 331 335
f 335 336 332
f 372 426 374
f 374 350 372
f 440 444 342
f 342 357 440
f 365 419 373
f 373 340 365
f 366 420 380
f 380 356 366
f 367 421 379
f 379 355 367
f 368 422 378
f 378 354 368
f 369 423 377
f 377 353 369
f 370 424 376
f 376 352 370
f 371 425 375
f 375 351 371
f 442 428 363
f 363 341 442
f 428 430 362
f 362 363 428
f 430 432 361
f 361 362 430
f 432 434 360
f 360 361 432
f 434 436 359
f 359 360 434
f 436 438 358
f 358 359 436
f 438 440 357
f 357 358 438
f 357 342 364
f 357 364 426
f 357 426 372
f 341 363 366
f 341 366 419
f 341 419 365
f 363 362 367
f 363 367 420
f 363 420 366
f 362 361 368
f 362 368 421
f 362 421 367
f 361 360 369
f 361 369 422
f 361 422 368
f 360 359 370
f 360 370 423
f 360 423 369
f 359 358 371
f 359 371 424
f 359 424 370
f 358 357 372
f 358 372 425
f 358 425 371
f 341 365 384
f 384 383 341
f 365 340 382
f 382 384 365
f 442 341 383
f 383 446 442
f 364 342 387
f 387 388 364
f 390 337 385
f 385 399 390
f 339 364 388
f 388 386 339
f 343 337 390
f 390 397 343
f 338 349 391
f 391 389 338
f 349 348 392
f 392 391 349
f 348 347 393
f 393 392 348
f 347 346 394
f 394 393 347
f 346 345 395
f 395 394 346
f 345 344 396
f 396 395 345
f 344 343 397
f 397 396 344
f 338 389 398
f 398 381 338
f 443 390 399
f 399 447 443
f 382 340 401
f 401 417 382
f 377 352 404
f 404 413 377
f 351 375 411
f 411 403 351
f 375 350 402
f 402 411 375
f 373 356 408
f 408 409 373
f 356 380 416
f 416 408 356
f 380 355 407
f 407 416 380
f 354 378 414
f 414 406 354
f 378 353 405
f 405 414 378
f 352 376 412
f 412 404 352
f 376 351 403
f 403 412 376
f 350 374 410
f 410 402 350
f 339 386 418
f 418 400 339
f 374 339 400
f 400 410 374
f 340 373 409
f 409 401 340
f 355 379 415
f 415 407 355
f 379 354 406
f 406 415 379
f 353 377 413
f 413 405 353
f 419 366 356
f 356 373 419
f 420 367 355
f 355 380 420
f 421 368 354
f 354 379 421
f 422 369 353
f 353 378 422
f 423 370 352
f 352 377 423
f 424 371 351
f 351 376 424
f 425 372 350
f 350 375 425
f 426 364 339
f 339 374 426
f 397 390 443
f 443 439 397
f 439 443 444
f 444 440 439
f 389 391 427
f 427 441 389
f 441 427 428
f 428 442 441
f 391 392 429
f 429 427 391
f 427 429 430
f 430 428 427
f 392 393 431
f 431 429 392
f 429 431 432
f 432 430 429
f 393 394 433
f 433 431 393
f 431 433 434
f 434 432 431
f 394 395 435
f 435 433 394
f 433 435 436
f 436 434 433
f 395 396 437
f 437 435 395
f 435 437 438
f 438 436 435
f 396 397 439
f 439 437 396
f 437 439 440
f 440 438 437
f 389 441 445
f 445 398 389
f 441 442 446
f 446 445 441
f 342 444 448
f 448 387 342
f 444 443 447
f 447 448 444
f 484 538 486
f 486 462 484
f 552 556 454
f 454 469 552
f 477 531 485
f 485 452 477
f 478 532 492
f 492 468 478
f 479 533 491
f 491 467 479
f 480 534 490
f 490 466 480
f 481 535 489
f 489 465 481
f 482 536 488
f 488 464 482
f 483 537 487
f 487 463 483
f 554 540 475
f 475 453 554
f 540 542 474
f 474 475 540
f 542 544 473
f 473 474 542
f 544 546 472
f 472 473 544
f 546 548 471
f 471 472 546
f 548 550 470
f 470 471 548
f 550 552 469
f 469 470 550
f 469 454 476
f 469 476 538
f 469 538 484
f 453 475 478
f 453 478 531
f 453 531 477
f 475 474 479
f 475 479 532
f 475 532 478
f 474 473 480
f 474 480 533
f 474 533 479
f 473 472 481
f 473 481 534
f 473 534 480
f 472 471 482
f 472 482 535
f 472 535 481
f 471 470 483
f 471 483 536
f 471 536 482
f 470 469 484
f 470 484 537
f 470 537 483
f 453 477 496
f 496 495 453
f 477 452 494
f 494 496 477
f 554 453 495
f 495 558 554
f 476 454 499
f 499 500 476
f 502 449 497
f 497 511 502
f 451 476 500
f 500 498 451
f 455 449 502
f 502 509 455
f 450 461 503
f 503 501 450
f 461 460 504
f 504 503 461
f 460 459 505
f 505 504 460
f 459 458 506
f 506 505 459
f 458 457 507
f 507 506 458
f 457 456 508
f 508 507 457
f 456 455 509
f 509 508 456
f 450 501 510
f 510 493 450
f 555 502 511
f 511 559 555
f 494 452 513
f 513 529 494
f 489 464 516
f 516 525 489
f 463 487 523
f 523 515 463
f 487 462 514
f 514 523 487
f 485 468 520
f 520 521 485
f 468 492 528
f 528 520 468
f 492 467 519
f 519 528 492
f 466 490 526
f 526 518 466
f 490 465 517
f 517 526 490
f 464 488 524
f 524 516 464
f 488 463 515
f 515 524 488
f 462 486 522
f 522 514 462
f 451 498 530
f 530 512 451
f 486 451 512
f 512 522 486
f 452 485 521
f 521 513 452
f 467 491 527
f 527 519 467
f 491 466 518
f 518 527 491
f 465 489 525
f 525 517 465
f 531 478 468
f 468 485 531
f 532 479 467
f 467 492 532
f 533 480 466
f 466 491 533
f 534 481 465
f 465 490 534
f 535 482 464
f 464 489 535
f 536 483 463
f 463 488 536
f 537 484 462
f 462 487 537
f 538 476 451
f 451 486 538
f 509 502 555
f 555 551 509
f 551 555 556
f 556 552 551
f 501 503 539
f 539 553 501
f 553 539 540
f 540 554 553
f 503 504 541
f 541 539 503
f 539 541 542
f 542 540 539
f 504 505 543
f 543 541 504
f 541 543 544
f 544 542 541
f 505 506 545
f 545 543 505
f 543 545 546
f 546 544 543
f 506 507 547
f 547 545 506
f 545 547 548
f 548 546 545
f 507 508 549
f 549 547 507
f 547 549 550
f 550 548 547
f 508 509 551
f 551 549 508
f 549 551 552
f 552 550 549
f 501 553 557
f 557 510 501
f 553 554 558
f 558 557 553
f 454 556 560
f 560 499 454
f 556 555 559
f 559 560 556
f 596 574 598
f 598 650 596
f 664 581 566
f 566 668 664
f 589 564 597
f 597 643 589
f 590 580 604
f 604 644 590
f 591 579 603
f 603 645 591
f 592 578 602
f 602 646 592
f 593 577 601
f 601 647 593
f 594 576 600
f 600 648 594
f 595 575 599
f 599 649 595
f 666 565 587
f 587 652 666
f 652 587 586
f 586 654 652
f 654 586 585
f 585 656 654
f 656 585 584
f 584 658 656
f 658 584 583
f 583 660 658
f 660 583 582
f 582 662 660
f 662 582 581
f 581 664 662
f 581 596 650
f 581 650 588
f 581 588 566
f 565 589 643
f 565 643 590
f 565 590 587
f 587 590 644
f 587 644 591
f 587 591 586
f 586 591 645
f 586 645 592
f 586 592 585
f 585 592 646
f 585 646 593
f 585 593 584
f 584 593 647
f 584 647 594
f 584 594 583
f 583 594 648
f 583 648 595
f 583 595 582
f 582 595 649
f 582 649 596
f 582 596 581
f 565 607 608
f 608 589 565
f 589 608 606
f 606 564 589
f 666 670 607
f 607 565 666
f 588 612 611
f 611 566 588
f 614 623 609
f 609 561 614
f 563 610 612
f 612 588 563
f 567 621 614
f 614 561 567
f 562 613 615
f 615 573 562
f 573 615 616
f 616 572 573
f 572 616 617
f 617 571 572
f 571 617 618
f 618 570 571
f 570 618 619
f 619 569 570
f 569 619 620
f 620 568 569
f 568 620 621
f 621 567 568
f 562 605 622
f 622 613 562
f 667 671 623
f 623 614 667
f 606 641 625
f 625 564 606
f 601 637 628
f 628 576 601
f 575 627 635
f 635 599 575
f 599 635 626
f 626 574 599
f 597 633 632
f 632 580 597
f 580 632 640
f 640 604 580
f 604 640 631
f 631 579 604
f 578 630 638
f 638 602 578
f 602 638 629
f 629 577 602
f 576 628 636
f 636 600 576
f 600 636 627
f 627 575 600
f 574 626 634
f 634 598 574
f 563 624 642
f 642 610 563
f 598 634 624
f 624 563 598
f 564 625 633
f 633 597 564
f 579 631 639
f 639 603 579
f 603 639 630
f 630 578 603
f 577 629 637
f 637 601 577
f 643 597 580
f 580 590 643
f 644 604 579
f 579 591 644
f 645 603 578
f 578 592 645
f 646 602 577
f 577 593 646
f 647 601 576
f 576 594 647
f 648 600 575
f 575 595 648
f 649 599 574
f 574 596 649
f 650 598 563
f 563 588 650
f 621 663 667
f 667 614 621
f 663 664 668
f 668 667 663
f 613 665 651
f 651 615 613
f 665 666 652
f 652 651 665
f 615 651 653
f 653 616 615
f 651 652 654
f 654 653 651
f 616 653 655
f 655 617 616
f 653 654 656
f 656 655 653
f 617 655 657
f 657 618 617
f 655 656 658
f 658 657 655
f 618 657 659
f 659 619 618
f 657 658 660
f 660 659 657
f 619 659 661
f 661 620 619
f 659 660 662
f 662 661 659
f 620 661 663
f 663 621 620
f 661 662 664
f 664 663 661
f 613 622 669
f 669 665 613
f 665 669 670
f 670 666 665
f 566 611 672
f 672 668 566
f 668 672 671
f 671 667 668
f 708 762 710
f 710 686 708
f 776 780 678
f 678 693 776
f 701 755 709
f 709 676 701
f 702 756 716
f 716 692 702
f 703 757 715
f 715 691 703
f 704 758 714
f 714 690 704
f 705 759 713
f 713 689 705
f 706 760 712
f 712 688 706
f 707 761 711
f 711 687 707
f 778 764 699
f 699 677 778
f 764 766 698
f 698 699 764
f 766 768 697
f 697 698 766
f 768 770 696
f 696 697 768
f 770 772 695
f 695 696 770
f 772 774 694
f 694 695 772
f 774 776 693
f 693 694 774
f 693 678 700
f 693 700 762
f 693 762 708
f 677 699 702
f 677 702 755
f 677 755 701
f 699 698 703
f 699 703 756
f 699 756 702
f 698 697 704
f 698 704 757
f 698 757 703
f 697 696 705
f 697 705 758
f 697 758 704
f 696 695 706
f 696 706 759
f 696 759 705
f 695 694 707
f 695 707 760
f 695 760 706
f 694 693 708
f 694 708 761
f 694 761 707
f 677 701 720
f 720 719 677
f 701 676 718
f 718 720 701
f 778 677 719
f 719 782 778
f 700 678 723
f 723 724 700
f 726 673 721
f 721 735 726
f 675 700 724
f 724 722 675
f 679 673 726
f 726 733 679
f 674 685 727
f 727 725 674
f 685 684 728
f 728 727 685
f 684 683 729
f 729 728 684
f 683 682 730
f 730 729 683
f 682 681 731
f 731 730 682
f 681 680 732
f 732 731 681
f 680 679 733
f 733 732 680
f 674 725 734
f 734 717 674
f 779 726 735
f 735 783 779
f 718 676 737
f 737 753 718
f 713 688 740
f 740 749 713
f 687 711 747
f 747 739 687
f 711 686 738
f 738 747 711
f 709 692 744
f 744 745 709
f 692 716 752
f 752 744 692
f 716 691 743
f 743 752 716
f 690 714 750
f 750 742 690
f 714 689 741
f 741 750 714
f 688 712 748
f 748 740 688
f 712 687 739
f 739 748 712
f 686 710 746
f 746 738 686
f 675 722 754
f 754 736 675
f 710 675 736
f 736 746 710
f 676 709 745
f 745 737 676
f 691 715 751
f 751 743 691
f 715 690 742
f 742 751 715
f 689 713 749
f 749 741 689
f 755 702 692
f 692 709 755
f 756 703 691
f 691 716 756
f 757 704 690
f 690 715 757
f 758 705 689
f 689 714 758
f 759 706 688
f 688 713 759
f 760 707 687
f 687 712 760
f 761 708 686
f 686 711 761
f 762 700 675
f 675 710 762
f 733 726 779
f 779 775 733
f 775 779 780
f 780 776 775
f 725 727 763
f 763 777 725
f 777 763 764
f 764 778 777
f 727 728 765
f 765 763 727
f 763 765 766
f 766 764 763
f 728 729 767
f 767 765 728
f 765 767 768
f 768 766 765
f 729 730 769
f 769 767 729
f 767 769 770
f 770 768 767
f 730 731 771
f 771 769 730
f 769 771 772
f 772 770 769
f 731 732 773
f 773 771 731
f 771 773 774
f 774 772 771
f 732 733 775
f 775 773 732
f 773 775 776
f 776 774 773
f 725 777 781
f 781 734 725
f 777 778 782
f 782 781 777
f 678 780 784
f 784 723 678
f 780 779 783
f 783 784 780
f 820 798 822
f 822 874 820
f 888 805 790
f 790 892 888
f 813 788 821
f 821 867 813
f 814 804 828
f 828 868 814
f 815 803 827
f 827 869 815
f 816 802 826
f 826 870 816
f 817 801 825
f 825 871 817
f 818 800 824
f 824 872 818
f 819 799 823
f 823 873 819
f 890 789 811
f 811 876 890
f 876 811 810
f 810 878 876
f 878 810 809
f 809 880 878
f 880 809 808
f 808 882 880
f 882 808 807
f 807 884 882
f 884 807 806
f 806 886 884
f 886 806 805
f 805 888 886
f 805 820 874
f 805 874 812
f 805 812 790
f 789 813 867
f 789 867 814
f 789 814 811
f 811 814 868
f 811 868 815
f 811 815 810
f 810 815 869
f 810 869 816
f 810 816 809
f 809 816 870
f 809 870 817
f 809 817 808
f 808 817 871
f 808 871 818
f 808 818 807
f 807 818 872
f 807 872 819
f 807 819 806
f 806 819 873
f 806 873 820
f 806 820 805
f 789 831 832
f 832 813 789
f 813 832 830
f 830 788 813
f 890 894 831
f 831 789 890
f 812 836 835
f 835 790 812
f 838 847 833
f 833 785 838
f 787 834 836
f 836 812 787
f 791 845 838
f 838 785 791
f 786 837 839
f 839 797 786
f 797 839 840
f 840 796 797
f 796 840 841
f 841 795 796
f 795 841 842
f 842 794 795
f 794 842 843
f 843 793 794
f 793 843 844
f 844 792 793
f 792 844 845
f 845 791 792
f 786 829 846
f 846 837 786
f 891 895 847
f 847 838 891
f 830 865 849
f 849 788 830
f 825 861 852
f 852 800 825
f 799 851 859
f 859 823 799
f 823 859 850
f 850 798 823
f 821 857 856
f 856 804 821
f 804 856 864
f 864 828 804
f 828 864 855
f 855 803 828
f 802 854 862
f 862 826 802
f 826 862 853
f 853 801 826
f 800 852 860
f 860 824 800
f 824 860 851
f 851 799 824
f 798 850 858
f 858 822 798
f 787 848 866
f 866 834 787
f 822 858 848
f 848 787 822
f 788 849 857
f 857 821 788
f 803 855 863
f 863 827 803
f 827 863 854
f 854 802 827
f 801 853 861
f 861 825 801
f 867 821 804
f 804 814 867
f 868 828 803
f 803 815 868
f 869 827 802
f 802 816 869
f 870 826 801
f 801 817 870
f 871 825 800
f 800 818 871
f 872 824 799
f 799 819 872
f 873 823 798
f 798 820 873
f 874 822 787
f 787 812 874
f 845 887 891
f 891 838 845
f 887 888 892
f 892 891 887
f 837 889 875
f 875 839 837
f 889 890 876
f 876 875 889
f 839 875 877
f 877 840 839
f 875 876 878
f 878 877 875
f 840 877 879
f 879 841 840
f 877 878 880
f 880 879 877
f 841 879 881
f 881 842 841
f 879 880 882
f 882 881 879
f 842 881 883
f 883 843 842
f 881 882 884
f 884 883 881
f 843 883 885
f 885 844 843
f 883 884 886
f 886 885 883
f 844 885 887
f 887 845 844
f 885 886 888
f 888 887 885
f 837 846 893
f 893 889 837
f 889 893 894
f 894 890 889
f 790 835 896
f 896 892 790
f 892 896 895
f 895 891 892
f 932 986 934
f 934 910 932
f 1000 1004 902
f 902 917 1000
f 925 979 933
f 933 900 925
f 926 980 940
f 940 916 926
f 927 981 939
f 939 915 927
f 928 982 938
f 938 914 928
f 929 983 937
f 937 913 929
f 930 984 936
f 936 912 930
f 931 985 935
f 935 911 931
f 1002 988 923
f 923 901 1002
f 988 990 922
f 922 923 988
f 990 992 921
f 921 922 990
f 992 994 920
f 920 921 992
f 994 996 919
f 919 920 994
f 996 998 918
f 918 919 996
f 998 1000 917
f 917 918 998
f 917 902 924
f 917 924 986
f 917 986 932
f 901 923 926
f 901 926 979
f 901 979 925
f 923 922 927
f 923 927 980
f 923 980 926
f 922 921 928
f 922 928 981
f 922 981 927
f 921 920 929
f 921 929 982
f 921 982 928
f 920 919 930
f 920 930 983
f 920 983 929
f 919 918 931
f 919 931 984
f 919 984 930
f 918 917 932
f 918 932 985
f 918 985 931
f 901 925 944
f 944 943 901
f 925 900 942
f 942 944 925
f 1002 901 943
f 943 1006 1002
f 924 902 947
f 947 948 924
f 950 897 945
f 945 959 950
f 899 924 948
f 948 946 899
f 903 897 950
f 950 957 903
f 898 909 951
f 951 949 898
f 909 908 952
f 952 951 909
f 908 907 953
f 953 952 908
f 907 906 954
f 954 953 907
f 906 905 955
f 955 954 906
f 905 904 956
f 956 955 905
f 904 903 957
f 957 956 904
f 898 949 958
f 958 941 898
f 1003 950 959
f 959 1007 1003
f 942 900 961
f 961 977 942
f 937 912 964
f 964 973 937
f 911 935 971
f 971 963 911
f 935 910 962
f 962 971 935
f 933 916 968
f 968 969 933
f 916 940 976
f 976 968 916
f 940 915 967
f 967 976 940
f 914 938 974
f 974 966 914
f 938 913 965
f 965 974 938
f 912 936 972
f 972 964 912
f 936 911 963
f 963 972 936
f 910 934 970
f 970 962 910
f 899 946 978
f 978 960 899
f 934 899 960
f 960 970 934
f 900 933 969
f 969 961 900
f 915 939 975
f 975 967 915
f 939 914 966
f 966 975 939
f 913 937 973
f 973 965 913
f 979 926 916
f 916 933 979
f 980 927 915
f 915 940 980
f 981 928 914
f 914 939 981
f 982 929 913
f 913 938 982
f 983 930 912
f 912 937 983
f 984 931 911
f 911 936 984
f 985 932 910
f 910 935 985
f 986 924 899
f 899 934 986
f 957 950 1003
f 1003 999 957
f 999 1003 1004
f 1004 1000 999
f 949 951 987
f 987 1001 949
f 1001 987 988
f 988 1002 1001
f 951 952 989
f 989 987 951
f 987 989 990
f 990 988 987
f 952 953 991
f 991 989 952
f 989 991 992
f 992 990 989
f 953 954 993
f 993 991 953
f 991 993 994
f 994 992 991
f 954 955 995
f 995 993 954
f 993 995 996
f 996 994 993
f 955 956 997
f 997 995 955
f 995 997 998
f 998 996 995
f 956 957 999
f 999 997 956
f 997 999 1000
f 1000 998 997
f 949 1001 1005
f 1005 958 949
f 1001 1002 1006
f 1006 1005 1001
f 902 1004 1008
f 1008 947 902
f 1004 1003 1007
f 1007 1008 1004
f 1044 1098 1046
f 1046 1022 1044
f 1112 1116 1014
f 1014 1029 1112
f 1037 1091 1045
f 1045 1012 1037
f 1038 1092 1052
f 1052 1028 1038
f 1039 1093 1051
f 1051 1027 1039
f 1040 1094 1050
f 1050 1026 1040
f 1041 1095 1049
f 1049 1025 1041
f 1042 1096 1048
f 1048 1024 1042
f 1043 1097 1047
f 1047 1023 1043
f 1114 1100 1035
f 1035 1013 1114
f 1100 1102 1034
f 1034 1035 1100
f 1102 1104 1033
f 1033 1034 1102
f 1104 1106 1032
f 1032 1033 1104
f 1106 1108 1031
f 1031 1032 1106
f 1108 1110 1030
f 1030 1031 1108
f 1110 1112 1029
f 1029 1030 1110
f 1029 1014 1036
f 1029 1036 1098
f 1029 1098 1044
f 1013 1035 1038
f 1013 1038 1091
f 1013 1091 1037
f 1035 1034 1039
f 1035 1039 1092
f 1035 1092 1038
f 1034 1033 1040
f 1034 1040 1093
f 1034 1093 1039
f 1033 1032 1041
f 1033 1041 1094
f 1033 1094 1040
f 1032 1031 1042
f 1032 1042 1095
f 1032 1095 1041
f 1031 1030 1043
f 1031 1043 1096
f 1031 1096 1042
f 1030 1029 1044
f 1030 1044 1097
f 1030 1097 1043
f 1013 1037 1056
f 1056 1055 1013
f 1037 1012 1054
f 1054 1056 1037
f 1114 1013 1055
f 1055 1118 1114
f 1036 1014 1059
f 1059 1060 1036
f 1062 1009 1057
f 1057 1071 1062
f 1011 1036 1060
f 1060 1058 1011
f 1015 1009 1062
f 1062 1069 1015
f 1010 1021 1063
f 1063 1061 1010
f 1021 1020 1064
f 1064 1063 1021
f 1020 1019 1065
f 1065 1064 1020
f 1019 1018 1066
f 1066 1065 1019
f 1018 1017 1067
f 1067 1066 1018
f 1017 1016 1068
f 1068 1067 1017
f 1016 1015 1069
f 1069 1068 1016
f 1010 1061 1070
f 1070 1053 1010
f 1115 1062 1071
f 1071 1119 1115
f 1054 1012 1073
f 1073 1089 1054
f 1049 1024 1076
f 1076 1085 1049
f 1023 1047 1083
f 1083 1075 1023
f 1047 1022 1074
f 1074 1083 1047
f 1045 1028 1080
f 1080 1081 1045
f 1028 1052 1088
f 1088 1080 1028
f 1052 1027 1079
f 1079 1088 1052
f 1026 1050 1086
f 1086 1078 1026
f 1050 1025 1077
f 1077 1086 1050
f 1024 1048 1084
f 1084 1076 1024
f 1048 1023 1075
f 1075 1084 1048
f 1022 1046 1082
f 1082 1074 1022
f 1011 1058 1090
f 1090 1072 1011
f 1046 1011 1072
f 1072 1082 1046
f 1012 1045 1081
f 1081 1073 1012
f 1027 1051 1087
f 1087 1079 1027
f 1051 1026 1078
f 1078 1087 1051
f 1025 1049 1085
f 1085 1077 1025
f 1091 1038 1028
f 1028 1045 1091
f 1092 1039 1027
f 1027 1052 1092
f 1093 1040 1026
f 1026 1051 1093
f 1094 1041 1025
f 1025 1050 1094
f 1095 1042 1024
f 1024 1049 1095
f 1096 1043 1023
f 1023 1048 1096
f 1097 1044 1022
f 1022 1047 1097
f 1098 1036 1011
f 1011 1046 1098
f 1069 1062 1115
f 1115 1111 1069
f 1111 1115 1116
f 1116 1112 1111
f 1061 1063 1099
f 1099 1113 1061
f 1113 1099 1100
f 1100 1114 1113
f 1063 1064 1101
f 1101 1099 1063
f 1099 1101 1102
f 1102 1100 1099
f 1064 1065 1103
f 1103 1101 1064
f 1101 1103 1104
f 1104 1102 1101
f 1065 1066 1105
f 1105 1103 1065
f 1103 1105 1106
f 1106 1104 1103
f 1066 1067 1107
f 1107 1105 1066
f 1105 1107 1108
f 1108 1106 1105
f 1067 1068 1109
f 1109 1107 1067
f 1107 1109 1110
f 1110 1108 1107
f 1068 1069 1111
f 1111 1109 1068
f 1109 1111 1112
f 1112 1110 1109
f 1061 1113 1117
f 1117 1070 1061
f 1113 1114 1118
f 1118 1117 1113
f 1014 1116 1120
f 1120 1059 1014
f 1116 1115 1119
f 1119 1120 1116
f 1156 1134 1158
f 1158 1210 1156
f 1224 1141 1126
f 1126 1228 1224
f 1149 1124 1157
f 1157 1203 1149
f 1150 1140 1164
f 1164 1204 1150
f 1151 1139 1163
f 1163 1205 1151
f 1152 1138 1162
f 1162 1206 1152
f 1153 1137 1161
f 1161 1207 1153
f 1154 1136 1160
f 1160 1208 1154
f 1155 1135 1159
f 1159 1209 1155
f 1226 1125 1147
f 1147 1212 1226
f 1212 1147 1146
f 1146 1214 1212
f 1214 1146 1145
f 1145 1216 1214
f 1216 1145 1144
f 1144 1218 1216
f 1218 1144 1143
f 1143 1220 1218
f 1220 1143 1142
f 1142 1222 1220
f 1222 1142 1141
f 1141 1224 1222
f 1141 1156 1210
f 1141 1210 1148
f 1141 1148 1126
f 1125 1149 1203
f 1125 1203 1150
f 1125 1150 1147
f 1147 1150 1204
f 1147 1204 1151
f 1147 1151 1146
f 1146 1151 1205
f 1146 1205 1152
f 1146 1152 1145
f 1145 1152 1206
f 1145 1206 1153
f 1145 1153 1144
f 1144 1153 1207
f 1144 1207 1154
f 1144 1154 1143
f 1143 1154 1208
f 1143 1208 1155
f 1143 1155 1142
f 1142 1155 1209
f 1142 1209 1156
f 1142 1156 1141
f 1125 1167 1168
f 1168 1149 1125
f 1149 1168 1166
f 1166 1124 1149
f 1226 1230 1167
f 1167 1125 1226
f 1148 1172 1171
f 1171 1126 1148
f 1174 1183 1169
f 1169 1121 1174
f 1123 1170 1172
f 1172 1148 1123
f 1127 1181 1174
f 1174 1121 1127
f 1122 1173 1175
f 1175 1133 1122
f 1133 1175 1176
f 1176 1132 1133
f 1132 1176 1177
f 1177 1131 1132
f 1131 1177 1178
f 1178 1130 1131
f 1130 1178 1179
f 1179 1129 1130
f 1129 1179 1180
f 1180 1128 1129
f 1128 1180 1181
f 1181 1127 1128
f 1122 1165 1182
f 1182 1173 1122
f 1227 1231 1183
f 1183 1174 1227
f 1166 1201 1185
f 1185 1124 1166
f 1161 1197 1188
f 1188 1136 1161
f 1135 1187 1195
f 1195 1159 1135
f 1159 1195 1186
f 1186 1134 1159
f 1157 1193 1192
f 1192 1140 1157
f 1140 1192 1200
f 1200 1164 1140
f 1164 1200 1191
f 1191 1139 1164
f 1138 1190 1198
f 1198 1162 1138
f 1162 1198 1189
f 1189 1137 1162
f 1136 1188 1196
f 1196 1160 1136
f 1160 1196 1187
f 1187 1135 1160
f 1134 1186 1194
f 1194 1158 1134
f 1123 1184 1202
f 1202 1170 1123
f 1158 1194 1184
f 1184 1123 1158
f 1124 1185 1193
f 1193 1157 1124
f 1139 1191 1199
f 1199 1163 1139
f 1163 1199 1190
f 1190 1138 1163
f 1137 1189 1197
f 1197 1161 1137
f 1203 1157 1140
f 1140 1150 1203
f 1204 1164 1139
f 1139 1151 1204
f 1205 1163 1138
f 1138 1152 1205
f 1206 1162 1137
f 1137 1153 1206
f 1207 1161 1136
f 1136 1154 1207
f 1208 1160 1135
f 1135 1155 1208
f 1209 1159 1134
f 1134 1156 1209
f 1210 1158 1123
f 1123 1148 1210
f 1181 1223 1227
f 1227 1174 1181
f 1223 1224 1228
f 1228 1227 1223
f 1173 1225 1211
f 1211 1175 1173
f 1225 1226 1212
f 1212 1211 1225
f 1175 1211 1213
f 1213 1176 1175
f 1211 1212 1214
f 1214 1213 1211
f 1176 1213 1215
f 1215 1177 1176
f 1213 1214 1216
f 1216 1215 1213
f 1177 1215 1217
f 1217 1178 1177
f 1215 1216 1218
f 1218 1217 1215
f 1178 1217 1219
f 1219 1179 1178
f 1217 1218 1220
f 1220 1219 1217
f 1179 1219 1221
f 1221 1180 1179
f 1219 1220 1222
f 1222 1221 1219
f 1180 1221 1223
f 1223 1181 1180
f 1221 1222 1224
f 1224 1223 1221
f 1173 1182 1229
f 1229 1225 1173
f 1225 1229 1230
f 1230 1226 1225
f 1126 1171 1232
f 1232 1228 1126
f 1228 1232 1231
f 1231 1227 1228
f 1268 1322 1270
f 1270 1246 1268
f 1336 1340 1238
f 1238 1253 1336
f 1261 1315 1269
f 1269 1236 1261
f 1262 1316 1276
f 1276 1252 1262
f 1263 1317 1275
f 1275 1251 1263
f 1264 1318 1274
f 1274 1250 1264
f 1265 1319 1273
f 1273 1249 1265
f 1266 1320 1272
f 1272 1248 1266
f 1267 1321 1271
f 1271 1247 1267
f 1338 1324 1259
f 1259 1237 1338
f 1324 1326 1258
f 1258 1259 1324
f 1326 1328 1257
f 1257 1258 1326
f 1328 1330 1256
f 1256 1257 1328
f 1330 1332 1255
f 1255 1256 1330
f 1332 1334 1254
f 1254 1255 1332
f 1334 1336 1253
f 1253 1254 1334
f 1253 1238 1260
f 1253 1260 1322
f 1253 1322 1268
f 1237 1259 1262
f 1237 1262 1315
f 1237 1315 1261
f 1259 1258 1263
f 1259 1263 1316
f 1259 1316 1262
f 1258 1257 1264
f 1258 1264 1317
f 1258 1317 1263
f 1257 1256 1265
f 1257 1265 1318
f 1257 1318 1264
f 1256 1255 1266
f 1256 1266 1319
f 1256 1319 1265
f 1255 1254 1267
f 1255 1267 1320
f 1255 1320 1266
f 1254 1253 1268
f 1254 1268 1321
f 1254 1321 1267
f 1237 1261 1280
f 1280 1279 1237
f 1261 1236 1278
f 1278 1280 1261
f 1338 1237 1279
f 1279 1342 1338
f 1260 1238 1283
f 1283 1284 1260
f 1286 1233 1281
f 1281 1295 1286
f 1235 1260 1284
f 1284 1282 1235
f 1239 1233 1286
f 1286 1293 1239
f 1234 1245 1287
f 1287 1285 1234
f 1245 1244 1288
f 1288 1287 1245
f 1244 1243 1289
f 1289 1288 1244
f 1243 1242 1290
f 1290 1289 1243
f 1242 1241 1291
f 1291 1290 1242
f 1241 1240 1292
f 1292 1291 1241
f 1240 1239 1293
f 1293 1292 1240
f 1234 1285 1294
f 1294 1277 1234
f 1339 1286 1295
f 1295 1343 1339
f 1278 1236 1297
f 1297 1313 1278
f 1273 1248 1300
f 1300 1309 1273
f 1247 1271 1307
f 1307 1299 1247
f 1271 1246 1298
f 1298 1307 1271
f 1269 1252 1304
f 1304 1305 1269
f 1252 1276 1312
f 1312 1304 1252
f 1276 1251 1303
f 1303 1312 1276
f 1250 1274 1310
f 1310 1302 1250
f 1274 1249 1301
f 1301 1310 1274
f 1248 1272 1308
f 1308 1300 1248
f 1272 1247 1299
f 1299 1308 1272
f 1246 1270 1306
f 1306 1298 1246
f 1235 1282 1314
f 1314 1296 1235
f 1270 1235 1296
f 1296 1306 1270
f 1236 1269 1305
f 1305 1297 1236
f 1251 1275 1311
f 1311 1303 1251
f 1275 1250 1302
f 1302 1311 1275
f 1249 1273 1309
f 1309 1301 1249
f 1315 1262 1252
f 1252 1269 1315
f 1316 1263 1251
f 1251 1276 1316
f 1317 1264 1250
f 1250 1275 1317
f 1318 1265 1249
f 1249 1274 1318
f 1319 1266 1248
f 1248 1273 1319
f 1320 1267 1247
f 1247 1272 1320
f 1321 1268 1246
f 1246 1271 1321
f 1322 1260 1235
f 1235 1270 1322
f 1293 1286 1339
f 1339 1335 1293
f 1335 1339 1340
f 1340 1336 1335
f 1285 1287 1323
f 1323 1337 1285
f 1337 1323 1324
f 1324 1338 1337
f 1287 1288 1325
f 1325 1323 1287
f 1323 1325 1326
f 1326 1324 1323
f 1288 1289 1327
f 1327 1325 1288
f 1325 1327 1328
f 1328 1326 1325
f 1289 1290 1329
f 1329 1327 1289
f 1327 1329 1330
f 1330 1328 1327
f 1290 1291 1331
f 1331 1329 1290
f 1329 1331 1332
f 1332 1330 1329
f 1291 1292 1333
f 1333 1331 1291
f 1331 1333 1334
f 1334 1332 1331
f 1292 1293 1335
f 1335 1333 1292
f 1333 1335 1336
f 1336 1334 1333
f 1285 1337 1341
f 1341 1294 1285
f 1337 1338 1342
f 1342 1341 1337
f 1238 1340 1344
f 1344 1283 1238
f 1340 1339 1343
f 1343 1344 1340
f 1380 1358 1382
f 1382 1434 1380
f 1448 1365 1350
f 1350 1452 1448
f 1373 1348 1381
f 1381 1427 1373
f 1374 1364 1388
f 1388 1428 1374
f 1375 1363 1387
f 1387 1429 1375
f 1376 1362 1386
f 1386 1430 1376
f 1377 1361 1385
f 1385 1431 1377
f 1378 1360 1384
f 1384 1432 1378
f 1379 1359 1383
f 1383 1433 1379
f 1450 1349 1371
f 1371 1436 1450
f 1436 1371 1370
f 1370 1438 1436
f 1438 1370 1369
f 1369 1440 1438
f 1440 1369 1368
f 1368 1442 1440
f 1442 1368 1367
f 1367 1444 1442
f 1444 1367 1366
f 1366 1446 1444
f 1446 1366 1365
f 1365 1448 1446
f 1365 1380 1434
f 1365 1434 1372
f 1365 1372 1350
f 1349 1373 1427
f 1349 1427 1374
f 1349 1374 1371
f 1371 1374 1428
f 1371 1428 1375
f 1371 1375 1370
f 1370 1375 1429
f 1370 1429 1376
f 1370 1376 1369
f 1369 1376 1430
f 1369 1430 1377
f 1369 1377 1368
f 1368 1377 1431
f 1368 1431 1378
f 1368 1378 1367
f 1367 1378 1432
f 1367 1432 1379
f 1367 1379 1366
f 1366 1379 1433
f 1366 1433 1380
f 1366 1380 1365
f 1349 1391 1392
f 1392 1373 1349
f 1373 1392 1390
f 1390 1348 1373
f 1450 1454 1391
f 1391 1349 1450
f 1372 1396 1395
f 1395 1350 1372
f 1398 1407 1393
f 1393 1345 1398
f 1347 1394 1396
f 1396 1372 1347
f 1351 1405 1398
f 1398 1345 1351
f 1346 1397 1399
f 1399 1357 1346
f 1357 1399 1400
f 1400 1356 1357
f 1356 1400 1401
f 1401 1355 1356
f 1355 1401 1402
f 1402 1354 1355
f 1354 1402 1403
f 1403 1353 1354
f 1353 1403 1404
f 1404 1352 1353
f 1352 1404 1405
f 1405 1351 1352
f 1346 1389 1406
f 1406 1397 1346
f 1451 1455 1407
f 1407 1398 1451
f 1390 1425 1409
f 1409 1348 1390
f 1385 1421 1412
f 1412 1360 1385
f 1359 1411 1419
f 1419 1383 1359
f 1383 1419 1410
f 1410 1358 1383
f 1381 1417 1416
f 1416 1364 1381
f 1364 1416 1424
f 1424 1388 1364
f 1388 1424 1415
f 1415 1363 1388
f 1362 1414 1422
f 1422 1386 1362
f 1386 1422 1413
f 1413 1361 1386
f 1360 1412 1420
f 1420 1384 1360
f 1384 1420 1411
f 1411 1359 1384
f 1358 1410 1418
f 1418 1382 1358
f 1347 1408 1426
f 1426 1394 1347
f 1382 1418 1408
f 1408 1347 1382
f 1348 1409 1417
f 1417 1381 1348
f 1363 1415 1423
f 1423 1387 1363
f 1387 1423 1414
f 1414 1362 1387
f 1361 1413 1421
f 1421 1385 1361
f 1427 1381 1364
f 1364 1374 1427
f 1428 1388 1363
f 1363 1375 1428
f 1429 1387 1362
f 1362 1376 1429
f 1430 1386 1361
f 1361 1377 1430
f 1431 1385 1360
f 1360 1378 1431
f 1432 1384 1359
f 1359 1379 1432
f 1433 1383 1358
f 1358 1380 1433
f 1434 1382 1347
f 1347 1372 1434
f 1405 1447 1451
f 1451 1398 1405
f 1447 1448 1452
f 1452 1451 1447
f 1397 1449 1435
f 1435 1399 1397
f 1449 1450 1436
f 1436 1435 1449
f 1399 1435 1437
f 1437 1400 1399
f 1435 1436 1438
f 1438 1437 1435
f 1400 1437 1439
f 1439 1401 1400
f 1437 1438 1440
f 1440 1439 1437
f 1401 1439 1441
f 1441 1402 1401
f 1439 1440 1442
f 1442 1441 1439
f 1402 1441 1443
f 1443 1403 1402
f 1441 1442 1444
f 1444 1443 1441
f 1403 1443 1445
f 1445 1404 1403
f 1443 1444 1446
f 1446 1445 1443
f 1404 1445 1447
f 1447 1405 1404
f 1445 1446 1448
f 1448 1447 1445
f 1397 1406 1453
f 1453 1449 1397
f 1449 1453 1454
f 1454 1450 1449
f 1350 1395 1456
f 1456 1452 1350
f 1452 1456 1455
f 1455 1451 1452
f 1492 1470 1494
f 1494 1546 1492
f 1560 1477 1462
f 1462 1564 1560
f 1485 1460 1493
f 1493 1539 1485
f 1486 1476 1500
f 1500 1540 1486
f 1487 1475 1499
f 1499 1541 1487
f 1488 1474 1498
f 1498 1542 1488
f 1489 1473 1497
f 1497 1543 1489
f 1490 1472 1496
f 1496 1544 1490
f 1491 1471 1495
f 1495 1545 1491
f 1562 1461 1483
f 1483 1548 1562
f 1548 1483 1482
f 1482 1550 1548
f 1550 1482 1481
f 1481 1552 1550
f 1552 1481 1480
f 1480 1554 1552
f 1554 1480 1479
f 1479 1556 1554
f 1556 1479 1478
f 1478 1558 1556
f 1558 1478 1477
f 1477 1560 1558
f 1477 1492 1546
f 1477 1546 1484
f 1477 1484 1462
f 1461 1485 1539
f 1461 1539 1486
f 1461 1486 1483
f 1483 1486 1540
f 1483 1540 1487
f 1483 1487 1482
f 1482 1487 1541
f 1482 1541 1488
f 1482 1488 1481
f 1481 1488 1542
f 1481 1542 1489
f 1481 1489 1480
f 1480 1489 1543
f 1480 1543 1490
f 1480 1490 1479
f 1479 1490 1544
f 1479 1544 1491
f 1479 1491 1478
f 1478 1491 1545
f 1478 1545 1492
f 1478 1492 1477
f 1461 1503 1504
f 1504 1485 1461
f 1485 1504 1502
f 1502 1460 1485
f 1562 1566 1503
f 1503 1461 1562
f 1484 1508 1507
f 1507 1462 1484
f 1510 1519 1505
f 1505 1457 1510
f 1459 1506 1508
f 1508 1484 1459
f 1463 1517 1510
f 1510 1457 1463
f 1458 1509 1511
f 1511 1469 1458
f 1469 1511 1512
f 1512 1468 1469
f 1468 1512 1513
f 1513 1467 1468
f 1467 1513 1514
f 1514 1466 1467
f 1466 1514 1515
f 1515 1465 1466
f 1465 1515 1516
f 1516 1464 1465
f 1464 1516 1517
f 1517 1463 1464
f 1458 1501 1518
f 1518 1509 1458
f 1563 1567 1519
f 1519 1510 1563
f 1502 1537 1521
f 1521 1460 1502
f 1497 1533 1524
f 1524 1472 1497
f 1471 1523 1531
f 1531 1495 1471
f 1495 1531 1522
f 1522 1470 1495
f 1493 1529 1528
f 1528 1476 1493
f 1476 1528 1536
f 1536 1500 1476
f 1500 1536 1527
f 1527 1475 1500
f 1474 1526 1534
f 1534 1498 1474
f 1498 1534 1525
f 1525 1473 1498
f 1472 1524 1532
f 1532 1496 1472
f 1496 1532 1523
f 1523 1471 1496
f 1470 1522 1530
f 1530 1494 1470
f 1459 1520 1538
f 1538 1506 1459
f 1494 1530 1520
f 1520 1459 1494
f 1460 1521 1529
f 1529 1493 1460
f 1475 1527 1535
f 1535 1499 1475
f 1499 1535 1526
f 1526 1474 1499
f 1473 1525 1533
f 1533 1497 1473
f 1539 1493 1476
f 1476 1486 1539
f 1540 1500 1475
f 1475 1487 1540
f 1541 1499 1474
f 1474 1488 1541
f 1542 1498 1473
f 1473 1489 1542
f 1543 1497 1472
f 1472 1490 1543
f 1544 1496 1471
f 1471 1491 1544
f 1545 1495 1470
f 1470 1492 1545
f 1546 1494 1459
f 1459 1484 1546
f 1517 1559 1563
f 1563 1510 1517
f 1559 1560 1564
f 1564 1563 1559
f 1509 1561 1547
f 1547 1511 1509
f 1561 1562 1548
f 1548 1547 1561
f 1511 1547 1549
f 1549 1512 1511
f 1547 1548 1550
f 1550 1549 1547
f 1512 1549 1551
f 1551 1513 1512
f 1549 1550 1552
f 1552 1551 1549
f 1513 1551 1553
f 1553 1514 1513
f 1551 1552 1554
f 1554 1553 1551
f 1514 1553 1555
f 1555 1515 1514
f 1553 1554 1556
f 1556 1555 1553
f 1515 1555 1557
f 1557 1516 1515
f 1555 1556 1558
f 1558 1557 1555
f 1516 1557 1559
f 1559 1517 1516
f 1557 1558 1560
f 1560 1559 1557
f 1509 1518 1565
f 1565 1561 1509
f 1561 1565 1566
f 1566 1562 1561
f 1462 1507 1568
f 1568 1564 1462
f 1564 1568 1567
f 1567 1563 1564
f 1604 1582 1606
f 1606 1658 1604
f 1672 1589 1574
f 1574 1676 1672
f 1597 1572 1605
f 1605 1651 1597
f 1598 1588 1612
f 1612 1652 1598
f 1599 1587 1611
f 1611 1653 1599
f 1600 1586 1610
f 1610 1654 1600
f 1601 1585 1609
f 1609 1655 1601
f 1602 1584 1608
f 1608 1656 1602
f 1603 1583 1607
f 1607 1657 1603
f 1674 1573 1595
f 1595 1660 1674
f 1660 1595 1594
f 1594 1662 1660
f 1662 1594 1593
f 1593 1664 1662
f 1664 1593 1592
f 1592 1666 1664
f 1666 1592 1591
f 1591 1668 1666
f 1668 1591 1590
f 1590 1670 1668
f 1670 1590 1589
f 1589 1672 1670
f 1589 1604 1658
f 1589 1658 1596
f 1589 1596 1574
f 1573 1597 1651
f 1573 1651 1598
f 1573 1598 1595
f 1595 1598 1652
f 1595 1652 1599
f 1595 1599 1594
f 1594 1599 1653
f 1594 1653 1600
f 1594 1600 1593
f 1593 1600 1654
f 1593 1654 1601
f 1593 1601 1592
f 1592 1601 1655
f 1592 1655 1602
f 1592 1602 1591
f 1591 1602 1656
f 1591 1656 1603
f 1591 1603 1590
f 1590 1603 1657
f 1590 1657 1604
f 1590 1604 1589
f 1573 1615 1616
f 1616 1597 1573
f 1597 1616 1614
f 1614 1572 1597
f 1674 1678 1615
f 1615 1573 1674
f 1596 1620 1619
f 1619 1574 1596
f 1622 1631 1617
f 1617 1569 1622
f 1571 1618 1620
f 1620 1596 1571
f 1575 1629 1622
f 1622 1569 1575
f 1570 1621 1623
f 1623 1581 1570
f 1581 1623 1624
f 1624 1580 1581
f 1580 1624 1625
f 1625 1579 1580
f 1579 1625 1626
f 1626 1578 1579
f 1578 1626 1627
f 1627 1577 1578
f 1577 1627 1628
f 1628 1576 1577
f 1576 1628 1629
f 1629 1575 1576
f 1570 1613 1630
f 1630 1621 1570
f 1675 1679 1631
f 1631 1622 1675
f 1614 1649 1633
f 1633 1572 1614
f 1609 1645 1636
f 1636 1584 1609
f 1583 1635 1643
f 1643 1607 1583
f 1607 1643 1634
f 1634 1582 1607
f 1605 1641 1640
f 1640 1588 1605
f 1588 1640 1648
f 1648 1612 1588
f 1612 1648 1639
f 1639 1587 1612
f 1586 1638 1646
f 1646 1610 1586
f 1610 1646 1637
f 1637 1585 1610
f 1584 1636 1644
f 1644 1608 1584
f 1608 1644 1635
f 1635 1583 1608
f 1582 1634 1642
f 1642 1606 1582
f 1571 1632 1650
f 1650 1618 1571
f 1606 1642 1632
f 1632 1571 1606
f 1572 1633 1641
f 1641 1605 1572
f 1587 1639 1647
f 1647 1611 1587
f 1611 1647 1638
f 1638 1586 1611
f 1585 1637 1645
f 1645 1609 1585
f 1651 1605 1588
f 1588 1598 1651
f 1652 1612 1587
f 1587 1599 1652
f 1653 1611 1586
f 1586 1600 1653
f 1654 1610 1585
f 1585 1601 1654
f 1655 1609 1584
f 1584 1602 1655
f 1656 1608 1583
f 1583 1603 1656
f 1657 1607 1582
f 1582 1604 1657
f 1658 1606 1571
f 1571 1596 1658
f 1629 1671 1675
f 1675 1622 1629
f 1671 1672 1676
f 1676 1675 1671
f 1621 1673 1659
f 1659 1623 1621
f 1673 1674 1660
f 1660 1659 1673
f 1623 1659 1661
f 1661 1624 1623
f 1659 1660 1662
f 1662 1661 1659
f 1624 1661 1663
f 1663 1625 1624
f 1661 1662 1664
f 1664 1663 1661
f 1625 1663 1665
f 1665 1626 1625
f 1663 1664 1666
f 1666 1665 1663
f 1626 1665 1667
f 1667 1627 1626
f 1665 1666 1668
f 1668 1667 1665
f 1627 1667 1669
f 1669 1628 1627
f 1667 1668 1670
f 1670 1669 1667
f 1628 1669 1671
f 1671 1629 1628
f 1669 1670 1672
f 1672 1671 1669
f 1621 1630 1677
f 1677 1673 1621
f 1673 1677 1678
f 1678 1674 1673
f 1574 1619 1680
f 1680 1676 1574
f 1676 1680 1679
f 1679 1675 1676
f 1716 1770 1718
f 1718 1694 1716
f 1784 1788 1686
f 1686 1701 1784
f 1709 1763 1717
f 1717 1684 1709
f 1710 1764 1724
f 1724 1700 1710
f 1711 1765 1723
f 1723 1699 1711
f 1712 1766 1722
f 1722 1698 1712
f 1713 1767 1721
f 1721 1697 1713
f 1714 1768 1720
f 1720 1696 1714
f 1715 1769 1719
f 1719 1695 1715
f 1786 1772 1707
f 1707 1685 1786
f 1772 1774 1706
f 1706 1707 1772
f 1774 1776 1705
f 1705 1706 1774
f 1776 1778 1704
f 1704 1705 1776
f 1778 1780 1703
f 1703 1704 1778
f 1780 1782 1702
f 1702 1703 1780
f 1782 1784 1701
f 1701 1702 1782
f 1701 1686 1708
f 1701 1708 1770
f 1701 1770 1716
f 1685 1707 1710
f 1685 1710 1763
f 1685 1763 1709
f 1707 1706 1711
f 1707 1711 1764
f 1707 1764 1710
f 1706 1705 1712
f 1706 1712 1765
f 1706 1765 1711
f 1705 1704 1713
f 1705 1713 1766
f 1705 1766 1712
f 1704 1703 1714
f 1704 1714 1767
f 1704 1767 1713
f 1703 1702 1715
f 1703 1715 1768
f 1703 1768 1714
f 1702 1701 1716
f 1702 1716 1769
f 1702 1769 1715
f 1685 1709 1728
f 1728 1727 1685
f 1709 1684 1726
f 1726 1728 1709
f 1786 1685 1727
f 1727 1790 1786
f 1708 1686 1731
f 1731 1732 1708
f 1734 1681 1729
f 1729 1743 1734
f 1683 1708 1732
f 1732 1730 1683
f 1687 1681 1734
f 1734 1741 1687
f 1682 1693 1735
f 1735 1733 1682
f 1693 1692 1736
f 1736 1735 1693
f 1692 1691 1737
f 1737 1736 1692
f 1691 1690 1738
f 1738 1737 1691
f 1690 1689 1739
f 1739 1738 1690
f 1689 1688 1740
f 1740 1739 1689
f 1688 1687 1741
f 1741 1740 1688
f 1682 1733 1742
f 1742 1725 1682
f 1787 1734 1743
f 1743 1791 1787
f 1726 1684 1745
f 1745 1761 1726
f 1721 1696 1748
f 1748 1757 1721
f 1695 1719 1755
f 1755 1747 1695
f 1719 1694 1746
f 1746 1755 1719
f 1717 1700 1752
f 1752 1753 1717
f 1700 1724 1760
f 1760 1752 1700
f 1724 1699 1751
f 1751 1760 1724
f 1698 1722 1758
f 1758 1750 1698
f 1722 1697 1749
f 1749 1758 1722
f 1696 1720 1756
f 1756 1748 1696
f 1720 1695 1747
f 1747 1756 1720
f 1694 1718 1754
f 1754 1746 1694
f 1683 1730 1762
f 1762 1744 1683
f 1718 1683 1744
f 1744 1754 1718
f 1684 1717 1753
f 1753 1745 1684
f 1699 1723 1759
f 1759 1751 1699
f 1723 1698 1750
f 1750 1759 1723
f 1697 1721 1757
f 1757 1749 1697
f 1763 1710 1700
f 1700 1717 1763
f 1764 1711 1699
f 1699 1724 1764
f 1765 1712 1698
f 1698 1723 1765
f 1766 1713 1697
f 1697 1722 1766
f 1767 1714 1696
f 1696 1721 1767
f 1768 1715 1695
f 1695 1720 1768
f 1769 1716 1694
f 1694 1719 1769
f 1770 1708 1683
f 1683 1718 1770
f 1741 1734 1787
f 1787 1783 1741
f 1783 1787 1788
f 1788 1784 1783
f 1733 1735 1771
f 1771 1785 1733
f 1785 1771 1772
f 1772 1786 1785
f 1735 1736 1773
f 1773 1771 1735
f 1771 1773 1774
f 1774 1772 1771
f 1736 1737 1775
f 1775 1773 1736
f 1773 1775 1776
f 1776 1774 1773
f 1737 1738 1777
f 1777 1775 1737
f 1775 1777 1778
f 1778 1776 1775
f 1738 1739 1779
f 1779 1777 1738
f 1777 1779 1780
f 1780 1778 1777
f 1739 1740 1781
f 1781 1779 1739
f 1779 1781 1782
f 1782 1780 1779
f 1740 1741 1783
f 1783 1781 1740
f 1781 1783 1784
f 1784 1782 1781
f 1733 1785 1789
f 1789 1742 1733
f 1785 1786 1790
f 1790 1789 1785
f 1686 1788 1792
f 1792 1731 1686
f 1788 1787 1791
f 1791 1792 1788
f 1828 1882 1830
f 1830 1806 1828
f 1896 1900 1798
f 1798 1813 1896
f 1821 1875 1829
f 1829 1796 1821
f 1822 1876 1836
f 1836 1812 1822
f 1823 1877 1835
f 1835 1811 1823
f 1824 1878 1834
f 1834 1810 1824
f 1825 1879 1833
f 1833 1809 1825
f 1826 1880 1832
f 1832 1808 1826
f 1827 1881 1831
f 1831 1807 1827
f 1898 1884 1819
f 1819 1797 1898
f 1884 1886 1818
f 1818 1819 1884
f 1886 1888 1817
f 1817 1818 1886
f 1888 1890 1816
f 1816 1817 1888
f 1890 1892 1815
f 1815 1816 1890
f 1892 1894 1814
f 1814 1815 1892
f 1894 1896 1813
f 1813 1814 1894
f 1813 1798 1820
f 1813 1820 1882
f 1813 1882 1828
f 1797 1819 1822
f 1797 1822 1875
f 1797 1875 1821
f 1819 1818 1823
f 1819 1823 1876
f 1819 1876 1822
f 1818 1817 1824
f 1818 1824 1877
f 1818 1877 1823
f 1817 1816 1825
f 1817 1825 1878
f 1817 1878 1824
f 1816 1815 1826
f 1816 1826 1879
f 1816 1879 1825
f 1815 1814 1827
f 1815 1827 1880
f 1815 1880 1826
f 1814 1813 1828
f 1814 1828 1881
f 1814 1881 1827
f 1797 1821 1840
f 1840 1839 1797
f 1821 1796 1838
f 1838 1840 1821
f 1898 1797 1839
f 1839 1902 1898
f 1820 1798 1843
f 1843 1844 1820
f 1846 1793 1841
f 1841 1855 1846
f 1795 1820 1844
f 1844 1842 1795
f 1799 1793 1846
f 1846 1853 1799
f 1794 1805 1847
f 1847 1845 1794
f 1805 1804 1848
f 1848 1847 1805
f 1804 1803 1849
f 1849 1848 1804
f 1803 1802 1850
f 1850 1849 1803
f 1802 1801 1851
f 1851 1850 1802
f 1801 1800 1852
f 1852 1851 1801
f 1800 1799 1853
f 1853 1852 1800
f 1794 1845 1854
f 1854 1837 1794
f 1899 1846 1855
f 1855 1903 1899
f 1838 1796 1857
f 1857 1873 1838
f 1833 1808 1860
f 1860 1869 1833
f 1807 1831 1867
f 1867 1859 1807
f 1831 1806 1858
f 1858 1867 1831
f 1829 1812 1864
f 1864 1865 1829
f 1812 1836 1872
f 1872 1864 1812
f 1836 1811 1863
f 1863 1872 1836
f 1810 1834 1870
f 1870 1862 1810
f 1834 1809 1861
f 1861 1870 1834
f 1808 1832 1868
f 1868 1860 1808
f 1832 1807 1859
f 1859 1868 1832
f 1806 1830 1866
f 1866 1858 1806
f 1795 1842 1874
f 1874 1856 1795
f 1830 1795 1856
f 1856 1866 1830
f 1796 1829 1865
f 1865 1857 1796
f 1811 1835 1871
f 1871 1863 1811
f 1835 1810 1862
f 1862 1871 1835
f 1809 1833 1869
f 1869 1861 1809
f 1875 1822 1812
f 1812 1829 1875
f 1876 1823 1811
f 1811 1836 1876
f 1877 1824 1810
f 1810 1835 1877
f 1878 1825 1809
f 1809 1834 1878
f 1879 1826 1808
f 1808 1833 1879
f 1880 1827 1807
f 1807 1832 1880
f 1881 1828 1806
f 1806 1831 1881
f 1882 1820 1795
f 1795 1830 1882
f 1853 1846 1899
f 1899 1895 1853
f 1895 1899 1900
f 1900 1896 1895
f 1845 1847 1883
f 1883 1897 1845
f 1897 1883 1884
f 1884 1898 1897
f 1847 1848 1885
f 1885 1883 1847
f 1883 1885 1886
f 1886 1884 1883
f 1848 1849 1887
f 1887 1885 1848
f 1885 1887 1888
f 1888 1886 1885
f 1849 1850 1889
f 1889 1887 1849
f 1887 1889 1890
f 1890 1888 1887
f 1850 1851 1891
f 1891 1889 1850
f 1889 1891 1892
f 1892 1890 1889
f 1851 1852 1893
f 1893 1891 1851
f 1891 1893 1894
f 1894 1892 1891
f 1852 1853 1895
f 1895 1893 1852
f 1893 1895 1896
f 1896 1894 1893
f 1845 1897 1901
f 1901 1854 1845
f 1897 1898 1902
f 1902 1901 1897
f 1798 1900 1904
f 1904 1843 1798
f 1900 1899 1903
f 1903 1904 1900
f 1940 1994 1942
f 1942 1918 1940
f 2008 2012 1910
f 1910 1925 2008
f 1933 1987 1941
f 1941 1908 1933
f 1934 1988 1948
f 1948 1924 1934
f 1935 1989 1947
f 1947 1923 1935
f 1936 1990 1946
f 1946 1922 1936
f 1937 1991 1945
f 1945 1921 1937
f 1938 1992 1944
f 1944 1920 1938
f 1939 1993 1943
f 1943 1919 1939
f 2010 1996 1931
f 1931 1909 2010
f 1996 1998 1930
f 1930 1931 1996
f 1998 2000 1929
f 1929 1930 1998
f 2000 2002 1928
f 1928 1929 2000
f 2002 2004 1927
f 1927 1928 2002
f 2004 2006 1926
f 1926 1927 2004
f 2006 2008 1925
f 1925 1926 2006
f 1925 1910 1932
f 1925 1932 1994
f 1925 1994 1940
f 1909 1931 1934
f 1909 1934 1987
f 1909 1987 1933
f 1931 1930 1935
f 1931 1935 1988
f 1931 1988 1934
f 1930 1929 1936
f 1930 1936 1989
f 1930 1989 1935
f 1929 1928 1937
f 1929 1937 1990
f 1929 1990 1936
f 1928 1927 1938
f 1928 1938 1991
f 1928 1991 1937
f 1927 1926 1939
f 1927 1939 1992
f 1927 1992 1938
f 1926 1925 1940
f 1926 1940 1993
f 1926 1993 1939
f 1909 1933 1952
f 1952 1951 1909
f 1933 1908 1950
f 1950 1952 1933
f 2010 1909 1951
f 1951 2014 2010
f 1932 1910 1955
f 1955 1956 1932
f 1958 1905 1953
f 1953 1967 1958
f 1907 1932 1956
f 1956 1954 1907
f 1911 1905 1958
f 1958 1965 1911
f 1906 1917 1959
f 1959 1957 1906
f 1917 1916 1960
f 1960 1959 1917
f 1916 1915 1961
f 1961 1960 1916
f 1915 1914 1962
f 1962 1961 1915
f 1914 1913 1963
f 1963 1962 1914
f 1913 1912 1964
f 1964 1963 1913
f 1912 1911 1965
f 1965 1964 1912
f 1906 1957 1966
f 1966 1949 1906
f 2011 1958 1967
f 1967 2015 2011
f 1950 1908 1969
f 1969 1985 1950
f 1945 1920 1972
f 1972 1981 1945
f 1919 1943 1979
f 1979 1971 1919
f 1943 1918 1970
f 1970 1979 1943
f 1941 1924 1976
f 1976 1977 1941
f 1924 1948 1984
f 1984 1976 1924
f 1948 1923 1975
f 1975 1984 1948
f 1922 1946 1982
f 1982 1974 1922
f 1946 1921 1973
f 1973 1982 1946
f 1920 1944 1980
f 1980 1972 1920
f 1944 1919 1971
f 1971 1980 1944
f 1918 1942 1978
f 1978 1970 1918
f 1907 1954 1986
f 1986 1968 1907
f 1942 1907 1968
f 1968 1978 1942
f 1908 1941 1977
f 1977 1969 1908
f 1923 1947 1983
f 1983 1975 1923
f 1947 1922 1974
f 1974 1983 1947
f 1921 1945 1981
f 1981 1973 1921
f 1987 1934 1924
f 1924 1941 1987
f 1988 1935 1923
f 1923 1948 1988
f 1989 1936 1922
f 1922 1947 1989
f 1990 1937 1921
f 1921 1946 1990
f 1991 1938 1920
f 1920 1945 1991
f 1992 1939 1919
f 1919 1944 1992
f 1993 1940 1918
f 1918 1943 1993
f 1994 1932 1907
f 1907 1942 1994
f 1965 1958 2011
f 2011 2007 1965
f 2007 2011 2012
f 2012 2008 2007
f 1957 1959 1995
f 1995 2009 1957
f 2009 1995 1996
f 1996 2010 2009
f 1959 1960 1997
f 1997 1995 1959
f 1995 1997 1998
f 1998 1996 1995
f 1960 1961 1999
f 1999 1997 1960
f 1997 1999 2000
f 2000 1998 1997
f 1961 1962 2001
f 2001 1999 1961
f 1999 2001 2002
f 2002 2000 1999
f 1962 1963 2003
f 2003 2001 1962
f 2001 2003 2004
f 2004 2002 2001
f 1963 1964 2005
f 2005 2003 1963
f 2003 2005 2006
f 2006 2004 2003
f 1964 1965 2007
f 2007 2005 1964
f 2005 2007 2008
f 2008 2006 2005
f 1957 2009 2013
f 2013 1966 1957
f 2009 2010 2014
f 2014 2013 2009
f 1910 2012 2016
f 2016 1955 1910
f 2012 2011 2015
f 2015 2016 2012
f 2052 2030 2054
f 2054 2106 2052
f 2120 2037 2022
f 2022 2124 2120
f 2045 2020 2053
f 2053 2099 2045
f 2046 2036 2060
f 2060 2100 2046
f 2047 2035 2059
f 2059 2101 2047
f 2048 2034 2058
f 2058 2102 2048
f 2049 2033 2057
f 2057 2103 2049
f 2050 2032 2056
f 2056 2104 2050
f 2051 2031 2055
f 2055 2105 2051
f 2122 2021 2043
f 2043 2108 2122
f 2108 2043 2042
f 2042 2110 2108
f 2110 2042 2041
f 2041 2112 2110
f 2112 2041 2040
f 2040 2114 2112
f 2114 2040 2039
f 2039 2116 2114
f 2116 2039 2038
f 2038 2118 2116
f 2118 2038 2037
f 2037 2120 2118
f 2037 2052 2106
f 2037 2106 2044
f 2037 2044 2022
f 2021 2045 2099
f 2021 2099 2046
f 2021 2046 2043
f 2043 2046 2100
f 2043 2100 2047
f 2043 2047 2042
f 2042 2047 2101
f 2042 2101 2048
f 2042 2048 2041
f 2041 2048 2102
f 2041 2102 2049
f 2041 2049 2040
f 2040 2049 2103
f 2040 2103 2050
f 2040 2050 2039
f 2039 2050 2104
f 2039 2104 2051
f 2039 2051 2038
f 2038 2051 2105
f 2038 2105 2052
f 2038 2052 2037
f 2021 2063 2064
f 2064 2045 2021
f 2045 2064 2062
f 2062 2020 2045
f 2122 2126 2063
f 2063 2021 2122
f 2044 2068 2067
f 2067 2022 2044
f 2070 2079 2065
f 2065 2017 2070
f 2019 2066 2068
f 2068 2044 2019
f 2023 2077 2070
f 2070 2017 2023
f 2018 2069 2071
f 2071 2029 2018
f 2029 2071 2072
f 2072 2028 2029
f 2028 2072 2073
f 2073 2027 2028
f 2027 2073 2074
f 2074 2026 2027
f 2026 2074 2075
f 2075 2025 2026
f 2025 2075 2076
f 2076 2024 2025
f 2024 2076 2077
f 2077 2023 2024
f 2018 2061 2078
f 2078 2069 2018
f 2123 2127 2079
f 2079 2070 2123
f 2062 2097 2081
f 2081 2020 2062
f 2057 2093 2084
f 2084 2032 2057
f 2031 2083 2091
f 2091 2055 2031
f 2055 2091 2082
f 2082 2030 2055
f 2053 2089 2088
f 2088 2036 2053
f 2036 2088 2096
f 2096 2060 2036
f 2060 2096 2087
f 2087 2035 2060
f 2034 2086 2094
f 2094 2058 2034
f 2058 2094 2085
f 2085 2033 2058
f 2032 2084 2092
f 2092 2056 2032
f 2056 2092 2083
f 2083 2031 2056
f 2030 2082 2090
f 2090 2054 2030
f 2019 2080 2098
f 2098 2066 2019
f 2054 2090 2080
f 2080 2019 2054
f 2020 2081 2089
f 2089 2053 2020
f 2035 2087 2095
f 2095 2059 2035
f 2059 2095 2086
f 2086 2034 2059
f 2033 2085 2093
f 2093 2057 2033
f 2099 2053 2036
f 2036 2046 2099
f 2100 2060 2035
f 2035 2047 2100
f 2101 2059 2034
f 2034 2048 2101
f 2102 2058 2033
f 2033 2049 2102
f 2103 2057 2032
f 2032 2050 2103
f 2104 2056 2031
f 2031 2051 2104
f 2105 2055 2030
f 2030 2052 2105
f 2106 2054 2019
f 2019 2044 2106
f 2077 2119 2123
f 2123 2070 2077
f 2119 2120 2124
f 2124 2123 2119
f 2069 2121 2107
f 2107 2071 2069
f 2121 2122 2108
f 2108 2107 2121
f 2071 2107 2109
f 2109 2072 2071
f 2107 2108 2110
f 2110 2109 2107
f 2072 2109 2111
f 2111 2073 2072
f 2109 2110 2112
f 2112 2111 2109
f 2073 2111 2113
f 2113 2074 2073
f 2111 2112 2114
f 2114 2113 2111
f 2074 2113 2115
f 2115 2075 2074
f 2113 2114 2116
f 2116 2115 2113
f 2075 2115 2117
f 2117 2076 2075
f 2115 2116 2118
f 2118 2117 2115
f 2076 2117 2119
f 2119 2077 2076
f 2117 2118 2120
f 2120 2119 2117
f 2069 2078 2125
f 2125 2121 2069
f 2121 2125 2126
f 2126 2122 2121
f 2022 2067 2128
f 2128 2124 2022
f 2124 2128 2127
f 2127 2123 2124
f 2164 2218 2166
f 2166 2142 2164
f 2232 2236 2134
f 2134 2149 2232
f 2157 2211 2165
f 2165 2132 2157
f 2158 2212 2172
f 2172 2148 2158
f 2159 2213 2171
f 2171 2147 2159
f 2160 2214 2170
f 2170 2146 2160
f 2161 2215 2169
f 2169 2145 2161
f 2162 2216 2168
f 2168 2144 2162
f 2163 2217 2167
f 2167 2143 2163
f 2234 2220 2155
f 2155 2133 2234
f 2220 2222 2154
f 2154 2155 2220
f 2222 2224 2153
f 2153 2154 2222
f 2224 2226 2152
f 2152 2153 2224
f 2226 2228 2151
f 2151 2152 2226
f 2228 2230 2150
f 2150 2151 2228
f 2230 2232 2149
f 2149 2150 2230
f 2149 2134 2156
f 2149 2156 2218
f 2149 2218 2164
f 2133 2155 2158
f 2133 2158 2211
f 2133 2211 2157
f 2155 2154 2159
f 2155 2159 2212
f 2155 2212 2158
f 2154 2153 2160
f 2154 2160 2213
f 2154 2213 2159
f 2153 2152 2161
f 2153 2161 2214
f 2153 2214 2160
f 2152 2151 2162
f 2152 2162 2215
f 2152 2215 2161
f 2151 2150 2163
f 2151 2163 2216
f 2151 2216 2162
f 2150 2149 2164
f 2150 2164 2217
f 2150 2217 2163
f 2133 2157 2176
f 2176 2175 2133
f 2157 2132 2174
f 2174 2176 2157
f 2234 2133 2175
f 2175 2238 2234
f 2156 2134 2179
f 2179 2180 2156
f 2182 2129 2177
f 2177 2191 2182
f 2131 2156 2180
f 2180 2178 2131
f 2135 2129 2182
f 2182 2189 2135
f 2130 2141 2183
f 2183 2181 2130
f 2141 2140 2184
f 2184 2183 2141
f 2140 2139 2185
f 2185 2184 2140
f 2139 2138 2186
f 2186 2185 2139
f 2138 2137 2187
f 2187 2186 2138
f 2137 2136 2188
f 2188 2187 2137
f 2136 2135 2189
f 2189 2188 2136
f 2130 2181 2190
f 2190 2173 2130
f 2235 2182 2191
f 2191 2239 2235
f 2174 2132 2193
f 2193 2209 2174
f 2169 2144 2196
f 2196 2205 2169
f 2143 2167 2203
f 2203 2195 2143
f 2167 2142 2194
f 2194 2203 2167
f 2165 2148 2200
f 2200 2201 2165
f 2148 2172 2208
f 2208 2200 2148
f 2172 2147 2199
f 2199 2208 2172
f 2146 2170 2206
f 2206 2198 2146
f 2170 2145 2197
f 2197 2206 2170
f 2144 2168 2204
f 2204 2196 2144
f 2168 2143 2195
f 2195 2204 2168
f 2142 2166 2202
f 2202 2194 2142
f 2131 2178 2210
f 2210 2192 2131
f 2166 2131 2192
f 2192 2202 2166
f 2132 2165 2201
f 2201 2193 2132
f 2147 2171 2207
f 2207 2199 2147
f 2171 2146 2198
f 2198 2207 2171
f 2145 2169 2205
f 2205 2197 2145
f 2211 2158 2148
f 2148 2165 2211
f 2212 2159 2147
f 2147 2172 2212
f 2213 2160 2146
f 2146 2171 2213
f 2214 2161 2145
f 2145 2170 2214
f 2215 2162 2144
f 2144 2169 2215
f 2216 2163 2143
f 2143 2168 2216
f 2217 2164 2142
f 2142 2167 2217
f 2218 2156 2131
f 2131 2166 2218
f 2189 2182 2235
f 2235 2231 2189
f 2231 2235 2236
f 2236 2232 2231
f 2181 2183 2219
f 2219 2233 2181
f 2233 2219 2220
f 2220 2234 2233
f 2183 2184 2221
f 2221 2219 2183
f 2219 2221 2222
f 2222 2220 2219
f 2184 2185 2223
f 2223 2221 2184
f 2221 2223 2224
f 2224 2222 2221
f 2185 2186 2225
f 2225 2223 2185
f 2223 2225 2226
f 2226 2224 2223
f 2186 2187 2227
f 2227 2225 2186
f 2225 2227 2228
f 2228 2226 2225
f 2187 2188 2229
f 2229 2227 2187
f 2227 2229 2230
f 2230 2228 2227
f 2188 2189 2231
f 2231 2229 2188
f 2229 2231 2232
f 2232 2230 2229
f 2181 2233 2237
f 2237 2190 2181
f 2233 2234 2238
f 2238 2237 2233
f 2134 2236 2240
f 2240 2179 2134
f 2236 2235 2239
f 2239 2240 2236
f 2276 2254 2278
f 2278 2330 2276
f 2344 2261 2246
f 2246 2348 2344
f 2269 2244 2277
f 2277 2323 2269
f 2270 2260 2284
f 2284 2324 2270
f 2271 2259 2283
f 2283 2325 2271
f 2272 2258 2282
f 2282 2326 2272
f 2273 2257 2281
f 2281 2327 2273
f 2274 2256 2280
f 2280 2328 2274
f 2275 2255 2279
f 2279 2329 2275
f 2346 2245 2267
f 2267 2332 2346
f 2332 2267 2266
f 2266 2334 2332
f 2334 2266 2265
f 2265 2336 2334
f 2336 2265 2264
f 2264 2338 2336
f 2338 2264 2263
f 2263 2340 2338
f 2340 2263 2262
f 2262 2342 2340
f 2342 2262 2261
f 2261 2344 2342
f 2261 2276 2330
f 2261 2330 2268
f 2261 2268 2246
f 2245 2269 2323
f 2245 2323 2270
f 2245 2270 2267
f 2267 2270 2324
f 2267 2324 2271
f 2267 2271 2266
f 2266 2271 2325
f 2266 2325 2272
f 2266 2272 2265
f 2265 2272 2326
f 2265 2326 2273
f 2265 2273 2264
f 2264 2273 2327
f 2264 2327 2274
f 2264 2274 2263
f 2263 2274 2328
f 2263 2328 2275
f 2263 2275 2262
f 2262 2275 2329
f 2262 2329 2276
f 2262 2276 2261
f 2245 2287 2288
f 2288 2269 2245
f 2269 2288 2286
f 2286 2244 2269
f 2346 2350 2287
f 2287 2245 2346
f 2268 2292 2291
f 2291 2246 2268
f 2294 2303 2289
f 2289 2241 2294
f 2243 2290 2292
f 2292 2268 2243
f 2247 2301 2294
f 2294 2241 2247
f 2242 2293 2295
f 2295 2253 2242
f 2253 2295 2296
f 2296 2252 2253
f 2252 2296 2297
f 2297 2251 2252
f 2251 2297 2298
f 2298 2250 2251
f 2250 2298 2299
f 2299 2249 2250
f 2249 2299 2300
f 2300 2248 2249
f 2248 2300 2301
f 2301 2247 2248
f 2242 2285 2302
f 2302 2293 2242
f 2347 2351 2303
f 2303 2294 2347
f 2286 2321 2305
f 2305 2244 2286
f 2281 2317 2308
f 2308 2256 2281
f 2255 2307 2315
f 2315 2279 2255
f 2279 2315 2306
f 2306 2254 2279
f 2277 2313 2312
f 2312 2260 2277
f 2260 2312 2320
f 2320 2284 2260
f 2284 2320 2311
f 2311 2259 2284
f 2258 2310 2318
f 2318 2282 2258
f 2282 2318 2309
f 2309 2257 2282
f 2256 2308 2316
f 2316 2280 2256
f 2280 2316 2307
f 2307 2255 2280
f 2254 2306 2314
f 2314 2278 2254
f 2243 2304 2322
f 2322 2290 2243
f 2278 2314 2304
f 2304 2243 2278
f 2244 2305 2313
f 2313 2277 2244
f 2259 2311 2319
f 2319 2283 2259
f 2283 2319 2310
f 2310 2258 2283
f 2257 2309 2317
f 2317 2281 2257
f 2323 2277 2260
f 2260 2270 2323
f 2324 2284 2259
f 2259 2271 2324
f 2325 2283 2258
f 2258 2272 2325
f 2326 2282 2257
f 2257 2273 2326
f 2327 2281 2256
f 2256 2274 2327
f 2328 2280 2255
f 2255 2275 2328
f 2329 2279 2254
f 2254 2276 2329
f 2330 2278 2243
f 2243 2268 2330
f 2301 2343 2347
f 2347 2294 2301
f 2343 2344 2348
f 2348 2347 2343
f 2293 2345 2331
f 2331 2295 2293
f 2345 2346 2332
f 2332 2331 2345
f 2295 2331 2333
f 2333 2296 2295
f 2331 2332 2334
f 2334 2333 2331
f 2296 2333 2335
f 2335 2297 2296
f 2333 2334 2336
f 2336 2335 2333
f 2297 2335 2337
f 2337 2298 2297
f 2335 2336 2338
f 2338 2337 2335
f 2298 2337 2339
f 2339 2299 2298
f 2337 2338 2340
f 2340 2339 2337
f 2299 2339 2341
f 2341 2300 2299
f 2339 2340 2342
f 2342 2341 2339
f 2300 2341 2343
f 2343 2301 2300
f 2341 2342 2344
f 2344 2343 2341
f 2293 2302 2349
f 2349 2345 2293
f 2345 2349 2350
f 2350 2346 2345
f 2246 2291 2352
f 2352 2348 2246
f 2348 2352 2351
f 2351 2347 2348
f 2388 2442 2390
f 2390 2366 2388
f 2456 2460 2358
f 2358 2373 2456
f 2381 2435 2389
f 2389 2356 2381
f 2382 2436 2396
f 2396 2372 2382
f 2383 2437 2395
f 2395 2371 2383
f 2384 2438 2394
f 2394 2370 2384
f 2385 2439 2393
f 2393 2369 2385
f 2386 2440 2392
f 2392 2368 2386
f 2387 2441 2391
f 2391 2367 2387
f 2458 2444 2379
f 2379 2357 2458
f 2444 2446 2378
f 2378 2379 2444
f 2446 2448 2377
f 2377 2378 2446
f 2448 2450 2376
f 2376 2377 2448
f 2450 2452 2375
f 2375 2376 2450
f 2452 2454 2374
f 2374 2375 2452
f 2454 2456 2373
f 2373 2374 2454
f 2373 2358 2380
f 2373 2380 2442
f 2373 2442 2388
f 2357 2379 2382
f 2357 2382 2435
f 2357 2435 2381
f 2379 2378 2383
f 2379 2383 2436
f 2379 2436 2382
f 2378 2377 2384
f 2378 2384 2437
f 2378 2437 2383
f 2377 2376 2385
f 2377 2385 2438
f 2377 2438 2384
f 2376 2375 2386
f 2376 2386 2439
f 2376 2439 2385
f 2375 2374 2387
f 2375 2387 2440
f 2375 2440 2386
f 2374 2373 2388
f 2374 2388 2441
f 2374 2441 2387
f 2357 2381 2400
f 2400 2399 2357
f 2381 2356 2398
f 2398 2400 2381
f 2458 2357 2399
f 2399 2462 2458
f 2380 2358 2403
f 2403 2404 2380
f 2406 2353 2401
f 2401 2415 2406
f 2355 2380 2404
f 2404 2402 2355
f 2359 2353 2406
f 2406 2413 2359
f 2354 2365 2407
f 2407 2405 2354
f 2365 2364 2408
f 2408 2407 2365
f 2364 2363 2409
f 2409 2408 2364
f 2363 2362 2410
f 2410 2409 2363
f 2362 2361 2411
f 2411 2410 2362
f 2361 2360 2412
f 2412 2411 2361
f 2360 2359 2413
f 2413 2412 2360
f 2354 2405 2414
f 2414 2397 2354
f 2459 2406 2415
f 2415 2463 2459
f 2398 2356 2417
f 2417 2433 2398
f 2393 2368 2420
f 2420 2429 2393
f 2367 2391 2427
f 2427 2419 2367
f 2391 2366 2418
f 2418 2427 2391
f 2389 2372 2424
f 2424 2425 2389
f 2372 2396 2432
f 2432 2424 2372
f 2396 2371 2423
f 2423 2432 2396
f 2370 2394 2430
f 2430 2422 2370
f 2394 2369 2421
f 2421 2430 2394
f 2368 2392 2428
f 2428 2420 2368
f 2392 2367 2419
f 2419 2428 2392
f 2366 2390 2426
f 2426 2418 2366
f 2355 2402 2434
f 2434 2416 2355
f 2390 2355 2416
f 2416 2426 2390
f 2356 2389 2425
f 2425 2417 2356
f 2371 2395 2431
f 2431 2423 2371
f 2395 2370 2422
f 2422 2431 2395
f 2369 2393 2429
f 2429 2421 2369
f 2435 2382 2372
f 2372 2389 2435
f 2436 2383 2371
f 2371 2396 2436
f 2437 2384 2370
f 2370 2395 2437
f 2438 2385 2369
f 2369 2394 2438
f 2439 2386 2368
f 2368 2393 2439
f 2440 2387 2367
f 2367 2392 2440
f 2441 2388 2366
f 2366 2391 2441
f 2442 2380 2355
f 2355 2390 2442
f 2413 2406 2459
f 2459 2455 2413
f 2455 2459 2460
f 2460 2456 2455
f 2405 2407 2443
f 2443 2457 2405
f 2457 2443 2444
f 2444 2458 2457
f 2407 2408 2445
f 2445 2443 2407
f 2443 2445 2446
f 2446 2444 2443
f 2408 2409 2447
f 2447 2445 2408
f 2445 2447 2448
f 2448 2446 2445
f 2409 2410 2449
f 2449 2447 2409
f 2447 2449 2450
f 2450 2448 2447
f 2410 2411 2451
f 2451 2449 2410
f 2449 2451 2452
f 2452 2450 2449
f 2411 2412 2453
f 2453 2451 2411
f 2451 2453 2454
f 2454 2452 2451
f 2412 2413 2455
f 2455 2453 2412
f 2453 2455 2456
f 2456 2454 2453
f 2405 2457 2461
f 2461 2414 2405
f 2457 2458 2462
f 2462 2461 2457
f 2358 2460 2464
f 2464 2403 2358
f 2460 2459 2463
f 2463 2464 2460
f 2500 2554 2502
f 2502 2478 2500
f 2568 2572 2470
f 2470 2485 2568
f 2493 2547 2501
f 2501 2468 2493
f 2494 2548 2508
f 2508 2484 2494
f 2495 2549 2507
f 2507 2483 2495
f 2496 2550 2506
f 2506 2482 2496
f 2497 2551 2505
f 2505 2481 2497
f 2498 2552 2504
f 2504 2480 2498
f 2499 2553 2503
f 2503 2479 2499
f 2570 2556 2491
f 2491 2469 2570
f 2556 2558 2490
f 2490 2491 2556
f 2558 2560 2489
f 2489 2490 2558
f 2560 2562 2488
f 2488 2489 2560
f 2562 2564 2487
f 2487 2488 2562
f 2564 2566 2486
f 2486 2487 2564
f 2566 2568 2485
f 2485 2486 2566
f 2485 2470 2492
f 2485 2492 2554
f 2485 2554 2500
f 2469 2491 2494
f 2469 2494 2547
f 2469 2547 2493
f 2491 2490 2495
f 2491 2495 2548
f 2491 2548 2494
f 2490 2489 2496
f 2490 2496 2549
f 2490 2549 2495
f 2489 2488 2497
f 2489 2497 2550
f 2489 2550 2496
f 2488 2487 2498
f 2488 2498 2551
f 2488 2551 2497
f 2487 2486 2499
f 2487 2499 2552
f 2487 2552 2498
f 2486 2485 2500
f 2486 2500 2553
f 2486 2553 2499
f 2469 2493 2512
f 2512 2511 2469
f 2493 2468 2510
f 2510 2512 2493
f 2570 2469 2511
f 2511 2574 2570
f 2492 2470 2515
f 2515 2516 2492
f 2518 2465 2513
f 2513 2527 2518
f 2467 2492 2516
f 2516 2514 2467
f 2471 2465 2518
f 2518 2525 2471
f 2466 2477 2519
f 2519 2517 2466
f 2477 2476 2520
f 2520 2519 2477
f 2476 2475 2521
f 2521 2520 2476
f 2475 2474 2522
f 2522 2521 2475
f 2474 2473 2523
f 2523 2522 2474
f 2473 2472 2524
f 2524 2523 2473
f 2472 2471 2525
f 2525 2524 2472
f 2466 2517 2526
f 2526 2509 2466
f 2571 2518 2527
f 2527 2575 2571
f 2510 2468 2529
f 2529 2545 2510
f 2505 2480 2532
f 2532 2541 2505
f 2479 2503 2539
f 2539 2531 2479
f 2503 2478 2530
f 2530 2539 2503
f 2501 2484 2536
f 2536 2537 2501
f 2484 2508 2544
f 2544 2536 2484
f 2508 2483 2535
f 2535 2544 2508
f 2482 2506 2542
f 2542 2534 2482
f 2506 2481 2533
f 2533 2542 2506
f 2480 2504 2540
f 2540 2532 2480
f 2504 2479 2531
f 2531 2540 2504
f 2478 2502 2538
f 2538 2530 2478
f 2467 2514 2546
f 2546 2528 2467
f 2502 2467 2528
f 2528 2538 2502
f 2468 2501 2537
f 2537 2529 2468
f 2483 2507 2543
f 2543 2535 2483
f 2507 2482 2534
f 2534 2543 2507
f 2481 2505 2541
f 2541 2533 2481
f 2547 2494 2484
f 2484 2501 2547
f 2548 2495 2483
f 2483 2508 2548
f 2549 2496 2482
f 2482 2507 2549
f 2550 2497 2481
f 2481 2506 2550
f 2551 2498 2480
f 2480 2505 2551
f 2552 2499 2479
f 2479 2504 2552
f 2553 2500 2478
f 2478 2503 2553
f 2554 2492 2467
f 2467 2502 2554
f 2525 2518 2571
f 2571 2567 2525
f 2567 2571 2572
f 2572 2568 2567
f 2517 2519 2555
f 2555 2569 2517
f 2569 2555 2556
f 2556 2570 2569
f 2519 2520 2557
f 2557 2555 2519
f 2555 2557 2558
f 2558 2556 2555
f 2520 2521 2559
f 2559 2557 2520
f 2557 2559 2560
f 2560 2558 2557
f 2521 2522 2561
f 2561 2559 2521
f 2559 2561 2562
f 2562 2560 2559
f 2522 2523 2563
f 2563 2561 2522
f 2561 2563 2564
f 2564 2562 2561
f 2523 2524 2565
f 2565 2563 2523
f 2563 2565 2566
f 2566 2564 2563
f 2524 2525 2567
f 2567 2565 2524
f 2565 2567 2568
f 2568 2566 2565
f 2517 2569 2573
f 2573 2526 2517
f 2569 2570 2574
f 2574 2573 2569
f 2470 2572 2576
f 2576 2515 2470
f 2572 2571 2575
f 2575 2576 2572
f 2612 2590 2614
f 2614 2666 2612
f 2680 2597 2582
f 2582 2684 2680
f 2605 2580 2613
f 2613 2659 2605
f 2606 2596 2620
f 2620 2660 2606
f 2607 2595 2619
f 2619 2661 2607
f 2608 2594 2618
f 2618 2662 2608
f 2609 2593 2617
f 2617 2663 2609
f 2610 2592 2616
f 2616 2664 2610
f 2611 2591 2615
f 2615 2665 2611
f 2682 2581 2603
f 2603 2668 2682
f 2668 2603 2602
f 2602 2670 2668
f 2670 2602 2601
f 2601 2672 2670
f 2672 2601 2600
f 2600 2674 2672
f 2674 2600 2599
f 2599 2676 2674
f 2676 2599 2598
f 2598 2678 2676
f 2678 2598 2597
f 2597 2680 2678
f 2597 2612 2666
f 2597 2666 2604
f 2597 2604 2582
f 2581 2605 2659
f 2581 2659 2606
f 2581 2606 2603
f 2603 2606 2660
f 2603 2660 2607
f 2603 2607 2602
f 2602 2607 2661
f 2602 2661 2608
f 2602 2608 2601
f 2601 2608 2662
f 2601 2662 2609
f 2601 2609 2600
f 2600 2609 2663
f 2600 2663 2610
f 2600 2610 2599
f 2599 2610 2664
f 2599 2664 2611
f 2599 2611 2598
f 2598 2611 2665
f 2598 2665 2612
f 2598 2612 2597
f 2581 2623 2624
f 2624 2605 2581
f 2605 2624 2622
f 2622 2580 2605
f 2682 2686 2623
f 2623 2581 2682
f 2604 2628 2627
f 2627 2582 2604
f 2630 2639 2625
f 2625 2577 2630
f 2579 2626 2628
f 2628 2604 2579
f 2583 2637 2630
f 2630 2577 2583
f 2578 2629 2631
f 2631 2589 2578
f 2589 2631 2632
f 2632 2588 2589
f 2588 2632 2633
f 2633 2587 2588
f 2587 2633 2634
f 2634 2586 2587
f 2586 2634 2635
f 2635 2585 2586
f 2585 2635 2636
f 2636 2584 2585
f 2584 2636 2637
f 2637 2583 2584
f 2578 2621 2638
f 2638 2629 2578
f 2683 2687 2639
f 2639 2630 2683
f 2622 2657 2641
f 2641 2580 2622
f 2617 2653 2644
f 2644 2592 2617
f 2591 2643 2651
f 2651 2615 2591
f 2615 2651 2642
f 2642 2590 2615
f 2613 2649 2648
f 2648 2596 2613
f 2596 2648 2656
f 2656 2620 2596
f 2620 2656 2647
f 2647 2595 2620
f 2594 2646 2654
f 2654 2618 2594
f 2618 2654 2645
f 2645 2593 2618
f 2592 2644 2652
f 2652 2616 2592
f 2616 2652 2643
f 2643 2591 2616
f 2590 2642 2650
f 2650 2614 2590
f 2579 2640 2658
f 2658 2626 2579
f 2614 2650 2640
f 2640 2579 2614
f 2580 2641 2649
f 2649 2613 2580
f 2595 2647 2655
f 2655 2619 2595
f 2619 2655 2646
f 2646 2594 2619
f 2593 2645 2653
f 2653 2617 2593
f 2659 2613 2596
f 2596 2606 2659
f 2660 2620 2595
f 2595 2607 2660
f 2661 2619 2594
f 2594 2608 2661
f 2662 2618 2593
f 2593 2609 2662
f 2663 2617 2592
f 2592 2610 2663
f 2664 2616 2591
f 2591 2611 2664
f 2665 2615 2590
f 2590 2612 2665
f 2666 2614 2579
f 2579 2604 2666
f 2637 2679 2683
f 2683 2630 2637
f 2679 2680 2684
f 2684 2683 2679
f 2629 2681 2667
f 2667 2631 2629
f 2681 2682 2668
f 2668 2667 2681
f 2631 2667 2669
f 2669 2632 2631
f 2667 2668 2670
f 2670 2669 2667
f 2632 2669 2671
f 2671 2633 2632
f 2669 2670 2672
f 2672 2671 2669
f 2633 2671 2673
f 2673 2634 2633
f 2671 2672 2674
f 2674 2673 2671
f 2634 2673 2675
f 2675 2635 2634
f 2673 2674 2676
f 2676 2675 2673
f 2635 2675 2677
f 2677 2636 2635
f 2675 2676 2678
f 2678 2677 2675
f 2636 2677 2679
f 2679 2637 2636
f 2677 2678 2680
f 2680 2679 2677
f 2629 2638 2685
f 2685 2681 2629
f 2681 2685 2686
f 2686 2682 2681
f 2582 2627 2688
f 2688 2684 2582
f 2684 2688 2687
f 2687 2683 2684
f 2724 2778 2726
f 2726 2702 2724
f 2792 2796 2694
f 2694 2709 2792
f 2717 2771 2725
f 2725 2692 2717
f 2718 2772 2732
f 2732 2708 2718
f 2719 2773 2731
f 2731 2707 2719
f 2720 2774 2730
f 2730 2706 2720
f 2721 2775 2729
f 2729 2705 2721
f 2722 2776 2728
f 2728 2704 2722
f 2723 2777 2727
f 2727 2703 2723
f 2794 2780 2715
f 2715 2693 2794
f 2780 2782 2714
f 2714 2715 2780
f 2782 2784 2713
f 2713 2714 2782
f 2784 2786 2712
f 2712 2713 2784
f 2786 2788 2711
f 2711 2712 2786
f 2788 2790 2710
f 2710 2711 2788
f 2790 2792 2709
f 2709 2710 2790
f 2709 2694 2716
f 2709 2716 2778
f 2709 2778 2724
f 2693 2715 2718
f 2693 2718 2771
f 2693 2771 2717
f 2715 2714 2719
f 2715 2719 2772
f 2715 2772 2718
f 2714 2713 2720
f 2714 2720 2773
f 2714 2773 2719
f 2713 2712 2721
f 2713 2721 2774
f 2713 2774 2720
f 2712 2711 2722
f 2712 2722 2775
f 2712 2775 2721
f 2711 2710 2723
f 2711 2723 2776
f 2711 2776 2722
f 2710 2709 2724
f 2710 2724 2777
f 2710 2777 2723
f 2693 2717 2736
f 2736 2735 2693
f 2717 2692 2734
f 2734 2736 2717
f 2794 2693 2735
f 2735 2798 2794
f 2716 2694 2739
f 2739 2740 2716
f 2742 2689 2737
f 2737 2751 2742
f 2691 2716 2740
f 2740 2738 2691
f 2695 2689 2742
f 2742 2749 2695
f 2690 2701 2743
f 2743 2741 2690
f 2701 2700 2744
f 2744 2743 2701
f 2700 2699 2745
f 2745 2744 2700
f 2699 2698 2746
f 2746 2745 2699
f 2698 2697 2747
f 2747 2746 2698
f 2697 2696 2748
f 2748 2747 2697
f 2696 2695 2749
f 2749 2748 2696
f 2690 2741 2750
f 2750 2733 2690
f 2795 2742 2751
f 2751 2799 2795
f 2734 2692 2753
f 2753 2769 2734
f 2729 2704 2756
f 2756 2765 2729
f 2703 2727 2763
f 2763 2755 2703
f 2727 2702 2754
f 2754 2763 2727
f 2725 2708 2760
f 2760 2761 2725
f 2708 2732 2768
f 2768 2760 2708
f 2732 2707 2759
f 2759 2768 2732
f 2706 2730 2766
f 2766 2758 2706
f 2730 2705 2757
f 2757 2766 2730
f 2704 2728 2764
f 2764 2756 2704
f 2728 2703 2755
f 2755 2764 2728
f 2702 2726 2762
f 2762 2754 2702
f 2691 2738 2770
f 2770 2752 2691
f 2726 2691 2752
f 2752 2762 2726
f 2692 2725 2761
f 2761 2753 2692
f 2707 2731 2767
f 2767 2759 2707
f 2731 2706 2758
f 2758 2767 2731
f 2705 2729 2765
f 2765 2757 2705
f 2771 2718 2708
f 2708 2725 2771
f 2772 2719 2707
f 2707 2732 2772
f 2773 2720 2706
f 2706 2731 2773
f 2774 2721 2705
f 2705 2730 2774
f 2775 2722 2704
f 2704 2729 2775
f 2776 2723 2703
f 2703 2728 2776
f 2777 2724 2702
f 2702 2727 2777
f 2778 2716 2691
f 2691 2726 2778
f 2749 2742 2795
f 2795 2791 2749
f 2791 2795 2796
f 2796 2792 2791
f 2741 2743 2779
f 2779 2793 2741
f 2793 2779 2780
f 2780 2794 2793
f 2743 2744 2781
f 2781 2779 2743
f 2779 2781 2782
f 2782 2780 2779
f 2744 2745 2783
f 2783 2781 2744
f 2781 2783 2784
f 2784 2782 2781
f 2745 2746 2785
f 2785 2783 2745
f 2783 2785 2786
f 2786 2784 2783
f 2746 2747 2787
f 2787 2785 2746
f 2785 2787 2788
f 2788 2786 2785
f 2747 2748 2789
f 2789 2787 2747
f 2787 2789 2790
f 2790 2788 2787
f 2748 2749 2791
f 2791 2789 2748
f 2789 2791 2792
f 2792 2790 2789
f 2741 2793 2797
f 2797 2750 2741
f 2793 2794 2798
f 2798 2797 2793
f 2694 2796 2800
f 2800 2739 2694
f 2796 2795 2799
f 2799 2800 2796
f 2836 2814 2838
f 2838 2890 2836
f 2904 2821 2806
f 2806 2908 2904
f 2829 2804 2837
f 2837 2883 2829
f 2830 2820 2844
f 2844 2884 2830
f 2831 2819 2843
f 2843 2885 2831
f 2832 2818 2842
f 2842 2886 2832
f 2833 2817 2841
f 2841 2887 2833
f 2834 2816 2840
f 2840 2888 2834
f 2835 2815 2839
f 2839 2889 2835
f 2906 2805 2827
f 2827 2892 2906
f 2892 2827 2826
f 2826 2894 2892
f 2894 2826 2825
f 2825 2896 2894
f 2896 2825 2824
f 2824 2898 2896
f 2898 2824 2823
f 2823 2900 2898
f 2900 2823 2822
f 2822 2902 2900
f 2902 2822 2821
f 2821 2904 2902
f 2821 2836 2890
f 2821 2890 2828
f 2821 2828 2806
f 2805 2829 2883
f 2805 2883 2830
f 2805 2830 2827
f 2827 2830 2884
f 2827 2884 2831
f 2827 2831 2826
f 2826 2831 2885
f 2826 2885 2832
f 2826 2832 2825
f 2825 2832 2886
f 2825 2886 2833
f 2825 2833 2824
f 2824 2833 2887
f 2824 2887 2834
f 2824 2834 2823
f 2823 2834 2888
f 2823 2888 2835
f 2823 2835 2822
f 2822 2835 2889
f 2822 2889 2836
f 2822 2836 2821
f 2805 2847 2848
f 2848 2829 2805
f 2829 2848 2846
f 2846 2804 2829
f 2906 2910 2847
f 2847 2805 2906
f 2828 2852 2851
f 2851 2806 2828
f 2854 2863 2849
f 2849 2801 2854
f 2803 2850 2852
f 2852 2828 2803
f 2807 2861 2854
f 2854 2801 2807
f 2802 2853 2855
f 2855 2813 2802
f 2813 2855 2856
f 2856 2812 2813
f 2812 2856 2857
f 2857 2811 2812
f 2811 2857 2858
f 2858 2810 2811
f 2810 2858 2859
f 2859 2809 2810
f 2809 2859 2860
f 2860 2808 2809
f 2808 2860 2861
f 2861 2807 2808
f 2802 2845 2862
f 2862 2853 2802
f 2907 2911 2863
f 2863 2854 2907
f 2846 2881 2865
f 2865 2804 2846
f 2841 2877 2868
f 2868 2816 2841
f 2815 2867 2875
f 2875 2839 2815
f 2839 2875 2866
f 2866 2814 2839
f 2837 2873 2872
f 2872 2820 2837
f 2820 2872 2880
f 2880 2844 2820
f 2844 2880 2871
f 2871 2819 2844
f 2818 2870 2878
f 2878 2842 2818
f 2842 2878 2869
f 2869 2817 2842
f 2816 2868 2876
f 2876 2840 2816
f 2840 2876 2867
f 2867 2815 2840
f 2814 2866 2874
f 2874 2838 2814
f 2803 2864 2882
f 2882 2850 2803
f 2838 2874 2864
f 2864 2803 2838
f 2804 2865 2873
f 2873 2837 2804
f 2819 2871 2879
f 2879 2843 2819
f 2843 2879 2870
f 2870 2818 2843
f 2817 2869 2877
f 2877 2841 2817
f 2883 2837 2820
f 2820 2830 2883
f 2884 2844 2819
f 2819 2831 2884
f 2885 2843 2818
f 2818 2832 2885
f 2886 2842 2817
f 2817 2833 2886
f 2887 2841 2816
f 2816 2834 2887
f 2888 2840 2815
f 2815 2835 2888
f 2889 2839 2814
f 2814 2836 2889
f 2890 2838 2803
f 2803 2828 2890
f 2861 2903 2907
f 2907 2854 2861
f 2903 2904 2908
f 2908 2907 2903
f 2853 2905 2891
f 2891 2855 2853
f 2905 2906 2892
f 2892 2891 2905
f 2855 2891 2893
f 2893 2856 2855
f 2891 2892 2894
f 2894 2893 2891
f 2856 2893 2895
f 2895 2857 2856
f 2893 2894 2896
f 2896 2895 2893
f 2857 2895 2897
f 2897 2858 2857
f 2895 2896 2898
f 2898 2897 2895
f 2858 2897 2899
f 2899 2859 2858
f 2897 2898 2900
f 2900 2899 2897
f 2859 2899 2901
f 2901 2860 2859
f 2899 2900 2902
f 2902 2901 2899
f 2860 2901 2903
f 2903 2861 2860
f 2901 2902 2904
f 2904 2903 2901
f 2853 2862 2909
f 2909 2905 2853
f 2905 2909 2910
f 2910 2906 2905
f 2806 2851 2912
f 2912 2908 2806
f 2908 2912 2911
f 2911 2907 2908
f 2938 2913 2941
f 2941 2952 2938
f 2936 2938 2952
f 2952 2951 2936
f 2935 2936 2951
f 2951 2950 2935
f 2933 2935 2950
f 2950 2949 2933
f 2929 2933 2949
f 2949 2948 2929
f 2928 2929 2948
f 2948 2947 2928
f 2925 2928 2947
f 2947 2946 2925
f 2923 2925 2946
f 2946 2945 2923
f 2921 2923 2945
f 2945 2944 2921
f 2918 2921 2944
f 2944 2943 2918
f 2915 2918 2943
f 2943 2942 2915
f 2913 2915 2942
f 2942 2941 2913
f 2952 2941 2953
f 2953 2964 2952
f 2951 2952 2964
f 2964 2963 2951
f 2950 2951 2963
f 2963 2962 2950
f 2949 2950 2962
f 2962 2961 2949
f 2948 2949 2961
f 2961 2960 2948
f 2947 2948 2960
f 2960 2959 2947
f 2946 2947 2959
f 2959 2958 2946
f 2945 2946 2958
f 2958 2957 2945
f 2944 2945 2957
f 2957 2956 2944
f 2943 2944 2956
f 2956 2955 2943
f 2942 2943 2955
f 2955 2954 2942
f 2941 2942 2954
f 2954 2953 2941
f 2964 2953 2965
f 2965 2976 2964
f 2963 2964 2976
f 2976 2975 2963
f 2962 2963 2975
f 2975 2974 2962
f 2961 2962 2974
f 2974 2973 2961
f 2960 2961 2973
f 2973 2972 2960
f 2959 2960 2972
f 2972 2971 2959
f 2958 2959 2971
f 2971 2970 2958
f 2957 2958 2970
f 2970 2969 2957
f 2956 2957 2969
f 2969 2968 2956
f 2955 2956 2968
f 2968 2967 2955
f 2954 2955 2967
f 2967 2966 2954
f 2953 2954 2966
f 2966 2965 2953
f 2916 2914 3001
f 3001 3000 2916
f 2919 2917 2998
f 2998 2996 2919
f 2920 2919 2996
f 2996 2994 2920
f 2922 2920 2994
f 2994 2991 2922
f 2926 2924 2992
f 2992 2990 2926
f 2927 2926 2990
f 2990 2988 2927
f 2930 2927 2988
f 2988 2986 2930
f 2932 2930 2986
f 2986 2982 2932
f 2934 2931 2983
f 2983 2980 2934
f 2937 2934 2980
f 2980 2978 2937
f 2939 2937 2978
f 2978 3005 2939
f 2914 2940 3004
f 3004 3001 2914
f 2976 2965 2977
f 2975 2976 2977
f 2974 2975 2977
f 2973 2974 2977
f 2972 2973 2977
f 2971 2972 2977
f 2970 2971 2977
f 2969 2970 2977
f 2968 2969 2977
f 2967 2968 2977
f 2966 2967 2977
f 2965 2966 2977
f 2999 3002 3016
f 3016 3015 2999
f 2997 2999 3015
f 3015 3014 2997
f 2995 2997 3014
f 3014 3013 2995
f 2993 2995 3013
f 3013 3012 2993
f 2989 2993 3012
f 3012 3011 2989
f 2987 2989 3011
f 3011 3010 2987
f 2985 2987 3010
f 3010 3009 2985
f 2984 2985 3009
f 3009 3008 2984
f 2981 2984 3008
f 3008 3007 2981
f 2979 2981 3007
f 3007 3006 2979
f 3003 2979 3006
f 3006 3017 3003
f 3002 3003 3017
f 3017 3016 3002
f 3015 3016 3018
f 3014 3015 3018
f 3013 3014 3018
f 3012 3013 3018
f 3011 3012 3018
f 3010 3011 3018
f 3009 3010 3018
f 3008 3009 3018
f 3007 3008 3018
f 3006 3007 3018
f 3017 3006 3018
f 3016 3017 3018
f 3046 3020 3047
f 3047 3058 3046
f 3042 3046 3058
f 3058 3057 3042
f 3040 3042 3057
f 3057 3056 3040
f 3037 3040 3056
f 3056 3055 3037
f 3035 3037 3055
f 3055 3054 3035
f 3033 3035 3054
f 3054 3053 3033
f 3032 3033 3053
f 3053 3052 3032
f 3030 3032 3052
f 3052 3051 3030
f 3027 3030 3051
f 3051 3050 3027
f 3025 3027 3050
f 3050 3049 3025
f 3021 3025 3049
f 3049 3048 3021
f 3020 3021 3048
f 3048 3047 3020
f 3058 3047 3059
f 3059 3070 3058
f 3057 3058 3070
f 3070 3069 3057
f 3056 3057 3069
f 3069 3068 3056
f 3055 3056 3068
f 3068 3067 3055
f 3054 3055 3067
f 3067 3066 3054
f 3053 3054 3066
f 3066 3065 3053
f 3052 3053 3065
f 3065 3064 3052
f 3051 3052 3064
f 3064 3063 3051
f 3050 3051 3063
f 3063 3062 3050
f 3049 3050 3062
f 3062 3061 3049
f 3048 3049 3061
f 3061 3060 3048
f 3047 3048 3060
f 3060 3059 3047
f 3070 3059 3071
f 3071 3082 3070
f 3069 3070 3082
f 3082 3081 3069
f 3068 3069 3081
f 3081 3080 3068
f 3067 3068 3080
f 3080 3079 3067
f 3066 3067 3079
f 3079 3078 3066
f 3065 3066 3078
f 3078 3077 3065
f 3064 3065 3077
f 3077 3076 3064
f 3063 3064 3076
f 3076 3075 3063
f 3062 3063 3075
f 3075 3074 3062
f 3061 3062 3074
f 3074 3073 3061
f 3060 3061 3073
f 3073 3072 3060
f 3059 3060 3072
f 3072 3071 3059
f 3022 3019 3107
f 3107 3106 3022
f 3024 3023 3105
f 3105 3103 3024
f 3026 3024 3103
f 3103 3101 3026
f 3028 3026 3101
f 3101 3098 3028
f 3031 3029 3097
f 3097 3095 3031
f 3034 3031 3095
f 3095 3093 3034
f 3036 3034 3093
f 3093 3092 3036
f 3038 3036 3092
f 3092 3088 3038
f 3041 3039 3089
f 3089 3087 3041
f 3043 3041 3087
f 3087 3084 3043
f 3044 3043 3084
f 3084 3111 3044
f 3019 3045 3110
f 3110 3107 3019
f 3082 3071 3083
f 3081 3082 3083
f 3080 3081 3083
f 3079 3080 3083
f 3078 3079 3083
f 3077 3078 3083
f 3076 3077 3083
f 3075 3076 3083
f 3074 3075 3083
f 3073 3074 3083
f 3072 3073 3083
f 3071 3072 3083
f 3104 3108 3122
f 3122 3121 3104
f 3102 3104 3121
f 3121 3120 3102
f 3100 3102 3120
f 3120 3119 3100
f 3099 3100 3119
f 3119 3118 3099
f 3096 3099 3118
f 3118 3117 3096
f 3094 3096 3117
f 3117 3116 3094
f 3091 3094 3116
f 3116 3115 3091
f 3090 3091 3115
f 3115 3114 3090
f 3086 3090 3114
f 3114 3113 3086
f 3085 3086 3113
f 3113 3112 3085
f 3109 3085 3112
f 3112 3123 3109
f 3108 3109 3123
f 3123 3122 3108
f 3121 3122 3124
f 3120 3121 3124
f 3119 3120 3124
f 3118 3119 3124
f 3117 3118 3124
f 3116 3117 3124
f 3115 3116 3124
f 3114 3115 3124
f 3113 3114 3124
f 3112 3113 3124
f 3123 3112 3124
f 3122 3123 3124
f 3151 3125 3153
f 3153 3164 3151
f 3148 3151 3164
f 3164 3163 3148
f 3147 3148 3163
f 3163 3162 3147
f 3143 3147 3162
f 3162 3161 3143
f 3141 3143 3161
f 3161 3160 3141
f 3140 3141 3160
f 3160 3159 3140
f 3138 3140 3159
f 3159 3158 3138
f 3134 3138 3158
f 3158 3157 3134
f 3132 3134 3157
f 3157 3156 3132
f 3130 3132 3156
f 3156 3155 3130
f 3127 3130 3155
f 3155 3154 3127
f 3125 3127 3154
f 3154 3153 3125
f 3164 3153 3165
f 3165 3176 3164
f 3163 3164 3176
f 3176 3175 3163
f 3162 3163 3175
f 3175 3174 3162
f 3161 3162 3174
f 3174 3173 3161
f 3160 3161 3173
f 3173 3172 3160
f 3159 3160 3172
f 3172 3171 3159
f 3158 3159 3171
f 3171 3170 3158
f 3157 3158 3170
f 3170 3169 3157
f 3156 3157 3169
f 3169 3168 3156
f 3155 3156 3168
f 3168 3167 3155
f 3154 3155 3167
f 3167 3166 3154
f 3153 3154 3166
f 3166 3165 3153
f 3176 3165 3177
f 3177 3188 3176
f 3175 3176 3188
f 3188 3187 3175
f 3174 3175 3187
f 3187 3186 3174
f 3173 3174 3186
f 3186 3185 3173
f 3172 3173 3185
f 3185 3184 3172
f 3171 3172 3184
f 3184 3183 3171
f 3170 3171 3183
f 3183 3182 3170
f 3169 3170 3182
f 3182 3181 3169
f 3168 3169 3181
f 3181 3180 3168
f 3167 3168 3180
f 3180 3179 3167
f 3166 3167 3179
f 3179 3178 3166
f 3165 3166 3178
f 3178 3177 3165
f 3128 3126 3213
f 3213 3212 3128
f 3131 3129 3211
f 3211 3208 3131
f 3133 3131 3208
f 3208 3206 3133
f 3136 3133 3206
f 3206 3203 3136
f 3137 3135 3205
f 3205 3202 3137
f 3139 3137 3202
f 3202 3200 3139
f 3142 3139 3200
f 3200 3198 3142
f 3144 3142 3198
f 3198 3194 3144
f 3146 3145 3195
f 3195 3193 3146
f 3149 3146 3193
f 3193 3190 3149
f 3152 3149 3190
f 3190 3217 3152
f 3126 3150 3216
f 3216 3213 3126
f 3188 3177 3189
f 3187 3188 3189
f 3186 3187 3189
f 3185 3186 3189
f 3184 3185 3189
f 3183 3184 3189
f 3182 3183 3189
f 3181 3182 3189
f 3180 3181 3189
f 3179 3180 3189
f 3178 3179 3189
f 3177 3178 3189
f 3210 3214 3228
f 3228 3227 3210
f 3209 3210 3227
f 3227 3226 3209
f 3207 3209 3226
f 3226 3225 3207
f 3204 3207 3225
f 3225 3224 3204
f 3201 3204 3224
f 3224 3223 3201
f 3199 3201 3223
f 3223 3222 3199
f 3197 3199 3222
f 3222 3221 3197
f 3196 3197 3221
f 3221 3220 3196
f 3192 3196 3220
f 3220 3219 3192
f 3191 3192 3219
f 3219 3218 3191
f 3215 3191 3218
f 3218 3229 3215
f 3214 3215 3229
f 3229 3228 3214
f 3227 3228 3230
f 3226 3227 3230
f 3225 3226 3230
f 3224 3225 3230
f 3223 3224 3230
f 3222 3223 3230
f 3221 3222 3230
f 3220 3221 3230
f 3219 3220 3230
f 3218 3219 3230
f 3229 3218 3230
f 3228 3229 3230
f 3257 3232 3258
f 3258 3269 3257
f 3254 3257 3269
f 3269 3268 3254
f 3251 3254 3268
f 3268 3267 3251
f 3250 3251 3267
f 3267 3266 3250
f 3248 3250 3266
f 3266 3265 3248
f 3246 3248 3265
f 3265 3264 3246
f 3243 3246 3264
f 3264 3263 3243
f 3241 3243 3263
f 3263 3262 3241
f 3238 3241 3262
f 3262 3261 3238
f 3236 3238 3261
f 3261 3260 3236
f 3235 3236 3260
f 3260 3259 3235
f 3232 3235 3259
f 3259 3258 3232
f 3269 3258 3270
f 3270 3281 3269
f 3268 3269 3281
f 3281 3280 3268
f 3267 3268 3280
f 3280 3279 3267
f 3266 3267 3279
f 3279 3278 3266
f 3265 3266 3278
f 3278 3277 3265
f 3264 3265 3277
f 3277 3276 3264
f 3263 3264 3276
f 3276 3275 3263
f 3262 3263 3275
f 3275 3274 3262
f 3261 3262 3274
f 3274 3273 3261
f 3260 3261 3273
f 3273 3272 3260
f 3259 3260 3272
f 3272 3271 3259
f 3258 3259 3271
f 3271 3270 3258
f 3281 3270 3282
f 3282 3293 3281
f 3280 3281 3293
f 3293 3292 3280
f 3279 3280 3292
f 3292 3291 3279
f 3278 3279 3291
f 3291 3290 3278
f 3277 3278 3290
f 3290 3289 3277
f 3276 3277 3289
f 3289 3288 3276
f 3275 3276 3288
f 3288 3287 3275
f 3274 3275 3287
f 3287 3286 3274
f 3273 3274 3286
f 3286 3285 3273
f 3272 3273 3285
f 3285 3284 3272
f 3271 3272 3284
f 3284 3283 3271
f 3270 3271 3283
f 3283 3282 3270
f 3234 3231 3318
f 3318 3315 3234
f 3237 3233 3314
f 3314 3312 3237
f 3239 3237 3312
f 3312 3310 3239
f 3242 3239 3310
f 3310 3307 3242
f 3244 3240 3308
f 3308 3306 3244
f 3245 3244 3306
f 3306 3303 3245
f 3247 3245 3303
f 3303 3301 3247
f 3249 3247 3301
f 3301 3300 3249
f 3252 3249 3300
f 3300 3298 3252
f 3253 3252 3298
f 3298 3296 3253
f 3255 3253 3296
f 3296 3321 3255
f 3231 3256 3319
f 3319 3318 3231
f 3293 3282 3294
f 3292 3293 3294
f 3291 3292 3294
f 3290 3291 3294
f 3289 3290 3294
f 3288 3289 3294
f 3287 3288 3294
f 3286 3287 3294
f 3285 3286 3294
f 3284 3285 3294
f 3283 3284 3294
f 3282 3283 3294
f 3316 3317 3332
f 3332 3331 3316
f 3313 3316 3331
f 3331 3330 3313
f 3311 3313 3330
f 3330 3329 3311
f 3309 3311 3329
f 3329 3328 3309
f 3305 3309 3328
f 3328 3327 3305
f 3304 3305 3327
f 3327 3326 3304
f 3302 3304 3326
f 3326 3325 3302
f 3299 3302 3325
f 3325 3324 3299
f 3297 3299 3324
f 3324 3323 3297
f 3295 3297 3323
f 3323 3322 3295
f 3320 3295 3322
f 3322 3333 3320
f 3317 3320 3333
f 3333 3332 3317
f 3331 3332 3334
f 3330 3331 3334
f 3329 3330 3334
f 3328 3329 3334
f 3327 3328 3334
f 3326 3327 3334
f 3325 3326 3334
f 3324 3325 3334
f 3323 3324 3334
f 3322 3323 3334
f 3333 3322 3334
f 3332 3333 3334
f 3567 3368 3351
f 3351 3569 3567
f 3570 3366 3367
f 3367 3568 3570
f 3571 3364 3366
f 3366 3570 3571
f 3573 3362 3364
f 3364 3571 3573
f 3574 3361 3363
f 3363 3572 3574
f 3575 3359 3361
f 3361 3574 3575
f 3576 3358 3359
f 3359 3575 3576
f 3578 3356 3358
f 3358 3576 3578
f 3579 3355 3357
f 3357 3577 3579
f 3580 3354 3355
f 3355 3579 3580
f 3581 3352 3354
f 3354 3580 3581
f 3569 3351 3353
f 3353 3582 3569
f 3368 3386 3369
f 3369 3351 3368
f 3365 3385 3386
f 3386 3368 3365
f 3364 3383 3384
f 3384 3366 3364
f 3362 3382 3383
f 3383 3364 3362
f 3360 3379 3382
f 3382 3362 3360
f 3359 3378 3380
f 3380 3361 3359
f 3358 3377 3378
f 3378 3359 3358
f 3356 3376 3377
f 3377 3358 3356
f 3355 3374 3375
f 3375 3357 3355
f 3354 3373 3374
f 3374 3355 3354
f 3352 3371 3373
f 3373 3354 3352
f 3351 3369 3370
f 3370 3353 3351
f 3386 3408 3387
f 3387 3369 3386
f 3385 3406 3408
f 3408 3386 3385
f 3383 3404 3407
f 3407 3384 3383
f 3382 3401 3404
f 3404 3383 3382
f 3380 3399 3402
f 3402 3381 3380
f 3378 3398 3399
f 3399 3380 3378
f 3377 3397 3398
f 3398 3378 3377
f 3376 3396 3397
f 3397 3377 3376
f 3374 3393 3394
f 3394 3375 3374
f 3373 3390 3393
f 3393 3374 3373
f 3370 3388 3391
f 3391 3372 3370
f 3369 3387 3388
f 3388 3370 3369
f 3408 3424 3409
f 3409 3387 3408
f 3406 3422 3424
f 3424 3408 3406
f 3403 3421 3423
f 3423 3405 3403
f 3400 3420 3421
f 3421 3403 3400
f 3399 3418 3419
f 3419 3402 3399
f 3398 3417 3418
f 3418 3399 3398
f 3397 3416 3417
f 3417 3398 3397
f 3396 3415 3416
f 3416 3397 3396
f 3392 3413 3414
f 3414 3395 3392
f 3389 3412 3413
f 3413 3392 3389
f 3388 3410 3411
f 3411 3391 3388
f 3387 3409 3410
f 3410 3388 3387
f 3424 3442 3425
f 3425 3409 3424
f 3422 3441 3442
f 3442 3424 3422
f 3421 3439 3440
f 3440 3423 3421
f 3420 3438 3439
f 3439 3421 3420
f 3418 3435 3437
f 3437 3419 3418
f 3417 3434 3435
f 3435 3418 3417
f 3416 3433 3434
f 3434 3417 3416
f 3415 3432 3433
f 3433 3416 3415
f 3413 3430 3431
f 3431 3414 3413
f 3412 3428 3430
f 3430 3413 3412
f 3410 3426 3429
f 3429 3411 3410
f 3409 3425 3426
f 3426 3410 3409
f 3442 3460 3443
f 3443 3425 3442
f 3441 3459 3460
f 3460 3442 3441
f 3439 3457 3458
f 3458 3440 3439
f 3438 3455 3457
f 3457 3439 3438
f 3436 3453 3455
f 3455 3438 3436
f 3434 3452 3454
f 3454 3435 3434
f 3433 3451 3452
f 3452 3434 3433
f 3432 3449 3451
f 3451 3433 3432
f 3430 3448 3450
f 3450 3431 3430
f 3428 3446 3448
f 3448 3430 3428
f 3427 3444 3446
f 3446 3428 3427
f 3425 3443 3445
f 3445 3426 3425
f 3460 3476 3461
f 3461 3443 3460
f 3459 3475 3476
f 3476 3460 3459
f 3457 3473 3474
f 3474 3458 3457
f 3455 3472 3473
f 3473 3457 3455
f 3454 3470 3471
f 3471 3456 3454
f 3452 3469 3470
f 3470 3454 3452
f 3451 3468 3469
f 3469 3452 3451
f 3449 3466 3468
f 3468 3451 3449
f 3448 3465 3467
f 3467 3450 3448
f 3446 3464 3465
f 3465 3448 3446
f 3445 3462 3463
f 3463 3447 3445
f 3443 3461 3462
f 3462 3445 3443
f 3476 3498 3477
f 3477 3461 3476
f 3475 3495 3498
f 3498 3476 3475
f 3473 3493 3496
f 3496 3474 3473
f 3472 3490 3493
f 3493 3473 3472
f 3470 3489 3492
f 3492 3471 3470
f 3469 3488 3489
f 3489 3470 3469
f 3468 3487 3488
f 3488 3469 3468
f 3466 3486 3487
f 3487 3468 3466
f 3465 3482 3485
f 3485 3467 3465
f 3464 3479 3482
f 3482 3465 3464
f 3462 3478 3480
f 3480 3463 3462
f 3461 3477 3478
f 3478 3462 3461
f 3498 3516 3499
f 3499 3477 3498
f 3495 3514 3516
f 3516 3498 3495
f 3494 3513 3515
f 3515 3497 3494
f 3491 3512 3513
f 3513 3494 3491
f 3489 3510 3511
f 3511 3492 3489
f 3488 3508 3510
f 3510 3489 3488
f 3487 3507 3508
f 3508 3488 3487
f 3486 3505 3507
f 3507 3487 3486
f 3483 3504 3506
f 3506 3484 3483
f 3481 3503 3504
f 3504 3483 3481
f 3478 3500 3502
f 3502 3480 3478
f 3477 3499 3500
f 3500 3478 3477
f 3516 3534 3517
f 3517 3499 3516
f 3514 3531 3534
f 3534 3516 3514
f 3513 3530 3532
f 3532 3515 3513
f 3512 3528 3530
f 3530 3513 3512
f 3509 3526 3528
f 3528 3512 3509
f 3508 3525 3527
f 3527 3510 3508
f 3507 3524 3525
f 3525 3508 3507
f 3505 3523 3524
f 3524 3507 3505
f 3504 3521 3522
f 3522 3506 3504
f 3503 3520 3521
f 3521 3504 3503
f 3501 3519 3520
f 3520 3503 3501
f 3499 3517 3518
f 3518 3500 3499
f 3552 3549 3535
f 3535 3553 3552
f 3554 3548 3550
f 3550 3551 3554
f 3555 3547 3548
f 3548 3554 3555
f 3557 3545 3547
f 3547 3555 3557
f 3558 3544 3546
f 3546 3556 3558
f 3559 3543 3544
f 3544 3558 3559
f 3560 3542 3543
f 3543 3559 3560
f 3562 3540 3542
f 3542 3560 3562
f 3563 3539 3541
f 3541 3561 3563
f 3564 3538 3539
f 3539 3563 3564
f 3565 3536 3538
f 3538 3564 3565
f 3553 3535 3537
f 3537 3566 3553
f 3534 3552 3553
f 3553 3517 3534
f 3532 3554 3551
f 3551 3533 3532
f 3530 3555 3554
f 3554 3532 3530
f 3528 3557 3555
f 3555 3530 3528
f 3527 3558 3556
f 3556 3529 3527
f 3525 3559 3558
f 3558 3527 3525
f 3524 3560 3559
f 3559 3525 3524
f 3523 3562 3560
f 3560 3524 3523
f 3521 3563 3561
f 3561 3522 3521
f 3520 3564 3563
f 3563 3521 3520
f 3519 3565 3564
f 3564 3520 3519
f 3517 3553 3566
f 3566 3518 3517
f 3350 3567 3569
f 3569 3335 3350
f 3348 3570 3568
f 3568 3349 3348
f 3347 3571 3570
f 3570 3348 3347
f 3345 3573 3571
f 3571 3347 3345
f 3344 3574 3572
f 3572 3346 3344
f 3343 3575 3574
f 3574 3344 3343
f 3342 3576 3575
f 3575 3343 3342
f 3341 3578 3576
f 3576 3342 3341
f 3339 3579 3577
f 3577 3340 3339
f 3338 3580 3579
f 3579 3339 3338
f 3337 3581 3580
f 3580 3338 3337
f 3335 3569 3582
f 3582 3336 3335
f 3816 3616 3599
f 3599 3817 3816
f 3818 3614 3615
f 3615 3815 3818
f 3819 3612 3614
f 3614 3818 3819
f 3820 3611 3612
f 3612 3819 3820
f 3822 3608 3610
f 3610 3821 3822
f 3823 3607 3608
f 3608 3822 3823
f 3824 3606 3607
f 3607 3823 3824
f 3826 3604 3606
f 3606 3824 3826
f 3827 3603 3605
f 3605 3825 3827
f 3828 3602 3603
f 3603 3827 3828
f 3829 3600 3602
f 3602 3828 3829
f 3817 3599 3601
f 3601 3830 3817
f 3616 3634 3617
f 3617 3599 3616
f 3613 3633 3634
f 3634 3616 3613
f 3612 3631 3632
f 3632 3614 3612
f 3611 3629 3631
f 3631 3612 3611
f 3609 3627 3629
f 3629 3611 3609
f 3607 3626 3628
f 3628 3608 3607
f 3606 3625 3626
f 3626 3607 3606
f 3604 3623 3625
f 3625 3606 3604
f 3603 3622 3624
f 3624 3605 3603
f 3602 3620 3622
f 3622 3603 3602
f 3600 3619 3620
f 3620 3602 3600
f 3599 3617 3618
f 3618 3601 3599
f 3634 3656 3635
f 3635 3617 3634
f 3633 3654 3656
f 3656 3634 3633
f 3631 3652 3655
f 3655 3632 3631
f 3629 3648 3652
f 3652 3631 3629
f 3628 3647 3649
f 3649 3630 3628
f 3626 3646 3647
f 3647 3628 3626
f 3625 3645 3646
f 3646 3626 3625
f 3623 3644 3645
f 3645 3625 3623
f 3622 3641 3643
f 3643 3624 3622
f 3620 3637 3641
f 3641 3622 3620
f 3618 3636 3639
f 3639 3621 3618
f 3617 3635 3636
f 3636 3618 3617
f 3656 3672 3657
f 3657 3635 3656
f 3654 3670 3672
f 3672 3656 3654
f 3651 3669 3671
f 3671 3653 3651
f 3650 3667 3669
f 3669 3651 3650
f 3647 3666 3668
f 3668 3649 3647
f 3646 3665 3666
f 3666 3647 3646
f 3645 3664 3665
f 3665 3646 3645
f 3644 3663 3664
f 3664 3645 3644
f 3640 3661 3662
f 3662 3642 3640
f 3638 3660 3661
f 3661 3640 3638
f 3636 3658 3659
f 3659 3639 3636
f 3635 3657 3658
f 3658 3636 3635
f 3672 3690 3673
f 3673 3657 3672
f 3670 3688 3690
f 3690 3672 3670
f 3669 3687 3689
f 3689 3671 3669
f 3667 3686 3687
f 3687 3669 3667
f 3666 3684 3685
f 3685 3668 3666
f 3665 3682 3684
f 3684 3666 3665
f 3664 3681 3682
f 3682 3665 3664
f 3663 3680 3681
f 3681 3664 3663
f 3661 3678 3679
f 3679 3662 3661
f 3660 3676 3678
f 3678 3661 3660
f 3658 3675 3677
f 3677 3659 3658
f 3657 3673 3675
f 3675 3658 3657
f 3690 3708 3691
f 3691 3673 3690
f 3688 3706 3708
f 3708 3690 3688
f 3687 3705 3707
f 3707 3689 3687
f 3686 3703 3705
f 3705 3687 3686
f 3683 3702 3703
f 3703 3686 3683
f 3682 3700 3701
f 3701 3684 3682
f 3681 3699 3700
f 3700 3682 3681
f 3680 3697 3699
f 3699 3681 3680
f 3678 3696 3698
f 3698 3679 3678
f 3676 3695 3696
f 3696 3678 3676
f 3674 3693 3695
f 3695 3676 3674
f 3673 3691 3692
f 3692 3675 3673
f 3708 3724 3709
f 3709 3691 3708
f 3706 3723 3724
f 3724 3708 3706
f 3705 3721 3722
f 3722 3707 3705
f 3703 3719 3721
f 3721 3705 3703
f 3701 3718 3720
f 3720 3704 3701
f 3700 3717 3718
f 3718 3701 3700
f 3699 3716 3717
f 3717 3700 3699
f 3697 3714 3716
f 3716 3699 3697
f 3696 3713 3715
f 3715 3698 3696
f 3695 3712 3713
f 3713 3696 3695
f 3692 3710 3711
f 3711 3694 3692
f 3691 3709 3710
f 3710 3692 3691
f 3724 3746 3725
f 3725 3709 3724
f 3723 3744 3746
f 3746 3724 3723
f 3721 3742 3745
f 3745 3722 3721
f 3719 3740 3742
f 3742 3721 3719
f 3718 3737 3738
f 3738 3720 3718
f 3717 3736 3737
f 3737 3718 3717
f 3716 3735 3736
f 3736 3717 3716
f 3714 3733 3735
f 3735 3716 3714
f 3713 3731 3734
f 3734 3715 3713
f 3712 3728 3731
f 3731 3713 3712
f 3710 3726 3729
f 3729 3711 3710
f 3709 3725 3726
f 3726 3710 3709
f 3746 3764 3747
f 3747 3725 3746
f 3744 3762 3764
f 3764 3746 3744
f 3741 3761 3763
f 3763 3743 3741
f 3739 3759 3761
f 3761 3741 3739
f 3737 3757 3760
f 3760 3738 3737
f 3736 3756 3757
f 3757 3737 3736
f 3735 3755 3756
f 3756 3736 3735
f 3733 3754 3755
f 3755 3735 3733
f 3730 3752 3753
f 3753 3732 3730
f 3727 3750 3752
f 3752 3730 3727
f 3726 3749 3751
f 3751 3729 3726
f 3725 3747 3749
f 3749 3726 3725
f 3764 3781 3765
f 3765 3747 3764
f 3762 3779 3781
f 3781 3764 3762
f 3761 3778 3780
f 3780 3763 3761
f 3759 3777 3778
f 3778 3761 3759
f 3758 3775 3777
f 3777 3759 3758
f 3756 3773 3774
f 3774 3757 3756
f 3755 3772 3773
f 3773 3756 3755
f 3754 3770 3772
f 3772 3755 3754
f 3752 3769 3771
f 3771 3753 3752
f 3750 3768 3769
f 3769 3752 3750
f 3748 3766 3768
f 3768 3750 3748
f 3747 3765 3767
f 3767 3749 3747
f 3800 3798 3783
f 3783 3801 3800
f 3802 3796 3797
f 3797 3799 3802
f 3803 3795 3796
f 3796 3802 3803
f 3805 3793 3795
f 3795 3803 3805
f 3806 3792 3794
f 3794 3804 3806
f 3807 3791 3792
f 3792 3806 3807
f 3808 3790 3791
f 3791 3807 3808
f 3809 3789 3790
f 3790 3808 3809
f 3811 3787 3788
f 3788 3810 3811
f 3812 3786 3787
f 3787 3811 3812
f 3814 3784 3786
f 3786 3812 3814
f 3801 3783 3785
f 3785 3813 3801
f 3781 3800 3801
f 3801 3765 3781
f 3780 3802 3799
f 3799 3782 3780
f 3778 3803 3802
f 3802 3780 3778
f 3777 3805 3803
f 3803 3778 3777
f 3774 3806 3804
f 3804 3776 3774
f 3773 3807 3806
f 3806 3774 3773
f 3772 3808 3807
f 3807 3773 3772
f 3770 3809 3808
f 3808 3772 3770
f 3769 3811 3810
f 3810 3771 3769
f 3768 3812 3811
f 3811 3769 3768
f 3766 3814 3812
f 3812 3768 3766
f 3765 3801 3813
f 3813 3767 3765
f 3597 3816 3817
f 3817 3583 3597
f 3596 3818 3815
f 3815 3598 3596
f 3595 3819 3818
f 3818 3596 3595
f 3593 3820 3819
f 3819 3595 3593
f 3592 3822 3821
f 3821 3594 3592
f 3591 3823 3822
f 3822 3592 3591
f 3590 3824 3823
f 3823 3591 3590
f 3588 3826 3824
f 3824 3590 3588
f 3587 3827 3825
f 3825 3589 3587
f 3586 3828 3827
f 3827 3587 3586
f 3585 3829 3828
f 3828 3586 3585
f 3583 3817 3830
f 3830 3584 3583
f 3892 3886 3836
f 3836 3862 3892
f 3910 3856 3839
f 3839 3904 3910
f 4643 4635 3847
f 3847 3908 4643
f 3911 3859 3856
f 3856 3910 3911
f 3906 3831 3859
f 3859 3911 3906
f 3969 3924 3974
f 3974 3964 3969
f 3905 3838 3849
f 3849 3913 3905
f 4004 3999 3866
f 3866 3872 4004
f 3880 3870 3865
f 3865 3875 3880
f 4640 4639 3869
f 3869 3879 4640
f 3881 3871 3870
f 3870 3880 3881
f 3876 3866 3871
f 3871 3881 3876
f 3870 4002 3998
f 3998 3865 3870
f 3874 3864 3873
f 3873 3883 3874
f 3872 3866 3876
f 3876 3882 3872
f 4026 4024 4004
f 4004 4006 4026
f 3890 3880 3875
f 3875 3885 3890
f 4641 4640 3879
f 3879 3888 4641
f 3891 3881 3880
f 3880 3890 3891
f 3886 3876 3881
f 3881 3891 3886
f 3884 3874 3883
f 3883 3893 3884
f 3882 3876 3886
f 3886 3892 3882
f 4006 4004 3872
f 3872 3923 4006
f 3853 3890 3885
f 3885 3834 3853
f 4637 4641 3888
f 3888 3845 4637
f 3858 3891 3890
f 3890 3853 3858
f 3836 3886 3891
f 3891 3858 3836
f 3833 3884 3893
f 3893 3852 3833
f 4022 3900 3894
f 3894 4020 4022
f 4645 4642 3899
f 3899 4018 4645
f 4023 3901 3900
f 3900 4022 4023
f 4019 3896 3901
f 3901 4023 4019
f 4021 3895 3903
f 3903 4025 4021
f 3912 3906 3896
f 3896 3902 3912
f 4024 4019 3999
f 3999 4004 4024
f 3900 3910 3904
f 3904 3894 3900
f 4642 4643 3908
f 3908 3899 4642
f 3901 3911 3910
f 3910 3900 3901
f 3896 3906 3911
f 3911 3901 3896
f 3895 3905 3913
f 3913 3903 3895
f 3863 3831 3906
f 3906 3912 3863
f 3907 3923 3959
f 3959 3969 3907
f 3974 3943 3919
f 3919 3968 3974
f 3993 3987 3920
f 3920 3938 3993
f 4591 3992 3928
f 3928 4583 4591
f 3994 3993 3938
f 3938 3942 3994
f 3988 3994 3942
f 3942 3914 3988
f 3954 3907 3969
f 3969 3964 3954
f 3986 3996 3932
f 3932 3922 3986
f 4015 3954 3948
f 3948 4010 4015
f 3962 3956 3947
f 3947 3952 3962
f 4588 3961 3950
f 3950 4587 4588
f 3963 3962 3952
f 3952 3953 3963
f 3958 3963 3953
f 3953 3948 3958
f 3979 3863 3912
f 3912 3840 3979
f 3957 3965 3955
f 3955 3946 3957
f 3954 3964 3958
f 3958 3948 3954
f 3840 3887 3877
f 3877 3867 3840
f 3972 3967 3956
f 3956 3962 3972
f 4589 3970 3961
f 3961 4588 4589
f 3973 3972 3962
f 3962 3963 3973
f 3968 3973 3963
f 3963 3958 3968
f 3966 3975 3965
f 3965 3957 3966
f 3964 3974 3968
f 3968 3958 3964
f 3912 3902 3887
f 3887 3840 3912
f 3935 3915 3967
f 3967 3972 3935
f 4585 3925 3970
f 3970 4589 4585
f 3939 3935 3972
f 3972 3973 3939
f 3919 3939 3973
f 3973 3968 3919
f 3916 3933 3975
f 3975 3966 3916
f 4033 4029 3976
f 3976 3982 4033
f 4593 4031 3980
f 3980 4590 4593
f 4034 4033 3982
f 3982 3983 4034
f 4030 4034 3983
f 3983 3978 4030
f 4028 4036 3985
f 3985 3977 4028
f 3995 3984 3978
f 3978 3988 3995
f 3897 3989 3842
f 3842 3924 3897
f 3982 3976 3987
f 3987 3993 3982
f 4590 3980 3992
f 3992 4591 4590
f 3983 3982 3993
f 3993 3994 3983
f 3978 3983 3994
f 3994 3988 3978
f 3977 3985 3996
f 3996 3986 3977
f 3945 3995 3988
f 3988 3914 3945
f 3924 3842 3943
f 3943 3974 3924
f 3945 3949 3867
f 3867 3995 3945
f 3867 3877 3984
f 3984 3995 3867
f 3882 3892 3897
f 3897 3959 3882
f 3923 3872 3882
f 3882 3959 3923
f 3892 3862 3989
f 3989 3897 3892
f 4015 4007 3907
f 3907 3954 4015
f 3949 3979 3840
f 3840 3867 3949
f 3959 3897 3924
f 3924 3969 3959
f 4007 4006 3923
f 3923 3907 4007
f 4639 4644 4001
f 4001 3869 4639
f 3871 4003 4002
f 4002 3870 3871
f 3866 3999 4003
f 4003 3871 3866
f 3864 3997 4005
f 4005 3873 3864
f 4035 4015 4010
f 4010 4030 4035
f 3952 3947 4009
f 4009 4013 3952
f 4587 3950 4012
f 4012 4592 4587
f 3953 3952 4013
f 4013 4014 3953
f 3948 3953 4014
f 4014 4010 3948
f 3946 3955 4016
f 4016 4008 3946
f 4035 4027 4007
f 4007 4015 4035
f 3887 3902 4024
f 4024 4026 3887
f 4002 4022 4020
f 4020 3998 4002
f 4644 4645 4018
f 4018 4001 4644
f 4003 4023 4022
f 4022 4002 4003
f 3999 4019 4023
f 4023 4003 3999
f 3997 4021 4025
f 4025 4005 3997
f 3902 3896 4019
f 4019 4024 3902
f 4013 4009 4029
f 4029 4033 4013
f 4592 4012 4031
f 4031 4593 4592
f 4014 4013 4033
f 4033 4034 4014
f 4010 4014 4034
f 4034 4030 4010
f 4008 4016 4036
f 4036 4028 4008
f 3984 4035 4030
f 4030 3978 3984
f 3984 3877 4027
f 4027 4035 3984
f 3877 3887 4026
f 4026 4027 3877
f 4077 4076 4065
f 4065 4078 4077
f 4079 4075 4076
f 4076 4077 4079
f 4080 4074 4075
f 4075 4079 4080
f 4081 4073 4074
f 4074 4080 4081
f 4082 4072 4073
f 4073 4081 4082
f 4083 4071 4072
f 4072 4082 4083
f 4084 4070 4071
f 4071 4083 4084
f 4085 4069 4070
f 4070 4084 4085
f 4086 4068 4069
f 4069 4085 4086
f 4087 4067 4068
f 4068 4086 4087
f 4088 4066 4067
f 4067 4087 4088
f 4078 4065 4066
f 4066 4088 4078
f 4027 4068 4007
f 4068 4067 4007
f 4067 4066 4007
f 4066 4065 4007
f 4065 4006 4007
f 4065 4076 4006
f 4076 4075 4006
f 4075 4074 4006
f 4074 4026 4006
f 4027 4069 4068
f 4073 4026 4074
f 4027 4070 4069
f 4072 4026 4073
f 4027 4071 4070
f 4071 4026 4072
f 4027 4026 4071
f 4062 4077 4078
f 4078 4037 4062
f 4061 4079 4077
f 4077 4062 4061
f 4058 4080 4079
f 4079 4061 4058
f 4057 4081 4080
f 4080 4058 4057
f 4054 4082 4081
f 4081 4057 4054
f 4052 4083 4082
f 4082 4054 4052
f 4050 4084 4083
f 4083 4052 4050
f 4047 4085 4084
f 4084 4050 4047
f 4045 4086 4085
f 4085 4047 4045
f 4042 4087 4086
f 4086 4045 4042
f 4040 4088 4087
f 4087 4042 4040
f 4037 4078 4088
f 4088 4040 4037
f 3913 3849 4089
f 4089 4105 3913
f 4105 4089 4091
f 4091 4106 4105
f 3883 3873 4097
f 4097 4099 3883
f 4099 4097 4098
f 4098 4100 4099
f 3893 3883 4099
f 4099 4101 3893
f 4101 4099 4100
f 4100 4102 4101
f 3852 3893 4101
f 4101 4093 3852
f 4093 4101 4102
f 4102 4095 4093
f 4025 3903 4103
f 4103 4109 4025
f 4109 4103 4104
f 4104 4110 4109
f 3903 3913 4105
f 4105 4103 3903
f 4103 4105 4106
f 4106 4104 4103
f 3873 4005 4107
f 4107 4097 3873
f 4097 4107 4108
f 4108 4098 4097
f 4005 4025 4109
f 4109 4107 4005
f 4107 4109 4110
f 4110 4108 4107
f 3996 4127 4111
f 4111 3932 3996
f 4127 4128 4113
f 4113 4111 4127
f 3965 4121 4119
f 4119 3955 3965
f 4121 4122 4120
f 4120 4119 4121
f 3975 4123 4121
f 4121 3965 3975
f 4123 4124 4122
f 4122 4121 4123
f 3933 4116 4123
f 4123 3975 3933
f 4116 4118 4124
f 4124 4123 4116
f 4036 4131 4125
f 4125 3985 4036
f 4131 4132 4126
f 4126 4125 4131
f 3985 4125 4127
f 4127 3996 3985
f 4125 4126 4128
f 4128 4127 4125
f 3955 4119 4129
f 4129 4016 3955
f 4119 4120 4130
f 4130 4129 4119
f 4016 4129 4131
f 4131 4036 4016
f 4129 4130 4132
f 4132 4131 4129
f 4164 4138 4190
f 4190 4196 4164
f 4208 4142 4159
f 4159 4214 4208
f 4628 4621 4400
f 4400 4414 4628
f 4214 4159 4163
f 4163 4215 4214
f 4215 4163 4133
f 4133 4210 4215
f 4271 4281 4229
f 4229 4276 4271
f 4217 4152 4141
f 4141 4209 4217
f 4176 4170 4307
f 4307 4312 4176
f 4178 4169 4174
f 4174 4184 4178
f 4625 4624 4406
f 4406 4408 4625
f 4184 4174 4175
f 4175 4185 4184
f 4185 4175 4170
f 4170 4180 4185
f 4169 4305 4310
f 4310 4174 4169
f 4187 4177 4168
f 4168 4179 4187
f 4186 4180 4170
f 4170 4176 4186
f 4314 4312 4332
f 4332 4334 4314
f 4189 4178 4184
f 4184 4194 4189
f 4626 4625 4408
f 4408 4410 4626
f 4194 4184 4185
f 4185 4195 4194
f 4195 4185 4180
f 4180 4190 4195
f 4197 4187 4179
f 4179 4188 4197
f 4196 4190 4180
f 4180 4186 4196
f 4228 4176 4312
f 4312 4314 4228
f 4137 4189 4194
f 4194 4157 4137
f 4622 4626 4410
f 4410 4404 4622
f 4157 4194 4195
f 4195 4160 4157
f 4160 4195 4190
f 4190 4138 4160
f 4155 4197 4188
f 4188 4136 4155
f 4328 4199 4204
f 4204 4330 4328
f 4630 4627 4412
f 4412 4418 4630
f 4330 4204 4205
f 4205 4331 4330
f 4331 4205 4200
f 4200 4327 4331
f 4333 4207 4198
f 4198 4329 4333
f 4206 4200 4210
f 4210 4216 4206
f 4312 4307 4327
f 4327 4332 4312
f 4199 4208 4214
f 4214 4204 4199
f 4627 4628 4414
f 4414 4412 4627
f 4204 4214 4215
f 4215 4205 4204
f 4205 4215 4210
f 4210 4200 4205
f 4207 4217 4209
f 4209 4198 4207
f 4216 4210 4133
f 4133 4166 4216
f 4276 4266 4228
f 4228 4211 4276
f 4275 4224 4248
f 4248 4281 4275
f 4243 4225 4295
f 4295 4301 4243
f 4595 4235 4300
f 4300 4602 4595
f 4247 4243 4301
f 4301 4302 4247
f 4219 4247 4302
f 4302 4296 4219
f 4271 4276 4211
f 4211 4261 4271
f 4226 4236 4304
f 4304 4294 4226
f 4318 4254 4261
f 4261 4323 4318
f 4259 4253 4263
f 4263 4269 4259
f 4598 4257 4267
f 4267 4599 4598
f 4260 4259 4269
f 4269 4270 4260
f 4254 4260 4270
f 4270 4265 4254
f 4143 4216 4166
f 4166 4286 4143
f 4252 4262 4272
f 4272 4264 4252
f 4254 4265 4271
f 4271 4261 4254
f 4171 4181 4191
f 4191 4143 4171
f 4269 4263 4274
f 4274 4279 4269
f 4599 4267 4278
f 4278 4600 4599
f 4270 4269 4279
f 4279 4280 4270
f 4265 4270 4280
f 4280 4275 4265
f 4264 4272 4282
f 4282 4273 4264
f 4265 4275 4281
f 4281 4271 4265
f 4143 4191 4206
f 4206 4216 4143
f 4279 4274 4222
f 4222 4240 4279
f 4600 4278 4232
f 4232 4597 4600
f 4280 4279 4240
f 4240 4245 4280
f 4275 4280 4245
f 4245 4224 4275
f 4273 4282 4239
f 4239 4220 4273
f 4290 4283 4336
f 4336 4341 4290
f 4601 4288 4340
f 4340 4604 4601
f 4291 4290 4341
f 4341 4342 4291
f 4285 4291 4342
f 4342 4338 4285
f 4284 4293 4344
f 4344 4337 4284
f 4296 4285 4292
f 4292 4303 4296
f 4229 4144 4297
f 4297 4201 4229
f 4301 4295 4283
f 4283 4290 4301
f 4602 4300 4288
f 4288 4601 4602
f 4302 4301 4290
f 4290 4291 4302
f 4296 4302 4291
f 4291 4285 4296
f 4294 4304 4293
f 4293 4284 4294
f 4219 4296 4303
f 4303 4250 4219
f 4281 4248 4144
f 4144 4229 4281
f 4303 4171 4256
f 4256 4250 4303
f 4303 4292 4181
f 4181 4171 4303
f 4266 4201 4196
f 4196 4186 4266
f 4266 4186 4176
f 4176 4228 4266
f 4201 4297 4164
f 4164 4196 4201
f 4261 4211 4315
f 4315 4323 4261
f 4171 4143 4286
f 4286 4256 4171
f 4276 4229 4201
f 4201 4266 4276
f 4211 4228 4314
f 4314 4315 4211
f 4624 4629 4416
f 4416 4406 4624
f 4174 4310 4311
f 4311 4175 4174
f 4175 4311 4307
f 4307 4170 4175
f 4177 4313 4306
f 4306 4168 4177
f 4338 4318 4323
f 4323 4343 4338
f 4321 4316 4253
f 4253 4259 4321
f 4603 4320 4257
f 4257 4598 4603
f 4322 4321 4259
f 4259 4260 4322
f 4318 4322 4260
f 4260 4254 4318
f 4317 4324 4262
f 4262 4252 4317
f 4323 4315 4335
f 4335 4343 4323
f 4334 4332 4206
f 4206 4191 4334
f 4305 4328 4330
f 4330 4310 4305
f 4629 4630 4418
f 4418 4416 4629
f 4310 4330 4331
f 4331 4311 4310
f 4311 4331 4327
f 4327 4307 4311
f 4313 4333 4329
f 4329 4306 4313
f 4332 4327 4200
f 4200 4206 4332
f 4341 4336 4316
f 4316 4321 4341
f 4604 4340 4320
f 4320 4603 4604
f 4342 4341 4321
f 4321 4322 4342
f 4338 4342 4322
f 4322 4318 4338
f 4337 4344 4324
f 4324 4317 4337
f 4285 4338 4343
f 4343 4292 4285
f 4343 4335 4181
f 4181 4292 4343
f 4335 4334 4191
f 4191 4181 4335
f 4386 4373 4384
f 4384 4385 4386
f 4385 4384 4383
f 4383 4387 4385
f 4387 4383 4382
f 4382 4388 4387
f 4388 4382 4381
f 4381 4389 4388
f 4389 4381 4380
f 4380 4390 4389
f 4390 4380 4379
f 4379 4391 4390
f 4391 4379 4378
f 4378 4392 4391
f 4392 4378 4377
f 4377 4393 4392
f 4393 4377 4376
f 4376 4394 4393
f 4394 4376 4375
f 4375 4395 4394
f 4395 4375 4374
f 4374 4396 4395
f 4396 4374 4373
f 4373 4386 4396
f 4315 4376 4335
f 4315 4375 4376
f 4315 4374 4375
f 4315 4373 4374
f 4315 4314 4373
f 4314 4384 4373
f 4314 4383 4384
f 4314 4382 4383
f 4314 4334 4382
f 4376 4377 4335
f 4382 4334 4381
f 4377 4378 4335
f 4381 4334 4380
f 4378 4379 4335
f 4380 4334 4379
f 4379 4334 4335
f 4346 4386 4385
f 4385 4371 4346
f 4371 4385 4387
f 4387 4370 4371
f 4370 4387 4388
f 4388 4367 4370
f 4367 4388 4389
f 4389 4364 4367
f 4364 4389 4390
f 4390 4363 4364
f 4363 4390 4391
f 4391 4360 4363
f 4360 4391 4392
f 4392 4356 4360
f 4356 4392 4393
f 4393 4354 4356
f 4354 4393 4394
f 4394 4352 4354
f 4352 4394 4395
f 4395 4351 4352
f 4351 4395 4396
f 4396 4347 4351
f 4347 4396 4386
f 4386 4346 4347
f 4413 4398 4152
f 4152 4217 4413
f 4414 4400 4398
f 4398 4413 4414
f 4407 4405 4177
f 4177 4187 4407
f 4408 4406 4405
f 4405 4407 4408
f 4409 4407 4187
f 4187 4197 4409
f 4410 4408 4407
f 4407 4409 4410
f 4401 4409 4197
f 4197 4155 4401
f 4404 4410 4409
f 4409 4401 4404
f 4417 4411 4207
f 4207 4333 4417
f 4418 4412 4411
f 4411 4417 4418
f 4411 4413 4217
f 4217 4207 4411
f 4412 4414 4413
f 4413 4411 4412
f 4405 4415 4313
f 4313 4177 4405
f 4406 4416 4415
f 4415 4405 4406
f 4415 4417 4333
f 4333 4313 4415
f 4416 4418 4417
f 4417 4415 4416
f 4236 4420 4435
f 4435 4304 4236
f 4420 4421 4436
f 4436 4435 4420
f 4262 4427 4429
f 4429 4272 4262
f 4427 4428 4430
f 4430 4429 4427
f 4272 4429 4431
f 4431 4282 4272
f 4429 4430 4432
f 4432 4431 4429
f 4282 4431 4423
f 4423 4239 4282
f 4431 4432 4426
f 4426 4423 4431
f 4293 4433 4439
f 4439 4344 4293
f 4433 4434 4440
f 4440 4439 4433
f 4304 4435 4433
f 4433 4293 4304
f 4435 4436 4434
f 4434 4433 4435
f 4324 4437 4427
f 4427 4262 4324
f 4437 4438 4428
f 4428 4427 4437
f 4344 4439 4437
f 4437 4324 4344
f 4439 4440 4438
f 4438 4437 4439
f 4502 4511 4158
f 4158 4140 4502
f 4501 4512 4161
f 4161 4139 4501
f 4499 4515 4167
f 4167 4134 4499
f 4514 4501 4139
f 4139 4165 4514
f 4505 4518 4193
f 4193 4148 4505
f 4500 4509 4154
f 4154 4135 4500
f 4633 4550 4399
f 4399 4620 4633
f 4660 4504 4147
f 4147 4648 4660
f 4512 4510 4156
f 4156 4161 4512
f 4511 4513 4162
f 4162 4158 4511
f 4510 4500 4135
f 4135 4156 4510
f 4513 4499 4134
f 4134 4162 4513
f 4535 4503 4145
f 4145 4249 4535
f 4547 4519 4202
f 4202 4326 4547
f 4508 4502 4140
f 4140 4153 4508
f 4520 4507 4149
f 4149 4213 4520
f 4517 4516 4172
f 4172 4183 4517
f 4518 4517 4183
f 4183 4193 4518
f 4516 4545 4308
f 4308 4172 4516
f 4519 4520 4213
f 4213 4202 4519
f 4532 4524 4227
f 4227 4242 4532
f 4533 4523 4223
f 4223 4244 4533
f 4536 4521 4218
f 4218 4251 4536
f 4523 4535 4249
f 4249 4223 4523
f 4540 4526 4231
f 4231 4277 4540
f 4530 4522 4221
f 4221 4238 4530
f 4608 4528 4233
f 4233 4594 4608
f 4582 4556 4425
f 4425 4570 4582
f 4531 4533 4244
f 4244 4241 4531
f 4534 4532 4242
f 4242 4246 4534
f 4522 4531 4241
f 4241 4221 4522
f 4521 4534 4246
f 4246 4218 4521
f 4524 4529 4237
f 4237 4227 4524
f 4527 4544 4299
f 4299 4234 4527
f 4541 4537 4255
f 4255 4287 4541
f 4538 4539 4268
f 4268 4258 4538
f 4539 4540 4277
f 4277 4268 4539
f 4546 4538 4258
f 4258 4319 4546
f 4515 4541 4287
f 4287 4167 4515
f 4544 4542 4289
f 4289 4299 4544
f 4537 4536 4251
f 4251 4255 4537
f 4503 4543 4298
f 4298 4145 4503
f 4543 4514 4165
f 4165 4298 4543
f 4542 4548 4339
f 4339 4289 4542
f 4545 4547 4326
f 4326 4308 4545
f 4548 4546 4319
f 4319 4339 4548
f 4662 4663 4348
f 4348 4345 4662
f 4663 4668 4349
f 4349 4348 4663
f 4666 4669 4353
f 4353 4350 4666
f 4669 4672 4355
f 4355 4353 4669
f 4672 4674 4357
f 4357 4355 4672
f 4676 4677 4359
f 4359 4358 4676
f 4677 4679 4362
f 4362 4359 4677
f 4680 4682 4365
f 4365 4361 4680
f 4682 4686 4366
f 4366 4365 4682
f 4686 4687 4369
f 4369 4366 4686
f 4688 4691 4372
f 4372 4368 4688
f 4691 4662 4345
f 4345 4372 4691
f 4549 4508 4153
f 4153 4397 4549
f 4550 4549 4397
f 4397 4399 4550
f 4509 4551 4402
f 4402 4154 4509
f 4551 4552 4403
f 4403 4402 4551
f 4529 4553 4419
f 4419 4237 4529
f 4553 4554 4422
f 4422 4419 4553
f 4555 4530 4238
f 4238 4424 4555
f 4556 4555 4424
f 4424 4425 4556
f 3837 3855 4453
f 4453 4444 3837
f 3835 3857 4454
f 4454 4443 3835
f 3831 3863 4457
f 4457 4441 3831
f 3861 3835 4443
f 4443 4456 3861
f 3843 3889 4460
f 4460 4447 3843
f 3832 3851 4451
f 4451 4442 3832
f 4610 4092 4492
f 4492 4631 4610
f 4638 3844 4446
f 4446 4659 4638
f 3857 3854 4452
f 4452 4454 3857
f 3855 3860 4455
f 4455 4453 3855
f 3854 3832 4442
f 4442 4452 3854
f 3860 3831 4441
f 4441 4455 3860
f 3944 3841 4445
f 4445 4477 3944
f 4017 3898 4461
f 4461 4489 4017
f 3850 3837 4444
f 4444 4450 3850
f 3909 3848 4448
f 4448 4462 3909
f 3878 3868 4458
f 4458 4459 3878
f 3889 3878 4459
f 4459 4460 3889
f 3868 4000 4487
f 4487 4458 3868
f 3898 3909 4462
f 4462 4461 3898
f 3937 3921 4466
f 4466 4474 3937
f 3940 3918 4465
f 4465 4475 3940
f 3945 3914 4463
f 4463 4478 3945
f 3918 3944 4477
f 4477 4465 3918
f 3971 3927 4468
f 4468 4482 3971
f 3934 3917 4464
f 4464 4472 3934
f 4584 3929 4470
f 4470 4607 4584
f 4560 4117 4498
f 4498 4580 4560
f 3936 3940 4475
f 4475 4473 3936
f 3941 3937 4474
f 4474 4476 3941
f 3917 3936 4473
f 4473 4464 3917
f 3914 3941 4476
f 4476 4463 3914
f 3921 3931 4471
f 4471 4466 3921
f 3930 3991 4486
f 4486 4469 3930
f 3979 3949 4479
f 4479 4483 3979
f 3951 3960 4481
f 4481 4480 3951
f 3960 3971 4482
f 4482 4481 3960
f 4011 3951 4480
f 4480 4488 4011
f 3863 3979 4483
f 4483 4457 3863
f 3991 3981 4484
f 4484 4486 3991
f 3949 3945 4478
f 4478 4479 3949
f 3841 3990 4485
f 4485 4445 3841
f 3990 3861 4456
f 4456 4485 3990
f 3981 4032 4490
f 4490 4484 3981
f 4000 4017 4489
f 4489 4487 4000
f 4032 4011 4488
f 4488 4490 4032
f 4090 3850 4450
f 4450 4491 4090
f 4092 4090 4491
f 4491 4492 4092
f 3851 4094 4493
f 4493 4451 3851
f 4094 4096 4494
f 4494 4493 4094
f 3931 4112 4495
f 4495 4471 3931
f 4112 4114 4496
f 4496 4495 4112
f 4115 3934 4472
f 4472 4497 4115
f 4117 4115 4497
f 4497 4498 4117
f 4444 4453 4511
f 4511 4502 4444
f 4443 4454 4512
f 4512 4501 4443
f 4441 4457 4515
f 4515 4499 4441
f 4456 4443 4501
f 4501 4514 4456
f 4447 4460 4518
f 4518 4505 4447
f 4442 4451 4509
f 4509 4500 4442
f 4631 4492 4550
f 4550 4633 4631
f 4659 4446 4504
f 4504 4660 4659
f 4454 4452 4510
f 4510 4512 4454
f 4453 4455 4513
f 4513 4511 4453
f 4452 4442 4500
f 4500 4510 4452
f 4455 4441 4499
f 4499 4513 4455
f 4477 4445 4503
f 4503 4535 4477
f 4489 4461 4519
f 4519 4547 4489
f 4450 4444 4502
f 4502 4508 4450
f 4462 4448 4507
f 4507 4520 4462
f 4459 4458 4516
f 4516 4517 4459
f 4460 4459 4517
f 4517 4518 4460
f 4458 4487 4545
f 4545 4516 4458
f 4461 4462 4520
f 4520 4519 4461
f 4474 4466 4524
f 4524 4532 4474
f 4475 4465 4523
f 4523 4533 4475
f 4478 4463 4521
f 4521 4536 4478
f 4465 4477 4535
f 4535 4523 4465
f 4482 4468 4526
f 4526 4540 4482
f 4472 4464 4522
f 4522 4530 4472
f 4607 4470 4528
f 4528 4608 4607
f 4580 4498 4556
f 4556 4582 4580
f 4473 4475 4533
f 4533 4531 4473
f 4476 4474 4532
f 4532 4534 4476
f 4464 4473 4531
f 4531 4522 4464
f 4463 4476 4534
f 4534 4521 4463
f 4466 4471 4529
f 4529 4524 4466
f 4469 4486 4544
f 4544 4527 4469
f 4483 4479 4537
f 4537 4541 4483
f 4480 4481 4539
f 4539 4538 4480
f 4481 4482 4540
f 4540 4539 4481
f 4488 4480 4538
f 4538 4546 4488
f 4457 4483 4541
f 4541 4515 4457
f 4486 4484 4542
f 4542 4544 4486
f 4479 4478 4536
f 4536 4537 4479
f 4445 4485 4543
f 4543 4503 4445
f 4485 4456 4514
f 4514 4543 4485
f 4484 4490 4548
f 4548 4542 4484
f 4487 4489 4547
f 4547 4545 4487
f 4490 4488 4546
f 4546 4548 4490
f 4491 4450 4508
f 4508 4549 4491
f 4492 4491 4549
f 4549 4550 4492
f 4451 4493 4551
f 4551 4509 4451
f 4493 4494 4552
f 4552 4551 4493
f 4471 4495 4553
f 4553 4529 4471
f 4495 4496 4554
f 4554 4553 4495
f 4497 4472 4530
f 4530 4555 4497
f 4498 4497 4555
f 4555 4556 4498
f 4128 4565 4557
f 4557 4113 4128
f 4122 4562 4561
f 4561 4120 4122
f 4124 4563 4562
f 4562 4122 4124
f 4118 4559 4563
f 4563 4124 4118
f 4132 4567 4564
f 4564 4126 4132
f 4126 4564 4565
f 4565 4128 4126
f 4120 4561 4566
f 4566 4130 4120
f 4130 4566 4567
f 4567 4132 4130
f 4421 4568 4576
f 4576 4436 4421
f 4428 4572 4573
f 4573 4430 4428
f 4430 4573 4574
f 4574 4432 4430
f 4432 4574 4571
f 4571 4426 4432
f 4434 4575 4578
f 4578 4440 4434
f 4436 4576 4575
f 4575 4434 4436
f 4438 4577 4572
f 4572 4428 4438
f 4440 4578 4577
f 4577 4438 4440
f 4554 4581 4569
f 4569 4422 4554
f 4606 4582 4570
f 4570 4596 4606
f 4114 4558 4579
f 4579 4496 4114
f 4586 4560 4580
f 4580 4605 4586
f 4496 4579 4581
f 4581 4554 4496
f 4605 4580 4582
f 4582 4606 4605
f 4565 4591 4583
f 4583 4557 4565
f 4562 4588 4587
f 4587 4561 4562
f 4563 4589 4588
f 4588 4562 4563
f 4559 4585 4589
f 4589 4563 4559
f 4567 4593 4590
f 4590 4564 4567
f 4564 4590 4591
f 4591 4565 4564
f 4561 4587 4592
f 4592 4566 4561
f 4566 4592 4593
f 4593 4567 4566
f 4568 4595 4602
f 4602 4576 4568
f 4572 4598 4599
f 4599 4573 4572
f 4573 4599 4600
f 4600 4574 4573
f 4574 4600 4597
f 4597 4571 4574
f 4575 4601 4604
f 4604 4578 4575
f 4576 4602 4601
f 4601 4575 4576
f 4577 4603 4598
f 4598 4572 4577
f 4578 4604 4603
f 4603 4577 4578
f 4581 4608 4594
f 4594 4569 4581
f 4558 4584 4607
f 4607 4579 4558
f 4579 4607 4608
f 4608 4581 4579
f 4525 4606 4596
f 4596 4230 4525
f 3926 4586 4605
f 4605 4467 3926
f 4467 4605 4606
f 4606 4525 4467
f 4106 4091 4609
f 4609 4617 4106
f 4100 4098 4613
f 4613 4614 4100
f 4102 4100 4614
f 4614 4615 4102
f 4095 4102 4615
f 4615 4612 4095
f 4110 4104 4616
f 4616 4619 4110
f 4104 4106 4617
f 4617 4616 4104
f 4098 4108 4618
f 4618 4613 4098
f 4108 4110 4619
f 4619 4618 4108
f 4654 4647 4621
f 4621 4628 4654
f 4651 4650 4624
f 4624 4625 4651
f 4652 4651 4625
f 4625 4626 4652
f 4649 4652 4626
f 4626 4622 4649
f 4656 4653 4627
f 4627 4630 4656
f 4653 4654 4628
f 4628 4627 4653
f 4650 4655 4629
f 4629 4624 4650
f 4655 4656 4630
f 4630 4629 4655
f 4658 4633 4620
f 4620 4646 4658
f 4552 4634 4623
f 4623 4403 4552
f 4636 4610 4631
f 4631 4657 4636
f 4096 4611 4632
f 4632 4494 4096
f 4657 4631 4633
f 4633 4658 4657
f 4494 4632 4634
f 4634 4552 4494
f 4617 4609 4635
f 4635 4643 4617
f 4614 4613 4639
f 4639 4640 4614
f 4615 4614 4640
f 4640 4641 4615
f 4612 4615 4641
f 4641 4637 4612
f 4619 4616 4642
f 4642 4645 4619
f 4616 4617 4643
f 4643 4642 4616
f 4613 4618 4644
f 4644 4639 4613
f 4618 4619 4645
f 4645 4644 4618
f 4634 4660 4648
f 4648 4623 4634
f 4611 4638 4659
f 4659 4632 4611
f 4632 4659 4660
f 4660 4634 4632
f 4212 4150 4647
f 4647 4654 4212
f 4182 4173 4650
f 4650 4651 4182
f 4192 4182 4651
f 4651 4652 4192
f 4146 4192 4652
f 4652 4649 4146
f 4325 4203 4653
f 4653 4656 4325
f 4203 4212 4654
f 4654 4653 4203
f 4173 4309 4655
f 4655 4650 4173
f 4309 4325 4656
f 4656 4655 4309
f 4506 4658 4646
f 4646 4151 4506
f 3846 4636 4657
f 4657 4449 3846
f 4449 4657 4658
f 4658 4506 4449
f 4038 4041 4665
f 4665 4661 4038
f 4039 4043 4667
f 4667 4664 4039
f 4043 4044 4670
f 4670 4667 4043
f 4044 4046 4671
f 4671 4670 4044
f 4048 4049 4675
f 4675 4673 4048
f 4049 4051 4678
f 4678 4675 4049
f 4051 4053 4681
f 4681 4678 4051
f 4053 4056 4683
f 4683 4681 4053
f 4055 4059 4685
f 4685 4684 4055
f 4059 4060 4689
f 4689 4685 4059
f 4060 4063 4690
f 4690 4689 4060
f 4064 4038 4661
f 4661 4692 4064
