# exported from mesh.npz by build_env/build_object_urdf.py
# mesh coordinates preserved (origin convention goal_traj tracks)
v -0.037798 0.028411 0.001249
v -0.037260 0.028105 0.000579
v -0.037260 0.028105 0.000579
v -0.039709 0.026578 0.000812
v -0.039709 0.026578 0.000812
v -0.039709 0.026578 0.000812
v -0.039709 0.026578 0.000812
v -0.034606 0.030463 0.001146
v -0.034606 0.030463 0.001146
v -0.034606 0.030463 0.001146
v -0.034606 0.030463 0.001146
v -0.033451 0.030345 0.000504
v -0.036681 0.029540 0.002721
v -0.037606 0.026725 0.000244
v -0.037606 0.026725 0.000244
v -0.029783 0.031366 0.000354
v -0.029783 0.031366 0.000354
v -0.028419 0.029983 0.000452
v -0.028419 0.029983 0.000452
v -0.036902 0.025688 0.000250
v -0.031992 0.027276 0.000615
v -0.031992 0.027276 0.000615
v -0.031992 0.027276 0.000615
v -0.039397 0.027555 0.002983
v -0.039397 0.027555 0.002983
v -0.037108 0.030191 0.007786
v -0.033713 0.031301 0.002350
v -0.033713 0.031301 0.002350
v -0.033713 0.031301 0.002350
v -0.029511 0.032673 0.000894
v -0.029511 0.032673 0.000894
v -0.031008 0.032451 0.001521
v -0.030962 0.032948 0.004746
v -0.030962 0.032948 0.004746
v -0.034908 0.031208 0.007651
v -0.032308 0.032795 0.009331
v -0.036428 0.030774 0.010481
v -0.028596 0.034155 0.007045
v -0.028596 0.034155 0.007045
v -0.028596 0.034155 0.007045
v -0.025950 0.035246 0.011107
v -0.025950 0.035246 0.011107
v -0.025950 0.035246 0.011107
v -0.029889 0.034004 0.014784
v -0.023930 0.033687 0.000583
v -0.023930 0.033687 0.000583
v -0.025617 0.033926 0.000974
v -0.015669 0.033544 0.000557
v -0.015669 0.033544 0.000557
v -0.027325 0.034002 0.002095
v -0.027325 0.034002 0.002095
v -0.022562 0.035128 0.001993
v -0.022562 0.035128 0.001993
v -0.022562 0.035128 0.001993
v -0.027095 0.029157 0.000862
v -0.027095 0.029157 0.000862
v -0.027095 0.029157 0.000862
v -0.021000 0.035054 0.001244
v -0.021000 0.035054 0.001244
v -0.021000 0.035054 0.001244
v -0.021000 0.035054 0.001244
v -0.019882 0.031941 0.000600
v -0.022970 0.030584 0.000744
v -0.022970 0.030584 0.000744
v -0.017964 0.031334 0.000815
v -0.017986 0.034904 0.000909
v -0.017986 0.034904 0.000909
v -0.015061 0.034318 0.000714
v -0.022990 0.028037 0.002227
v -0.022990 0.028037 0.002227
v -0.026211 0.026681 0.002259
v -0.026211 0.026681 0.002259
v -0.025227 0.035010 0.005649
v -0.025227 0.035010 0.005649
v -0.025227 0.035010 0.005649
v -0.023139 0.035755 0.009876
v -0.022115 0.035678 0.006431
v -0.022115 0.035678 0.006431
v -0.022115 0.035678 0.006431
v -0.019950 0.035676 0.004400
v -0.019950 0.035676 0.004400
v -0.018766 0.035606 0.002419
v -0.017090 0.035533 0.001627
v -0.016107 0.035817 0.004455
v -0.019140 0.036154 0.010503
v -0.019140 0.036154 0.010503
v -0.019140 0.036154 0.010503
v -0.019140 0.036154 0.010503
v -0.017054 0.036084 0.007525
v -0.017054 0.036084 0.007525
v -0.052365 0.002043 0.001161
v -0.052387 0.003377 0.001231
v -0.052387 0.003377 0.001231
v -0.052387 0.003377 0.001231
v -0.051842 0.002514 0.000334
v -0.051842 0.002514 0.000334
v -0.052453 0.000166 0.000777
v -0.052453 0.000166 0.000777
v -0.052729 0.001312 0.002531
v -0.052729 0.001312 0.002531
v -0.052729 0.001312 0.002531
v -0.051560 -0.001499 0.000089
v -0.050732 0.005290 0.000035
v -0.050195 -0.001413 0.000051
v -0.050195 -0.001413 0.000051
v -0.050195 -0.001413 0.000051
v -0.050195 -0.001413 0.000051
v -0.052899 -0.001327 0.002857
v -0.052457 -0.001675 0.000674
v -0.048660 0.006796 0.000056
v -0.048660 0.006796 0.000056
v -0.048660 0.006796 0.000056
v -0.048660 0.006796 0.000056
v -0.048476 -0.000673 0.000459
v -0.048547 -0.004736 0.000319
v -0.046900 -0.004100 0.001233
v -0.050985 -0.009705 0.000393
v -0.050985 -0.009705 0.000393
v -0.050985 -0.009705 0.000393
v -0.051934 -0.006660 0.000787
v -0.051266 -0.006238 0.000130
v -0.051266 -0.006238 0.000130
v -0.051266 -0.006238 0.000130
v -0.049039 -0.012207 -0.000028
v -0.049039 -0.012207 -0.000028
v -0.052142 -0.003914 0.000583
v -0.052142 -0.003914 0.000583
v -0.052529 -0.004431 0.001687
v -0.052752 -0.004890 0.004331
v -0.052752 -0.004890 0.004331
v -0.052275 -0.007121 0.002175
v -0.052115 -0.008682 0.003637
v -0.051401 -0.009838 0.000996
v -0.047803 -0.011247 0.000126
v -0.046883 -0.008672 0.000716
v -0.046883 -0.008672 0.000716
v -0.049589 -0.013476 0.000332
v -0.050514 -0.012983 0.001239
v -0.050514 -0.012983 0.001239
v -0.050514 -0.012983 0.001239
v -0.051431 -0.011219 0.002938
v -0.051039 -0.012463 0.004020
v -0.051882 -0.010575 0.006021
v -0.050139 -0.014511 0.002672
v -0.050836 -0.013617 0.005745
v -0.048544 -0.017159 0.000953
v -0.048544 -0.017159 0.000953
v -0.049144 -0.016624 0.002287
v -0.047522 -0.017490 0.000237
v -0.046531 -0.016038 0.000071
v -0.044443 -0.017103 0.000310
v -0.044443 -0.017103 0.000310
v -0.045771 -0.012626 0.000610
v -0.045771 -0.012626 0.000610
v -0.043135 -0.017314 0.000763
v -0.044505 -0.011860 0.001650
v -0.044273 -0.022506 0.000332
v -0.044273 -0.022506 0.000332
v -0.044273 -0.022506 0.000332
v -0.044928 -0.020086 0.000065
v -0.044928 -0.020086 0.000065
v -0.046425 -0.020699 0.001047
v -0.046425 -0.020699 0.001047
v -0.046848 -0.020642 0.002250
v -0.046848 -0.020642 0.002250
v -0.049303 -0.016849 0.004675
v -0.047329 -0.020593 0.006279
v -0.047329 -0.020593 0.006279
v -0.047329 -0.020593 0.006279
v -0.048381 -0.019105 0.008319
v -0.048381 -0.019105 0.008319
v -0.045730 -0.022789 0.005925
v -0.045730 -0.022789 0.005925
v -0.041027 -0.022626 0.000182
v -0.044800 -0.023045 0.001545
v -0.044800 -0.023045 0.001545
v -0.043713 -0.023539 0.000680
v -0.043713 -0.023539 0.000680
v -0.039935 -0.021453 0.000709
v -0.040394 -0.025481 0.000119
v -0.040394 -0.025481 0.000119
v -0.036790 -0.025266 0.000411
v -0.036790 -0.025266 0.000411
v -0.036790 -0.025266 0.000411
v -0.037070 -0.022914 0.001370
v -0.037070 -0.022914 0.001370
v -0.035118 -0.024515 0.001382
v -0.035118 -0.024515 0.001382
v -0.035118 -0.024515 0.001382
v -0.044835 0.022782 0.006364
v -0.044835 0.022782 0.006364
v -0.045486 0.021591 0.004340
v -0.046988 0.019976 0.006387
v -0.046988 0.019976 0.006387
v -0.046988 0.019976 0.006387
v -0.046988 0.019976 0.006387
v -0.045832 0.022011 0.010706
v -0.045832 0.022011 0.010706
v -0.047375 0.018952 0.004287
v -0.048646 0.017597 0.009289
v -0.049606 0.013062 0.000789
v -0.049606 0.013062 0.000789
v -0.050002 0.010587 0.000314
v -0.051048 0.009724 0.001163
v -0.051048 0.009724 0.001163
v -0.051048 0.009724 0.001163
v -0.050065 0.012841 0.001528
v -0.048199 0.017374 0.003451
v -0.048199 0.017374 0.003451
v -0.048706 0.015823 0.001514
v -0.048706 0.015823 0.001514
v -0.048706 0.015823 0.001514
v -0.050003 0.013699 0.003691
v -0.050003 0.013699 0.003691
v -0.051087 0.010785 0.003387
v -0.051087 0.010785 0.003387
v -0.051256 0.011410 0.006263
v -0.051256 0.011410 0.006263
v -0.051399 0.007185 0.000678
v -0.051399 0.007185 0.000678
v -0.052215 0.005709 0.001784
v -0.051999 0.008006 0.003848
v -0.052664 0.004585 0.004243
v -0.052664 0.004585 0.004243
v -0.052571 0.007434 0.007786
v -0.052960 0.004761 0.006605
v -0.049812 0.015039 0.006760
v -0.051244 0.011728 0.008870
v -0.050366 0.014585 0.012547
v -0.051461 0.011744 0.012228
v -0.052329 0.009011 0.011290
v -0.052329 0.009011 0.011290
v -0.052861 0.006991 0.011620
v -0.052861 0.006991 0.011620
v -0.052861 0.006991 0.011620
v -0.047179 0.020471 0.012993
v -0.043442 0.024445 0.007726
v -0.043442 0.024445 0.007726
v -0.043442 0.024445 0.007726
v -0.043846 0.024494 0.013458
v -0.043846 0.024494 0.013458
v -0.046266 0.022311 0.018692
v -0.046266 0.022311 0.018692
v -0.042362 0.026199 0.013925
v -0.043424 0.025431 0.019674
v -0.043424 0.025431 0.019674
v -0.049214 0.017307 0.015577
v -0.049214 0.017307 0.015577
v -0.052631 0.008127 0.014676
v -0.052631 0.008127 0.014676
v -0.052068 0.010832 0.016377
v -0.051447 0.012721 0.017824
v -0.051447 0.012721 0.017824
v -0.051447 0.012721 0.017824
v -0.053168 0.008261 0.017506
v -0.052119 0.011627 0.019744
v -0.052242 0.011092 0.022175
v -0.052242 0.011092 0.022175
v -0.052242 0.011092 0.022175
v -0.050759 0.014740 0.021331
v -0.050759 0.014740 0.021331
v -0.051102 0.015263 0.030149
v -0.048102 0.019513 0.019281
v -0.049250 0.017784 0.021976
v -0.049250 0.017784 0.021976
v -0.053125 0.002039 0.006126
v -0.053407 -0.002760 0.010249
v -0.053407 -0.002760 0.010249
v -0.053407 -0.002760 0.010249
v -0.053407 -0.002760 0.010249
v -0.053400 0.000173 0.009631
v -0.053400 0.000173 0.009631
v -0.053135 -0.005861 0.010621
v -0.053265 0.004686 0.010043
v -0.053491 0.003100 0.011414
v -0.053535 0.000999 0.012779
v -0.053423 0.004552 0.014056
v -0.053423 0.004552 0.014056
v -0.053423 0.004552 0.014056
v -0.053678 0.001699 0.013724
v -0.053673 -0.002410 0.014723
v -0.052609 -0.009408 0.011727
v -0.052609 -0.009408 0.011727
v -0.052609 -0.009408 0.011727
v -0.053350 -0.006358 0.013990
v -0.053581 -0.006033 0.017078
v -0.053581 -0.006033 0.017078
v -0.052922 -0.008581 0.016537
v -0.052426 -0.010640 0.015547
v -0.052426 -0.010640 0.015547
v -0.052426 -0.010640 0.015547
v -0.052637 -0.011500 0.018069
v -0.053071 -0.009569 0.019035
v -0.053008 0.008973 0.019695
v -0.053647 0.004919 0.020976
v -0.053647 0.004919 0.020976
v -0.053146 0.005786 0.015465
v -0.053146 0.005786 0.015465
v -0.053857 0.002472 0.019225
v -0.053857 0.002472 0.019225
v -0.053857 0.002472 0.019225
v -0.054016 -0.001596 0.018994
v -0.054092 0.001504 0.023785
v -0.054092 0.001504 0.023785
v -0.054092 0.001504 0.023785
v -0.053149 0.008174 0.022162
v -0.052146 0.012150 0.027439
v -0.052146 0.012150 0.027439
v -0.052146 0.012150 0.027439
v -0.053177 0.009210 0.027278
v -0.054032 0.004512 0.027043
v -0.054032 0.004512 0.027043
v -0.053716 0.007513 0.029841
v -0.053716 0.007513 0.029841
v -0.053716 0.007513 0.029841
v -0.053733 -0.005000 0.022202
v -0.053733 -0.005000 0.022202
v -0.053421 -0.007386 0.019724
v -0.053421 -0.007386 0.019724
v -0.054306 -0.002384 0.024308
v -0.053575 -0.007792 0.023805
v -0.053274 -0.008589 0.022073
v -0.052860 -0.010493 0.022269
v -0.051930 -0.012991 0.020694
v -0.052132 -0.013023 0.018317
v -0.052805 -0.011824 0.027460
v -0.052805 -0.011824 0.027460
v -0.052805 -0.011824 0.027460
v -0.052805 -0.011824 0.027460
v -0.054421 0.000096 0.027646
v -0.054402 -0.005262 0.031324
v -0.054781 0.000129 0.031809
v -0.054781 0.000129 0.031809
v -0.053785 -0.007642 0.028824
v -0.053319 -0.010808 0.032003
v -0.053319 -0.010808 0.032003
v -0.045042 0.018971 0.000116
v -0.045042 0.018971 0.000116
v -0.048640 0.012549 0.000081
v -0.047840 0.016135 0.000509
v -0.046505 0.019497 0.001327
v -0.046505 0.019497 0.001327
v -0.045457 0.019883 0.000491
v -0.045457 0.019883 0.000491
v -0.045457 0.019883 0.000491
v -0.043634 0.018563 0.000138
v -0.043634 0.018563 0.000138
v -0.043634 0.018563 0.000138
v -0.046875 0.013535 0.000055
v -0.044508 0.015292 0.000375
v -0.044508 0.015292 0.000375
v -0.044870 0.022137 0.002464
v -0.043439 0.023385 0.001093
v -0.043439 0.023385 0.001093
v -0.044618 0.021533 0.000941
v -0.044618 0.021533 0.000941
v -0.044618 0.021533 0.000941
v -0.044618 0.021533 0.000941
v -0.042207 0.025115 0.002679
v -0.042207 0.025115 0.002679
v -0.042207 0.025115 0.002679
v -0.041868 0.023810 0.000406
v -0.041325 0.025632 0.001228
v -0.041325 0.025632 0.001228
v -0.040976 0.022740 0.000169
v -0.040976 0.022740 0.000169
v -0.042323 0.025138 0.003927
v -0.040419 0.026696 0.002564
v -0.040419 0.026696 0.002564
v -0.046105 0.020521 0.002511
v -0.039226 0.021876 0.000500
v -0.039226 0.021876 0.000500
v -0.041735 0.018579 0.000631
v -0.035764 0.024863 0.000566
v -0.031880 0.025453 0.001536
v -0.031880 0.025453 0.001536
v -0.031880 0.025453 0.001536
v -0.046550 0.010493 0.000367
v -0.046550 0.010493 0.000367
v -0.047259 0.006160 0.000621
v -0.047259 0.006160 0.000621
v -0.032699 0.011642 0.005446
v -0.028177 0.009658 0.006198
v -0.033369 0.005184 0.005817
v -0.033369 0.005184 0.005817
v -0.027986 -0.000141 0.006540
v -0.027986 -0.000141 0.006540
v -0.041303 0.026538 0.006530
v -0.039830 0.027648 0.006780
v -0.039830 0.027648 0.006780
v -0.041162 0.027026 0.010641
v -0.041162 0.027026 0.010641
v -0.040165 0.027882 0.012606
v -0.040165 0.027882 0.012606
v -0.040165 0.027882 0.012606
v -0.040165 0.027882 0.012606
v -0.039453 0.028677 0.015301
v -0.039453 0.028677 0.015301
v -0.037626 0.030338 0.019379
v -0.037626 0.030338 0.019379
v -0.037626 0.030338 0.019379
v -0.035145 0.031632 0.016978
v -0.035145 0.031632 0.016978
v -0.026959 0.016248 0.005587
v -0.026959 0.016248 0.005587
v -0.022725 0.014125 0.006210
v -0.022178 0.019506 0.005502
v -0.023772 0.006553 0.006640
v -0.023772 0.006553 0.006640
v -0.022429 0.001702 0.006789
v -0.022429 0.001702 0.006789
v -0.047511 0.003749 0.000731
v -0.045918 0.001214 0.001876
v -0.045918 0.001214 0.001876
v -0.052644 -0.007589 0.006833
v -0.052644 -0.007589 0.006833
v -0.051626 -0.012289 0.010272
v -0.049849 -0.016274 0.008907
v -0.049849 -0.016274 0.008907
v -0.050283 -0.015862 0.012605
v -0.051404 -0.013534 0.015183
v -0.048613 -0.019416 0.015691
v -0.049651 -0.017556 0.017039
v -0.051330 -0.014675 0.018968
v -0.051330 -0.014675 0.018968
v -0.040113 -0.003662 0.004693
v -0.040113 -0.003662 0.004693
v -0.036387 0.002731 0.005381
v -0.036387 0.002731 0.005381
v -0.032827 -0.001734 0.005993
v -0.032827 -0.001734 0.005993
v -0.032827 -0.001734 0.005993
v -0.032827 -0.001734 0.005993
v -0.036614 -0.006916 0.005180
v -0.030111 -0.007917 0.006088
v -0.030111 -0.007917 0.006088
v -0.035539 -0.013877 0.004831
v -0.035539 -0.013877 0.004831
v -0.028310 -0.013861 0.005774
v -0.025852 -0.009106 0.006356
v -0.050758 -0.015974 0.022686
v -0.050758 -0.015974 0.022686
v -0.032420 0.033159 0.018155
v -0.027454 0.035016 0.015269
v -0.034521 0.032273 0.019831
v -0.028448 0.034870 0.020396
v -0.028945 0.034962 0.025009
v -0.028945 0.034962 0.025009
v -0.032743 0.033529 0.021575
v -0.024828 0.035761 0.016838
v -0.024828 0.035761 0.016838
v -0.031606 0.034129 0.024538
v -0.026262 0.035775 0.025399
v -0.021239 0.036183 0.016691
v -0.016055 0.036274 0.011209
v -0.016055 0.036274 0.011209
v -0.023373 0.035976 0.020719
v -0.022473 0.036562 0.027997
v -0.022473 0.036562 0.027997
v -0.022473 0.036562 0.027997
v -0.014584 0.036403 0.015865
v -0.014584 0.036403 0.015865
v -0.013008 0.036123 0.012439
v -0.013008 0.036123 0.012439
v -0.017309 0.036635 0.020700
v -0.017309 0.036635 0.020700
v -0.014456 0.036623 0.018003
v -0.028270 0.035712 0.033423
v -0.023634 0.036699 0.031997
v -0.022812 0.037194 0.040218
v -0.022812 0.037194 0.040218
v -0.026304 0.036754 0.042160
v -0.018652 0.036826 0.025428
v -0.018652 0.036826 0.025428
v -0.013775 0.036560 0.022688
v -0.011745 0.036540 0.019828
v -0.011745 0.036540 0.019828
v -0.010161 0.036161 0.022254
v -0.014626 0.036782 0.026669
v -0.018934 0.036985 0.029239
v -0.013851 0.037049 0.030950
v -0.013851 0.037049 0.030950
v -0.019692 0.037219 0.032573
v -0.019692 0.037219 0.032573
v -0.017110 0.037332 0.032141
v -0.017110 0.037332 0.032141
v -0.012519 0.036734 0.028492
v -0.010035 0.036307 0.026880
v -0.010035 0.036307 0.026880
v -0.010090 0.036524 0.031757
v -0.010090 0.036524 0.031757
v -0.008759 0.036014 0.030332
v -0.008759 0.036014 0.030332
v -0.016273 0.037385 0.035518
v -0.019584 0.037577 0.041352
v -0.019584 0.037577 0.041352
v -0.019584 0.037577 0.041352
v -0.015772 0.037670 0.041544
v -0.015772 0.037670 0.041544
v -0.013415 0.037510 0.040772
v -0.012281 0.037075 0.034958
v -0.008136 0.036188 0.033860
v -0.008136 0.036188 0.033860
v -0.009019 0.036682 0.040094
v -0.009019 0.036682 0.040094
v -0.016661 0.037833 0.043041
v -0.016661 0.037833 0.043041
v -0.013821 0.037880 0.048241
v -0.006529 0.036284 0.043806
v -0.044429 0.025277 0.028758
v -0.041277 0.027723 0.021221
v -0.041277 0.027723 0.021221
v -0.041951 0.027503 0.028344
v -0.038444 0.030426 0.028114
v -0.040221 0.029155 0.030276
v -0.049683 0.018222 0.030834
v -0.047030 0.022078 0.027583
v -0.047120 0.022695 0.034858
v -0.051701 0.014749 0.033539
v -0.051701 0.014749 0.033539
v -0.051149 0.016238 0.035695
v -0.051149 0.016238 0.035695
v -0.049294 0.019716 0.036786
v -0.049294 0.019716 0.036786
v -0.046295 0.024521 0.044056
v -0.046295 0.024521 0.044056
v -0.048178 0.022373 0.043918
v -0.048178 0.022373 0.043918
v -0.049614 0.020688 0.048763
v -0.049463 0.020349 0.043590
v -0.049463 0.020349 0.043590
v -0.050072 0.019802 0.047427
v -0.050072 0.019802 0.047427
v -0.051368 0.017958 0.051538
v -0.040496 0.029278 0.033849
v -0.035579 0.032480 0.032306
v -0.035579 0.032480 0.032306
v -0.035579 0.032480 0.032306
v -0.035579 0.032480 0.032306
v -0.042609 0.027652 0.037232
v -0.042609 0.027652 0.037232
v -0.037609 0.031731 0.037720
v -0.040170 0.030057 0.040898
v -0.034366 0.033379 0.037155
v -0.034366 0.033379 0.037155
v -0.041963 0.028781 0.042739
v -0.038297 0.031744 0.044828
v -0.038297 0.031744 0.044828
v -0.038297 0.031744 0.044828
v -0.048244 0.021285 0.036174
v -0.047617 0.022514 0.039141
v -0.043839 0.026750 0.039982
v -0.043839 0.026750 0.039982
v -0.043839 0.026750 0.039982
v -0.050588 0.017828 0.039859
v -0.050588 0.017828 0.039859
v -0.042574 0.028619 0.046274
v -0.045480 0.026023 0.049658
v -0.045480 0.026023 0.049658
v -0.053232 0.010439 0.032891
v -0.052305 0.013156 0.032301
v -0.052305 0.013156 0.032301
v -0.052305 0.013156 0.032301
v -0.054591 0.003425 0.034264
v -0.054133 0.007002 0.034100
v -0.052826 0.012162 0.034864
v -0.053724 0.010141 0.039522
v -0.053724 0.010141 0.039522
v -0.053255 0.012189 0.041037
v -0.053255 0.012189 0.041037
v -0.055107 0.004507 0.042290
v -0.055050 -0.000045 0.036397
v -0.055050 -0.000045 0.036397
v -0.054900 -0.003655 0.035594
v -0.054092 -0.008923 0.035783
v -0.054759 -0.005364 0.037627
v -0.054759 -0.005364 0.037627
v -0.054759 -0.005364 0.037627
v -0.054046 -0.010064 0.039559
v -0.055325 0.001584 0.042833
v -0.055325 0.001584 0.042833
v -0.055762 -0.001806 0.045494
v -0.055762 -0.001806 0.045494
v -0.055762 -0.001806 0.045494
v -0.055273 -0.002374 0.039920
v -0.055273 -0.002374 0.039920
v -0.054559 -0.008008 0.041367
v -0.054559 -0.008008 0.041367
v -0.054988 -0.005470 0.040964
v -0.055281 -0.005231 0.045357
v -0.055281 -0.005231 0.045357
v -0.055062 -0.008737 0.045239
v -0.052052 0.015926 0.046333
v -0.052052 0.015926 0.046333
v -0.053258 0.012851 0.045570
v -0.054318 0.009801 0.046440
v -0.054318 0.009801 0.046440
v -0.054858 0.007418 0.045741
v -0.054858 0.007418 0.045741
v -0.054858 0.007418 0.045741
v -0.053978 0.011887 0.051213
v -0.053978 0.011887 0.051213
v -0.053379 0.014073 0.053108
v -0.053379 0.014073 0.053108
v -0.053379 0.014073 0.053108
v -0.054716 0.009114 0.050148
v -0.054716 0.009114 0.050148
v -0.055047 0.008910 0.052894
v -0.055047 0.008910 0.052894
v -0.055807 0.001346 0.048769
v -0.055807 0.001346 0.048769
v -0.055930 -0.001403 0.051223
v -0.055930 -0.001403 0.051223
v -0.055535 0.005736 0.051782
v -0.055535 0.005736 0.051782
v -0.056144 0.001262 0.052116
v -0.055932 0.005050 0.056624
v -0.056230 0.001268 0.056290
v -0.055866 -0.005261 0.052266
v -0.055866 -0.005261 0.052266
v -0.056354 -0.001350 0.055620
v -0.056354 -0.001350 0.055620
v -0.056354 -0.001350 0.055620
v -0.037513 0.030894 0.025021
v -0.034889 0.032144 0.023117
v -0.034889 0.032144 0.023117
v -0.034889 0.032144 0.023117
v -0.033826 0.032976 0.022938
v -0.034920 0.032417 0.028143
v -0.034920 0.032417 0.028143
v -0.032150 0.033811 0.026736
v -0.031501 0.034482 0.033774
v -0.029693 0.035614 0.040650
v -0.029693 0.035614 0.040650
v -0.047029 0.024175 0.048255
v -0.047029 0.024175 0.048255
v -0.047029 0.024175 0.048255
v -0.047426 0.024511 0.057292
v -0.049511 0.021500 0.054989
v -0.041122 0.029957 0.045022
v -0.041122 0.029957 0.045022
v -0.034917 0.033405 0.041418
v -0.036383 0.032773 0.043935
v -0.036383 0.032773 0.043935
v -0.037851 0.032721 0.052673
v -0.035437 0.033527 0.047452
v -0.035279 0.033521 0.043947
v -0.035279 0.033521 0.043947
v -0.035279 0.033521 0.043947
v -0.034135 0.034004 0.042727
v -0.033890 0.034410 0.045650
v -0.032830 0.034543 0.042776
v -0.032643 0.034750 0.046457
v -0.032643 0.034750 0.046457
v -0.032643 0.034750 0.046457
v -0.041661 0.029720 0.049890
v -0.035857 0.033580 0.052076
v -0.035857 0.033580 0.052076
v -0.034152 0.034322 0.048768
v -0.034152 0.034322 0.048768
v -0.034019 0.034654 0.051846
v -0.034019 0.034654 0.051846
v -0.029091 0.036369 0.049817
v -0.029091 0.036369 0.049817
v -0.030394 0.036292 0.055349
v -0.042652 0.029155 0.052788
v -0.042652 0.029155 0.052788
v -0.042652 0.029155 0.052788
v -0.042652 0.029155 0.052788
v -0.045303 0.026992 0.056497
v -0.042751 0.029391 0.057745
v -0.042751 0.029391 0.057745
v -0.040676 0.030981 0.058991
v -0.040676 0.030981 0.058991
v -0.048529 0.023980 0.065048
v -0.046175 0.026437 0.062743
v -0.046175 0.026437 0.062743
v -0.048469 0.023792 0.061261
v -0.044100 0.028653 0.064175
v -0.044100 0.028653 0.064175
v -0.048010 0.024719 0.068302
v -0.048010 0.024719 0.068302
v -0.045958 0.027215 0.068543
v -0.043243 0.029582 0.067825
v -0.041710 0.030659 0.063877
v -0.045253 0.028051 0.071296
v -0.045253 0.028051 0.071296
v -0.040987 0.031282 0.066486
v -0.042442 0.030557 0.071143
v -0.038258 0.033449 0.068467
v -0.035320 0.034190 0.056818
v -0.033368 0.035307 0.059052
v -0.036470 0.033945 0.063730
v -0.036470 0.033945 0.063730
v -0.034244 0.035222 0.064259
v -0.028993 0.037263 0.064190
v -0.028166 0.037296 0.060622
v -0.038384 0.032853 0.062662
v -0.050816 0.019660 0.056695
v -0.050816 0.019660 0.056695
v -0.052803 0.015885 0.057251
v -0.055265 0.008983 0.056262
v -0.054884 0.010921 0.059982
v -0.054884 0.010921 0.059982
v -0.052823 0.016535 0.061763
v -0.052823 0.016535 0.061763
v -0.053986 0.013771 0.063709
v -0.053986 0.013771 0.063709
v -0.049668 0.022294 0.058775
v -0.049668 0.022294 0.058775
v -0.050568 0.020663 0.057628
v -0.050568 0.020663 0.057628
v -0.051433 0.019340 0.059476
v -0.051433 0.019340 0.059476
v -0.050632 0.020722 0.062054
v -0.055951 0.006496 0.060406
v -0.055951 0.006496 0.060406
v -0.056539 0.003640 0.063935
v -0.056539 0.003640 0.063935
v -0.056785 -0.001566 0.062848
v -0.055547 0.009643 0.065527
v -0.055547 0.009643 0.065527
v -0.052091 0.018650 0.067254
v -0.054171 0.014148 0.066774
v -0.053875 0.015107 0.069623
v -0.053875 0.015107 0.069623
v -0.053875 0.015107 0.069623
v -0.050681 0.021361 0.069347
v -0.050681 0.021361 0.069347
v -0.050681 0.021361 0.069347
v -0.049620 0.023026 0.072094
v -0.047759 0.025454 0.070646
v -0.047759 0.025454 0.070646
v -0.052737 0.018324 0.072890
v -0.054055 0.016172 0.077749
v -0.054055 0.016172 0.077749
v -0.051835 0.020602 0.078767
v -0.051835 0.020602 0.078767
v -0.050730 0.021827 0.074480
v -0.050730 0.021827 0.074480
v -0.055066 0.011948 0.067998
v -0.055973 0.008791 0.069333
v -0.054889 0.012501 0.070018
v -0.056799 0.004342 0.070500
v -0.056799 0.004342 0.070500
v -0.057124 0.000206 0.069985
v -0.057124 0.000206 0.069985
v -0.056791 0.006206 0.073741
v -0.056791 0.006206 0.073741
v -0.055740 0.011221 0.076477
v -0.055740 0.011221 0.076477
v -0.054888 0.013903 0.077069
v -0.054888 0.013903 0.077069
v -0.056287 0.010270 0.079908
v -0.056287 0.010270 0.079908
v -0.057209 0.005841 0.079218
v -0.023546 0.037559 0.047097
v -0.023546 0.037559 0.047097
v -0.019278 0.038133 0.050782
v -0.027357 0.037118 0.054896
v -0.022651 0.038086 0.055538
v -0.022651 0.038086 0.055538
v -0.024581 0.037876 0.057108
v -0.024581 0.037876 0.057108
v -0.024581 0.037876 0.057108
v -0.023164 0.038499 0.059110
v -0.020546 0.038736 0.059531
v -0.023250 0.038431 0.062190
v -0.023250 0.038431 0.062190
v -0.017594 0.038584 0.057689
v -0.017157 0.038686 0.060155
v -0.017157 0.038686 0.060155
v -0.015180 0.038521 0.054765
v -0.015180 0.038521 0.054765
v -0.012265 0.038124 0.056646
v -0.012265 0.038124 0.056646
v -0.008540 0.037052 0.046494
v -0.008540 0.037052 0.046494
v -0.010188 0.037402 0.049405
v -0.010188 0.037402 0.049405
v -0.010188 0.037402 0.049405
v -0.009084 0.037409 0.052254
v -0.009084 0.037409 0.052254
v -0.006432 0.036421 0.048777
v -0.008822 0.037587 0.057487
v -0.008822 0.037587 0.057487
v -0.008822 0.037587 0.057487
v -0.005774 0.036413 0.053721
v -0.005774 0.036413 0.053721
v -0.020388 0.028857 0.001893
v -0.016951 0.026000 0.004299
v -0.016951 0.026000 0.004299
v -0.021526 0.026149 0.004079
v -0.020421 0.026986 0.003637
v -0.045817 -0.005400 0.002037
v -0.045817 -0.005400 0.002037
v -0.045817 -0.005400 0.002037
v -0.044113 -0.009459 0.002276
v -0.044113 -0.009459 0.002276
v -0.041946 -0.014494 0.002530
v -0.041946 -0.014494 0.002530
v -0.041279 -0.017676 0.001658
v -0.038419 -0.020292 0.002270
v -0.036493 -0.019399 0.003539
v -0.037065 -0.020704 0.002704
v -0.037065 -0.020704 0.002704
v -0.042524 0.013923 0.001691
v -0.042524 0.013923 0.001691
v -0.034411 0.023010 0.001796
v -0.036268 0.021508 0.001681
v -0.038005 0.019159 0.002115
v -0.038005 0.019159 0.002115
v -0.039731 0.017169 0.002142
v -0.039731 0.017169 0.002142
v -0.033386 0.018356 0.004526
v -0.033386 0.018356 0.004526
v -0.038498 0.014983 0.003903
v -0.037028 0.017426 0.003725
v -0.032279 0.021020 0.004151
v -0.032279 0.021020 0.004151
v -0.034047 0.021054 0.003529
v -0.034047 0.021054 0.003529
v -0.044276 0.009345 0.001874
v -0.044276 0.009345 0.001874
v -0.044909 0.004239 0.002610
v -0.044909 0.004239 0.002610
v -0.044682 0.007163 0.001938
v -0.042793 0.005835 0.003723
v -0.041651 0.003679 0.004362
v -0.041651 0.003679 0.004362
v -0.041651 0.003679 0.004362
v -0.041651 0.003679 0.004362
v -0.043826 0.003123 0.003574
v -0.040753 0.012401 0.003610
v -0.040753 0.012401 0.003610
v -0.038754 0.012294 0.004353
v -0.041032 0.009406 0.004154
v -0.041032 0.009406 0.004154
v -0.041032 0.009406 0.004154
v -0.042168 0.009172 0.003606
v -0.042168 0.009172 0.003606
v -0.038130 0.020498 0.011595
v -0.040426 0.018102 0.011830
v -0.039135 0.017886 0.010938
v -0.038895 0.020332 0.012253
v -0.037082 0.020607 0.011103
v -0.037082 0.020607 0.011103
v -0.037384 0.018391 0.010696
v -0.033412 0.020602 0.010753
v -0.033412 0.020602 0.010753
v -0.035428 0.021288 0.010939
v -0.035428 0.021288 0.010939
v -0.035855 0.024204 0.014262
v -0.035855 0.024204 0.014262
v -0.037462 0.021850 0.012583
v -0.037462 0.021850 0.012583
v -0.040422 0.019353 0.013384
v -0.040422 0.019353 0.013384
v -0.040422 0.019353 0.013384
v -0.038892 0.021709 0.016563
v -0.032387 0.023326 0.010808
v -0.032387 0.023326 0.010808
v -0.029719 0.025710 0.011235
v -0.029719 0.025710 0.011235
v -0.029719 0.025710 0.011235
v -0.033685 0.023957 0.011400
v -0.033685 0.023957 0.011400
v -0.033685 0.023957 0.011400
v -0.033685 0.023957 0.011400
v -0.035451 0.024050 0.013080
v -0.034478 0.024395 0.012297
v -0.032311 0.026327 0.013848
v -0.033633 0.026001 0.017135
v -0.033633 0.026001 0.017135
v -0.033633 0.026001 0.017135
v -0.031221 0.026296 0.012338
v -0.031221 0.026296 0.012338
v -0.031221 0.026296 0.012338
v -0.029669 0.026621 0.011775
v -0.028383 0.027681 0.012613
v -0.028383 0.027681 0.012613
v -0.028383 0.027681 0.012613
v -0.036069 0.022499 0.011782
v -0.036069 0.022499 0.011782
v -0.035027 0.022792 0.011358
v -0.035027 0.022792 0.011358
v -0.035027 0.022792 0.011358
v -0.035027 0.022792 0.011358
v -0.042526 0.014634 0.011428
v -0.043295 0.011812 0.011033
v -0.041760 0.013149 0.010721
v -0.041760 0.013149 0.010721
v -0.040567 0.014126 0.010682
v -0.038680 0.014041 0.010657
v -0.043872 0.012918 0.011967
v -0.043872 0.012918 0.011967
v -0.042498 0.016595 0.013160
v -0.044202 0.013497 0.013236
v -0.041260 0.015406 0.011009
v -0.041260 0.015406 0.011009
v -0.046038 0.008126 0.012382
v -0.046038 0.008126 0.012382
v -0.046038 0.008126 0.012382
v -0.044425 0.010389 0.011344
v -0.044425 0.010389 0.011344
v -0.044425 0.010389 0.011344
v -0.045365 0.007323 0.011248
v -0.046572 0.005803 0.012178
v -0.043418 0.006160 0.010498
v -0.044142 0.008467 0.010772
v -0.044142 0.008467 0.010772
v -0.046432 0.008150 0.013765
v -0.046432 0.008150 0.013765
v -0.046426 0.009204 0.016273
v -0.047167 0.006880 0.016827
v -0.047167 0.006880 0.016827
v -0.045702 0.010973 0.016586
v -0.030964 0.015667 0.010848
v -0.030964 0.015667 0.010848
v -0.039549 0.006401 0.010644
v -0.035594 0.005226 0.010810
v -0.037564 0.004033 0.010839
v -0.037564 0.004033 0.010839
v -0.034505 0.009455 0.010793
v -0.040528 0.019804 0.015960
v -0.040528 0.019804 0.015960
v -0.028934 0.023711 0.003754
v -0.028934 0.023711 0.003754
v -0.028934 0.023711 0.003754
v -0.028934 0.023711 0.003754
v -0.024713 0.024318 0.004457
v -0.024713 0.024318 0.004457
v -0.027464 0.022385 0.004589
v -0.017173 0.024731 0.004778
v -0.017173 0.024731 0.004778
v -0.027601 0.021994 0.010824
v -0.027601 0.021994 0.010824
v -0.028022 0.025092 0.010874
v -0.024723 0.024751 0.010881
v -0.024723 0.024751 0.010881
v -0.024998 0.027327 0.011233
v -0.026171 0.027796 0.011666
v -0.023471 0.027055 0.011026
v -0.023471 0.027055 0.011026
v -0.022195 0.019430 0.011085
v -0.022195 0.019430 0.011085
v -0.022195 0.019430 0.011085
v -0.028149 0.016954 0.011076
v -0.025699 0.016377 0.011025
v -0.025699 0.016377 0.011025
v -0.018206 0.027354 0.011002
v -0.018206 0.027354 0.011002
v -0.019052 0.023159 0.011014
v -0.018763 0.020368 0.011358
v -0.018763 0.020368 0.011358
v -0.018763 0.020368 0.011358
v -0.021068 0.015841 0.011294
v -0.029419 0.013852 0.011483
v -0.031905 0.009755 0.011275
v -0.030981 0.006177 0.011227
v -0.034565 0.003321 0.011054
v -0.034565 0.003321 0.011054
v -0.023045 0.009372 0.011160
v -0.023045 0.009372 0.011160
v -0.030155 0.002248 0.010939
v -0.030155 0.002248 0.010939
v -0.030155 0.002248 0.010939
v -0.023538 0.005390 0.011203
v -0.027504 0.013112 0.011065
v -0.027504 0.013112 0.011065
v -0.027504 0.013112 0.011065
v -0.028891 0.008260 0.011036
v -0.045138 -0.001683 0.002431
v -0.045138 -0.001683 0.002431
v -0.044388 0.000963 0.003415
v -0.044388 0.000963 0.003415
v -0.042612 -0.001499 0.004139
v -0.042612 -0.001499 0.004139
v -0.043495 -0.001507 0.003750
v -0.042964 -0.005396 0.003907
v -0.042964 -0.005396 0.003907
v -0.044284 -0.004784 0.003211
v -0.046392 0.003646 0.011400
v -0.047334 0.003123 0.012647
v -0.047334 0.003123 0.012647
v -0.047028 0.001989 0.012286
v -0.047734 0.001392 0.014423
v -0.047095 0.000221 0.012252
v -0.045307 0.003979 0.010726
v -0.045307 0.003979 0.010726
v -0.044485 0.000382 0.010524
v -0.046267 0.000981 0.011218
v -0.046267 0.000981 0.011218
v -0.046267 0.000981 0.011218
v -0.046267 0.000981 0.011218
v -0.046228 -0.001110 0.011028
v -0.046228 -0.001110 0.011028
v -0.045379 0.000504 0.010689
v -0.047670 -0.002923 0.014640
v -0.047670 -0.002923 0.014640
v -0.046650 -0.001482 0.011419
v -0.044923 -0.001663 0.010457
v -0.044923 -0.001663 0.010457
v -0.045995 -0.005414 0.011112
v -0.047029 -0.002619 0.012182
v -0.046790 -0.004593 0.012134
v -0.047118 -0.005740 0.013418
v -0.047118 -0.005740 0.013418
v -0.047118 -0.005740 0.013418
v -0.047200 -0.006948 0.015471
v -0.047200 -0.006948 0.015471
v -0.041924 0.000927 0.010522
v -0.041924 0.000927 0.010522
v -0.044672 -0.005317 0.010595
v -0.044672 -0.005317 0.010595
v -0.044654 -0.006481 0.010567
v -0.042329 -0.007137 0.010481
v -0.036796 -0.003742 0.010691
v -0.036796 -0.003742 0.010691
v -0.036382 -0.007998 0.010669
v -0.045945 -0.008247 0.011941
v -0.045945 -0.008247 0.011941
v -0.045949 -0.010216 0.013250
v -0.045949 -0.010216 0.013250
v -0.045949 -0.010216 0.013250
v -0.045949 -0.010216 0.013250
v -0.045639 -0.007707 0.011394
v -0.044388 -0.007488 0.010692
v -0.044410 -0.008523 0.010707
v -0.044410 -0.008523 0.010707
v -0.044542 -0.010629 0.011167
v -0.045166 -0.011342 0.012382
v -0.045166 -0.011342 0.012382
v -0.043517 -0.014261 0.011758
v -0.041635 -0.011680 0.010520
v -0.042417 -0.014175 0.010881
v -0.043703 -0.015324 0.013358
v -0.043703 -0.015324 0.013358
v -0.040463 -0.019133 0.011611
v -0.040463 -0.019133 0.011611
v -0.040463 -0.019133 0.011611
v -0.040463 -0.019133 0.011611
v -0.042186 -0.017442 0.012508
v -0.042186 -0.017442 0.012508
v -0.044612 -0.014179 0.016669
v -0.043069 -0.017326 0.017018
v -0.043069 -0.017326 0.017018
v -0.041453 -0.019584 0.014161
v -0.041453 -0.019584 0.014161
v -0.041885 -0.008166 0.004080
v -0.041885 -0.008166 0.004080
v -0.039597 -0.011076 0.004378
v -0.039597 -0.011076 0.004378
v -0.035193 -0.003706 0.010943
v -0.035193 -0.003706 0.010943
v -0.033071 -0.010411 0.010816
v -0.033071 -0.010411 0.010816
v -0.030669 -0.006626 0.010879
v -0.039876 -0.016343 0.003319
v -0.039876 -0.016343 0.003319
v -0.037585 -0.017506 0.003922
v -0.034131 -0.019385 0.004325
v -0.034131 -0.019385 0.004325
v -0.034074 -0.021115 0.003925
v -0.037560 -0.011948 0.010603
v -0.037560 -0.011948 0.010603
v -0.039670 -0.016282 0.010504
v -0.039670 -0.016282 0.010504
v -0.038106 -0.016820 0.010560
v -0.031722 -0.016966 0.010732
v -0.031722 -0.016966 0.010732
v -0.039973 -0.017930 0.010772
v -0.038630 -0.019690 0.010973
v -0.040789 -0.020159 0.013276
v -0.040789 -0.020159 0.013276
v -0.036163 -0.020526 0.010584
v -0.039616 -0.020166 0.011920
v -0.039616 -0.020166 0.011920
v -0.039616 -0.020166 0.011920
v -0.034493 -0.011856 0.010865
v -0.034493 -0.011856 0.010865
v -0.032292 -0.012111 0.011320
v -0.032292 -0.012111 0.011320
v -0.036187 -0.022145 0.010991
v -0.036187 -0.022145 0.010991
v -0.047761 0.003083 0.013731
v -0.047745 0.003837 0.016027
v -0.046978 0.007346 0.019076
v -0.037661 -0.000251 0.010678
v -0.037661 -0.000251 0.010678
v -0.036408 0.002023 0.011131
v -0.036408 0.002023 0.011131
v -0.047588 -0.011643 0.031868
v -0.047588 -0.011643 0.031868
v -0.046568 -0.012869 0.028095
v -0.048277 -0.008900 0.030679
v -0.048277 -0.008900 0.030679
v -0.048277 -0.008900 0.030679
v -0.046022 -0.013051 0.023267
v -0.046022 -0.013051 0.023267
v -0.046022 -0.013051 0.023267
v -0.045874 -0.014206 0.025328
v -0.045874 -0.014206 0.025328
v -0.044223 -0.016612 0.023848
v -0.044223 -0.016612 0.023848
v -0.037220 0.000134 0.010719
v -0.037220 0.000134 0.010719
v -0.035946 0.000354 0.011076
v -0.031957 -0.003159 0.010917
v -0.031957 -0.003159 0.010917
v -0.031957 -0.003159 0.010917
v -0.031957 -0.003159 0.010917
v -0.021949 0.003963 0.011029
v -0.027586 -0.006166 0.011368
v -0.031418 -0.013789 0.011326
v -0.025950 -0.015743 0.011186
v -0.025950 -0.015743 0.011186
v -0.025950 -0.015743 0.011186
v -0.022486 0.029340 0.012486
v -0.022486 0.029340 0.012486
v -0.022486 0.029340 0.012486
v -0.022486 0.029340 0.012486
v -0.024340 0.029479 0.013814
v -0.025347 0.028708 0.012507
v -0.023130 0.028593 0.011631
v -0.023130 0.028593 0.011631
v -0.020813 0.030231 0.014234
v -0.025526 0.029713 0.017160
v -0.025526 0.029713 0.017160
v -0.025526 0.029713 0.017160
v -0.025526 0.029713 0.017160
v -0.019305 0.029859 0.012708
v -0.018994 0.029289 0.011807
v -0.018994 0.029289 0.011807
v -0.019965 0.028178 0.011204
v -0.016484 0.028761 0.011332
v -0.016484 0.028761 0.011332
v -0.016489 0.029414 0.011933
v -0.016489 0.029414 0.011933
v -0.015255 0.030047 0.013232
v -0.017784 0.030556 0.015119
v -0.016703 0.031008 0.020251
v -0.014494 0.030836 0.017922
v -0.014494 0.030836 0.017922
v -0.012914 0.030782 0.020566
v -0.012914 0.030782 0.020566
v -0.012402 0.031331 0.026487
v -0.014328 0.031218 0.023653
v -0.014328 0.031218 0.023653
v -0.009210 0.030461 0.024588
v -0.045796 0.012362 0.022374
v -0.045796 0.012362 0.022374
v -0.046019 0.012887 0.025220
v -0.046019 0.012887 0.025220
v -0.047201 0.009322 0.023808
v -0.047322 0.009545 0.024833
v -0.041498 0.020902 0.036735
v -0.041498 0.020902 0.036735
v -0.041498 0.020902 0.036735
v -0.042349 0.018391 0.032532
v -0.042349 0.018391 0.032532
v -0.039647 0.022366 0.030114
v -0.039647 0.022366 0.030114
v -0.046190 0.012928 0.032267
v -0.046190 0.012928 0.032267
v -0.046143 0.012824 0.028104
v -0.044741 0.014270 0.028941
v -0.044741 0.014270 0.028941
v -0.044214 0.015278 0.028928
v -0.044556 0.015604 0.030865
v -0.043601 0.017554 0.031020
v -0.043563 0.017683 0.028613
v -0.043563 0.017683 0.028613
v -0.042555 0.019200 0.028786
v -0.042555 0.019200 0.028786
v -0.044540 0.015046 0.027123
v -0.044609 0.015745 0.032620
v -0.044609 0.015745 0.032620
v -0.041326 0.021399 0.040516
v -0.040349 0.022034 0.035695
v -0.045621 0.013608 0.037581
v -0.045621 0.013608 0.037581
v -0.044026 0.015921 0.035265
v -0.044026 0.015921 0.035265
v -0.044553 0.018904 0.046861
v -0.042925 0.020197 0.043253
v -0.042925 0.020197 0.043253
v -0.042925 0.020197 0.043253
v -0.043299 0.020594 0.046324
v -0.043299 0.020594 0.046324
v -0.045387 0.016032 0.044524
v -0.037576 0.023753 0.034525
v -0.037576 0.023753 0.034525
v -0.037065 0.024661 0.037792
v -0.037576 0.024316 0.041666
v -0.037576 0.024316 0.041666
v -0.037576 0.024316 0.041666
v -0.040827 0.022197 0.045074
v -0.040827 0.022197 0.045074
v -0.040827 0.022197 0.045074
v -0.047312 0.010371 0.028378
v -0.047312 0.010371 0.028378
v -0.047312 0.010371 0.028378
v -0.047248 0.011229 0.032733
v -0.046943 0.012109 0.036403
v -0.048211 0.010008 0.037689
v -0.048211 0.010008 0.037689
v -0.048211 0.010008 0.037689
v -0.049162 -0.002965 0.028468
v -0.049752 -0.000435 0.034965
v -0.049347 -0.003851 0.033599
v -0.049347 -0.003851 0.033599
v -0.048800 -0.006443 0.030121
v -0.048800 -0.006443 0.030121
v -0.048704 -0.007020 0.036312
v -0.048704 -0.007020 0.036312
v -0.049779 0.002246 0.037973
v -0.049803 0.003569 0.039243
v -0.049760 0.000629 0.040988
v -0.049760 0.000629 0.040988
v -0.049760 0.000629 0.040988
v -0.049506 0.001958 0.032319
v -0.049506 0.001958 0.032319
v -0.049235 -0.001192 0.038727
v -0.049235 -0.001192 0.038727
v -0.049875 -0.003387 0.043812
v -0.049875 -0.003387 0.043812
v -0.048373 -0.008305 0.040334
v -0.048350 -0.010569 0.037921
v -0.047682 0.010772 0.040886
v -0.047682 0.010772 0.040886
v -0.047682 0.010772 0.040886
v -0.047682 0.010772 0.040886
v -0.048618 0.009225 0.041975
v -0.049115 0.008110 0.044211
v -0.049115 0.008110 0.044211
v -0.048632 0.008722 0.039455
v -0.048632 0.008722 0.039455
v -0.048816 0.006703 0.042555
v -0.048816 0.006703 0.042555
v -0.048654 0.006487 0.040212
v -0.048654 0.006487 0.040212
v -0.048654 0.006487 0.040212
v -0.045089 0.018235 0.048144
v -0.045089 0.018235 0.048144
v -0.047979 0.011105 0.045740
v -0.049342 0.008874 0.047068
v -0.049342 0.008874 0.047068
v -0.049334 0.003720 0.041163
v -0.049138 0.005464 0.044895
v -0.049138 0.005464 0.044895
v -0.049138 0.005464 0.044895
v -0.049563 0.000275 0.043683
v -0.049752 -0.000930 0.045145
v -0.050140 0.000146 0.047000
v -0.050140 0.000146 0.047000
v -0.049341 -0.006688 0.043214
v -0.050287 -0.004447 0.046051
v -0.050287 -0.004447 0.046051
v -0.050353 -0.005767 0.048249
v -0.050353 -0.005767 0.048249
v -0.036716 0.023847 0.016285
v -0.035623 0.025012 0.020185
v -0.035623 0.025012 0.020185
v -0.035623 0.025012 0.020185
v -0.037621 0.023692 0.023131
v -0.037621 0.023692 0.023131
v -0.037621 0.023692 0.023131
v -0.026664 0.028822 0.013765
v -0.026664 0.028822 0.013765
v -0.030107 0.027817 0.017457
v -0.031519 0.027666 0.021606
v -0.031519 0.027666 0.021606
v -0.033942 0.026226 0.021131
v -0.034890 0.025740 0.022999
v -0.035282 0.025082 0.029863
v -0.035282 0.025082 0.029863
v -0.035237 0.025255 0.027343
v -0.035237 0.025255 0.027343
v -0.034048 0.025960 0.027963
v -0.037599 0.023864 0.029643
v -0.037599 0.023864 0.029643
v -0.037599 0.023864 0.029643
v -0.036263 0.025176 0.025968
v -0.036263 0.025176 0.025968
v -0.039227 0.022874 0.027443
v -0.016462 0.024677 0.010994
v -0.016462 0.024677 0.010994
v -0.033948 0.026933 0.033770
v -0.033948 0.026933 0.033770
v -0.032351 0.028177 0.032584
v -0.031640 0.028405 0.034794
v -0.032744 0.027782 0.030716
v -0.025688 0.030360 0.032323
v -0.028519 0.029820 0.031184
v -0.024743 0.030599 0.027228
v -0.024743 0.030599 0.027228
v -0.034488 0.026349 0.038435
v -0.034488 0.026349 0.038435
v -0.032033 0.028863 0.042996
v -0.032033 0.028863 0.042996
v -0.032207 0.028278 0.039405
v -0.031394 0.028557 0.036527
v -0.030619 0.029051 0.039606
v -0.030619 0.029051 0.039606
v -0.021437 0.031640 0.035330
v -0.021437 0.031640 0.035330
v -0.028853 0.029150 0.033854
v -0.028853 0.029150 0.033854
v -0.028853 0.029150 0.033854
v -0.028853 0.029150 0.033854
v -0.028549 0.029290 0.035885
v -0.027063 0.030391 0.040793
v -0.027063 0.030391 0.040793
v -0.023748 0.031508 0.040758
v -0.023748 0.031508 0.040758
v -0.017743 0.031907 0.029160
v -0.021923 0.031672 0.031222
v -0.018479 0.032205 0.035327
v -0.020639 0.031884 0.037505
v -0.013382 0.031809 0.031825
v -0.013382 0.031809 0.031825
v -0.036268 0.026244 0.045795
v -0.036268 0.026244 0.045795
v -0.040030 0.024373 0.048425
v -0.040030 0.024373 0.048425
v -0.040030 0.024373 0.048425
v -0.040030 0.024373 0.048425
v -0.036337 0.026484 0.047025
v -0.036337 0.026484 0.047025
v -0.036157 0.026279 0.049195
v -0.036157 0.026279 0.049195
v -0.034700 0.027741 0.046103
v -0.034595 0.027296 0.048273
v -0.039100 0.025067 0.050204
v -0.039100 0.025067 0.050204
v -0.039100 0.025067 0.050204
v -0.033008 0.028902 0.049205
v -0.036823 0.026077 0.052046
v -0.036823 0.026077 0.052046
v -0.036823 0.026077 0.052046
v -0.034532 0.027408 0.051229
v -0.034532 0.027408 0.051229
v -0.034532 0.027408 0.051229
v -0.035983 0.027606 0.056569
v -0.035983 0.027606 0.056569
v -0.038924 0.025401 0.055000
v -0.032578 0.029976 0.055628
v -0.037055 0.027774 0.059644
v -0.037055 0.027774 0.059644
v -0.033959 0.029688 0.059140
v -0.037518 0.028173 0.067721
v -0.035291 0.030278 0.079869
v -0.032714 0.030705 0.064029
v -0.032714 0.030705 0.064029
v -0.052178 0.002931 0.069218
v -0.051431 0.004792 0.062258
v -0.051431 0.004792 0.062258
v -0.051781 0.007088 0.073173
v -0.030621 0.029605 0.044146
v -0.032328 0.029272 0.045119
v -0.023971 0.032113 0.044554
v -0.023971 0.032113 0.044554
v -0.023071 0.032016 0.043116
v -0.023071 0.032016 0.043116
v -0.023071 0.032016 0.043116
v -0.022226 0.031908 0.041576
v -0.033528 0.028651 0.046143
v -0.015480 0.031980 0.037605
v -0.015480 0.031980 0.037605
v -0.013100 0.031238 0.038148
v -0.011756 0.031028 0.035623
v -0.011756 0.031028 0.035623
v -0.009706 0.030751 0.037486
v -0.014352 0.031601 0.041382
v -0.014352 0.031601 0.041382
v -0.011465 0.031413 0.040883
v -0.011465 0.031413 0.040883
v -0.018249 0.031869 0.041388
v -0.018249 0.031869 0.041388
v -0.017664 0.031786 0.043164
v -0.015886 0.032018 0.039575
v -0.013087 0.032702 0.047983
v -0.013087 0.032702 0.047983
v -0.018152 0.032317 0.045369
v -0.018152 0.032317 0.045369
v -0.018230 0.032887 0.046733
v -0.013750 0.031778 0.042974
v -0.011256 0.031981 0.043065
v -0.016850 0.033046 0.048316
v -0.024376 0.025610 0.003875
v -0.022172 0.027167 0.003251
v -0.022172 0.027167 0.003251
v -0.017399 0.027988 0.002711
v -0.035373 -0.022489 0.002996
v -0.035373 -0.022489 0.002996
v -0.033383 -0.025377 0.001619
v -0.045591 0.012423 0.020104
v -0.045354 0.012779 0.017963
v -0.045354 0.012779 0.017963
v -0.045354 0.012779 0.017963
v -0.044240 0.015020 0.021370
v -0.044240 0.015020 0.021370
v -0.047227 0.008348 0.021913
v -0.047227 0.008348 0.021913
v -0.047835 0.005488 0.023355
v -0.047835 0.005488 0.023355
v -0.047838 0.007337 0.026537
v -0.047838 0.007337 0.026537
v -0.048599 0.004716 0.026642
v -0.048599 0.004716 0.026642
v -0.048068 0.001695 0.018516
v -0.048783 -0.000490 0.024050
v -0.048098 0.000172 0.018111
v -0.048626 0.002748 0.024309
v -0.047996 -0.005107 0.020195
v -0.047996 -0.005107 0.020195
v -0.039125 0.015861 0.003348
v -0.039125 0.015861 0.003348
v -0.042316 0.017748 0.018638
v -0.044062 0.015056 0.016548
v -0.043891 -0.006951 0.003260
v -0.043891 -0.006951 0.003260
v -0.043891 -0.006951 0.003260
v -0.043891 -0.006951 0.003260
v -0.046624 -0.010170 0.017692
v -0.046624 -0.010170 0.017692
v -0.031782 -0.023208 0.003701
v -0.046195 -0.011736 0.019043
v -0.046195 -0.011736 0.019043
v -0.047209 -0.008671 0.020885
v -0.045618 -0.013543 0.021041
v -0.047555 -0.009640 0.025085
v -0.047555 -0.009640 0.025085
v -0.043606 -0.016337 0.019150
v -0.043606 -0.016337 0.019150
v -0.020253 0.030963 0.021331
v -0.023165 0.030359 0.020758
v -0.042893 0.017915 0.023522
v -0.042893 0.017915 0.023522
v -0.040576 0.021218 0.025718
v -0.040576 0.021218 0.025718
v -0.040576 0.021218 0.025718
v -0.045457 0.013921 0.025200
v -0.045457 0.013921 0.025200
v -0.044249 0.015752 0.026294
v -0.044249 0.015752 0.026294
v -0.040469 0.021238 0.029331
v -0.040469 0.021238 0.029331
v -0.048343 0.007719 0.030181
v -0.048343 0.007719 0.030181
v -0.049066 0.006234 0.033982
v -0.049066 0.006234 0.033982
v -0.048646 0.007766 0.035739
v -0.048646 0.007766 0.035739
v -0.048849 0.006881 0.037969
v -0.048849 0.006881 0.037969
v -0.048849 0.006881 0.037969
v -0.048157 0.012933 0.049417
v -0.047084 0.015073 0.048962
v -0.049874 0.006597 0.047917
v -0.049874 0.006597 0.047917
v -0.049874 0.006597 0.047917
v -0.049873 0.008534 0.051814
v -0.049873 0.008534 0.051814
v -0.050555 -0.001336 0.047233
v -0.050555 -0.001336 0.047233
v -0.050797 -0.002261 0.048788
v -0.050903 0.000658 0.050826
v -0.049990 0.002857 0.048832
v -0.050492 0.003309 0.050720
v -0.049699 0.004504 0.047844
v -0.050484 0.005412 0.051689
v -0.050484 0.005412 0.051689
v -0.051254 0.001649 0.054937
v -0.051254 0.001649 0.054937
v -0.051275 -0.001707 0.055010
v -0.050655 -0.006119 0.054238
v -0.027964 0.029015 0.018706
v -0.033639 0.026627 0.025358
v -0.033639 0.026627 0.025358
v -0.032843 0.027161 0.026570
v -0.032843 0.027161 0.026570
v -0.028757 0.028947 0.022787
v -0.025939 0.029774 0.021055
v -0.025939 0.029774 0.021055
v -0.027215 0.029979 0.025635
v -0.031164 0.028447 0.026956
v -0.031164 0.028447 0.026956
v -0.025049 0.030292 0.023410
v -0.025049 0.030292 0.023410
v -0.021766 0.031354 0.026801
v -0.030492 0.028859 0.031484
v -0.014323 0.031982 0.035265
v -0.016358 0.032055 0.035661
v -0.016358 0.032055 0.035661
v -0.045169 0.019139 0.053870
v -0.042519 0.022637 0.055225
v -0.042519 0.022637 0.055225
v -0.040352 0.024320 0.052035
v -0.040352 0.024320 0.052035
v -0.040732 0.024433 0.056765
v -0.032015 0.030071 0.053329
v -0.032015 0.030071 0.053329
v -0.038670 0.026370 0.057939
v -0.038670 0.026370 0.057939
v -0.040416 0.025344 0.061543
v -0.042627 0.024289 0.074709
v -0.042627 0.024289 0.074709
v -0.042627 0.024289 0.074709
v -0.031267 0.030733 0.056490
v -0.031267 0.030733 0.056490
v -0.040520 0.026495 0.077652
v -0.028750 0.032258 0.063724
v -0.028750 0.032258 0.063724
v -0.050491 0.007507 0.056838
v -0.050491 0.007507 0.056838
v -0.051789 0.000022 0.060938
v -0.049805 0.011198 0.061802
v -0.048011 0.015021 0.059364
v -0.048011 0.015021 0.059364
v -0.044578 0.021375 0.066222
v -0.044578 0.021375 0.066222
v -0.047111 0.018271 0.070618
v -0.049538 0.013785 0.072581
v -0.049538 0.013785 0.072581
v -0.046218 0.020727 0.083506
v -0.046218 0.020727 0.083506
v -0.051191 0.010004 0.076397
v -0.052743 0.003650 0.079028
v -0.052743 0.003650 0.079028
v -0.027710 0.030744 0.045451
v -0.027958 0.031445 0.048287
v -0.025958 0.031958 0.047571
v -0.025958 0.031958 0.047571
v -0.031203 0.030402 0.051541
v -0.022171 0.032746 0.047876
v -0.021646 0.032439 0.045693
v -0.021646 0.032439 0.045693
v -0.011066 0.031188 0.033201
v -0.011426 0.032216 0.045495
v -0.005906 0.030294 0.042594
v -0.005906 0.030294 0.042594
v -0.008592 0.031493 0.043892
v -0.008592 0.031493 0.043892
v -0.025408 0.033165 0.062554
v -0.020096 0.033501 0.055088
v -0.020096 0.033501 0.055088
v -0.016150 0.033706 0.058282
v -0.016150 0.033706 0.058282
v -0.018656 0.034104 0.064756
v -0.012254 0.033245 0.057290
v -0.012254 0.033245 0.057290
v -0.009554 0.032393 0.052233
v -0.006029 0.031029 0.047124
v -0.006029 0.031029 0.047124
v -0.004876 0.031110 0.056283
v -0.004876 0.031110 0.056283
v -0.043958 -0.024266 0.002652
v -0.043958 -0.024266 0.002652
v -0.042512 -0.025447 0.000924
v -0.040895 -0.026102 0.000325
v -0.040895 -0.026102 0.000325
v -0.043661 -0.025026 0.004692
v -0.040894 -0.026953 0.001317
v -0.040999 -0.027338 0.003482
v -0.040999 -0.027338 0.003482
v -0.039974 -0.028688 0.005585
v -0.039974 -0.028688 0.005585
v -0.039974 -0.028688 0.005585
v -0.039977 -0.027901 0.000917
v -0.039977 -0.027901 0.000917
v -0.039465 -0.027405 0.000342
v -0.039547 -0.028425 0.001607
v -0.039547 -0.028425 0.001607
v -0.039662 -0.028528 0.003405
v -0.039662 -0.028528 0.003405
v -0.037987 -0.028886 0.000872
v -0.037987 -0.028886 0.000872
v -0.034080 -0.028717 0.000177
v -0.034080 -0.028717 0.000177
v -0.037564 -0.028395 0.000257
v -0.037564 -0.028395 0.000257
v -0.037564 -0.028395 0.000257
v -0.033729 -0.027127 0.000525
v -0.033729 -0.027127 0.000525
v -0.037101 -0.029640 0.000772
v -0.038168 -0.029461 0.002337
v -0.038168 -0.029461 0.002337
v -0.034553 -0.030564 0.000329
v -0.034553 -0.030564 0.000329
v -0.033706 -0.031808 0.000971
v -0.033706 -0.031808 0.000971
v -0.036466 -0.030693 0.002364
v -0.036466 -0.030693 0.002364
v -0.035362 -0.031718 0.004946
v -0.051371 -0.015716 0.029989
v -0.051371 -0.015716 0.029989
v -0.052208 -0.014271 0.032092
v -0.052208 -0.014271 0.032092
v -0.050804 -0.017597 0.033602
v -0.050804 -0.017597 0.033602
v -0.050804 -0.017597 0.033602
v -0.050144 -0.018132 0.029502
v -0.050144 -0.018132 0.029502
v -0.047818 -0.020136 0.011611
v -0.047818 -0.020136 0.011611
v -0.046907 -0.021768 0.011732
v -0.046907 -0.021768 0.011732
v -0.045088 -0.024451 0.015776
v -0.049641 -0.018040 0.021030
v -0.049641 -0.018040 0.021030
v -0.046729 -0.022021 0.013980
v -0.047006 -0.022148 0.020452
v -0.043873 -0.025216 0.008393
v -0.042817 -0.026630 0.012306
v -0.042817 -0.026630 0.012306
v -0.039118 -0.029681 0.010333
v -0.039118 -0.029681 0.010333
v -0.041349 -0.027918 0.014145
v -0.039611 -0.029600 0.014173
v -0.037104 -0.031083 0.011403
v -0.037104 -0.031083 0.011403
v -0.035439 -0.032046 0.007301
v -0.034568 -0.032887 0.009521
v -0.034568 -0.032887 0.009521
v -0.035365 -0.032489 0.013634
v -0.043349 -0.026463 0.018493
v -0.040427 -0.029137 0.020409
v -0.037980 -0.030677 0.015573
v -0.037980 -0.030677 0.015573
v -0.038003 -0.030970 0.019144
v -0.038003 -0.030970 0.019144
v -0.036533 -0.031732 0.018788
v -0.035040 -0.032831 0.017594
v -0.035040 -0.032831 0.017594
v -0.032283 -0.033892 0.013618
v -0.032283 -0.033892 0.013618
v -0.047497 -0.022111 0.027368
v -0.044900 -0.025292 0.025743
v -0.043147 -0.027164 0.025909
v -0.043147 -0.027164 0.025909
v -0.039684 -0.030114 0.025406
v -0.039684 -0.030114 0.025406
v -0.049118 -0.020472 0.032417
v -0.047012 -0.023353 0.032232
v -0.045257 -0.025584 0.032621
v -0.045257 -0.025584 0.032621
v -0.041648 -0.028883 0.030684
v -0.041648 -0.028883 0.030684
v -0.042906 -0.028338 0.037247
v -0.042906 -0.028338 0.037247
v -0.037475 -0.031547 0.025549
v -0.035229 -0.033024 0.023714
v -0.033555 -0.033636 0.021910
v -0.031422 -0.034427 0.017779
v -0.032330 -0.034423 0.025710
v -0.032330 -0.034423 0.025710
v -0.032330 -0.034423 0.025710
v -0.031465 -0.034846 0.022160
v -0.040160 -0.030221 0.034365
v -0.040160 -0.030221 0.034365
v -0.038367 -0.031341 0.030732
v -0.035866 -0.032950 0.029089
v -0.035866 -0.032950 0.029089
v -0.035866 -0.032950 0.029089
v -0.036072 -0.032873 0.032039
v -0.033125 -0.034457 0.032087
v -0.029346 -0.035744 0.027855
v -0.030604 -0.035515 0.032642
v -0.030604 -0.035515 0.032642
v -0.053245 -0.012618 0.038091
v -0.053104 -0.012515 0.035295
v -0.053104 -0.012515 0.035295
v -0.052158 -0.015501 0.038349
v -0.052158 -0.015501 0.038349
v -0.051154 -0.017336 0.037255
v -0.051154 -0.017336 0.037255
v -0.049710 -0.019965 0.036524
v -0.050484 -0.019005 0.040451
v -0.053433 -0.012260 0.041527
v -0.053591 -0.012653 0.043644
v -0.053007 -0.015075 0.043182
v -0.054361 -0.010211 0.044486
v -0.053793 -0.012923 0.046742
v -0.053793 -0.012923 0.046742
v -0.050506 -0.019609 0.044445
v -0.050506 -0.019609 0.044445
v -0.048194 -0.022518 0.039843
v -0.051923 -0.017142 0.046151
v -0.056173 -0.005467 0.058561
v -0.055406 -0.007993 0.053336
v -0.055406 -0.007993 0.053336
v -0.055434 -0.009831 0.057935
v -0.056053 -0.008315 0.062417
v -0.056053 -0.008315 0.062417
v -0.056053 -0.008315 0.062417
v -0.054460 -0.011175 0.048440
v -0.054460 -0.011175 0.048440
v -0.054460 -0.011175 0.048440
v -0.054986 -0.008545 0.048845
v -0.054753 -0.011544 0.053404
v -0.054753 -0.011544 0.053404
v -0.053796 -0.013264 0.050303
v -0.052931 -0.015456 0.049280
v -0.052931 -0.015456 0.049280
v -0.053107 -0.015834 0.050912
v -0.053785 -0.013598 0.052792
v -0.053785 -0.013598 0.052792
v -0.053619 -0.014456 0.051626
v -0.051583 -0.018596 0.051543
v -0.051583 -0.018596 0.051543
v -0.053070 -0.016558 0.054293
v -0.054317 -0.013299 0.056905
v -0.054317 -0.013299 0.056905
v -0.055016 -0.012462 0.063122
v -0.055016 -0.012462 0.063122
v -0.053059 -0.016962 0.061571
v -0.048940 -0.022598 0.048518
v -0.048940 -0.022598 0.048518
v -0.049232 -0.023038 0.056121
v -0.049232 -0.023038 0.056121
v -0.046256 -0.026505 0.054715
v -0.046256 -0.026505 0.054715
v -0.052631 -0.017487 0.056573
v -0.051557 -0.019437 0.057454
v -0.052253 -0.018938 0.060291
v -0.050820 -0.021740 0.059786
v -0.050820 -0.021740 0.059786
v -0.050820 -0.021740 0.059786
v -0.050288 -0.022400 0.058621
v -0.047395 -0.025431 0.057404
v -0.049220 -0.023955 0.060283
v -0.049220 -0.023955 0.060283
v -0.046572 -0.026706 0.059781
v -0.046572 -0.026706 0.059781
v -0.048392 -0.021964 0.036496
v -0.044629 -0.027061 0.042230
v -0.039102 -0.031341 0.037934
v -0.047184 -0.024225 0.042184
v -0.047184 -0.024225 0.042184
v -0.046665 -0.025322 0.046582
v -0.046665 -0.025322 0.046582
v -0.046665 -0.025322 0.046582
v -0.044365 -0.028128 0.051218
v -0.041641 -0.029990 0.044719
v -0.041641 -0.029990 0.044719
v -0.039074 -0.031849 0.042605
v -0.039074 -0.031849 0.042605
v -0.037877 -0.032115 0.035001
v -0.035884 -0.033679 0.039633
v -0.035884 -0.033679 0.039633
v -0.033327 -0.034906 0.040670
v -0.030061 -0.036356 0.042225
v -0.030061 -0.036356 0.042225
v -0.027658 -0.036901 0.037184
v -0.027658 -0.036901 0.037184
v -0.038218 -0.032168 0.041870
v -0.038218 -0.032168 0.041870
v -0.036094 -0.033797 0.042769
v -0.036094 -0.033797 0.042769
v -0.038029 -0.032768 0.046916
v -0.034587 -0.034799 0.048111
v -0.042216 -0.030038 0.051231
v -0.042216 -0.030038 0.051231
v -0.040206 -0.031707 0.049624
v -0.040206 -0.031707 0.049624
v -0.040206 -0.031707 0.049624
v -0.040256 -0.032000 0.053109
v -0.038753 -0.032690 0.052075
v -0.036457 -0.034124 0.049856
v -0.036457 -0.034124 0.049856
v -0.044185 -0.029086 0.058879
v -0.044185 -0.029086 0.058879
v -0.041352 -0.031357 0.056031
v -0.041352 -0.031357 0.056031
v -0.041717 -0.031195 0.059102
v -0.032802 -0.035828 0.047925
v -0.032802 -0.035828 0.047925
v -0.039619 -0.032503 0.056777
v -0.039619 -0.032503 0.056777
v -0.036961 -0.034426 0.058449
v -0.036961 -0.034426 0.058449
v -0.036961 -0.034426 0.058449
v -0.039317 -0.033143 0.062878
v -0.039317 -0.033143 0.062878
v -0.039045 -0.032897 0.058377
v -0.034356 -0.035451 0.055171
v -0.032275 -0.036486 0.054582
v -0.032275 -0.036486 0.054582
v -0.028170 -0.037753 0.052794
v -0.028170 -0.037753 0.052794
v -0.027285 -0.037345 0.042629
v -0.027285 -0.037345 0.042629
v -0.024367 -0.038323 0.047074
v -0.025564 -0.038713 0.057500
v -0.025564 -0.038713 0.057500
v -0.023567 -0.039008 0.055488
v -0.023567 -0.039008 0.055488
v -0.029742 -0.037631 0.057261
v -0.029742 -0.037631 0.057261
v -0.027508 -0.038239 0.057142
v -0.056361 -0.007289 0.066421
v -0.057058 -0.003546 0.069290
v -0.055637 -0.011252 0.068437
v -0.054384 -0.014971 0.067799
v -0.054384 -0.014971 0.067799
v -0.055634 -0.012869 0.075546
v -0.054889 -0.015066 0.075751
v -0.053509 -0.017336 0.070372
v -0.053509 -0.017336 0.070372
v -0.051852 -0.019761 0.063526
v -0.050649 -0.021809 0.063784
v -0.050649 -0.021809 0.063784
v -0.052064 -0.019792 0.067903
v -0.052064 -0.019792 0.067903
v -0.049364 -0.024388 0.070779
v -0.049364 -0.024388 0.070779
v -0.048608 -0.024672 0.063395
v -0.045981 -0.027846 0.064584
v -0.051448 -0.021624 0.071984
v -0.053486 -0.018522 0.076055
v -0.057452 0.000784 0.073251
v -0.057272 -0.004462 0.073994
v -0.057272 -0.004462 0.073994
v -0.057272 -0.004462 0.073994
v -0.057341 0.002623 0.076260
v -0.057341 0.002623 0.076260
v -0.057804 -0.000170 0.075784
v -0.057634 -0.000858 0.074297
v -0.057751 -0.002293 0.077286
v -0.057751 -0.002293 0.077286
v -0.057809 -0.001914 0.079737
v -0.057809 -0.001914 0.079737
v -0.057809 -0.001914 0.079737
v -0.057809 -0.001914 0.079737
v -0.056949 -0.007973 0.077488
v -0.056949 -0.007973 0.077488
v -0.057677 0.001066 0.079659
v -0.057894 0.003199 0.083625
v -0.057409 -0.006076 0.080840
v -0.057409 -0.006076 0.080840
v -0.057409 -0.006076 0.080840
v -0.057799 -0.003335 0.081400
v -0.057799 -0.003335 0.081400
v -0.057940 -0.004765 0.082888
v -0.058152 -0.005157 0.084542
v -0.056594 -0.009828 0.078003
v -0.056594 -0.009828 0.078003
v -0.056133 -0.012070 0.079840
v -0.055404 -0.014195 0.079164
v -0.055404 -0.014195 0.079164
v -0.055404 -0.014195 0.079164
v -0.055404 -0.014195 0.079164
v -0.054426 -0.017099 0.080810
v -0.052793 -0.020263 0.080038
v -0.052793 -0.020263 0.080038
v -0.057235 -0.008792 0.080233
v -0.057235 -0.008792 0.080233
v -0.057238 -0.009757 0.081654
v -0.057291 -0.007872 0.082110
v -0.057232 -0.008756 0.084218
v -0.057232 -0.008756 0.084218
v -0.057440 -0.008585 0.086360
v -0.056625 -0.011525 0.082869
v -0.056537 -0.012730 0.086724
v -0.055195 -0.016501 0.088294
v -0.050077 -0.024060 0.076003
v -0.046927 -0.027015 0.068000
v -0.043626 -0.030446 0.067433
v -0.044139 -0.030145 0.070945
v -0.046363 -0.028139 0.072112
v -0.051571 -0.023165 0.087722
v -0.051571 -0.023165 0.087722
v -0.050169 -0.024394 0.080495
v -0.053554 -0.020084 0.089896
v -0.053554 -0.020084 0.089896
v -0.047027 -0.027710 0.075694
v -0.047027 -0.027710 0.075694
v -0.047027 -0.027710 0.075694
v -0.047919 -0.026952 0.077380
v -0.048785 -0.026690 0.085277
v -0.046440 -0.028633 0.078589
v -0.044821 -0.030442 0.081453
v -0.044821 -0.030442 0.081453
v -0.042443 -0.031782 0.073328
v -0.049181 -0.026801 0.089202
v -0.046333 -0.029763 0.087137
v -0.041955 -0.032565 0.078459
v -0.042350 -0.032784 0.083279
v -0.042350 -0.032784 0.083279
v -0.042350 -0.032784 0.083279
v -0.044237 -0.031446 0.084611
v -0.044237 -0.031446 0.084611
v -0.041837 -0.033524 0.089186
v -0.041837 -0.033524 0.089186
v -0.044165 -0.029430 0.063734
v -0.042287 -0.031008 0.062918
v -0.042287 -0.031008 0.062918
v -0.041584 -0.032004 0.065147
v -0.040030 -0.033052 0.067743
v -0.040030 -0.033052 0.067743
v -0.035977 -0.035144 0.061989
v -0.037564 -0.034893 0.068519
v -0.037564 -0.034893 0.068519
v -0.032276 -0.036934 0.062328
v -0.032276 -0.036934 0.062328
v -0.032975 -0.036960 0.065308
v -0.035515 -0.035713 0.066827
v -0.035515 -0.035713 0.066827
v -0.035515 -0.035713 0.066827
v -0.041528 -0.032299 0.070450
v -0.041528 -0.032299 0.070450
v -0.041447 -0.032405 0.073009
v -0.041447 -0.032405 0.073009
v -0.041447 -0.032405 0.073009
v -0.039787 -0.033759 0.072520
v -0.039787 -0.033759 0.072520
v -0.035383 -0.036190 0.071082
v -0.035383 -0.036190 0.071082
v -0.032354 -0.037347 0.068508
v -0.035967 -0.036072 0.074189
v -0.027384 -0.038592 0.061277
v -0.027384 -0.038592 0.061277
v -0.027384 -0.038592 0.061277
v -0.022916 -0.039781 0.060343
v -0.022916 -0.039781 0.060343
v -0.022916 -0.039781 0.060343
v -0.024038 -0.039417 0.063097
v -0.021666 -0.039796 0.063421
v -0.021666 -0.039796 0.063421
v -0.021666 -0.039796 0.063421
v -0.029775 -0.038425 0.069556
v -0.027033 -0.039129 0.069292
v -0.024282 -0.039708 0.069460
v -0.024282 -0.039708 0.069460
v -0.020817 -0.040214 0.069207
v -0.020817 -0.040214 0.069207
v -0.039146 -0.034630 0.076811
v -0.039146 -0.034630 0.076811
v -0.036121 -0.036504 0.079598
v -0.036121 -0.036504 0.079598
v -0.032593 -0.037764 0.075570
v -0.038137 -0.035547 0.082258
v -0.040542 -0.034278 0.085563
v -0.040542 -0.034278 0.085563
v -0.037968 -0.035853 0.084460
v -0.037060 -0.036554 0.087501
v -0.031719 -0.038521 0.081742
v -0.032519 -0.038732 0.086494
v -0.032519 -0.038732 0.086494
v -0.028621 -0.039861 0.085187
v -0.029068 -0.039175 0.078062
v -0.029068 -0.039175 0.078062
v -0.024951 -0.040175 0.076660
v -0.022240 -0.040683 0.078281
v -0.019022 -0.040819 0.075775
v -0.024621 -0.040533 0.081760
v -0.025326 -0.040841 0.087816
v -0.019396 -0.041278 0.083929
v -0.017846 -0.041143 0.080438
v -0.041749 -0.019515 0.017939
v -0.041749 -0.019515 0.017939
v -0.036490 -0.023066 0.011651
v -0.039483 -0.021247 0.013508
v -0.039483 -0.021247 0.013508
v -0.037024 -0.023223 0.012509
v -0.036618 -0.024339 0.014729
v -0.036618 -0.024339 0.014729
v -0.034548 -0.023111 0.010872
v -0.034548 -0.023111 0.010872
v -0.034557 -0.025257 0.012668
v -0.034557 -0.025257 0.012668
v -0.033052 -0.024667 0.010951
v -0.032824 -0.025555 0.011395
v -0.032824 -0.025555 0.011395
v -0.032824 -0.025555 0.011395
v -0.032824 -0.025555 0.011395
v -0.032110 -0.024237 0.010795
v -0.032110 -0.024237 0.010795
v -0.031785 -0.026734 0.012165
v -0.031785 -0.026734 0.012165
v -0.034182 -0.026394 0.016234
v -0.034182 -0.026394 0.016234
v -0.032896 -0.026741 0.013912
v -0.045555 -0.015017 0.027382
v -0.045555 -0.015017 0.027382
v -0.045763 -0.015309 0.029923
v -0.045571 -0.016363 0.033969
v -0.045571 -0.016363 0.033969
v -0.041019 -0.020848 0.022431
v -0.041019 -0.020848 0.022431
v -0.039560 -0.023085 0.025793
v -0.039560 -0.023085 0.025793
v -0.038901 -0.022872 0.019629
v -0.030357 -0.029567 0.026400
v -0.030499 -0.028910 0.021605
v -0.030499 -0.028910 0.021605
v -0.033927 -0.027698 0.026713
v -0.033927 -0.027698 0.026713
v -0.027283 -0.031016 0.028271
v -0.027035 -0.030563 0.023921
v -0.027035 -0.030563 0.023921
v -0.048401 -0.010799 0.042556
v -0.048736 -0.010775 0.046704
v -0.048736 -0.010775 0.046704
v -0.047978 -0.013236 0.044837
v -0.047978 -0.013236 0.044837
v -0.048161 -0.011947 0.041590
v -0.048971 -0.012517 0.053015
v -0.048971 -0.012517 0.053015
v -0.047467 -0.014964 0.047162
v -0.049607 -0.009506 0.053548
v -0.050156 -0.009692 0.056926
v -0.050156 -0.009692 0.056926
v -0.044049 -0.019018 0.036407
v -0.044049 -0.019018 0.036407
v -0.044539 -0.018595 0.038434
v -0.043725 -0.019386 0.037818
v -0.043725 -0.019386 0.037818
v -0.041381 -0.020626 0.032836
v -0.041381 -0.020626 0.032836
v -0.040792 -0.021470 0.030687
v -0.041978 -0.020501 0.029214
v -0.038894 -0.023508 0.033453
v -0.038894 -0.023508 0.033453
v -0.041780 -0.021040 0.036268
v -0.041482 -0.021062 0.038130
v -0.041482 -0.021062 0.038130
v -0.041482 -0.021062 0.038130
v -0.041482 -0.021062 0.038130
v -0.039455 -0.023137 0.037038
v -0.037479 -0.025167 0.035030
v -0.037479 -0.025167 0.035030
v -0.045791 -0.016870 0.039440
v -0.045791 -0.016870 0.039440
v -0.045791 -0.016870 0.039440
v -0.046812 -0.014656 0.037867
v -0.046812 -0.014656 0.037867
v -0.043233 -0.021278 0.044519
v -0.043233 -0.021278 0.044519
v -0.042517 -0.021197 0.042886
v -0.044130 -0.020026 0.043913
v -0.041672 -0.020897 0.039417
v -0.041672 -0.020897 0.039417
v -0.039567 -0.024525 0.044063
v -0.039567 -0.024525 0.044063
v -0.039321 -0.023909 0.039016
v -0.039321 -0.023909 0.039016
v -0.039888 -0.031831 0.046583
v -0.037804 -0.024754 0.032983
v -0.037804 -0.024754 0.032983
v -0.037142 -0.025823 0.031286
v -0.038454 -0.024664 0.030715
v -0.038454 -0.024664 0.030715
v -0.038454 -0.024664 0.030715
v -0.038454 -0.024664 0.030715
v -0.035503 -0.027196 0.034851
v -0.034483 -0.028029 0.033731
v -0.036001 -0.027078 0.038742
v -0.036001 -0.027078 0.038742
v -0.032839 -0.028539 0.039783
v -0.036216 -0.027237 0.044570
v -0.030787 -0.030334 0.037981
v -0.030787 -0.030334 0.037981
v -0.032447 -0.029325 0.037455
v -0.030185 -0.030042 0.041845
v -0.040110 -0.024580 0.046082
v -0.044340 -0.021283 0.055651
v -0.044340 -0.021283 0.055651
v -0.042074 -0.023532 0.052434
v -0.043652 -0.021316 0.049986
v -0.043652 -0.021316 0.049986
v -0.036237 -0.027865 0.047014
v -0.036237 -0.027865 0.047014
v -0.032710 -0.028877 0.045454
v -0.032710 -0.028877 0.045454
v -0.034696 -0.029021 0.048038
v -0.034696 -0.029021 0.048038
v -0.029450 -0.030265 0.045544
v -0.031039 -0.030232 0.048226
v -0.031039 -0.030232 0.048226
v -0.031039 -0.030232 0.048226
v -0.032549 -0.030224 0.050554
v -0.032549 -0.030224 0.050554
v -0.058172 -0.002380 0.086165
v -0.045045 -0.023063 0.080299
v -0.045820 -0.021354 0.073517
v -0.047672 -0.019589 0.083109
v -0.044454 -0.022102 0.062388
v -0.040835 -0.026219 0.064977
v -0.040835 -0.026219 0.064977
v -0.039819 -0.025878 0.053729
v -0.042330 -0.025484 0.072947
v -0.027766 -0.033587 0.063043
v -0.027766 -0.033587 0.063043
v -0.032339 -0.031988 0.065437
v -0.032339 -0.031988 0.065437
v -0.030580 -0.033196 0.071805
v -0.024657 -0.034817 0.068756
v -0.023655 -0.034164 0.057151
v -0.021292 -0.035074 0.065042
v -0.021292 -0.035074 0.065042
v -0.020311 -0.034665 0.057420
v -0.029158 -0.034204 0.078597
v -0.029158 -0.034204 0.078597
v -0.026265 -0.035244 0.082176
v -0.026265 -0.035244 0.082176
v -0.019647 -0.035603 0.071867
v -0.018725 -0.035241 0.064823
v -0.021187 -0.035837 0.076943
v -0.023436 -0.036078 0.088768
v -0.020024 -0.036420 0.087242
v -0.040731 -0.020583 0.014997
v -0.030576 -0.028669 0.017919
v -0.030576 -0.028669 0.017919
v -0.030576 -0.028669 0.017919
v -0.030140 -0.028081 0.013372
v -0.042352 -0.018987 0.022042
v -0.043184 -0.018712 0.024985
v -0.043184 -0.018712 0.024985
v -0.043730 -0.018396 0.031098
v -0.041727 -0.020869 0.026412
v -0.040106 -0.022826 0.029023
v -0.037293 -0.024759 0.022917
v -0.034120 -0.026782 0.020949
v -0.034120 -0.026782 0.020949
v -0.031838 -0.029174 0.029961
v -0.031838 -0.029174 0.029961
v -0.047427 -0.013752 0.040701
v -0.048017 -0.015571 0.057340
v -0.048017 -0.015571 0.057340
v -0.048017 -0.015571 0.057340
v -0.045733 -0.018381 0.048661
v -0.051489 -0.004970 0.060365
v -0.051489 -0.004970 0.060365
v -0.046918 -0.017913 0.059006
v -0.043615 -0.018714 0.033239
v -0.044897 -0.017730 0.040898
v -0.045836 -0.016753 0.041450
v -0.045997 -0.016877 0.043523
v -0.043738 -0.018836 0.041502
v -0.043738 -0.018836 0.041502
v -0.045143 -0.017828 0.042719
v -0.042193 -0.020349 0.039242
v -0.032831 -0.029167 0.035677
v -0.032831 -0.029167 0.035677
v -0.029560 -0.030656 0.034539
v -0.037029 -0.026752 0.044489
v -0.037029 -0.026752 0.044489
v -0.028999 -0.031206 0.039926
v -0.028999 -0.031206 0.039926
v -0.028999 -0.031206 0.039926
v -0.028999 -0.031206 0.039926
v -0.025874 -0.032317 0.039825
v -0.027683 -0.031552 0.042531
v -0.025048 -0.032784 0.044715
v -0.025048 -0.032784 0.044715
v -0.025048 -0.032784 0.044715
v -0.025048 -0.032784 0.044715
v -0.039842 -0.025157 0.050008
v -0.038645 -0.026237 0.047957
v -0.037211 -0.027375 0.049361
v -0.037211 -0.027375 0.049361
v -0.037107 -0.028229 0.055126
v -0.037107 -0.028229 0.055126
v -0.035257 -0.029366 0.054644
v -0.027090 -0.031860 0.044937
v -0.029116 -0.031855 0.049514
v -0.027913 -0.031962 0.047317
v -0.027913 -0.031962 0.047317
v -0.030307 -0.031704 0.052094
v -0.033776 -0.030657 0.058916
v -0.026170 -0.033147 0.052356
v -0.026170 -0.033147 0.052356
v -0.026170 -0.033147 0.052356
v -0.022815 -0.033391 0.044875
v -0.052401 -0.001150 0.070020
v -0.052600 -0.003839 0.075291
v -0.052600 -0.003839 0.075291
v -0.051560 -0.007210 0.066820
v -0.051560 -0.007210 0.066820
v -0.050538 -0.010256 0.062866
v -0.049385 -0.014702 0.068858
v -0.051654 -0.009077 0.074357
v -0.048214 -0.017551 0.072695
v -0.053101 0.001544 0.083321
v -0.053101 0.001544 0.083321
v -0.052633 -0.006926 0.085873
v -0.052633 -0.006926 0.085873
v -0.051525 -0.011087 0.081927
v -0.051525 -0.011087 0.081927
v -0.049708 -0.015669 0.081618
v -0.040849 -0.027338 0.078274
v -0.043097 -0.025710 0.087672
v -0.036495 -0.029759 0.067054
v -0.036495 -0.029759 0.067054
v -0.039040 -0.028218 0.070527
v -0.038404 -0.029421 0.079960
v -0.038404 -0.029421 0.079960
v -0.034858 -0.031543 0.077005
v -0.034858 -0.031543 0.077005
v -0.034858 -0.031543 0.077005
v -0.034151 -0.032296 0.083544
v -0.012750 0.034974 0.001194
v -0.012750 0.034974 0.001194
v -0.012750 0.034974 0.001194
v -0.014582 0.035610 0.002361
v -0.014582 0.035610 0.002361
v -0.014582 0.035610 0.002361
v -0.009046 0.033656 0.000830
v -0.012611 0.031138 0.000844
v -0.012611 0.031138 0.000844
v -0.011633 0.035308 0.002375
v -0.014667 0.035947 0.006003
v -0.014667 0.035947 0.006003
v -0.012112 0.035691 0.005630
v -0.012112 0.035691 0.005630
v -0.012112 0.035691 0.005630
v -0.008222 0.034854 0.004491
v -0.008840 0.030221 0.000987
v -0.001852 0.030138 0.000822
v -0.004879 0.029502 0.000871
v -0.004879 0.029502 0.000871
v -0.008085 0.034503 0.002066
v -0.008085 0.034503 0.002066
v -0.007364 0.033838 0.001236
v -0.007364 0.033838 0.001236
v -0.007364 0.033838 0.001236
v -0.003018 0.032136 0.001124
v -0.005189 0.033677 0.002145
v -0.005189 0.033677 0.002145
v -0.005955 0.028421 0.001549
v -0.005955 0.028421 0.001549
v -0.001648 0.026707 0.001420
v -0.000555 0.030631 0.001025
v -0.000555 0.030631 0.001025
v -0.000460 0.031598 0.001900
v -0.000460 0.031598 0.001900
v -0.001973 0.032697 0.004119
v -0.001973 0.032697 0.004119
v 0.001669 0.029829 0.001328
v 0.001669 0.029829 0.001328
v 0.001669 0.029829 0.001328
v 0.000632 0.026738 0.000997
v 0.000632 0.026738 0.000997
v 0.003319 0.029528 0.002163
v 0.002175 0.030522 0.003377
v 0.002175 0.030522 0.003377
v 0.004108 0.027440 0.001036
v 0.004108 0.027440 0.001036
v 0.005484 0.023377 0.001007
v 0.005484 0.023377 0.001007
v 0.004685 0.027844 0.001397
v 0.004685 0.027844 0.001397
v 0.002186 0.024679 0.001293
v 0.005368 0.021759 0.001397
v 0.005368 0.021759 0.001397
v 0.007300 0.022942 0.000940
v 0.007300 0.022942 0.000940
v 0.006680 0.026399 0.001553
v 0.006680 0.026399 0.001553
v 0.008171 0.024115 0.001150
v 0.009405 0.024019 0.001761
v 0.008606 0.018413 0.001299
v 0.010785 0.021455 0.001259
v 0.010925 0.016463 0.001062
v 0.012911 0.017288 0.001056
v 0.013107 0.018645 0.001388
v 0.013107 0.018645 0.001388
v 0.013107 0.018645 0.001388
v -0.013384 0.015761 0.006226
v -0.016963 0.010519 0.006677
v -0.016963 0.010519 0.006677
v -0.008412 0.009935 0.006548
v -0.008412 0.009935 0.006548
v -0.009125 0.005713 0.006705
v -0.009125 0.005713 0.006705
v -0.008896 0.000132 0.006723
v -0.008896 0.000132 0.006723
v -0.013907 -0.007522 0.006724
v -0.013907 -0.007522 0.006724
v -0.004927 0.015297 0.005895
v -0.001098 0.007613 0.006169
v 0.000186 0.015937 0.005330
v -0.005688 -0.004602 0.006585
v -0.003846 0.001444 0.006547
v -0.003846 0.001444 0.006547
v -0.000339 -0.002042 0.006250
v -0.000339 -0.002042 0.006250
v -0.022270 -0.008282 0.006572
v -0.023666 -0.015085 0.006018
v -0.017374 -0.016540 0.006146
v -0.007550 -0.013798 0.006265
v -0.007550 -0.013798 0.006265
v -0.007550 -0.013798 0.006265
v -0.010735 -0.020156 0.005545
v -0.015708 -0.024281 0.004940
v -0.015708 -0.024281 0.004940
v -0.003506 -0.009856 0.006245
v -0.003506 -0.009856 0.006245
v 0.010823 0.014365 0.001456
v 0.010823 0.014365 0.001456
v 0.015604 0.013262 0.001192
v 0.015604 0.013262 0.001192
v 0.015604 0.013262 0.001192
v 0.014733 0.016348 0.001699
v 0.012578 0.010950 0.001402
v 0.012578 0.010950 0.001402
v 0.012578 0.010950 0.001402
v 0.014092 0.009831 0.001089
v 0.014092 0.009831 0.001089
v 0.013783 0.007170 0.001475
v 0.013783 0.007170 0.001475
v 0.013783 0.007170 0.001475
v 0.016291 0.013443 0.001818
v 0.017279 0.009408 0.001449
v 0.017279 0.009408 0.001449
v 0.017279 0.009408 0.001449
v 0.016094 0.008454 0.001028
v 0.016094 0.008454 0.001028
v 0.015427 0.006071 0.001024
v 0.017981 0.009731 0.002542
v 0.017981 0.009731 0.002542
v 0.014483 0.003735 0.001497
v 0.014483 0.003735 0.001497
v 0.011812 0.004250 0.003504
v 0.017696 0.005383 0.001196
v 0.017696 0.005383 0.001196
v 0.018390 0.006546 0.001839
v 0.018735 0.003704 0.001627
v 0.018735 0.003704 0.001627
v 0.019229 0.004511 0.002942
v 0.019229 0.004511 0.002942
v 0.012972 -0.011031 0.001387
v 0.012050 -0.006262 0.003289
v 0.014022 -0.006943 0.001443
v 0.014022 -0.006943 0.001443
v 0.015469 -0.007429 0.000903
v 0.015304 -0.005266 0.000844
v 0.016496 -0.004508 0.000882
v 0.015565 0.001714 0.001118
v 0.014234 0.000510 0.001853
v 0.017184 0.000376 0.001017
v 0.018286 -0.002184 0.001175
v 0.018286 -0.002184 0.001175
v 0.015511 -0.002246 0.001171
v 0.015511 -0.002246 0.001171
v 0.014576 -0.003040 0.001531
v 0.014576 -0.003040 0.001531
v 0.013517 -0.002139 0.002493
v 0.013517 -0.002139 0.002493
v 0.018832 -0.001704 0.001522
v 0.018832 -0.001704 0.001522
v 0.019462 0.000478 0.002545
v 0.019462 0.000478 0.002545
v 0.019452 0.002336 0.003034
v 0.019452 0.002336 0.003034
v 0.019452 0.002336 0.003034
v 0.019574 0.002816 0.005644
v 0.019259 -0.002960 0.002377
v 0.019643 -0.003594 0.005348
v 0.018470 -0.006184 0.001602
v 0.018470 -0.006184 0.001602
v 0.016570 -0.009666 0.000960
v 0.017649 -0.008386 0.001231
v 0.018133 -0.008582 0.001761
v 0.018133 -0.008582 0.001761
v 0.018699 -0.007815 0.002809
v 0.019258 -0.007052 0.006257
v 0.019258 -0.007052 0.006257
v -0.002059 -0.028824 0.000799
v -0.007301 -0.031941 0.000542
v -0.007301 -0.031941 0.000542
v -0.005953 -0.029717 0.001015
v -0.005953 -0.029717 0.001015
v -0.001524 -0.030796 0.000600
v -0.003707 -0.028604 0.001233
v 0.004658 -0.021122 0.002421
v 0.004658 -0.021122 0.002421
v 0.004658 -0.021122 0.002421
v 0.007331 -0.020049 0.001477
v 0.007331 -0.020049 0.001477
v 0.003995 -0.023330 0.001411
v 0.003995 -0.023330 0.001411
v 0.004061 -0.024326 0.001009
v 0.004061 -0.024326 0.001009
v 0.000620 -0.025962 0.001366
v 0.003465 -0.022018 0.002669
v 0.004554 -0.025786 0.000659
v 0.004297 -0.028065 0.000786
v 0.004297 -0.028065 0.000786
v -0.000020 -0.031084 0.000912
v 0.004836 -0.028241 0.001075
v 0.001260 -0.030809 0.001236
v 0.003146 -0.030191 0.001965
v 0.003146 -0.030191 0.001965
v 0.001701 -0.031126 0.002788
v 0.003444 -0.030344 0.004006
v 0.003444 -0.030344 0.004006
v 0.003338 -0.030682 0.007237
v 0.004827 -0.029714 0.006016
v 0.008683 -0.019726 0.001033
v 0.008683 -0.019726 0.001033
v 0.010573 -0.019217 0.000785
v 0.010573 -0.019217 0.000785
v 0.010573 -0.019217 0.000785
v 0.010375 -0.022135 0.000855
v 0.008740 -0.024800 0.001130
v 0.008740 -0.024800 0.001130
v 0.007775 -0.026273 0.001487
v 0.007775 -0.026273 0.001487
v 0.007775 -0.026273 0.001487
v 0.008490 -0.026056 0.002336
v 0.008490 -0.026056 0.002336
v 0.010077 -0.023849 0.001432
v 0.006361 -0.027498 0.001870
v 0.005162 -0.028836 0.002330
v 0.005162 -0.028836 0.002330
v 0.006899 -0.027702 0.003705
v 0.003265 -0.008447 0.005546
v 0.003265 -0.008447 0.005546
v 0.002384 -0.015081 0.005147
v 0.002384 -0.015081 0.005147
v 0.014391 -0.010938 0.000873
v 0.014391 -0.010938 0.000873
v 0.011279 -0.011461 0.002475
v 0.011279 -0.011461 0.002475
v 0.010532 -0.015508 0.001517
v 0.010532 -0.015508 0.001517
v 0.011481 -0.015585 0.001072
v 0.011481 -0.015585 0.001072
v 0.013717 -0.013845 0.000859
v 0.013717 -0.013845 0.000859
v 0.008484 -0.016505 0.002500
v 0.008484 -0.016505 0.002500
v 0.012472 -0.018474 0.000817
v 0.016346 -0.013333 0.001346
v 0.016346 -0.013333 0.001346
v 0.014349 -0.016419 0.000975
v 0.014349 -0.016419 0.000975
v 0.017464 -0.011911 0.002503
v 0.017464 -0.011911 0.002503
v 0.017464 -0.011911 0.002503
v 0.015792 -0.015872 0.002110
v 0.013476 -0.018675 0.001211
v 0.013476 -0.018675 0.001211
v 0.014319 -0.018607 0.002407
v 0.014907 -0.017100 0.001750
v 0.014907 -0.017100 0.001750
v 0.011932 -0.021328 0.001441
v 0.011932 -0.021328 0.001441
v 0.012642 -0.021152 0.002741
v 0.016010 -0.016314 0.005252
v 0.018042 -0.011099 0.004669
v 0.016954 -0.013838 0.003651
v 0.018673 -0.010080 0.008403
v 0.017067 -0.014544 0.007647
v 0.017067 -0.014544 0.007647
v 0.017067 -0.014544 0.007647
v 0.018376 -0.011437 0.011353
v 0.018376 -0.011437 0.011353
v 0.013182 -0.021321 0.007303
v 0.015268 -0.018137 0.008443
v 0.015268 -0.018137 0.008443
v 0.016509 -0.016110 0.011468
v 0.014235 -0.020074 0.011802
v 0.010774 -0.023581 0.002466
v 0.010774 -0.023581 0.002466
v 0.010698 -0.024116 0.005177
v 0.010698 -0.024116 0.005177
v 0.011312 -0.023631 0.007496
v 0.009400 -0.025577 0.006596
v 0.009400 -0.025577 0.006596
v 0.007873 -0.027110 0.005969
v 0.007873 -0.027110 0.005969
v 0.006583 -0.028263 0.005411
v 0.005885 -0.029107 0.008171
v 0.005885 -0.029107 0.008171
v 0.007924 -0.027380 0.009036
v 0.008700 -0.026527 0.007305
v 0.008700 -0.026527 0.007305
v 0.006542 -0.028898 0.012660
v 0.009712 -0.025785 0.010658
v 0.009712 -0.025785 0.010658
v 0.011910 -0.023100 0.010500
v 0.008147 -0.027526 0.015591
v 0.008147 -0.027526 0.015591
v 0.011033 -0.024591 0.016241
v 0.012204 -0.022986 0.013087
v 0.012204 -0.022986 0.013087
v -0.011091 0.035771 0.008498
v -0.011091 0.035771 0.008498
v -0.009377 0.035327 0.006169
v -0.009377 0.035327 0.006169
v -0.007605 0.035217 0.010262
v -0.007665 0.035018 0.007391
v -0.007665 0.035018 0.007391
v -0.005454 0.034181 0.005959
v -0.005454 0.034181 0.005959
v -0.004029 0.033477 0.005292
v -0.004029 0.033477 0.005292
v -0.005523 0.034353 0.009326
v -0.005523 0.034353 0.009326
v -0.002799 0.033425 0.009672
v -0.009806 0.035696 0.014608
v -0.009806 0.035696 0.014608
v -0.009806 0.035696 0.014608
v -0.009806 0.035696 0.014608
v -0.009806 0.035696 0.014608
v -0.006671 0.035235 0.013511
v -0.011254 0.036367 0.016725
v -0.007989 0.035361 0.016242
v -0.007989 0.035361 0.016242
v -0.009595 0.036187 0.018089
v -0.009595 0.036187 0.018089
v -0.005706 0.034883 0.012233
v -0.005706 0.034883 0.012233
v -0.003290 0.033719 0.013578
v -0.003290 0.033719 0.013578
v -0.004495 0.034433 0.014840
v -0.004067 0.034305 0.017404
v -0.004067 0.034305 0.017404
v -0.004067 0.034305 0.017404
v -0.000644 0.032757 0.017315
v -0.000644 0.032757 0.017315
v 0.000177 0.031813 0.005973
v 0.000177 0.031813 0.005973
v 0.000177 0.031813 0.005973
v 0.000177 0.031813 0.005973
v 0.004692 0.028927 0.003950
v 0.007315 0.026402 0.002051
v 0.007001 0.027040 0.003040
v 0.007001 0.027040 0.003040
v 0.006557 0.027477 0.005231
v 0.006557 0.027477 0.005231
v 0.002852 0.030449 0.007781
v 0.005700 0.028459 0.007841
v 0.008343 0.026093 0.007327
v 0.000697 0.031973 0.013936
v 0.003623 0.030214 0.012787
v 0.003623 0.030214 0.012787
v 0.002204 0.031190 0.017307
v 0.006353 0.028071 0.011598
v 0.006547 0.027901 0.014617
v 0.006547 0.027901 0.014617
v 0.006547 0.027901 0.014617
v 0.006547 0.027901 0.014617
v 0.009912 0.024600 0.007598
v 0.009912 0.024600 0.007598
v 0.008629 0.026152 0.015878
v 0.008629 0.026152 0.015878
v -0.008512 0.035851 0.019681
v -0.008512 0.035851 0.019681
v -0.008512 0.035851 0.019681
v -0.005626 0.034900 0.021629
v -0.005626 0.034900 0.021629
v -0.006921 0.035414 0.026276
v -0.006921 0.035414 0.026276
v -0.006921 0.035414 0.026276
v -0.001157 0.033098 0.019085
v -0.001157 0.033098 0.019085
v -0.003966 0.034244 0.022407
v -0.002961 0.034107 0.025746
v -0.002961 0.034107 0.025746
v -0.000267 0.032877 0.025762
v -0.004278 0.034819 0.030356
v -0.004278 0.034819 0.030356
v 0.002028 0.031463 0.024819
v -0.001595 0.033489 0.029837
v 0.004322 0.029690 0.017186
v 0.004322 0.029690 0.017186
v 0.004322 0.029690 0.017186
v 0.003409 0.030546 0.020692
v 0.003409 0.030546 0.020692
v 0.003409 0.030546 0.020692
v 0.003409 0.030546 0.020692
v 0.006529 0.028477 0.017811
v 0.006529 0.028477 0.017811
v 0.006529 0.028477 0.017811
v 0.007925 0.027274 0.017861
v 0.007925 0.027274 0.017861
v 0.006065 0.028725 0.022527
v 0.006065 0.028725 0.022527
v 0.006065 0.028725 0.022527
v 0.006065 0.028725 0.022527
v 0.008092 0.026851 0.021840
v 0.008092 0.026851 0.021840
v 0.008092 0.026851 0.021840
v 0.008092 0.026851 0.021840
v 0.010429 0.024398 0.018184
v 0.004663 0.029830 0.026586
v 0.010134 0.024735 0.022310
v 0.007009 0.028158 0.028026
v 0.009452 0.024651 0.002905
v 0.009452 0.024651 0.002905
v 0.011578 0.021637 0.001952
v 0.012167 0.021477 0.003077
v 0.012167 0.021477 0.003077
v 0.012139 0.022060 0.008058
v 0.012139 0.022060 0.008058
v 0.012139 0.022060 0.008058
v 0.012139 0.022060 0.008058
v 0.014103 0.018494 0.002572
v 0.014202 0.019106 0.006951
v -0.002728 0.034458 0.034278
v -0.002728 0.034458 0.034278
v -0.006521 0.035842 0.037008
v 0.000219 0.032804 0.029972
v 0.000219 0.032804 0.029972
v 0.000219 0.032804 0.029972
v 0.001277 0.032320 0.032207
v -0.005098 0.035537 0.040188
v -0.005098 0.035537 0.040188
v -0.002581 0.034746 0.041674
v -0.000806 0.033762 0.036727
v 0.002268 0.031967 0.038808
v 0.003483 0.031061 0.035312
v -0.000425 0.033723 0.040792
v 0.003324 0.030897 0.031936
v 0.005990 0.029183 0.032551
v -0.003467 0.035337 0.047764
v 0.008535 0.026473 0.026408
v 0.010195 0.024900 0.025805
v 0.010195 0.024900 0.025805
v 0.015855 0.015443 0.002830
v 0.015855 0.015443 0.002830
v 0.016375 0.015569 0.010005
v 0.016375 0.015569 0.010005
v 0.017231 0.012959 0.005350
v 0.017231 0.012959 0.005350
v 0.015830 0.016143 0.006551
v 0.014357 0.019133 0.013335
v 0.016236 0.015906 0.015435
v 0.017542 0.012800 0.009809
v 0.017542 0.012800 0.009809
v 0.017512 0.013181 0.018305
v 0.018208 0.011093 0.013142
v 0.018635 0.008962 0.006186
v 0.018635 0.008962 0.006186
v 0.019424 0.005015 0.006936
v 0.019424 0.005015 0.006936
v 0.019134 0.007621 0.010720
v 0.019134 0.007621 0.010720
v 0.018987 0.008444 0.014636
v 0.019849 0.002149 0.008527
v 0.019849 0.002149 0.008527
v 0.019578 0.005042 0.010925
v 0.019978 0.001749 0.013152
v 0.019875 -0.000408 0.006938
v 0.019875 -0.000408 0.006938
v 0.019845 -0.003428 0.007936
v 0.019845 -0.003428 0.007936
v 0.019732 -0.005400 0.013229
v 0.019732 -0.005400 0.013229
v 0.019963 -0.002560 0.012740
v 0.019963 -0.002560 0.012740
v 0.019341 0.006393 0.009862
v 0.019341 0.006393 0.009862
v 0.019690 0.004645 0.014003
v 0.019690 0.004645 0.014003
v 0.019300 0.007342 0.016558
v 0.019784 0.004756 0.016313
v 0.019784 0.004756 0.016313
v 0.019977 0.000477 0.016541
v 0.020144 0.004562 0.017413
v 0.020042 -0.001939 0.017187
v 0.019983 -0.003030 0.017300
v 0.020038 0.001122 0.017304
v 0.019789 -0.005168 0.017418
v 0.019789 -0.005168 0.017418
v 0.020418 -0.002959 0.018298
v 0.020755 -0.001940 0.018547
v 0.020138 -0.005059 0.018453
v 0.020138 -0.005059 0.018453
v 0.012306 0.022092 0.018494
v 0.012306 0.022092 0.018494
v 0.012306 0.022092 0.018494
v 0.014327 0.019284 0.019711
v 0.016554 0.015521 0.022042
v 0.018357 0.010731 0.019813
v 0.013161 0.021233 0.026054
v 0.013161 0.021233 0.026054
v 0.015246 0.017953 0.024093
v 0.015730 0.016895 0.025409
v 0.015730 0.016895 0.025409
v 0.015801 0.017274 0.028125
v 0.015801 0.017274 0.028125
v 0.015801 0.017274 0.028125
v 0.014873 0.018814 0.028889
v 0.014873 0.018814 0.028889
v 0.014873 0.018814 0.028889
v 0.014873 0.018814 0.028889
v 0.017956 0.012176 0.023517
v 0.017956 0.012176 0.023517
v 0.019009 0.010010 0.020609
v 0.018614 0.011215 0.023431
v 0.018063 0.012403 0.025412
v 0.018063 0.012403 0.025412
v 0.018063 0.012403 0.025412
v 0.016243 0.016138 0.025006
v 0.017074 0.014645 0.027981
v 0.017074 0.014645 0.027981
v 0.017550 0.013848 0.025171
v 0.018609 0.011603 0.026030
v 0.019867 0.010320 0.023073
v 0.019867 0.010320 0.023073
v 0.020603 0.010483 0.025468
v 0.020603 0.010483 0.025468
v 0.020603 0.010483 0.025468
v 0.019178 0.011248 0.026856
v 0.018202 0.011935 0.028450
v 0.018202 0.011935 0.028450
v 0.018202 0.011935 0.028450
v 0.021271 0.010497 0.026813
v 0.018780 0.009355 0.017589
v 0.018780 0.009355 0.017589
v 0.019647 0.007137 0.017479
v 0.019647 0.007137 0.017479
v 0.019647 0.007137 0.017479
v 0.019647 0.007137 0.017479
v 0.019456 0.008465 0.018779
v 0.019456 0.008465 0.018779
v 0.021138 0.005878 0.018798
v 0.021138 0.005878 0.018798
v 0.021138 0.005878 0.018798
v 0.020866 0.007357 0.019142
v 0.020866 0.007357 0.019142
v 0.022186 0.003721 0.019994
v 0.022186 0.003721 0.019994
v 0.020782 0.002424 0.018463
v 0.022197 0.001837 0.020020
v 0.022197 0.001837 0.020020
v 0.020714 0.008296 0.019765
v 0.020714 0.008296 0.019765
v 0.021054 0.009226 0.022397
v 0.021054 0.009226 0.022397
v 0.021905 0.008294 0.022437
v 0.021905 0.008294 0.022437
v 0.022387 0.007129 0.021934
v 0.022104 0.005970 0.020747
v 0.022104 0.005970 0.020747
v 0.022104 0.005970 0.020747
v 0.023466 0.005965 0.022503
v 0.023466 0.005965 0.022503
v 0.023466 0.005965 0.022503
v 0.023872 0.002953 0.022072
v 0.020318 0.000017 0.018213
v 0.022379 -0.000591 0.020406
v 0.021782 -0.002712 0.019616
v 0.025111 -0.002661 0.023543
v 0.023393 -0.001729 0.021520
v 0.023393 -0.001729 0.021520
v 0.023757 -0.004346 0.022559
v 0.023757 -0.004346 0.022559
v 0.021853 0.009888 0.025234
v 0.021853 0.009888 0.025234
v 0.022913 0.008465 0.023577
v 0.026088 0.007485 0.025860
v 0.026340 0.005416 0.025132
v 0.026340 0.005416 0.025132
v 0.023381 0.009379 0.026033
v 0.023381 0.009379 0.026033
v 0.022739 0.009110 0.025112
v 0.022739 0.009110 0.025112
v 0.022739 0.009110 0.025112
v 0.022922 0.009801 0.026058
v 0.022922 0.009801 0.026058
v 0.023515 0.010028 0.027572
v 0.021896 0.010452 0.028073
v 0.021896 0.010452 0.028073
v 0.029612 0.005590 0.028834
v 0.029612 0.005590 0.028834
v 0.028089 0.003116 0.026584
v 0.028089 0.003116 0.026584
v 0.026653 0.000955 0.024904
v 0.026653 0.000955 0.024904
v 0.026653 0.000955 0.024904
v 0.026730 -0.001896 0.025110
v 0.026730 -0.001896 0.025110
v 0.026730 -0.001896 0.025110
v 0.030565 -0.001111 0.029463
v 0.030565 -0.001111 0.029463
v 0.019235 -0.008376 0.016215
v 0.017016 -0.015244 0.016978
v 0.015253 -0.018692 0.018586
v 0.015253 -0.018692 0.018586
v 0.018320 -0.011753 0.018444
v 0.018320 -0.011753 0.018444
v 0.019521 -0.007077 0.018475
v 0.020115 -0.007039 0.019744
v 0.019106 -0.008877 0.019647
v 0.019933 -0.007806 0.020463
v 0.019515 -0.009012 0.021995
v 0.018710 -0.010788 0.023439
v 0.018710 -0.010788 0.023439
v 0.017870 -0.013370 0.022974
v 0.014932 -0.018801 0.013024
v 0.014932 -0.018801 0.013024
v 0.013899 -0.020730 0.016130
v 0.013899 -0.020730 0.016130
v 0.013200 -0.022062 0.020899
v 0.008975 -0.027278 0.018777
v 0.008975 -0.027278 0.018777
v 0.011318 -0.024613 0.019522
v 0.009077 -0.027098 0.021662
v 0.016355 -0.016860 0.023733
v 0.016355 -0.016860 0.023733
v 0.011974 -0.023863 0.024337
v 0.010411 -0.026150 0.028898
v 0.010411 -0.026150 0.028898
v 0.021289 -0.007678 0.021748
v 0.019459 -0.009952 0.024585
v 0.019459 -0.009952 0.024585
v 0.020699 -0.009152 0.025152
v 0.020699 -0.009152 0.025152
v 0.021637 -0.008216 0.023679
v 0.021637 -0.008216 0.023679
v 0.021637 -0.008216 0.023679
v 0.019663 -0.009909 0.026916
v 0.022852 -0.008137 0.026348
v 0.017587 -0.014552 0.026131
v 0.018785 -0.011126 0.027698
v 0.018785 -0.011126 0.027698
v 0.021624 -0.005253 0.020109
v 0.021459 -0.006934 0.021056
v 0.023541 -0.006828 0.023961
v 0.023541 -0.006828 0.023961
v 0.025738 -0.004065 0.024535
v 0.023500 -0.007522 0.025241
v 0.021467 -0.009038 0.028505
v 0.021467 -0.009038 0.028505
v 0.020251 -0.009380 0.029384
v 0.020251 -0.009380 0.029384
v 0.021025 -0.008901 0.030639
v 0.022799 -0.008595 0.029134
v 0.022799 -0.008595 0.029134
v 0.019313 -0.010284 0.029722
v 0.019313 -0.010284 0.029722
v 0.019269 -0.010180 0.031248
v 0.018182 -0.013475 0.031884
v 0.019398 -0.009656 0.034673
v 0.019662 -0.009208 0.033718
v 0.019662 -0.009208 0.033718
v 0.019662 -0.009208 0.033718
v 0.023154 -0.008281 0.031275
v 0.023154 -0.008281 0.031275
v 0.020205 -0.008769 0.032778
v 0.020205 -0.008769 0.032778
v 0.020205 -0.008769 0.032778
v 0.020205 -0.008769 0.032778
v 0.021306 -0.008316 0.032452
v 0.021306 -0.008316 0.032452
v 0.021306 -0.008316 0.032452
v 0.019793 -0.009610 0.031114
v 0.024761 -0.006906 0.025143
v 0.030230 -0.003408 0.029328
v 0.025119 -0.008193 0.030770
v 0.025119 -0.008193 0.030770
v 0.024750 -0.008199 0.028981
v 0.024750 -0.008199 0.028981
v 0.026432 -0.007860 0.029884
v 0.026432 -0.007860 0.029884
v 0.026432 -0.007860 0.029884
v 0.024565 -0.008162 0.031748
v 0.015993 -0.018016 0.028538
v 0.015993 -0.018016 0.028538
v 0.017482 -0.015234 0.030964
v 0.013964 -0.021599 0.030007
v 0.013964 -0.021599 0.030007
v 0.012820 -0.023323 0.031511
v 0.015109 -0.019986 0.032301
v 0.015109 -0.019986 0.032301
v 0.014163 -0.021760 0.033794
v 0.016428 -0.017942 0.034142
v 0.019312 -0.011433 0.039852
v 0.019312 -0.011433 0.039852
v 0.017458 -0.016067 0.036474
v 0.015504 -0.019944 0.037407
v 0.015504 -0.019944 0.037407
v 0.013302 -0.023117 0.035658
v 0.014645 -0.021451 0.040046
v 0.000346 0.033640 0.046519
v 0.003594 0.031461 0.042622
v 0.003594 0.031461 0.042622
v 0.005068 0.030133 0.037873
v 0.010227 0.025083 0.030159
v 0.008450 0.027158 0.033339
v 0.006555 0.028863 0.035582
v 0.010017 0.025859 0.037566
v 0.012027 0.023104 0.031060
v 0.006068 0.029479 0.039704
v 0.006068 0.029479 0.039704
v 0.012443 0.023155 0.040032
v 0.012443 0.023155 0.040032
v -0.001603 0.034648 0.049243
v -0.001603 0.034648 0.049243
v 0.002348 0.032291 0.047005
v 0.004260 0.031116 0.045947
v 0.005793 0.030129 0.045980
v 0.005793 0.030129 0.045980
v 0.000960 0.033526 0.052641
v -0.003897 0.035857 0.054109
v -0.003897 0.035857 0.054109
v -0.003897 0.035857 0.054109
v -0.001448 0.034925 0.057243
v -0.001448 0.034925 0.057243
v 0.003001 0.032370 0.053398
v 0.004510 0.031115 0.049980
v 0.004510 0.031115 0.049980
v 0.007254 0.029099 0.049761
v 0.005042 0.030995 0.054810
v 0.005042 0.030995 0.054810
v 0.007690 0.029046 0.053762
v 0.007690 0.029046 0.053762
v 0.007138 0.028661 0.042757
v 0.007138 0.028661 0.042757
v 0.008103 0.028241 0.045890
v 0.008103 0.028241 0.045890
v 0.010413 0.025849 0.044399
v 0.010413 0.025849 0.044399
v 0.010413 0.025849 0.044399
v 0.010666 0.025570 0.046507
v 0.010666 0.025570 0.046507
v 0.013155 0.022719 0.047627
v 0.013155 0.022719 0.047627
v 0.013155 0.022719 0.047627
v 0.013155 0.022719 0.047627
v 0.014212 0.020702 0.040993
v 0.015473 0.019274 0.045191
v 0.015473 0.019274 0.045191
v 0.009107 0.027185 0.049403
v 0.009107 0.027185 0.049403
v 0.009107 0.027185 0.049403
v 0.011338 0.025330 0.052577
v 0.009372 0.027546 0.056135
v 0.009372 0.027546 0.056135
v 0.013552 0.022522 0.053238
v 0.013552 0.022522 0.053238
v 0.014440 0.021204 0.051195
v 0.016024 0.018437 0.049187
v 0.016024 0.018437 0.049187
v 0.015860 0.019255 0.055931
v 0.015860 0.019255 0.055931
v 0.015860 0.019255 0.055931
v 0.014124 0.020256 0.031157
v 0.014124 0.020256 0.031157
v 0.015043 0.018450 0.030204
v 0.015043 0.018450 0.030204
v 0.015676 0.017747 0.031420
v 0.015676 0.017747 0.031420
v 0.014864 0.019517 0.036060
v 0.016593 0.016619 0.038573
v 0.016593 0.016619 0.038573
v 0.018987 0.011277 0.030094
v 0.018987 0.011277 0.030094
v 0.021301 0.010532 0.030209
v 0.020866 0.010518 0.031110
v 0.017690 0.013854 0.033756
v 0.017690 0.013854 0.033756
v 0.018246 0.011970 0.031989
v 0.018246 0.011970 0.031989
v 0.018246 0.011970 0.031989
v 0.018533 0.011429 0.034774
v 0.018533 0.011429 0.034774
v 0.018192 0.012176 0.035447
v 0.019132 0.010448 0.034093
v 0.019132 0.010448 0.034093
v 0.019132 0.010448 0.034093
v 0.019132 0.010448 0.034093
v 0.019076 0.010881 0.032756
v 0.019076 0.010881 0.032756
v 0.020738 0.010081 0.032681
v 0.020738 0.010081 0.032681
v 0.022817 0.010324 0.031622
v 0.022817 0.010324 0.031622
v 0.020545 0.009617 0.034018
v 0.020545 0.009617 0.034018
v 0.020545 0.009617 0.034018
v 0.020545 0.009617 0.034018
v 0.017874 0.013932 0.039113
v 0.017874 0.013932 0.039113
v 0.023785 0.010325 0.030121
v 0.024780 0.010299 0.032358
v 0.022126 0.009601 0.033532
v 0.024755 0.010132 0.033234
v 0.024755 0.010132 0.033234
v 0.028827 0.006833 0.028471
v 0.028827 0.006833 0.028471
v 0.031106 0.003186 0.030218
v 0.031200 0.006855 0.031287
v 0.033109 0.001347 0.032830
v 0.033109 0.001347 0.032830
v 0.027106 0.010495 0.033456
v 0.026784 0.010279 0.034432
v 0.026784 0.010279 0.034432
v 0.026784 0.010279 0.034432
v 0.026784 0.010279 0.034432
v 0.028727 0.010465 0.033470
v 0.028727 0.010465 0.033470
v 0.028727 0.010465 0.033470
v 0.028962 0.010569 0.034481
v 0.029325 0.010396 0.036718
v 0.029325 0.010396 0.036718
v 0.030188 0.010317 0.034016
v 0.030188 0.010317 0.034016
v 0.030958 0.010480 0.035261
v 0.031650 0.010654 0.036875
v 0.033373 0.010232 0.036914
v 0.033373 0.010232 0.036914
v 0.016347 0.017624 0.043744
v 0.017267 0.016655 0.055150
v 0.017267 0.016655 0.055150
v 0.018131 0.014614 0.051206
v 0.018131 0.014614 0.051206
v 0.018131 0.014614 0.051206
v 0.030662 0.010414 0.038149
v 0.032489 0.010791 0.039083
v 0.032489 0.010791 0.039083
v 0.034710 0.010859 0.040295
v 0.034710 0.010859 0.040295
v 0.037059 0.010111 0.040710
v 0.035330 0.009808 0.038288
v 0.033449 0.010759 0.040870
v 0.034048 0.010482 0.042583
v 0.034048 0.010482 0.042583
v 0.034740 0.010942 0.041801
v 0.034740 0.010942 0.041801
v 0.036178 0.010972 0.043328
v 0.037495 0.010727 0.042908
v 0.036525 0.010164 0.046573
v 0.034856 0.009956 0.044568
v 0.038156 0.011075 0.044748
v 0.037472 0.011009 0.045258
v 0.038872 0.011273 0.046553
v 0.038872 0.011273 0.046553
v 0.037902 0.010655 0.047694
v 0.037902 0.010655 0.047694
v 0.038404 0.010286 0.049332
v 0.038404 0.010286 0.049332
v 0.016775 -0.018628 0.047076
v 0.016159 -0.019134 0.042221
v 0.016159 -0.019134 0.042221
v 0.017642 -0.016485 0.044485
v 0.017642 -0.016485 0.044485
v 0.018825 -0.014132 0.048335
v 0.018825 -0.014132 0.048335
v 0.017444 -0.017886 0.055863
v 0.022412 -0.004445 0.036842
v 0.022412 -0.004445 0.036842
v 0.022048 -0.003003 0.037569
v 0.022048 -0.003003 0.037569
v 0.022048 -0.003003 0.037569
v 0.021364 -0.003901 0.037586
v 0.021364 -0.003901 0.037586
v 0.023493 -0.002925 0.037533
v 0.023359 -0.005012 0.036417
v 0.023359 -0.005012 0.036417
v 0.023359 -0.005012 0.036417
v 0.024833 -0.003810 0.037372
v 0.020330 -0.007299 0.035681
v 0.020883 -0.007867 0.033644
v 0.020883 -0.007867 0.033644
v 0.022422 -0.007161 0.034272
v 0.022422 -0.007161 0.034272
v 0.022422 -0.007161 0.034272
v 0.023033 -0.007782 0.033063
v 0.023033 -0.007782 0.033063
v 0.023033 -0.007782 0.033063
v 0.021266 -0.005115 0.036898
v 0.021266 -0.005115 0.036898
v 0.022559 -0.005903 0.035703
v 0.022559 -0.005903 0.035703
v 0.022559 -0.005903 0.035703
v 0.026094 -0.005282 0.036810
v 0.024310 -0.007421 0.033628
v 0.026410 -0.007894 0.032361
v 0.026410 -0.007894 0.032361
v 0.027659 -0.007748 0.032512
v 0.027659 -0.007748 0.032512
v 0.026539 -0.006117 0.036103
v 0.026539 -0.006117 0.036103
v 0.028474 -0.006708 0.036408
v 0.028474 -0.006708 0.036408
v 0.023444 0.001167 0.037989
v 0.023444 0.001167 0.037989
v 0.023444 0.001167 0.037989
v 0.022370 0.002805 0.038301
v 0.022370 0.002805 0.038301
v 0.022370 0.002805 0.038301
v 0.022390 0.000487 0.038336
v 0.022390 0.000487 0.038336
v 0.020862 -0.002771 0.038807
v 0.020862 -0.002771 0.038807
v 0.020862 -0.002771 0.038807
v 0.021425 -0.001015 0.038709
v 0.021425 -0.001015 0.038709
v 0.021425 -0.001015 0.038709
v 0.020902 -0.000776 0.039845
v 0.020902 -0.000776 0.039845
v 0.021655 -0.002318 0.038198
v 0.022218 -0.001652 0.038126
v 0.022218 -0.001652 0.038126
v 0.022218 -0.001652 0.038126
v 0.022218 -0.001652 0.038126
v 0.025361 -0.002414 0.037999
v 0.025361 -0.002414 0.037999
v 0.025685 -0.001091 0.038439
v 0.025685 -0.001091 0.038439
v 0.024412 -0.000289 0.038137
v 0.024412 -0.000289 0.038137
v 0.026823 -0.002450 0.038551
v 0.026823 -0.002450 0.038551
v 0.026823 -0.002450 0.038551
v 0.026823 -0.002450 0.038551
v 0.028517 0.000944 0.040402
v 0.028517 0.000944 0.040402
v 0.025924 0.001154 0.038694
v 0.027323 -0.001708 0.039068
v 0.027323 -0.001708 0.039068
v 0.026904 -0.004494 0.037624
v 0.026904 -0.004494 0.037624
v 0.028062 -0.003969 0.038566
v 0.028062 -0.003969 0.038566
v 0.028062 -0.003969 0.038566
v 0.028279 -0.005341 0.037722
v 0.028279 -0.005341 0.037722
v 0.018312 -0.014584 0.041509
v 0.018312 -0.014584 0.041509
v 0.018312 -0.014584 0.041509
v 0.018312 -0.014584 0.041509
v 0.019438 -0.010058 0.038354
v 0.019987 -0.008712 0.041838
v 0.019987 -0.008712 0.041838
v 0.017172 -0.016897 0.039698
v 0.019486 -0.011795 0.045995
v 0.019486 -0.011795 0.045995
v 0.020306 -0.010450 0.055681
v 0.020306 -0.010450 0.055681
v 0.020306 -0.010450 0.055681
v 0.019152 -0.014143 0.055356
v 0.019711 -0.013317 0.061644
v 0.018344 -0.016901 0.061240
v 0.018344 -0.016901 0.061240
v 0.035003 0.003430 0.035173
v 0.036252 -0.001188 0.036447
v 0.036252 -0.001188 0.036447
v 0.037003 0.008154 0.038999
v 0.037003 0.008154 0.038999
v 0.040643 0.007354 0.043064
v 0.036891 0.006434 0.038049
v 0.036891 0.006434 0.038049
v 0.036891 0.006434 0.038049
v 0.038703 0.003739 0.039780
v 0.038703 0.003739 0.039780
v 0.039416 0.000734 0.040585
v 0.041645 0.003909 0.043498
v 0.041645 0.003909 0.043498
v 0.042249 0.000060 0.044099
v 0.041433 -0.001940 0.042903
v 0.041433 -0.001940 0.042903
v 0.040860 0.009410 0.044610
v 0.040860 0.009410 0.044610
v 0.040571 0.010872 0.046535
v 0.040571 0.010872 0.046535
v 0.040865 0.010210 0.045497
v 0.040435 0.011175 0.047872
v 0.040435 0.011175 0.047872
v 0.040074 0.011202 0.048851
v 0.044285 0.009424 0.049106
v 0.042482 0.007580 0.045700
v 0.042482 0.007580 0.045700
v 0.043558 0.007279 0.046863
v 0.043558 0.007279 0.046863
v 0.043754 0.002611 0.046154
v 0.043754 0.002611 0.046154
v 0.043803 0.000459 0.046236
v 0.042778 0.004977 0.045373
v 0.042778 0.004977 0.045373
v 0.042778 0.004977 0.045373
v 0.037358 -0.002962 0.038131
v 0.035403 -0.004165 0.035895
v 0.035403 -0.004165 0.035895
v 0.039050 -0.001593 0.039626
v 0.038640 -0.003817 0.039838
v 0.039279 -0.003075 0.040559
v 0.041269 -0.004450 0.043323
v 0.041269 -0.004450 0.043323
v 0.039115 -0.005587 0.041189
v 0.039115 -0.005587 0.041189
v 0.037212 -0.006711 0.045036
v 0.037212 -0.006711 0.045036
v 0.038241 -0.007015 0.044986
v 0.038241 -0.007015 0.044986
v 0.037812 -0.006197 0.046855
v 0.041978 -0.006015 0.045476
v 0.038562 -0.006600 0.041612
v 0.038562 -0.006600 0.041612
v 0.038954 -0.006770 0.047099
v 0.039982 -0.007020 0.046400
v 0.040348 -0.006782 0.048382
v 0.040348 -0.006782 0.048382
v 0.040104 -0.005927 0.050190
v 0.040888 -0.006693 0.049604
v 0.043523 -0.001453 0.045416
v 0.043523 -0.001453 0.045416
v 0.043523 -0.001453 0.045416
v 0.044449 -0.001553 0.046968
v 0.043397 -0.003028 0.045937
v 0.043397 -0.003028 0.045937
v 0.045325 -0.002668 0.048305
v 0.045325 -0.002668 0.048305
v 0.044242 -0.005052 0.047615
v 0.046207 0.000598 0.049602
v 0.045489 0.001509 0.048534
v 0.046254 -0.003593 0.050220
v 0.046069 -0.004945 0.050106
v 0.041777 -0.006867 0.049613
v 0.044913 -0.005959 0.049573
v 0.043171 -0.006932 0.050473
v 0.042143 -0.006760 0.047363
v 0.045827 -0.006623 0.052699
v 0.042547 -0.006769 0.051402
v 0.042547 -0.006769 0.051402
v 0.042743 -0.006395 0.052729
v 0.042743 -0.006395 0.052729
v -0.016255 0.029664 0.001781
v -0.014420 0.030135 0.001486
v -0.014420 0.030135 0.001486
v -0.014664 0.029021 0.002606
v -0.014664 0.029021 0.002606
v -0.011877 0.028994 0.001909
v -0.011877 0.028994 0.001909
v -0.012580 0.025938 0.004404
v -0.012580 0.025938 0.004404
v -0.010636 0.023487 0.004932
v -0.008703 0.025000 0.004395
v -0.008703 0.025000 0.004395
v -0.009862 0.026044 0.003950
v -0.009862 0.026044 0.003950
v -0.005819 0.022929 0.004857
v -0.005819 0.022929 0.004857
v -0.007944 0.025805 0.003934
v -0.006083 0.024703 0.004099
v -0.005858 0.026660 0.002930
v -0.005858 0.026660 0.002930
v -0.005858 0.026660 0.002930
v -0.005394 0.023608 0.004645
v -0.001863 0.023141 0.003985
v 0.000501 0.023566 0.002559
v 0.003541 0.021884 0.002025
v 0.003541 0.021884 0.002025
v 0.005696 0.018845 0.002584
v 0.005696 0.018845 0.002584
v -0.016658 0.019452 0.011312
v -0.016658 0.019452 0.011312
v -0.016658 0.019452 0.011312
v -0.016658 0.019452 0.011312
v -0.016658 0.019452 0.011312
v -0.016658 0.019452 0.011312
v -0.014600 0.017693 0.011761
v -0.014600 0.017693 0.011761
v -0.017636 0.013458 0.011575
v -0.017636 0.013458 0.011575
v -0.012139 0.016506 0.011236
v -0.012139 0.016506 0.011236
v -0.021782 0.000724 0.011332
v -0.016570 0.007691 0.011302
v -0.015654 -0.002870 0.011143
v -0.011415 0.010405 0.011331
v -0.012606 -0.000007 0.011558
v -0.012606 -0.000007 0.011558
v 0.001645 0.018570 0.004736
v -0.000773 0.021844 0.004275
v 0.005712 0.012778 0.004853
v 0.005712 0.012778 0.004853
v -0.004239 0.003251 0.011891
v -0.004239 0.003251 0.011891
v -0.009318 -0.004609 0.011775
v -0.009318 -0.004609 0.011775
v -0.005673 -0.005859 0.011629
v -0.005673 -0.005859 0.011629
v -0.005673 -0.005859 0.011629
v 0.002590 0.002272 0.011546
v -0.028649 -0.022996 0.004465
v -0.028649 -0.022996 0.004465
v -0.028352 -0.024591 0.003974
v -0.024585 -0.026454 0.003797
v -0.024585 -0.026454 0.003797
v -0.024585 -0.026454 0.003797
v -0.024585 -0.026454 0.003797
v -0.021713 -0.024457 0.004711
v -0.021713 -0.024457 0.004711
v -0.020881 -0.027135 0.004054
v -0.026853 -0.017692 0.010814
v -0.026853 -0.017692 0.010814
v -0.029302 -0.023487 0.010672
v -0.029302 -0.023487 0.010672
v -0.023344 -0.018218 0.010873
v -0.023344 -0.018218 0.010873
v -0.022016 -0.021965 0.010908
v -0.022016 -0.021965 0.010908
v -0.015614 -0.026998 0.004164
v -0.003207 -0.020487 0.005048
v -0.011332 -0.026087 0.004424
v -0.011332 -0.026087 0.004424
v -0.006506 -0.023864 0.004710
v -0.010430 -0.027385 0.003688
v -0.007615 -0.025478 0.004265
v -0.019908 -0.015311 0.011045
v -0.019908 -0.015311 0.011045
v -0.017133 -0.017646 0.011677
v -0.019506 -0.017995 0.010952
v -0.019506 -0.017995 0.010952
v -0.019506 -0.017995 0.010952
v -0.018824 -0.020216 0.011201
v -0.013243 -0.017178 0.011702
v -0.013243 -0.017178 0.011702
v -0.008192 -0.012977 0.011784
v -0.008192 -0.012977 0.011784
v -0.001955 -0.008157 0.011824
v -0.001955 -0.008157 0.011824
v -0.001955 -0.008157 0.011824
v -0.005627 -0.012569 0.011771
v -0.005627 -0.012569 0.011771
v -0.007585 -0.014309 0.011707
v -0.007585 -0.014309 0.011707
v -0.005917 -0.014555 0.011153
v -0.005917 -0.014555 0.011153
v -0.005917 -0.014555 0.011153
v -0.004310 -0.013294 0.011532
v -0.004310 -0.013294 0.011532
v -0.004310 -0.013294 0.011532
v 0.001219 -0.007152 0.011397
v 0.001219 -0.007152 0.011397
v -0.009448 -0.016171 0.011710
v -0.011548 -0.020519 0.011073
v -0.011548 -0.020519 0.011073
v -0.011548 -0.020519 0.011073
v -0.010512 -0.017339 0.011525
v -0.010512 -0.017339 0.011525
v -0.010512 -0.017339 0.011525
v -0.014527 -0.020653 0.011036
v -0.014527 -0.020653 0.011036
v -0.016870 -0.019208 0.011570
v -0.017810 -0.027074 0.010921
v -0.017810 -0.027074 0.010921
v -0.015128 -0.024497 0.010993
v -0.015128 -0.024497 0.010993
v -0.014424 -0.026157 0.011215
v -0.014424 -0.026157 0.011215
v -0.014424 -0.026157 0.011215
v -0.014424 -0.026157 0.011215
v -0.012959 -0.025481 0.011004
v -0.012959 -0.025481 0.011004
v -0.008659 -0.017169 0.011137
v -0.008659 -0.017169 0.011137
v -0.005935 -0.019582 0.011168
v -0.005935 -0.019582 0.011168
v -0.005935 -0.019582 0.011168
v -0.005143 -0.025957 0.011112
v -0.009581 -0.027638 0.011065
v -0.003513 -0.014473 0.011534
v -0.003513 -0.014473 0.011534
v 0.004716 0.016747 0.004252
v 0.004716 0.016747 0.004252
v 0.009940 0.012219 0.002923
v 0.007709 0.005119 0.005106
v 0.007709 0.005119 0.005106
v 0.008278 0.007588 0.004803
v 0.008278 0.007588 0.004803
v 0.008278 0.007588 0.004803
v 0.008712 0.011395 0.003957
v 0.008712 0.011395 0.003957
v 0.008712 0.011395 0.003957
v 0.011521 0.009077 0.002766
v 0.011521 0.009077 0.002766
v 0.009784 0.006846 0.004286
v 0.009784 0.006846 0.004286
v 0.010573 0.002068 0.004488
v 0.010573 0.002068 0.004488
v 0.009123 -0.001985 0.004847
v 0.009123 -0.001985 0.004847
v 0.006710 -0.002625 0.005274
v 0.008754 -0.006436 0.004810
v 0.008754 -0.006436 0.004810
v 0.010912 -0.000822 0.004142
v 0.010912 -0.000822 0.004142
v 0.010601 -0.003590 0.004345
v 0.013127 0.002322 0.002773
v 0.013127 0.002322 0.002773
v -0.001062 -0.022036 0.004388
v -0.001062 -0.022036 0.004388
v -0.001062 -0.022036 0.004388
v -0.009129 -0.028776 0.002399
v -0.000117 -0.024546 0.002726
v -0.000117 -0.024546 0.002726
v -0.003914 -0.024602 0.003796
v 0.007251 -0.010684 0.004798
v 0.007251 -0.010684 0.004798
v 0.006441 -0.014064 0.004439
v 0.003572 -0.018096 0.004388
v 0.003572 -0.018096 0.004388
v 0.002452 -0.005336 0.011218
v 0.002452 -0.005336 0.011218
v 0.001210 -0.003735 0.011754
v 0.001210 -0.003735 0.011754
v 0.003224 -0.007713 0.011272
v 0.003224 -0.007713 0.011272
v 0.004232 -0.004501 0.011460
v 0.004232 -0.004501 0.011460
v -0.000572 -0.013529 0.011187
v -0.000572 -0.013529 0.011187
v -0.000572 -0.013529 0.011187
v -0.002060 -0.016015 0.011209
v 0.000593 -0.010964 0.011480
v 0.000593 -0.010964 0.011480
v 0.000593 -0.010964 0.011480
v 0.000593 -0.010964 0.011480
v 0.000593 -0.010964 0.011480
v 0.002984 -0.011567 0.011259
v 0.002984 -0.011567 0.011259
v 0.003337 -0.015186 0.011230
v 0.009316 -0.009400 0.004161
v 0.007302 -0.006524 0.011201
v 0.007302 -0.006524 0.011201
v 0.007302 -0.006524 0.011201
v 0.005366 -0.017097 0.011167
v 0.005366 -0.017097 0.011167
v 0.009022 -0.013581 0.011446
v 0.005551 -0.019025 0.011350
v 0.009282 -0.010780 0.011289
v 0.010482 -0.012605 0.012019
v 0.010482 -0.012605 0.012019
v 0.008153 -0.016875 0.011942
v 0.008153 -0.016875 0.011942
v 0.008963 -0.016374 0.012497
v 0.008963 -0.016374 0.012497
v 0.000956 -0.019856 0.004567
v -0.000059 -0.022668 0.011191
v -0.000059 -0.022668 0.011191
v 0.000352 -0.023547 0.011348
v 0.000352 -0.023547 0.011348
v -0.002678 -0.026511 0.011798
v -0.002678 -0.026511 0.011798
v -0.006004 -0.028379 0.011998
v -0.006004 -0.028379 0.011998
v -0.001012 -0.026459 0.012776
v 0.005462 -0.016938 0.004070
v -0.004495 -0.017106 0.011264
v 0.001511 -0.018483 0.011214
v 0.001511 -0.018483 0.011214
v 0.001511 -0.018483 0.011214
v 0.003262 -0.016981 0.011457
v 0.003615 -0.019957 0.011189
v 0.001553 -0.023504 0.011643
v 0.001553 -0.023504 0.011643
v 0.001553 -0.023504 0.011643
v 0.001553 -0.023504 0.011643
v 0.001511 -0.024432 0.012271
v 0.001511 -0.024432 0.012271
v 0.000905 -0.025717 0.013611
v -0.001886 -0.027426 0.014091
v 0.001083 -0.026243 0.017681
v 0.001083 -0.026243 0.017681
v 0.005223 -0.020082 0.011605
v 0.005223 -0.020082 0.011605
v 0.004567 -0.020818 0.011397
v 0.004567 -0.020818 0.011397
v 0.003006 -0.021440 0.011408
v 0.003941 -0.021580 0.011799
v 0.003941 -0.021580 0.011799
v 0.004839 -0.021881 0.012927
v 0.003341 -0.022895 0.012326
v 0.006044 -0.020210 0.012311
v 0.006044 -0.020210 0.012311
v 0.006044 -0.020210 0.012311
v 0.007381 -0.019008 0.012966
v 0.007381 -0.019008 0.012966
v 0.005793 -0.021388 0.013903
v 0.005793 -0.021388 0.013903
v 0.009038 -0.017712 0.014436
v 0.003153 -0.024235 0.014202
v 0.006770 -0.020987 0.016439
v 0.003377 -0.024478 0.016278
v 0.003377 -0.024478 0.016278
v 0.009787 -0.012599 0.003321
v -0.012179 0.026594 0.011136
v -0.012179 0.026594 0.011136
v -0.015063 0.028536 0.011432
v -0.015063 0.028536 0.011432
v -0.013296 0.029517 0.012530
v -0.013296 0.029517 0.012530
v -0.013296 0.029517 0.012530
v -0.011669 0.028487 0.011604
v -0.011669 0.028487 0.011604
v -0.012101 0.029940 0.013557
v -0.011778 0.029495 0.012494
v -0.011778 0.029495 0.012494
v -0.010173 0.026328 0.011102
v -0.010173 0.026328 0.011102
v -0.009533 0.027354 0.011371
v -0.008305 0.027875 0.011830
v -0.008305 0.027875 0.011830
v -0.006677 0.027913 0.012401
v -0.006677 0.027913 0.012401
v -0.006872 0.026871 0.011525
v -0.006872 0.026871 0.011525
v -0.004401 0.025174 0.011413
v -0.004107 0.026646 0.012149
v -0.012529 0.030294 0.014951
v -0.012529 0.030294 0.014951
v -0.009750 0.029657 0.014490
v -0.009750 0.029657 0.014490
v -0.008467 0.028854 0.013090
v -0.011074 0.030240 0.017698
v -0.005469 0.028800 0.019129
v -0.005469 0.028800 0.019129
v -0.006020 0.028242 0.013583
v -0.006020 0.028242 0.013583
v -0.006020 0.028242 0.013583
v -0.003207 0.026647 0.012668
v -0.003655 0.027915 0.018066
v -0.003031 0.027176 0.014275
v -0.002151 0.025266 0.011885
v -0.001899 0.024565 0.011600
v 0.000293 0.024850 0.013349
v 0.000092 0.024397 0.012393
v 0.002310 0.023047 0.012810
v 0.002310 0.023047 0.012810
v 0.002310 0.023047 0.012810
v 0.000967 0.025108 0.016432
v 0.000967 0.025108 0.016432
v -0.009894 0.030334 0.021621
v -0.009894 0.030334 0.021621
v -0.007626 0.030194 0.026604
v -0.007626 0.030194 0.026604
v -0.012759 0.022141 0.011171
v -0.012759 0.022141 0.011171
v -0.012759 0.022141 0.011171
v -0.012759 0.022141 0.011171
v -0.016209 0.020823 0.011139
v -0.014070 0.019694 0.011677
v -0.014070 0.019694 0.011677
v -0.009682 0.024651 0.011097
v -0.009682 0.024651 0.011097
v -0.010013 0.021354 0.011298
v -0.010013 0.021354 0.011298
v -0.012625 0.019823 0.011587
v -0.007399 0.018798 0.011209
v -0.007958 0.020597 0.011134
v -0.007958 0.020597 0.011134
v -0.005426 0.022690 0.011220
v -0.005426 0.022690 0.011220
v -0.005100 0.015804 0.011612
v -0.005100 0.015804 0.011612
v 0.001167 0.020944 0.011340
v 0.001167 0.020944 0.011340
v -0.000615 0.018512 0.011287
v -0.001924 0.015677 0.011347
v 0.004583 0.014402 0.011340
v 0.004583 0.014402 0.011340
v 0.002966 0.011130 0.011355
v 0.002966 0.011130 0.011355
v 0.000511 0.010410 0.011941
v 0.000511 0.010410 0.011941
v 0.002204 0.022579 0.012132
v 0.002204 0.022579 0.012132
v 0.002602 0.023515 0.014472
v 0.003515 0.020454 0.011776
v 0.004844 0.021276 0.013762
v 0.005567 0.019665 0.012605
v 0.005567 0.019665 0.012605
v 0.005171 0.018988 0.011807
v 0.005838 0.020494 0.014439
v 0.005838 0.020494 0.014439
v 0.005736 0.016975 0.011560
v 0.005736 0.016975 0.011560
v 0.005959 0.018222 0.011980
v 0.006856 0.019342 0.013612
v 0.006856 0.019342 0.013612
v 0.007248 0.017625 0.012359
v 0.005390 0.021470 0.017332
v 0.003767 0.022947 0.016716
v 0.003767 0.022947 0.016716
v 0.007010 0.019758 0.014718
v 0.007103 0.019829 0.015492
v 0.001371 0.003153 0.011604
v 0.003314 0.008584 0.011245
v 0.003314 0.008584 0.011245
v 0.003314 0.008584 0.011245
v 0.003314 0.008584 0.011245
v 0.004706 0.022545 0.022648
v 0.004706 0.022545 0.022648
v 0.006708 0.020251 0.019903
v 0.008104 0.019201 0.024876
v 0.008104 0.019201 0.024876
v 0.005240 0.022759 0.027936
v 0.011009 0.015097 0.026069
v 0.011009 0.015097 0.026069
v 0.009430 0.017805 0.027401
v 0.005944 0.014704 0.011342
v 0.005944 0.014704 0.011342
v 0.008553 0.005164 0.011301
v 0.008553 0.005164 0.011301
v 0.008553 0.005164 0.011301
v 0.008553 0.005164 0.011301
v 0.008013 0.013170 0.011501
v 0.008013 0.013170 0.011501
v 0.010703 0.007700 0.011523
v 0.006556 0.016961 0.011687
v 0.006556 0.016961 0.011687
v 0.009847 0.012650 0.012007
v 0.008870 0.016056 0.013057
v 0.008130 0.017913 0.014228
v 0.008130 0.017913 0.014228
v 0.009998 0.014937 0.014502
v 0.009998 0.014937 0.014502
v 0.009998 0.014937 0.014502
v 0.009455 0.016369 0.017125
v 0.011103 0.011620 0.012881
v 0.011103 0.011620 0.012881
v 0.010675 0.010055 0.011762
v 0.010675 0.010055 0.011762
v 0.011356 0.011907 0.013983
v 0.012341 0.010582 0.017593
v 0.012047 0.007742 0.012168
v 0.012047 0.007742 0.012168
v 0.012556 0.007603 0.012948
v 0.002958 0.005563 0.011542
v 0.003107 0.003708 0.011228
v 0.003107 0.003708 0.011228
v 0.004337 0.005328 0.011331
v 0.004762 0.000684 0.011235
v 0.004762 0.000684 0.011235
v 0.003485 -0.003027 0.011691
v 0.010741 -0.003665 0.011308
v 0.010741 -0.003665 0.011308
v 0.010741 -0.003665 0.011308
v 0.010741 -0.003665 0.011308
v 0.010496 0.003249 0.011307
v 0.010496 0.003249 0.011307
v 0.011921 0.006312 0.011836
v 0.012766 0.002100 0.011940
v 0.012766 0.002100 0.011940
v 0.013045 0.004513 0.012615
v 0.013045 0.004513 0.012615
v 0.011361 0.002071 0.011322
v 0.013360 0.001649 0.012538
v 0.011189 0.000852 0.011375
v 0.011189 0.000852 0.011375
v 0.011189 0.000852 0.011375
v 0.012610 -0.000009 0.011651
v 0.012610 -0.000009 0.011651
v 0.012610 -0.000009 0.011651
v 0.012608 -0.001459 0.011847
v 0.012608 -0.001459 0.011847
v 0.012608 -0.001459 0.011847
v 0.013165 -0.000021 0.012224
v 0.013165 -0.000021 0.012224
v 0.013685 -0.001701 0.013308
v 0.013685 -0.001701 0.013308
v 0.012269 -0.004175 0.011703
v 0.012269 -0.004175 0.011703
v 0.013469 -0.004149 0.012735
v 0.013469 -0.004149 0.012735
v 0.013469 -0.004149 0.012735
v 0.012650 0.008453 0.014212
v 0.013582 0.005180 0.014713
v 0.013582 0.005180 0.014713
v 0.013842 0.001130 0.013729
v 0.014080 -0.001094 0.015016
v 0.014238 -0.002470 0.015280
v 0.014219 0.001454 0.016531
v 0.014110 -0.002754 0.014163
v 0.013984 -0.004541 0.014222
v 0.013984 -0.004541 0.014222
v 0.013984 -0.004541 0.014222
v 0.013984 -0.004541 0.014222
v 0.014160 -0.005321 0.018362
v 0.014160 -0.005321 0.018362
v 0.014160 -0.005321 0.018362
v 0.014160 -0.005321 0.018362
v 0.008279 0.018266 0.020241
v 0.008279 0.018266 0.020241
v 0.011169 0.013335 0.018389
v 0.011169 0.013335 0.018389
v 0.012301 0.011610 0.023743
v 0.012301 0.011610 0.023743
v 0.011162 0.014357 0.024586
v 0.012927 0.010974 0.026954
v 0.012922 0.011470 0.030228
v 0.023883 0.007958 0.024004
v 0.024114 0.008426 0.024783
v 0.024922 0.009478 0.027096
v 0.011033 -0.008308 0.011524
v 0.012225 -0.007823 0.012086
v 0.010570 -0.014473 0.013587
v 0.010570 -0.014473 0.013587
v 0.010266 -0.016305 0.017710
v 0.010266 -0.016305 0.017710
v 0.010266 -0.016305 0.017710
v 0.011527 -0.013116 0.015962
v 0.011527 -0.013116 0.015962
v 0.011757 -0.013785 0.018416
v 0.011757 -0.013785 0.018416
v 0.001233 -0.026253 0.020120
v 0.001233 -0.026253 0.020120
v 0.003222 -0.024968 0.021040
v 0.003222 -0.024968 0.021040
v 0.011686 -0.010877 0.012678
v 0.013224 -0.007258 0.013630
v 0.013224 -0.007258 0.013630
v 0.013432 -0.007325 0.014653
v 0.012401 -0.010679 0.014278
v 0.014681 -0.001677 0.025379
v 0.014253 -0.004413 0.021077
v 0.014253 -0.004413 0.021077
v 0.014302 -0.006192 0.024825
v 0.014302 -0.006192 0.024825
v 0.014604 -0.005806 0.026546
v 0.014604 -0.005806 0.026546
v 0.014604 -0.005806 0.026546
v 0.014045 -0.008803 0.025948
v 0.015205 -0.001934 0.030691
v 0.014442 0.001439 0.022617
v 0.013274 -0.011476 0.027308
v 0.013274 -0.011476 0.027308
v 0.013274 -0.011476 0.027308
v 0.011733 -0.014079 0.022749
v 0.012536 -0.013183 0.026197
v 0.025742 -0.007328 0.027362
v 0.026844 -0.005248 0.026370
v 0.026844 -0.005248 0.026370
v 0.026844 -0.005248 0.026370
v 0.026844 -0.005248 0.026370
v 0.026844 -0.005248 0.026370
v 0.026850 -0.006359 0.027364
v 0.030834 -0.005649 0.031140
v 0.030834 -0.005649 0.031140
v 0.030834 -0.005649 0.031140
v 0.028736 -0.006431 0.029594
v 0.028736 -0.006431 0.029594
v 0.028065 -0.007225 0.030443
v 0.028065 -0.007225 0.030443
v -0.007813 0.030421 0.040030
v 0.010434 0.017870 0.044676
v 0.010434 0.017870 0.044676
v 0.011074 0.016456 0.040089
v 0.012615 0.012889 0.040469
v 0.013170 0.011955 0.044669
v 0.013170 0.011955 0.044669
v 0.009511 0.018319 0.047805
v 0.009511 0.018319 0.047805
v 0.009511 0.018319 0.047805
v 0.012912 0.011692 0.047908
v 0.008543 0.021025 0.051887
v 0.008543 0.021025 0.051887
v 0.008543 0.021025 0.051887
v 0.008154 0.020966 0.047363
v 0.011868 0.014298 0.050426
v 0.010795 0.017379 0.053206
v 0.010795 0.017379 0.053206
v 0.009727 0.019430 0.053806
v 0.013951 0.010390 0.050001
v 0.013951 0.010390 0.050001
v 0.012703 0.014354 0.053642
v 0.012703 0.014354 0.053642
v 0.012703 0.014354 0.053642
v 0.012703 0.014354 0.053642
v 0.011708 0.014550 0.031749
v 0.011708 0.014550 0.031749
v 0.019684 0.009448 0.035320
v 0.021023 0.008987 0.034632
v 0.021023 0.008987 0.034632
v 0.021023 0.008987 0.034632
v 0.021023 0.008987 0.034632
v 0.011767 0.015102 0.036937
v 0.019310 0.009245 0.036683
v 0.019310 0.009245 0.036683
v 0.018835 0.011206 0.039590
v 0.018835 0.011206 0.039590
v 0.020344 0.007284 0.037085
v 0.020344 0.007284 0.037085
v 0.022687 0.008228 0.035450
v 0.022687 0.008228 0.035450
v 0.022687 0.008228 0.035450
v 0.019919 0.006863 0.039408
v 0.019919 0.006863 0.039408
v 0.021827 0.007357 0.036256
v 0.021827 0.007357 0.036256
v 0.021699 0.006634 0.036818
v 0.020801 0.006155 0.037797
v 0.020801 0.006155 0.037797
v 0.020611 0.005679 0.038441
v 0.020611 0.005679 0.038441
v 0.021272 0.004691 0.038286
v 0.022373 0.004675 0.037828
v 0.022373 0.004675 0.037828
v 0.022373 0.004675 0.037828
v 0.022373 0.004675 0.037828
v 0.022373 0.004675 0.037828
v 0.020782 0.003308 0.039503
v 0.020782 0.003308 0.039503
v 0.020782 0.003308 0.039503
v 0.021545 0.002473 0.038789
v 0.021545 0.002473 0.038789
v 0.021545 0.002473 0.038789
v 0.021545 0.002473 0.038789
v 0.019387 0.009896 0.041429
v 0.019387 0.009896 0.041429
v 0.020421 0.004833 0.040002
v 0.020507 0.004667 0.043440
v 0.020507 0.004667 0.043440
v 0.025007 0.009907 0.028470
v 0.026030 0.008973 0.027398
v 0.027240 0.008860 0.028004
v 0.025817 0.010229 0.030035
v 0.025817 0.010229 0.030035
v 0.027392 0.010074 0.030704
v 0.026860 0.010236 0.031493
v 0.026860 0.010236 0.031493
v 0.028537 0.008412 0.029282
v 0.028337 0.009673 0.030762
v 0.029952 0.009728 0.032161
v 0.029952 0.009728 0.032161
v 0.029952 0.009728 0.032161
v 0.030147 0.007995 0.030793
v 0.030915 0.008146 0.032066
v 0.024417 0.009505 0.034500
v 0.024417 0.009505 0.034500
v 0.024337 0.008575 0.035558
v 0.026330 0.008779 0.036562
v 0.026978 0.009942 0.035443
v 0.026978 0.009942 0.035443
v 0.029477 0.009938 0.038031
v 0.029477 0.009938 0.038031
v 0.029477 0.009938 0.038031
v 0.027899 0.008461 0.038296
v 0.027899 0.008461 0.038296
v 0.026135 0.007668 0.037269
v 0.029510 0.009181 0.039297
v 0.023180 0.006463 0.036878
v 0.023180 0.006463 0.036878
v 0.023180 0.006463 0.036878
v 0.023607 0.005136 0.037580
v 0.023607 0.005136 0.037580
v 0.024335 0.006614 0.036976
v 0.024335 0.006614 0.036976
v 0.025123 0.005721 0.037751
v 0.023034 0.003552 0.038057
v 0.023034 0.003552 0.038057
v 0.023034 0.003552 0.038057
v 0.024787 0.003501 0.038178
v 0.024787 0.003501 0.038178
v 0.024023 0.002848 0.038089
v 0.024023 0.002848 0.038089
v 0.024023 0.002848 0.038089
v 0.026324 0.005973 0.038290
v 0.025779 0.004864 0.038307
v 0.025779 0.004864 0.038307
v 0.027480 0.005319 0.039380
v 0.027480 0.005319 0.039380
v 0.027480 0.005319 0.039380
v 0.027480 0.005319 0.039380
v 0.027480 0.005319 0.039380
v 0.027480 0.005319 0.039380
v 0.029787 0.006908 0.041064
v 0.029787 0.006908 0.041064
v 0.025486 0.003251 0.038428
v 0.025486 0.003251 0.038428
v 0.025486 0.003251 0.038428
v 0.025486 0.003251 0.038428
v 0.027456 0.002547 0.039659
v 0.029509 0.003629 0.041581
v 0.029509 0.003629 0.041581
v 0.031282 0.009331 0.033301
v 0.031282 0.009331 0.033301
v 0.032111 0.009722 0.034391
v 0.032642 0.007461 0.033506
v 0.032642 0.007461 0.033506
v 0.033458 0.005895 0.033805
v 0.032338 0.008367 0.033914
v 0.032338 0.008367 0.033914
v 0.032338 0.008367 0.033914
v 0.033071 0.009596 0.035588
v 0.033071 0.009596 0.035588
v 0.018995 0.011618 0.045088
v 0.018995 0.011618 0.045088
v 0.014139 0.009996 0.040915
v 0.014139 0.009996 0.040915
v 0.019898 0.009379 0.048744
v 0.020201 0.007469 0.044662
v 0.020756 0.004221 0.046454
v 0.020756 0.004221 0.046454
v 0.020587 0.006055 0.049480
v 0.020587 0.006055 0.049480
v 0.020022 0.009267 0.052883
v 0.020022 0.009267 0.052883
v 0.020768 0.006358 0.052972
v 0.020768 0.006358 0.052972
v 0.031476 0.009906 0.040423
v 0.031476 0.009906 0.040423
v 0.031476 0.009906 0.040423
v 0.030692 0.008180 0.041423
v 0.031440 0.008859 0.041824
v 0.031440 0.008859 0.041824
v 0.033300 0.009677 0.042986
v 0.033300 0.009677 0.042986
v 0.030403 0.004499 0.042476
v 0.032719 0.006481 0.044504
v 0.032719 0.006481 0.044504
v 0.033401 0.007850 0.044724
v 0.032396 0.003746 0.044590
v 0.032396 0.003746 0.044590
v 0.032396 0.003746 0.044590
v 0.032396 0.003746 0.044590
v 0.034134 0.005174 0.046560
v 0.034134 0.005174 0.046560
v 0.034711 0.008942 0.045740
v 0.034711 0.008942 0.045740
v 0.034711 0.008942 0.045740
v 0.035698 0.007155 0.047913
v 0.036298 0.003462 0.049236
v 0.035795 0.009033 0.046862
v 0.037670 0.008973 0.049705
v 0.037670 0.008973 0.049705
v 0.036797 0.006015 0.049782
v 0.036797 0.006015 0.049782
v 0.036465 0.004562 0.049390
v 0.021301 0.000698 0.039124
v 0.021301 0.000698 0.039124
v 0.021301 0.000698 0.039124
v 0.020717 0.001225 0.040585
v 0.020757 0.000193 0.041137
v 0.020955 0.001302 0.045355
v 0.020955 0.001302 0.045355
v 0.020955 0.001302 0.045355
v 0.020955 0.001302 0.045355
v 0.020635 -0.002312 0.040180
v 0.020817 -0.004199 0.044428
v 0.020817 -0.004199 0.044428
v 0.020826 -0.006937 0.035445
v 0.020094 -0.006786 0.037720
v 0.021715 -0.007177 0.034925
v 0.021147 -0.005993 0.036051
v 0.021147 -0.005993 0.036051
v 0.021147 -0.005993 0.036051
v 0.021147 -0.005993 0.036051
v 0.021147 -0.005993 0.036051
v 0.024618 -0.006614 0.034501
v 0.024618 -0.006614 0.034501
v 0.024618 -0.006614 0.034501
v 0.023820 -0.005987 0.035610
v 0.020722 -0.005590 0.037107
v 0.020722 -0.005590 0.037107
v 0.020735 -0.003652 0.038691
v 0.020735 -0.003652 0.038691
v 0.020735 -0.003652 0.038691
v 0.020735 -0.003652 0.038691
v 0.029570 -0.006912 0.031462
v 0.029570 -0.006912 0.031462
v 0.025490 -0.007482 0.033883
v 0.025490 -0.007482 0.033883
v 0.025490 -0.007482 0.033883
v 0.027236 -0.007654 0.034217
v 0.027236 -0.007654 0.034217
v 0.030047 -0.007317 0.032994
v 0.030047 -0.007317 0.032994
v 0.028709 -0.007188 0.035798
v 0.028709 -0.007188 0.035798
v 0.028854 -0.007615 0.034456
v 0.030341 -0.007610 0.034576
v 0.030341 -0.007610 0.034576
v 0.031664 -0.007561 0.036385
v 0.031664 -0.007561 0.036385
v 0.023440 -0.000358 0.038064
v 0.023440 -0.000358 0.038064
v 0.023310 -0.001933 0.037840
v 0.020488 -0.004220 0.039792
v 0.020488 -0.004220 0.039792
v 0.029491 -0.002133 0.040627
v 0.030491 -0.004293 0.040584
v 0.030417 -0.005821 0.039138
v 0.030417 -0.005821 0.039138
v 0.031774 -0.007034 0.038536
v 0.031774 -0.007034 0.038536
v 0.032629 -0.004284 0.042984
v 0.034161 -0.004842 0.044253
v 0.033745 -0.006620 0.041636
v 0.033745 -0.006620 0.041636
v 0.033745 -0.006620 0.041636
v 0.033745 -0.006620 0.041636
v 0.020980 -0.007266 0.055734
v 0.020980 -0.007266 0.055734
v 0.021190 -0.001149 0.048989
v 0.021273 0.003397 0.055758
v 0.021395 -0.001989 0.053336
v 0.021395 -0.001989 0.053336
v 0.014739 -0.010401 0.045317
v 0.015422 -0.009308 0.050382
v 0.015422 -0.009308 0.050382
v 0.015822 -0.005896 0.047118
v 0.015822 -0.005896 0.047118
v 0.016046 -0.006561 0.052514
v 0.016046 -0.006561 0.052514
v 0.030865 0.000340 0.042560
v 0.030865 0.000340 0.042560
v 0.032375 -0.001549 0.043990
v 0.034609 0.000018 0.046915
v 0.034609 0.000018 0.046915
v 0.034609 0.000018 0.046915
v 0.035538 -0.002529 0.047241
v 0.046013 0.004741 0.049756
v 0.032245 -0.006831 0.034040
v 0.033464 -0.006470 0.034859
v 0.032660 -0.007383 0.036080
v 0.032660 -0.007383 0.036080
v 0.035737 -0.006562 0.037782
v 0.034493 -0.006920 0.036866
v 0.033117 -0.007440 0.038570
v 0.036420 -0.007154 0.040603
v 0.036420 -0.007154 0.040603
v 0.036420 -0.007154 0.040603
v 0.036420 -0.007154 0.040603
v 0.034715 -0.007319 0.039974
v 0.035170 -0.007187 0.041401
v 0.035359 -0.006489 0.043406
v 0.036040 -0.005564 0.045663
v 0.036040 -0.005564 0.045663
v 0.036040 -0.005564 0.045663
v 0.036600 -0.004988 0.046872
v 0.036600 -0.004988 0.046872
v 0.037867 -0.000814 0.050734
v 0.037867 -0.000814 0.050734
v 0.037437 -0.003786 0.048991
v 0.037871 -0.005310 0.048153
v 0.039474 -0.004531 0.050874
v 0.039474 -0.004531 0.050874
v 0.038562 -0.002919 0.050922
v 0.038562 -0.002919 0.050922
v 0.041691 -0.004916 0.053655
v 0.041691 -0.004916 0.053655
v -0.014892 0.027303 0.003601
v -0.014892 0.027303 0.003601
v -0.013443 0.028151 0.002968
v -0.013443 0.028151 0.002968
v -0.013443 0.028151 0.002968
v -0.012796 0.026916 0.003951
v -0.008649 0.027347 0.002697
v 0.001259 0.021329 0.003779
v 0.001259 0.021329 0.003779
v 0.001259 0.021329 0.003779
v 0.002975 0.018861 0.003995
v -0.030954 -0.025485 0.002729
v -0.030954 -0.025485 0.002729
v -0.023105 -0.023623 0.010768
v -0.023105 -0.023623 0.010768
v -0.023105 -0.023623 0.010768
v -0.013700 -0.028026 0.003572
v 0.006821 0.013936 0.004104
v 0.001249 -0.021458 0.003948
v 0.001249 -0.021458 0.003948
v 0.001249 -0.021458 0.003948
v -0.003740 0.028178 0.022207
v -0.001226 0.026576 0.020314
v -0.003665 0.028711 0.026435
v -0.008764 0.030968 0.035005
v -0.008764 0.030968 0.035005
v -0.002232 0.028432 0.032296
v -0.002232 0.028432 0.032296
v -0.000207 0.026819 0.026651
v -0.000207 0.026819 0.026651
v 0.002615 0.024351 0.022917
v 0.002615 0.024351 0.022917
v 0.009297 0.017282 0.022126
v 0.003187 0.024805 0.030005
v 0.003187 0.024805 0.030005
v 0.008256 0.020272 0.035509
v 0.013794 0.005469 0.017006
v 0.013794 0.005469 0.017006
v 0.014403 -0.001426 0.018722
v 0.014403 -0.001426 0.018722
v 0.012255 0.011338 0.018977
v 0.012255 0.011338 0.018977
v 0.011383 0.013459 0.021362
v 0.011383 0.013459 0.021362
v 0.012989 0.008855 0.020789
v 0.013939 0.005098 0.021318
v 0.013939 0.005098 0.021318
v 0.013561 0.008361 0.025020
v 0.014315 0.006726 0.029894
v 0.014315 0.006726 0.029894
v 0.015110 0.002738 0.031733
v 0.015110 0.002738 0.031733
v 0.013402 -0.008511 0.020240
v 0.013402 -0.008511 0.020240
v 0.013402 -0.008511 0.020240
v 0.014081 -0.006869 0.022599
v 0.012409 -0.012289 0.020914
v 0.012409 -0.012289 0.020914
v 0.013392 -0.010023 0.023647
v 0.008674 -0.018904 0.019192
v 0.008014 -0.020115 0.021774
v 0.008014 -0.020115 0.021774
v 0.005398 -0.023187 0.023021
v 0.010001 -0.018205 0.027611
v 0.010931 -0.016380 0.025535
v 0.006401 -0.022715 0.026582
v 0.008061 -0.020941 0.028124
v 0.008061 -0.020941 0.028124
v 0.013187 -0.009257 0.017833
v 0.013187 -0.009257 0.017833
v 0.012217 -0.012549 0.018052
v 0.014280 -0.008179 0.029979
v 0.014280 -0.008179 0.029979
v 0.014280 -0.008179 0.029979
v 0.014280 -0.008179 0.029979
v 0.015229 -0.003671 0.033538
v 0.013589 -0.011240 0.031075
v 0.013735 -0.011086 0.033838
v 0.013735 -0.011086 0.033838
v 0.014739 -0.008881 0.037503
v 0.014739 -0.008881 0.037503
v 0.015128 -0.006548 0.036930
v 0.015128 -0.006548 0.036930
v 0.015128 -0.006548 0.036930
v 0.011596 -0.015993 0.032563
v 0.006805 -0.022723 0.031372
v 0.010678 -0.018322 0.036698
v 0.010678 -0.018322 0.036698
v 0.008444 -0.021591 0.037382
v 0.008444 -0.021591 0.037382
v 0.013418 -0.012717 0.035770
v 0.013418 -0.012717 0.035770
v 0.013418 -0.012717 0.035770
v -0.004791 0.029656 0.033913
v -0.005376 0.030258 0.038779
v -0.005376 0.030258 0.038779
v -0.005376 0.030258 0.038779
v 0.001095 0.026588 0.033596
v 0.001095 0.026588 0.033596
v 0.000287 0.027523 0.040601
v -0.004267 0.029893 0.040000
v -0.004267 0.029893 0.040000
v -0.004267 0.029893 0.040000
v -0.004173 0.029669 0.043498
v -0.002085 0.028690 0.039946
v -0.000753 0.028312 0.045413
v 0.003912 0.024813 0.038452
v 0.003912 0.024813 0.038452
v 0.006285 0.022439 0.035890
v 0.006285 0.022439 0.035890
v 0.009680 0.018475 0.036882
v 0.009680 0.018475 0.036882
v 0.006683 0.022432 0.042847
v 0.003319 0.025456 0.042666
v 0.008696 0.020191 0.044134
v 0.008696 0.020191 0.044134
v -0.003286 0.030024 0.048605
v -0.003286 0.030024 0.048605
v 0.001614 0.027358 0.050892
v 0.001963 0.026808 0.047200
v 0.005314 0.024343 0.049773
v 0.005314 0.024343 0.049773
v 0.005314 0.024343 0.049773
v -0.001079 0.029210 0.054940
v 0.003080 0.026869 0.060729
v 0.006464 0.024078 0.062304
v 0.009065 0.019496 0.046324
v 0.009012 0.021050 0.059773
v 0.013580 0.012806 0.053354
v 0.013580 0.012806 0.053354
v 0.014658 0.009104 0.051799
v 0.011289 0.016853 0.056549
v 0.012793 0.015044 0.058412
v 0.012648 0.012886 0.034645
v 0.014086 0.009408 0.036428
v 0.014086 0.009408 0.036428
v 0.014957 0.005730 0.036796
v 0.014957 0.005730 0.036796
v 0.015332 0.001273 0.034682
v 0.015594 0.001611 0.037544
v 0.015594 0.001611 0.037544
v 0.015456 0.005453 0.043667
v 0.015456 0.005453 0.043667
v 0.014543 0.009208 0.046634
v 0.015201 0.007112 0.047431
v 0.015201 0.007112 0.047431
v 0.015515 -0.003247 0.035392
v 0.015640 -0.002598 0.038847
v 0.015640 -0.002598 0.038847
v 0.015333 -0.007662 0.042890
v 0.015333 -0.007662 0.042890
v 0.015333 -0.007662 0.042890
v 0.015333 -0.007662 0.042890
v 0.016160 0.002021 0.049276
v 0.015988 -0.003449 0.043840
v 0.013037 -0.014640 0.041837
v 0.009988 -0.019885 0.042243
v 0.009988 -0.019885 0.042243
v 0.011861 -0.017444 0.046624
v 0.011861 -0.017444 0.046624
v 0.013440 -0.014554 0.049359
v 0.013440 -0.014554 0.049359
v 0.012415 -0.017063 0.053074
v 0.012415 -0.017063 0.053074
v 0.015511 0.005681 0.049479
v 0.015511 0.005681 0.049479
v 0.016393 -0.000899 0.051266
v 0.015791 0.005607 0.053934
v 0.015443 0.008346 0.057727
v 0.016225 0.005085 0.058314
v 0.016113 -0.005986 0.056066
v 0.016113 -0.005986 0.056066
v 0.016850 -0.002219 0.060818
v 0.016654 0.001750 0.058967
v 0.015481 -0.009319 0.055912
v 0.015481 -0.009319 0.055912
v 0.014505 -0.012182 0.053591
v 0.014505 -0.012182 0.053591
v 0.013610 -0.015037 0.056696
v 0.016751 -0.005862 0.064085
v 0.016751 -0.005862 0.064085
v 0.015801 -0.009926 0.061492
v 0.014298 -0.013319 0.058620
v 0.014596 -0.013333 0.062345
v 0.014596 -0.013333 0.062345
v -0.031000 -0.031279 0.000192
v -0.031000 -0.031279 0.000192
v -0.031570 -0.032378 0.000473
v -0.031570 -0.032378 0.000473
v -0.031570 -0.032378 0.000473
v -0.027902 -0.033489 0.000368
v -0.027902 -0.033489 0.000368
v -0.029680 -0.029926 0.000319
v -0.029680 -0.029926 0.000319
v -0.030234 -0.028146 0.001052
v -0.030234 -0.028146 0.001052
v -0.030234 -0.028146 0.001052
v -0.033469 -0.032417 0.002611
v -0.033469 -0.032417 0.002611
v -0.030729 -0.033338 0.001060
v -0.030729 -0.033338 0.001060
v -0.033662 -0.032895 0.006678
v -0.033662 -0.032895 0.006678
v -0.031741 -0.033413 0.004000
v -0.029132 -0.034306 0.002238
v -0.029675 -0.034477 0.005792
v -0.027387 -0.029809 0.000735
v -0.025652 -0.032165 0.000266
v -0.023653 -0.031865 0.000407
v -0.024352 -0.030334 0.001010
v -0.027434 -0.034383 0.000932
v -0.024828 -0.034600 0.000598
v -0.024828 -0.034600 0.000598
v -0.024955 -0.035294 0.001408
v -0.021998 -0.034465 0.000345
v -0.021998 -0.034465 0.000345
v -0.025132 -0.035884 0.005104
v -0.025132 -0.035884 0.005104
v -0.025132 -0.035884 0.005104
v -0.021046 -0.031624 0.000635
v -0.020605 -0.033491 0.000282
v -0.020605 -0.033491 0.000282
v -0.021096 -0.035437 0.000755
v -0.021100 -0.036020 0.001941
v -0.021100 -0.036020 0.001941
v -0.021941 -0.036344 0.004430
v -0.021941 -0.036344 0.004430
v -0.018811 -0.035694 0.001065
v -0.018811 -0.035694 0.001065
v -0.016620 -0.035422 0.000577
v -0.016620 -0.035422 0.000577
v -0.031103 -0.034034 0.008631
v -0.030581 -0.034507 0.010921
v -0.028078 -0.035259 0.008413
v -0.028078 -0.035259 0.008413
v -0.023727 -0.036523 0.009086
v -0.029101 -0.035249 0.014500
v -0.029101 -0.035249 0.014500
v -0.027197 -0.035668 0.012433
v -0.027197 -0.035668 0.012433
v -0.023006 -0.036770 0.012410
v -0.023006 -0.036770 0.012410
v -0.020313 -0.036905 0.008928
v -0.027165 -0.035866 0.016231
v -0.027165 -0.035866 0.016231
v -0.028063 -0.035778 0.020896
v -0.024520 -0.036629 0.015243
v -0.024520 -0.036629 0.015243
v -0.024520 -0.036629 0.015243
v -0.019876 -0.037290 0.017866
v -0.019996 -0.029053 0.002948
v -0.019996 -0.029053 0.002948
v -0.019996 -0.029053 0.002948
v -0.018375 -0.031084 0.001172
v -0.018375 -0.031084 0.001172
v -0.021406 -0.030175 0.001624
v -0.021406 -0.030175 0.001624
v -0.013941 -0.031737 0.000744
v -0.017035 -0.032681 0.000417
v -0.017035 -0.032681 0.000417
v -0.017988 -0.036673 0.004926
v -0.017988 -0.036673 0.004926
v -0.018615 -0.036350 0.002660
v -0.018615 -0.036350 0.002660
v -0.018615 -0.036350 0.002660
v -0.018987 -0.036867 0.007105
v -0.018987 -0.036867 0.007105
v -0.016368 -0.036919 0.007697
v -0.016368 -0.036919 0.007697
v -0.014968 -0.033730 0.000355
v -0.008207 -0.033799 0.000552
v -0.008207 -0.033799 0.000552
v -0.008207 -0.033799 0.000552
v -0.011740 -0.035237 0.000836
v -0.014356 -0.035755 0.001051
v -0.014356 -0.035755 0.001051
v -0.014356 -0.035755 0.001051
v -0.014356 -0.035755 0.001051
v -0.009554 -0.030836 0.000926
v -0.009554 -0.030836 0.000926
v -0.016938 -0.036058 0.001138
v -0.016938 -0.036058 0.001138
v -0.015897 -0.036332 0.001809
v -0.015423 -0.036457 0.003947
v -0.013383 -0.036226 0.003024
v -0.012145 -0.035901 0.001781
v -0.012145 -0.035901 0.001781
v -0.012145 -0.035901 0.001781
v -0.012534 -0.036651 0.007689
v -0.010738 -0.035999 0.003837
v -0.015532 -0.037243 0.013469
v -0.008543 -0.035960 0.007457
v -0.008543 -0.035960 0.007457
v -0.011712 -0.036973 0.016586
v -0.011712 -0.036973 0.016586
v -0.007573 -0.036083 0.011953
v -0.007573 -0.036083 0.011953
v -0.010021 -0.036532 0.013354
v -0.029963 -0.035494 0.025151
v -0.029963 -0.035494 0.025151
v -0.026360 -0.036604 0.025440
v -0.024406 -0.036742 0.019434
v -0.022366 -0.037401 0.026111
v -0.027207 -0.036728 0.031753
v -0.027207 -0.036728 0.031753
v -0.024779 -0.037336 0.032355
v -0.024779 -0.037336 0.032355
v -0.016908 -0.037701 0.025678
v -0.017847 -0.037979 0.030474
v -0.017847 -0.037979 0.030474
v -0.015331 -0.037347 0.018972
v -0.008827 -0.036518 0.016669
v -0.008697 -0.036915 0.018957
v -0.008697 -0.036915 0.018957
v -0.013519 -0.037358 0.022585
v -0.010040 -0.037154 0.019777
v -0.010040 -0.037154 0.019777
v -0.010040 -0.037154 0.019777
v -0.010361 -0.037044 0.022167
v -0.008355 -0.036949 0.027890
v -0.008355 -0.036949 0.027890
v -0.008355 -0.036949 0.027890
v -0.008035 -0.036559 0.022587
v -0.006835 -0.036172 0.022111
v -0.006835 -0.036172 0.022111
v -0.005428 -0.035830 0.022876
v -0.005428 -0.035830 0.022876
v -0.007998 -0.034303 0.000776
v -0.010193 -0.035364 0.001294
v -0.010193 -0.035364 0.001294
v -0.008911 -0.035502 0.002610
v -0.003744 -0.032878 0.000909
v -0.007072 -0.034739 0.001684
v -0.006128 -0.034835 0.003297
v -0.004841 -0.034021 0.001663
v -0.000917 -0.032388 0.001647
v -0.004066 -0.034140 0.003306
v -0.004066 -0.034140 0.003306
v -0.003081 -0.034203 0.007031
v -0.005378 -0.035205 0.009028
v -0.000687 -0.032698 0.003592
v 0.001603 -0.031888 0.007652
v -0.004988 -0.035372 0.014525
v -0.003374 -0.034741 0.012640
v -0.003374 -0.034741 0.012640
v -0.006397 -0.035740 0.015831
v -0.006397 -0.035740 0.015831
v -0.006836 -0.036191 0.018331
v -0.006836 -0.036191 0.018331
v -0.003753 -0.035043 0.017918
v -0.000907 -0.033724 0.015585
v -0.000907 -0.033724 0.015585
v 0.003438 -0.031093 0.012452
v -0.003938 -0.035383 0.024590
v -0.003938 -0.035383 0.024590
v -0.003938 -0.035383 0.024590
v -0.000935 -0.033998 0.023128
v -0.000935 -0.033998 0.023128
v 0.001448 -0.032910 0.023091
v 0.003639 -0.031214 0.016900
v 0.002197 -0.032019 0.016268
v 0.005746 -0.029756 0.018652
v 0.005746 -0.029756 0.018652
v -0.024107 -0.037991 0.039869
v -0.024107 -0.037991 0.039869
v -0.021861 -0.037903 0.033322
v -0.017632 -0.038283 0.033480
v -0.019280 -0.038276 0.035620
v -0.019280 -0.038276 0.035620
v -0.026525 -0.037405 0.039649
v -0.026525 -0.037405 0.039649
v -0.020572 -0.038781 0.044125
v -0.020572 -0.038781 0.044125
v -0.021253 -0.038292 0.039041
v -0.017761 -0.038665 0.040954
v -0.017761 -0.038665 0.040954
v -0.015897 -0.038407 0.037241
v -0.013029 -0.037733 0.030109
v -0.011253 -0.037334 0.027211
v -0.012898 -0.038058 0.033401
v -0.012898 -0.038058 0.033401
v -0.010076 -0.037694 0.034607
v -0.004488 -0.035819 0.030360
v -0.006517 -0.036711 0.032819
v -0.006517 -0.036711 0.032819
v -0.012219 -0.038299 0.038578
v -0.006834 -0.037181 0.038601
v -0.004189 -0.036237 0.036908
v -0.002119 -0.035229 0.034522
v -0.014278 -0.038906 0.045565
v -0.014278 -0.038906 0.045565
v -0.019577 -0.039116 0.048810
v -0.011066 -0.038432 0.042907
v -0.011066 -0.038432 0.042907
v -0.006717 -0.037462 0.043759
v -0.009878 -0.038450 0.046126
v -0.001908 -0.035285 0.037196
v -0.001908 -0.035285 0.037196
v -0.001908 -0.035285 0.037196
v -0.002865 -0.036113 0.042468
v -0.002865 -0.036113 0.042468
v -0.002865 -0.036113 0.042468
v -0.005946 -0.036984 0.040303
v -0.011459 -0.038691 0.048114
v -0.012456 -0.039137 0.051414
v -0.012456 -0.039137 0.051414
v -0.008105 -0.038226 0.049675
v -0.006338 -0.037688 0.046565
v -0.004166 -0.036963 0.048591
v -0.004166 -0.036963 0.048591
v 0.000855 -0.034626 0.044681
v -0.020365 -0.039474 0.056392
v -0.017182 -0.039450 0.053732
v -0.017182 -0.039450 0.053732
v -0.014310 -0.039562 0.055499
v -0.011412 -0.039070 0.054359
v -0.000967 -0.034344 0.027713
v 0.003374 -0.031492 0.022239
v 0.007524 -0.028515 0.019476
v 0.005936 -0.029841 0.023127
v 0.005576 -0.030674 0.032422
v 0.005576 -0.030674 0.032422
v 0.002901 -0.032317 0.029781
v -0.001215 -0.034739 0.031639
v -0.001215 -0.034739 0.031639
v 0.002745 -0.032747 0.033394
v 0.007798 -0.028578 0.026873
v 0.006865 -0.029310 0.029067
v 0.009057 -0.027599 0.029356
v 0.003503 -0.032631 0.039419
v 0.003503 -0.032631 0.039419
v 0.008386 -0.028653 0.035233
v 0.008386 -0.028653 0.035233
v 0.011485 -0.025756 0.038537
v 0.011485 -0.025756 0.038537
v 0.006008 -0.031019 0.042027
v 0.012683 -0.024155 0.038431
v 0.007976 -0.029345 0.040743
v 0.007976 -0.029345 0.040743
v 0.009003 -0.028585 0.043819
v 0.009003 -0.028585 0.043819
v 0.002828 -0.033547 0.046422
v 0.002828 -0.033547 0.046422
v 0.007608 -0.030281 0.046779
v 0.007608 -0.030281 0.046779
v -0.005536 -0.037822 0.055599
v -0.008094 -0.038581 0.053724
v -0.008094 -0.038581 0.053724
v -0.008094 -0.038581 0.053724
v -0.001791 -0.036424 0.053396
v -0.001791 -0.036424 0.053396
v -0.001791 -0.036424 0.053396
v -0.001944 -0.036518 0.056631
v 0.000965 -0.034917 0.052965
v -0.004296 -0.037833 0.063545
v -0.004296 -0.037833 0.063545
v 0.002270 -0.034443 0.055366
v 0.002270 -0.034443 0.055366
v 0.000946 -0.035324 0.057748
v 0.000946 -0.035324 0.057748
v -0.000571 -0.036191 0.061138
v -0.000571 -0.036191 0.061138
v 0.002207 -0.034912 0.063544
v 0.002207 -0.034912 0.063544
v 0.004258 -0.033436 0.060282
v 0.004258 -0.033436 0.060282
v 0.000770 -0.035963 0.067138
v 0.005025 -0.033090 0.064558
v 0.003584 -0.034668 0.072090
v 0.003584 -0.034668 0.072090
v 0.007737 -0.031328 0.068494
v 0.007737 -0.031328 0.068494
v 0.007737 -0.031328 0.068494
v -0.021774 -0.039656 0.057736
v -0.018041 -0.039767 0.058753
v -0.018041 -0.039767 0.058753
v -0.018041 -0.039767 0.058753
v -0.020488 -0.040020 0.060418
v -0.020488 -0.040020 0.060418
v -0.014659 -0.039678 0.058711
v -0.014659 -0.039678 0.058711
v -0.014659 -0.039678 0.058711
v -0.011257 -0.039252 0.056998
v -0.011257 -0.039252 0.056998
v -0.009313 -0.038990 0.058815
v -0.009313 -0.038990 0.058815
v -0.019326 -0.039933 0.062689
v -0.017072 -0.040082 0.065580
v -0.017072 -0.040082 0.065580
v -0.014629 -0.039871 0.063373
v -0.012009 -0.039693 0.066276
v -0.012009 -0.039693 0.066276
v -0.008372 -0.039061 0.063839
v -0.008372 -0.039061 0.063839
v -0.013625 -0.039992 0.066467
v -0.010141 -0.039301 0.061449
v -0.002760 -0.037273 0.063865
v -0.017481 -0.040450 0.072214
v -0.017481 -0.040450 0.072214
v -0.013739 -0.040106 0.069816
v -0.015824 -0.040644 0.074588
v -0.012978 -0.040530 0.076006
v -0.011473 -0.039806 0.068195
v -0.008150 -0.039251 0.069145
v -0.008150 -0.039251 0.069145
v -0.010383 -0.040329 0.078943
v -0.010383 -0.040329 0.078943
v -0.005354 -0.038759 0.073556
v -0.005671 -0.039362 0.080327
v -0.001063 -0.036462 0.063557
v -0.001063 -0.036462 0.063557
v -0.001504 -0.037404 0.073531
v -0.001504 -0.037404 0.073531
v 0.000015 -0.036468 0.070866
v -0.003290 -0.038198 0.075967
v -0.003290 -0.038198 0.075967
v -0.003290 -0.038198 0.075967
v 0.013595 -0.023585 0.044755
v 0.013595 -0.023585 0.044755
v 0.011315 -0.026479 0.046871
v 0.011315 -0.026479 0.046871
v 0.009700 -0.028445 0.049013
v 0.015691 -0.020839 0.051420
v 0.015691 -0.020839 0.051420
v 0.013881 -0.023513 0.051259
v 0.013881 -0.023513 0.051259
v 0.013881 -0.023513 0.051259
v 0.012630 -0.025375 0.051982
v 0.012630 -0.025375 0.051982
v 0.011398 -0.026758 0.053955
v 0.009235 -0.029301 0.054417
v 0.009235 -0.029301 0.054417
v 0.004214 -0.033081 0.052875
v 0.005264 -0.032034 0.049231
v 0.005264 -0.032034 0.049231
v 0.007651 -0.030743 0.056897
v 0.007651 -0.030743 0.056897
v 0.013706 -0.024244 0.055286
v 0.016004 -0.020904 0.058534
v 0.016004 -0.020904 0.058534
v 0.011123 -0.027603 0.059828
v 0.011123 -0.027603 0.059828
v 0.014103 -0.023888 0.058212
v 0.012452 -0.026000 0.060625
v 0.014984 -0.023058 0.062996
v 0.014984 -0.023058 0.062996
v 0.017049 -0.019637 0.060055
v 0.017049 -0.019637 0.060055
v 0.017830 -0.018079 0.063591
v 0.016609 -0.020464 0.064491
v 0.016609 -0.020464 0.064491
v 0.016609 -0.020464 0.064491
v 0.014009 -0.024328 0.065495
v 0.010099 -0.029119 0.066083
v 0.010099 -0.029119 0.066083
v 0.009707 -0.029696 0.070227
v 0.012562 -0.026275 0.065564
v 0.013135 -0.026025 0.068194
v 0.013135 -0.026025 0.068194
v -0.026860 -0.027503 0.002602
v -0.026860 -0.027503 0.002602
v -0.026860 -0.027503 0.002602
v -0.026860 -0.027503 0.002602
v -0.022622 -0.028676 0.002866
v -0.022622 -0.028676 0.002866
v -0.029738 -0.025907 0.010885
v -0.029540 -0.027042 0.011315
v -0.028645 -0.028262 0.012160
v -0.021381 -0.027974 0.010823
v -0.025105 -0.028383 0.011162
v -0.026792 -0.028834 0.011976
v -0.026792 -0.028834 0.011976
v -0.026562 -0.029660 0.013892
v -0.023411 -0.030799 0.014863
v -0.026353 -0.029833 0.015540
v -0.026353 -0.029833 0.015540
v -0.023821 -0.029597 0.011866
v -0.023821 -0.029597 0.011866
v -0.020906 -0.029466 0.011229
v -0.020906 -0.029466 0.011229
v -0.020023 -0.028460 0.010989
v -0.020238 -0.030438 0.012019
v -0.020238 -0.030438 0.012019
v -0.019578 -0.029706 0.011488
v -0.019578 -0.029706 0.011488
v -0.019578 -0.029706 0.011488
v -0.019578 -0.029706 0.011488
v -0.023343 -0.030371 0.012937
v -0.023343 -0.030371 0.012937
v -0.020159 -0.030907 0.012668
v -0.019733 -0.031319 0.013724
v -0.014836 -0.029604 0.002308
v -0.014836 -0.029604 0.002308
v -0.017674 -0.029317 0.011225
v -0.017674 -0.029317 0.011225
v -0.018929 -0.030595 0.012490
v -0.018929 -0.030595 0.012490
v -0.016641 -0.028469 0.010987
v -0.016641 -0.028469 0.010987
v -0.016641 -0.028469 0.010987
v -0.016641 -0.028469 0.010987
v -0.016285 -0.029520 0.011166
v -0.017396 -0.030431 0.012095
v -0.017396 -0.030431 0.012095
v -0.015712 -0.028338 0.011017
v -0.015354 -0.030090 0.011615
v -0.015354 -0.030090 0.011615
v -0.015354 -0.030090 0.011615
v -0.028674 -0.029517 0.019613
v -0.028674 -0.029517 0.019613
v -0.021120 -0.031293 0.014851
v -0.021120 -0.031293 0.014851
v -0.022209 -0.031368 0.020064
v -0.019064 -0.031963 0.022076
v -0.022928 -0.032046 0.025950
v -0.022928 -0.032046 0.025950
v -0.022712 -0.031628 0.023410
v -0.018618 -0.032228 0.025218
v -0.016127 -0.026942 0.011170
v -0.016127 -0.026942 0.011170
v -0.015953 -0.031008 0.013167
v -0.013321 -0.027216 0.010960
v -0.014093 -0.028961 0.011069
v -0.014093 -0.028961 0.011069
v -0.013970 -0.030717 0.012632
v -0.010241 -0.029288 0.011606
v -0.018273 -0.031150 0.014009
v -0.018273 -0.031150 0.014009
v -0.017242 -0.031584 0.016172
v -0.013544 -0.031286 0.014964
v -0.009836 -0.029836 0.012340
v -0.009836 -0.029836 0.012340
v -0.009836 -0.029836 0.012340
v -0.007384 -0.027830 0.011295
v -0.006588 -0.029497 0.013751
v -0.009631 -0.030429 0.013917
v -0.009631 -0.030429 0.013917
v -0.016231 -0.032533 0.025938
v -0.014421 -0.031861 0.021248
v -0.004162 -0.028149 0.012995
v -0.003098 -0.028473 0.017725
v -0.003098 -0.028473 0.017725
v -0.024699 -0.032450 0.036483
v -0.021761 -0.032461 0.029667
v -0.019350 -0.032957 0.032472
v -0.019350 -0.032957 0.032472
v -0.019441 -0.033691 0.042498
v -0.019441 -0.033691 0.042498
v -0.004975 -0.030279 0.026040
v -0.004975 -0.030279 0.026040
v -0.004975 -0.030279 0.026040
v -0.006132 -0.030254 0.022822
v -0.007952 -0.031281 0.026374
v -0.001554 -0.028540 0.024791
v -0.002987 -0.029733 0.029159
v -0.002987 -0.029733 0.029159
v -0.000770 -0.029090 0.034604
v -0.000770 -0.029090 0.034604
v -0.005292 -0.030966 0.032425
v -0.005292 -0.030966 0.032425
v -0.003549 -0.030714 0.037175
v -0.007127 -0.032422 0.042694
v 0.000157 -0.028910 0.039675
v -0.001604 -0.030305 0.044921
v -0.000276 -0.029521 0.043386
v 0.002581 -0.027399 0.040289
v 0.002581 -0.027399 0.040289
v -0.000820 -0.027829 0.021765
v -0.003777 -0.029199 0.020268
v -0.003777 -0.029199 0.020268
v 0.003311 -0.025626 0.027588
v 0.003311 -0.025626 0.027588
v -0.000580 -0.028233 0.027973
v -0.000580 -0.028233 0.027973
v 0.001433 -0.027386 0.030541
v 0.001433 -0.027386 0.030541
v -0.004403 -0.031565 0.044778
v -0.004403 -0.031565 0.044778
v -0.004142 -0.031895 0.050159
v -0.004142 -0.031895 0.050159
v -0.000134 -0.029780 0.048351
v -0.000134 -0.029780 0.048351
v 0.002251 -0.028043 0.046652
v 0.002251 -0.028043 0.046652
v 0.002363 -0.028528 0.053618
v -0.006207 -0.033446 0.062554
v -0.009305 -0.033670 0.052076
v -0.009635 -0.034397 0.063046
v 0.000491 -0.030527 0.064918
v 0.000491 -0.030527 0.064918
v 0.003085 -0.029075 0.068717
v 0.003085 -0.029075 0.068717
v 0.003371 -0.027969 0.056384
v 0.003371 -0.027969 0.056384
v 0.006209 -0.026240 0.065594
v 0.006209 -0.026240 0.065594
v -0.001767 -0.031377 0.059699
v -0.002888 -0.032611 0.070130
v -0.002888 -0.032611 0.070130
v 0.006925 -0.024397 0.050756
v -0.025185 -0.030398 0.019100
v -0.026040 -0.030698 0.022257
v -0.009390 -0.030804 0.016636
v -0.009390 -0.030804 0.016636
v -0.011589 -0.031534 0.021030
v -0.010678 -0.031985 0.026664
v -0.010678 -0.031985 0.026664
v -0.005784 -0.029982 0.018683
v -0.005784 -0.029982 0.018683
v -0.016385 -0.033870 0.043742
v -0.016385 -0.033870 0.043742
v -0.012981 -0.032817 0.032246
v -0.012981 -0.032817 0.032246
v -0.010136 -0.032734 0.036778
v -0.010136 -0.032734 0.036778
v -0.013224 -0.033590 0.042077
v -0.021650 -0.033897 0.049429
v -0.021650 -0.033897 0.049429
v -0.018727 -0.034338 0.051873
v -0.018727 -0.034338 0.051873
v -0.011645 -0.033804 0.048485
v -0.011645 -0.033804 0.048485
v -0.012886 -0.034348 0.053703
v -0.012886 -0.034348 0.053703
v -0.012886 -0.034348 0.053703
v 0.001237 -0.026699 0.024125
v 0.001237 -0.026699 0.024125
v 0.001101 -0.027073 0.025775
v 0.005128 -0.024707 0.033434
v 0.005268 -0.025316 0.042726
v 0.007188 -0.023333 0.041286
v 0.007188 -0.023333 0.041286
v 0.007188 -0.023333 0.041286
v 0.007188 -0.023333 0.041286
v -0.014999 -0.034887 0.059415
v -0.014999 -0.034887 0.059415
v 0.001034 -0.031148 0.081020
v 0.001034 -0.031148 0.081020
v -0.014546 -0.035332 0.068128
v -0.011744 -0.035769 0.079854
v -0.011744 -0.035769 0.079854
v -0.006952 -0.034627 0.078358
v -0.016184 -0.036070 0.078631
v 0.009355 -0.021419 0.048135
v 0.004990 -0.025905 0.047411
v 0.004990 -0.025905 0.047411
v 0.008312 -0.023849 0.062625
v 0.008312 -0.023849 0.062625
v 0.011024 -0.020125 0.060517
v 0.012261 -0.018148 0.061332
v 0.012261 -0.018148 0.061332
v 0.013523 -0.015470 0.063035
v 0.010769 -0.020546 0.065438
v 0.010769 -0.020546 0.065438
v 0.010769 -0.020546 0.065438
v -0.051203 0.022657 0.088528
v -0.050996 0.022226 0.082513
v -0.053075 0.019973 0.090584
v -0.053075 0.019973 0.090584
v -0.055012 0.014830 0.082659
v -0.053593 0.018099 0.084535
v -0.053593 0.018099 0.084535
v -0.053381 0.018152 0.080958
v -0.053381 0.018152 0.080958
v -0.056924 0.009057 0.082106
v -0.056924 0.009057 0.082106
v -0.057231 0.007080 0.083166
v -0.056511 0.010580 0.083786
v -0.055992 0.012995 0.085460
v -0.055992 0.012995 0.085460
v -0.057151 0.008828 0.086696
v -0.057151 0.008828 0.086696
v -0.057767 0.007695 0.089140
v -0.057767 0.007695 0.089140
v -0.054866 0.016244 0.090496
v -0.056481 0.012069 0.089721
v -0.056481 0.012069 0.089721
v -0.051551 0.022783 0.091203
v -0.048883 0.025980 0.088389
v -0.048883 0.025980 0.088389
v -0.048883 0.025980 0.088389
v -0.049743 0.025286 0.094261
v -0.049743 0.025286 0.094261
v -0.051611 0.022999 0.095403
v -0.048296 0.027268 0.095469
v -0.048296 0.027268 0.095469
v -0.046946 0.028196 0.091317
v -0.047641 0.028266 0.099978
v -0.048972 0.026694 0.099182
v -0.046668 0.028975 0.095492
v -0.053514 0.019886 0.093905
v -0.053861 0.019705 0.099574
v -0.053861 0.019705 0.099574
v -0.055551 0.016043 0.095971
v -0.055551 0.016043 0.095971
v -0.056295 0.013417 0.093860
v -0.056295 0.013417 0.093860
v -0.057656 0.009516 0.096740
v -0.057656 0.009516 0.096740
v -0.056616 0.014124 0.100576
v -0.056616 0.014124 0.100576
v -0.054189 0.019932 0.103009
v -0.056646 0.014638 0.104910
v -0.052161 0.022737 0.100866
v -0.050090 0.025810 0.102503
v -0.050090 0.025810 0.102503
v -0.047550 0.028902 0.103562
v -0.047550 0.028902 0.103562
v -0.048438 0.027924 0.105283
v -0.051065 0.024748 0.106344
v -0.045387 0.030594 0.102781
v -0.048974 0.027554 0.108240
v -0.046705 0.029592 0.106310
v -0.046705 0.029592 0.106310
v -0.044234 0.032014 0.108923
v -0.044234 0.032014 0.108923
v -0.047169 0.029310 0.108944
v -0.046348 0.030538 0.110843
v -0.049281 0.027557 0.112445
v -0.054341 0.019545 0.105805
v -0.055960 0.016604 0.107562
v -0.054836 0.019285 0.108800
v -0.053783 0.020984 0.107953
v -0.052828 0.022049 0.105231
v -0.052828 0.022049 0.105231
v -0.052828 0.022049 0.105231
v -0.055604 0.017648 0.110806
v -0.050580 0.016604 0.112564
v -0.050946 0.014209 0.103857
v -0.050946 0.014209 0.103857
v -0.049958 0.016488 0.105499
v -0.051847 0.013117 0.108796
v -0.051847 0.013117 0.108796
v -0.053935 0.020833 0.110477
v -0.053935 0.020833 0.110477
v -0.052117 0.024144 0.114224
v -0.050742 0.025922 0.113672
v -0.054132 0.021194 0.114833
v -0.056029 0.017810 0.116440
v -0.056029 0.017810 0.116440
v -0.049742 0.026617 0.109959
v -0.049742 0.026617 0.109959
v -0.045290 0.023720 0.108831
v -0.046729 0.022826 0.114370
v -0.046729 0.022826 0.114370
v -0.047749 0.020568 0.108939
v -0.049139 0.019989 0.116120
v -0.049139 0.019989 0.116120
v -0.048379 0.019239 0.106374
v -0.048379 0.019239 0.106374
v -0.054564 0.023285 0.127764
v -0.054260 0.022448 0.125041
v -0.054260 0.022448 0.125041
v -0.056013 0.020712 0.127573
v -0.046571 0.030639 0.115198
v -0.041982 0.034050 0.112180
v -0.041982 0.034050 0.112180
v -0.045058 0.032453 0.120366
v -0.045058 0.032453 0.120366
v -0.048363 0.029056 0.118023
v -0.039744 0.035814 0.116774
v -0.039744 0.035814 0.116774
v -0.051628 0.025682 0.121321
v -0.054068 0.022104 0.120834
v -0.043756 0.026646 0.117165
v -0.042762 0.026338 0.109504
v -0.042762 0.026338 0.109504
v -0.046436 0.024459 0.120098
v -0.051182 0.017768 0.119893
v -0.051182 0.017768 0.119893
v -0.049232 0.020998 0.120063
v -0.050064 0.028017 0.124448
v -0.050064 0.028017 0.124448
v -0.047153 0.031019 0.124220
v -0.052268 0.025569 0.125669
v -0.055879 0.019569 0.124843
v -0.051371 0.019527 0.124979
v -0.048465 0.023675 0.124751
v -0.042698 0.028701 0.121767
v -0.040414 0.029407 0.116854
v -0.044934 0.027097 0.123483
v -0.045438 0.028350 0.077270
v -0.040112 0.032218 0.070963
v -0.043113 0.030526 0.078608
v -0.043113 0.030526 0.078608
v -0.040251 0.032480 0.075112
v -0.040251 0.032480 0.075112
v -0.036317 0.034742 0.072950
v -0.036317 0.034742 0.072950
v -0.041220 0.032262 0.080037
v -0.041220 0.032262 0.080037
v -0.037831 0.034328 0.078334
v -0.037831 0.034328 0.078334
v -0.037831 0.034328 0.078334
v -0.037831 0.034328 0.078334
v -0.045156 0.029644 0.085679
v -0.032370 0.036191 0.065900
v -0.031030 0.036855 0.069657
v -0.034071 0.035530 0.068424
v -0.034071 0.035530 0.068424
v -0.025141 0.038328 0.067833
v -0.025141 0.038328 0.067833
v -0.028131 0.037843 0.071060
v -0.028131 0.037843 0.071060
v -0.028131 0.037843 0.071060
v -0.029023 0.037659 0.072705
v -0.029023 0.037659 0.072705
v -0.025099 0.038396 0.070576
v -0.025099 0.038396 0.070576
v -0.025099 0.038396 0.070576
v -0.023609 0.039000 0.074680
v -0.026304 0.038523 0.075830
v -0.026304 0.038523 0.075830
v -0.034351 0.035865 0.076970
v -0.034351 0.035865 0.076970
v -0.035176 0.035846 0.081649
v -0.038153 0.034241 0.081384
v -0.038153 0.034241 0.081384
v -0.030478 0.037467 0.077522
v -0.041639 0.032004 0.083238
v -0.041639 0.032004 0.083238
v -0.039283 0.033849 0.083767
v -0.041523 0.032683 0.089062
v -0.041523 0.032683 0.089062
v -0.044506 0.030280 0.088397
v -0.044506 0.030280 0.088397
v -0.036976 0.035336 0.087082
v -0.036976 0.035336 0.087082
v -0.032806 0.037306 0.087359
v -0.038759 0.034613 0.090673
v -0.035622 0.036321 0.091358
v -0.035622 0.036321 0.091358
v -0.041503 0.032944 0.093270
v -0.041503 0.032944 0.093270
v -0.039323 0.034609 0.095987
v -0.039323 0.034609 0.095987
v -0.039323 0.034609 0.095987
v -0.024053 0.039169 0.080518
v -0.033279 0.036651 0.081326
v -0.032502 0.037267 0.084084
v -0.032502 0.037267 0.084084
v -0.028705 0.038111 0.080002
v -0.028705 0.038111 0.080002
v -0.026972 0.038910 0.085504
v -0.026972 0.038910 0.085504
v -0.026972 0.038910 0.085504
v -0.029993 0.038323 0.086842
v -0.026842 0.039263 0.088703
v -0.030970 0.038289 0.092871
v -0.021551 0.039840 0.087399
v -0.047971 0.025740 0.076773
v -0.047971 0.025740 0.076773
v -0.048539 0.024684 0.074883
v -0.050034 0.023238 0.078547
v -0.047624 0.026034 0.079031
v -0.047624 0.026034 0.079031
v -0.047624 0.026034 0.079031
v -0.048587 0.025202 0.080925
v -0.048587 0.025202 0.080925
v -0.048587 0.025202 0.080925
v -0.046671 0.027835 0.084400
v -0.049732 0.024485 0.086895
v -0.045320 0.029982 0.093186
v -0.044038 0.031121 0.092857
v -0.044365 0.030950 0.095897
v -0.020492 0.038668 0.061880
v -0.021428 0.038985 0.068866
v -0.017806 0.038852 0.066253
v -0.017806 0.038852 0.066253
v -0.013515 0.038495 0.063275
v -0.016925 0.039082 0.070712
v -0.013539 0.038835 0.066906
v -0.012653 0.038717 0.069723
v -0.012653 0.038717 0.069723
v -0.010298 0.038116 0.064849
v -0.010298 0.038116 0.064849
v -0.008759 0.037993 0.069613
v -0.005317 0.036614 0.059281
v -0.004713 0.036616 0.065418
v -0.004713 0.036616 0.065418
v -0.001662 0.035629 0.070511
v -0.000340 0.034668 0.062800
v -0.000628 0.035057 0.067156
v -0.021422 0.039122 0.074628
v -0.016447 0.039348 0.074226
v -0.020153 0.039500 0.078778
v -0.020153 0.039500 0.078778
v -0.017420 0.039452 0.076676
v -0.017382 0.039764 0.082618
v -0.012133 0.038983 0.075880
v -0.014775 0.039509 0.080263
v -0.010624 0.038835 0.080006
v -0.014648 0.039678 0.082942
v -0.014648 0.039678 0.082942
v -0.011731 0.039285 0.083597
v -0.011731 0.039285 0.083597
v -0.002534 0.036217 0.073961
v -0.002534 0.036217 0.073961
v -0.007739 0.038182 0.078993
v -0.005152 0.037462 0.080354
v -0.005152 0.037462 0.080354
v -0.007041 0.038318 0.081652
v -0.007041 0.038318 0.081652
v -0.007041 0.038318 0.081652
v -0.009599 0.038927 0.082863
v -0.009599 0.038927 0.082863
v 0.000869 0.034687 0.076204
v 0.000869 0.034687 0.076204
v -0.001324 0.035856 0.078670
v -0.001324 0.035856 0.078670
v -0.003892 0.037096 0.082570
v -0.001022 0.035857 0.082393
v -0.001022 0.035857 0.082393
v 0.000216 0.035272 0.081247
v 0.003675 0.033098 0.079985
v -0.038678 0.035842 0.099288
v -0.038678 0.035842 0.099288
v -0.038678 0.035842 0.099288
v -0.037601 0.035699 0.096812
v -0.033324 0.037582 0.095496
v -0.033324 0.037582 0.095496
v -0.035676 0.036861 0.099920
v -0.035676 0.036861 0.099920
v -0.035676 0.036861 0.099920
v -0.037583 0.036220 0.101302
v -0.037583 0.036220 0.101302
v -0.035594 0.036962 0.101767
v -0.029336 0.039045 0.097529
v -0.030356 0.039049 0.103049
v -0.032568 0.038538 0.106790
v -0.027332 0.039238 0.093220
v -0.027332 0.039238 0.093220
v -0.027332 0.039238 0.093220
v -0.027332 0.039238 0.093220
v -0.028282 0.039307 0.096074
v -0.023548 0.039926 0.090076
v -0.023548 0.039926 0.090076
v -0.023548 0.039926 0.090076
v -0.019326 0.040103 0.089471
v -0.020003 0.040475 0.093676
v -0.024400 0.039988 0.095297
v -0.024400 0.039988 0.095297
v -0.026384 0.039594 0.096830
v -0.026384 0.039594 0.096830
v -0.024064 0.040430 0.100792
v -0.027321 0.039784 0.101500
v -0.027321 0.039784 0.101500
v -0.022058 0.040469 0.097502
v -0.022336 0.040561 0.101560
v -0.017486 0.040505 0.094414
v -0.019593 0.040619 0.097279
v -0.019426 0.040650 0.099452
v -0.035544 0.037299 0.107301
v -0.035544 0.037299 0.107301
v -0.030171 0.039723 0.113613
v -0.027765 0.039871 0.105347
v -0.026428 0.040453 0.109271
v -0.026428 0.040453 0.109271
v -0.025296 0.041011 0.116140
v -0.025296 0.041011 0.116140
v -0.024001 0.040485 0.105358
v -0.024001 0.040485 0.105358
v -0.021741 0.040769 0.104406
v -0.021741 0.040769 0.104406
v -0.028162 0.039838 0.103616
v -0.028162 0.039838 0.103616
v -0.024950 0.040410 0.105495
v -0.024950 0.040410 0.105495
v -0.015069 0.040560 0.099157
v -0.015069 0.040560 0.099157
v -0.017509 0.040739 0.100971
v -0.017509 0.040739 0.100971
v -0.020133 0.040910 0.106033
v -0.017810 0.041050 0.103106
v -0.016455 0.040872 0.105373
v -0.016455 0.040872 0.105373
v -0.015252 0.040713 0.102844
v -0.024428 0.040755 0.111119
v -0.022388 0.041080 0.111823
v -0.018589 0.041180 0.111717
v -0.018589 0.041180 0.111717
v -0.016956 0.041130 0.108508
v -0.013899 0.040842 0.107214
v -0.013899 0.040842 0.107214
v -0.014147 0.040951 0.111763
v -0.021583 0.035971 0.113386
v -0.023413 0.035385 0.107746
v -0.019060 0.035742 0.108881
v -0.018185 0.036453 0.116630
v -0.043785 0.031802 0.099728
v -0.043785 0.031802 0.099728
v -0.040934 0.033738 0.097812
v -0.040934 0.033738 0.097812
v -0.040934 0.033738 0.097812
v -0.041131 0.033882 0.101087
v -0.041131 0.033882 0.101087
v -0.041127 0.034125 0.105985
v -0.039024 0.035303 0.102894
v -0.038214 0.036093 0.106745
v -0.038214 0.036093 0.106745
v -0.037549 0.036603 0.110413
v -0.040976 0.028027 0.110708
v -0.034507 0.032383 0.112366
v -0.034507 0.032383 0.112366
v -0.037466 0.031628 0.118353
v -0.037466 0.031628 0.118353
v -0.038121 0.030089 0.110516
v -0.035486 0.031358 0.107307
v -0.031457 0.033241 0.107783
v -0.031457 0.033241 0.107783
v -0.031457 0.033241 0.107783
v -0.035996 0.037805 0.117618
v -0.033330 0.038904 0.117134
v -0.034437 0.033666 0.120554
v -0.034437 0.033666 0.120554
v -0.031483 0.033799 0.113413
v -0.027846 0.034707 0.111769
v -0.030921 0.034804 0.118806
v -0.029186 0.033752 0.102825
v -0.029186 0.033752 0.102825
v -0.025604 0.034703 0.103349
v -0.024580 0.035577 0.113302
v -0.014469 0.039799 0.086445
v -0.010456 0.039385 0.086005
v -0.008087 0.038540 0.085188
v -0.008087 0.038540 0.085188
v -0.009638 0.039246 0.088520
v -0.009638 0.039246 0.088520
v -0.009638 0.039246 0.088520
v -0.016809 0.040171 0.091091
v -0.013914 0.040199 0.094940
v -0.013914 0.040199 0.094940
v -0.008895 0.039158 0.091775
v -0.006121 0.038458 0.089979
v -0.003985 0.037514 0.086849
v -0.011690 0.040106 0.098776
v -0.009132 0.039636 0.101019
v -0.006327 0.037985 0.084000
v -0.006327 0.037985 0.084000
v -0.002847 0.037076 0.085500
v -0.002847 0.037076 0.085500
v 0.002576 0.033929 0.082626
v 0.000747 0.035221 0.085340
v 0.000747 0.035221 0.085340
v -0.001148 0.036153 0.086678
v -0.001148 0.036153 0.086678
v 0.002764 0.033904 0.086821
v 0.002764 0.033904 0.086821
v 0.004128 0.033405 0.085396
v -0.003981 0.037854 0.093872
v -0.001799 0.036604 0.089946
v -0.001799 0.036604 0.089946
v -0.001799 0.036604 0.089946
v -0.001799 0.036604 0.089946
v -0.006206 0.038651 0.096136
v -0.001331 0.036707 0.093701
v -0.001331 0.036707 0.093701
v 0.000573 0.035531 0.088515
v 0.000573 0.035531 0.088515
v 0.000573 0.035531 0.088515
v 0.000573 0.035531 0.088515
v 0.002098 0.034632 0.089258
v 0.002098 0.034632 0.089258
v 0.003922 0.033440 0.088036
v 0.003922 0.033440 0.088036
v 0.001514 0.035301 0.093962
v 0.001514 0.035301 0.093962
v 0.001514 0.035301 0.093962
v 0.002934 0.034045 0.090929
v 0.002934 0.034045 0.090929
v 0.004104 0.033690 0.093200
v 0.004104 0.033690 0.093200
v 0.006604 0.031869 0.091355
v 0.006604 0.031869 0.091355
v -0.012808 0.040507 0.104312
v -0.012808 0.040507 0.104312
v -0.005224 0.038652 0.102184
v -0.005224 0.038652 0.102184
v -0.010696 0.040196 0.106522
v -0.010424 0.034615 0.105782
v -0.010424 0.034615 0.105782
v -0.010424 0.034615 0.105782
v -0.008866 0.034530 0.110422
v -0.012469 0.035576 0.112887
v -0.007465 0.039503 0.107048
v -0.007465 0.039503 0.107048
v -0.003071 0.037955 0.102845
v 0.001069 0.035827 0.099766
v 0.001069 0.035827 0.099766
v 0.005764 0.032792 0.096102
v 0.000534 0.036353 0.105838
v 0.000534 0.036353 0.105838
v -0.000162 0.030852 0.110539
v -0.002533 0.031985 0.108936
v 0.000774 0.029891 0.103250
v 0.004139 0.034062 0.101714
v 0.004139 0.034062 0.101714
v 0.006164 0.032835 0.103330
v 0.005287 0.033492 0.106376
v 0.005287 0.033492 0.106376
v 0.007321 0.032070 0.106696
v 0.007455 0.031678 0.103586
v 0.007455 0.031678 0.103586
v -0.052392 0.026401 0.127763
v -0.052392 0.026401 0.127763
v -0.053564 0.026977 0.130895
v -0.053564 0.026977 0.130895
v -0.053564 0.026977 0.130895
v -0.053564 0.026977 0.130895
v -0.056130 0.023195 0.130963
v -0.055881 0.023865 0.132180
v -0.055881 0.023865 0.132180
v -0.053059 0.027871 0.132050
v -0.053446 0.027114 0.133011
v -0.053446 0.027114 0.133011
v -0.056608 0.022165 0.133115
v -0.056608 0.022165 0.133115
v -0.056608 0.022165 0.133115
v -0.054505 0.024496 0.133558
v -0.050126 0.030906 0.130852
v -0.050126 0.030906 0.130852
v -0.050126 0.030906 0.130852
v -0.050337 0.030989 0.132313
v -0.050337 0.030989 0.132313
v -0.051348 0.029314 0.133103
v -0.051348 0.029314 0.133103
v -0.050437 0.030195 0.133376
v -0.049921 0.031221 0.132868
v -0.051845 0.028077 0.133550
v -0.051845 0.028077 0.133550
v -0.052981 0.025026 0.133723
v -0.049008 0.030026 0.133782
v -0.051245 0.025648 0.133612
v -0.052609 0.022292 0.132922
v -0.052609 0.022292 0.132922
v -0.053778 0.022003 0.133562
v -0.053778 0.022003 0.133562
v -0.043028 0.034697 0.126168
v -0.044849 0.033195 0.125581
v -0.044849 0.033195 0.125581
v -0.044849 0.033195 0.125581
v -0.044849 0.033195 0.125581
v -0.043725 0.034924 0.128067
v -0.043817 0.033605 0.123177
v -0.041191 0.035475 0.123511
v -0.041191 0.035475 0.123511
v -0.038531 0.037088 0.124201
v -0.040129 0.036731 0.126943
v -0.040129 0.036731 0.126943
v -0.040129 0.036731 0.126943
v -0.037213 0.033235 0.124889
v -0.039518 0.032684 0.127970
v -0.040498 0.030945 0.124072
v -0.040498 0.030945 0.124072
v -0.043096 0.036650 0.130902
v -0.045773 0.034812 0.131056
v -0.045773 0.034812 0.131056
v -0.045773 0.034812 0.131056
v -0.045773 0.034812 0.131056
v -0.045789 0.034929 0.132154
v -0.047884 0.033280 0.131673
v -0.043115 0.036895 0.132135
v -0.045956 0.034327 0.133323
v -0.045956 0.034327 0.133323
v -0.045956 0.034327 0.133323
v -0.043875 0.036111 0.133196
v -0.043875 0.036111 0.133196
v -0.043676 0.035400 0.133695
v -0.041672 0.037639 0.132965
v -0.036840 0.038376 0.126449
v -0.036840 0.038376 0.126449
v -0.037540 0.038466 0.127860
v -0.035827 0.035037 0.128862
v -0.035827 0.035037 0.128862
v -0.040019 0.038648 0.131378
v -0.040019 0.038648 0.131378
v -0.040019 0.038648 0.131378
v -0.038507 0.039508 0.132215
v -0.038507 0.039508 0.132215
v -0.035878 0.040441 0.130802
v -0.035878 0.040441 0.130802
v -0.039656 0.034337 0.132494
v -0.039656 0.034337 0.132494
v -0.050254 0.028704 0.127333
v -0.047308 0.031278 0.126240
v -0.047582 0.032018 0.128465
v -0.046838 0.026934 0.128451
v -0.046838 0.026934 0.128451
v -0.050122 0.022581 0.127520
v -0.047922 0.027793 0.132525
v -0.050252 0.024662 0.131789
v -0.051681 0.022558 0.131581
v -0.051681 0.022558 0.131581
v -0.050000 0.025781 0.132895
v -0.050000 0.025781 0.132895
v -0.043768 0.029533 0.127936
v -0.043768 0.029533 0.127936
v -0.043768 0.029533 0.127936
v -0.041951 0.030991 0.127763
v -0.047590 0.033457 0.132921
v -0.048191 0.032097 0.133539
v -0.045298 0.030307 0.132551
v -0.048158 0.028445 0.133326
v -0.043302 0.033942 0.133834
v -0.043302 0.033942 0.133834
v -0.043302 0.033942 0.133834
v -0.043105 0.033260 0.133604
v -0.045203 0.031330 0.133403
v -0.043567 0.031972 0.132932
v -0.043567 0.031972 0.132932
v -0.047637 0.030079 0.133718
v -0.042382 0.032296 0.131961
v -0.042382 0.032296 0.131961
v -0.041151 0.034120 0.133340
v -0.039653 0.038413 0.133563
v -0.039653 0.038413 0.133563
v -0.039653 0.038413 0.133563
v -0.035149 0.040945 0.131778
v -0.035137 0.040823 0.133053
v -0.036627 0.040052 0.133374
v -0.036627 0.040052 0.133374
v -0.032619 0.041312 0.133670
v -0.032619 0.041312 0.133670
v -0.034186 0.040068 0.133981
v -0.034186 0.040068 0.133981
v -0.038997 0.037524 0.133923
v -0.038997 0.037524 0.133923
v -0.038682 0.036104 0.133716
v -0.038682 0.036104 0.133716
v -0.036021 0.038157 0.133983
v -0.036021 0.038157 0.133983
v -0.037123 0.036297 0.133435
v -0.034496 0.037618 0.133617
v -0.034496 0.037618 0.133617
v -0.035271 0.036584 0.132629
v -0.035271 0.036584 0.132629
v -0.030997 0.040128 0.123243
v -0.026368 0.041090 0.120872
v -0.022173 0.041695 0.121211
v -0.023332 0.041802 0.124336
v -0.023332 0.041802 0.124336
v -0.028007 0.040980 0.124451
v -0.028007 0.040980 0.124451
v -0.019655 0.041638 0.117850
v -0.019655 0.041638 0.117850
v -0.019655 0.041638 0.117850
v -0.015066 0.036167 0.115158
v -0.015066 0.036167 0.115158
v -0.014687 0.035508 0.109036
v -0.014687 0.035508 0.109036
v -0.016180 0.041486 0.116610
v -0.016180 0.041486 0.116610
v -0.018973 0.041999 0.124208
v -0.016072 0.041907 0.124255
v -0.016072 0.041907 0.124255
v -0.011715 0.040946 0.115822
v -0.011715 0.040946 0.115822
v -0.011715 0.040946 0.115822
v -0.013669 0.041488 0.119969
v -0.013669 0.041488 0.119969
v -0.012037 0.041441 0.123712
v -0.008623 0.040507 0.120073
v -0.021552 0.042925 0.128924
v -0.021552 0.042925 0.128924
v -0.019457 0.042304 0.126479
v -0.019457 0.042304 0.126479
v -0.019457 0.042304 0.126479
v -0.023801 0.042044 0.126619
v -0.023801 0.042044 0.126619
v -0.025808 0.042101 0.127810
v -0.025559 0.043512 0.131567
v -0.022554 0.043835 0.131505
v -0.024269 0.043726 0.133170
v -0.022389 0.043916 0.132778
v -0.019218 0.044170 0.132475
v -0.024072 0.043418 0.133736
v -0.024072 0.043418 0.133736
v -0.019162 0.044086 0.133307
v -0.019162 0.044086 0.133307
v -0.019456 0.043440 0.134023
v -0.017319 0.042553 0.127845
v -0.017158 0.043889 0.131280
v -0.017158 0.043889 0.131280
v -0.010843 0.041554 0.126690
v -0.010843 0.041554 0.126690
v -0.010843 0.041554 0.126690
v -0.007121 0.040435 0.124878
v -0.007121 0.040435 0.124878
v -0.007121 0.040435 0.124878
v -0.013508 0.042020 0.126801
v -0.014263 0.042881 0.129357
v -0.015932 0.044047 0.132588
v -0.015003 0.043930 0.133529
v -0.015018 0.043352 0.134096
v -0.015018 0.043352 0.134096
v -0.015018 0.043352 0.134096
v -0.015018 0.043352 0.134096
v -0.012685 0.043628 0.132223
v -0.012093 0.043333 0.131337
v -0.010023 0.042285 0.129535
v -0.010023 0.042285 0.129535
v -0.008310 0.041248 0.127682
v -0.008310 0.041248 0.127682
v -0.010807 0.043436 0.132701
v -0.010807 0.043436 0.132701
v -0.012200 0.043436 0.133622
v -0.009584 0.042643 0.134163
v -0.009584 0.042643 0.134163
v -0.011851 0.042183 0.134375
v -0.008375 0.042790 0.131937
v -0.008375 0.042790 0.131937
v -0.008053 0.042760 0.133451
v -0.035060 0.038631 0.122772
v -0.033348 0.035230 0.125525
v -0.030747 0.035813 0.123969
v -0.030747 0.035813 0.123969
v -0.026560 0.035937 0.118516
v -0.026560 0.035937 0.118516
v -0.026824 0.036823 0.123717
v -0.034280 0.039597 0.127032
v -0.034280 0.039597 0.127032
v -0.031500 0.040382 0.126340
v -0.031271 0.041200 0.128813
v -0.029515 0.041266 0.127724
v -0.030919 0.036897 0.128477
v -0.030919 0.036897 0.128477
v -0.025988 0.038089 0.128475
v -0.022385 0.037017 0.121407
v -0.022385 0.037017 0.121407
v -0.021582 0.038577 0.128287
v -0.019123 0.037706 0.123891
v -0.015054 0.036947 0.120796
v -0.015502 0.037868 0.125404
v -0.031693 0.042121 0.131513
v -0.031693 0.042121 0.131513
v -0.028519 0.042966 0.131531
v -0.029457 0.042498 0.133517
v -0.029457 0.042498 0.133517
v -0.029457 0.042498 0.133517
v -0.029457 0.042498 0.133517
v -0.029457 0.042498 0.133517
v -0.029457 0.042498 0.133517
v -0.030692 0.042497 0.132488
v -0.030692 0.042497 0.132488
v -0.033017 0.041706 0.132842
v -0.033017 0.041706 0.132842
v -0.029535 0.041506 0.134049
v -0.031986 0.039223 0.133961
v -0.027568 0.043150 0.133118
v -0.027999 0.039811 0.133718
v -0.027999 0.039811 0.133718
v -0.028545 0.040655 0.134074
v -0.028545 0.040655 0.134074
v -0.026397 0.039705 0.133324
v -0.030636 0.038643 0.133347
v -0.030672 0.038121 0.132404
v -0.026411 0.039260 0.132484
v -0.026411 0.039260 0.132484
v -0.026411 0.039260 0.132484
v -0.026411 0.039260 0.132484
v -0.022224 0.039877 0.132764
v -0.022224 0.039877 0.132764
v -0.022224 0.039877 0.132764
v -0.022780 0.042519 0.134166
v -0.022740 0.041317 0.134123
v -0.016943 0.041333 0.134162
v -0.016943 0.041333 0.134162
v -0.021804 0.040404 0.133552
v -0.021804 0.040404 0.133552
v -0.021804 0.040404 0.133552
v -0.017405 0.038817 0.128918
v -0.019747 0.039733 0.131976
v -0.019747 0.039733 0.131976
v -0.013109 0.038059 0.127534
v -0.010596 0.036312 0.121185
v -0.008343 0.036704 0.125987
v -0.008343 0.036704 0.125987
v -0.010181 0.037939 0.129141
v -0.018584 0.040474 0.133611
v -0.018584 0.040474 0.133611
v -0.015601 0.039810 0.132478
v -0.015378 0.040379 0.133594
v -0.015378 0.040379 0.133594
v -0.015378 0.040379 0.133594
v -0.013404 0.041346 0.134292
v -0.013404 0.041346 0.134292
v -0.010911 0.039267 0.132959
v -0.010911 0.039267 0.132959
v -0.011724 0.040101 0.133906
v -0.008285 0.040156 0.134419
v -0.007554 0.038981 0.133895
v -0.010729 0.040489 0.112512
v -0.010729 0.040489 0.112512
v -0.007265 0.039863 0.114282
v -0.007310 0.039578 0.110766
v -0.007310 0.039578 0.110766
v -0.008535 0.035253 0.117676
v -0.004720 0.038916 0.111342
v -0.002022 0.037788 0.112372
v -0.005811 0.033996 0.114958
v -0.005811 0.033996 0.114958
v -0.005811 0.033996 0.114958
v -0.005811 0.033996 0.114958
v -0.006066 0.033380 0.106728
v -0.004146 0.039028 0.118171
v -0.004146 0.039028 0.118171
v -0.000464 0.037699 0.121966
v -0.000464 0.037699 0.121966
v 0.001407 0.036382 0.117411
v 0.006550 0.032711 0.109753
v 0.005836 0.033544 0.115059
v 0.008329 0.031470 0.110627
v 0.008329 0.031470 0.110627
v 0.004315 0.034814 0.119725
v 0.009639 0.030494 0.113359
v 0.009639 0.030494 0.113359
v 0.009458 0.030852 0.117435
v -0.004216 0.039838 0.127156
v -0.004216 0.039838 0.127156
v -0.004216 0.039838 0.127156
v -0.003535 0.039180 0.124831
v -0.003535 0.039180 0.124831
v 0.000113 0.037697 0.125716
v -0.006681 0.041659 0.130137
v -0.001867 0.039253 0.128469
v -0.005177 0.041982 0.132223
v -0.005177 0.041982 0.132223
v -0.005177 0.041982 0.132223
v -0.001964 0.040670 0.131906
v -0.001964 0.040670 0.131906
v -0.003948 0.041599 0.132716
v 0.002805 0.036908 0.128558
v 0.001958 0.038918 0.132307
v 0.001958 0.038918 0.132307
v 0.002806 0.036172 0.125732
v 0.002806 0.036172 0.125732
v 0.005352 0.034529 0.125403
v 0.007425 0.032689 0.120932
v 0.007425 0.032689 0.120932
v -0.012333 0.036405 0.119755
v -0.012333 0.036405 0.119755
v -0.006292 0.035264 0.122081
v -0.002761 0.033302 0.119332
v 0.001972 0.029464 0.110006
v 0.002252 0.030058 0.116712
v 0.002252 0.030058 0.116712
v 0.002252 0.030058 0.116712
v 0.003445 0.027875 0.099520
v 0.003445 0.027875 0.099520
v 0.005410 0.026944 0.111333
v -0.000393 0.032003 0.118992
v -0.000393 0.032003 0.118992
v -0.000393 0.032003 0.118992
v 0.002323 0.031136 0.123085
v 0.002323 0.031136 0.123085
v 0.005046 0.027855 0.116043
v 0.008421 0.024598 0.115692
v 0.008421 0.024598 0.115692
v 0.004918 0.028633 0.120337
v 0.006871 0.026902 0.119877
v 0.006871 0.026902 0.119877
v 0.006871 0.026902 0.119877
v 0.006871 0.026902 0.119877
v 0.010384 0.023610 0.121814
v 0.010384 0.023610 0.121814
v -0.004273 0.035469 0.126784
v -0.006763 0.037108 0.129591
v -0.001938 0.033819 0.124086
v -0.002635 0.035472 0.129457
v -0.002635 0.035472 0.129457
v 0.000686 0.033524 0.128766
v -0.007167 0.038277 0.132970
v -0.007167 0.038277 0.132970
v -0.007167 0.038277 0.132970
v -0.007167 0.038277 0.132970
v -0.005119 0.037913 0.133629
v -0.003736 0.037016 0.132811
v -0.001088 0.036043 0.133523
v -0.001088 0.036043 0.133523
v -0.001088 0.036043 0.133523
v -0.001088 0.036043 0.133523
v 0.001165 0.034617 0.132921
v 0.001165 0.034617 0.132921
v 0.005353 0.030181 0.128373
v 0.007102 0.027684 0.124405
v 0.007102 0.027684 0.124405
v 0.007102 0.027684 0.124405
v 0.010196 0.030304 0.120142
v 0.010196 0.030304 0.120142
v 0.008832 0.031730 0.124450
v 0.008832 0.031730 0.124450
v 0.011462 0.029220 0.123193
v 0.008927 0.025842 0.124239
v 0.008927 0.025842 0.124239
v 0.008927 0.025842 0.124239
v 0.003186 0.032044 0.129176
v 0.006774 0.033798 0.127086
v 0.005765 0.035174 0.129099
v 0.004543 0.037399 0.132298
v 0.004543 0.037399 0.132298
v 0.004404 0.032742 0.133399
v 0.009392 0.032680 0.129664
v 0.007570 0.035378 0.132289
v 0.009725 0.031363 0.127059
v 0.009725 0.031363 0.127059
v 0.011824 0.029064 0.125559
v 0.012217 0.029526 0.128713
v 0.012217 0.029526 0.128713
v 0.007654 0.028438 0.128920
v 0.009695 0.026914 0.130075
v 0.012631 0.022991 0.128759
v 0.012631 0.022991 0.128759
v 0.007427 0.030103 0.132673
v 0.012298 0.025631 0.133444
v -0.005015 0.041723 0.133878
v -0.005015 0.041723 0.133878
v -0.004390 0.041037 0.134347
v -0.004390 0.041037 0.134347
v -0.000928 0.040403 0.133217
v -0.000714 0.039872 0.134223
v -0.000714 0.039872 0.134223
v -0.001589 0.039321 0.134661
v -0.001589 0.039321 0.134661
v -0.003412 0.038591 0.134592
v -0.003707 0.038135 0.134434
v -0.003121 0.037309 0.134038
v -0.000821 0.036699 0.134380
v 0.000839 0.036982 0.134785
v 0.004307 0.037649 0.133403
v 0.004307 0.037649 0.133403
v 0.002348 0.038391 0.134298
v 0.002348 0.038391 0.134298
v 0.002145 0.034815 0.134278
v 0.002145 0.034815 0.134278
v 0.002145 0.034815 0.134278
v 0.006260 0.033109 0.134741
v 0.003603 0.036511 0.134816
v 0.003603 0.036511 0.134816
v 0.004361 0.037106 0.134385
v 0.004361 0.037106 0.134385
v 0.007356 0.035602 0.133355
v 0.007356 0.035602 0.133355
v 0.005143 0.033077 0.134457
v 0.005143 0.033077 0.134457
v 0.010225 0.033396 0.132736
v 0.010225 0.033396 0.132736
v 0.006829 0.034410 0.134806
v 0.006829 0.034410 0.134806
v 0.007081 0.035437 0.134308
v 0.009506 0.033779 0.134048
v 0.009506 0.033779 0.134048
v 0.008895 0.033731 0.134563
v 0.008832 0.030331 0.134562
v 0.008832 0.030331 0.134562
v 0.008216 0.030202 0.134100
v 0.008216 0.030202 0.134100
v 0.012672 0.030716 0.131848
v 0.012707 0.031151 0.133355
v 0.014854 0.028591 0.132240
v 0.014854 0.028591 0.132240
v 0.010704 0.032565 0.134324
v 0.011071 0.030863 0.134899
v 0.011071 0.030863 0.134899
v 0.011071 0.030863 0.134899
v 0.011071 0.030863 0.134899
v 0.013156 0.030563 0.134031
v 0.013156 0.030563 0.134031
v 0.013156 0.030563 0.134031
v 0.012987 0.029975 0.134672
v 0.012987 0.029975 0.134672
v 0.009450 0.028755 0.133609
v 0.013284 0.025649 0.134540
v 0.012800 0.027350 0.134868
v 0.012800 0.027350 0.134868
v 0.014796 0.028865 0.133810
v 0.015499 0.026336 0.134908
v 0.015499 0.026336 0.134908
v -0.046205 0.021608 0.100447
v -0.046205 0.021608 0.100447
v -0.048474 0.018714 0.102763
v -0.048474 0.018714 0.102763
v -0.048474 0.018714 0.102763
v -0.030947 0.031953 0.072059
v -0.030947 0.031953 0.072059
v -0.030947 0.031953 0.072059
v -0.038258 0.028479 0.082649
v -0.038258 0.028479 0.082649
v -0.033312 0.031469 0.083780
v -0.028856 0.033164 0.081824
v -0.037337 0.029741 0.099139
v -0.033776 0.031780 0.098709
v -0.033776 0.031780 0.098709
v -0.030214 0.032969 0.091142
v -0.048614 0.016937 0.083495
v -0.048614 0.016937 0.083495
v -0.052068 0.008575 0.086329
v -0.052068 0.008575 0.086329
v -0.052068 0.008575 0.086329
v -0.052763 0.005397 0.085604
v -0.050489 0.012993 0.082632
v -0.050489 0.012993 0.082632
v -0.044519 0.023600 0.099540
v -0.043383 0.024247 0.086922
v -0.039657 0.028049 0.097851
v -0.042547 0.025621 0.099239
v -0.052256 0.009143 0.096087
v -0.050928 0.012472 0.088860
v -0.050928 0.012472 0.088860
v -0.050928 0.012472 0.088860
v -0.051290 0.012005 0.095409
v -0.051290 0.012005 0.095409
v -0.049762 0.015725 0.097436
v -0.048334 0.018209 0.096146
v -0.048334 0.018209 0.096146
v -0.015040 0.034186 0.068675
v -0.010559 0.033605 0.070386
v -0.007335 0.032558 0.065769
v -0.007335 0.032558 0.065769
v -0.016609 0.034813 0.082156
v -0.016609 0.034813 0.082156
v -0.019928 0.034699 0.078559
v -0.019928 0.034699 0.078559
v -0.013041 0.034377 0.079089
v -0.021547 0.035097 0.098997
v -0.021547 0.035097 0.098997
v -0.023963 0.034402 0.082851
v -0.011935 0.034374 0.085237
v -0.008303 0.033427 0.080919
v -0.005597 0.032275 0.074144
v -0.004136 0.032112 0.087651
v -0.004136 0.032112 0.087651
v -0.004136 0.032112 0.087651
v -0.004136 0.032112 0.087651
v -0.026295 0.034201 0.093014
v -0.026295 0.034201 0.093014
v -0.026295 0.034201 0.093014
v -0.017524 0.035315 0.101081
v -0.039535 0.028841 0.108000
v -0.018124 0.035118 0.092798
v -0.013803 0.034772 0.090723
v -0.013803 0.034772 0.090723
v -0.008405 0.033678 0.090378
v -0.013922 0.035068 0.101431
v -0.010327 0.034352 0.097857
v -0.006103 0.033140 0.099544
v -0.006103 0.033140 0.099544
v -0.000577 0.030384 0.092455
v -0.000577 0.030384 0.092455
v -0.002792 0.031677 0.098573
v -0.002792 0.031677 0.098573
v 0.006983 0.024911 0.102611
v -0.026439 0.033529 0.073545
v -0.021976 0.034152 0.069951
v -0.003824 0.030973 0.061574
v -0.001729 0.030615 0.075772
v 0.000649 0.029499 0.083052
v 0.000649 0.029499 0.083052
v 0.002352 0.028140 0.075099
v -0.057919 0.004794 0.085857
v -0.058157 0.001208 0.086160
v -0.058157 0.001208 0.086160
v -0.058356 0.002420 0.089967
v -0.058647 -0.000449 0.091033
v -0.058647 -0.000449 0.091033
v -0.058115 -0.004435 0.087506
v -0.058498 -0.003253 0.091449
v -0.058283 0.004930 0.091306
v -0.058283 0.004930 0.091306
v -0.057659 0.008279 0.091185
v -0.057659 0.008279 0.091185
v -0.058361 0.006123 0.094135
v -0.058947 -0.002837 0.095848
v -0.058739 0.002670 0.094770
v -0.058739 0.002670 0.094770
v -0.058885 0.000264 0.095657
v -0.058885 0.000264 0.095657
v -0.058406 -0.005908 0.091883
v -0.057253 -0.011297 0.091770
v -0.057253 -0.011297 0.091770
v -0.058409 -0.008421 0.099261
v -0.058409 -0.008421 0.099261
v -0.058409 -0.008421 0.099261
v -0.058409 -0.008421 0.099261
v -0.058837 -0.005691 0.097700
v -0.058837 -0.005691 0.097700
v -0.058671 0.005936 0.098901
v -0.058671 0.005936 0.098901
v -0.059265 0.000357 0.102283
v -0.059094 -0.001343 0.100027
v -0.059094 -0.001343 0.100027
v -0.059094 -0.001343 0.100027
v -0.059091 0.004386 0.103937
v -0.058906 0.008194 0.110725
v -0.058906 0.008194 0.110725
v -0.059109 -0.001931 0.098415
v -0.059248 -0.004517 0.101644
v -0.059248 -0.004517 0.101644
v -0.059331 -0.002915 0.104425
v -0.058907 -0.008208 0.107696
v -0.057353 -0.013322 0.101748
v -0.057353 -0.013322 0.101748
v -0.057942 -0.012078 0.106708
v -0.059843 0.003963 0.116151
v -0.059843 0.003963 0.116151
v -0.059819 -0.003341 0.113249
v -0.059819 -0.003341 0.113249
v -0.059299 -0.006813 0.108997
v -0.059287 -0.009602 0.117317
v -0.059287 -0.009602 0.117317
v -0.056330 -0.016548 0.106084
v -0.056330 -0.016548 0.106084
v -0.057280 -0.014691 0.107982
v -0.056717 -0.016501 0.111567
v -0.056113 -0.017821 0.109616
v -0.056113 -0.017821 0.109616
v -0.056113 -0.017821 0.109616
v -0.058533 -0.011446 0.113154
v -0.057996 0.011485 0.110780
v -0.057996 0.011485 0.110780
v -0.053583 0.009056 0.112613
v -0.053057 0.008884 0.106881
v -0.053750 0.006559 0.108986
v -0.054636 0.004212 0.113488
v -0.054636 0.004212 0.113488
v -0.053777 0.004011 0.105005
v -0.053777 0.004011 0.105005
v -0.057849 0.013090 0.114955
v -0.056958 0.016401 0.120566
v -0.059060 0.010028 0.119440
v -0.054740 0.006803 0.117510
v -0.054740 0.006803 0.117510
v -0.053634 0.010657 0.116464
v -0.053634 0.010657 0.116464
v -0.053634 0.010657 0.116464
v -0.055324 0.007410 0.121272
v -0.052590 0.013129 0.115586
v -0.055536 0.002790 0.118955
v -0.055536 0.002790 0.118955
v -0.055536 0.002790 0.118955
v -0.055536 0.002790 0.118955
v -0.060107 -0.000200 0.116634
v -0.060107 -0.000200 0.116634
v -0.059876 -0.006291 0.117109
v -0.059876 -0.006291 0.117109
v -0.054246 0.000264 0.106730
v -0.054758 0.000323 0.112332
v -0.054375 -0.006229 0.112585
v -0.054375 -0.006229 0.112585
v -0.053855 -0.004795 0.104587
v -0.054697 -0.003183 0.112597
v -0.054233 -0.010557 0.118340
v -0.054233 -0.010557 0.118340
v -0.053392 -0.009110 0.108840
v -0.053392 -0.009110 0.108840
v -0.055677 -0.004455 0.119692
v -0.055677 -0.004455 0.119692
v -0.054869 -0.008065 0.118340
v -0.054869 -0.008065 0.118340
v -0.059861 0.007409 0.122952
v -0.059861 0.007409 0.122952
v -0.060252 0.004893 0.123228
v -0.060252 0.004893 0.123228
v -0.060631 -0.001937 0.122907
v -0.060525 0.001588 0.122808
v -0.060525 0.001588 0.122808
v -0.060360 -0.006932 0.124316
v -0.060360 -0.006932 0.124316
v -0.055905 -0.000869 0.120045
v -0.057043 -0.003049 0.125601
v -0.057043 -0.003049 0.125601
v -0.058210 0.013422 0.122024
v -0.058210 0.013422 0.122024
v -0.057843 0.015463 0.125108
v -0.059021 0.011536 0.124194
v -0.059021 0.011536 0.124194
v -0.058979 0.013291 0.126816
v -0.058979 0.013291 0.126816
v -0.058979 0.013291 0.126816
v -0.059716 0.010688 0.126480
v -0.057954 0.016765 0.127496
v -0.058289 0.019322 0.131046
v -0.060448 0.010002 0.128148
v -0.060613 0.012979 0.130496
v -0.059280 0.016957 0.130862
v -0.060805 0.013393 0.132060
v -0.060805 0.013393 0.132060
v -0.061628 0.010574 0.131794
v -0.061628 0.010574 0.131794
v -0.056982 0.012256 0.132116
v -0.056982 0.012256 0.132116
v -0.054885 0.013219 0.126880
v -0.054885 0.013219 0.126880
v -0.054885 0.013219 0.126880
v -0.054327 0.015846 0.128571
v -0.057733 0.009569 0.132028
v -0.057733 0.009569 0.132028
v -0.056432 0.009025 0.127633
v -0.056432 0.009025 0.127633
v -0.056432 0.009025 0.127633
v -0.060704 0.005321 0.126144
v -0.060704 0.005321 0.126144
v -0.060857 0.000544 0.124994
v -0.060857 0.000544 0.124994
v -0.061599 0.000733 0.127724
v -0.061458 0.004621 0.128177
v -0.061458 0.004621 0.128177
v -0.062526 0.003872 0.130645
v -0.062723 0.001708 0.130673
v -0.062723 0.001708 0.130673
v -0.062723 0.001708 0.130673
v -0.061130 -0.002425 0.126293
v -0.061734 -0.003215 0.128258
v -0.061734 -0.003215 0.128258
v -0.061734 -0.003215 0.128258
v -0.062804 -0.002514 0.130746
v -0.062804 -0.002514 0.130746
v -0.061799 0.008598 0.130623
v -0.061799 0.008598 0.130623
v -0.062557 0.005837 0.131949
v -0.062557 0.005837 0.131949
v -0.060210 0.014394 0.133107
v -0.060210 0.014394 0.133107
v -0.060210 0.014394 0.133107
v -0.061111 0.011263 0.133267
v -0.062011 0.008144 0.132901
v -0.062090 0.006700 0.133299
v -0.059858 0.013240 0.133608
v -0.059858 0.013240 0.133608
v -0.059858 0.013240 0.133608
v -0.062739 0.004090 0.132133
v -0.062739 0.004090 0.132133
v -0.062739 0.004090 0.132133
v -0.061348 0.005537 0.133645
v -0.060300 0.005961 0.133675
v -0.060300 0.005961 0.133675
v -0.057481 0.006570 0.129349
v -0.058419 0.006872 0.132285
v -0.058754 0.008288 0.133211
v -0.058754 0.008288 0.133211
v -0.058754 0.008288 0.133211
v -0.058740 0.003058 0.131618
v -0.059069 0.004717 0.132824
v -0.059069 0.004717 0.132824
v -0.058946 0.011006 0.133684
v -0.059762 0.004879 0.133459
v -0.063067 0.002122 0.132326
v -0.063067 0.002122 0.132326
v -0.062805 0.002132 0.133183
v -0.062805 0.002132 0.133183
v -0.062805 0.002132 0.133183
v -0.063069 -0.001912 0.131840
v -0.063069 -0.001912 0.131840
v -0.063024 -0.002148 0.132740
v -0.063024 -0.002148 0.132740
v -0.062542 -0.000263 0.133377
v -0.062542 -0.000263 0.133377
v -0.061516 -0.001244 0.133716
v -0.061516 -0.001244 0.133716
v -0.060604 0.001759 0.133661
v -0.059626 0.001962 0.133125
v -0.059626 0.001962 0.133125
v -0.060248 -0.000725 0.133494
v -0.058927 -0.001029 0.131727
v -0.058927 -0.001029 0.131727
v -0.058927 -0.001029 0.131727
v -0.059674 -0.001823 0.133083
v -0.059674 -0.001823 0.133083
v -0.054574 0.011453 0.123254
v -0.052949 0.014998 0.121647
v -0.052949 0.014998 0.121647
v -0.053212 0.016333 0.125432
v -0.052703 0.019086 0.128653
v -0.052703 0.019086 0.128653
v -0.056739 0.005423 0.125920
v -0.057093 0.000769 0.125733
v -0.057788 0.001827 0.128409
v -0.057788 0.001827 0.128409
v -0.060759 -0.005278 0.125545
v -0.060759 -0.005278 0.125545
v -0.057738 -0.003831 0.128485
v -0.057738 -0.003831 0.128485
v -0.058094 -0.013975 0.116825
v -0.058094 -0.013975 0.116825
v -0.056075 -0.018842 0.116442
v -0.056075 -0.018842 0.116442
v -0.057132 -0.017289 0.120808
v -0.059438 -0.011542 0.124700
v -0.058406 -0.014447 0.123369
v -0.058819 -0.014445 0.126002
v -0.055825 -0.008766 0.123870
v -0.055825 -0.008766 0.123870
v -0.056982 -0.006550 0.127092
v -0.056982 -0.006550 0.127092
v -0.056982 -0.006550 0.127092
v -0.054778 -0.011714 0.122620
v -0.057417 -0.017477 0.124809
v -0.053017 -0.012989 0.115752
v -0.058275 -0.017189 0.127518
v -0.058275 -0.017189 0.127518
v -0.053325 -0.016002 0.123118
v -0.055411 -0.021285 0.123701
v -0.055411 -0.021285 0.123701
v -0.056843 -0.019894 0.127074
v -0.053988 -0.023831 0.124370
v -0.052771 -0.026358 0.126472
v -0.052771 -0.026358 0.126472
v -0.055312 -0.023138 0.127683
v -0.055312 -0.023138 0.127683
v -0.052749 -0.027382 0.128143
v -0.052749 -0.027382 0.128143
v -0.061232 -0.006563 0.127808
v -0.062670 -0.006053 0.131367
v -0.062670 -0.006053 0.131367
v -0.061787 -0.010356 0.130755
v -0.062821 -0.005559 0.132103
v -0.062015 -0.010521 0.131863
v -0.062163 -0.009127 0.132947
v -0.062163 -0.009127 0.132947
v -0.061237 -0.013606 0.132444
v -0.061237 -0.013606 0.132444
v -0.062535 -0.003920 0.133280
v -0.062535 -0.003920 0.133280
v -0.062535 -0.003920 0.133280
v -0.062535 -0.003920 0.133280
v -0.062535 -0.003920 0.133280
v -0.060388 -0.006020 0.133617
v -0.060388 -0.006020 0.133617
v -0.059512 -0.004908 0.133135
v -0.059512 -0.004908 0.133135
v -0.062358 -0.006723 0.133181
v -0.062358 -0.006723 0.133181
v -0.061542 -0.008118 0.133563
v -0.060495 -0.010115 0.127591
v -0.060495 -0.010115 0.127591
v -0.056733 -0.009796 0.128336
v -0.056733 -0.009796 0.128336
v -0.056733 -0.009796 0.128336
v -0.058332 -0.007930 0.131839
v -0.058332 -0.007930 0.131839
v -0.059612 -0.013797 0.127850
v -0.059305 -0.018298 0.130865
v -0.059305 -0.018298 0.130865
v -0.060891 -0.014346 0.131215
v -0.060891 -0.014346 0.131215
v -0.060998 -0.013025 0.133309
v -0.060998 -0.013025 0.133309
v -0.060998 -0.013025 0.133309
v -0.060667 -0.014394 0.133276
v -0.057896 -0.011394 0.132549
v -0.056836 -0.013907 0.131928
v -0.055744 -0.013038 0.128116
v -0.055744 -0.013038 0.128116
v -0.054626 -0.015998 0.128054
v -0.054626 -0.015998 0.128054
v -0.055965 -0.016420 0.132126
v -0.058812 -0.004935 0.132035
v -0.058936 -0.007945 0.132954
v -0.058936 -0.007945 0.132954
v -0.060159 -0.011402 0.133667
v -0.058559 -0.010927 0.133158
v -0.058559 -0.010927 0.133158
v -0.059284 -0.011867 0.133601
v -0.057586 -0.014262 0.133227
v -0.057546 -0.022324 0.131280
v -0.057546 -0.022324 0.131280
v -0.059378 -0.018817 0.131839
v -0.059378 -0.018817 0.131839
v -0.060151 -0.016418 0.132978
v -0.058205 -0.018939 0.133640
v -0.058205 -0.018939 0.133640
v -0.058205 -0.018939 0.133640
v -0.058205 -0.018939 0.133640
v -0.058205 -0.018939 0.133640
v -0.059279 -0.018538 0.133115
v -0.059279 -0.018538 0.133115
v -0.058180 -0.021325 0.132550
v -0.057459 -0.022019 0.133271
v -0.052782 -0.019516 0.127497
v -0.052782 -0.019516 0.127497
v -0.054590 -0.019472 0.132166
v -0.054590 -0.019472 0.132166
v -0.054590 -0.019472 0.132166
v -0.056028 -0.018460 0.133281
v -0.054175 -0.021961 0.133248
v -0.054175 -0.021961 0.133248
v -0.056700 -0.019287 0.133626
v -0.056700 -0.019287 0.133626
v -0.053012 -0.021365 0.130899
v -0.053293 -0.022150 0.132469
v -0.053293 -0.022150 0.132469
v -0.053293 -0.022150 0.132469
v -0.055263 -0.026069 0.131259
v -0.053972 -0.028190 0.132245
v -0.053672 -0.028082 0.130968
v -0.053672 -0.028082 0.130968
v -0.056209 -0.024794 0.132725
v -0.056209 -0.024794 0.132725
v -0.055905 -0.024641 0.133353
v -0.053277 -0.027021 0.133735
v -0.053277 -0.027021 0.133735
v -0.052344 -0.024778 0.133196
v -0.051738 -0.024087 0.131925
v -0.052566 -0.025813 0.133642
v -0.053543 -0.028373 0.133214
v -0.053543 -0.028373 0.133214
v -0.058022 -0.006603 0.087869
v -0.057957 -0.007710 0.089105
v -0.056272 -0.015662 0.097798
v -0.056272 -0.015662 0.097798
v -0.051264 -0.024268 0.090866
v -0.053351 -0.021301 0.092993
v -0.051785 -0.023819 0.094433
v -0.048749 -0.027482 0.092667
v -0.048749 -0.027482 0.092667
v -0.048749 -0.027482 0.092667
v -0.048749 -0.027482 0.092667
v -0.054140 -0.020013 0.095209
v -0.054212 -0.020233 0.099314
v -0.050818 -0.025478 0.098955
v -0.049488 -0.026950 0.096113
v -0.049488 -0.026950 0.096113
v -0.052651 -0.023139 0.099388
v -0.052651 -0.023139 0.099388
v -0.052090 -0.024164 0.102257
v -0.047880 -0.029275 0.101148
v -0.047880 -0.029275 0.101148
v -0.046268 -0.029868 0.089576
v -0.046284 -0.030241 0.092468
v -0.043676 -0.032502 0.092013
v -0.045528 -0.031102 0.094568
v -0.039818 -0.035385 0.093333
v -0.039818 -0.035385 0.093333
v -0.043591 -0.033276 0.102101
v -0.041627 -0.034490 0.098143
v -0.041627 -0.034490 0.098143
v -0.041627 -0.034490 0.098143
v -0.041627 -0.034490 0.098143
v -0.039424 -0.035993 0.097615
v -0.040031 -0.036003 0.100339
v -0.036270 -0.037728 0.097744
v -0.055561 -0.018209 0.103583
v -0.055561 -0.018209 0.103583
v -0.053632 -0.021817 0.104643
v -0.053632 -0.021817 0.104643
v -0.054676 -0.020173 0.105872
v -0.054229 -0.021772 0.112991
v -0.054229 -0.021772 0.112991
v -0.050754 -0.026227 0.103685
v -0.050754 -0.026227 0.103685
v -0.051544 -0.025442 0.108833
v -0.051544 -0.025442 0.108833
v -0.051637 -0.015123 0.111248
v -0.051637 -0.015123 0.111248
v -0.050218 -0.017517 0.108910
v -0.051851 -0.012442 0.101354
v -0.051851 -0.012442 0.101354
v -0.052500 -0.011604 0.106512
v -0.050490 -0.015306 0.097307
v -0.047625 -0.023161 0.115803
v -0.045822 -0.024611 0.111280
v -0.045822 -0.024611 0.111280
v -0.047267 -0.022248 0.108205
v -0.047267 -0.022248 0.108205
v -0.049012 -0.019215 0.106279
v -0.049215 -0.028119 0.105378
v -0.050546 -0.026965 0.109813
v -0.050546 -0.026965 0.109813
v -0.045611 -0.031879 0.106088
v -0.050910 -0.027377 0.118426
v -0.048711 -0.029309 0.111797
v -0.042845 -0.034140 0.106499
v -0.039385 -0.036357 0.102929
v -0.040184 -0.036153 0.105867
v -0.045865 -0.032100 0.112743
v -0.045865 -0.032100 0.112743
v -0.043810 -0.026539 0.109450
v -0.041884 -0.029044 0.114072
v -0.041718 -0.028404 0.108319
v -0.039775 -0.030159 0.110052
v -0.039775 -0.030159 0.110052
v -0.043080 -0.034552 0.113628
v -0.039238 -0.029780 0.101131
v -0.039238 -0.029780 0.101131
v -0.037330 -0.031689 0.108363
v -0.037330 -0.031689 0.108363
v -0.037783 -0.032257 0.115221
v -0.037783 -0.032257 0.115221
v -0.034879 -0.033374 0.110680
v -0.036500 -0.031871 0.104090
v -0.036500 -0.031871 0.104090
v -0.040233 -0.036321 0.108987
v -0.035666 -0.038633 0.107036
v -0.037105 -0.038366 0.114319
v -0.037105 -0.038366 0.114319
v -0.040554 -0.036549 0.116989
v -0.028507 -0.040280 0.088784
v -0.030664 -0.039826 0.093162
v -0.026425 -0.041023 0.093999
v -0.026425 -0.041023 0.093999
v -0.032712 -0.039244 0.096022
v -0.029341 -0.040527 0.096923
v -0.029341 -0.040527 0.096923
v -0.024650 -0.041196 0.089687
v -0.024650 -0.041196 0.089687
v -0.021039 -0.041683 0.090460
v -0.016452 -0.041511 0.086629
v -0.016452 -0.041511 0.086629
v -0.022930 -0.041742 0.093708
v -0.022930 -0.041742 0.093708
v -0.017864 -0.041899 0.091961
v -0.018560 -0.042289 0.096554
v -0.018560 -0.042289 0.096554
v -0.014448 -0.041918 0.093485
v -0.032953 -0.039616 0.103177
v -0.029418 -0.040776 0.101711
v -0.024688 -0.041826 0.099343
v -0.024688 -0.041826 0.099343
v -0.027735 -0.041436 0.102706
v -0.027735 -0.041436 0.102706
v -0.027735 -0.041436 0.102706
v -0.031095 -0.040513 0.104311
v -0.028262 -0.041458 0.107520
v -0.028262 -0.041458 0.107520
v -0.028262 -0.041458 0.107520
v -0.023669 -0.042203 0.103378
v -0.033553 -0.039794 0.109642
v -0.030782 -0.040596 0.106545
v -0.030782 -0.040596 0.106545
v -0.033666 -0.040029 0.114392
v -0.033666 -0.040029 0.114392
v -0.026393 -0.036509 0.108839
v -0.030094 -0.035154 0.106543
v -0.030094 -0.035154 0.106543
v -0.030094 -0.035154 0.106543
v -0.029507 -0.036096 0.114509
v -0.029507 -0.036096 0.114509
v -0.026412 -0.042131 0.111254
v -0.013965 -0.042165 0.097247
v -0.013965 -0.042165 0.097247
v -0.017923 -0.042405 0.099736
v -0.017923 -0.042405 0.099736
v -0.014898 -0.042369 0.101453
v -0.014898 -0.042369 0.101453
v -0.019817 -0.042701 0.106134
v -0.019637 -0.042731 0.104252
v -0.019637 -0.042731 0.104252
v -0.023382 -0.042422 0.108084
v -0.020375 -0.042906 0.108296
v -0.017303 -0.042629 0.102934
v -0.017303 -0.042629 0.102934
v -0.012081 -0.042135 0.100123
v -0.012081 -0.042135 0.100123
v -0.011961 -0.042341 0.103601
v -0.011961 -0.042341 0.103601
v -0.015134 -0.042717 0.106537
v -0.016963 -0.042767 0.107113
v -0.016963 -0.042767 0.107113
v -0.052088 -0.015923 0.116978
v -0.050828 -0.018140 0.115759
v -0.049371 -0.020706 0.115880
v -0.049371 -0.020706 0.115880
v -0.049371 -0.020706 0.115880
v -0.049873 -0.021446 0.120898
v -0.051334 -0.019494 0.122115
v -0.051334 -0.019494 0.122115
v -0.053431 -0.023757 0.117716
v -0.046338 -0.025617 0.119139
v -0.046338 -0.025617 0.119139
v -0.046338 -0.025617 0.119139
v -0.044253 -0.027133 0.115706
v -0.044253 -0.027133 0.115706
v -0.044652 -0.028280 0.122018
v -0.049305 -0.029297 0.118778
v -0.046592 -0.032361 0.122112
v -0.043575 -0.035076 0.123431
v -0.048610 -0.024031 0.122896
v -0.048610 -0.024031 0.122896
v -0.050815 -0.022895 0.127672
v -0.049070 -0.025309 0.127674
v -0.051523 -0.027237 0.124131
v -0.050045 -0.030168 0.127423
v -0.048600 -0.030743 0.124551
v -0.046446 -0.027960 0.126580
v -0.046446 -0.027960 0.126580
v -0.047272 -0.033125 0.127619
v -0.047272 -0.033125 0.127619
v -0.043214 -0.030982 0.126308
v -0.043214 -0.030982 0.126308
v -0.042551 -0.029860 0.120766
v -0.042551 -0.029860 0.120766
v -0.042551 -0.029860 0.120766
v -0.040022 -0.031146 0.117751
v -0.040022 -0.031146 0.117751
v -0.035598 -0.034151 0.118683
v -0.035598 -0.034151 0.118683
v -0.040832 -0.032370 0.124806
v -0.038299 -0.033443 0.122334
v -0.050882 -0.031429 0.130866
v -0.050882 -0.031429 0.130866
v -0.048986 -0.027499 0.131452
v -0.047332 -0.027799 0.128568
v -0.047332 -0.027799 0.128568
v -0.049256 -0.028311 0.132884
v -0.049256 -0.028311 0.132884
v -0.049256 -0.028311 0.132884
v -0.048764 -0.030339 0.133610
v -0.048764 -0.030339 0.133610
v -0.048764 -0.030339 0.133610
v -0.046063 -0.031146 0.132315
v -0.045881 -0.030082 0.130109
v -0.045881 -0.030082 0.130109
v -0.043584 -0.031840 0.129431
v -0.043584 -0.031840 0.129431
v -0.041172 -0.032978 0.127449
v -0.041172 -0.032978 0.127449
v -0.032119 -0.034902 0.112724
v -0.032588 -0.034266 0.107846
v -0.032200 -0.035393 0.116698
v -0.026875 -0.037123 0.116051
v -0.023990 -0.037318 0.112252
v -0.031561 -0.036671 0.121554
v -0.027724 -0.038085 0.122519
v -0.027724 -0.038085 0.122519
v -0.023550 -0.037718 0.115219
v -0.023844 -0.038415 0.119858
v -0.023844 -0.038415 0.119858
v -0.020728 -0.038693 0.119263
v -0.020728 -0.038693 0.119263
v -0.022024 -0.037297 0.109039
v -0.022024 -0.037297 0.109039
v -0.022024 -0.037297 0.109039
v -0.020288 -0.037986 0.114083
v -0.020288 -0.037986 0.114083
v -0.017873 -0.037906 0.112713
v -0.017873 -0.037906 0.112713
v -0.010648 -0.037510 0.114353
v -0.010648 -0.037510 0.114353
v -0.008600 -0.036469 0.107931
v -0.012318 -0.037100 0.107118
v -0.016889 -0.042951 0.109473
v -0.016889 -0.042951 0.109473
v -0.011701 -0.042647 0.111548
v -0.011701 -0.042647 0.111548
v -0.014486 -0.037305 0.107350
v -0.017465 -0.038735 0.118532
v -0.017465 -0.038735 0.118532
v -0.014259 -0.038175 0.115961
v -0.014259 -0.038175 0.115961
v -0.012621 -0.038318 0.118016
v -0.012621 -0.038318 0.118016
v -0.014427 -0.039378 0.122654
v -0.018962 -0.039922 0.124686
v -0.018962 -0.039922 0.124686
v -0.018962 -0.039922 0.124686
v -0.009885 -0.038269 0.120583
v -0.009885 -0.038269 0.120583
v -0.009885 -0.038269 0.120583
v -0.009901 -0.039198 0.124974
v -0.009901 -0.039198 0.124974
v -0.006992 -0.037754 0.121932
v -0.007005 -0.039017 0.126971
v -0.007005 -0.039017 0.126971
v -0.004390 -0.037783 0.125665
v -0.031690 -0.040722 0.112159
v -0.020417 -0.042895 0.110631
v -0.046184 -0.033320 0.125620
v -0.044130 -0.035249 0.126331
v -0.044130 -0.035249 0.126331
v -0.035029 -0.040056 0.122676
v -0.035029 -0.040056 0.122676
v -0.040585 -0.037332 0.124720
v -0.040585 -0.037332 0.124720
v -0.041466 -0.037579 0.127566
v -0.043717 -0.036343 0.128187
v -0.043717 -0.036343 0.128187
v -0.038860 -0.034460 0.127233
v -0.039628 -0.038727 0.127568
v -0.037549 -0.039449 0.126393
v -0.037549 -0.039449 0.126393
v -0.037809 -0.038734 0.123133
v -0.037809 -0.038734 0.123133
v -0.036391 -0.035409 0.125636
v -0.036391 -0.035409 0.125636
v -0.035399 -0.040323 0.125644
v -0.034077 -0.037081 0.127313
v -0.034077 -0.037081 0.127313
v -0.052984 -0.029334 0.131761
v -0.052984 -0.029334 0.131761
v -0.051643 -0.031141 0.132279
v -0.048486 -0.034290 0.131690
v -0.048486 -0.034290 0.131690
v -0.051309 -0.031298 0.133096
v -0.051309 -0.031298 0.133096
v -0.051483 -0.030058 0.133615
v -0.048314 -0.032615 0.133824
v -0.048314 -0.032615 0.133824
v -0.050027 -0.032046 0.133469
v -0.050027 -0.032046 0.133469
v -0.048721 -0.034251 0.132595
v -0.048553 -0.033699 0.133391
v -0.048553 -0.033699 0.133391
v -0.044808 -0.037159 0.131212
v -0.046698 -0.035808 0.132000
v -0.046698 -0.035808 0.132000
v -0.046434 -0.031623 0.133123
v -0.044461 -0.034426 0.133586
v -0.043523 -0.034015 0.133047
v -0.047021 -0.035182 0.133276
v -0.047021 -0.035182 0.133276
v -0.045333 -0.037014 0.132365
v -0.045333 -0.037014 0.132365
v -0.047302 -0.034171 0.133670
v -0.047302 -0.034171 0.133670
v -0.047302 -0.034171 0.133670
v -0.045248 -0.034769 0.133736
v -0.045248 -0.034769 0.133736
v -0.043936 -0.037137 0.133595
v -0.043936 -0.037137 0.133595
v -0.043936 -0.037137 0.133595
v -0.042552 -0.033713 0.131595
v -0.042552 -0.033713 0.131595
v -0.042552 -0.033713 0.131595
v -0.042936 -0.036687 0.133762
v -0.045381 -0.036764 0.133084
v -0.041679 -0.039634 0.132266
v -0.041679 -0.039634 0.132266
v -0.042582 -0.038683 0.133238
v -0.039896 -0.035707 0.131945
v -0.039896 -0.035707 0.131945
v -0.040605 -0.039885 0.131134
v -0.040605 -0.039885 0.131134
v -0.041742 -0.034710 0.132407
v -0.041742 -0.034710 0.132407
v -0.041365 -0.036190 0.133437
v -0.039493 -0.036994 0.133210
v -0.039493 -0.036994 0.133210
v -0.037690 -0.036845 0.131516
v -0.037690 -0.036845 0.131516
v -0.037690 -0.036845 0.131516
v -0.038178 -0.041361 0.131398
v -0.038178 -0.041361 0.131398
v -0.039533 -0.040498 0.133318
v -0.039368 -0.039410 0.133769
v -0.037217 -0.042007 0.132466
v -0.037217 -0.042007 0.132466
v -0.035233 -0.042135 0.133648
v -0.035233 -0.042135 0.133648
v -0.031399 -0.037952 0.126579
v -0.031399 -0.037952 0.126579
v -0.033813 -0.039055 0.132226
v -0.035180 -0.042360 0.130559
v -0.033197 -0.041896 0.127803
v -0.032907 -0.043879 0.132139
v -0.032907 -0.043879 0.132139
v -0.035397 -0.042662 0.133137
v -0.030874 -0.043590 0.129865
v -0.037824 -0.037530 0.132787
v -0.037824 -0.037530 0.132787
v -0.038429 -0.038636 0.133649
v -0.038429 -0.038636 0.133649
v -0.038429 -0.038636 0.133649
v -0.037168 -0.038456 0.133344
v -0.037168 -0.038456 0.133344
v -0.033764 -0.041481 0.133848
v -0.031618 -0.040385 0.132933
v -0.031034 -0.041370 0.133555
v -0.031034 -0.041370 0.133555
v -0.030276 -0.043377 0.133843
v -0.029154 -0.041698 0.115280
v -0.029154 -0.041698 0.115280
v -0.026902 -0.042477 0.118597
v -0.023406 -0.042835 0.114590
v -0.023406 -0.042835 0.114590
v -0.030801 -0.041684 0.122406
v -0.025708 -0.043181 0.124040
v -0.025708 -0.043181 0.124040
v -0.030840 -0.042100 0.125674
v -0.024464 -0.043086 0.120502
v -0.024899 -0.039268 0.124811
v -0.021287 -0.043669 0.123332
v -0.020592 -0.043231 0.116008
v -0.016629 -0.043229 0.114744
v -0.015583 -0.043589 0.119491
v -0.015583 -0.043589 0.119491
v -0.018468 -0.043766 0.122077
v -0.018468 -0.043766 0.122077
v -0.018468 -0.043766 0.122077
v -0.009020 -0.042795 0.120721
v -0.009020 -0.042795 0.120721
v -0.009020 -0.042795 0.120721
v -0.009558 -0.042576 0.115365
v -0.028490 -0.038987 0.126817
v -0.029552 -0.040272 0.131561
v -0.029552 -0.040272 0.131561
v -0.029552 -0.040272 0.131561
v -0.025742 -0.039963 0.127845
v -0.025742 -0.039963 0.127845
v -0.028225 -0.043341 0.127458
v -0.028225 -0.043341 0.127458
v -0.026163 -0.043419 0.126102
v -0.026163 -0.043419 0.126102
v -0.028084 -0.045229 0.131933
v -0.022866 -0.039632 0.124831
v -0.022866 -0.039632 0.124831
v -0.021694 -0.039228 0.122495
v -0.020806 -0.040817 0.128318
v -0.022911 -0.044024 0.126553
v -0.024733 -0.044444 0.128510
v -0.024080 -0.045730 0.131204
v -0.024080 -0.045730 0.131204
v -0.024080 -0.045730 0.131204
v -0.021485 -0.044905 0.128658
v -0.021485 -0.044905 0.128658
v -0.019638 -0.044271 0.126430
v -0.026913 -0.041935 0.133204
v -0.030755 -0.044227 0.133341
v -0.030755 -0.044227 0.133341
v -0.028707 -0.045034 0.132881
v -0.028707 -0.045034 0.132881
v -0.026835 -0.045089 0.133511
v -0.026529 -0.041247 0.132090
v -0.026529 -0.041247 0.132090
v -0.026063 -0.042666 0.133622
v -0.026063 -0.042666 0.133622
v -0.023620 -0.041735 0.132042
v -0.023620 -0.041735 0.132042
v -0.025459 -0.043585 0.133886
v -0.025459 -0.043585 0.133886
v -0.024774 -0.044740 0.133866
v -0.024882 -0.045883 0.132637
v -0.020145 -0.042006 0.131738
v -0.023314 -0.046008 0.132631
v -0.023314 -0.046008 0.132631
v -0.023314 -0.046008 0.132631
v -0.019180 -0.046245 0.131484
v -0.019180 -0.046245 0.131484
v -0.021374 -0.046322 0.132531
v -0.021955 -0.046051 0.133374
v -0.022801 -0.042405 0.133014
v -0.022397 -0.043764 0.133909
v -0.022397 -0.043764 0.133909
v -0.020423 -0.042877 0.133307
v -0.020423 -0.042877 0.133307
v -0.020423 -0.042877 0.133307
v -0.023128 -0.045660 0.133551
v -0.018127 -0.044281 0.133951
v -0.020442 -0.046261 0.133091
v -0.019722 -0.045480 0.133889
v -0.017740 -0.044025 0.124918
v -0.014070 -0.043627 0.122598
v -0.014070 -0.043627 0.122598
v -0.014406 -0.040526 0.127348
v -0.013422 -0.043766 0.124841
v -0.016500 -0.044658 0.127589
v -0.012013 -0.044160 0.127411
v -0.012013 -0.044160 0.127411
v -0.009501 -0.043127 0.124141
v -0.009501 -0.043127 0.124141
v -0.018693 -0.040770 0.128025
v -0.016278 -0.041174 0.129244
v -0.016894 -0.042172 0.131920
v -0.016894 -0.042172 0.131920
v -0.012193 -0.041529 0.131400
v -0.012193 -0.041529 0.131400
v -0.015163 -0.046141 0.131507
v -0.015163 -0.046141 0.131507
v -0.011099 -0.045789 0.131528
v -0.017325 -0.042838 0.133082
v -0.017325 -0.042838 0.133082
v -0.016430 -0.043475 0.133640
v -0.013437 -0.042722 0.133171
v -0.013437 -0.042722 0.133171
v -0.017562 -0.046454 0.132419
v -0.018428 -0.046246 0.133272
v -0.018428 -0.046246 0.133272
v -0.016604 -0.046415 0.132958
v -0.016273 -0.045861 0.133627
v -0.016273 -0.045861 0.133627
v -0.014511 -0.045130 0.133917
v -0.011717 -0.046094 0.132434
v -0.014097 -0.045949 0.133430
v -0.014097 -0.045949 0.133430
v -0.011207 -0.045807 0.133250
v -0.009418 -0.040157 0.128763
v -0.007781 -0.043121 0.126435
v -0.009805 -0.044174 0.128300
v -0.006322 -0.039918 0.130396
v -0.009350 -0.041305 0.132047
v -0.006146 -0.044983 0.132146
v -0.057787 0.020509 0.132275
v -0.059324 0.017268 0.132432
v -0.058508 0.018500 0.133146
v -0.058508 0.018500 0.133146
v -0.058508 0.018500 0.133146
v -0.058508 0.018500 0.133146
v -0.057159 0.019916 0.133580
v -0.057159 0.019916 0.133580
v -0.057159 0.019916 0.133580
v -0.055523 0.019927 0.133702
v -0.055523 0.019927 0.133702
v -0.055523 0.019927 0.133702
v -0.055063 0.018471 0.133192
v -0.055063 0.018471 0.133192
v -0.054405 0.018529 0.132260
v -0.057936 0.016242 0.133714
v -0.056916 0.015798 0.133550
v -0.056916 0.015798 0.133550
v -0.056916 0.015798 0.133550
v -0.056916 0.015798 0.133550
v -0.055875 0.014939 0.131852
v -0.056458 0.015126 0.133052
v -0.056458 0.015126 0.133052
v -0.057765 0.012270 0.133312
v -0.013393 -0.043884 0.133908
v -0.013393 -0.043884 0.133908
v -0.010384 -0.043482 0.133877
v -0.008585 -0.041976 0.133207
v -0.008585 -0.041976 0.133207
v -0.008406 -0.042736 0.133694
v -0.008406 -0.042736 0.133694
v -0.006559 -0.041026 0.132753
v -0.002669 -0.038578 0.130239
v -0.002669 -0.038578 0.130239
v -0.002669 -0.038578 0.130239
v -0.002669 -0.038578 0.130239
v -0.004685 -0.040847 0.133236
v -0.005582 -0.042254 0.133900
v -0.008114 -0.043976 0.133922
v -0.009173 -0.045086 0.133675
v -0.007387 -0.045199 0.133151
v -0.007387 -0.045199 0.133151
v -0.004605 -0.043377 0.133991
v -0.052952 0.007685 0.101639
v -0.052985 0.006132 0.095676
v -0.053844 -0.000101 0.101113
v -0.053844 -0.000101 0.101113
v -0.053633 -0.003670 0.099619
v -0.053109 0.004591 0.092449
v -0.053254 -0.002484 0.087858
v -0.053254 -0.002484 0.087858
v -0.052928 -0.007915 0.098218
v -0.052928 -0.007915 0.098218
v -0.047243 -0.021489 0.101638
v -0.048937 -0.018008 0.092180
v -0.045530 -0.023740 0.101425
v -0.041924 -0.027582 0.102047
v -0.041924 -0.027582 0.102047
v -0.043994 -0.025435 0.100964
v -0.043994 -0.025435 0.100964
v -0.039404 -0.029139 0.090834
v -0.039404 -0.029139 0.090834
v -0.039404 -0.029139 0.090834
v -0.021509 -0.036724 0.099278
v -0.027931 -0.035301 0.096674
v -0.027931 -0.035301 0.096674
v -0.032036 -0.034030 0.101311
v -0.032036 -0.034030 0.101311
v -0.025493 -0.036260 0.102576
v -0.025493 -0.036260 0.102576
v -0.017101 -0.036741 0.094889
v -0.018564 -0.037064 0.102443
v -0.018564 -0.037064 0.102443
v -0.013525 -0.036696 0.097570
v -0.013525 -0.036696 0.097570
v -0.015273 -0.036449 0.087242
v -0.051886 -0.010946 0.092578
v -0.034328 -0.032607 0.095668
v -0.036654 -0.031064 0.090208
v -0.036654 -0.031064 0.090208
v -0.030606 -0.034143 0.090490
v -0.030606 -0.034143 0.090490
v -0.030606 -0.034143 0.090490
v 0.001131 0.033675 0.058635
v 0.004477 0.031803 0.062299
v 0.004477 0.031803 0.062299
v 0.006412 0.030200 0.057563
v 0.006412 0.030200 0.057563
v 0.001407 0.033884 0.066582
v 0.008835 0.028318 0.061579
v 0.008835 0.028318 0.061579
v 0.008681 0.028735 0.067589
v 0.012785 0.023805 0.057559
v 0.012785 0.023805 0.057559
v 0.012785 0.023805 0.057559
v 0.010750 0.026412 0.064580
v 0.013180 0.023587 0.061173
v 0.016313 0.019063 0.057720
v 0.016313 0.019063 0.057720
v 0.017602 0.016682 0.059672
v 0.016172 0.019310 0.062414
v 0.016172 0.019310 0.062414
v 0.012342 0.024841 0.066274
v 0.014289 0.022129 0.065582
v 0.014289 0.022129 0.065582
v 0.014289 0.022129 0.065582
v 0.015763 0.020260 0.067231
v 0.018083 0.015503 0.060352
v 0.017363 0.017408 0.065899
v 0.019133 0.013237 0.063586
v 0.004480 0.032073 0.069573
v 0.004480 0.032073 0.069573
v 0.002732 0.033501 0.073279
v 0.002732 0.033501 0.073279
v 0.004410 0.032313 0.074523
v 0.006604 0.030850 0.076881
v 0.010412 0.027531 0.076195
v 0.008453 0.029511 0.079848
v 0.008453 0.029511 0.079848
v 0.010683 0.027408 0.081276
v 0.010683 0.027408 0.081276
v 0.012897 0.024957 0.078518
v 0.012897 0.024957 0.078518
v 0.012897 0.024957 0.078518
v 0.012419 0.025249 0.075472
v 0.012419 0.025249 0.075472
v 0.011461 0.025992 0.068900
v 0.011461 0.025992 0.068900
v 0.011461 0.025992 0.068900
v 0.014262 0.022663 0.071612
v 0.014262 0.022663 0.071612
v 0.014262 0.022663 0.071612
v 0.015929 0.020393 0.070815
v 0.018181 0.015939 0.069099
v 0.017686 0.016721 0.066653
v 0.017556 0.017731 0.075162
v 0.017556 0.017731 0.075162
v 0.015380 0.021634 0.078324
v 0.015380 0.021634 0.078324
v 0.017708 0.015716 0.055957
v 0.021407 0.004751 0.064375
v 0.021761 0.000764 0.064005
v 0.021761 0.000764 0.064005
v 0.021932 0.001384 0.069558
v 0.021300 -0.009904 0.075637
v 0.019967 -0.013525 0.068353
v 0.022017 0.003055 0.073396
v 0.022017 0.003055 0.073396
v 0.021566 0.006380 0.074840
v 0.021566 0.006380 0.074840
v 0.022284 0.001971 0.078719
v 0.022284 0.001971 0.078719
v 0.022120 0.004751 0.082153
v 0.020863 0.009994 0.079181
v 0.020863 0.009994 0.079181
v 0.020863 0.009994 0.079181
v 0.021839 -0.003342 0.067202
v 0.021839 -0.003342 0.067202
v 0.022320 -0.000814 0.076325
v 0.022320 -0.000814 0.076325
v 0.022194 -0.005211 0.078909
v 0.022194 -0.005211 0.078909
v 0.022194 -0.005211 0.078909
v 0.022194 -0.005211 0.078909
v 0.021398 -0.007263 0.067400
v 0.021398 -0.007263 0.067400
v 0.022474 -0.001926 0.080289
v 0.022474 -0.001926 0.080289
v 0.022577 0.001365 0.083214
v 0.022247 -0.006762 0.084533
v 0.022638 -0.002913 0.084998
v 0.022638 -0.002913 0.084998
v 0.007383 0.030635 0.081563
v 0.005181 0.032529 0.084402
v 0.006619 0.031257 0.084876
v 0.006619 0.031257 0.084876
v 0.009767 0.028702 0.084923
v 0.009767 0.028702 0.084923
v 0.009658 0.028690 0.082348
v 0.012548 0.025317 0.080182
v 0.012548 0.025317 0.080182
v 0.012917 0.025130 0.082019
v 0.012917 0.025130 0.082019
v 0.012728 0.025525 0.084678
v 0.012728 0.025525 0.084678
v 0.012728 0.025525 0.084678
v 0.006730 0.031528 0.087692
v 0.006730 0.031528 0.087692
v 0.008889 0.029836 0.089147
v 0.009846 0.029076 0.093760
v 0.009846 0.029076 0.093760
v 0.009846 0.029076 0.093760
v 0.011202 0.027447 0.089755
v 0.013288 0.025008 0.088907
v 0.013288 0.025008 0.088907
v 0.014984 0.022505 0.082984
v 0.014984 0.022505 0.082984
v 0.016883 0.019507 0.083950
v 0.016883 0.019507 0.083950
v 0.015414 0.022101 0.087416
v 0.015414 0.022101 0.087416
v 0.014830 0.023430 0.093224
v 0.008489 0.030435 0.097726
v 0.008489 0.030435 0.097726
v 0.008489 0.030435 0.097726
v 0.008489 0.030435 0.097726
v 0.012733 0.026428 0.097611
v 0.015865 0.022355 0.097154
v 0.008285 0.031095 0.103128
v 0.008898 0.030475 0.103851
v 0.008898 0.030475 0.103851
v 0.011411 0.028043 0.101005
v 0.010158 0.029559 0.108738
v 0.011916 0.027713 0.106177
v 0.011916 0.027713 0.106177
v 0.011866 0.027553 0.104256
v 0.011866 0.027553 0.104256
v 0.013487 0.025717 0.101605
v 0.013487 0.025717 0.101605
v 0.013487 0.025717 0.101605
v 0.012841 0.026662 0.104441
v 0.018946 0.015393 0.081599
v 0.017463 0.019187 0.090330
v 0.017463 0.019187 0.090330
v 0.019056 0.016085 0.088932
v 0.017968 0.018555 0.092422
v 0.022265 0.007428 0.090923
v 0.022165 0.008212 0.092290
v 0.023785 0.007402 0.092333
v 0.023785 0.007402 0.092333
v 0.014078 0.024825 0.101691
v 0.014078 0.024825 0.101691
v 0.014278 0.024865 0.104952
v 0.014278 0.024865 0.104952
v 0.014827 0.024086 0.102704
v 0.014827 0.024086 0.102704
v 0.016240 0.021958 0.101064
v 0.016240 0.021958 0.101064
v 0.016649 0.021776 0.103439
v 0.016649 0.021776 0.103439
v 0.015918 0.022671 0.106107
v 0.016448 0.021265 0.093799
v 0.016448 0.021265 0.093799
v 0.018338 0.018363 0.098556
v 0.018418 0.018286 0.102850
v 0.018418 0.018286 0.102850
v 0.017819 0.019656 0.105287
v 0.017819 0.019656 0.105287
v 0.017819 0.019656 0.105287
v 0.019280 0.016456 0.104087
v 0.019837 0.015555 0.104049
v 0.022785 0.009026 0.099306
v 0.022785 0.009026 0.099306
v 0.023667 0.008483 0.101187
v 0.024604 0.007504 0.098456
v 0.024604 0.007504 0.098456
v 0.016635 0.008034 0.103903
v 0.016635 0.008034 0.103903
v 0.016644 0.009085 0.110048
v 0.015697 0.011453 0.105878
v 0.015697 0.011453 0.105878
v 0.022374 0.009440 0.101633
v 0.021492 0.010704 0.099632
v 0.022266 0.009411 0.104030
v 0.022266 0.009411 0.104030
v 0.025547 0.007422 0.101230
v 0.025547 0.007422 0.101230
v 0.024625 0.008355 0.104146
v 0.022492 0.009344 0.106740
v 0.022492 0.009344 0.106740
v 0.025782 0.007977 0.103879
v 0.025782 0.007977 0.103879
v 0.025782 0.007977 0.103879
v 0.022290 0.004984 0.085607
v 0.022290 0.004984 0.085607
v 0.022542 0.003735 0.087624
v 0.022542 0.003735 0.087624
v 0.022704 0.000114 0.086381
v 0.022704 0.000114 0.086381
v 0.022839 -0.004016 0.089591
v 0.022775 -0.001675 0.088392
v 0.022775 -0.001675 0.088392
v 0.026503 0.006111 0.098825
v 0.026752 0.006684 0.101477
v 0.026752 0.006684 0.101477
v 0.028007 0.005449 0.101353
v 0.028007 0.005449 0.101353
v 0.028007 0.005449 0.101353
v 0.027940 0.007009 0.104238
v 0.027940 0.007009 0.104238
v 0.029779 0.005729 0.104277
v 0.029779 0.005729 0.104277
v 0.028239 0.007575 0.106003
v 0.028239 0.007575 0.106003
v 0.028239 0.007575 0.106003
v 0.044381 0.010386 0.050412
v 0.042896 0.011199 0.053057
v 0.042896 0.011199 0.053057
v 0.043491 0.011365 0.052925
v 0.043491 0.011365 0.052925
v 0.041479 0.011014 0.052168
v 0.041923 0.010439 0.053981
v 0.041923 0.010439 0.053981
v 0.046064 0.007936 0.050739
v 0.046700 0.002768 0.050229
v 0.048438 0.006045 0.053558
v 0.048438 0.006045 0.053558
v 0.046765 0.009893 0.053105
v 0.046765 0.009893 0.053105
v 0.047591 0.004751 0.052229
v 0.049307 0.003623 0.054327
v 0.048707 0.000952 0.053107
v 0.048707 0.000952 0.053107
v 0.043412 0.011198 0.054865
v 0.044144 0.011268 0.052417
v 0.044144 0.011268 0.052417
v 0.044144 0.011268 0.052417
v 0.046379 0.011047 0.054523
v 0.046379 0.011047 0.054523
v 0.048214 0.010487 0.056040
v 0.048214 0.010487 0.056040
v 0.047767 0.011452 0.057997
v 0.047397 0.008045 0.052888
v 0.047397 0.008045 0.052888
v 0.048295 0.008034 0.053999
v 0.048977 0.008903 0.055588
v 0.048977 0.008903 0.055588
v 0.051605 0.009931 0.060576
v 0.051605 0.009931 0.060576
v 0.052072 0.005006 0.058880
v 0.051950 0.007704 0.059499
v 0.047776 0.011493 0.061288
v 0.048992 0.011226 0.064309
v 0.048992 0.011226 0.064309
v 0.049399 0.011836 0.062796
v 0.050537 0.011057 0.060783
v 0.050173 0.011558 0.061952
v 0.050173 0.011558 0.061952
v 0.048377 0.011645 0.061312
v 0.048377 0.011645 0.061312
v 0.050388 0.011704 0.063647
v 0.050388 0.011704 0.063647
v 0.053241 0.010709 0.064422
v 0.053496 0.009165 0.063082
v 0.054164 0.006382 0.062868
v 0.050225 0.011647 0.064769
v 0.050225 0.011647 0.064769
v 0.053259 0.011302 0.065951
v 0.053259 0.011302 0.065951
v 0.050948 0.011728 0.065736
v 0.050948 0.011728 0.065736
v 0.050948 0.011728 0.065736
v 0.050948 0.011728 0.065736
v 0.049700 0.011167 0.065981
v 0.049700 0.011167 0.065981
v 0.050682 0.011015 0.068121
v 0.050682 0.011015 0.068121
v 0.053668 0.011696 0.068409
v 0.053668 0.011696 0.068409
v 0.053668 0.011696 0.068409
v 0.055286 0.008739 0.066042
v 0.055286 0.008739 0.066042
v 0.055329 0.010272 0.067703
v 0.052467 0.011758 0.068401
v 0.051600 0.011575 0.068085
v 0.051600 0.011575 0.068085
v 0.051621 0.011130 0.069824
v 0.051621 0.011130 0.069824
v 0.055611 0.011179 0.070205
v 0.057323 0.009038 0.070571
v 0.057323 0.009038 0.070571
v 0.054777 0.002007 0.063039
v 0.054777 0.002007 0.063039
v 0.054777 0.002007 0.063039
v 0.056261 0.004898 0.066410
v 0.057618 0.007466 0.070272
v 0.057618 0.007466 0.070272
v 0.058211 0.001616 0.069915
v 0.058211 0.001616 0.069915
v 0.047544 -0.001168 0.051221
v 0.047544 -0.001168 0.051221
v 0.047911 -0.003894 0.052476
v 0.047911 -0.003894 0.052476
v 0.049888 -0.001310 0.054626
v 0.049888 -0.001310 0.054626
v 0.049190 -0.002854 0.054396
v 0.049190 -0.002854 0.054396
v 0.043941 -0.006830 0.052114
v 0.043941 -0.006830 0.052114
v 0.044332 -0.006779 0.053734
v 0.045184 -0.006892 0.054361
v 0.044540 -0.006254 0.055735
v 0.046469 -0.006685 0.056327
v 0.046469 -0.006685 0.056327
v 0.048438 -0.005191 0.053932
v 0.048282 -0.006307 0.055720
v 0.048282 -0.006307 0.055720
v 0.049221 -0.005064 0.055157
v 0.050068 -0.005437 0.056751
v 0.046911 -0.006668 0.055387
v 0.051966 -0.000505 0.058127
v 0.048482 -0.006639 0.058387
v 0.048482 -0.006639 0.058387
v 0.046924 -0.006301 0.058927
v 0.046924 -0.006301 0.058927
v 0.046121 -0.006587 0.056544
v 0.046121 -0.006587 0.056544
v 0.050948 -0.006199 0.060114
v 0.050948 -0.006199 0.060114
v 0.050948 -0.006199 0.060114
v 0.048701 -0.006542 0.060080
v 0.048124 -0.005798 0.061466
v 0.048124 -0.005798 0.061466
v 0.051139 -0.006487 0.062412
v 0.049895 -0.006263 0.062913
v 0.049895 -0.006263 0.062913
v 0.051475 -0.001321 0.057281
v 0.051475 -0.001321 0.057281
v 0.052028 -0.003614 0.058684
v 0.052028 -0.003614 0.058684
v 0.053201 -0.005208 0.061915
v 0.053201 -0.005208 0.061915
v 0.051905 -0.006203 0.066209
v 0.049982 -0.005882 0.064084
v 0.049982 -0.005882 0.064084
v 0.051343 -0.005388 0.067249
v 0.053670 -0.003870 0.074317
v 0.052432 -0.004070 0.071213
v 0.052432 -0.004070 0.071213
v 0.054159 -0.005091 0.073321
v 0.054159 -0.005091 0.073321
v 0.054645 -0.001942 0.062605
v 0.057189 -0.001214 0.067395
v 0.054614 -0.004211 0.063406
v 0.051338 -0.006514 0.063789
v 0.051338 -0.006514 0.063789
v 0.052696 -0.006348 0.064128
v 0.052696 -0.006348 0.064128
v 0.054483 -0.005911 0.065586
v 0.054483 -0.005911 0.065586
v 0.053415 -0.006435 0.066256
v 0.054358 -0.006381 0.069150
v 0.055417 -0.006034 0.067979
v 0.055417 -0.006034 0.067979
v 0.057328 -0.003653 0.068361
v 0.056076 -0.005130 0.067195
v 0.056076 -0.005130 0.067195
v 0.058168 -0.004331 0.070753
v 0.058168 -0.004331 0.070753
v 0.058181 -0.005231 0.072274
v 0.059007 -0.002171 0.071606
v 0.052978 -0.006187 0.068201
v 0.052978 -0.006187 0.068201
v 0.053684 -0.005856 0.071014
v 0.053684 -0.005856 0.071014
v 0.055399 -0.006323 0.070523
v 0.056675 -0.006072 0.071817
v 0.056675 -0.006072 0.071817
v 0.056449 -0.006212 0.073961
v 0.056449 -0.006212 0.073961
v 0.056449 -0.006212 0.073961
v 0.056449 -0.006212 0.073961
v 0.054966 -0.005852 0.073294
v 0.052659 0.011341 0.071525
v 0.052659 0.011341 0.071525
v 0.053856 0.011739 0.070366
v 0.054046 0.011823 0.072022
v 0.054046 0.011823 0.072022
v 0.054046 0.011823 0.072022
v 0.050810 0.009525 0.070272
v 0.050810 0.009525 0.070272
v 0.051923 0.009935 0.072167
v 0.051650 0.008328 0.072747
v 0.051650 0.008328 0.072747
v 0.052227 0.009283 0.073585
v 0.052227 0.009283 0.073585
v 0.057741 0.010393 0.073295
v 0.057741 0.010393 0.073295
v 0.056663 0.011476 0.074204
v 0.055331 0.011752 0.074107
v 0.055331 0.011752 0.074107
v 0.055331 0.011752 0.074107
v 0.054093 0.011597 0.073528
v 0.054093 0.011597 0.073528
v 0.053245 0.010582 0.074160
v 0.053245 0.010582 0.074160
v 0.052066 0.007744 0.074397
v 0.052822 0.009214 0.075156
v 0.053517 0.010358 0.075786
v 0.054204 0.011248 0.075250
v 0.054204 0.011248 0.075250
v 0.056467 0.011735 0.076116
v 0.054851 0.011364 0.076570
v 0.054851 0.011364 0.076570
v 0.055426 0.011635 0.077100
v 0.055426 0.011635 0.077100
v 0.054210 0.010307 0.077551
v 0.054901 0.010445 0.079532
v 0.054901 0.010445 0.079532
v 0.054901 0.010445 0.079532
v 0.056003 0.011530 0.078811
v 0.057687 0.011586 0.078215
v 0.057687 0.011586 0.078215
v 0.059062 0.011016 0.079142
v 0.059485 0.010189 0.078200
v 0.055970 0.011082 0.081286
v 0.055970 0.011082 0.081286
v 0.056823 0.011641 0.079408
v 0.056823 0.011641 0.079408
v 0.056921 0.011593 0.082228
v 0.056921 0.011593 0.082228
v 0.058155 0.011683 0.080283
v 0.059604 0.007992 0.075868
v 0.059604 0.007992 0.075868
v 0.056576 0.011459 0.082849
v 0.056885 0.011287 0.084450
v 0.056885 0.011287 0.084450
v 0.057723 0.011573 0.083962
v 0.058646 0.011582 0.083055
v 0.058646 0.011582 0.083055
v 0.059550 0.011168 0.082479
v 0.059550 0.011168 0.082479
v 0.060590 0.010423 0.083717
v 0.059767 0.011501 0.087997
v 0.050942 0.007836 0.071715
v 0.053292 0.008144 0.077029
v 0.052903 0.007762 0.076455
v 0.052903 0.007762 0.076455
v 0.053598 0.009383 0.077223
v 0.053598 0.009383 0.077223
v 0.054516 0.009076 0.080201
v 0.053657 0.007713 0.078761
v 0.055099 0.009532 0.082118
v 0.055099 0.009532 0.082118
v 0.054687 -0.003117 0.078187
v 0.054687 -0.003117 0.078187
v 0.054687 -0.003117 0.078187
v 0.054648 -0.003901 0.076739
v 0.055852 -0.004786 0.078226
v 0.055852 -0.004786 0.078226
v 0.055852 -0.004786 0.078226
v 0.055477 -0.002790 0.081155
v 0.056183 -0.004637 0.080050
v 0.056183 -0.004637 0.080050
v 0.056395 -0.003615 0.083791
v 0.056395 -0.003615 0.083791
v 0.056395 -0.003615 0.083791
v 0.056395 -0.003615 0.083791
v 0.056395 -0.003615 0.083791
v 0.056507 -0.004206 0.082012
v 0.056507 -0.004206 0.082012
v 0.059602 0.003878 0.073997
v 0.059785 0.000131 0.073464
v 0.059785 0.000131 0.073464
v 0.060807 0.004859 0.078162
v 0.060955 0.000459 0.077015
v 0.060570 -0.001942 0.075888
v 0.059955 -0.003582 0.074816
v 0.060968 -0.003709 0.078200
v 0.060968 -0.003709 0.078200
v 0.061221 0.006785 0.080962
v 0.061859 0.000940 0.080407
v 0.061859 0.000940 0.080407
v 0.060852 0.008892 0.081505
v 0.061805 -0.001986 0.080224
v 0.062524 -0.002030 0.083765
v 0.055962 -0.005615 0.076734
v 0.055962 -0.005615 0.076734
v 0.056387 -0.006000 0.076216
v 0.056387 -0.006000 0.076216
v 0.057913 -0.006115 0.075631
v 0.057913 -0.006115 0.075631
v 0.057913 -0.006115 0.075631
v 0.058683 -0.005915 0.076319
v 0.057007 -0.005874 0.078362
v 0.057097 -0.006025 0.077606
v 0.057097 -0.006025 0.077606
v 0.057925 -0.006181 0.078724
v 0.057925 -0.006181 0.078724
v 0.057925 -0.006181 0.078724
v 0.057925 -0.006181 0.078724
v 0.056766 -0.005517 0.079689
v 0.060396 -0.005543 0.080273
v 0.060661 -0.004666 0.078581
v 0.060661 -0.004666 0.078581
v 0.059834 -0.006010 0.081583
v 0.057594 -0.005874 0.080604
v 0.057594 -0.005874 0.080604
v 0.057594 -0.005874 0.080604
v 0.057594 -0.005874 0.080604
v 0.057363 -0.005457 0.081971
v 0.058130 -0.005978 0.082050
v 0.058130 -0.005978 0.082050
v 0.058842 -0.006091 0.081961
v 0.058842 -0.006091 0.081961
v 0.057874 -0.005415 0.084561
v 0.057874 -0.005415 0.084561
v 0.057874 -0.005415 0.084561
v 0.058225 -0.005748 0.083671
v 0.058225 -0.005748 0.083671
v 0.057493 -0.004681 0.086158
v 0.057493 -0.004681 0.086158
v 0.057493 -0.004681 0.086158
v 0.059592 -0.006124 0.085139
v 0.058415 -0.005804 0.085820
v 0.058415 -0.005804 0.085820
v 0.061866 -0.004146 0.082460
v 0.061866 -0.004146 0.082460
v 0.061066 -0.005558 0.083581
v 0.061066 -0.005558 0.083581
v 0.055220 0.008649 0.084158
v 0.055220 0.008649 0.084158
v 0.055620 0.010270 0.083124
v 0.056048 0.010446 0.083954
v 0.055693 0.009471 0.085617
v 0.056068 0.009885 0.086948
v 0.056068 0.009885 0.086948
v 0.056068 0.009885 0.086948
v 0.060671 0.010884 0.087289
v 0.056694 0.010605 0.088408
v 0.056694 0.010605 0.088408
v 0.056797 0.011055 0.085902
v 0.055344 0.007975 0.086861
v 0.057716 0.011586 0.085555
v 0.058434 0.011660 0.086334
v 0.057658 0.011443 0.087382
v 0.057658 0.011443 0.087382
v 0.058000 0.011505 0.089984
v 0.058000 0.011505 0.089984
v 0.058000 0.011505 0.089984
v 0.058768 0.011723 0.088356
v 0.058768 0.011723 0.088356
v 0.057034 0.010788 0.091096
v 0.057034 0.010788 0.091096
v 0.059056 0.011655 0.091900
v 0.060214 0.011299 0.093096
v 0.061117 0.010601 0.092535
v 0.061117 0.010601 0.092535
v 0.061220 0.010101 0.087202
v 0.061890 0.009041 0.091171
v 0.061890 0.009041 0.091171
v 0.057437 0.011152 0.092798
v 0.057437 0.011152 0.092798
v 0.056282 0.009753 0.091802
v 0.056567 0.010018 0.092718
v 0.056567 0.010018 0.092718
v 0.056476 0.010051 0.094507
v 0.061914 0.008798 0.094473
v 0.062213 0.007825 0.093005
v 0.056336 -0.002578 0.086013
v 0.056336 -0.002578 0.086013
v 0.056336 -0.002578 0.086013
v 0.056336 -0.002578 0.086013
v 0.057734 -0.004622 0.091428
v 0.057600 -0.004431 0.089843
v 0.058740 -0.005623 0.089633
v 0.058740 -0.005623 0.089633
v 0.058945 -0.005782 0.091870
v 0.058591 -0.005774 0.095152
v 0.057314 -0.004251 0.093899
v 0.057314 -0.004251 0.093899
v 0.057314 -0.004251 0.093899
v 0.061647 0.008561 0.085469
v 0.061647 0.008561 0.085469
v 0.062323 0.005000 0.085846
v 0.062323 0.005000 0.085846
v 0.062631 0.001006 0.084464
v 0.062878 -0.001504 0.085910
v 0.063170 0.001361 0.090331
v 0.063170 0.001361 0.090331
v 0.062390 0.006376 0.089585
v 0.062390 0.006376 0.089585
v 0.062954 0.002432 0.095539
v 0.062255 0.006700 0.095924
v 0.062255 0.006700 0.095924
v 0.057693 -0.004871 0.088095
v 0.058696 -0.005799 0.086623
v 0.058696 -0.005799 0.086623
v 0.059523 -0.006095 0.087667
v 0.059523 -0.006095 0.087667
v 0.062458 -0.004336 0.086809
v 0.062458 -0.004336 0.086809
v 0.062458 -0.004336 0.086809
v 0.061017 -0.005985 0.087146
v 0.061017 -0.005985 0.087146
v 0.059658 -0.006045 0.089752
v 0.059658 -0.006045 0.089752
v 0.060977 -0.006052 0.090173
v 0.060977 -0.006052 0.090173
v 0.063192 -0.001218 0.089440
v 0.062957 -0.003679 0.090143
v 0.062957 -0.003679 0.090143
v 0.061645 -0.005603 0.087584
v 0.062320 -0.005138 0.091599
v 0.059535 -0.006189 0.091342
v 0.060547 -0.006206 0.091035
v 0.060547 -0.006206 0.091035
v 0.063253 -0.002395 0.093208
v 0.063253 -0.002395 0.093208
v 0.062594 -0.004692 0.094588
v 0.062594 -0.004692 0.094588
v 0.061381 -0.005947 0.092927
v 0.061381 -0.005947 0.092927
v 0.061777 -0.005607 0.095795
v 0.061777 -0.005607 0.095795
v 0.063173 -0.000315 0.095419
v 0.062896 -0.003255 0.097005
v 0.062896 -0.003255 0.097005
v 0.059846 -0.006178 0.093074
v 0.059846 -0.006178 0.093074
v 0.059846 -0.006178 0.093074
v 0.059631 -0.006348 0.095088
v 0.060581 -0.006201 0.097935
v 0.059322 -0.006221 0.097433
v 0.009235 0.022923 0.109554
v 0.013069 0.026756 0.112736
v 0.013069 0.026756 0.112736
v 0.014019 0.025453 0.109380
v 0.014361 0.025144 0.107944
v 0.014361 0.025144 0.107944
v 0.017314 0.020656 0.107477
v 0.015988 0.022861 0.110934
v 0.018080 0.019280 0.109059
v 0.018080 0.019280 0.109059
v 0.012568 0.027599 0.116263
v 0.012568 0.027599 0.116263
v 0.015116 0.024584 0.116470
v 0.015116 0.024584 0.116470
v 0.016871 0.021802 0.114631
v 0.016871 0.021802 0.114631
v 0.016871 0.021802 0.114631
v 0.011244 0.021555 0.117470
v 0.011645 0.019798 0.110364
v 0.013718 0.017787 0.117544
v 0.013343 0.016836 0.108911
v 0.014427 0.015870 0.114949
v 0.019215 0.017692 0.115171
v 0.019215 0.017692 0.115171
v 0.017743 0.020616 0.116936
v 0.018872 0.018727 0.119446
v 0.015806 0.012357 0.113726
v 0.015806 0.012357 0.113726
v 0.014708 0.014187 0.109029
v 0.016816 0.009936 0.114945
v 0.016816 0.009936 0.114945
v 0.015620 0.015503 0.121756
v 0.015620 0.015503 0.121756
v 0.015620 0.015503 0.121756
v 0.014122 0.018514 0.122545
v 0.014122 0.018514 0.122545
v 0.016519 0.013776 0.122480
v 0.016519 0.013776 0.122480
v 0.017429 0.009902 0.119506
v 0.019716 0.015779 0.107160
v 0.020762 0.013498 0.108380
v 0.020479 0.014673 0.113118
v 0.020479 0.014673 0.113118
v 0.021292 0.011916 0.110033
v 0.021920 0.010342 0.113810
v 0.021920 0.010342 0.113810
v 0.022016 0.010270 0.110871
v 0.017571 0.006970 0.114897
v 0.017571 0.006970 0.114897
v 0.017571 0.006970 0.114897
v 0.017448 0.004926 0.108682
v 0.018018 0.002324 0.112206
v 0.018335 0.003295 0.115785
v 0.018335 0.003295 0.115785
v 0.023281 0.009234 0.108375
v 0.022971 0.009458 0.110509
v 0.022971 0.009458 0.110509
v 0.024579 0.008950 0.109829
v 0.024579 0.008950 0.109829
v 0.026119 0.008730 0.108046
v 0.026119 0.008730 0.108046
v 0.026119 0.008730 0.108046
v 0.027264 0.008357 0.107440
v 0.027264 0.008357 0.107440
v 0.024497 0.008660 0.111794
v 0.024497 0.008660 0.111794
v 0.022594 0.009223 0.112689
v 0.024236 0.008511 0.112433
v 0.024236 0.008511 0.112433
v 0.026205 0.008885 0.110455
v 0.026205 0.008885 0.110455
v 0.026073 0.008802 0.111303
v 0.022000 0.011291 0.119521
v 0.022660 0.007805 0.115972
v 0.022660 0.007805 0.115972
v 0.020464 0.015579 0.121058
v 0.018462 0.006755 0.120553
v 0.022926 0.007946 0.114517
v 0.022926 0.007946 0.114517
v 0.019369 0.004923 0.123738
v 0.019369 0.004923 0.123738
v 0.026010 0.008438 0.112462
v 0.023264 0.007856 0.114008
v 0.024585 0.007473 0.113580
v 0.024585 0.007473 0.113580
v 0.024585 0.007473 0.113580
v 0.023626 0.006908 0.114556
v 0.023626 0.006908 0.114556
v 0.024980 0.006594 0.114268
v 0.024980 0.006594 0.114268
v 0.024041 0.005818 0.114873
v 0.024516 0.004893 0.114924
v 0.023118 0.006623 0.115472
v 0.023507 0.004785 0.115763
v 0.024270 0.002107 0.115425
v 0.024270 0.002107 0.115425
v 0.025002 0.003018 0.115001
v 0.025002 0.003018 0.115001
v 0.025002 0.003018 0.115001
v 0.025002 0.003018 0.115001
v 0.023177 0.005402 0.116873
v 0.023679 0.002254 0.116326
v 0.023679 0.002254 0.116326
v 0.023679 0.002254 0.116326
v 0.025199 0.004963 0.114747
v 0.025199 0.004963 0.114747
v 0.025199 0.004963 0.114747
v 0.025199 0.004963 0.114747
v 0.027923 0.007761 0.113945
v 0.026872 0.006915 0.114312
v 0.026790 0.005309 0.114839
v 0.026790 0.005309 0.114839
v 0.026790 0.005309 0.114839
v 0.028705 0.007013 0.114839
v 0.028705 0.007013 0.114839
v 0.029596 0.007944 0.114430
v 0.025760 0.002481 0.114995
v 0.025760 0.002481 0.114995
v 0.025207 0.001087 0.114935
v 0.025207 0.001087 0.114935
v 0.025207 0.001087 0.114935
v 0.025207 0.001087 0.114935
v 0.027015 0.002802 0.115231
v 0.030572 0.004039 0.116465
v 0.030572 0.004039 0.116465
v 0.022870 0.007650 0.118268
v 0.023649 0.004809 0.122868
v 0.023649 0.004809 0.122868
v 0.030435 0.006805 0.115719
v 0.030435 0.006805 0.115719
v 0.014099 0.026099 0.120491
v 0.013618 0.026882 0.124271
v 0.012707 0.021398 0.124669
v 0.016308 0.023323 0.123155
v 0.016308 0.023323 0.123155
v 0.016308 0.023323 0.123155
v 0.018063 0.020529 0.122452
v 0.018255 0.020460 0.124998
v 0.014155 0.026895 0.127506
v 0.014155 0.026895 0.127506
v 0.016529 0.023671 0.127188
v 0.015253 0.026550 0.129612
v 0.015253 0.026550 0.129612
v 0.015253 0.026550 0.129612
v 0.014399 0.022759 0.133035
v 0.017839 0.022772 0.129182
v 0.018159 0.021147 0.127104
v 0.014811 0.019926 0.129080
v 0.016056 0.016613 0.126434
v 0.020058 0.017243 0.125908
v 0.020058 0.017243 0.125908
v 0.018271 0.010513 0.125084
v 0.018271 0.010513 0.125084
v 0.017826 0.014516 0.129394
v 0.017826 0.014516 0.129394
v 0.019601 0.009561 0.129302
v 0.020174 0.006035 0.128173
v 0.020174 0.006035 0.128173
v 0.020174 0.006035 0.128173
v 0.016412 0.017469 0.129465
v 0.016154 0.020139 0.132960
v 0.018174 0.017323 0.133783
v 0.019618 0.018863 0.127912
v 0.019618 0.018863 0.127912
v 0.021527 0.015341 0.128619
v 0.020441 0.018483 0.129693
v 0.018813 0.015452 0.133153
v 0.018813 0.015452 0.133153
v 0.022072 0.017248 0.131905
v 0.018991 0.012032 0.129908
v 0.020419 0.011332 0.133091
v 0.021318 0.008219 0.133043
v 0.021318 0.008219 0.133043
v 0.021901 0.012275 0.123992
v 0.023115 0.008492 0.125998
v 0.023115 0.008492 0.125998
v 0.022187 0.012468 0.126962
v 0.023770 0.005714 0.126281
v 0.023770 0.005714 0.126281
v 0.023770 0.005714 0.126281
v 0.023185 0.011001 0.128859
v 0.024324 0.006135 0.128720
v 0.024324 0.006135 0.128720
v 0.024324 0.006135 0.128720
v 0.024018 0.013071 0.132637
v 0.025116 0.008952 0.132304
v 0.025116 0.008952 0.132304
v 0.029982 0.008114 0.108679
v 0.031411 0.006375 0.106808
v 0.031411 0.006375 0.106808
v 0.030489 0.006310 0.105969
v 0.030983 0.005676 0.105881
v 0.036829 -0.000005 0.109600
v 0.036881 -0.002748 0.109488
v 0.036881 -0.002748 0.109488
v 0.035811 -0.002082 0.108784
v 0.033718 0.008768 0.112102
v 0.031743 0.008275 0.110204
v 0.030559 0.008713 0.111113
v 0.030559 0.008713 0.111113
v 0.034283 0.008253 0.111392
v 0.034283 0.008253 0.111392
v 0.033392 0.007457 0.109874
v 0.033579 0.009116 0.113111
v 0.031609 0.008722 0.114401
v 0.031609 0.008722 0.114401
v 0.030088 0.008542 0.113610
v 0.034838 0.008706 0.115982
v 0.034838 0.008706 0.115982
v 0.034838 0.008706 0.115982
v 0.033219 0.008962 0.114579
v 0.033219 0.008962 0.114579
v 0.033180 0.007612 0.116346
v 0.034512 0.009198 0.114902
v 0.035610 0.009461 0.114271
v 0.032432 0.006074 0.116730
v 0.040075 -0.002739 0.110755
v 0.040075 -0.002739 0.110755
v 0.037859 0.000068 0.110149
v 0.037859 0.000068 0.110149
v 0.039027 0.002657 0.110677
v 0.039027 0.002657 0.110677
v 0.051319 0.009448 0.107544
v 0.051319 0.009448 0.107544
v 0.051717 0.010506 0.109229
v 0.051717 0.010506 0.109229
v 0.051717 0.010506 0.109229
v 0.052779 0.010483 0.107271
v 0.052779 0.010483 0.107271
v 0.053169 0.010949 0.108265
v 0.050569 0.009243 0.108577
v 0.049948 0.009439 0.109463
v 0.036856 0.008699 0.116755
v 0.036660 0.009322 0.115658
v 0.036443 0.007769 0.117375
v 0.036443 0.007769 0.117375
v 0.035490 0.004814 0.117912
v 0.035490 0.004814 0.117912
v 0.035490 0.004814 0.117912
v 0.032434 0.001571 0.117173
v 0.032434 0.001571 0.117173
v 0.035634 0.001233 0.118022
v 0.037641 0.009608 0.114975
v 0.037641 0.009608 0.114975
v 0.038704 0.009205 0.116316
v 0.038704 0.009205 0.116316
v 0.038704 0.009205 0.116316
v 0.039659 0.008233 0.117596
v 0.039659 0.008233 0.117596
v 0.039659 0.008233 0.117596
v 0.039659 0.008233 0.117596
v 0.041379 0.009327 0.116820
v 0.041379 0.009327 0.116820
v 0.041018 0.009852 0.115841
v 0.037773 0.006663 0.117994
v 0.044153 0.010022 0.115871
v 0.044153 0.010022 0.115871
v 0.044153 0.010022 0.115871
v 0.044153 0.010022 0.115871
v 0.041921 0.008524 0.117528
v 0.041921 0.008524 0.117528
v 0.044025 0.009431 0.116784
v 0.044025 0.009431 0.116784
v 0.041451 0.007260 0.118113
v 0.037506 0.003896 0.118351
v 0.038686 0.001517 0.118567
v 0.038686 0.001517 0.118567
v 0.038686 0.001517 0.118567
v 0.040100 0.005284 0.118542
v 0.042180 0.001773 0.118696
v 0.042180 0.001773 0.118696
v 0.040312 -0.001087 0.118511
v 0.043779 0.005374 0.118417
v 0.049329 0.010246 0.111169
v 0.049329 0.010246 0.111169
v 0.048188 0.009108 0.110669
v 0.048188 0.009108 0.110669
v 0.046954 0.010002 0.112572
v 0.046954 0.010002 0.112572
v 0.050481 0.010604 0.111120
v 0.052150 0.010863 0.111717
v 0.049437 0.010569 0.112845
v 0.049437 0.010569 0.112845
v 0.050074 0.010590 0.113586
v 0.053277 0.011113 0.109588
v 0.053318 0.010326 0.112299
v 0.053318 0.010326 0.112299
v 0.053318 0.010326 0.112299
v 0.053539 0.010725 0.111276
v 0.055282 0.010861 0.109424
v 0.055282 0.010861 0.109424
v 0.055282 0.010861 0.109424
v 0.054736 0.009359 0.112256
v 0.054736 0.009359 0.112256
v 0.052381 0.009334 0.114060
v 0.052381 0.009334 0.114060
v 0.046074 0.010285 0.114098
v 0.047928 0.010378 0.114577
v 0.046181 0.009770 0.116163
v 0.046181 0.009770 0.116163
v 0.045867 0.008444 0.117290
v 0.043915 0.008126 0.117694
v 0.043915 0.008126 0.117694
v 0.044312 0.006838 0.118117
v 0.044312 0.006838 0.118117
v 0.049826 0.009913 0.114815
v 0.049826 0.009913 0.114815
v 0.048631 0.009118 0.116073
v 0.048631 0.009118 0.116073
v 0.049134 0.008041 0.116501
v 0.049134 0.008041 0.116501
v 0.048442 0.006206 0.117269
v 0.046667 0.004681 0.117925
v 0.046667 0.004681 0.117925
v 0.045928 0.001728 0.118265
v 0.044866 -0.001785 0.118295
v 0.048533 -0.001822 0.117445
v 0.051490 0.008678 0.115079
v 0.051490 0.008678 0.115079
v 0.050838 0.006453 0.116123
v 0.054544 0.008100 0.113141
v 0.053104 0.006383 0.114735
v 0.053104 0.006383 0.114735
v 0.053104 0.006383 0.114735
v 0.054559 0.006217 0.113632
v 0.054559 0.006217 0.113632
v 0.051376 0.002847 0.116173
v 0.053405 0.001102 0.115066
v 0.048888 0.002310 0.117346
v 0.048888 0.002310 0.117346
v 0.051133 0.000050 0.116382
v 0.051133 0.000050 0.116382
v 0.015006 0.022925 0.134259
v 0.015006 0.022925 0.134259
v 0.015006 0.022925 0.134259
v 0.016827 0.026105 0.132200
v 0.016827 0.026105 0.132200
v 0.018884 0.023623 0.132963
v 0.018884 0.023623 0.132963
v 0.017389 0.025569 0.133134
v 0.017389 0.025569 0.133134
v 0.020060 0.021203 0.131966
v 0.020060 0.021203 0.131966
v 0.016064 0.027278 0.134341
v 0.016064 0.027278 0.134341
v 0.016499 0.026976 0.133586
v 0.016961 0.025352 0.134657
v 0.017184 0.021518 0.134830
v 0.017184 0.021518 0.134830
v 0.017325 0.025441 0.134113
v 0.018224 0.023886 0.134631
v 0.018224 0.023886 0.134631
v 0.018419 0.024301 0.133609
v 0.017165 0.019886 0.134330
v 0.017165 0.019886 0.134330
v 0.020063 0.018660 0.134888
v 0.020063 0.018660 0.134888
v 0.020163 0.020324 0.134717
v 0.019032 0.017692 0.134679
v 0.019032 0.017692 0.134679
v 0.021589 0.018913 0.133281
v 0.021589 0.018913 0.133281
v 0.023209 0.015299 0.133476
v 0.019910 0.021690 0.134039
v 0.021353 0.018737 0.134342
v 0.022209 0.016432 0.134595
v 0.022209 0.016432 0.134595
v 0.020043 0.014236 0.134211
v 0.020043 0.014236 0.134211
v 0.020712 0.014132 0.134651
v 0.021513 0.010338 0.134344
v 0.021513 0.010338 0.134344
v 0.021513 0.010338 0.134344
v 0.022541 0.011022 0.134810
v 0.022541 0.011022 0.134810
v 0.023400 0.013974 0.134349
v 0.024011 0.010421 0.134691
v 0.024376 0.011542 0.134048
v 0.024376 0.011542 0.134048
v 0.025507 0.007712 0.133609
v 0.025507 0.007712 0.133609
v 0.024393 0.004496 0.134794
v 0.024393 0.004496 0.134794
v 0.024393 0.004496 0.134794
v 0.024393 0.004496 0.134794
v 0.025379 0.006932 0.134313
v 0.057458 0.011334 0.097957
v 0.057885 0.011524 0.101858
v 0.057885 0.011524 0.101858
v 0.058078 0.011531 0.099475
v 0.059027 0.011559 0.096475
v 0.059027 0.011559 0.096475
v 0.060471 0.010780 0.097531
v 0.060471 0.010780 0.097531
v 0.061625 0.009130 0.096946
v 0.061625 0.009130 0.096946
v 0.059125 0.011377 0.099231
v 0.060579 0.010297 0.099573
v 0.060994 0.008861 0.101413
v 0.061570 0.007387 0.100781
v 0.062120 0.004716 0.099745
v 0.061515 0.004784 0.102595
v 0.062533 0.001653 0.100323
v 0.062533 0.001653 0.100323
v 0.062533 0.001653 0.100323
v 0.056766 0.011445 0.102929
v 0.056766 0.011445 0.102929
v 0.059245 0.010979 0.101639
v 0.059245 0.010979 0.101639
v 0.055783 0.011093 0.102394
v 0.055783 0.011093 0.102394
v 0.056005 0.010635 0.099982
v 0.054667 0.009765 0.102255
v 0.054667 0.009765 0.102255
v 0.054951 0.011112 0.105117
v 0.054143 0.010292 0.104460
v 0.057820 0.011332 0.103719
v 0.058755 0.010566 0.104507
v 0.059910 0.010131 0.102845
v 0.056122 0.011324 0.105392
v 0.054560 0.011272 0.108272
v 0.056321 0.011214 0.106894
v 0.056321 0.011214 0.106894
v 0.056960 0.010541 0.108171
v 0.057526 0.011057 0.105157
v 0.058941 0.009918 0.105663
v 0.058941 0.009918 0.105663
v 0.057407 0.009691 0.108695
v 0.057407 0.009691 0.108695
v 0.059252 0.008304 0.106812
v 0.060386 0.008768 0.103656
v 0.060386 0.008768 0.103656
v 0.060268 0.007303 0.105272
v 0.060268 0.007303 0.105272
v 0.058500 0.006792 0.108933
v 0.058500 0.006792 0.108933
v 0.058500 0.006792 0.108933
v 0.059097 -0.006475 0.100883
v 0.059097 -0.006475 0.100883
v 0.059514 -0.006429 0.102447
v 0.059514 -0.006429 0.102447
v 0.058709 -0.006516 0.104422
v 0.058709 -0.006516 0.104422
v 0.059795 -0.005907 0.104745
v 0.059795 -0.005907 0.104745
v 0.060705 -0.005415 0.103753
v 0.060705 -0.005415 0.103753
v 0.061481 0.000919 0.104681
v 0.061481 0.000919 0.104681
v 0.060241 0.003811 0.106688
v 0.062681 -0.001041 0.100260
v 0.062681 -0.001041 0.100260
v 0.061854 -0.002536 0.103471
v 0.061854 -0.002536 0.103471
v 0.060948 -0.001259 0.106257
v 0.060948 -0.001259 0.106257
v 0.059701 0.002156 0.108188
v 0.059303 0.001369 0.108969
v 0.059518 -0.001332 0.108947
v 0.059518 -0.001332 0.108947
v 0.061462 -0.003836 0.103851
v 0.061462 -0.003836 0.103851
v 0.060273 -0.003449 0.106974
v 0.060273 -0.003449 0.106974
v 0.058430 -0.006300 0.107183
v 0.059369 -0.005208 0.107416
v 0.059369 -0.005208 0.107416
v 0.059369 -0.005208 0.107416
v 0.057522 -0.000559 0.111555
v 0.057522 -0.000559 0.111555
v 0.057563 -0.003700 0.111183
v 0.057563 -0.003700 0.111183
v 0.057341 -0.005992 0.109936
v 0.058647 -0.004330 0.109418
v 0.056573 -0.004792 0.111847
v 0.056573 -0.004792 0.111847
v 0.056573 -0.004792 0.111847
v 0.056573 -0.004792 0.111847
v 0.062339 -0.003933 0.100130
v 0.062339 -0.003933 0.100130
v 0.061343 -0.005614 0.100299
v 0.061343 -0.005614 0.100299
v 0.061524 -0.005022 0.101634
v 0.056108 0.009995 0.110358
v 0.056108 0.009995 0.110358
v 0.056502 0.009356 0.110638
v 0.056502 0.009356 0.110638
v 0.056096 0.007589 0.111760
v 0.056096 0.007589 0.111760
v 0.056496 0.004882 0.111914
v 0.055360 0.001584 0.113518
v 0.055360 0.001584 0.113518
v 0.055968 -0.001754 0.113082
v 0.055968 -0.001754 0.113082
v 0.051869 -0.002383 0.115949
v 0.051869 -0.002383 0.115949
v 0.054462 -0.003009 0.114223
v 0.053046 -0.003971 0.115033
v 0.053046 -0.003971 0.115033
v 0.055639 -0.003917 0.113050
v 0.011344 0.018286 0.065825
v 0.009963 0.019616 0.058146
v 0.009963 0.019616 0.058146
v 0.009150 0.021707 0.072710
v 0.011074 0.019677 0.083316
v 0.011628 0.018540 0.075507
v 0.007810 0.023710 0.085549
v 0.013210 0.015366 0.068707
v 0.013210 0.015366 0.068707
v 0.019400 0.013705 0.074003
v 0.019400 0.013705 0.074003
v 0.013140 0.016478 0.083876
v 0.013140 0.016478 0.083876
v 0.013140 0.016478 0.083876
v 0.020324 0.012221 0.083666
v 0.019803 0.010436 0.055265
v 0.020719 0.007567 0.059519
v 0.020719 0.007567 0.059519
v 0.040084 0.010886 0.050494
v 0.040084 0.010886 0.050494
v 0.038811 0.008927 0.051422
v 0.038451 0.006187 0.051837
v 0.038451 0.006187 0.051837
v 0.039200 0.004117 0.053045
v 0.039200 0.004117 0.053045
v 0.020544 0.009497 0.068767
v 0.017359 -0.002940 0.072527
v 0.017359 -0.002940 0.072527
v 0.017268 0.000752 0.069550
v 0.017459 -0.004868 0.078982
v 0.016828 -0.008692 0.078549
v 0.016828 -0.008692 0.078549
v 0.016828 -0.008692 0.078549
v 0.017789 -0.001342 0.085274
v 0.010335 0.020792 0.090673
v 0.012660 0.017438 0.095641
v 0.012660 0.017438 0.095641
v 0.015450 0.011529 0.083273
v 0.014298 0.013425 0.072970
v 0.021517 0.008693 0.086266
v 0.014852 0.013039 0.093845
v 0.014852 0.013039 0.093845
v 0.020727 0.011856 0.090469
v 0.021735 0.008550 0.091309
v 0.022125 0.006568 0.088853
v 0.020113 0.013965 0.093543
v 0.021649 0.009363 0.093536
v 0.022261 0.008859 0.094927
v 0.017586 0.002009 0.093475
v 0.017349 0.004500 0.088775
v 0.017349 0.004500 0.088775
v 0.017717 -0.001542 0.093632
v 0.017717 -0.001542 0.093632
v 0.017503 -0.005710 0.086706
v 0.017503 -0.005710 0.086706
v 0.017527 -0.005327 0.095602
v 0.017527 -0.005327 0.095602
v 0.022655 0.006287 0.089739
v 0.022655 0.006287 0.089739
v 0.017818 -0.002251 0.102939
v 0.004770 0.026600 0.087303
v 0.010217 0.021278 0.102679
v 0.010217 0.021278 0.102679
v 0.011637 0.019276 0.102896
v 0.014399 0.014380 0.102031
v 0.014399 0.014380 0.102031
v 0.020595 0.013394 0.099541
v 0.021107 0.010920 0.095091
v 0.021107 0.010920 0.095091
v 0.021982 0.009515 0.096931
v 0.021982 0.009515 0.096931
v 0.021386 0.010998 0.104172
v 0.016293 0.009063 0.094853
v 0.016293 0.009063 0.094853
v 0.016293 0.009063 0.094853
v 0.017328 0.004090 0.101518
v 0.023614 0.008033 0.095560
v 0.024216 0.007653 0.097244
v 0.025376 0.006033 0.095090
v 0.025376 0.006033 0.095090
v 0.017783 0.000586 0.104030
v 0.015716 0.010977 0.099829
v 0.021632 0.010272 0.106700
v 0.021632 0.010272 0.106700
v 0.022933 0.001182 0.088615
v 0.022933 0.001182 0.088615
v 0.023233 -0.001966 0.089551
v 0.023233 -0.001966 0.089551
v 0.022674 0.004765 0.088661
v 0.022836 0.003307 0.088501
v 0.022836 0.003307 0.088501
v 0.023353 0.003442 0.089077
v 0.023116 0.004975 0.089240
v 0.023116 0.004975 0.089240
v 0.024077 0.005224 0.089805
v 0.023725 0.006472 0.090417
v 0.023725 0.006472 0.090417
v 0.024569 0.005366 0.090339
v 0.024615 0.003702 0.090007
v 0.023392 -0.000064 0.089387
v 0.023392 -0.000064 0.089387
v 0.025537 -0.001280 0.090906
v 0.025537 -0.001280 0.090906
v 0.026042 0.000106 0.091375
v 0.026042 0.000106 0.091375
v 0.024594 0.005969 0.090919
v 0.025908 0.003719 0.092122
v 0.024540 0.006714 0.092821
v 0.025895 0.004514 0.093170
v 0.025895 0.004514 0.093170
v 0.026337 0.002205 0.092056
v 0.026337 0.002205 0.092056
v 0.027097 0.000205 0.092981
v 0.027097 0.000205 0.092981
v 0.026916 0.003136 0.093840
v 0.026916 0.003136 0.093840
v 0.023831 -0.001964 0.090052
v 0.023831 -0.001964 0.090052
v 0.023831 -0.001964 0.090052
v 0.025512 -0.002936 0.091345
v 0.025512 -0.002936 0.091345
v 0.025512 -0.002936 0.091345
v 0.025512 -0.002936 0.091345
v 0.023380 -0.003737 0.090424
v 0.023380 -0.003737 0.090424
v 0.023690 -0.004703 0.091175
v 0.022821 -0.006123 0.091353
v 0.022821 -0.006123 0.091353
v 0.022821 -0.006123 0.091353
v 0.024837 -0.005969 0.092532
v 0.024837 -0.005969 0.092532
v 0.024837 -0.005969 0.092532
v 0.026283 -0.003862 0.092384
v 0.026283 -0.003862 0.092384
v 0.025464 -0.004574 0.092338
v 0.025464 -0.004574 0.092338
v 0.026817 -0.001731 0.092504
v 0.026817 -0.001731 0.092504
v 0.027468 -0.003719 0.094519
v 0.027468 -0.003719 0.094519
v 0.026640 -0.005031 0.094053
v 0.026640 -0.005031 0.094053
v 0.025727 -0.005159 0.093281
v 0.025727 -0.005159 0.093281
v 0.026411 0.005369 0.096683
v 0.026411 0.005369 0.096683
v 0.028014 0.000856 0.096505
v 0.028014 0.000856 0.096505
v 0.027164 0.003739 0.096189
v 0.027144 0.004829 0.097936
v 0.027144 0.004829 0.097936
v 0.027720 0.002209 0.096277
v 0.027720 0.002209 0.096277
v 0.027976 0.002862 0.097650
v 0.027976 0.002862 0.097650
v 0.028521 -0.003569 0.097708
v 0.028521 -0.003569 0.097708
v 0.028521 -0.003569 0.097708
v 0.029178 0.002123 0.100252
v 0.029178 0.002123 0.100252
v 0.029178 0.002123 0.100252
v 0.028797 0.003877 0.100718
v 0.028797 0.003877 0.100718
v 0.029733 -0.000714 0.100793
v 0.029733 -0.000714 0.100793
v 0.029733 -0.000714 0.100793
v 0.027741 -0.004373 0.095813
v 0.029482 -0.003694 0.100190
v 0.029482 -0.003694 0.100190
v 0.030878 0.003188 0.103917
v 0.030878 0.003188 0.103917
v 0.031280 0.000797 0.103651
v 0.030465 -0.003325 0.102153
v 0.030465 -0.003325 0.102153
v 0.030465 -0.003325 0.102153
v 0.032010 -0.003660 0.104566
v 0.032010 -0.003660 0.104566
v 0.032010 -0.003660 0.104566
v 0.032010 -0.003660 0.104566
v 0.032340 -0.000141 0.104880
v 0.032880 -0.002011 0.105907
v 0.033392 -0.000353 0.106489
v 0.040252 0.009779 0.052608
v 0.040252 0.009779 0.052608
v 0.040617 0.008426 0.054175
v 0.041331 0.009253 0.054402
v 0.041135 0.007195 0.055478
v 0.042169 0.005072 0.057351
v 0.042169 0.005072 0.057351
v 0.045542 0.011526 0.055943
v 0.044588 0.011183 0.056614
v 0.046742 0.011626 0.058044
v 0.044107 0.009778 0.058473
v 0.042447 0.007782 0.057174
v 0.041977 0.006664 0.056924
v 0.041977 0.006664 0.056924
v 0.041977 0.006664 0.056924
v 0.044687 0.010729 0.058075
v 0.044687 0.010729 0.058075
v 0.043185 0.007302 0.058635
v 0.043185 0.007302 0.058635
v 0.043807 0.008016 0.059051
v 0.044352 0.005657 0.060491
v 0.044352 0.005657 0.060491
v 0.045006 0.008018 0.060990
v 0.045006 0.008018 0.060990
v 0.046246 0.011337 0.059612
v 0.046246 0.011337 0.059612
v 0.047225 0.010731 0.062014
v 0.047225 0.010731 0.062014
v 0.046717 0.009729 0.062422
v 0.047068 0.008838 0.063383
v 0.047068 0.008838 0.063383
v 0.047068 0.008838 0.063383
v 0.046209 0.007624 0.063286
v 0.045999 0.005122 0.063069
v 0.045999 0.005122 0.063069
v 0.045999 0.005122 0.063069
v 0.048128 0.009936 0.064693
v 0.047287 0.008156 0.064433
v 0.047287 0.008156 0.064433
v 0.047287 0.008156 0.064433
v 0.046987 0.005966 0.064737
v 0.046987 0.005966 0.064737
v 0.046987 0.005966 0.064737
v 0.047603 0.007186 0.065544
v 0.049019 0.009313 0.066925
v 0.049019 0.009313 0.066925
v 0.049401 0.007913 0.068587
v 0.040956 -0.002348 0.054430
v 0.040956 -0.002348 0.054430
v 0.041699 0.000729 0.056282
v 0.041699 0.000729 0.056282
v 0.042952 -0.000581 0.057827
v 0.042952 -0.000581 0.057827
v 0.044238 -0.004033 0.057970
v 0.044238 -0.004033 0.057970
v 0.045242 -0.005751 0.057298
v 0.045242 -0.005751 0.057298
v 0.044790 0.002785 0.061053
v 0.044790 0.002785 0.061053
v 0.044790 0.002785 0.061053
v 0.045243 -0.000546 0.061187
v 0.045243 -0.000546 0.061187
v 0.048160 -0.001244 0.065550
v 0.048160 -0.001244 0.065550
v 0.046197 -0.003145 0.061500
v 0.046068 -0.004505 0.060200
v 0.048310 -0.004597 0.063503
v 0.048466 0.001818 0.066784
v 0.048466 0.001818 0.066784
v 0.048466 0.001818 0.066784
v 0.048466 0.001818 0.066784
v 0.047984 0.005388 0.066334
v 0.048842 -0.002859 0.065729
v 0.048842 -0.002859 0.065729
v 0.049803 -0.004519 0.065846
v 0.049803 -0.004519 0.065846
v 0.050995 -0.003240 0.069277
v 0.048982 0.004254 0.068180
v 0.048982 0.004254 0.068180
v 0.048982 0.004254 0.068180
v 0.049616 0.005181 0.069595
v 0.049616 0.005181 0.069595
v 0.049854 0.002652 0.069621
v 0.049854 0.002652 0.069621
v 0.049854 0.002652 0.069621
v 0.050160 0.007385 0.070039
v 0.050411 0.004753 0.070946
v 0.050411 0.004753 0.070946
v 0.050411 0.004753 0.070946
v 0.051398 0.000226 0.072162
v 0.051398 0.000226 0.072162
v 0.050221 -0.000476 0.069378
v 0.050221 -0.000476 0.069378
v 0.051728 -0.002535 0.071284
v 0.051728 -0.002535 0.071284
v 0.052871 -0.001875 0.074426
v 0.052871 -0.001875 0.074426
v 0.051088 0.006239 0.072584
v 0.051767 0.005853 0.074237
v 0.051767 0.005853 0.074237
v 0.051774 0.002799 0.073688
v 0.051774 0.002799 0.073688
v 0.052314 0.005066 0.075582
v 0.052314 0.005066 0.075582
v 0.053033 0.006369 0.077499
v 0.053632 0.002553 0.078767
v 0.052594 0.000508 0.074880
v 0.052594 0.000508 0.074880
v 0.053681 0.000471 0.077979
v 0.053681 0.000471 0.077979
v 0.053575 -0.000684 0.077303
v 0.055120 -0.001266 0.081948
v 0.055120 -0.001266 0.081948
v 0.055120 -0.001266 0.081948
v 0.055120 -0.001266 0.081948
v 0.054048 0.007025 0.080751
v 0.054048 0.007025 0.080751
v 0.053616 0.005120 0.079679
v 0.053616 0.005120 0.079679
v 0.054100 0.005759 0.081087
v 0.054100 0.005759 0.081087
v 0.055086 0.007770 0.084666
v 0.055086 0.007770 0.084666
v 0.054702 0.005740 0.083547
v 0.054296 0.003114 0.081169
v 0.054296 0.003114 0.081169
v 0.054968 0.000809 0.083079
v 0.054968 0.000809 0.083079
v 0.054817 0.003238 0.083612
v 0.055488 -0.001477 0.083805
v 0.055488 -0.001477 0.083805
v 0.055066 0.004090 0.085583
v 0.055066 0.004090 0.085583
v 0.055761 0.008426 0.089065
v 0.055761 0.008426 0.089065
v 0.055249 0.006821 0.088151
v 0.055249 0.006821 0.088151
v 0.055489 0.006930 0.090491
v 0.055365 0.003407 0.087494
v 0.055673 0.000550 0.088362
v 0.055673 0.000550 0.088362
v 0.055813 -0.000531 0.086870
v 0.055813 -0.000531 0.086870
v 0.055385 0.003938 0.090783
v 0.055857 0.008599 0.092114
v 0.055404 0.007509 0.094251
v 0.055404 0.007509 0.094251
v 0.055412 0.008661 0.096830
v 0.054972 0.006540 0.097121
v 0.054972 0.006540 0.097121
v 0.055252 0.005386 0.094155
v 0.055252 0.005386 0.094155
v 0.055025 0.003901 0.096562
v 0.055025 0.003901 0.096562
v 0.055898 0.000392 0.093875
v 0.055338 0.002859 0.096144
v 0.056685 -0.002663 0.090095
v 0.056685 -0.002663 0.090095
v 0.056685 -0.002663 0.090095
v 0.056685 -0.002663 0.090095
v 0.056219 -0.000988 0.091945
v 0.056387 -0.002165 0.094675
v 0.056387 -0.002165 0.094675
v 0.056847 -0.003601 0.095371
v 0.056847 -0.003601 0.095371
v 0.056847 -0.003601 0.095371
v 0.055085 0.001165 0.098192
v 0.056458 -0.003907 0.098222
v 0.055621 -0.001465 0.098004
v 0.055621 -0.001465 0.098004
v 0.055621 -0.001465 0.098004
v 0.055621 -0.001465 0.098004
v 0.057701 -0.005148 0.097061
v 0.057005 -0.005106 0.099738
v 0.057005 -0.005106 0.099738
v 0.058136 -0.006050 0.099460
v 0.058136 -0.006050 0.099460
v 0.027376 0.008935 0.111992
v 0.028380 0.008809 0.112786
v 0.028380 0.008809 0.112786
v 0.023602 0.002465 0.117632
v 0.031567 0.007357 0.108827
v 0.031567 0.007357 0.108827
v 0.031567 0.007357 0.108827
v 0.032497 0.005125 0.107548
v 0.032497 0.005125 0.107548
v 0.033004 0.003841 0.107104
v 0.032015 0.006871 0.108133
v 0.032358 0.006204 0.107721
v 0.032358 0.006204 0.107721
v 0.032358 0.006204 0.107721
v 0.033525 0.006712 0.108655
v 0.034742 0.005821 0.109429
v 0.034742 0.005821 0.109429
v 0.034662 0.004399 0.108760
v 0.034662 0.004399 0.108760
v 0.035044 0.006910 0.110270
v 0.035044 0.006910 0.110270
v 0.033754 0.002448 0.107382
v 0.034840 0.000251 0.108117
v 0.033353 -0.003330 0.106350
v 0.033353 -0.003330 0.106350
v 0.033353 -0.003330 0.106350
v 0.035598 0.002865 0.109062
v 0.036175 0.005120 0.109959
v 0.036175 0.005120 0.109959
v 0.037341 0.003854 0.110238
v 0.030355 0.008828 0.112745
v 0.030355 0.008828 0.112745
v 0.032236 0.009046 0.113732
v 0.032236 0.009046 0.113732
v 0.036325 0.008949 0.112860
v 0.036325 0.008949 0.112860
v 0.036325 0.008949 0.112860
v 0.037465 0.005629 0.110667
v 0.037465 0.005629 0.110667
v 0.036673 0.007679 0.111571
v 0.036673 0.007679 0.111571
v 0.036673 0.007679 0.111571
v 0.038585 0.007200 0.111720
v 0.039538 0.005321 0.111146
v 0.039538 0.005321 0.111146
v 0.039406 0.009648 0.114459
v 0.038215 0.009321 0.113324
v 0.038215 0.009321 0.113324
v 0.038569 0.008366 0.112477
v 0.041371 0.008770 0.113604
v 0.040732 0.008121 0.112523
v 0.040943 0.007312 0.111856
v 0.041626 0.005968 0.111372
v 0.041626 0.005968 0.111372
v 0.052290 0.008895 0.106011
v 0.052586 0.008028 0.104877
v 0.051008 0.006608 0.106571
v 0.051008 0.006608 0.106571
v 0.050478 0.008725 0.108240
v 0.050478 0.008725 0.108240
v 0.042641 0.008498 0.112455
v 0.044026 0.007064 0.111412
v 0.044026 0.007064 0.111412
v 0.041721 0.003487 0.110978
v 0.041721 0.003487 0.110978
v 0.041721 0.003487 0.110978
v 0.043634 0.006177 0.111174
v 0.043634 0.006177 0.111174
v 0.043818 0.004316 0.110768
v 0.045797 0.008797 0.111738
v 0.045797 0.008797 0.111738
v 0.046411 0.007474 0.110669
v 0.047982 0.007913 0.109988
v 0.046085 0.004967 0.110060
v 0.045374 0.003244 0.110309
v 0.042893 0.001223 0.110859
v 0.042893 0.001223 0.110859
v 0.042893 0.001223 0.110859
v 0.041297 -0.001889 0.110863
v 0.043788 -0.001087 0.110714
v 0.042521 -0.003723 0.111113
v 0.042521 -0.003723 0.111113
v 0.046844 0.000500 0.109745
v 0.046844 0.000500 0.109745
v 0.048213 0.003947 0.108913
v 0.048213 0.003947 0.108913
v 0.048213 0.003947 0.108913
v 0.047822 0.005789 0.109445
v 0.047822 0.005789 0.109445
v 0.047822 0.005789 0.109445
v 0.049892 0.006618 0.107923
v 0.049892 0.006618 0.107923
v 0.052497 0.005161 0.104208
v 0.050991 0.003423 0.106600
v 0.050991 0.003423 0.106600
v 0.050991 0.003423 0.106600
v 0.048948 0.001648 0.108360
v 0.050136 0.000357 0.107491
v 0.050136 0.000357 0.107491
v 0.046835 -0.001246 0.109854
v 0.045001 -0.003564 0.110781
v 0.045001 -0.003564 0.110781
v 0.048705 -0.001571 0.108952
v 0.048705 -0.001571 0.108952
v 0.048705 -0.001571 0.108952
v 0.048705 -0.001571 0.108952
v 0.046780 -0.003274 0.110262
v 0.046780 -0.003274 0.110262
v 0.050740 -0.002275 0.107748
v 0.049282 -0.004234 0.109463
v 0.049282 -0.004234 0.109463
v 0.041354 0.009638 0.114396
v 0.041354 0.009638 0.114396
v 0.041366 0.009911 0.115195
v 0.041366 0.009911 0.115195
v 0.043234 0.010169 0.114288
v 0.043234 0.010169 0.114288
v 0.043478 0.009554 0.113004
v 0.043478 0.009554 0.113004
v 0.044543 0.009895 0.113111
v 0.044543 0.009895 0.113111
v 0.056845 0.010843 0.096795
v 0.056845 0.010843 0.096795
v 0.056845 0.010843 0.096795
v 0.055273 0.009254 0.099327
v 0.054355 0.006498 0.099896
v 0.054809 0.007922 0.099402
v 0.054809 0.007922 0.099402
v 0.054542 0.005424 0.098991
v 0.054846 0.009308 0.100498
v 0.054846 0.009308 0.100498
v 0.053970 0.008196 0.102029
v 0.053651 0.007264 0.102122
v 0.053651 0.007264 0.102122
v 0.053769 0.004624 0.101560
v 0.053769 0.004624 0.101560
v 0.053449 0.009486 0.104418
v 0.054706 0.002717 0.098898
v 0.053717 0.002055 0.102346
v 0.053717 0.002055 0.102346
v 0.054374 0.000016 0.101077
v 0.054837 -0.001363 0.100761
v 0.054837 -0.001363 0.100761
v 0.054837 -0.001363 0.100761
v 0.054837 -0.001363 0.100761
v 0.054040 -0.002195 0.103100
v 0.054040 -0.002195 0.103100
v 0.054040 -0.002195 0.103100
v 0.054040 -0.002195 0.103100
v 0.053003 0.001352 0.103969
v 0.054327 -0.003577 0.103770
v 0.054327 -0.003577 0.103770
v 0.055811 -0.004329 0.101440
v 0.052070 -0.001850 0.106381
v 0.051746 0.000718 0.105749
v 0.051746 0.000718 0.105749
v 0.052886 -0.000986 0.104723
v 0.052886 -0.000986 0.104723
v 0.052991 -0.003015 0.105703
v 0.052991 -0.003015 0.105703
v 0.055140 -0.005200 0.104333
v 0.055140 -0.005200 0.104333
v 0.053820 -0.004506 0.105540
v 0.053820 -0.004506 0.105540
v 0.053146 -0.005346 0.106645
v 0.054447 -0.005694 0.106071
v 0.054447 -0.005694 0.106071
v 0.056437 -0.006366 0.104859
v 0.056437 -0.006366 0.104859
v 0.055745 -0.003383 0.100270
v 0.055745 -0.003383 0.100270
v 0.055745 -0.003383 0.100270
v 0.056686 -0.005576 0.102020
v 0.056686 -0.005576 0.102020
v 0.056686 -0.005576 0.102020
v 0.056686 -0.005576 0.102020
v 0.057322 -0.006098 0.102127
v 0.057322 -0.006098 0.102127
v 0.057975 -0.006081 0.100719
v 0.057792 -0.006517 0.103535
v 0.057792 -0.006517 0.103535
v 0.057428 -0.006676 0.106376
v 0.051942 -0.004181 0.107537
v 0.051942 -0.004181 0.107537
v 0.051942 -0.004181 0.107537
v 0.051942 -0.004181 0.107537
v 0.051942 -0.004181 0.107537
v 0.050624 -0.005543 0.109614
v 0.050624 -0.005543 0.109614
v 0.052352 -0.005197 0.107899
v 0.052352 -0.005197 0.107899
v 0.000180 0.029041 0.064503
v 0.000180 0.029041 0.064503
v 0.000180 0.029041 0.064503
v 0.014297 0.012282 0.062378
v 0.014297 0.012282 0.062378
v 0.005902 0.025193 0.073875
v 0.016167 0.006540 0.063411
v 0.015935 0.008961 0.071598
v 0.015935 0.008961 0.071598
v 0.016974 0.003828 0.070009
v 0.016735 0.007205 0.081358
v 0.017482 0.002798 0.080778
v 0.016122 -0.009194 0.064868
v 0.016122 -0.009194 0.064868
v 0.015752 -0.011637 0.071215
v 0.005038 -0.033915 0.075592
v 0.007735 -0.032241 0.080113
v 0.007735 -0.032241 0.080113
v 0.009434 -0.030484 0.077304
v 0.009353 -0.030786 0.080789
v 0.009353 -0.030786 0.080789
v 0.009512 -0.031090 0.083295
v 0.009512 -0.031090 0.083295
v 0.009512 -0.031090 0.083295
v 0.011184 -0.029366 0.084008
v 0.009400 -0.031268 0.085985
v 0.009840 -0.031339 0.090729
v 0.012982 -0.028158 0.091864
v -0.009490 -0.040348 0.080934
v -0.007964 -0.040378 0.082443
v -0.006139 -0.039708 0.084544
v -0.006139 -0.039708 0.084544
v -0.002938 -0.039047 0.085762
v -0.004848 -0.039839 0.089459
v -0.014573 -0.041138 0.081983
v -0.013177 -0.041219 0.084701
v -0.012051 -0.041332 0.087127
v -0.012051 -0.041332 0.087127
v -0.010481 -0.040863 0.084826
v -0.010481 -0.040863 0.084826
v -0.013285 -0.041416 0.088523
v -0.008257 -0.040882 0.089922
v -0.010467 -0.041213 0.091308
v -0.009955 -0.041313 0.093542
v -0.009955 -0.041313 0.093542
v -0.008778 -0.040689 0.087403
v -0.008778 -0.040689 0.087403
v 0.000713 -0.036703 0.077505
v 0.000713 -0.036703 0.077505
v 0.000713 -0.036703 0.077505
v 0.000713 -0.036703 0.077505
v -0.001235 -0.037820 0.082747
v -0.002961 -0.038532 0.082497
v 0.000463 -0.037192 0.084036
v 0.002924 -0.035617 0.081152
v -0.000888 -0.037891 0.086513
v -0.000888 -0.037891 0.086513
v -0.000175 -0.037805 0.088047
v -0.001700 -0.038492 0.088595
v -0.001700 -0.038492 0.088595
v 0.002317 -0.036320 0.086463
v 0.004893 -0.034356 0.081709
v 0.004821 -0.035069 0.086062
v 0.003744 -0.035760 0.087068
v 0.003744 -0.035760 0.087068
v 0.006825 -0.033267 0.085289
v -0.007509 -0.041193 0.099550
v -0.005021 -0.040393 0.095893
v -0.001525 -0.039152 0.097028
v -0.001525 -0.039152 0.097028
v -0.008142 -0.041649 0.104936
v -0.008142 -0.041649 0.104936
v -0.004739 -0.040801 0.104522
v -0.004739 -0.040801 0.104522
v -0.000962 -0.038255 0.090821
v 0.001248 -0.037462 0.092079
v 0.004409 -0.035378 0.089822
v 0.004409 -0.035378 0.089822
v 0.005905 -0.034967 0.095317
v 0.005905 -0.034967 0.095317
v 0.007303 -0.033535 0.090625
v 0.007303 -0.033535 0.090625
v 0.001996 -0.037675 0.101677
v 0.001996 -0.037675 0.101677
v 0.004376 -0.036065 0.096296
v 0.004376 -0.036065 0.096296
v 0.009092 -0.032681 0.099490
v 0.009092 -0.032681 0.099490
v 0.012358 -0.029616 0.100117
v 0.016867 -0.020564 0.068821
v 0.014379 -0.024312 0.069439
v 0.014379 -0.024312 0.069439
v 0.016335 -0.021726 0.072559
v 0.018302 -0.017574 0.067812
v 0.015400 -0.023530 0.076240
v 0.013824 -0.025227 0.072053
v 0.013824 -0.025227 0.072053
v 0.019202 -0.016760 0.077620
v 0.017037 -0.020866 0.075627
v 0.018122 -0.018570 0.073056
v 0.019340 -0.015658 0.071704
v 0.020337 -0.013192 0.074295
v 0.011315 -0.028089 0.069673
v 0.011246 -0.028753 0.076790
v 0.013906 -0.025832 0.078287
v 0.013906 -0.025832 0.078287
v 0.013906 -0.025832 0.078287
v 0.012134 -0.027940 0.081139
v 0.017379 -0.020846 0.080905
v 0.017379 -0.020846 0.080905
v 0.019941 -0.016030 0.086070
v 0.020700 -0.012211 0.077780
v 0.020671 -0.013915 0.085380
v 0.017862 -0.020290 0.085355
v 0.017862 -0.020290 0.085355
v 0.017553 -0.021502 0.090014
v 0.017553 -0.021502 0.090014
v 0.015439 -0.024191 0.083869
v 0.013918 -0.026506 0.085798
v 0.013918 -0.026506 0.085798
v 0.015717 -0.024776 0.093366
v 0.015717 -0.024776 0.093366
v 0.016729 -0.024163 0.102726
v 0.016729 -0.024163 0.102726
v 0.016729 -0.024163 0.102726
v 0.013474 -0.028324 0.099143
v 0.015276 -0.025923 0.097172
v 0.017922 -0.009885 0.116123
v 0.017922 -0.009885 0.116123
v 0.017579 -0.008033 0.109511
v 0.017579 -0.008033 0.109511
v 0.016913 -0.011580 0.110146
v 0.013079 -0.021202 0.113182
v 0.012766 -0.020998 0.108434
v 0.011121 -0.023565 0.109930
v 0.011121 -0.023565 0.109930
v 0.015984 -0.013641 0.104740
v 0.015535 -0.015392 0.108544
v 0.018549 -0.021494 0.108680
v 0.017194 -0.023845 0.107457
v 0.018674 -0.020847 0.103573
v 0.018674 -0.020847 0.103573
v 0.015970 -0.025808 0.104563
v 0.014587 -0.018271 0.112327
v 0.014587 -0.018271 0.112327
v 0.013737 -0.018937 0.105203
v 0.013737 -0.018937 0.105203
v 0.020089 -0.018607 0.111219
v 0.020089 -0.018607 0.111219
v 0.015725 -0.016725 0.116029
v 0.015197 -0.018944 0.119598
v 0.015197 -0.018944 0.119598
v 0.015197 -0.018944 0.119598
v 0.016916 -0.013196 0.115367
v 0.022148 -0.012122 0.111152
v 0.021121 -0.015437 0.106922
v 0.021121 -0.015437 0.106922
v 0.022158 -0.012021 0.107316
v 0.021517 -0.015294 0.114938
v 0.018281 -0.022799 0.115985
v 0.018281 -0.022799 0.115985
v 0.018281 -0.022799 0.115985
v -0.010202 -0.036246 0.098636
v -0.010202 -0.036246 0.098636
v -0.006502 -0.041674 0.111758
v -0.000520 -0.039498 0.112635
v -0.007191 -0.036729 0.115216
v -0.004223 -0.035226 0.110892
v -0.001799 -0.033733 0.105038
v -0.005937 -0.035299 0.102187
v -0.005937 -0.035299 0.102187
v -0.000064 -0.033585 0.112669
v -0.000064 -0.033585 0.112669
v 0.000227 -0.032965 0.108327
v 0.004034 -0.037098 0.112956
v 0.001877 -0.038569 0.117455
v 0.001877 -0.038569 0.117455
v -0.002510 -0.040633 0.117831
v -0.002510 -0.040633 0.117831
v -0.002510 -0.040633 0.117831
v -0.002510 -0.040633 0.117831
v 0.005250 -0.036014 0.103973
v 0.005250 -0.036014 0.103973
v 0.007943 -0.034073 0.107238
v 0.007943 -0.034073 0.107238
v 0.006736 -0.035229 0.109173
v 0.006736 -0.035229 0.109173
v 0.006736 -0.035229 0.109173
v 0.010521 -0.031809 0.106481
v 0.010521 -0.031809 0.106481
v 0.007597 -0.034390 0.109176
v 0.011421 -0.030950 0.103897
v 0.014496 -0.027269 0.102716
v 0.013451 -0.029125 0.109051
v 0.013451 -0.029125 0.109051
v 0.013579 -0.028593 0.106267
v 0.015347 -0.026403 0.107201
v 0.004884 -0.036329 0.109426
v 0.004013 -0.030701 0.110282
v 0.003442 -0.031982 0.117039
v 0.007497 -0.028713 0.117094
v 0.007497 -0.028713 0.117094
v -0.003636 -0.036068 0.119172
v -0.003636 -0.036068 0.119172
v -0.000942 -0.034521 0.116842
v -0.000942 -0.034521 0.116842
v -0.001644 -0.035886 0.122428
v 0.000841 -0.033858 0.118535
v 0.000841 -0.033858 0.118535
v -0.004172 -0.041525 0.122265
v 0.005687 -0.036376 0.116532
v 0.005687 -0.036376 0.116532
v 0.004539 -0.037384 0.121246
v 0.004539 -0.037384 0.121246
v -0.001536 -0.040734 0.124547
v -0.001536 -0.040734 0.124547
v -0.001536 -0.040734 0.124547
v -0.000402 -0.036382 0.126726
v -0.000402 -0.036382 0.126726
v 0.002003 -0.035003 0.126370
v 0.002003 -0.035003 0.126370
v 0.002163 -0.033896 0.122623
v 0.005927 -0.031231 0.122664
v 0.005927 -0.031231 0.122664
v 0.001798 -0.039197 0.124530
v 0.002504 -0.039266 0.126629
v -0.000941 -0.041304 0.127829
v -0.000941 -0.041304 0.127829
v 0.004812 -0.037442 0.124299
v 0.007457 -0.035446 0.122826
v 0.007457 -0.035446 0.122826
v 0.009241 -0.025882 0.110052
v 0.007343 -0.027829 0.110114
v 0.010774 -0.024907 0.115445
v 0.010774 -0.024907 0.115445
v 0.008736 -0.033862 0.112870
v 0.008736 -0.033862 0.112870
v 0.011819 -0.031280 0.116496
v 0.011819 -0.031280 0.116496
v 0.009857 -0.033178 0.118168
v 0.013686 -0.028856 0.111754
v 0.015665 -0.026446 0.110477
v 0.016347 -0.025417 0.111391
v 0.016347 -0.025417 0.111391
v 0.014099 -0.028860 0.117252
v 0.013007 -0.022447 0.118557
v 0.013007 -0.022447 0.118557
v 0.010721 -0.026104 0.121017
v 0.008736 -0.028729 0.122801
v 0.008736 -0.028729 0.122801
v 0.008736 -0.028729 0.122801
v 0.013433 -0.029993 0.122584
v 0.013433 -0.029993 0.122584
v 0.015913 -0.026459 0.116309
v 0.015913 -0.026459 0.116309
v 0.010417 -0.033136 0.123888
v 0.018865 -0.019293 0.091162
v 0.018865 -0.019293 0.091162
v 0.020207 -0.017023 0.096722
v 0.021430 -0.012506 0.092956
v 0.021430 -0.012506 0.092956
v 0.021430 -0.012506 0.092956
v 0.022346 -0.008570 0.092905
v 0.022346 -0.008570 0.092905
v 0.022268 -0.009605 0.094097
v 0.022268 -0.009605 0.094097
v 0.022268 -0.009605 0.094097
v 0.022268 -0.009605 0.094097
v 0.023210 -0.007666 0.093174
v 0.023210 -0.007666 0.093174
v 0.023210 -0.007666 0.093174
v 0.022793 -0.008631 0.093964
v 0.022793 -0.008631 0.093964
v 0.024746 -0.007379 0.093784
v 0.024746 -0.007379 0.093784
v 0.024085 -0.007254 0.093109
v 0.027085 -0.007326 0.098965
v 0.027085 -0.007326 0.098965
v 0.025833 -0.006723 0.094430
v 0.025833 -0.006723 0.094430
v 0.026816 -0.006158 0.095793
v 0.026816 -0.006158 0.095793
v 0.022980 -0.009503 0.095946
v 0.024157 -0.008969 0.096022
v 0.024157 -0.008969 0.096022
v 0.023964 -0.009660 0.098441
v 0.021139 -0.014326 0.097544
v 0.021873 -0.011107 0.095750
v 0.021873 -0.011107 0.095750
v 0.022542 -0.010403 0.097706
v 0.021983 -0.011537 0.099358
v 0.021983 -0.011537 0.099358
v 0.017433 -0.022405 0.094535
v 0.019020 -0.019550 0.096447
v 0.019020 -0.019550 0.096447
v 0.017875 -0.022168 0.099957
v 0.017875 -0.022168 0.099957
v 0.021392 -0.013964 0.102491
v 0.021392 -0.013964 0.102491
v 0.025098 -0.009248 0.100513
v 0.025098 -0.009248 0.100513
v 0.027346 -0.008386 0.102810
v 0.027346 -0.008386 0.102810
v 0.028444 -0.006795 0.101149
v 0.022808 -0.010564 0.100346
v 0.022947 -0.010673 0.103484
v 0.022947 -0.010673 0.103484
v 0.022191 -0.011399 0.102106
v 0.022824 -0.011072 0.106669
v 0.022824 -0.011072 0.106669
v 0.025652 -0.009533 0.104007
v 0.025652 -0.009533 0.104007
v 0.023897 -0.010425 0.106688
v 0.023172 -0.010807 0.108360
v 0.024733 -0.010324 0.109228
v 0.024733 -0.010324 0.109228
v 0.024733 -0.010324 0.109228
v 0.028502 -0.008634 0.105379
v 0.028502 -0.008634 0.105379
v 0.026839 -0.009450 0.106276
v 0.022566 -0.011212 0.110158
v 0.022566 -0.011212 0.110158
v 0.023484 -0.010530 0.109835
v 0.023484 -0.010530 0.109835
v 0.023531 -0.010063 0.111225
v 0.026286 -0.009469 0.112169
v 0.026888 -0.009774 0.110933
v 0.027732 -0.009671 0.109520
v 0.029658 -0.009224 0.108521
v 0.029864 -0.007182 0.104202
v 0.030979 -0.008152 0.107175
v -0.004579 -0.042033 0.125486
v -0.004095 -0.042296 0.127336
v -0.006157 -0.043132 0.127918
v -0.006157 -0.043132 0.127918
v -0.006157 -0.043132 0.127918
v -0.003650 -0.044138 0.131939
v 0.018125 -0.001057 0.110210
v 0.018492 -0.001814 0.114415
v 0.018088 -0.004041 0.110694
v 0.018652 -0.004768 0.116647
v 0.018652 -0.004768 0.116647
v 0.019249 -0.003358 0.120110
v 0.018645 -0.008482 0.119426
v 0.018645 -0.008482 0.119426
v 0.018645 -0.008482 0.119426
v 0.018645 -0.008482 0.119426
v 0.024297 -0.004105 0.115187
v 0.024297 -0.004105 0.115187
v 0.025376 -0.004082 0.114858
v 0.025376 -0.004082 0.114858
v 0.025376 -0.004082 0.114858
v 0.025106 -0.003281 0.114995
v 0.025106 -0.003281 0.114995
v 0.025106 -0.003281 0.114995
v 0.025913 -0.002763 0.114865
v 0.025913 -0.002763 0.114865
v 0.022935 -0.010108 0.112515
v 0.022935 -0.010108 0.112515
v 0.023544 -0.009718 0.112159
v 0.023352 -0.008723 0.114067
v 0.023352 -0.008723 0.114067
v 0.023352 -0.008723 0.114067
v 0.023352 -0.008723 0.114067
v 0.023949 -0.008596 0.113447
v 0.022856 -0.009773 0.114138
v 0.022856 -0.009773 0.114138
v 0.024139 -0.007897 0.113958
v 0.024139 -0.007897 0.113958
v 0.024139 -0.007897 0.113958
v 0.024139 -0.007897 0.113958
v 0.024764 -0.006389 0.114639
v 0.024764 -0.006389 0.114639
v 0.024764 -0.006389 0.114639
v 0.024101 -0.006335 0.115004
v 0.024101 -0.006335 0.115004
v 0.023579 -0.004592 0.116264
v 0.023546 -0.005648 0.115756
v 0.023546 -0.005648 0.115756
v 0.023991 -0.004720 0.115443
v 0.023991 -0.004720 0.115443
v 0.023462 -0.006484 0.116495
v 0.023462 -0.006484 0.116495
v 0.023462 -0.006484 0.116495
v 0.023528 -0.007036 0.115276
v 0.023528 -0.007036 0.115276
v 0.023528 -0.007036 0.115276
v 0.024860 -0.005188 0.114934
v 0.024860 -0.005188 0.114934
v 0.024860 -0.005188 0.114934
v 0.023367 -0.008162 0.118105
v 0.019082 0.000835 0.119397
v 0.019082 0.000835 0.119397
v 0.019082 0.000835 0.119397
v 0.019732 0.001297 0.123099
v 0.019589 -0.007217 0.123899
v 0.019589 -0.007217 0.123899
v 0.019844 -0.002506 0.123334
v 0.023908 0.000698 0.115657
v 0.023908 0.000698 0.115657
v 0.023648 0.000881 0.116285
v 0.023648 0.000881 0.116285
v 0.023928 -0.000849 0.116342
v 0.023928 -0.000849 0.116342
v 0.023808 -0.001559 0.117292
v 0.023936 -0.002896 0.119320
v 0.023936 -0.002896 0.119320
v 0.024949 -0.000965 0.115145
v 0.024949 -0.000965 0.115145
v 0.024949 -0.000965 0.115145
v 0.024330 -0.000414 0.115513
v 0.024330 -0.000414 0.115513
v 0.026001 0.000172 0.114972
v 0.028430 0.000034 0.115626
v 0.024010 -0.001939 0.116052
v 0.024010 -0.001939 0.116052
v 0.023845 -0.003017 0.115981
v 0.023845 -0.003017 0.115981
v 0.023845 -0.003017 0.115981
v 0.023785 -0.005890 0.120419
v 0.023785 -0.005890 0.120419
v 0.023785 -0.005890 0.120419
v 0.024128 -0.001814 0.122514
v 0.024128 -0.001814 0.122514
v 0.024059 -0.005138 0.124150
v 0.024059 -0.005138 0.124150
v 0.024059 -0.005138 0.124150
v 0.023698 -0.008577 0.124669
v 0.023698 -0.008577 0.124669
v 0.023698 -0.008577 0.124669
v 0.017866 -0.012785 0.120914
v 0.017866 -0.012785 0.120914
v 0.016728 -0.016538 0.122019
v 0.016728 -0.016538 0.122019
v 0.015900 -0.019752 0.125140
v 0.022625 -0.012020 0.118655
v 0.022037 -0.014710 0.122223
v 0.019865 -0.020042 0.118605
v 0.021094 -0.017265 0.120318
v 0.021094 -0.017265 0.120318
v 0.019570 -0.021178 0.123119
v 0.019570 -0.021178 0.123119
v 0.019404 -0.011714 0.127205
v 0.019404 -0.011714 0.127205
v 0.018611 -0.014655 0.127421
v 0.018611 -0.014655 0.127421
v 0.017582 -0.017909 0.128371
v 0.017582 -0.017909 0.128371
v 0.018210 -0.017983 0.130414
v 0.018210 -0.017983 0.130414
v 0.022843 -0.012745 0.124612
v 0.023271 -0.012343 0.126736
v 0.023271 -0.012343 0.126736
v 0.023271 -0.012343 0.126736
v 0.023271 -0.012343 0.126736
v 0.021710 -0.016721 0.125737
v 0.021710 -0.016721 0.125737
v 0.020702 0.001774 0.127868
v 0.024447 0.001892 0.127229
v 0.024447 0.001892 0.127229
v 0.021062 -0.002014 0.128445
v 0.021062 -0.002014 0.128445
v 0.020684 -0.006351 0.128019
v 0.020684 -0.006351 0.128019
v 0.020684 -0.006351 0.128019
v 0.020684 -0.006351 0.128019
v 0.021720 -0.000028 0.130733
v 0.021720 -0.000028 0.130733
v 0.021861 -0.006710 0.131988
v 0.021861 -0.006710 0.131988
v 0.021861 -0.006710 0.131988
v 0.021861 -0.006710 0.131988
v 0.024075 0.001469 0.123800
v 0.024404 -0.000911 0.126172
v 0.024447 -0.002930 0.126621
v 0.024447 -0.002930 0.126621
v 0.024412 -0.006879 0.127499
v 0.024896 0.000081 0.128443
v 0.025154 -0.004227 0.129133
v 0.025154 -0.004227 0.129133
v 0.025154 -0.004227 0.129133
v 0.025154 -0.004227 0.129133
v 0.021863 0.004183 0.132302
v 0.025275 0.002038 0.129805
v 0.025275 0.002038 0.129805
v 0.022483 0.004414 0.133779
v 0.025915 0.005150 0.132484
v 0.025415 0.005028 0.130926
v 0.025415 0.005028 0.130926
v 0.026309 0.003200 0.132979
v 0.026309 0.003200 0.132979
v 0.022477 -0.004014 0.132888
v 0.022720 -0.000367 0.133240
v 0.023171 -0.000059 0.134004
v 0.023914 0.001296 0.134628
v 0.023230 -0.004039 0.134159
v 0.023230 -0.004039 0.134159
v 0.024042 -0.003070 0.134586
v 0.024042 -0.003070 0.134586
v 0.025004 -0.005573 0.134721
v 0.025004 -0.005573 0.134721
v 0.026126 0.000896 0.131629
v 0.026435 0.000011 0.133565
v 0.026661 -0.001172 0.133717
v 0.026661 -0.001172 0.133717
v 0.025972 0.000541 0.134459
v 0.026349 -0.002220 0.131921
v 0.026509 -0.002427 0.134046
v 0.026509 -0.002427 0.134046
v 0.025641 -0.001439 0.134647
v 0.025641 -0.001439 0.134647
v 0.025845 -0.005179 0.134504
v 0.025845 -0.005179 0.134504
v 0.025845 -0.005179 0.134504
v 0.026640 -0.002872 0.133300
v 0.026640 -0.002872 0.133300
v 0.026463 -0.003446 0.133884
v 0.020639 -0.009228 0.129425
v 0.020639 -0.009228 0.129425
v 0.020639 -0.009228 0.129425
v 0.020548 -0.012685 0.131663
v 0.019378 -0.016290 0.131731
v 0.019378 -0.016290 0.131731
v 0.024478 -0.009565 0.128984
v 0.023450 -0.013163 0.128349
v 0.025808 -0.007984 0.131658
v 0.025623 -0.010605 0.132264
v 0.025623 -0.010605 0.132264
v 0.022425 -0.016599 0.128465
v 0.020889 -0.020108 0.128043
v 0.020795 -0.019184 0.126019
v 0.024325 -0.015674 0.132196
v 0.022542 -0.006839 0.133528
v 0.022542 -0.006839 0.133528
v 0.021927 -0.009355 0.132983
v 0.022147 -0.010701 0.133838
v 0.022147 -0.010701 0.133838
v 0.022957 -0.008728 0.134269
v 0.022957 -0.008728 0.134269
v 0.023557 -0.006103 0.134482
v 0.023557 -0.006103 0.134482
v 0.023557 -0.006103 0.134482
v 0.023557 -0.006103 0.134482
v 0.020819 -0.014836 0.133496
v 0.020819 -0.014836 0.133496
v 0.021586 -0.014560 0.134242
v 0.021586 -0.014560 0.134242
v 0.022662 -0.011981 0.134450
v 0.022662 -0.011981 0.134450
v 0.025808 -0.009531 0.134010
v 0.025238 -0.012791 0.133426
v 0.026281 -0.005699 0.132283
v 0.026281 -0.005699 0.132283
v 0.026281 -0.005699 0.132283
v 0.026420 -0.005151 0.133706
v 0.026420 -0.005151 0.133706
v 0.026420 -0.005151 0.133706
v 0.026493 -0.005898 0.133433
v 0.026493 -0.005898 0.133433
v 0.026232 -0.005114 0.134203
v 0.026232 -0.005114 0.134203
v 0.026232 -0.005114 0.134203
v 0.026154 -0.007038 0.133930
v 0.026154 -0.007038 0.133930
v 0.026154 -0.007038 0.133930
v 0.025550 -0.009730 0.134352
v 0.023230 -0.013263 0.134640
v 0.023230 -0.013263 0.134640
v 0.026050 -0.008325 0.132932
v 0.024105 -0.014244 0.134498
v 0.024278 -0.015612 0.134045
v 0.024278 -0.015612 0.134045
v 0.024759 -0.014781 0.132842
v 0.023378 -0.018854 0.133223
v 0.023378 -0.018854 0.133223
v 0.023378 -0.018854 0.133223
v 0.001441 -0.036897 0.131019
v 0.001441 -0.036897 0.131019
v -0.002943 -0.039766 0.132700
v 0.005498 -0.032728 0.126764
v 0.005498 -0.032728 0.126764
v 0.004941 -0.034352 0.130101
v 0.009580 -0.029877 0.128742
v 0.009580 -0.029877 0.128742
v 0.008246 -0.031924 0.130404
v 0.006184 -0.037191 0.127309
v 0.008551 -0.035089 0.126191
v 0.005422 -0.038483 0.129141
v 0.005422 -0.038483 0.129141
v 0.002316 -0.040215 0.128963
v 0.004235 -0.035805 0.132276
v 0.005259 -0.040105 0.132162
v 0.005259 -0.040105 0.132162
v 0.000499 -0.038370 0.132956
v 0.000499 -0.038370 0.132956
v 0.007072 -0.033898 0.132615
v 0.007072 -0.033898 0.132615
v 0.009365 -0.032011 0.132600
v 0.009365 -0.032011 0.132600
v 0.009365 -0.032011 0.132600
v 0.009310 -0.033186 0.133832
v 0.011383 -0.030238 0.133032
v 0.011383 -0.030238 0.133032
v 0.011383 -0.030238 0.133032
v 0.003439 -0.037254 0.133540
v 0.006557 -0.035013 0.133535
v 0.006557 -0.035013 0.133535
v 0.005623 -0.037095 0.134162
v 0.005623 -0.037095 0.134162
v 0.000734 -0.040155 0.134165
v 0.000734 -0.040155 0.134165
v 0.000734 -0.040155 0.134165
v 0.000734 -0.040155 0.134165
v 0.008812 -0.037507 0.131803
v 0.008812 -0.037507 0.131803
v 0.008812 -0.037507 0.131803
v 0.008812 -0.037507 0.131803
v 0.007951 -0.038380 0.132898
v 0.004775 -0.040271 0.133466
v 0.005952 -0.038362 0.134207
v 0.008979 -0.035891 0.134355
v 0.007532 -0.038202 0.133833
v 0.009302 -0.037214 0.133349
v 0.009170 -0.036839 0.133966
v 0.003310 -0.040449 0.134014
v 0.003310 -0.040449 0.134014
v 0.009742 -0.034082 0.134303
v 0.009742 -0.034082 0.134303
v 0.011732 -0.026239 0.125290
v 0.013616 -0.022617 0.122344
v 0.013616 -0.022617 0.122344
v 0.014746 -0.023171 0.128173
v 0.014746 -0.023171 0.128173
v 0.012313 -0.027063 0.129175
v 0.012313 -0.027063 0.129175
v 0.012977 -0.031087 0.126315
v 0.014698 -0.028981 0.125728
v 0.014698 -0.028981 0.125728
v 0.016112 -0.027039 0.124821
v 0.016112 -0.027039 0.124821
v 0.017260 -0.024960 0.120572
v 0.017260 -0.024960 0.120572
v 0.017260 -0.024960 0.120572
v 0.018026 -0.024290 0.125367
v 0.018026 -0.024290 0.125367
v 0.018026 -0.024290 0.125367
v 0.016284 -0.021170 0.129254
v 0.014993 -0.029624 0.128355
v 0.014993 -0.029624 0.128355
v 0.013655 -0.027354 0.132631
v 0.017927 -0.028391 0.132138
v 0.017927 -0.028391 0.132138
v 0.017927 -0.028391 0.132138
v 0.014547 -0.032561 0.132132
v 0.014547 -0.032561 0.132132
v 0.019081 -0.022992 0.126890
v 0.020196 -0.022454 0.129317
v 0.020196 -0.022454 0.129317
v 0.020196 -0.022454 0.129317
v 0.020196 -0.022454 0.129317
v 0.017100 -0.026405 0.127283
v 0.017100 -0.026405 0.127283
v 0.017659 -0.026785 0.129305
v 0.011263 -0.033138 0.127275
v 0.011263 -0.033138 0.127275
v 0.009353 -0.035233 0.128293
v 0.009353 -0.035233 0.128293
v 0.012461 -0.032638 0.128699
v 0.011465 -0.035386 0.131893
v 0.012261 -0.030582 0.134041
v 0.012261 -0.030582 0.134041
v 0.012941 -0.030940 0.134422
v 0.012941 -0.030940 0.134422
v 0.013764 -0.031597 0.134485
v 0.012324 -0.034841 0.132832
v 0.012324 -0.034841 0.132832
v 0.013719 -0.033531 0.133472
v 0.013719 -0.033531 0.133472
v 0.013719 -0.033531 0.133472
v 0.015250 -0.031709 0.133389
v 0.014545 -0.031735 0.134237
v 0.011335 -0.035801 0.132771
v 0.011335 -0.035801 0.132771
v 0.011091 -0.035851 0.133795
v 0.011091 -0.035851 0.133795
v 0.011917 -0.034709 0.133987
v 0.017651 -0.021595 0.133097
v 0.017651 -0.021595 0.133097
v 0.018953 -0.019288 0.133405
v 0.018953 -0.019288 0.133405
v 0.020069 -0.018457 0.134190
v 0.020069 -0.018457 0.134190
v 0.020069 -0.018457 0.134190
v 0.017751 -0.022904 0.134045
v 0.020066 -0.020756 0.134568
v 0.015411 -0.026322 0.133969
v 0.013479 -0.028551 0.133712
v 0.013479 -0.028551 0.133712
v 0.013479 -0.028551 0.133712
v 0.015738 -0.024289 0.132461
v 0.015738 -0.024289 0.132461
v 0.017088 -0.025885 0.134531
v 0.017088 -0.025885 0.134531
v 0.016453 -0.030074 0.133975
v 0.016453 -0.030074 0.133975
v 0.019156 -0.026251 0.134114
v 0.019156 -0.026251 0.134114
v 0.019156 -0.026251 0.134114
v 0.019156 -0.026251 0.134114
v 0.018827 -0.025428 0.134568
v 0.018827 -0.025428 0.134568
v 0.018827 -0.025428 0.134568
v 0.022224 -0.020799 0.131954
v 0.020616 -0.024292 0.132296
v 0.020616 -0.024292 0.132296
v 0.022184 -0.021546 0.132936
v 0.022184 -0.021546 0.132936
v 0.021696 -0.022359 0.133640
v 0.020392 -0.024921 0.133200
v 0.020392 -0.024921 0.133200
v 0.022267 -0.018894 0.134582
v 0.022267 -0.018894 0.134582
v 0.022267 -0.018894 0.134582
v 0.022267 -0.018894 0.134582
v 0.022758 -0.019677 0.133976
v 0.022758 -0.019677 0.133976
v 0.022758 -0.019677 0.133976
v 0.022758 -0.019677 0.133976
v 0.021195 -0.022625 0.134258
v 0.018544 -0.027813 0.133293
v 0.018544 -0.027813 0.133293
v 0.016643 -0.030242 0.133172
v 0.027176 -0.004589 0.114871
v 0.025138 -0.009476 0.112279
v 0.025905 -0.008534 0.113356
v 0.025905 -0.008534 0.113356
v 0.027690 -0.008681 0.113143
v 0.027690 -0.008681 0.113143
v 0.027690 -0.008681 0.113143
v 0.027690 -0.008681 0.113143
v 0.031564 -0.009303 0.111107
v 0.031564 -0.009303 0.111107
v 0.029220 -0.009441 0.110917
v 0.029220 -0.009441 0.110917
v 0.029220 -0.009441 0.110917
v 0.029220 -0.009441 0.110917
v 0.027664 -0.009461 0.111938
v 0.027664 -0.009461 0.111938
v 0.029325 -0.008835 0.112969
v 0.029325 -0.008835 0.112969
v 0.026398 -0.007513 0.113981
v 0.026057 -0.005811 0.114560
v 0.029221 -0.006693 0.114752
v 0.028593 -0.003961 0.115247
v 0.028593 -0.003961 0.115247
v 0.028593 -0.003961 0.115247
v 0.027457 -0.007160 0.114211
v 0.027457 -0.007160 0.114211
v 0.027457 -0.007160 0.114211
v 0.028910 -0.007890 0.113980
v 0.030543 -0.009345 0.112264
v 0.030543 -0.009345 0.112264
v 0.038046 -0.003334 0.110175
v 0.038046 -0.003334 0.110175
v 0.038046 -0.003334 0.110175
v 0.031539 -0.008469 0.114309
v 0.034013 -0.008676 0.114765
v 0.033628 -0.002046 0.117230
v 0.033628 -0.002046 0.117230
v 0.033220 -0.005161 0.116574
v 0.034470 -0.007339 0.116133
v 0.038064 -0.002614 0.118146
v 0.038064 -0.002614 0.118146
v 0.037142 -0.004650 0.117681
v 0.033712 -0.009064 0.113214
v 0.033712 -0.009064 0.113214
v 0.034657 -0.008992 0.114442
v 0.034657 -0.008992 0.114442
v 0.035578 -0.008809 0.114551
v 0.035578 -0.008809 0.114551
v 0.037012 -0.008183 0.115847
v 0.036915 -0.008558 0.115166
v 0.036915 -0.008558 0.115166
v 0.037917 -0.006914 0.117005
v 0.037917 -0.006914 0.117005
v 0.037917 -0.006914 0.117005
v 0.037917 -0.006914 0.117005
v 0.039679 -0.008187 0.116081
v 0.040312 -0.005542 0.117880
v 0.040312 -0.005542 0.117880
v 0.039053 -0.008547 0.114858
v 0.042606 -0.008226 0.115103
v 0.041294 -0.007340 0.117041
v 0.043447 -0.007722 0.116350
v 0.043447 -0.007722 0.116350
v 0.044662 -0.006953 0.117010
v 0.044662 -0.006953 0.117010
v 0.045292 -0.007819 0.115497
v 0.045092 -0.007940 0.114584
v 0.045092 -0.007940 0.114584
v 0.047166 -0.007654 0.114840
v 0.046555 -0.007314 0.116090
v 0.046555 -0.007314 0.116090
v 0.050544 -0.006938 0.114714
v 0.050544 -0.006938 0.114714
v 0.048733 -0.007436 0.114934
v 0.048733 -0.007436 0.114934
v 0.050376 -0.007280 0.113974
v 0.050376 -0.007280 0.113974
v 0.042539 -0.003597 0.118314
v 0.042539 -0.003597 0.118314
v 0.046627 -0.003967 0.117723
v 0.045264 -0.005315 0.117729
v 0.043462 -0.005840 0.117709
v 0.049369 -0.004046 0.116881
v 0.049369 -0.004046 0.116881
v 0.048442 -0.005694 0.116793
v 0.051399 -0.004850 0.115765
v 0.051399 -0.004850 0.115765
v 0.049078 -0.006659 0.115871
v 0.049078 -0.006659 0.115871
v 0.051179 -0.006227 0.115223
v 0.051179 -0.006227 0.115223
v 0.022186 0.007450 0.134138
v 0.022186 0.007450 0.134138
v 0.022877 0.007136 0.134572
v 0.022877 0.007136 0.134572
v 0.025474 0.004028 0.134583
v 0.025474 0.004028 0.134583
v 0.026132 0.002362 0.134080
v 0.026132 0.002362 0.134080
v -0.000251 -0.042509 0.131155
v -0.000251 -0.042509 0.131155
v -0.000251 -0.042509 0.131155
v -0.002837 -0.043906 0.133000
v -0.002837 -0.043906 0.133000
v -0.002837 -0.043906 0.133000
v -0.001475 -0.039964 0.133607
v -0.001475 -0.039964 0.133607
v -0.003357 -0.041856 0.134039
v -0.004933 -0.044168 0.133641
v -0.001298 -0.043010 0.133565
v -0.001298 -0.043010 0.133565
v -0.001978 -0.042628 0.133993
v -0.001978 -0.042628 0.133993
v 0.000455 -0.042700 0.132725
v 0.000455 -0.042700 0.132725
v 0.002026 -0.041760 0.133327
v 0.002748 -0.041470 0.132164
v 0.004454 -0.040659 0.132649
v 0.050875 -0.007215 0.112562
v 0.052457 -0.007048 0.112909
v 0.053234 -0.006541 0.113337
v 0.053234 -0.006541 0.113337
v 0.052972 -0.006986 0.111918
v 0.054042 -0.006878 0.111669
v 0.055599 -0.006061 0.111961
v 0.055790 -0.006511 0.110596
v 0.055790 -0.006511 0.110596
v 0.056204 -0.006857 0.109410
v 0.056204 -0.006857 0.109410
v 0.053786 -0.005211 0.114148
v 0.053786 -0.005211 0.114148
v 0.053512 -0.006020 0.113807
v 0.053512 -0.006020 0.113807
v 0.004963 -0.028097 0.076256
v 0.003936 -0.029593 0.091394
v 0.003936 -0.029593 0.091394
v 0.016933 -0.009136 0.090983
v 0.016933 -0.009136 0.090983
v 0.007019 -0.026901 0.089330
v 0.007019 -0.026901 0.089330
v -0.002909 -0.033326 0.083622
v -0.002909 -0.033326 0.083622
v -0.002909 -0.033326 0.083622
v -0.000777 -0.032710 0.095081
v -0.000777 -0.032710 0.095081
v -0.000777 -0.032710 0.095081
v -0.004337 -0.034303 0.093926
v 0.002036 -0.031302 0.100630
v 0.002036 -0.031302 0.100630
v 0.002036 -0.031302 0.100630
v 0.014669 -0.014081 0.070081
v 0.014669 -0.014081 0.070081
v 0.011985 -0.018234 0.066876
v 0.013653 -0.017142 0.074929
v 0.013653 -0.017142 0.074929
v 0.015599 -0.012934 0.077941
v 0.015599 -0.012934 0.077941
v 0.016016 -0.012394 0.084981
v 0.021587 -0.010778 0.086383
v 0.017026 -0.009335 0.101610
v 0.017026 -0.009335 0.101610
v 0.016254 -0.012096 0.096776
v 0.016254 -0.012096 0.096776
v 0.016254 -0.012096 0.096776
v 0.016647 -0.011227 0.103471
v 0.008105 -0.026400 0.101773
v 0.008105 -0.026400 0.101773
v 0.009838 -0.023728 0.087596
v 0.014900 -0.015963 0.099255
v 0.010935 -0.023208 0.103799
v 0.010935 -0.023208 0.103799
v 0.010935 -0.023208 0.103799
v 0.010935 -0.023208 0.103799
v 0.011961 -0.021349 0.097655
v 0.017706 -0.005193 0.104968
v 0.017706 -0.005193 0.104968
v 0.005131 -0.029109 0.101891
v 0.022173 -0.008880 0.091026
v 0.022173 -0.008880 0.091026
v 0.022628 -0.007848 0.092064
v 0.023382 -0.006253 0.092189
v 0.023029 -0.007340 0.092462
v 0.023029 -0.007340 0.092462
v 0.025377 -0.006378 0.093394
v 0.025377 -0.006378 0.093394
v 0.028537 -0.005461 0.099439
v 0.030340 -0.004635 0.102382
v 0.029529 -0.006586 0.102806
v 0.029529 -0.006586 0.102806
v 0.031219 -0.005808 0.104507
v 0.031219 -0.005808 0.104507
v 0.031926 -0.007169 0.106535
v 0.032996 -0.005142 0.106437
v 0.033384 -0.007844 0.109040
v 0.033384 -0.007844 0.109040
v 0.033384 -0.007844 0.109040
v 0.023887 0.001325 0.119624
v 0.035213 -0.004473 0.108360
v 0.035213 -0.004473 0.108360
v 0.035213 -0.004473 0.108360
v 0.035213 -0.004473 0.108360
v 0.035213 -0.004473 0.108360
v 0.033868 -0.006837 0.108395
v 0.033868 -0.006837 0.108395
v 0.033868 -0.006837 0.108395
v 0.033868 -0.006837 0.108395
v 0.035613 -0.005417 0.109187
v 0.035613 -0.005417 0.109187
v 0.035276 -0.006938 0.109367
v 0.035276 -0.006938 0.109367
v 0.036787 -0.004708 0.109649
v 0.036787 -0.004708 0.109649
v 0.036787 -0.004708 0.109649
v 0.036787 -0.004708 0.109649
v 0.036459 -0.007105 0.110486
v 0.036459 -0.007105 0.110486
v 0.032956 -0.008911 0.110449
v 0.032956 -0.008911 0.110449
v 0.035639 -0.008818 0.112875
v 0.035763 -0.008381 0.111574
v 0.035763 -0.008381 0.111574
v 0.037111 -0.008715 0.113443
v 0.037111 -0.008715 0.113443
v 0.038920 -0.004896 0.110825
v 0.038920 -0.004896 0.110825
v 0.038293 -0.006129 0.111001
v 0.038293 -0.006129 0.111001
v 0.038261 -0.007429 0.111845
v 0.040090 -0.006753 0.111884
v 0.040090 -0.006753 0.111884
v 0.038577 -0.008294 0.112994
v 0.038577 -0.008294 0.112994
v 0.038577 -0.008294 0.112994
v 0.041325 -0.005413 0.111546
v 0.041325 -0.005413 0.111546
v 0.042095 -0.007485 0.112976
v 0.042095 -0.007485 0.112976
v 0.044272 -0.005511 0.111597
v 0.044272 -0.005511 0.111597
v 0.044272 -0.005511 0.111597
v 0.044272 -0.005511 0.111597
v 0.042292 -0.006419 0.112069
v 0.045794 -0.006049 0.111798
v 0.045794 -0.006049 0.111798
v 0.045794 -0.006049 0.111798
v 0.043301 -0.008080 0.114060
v 0.043301 -0.008080 0.114060
v 0.043301 -0.008080 0.114060
v 0.042077 -0.008013 0.113710
v 0.045699 -0.007342 0.113153
v 0.045699 -0.007342 0.113153
v 0.045699 -0.007342 0.113153
v 0.045699 -0.007342 0.113153
v 0.039590 -0.008423 0.113662
v 0.046662 -0.005158 0.111009
v 0.046662 -0.005158 0.111009
v 0.047719 -0.005630 0.110950
v 0.049249 -0.006061 0.110656
v 0.047957 -0.006916 0.112090
v 0.048945 -0.006981 0.111819
v 0.050194 -0.006940 0.111699
v 0.047054 -0.007434 0.113234
v 0.048473 -0.007506 0.113053
v 0.051937 -0.006032 0.109239
v 0.051110 -0.006332 0.110340
v 0.051110 -0.006332 0.110340
v 0.053936 -0.006749 0.109179
v 0.053936 -0.006749 0.109179
v 0.052079 -0.006812 0.110952
v 0.054529 -0.006868 0.109326
v 0.054529 -0.006868 0.109326
v 0.055765 -0.006616 0.106999
v 0.008561 -0.024681 0.077311
v 0.011127 -0.021134 0.072755
v 0.011550 -0.021229 0.082597
v 0.011550 -0.021229 0.082597
v 0.013110 -0.018507 0.079205
v 0.013324 -0.018876 0.093246
v 0.014402 -0.016287 0.083161
v 0.015111 -0.015106 0.089722
v -0.008438 -0.035571 0.091018
v -0.008438 -0.035571 0.091018
v 0.010988 -0.020839 0.068582
v 0.010988 -0.020839 0.068582
f 1 3 4
f 8 3 1
f 2 9 12
f 13 8 1
f 2 12 14
f 14 12 17
f 14 17 18
f 18 20 14
f 20 18 23
f 13 1 24
f 13 24 26
f 11 13 27
f 31 12 10
f 32 9 29
f 32 31 9
f 33 32 28
f 13 26 35
f 13 35 27
f 27 35 36
f 36 34 27
f 37 35 26
f 39 34 36
f 43 36 44
f 31 46 17
f 47 46 31
f 17 46 49
f 16 48 18
f 51 30 32
f 31 50 47
f 53 47 51
f 17 12 30
f 55 22 18
f 51 32 33
f 59 47 52
f 48 62 19
f 18 62 63
f 65 64 62
f 60 45 47
f 46 61 67
f 66 48 46
f 48 66 68
f 18 63 55
f 55 70 72
f 51 33 40
f 40 75 51
f 75 53 51
f 43 74 39
f 76 78 73
f 38 36 42
f 81 52 75
f 77 80 75
f 82 59 52
f 82 54 81
f 83 66 60
f 58 82 83
f 82 80 84
f 84 83 82
f 80 79 86
f 90 84 80
f 89 81 86
f 91 93 96
f 98 101 91
f 98 91 96
f 102 96 103
f 103 106 102
f 98 96 102
f 101 98 108
f 97 102 109
f 108 98 109
f 104 112 114
f 114 115 107
f 116 115 114
f 118 120 121
f 119 122 124
f 122 104 124
f 102 121 127
f 102 126 109
f 128 109 126
f 109 128 108
f 129 108 128
f 127 123 120
f 120 128 127
f 120 131 128
f 128 131 129
f 130 131 132
f 106 121 102
f 131 120 133
f 133 120 117
f 132 131 133
f 107 115 134
f 116 135 115
f 136 134 115
f 137 119 125
f 137 133 119
f 133 137 139
f 132 133 141
f 140 141 133
f 141 142 132
f 143 132 142
f 142 141 140
f 142 140 144
f 145 143 142
f 104 134 124
f 138 137 147
f 140 147 148
f 139 148 144
f 137 125 149
f 137 149 147
f 150 125 134
f 124 150 149
f 151 150 134
f 136 154 134
f 134 153 151
f 153 155 151
f 155 153 156
f 157 149 160
f 163 146 149
f 162 165 147
f 148 147 164
f 161 149 150
f 157 163 149
f 166 144 148
f 142 144 166
f 145 142 166
f 166 148 169
f 170 166 169
f 169 148 165
f 167 165 173
f 151 160 150
f 152 155 174
f 174 161 151
f 165 162 176
f 163 157 175
f 177 175 157
f 179 174 155
f 157 160 180
f 174 181 161
f 179 182 174
f 179 185 184
f 189 184 185
f 191 192 193
f 197 190 194
f 194 199 200
f 201 203 205
f 202 206 207
f 208 211 213
f 212 207 213
f 213 207 215
f 216 218 214
f 216 207 204
f 220 221 206
f 222 206 221
f 221 219 94
f 216 206 222
f 215 222 218
f 221 223 222
f 225 222 223
f 223 226 225
f 214 227 209
f 227 214 217
f 228 227 218
f 200 199 209
f 200 209 227
f 229 200 227
f 228 229 227
f 225 218 222
f 225 228 218
f 229 228 230
f 232 228 225
f 230 228 232
f 225 233 232
f 197 195 236
f 236 196 200
f 237 197 240
f 242 241 197
f 242 198 236
f 244 241 245
f 245 241 243
f 248 200 229
f 200 247 236
f 230 231 249
f 230 249 251
f 248 229 252
f 229 230 251
f 252 229 251
f 249 255 251
f 251 256 253
f 256 251 255
f 258 261 256
f 262 260 259
f 236 247 263
f 265 263 247
f 243 236 263
f 261 247 252
f 248 260 265
f 260 254 256
f 223 221 92
f 91 99 92
f 223 94 101
f 224 99 266
f 100 108 266
f 223 266 226
f 266 108 268
f 130 269 108
f 272 266 270
f 268 129 273
f 233 225 274
f 274 225 226
f 226 266 274
f 274 266 272
f 274 272 275
f 272 276 275
f 278 274 275
f 233 249 232
f 235 274 279
f 278 275 280
f 267 273 281
f 280 275 276
f 281 280 276
f 276 271 281
f 281 272 269
f 273 283 285
f 273 285 281
f 286 281 285
f 285 284 288
f 291 288 283
f 287 285 288
f 292 293 288
f 294 255 296
f 249 233 297
f 298 234 277
f 255 250 297
f 278 299 298
f 255 298 299
f 296 255 300
f 278 280 300
f 280 281 302
f 300 280 302
f 301 302 303
f 256 255 294
f 294 257 256
f 294 306 259
f 306 294 295
f 309 259 306
f 306 310 308
f 312 310 306
f 311 315 310
f 295 312 306
f 312 301 304
f 302 281 286
f 316 302 286
f 286 318 316
f 288 318 287
f 318 288 293
f 305 302 320
f 320 302 316
f 317 318 321
f 321 319 322
f 323 293 292
f 324 292 325
f 322 319 293
f 323 322 293
f 323 292 324
f 321 322 323
f 328 323 324
f 320 330 304
f 330 320 331
f 332 330 331
f 320 316 334
f 334 331 320
f 316 321 334
f 334 321 327
f 321 323 329
f 336 334 329
f 337 339 340
f 340 342 344
f 209 341 210
f 337 340 345
f 337 346 349
f 351 349 347
f 352 353 355
f 359 354 352
f 362 363 5
f 362 6 15
f 356 354 343
f 360 363 354
f 364 362 353
f 345 354 362
f 15 366 362
f 361 352 367
f 192 367 352
f 238 367 190
f 369 364 359
f 368 7 363
f 361 367 369
f 24 369 367
f 24 6 369
f 341 352 357
f 341 358 345
f 352 342 370
f 192 352 370
f 370 341 208
f 208 199 370
f 192 370 199
f 338 344 362
f 337 362 366
f 337 366 346
f 371 348 365
f 373 350 348
f 191 367 192
f 192 199 193
f 14 20 365
f 372 365 20
f 6 3 15
f 20 374 371
f 7 24 1
f 23 374 20
f 22 375 374
f 373 348 372
f 113 339 349
f 378 111 349
f 339 201 340
f 340 201 211
f 203 202 339
f 207 212 201
f 349 339 337
f 212 342 340
f 378 349 351
f 206 203 219
f 220 203 103
f 339 103 203
f 111 103 339
f 96 220 103
f 95 93 220
f 111 105 103
f 380 110 379
f 382 383 385
f 387 384 383
f 388 367 238
f 388 24 367
f 390 25 388
f 26 25 390
f 391 388 239
f 394 388 392
f 395 389 388
f 237 191 198
f 392 239 244
f 396 392 244
f 26 390 394
f 398 26 395
f 26 397 37
f 399 37 397
f 37 399 403
f 244 237 240
f 382 404 383
f 406 405 407
f 404 406 383
f 408 383 406
f 408 386 383
f 411 387 409
f 412 110 381
f 412 114 110
f 414 114 412
f 129 415 273
f 132 415 129
f 415 132 143
f 273 416 283
f 143 283 415
f 283 143 417
f 418 145 166
f 143 145 417
f 419 417 145
f 417 419 420
f 421 417 420
f 418 170 420
f 420 171 422
f 418 166 171
f 283 417 421
f 289 282 421
f 421 420 423
f 423 420 422
f 288 289 292
f 290 421 292
f 325 292 421
f 325 421 424
f 423 424 421
f 427 429 430
f 431 429 385
f 427 433 434
f 384 387 432
f 435 434 433
f 435 437 434
f 437 435 439
f 436 433 387
f 440 435 387
f 325 425 324
f 442 324 424
f 36 403 443
f 443 44 36
f 444 42 44
f 443 403 445
f 446 444 44
f 448 44 443
f 448 443 449
f 446 44 448
f 446 450 444
f 449 452 447
f 446 453 451
f 448 453 446
f 76 74 43
f 450 454 43
f 76 42 454
f 450 41 444
f 87 78 76
f 90 88 456
f 454 87 76
f 454 450 457
f 457 450 453
f 457 460 454
f 455 85 462
f 463 455 462
f 466 462 87
f 467 462 465
f 466 87 454
f 468 453 448
f 469 458 453
f 453 468 469
f 470 469 472
f 453 458 457
f 473 454 460
f 473 465 454
f 475 467 466
f 475 476 467
f 476 475 478
f 479 466 473
f 475 466 479
f 480 473 459
f 481 474 480
f 483 459 469
f 483 486 480
f 481 480 486
f 483 480 459
f 481 479 474
f 487 475 479
f 488 475 487
f 482 487 479
f 491 488 487
f 488 490 492
f 469 470 483
f 494 485 484
f 495 483 471
f 494 483 496
f 494 496 498
f 500 494 498
f 494 500 501
f 486 494 481
f 481 490 487
f 481 501 490
f 501 482 494
f 503 490 501
f 503 501 504
f 507 499 497
f 508 500 498
f 504 501 500
f 509 505 500
f 245 243 510
f 511 245 510
f 512 510 513
f 513 400 511
f 514 513 515
f 265 261 262
f 262 259 308
f 264 516 517
f 516 265 262
f 263 517 243
f 510 243 517
f 517 263 264
f 510 517 518
f 516 262 519
f 521 523 516
f 519 521 516
f 523 517 516
f 525 528 529
f 529 530 533
f 532 530 534
f 529 527 530
f 534 529 532
f 535 515 513
f 536 514 515
f 535 513 540
f 515 535 538
f 537 535 542
f 535 543 542
f 543 535 540
f 544 539 542
f 540 546 543
f 547 542 543
f 550 551 518
f 552 540 510
f 510 518 551
f 524 521 556
f 518 517 524
f 518 523 550
f 551 550 556
f 523 556 550
f 530 551 556
f 540 513 510
f 551 527 510
f 554 510 526
f 526 510 527
f 546 541 554
f 546 554 557
f 558 552 526
f 559 557 553
f 527 551 531
f 307 310 560
f 560 310 313
f 262 309 563
f 313 311 564
f 565 314 564
f 561 519 262
f 563 308 560
f 520 562 560
f 566 519 560
f 567 566 560
f 519 566 521
f 566 570 521
f 566 567 569
f 560 313 565
f 568 560 565
f 564 571 565
f 565 571 568
f 312 330 333
f 572 333 574
f 332 331 574
f 334 575 331
f 575 334 335
f 577 574 331
f 575 576 331
f 579 577 575
f 581 564 572
f 571 564 581
f 580 572 583
f 584 572 586
f 586 573 574
f 578 585 574
f 578 579 587
f 589 578 587
f 577 589 586
f 586 589 590
f 582 586 591
f 592 591 589
f 594 556 570
f 570 595 594
f 595 570 596
f 569 567 600
f 568 571 599
f 596 570 599
f 594 530 556
f 534 530 594
f 597 602 604
f 596 599 606
f 606 608 602
f 605 594 595
f 596 607 601
f 581 610 571
f 610 581 582
f 612 610 582
f 615 598 571
f 599 615 606
f 614 571 610
f 614 611 616
f 608 606 615
f 617 614 618
f 613 616 611
f 612 619 622
f 614 616 618
f 621 616 612
f 621 618 616
f 555 522 570
f 620 582 591
f 398 395 245
f 511 397 245
f 400 398 512
f 624 400 513
f 626 401 624
f 403 626 445
f 449 443 445
f 628 445 625
f 445 628 449
f 514 624 513
f 538 624 514
f 536 629 624
f 630 626 624
f 452 449 628
f 631 626 630
f 631 628 626
f 628 631 452
f 632 631 629
f 447 631 632
f 536 632 630
f 448 452 631
f 448 632 468
f 632 537 545
f 633 468 632
f 472 468 634
f 472 469 468
f 526 529 636
f 638 559 635
f 639 637 529
f 638 635 639
f 543 640 548
f 642 542 547
f 542 642 544
f 644 642 548
f 645 643 548
f 645 646 643
f 648 642 643
f 650 642 649
f 647 651 650
f 651 649 646
f 646 649 644
f 650 651 652
f 651 653 652
f 645 549 656
f 657 660 646
f 658 646 645
f 659 651 646
f 655 651 660
f 661 659 658
f 661 654 660
f 663 633 662
f 665 663 661
f 637 559 526
f 640 543 546
f 546 557 640
f 557 559 667
f 640 557 656
f 548 641 656
f 557 666 656
f 559 670 667
f 645 656 668
f 671 673 666
f 669 670 671
f 674 645 666
f 559 638 670
f 675 677 678
f 676 672 670
f 670 638 678
f 677 670 678
f 680 671 676
f 672 680 674
f 681 677 675
f 680 676 683
f 676 681 683
f 684 685 680
f 686 684 683
f 688 685 684
f 689 684 687
f 689 688 684
f 689 690 688
f 684 680 683
f 691 657 645
f 691 662 658
f 692 661 691
f 692 691 694
f 692 665 661
f 695 692 694
f 692 696 697
f 696 692 695
f 685 674 679
f 698 645 674
f 691 645 698
f 698 694 691
f 698 673 685
f 690 694 698
f 685 688 698
f 690 698 688
f 639 529 534
f 605 534 593
f 699 639 534
f 701 534 603
f 605 601 608
f 702 605 608
f 703 605 702
f 701 605 703
f 705 703 707
f 710 639 712
f 711 639 700
f 534 701 700
f 714 700 701
f 712 700 714
f 710 638 639
f 710 712 713
f 715 709 713
f 678 638 709
f 701 703 705
f 706 715 713
f 713 701 706
f 608 615 617
f 702 609 617
f 716 702 617
f 617 618 718
f 720 618 623
f 717 617 719
f 618 720 718
f 702 716 703
f 707 703 721
f 721 704 716
f 721 716 718
f 707 723 706
f 707 724 723
f 723 724 725
f 678 709 715
f 715 675 678
f 675 715 730
f 715 723 729
f 706 723 715
f 682 675 728
f 731 681 729
f 733 681 731
f 723 734 729
f 723 726 734
f 736 737 734
f 740 729 734
f 740 734 737
f 683 681 733
f 683 732 686
f 724 708 721
f 741 724 721
f 742 721 718
f 741 722 742
f 726 724 741
f 726 741 743
f 741 742 743
f 742 719 745
f 744 718 746
f 749 751 742
f 742 744 748
f 752 726 743
f 727 753 734
f 743 750 752
f 743 742 751
f 734 752 736
f 755 751 749
f 756 754 749
f 545 642 632
f 652 632 642
f 652 642 650
f 632 652 633
f 633 652 654
f 663 472 633
f 757 472 663
f 662 634 654
f 471 472 757
f 759 496 758
f 496 470 757
f 499 506 508
f 757 663 760
f 761 757 760
f 760 664 665
f 496 759 506
f 762 759 758
f 765 761 760
f 763 766 762
f 761 766 767
f 764 760 697
f 665 697 760
f 766 763 697
f 769 697 696
f 768 766 697
f 770 759 761
f 767 770 762
f 771 770 767
f 770 773 759
f 775 770 771
f 759 508 506
f 778 509 500
f 508 777 500
f 779 778 508
f 779 782 784
f 784 778 780
f 773 508 759
f 508 774 776
f 775 773 770
f 782 775 787
f 782 781 775
f 788 784 782
f 783 786 789
f 37 402 35
f 36 35 402
f 21 71 375
f 21 57 72
f 56 63 69
f 790 63 65
f 792 793 794
f 116 797 135
f 156 153 136
f 156 135 799
f 155 156 801
f 801 802 155
f 179 155 802
f 802 803 179
f 804 805 803
f 806 179 803
f 186 179 806
f 246 393 244
f 296 301 311
f 303 330 311
f 373 808 350
f 376 809 374
f 810 372 374
f 374 809 810
f 373 372 811
f 810 812 372
f 373 814 808
f 815 817 818
f 819 818 821
f 818 819 815
f 350 808 379
f 807 824 379
f 380 826 412
f 827 379 823
f 827 380 379
f 828 829 833
f 835 836 838
f 834 817 836
f 836 817 815
f 839 836 385
f 382 384 836
f 841 839 828
f 828 837 830
f 832 839 384
f 830 385 429
f 382 836 815
f 842 843 844
f 845 843 842
f 842 844 847
f 846 844 848
f 849 852 848
f 851 846 848
f 853 845 855
f 845 853 858
f 854 860 859
f 862 864 866
f 853 870 871
f 854 871 872
f 872 873 854
f 876 871 868
f 877 869 879
f 879 866 865
f 877 872 871
f 872 878 880
f 856 847 884
f 846 851 886
f 884 846 885
f 870 854 855
f 870 855 883
f 870 883 886
f 871 870 887
f 855 845 842
f 856 842 847
f 888 867 871
f 888 861 867
f 852 861 886
f 850 861 851
f 889 890 892
f 889 891 893
f 894 893 891
f 895 897 898
f 889 899 843
f 844 899 893
f 897 889 843
f 843 859 897
f 843 899 844
f 845 859 843
f 897 896 889
f 889 893 900
f 895 901 906
f 895 898 903
f 903 907 906
f 907 902 908
f 909 891 910
f 895 890 889
f 896 905 890
f 890 911 891
f 905 911 890
f 911 904 907
f 913 903 898
f 914 916 913
f 917 914 912
f 848 844 893
f 848 893 894
f 848 894 850
f 849 894 919
f 891 909 894
f 894 909 920
f 921 920 923
f 924 920 921
f 920 924 894
f 926 897 857
f 927 932 933
f 820 928 933
f 933 815 819
f 933 404 815
f 816 404 382
f 933 932 407
f 932 935 407
f 933 407 405
f 937 938 862
f 862 938 865
f 938 937 939
f 941 863 938
f 882 876 879
f 882 879 942
f 865 942 879
f 865 941 942
f 941 938 939
f 941 940 944
f 947 940 937
f 861 850 936
f 918 936 850
f 948 949 936
f 952 944 939
f 953 939 947
f 950 946 936
f 955 953 947
f 956 945 957
f 924 919 894
f 958 959 960
f 924 959 919
f 924 921 961
f 961 959 924
f 959 962 960
f 963 966 968
f 969 948 958
f 970 958 972
f 972 958 960
f 949 948 969
f 971 964 950
f 969 972 963
f 412 825 414
f 974 116 114
f 976 830 978
f 978 979 976
f 831 426 978
f 979 981 982
f 980 979 978
f 427 981 977
f 908 983 907
f 983 985 986
f 987 988 986
f 907 989 910
f 990 909 910
f 907 983 989
f 909 989 991
f 993 997 998
f 983 994 990
f 986 995 983
f 986 988 992
f 998 990 992
f 990 998 991
f 987 999 988
f 988 1001 993
f 996 993 1001
f 991 997 1002
f 991 998 997
f 997 1004 1002
f 988 1005 1001
f 1005 988 1000
f 1001 1005 1006
f 1001 1004 996
f 1004 1001 1006
f 1006 1005 1009
f 1007 1005 1000
f 1007 999 1011
f 830 428 427
f 909 1012 920
f 909 991 1012
f 1014 1004 1016
f 1017 1015 1016
f 991 1003 1012
f 1003 1017 1018
f 1003 1018 1012
f 1015 1003 1004
f 1017 1003 1015
f 1018 1017 1020
f 1004 1006 1021
f 1006 1007 1021
f 1008 1025 1021
f 1007 1011 1026
f 1016 1004 1027
f 1027 1004 1021
f 1027 1028 1016
f 1027 1029 1028
f 1017 1016 1028
f 1030 1027 1031
f 1031 1027 1022
f 1031 1021 1033
f 1031 1032 1034
f 1017 1028 1030
f 1035 1017 1029
f 1036 1029 1031
f 1036 1031 1034
f 1035 1030 1036
f 1022 1026 1032
f 1038 1032 1024
f 1032 1038 1034
f 1034 1040 1036
f 1038 1043 1034
f 1045 1047 1038
f 1047 1049 1037
f 1049 1043 1038
f 980 427 1050
f 1051 434 1053
f 427 434 1050
f 437 1053 434
f 1020 1054 1018
f 1020 1057 1058
f 1060 1050 1053
f 1053 1061 1059
f 1061 1052 437
f 439 1063 438
f 1061 437 1063
f 1063 804 1061
f 804 1063 1064
f 1065 1035 1067
f 1069 1065 1068
f 1017 1035 1020
f 1066 1020 1035
f 1065 1069 1070
f 1072 1067 1036
f 1035 1036 1068
f 1072 1036 1041
f 1073 1072 1039
f 1043 1041 1034
f 1075 1044 1048
f 1043 1075 1041
f 1067 1072 1069
f 1069 1072 1076
f 1076 1072 1073
f 1078 1073 1042
f 1057 1020 1080
f 1082 1057 1081
f 1080 1065 1070
f 1070 1069 1076
f 1076 1073 1085
f 1086 985 908
f 985 983 908
f 1086 908 913
f 1086 912 1087
f 913 908 903
f 986 984 1086
f 986 1086 987
f 913 916 1087
f 1088 916 914
f 920 1090 922
f 1091 923 1090
f 1013 1090 920
f 1093 1095 1098
f 1099 1102 1104
f 1107 1092 1089
f 961 921 922
f 1106 1108 1091
f 1106 1089 1108
f 967 960 1110
f 1055 1058 1112
f 1113 968 1109
f 1113 1110 1058
f 1058 1114 1113
f 1114 1082 1115
f 1114 1115 1116
f 1119 1123 1124
f 1122 1124 1125
f 1119 1127 1123
f 1123 1127 1129
f 1127 1120 1132
f 1121 1125 1134
f 1134 1125 1135
f 1132 1119 1134
f 1135 1137 1134
f 1139 1134 1137
f 951 1137 1135
f 1132 1133 1139
f 1139 1140 1132
f 1132 1141 1127
f 1141 1132 1140
f 1142 1141 1144
f 1145 1142 1144
f 1147 1148 1150
f 1152 1154 1155
f 1153 1156 1155
f 1157 1160 1162
f 1164 1166 1168
f 1165 1169 1170
f 1171 1172 1174
f 1170 1169 1172
f 1171 1170 1172
f 1176 1169 1168
f 1164 1168 1169
f 1175 1160 1171
f 1178 1170 1171
f 1161 1178 1171
f 1179 1159 1180
f 1157 1181 1183
f 1185 1188 1190
f 1185 1191 1187
f 1179 1180 1193
f 1193 1194 1179
f 1179 1197 1198
f 1196 1179 1194
f 1179 1186 1157
f 1203 1156 1153
f 1203 1154 1166
f 1165 1204 1166
f 1165 1205 1204
f 1205 1164 1178
f 1208 1204 1205
f 311 332 564
f 564 333 572
f 1209 1210 1211
f 1097 1214 1212
f 1216 1096 1212
f 1217 1218 1220
f 1210 1222 1217
f 1211 1210 1224
f 1210 1217 1224
f 1219 1225 1217
f 1220 1227 1224
f 1224 1215 1211
f 1216 1224 1228
f 1228 1229 1215
f 1227 1228 1224
f 605 595 597
f 1232 1205 1181
f 1230 1208 1205
f 1234 1206 1230
f 1236 1238 1234
f 1239 1242 1235
f 1244 1191 1185
f 1244 1246 1191
f 1246 1234 1231
f 1248 1234 1246
f 1234 1248 1235
f 1218 1249 1221
f 1252 1249 1243
f 1220 1249 1253
f 1251 1253 1249
f 1253 1227 1220
f 1254 1253 1250
f 1252 1256 1254
f 1227 1253 1254
f 1226 1257 1228
f 1257 1227 1259
f 1260 1257 1258
f 1262 1264 1266
f 1266 860 1262
f 1269 872 882
f 872 1271 873
f 1271 872 1270
f 874 1271 1265
f 1273 1263 1271
f 853 874 1262
f 1265 1262 875
f 399 627 403
f 1263 1274 1275
f 1276 1279 1280
f 1281 1284 1278
f 1277 1282 1278
f 1273 1274 1264
f 1274 1273 1275
f 1283 1286 1284
f 1286 1282 1163
f 880 942 1124
f 1124 1270 881
f 1124 942 1125
f 1125 942 941
f 1123 1269 1124
f 944 1126 941
f 1135 1125 943
f 1135 944 952
f 1288 952 953
f 953 952 940
f 1289 1291 1292
f 1289 1277 1293
f 1293 1291 1289
f 1294 1295 1296
f 1194 1289 1298
f 1298 1290 1292
f 1300 1299 1302
f 1303 1304 1302
f 1306 1311 1294
f 1294 1309 1295
f 1303 1312 1304
f 1314 1304 1312
f 1314 1312 1316
f 1308 1306 1312
f 1312 1306 1316
f 1192 1283 1277
f 1180 1283 1193
f 1180 1163 1281
f 1195 1194 1298
f 1196 1298 1300
f 1147 1317 1148
f 1296 1318 1294
f 1294 1318 1306
f 1318 1319 1320
f 1318 1320 1307
f 1322 1317 1147
f 1195 1300 1200
f 1199 1324 1328
f 1324 1198 1300
f 1326 1329 1331
f 1301 1333 1324
f 1334 1329 1333
f 1329 1328 1324
f 1331 1329 1334
f 1328 1190 1198
f 1337 1326 1331
f 1338 1334 1333
f 1339 1331 1342
f 1346 1347 1341
f 665 692 697
f 1346 1348 1349
f 1343 1348 1346
f 1349 1351 1352
f 1353 1352 1354
f 1352 1351 1354
f 731 730 740
f 1356 1357 1359
f 1300 1302 1305
f 1360 1301 1305
f 1360 1304 1314
f 1361 1300 1360
f 1313 1316 1362
f 1364 1316 1367
f 1365 1362 1315
f 1361 1333 1300
f 1368 1333 1361
f 1320 1319 1369
f 1371 1372 1374
f 1376 1371 1377
f 1379 1376 1381
f 1375 1379 1382
f 1383 1385 1381
f 1386 1383 1387
f 1388 1381 1376
f 1377 1388 1376
f 1388 1377 1389
f 1390 1387 1383
f 776 780 508
f 1391 72 69
f 69 1393 1391
f 64 790 69
f 1393 70 790
f 790 1394 1393
f 793 1391 1392
f 794 793 1393
f 1392 1394 794
f 798 801 156
f 800 1060 802
f 803 802 1060
f 1396 187 186
f 1395 1397 188
f 1398 1088 1400
f 1403 1152 1398
f 1155 1398 1152
f 1155 1405 1398
f 1088 1398 1405
f 1155 1406 1405
f 1408 1406 1155
f 1409 1411 1406
f 1407 1412 1088
f 1412 1413 1414
f 1415 1412 1406
f 1412 1415 1413
f 1410 1415 1406
f 1222 1413 1415
f 1417 1413 1209
f 821 810 809
f 812 814 373
f 813 811 1418
f 822 811 810
f 821 818 811
f 818 1419 812
f 1418 818 817
f 380 827 826
f 824 840 827
f 828 827 841
f 828 826 827
f 833 826 828
f 807 814 1418
f 835 808 1418
f 835 824 807
f 840 824 834
f 838 840 834
f 1418 817 834
f 1262 860 853
f 898 917 912
f 898 1401 917
f 1420 897 925
f 897 1421 898
f 897 1420 1421
f 1420 1403 1421
f 860 926 859
f 1399 898 1421
f 1403 1401 1421
f 1088 914 917
f 1401 1088 917
f 1398 1401 1402
f 375 71 927
f 821 809 377
f 928 821 376
f 820 821 929
f 1391 930 72
f 930 1391 932
f 1391 793 931
f 793 934 932
f 936 918 948
f 957 945 949
f 958 919 959
f 967 972 960
f 964 972 965
f 958 948 918
f 957 950 964
f 976 974 414
f 114 414 974
f 982 974 979
f 826 976 413
f 833 976 826
f 830 975 833
f 976 979 973
f 116 974 796
f 1422 795 982
f 982 795 974
f 135 796 799
f 982 980 1423
f 1425 798 796
f 798 1423 1060
f 1050 1423 980
f 1424 1050 1060
f 1019 1090 1012
f 1427 1025 1010
f 1026 1045 1037
f 1020 1058 1055
f 1060 801 799
f 1060 1061 803
f 803 1061 804
f 804 1396 806
f 1396 185 805
f 804 1064 1396
f 1064 1428 1396
f 1428 1397 1395
f 1020 1065 1080
f 1070 1083 1080
f 1115 1082 1071
f 1412 987 1086
f 1087 1412 1086
f 1087 915 1088
f 1087 1088 1412
f 1414 987 1412
f 1414 999 987
f 999 1414 1416
f 1417 1414 1413
f 1011 999 1417
f 1426 1011 1417
f 1429 1026 1426
f 1417 1431 1426
f 1100 1430 1426
f 1431 1100 1426
f 1432 1430 1101
f 1101 1431 1434
f 1045 1023 1429
f 1430 1435 1045
f 1047 1045 1436
f 1435 1429 1432
f 1432 1105 1436
f 1101 1105 1432
f 1214 1416 1209
f 1434 1431 1416
f 1214 1433 1416
f 1433 1103 1101
f 1096 1433 1213
f 1095 1103 1434
f 1095 1433 1096
f 1091 961 923
f 961 1091 1108
f 1108 1090 1054
f 1090 1018 1055
f 1054 1112 1108
f 1111 962 1108
f 960 962 1109
f 965 1112 968
f 1082 1114 1058
f 1082 1058 1056
f 1437 1438 1127
f 1437 1127 1141
f 1142 1437 1141
f 1142 1317 1437
f 1317 1142 1148
f 1148 1142 1145
f 1175 1439 1441
f 1172 1440 1175
f 1444 1152 1403
f 1151 1445 1153
f 1176 1444 1446
f 1447 1403 1439
f 1172 1447 1439
f 1447 1444 1403
f 1166 1444 1176
f 1444 1166 1154
f 1167 1166 1176
f 1175 1442 1286
f 1448 1175 1286
f 1174 1448 1160
f 1163 1160 1449
f 1176 1447 1169
f 1447 1173 1169
f 1170 1178 1164
f 1160 1183 1178
f 1177 1184 1205
f 1163 1180 1157
f 1184 1160 1158
f 1157 1187 1191
f 1198 1190 1179
f 1179 1189 1188
f 1155 1156 1408
f 1201 1408 1156
f 1204 1201 1166
f 1450 1409 1203
f 1411 1409 1450
f 1415 1410 1223
f 1209 1413 1223
f 1451 1452 1411
f 1410 1453 1223
f 1207 1454 1204
f 1455 1206 1237
f 1455 1237 1458
f 1453 1457 1218
f 1453 1451 1204
f 1204 1451 1202
f 1454 1453 1204
f 1456 1453 1455
f 1218 1223 1453
f 1223 1210 1209
f 1209 1211 1214
f 1215 1229 1097
f 1223 1218 1217
f 1233 1182 1191
f 1234 1237 1206
f 1241 1456 1237
f 1236 1242 1237
f 1218 1456 1249
f 1458 1242 1249
f 1242 1240 1252
f 1236 1251 1239
f 1183 1181 1205
f 1191 1181 1157
f 1191 1246 1233
f 1459 1246 1460
f 1245 1460 1246
f 1247 1461 1235
f 1461 1252 1236
f 1459 1247 1246
f 1464 1247 1459
f 1259 1227 1254
f 1467 1258 1254
f 1255 1467 1254
f 1259 1467 1468
f 1259 1468 1261
f 1469 1470 1471
f 1472 1252 1463
f 1470 1252 1472
f 1470 1255 1252
f 1473 1462 1247
f 1472 1463 1471
f 1473 1471 1463
f 1464 1474 1247
f 1472 1471 1470
f 1476 1469 1473
f 1471 1473 1469
f 1469 1467 1256
f 1255 1470 1469
f 1466 1469 1468
f 1468 1477 1261
f 1469 1477 1468
f 1260 1477 1478
f 860 1267 1443
f 1270 1479 1271
f 1273 1271 1479
f 1286 1442 1266
f 1266 1284 1286
f 1275 1480 1284
f 1264 1275 1268
f 1284 1267 1275
f 1280 1480 1482
f 1279 1285 1481
f 1280 1278 1480
f 1484 1479 1486
f 1484 1273 1479
f 1487 1484 1486
f 1484 1487 1488
f 1488 1272 1484
f 1480 1275 1272
f 1482 1480 1488
f 1488 1480 1272
f 1442 1439 926
f 1442 926 860
f 1439 1403 1420
f 1439 1420 926
f 1163 1448 1286
f 1479 1270 1128
f 1270 1123 1131
f 1130 1485 1479
f 1490 1486 1438
f 1438 1486 1129
f 1438 1129 1127
f 1490 1487 1486
f 1492 1490 1438
f 1492 1438 1437
f 1290 1193 1277
f 1293 1280 1482
f 1280 1293 1277
f 1292 1291 1493
f 1295 1488 1487
f 1487 1297 1295
f 1293 1483 1488
f 1291 1293 1488
f 1493 1291 1489
f 1493 1488 1295
f 1493 1295 1310
f 1493 1311 1292
f 1292 1303 1298
f 1299 1303 1302
f 1303 1292 1310
f 1311 1312 1303
f 1193 1289 1194
f 1296 1487 1491
f 1490 1492 1296
f 1492 1437 1317
f 1318 1296 1492
f 1318 1492 1317
f 1319 1318 1317
f 1319 1317 1321
f 1494 1319 1322
f 1319 1494 1496
f 1190 1497 1185
f 1498 1497 1190
f 1325 1499 1190
f 1330 1323 1333
f 1327 1500 1499
f 1502 1499 1501
f 1501 1347 1502
f 1332 1340 1335
f 1343 1334 1338
f 1334 1344 1331
f 1342 1345 1339
f 1504 1342 1338
f 1328 1335 1501
f 1339 1501 1336
f 1347 1501 1339
f 1502 1347 1505
f 1502 1506 1507
f 1507 1499 1502
f 1498 1507 1510
f 1507 1506 1349
f 1348 1344 1504
f 1348 1503 1511
f 1350 1348 1351
f 1351 1348 1511
f 1506 1347 1346
f 1346 1349 1506
f 1513 1507 1352
f 1352 1507 1349
f 1351 1511 1354
f 1515 1354 1511
f 1357 1476 1517
f 1476 1357 1518
f 1358 1516 1359
f 1359 1517 1519
f 1518 1358 1356
f 1497 1244 1185
f 1497 1460 1244
f 1521 1459 1460
f 1519 1464 1459
f 1465 1519 1517
f 1521 1519 1459
f 1497 1520 1460
f 1522 1497 1499
f 1524 1520 1497
f 1465 1517 1473
f 1473 1517 1476
f 1475 1477 1469
f 1518 1477 1476
f 1525 1519 1521
f 1525 1521 1524
f 1528 1524 1523
f 1529 1519 1526
f 1529 1359 1519
f 1356 1359 1531
f 1524 1497 1522
f 1522 1499 1508
f 1513 1508 1507
f 1532 1360 1314
f 1306 1367 1316
f 1320 1367 1306
f 1362 1532 1313
f 1360 1533 1361
f 1533 1532 1363
f 1534 1533 1363
f 1533 1360 1532
f 1536 1368 1361
f 1536 1361 1533
f 1537 1535 1363
f 1362 1366 1538
f 1537 1362 1538
f 1537 1539 1387
f 1338 1333 1368
f 1536 1338 1368
f 1504 1338 1536
f 1496 1369 1319
f 1367 1320 1379
f 1369 1379 1320
f 1369 1382 1379
f 1370 1495 1494
f 1322 1540 1494
f 1540 1372 1494
f 1494 1373 1369
f 1370 1372 1371
f 1376 1369 1371
f 1382 1369 1376
f 1378 1371 1374
f 1367 1380 1381
f 1381 1364 1367
f 1538 1364 1381
f 1539 1385 1387
f 1538 1381 1385
f 1381 1388 1383
f 1389 1541 1388
f 1383 1388 1541
f 1389 1377 1543
f 1544 1389 1543
f 1534 1546 1533
f 1546 1535 1537
f 1547 1546 1537
f 1547 1549 1551
f 1511 1504 1536
f 1533 1511 1536
f 1514 1512 1533
f 1546 1515 1533
f 1548 1537 1387
f 1547 1387 1390
f 1549 1548 1390
f 1549 1390 1383
f 1552 1550 1384
f 1383 1541 1554
f 1544 1541 1389
f 1554 1541 1545
f 1554 1544 1555
f 1552 1383 1554
f 1556 1558 1554
f 1404 1406 1088
f 175 177 1559
f 178 159 1561
f 1562 157 181
f 158 1563 1561
f 1561 1559 177
f 1564 1560 1561
f 1561 1563 1565
f 1561 1565 1567
f 173 165 175
f 173 175 1559
f 1564 173 1559
f 1564 1561 1567
f 1564 1567 1570
f 1571 1562 1573
f 1565 1563 1572
f 1563 180 1573
f 1565 1572 1566
f 1567 1572 1575
f 1576 1567 1575
f 1575 1571 1578
f 180 174 1580
f 174 182 1580
f 1581 1582 181
f 183 1586 1580
f 1573 180 1583
f 1571 1573 1584
f 1579 1571 1582
f 1578 1584 1587
f 1575 1578 1588
f 1588 1578 1587
f 1582 1581 1590
f 1590 1587 1582
f 1593 1587 1590
f 1595 1589 1587
f 1587 1592 1595
f 1576 1574 1588
f 1568 1577 1589
f 1570 1566 1577
f 188 1586 182
f 1570 1588 1595
f 1570 1595 1596
f 1598 326 442
f 335 329 1599
f 1600 326 1598
f 1598 1602 1600
f 1597 1604 1601
f 168 1607 170
f 1606 169 1608
f 422 170 1606
f 173 1609 168
f 1609 172 1610
f 425 423 1611
f 1611 423 422
f 422 1606 1613
f 1607 1609 1613
f 1610 1613 1609
f 422 1613 1614
f 1614 1613 1610
f 1615 173 1564
f 1564 1570 1615
f 1610 173 1615
f 1615 1616 1610
f 1617 1615 1618
f 1620 1616 1619
f 1620 1618 1621
f 1618 1569 1623
f 1622 1570 1596
f 1623 1596 1624
f 1622 1624 1625
f 1627 1623 1625
f 1628 1610 1616
f 1628 1616 1620
f 1629 1621 1630
f 1628 1620 1629
f 1631 1632 1629
f 1631 1618 1623
f 1619 1631 1621
f 1631 1622 1627
f 1627 1634 1631
f 1634 1627 1635
f 1631 1634 1632
f 1636 1627 1638
f 1611 441 425
f 1612 422 1614
f 1611 1614 1639
f 328 324 441
f 1604 441 1611
f 1604 1611 1639
f 1614 1610 1640
f 1640 1610 1628
f 1639 1614 1640
f 1640 1628 1641
f 1644 1641 1628
f 1598 441 1604
f 1604 1639 1645
f 1645 1639 1646
f 1646 1639 1640
f 1646 1640 1647
f 1642 1647 1640
f 1642 1644 1649
f 1648 1641 1650
f 1652 1647 1650
f 1644 1628 1629
f 1629 1633 1643
f 1653 1644 1632
f 1634 1635 1654
f 1635 1655 1654
f 1635 1656 1655
f 1657 1654 1655
f 1658 1655 1660
f 1644 1662 1650
f 1663 1643 1653
f 1663 1653 1666
f 1662 1643 1663
f 1667 1663 1666
f 1654 1664 1653
f 1654 1657 1665
f 1668 1666 1659
f 1668 1667 1666
f 1668 1657 1669
f 1670 1668 1669
f 1672 579 575
f 1600 1674 335
f 1603 1676 1600
f 1673 575 335
f 1672 575 1673
f 1675 1673 1600
f 1672 1674 1675
f 1678 1676 1603
f 1679 1678 1601
f 1680 1678 1679
f 1680 1676 1677
f 579 1672 1681
f 1682 1681 1683
f 592 589 588
f 1684 587 579
f 587 1684 592
f 1684 579 1682
f 579 1681 1682
f 1686 1682 1683
f 1672 1683 1681
f 1675 1683 1672
f 1680 1683 1675
f 1687 1680 1689
f 1686 1683 1690
f 1683 1680 1688
f 1687 1690 1683
f 582 619 613
f 1691 619 1693
f 1691 1693 1694
f 1695 1691 1694
f 1698 592 1686
f 1701 591 592
f 1701 592 1698
f 1686 1684 1682
f 592 1684 1686
f 1701 619 590
f 620 1701 1693
f 1702 1701 1698
f 1704 1699 1685
f 1705 1686 1690
f 1702 1700 1704
f 1705 1707 1704
f 1705 1704 1685
f 1709 1704 1710
f 1704 1709 1702
f 1704 1707 1710
f 1707 1705 1711
f 1710 1707 1713
f 1707 1711 1713
f 1706 1690 1711
f 1703 1693 1701
f 1692 1702 1694
f 1715 1702 1709
f 1715 1708 1713
f 1713 1709 1710
f 1715 1694 1702
f 1716 1715 1718
f 1690 1687 1711
f 1712 1687 1719
f 1722 1720 1723
f 1712 1725 1713
f 1711 1726 1725
f 1715 1713 1725
f 1725 1718 1715
f 1718 1725 1727
f 1727 1725 1726
f 1726 1729 1727
f 1722 1711 1719
f 1722 1726 1712
f 1731 1726 1722
f 1729 1726 1731
f 1723 1732 1722
f 1733 1731 1721
f 1730 1731 1733
f 1733 1722 1732
f 1733 1732 1735
f 1603 1605 1645
f 1737 1603 1645
f 1603 1737 1679
f 1737 1645 1646
f 1680 1679 1737
f 1689 1680 1737
f 1737 1646 1647
f 1689 1737 1648
f 1738 1648 1651
f 1651 1650 1662
f 1739 1651 1661
f 1687 1689 1740
f 1741 1689 1648
f 1738 1740 1647
f 1720 1687 1740
f 1720 1740 1744
f 1738 1743 1740
f 1745 1742 1738
f 1745 1738 1747
f 1652 1739 1749
f 1749 1746 1651
f 1746 1738 1651
f 1662 1663 1750
f 1667 1750 1663
f 1750 1667 1668
f 1739 1662 1750
f 1739 1750 1751
f 1752 1750 1668
f 1668 1753 1751
f 1668 1755 1753
f 1754 1668 1671
f 1671 1757 1755
f 1739 1758 1748
f 1739 1760 1759
f 1751 1761 1739
f 1761 1752 1753
f 1762 1749 1759
f 1759 1761 1762
f 1753 1763 1761
f 1720 1744 1724
f 1723 1743 1745
f 1746 1764 1745
f 1764 1766 1769
f 1770 1767 1762
f 1769 1767 1770
f 1762 1771 1770
f 1723 1745 1774
f 1745 1764 1776
f 1774 1745 1776
f 1735 1732 1723
f 1735 1723 1773
f 1773 1776 1777
f 1765 1769 1775
f 1760 1771 1762
f 1753 1778 1763
f 1776 1769 1780
f 1781 1769 1770
f 1782 1770 1771
f 1780 1770 1783
f 1780 1777 1776
f 1777 1780 1786
f 1786 1780 1787
f 1787 1780 1782
f 1763 1788 1772
f 1789 1779 1754
f 1788 1763 1779
f 1790 1788 1778
f 1779 1753 1755
f 1791 1754 1793
f 1792 1794 1795
f 1791 1790 1755
f 1771 1788 1784
f 1797 1792 1798
f 1789 1791 1800
f 1800 1791 1802
f 1802 1791 1797
f 720 621 1691
f 622 619 1691
f 720 1691 1697
f 1696 1803 720
f 1697 1694 1717
f 720 746 718
f 1804 747 720
f 1804 720 1803
f 1805 1803 1697
f 1696 1717 1805
f 1805 1716 1806
f 1805 1806 1808
f 1809 1807 1810
f 1694 1714 1717
f 1812 1718 1727
f 1814 1727 1730
f 1814 1812 1727
f 1806 1716 1718
f 1806 1718 1811
f 1718 1815 1810
f 1816 1718 1812
f 1816 1812 1814
f 1817 1814 1819
f 1814 1728 1733
f 1819 1814 1733
f 1819 1734 1735
f 1819 1736 1820
f 1736 1774 1820
f 1821 1816 1813
f 1821 1813 1817
f 1821 1810 1816
f 1822 1810 1821
f 746 1823 744
f 1823 747 1824
f 748 744 1823
f 1827 749 1823
f 1823 1829 1828
f 1829 1823 1830
f 1830 1823 1826
f 746 1804 1826
f 1804 1803 1826
f 1829 1830 1832
f 1834 1831 1824
f 1832 1830 1826
f 1838 1824 1803
f 1828 756 748
f 1839 1828 1829
f 1839 1829 1836
f 1828 1839 756
f 756 1839 1840
f 1835 1829 1832
f 1841 1824 1838
f 1836 1825 1842
f 1844 1836 1841
f 1846 1845 1843
f 1845 1846 1847
f 1848 1808 1850
f 1837 1803 1805
f 1849 1837 1805
f 1849 1805 1808
f 1808 1806 1809
f 1808 1809 1854
f 1850 1808 1851
f 1809 1810 1822
f 1852 1809 1855
f 1855 1809 1822
f 1856 1855 1822
f 1841 1837 1859
f 1859 1849 1860
f 1858 1837 1848
f 1841 1858 1861
f 1861 1859 1860
f 1850 1860 1849
f 1846 1843 1862
f 1864 1846 1862
f 1861 1862 1841
f 1863 1861 1860
f 1863 1860 1865
f 1865 1860 1850
f 1865 1850 1866
f 1853 1866 1850
f 1866 1851 1855
f 1866 1855 1867
f 1856 1821 1868
f 1821 1857 1822
f 1869 1819 1820
f 1817 1868 1821
f 1817 1819 1869
f 1869 1820 1870
f 1869 1870 1871
f 1869 1872 1817
f 1871 1872 1869
f 1873 1857 1875
f 1867 1855 1856
f 1856 1877 1867
f 1877 1857 1874
f 1868 1817 1879
f 1881 1868 1879
f 1875 1856 1868
f 1875 1868 1881
f 1882 1875 1883
f 1879 1818 1872
f 1881 1879 1883
f 1872 1871 1884
f 1884 1878 1872
f 1875 1881 1883
f 1884 1871 1886
f 1883 1880 1884
f 1874 1875 1882
f 1874 1882 1887
f 1884 1888 1882
f 1887 1882 1888
f 1884 1882 1883
f 1884 1889 1892
f 1892 1893 1885
f 1888 1884 1893
f 1895 1893 1890
f 1777 1897 1773
f 1820 1773 1897
f 1897 1777 1898
f 1899 1777 1786
f 1897 1898 1900
f 1820 1897 1870
f 1900 1870 1897
f 1900 1898 1786
f 1901 1870 1900
f 1901 1900 1785
f 1787 1783 1786
f 1903 1782 1788
f 1901 1786 1783
f 1782 1903 1905
f 1907 1908 1903
f 1909 1903 1908
f 1871 1870 1912
f 1902 1912 1870
f 1916 1871 1912
f 1886 1871 1916
f 1912 1901 1917
f 1918 1902 1904
f 1905 1901 1782
f 1905 1910 1919
f 1903 1909 1905
f 1920 1911 1921
f 1918 1904 1919
f 1918 1919 1922
f 1788 1906 1903
f 1789 1906 1788
f 1789 1801 1906
f 1800 1925 1906
f 1800 1802 1925
f 1925 1802 1796
f 1797 1928 1923
f 1925 1927 1929
f 1930 1929 1926
f 1921 1911 1908
f 1906 1924 1933
f 1933 1925 1934
f 1933 1908 1906
f 1908 1933 1921
f 1921 1933 1919
f 1934 1925 1929
f 1929 1935 1934
f 1930 1935 1929
f 1936 1932 1938
f 1884 1886 1889
f 1886 1915 1889
f 1914 1913 1918
f 1939 1914 1918
f 1939 1917 1922
f 1889 1914 1940
f 1941 1939 1922
f 1922 1920 1943
f 1941 1922 1943
f 1892 1889 1939
f 1890 1939 1944
f 1944 1945 1891
f 1944 1939 1942
f 1947 1944 1948
f 1942 1943 1949
f 1944 1942 1950
f 1950 1941 1949
f 1952 1951 1949
f 1943 1919 1933
f 1943 1933 1953
f 1954 1933 1934
f 1934 1955 1954
f 1955 1934 1936
f 1956 1935 1938
f 1938 1957 1956
f 1943 1953 1949
f 1958 1953 1955
f 1952 1949 1953
f 1952 1953 1958
f 1952 1958 1959
f 1955 1935 1956
f 1958 1955 1956
f 1958 1956 1960
f 1960 1956 1961
f 1963 1049 1046
f 1570 1618 1615
f 1079 1040 1074
f 1073 1078 1964
f 1966 1077 1075
f 1079 1967 1964
f 1079 1965 1967
f 1968 1967 1965
f 1629 1620 1621
f 1084 1073 1964
f 1970 1076 1084
f 1964 1971 1084
f 1972 1964 1967
f 1076 1971 1974
f 1974 1971 1964
f 1976 1974 1964
f 1974 1980 1076
f 1974 1977 1980
f 1978 1964 1972
f 1976 1972 1982
f 1972 1967 1969
f 1969 1984 1972
f 1984 1985 1972
f 1973 1985 1981
f 1986 1102 1095
f 1988 1986 1095
f 1095 1093 1988
f 1990 1988 1094
f 1986 1104 1103
f 1992 1994 1995
f 1996 1998 1999
f 2001 2003 1996
f 1653 1632 1634
f 1634 1654 1653
f 1228 1257 2004
f 1257 2005 2004
f 2006 2007 2009
f 2007 2010 2012
f 1260 2005 1257
f 2013 2005 1261
f 2011 2007 2005
f 1478 2013 1260
f 2013 1478 2015
f 2015 2010 2013
f 2016 1989 2018
f 2019 2016 2018
f 2022 2023 2024
f 2025 2023 2022
f 2022 2027 2026
f 2027 2029 2032
f 2034 2027 2032
f 2037 1989 2039
f 1989 2036 2018
f 2041 2042 2043
f 2044 2032 2031
f 2046 2049 2042
f 1749 2050 1747
f 2050 1749 1762
f 2051 2053 2055
f 2051 2058 2053
f 2058 2059 2053
f 2033 2052 2026
f 2033 2058 2052
f 2049 2033 2032
f 2046 2060 2058
f 2058 2060 2062
f 2063 2062 2060
f 2064 2066 2062
f 2067 2065 2062
f 2068 2042 2041
f 1766 1765 1747
f 1746 2050 1768
f 2050 1762 1766
f 2070 2071 2073
f 2063 2074 2076
f 2079 2077 2075
f 2080 2062 2076
f 1771 1761 1763
f 2076 2079 2083
f 2078 2085 2083
f 2076 2083 2080
f 2067 2062 2080
f 1845 1847 2086
f 1862 1865 1866
f 1866 1864 1862
f 2087 2088 2089
f 2090 2071 2069
f 2091 2071 2090
f 2092 2093 2071
f 2094 2091 2090
f 2095 2098 2099
f 2100 2101 2096
f 2101 2102 2104
f 2101 2100 2102
f 1947 1945 1944
f 2105 2100 2095
f 2106 2096 2099
f 2105 2107 2100
f 2103 2100 2109
f 2110 2102 2109
f 2100 2108 2111
f 2111 2109 2100
f 2112 2111 2107
f 2111 2112 2113
f 2114 1075 1049
f 1075 2114 1965
f 1963 2114 1049
f 2114 1969 1966
f 2114 1995 1969
f 1985 2115 2118
f 1985 1983 2115
f 1435 1963 1047
f 2119 1962 1435
f 1105 2119 1436
f 2120 2119 1104
f 1992 1962 2119
f 2120 1992 2119
f 2120 2122 2123
f 1105 2122 2121
f 1992 2121 2123
f 2123 1993 1992
f 1987 2122 1105
f 1987 1988 2122
f 2123 2122 2024
f 2124 2123 2024
f 2124 1994 2123
f 2124 2024 2023
f 1962 1995 2114
f 1995 1962 1991
f 1995 2125 1969
f 2125 1995 1994
f 2125 1983 1969
f 2127 1984 2125
f 2126 2115 1984
f 2126 2125 1999
f 2126 1997 2116
f 2125 1994 2057
f 2056 1994 2124
f 2055 2124 2023
f 2053 2125 2056
f 2000 2125 2053
f 2126 2000 1998
f 2128 1996 2000
f 2128 2001 1996
f 1229 1093 1097
f 2009 2130 1229
f 1228 2009 1229
f 2004 2009 1228
f 2009 2008 2130
f 2004 2005 2009
f 2013 2010 2005
f 2012 2130 2007
f 2132 2134 2012
f 2136 2015 1478
f 2133 2012 2011
f 2131 2137 2134
f 1989 2122 1988
f 2122 1989 2138
f 1093 2038 1990
f 2038 1093 1229
f 2016 2138 1989
f 2138 2024 2122
f 2021 2024 2138
f 2026 2052 2023
f 2138 2016 2022
f 2016 2027 2021
f 2017 2020 2027
f 2034 2026 2027
f 2038 1229 2130
f 2038 2130 2037
f 2139 2018 2037
f 2139 2019 2018
f 2139 2028 2019
f 2130 2140 2036
f 2141 2140 2130
f 2140 2139 2035
f 2139 2140 2142
f 2144 2140 2141
f 2144 2142 2140
f 2043 2144 2141
f 2144 2043 2142
f 2043 2042 2142
f 2028 2027 2020
f 2030 2139 2142
f 2044 2028 2145
f 2028 2143 2145
f 2143 2045 2145
f 2042 2044 2142
f 2042 2048 2044
f 2049 2032 2044
f 2051 2054 2023
f 2053 2059 2000
f 2033 2049 2047
f 2046 2058 2033
f 2146 2059 2058
f 2000 2059 2129
f 2146 2129 2059
f 2146 2148 2129
f 2064 2148 2146
f 2046 2150 2061
f 2058 2062 2146
f 2146 2062 2066
f 2060 2150 2063
f 2065 2147 2066
f 2152 2148 2065
f 2153 2155 2148
f 2154 2064 2067
f 2156 2151 2067
f 2156 2155 2152
f 2157 2155 2156
f 2012 2141 2130
f 2141 2012 2134
f 2134 2043 2141
f 2134 2041 2043
f 2041 2072 2068
f 2134 2072 2040
f 2072 2071 2161
f 2046 2042 2068
f 2068 2149 2046
f 2068 2162 2149
f 2149 2075 2063
f 2074 2149 2162
f 2072 2161 2068
f 2161 2162 2068
f 2163 2074 2162
f 2163 2079 2074
f 2164 2162 2161
f 2163 2166 2078
f 2069 2134 2137
f 2134 2070 2072
f 2093 2161 2071
f 2166 2163 2161
f 2093 2165 2161
f 2167 2078 2165
f 2166 2093 2091
f 2077 2062 2063
f 2080 2156 2067
f 2168 2156 2080
f 2156 2168 2157
f 2083 2169 2171
f 2080 2081 2170
f 2169 2159 2171
f 2171 2168 2080
f 2158 2168 2171
f 2078 2167 2085
f 2172 2085 2167
f 2084 2172 2169
f 2169 2082 2085
f 2173 2172 2167
f 2173 2167 2166
f 2176 2169 2172
f 2176 2158 2169
f 2177 2159 2175
f 1518 2178 2135
f 1518 1356 2178
f 2178 2179 2135
f 2136 2180 2181
f 1477 2135 1478
f 2135 1477 1518
f 2183 2014 2135
f 2183 2010 2015
f 2183 2132 2010
f 2183 2184 2132
f 2182 2183 2136
f 2185 2183 2182
f 2184 2183 2185
f 2090 2070 2137
f 2184 2137 2132
f 2088 2090 2137
f 2186 2137 2184
f 2186 2088 2137
f 2187 2178 1356
f 2187 2179 2178
f 2185 2182 2179
f 1530 2188 1356
f 2189 2185 2180
f 2189 2191 2185
f 2191 2184 2185
f 2186 2184 2193
f 2193 2184 2192
f 2089 2186 2193
f 2089 2088 2186
f 2087 2090 2088
f 2087 2094 2090
f 2194 2094 2087
f 2194 2087 2195
f 2197 2173 2166
f 2196 2165 2092
f 2095 2174 2172
f 2095 2101 2176
f 2098 2173 2197
f 2198 2092 2194
f 2198 2197 2091
f 2097 2172 2173
f 2172 2098 2095
f 2094 2194 2092
f 2198 2194 2199
f 2198 2200 2197
f 2201 2197 2200
f 2202 2098 2197
f 2202 2099 2098
f 2204 2202 2200
f 2099 2203 2204
f 2204 2105 2099
f 65 62 49
f 67 83 2207
f 2207 68 67
f 84 2208 83
f 2210 2206 83
f 2205 2211 68
f 2213 65 48
f 2214 2210 84
f 2216 84 90
f 2219 84 2215
f 2207 2209 2214
f 2219 2214 84
f 2220 2214 2217
f 68 2211 48
f 2221 2212 48
f 48 2211 2222
f 2224 2221 48
f 2226 2205 2214
f 2220 2225 2214
f 2226 2228 2207
f 2228 2211 2207
f 2229 2230 2211
f 2225 2231 2229
f 2232 2225 2220
f 2223 49 2222
f 2223 2234 2221
f 2232 2230 2227
f 2222 2211 2230
f 2223 2235 2234
f 2222 2230 2236
f 2238 2232 2241
f 2239 2230 2232
f 2236 2230 2238
f 2242 2237 2239
f 2245 2235 2223
f 2223 2222 2246
f 2239 2247 2244
f 2249 2247 2239
f 2251 2237 2242
f 2222 2237 2251
f 2222 2252 2246
f 2253 2222 2251
f 2254 2250 2243
f 2255 2242 2247
f 2235 2245 2256
f 2256 2246 2252
f 2252 2257 2256
f 2259 2252 2251
f 2261 2251 2255
f 2262 2263 2251
f 2259 2251 2263
f 2261 2264 2263
f 2265 2258 2252
f 2266 2263 2264
f 2252 2259 2265
f 2260 2267 2265
f 2260 2268 2267
f 2268 2259 2263
f 2266 2268 2263
f 2269 2268 2266
f 2272 406 407
f 406 2272 2273
f 2272 2275 2273
f 2273 409 406
f 410 408 2273
f 2277 410 2274
f 410 2278 2279
f 2279 2282 411
f 2273 2275 2278
f 2283 2276 2272
f 2275 2283 2284
f 2285 2284 2283
f 2286 2279 2288
f 2284 2278 2275
f 2280 2278 2288
f 2288 2278 2284
f 2284 2290 2287
f 2288 2289 2286
f 387 411 2291
f 2291 440 387
f 440 439 435
f 439 440 2292
f 2281 2293 2291
f 2291 2292 440
f 2291 2293 2292
f 2294 2297 2293
f 2297 2298 2293
f 410 2282 2291
f 2286 2282 2280
f 2294 2293 2282
f 2286 2296 2281
f 2286 2290 2300
f 2295 2286 2300
f 2267 2303 2265
f 2269 2304 2268
f 2271 2307 2305
f 2308 2303 2267
f 2311 2309 2267
f 2312 2267 2268
f 2313 2310 2312
f 2316 2305 2307
f 2316 2319 2305
f 2268 2321 2312
f 2268 2306 2320
f 2311 2321 2322
f 2323 2317 2316
f 2313 2312 2322
f 2325 2315 2322
f 2325 2327 2314
f 2320 2306 2317
f 2317 2328 2320
f 2324 2330 2317
f 2330 2329 2318
f 2322 2321 2328
f 2330 2332 2328
f 2324 2333 2330
f 2333 2332 2330
f 2335 2336 2337
f 2339 2337 2340
f 2340 2341 2339
f 2322 2342 2325
f 2343 2326 2342
f 2344 2342 2322
f 2346 2344 2328
f 2341 2348 2344
f 2347 2343 2342
f 2349 2343 2347
f 2348 2342 2344
f 2322 2328 2344
f 2332 2346 2328
f 2336 2351 2349
f 2341 2340 2347
f 2340 2349 2347
f 2351 2343 2350
f 2336 2349 2338
f 2340 2338 2349
f 2345 2331 2353
f 2355 2354 2332
f 2358 2332 2333
f 2359 2356 2331
f 2360 2357 2333
f 2356 2361 2353
f 2362 2361 2356
f 2341 2344 2345
f 2363 2346 2353
f 2361 2364 2354
f 2345 2365 2341
f 2365 2339 2341
f 2363 2366 2346
f 2367 2366 2363
f 2345 2366 2365
f 2369 2363 2361
f 2369 2368 2363
f 2361 2362 2369
f 2369 2362 2371
f 2372 2374 2375
f 2377 2374 2372
f 2378 2372 2376
f 2379 2382 2385
f 2385 2386 2388
f 2389 2385 2388
f 2372 2378 2388
f 2372 2390 2377
f 2386 2390 2372
f 2372 2388 2387
f 2377 2391 2393
f 2391 2377 2390
f 2391 2394 2395
f 2396 2395 2394
f 2395 2393 2391
f 2398 2395 2396
f 2400 2398 2396
f 2401 2399 2402
f 2387 2382 2403
f 2384 2382 2386
f 2404 2405 2390
f 2390 2386 2403
f 2408 2391 2390
f 2390 2406 2408
f 2409 2391 2408
f 2392 2409 2412
f 2414 2413 2410
f 2409 2408 2416
f 2413 2394 2391
f 2417 2394 2411
f 2418 2394 2417
f 2415 2417 2412
f 2420 2417 2415
f 2420 2419 2417
f 2419 2397 2394
f 2400 2396 2419
f 2402 2400 2419
f 2300 2290 2421
f 2422 2424 2301
f 2295 2300 2423
f 2337 2426 2335
f 2426 2337 2339
f 2427 2335 2429
f 2431 2429 2335
f 2431 2335 2425
f 2434 2432 2426
f 2436 2430 2382
f 2429 2404 2382
f 2432 2404 2430
f 2405 2432 2434
f 2407 2434 2437
f 2405 2403 2431
f 2437 2408 2405
f 2365 2426 2339
f 2366 2438 2365
f 2426 2365 2434
f 2365 2441 2433
f 2439 2441 2365
f 2444 2445 2439
f 2440 2437 2434
f 2437 2440 2446
f 2448 2446 2449
f 2437 2446 2408
f 2452 2408 2446
f 2451 2446 2448
f 2452 2448 2453
f 2449 2441 2439
f 2439 2445 2449
f 2449 2447 2441
f 2450 2445 2448
f 2454 2448 2445
f 2368 2439 2366
f 2443 2367 2369
f 2442 2439 2368
f 2455 2443 2369
f 2455 2456 2443
f 2456 2445 2444
f 2371 2455 2369
f 2455 2370 2457
f 2455 2460 2456
f 2457 2460 2455
f 2461 2460 2457
f 2454 2445 2456
f 2459 2454 2456
f 2454 2463 2448
f 2464 2463 2454
f 2454 2459 2464
f 2466 2464 2458
f 2467 2465 2466
f 2453 2416 2452
f 2408 2452 2416
f 2453 2468 2416
f 2414 2416 2469
f 2414 2409 2416
f 2471 2415 2469
f 2471 2469 2453
f 2470 2453 2463
f 2472 2474 2471
f 2476 2477 2420
f 2477 2402 2419
f 2420 2477 2419
f 2479 2402 2477
f 2401 2402 2479
f 2477 2475 2479
f 2471 2420 2415
f 2475 2420 2471
f 2480 2475 2482
f 2483 2478 2480
f 2480 2479 2475
f 2473 2475 2470
f 2474 2481 2476
f 2484 2480 2473
f 2473 2472 2485
f 2480 2481 2473
f 2463 2453 2448
f 2472 2471 2463
f 2486 2472 2463
f 2486 2463 2467
f 2480 2485 2483
f 2484 2487 2483
f 2486 2484 2472
f 2488 2484 2489
f 2491 2485 2486
f 2485 2490 2489
f 2467 2463 2464
f 2493 2216 90
f 2216 2493 2218
f 2495 2220 2219
f 2219 2492 2494
f 456 2493 90
f 464 2492 456
f 2496 2492 464
f 2495 2493 2498
f 2498 2220 2495
f 2499 2232 2220
f 2499 2502 2232
f 2499 2220 2497
f 2496 2498 2493
f 2503 2499 2498
f 2504 2498 2496
f 2501 2500 2503
f 2503 2505 2501
f 2507 463 462
f 464 2506 2496
f 2511 2496 2510
f 461 2512 2507
f 2512 462 467
f 476 2512 467
f 2511 2508 2513
f 2514 2509 2512
f 2516 2514 2512
f 2517 2496 2511
f 2518 2503 2496
f 2503 2519 2505
f 2517 2519 2503
f 2521 2511 2513
f 2522 2521 2513
f 2518 2521 2519
f 2521 2518 2511
f 2519 2521 2524
f 2525 2519 2522
f 2501 2241 2232
f 2528 2248 2240
f 2241 2249 2238
f 2241 2501 2505
f 2241 2505 2527
f 2249 2531 2247
f 2247 2532 2255
f 2247 2531 2533
f 2533 2531 2536
f 2537 2249 2530
f 2531 2249 2537
f 2538 2536 2531
f 2538 2531 2537
f 2538 2539 2536
f 2530 2505 2540
f 2537 2529 2540
f 2542 2537 2540
f 2540 2505 2520
f 2540 2519 2526
f 2543 2541 2540
f 2542 2538 2537
f 2544 2538 2541
f 2544 2539 2538
f 2545 2550 2544
f 2552 2550 2546
f 2515 2512 477
f 2555 2515 476
f 2553 2514 2516
f 2553 2523 2514
f 476 478 2555
f 2556 2553 478
f 478 475 489
f 2558 478 488
f 2560 2557 478
f 2562 2525 2524
f 2563 2561 2523
f 2556 2523 2554
f 2523 2556 2563
f 2565 2561 2563
f 2566 2561 2564
f 2563 2557 2558
f 492 2558 488
f 2567 2565 2559
f 503 2567 2560
f 2564 2563 2558
f 2569 2561 2566
f 2570 2566 2564
f 2543 2540 2525
f 2571 2542 2543
f 2543 2526 2562
f 2574 2543 2562
f 2569 2575 2561
f 2574 2572 2543
f 2548 2542 2572
f 2546 2544 2542
f 2548 2580 2552
f 2581 2552 2579
f 2578 2571 2577
f 2583 2580 2574
f 2585 2588 2580
f 2591 2551 2581
f 2588 2582 2580
f 2590 2591 2582
f 2592 2576 2569
f 2586 2575 2592
f 2588 2593 2591
f 2594 2586 2592
f 2584 2594 2587
f 2254 2532 2261
f 2533 2532 2247
f 2595 2532 2534
f 2532 2264 2261
f 2264 2532 2595
f 2266 2264 2597
f 2264 2595 2597
f 2597 2596 2598
f 2603 2596 2550
f 2602 2598 2595
f 2533 2535 2596
f 2536 2550 2595
f 2550 2535 2539
f 2597 2269 2266
f 2604 2597 2598
f 2604 2270 2597
f 2603 2605 2599
f 2604 2307 2271
f 2599 2605 2604
f 2544 2550 2539
f 2551 2591 2549
f 2591 2600 2550
f 492 503 2558
f 490 503 493
f 2607 2567 503
f 2608 2607 502
f 2570 2564 2567
f 2607 2570 2568
f 2609 2566 2570
f 2610 2569 2566
f 2611 2570 2607
f 2612 2609 2607
f 502 504 2608
f 2614 2606 2608
f 505 2614 2608
f 509 2614 505
f 2613 2615 2607
f 2607 2616 2612
f 2607 2615 2616
f 2617 2612 2616
f 2617 2618 2612
f 2619 2616 2615
f 2619 2617 2616
f 2612 2569 2610
f 2620 2569 2612
f 2592 2569 2620
f 2621 2594 2592
f 2621 2592 2620
f 2618 2620 2612
f 2618 2621 2620
f 2622 2614 509
f 2623 2587 2594
f 2625 2593 2588
f 2624 2589 2623
f 2307 2604 2626
f 2627 2316 2307
f 2604 2605 2626
f 2628 2630 2632
f 2633 2605 2601
f 2628 2632 2605
f 2628 2605 2633
f 2634 2628 2633
f 2636 2629 2634
f 2637 2638 2636
f 2634 2637 2635
f 2626 2324 2316
f 2626 2630 2324
f 2632 2630 2626
f 2636 2630 2628
f 2639 2333 2324
f 2642 2334 2640
f 2636 2640 2631
f 2643 2642 2640
f 2636 2638 2640
f 2638 2643 2639
f 2645 2643 2638
f 2641 2360 2334
f 2646 2360 2641
f 2648 2646 2641
f 2649 2647 2648
f 2356 2357 2360
f 2650 2356 2360
f 2650 2362 2355
f 2646 2650 2360
f 2647 2649 2650
f 2652 2362 2650
f 2362 2653 2370
f 2371 2652 2654
f 2651 2656 2652
f 2656 2650 2649
f 2653 2657 2655
f 2643 2645 2648
f 2644 2658 2641
f 2659 2648 2641
f 2644 2648 2659
f 2660 2649 2648
f 2645 2660 2648
f 2662 2660 2645
f 2663 2661 2662
f 2649 2660 2665
f 2666 2665 2663
f 2663 2665 2660
f 2649 2665 2656
f 2667 2656 2665
f 2667 2668 2657
f 2665 2669 2667
f 2671 2656 2668
f 2672 2668 2667
f 2673 2672 2667
f 2668 2672 2675
f 2603 2676 2633
f 2591 2677 2600
f 2591 2593 2676
f 2633 2678 2679
f 2679 2634 2633
f 2680 2634 2679
f 2681 2638 2637
f 2637 2634 2680
f 2625 2676 2593
f 2682 2679 2676
f 2678 2625 2682
f 2682 2684 2679
f 2686 2684 2688
f 2693 2684 2682
f 2693 2688 2684
f 2679 2684 2680
f 2680 2694 2637
f 2694 2681 2637
f 2694 2696 2681
f 2697 2696 2695
f 2698 2694 2680
f 2684 2701 2680
f 2684 2685 2701
f 2685 2687 2701
f 2703 2701 2687
f 2680 2701 2704
f 2703 2704 2701
f 2703 2699 2704
f 2700 2680 2704
f 2697 2695 2705
f 2707 2696 2697
f 2705 2707 2697
f 2705 2694 2700
f 2708 2706 2705
f 2711 2709 2705
f 2698 2713 2705
f 2705 2713 2711
f 2711 2715 2710
f 2716 2645 2638
f 2681 2717 2638
f 2716 2662 2645
f 2666 2663 2720
f 2721 2664 2662
f 2716 2722 2720
f 2716 2721 2662
f 2724 2666 2721
f 2718 2727 2726
f 2727 2719 2723
f 2666 2730 2731
f 2732 2731 2730
f 2681 2723 2716
f 2696 2722 2681
f 2734 2723 2696
f 2736 2734 2696
f 2739 2727 2734
f 2740 2727 2738
f 2740 2741 2727
f 2724 2742 2730
f 2725 2727 2742
f 2744 2730 2742
f 2747 2729 2744
f 2665 2666 2669
f 2666 2731 2669
f 2731 2748 2669
f 2748 2731 2749
f 2749 2731 2732
f 2748 2667 2669
f 2748 2673 2667
f 2750 2672 2673
f 2749 2673 2748
f 2750 2673 2749
f 2730 2747 2733
f 2747 2749 2733
f 2751 2749 2747
f 2749 2752 2750
f 2752 2754 2750
f 2751 2753 2749
f 2752 2751 2755
f 2736 2696 2706
f 2739 2735 2737
f 2709 2756 2707
f 2756 2736 2706
f 2758 2738 2736
f 2743 2740 2744
f 2759 2761 2744
f 2715 2757 2709
f 2762 2765 2767
f 2769 2768 2756
f 2769 2756 2715
f 2769 2715 2771
f 2769 2762 2767
f 2760 2747 2745
f 2773 2775 2760
f 2778 2751 2747
f 2779 2751 2777
f 2774 2776 2747
f 2775 2747 2760
f 2775 2783 2776
f 2783 2781 2776
f 2371 2654 2784
f 2784 2457 2371
f 2457 2784 2461
f 2466 2460 2461
f 2785 2786 2466
f 2785 2466 2461
f 2788 2785 2462
f 2654 2656 2670
f 2790 2784 2671
f 2674 2671 2668
f 2671 2675 2790
f 2791 2790 2675
f 2792 2784 2790
f 2791 2792 2790
f 2792 2791 2793
f 2792 2793 2794
f 2784 2792 2788
f 2795 2788 2792
f 2797 2785 2788
f 2654 2671 2784
f 2788 2461 2784
f 2787 2798 2466
f 2801 2467 2799
f 2787 2801 2799
f 2802 2800 2787
f 2487 2489 2803
f 2489 2805 2803
f 2489 2490 2800
f 2489 2802 2805
f 2806 2803 2805
f 2802 2489 2801
f 2799 2467 2466
f 2807 2787 2785
f 2797 2808 2785
f 2809 2806 2805
f 2809 2811 2806
f 2809 2805 2802
f 2750 2675 2672
f 2793 2812 2794
f 2794 2795 2792
f 2789 2795 2797
f 2814 2794 2816
f 2816 2794 2819
f 2814 2795 2794
f 2814 2816 2820
f 2820 2795 2813
f 2820 2815 2821
f 2797 2795 2822
f 2822 2795 2823
f 2820 2824 2796
f 2825 2675 2750
f 2825 2826 2675
f 2750 2754 2825
f 2755 2826 2825
f 2826 2828 2812
f 2818 2812 2827
f 2812 2817 2794
f 2829 2754 2751
f 2754 2828 2826
f 2821 2817 2830
f 2821 2816 2819
f 2821 2832 2820
f 2834 2820 2831
f 2833 2832 2835
f 2835 2832 2837
f 2838 2824 2820
f 2839 2820 2833
f 2840 2824 2839
f 2840 2841 2824
f 2842 2841 2840
f 2844 2842 2840
f 2835 2837 2846
f 2851 2835 2852
f 2852 2835 2847
f 2855 2838 2833
f 2855 2840 2838
f 2855 2833 2835
f 2855 2849 2840
f 2851 2855 2835
f 2848 2845 2840
f 2821 2830 2856
f 2779 2829 2751
f 2857 2829 2781
f 2782 2857 2780
f 2832 2821 2837
f 2847 2837 2858
f 2837 2821 2861
f 2859 2836 2861
f 2858 2860 2863
f 2865 2846 2858
f 2822 2807 2797
f 2867 2807 2822
f 2866 2786 2808
f 2866 2802 2787
f 2841 2822 2824
f 2868 2867 2822
f 2867 2869 2802
f 2809 2870 2811
f 2802 2869 2809
f 2871 2810 2869
f 2872 2869 2867
f 2873 2871 2869
f 2874 2871 2872
f 2875 2867 2868
f 2841 2868 2822
f 2877 2841 2842
f 2875 2868 2841
f 2878 2875 2841
f 2875 2872 2866
f 2874 2872 2875
f 2879 2875 2878
f 2880 2874 2875
f 2880 2881 2874
f 2882 2881 2880
f 2883 2617 2619
f 2885 2886 2617
f 2594 2887 2623
f 2887 2624 2623
f 2594 2621 2888
f 2889 2888 2621
f 2890 2887 2888
f 2888 2887 2594
f 2890 2891 2887
f 2889 2618 2886
f 2889 2621 2618
f 2886 2618 2617
f 2893 2886 2885
f 2893 2889 2886
f 2893 2890 2889
f 2890 2888 2889
f 2891 2890 2894
f 2622 2615 2613
f 2622 509 777
f 784 2622 777
f 2896 2615 2622
f 2615 2897 2883
f 2883 2619 2615
f 2898 2617 2883
f 2885 2617 2898
f 2898 2899 2885
f 2900 2885 2899
f 788 2622 784
f 2897 2902 2883
f 788 2903 2622
f 2897 2622 2903
f 2906 2896 2903
f 2907 2902 2897
f 2908 2883 2902
f 2909 2898 2883
f 2908 2910 2883
f 2899 2898 2909
f 2909 2911 2899
f 2912 2910 2908
f 2911 2910 2912
f 2912 2915 2911
f 2916 2892 2884
f 2893 2917 2890
f 2900 2916 2885
f 2900 2919 2916
f 2911 2901 2899
f 2918 2890 2916
f 2921 2890 2918
f 2923 2920 2918
f 2890 2922 2894
f 2924 2894 2921
f 2924 2926 2894
f 2929 2894 2931
f 2894 2927 2930
f 2918 2900 2911
f 2933 2919 2911
f 2919 2932 2924
f 2933 2935 2923
f 2915 2934 2911
f 2936 2935 2933
f 2935 2928 2923
f 2938 2940 2927
f 2935 2939 2926
f 2941 2930 2927
f 2940 2942 2925
f 2945 2941 2940
f 2683 2624 2891
f 2891 2624 2887
f 2891 2946 2683
f 2946 2691 2683
f 2948 2689 2690
f 2949 2950 2689
f 2950 2702 2689
f 2895 2946 2891
f 2946 2894 2952
f 2946 2948 2692
f 2946 2951 2949
f 2952 2951 2947
f 2954 2950 2952
f 2894 2929 2952
f 2929 2954 2952
f 2955 2711 2714
f 2957 2771 2711
f 2957 2711 2955
f 2958 2957 2955
f 2959 2963 2702
f 2964 2962 2960
f 2966 2964 2960
f 2965 2967 2962
f 2963 2969 2971
f 2955 2972 2958
f 2972 2955 2961
f 2958 2972 2974
f 2976 2957 2958
f 2973 2975 2958
f 2967 2979 2971
f 2974 2972 2978
f 2966 2960 2981
f 2711 2770 2715
f 2957 2976 2983
f 2984 2983 2976
f 2985 2976 2974
f 2987 2976 2985
f 2976 2987 2984
f 2759 2988 2760
f 2989 2773 2760
f 2773 2990 2775
f 2773 2991 2990
f 2990 2782 2775
f 2993 2782 2990
f 2994 2997 3000
f 3002 2998 3003
f 2998 3002 3000
f 3000 3002 3005
f 3002 3003 3007
f 3007 3006 3002
f 3007 3004 3008
f 3007 3008 3009
f 2953 2929 3011
f 2930 3011 2929
f 2942 3011 2931
f 2945 3012 2942
f 3013 3016 2941
f 3008 3017 3018
f 3018 3020 3008
f 3022 3023 3010
f 3024 3026 3027
f 3021 3027 3029
f 3030 3022 3021
f 3029 3030 3021
f 3029 3028 3026
f 3031 3029 3032
f 3033 3030 3029
f 3031 3034 3029
f 3034 3033 3029
f 3035 3033 3034
f 3035 3034 3038
f 3038 3034 3031
f 3040 3035 3037
f 3041 3042 3044
f 3041 3045 3047
f 3048 3041 3046
f 3050 3051 3054
f 3056 3053 3049
f 3056 3049 3058
f 3056 3057 3060
f 2843 2850 3061
f 3062 2848 2853
f 2853 3064 3063
f 3069 2853 2846
f 3063 3061 2851
f 3055 3071 3049
f 3057 3049 3073
f 3060 3058 3075
f 3076 2846 2865
f 2864 3077 2858
f 2858 3078 2865
f 3078 2864 3079
f 3075 3081 3083
f 3085 3089 3091
f 3093 3096 3100
f 3097 3101 3105
f 3107 3056 3060
f 3109 3110 3107
f 3109 3107 3113
f 3116 3118 3119
f 3118 3109 3120
f 3121 3060 3075
f 3114 3060 3122
f 3108 3113 3120
f 3115 3107 3060
f 3125 3114 3121
f 3126 3075 3084
f 2878 2841 2877
f 3131 2878 2876
f 2842 3132 2877
f 2877 3132 3134
f 3135 2880 2878
f 3130 3135 2878
f 2882 2880 3042
f 3135 3043 2880
f 3045 3135 3129
f 3045 3043 3135
f 3130 2877 3136
f 3137 2877 3133
f 3137 3045 3128
f 3047 3045 3136
f 3138 3047 3137
f 3138 3141 3047
f 3047 3141 3048
f 3141 3138 3142
f 3143 3141 3142
f 3145 3146 2992
f 3147 2782 2992
f 3022 3148 3023
f 3150 3152 3148
f 3146 3155 3156
f 3157 3156 3155
f 3156 3159 3161
f 3159 3156 3157
f 3150 3149 3162
f 3033 3022 3030
f 3165 3022 3033
f 3033 3035 3165
f 3166 3163 3022
f 3166 3022 3165
f 3167 3165 3035
f 3167 3036 3169
f 3163 3170 3171
f 3172 3170 3174
f 3159 3157 3176
f 3177 3159 3175
f 3157 3179 3175
f 3181 3183 3146
f 3181 3146 3184
f 3185 3183 3181
f 3186 3185 3181
f 3184 3147 3156
f 3187 3189 3185
f 3191 3194 3195
f 3186 3187 3185
f 3186 3160 3188
f 3196 3198 3190
f 3188 3196 3189
f 3199 3194 3200
f 3194 3199 3195
f 3202 3199 3200
f 3203 3199 3202
f 3203 3201 3204
f 3205 3161 3159
f 3177 3205 3159
f 3208 3206 3177
f 3209 3160 3205
f 3188 3160 3210
f 3211 3187 3210
f 3212 3213 3187
f 3214 3208 3177
f 3214 3177 3176
f 3214 3176 3215
f 3216 3217 3213
f 3213 3196 3187
f 3204 3200 3218
f 3219 3196 3213
f 3200 3204 3201
f 3220 3221 3222
f 3218 3224 3204
f 3223 3226 3203
f 3223 3218 3220
f 3217 3219 3213
f 65 3227 790
f 3227 65 3229
f 65 2213 3228
f 935 793 791
f 3231 3227 3228
f 3227 3231 1394
f 3232 3231 3228
f 935 791 3235
f 3236 935 3234
f 3232 3228 2212
f 3232 2212 2221
f 3234 3238 3236
f 3238 3234 3239
f 3236 3237 3242
f 3238 3239 3243
f 3244 3238 3243
f 3241 3238 3244
f 2235 3245 2234
f 3241 3244 3248
f 3249 3242 3248
f 2256 3250 2235
f 3252 3250 2256
f 2258 3251 2256
f 3251 2257 3253
f 2265 3254 2257
f 407 935 2272
f 935 3236 2272
f 957 963 3259
f 957 3259 954
f 3261 3258 3263
f 3256 964 3264
f 3236 3242 2272
f 3264 964 968
f 3266 3264 1113
f 1113 3267 3268
f 3267 3269 3268
f 3269 3270 3268
f 3269 3272 3270
f 2283 2272 3242
f 3273 3242 3274
f 2285 2283 3242
f 2285 3242 3273
f 3273 3275 2285
f 2285 3275 2284
f 3277 3271 3279
f 3281 3277 3279
f 3284 3277 3282
f 1064 1062 3285
f 3285 3287 1428
f 439 3285 1063
f 439 2292 3285
f 3291 3287 3285
f 3293 3291 3285
f 3293 3294 3291
f 1117 1115 1070
f 1070 3295 1117
f 1070 1076 3298
f 1070 3297 3295
f 1118 3295 3299
f 3295 3302 3299
f 3285 2292 3292
f 2293 3293 2292
f 3292 2293 2298
f 3294 2299 3303
f 3294 3293 2298
f 3304 2297 2295
f 3305 2298 3307
f 3303 3305 3308
f 3303 2299 3306
f 3305 3307 3309
f 2299 2297 3307
f 3267 1113 1114
f 1116 3311 1114
f 3269 1114 3310
f 3269 3310 3312
f 3271 3269 3312
f 3271 3312 3280
f 3299 3311 1117
f 3313 3311 3300
f 3314 3299 3302
f 3316 3313 3302
f 3318 3320 3281
f 3322 3281 3319
f 3323 3319 3324
f 3320 3327 3324
f 3324 3327 3328
f 3330 3332 3325
f 3332 3321 3324
f 3334 3321 3332
f 3312 3317 3279
f 3319 3318 3336
f 3339 3341 3317
f 3336 3317 3342
f 3343 3316 3302
f 3345 3316 3344
f 3302 3346 3348
f 3301 3348 3343
f 3349 3352 3355
f 3348 3339 3344
f 3338 3349 3355
f 3317 3312 3345
f 3317 3343 3339
f 3326 3336 3357
f 3357 3342 3339
f 3356 3337 3358
f 3340 3357 3336
f 3356 3358 3329
f 3361 3338 3355
f 3359 3337 3361
f 3361 3355 3362
f 3327 3357 3328
f 3363 3331 3329
f 3273 3365 3276
f 2265 3367 3253
f 3368 2284 3275
f 3275 3372 3368
f 3370 3275 3375
f 3367 2265 2302
f 3367 2302 2310
f 2309 3377 3367
f 3376 2309 2313
f 3368 2289 2284
f 3368 3379 3381
f 3380 3382 3369
f 3384 2289 3368
f 3368 3382 3384
f 2422 2290 3384
f 3384 3382 3386
f 3388 3389 3383
f 3382 3389 3386
f 2343 3390 2326
f 3387 3390 2343
f 3390 2327 2325
f 3304 3307 2297
f 3394 3307 3304
f 2376 3395 2378
f 2389 2388 3396
f 2380 2384 2389
f 3396 2378 3398
f 3396 2388 2378
f 2423 3399 3401
f 2421 3399 2423
f 3402 2424 3401
f 3335 3405 3406
f 3409 3405 3335
f 3409 3410 3404
f 3413 3364 3415
f 3416 3363 3413
f 3334 3332 3417
f 3413 3421 3419
f 3421 3412 3423
f 2421 3384 3386
f 2422 3386 3400
f 3399 3386 3424
f 3425 3408 3421
f 3423 3425 3422
f 3423 3429 3427
f 3430 3428 3431
f 3432 3425 3429
f 3428 3430 3432
f 3433 3430 3436
f 3436 3438 3434
f 2295 2423 3304
f 3439 3304 2424
f 3392 3304 3439
f 3360 3361 3441
f 3361 3442 3441
f 3361 3445 3443
f 3446 3448 3445
f 3439 2424 3402
f 2389 3402 2381
f 3449 2382 2380
f 3415 3450 3358
f 3453 3415 3358
f 3423 3415 3453
f 3415 3423 3414
f 3454 3423 3452
f 3451 3360 3455
f 3440 3455 3358
f 3442 3445 3459
f 3461 3445 3448
f 3448 3462 3460
f 3462 3448 3463
f 3464 3462 3463
f 3454 3452 3455
f 3431 3428 3455
f 3467 3431 3455
f 3469 3466 3455
f 3468 3455 3470
f 3470 3471 3469
f 3457 3472 3470
f 3473 3468 3471
f 3471 3474 3473
f 3475 3468 3473
f 3423 3454 3429
f 3431 3436 3430
f 3476 3431 3466
f 3436 3431 3475
f 3435 3479 3437
f 3478 3436 3475
f 3477 3466 3468
f 3478 3475 3481
f 3482 3478 3480
f 3480 3475 3473
f 3440 3470 3455
f 3470 3441 3456
f 3443 3457 3441
f 3445 3460 3457
f 3474 3459 3460
f 3474 3472 3458
f 3474 3460 3483
f 3483 3460 3462
f 3473 3474 3483
f 3483 3480 3473
f 3480 3483 3484
f 3485 3483 3462
f 3486 3462 3464
f 2427 3424 2336
f 3487 2428 2429
f 2336 2335 2427
f 2435 2383 3449
f 3487 2430 2436
f 1137 951 3488
f 1288 3488 952
f 3488 3491 1137
f 1139 1136 3491
f 1139 3492 1140
f 3496 3493 1139
f 3491 3496 1138
f 3497 1140 3494
f 3490 3488 3496
f 3496 3498 3493
f 3497 3494 3499
f 3496 3489 3500
f 3500 3502 3495
f 3499 3496 3504
f 3496 3502 3504
f 3498 3503 3505
f 3502 3501 3507
f 3503 3502 3507
f 3505 3503 3508
f 3501 3509 3507
f 3509 3510 3508
f 3512 1140 3497
f 1141 3512 1143
f 3512 3497 3513
f 3498 3514 3497
f 3514 3499 3515
f 3516 1144 3511
f 3513 3516 3512
f 3517 3516 3514
f 3515 3498 3506
f 3515 3505 3520
f 3505 3508 3510
f 3520 3505 3510
f 3522 3519 3510
f 3513 3515 3521
f 3523 3520 3524
f 3524 3520 3522
f 3510 3509 3525
f 3525 3522 3510
f 3525 3509 3526
f 3524 3522 3527
f 3522 3525 3528
f 3527 3522 3528
f 3528 3529 3527
f 3533 3524 3527
f 3518 3535 1145
f 1150 3534 3518
f 1150 3517 3536
f 2547 2573 2580
f 3489 1287 3540
f 3542 953 955
f 953 3542 1288
f 3257 3542 955
f 3542 3540 1288
f 3260 3544 3542
f 3255 3262 3544
f 3266 3261 3264
f 3545 3540 3548
f 3548 3549 3265
f 3265 3550 3548
f 3550 3551 3548
f 3545 3501 3488
f 3545 3488 3541
f 3551 3545 3547
f 3501 3545 3553
f 3551 3554 3546
f 3509 3501 3553
f 3553 3552 3550
f 3266 3270 3555
f 3558 3509 3554
f 3558 3526 3509
f 3550 3558 3553
f 3559 3558 3550
f 3556 3559 3550
f 3559 3556 3560
f 3562 3558 3559
f 3561 3560 3564
f 3560 3562 3559
f 3566 3560 3556
f 3528 3525 3526
f 3528 3526 3567
f 3532 3527 3569
f 3526 3558 3567
f 3558 3570 3567
f 3531 3528 3568
f 3529 3571 3569
f 3568 3571 3530
f 3572 3570 3574
f 3570 3572 3568
f 3571 3568 3573
f 3571 3573 3575
f 3570 3558 3574
f 3558 3562 3577
f 3574 3557 3578
f 3579 3574 3578
f 3573 3574 3579
f 3580 3573 3582
f 3569 3527 3529
f 3583 3584 3576
f 3572 3580 3575
f 3586 3575 3580
f 3583 3575 3587
f 3587 3575 3586
f 3272 3278 3270
f 3277 3588 3565
f 3566 3589 3563
f 3278 3284 3588
f 3593 3595 3596
f 3598 3594 3597
f 3600 3601 3597
f 3589 3602 3562
f 3563 3592 3561
f 3602 3589 3606
f 3608 3602 3610
f 2632 2626 2605
f 3579 3577 3612
f 3579 3612 3582
f 3582 3611 3613
f 3572 3579 3582
f 3614 3581 3582
f 3615 3580 3614
f 3586 3580 3616
f 3614 3617 3616
f 3618 3620 3616
f 3616 3587 3586
f 3620 3587 3615
f 3602 3577 3562
f 3577 3603 3611
f 3602 3608 3611
f 3612 3609 3613
f 3582 3613 3614
f 3613 3621 3614
f 3624 3613 3608
f 3610 3623 3608
f 3619 3614 3621
f 3621 3625 3618
f 3619 3625 3626
f 3621 3613 3624
f 3622 3624 3628
f 3621 3627 3629
f 3630 3588 3631
f 3632 3633 3630
f 3633 3631 3634
f 3630 3590 3565
f 3633 3591 3630
f 3633 3607 3591
f 3602 3606 3610
f 3588 3284 3632
f 3635 3631 3284
f 3635 3284 3636
f 3410 3635 3636
f 3635 3410 3426
f 3640 3607 3634
f 3642 3610 3605
f 3627 3610 3643
f 3610 3642 3643
f 3644 3647 3643
f 3648 3643 3641
f 3644 3643 3648
f 3649 3647 3645
f 3426 3637 3635
f 3641 3605 3652
f 3604 3640 3650
f 3651 3648 3641
f 3653 3650 3640
f 3657 3654 3640
f 3655 3656 3660
f 3644 3648 3652
f 3655 3645 3651
f 3645 3655 3660
f 3649 3644 3660
f 3649 3660 3661
f 3658 3640 3664
f 3659 3656 3665
f 3664 3666 3657
f 3661 3660 3665
f 3624 3610 3627
f 3646 3627 3643
f 3629 3628 3647
f 3621 3629 3668
f 3621 3668 3625
f 3670 3668 3629
f 3670 3629 3647
f 3669 3647 3671
f 3647 3649 3671
f 3661 3671 3649
f 3671 3662 3672
f 3672 3662 3673
f 3674 3672 3673
f 2630 2640 2324
f 3665 3675 3661
f 3665 3679 3675
f 3673 3661 3675
f 3678 3673 3675
f 3673 3678 3683
f 3685 3587 3620
f 3687 3685 3620
f 3620 3619 3687
f 3626 3687 3619
f 2713 2699 2703
f 3689 3599 3690
f 3691 3599 3688
f 3691 3692 3599
f 2666 2726 2730
f 2728 2723 2734
f 2756 2758 2736
f 2766 2758 2756
f 2758 2744 2739
f 2758 3693 2744
f 2744 2740 2738
f 2768 2765 2756
f 3694 2758 2764
f 3694 3693 2758
f 3694 2759 3693
f 3695 3694 2763
f 3694 2766 2762
f 2769 3695 2763
f 2759 2746 3693
f 3404 3636 3406
f 3404 3410 3636
f 3638 3425 3432
f 3663 3639 3696
f 3432 3696 3638
f 3697 3663 3696
f 3430 3696 3432
f 3696 3434 3697
f 3434 3696 3430
f 3698 3433 3438
f 3699 3437 3482
f 3698 3700 3703
f 3701 3705 3704
f 3482 3438 3478
f 3482 3702 3698
f 3464 3707 3485
f 3710 3485 3707
f 3711 3697 3433
f 3667 3663 3697
f 3667 3697 3712
f 3667 3713 3677
f 3714 3676 3712
f 3712 3697 3711
f 3712 3711 3715
f 3714 3712 3715
f 3715 3711 3699
f 3433 3699 3711
f 3680 3677 3714
f 2486 2467 2490
f 2801 2490 2467
f 3716 3717 3719
f 3721 3716 3719
f 3722 3720 3724
f 3725 3726 3716
f 3729 3730 3731
f 2674 2826 2791
f 2826 2793 2791
f 2812 2793 2826
f 2828 2754 2829
f 2830 2819 2828
f 2856 2830 2828
f 3732 2821 2856
f 2828 2829 3734
f 2857 3735 2829
f 3736 2856 2828
f 2856 3737 3738
f 3741 3736 2857
f 2862 3732 3742
f 3732 2856 3738
f 3743 3732 3738
f 3742 3738 3733
f 3744 2864 3742
f 3733 3741 3742
f 2860 2821 3732
f 2861 3732 2864
f 1378 1374 3746
f 1543 1377 3746
f 3748 3749 3750
f 3751 3748 3750
f 3754 3748 3751
f 3756 3753 3751
f 3757 3760 3755
f 3757 3754 3761
f 3763 3764 3758
f 3763 3759 3761
f 3765 3761 3756
f 3761 3767 3763
f 3600 3772 3601
f 2953 2702 2950
f 2953 2959 2702
f 3772 3600 3692
f 2703 2961 2714
f 2956 2712 2961
f 2970 3773 2977
f 2985 2974 2980
f 3774 2985 2978
f 3750 3749 3778
f 2981 2959 2953
f 2981 2965 2966
f 2981 3780 2964
f 3780 2967 2964
f 3780 2982 3781
f 3779 3773 2968
f 3783 2977 3773
f 3783 3773 3780
f 2979 3783 3777
f 3787 2985 3776
f 3780 3781 3789
f 3790 3775 3784
f 3775 3790 3785
f 3792 3791 3783
f 3793 3784 3780
f 3789 3796 3780
f 3779 3796 3794
f 3792 3784 3794
f 3797 3792 3794
f 3797 3800 3792
f 3797 3793 3796
f 3796 3789 3803
f 3807 3797 3795
f 3796 3805 3809
f 3810 3789 3782
f 3812 3804 3788
f 3813 3812 3789
f 2983 2771 2957
f 3815 2769 2771
f 2771 2983 3815
f 3815 3695 2769
f 3816 3694 3695
f 3816 2759 3694
f 3815 3816 3695
f 3817 2759 3816
f 3815 2983 3818
f 3817 3816 3815
f 2984 3818 2983
f 3820 3817 3815
f 3818 3820 3815
f 3818 2984 3821
f 3819 3822 3820
f 3817 2989 2759
f 3817 3823 2989
f 3824 3817 3820
f 3823 3817 3824
f 3824 3820 3826
f 3824 3827 3823
f 3826 3828 3823
f 3823 3828 2989
f 2988 3828 2991
f 2991 2772 2988
f 3828 3829 2991
f 3831 2985 3786
f 3787 3832 3831
f 2987 2985 3830
f 3832 3833 3831
f 2996 2984 2987
f 2994 3821 2984
f 2994 2984 2997
f 3821 2994 3820
f 3820 2994 2999
f 3835 2987 3831
f 2995 2986 3834
f 3835 3831 3833
f 3004 2995 3835
f 3836 3004 3834
f 3840 3833 3841
f 3837 3835 3833
f 3833 3842 3838
f 3842 3833 3840
f 3845 3785 3790
f 3845 3790 3792
f 3792 3802 3843
f 3801 3846 3843
f 3832 3786 3848
f 3849 3785 3844
f 3848 3841 3832
f 3832 3841 3833
f 3849 3844 3846
f 3850 3848 3847
f 3802 3797 3806
f 3088 3799 3807
f 3853 3798 3088
f 3846 3800 3852
f 3850 3847 3855
f 3854 3847 3851
f 3856 3851 3090
f 3854 3851 3856
f 3848 3850 3841
f 3850 3859 3841
f 3860 3859 3850
f 3840 3841 3859
f 3839 3859 3867
f 3868 3839 3863
f 3860 3850 3855
f 3870 3861 3855
f 3865 3860 3873
f 3861 3862 3859
f 3864 3871 3874
f 3866 3874 3875
f 3875 3874 3117
f 3825 3820 3001
f 3877 3828 3825
f 3006 3825 3000
f 3006 3877 3825
f 3879 3878 3006
f 3828 3877 3829
f 3880 3882 2991
f 2990 2991 3882
f 3829 3877 3884
f 3885 2991 3829
f 3885 3881 2991
f 3879 3885 3878
f 3882 3880 3153
f 3007 3879 3006
f 3007 3009 3879
f 3008 3003 3017
f 3009 3887 3879
f 3023 3886 3009
f 3886 3884 3879
f 3883 3148 3881
f 3149 3152 3880
f 3886 3148 3885
f 3023 3148 3887
f 2982 2953 3011
f 3015 2982 3011
f 2981 3016 3889
f 3751 3750 3890
f 3892 3889 3016
f 3810 3782 2981
f 3810 2981 3889
f 3893 3789 3810
f 3811 3889 3893
f 3893 3813 3789
f 3895 3813 3893
f 3888 3892 3893
f 3892 3895 3893
f 3896 3895 3892
f 2942 3014 3011
f 3899 3892 3016
f 3897 3892 3899
f 3900 3897 3898
f 3842 3840 3868
f 3868 3865 3876
f 3838 3017 3004
f 3904 3017 3838
f 3904 3838 3842
f 3903 3842 3905
f 3017 3903 3019
f 3008 3021 3009
f 3903 3905 3906
f 3019 3902 3024
f 3909 3024 3903
f 3028 3021 3019
f 3018 3024 3027
f 3909 3903 3906
f 3909 3026 3024
f 3022 3010 3021
f 3905 3842 3869
f 3876 3910 3868
f 3869 3910 3905
f 3911 3905 3910
f 3905 3913 3906
f 3913 3909 3907
f 3905 3912 3913
f 3916 3910 3876
f 3910 3915 3912
f 3918 3912 3916
f 3032 3029 3026
f 3032 3025 3909
f 3922 3032 3908
f 3031 3032 3922
f 3038 3031 3039
f 3913 3921 3909
f 3911 3918 3913
f 3918 3923 3913
f 3923 3922 3913
f 3924 3918 3916
f 3925 3920 3923
f 3031 3922 3925
f 3031 3925 3926
f 3923 3926 3925
f 3927 3039 3031
f 3928 3926 3923
f 3930 3923 3918
f 3930 3919 3924
f 3930 3929 3923
f 3807 3805 3932
f 3934 3099 3933
f 3812 3934 3805
f 3803 3934 3932
f 3813 3934 3812
f 3814 3935 3934
f 3936 3935 3813
f 3100 3934 3935
f 3100 3935 3940
f 3941 3940 3935
f 3937 3941 3935
f 3943 3061 3062
f 3944 2845 3061
f 2842 2845 3944
f 3064 2854 3068
f 3945 3943 3062
f 3945 3063 3064
f 3949 3943 3945
f 3073 3945 3066
f 3951 3954 3076
f 3065 3067 3076
f 3073 3064 3954
f 3954 3064 3076
f 3071 3947 3049
f 3956 3946 3070
f 3948 3061 3943
f 3944 3061 3956
f 3950 3955 3061
f 3955 3071 3960
f 3960 3070 3055
f 3944 3956 3960
f 2842 3944 3134
f 3133 3132 2842
f 3942 3134 3944
f 3049 3950 3072
f 3945 3074 3950
f 3073 3954 3057
f 3059 3954 3075
f 3961 3744 3742
f 2846 3076 3067
f 3953 3076 3963
f 3966 3963 3078
f 3964 3076 2865
f 3963 2865 3078
f 2864 3745 3080
f 3744 3962 3968
f 3967 3078 3080
f 3080 3744 3968
f 3954 3953 3082
f 3953 3965 3971
f 3952 3970 3081
f 3970 3963 3967
f 3075 3954 3082
f 3970 3084 3081
f 3972 3967 3080
f 3972 3970 3967
f 3974 3080 3969
f 3972 3080 3974
f 3971 3972 3975
f 3975 3972 3974
f 3092 3088 3808
f 3808 3931 3092
f 3932 3098 3092
f 3858 3089 3086
f 3087 3091 3977
f 3086 3978 3110
f 3940 3957 3094
f 3095 3101 3097
f 3977 3091 3103
f 3052 3104 3101
f 3095 3054 3101
f 3051 3101 3054
f 3979 3103 3053
f 3100 3098 3932
f 3940 3093 3100
f 3097 3104 3092
f 3857 3086 3872
f 3871 3086 3111
f 3856 3873 3854
f 3118 3871 3110
f 3111 3108 3118
f 3110 3979 3056
f 3979 3977 3102
f 3979 3110 3977
f 3056 3106 3111
f 3979 3053 3056
f 3874 3871 3118
f 3874 3118 3117
f 3981 3957 3940
f 3980 3944 3958
f 3944 3980 3942
f 3054 3093 3959
f 3981 3940 3941
f 3125 3119 3112
f 3123 3122 3126
f 3982 3119 3983
f 3983 3119 3125
f 3119 3982 3116
f 3126 3983 3124
f 3122 3075 3127
f 3985 3127 3084
f 3985 3084 3971
f 3987 3985 3970
f 3983 3126 3984
f 3988 3983 3985
f 3989 3985 3993
f 3134 3942 3994
f 3136 3134 3995
f 3894 3937 3813
f 3895 3996 3939
f 3997 3996 3895
f 3938 3996 3941
f 3941 3996 3998
f 3999 3995 3942
f 3997 3896 3900
f 3895 3896 3997
f 3996 3997 3998
f 4000 4001 4003
f 4006 4003 4001
f 3137 3995 3138
f 4007 3875 3117
f 4008 3117 3982
f 3988 3982 3983
f 4009 4008 3982
f 4009 3982 3988
f 4009 3875 4008
f 3917 3875 4009
f 3917 4009 4010
f 4009 3988 4013
f 4010 4009 4013
f 3984 3989 3988
f 3924 3914 4012
f 3882 3145 2990
f 3145 2992 2990
f 3151 3145 3882
f 3022 3163 3149
f 3145 3155 3146
f 3154 3145 3151
f 3150 3155 3153
f 3157 3155 3150
f 3150 3162 3172
f 3180 3158 3150
f 3172 3180 3150
f 3174 3178 3172
f 3173 4014 3180
f 4014 3175 3179
f 3215 3175 4014
f 3740 3961 3743
f 3961 3741 4015
f 3183 3739 2857
f 3183 2857 2782
f 3968 3961 4015
f 4015 3741 4016
f 4016 3739 3183
f 3973 3968 4017
f 4015 4018 3968
f 3976 3974 4018
f 3146 3183 2782
f 3183 4019 4016
f 3185 3189 3182
f 3189 4019 3182
f 4016 4017 4015
f 4018 4016 4020
f 3970 3975 3986
f 3975 4021 3987
f 4022 3975 4017
f 4023 4018 4020
f 4019 4020 4016
f 3985 3987 3992
f 3993 3986 4021
f 4021 3975 4022
f 4026 4021 4023
f 4021 4026 3991
f 4026 4027 3993
f 3198 4023 4020
f 4019 3198 4020
f 3184 3186 3181
f 3160 3184 3156
f 3989 3990 4028
f 4028 3992 4027
f 4027 4026 4022
f 3197 4019 3190
f 3194 4027 4023
f 3191 4027 3193
f 4028 4027 3192
f 4031 3989 4028
f 4028 3191 4031
f 3988 3989 4013
f 4031 4032 3989
f 4030 3195 4032
f 3200 3194 4025
f 3191 3195 4029
f 3161 3186 3184
f 3221 4024 3198
f 3200 4024 3221
f 4010 4013 4034
f 3924 4011 4035
f 4032 4013 3989
f 4013 4033 4036
f 4032 4037 4036
f 4037 4032 3195
f 4037 3195 3199
f 4037 3199 3203
f 4034 4013 4036
f 4039 4036 4037
f 4034 4036 4041
f 4038 4040 4036
f 4039 4037 3203
f 4042 4039 3203
f 3223 3203 3204
f 3208 3210 3207
f 3212 3210 3208
f 3213 3212 3216
f 3196 3221 3198
f 3219 3221 3196
f 3221 3218 3200
f 3220 3218 3221
f 3219 3222 3221
f 1394 790 3227
f 791 794 1394
f 4044 791 1394
f 4045 1394 3230
f 3233 4048 3231
f 3231 4046 4044
f 4049 4044 4047
f 4045 4049 791
f 792 4049 3234
f 3232 4049 4047
f 2221 4050 3233
f 3232 3240 4049
f 3239 3233 4050
f 4049 3239 3234
f 4050 2221 2233
f 4050 3243 3240
f 2234 3245 4050
f 4050 3247 3243
f 3247 3244 3243
f 2235 3244 3246
f 3248 3244 3249
f 3249 3244 2235
f 3274 3242 3249
f 3249 2235 3250
f 4052 3249 3250
f 4051 3274 3249
f 3250 3251 4052
f 1113 3264 968
f 3268 3266 1113
f 3270 3266 3268
f 4051 3273 3274
f 4052 4054 3273
f 4054 4053 3252
f 3365 3273 4054
f 1397 1428 4055
f 1428 1064 3286
f 3287 4055 1428
f 3295 4057 3301
f 3308 4060 3303
f 3308 3395 4060
f 3305 3309 3308
f 3308 3309 3395
f 3269 3267 1114
f 3315 3312 3311
f 3316 3312 3313
f 3316 3345 3312
f 3317 3282 3279
f 3284 3283 3406
f 3281 3321 3406
f 3318 3345 3343
f 3358 3450 3329
f 3319 3336 3327
f 3450 3363 3329
f 3253 4054 3252
f 3254 3366 4054
f 3366 3254 4061
f 3366 4061 3275
f 3367 4061 3253
f 3374 3276 4061
f 3375 4061 3367
f 3379 3373 3367
f 3378 3367 3376
f 3374 3379 3370
f 2313 3378 3376
f 3379 2313 2327
f 3371 3378 3368
f 2327 3381 3379
f 3390 3381 2327
f 3388 3380 3391
f 3380 3387 3383
f 2351 3387 2343
f 2352 2336 3387
f 2336 3389 3388
f 3389 2336 3385
f 3392 3398 3307
f 3393 3396 3398
f 3398 3395 3309
f 3395 3398 2378
f 3307 3398 3309
f 4064 2389 3396
f 4062 3397 3394
f 3403 3401 3449
f 3449 3401 2436
f 3407 3321 3334
f 3420 3409 3335
f 3411 3409 3426
f 3333 3363 3419
f 3408 3418 3421
f 3402 4063 3439
f 3439 4062 3392
f 4063 3402 2389
f 2380 3403 3449
f 3363 3450 3415
f 3428 3454 3455
f 3424 3487 3399
f 3487 3401 3399
f 3487 3424 2427
f 2436 3401 3487
f 3386 2336 3424
f 1140 3512 1141
f 1145 1144 3516
f 3518 1145 3516
f 3518 3513 3520
f 3517 3520 3523
f 3523 3524 3532
f 1149 1145 1150
f 1150 1146 3534
f 3523 4065 3517
f 3536 3518 4065
f 4065 3523 4066
f 3542 3544 3540
f 3549 3544 3262
f 3543 3549 3539
f 3549 3548 3538
f 3549 3262 3265
f 3556 3550 3265
f 3270 3278 3555
f 3560 3566 3563
f 3585 3532 3569
f 3584 3569 3571
f 3585 3571 3575
f 3555 3277 3565
f 3565 3588 3630
f 4065 4067 3536
f 4067 4065 4066
f 3537 1147 1150
f 1147 3536 1322
f 1540 1322 3536
f 3536 4069 1540
f 4068 3536 4067
f 4071 4067 4072
f 3532 4066 3523
f 4075 4066 3532
f 4074 3532 3585
f 3585 3583 3593
f 3595 3583 3587
f 3685 3595 3587
f 4075 3585 3594
f 3594 3583 3595
f 4076 3595 3685
f 4072 4067 4066
f 4074 4072 4066
f 3598 4075 3593
f 4077 4073 4075
f 4075 3598 4077
f 4076 3597 3595
f 3598 3597 4079
f 4079 3597 3601
f 3626 3625 3668
f 3633 3635 3607
f 3674 3670 3671
f 4081 3668 3670
f 3626 3668 4081
f 3670 3674 4080
f 3674 3671 3672
f 3673 4083 3674
f 3686 3626 4084
f 4087 3684 3687
f 4085 4087 3687
f 3688 4087 4084
f 4076 3685 4086
f 3597 4076 3690
f 3600 3597 3690
f 3690 4076 4086
f 3690 4086 3689
f 4085 3626 4088
f 3626 4081 4088
f 4088 4080 4089
f 4089 4081 3726
f 3689 4085 4088
f 4091 3689 4088
f 4091 4088 4089
f 3674 3726 4080
f 3674 4083 3726
f 4082 3716 3726
f 4091 3691 3689
f 4091 4092 3691
f 4093 3692 3691
f 4091 4090 4092
f 4092 4090 4094
f 4094 4089 3726
f 4094 3726 3725
f 3284 3406 3636
f 4083 3673 3682
f 3717 4083 3683
f 3718 3680 4097
f 4099 3718 4098
f 4100 3705 3730
f 4099 4097 4102
f 4102 4096 4100
f 4100 3728 4102
f 3728 4101 3730
f 3482 4103 3700
f 3480 3484 3482
f 4103 3482 3484
f 3484 4104 4103
f 3485 3484 3483
f 4105 3484 4106
f 3484 3485 4106
f 3485 3710 4106
f 3730 3706 3700
f 4103 3730 3701
f 4103 4105 4107
f 4103 4107 4108
f 3730 4103 4108
f 4109 4105 4106
f 4111 4104 4109
f 4104 4110 4107
f 3715 4112 3714
f 4112 3715 3703
f 3698 3704 3715
f 3704 3706 4114
f 3714 4112 3681
f 4097 3680 4112
f 4112 3703 4114
f 4112 4101 4097
f 4113 4114 4100
f 4100 4114 3705
f 4083 3717 3716
f 3718 4099 3720
f 3720 4099 4102
f 3724 3720 4102
f 3724 4102 3728
f 3724 4118 3722
f 4118 3724 3727
f 3723 3725 3716
f 3725 3723 4119
f 4119 3721 4117
f 4120 4115 3728
f 4120 4122 4115
f 4118 4122 4124
f 4125 4117 4123
f 3730 4108 3731
f 4128 3731 4108
f 4128 4108 4107
f 4128 4120 3728
f 4128 3728 3731
f 4110 4109 4129
f 4131 4128 4107
f 4107 4133 4131
f 4133 4107 4111
f 4129 4132 4111
f 4122 4120 4128
f 4121 4128 4134
f 4122 4136 4124
f 4135 4128 4131
f 1372 1540 4069
f 4067 4137 4069
f 4137 4138 4069
f 4068 1374 1372
f 4070 4137 4067
f 4141 4071 4072
f 4137 4071 4143
f 4142 4143 4071
f 4069 3746 1374
f 3746 4069 4139
f 1543 3746 4140
f 1543 1556 1545
f 1543 4138 4145
f 4144 4147 1542
f 4147 4146 4148
f 4146 4138 4137
f 4143 4148 4137
f 4146 4137 4148
f 4149 4148 4143
f 4143 4142 4150
f 4148 4149 4147
f 4078 4141 4072
f 4142 4078 4150
f 4152 4078 3598
f 4150 4078 4153
f 4152 3598 4079
f 4079 3601 4154
f 4155 3601 3771
f 4156 4151 4152
f 4143 4151 4157
f 4157 4151 4156
f 4079 4156 4153
f 4155 4158 4079
f 3778 4154 3771
f 3778 3749 4154
f 4147 4160 1556
f 4147 4149 4161
f 4162 4160 4149
f 4149 4143 4163
f 4163 4143 4157
f 4163 4162 4149
f 4157 4164 4163
f 1557 1556 4160
f 1557 4160 4167
f 4167 4160 4162
f 4162 4163 4165
f 4167 4162 4168
f 4168 4162 4165
f 4164 4169 4168
f 4156 4079 4159
f 4164 4157 4156
f 4156 3760 4165
f 3760 4156 4158
f 3757 4166 3760
f 3760 4159 4170
f 3760 4170 3754
f 4155 3748 4158
f 4159 3748 4170
f 3747 4155 3749
f 3748 3754 4170
f 4164 3757 4169
f 4169 3757 4171
f 3756 3761 3753
f 3761 4172 3768
f 4172 3761 3766
f 4173 3765 4174
f 3768 4175 3763
f 4176 3769 4172
f 4177 3771 3692
f 4177 3778 3771
f 4178 4177 3692
f 4178 3692 4093
f 4178 4092 4181
f 4181 4092 4094
f 4180 4095 4182
f 4181 4182 4184
f 4177 4179 3890
f 4177 3890 3778
f 3750 3778 3890
f 3891 4178 4180
f 4180 4186 3890
f 4187 3890 4188
f 4187 3751 3890
f 4188 3891 4186
f 3756 3752 4187
f 3766 3756 4187
f 4174 3766 4187
f 4174 4187 4188
f 3725 4182 4094
f 4182 3725 4119
f 4182 4119 4184
f 4183 4119 4190
f 4192 4183 4190
f 4190 4119 4126
f 4116 4126 4119
f 4192 4190 4127
f 4123 4195 4126
f 4186 4180 4184
f 4186 4183 4197
f 4197 4183 4198
f 4198 4191 4126
f 4184 4192 4198
f 4198 4127 4195
f 4196 4004 4198
f 4194 4124 4135
f 4000 4193 4134
f 4199 4134 4130
f 4201 4131 4132
f 4201 4202 4131
f 4199 4131 4203
f 4205 4203 4206
f 4136 4199 4000
f 4000 4003 4193
f 4002 4000 4199
f 4199 4205 4001
f 4203 4204 4199
f 4209 4189 4185
f 4174 4188 4209
f 4209 4185 4197
f 4197 4198 4210
f 4210 4198 4004
f 4005 4210 4004
f 4174 4208 4211
f 4211 4209 4197
f 4211 4212 4174
f 4172 4174 4212
f 4212 4211 4213
f 4215 4216 4210
f 4217 4197 4210
f 4211 4197 4217
f 4216 4217 4210
f 4219 4006 4001
f 4219 4002 4220
f 4221 4001 4205
f 4220 4205 4206
f 4206 4222 4220
f 4220 4222 4218
f 4215 4210 4005
f 4214 4006 4218
f 4224 4214 4219
f 4218 4225 4224
f 4225 4219 4226
f 4226 4218 4222
f 4226 4227 4225
f 1556 1542 4147
f 1581 4229 1591
f 4231 1593 1590
f 1590 4229 4232
f 4233 4230 4234
f 1397 1586 188
f 1586 4236 1580
f 4238 4236 1585
f 4236 4230 1581
f 4241 1594 1592
f 4231 4243 1592
f 1596 1595 4241
f 4245 1596 4241
f 4242 1592 4243
f 4247 4241 4244
f 4248 4249 4247
f 4250 4236 4238
f 4251 4236 4250
f 4229 4237 4251
f 4251 4235 4230
f 4251 4250 4252
f 4250 4253 4252
f 4235 4243 4233
f 4254 4248 4243
f 4248 4247 4243
f 4234 4254 4243
f 4255 4254 4235
f 4256 4257 4254
f 4251 4258 4234
f 4257 4248 4254
f 4255 4235 4259
f 4257 4260 4248
f 4252 4253 4263
f 4251 4264 4259
f 4265 4251 4252
f 4252 4263 4264
f 4257 4256 4266
f 4266 4256 4259
f 4268 4269 4257
f 4268 4257 4266
f 4271 4268 4266
f 4258 4274 4266
f 4271 4266 4274
f 1624 1596 4245
f 1625 1624 4246
f 4245 4247 4249
f 4249 4275 4245
f 1638 1626 4245
f 1625 1638 1627
f 4275 4276 1638
f 4249 4277 4275
f 4275 4278 4276
f 4260 4249 4248
f 4277 4249 4260
f 4279 4278 4261
f 4280 1638 4276
f 4281 4276 4278
f 4280 4277 4282
f 4284 4282 4278
f 4279 4284 4277
f 4279 4286 4284
f 1638 1656 1635
f 1637 4280 1656
f 4287 4281 4282
f 4289 4280 4288
f 4290 4282 4284
f 4287 4283 4292
f 4291 4284 4293
f 4296 4298 4299
f 4300 4263 4253
f 4297 4294 4301
f 4297 4263 4300
f 4302 4264 4263
f 4263 4297 4302
f 4258 4264 4303
f 4261 4257 4270
f 4268 4305 4270
f 4305 4268 4308
f 4271 4307 4267
f 4286 4279 4261
f 4286 4262 4270
f 4286 4270 4309
f 4309 4269 4304
f 4310 4304 4312
f 4313 4259 4302
f 4258 4313 4274
f 4313 4302 4301
f 4313 4315 4274
f 4301 4302 4297
f 4317 4321 4274
f 4301 2373 4313
f 2374 4316 4313
f 4274 4315 4317
f 4322 2374 4301
f 4273 4324 4272
f 4272 4325 4308
f 4307 4324 4326
f 4324 4274 4318
f 4326 4325 4319
f 4306 4326 4327
f 4304 4307 4327
f 4328 4318 4331
f 4328 4326 4320
f 4317 4330 4320
f 4327 4326 4328
f 4327 4311 4304
f 4328 4332 4327
f 4328 4329 4333
f 4332 4312 4327
f 4333 4332 4328
f 4286 4309 4311
f 4334 4286 4311
f 4293 4285 4286
f 4293 4286 4334
f 4336 4332 4333
f 4334 4311 4332
f 4334 4332 4338
f 4332 4340 4341
f 1660 1655 1656
f 4289 1656 4281
f 1660 1656 4289
f 4343 1660 4289
f 4342 4289 4344
f 4345 4288 4290
f 4344 4289 4345
f 4344 4345 4346
f 4346 4345 4293
f 1660 4343 1659
f 4343 4344 1669
f 4342 1669 1659
f 1671 1669 4348
f 4348 1669 4344
f 4348 4344 4349
f 4349 4344 4346
f 4346 4293 4351
f 4352 4346 4351
f 4338 4354 4334
f 4337 4332 4341
f 4355 4338 4341
f 4356 4338 4355
f 4293 4334 4354
f 4358 4354 4360
f 4361 4354 4338
f 4351 4293 4354
f 4354 4358 4351
f 4338 4357 4361
f 4358 4361 4362
f 4364 4358 4362
f 4362 4361 4366
f 4356 4366 4359
f 4367 4366 4356
f 4362 4366 4365
f 4367 4369 4366
f 4363 4366 4369
f 4371 4317 4315
f 4317 4372 4331
f 4374 4331 4372
f 2373 4322 2376
f 2376 4323 3395
f 4373 4317 4371
f 4375 4371 4315
f 4371 4376 4372
f 4374 4372 4376
f 4376 4377 4374
f 4378 4376 4371
f 4371 4375 4378
f 4378 4377 4376
f 4333 4331 4374
f 2374 2377 4314
f 4375 4315 2377
f 4379 4378 4375
f 4336 4374 4377
f 4377 4378 4380
f 4381 4382 4377
f 4382 4383 4377
f 4374 4335 4333
f 4332 4336 4339
f 4383 4336 4377
f 2393 4375 2377
f 4379 4375 2393
f 4379 4384 4380
f 4379 4380 4378
f 4382 4381 4384
f 2395 4379 2393
f 4379 2395 2398
f 4384 4379 2398
f 4385 4384 2398
f 4385 2398 2401
f 4385 4382 4384
f 2401 2398 2399
f 4336 4383 4339
f 4386 4339 4387
f 4339 4386 4389
f 4383 4382 4387
f 4387 4340 4383
f 4390 4341 4339
f 4389 4392 4355
f 4393 4386 4395
f 4395 4386 4387
f 4385 4394 4382
f 4396 4394 4385
f 4396 4385 2401
f 2479 4396 2401
f 4382 4394 4388
f 4355 4392 4356
f 4393 4389 4386
f 4368 4356 4391
f 4367 4392 4369
f 4393 4370 4389
f 4369 4393 4399
f 4393 4401 4398
f 4369 4392 4389
f 4401 4393 4395
f 4402 4401 4394
f 4396 2479 2483
f 4403 4396 2483
f 4404 4394 4396
f 4404 4396 4403
f 4403 2483 4406
f 2487 4406 2483
f 4402 4395 4404
f 4348 1757 1670
f 4349 1757 4347
f 4350 4407 1756
f 4407 4349 4409
f 4409 4349 4346
f 4409 4346 4353
f 4410 4409 4352
f 4412 4409 4410
f 1757 4413 1755
f 4407 4414 1756
f 4414 1794 1754
f 1793 4414 4407
f 4416 4407 4417
f 4412 4407 4409
f 4417 4408 4412
f 4419 4417 4412
f 4411 4410 4420
f 4419 4412 4420
f 4419 4416 4417
f 4358 4421 4351
f 4351 4421 4352
f 4358 4422 4421
f 4423 4352 4421
f 4421 4422 4425
f 4410 4352 4423
f 4358 4363 4422
f 4398 4365 4369
f 4425 4422 4364
f 4363 4399 4426
f 4365 4426 4427
f 4423 4421 4425
f 4420 4410 4423
f 4420 4424 4429
f 4429 4423 4425
f 4365 4427 4425
f 4428 4430 4425
f 4431 4430 4427
f 4426 4431 4428
f 4426 4432 4431
f 4407 1795 1794
f 4434 4418 4420
f 4419 4435 4415
f 4429 4434 4420
f 4436 4434 4429
f 4429 4425 4436
f 4436 4425 4430
f 4430 4438 4437
f 4439 4436 4438
f 4442 4431 4432
f 4444 4431 4440
f 4445 4438 4431
f 4446 4430 4431
f 4430 4446 4438
f 4438 4446 4431
f 4439 4447 4433
f 4448 4434 4447
f 4437 4439 4434
f 4450 4439 4451
f 4438 4451 4439
f 4447 4439 4450
f 4444 4451 4438
f 4451 4443 4453
f 4451 4453 4450
f 4454 4453 4443
f 1795 4407 4415
f 1795 4416 4435
f 1799 1792 1795
f 1798 1795 4435
f 1798 4435 4455
f 4457 4455 4435
f 4434 4435 4419
f 4456 4435 4434
f 4457 4434 4448
f 4458 4456 4448
f 4449 4447 4450
f 4459 4449 4450
f 4460 4397 4400
f 4460 4401 4402
f 4402 4404 4461
f 4404 4403 4461
f 4406 2487 4462
f 4461 4403 4406
f 4462 2806 4463
f 4405 4463 4461
f 4463 4405 4462
f 4402 4461 4464
f 4460 4402 4466
f 4468 4460 4466
f 4469 4467 4466
f 4470 4463 2806
f 4470 2806 2811
f 4471 4463 4470
f 4472 4471 4470
f 2811 4472 4470
f 4466 4402 4465
f 4465 4461 4471
f 4426 4398 4460
f 4468 4426 4460
f 4432 4426 4468
f 2804 4462 2487
f 2806 4462 2803
f 4469 4473 4454
f 4476 4472 2811
f 4475 4471 4472
f 2811 4478 4475
f 4475 4465 4471
f 4469 4466 4465
f 4464 4474 4469
f 4479 4473 4464
f 2881 2811 2874
f 2811 2881 4477
f 4480 4477 2881
f 2881 2882 4480
f 4481 4465 4476
f 4481 4475 4477
f 4479 4465 4481
f 4483 4482 4477
f 4483 4479 4482
f 4442 4432 4467
f 4467 4454 4441
f 4454 4467 4469
f 4454 4443 4442
f 4485 4454 4473
f 4487 4474 4479
f 2874 2811 2871
f 4489 4491 4450
f 4489 4450 4453
f 4489 4453 4493
f 4493 4452 4454
f 4496 4489 4493
f 4497 4495 4454
f 4499 4489 4496
f 4493 4497 4501
f 4503 4495 4500
f 4494 4502 4496
f 4504 4499 4496
f 4496 4502 4504
f 4502 4506 4504
f 4509 4507 4502
f 4504 4506 4510
f 4511 4507 4509
f 4507 4512 4510
f 4513 4506 4511
f 4513 4511 4515
f 1797 1798 4517
f 1796 4517 1928
f 4455 4517 1798
f 4455 4457 4519
f 4521 1928 4517
f 4521 4517 4455
f 4522 4455 4520
f 1931 1928 4522
f 4458 4449 4459
f 4523 4520 4456
f 4523 4457 4458
f 4518 4523 4522
f 4527 4458 4459
f 4524 4458 4527
f 4528 4523 4527
f 4530 1930 4521
f 4532 1937 4530
f 1938 1930 4530
f 4531 4530 4533
f 4533 4522 4523
f 4530 4521 4533
f 4534 4533 4536
f 4531 4533 4538
f 4538 4533 4535
f 4459 4450 4492
f 4526 4459 4490
f 4528 4527 4492
f 4489 4528 4492
f 4525 4529 4539
f 4539 4528 4536
f 4536 4528 4489
f 4499 4536 4489
f 4499 4505 4540
f 4541 1937 4531
f 4543 4541 4531
f 4541 1957 1938
f 4541 4543 4544
f 4545 4544 4543
f 4543 4531 4538
f 4543 4538 4546
f 4534 4546 4538
f 4546 4535 4537
f 4545 4543 4548
f 4548 4543 4546
f 4536 4548 4546
f 4544 1957 4542
f 1961 1957 4544
f 1961 4544 4545
f 4550 4545 4548
f 4550 4548 4551
f 4552 4550 4551
f 1961 1956 1957
f 4548 4536 4499
f 4510 4499 4540
f 4554 4540 4505
f 4553 4510 4540
f 4504 4510 4553
f 4499 4551 4547
f 4555 4551 4498
f 4499 4557 4556
f 4557 4499 4510
f 4558 4551 4556
f 4510 4513 4557
f 4480 2882 4562
f 4562 4477 4480
f 4563 4478 4562
f 4561 2882 3043
f 3041 4561 3042
f 4563 4484 4477
f 4488 4479 4483
f 4487 4483 4565
f 4563 4565 4483
f 4567 4562 3041
f 4568 4562 4566
f 4564 4562 4568
f 4570 4572 4563
f 4573 4563 4572
f 4573 4565 4563
f 4565 4573 4574
f 4454 4486 4576
f 4576 4485 4577
f 4485 4474 4487
f 4578 4485 4487
f 4497 4454 4576
f 4500 4497 4576
f 4579 4577 4565
f 4565 4577 4487
f 4579 4576 4578
f 4575 4579 4565
f 4576 4579 4501
f 4508 4502 4501
f 4509 4501 4579
f 4581 4568 4566
f 3048 4567 3041
f 4582 4581 4566
f 4583 4566 3048
f 4581 4571 4569
f 4572 4581 4573
f 4573 4581 4584
f 4584 4575 4573
f 4586 4581 4582
f 4581 4586 4585
f 4587 4584 4586
f 4589 4587 4586
f 3144 4590 3048
f 4590 4583 3048
f 4592 4591 3143
f 4595 4588 4590
f 3144 3048 3141
f 4583 4589 4586
f 4583 4591 4589
f 4596 4587 4589
f 4575 4585 4579
f 4514 4509 4579
f 4514 4511 4509
f 4515 4580 4597
f 4597 4580 4584
f 4599 4514 4597
f 4598 4584 4600
f 4596 4600 4587
f 4584 4587 4600
f 4602 4597 4600
f 4238 1586 1397
f 4240 4605 4250
f 4245 4241 4247
f 1638 4246 4275
f 4607 4299 4253
f 3291 3294 4607
f 3298 1076 1979
f 3298 1980 4609
f 4609 1979 1976
f 4610 4609 1976
f 4610 1975 1981
f 4610 1981 4611
f 4612 3298 4609
f 4613 4609 4610
f 1981 1985 2118
f 2118 4611 1981
f 3298 4058 3296
f 4614 4610 4611
f 4613 4610 4615
f 4611 2118 4616
f 4616 4615 4611
f 4617 4616 4618
f 4612 4059 3298
f 4613 4612 4609
f 4613 4615 4620
f 3301 4058 4612
f 4622 4612 4613
f 4623 4613 4620
f 4624 4612 4622
f 4622 4621 4625
f 4622 4629 4624
f 4626 4627 4622
f 4631 4615 4616
f 4632 4621 4614
f 4617 4631 4616
f 4626 4620 4633
f 4633 4620 4631
f 4634 4633 4631
f 4299 4607 4294
f 4294 4635 4301
f 3395 4301 4635
f 4301 3395 4322
f 3346 3302 4612
f 4612 4624 3347
f 4627 4637 4624
f 4639 4628 4625
f 4644 3347 4624
f 4644 4624 4637
f 4643 4638 4645
f 4630 4646 4638
f 4646 4630 4640
f 4648 4642 4645
f 4645 4638 4646
f 4646 4649 4645
f 4633 4639 4625
f 2003 4652 1998
f 4617 4654 4631
f 4655 4634 4631
f 4656 4654 4617
f 4654 4656 4657
f 1998 1996 2002
f 2002 2001 4658
f 4660 2002 4658
f 4656 4660 4657
f 4657 4660 4661
f 4660 4659 4661
f 4288 4345 4289
f 4345 4292 4293
f 3348 3347 4662
f 4641 4662 3346
f 4664 4646 4640
f 4643 4648 4663
f 4665 3351 4648
f 3350 4663 4648
f 3354 3353 4665
f 4648 4667 4665
f 4645 4650 4648
f 4664 4668 4647
f 4668 4650 4646
f 4648 4650 4666
f 4651 4669 4667
f 4668 4669 4650
f 4640 4633 4634
f 4670 4640 4634
f 4664 4640 4670
f 4672 4664 4671
f 4672 4671 4634
f 4673 4668 4664
f 3355 4665 3362
f 3362 4665 4667
f 3362 4667 4669
f 4668 4674 4669
f 4677 3362 4669
f 3446 4669 4675
f 4677 4669 3447
f 3361 3362 4677
f 3446 4676 4678
f 4680 4678 4675
f 4681 4682 4661
f 3361 4677 3444
f 3446 3444 4677
f 4683 3446 4678
f 3463 4683 4678
f 3448 3446 4683
f 4390 4355 4341
f 4678 4685 3463
f 3463 3448 4683
f 3465 3463 4685
f 4685 3707 3464
f 4686 2001 2148
f 4687 2001 4686
f 4687 4661 4659
f 4661 4687 4689
f 4681 4661 4689
f 2155 4686 2148
f 4686 4690 4687
f 2177 4686 2155
f 4690 4686 2177
f 2155 2160 2177
f 4694 4695 4696
f 4697 4695 4694
f 4699 4693 4696
f 4701 4698 4702
f 4704 4703 4705
f 4704 4701 4703
f 4706 4700 4704
f 4704 4707 4706
f 4707 4708 4706
f 4706 4708 4709
f 4711 3707 4712
f 4698 4697 4692
f 3710 4715 4106
f 4698 4717 4697
f 4700 4718 4698
f 4461 4463 4471
f 4707 4721 4722
f 4725 4707 4723
f 4722 4721 4705
f 4707 4725 4726
f 4726 4725 4728
f 4729 4730 4731
f 4728 4733 4734
f 4735 4736 4728
f 4738 4736 4734
f 4740 4733 4728
f 4733 4740 4741
f 4539 4533 4524
f 4536 4533 4539
f 4743 4737 4738
f 4728 4737 4743
f 4056 4239 1397
f 4055 4604 4240
f 4604 4056 3287
f 4603 3287 3288
f 4250 4606 4253
f 4253 4603 3289
f 3290 4607 4253
f 4616 2118 2117
f 3294 4294 4608
f 4295 3303 4635
f 3294 3303 4294
f 4060 4636 3303
f 4636 4060 3395
f 4618 4616 2115
f 4652 4618 2115
f 4744 4619 4653
f 4652 2115 1998
f 4745 4744 4652
f 4618 4744 4617
f 4744 4656 4617
f 4744 4745 4656
f 2002 4745 4652
f 4745 2003 4660
f 4660 4656 4745
f 4687 4659 2001
f 3349 4663 3352
f 4634 4654 4672
f 4657 4672 4654
f 4664 4672 4673
f 4682 4673 4672
f 4679 4675 4668
f 4673 4680 4668
f 4747 4679 4673
f 4682 4672 4657
f 4661 4682 4657
f 4748 4673 4682
f 4748 4682 4750
f 4680 4746 4678
f 4747 4752 4678
f 4748 4746 4673
f 4748 4752 4747
f 4695 4752 4748
f 4678 4751 4684
f 4713 4685 4752
f 4712 4752 4695
f 4685 4712 3707
f 2001 2128 2148
f 4690 4688 4687
f 4688 4753 4681
f 4754 4689 4691
f 4681 4749 4682
f 4750 4681 4755
f 4758 4750 4756
f 4748 4696 4695
f 4750 4696 4748
f 4696 4750 4758
f 4699 4696 4703
f 4705 4703 4696
f 4756 4681 4753
f 4759 4758 4756
f 4759 4756 4753
f 4705 4696 4758
f 4761 2177 2176
f 4760 4690 2177
f 4761 2176 4762
f 4763 4691 4761
f 4753 4765 4759
f 4762 4753 4691
f 4753 4766 4765
f 4726 4709 4708
f 4726 4708 4707
f 4758 4759 4764
f 4721 4704 4705
f 4705 4757 4765
f 4730 4705 4765
f 4707 4704 4720
f 4697 4712 4695
f 4697 4711 4712
f 3709 3708 4711
f 4770 3710 4711
f 4715 3710 4769
f 4769 4711 4697
f 4697 4771 4769
f 4716 4771 4697
f 4771 4715 4769
f 4717 4714 4771
f 4716 4718 4714
f 4714 4718 4772
f 4719 4716 4699
f 4109 4106 4714
f 4772 4109 4715
f 4772 4718 4710
f 4710 4718 4701
f 4709 4701 4706
f 4129 4109 4772
f 4772 4773 4775
f 4777 4133 4772
f 4773 4772 4709
f 4133 4129 4772
f 4762 2175 2104
f 2104 2176 2101
f 4754 4762 2104
f 4754 2104 4779
f 4730 4765 4768
f 4754 4779 4768
f 4731 4730 4767
f 4723 4705 4730
f 4730 4729 4723
f 4728 4724 4740
f 4740 4725 4722
f 4740 4722 4729
f 4740 4729 4742
f 4741 4781 4733
f 2104 2102 2110
f 2110 4778 2104
f 4782 4779 2110
f 4782 4731 4779
f 4731 4766 4779
f 2109 4782 2110
f 4731 4782 4783
f 4729 4731 4785
f 4783 4785 4731
f 4786 4782 2109
f 4786 4783 4782
f 4786 2109 2111
f 4785 4741 4729
f 4200 4133 4776
f 4775 4787 4201
f 4787 4774 4773
f 4773 4743 4787
f 4709 4788 4773
f 4789 4709 4727
f 4728 4789 4726
f 4773 4789 4743
f 4203 4201 4787
f 4791 4787 4743
f 4791 4792 4787
f 4203 4787 4792
f 4743 4789 4728
f 4206 4203 4792
f 4207 4793 4222
f 4794 4206 4792
f 4791 4743 4738
f 4795 4226 4222
f 4793 4795 4222
f 4796 4795 4793
f 4227 4226 4795
f 4790 4796 4792
f 4792 4796 4793
f 4799 4800 4802
f 753 755 4803
f 4803 4804 4807
f 4809 756 4810
f 755 4811 4803
f 4811 755 4809
f 4811 4812 4803
f 4811 4808 4810
f 4810 4815 4811
f 4815 4816 4812
f 4815 4812 4811
f 4803 4812 4805
f 4818 4804 4812
f 4801 4800 4804
f 4801 4805 4818
f 4820 4812 4817
f 4813 4820 4818
f 4821 4799 4802
f 4821 4823 4799
f 4824 4821 4825
f 4827 4825 4821
f 4828 4830 4826
f 4831 4829 4832
f 4831 4833 4829
f 4825 4827 4832
f 4825 4832 4829
f 4834 4801 4818
f 4835 4834 4837
f 4821 4802 4834
f 4821 4834 4827
f 4840 4818 4819
f 4838 4818 4839
f 4840 4820 4842
f 4818 4838 4834
f 4838 4840 4844
f 4840 4842 4843
f 4845 4843 4846
f 4827 4834 4847
f 4847 4834 4836
f 4843 4836 4838
f 4843 4845 4836
f 4832 4827 4848
f 4831 4832 4848
f 4850 4849 4852
f 4852 4849 4853
f 4854 4831 4850
f 4850 4831 4849
f 4852 4853 4855
f 4856 4852 4855
f 4851 4857 4854
f 4859 4854 4856
f 4856 4850 4852
f 4860 4857 4855
f 4861 4855 4862
f 4855 4861 4860
f 4861 4858 4857
f 4861 4856 4860
f 4863 4845 4846
f 4863 4846 4864
f 4865 4863 4864
f 4863 4866 4869
f 4863 4865 4866
f 4864 4870 4865
f 4849 4827 4847
f 4853 4847 4868
f 4845 4847 4836
f 4867 4847 4845
f 4869 4845 4863
f 4853 4849 4847
f 4871 4872 4874
f 4871 4876 4873
f 4867 4866 4853
f 4866 4877 4853
f 4879 4853 4878
f 4880 4853 4879
f 4866 4865 4877
f 4865 4870 4878
f 4881 4878 4870
f 4882 4881 4870
f 4879 4878 4881
f 4853 4884 4855
f 4885 4862 4855
f 4885 4853 4880
f 4886 4888 4889
f 4887 4890 4889
f 4892 4871 4874
f 4889 4871 4892
f 4890 4871 4889
f 4894 4895 4897
f 4898 4861 4862
f 4861 4898 4859
f 4859 4898 4899
f 4900 4898 4902
f 4902 4898 4903
f 4899 4901 4905
f 4862 4885 4880
f 4903 4862 4880
f 4906 4880 4879
f 4907 4881 4883
f 4879 4881 4907
f 4898 4862 4903
f 4886 4908 4887
f 4908 4886 4910
f 4888 4908 4911
f 4912 4871 4890
f 4914 4891 4887
f 4888 4911 4914
f 4914 4913 4890
f 4903 4880 4906
f 4903 4906 4916
f 4902 4903 4917
f 4917 4903 4915
f 4906 4879 4907
f 4918 4906 4907
f 4918 4907 4896
f 4895 4907 4919
f 4920 4913 4914
f 4914 4921 4920
f 4915 4906 4918
f 4896 4894 4918
f 4922 4908 4923
f 4911 4908 4924
f 4911 4924 4921
f 4908 4922 4924
f 4921 4914 4911
f 4925 689 687
f 4926 690 689
f 4927 689 4925
f 4930 689 4928
f 4926 689 4929
f 4931 4926 4929
f 4930 4927 4933
f 4933 4935 4929
f 4931 4929 4937
f 4939 4934 4927
f 695 4940 696
f 4941 4940 4942
f 4941 696 4940
f 4944 696 4941
f 4947 4945 4941
f 4950 4948 4941
f 4948 4953 4944
f 4950 4951 4946
f 4950 4954 4952
f 4954 4950 4956
f 4942 693 690
f 4943 695 694
f 690 4926 4932
f 690 4931 4943
f 4932 4941 4943
f 695 4943 4940
f 4932 4957 4941
f 4935 4958 4931
f 4959 4938 4961
f 4958 4937 4959
f 4962 4941 4957
f 4949 4941 4962
f 4955 4950 4962
f 4963 4934 4939
f 4933 4963 4960
f 4965 4964 4967
f 4968 4964 4939
f 4967 4963 4969
f 4965 4961 4963
f 4960 4936 4934
f 4959 4961 4965
f 4965 4967 4970
f 4970 4959 4965
f 4972 4959 4971
f 4966 4973 4970
f 4973 4975 4970
f 4970 4975 4972
f 4977 4973 4967
f 4973 4978 4974
f 4979 4973 4977
f 4981 4954 4955
f 4957 4959 4982
f 4982 4962 4957
f 4972 4983 4959
f 4984 4982 4959
f 4985 4962 4982
f 4986 4982 4984
f 4955 4962 4985
f 4955 4986 4981
f 4981 4986 4988
f 4988 4985 4983
f 4984 4990 4988
f 4984 4972 4990
f 4990 4991 4987
f 4992 4990 4972
f 4991 4990 4992
f 4993 4981 4989
f 4995 686 4996
f 4996 731 740
f 4996 733 731
f 4995 4996 740
f 4994 739 4997
f 4925 4994 5000
f 738 735 4807
f 4997 739 737
f 4997 737 4800
f 4806 4805 737
f 686 733 4996
f 4994 4925 686
f 5002 4999 4995
f 5001 4995 4997
f 4925 4998 5001
f 5001 5004 4925
f 4927 4925 5004
f 4939 4928 5004
f 4997 4800 5001
f 4800 738 4805
f 4800 5005 5001
f 5005 5004 5003
f 5005 4800 4799
f 752 4803 735
f 4807 736 4803
f 755 752 751
f 756 4808 755
f 4822 4939 5004
f 4969 4939 4830
f 5005 4822 5004
f 4799 4822 5005
f 4830 4939 4823
f 4825 4830 4822
f 4830 5006 4968
f 5007 4969 5006
f 4833 5006 4830
f 5007 4966 4968
f 5008 5006 4833
f 5008 5007 5006
f 5007 5008 4977
f 4977 4966 5007
f 4829 4833 4830
f 5009 767 766
f 5009 766 769
f 5010 5009 769
f 4944 768 696
f 769 4944 5010
f 5009 771 767
f 5010 771 5009
f 5011 771 5010
f 771 5012 5013
f 5010 4944 4953
f 4954 5010 4953
f 5014 5011 5010
f 5015 5013 5011
f 5014 5015 5012
f 5017 5015 5014
f 5013 775 772
f 775 5013 5018
f 5019 787 775
f 5019 5020 786
f 5021 2904 789
f 788 785 5021
f 786 5020 5021
f 5019 5013 5015
f 5020 5019 5015
f 5015 5017 5020
f 5021 5020 5022
f 5023 2907 5021
f 5024 5025 5023
f 5025 5024 5026
f 4954 5027 5010
f 5010 5028 5014
f 5028 5010 5029
f 5010 5027 5029
f 4981 5030 4954
f 5029 5027 4954
f 5028 5029 5031
f 5031 5029 5032
f 5014 5028 5016
f 5033 5016 5028
f 5034 5028 5031
f 5033 5028 5034
f 4993 5029 4981
f 5032 5029 4993
f 5034 5031 5032
f 5033 5034 5035
f 5032 5036 5034
f 5036 5038 5034
f 5035 5034 5039
f 5020 5017 5033
f 5022 5041 5024
f 5035 5020 5033
f 5042 5020 5035
f 5042 5023 5020
f 5040 5022 5042
f 5043 5041 5042
f 5046 5042 5035
f 5035 5048 5046
f 5043 5042 5046
f 5050 5024 5041
f 5050 5041 5052
f 5052 5041 5043
f 5054 5052 5044
f 5054 5056 5052
f 5053 5057 5051
f 5058 5050 5057
f 4980 5061 5062
f 5062 4974 4978
f 5063 4972 4975
f 5064 4974 5062
f 5065 5062 5060
f 5064 5062 5066
f 5069 5067 5061
f 5068 5070 5067
f 5070 5064 5067
f 4992 5064 5071
f 5072 5071 5064
f 5073 5072 5064
f 5073 5064 5070
f 4972 5064 4992
f 5076 4991 4992
f 5078 5077 4992
f 5071 5078 4992
f 4991 5080 4988
f 4987 5079 4993
f 5081 4991 5076
f 5081 5082 4993
f 5081 5083 5082
f 5084 5075 5078
f 5084 5078 5087
f 5085 5079 5074
f 5078 5071 5087
f 5088 5071 5089
f 5086 5071 5088
f 5088 5084 5087
f 5072 5090 5071
f 5091 5083 5085
f 5083 5081 5084
f 5091 5084 5088
f 5088 5092 5091
f 5083 5091 5093
f 5094 5093 5091
f 5095 5094 5091
f 5073 5070 5097
f 5098 5073 5096
f 5073 5099 5072
f 5101 5099 5073
f 5098 5101 5073
f 5103 5101 5098
f 5104 5092 5088
f 5106 5092 5104
f 5090 5072 5108
f 5099 5108 5072
f 5088 5090 5108
f 5111 5088 5109
f 5110 5108 5099
f 5101 5110 5099
f 5105 5088 5111
f 5092 5095 5091
f 5095 5092 5107
f 5095 5112 5094
f 5115 5112 5095
f 5115 5095 5106
f 5116 5117 5106
f 5115 5106 5117
f 5119 5120 5117
f 5104 5111 5100
f 5121 5105 5101
f 5121 5106 5104
f 5122 5106 5121
f 5121 5101 5102
f 5122 5123 5106
f 5118 5117 5116
f 5119 5116 5125
f 5125 5126 5119
f 5128 5125 5123
f 5128 5127 5125
f 5123 5116 5107
f 5129 5130 5131
f 5123 5125 5116
f 5132 5129 5131
f 5133 5008 4831
f 5133 4977 5008
f 5135 4977 5134
f 4979 4976 5136
f 5139 5136 5133
f 5138 5059 5137
f 5059 4978 5135
f 5008 4833 4831
f 4854 5133 4831
f 5140 5139 5133
f 4854 4859 5133
f 5140 5133 4859
f 5141 5069 5061
f 5139 5141 5061
f 5140 5141 5139
f 5070 5069 5141
f 5097 5141 5142
f 5070 5141 5097
f 5142 5141 5140
f 4900 5140 4859
f 5140 4900 5142
f 5144 5097 5142
f 4900 5144 5143
f 5144 4900 4904
f 4908 5145 4923
f 5146 5148 5150
f 4923 5145 5150
f 5151 5154 5146
f 5147 5150 5151
f 4904 5155 5144
f 5097 5144 5155
f 5155 5156 5096
f 5157 5148 5146
f 4923 5150 5148
f 5097 5156 5098
f 5154 5159 5146
f 5159 5152 5160
f 5159 5161 5146
f 5161 5158 5146
f 4908 4909 5145
f 5160 5154 5163
f 5160 5162 5164
f 5130 5160 5164
f 5165 5160 5130
f 5165 5130 5129
f 4993 5082 5032
f 5166 5032 5082
f 5032 5166 5036
f 5167 5038 5036
f 5166 5167 5037
f 5035 5038 5049
f 5167 5048 5038
f 5169 5048 5167
f 5172 5167 5166
f 5172 5168 5167
f 5082 5173 5166
f 5173 5082 5093
f 5082 5083 5093
f 5173 5093 5175
f 5174 5166 5173
f 5113 5093 5094
f 5112 5174 5093
f 5172 5166 5174
f 5176 5172 5174
f 5177 5178 5171
f 5170 5176 5177
f 5179 5176 5174
f 5176 5179 5180
f 5168 5047 5048
f 5181 5043 5045
f 5182 5045 5169
f 5054 5043 5182
f 5178 5054 5182
f 5178 5182 5169
f 5183 5054 5178
f 5057 5052 5056
f 5056 5054 5183
f 5185 5058 5057
f 5056 5187 5057
f 5171 5178 5169
f 5188 5183 5178
f 5185 5057 5186
f 5188 5186 5055
f 5188 5056 5184
f 5190 5185 5186
f 5185 5191 5192
f 5193 5178 5177
f 5194 5189 5178
f 5198 5177 5176
f 5177 5198 5193
f 5193 5195 5178
f 5196 5193 5199
f 5204 5186 5188
f 5196 5202 5188
f 5205 5186 5203
f 5205 5191 5186
f 5207 5192 5191
f 5206 5208 5191
f 5209 5203 5197
f 5211 5197 5200
f 5205 5201 5210
f 5212 5208 5205
f 5207 5212 5214
f 5211 5213 5205
f 5217 5208 5214
f 5215 5213 5210
f 5120 5112 5114
f 5112 5179 5174
f 5120 5114 5117
f 5219 5112 5120
f 5219 5179 5112
f 5176 5180 5198
f 5220 5198 5180
f 5126 5120 5118
f 5126 5219 5120
f 5222 5180 5179
f 5222 5179 5218
f 5222 5218 5127
f 5128 5222 5127
f 5225 5226 5227
f 5229 5180 5222
f 5229 5221 5180
f 5229 5230 5220
f 5230 5200 5193
f 5198 5230 5193
f 5230 5198 5221
f 5232 5200 5230
f 5210 5200 5231
f 5232 5215 5210
f 5215 5232 5233
f 5234 5232 5230
f 5236 5237 5238
f 5233 5232 5240
f 5233 5239 5241
f 5239 5232 5234
f 5243 5241 5240
f 5244 5245 5241
f 5244 5241 5242
f 5248 4918 4894
f 5250 4894 5253
f 5249 5248 4894
f 5255 5249 5253
f 5256 5250 5254
f 5258 5256 5254
f 5258 5254 5261
f 5260 5262 5257
f 5256 5264 5251
f 5263 5256 5266
f 5268 5267 5256
f 5270 5271 5266
f 5270 5267 5269
f 5268 5256 5258
f 5272 5269 5258
f 5274 5275 5273
f 5275 5274 5276
f 5268 5273 5270
f 5273 5275 5270
f 5258 5262 5273
f 5274 5273 5262
f 5277 5276 5280
f 5281 5283 5286
f 5287 4904 4902
f 5287 4902 4917
f 5287 4917 5284
f 4904 5287 5288
f 5290 4905 5288
f 5281 5287 5285
f 5281 5289 5287
f 5291 5288 5281
f 5288 5292 5290
f 5294 5295 5296
f 5298 5286 5302
f 5303 5300 5304
f 5303 5305 5301
f 5299 5305 5298
f 5303 5308 5310
f 5303 5310 5305
f 5311 5310 5306
f 5312 5305 5310
f 5286 5292 5281
f 5313 5290 5291
f 5315 5313 5293
f 5295 5294 5317
f 5291 5286 5298
f 5298 5319 5291
f 5318 5315 5291
f 5305 5318 5298
f 5318 5321 5324
f 5315 5318 5324
f 5326 5295 5316
f 4917 4915 5327
f 5327 4915 4918
f 5327 4918 5247
f 5328 5284 4917
f 5328 4917 5327
f 5250 5265 5327
f 5263 5329 5327
f 5328 5327 5329
f 5329 5286 5283
f 5329 5282 5328
f 5331 5332 4921
f 5252 5327 5247
f 5333 5334 5331
f 5334 5335 5332
f 5334 5278 5336
f 5338 5278 5334
f 5334 5332 5330
f 5339 4924 4922
f 4924 5330 4921
f 4924 5341 5331
f 5296 4922 4923
f 4922 5297 5339
f 5342 5341 5297
f 5295 5342 5297
f 5329 5263 5304
f 5304 5271 5343
f 5329 5304 5300
f 5304 5263 5266
f 5304 5266 5271
f 5270 5344 5271
f 5270 5275 5344
f 5329 5299 5286
f 5331 5341 5333
f 5345 5346 5333
f 5341 5345 5333
f 5343 5271 5344
f 5303 5304 5343
f 5308 5303 5343
f 5343 5344 5308
f 5311 5307 5344
f 5311 5344 5275
f 5347 5311 5275
f 5350 5347 5351
f 5350 5351 5352
f 5354 5346 5351
f 5351 5346 5345
f 5351 5348 5354
f 5352 5345 5355
f 5351 5345 5352
f 5354 5347 5275
f 5354 5275 5276
f 5338 5333 5346
f 5354 5276 5346
f 5346 5276 5338
f 5276 5278 5337
f 5338 5334 5333
f 5355 5345 5340
f 5295 5355 5342
f 5356 5341 5342
f 5325 5355 5295
f 5325 5352 5356
f 5352 5357 5350
f 5325 5357 5353
f 5359 5312 5310
f 5360 5309 5311
f 5361 5323 5321
f 5321 5362 5361
f 5321 5363 5362
f 5364 5366 5362
f 5367 5366 5363
f 5312 5320 5305
f 5321 5318 5312
f 5360 5322 5312
f 5321 5360 5363
f 5311 5370 5358
f 5347 5369 5311
f 5371 5370 5347
f 5372 5349 5357
f 5370 5367 5360
f 5373 5367 5369
f 5374 5370 5372
f 5373 5371 5375
f 5375 5376 5373
f 5357 5325 5375
f 5375 5371 5357
f 5379 5325 5317
f 5375 5326 5378
f 5364 5358 5368
f 5350 5357 5347
f 5380 5381 5098
f 5381 5103 5098
f 5102 5381 5382
f 5383 5381 5385
f 5383 5382 5381
f 5102 5122 5121
f 5387 5122 5103
f 5382 5387 5102
f 5123 5122 5387
f 5391 5132 5131
f 5131 5393 5390
f 5394 5124 5388
f 5394 5128 5123
f 5384 5396 5382
f 5396 5387 5382
f 5397 5389 5396
f 5389 5397 5395
f 5401 5128 5394
f 5402 5401 5394
f 5394 5398 5402
f 5404 5405 5402
f 5406 5409 5411
f 5406 5413 5414
f 5406 5411 5413
f 5415 5406 5414
f 5415 5416 5417
f 5417 5418 5415
f 5420 5421 5417
f 5422 5418 5417
f 5420 5423 5422
f 5408 5396 5383
f 5409 5383 5411
f 5424 5397 5396
f 5406 5424 5410
f 5425 5407 5415
f 5426 5424 5407
f 5409 5424 5396
f 5397 5404 5402
f 5404 5427 5430
f 5397 5424 5433
f 5404 5397 5433
f 5433 5424 5434
f 5404 5433 5427
f 5434 5427 5433
f 5418 5425 5415
f 5435 5426 5418
f 5422 5435 5418
f 5426 5434 5424
f 5421 5423 5436
f 5436 5423 5438
f 5435 5421 5436
f 5441 5426 5435
f 5441 5435 5436
f 5434 5426 5442
f 5441 5442 5425
f 5442 5443 5434
f 5434 5444 5428
f 5444 5445 5429
f 5442 5441 5447
f 5441 5436 5449
f 5436 5438 5449
f 5441 5449 5447
f 5449 5440 5450
f 5439 5452 5450
f 5453 5443 5442
f 5442 5447 5453
f 5449 5455 5448
f 5450 5455 5449
f 4904 5290 5155
f 5456 5155 5290
f 5456 5156 5155
f 5380 5156 5456
f 4923 5148 5297
f 5294 5296 5148
f 5294 5149 5157
f 5457 5157 5459
f 5159 5160 5161
f 5160 5460 5161
f 5098 5156 5380
f 5458 5161 5462
f 5461 5462 5161
f 5459 5158 5161
f 5314 5456 5290
f 5456 5313 5380
f 5380 5313 5463
f 5463 5313 5315
f 5323 5463 5315
f 5465 5380 5463
f 5466 5467 5465
f 5465 5463 5466
f 5316 5294 5457
f 5157 5457 5294
f 5468 5317 5457
f 5468 5457 5458
f 5381 5380 5385
f 5385 5380 5465
f 5413 5385 5467
f 5467 5385 5465
f 5468 5459 5462
f 5470 5469 5462
f 5384 5386 5412
f 5160 5165 5461
f 5461 5165 5472
f 5165 5129 5472
f 5462 5461 5472
f 5132 5472 5129
f 5473 5472 5474
f 5472 5132 5474
f 5474 5132 5475
f 5132 5390 5475
f 5476 5474 5475
f 5464 5324 5466
f 5324 5361 5477
f 5478 5466 5324
f 5466 5477 5479
f 5479 5467 5466
f 5482 5487 5488
f 5362 5488 5361
f 5477 5361 5488
f 5362 5365 5488
f 5477 5489 5487
f 5483 5488 5365
f 5367 5490 5365
f 5491 5490 5368
f 5479 5477 5486
f 5492 5479 5487
f 5492 5487 5480
f 5490 5481 5365
f 5491 5494 5496
f 5491 5496 5490
f 5497 5498 5499
f 5494 5498 5497
f 5378 5316 5468
f 5375 5378 5377
f 5499 5379 5469
f 5491 5367 5374
f 5491 5373 5376
f 5376 5378 5499
f 5491 5376 5498
f 5498 5376 5499
f 5491 5498 5494
f 5479 5413 5467
f 5468 5470 5502
f 5413 5411 5385
f 5472 5470 5462
f 5479 5414 5413
f 5492 5414 5479
f 5492 5416 5414
f 5501 5499 5468
f 5499 5500 5497
f 5504 5502 5470
f 5492 5484 5419
f 5485 5490 5420
f 5420 5416 5492
f 5420 5490 5507
f 5416 5415 5414
f 5490 5496 5507
f 5508 5507 5495
f 5494 5508 5496
f 5420 5417 5416
f 5423 5420 5507
f 5510 5507 5508
f 5503 5504 5497
f 5497 5508 5493
f 5508 5497 5512
f 5511 5497 5505
f 5473 5470 5471
f 5514 5473 5474
f 5504 5470 5473
f 5473 5515 5506
f 5473 5514 5515
f 5514 5474 5476
f 5517 5476 5475
f 5517 5475 5518
f 5476 5517 5514
f 5517 5519 5521
f 5515 5522 5504
f 5505 5522 5512
f 5508 5513 5510
f 5513 5523 5509
f 5516 5514 5524
f 5524 5523 5515
f 5524 5527 5523
f 5509 5452 5507
f 5507 5452 5423
f 5437 5423 5452
f 5452 5510 5528
f 5509 5523 5526
f 5524 5514 5517
f 5521 5524 5517
f 5531 5524 5521
f 5531 5526 5524
f 5526 5532 5509
f 5532 5525 5531
f 5532 5529 5509
f 5452 5529 5533
f 5532 5533 5529
f 5532 5530 5534
f 5534 5533 5532
f 5535 5222 5128
f 5222 5536 5228
f 5390 5393 5227
f 5400 5536 5128
f 5537 5538 5535
f 5540 5227 5226
f 5535 5538 5229
f 5541 5230 5229
f 5235 5230 5541
f 5541 5542 5235
f 5546 5226 5547
f 5539 5541 5229
f 5543 5547 5237
f 5538 5537 5541
f 5544 5540 5226
f 5537 5535 5399
f 5537 5401 5405
f 5405 5401 5403
f 5548 5537 5405
f 5548 5541 5537
f 5542 5541 5549
f 5550 5542 5549
f 5235 5542 5552
f 5239 5234 5243
f 5553 5244 5242
f 5554 5242 5235
f 5243 5554 5553
f 5555 5244 5553
f 5552 5554 5234
f 5550 5552 5542
f 5557 5554 5552
f 5555 5553 5554
f 5558 5555 5554
f 5554 5560 5559
f 5431 5405 5404
f 5428 5446 5430
f 5561 5430 5445
f 5430 5562 5564
f 5548 5405 5432
f 5564 5548 5430
f 5548 5565 5551
f 5566 5564 5561
f 5566 5551 5564
f 5567 5445 5443
f 5561 5445 5567
f 5568 5563 5567
f 5454 5567 5443
f 5567 5453 5569
f 5448 5455 5453
f 5455 5569 5454
f 5569 5568 5567
f 5568 5569 5572
f 5571 5574 5573
f 5568 5566 5562
f 5575 5566 5568
f 5573 5576 5568
f 5577 5575 5568
f 5552 5551 5557
f 5579 5551 5566
f 5578 5557 5551
f 5579 5580 5557
f 5581 5554 5557
f 5575 5578 5566
f 5583 5390 5227
f 5475 5390 5584
f 5518 5584 5540
f 5540 5584 5227
f 5518 5475 5583
f 5540 5585 5518
f 5545 5585 5540
f 5237 5586 5544
f 5585 5546 5586
f 5236 5238 5587
f 5236 5587 5589
f 5591 5587 5238
f 5593 5587 5592
f 5589 5587 5593
f 5595 5237 5236
f 5586 5237 5594
f 5236 5589 5596
f 5590 5597 5595
f 5593 5599 5589
f 5599 5593 5600
f 5602 5589 5599
f 5597 5588 5602
f 5602 5599 5604
f 5606 5599 5601
f 5608 5604 5600
f 5517 5518 5520
f 5519 5518 5585
f 5519 5585 5609
f 5609 5610 5519
f 5609 5585 5586
f 5586 5611 5609
f 5611 5586 5596
f 5613 5609 5611
f 5613 5611 5614
f 5610 5521 5519
f 5530 5521 5615
f 5616 5521 5610
f 5609 5613 5610
f 5534 5531 5618
f 5534 5616 5619
f 5613 5620 5610
f 5617 5610 5620
f 5619 5616 5620
f 5623 5620 5613
f 5624 5612 5614
f 5626 5623 5614
f 5611 5594 5598
f 5614 5611 5598
f 5582 5557 5580
f 5627 5597 5602
f 5560 5554 5582
f 5602 5603 5629
f 5631 5560 5582
f 5634 5581 5580
f 5630 5627 5602
f 5631 5582 5634
f 5635 5631 5634
f 5604 5607 5636
f 5630 5605 5638
f 5575 5580 5579
f 5639 5614 5597
f 5640 5580 5575
f 5641 5640 5575
f 5627 5639 5598
f 5643 5575 5577
f 5643 5641 5575
f 5626 5614 5644
f 5644 5614 5639
f 5645 5640 5641
f 5646 5645 5641
f 5644 5639 5627
f 5640 5633 5580
f 5647 5635 5634
f 5634 5640 5647
f 5649 5635 5648
f 5647 5651 5649
f 5640 5645 5647
f 5645 5650 5647
f 5628 5652 5627
f 5652 5630 5637
f 5652 5636 5653
f 5653 5637 5654
f 5652 5656 5627
f 5656 5652 5653
f 5657 5653 5654
f 5658 5455 5451
f 5450 5660 5658
f 5661 5451 5452
f 5570 5455 5658
f 5571 5658 5574
f 5659 5662 5574
f 5663 5662 5659
f 5661 5664 5659
f 5662 5572 5574
f 5577 5572 5662
f 5666 5661 5452
f 5667 5666 5452
f 5533 5667 5452
f 5533 5534 5667
f 5668 5534 5619
f 5667 5534 5668
f 5619 5620 5669
f 5668 5619 5669
f 5669 5667 5668
f 5663 5661 5666
f 5669 5620 5622
f 5667 5669 5670
f 5670 5669 5621
f 5667 5671 5665
f 5667 5670 5671
f 5577 5662 5672
f 5674 5662 5664
f 5663 5666 5675
f 5662 5674 5672
f 5670 5624 5678
f 5678 5623 5626
f 5678 5625 5644
f 5671 5670 5676
f 5677 5679 5671
f 5671 5680 5666
f 5674 5666 5680
f 5683 5674 5680
f 5672 5642 5577
f 5673 5674 5683
f 5646 5643 5672
f 5685 5646 5672
f 5687 5678 5644
f 5679 5676 5687
f 5643 5646 5641
f 5685 5688 5646
f 5690 5683 5681
f 5672 5682 5692
f 5690 5692 5683
f 5680 5671 5679
f 5679 5690 5681
f 5672 5692 5684
f 5693 5685 5692
f 5694 5689 5685
f 5692 5690 5695
f 5693 5692 5695
f 5656 5644 5627
f 5696 5687 5644
f 5686 5696 5679
f 5656 5698 5644
f 5696 5644 5698
f 5645 5646 5688
f 5688 5700 5645
f 5700 5650 5645
f 5701 5700 5688
f 5701 5702 5700
f 5704 5693 5695
f 5679 5708 5691
f 5695 5690 5705
f 5688 5694 5701
f 5704 5701 5694
f 5704 5695 5708
f 5711 5701 5704
f 5709 5704 5713
f 5712 5704 5705
f 5656 5714 5698
f 5714 5656 5653
f 5696 5699 5714
f 5696 5714 5715
f 5714 5653 5657
f 5715 5714 5657
f 5717 5707 5679
f 5679 5697 5716
f 5716 5696 5715
f 5718 5710 5712
f 5716 5719 5706
f 5720 5712 5707
f 4892 5722 4889
f 4874 4872 5723
f 4893 4874 5723
f 1354 5726 1353
f 5730 1352 1353
f 1353 5726 5731
f 5732 5731 5727
f 5731 5733 1353
f 5734 5731 5736
f 1527 5738 1524
f 1359 5741 5742
f 5739 1359 1529
f 5743 5741 1529
f 1513 1352 5730
f 5745 1528 5746
f 5747 5746 1513
f 5733 5729 1353
f 5748 5745 5746
f 5747 5729 5733
f 5746 5747 5748
f 5749 5752 5754
f 1527 5745 5722
f 5723 5755 5757
f 5758 1551 1549
f 1549 1553 5758
f 5759 5758 1553
f 1553 5760 5759
f 5762 5765 5758
f 5762 5758 5766
f 5768 5769 5765
f 5762 5766 5770
f 5766 5771 5770
f 5766 5758 5759
f 5760 5772 5759
f 5759 5771 5766
f 5759 5772 5771
f 5772 5776 5771
f 5768 5777 5769
f 5164 5778 5768
f 5130 5164 5767
f 5131 5768 5780
f 5768 5131 5130
f 4909 5748 5747
f 5731 5734 5733
f 4909 5745 5748
f 5747 5781 4909
f 4909 5781 5145
f 5151 5733 5735
f 5154 5734 5162
f 5781 5747 5733
f 5723 5722 4893
f 4886 5722 5745
f 5745 4909 4886
f 5722 4886 4889
f 5150 5145 5781
f 5151 5735 5153
f 5151 5781 5733
f 5150 5781 5151
f 5762 5782 5765
f 5768 5765 5782
f 5782 5762 5783
f 5770 5783 5763
f 5783 5770 5785
f 5767 5782 5780
f 5786 5780 5782
f 5786 5782 5783
f 5786 5784 5787
f 5787 5783 5785
f 5785 5789 5787
f 5771 5785 5770
f 5785 5771 5773
f 5788 5785 5773
f 5786 5787 5225
f 5787 5789 5224
f 5393 5131 5780
f 5392 5780 5786
f 5225 5393 5786
f 5227 5393 5224
f 5789 5547 5224
f 5547 5226 5223
f 5790 5238 5792
f 5591 5238 5790
f 5237 5789 5792
f 5792 5238 5237
f 5547 5788 5237
f 5593 5592 5794
f 4872 5755 5724
f 4872 5754 5755
f 5749 5753 4872
f 1355 1515 5726
f 1515 1546 5795
f 5795 5726 1515
f 5732 5736 5731
f 5728 5795 5732
f 5769 5732 5795
f 5779 5736 5732
f 5769 5777 5732
f 1528 1522 1509
f 5738 1525 1524
f 5746 1528 1510
f 5743 1529 1525
f 1525 5737 5744
f 5750 5743 5738
f 5750 5739 5744
f 1508 1513 5746
f 5729 5747 1513
f 5756 5738 1527
f 5757 5755 5738
f 5755 5752 5738
f 5751 5755 5753
f 5721 5757 1528
f 5721 5725 5757
f 1546 1548 5796
f 1551 5796 1547
f 5795 1546 5796
f 5765 5796 1551
f 5765 1551 5758
f 5760 1554 1558
f 5761 1552 1554
f 5760 1557 5797
f 5797 5772 5760
f 5798 5772 5797
f 5796 5764 5769
f 5796 5769 5795
f 5774 5772 5798
f 5799 5798 5801
f 5736 5777 5163
f 5777 5164 5162
f 5162 5734 5736
f 5776 5798 5800
f 5775 5800 5790
f 5592 5790 5800
f 5791 5792 5776
f 5773 5793 5788
f 756 1840 4810
f 4810 1840 5802
f 4810 5802 4814
f 4817 4814 5802
f 5802 5803 5805
f 5802 1840 5804
f 5807 1836 2086
f 2086 5808 5809
f 5805 4817 5802
f 5810 4817 5805
f 5812 4819 4816
f 4820 5813 4841
f 5811 5812 4817
f 5814 4841 5812
f 5814 5813 5811
f 5806 2086 5809
f 5809 5815 5806
f 5817 5814 5805
f 5816 5805 5818
f 5814 5811 5805
f 5806 5818 5805
f 5815 5818 5806
f 5815 5809 5820
f 5822 5826 5820
f 5827 5820 5826
f 5828 5815 5820
f 4842 5814 5829
f 5829 5814 5816
f 5817 5818 5830
f 5829 5818 5831
f 5831 5819 5833
f 5835 5829 5831
f 5836 4846 4843
f 4841 5837 4843
f 5837 4842 5829
f 5829 5835 5837
f 5818 5838 5834
f 5838 5819 5815
f 5832 5838 5839
f 5839 5838 5827
f 5815 5827 5838
f 5841 5832 5840
f 5840 5828 5825
f 5842 5840 5824
f 5824 5843 5845
f 5835 5831 5846
f 5831 5832 5841
f 5831 5841 5849
f 5850 5840 5842
f 5840 5850 5841
f 5848 5841 5850
f 5852 5850 5842
f 5842 5823 5845
f 5843 5854 5855
f 5845 5843 5855
f 5856 5845 5855
f 5859 5855 5854
f 5855 5858 5856
f 5845 5860 5842
f 5856 5860 5845
f 5836 5861 4846
f 4846 5861 4864
f 5846 5836 5835
f 5863 5864 4876
f 5864 5863 5865
f 5865 5866 5869
f 5866 5865 5863
f 4870 4864 5870
f 5870 4883 4870
f 5861 5870 4864
f 5871 4882 5870
f 5870 5862 5836
f 5870 5836 5872
f 5873 5863 5877
f 5873 5877 5878
f 4871 5879 4876
f 5879 5863 4876
f 5879 5877 5863
f 5874 5867 5863
f 5880 5866 5873
f 5847 5831 5884
f 5850 5886 5848
f 5852 5887 5850
f 5849 5884 5831
f 5888 5869 5889
f 5891 5892 5893
f 5866 5889 5869
f 5894 5897 5890
f 5891 5893 5898
f 5890 5900 5895
f 5837 5902 5872
f 5836 5847 5905
f 5881 5873 5878
f 5906 5885 5849
f 5906 5848 5886
f 5907 5846 5906
f 5846 5884 5906
f 5906 5886 5909
f 5899 5911 5913
f 5866 5882 5889
f 5911 5889 5883
f 5911 5893 5889
f 5911 5898 5893
f 5901 5891 5899
f 5915 5916 5871
f 5917 5915 5872
f 5916 5915 5918
f 5919 5916 5918
f 5872 5902 5917
f 5922 5917 5902
f 5916 4919 5871
f 4919 5916 5923
f 4896 4919 4897
f 4897 4919 5923
f 4897 5923 5924
f 5925 5926 5920
f 5923 5916 5921
f 5919 5917 5922
f 5921 5922 5925
f 5921 5926 5923
f 5927 5923 5926
f 5929 5926 5930
f 5933 5936 5937
f 5939 5940 5933
f 5905 5908 5943
f 5905 5943 5902
f 5903 5943 5922
f 5944 5908 5945
f 5947 5949 5943
f 5946 5947 5943
f 5950 5949 5953
f 5947 5953 5949
f 5947 5946 5954
f 5947 5954 5955
f 5958 5951 5947
f 5957 5958 5947
f 5949 5925 5943
f 5926 5925 5960
f 5948 5961 5925
f 5960 5949 5950
f 5963 5960 5950
f 5922 5943 5925
f 5930 5926 5960
f 5964 5928 5967
f 5930 5967 5929
f 5931 5968 5967
f 5969 5967 5968
f 5970 5967 5969
f 5968 5930 5963
f 5931 5960 5962
f 5969 5968 5962
f 5963 5974 5969
f 5969 5976 5972
f 5972 5976 5977
f 5939 5979 5941
f 5979 5938 5980
f 5939 5981 5980
f 5979 5980 5984
f 5986 5984 5980
f 5977 5983 5987
f 5981 5986 5980
f 5988 5982 5978
f 5986 5983 5988
f 5951 5989 5950
f 5973 5950 5989
f 5963 5950 5974
f 5991 5975 5989
f 5989 5952 5995
f 5959 5994 5953
f 5990 5995 5992
f 5992 5994 5996
f 5993 5996 5998
f 5969 5974 5991
f 5993 5976 5969
f 5991 6001 5976
f 6001 6002 5976
f 6002 5977 5976
f 6001 5992 5998
f 6002 6004 5988
f 6004 5984 5985
f 5986 5988 6004
f 5988 5977 6002
f 6005 6002 6001
f 6003 6007 5984
f 6004 6010 6008
f 6005 6010 6004
f 6004 6002 6005
f 5870 5915 5871
f 4913 5879 4871
f 6011 5876 5879
f 6011 5879 6013
f 6012 5879 4913
f 4882 5871 4919
f 4919 4907 4883
f 5870 5872 5914
f 6011 5878 5875
f 5940 5878 6011
f 5936 6011 6013
f 6014 5937 5936
f 6014 6012 4912
f 6014 4912 4920
f 6012 6014 5936
f 5937 6014 6016
f 6015 6014 4920
f 5332 4920 4921
f 6016 4920 5332
f 5935 5942 6011
f 5934 5933 5940
f 5902 5836 5904
f 5846 5908 5905
f 6017 5881 5878
f 6018 5880 6017
f 5878 5941 6017
f 6017 6020 6018
f 5908 5906 5946
f 5954 5906 6021
f 5954 5945 5906
f 6018 5911 5881
f 6018 5912 5911
f 6008 6018 6020
f 5912 6018 6023
f 6018 6007 6023
f 5940 5979 6017
f 5979 6019 6017
f 5984 6020 5979
f 6019 5984 6008
f 5851 5842 5860
f 6025 5860 5856
f 5852 5860 6026
f 6025 5856 6027
f 6025 6028 6029
f 5886 5852 5910
f 6030 5909 5852
f 6030 5852 6031
f 6030 6031 6032
f 5901 5899 6034
f 6033 5894 5901
f 6036 6033 5898
f 5895 6034 6038
f 6031 5852 6025
f 6031 6026 6029
f 6031 6029 6039
f 6040 5894 6038
f 6032 6031 6039
f 6042 6032 6039
f 6043 6040 6038
f 6029 6027 6045
f 6039 6029 6044
f 6046 6039 6044
f 6041 6039 6046
f 6046 6044 6047
f 6047 6049 6051
f 6051 6046 6047
f 6051 6049 6052
f 5958 5956 6054
f 5995 5958 6055
f 6056 6054 6057
f 5959 6054 6056
f 5994 6056 6058
f 6058 6056 6059
f 6057 6059 6056
f 6061 6059 6063
f 6067 5999 5996
f 5997 5994 6058
f 5996 6058 6066
f 6001 5998 6068
f 6010 6069 6071
f 6065 6058 6074
f 6064 6075 6001
f 6065 6074 6075
f 6069 6001 6075
f 6069 6009 6005
f 6069 6005 6000
f 6074 6058 6061
f 6060 6058 6059
f 6075 6073 6061
f 6022 5906 5909
f 6054 5954 6021
f 5957 5954 6054
f 6076 5909 6030
f 6021 5909 6076
f 6077 6054 6021
f 6035 5899 5912
f 6037 6079 6033
f 6024 6037 5912
f 6082 6079 6037
f 6076 6030 6083
f 6083 6030 6032
f 6042 6083 6032
f 6085 6083 6042
f 6083 6086 6076
f 6083 6085 6087
f 6057 6054 6077
f 6057 6077 6086
f 6059 6057 6086
f 6089 6061 6062
f 6062 6059 6086
f 6088 6062 6091
f 6092 6093 6080
f 6094 6038 6033
f 6043 6038 6094
f 6079 6094 6034
f 6095 6096 6043
f 6093 6094 6078
f 6098 6097 6095
f 6098 6095 6093
f 6099 6023 6008
f 6037 6024 6099
f 6010 6099 6006
f 6009 6071 6099
f 6099 6081 6037
f 6099 6100 6081
f 6075 6102 6070
f 6099 6072 6100
f 6100 6072 6069
f 6069 6103 6100
f 6103 6069 6105
f 6069 6102 6105
f 6060 6088 6075
f 6090 6102 6075
f 6082 6100 6092
f 6082 6092 6079
f 6101 6103 6092
f 6092 6104 6106
f 6105 6106 6103
f 6092 6106 6093
f 6093 6106 6098
f 6084 6107 6109
f 6062 6086 6109
f 6111 6091 6063
f 6091 6111 6114
f 6084 6109 6086
f 6063 6110 6111
f 6109 6117 6111
f 6118 6109 6119
f 6118 6115 6111
f 6116 6118 6120
f 6120 6118 6119
f 6046 6084 6042
f 6046 6050 6108
f 6107 6085 6046
f 6122 6043 6096
f 6124 6098 6126
f 6126 6128 6124
f 6127 6126 6129
f 6124 6121 6096
f 6096 6098 6123
f 6124 6131 6121
f 6125 6128 6132
f 6124 6133 6131
f 6135 6051 6052
f 6108 6051 6135
f 6136 6135 6137
f 6108 6119 6109
f 6107 6139 6119
f 6120 6119 6140
f 6141 6120 6140
f 6141 6113 6120
f 6129 6116 6142
f 6141 6142 6112
f 6133 6128 6144
f 6134 6144 6145
f 6128 6129 6146
f 6127 6146 6144
f 6140 6107 6135
f 6140 6135 6136
f 6148 6141 6139
f 6140 6136 6147
f 6146 6129 6142
f 6142 6141 6147
f 6102 6089 6091
f 6114 6102 6091
f 6105 6102 6129
f 6106 6105 6129
f 6130 6102 6112
f 6129 6126 6106
f 6126 6098 6106
f 1840 1839 5803
f 5803 1839 1833
f 1845 2086 1833
f 1864 1847 1846
f 5808 2086 1847
f 6149 1847 1864
f 5808 1847 6149
f 6150 6149 1864
f 6150 1864 1866
f 6149 5809 5808
f 5820 5809 6149
f 6149 6150 5820
f 1866 5822 6150
f 5820 6150 5821
f 1867 5822 1866
f 5821 5844 5826
f 5843 5822 6152
f 5890 5897 5892
f 1874 6153 1876
f 6154 1867 1876
f 6154 1876 6153
f 6155 6154 6153
f 6156 6155 6153
f 6151 5822 1867
f 6151 1867 6160
f 6160 6161 6151
f 6154 6160 1867
f 6155 6160 6154
f 6158 6162 6155
f 6162 6159 6164
f 6161 6160 6166
f 6166 6160 6155
f 6162 6166 6155
f 6161 6165 6167
f 6167 6166 6162
f 6168 6162 6164
f 1887 6153 1874
f 6157 1887 1888
f 6157 1888 6170
f 6171 6157 6170
f 6153 1887 6156
f 1888 1894 6172
f 6172 6170 1888
f 6170 6172 6171
f 1896 6172 1893
f 1945 1896 1890
f 6169 6163 6157
f 6168 6157 6173
f 6171 6172 6173
f 6156 6171 6173
f 6174 6172 1895
f 6176 6169 6173
f 6173 6172 6177
f 6176 6173 6178
f 6179 6172 6175
f 6180 6175 6181
f 6180 6181 6182
f 6183 6182 6181
f 5843 6152 6184
f 6151 6161 6185
f 5853 5843 6184
f 6161 6186 6185
f 6167 6186 6161
f 5854 6184 6188
f 6188 6184 6186
f 6189 6188 6187
f 6191 6167 6162
f 6187 6167 6194
f 6192 6194 6167
f 6195 6197 6198
f 6040 6200 5897
f 6196 6200 6040
f 6195 6199 6200
f 5858 5854 6188
f 5857 6188 6190
f 6190 6186 6194
f 6190 5856 5859
f 6197 6201 6199
f 6202 6204 6205
f 6207 6202 6206
f 6191 6162 6169
f 6208 6191 6169
f 6191 6208 6194
f 6209 6194 6208
f 6209 6208 6211
f 6210 6212 6194
f 6212 6210 6213
f 6168 6176 6211
f 6211 6176 6214
f 6208 6168 6211
f 6176 6180 6182
f 6176 6182 6215
f 6215 6182 6183
f 6214 6176 6216
f 6216 6176 6215
f 6211 6213 6210
f 6213 6211 6218
f 6219 6220 6221
f 6221 6220 6222
f 6214 6218 6211
f 6224 6218 6214
f 6222 6226 6221
f 6222 6228 6226
f 6223 6229 6227
f 6228 6231 6232
f 6228 6229 6231
f 6234 6216 6235
f 6235 6237 6234
f 6238 6224 6234
f 6237 6238 6234
f 1948 1946 1947
f 6175 1896 1946
f 6174 1946 1948
f 1948 6183 6175
f 6183 1948 1951
f 1948 1944 1950
f 6239 1951 1952
f 1951 6239 6240
f 6240 6239 6242
f 6183 6181 6174
f 6243 6183 1950
f 6240 6243 1951
f 6240 6244 6243
f 6239 1952 1959
f 1959 6246 6239
f 6246 1959 6248
f 6248 1959 1958
f 6248 1958 1960
f 6250 6248 1960
f 6242 6239 6247
f 6246 6251 6241
f 6252 6246 6248
f 6245 6240 6242
f 6253 6248 6249
f 6255 6248 6253
f 6253 6249 6256
f 6255 6253 6256
f 6255 6252 6248
f 6216 6215 6183
f 6257 6183 6243
f 6235 6216 6183
f 6257 6235 6183
f 6244 6257 6243
f 6244 6258 6257
f 6258 6244 6259
f 6259 6262 6258
f 6258 6264 6257
f 6263 6264 6258
f 6267 6263 6268
f 6269 6237 6235
f 6271 6257 6264
f 6257 6270 6235
f 6235 6271 6269
f 6236 6269 6272
f 6265 6269 6270
f 6267 6271 6264
f 6263 6266 6264
f 6274 6275 6278
f 6280 6265 6268
f 6245 6242 6260
f 6259 6241 6251
f 6255 6260 6251
f 6261 6259 6268
f 6268 6259 6255
f 6255 6256 6281
f 6268 6254 6283
f 6281 6284 6255
f 6282 6286 6284
f 6287 6268 6288
f 6290 6268 6287
f 6290 6287 6291
f 6289 6268 6283
f 6289 6284 6292
f 6284 6286 6292
f 6285 6295 6297
f 6298 6287 6289
f 6293 6298 6288
f 6300 6287 6298
f 6298 6293 6286
f 6285 6296 6298
f 5894 6040 5897
f 6301 6196 6040
f 5856 6189 6027
f 6195 6302 6197
f 6302 6303 6197
f 6301 6302 6195
f 6306 6303 6302
f 6304 6207 6197
f 6305 6202 6207
f 6043 6301 6040
f 6307 6302 6301
f 6043 6307 6301
f 6307 6306 6302
f 6193 6309 6189
f 6212 6309 6194
f 6189 6309 6028
f 6309 6044 6028
f 6202 6312 6204
f 6314 6204 6311
f 6315 6314 6312
f 6316 6212 6213
f 6316 6213 6218
f 6317 6316 6217
f 6318 6317 6217
f 6047 6044 6309
f 6212 6047 6309
f 6202 6303 6306
f 6202 6306 6320
f 6121 6306 6308
f 6321 6306 6122
f 6306 6321 6320
f 6321 6322 6320
f 6047 6212 6323
f 6048 6047 6323
f 6324 6323 6325
f 6048 6323 6324
f 6049 6324 6053
f 6319 6310 6202
f 6212 6316 6323
f 6325 6316 6317
f 6323 6316 6325
f 6315 6312 6327
f 6326 6312 6319
f 6320 6322 6326
f 6324 6325 6329
f 6315 6326 6330
f 6314 6220 6219
f 6203 6314 6219
f 6332 6220 6313
f 6333 6313 6315
f 6318 6218 6224
f 6333 6336 6220
f 6222 6336 6229
f 6336 6223 6220
f 6338 6231 6229
f 6331 6333 6315
f 6332 6339 6335
f 6331 6339 6334
f 6340 6336 6339
f 6336 6340 6229
f 6230 6340 6338
f 6121 6307 6043
f 6321 6121 6131
f 6145 6321 6131
f 6138 6135 6052
f 6138 6052 6341
f 6052 6324 6341
f 6321 6343 6322
f 6343 6344 6322
f 6145 6343 6321
f 6145 6131 6134
f 6348 6145 6144
f 6346 6343 6145
f 6144 6146 6346
f 6146 6143 6351
f 6350 6346 6146
f 6343 6347 6352
f 6326 6322 6344
f 6344 6353 6326
f 6353 6331 6326
f 6356 6330 6354
f 6343 6352 6345
f 6353 6345 6352
f 6357 6339 6331
f 6359 6360 6231
f 6359 6275 6360
f 6278 6275 6359
f 6231 6338 6359
f 6361 6359 6337
f 6361 6278 6359
f 6362 6274 6279
f 6362 6363 6274
f 6364 6361 6338
f 6364 6278 6361
f 6364 6362 6278
f 6365 6362 6364
f 6367 6363 6362
f 6368 6367 6362
f 6362 6366 6369
f 6371 6367 6369
f 6363 6367 6372
f 6376 6378 6373
f 6372 6367 6376
f 6380 6381 6382
f 6291 6287 6300
f 6384 6291 6299
f 6384 6300 6298
f 6385 6384 6298
f 6385 6298 6297
f 6387 6380 6382
f 6367 6371 6375
f 6371 6378 6375
f 6388 6378 6370
f 6388 6390 6378
f 6379 6387 6390
f 6390 6387 6378
f 6392 6379 6390
f 6394 6388 6396
f 6389 6394 6392
f 6392 6391 6388
f 6379 6393 6398
f 6399 6392 6394
f 6401 6398 6394
f 6400 6403 6380
f 6401 6403 6399
f 6403 6401 6404
f 6406 6403 6404
f 6407 6269 6267
f 6290 6280 6268
f 6408 6290 6291
f 6317 6318 6409
f 6328 6325 6409
f 6409 6325 6317
f 6411 6328 6409
f 6412 6237 6273
f 6318 6224 6238
f 6238 6414 6318
f 6409 6318 6410
f 6410 6318 6414
f 6414 6416 6411
f 6417 6411 6416
f 6419 6340 6339
f 6414 6420 6416
f 6415 6421 6420
f 6238 6237 6423
f 6424 6237 6412
f 6424 6414 6238
f 6340 6425 6337
f 6419 6425 6340
f 6422 6414 6424
f 6422 6423 6427
f 6425 6364 6338
f 6429 6364 6426
f 6427 6423 6412
f 6136 6137 6430
f 6431 6138 6342
f 6432 6430 6342
f 6432 6342 6433
f 6342 6324 6328
f 6342 6328 6434
f 6148 6136 6430
f 6430 6432 6148
f 6147 6432 6435
f 6437 6148 6435
f 6142 6147 6437
f 6435 6432 6433
f 6349 6143 6438
f 6142 6437 6439
f 6437 6435 6441
f 6442 6436 6433
f 6441 6435 6442
f 6442 6443 6440
f 6440 6438 6437
f 6438 6441 6443
f 6433 6328 6445
f 6446 6433 6445
f 6328 6418 6445
f 6328 6410 6418
f 6448 6352 6346
f 6346 6351 6448
f 6448 6351 6449
f 6352 6448 6450
f 6449 6450 6448
f 6433 6447 6442
f 6444 6442 6451
f 6451 6442 6447
f 6452 6447 6453
f 6444 6455 6439
f 6459 6439 6455
f 6444 6451 6456
f 6449 6438 6458
f 6449 6351 6438
f 6451 6462 6457
f 6460 6459 6457
f 6354 6352 6355
f 6463 6355 6352
f 6464 6352 6450
f 6449 6458 6466
f 6453 6446 6445
f 6451 6453 6467
f 6453 6445 6469
f 6467 6454 6470
f 6452 6467 6461
f 6460 6467 6470
f 6459 6462 6466
f 6358 6331 6355
f 6357 6472 6419
f 6419 6339 6358
f 6473 6416 6420
f 6463 6357 6355
f 6471 6358 6464
f 6463 6476 6471
f 6450 6476 6465
f 6475 6450 6477
f 6476 6478 6472
f 6426 6419 6480
f 6419 6472 6481
f 6445 6418 6416
f 6445 6416 6474
f 6483 6473 6420
f 6470 6453 6469
f 6445 6473 6469
f 6470 6469 6485
f 6461 6470 6486
f 6486 6470 6485
f 6468 6474 6484
f 6487 6468 6484
f 6486 6485 6489
f 6487 6485 6468
f 6364 6428 6492
f 6429 6425 6480
f 6428 6480 6493
f 6493 6492 6428
f 6420 6422 6494
f 6495 6494 6422
f 6420 6494 6484
f 6422 6427 6495
f 6496 6484 6494
f 6485 6487 6498
f 6489 6485 6498
f 6483 6497 6487
f 6498 6488 6497
f 6499 6496 6494
f 6449 6477 6450
f 6477 6449 6466
f 6475 6477 6478
f 6501 6471 6478
f 6471 6500 6482
f 6477 6466 6503
f 6502 6466 6486
f 6461 6486 6466
f 6477 6504 6478
f 6505 6479 6503
f 6506 6501 6478
f 6482 6501 6493
f 6506 6493 6501
f 6507 6503 6486
f 6508 6493 6506
f 6508 6505 6503
f 6486 6490 6507
f 6510 6508 6503
f 6510 6503 6507
f 6489 6511 6507
f 6407 6273 6269
f 6513 6272 6407
f 6512 6407 6266
f 6266 6280 6512
f 6514 6512 6280
f 6514 6280 6515
f 6517 6412 6272
f 6517 6272 6512
f 6512 6514 6517
f 6364 6492 6366
f 6517 6514 6518
f 6520 6413 6517
f 6516 6521 6514
f 6368 6366 6522
f 6518 6514 6521
f 6397 6370 6369
f 6518 6521 6523
f 6516 6280 6290
f 6516 6290 6408
f 6408 6291 6383
f 6408 6524 6516
f 6525 6524 6408
f 6525 6408 6384
f 6525 6384 6386
f 6521 6516 6524
f 6521 6524 6523
f 6527 6524 6525
f 6524 6529 6523
f 6524 6527 6530
f 6525 6385 6526
f 6532 6385 6534
f 6527 6385 6533
f 6491 6535 6366
f 6492 6536 6535
f 6493 6537 6492
f 6535 6537 6540
f 6412 6520 6427
f 6427 6520 6495
f 6494 6495 6499
f 6520 6542 6495
f 6520 6517 6519
f 6520 6518 6543
f 6542 6520 6543
f 6545 6497 6499
f 6499 6495 6542
f 6499 6542 6545
f 6366 6535 6522
f 6369 6522 6546
f 6546 6548 6369
f 6397 6369 6548
f 6397 6548 6546
f 6535 6540 6522
f 6522 6539 6549
f 6395 6547 6549
f 6546 6522 6549
f 6544 6518 6550
f 6550 6518 6523
f 6551 6542 6543
f 6545 6541 6551
f 6551 6543 6550
f 6552 6545 6551
f 6551 6550 6555
f 6555 6550 6557
f 6553 6551 6556
f 6493 6508 6537
f 6508 6510 6558
f 6560 6498 6497
f 6560 6496 6561
f 6560 6489 6498
f 6561 6497 6545
f 6489 6559 6511
f 6511 6559 6563
f 6564 6539 6538
f 6536 6508 6564
f 6508 6558 6565
f 6558 6510 6567
f 6558 6568 6565
f 6567 6509 6507
f 6511 6571 6507
f 6566 6507 6570
f 6571 6511 6572
f 6563 6560 6561
f 6511 6563 6572
f 6545 6573 6562
f 6563 6561 6573
f 6569 6549 6539
f 6569 6574 6549
f 6568 6539 6565
f 6573 6545 6554
f 6573 6553 6577
f 6556 6578 6552
f 6580 6577 6552
f 6581 6577 6580
f 6569 6558 6582
f 6566 6582 6558
f 6571 6583 6567
f 6567 6583 6582
f 6583 6585 6582
f 6572 6584 6571
f 6572 6563 6588
f 6573 6588 6563
f 6588 6573 6575
f 6582 6574 6568
f 6585 6574 6582
f 6586 6583 6589
f 6583 6572 6589
f 6581 6588 6576
f 6581 6572 6588
f 6581 6580 6590
f 6590 6591 6581
f 6581 6591 6572
f 6572 6591 6589
f 6397 6388 6370
f 6523 6528 6592
f 6593 6528 6527
f 6592 6529 6594
f 6397 6595 6394
f 6596 6592 6594
f 6523 6557 6550
f 6557 6523 6592
f 6557 6597 6556
f 6597 6557 6592
f 6597 6592 6596
f 6598 6597 6596
f 6596 6593 6532
f 6594 6527 6532
f 6402 6394 6595
f 6601 6596 6533
f 6549 6602 6397
f 6602 6603 6397
f 6549 6603 6602
f 6603 6595 6396
f 6603 6549 6574
f 6574 6604 6603
f 6603 6606 6595
f 6605 6607 6603
f 6579 6555 6597
f 6609 6578 6597
f 6599 6609 6597
f 6610 6609 6599
f 6574 6586 6605
f 6605 6585 6612
f 6611 6587 6613
f 6613 6585 6589
f 6605 6612 6615
f 6612 6613 6614
f 6579 6616 6580
f 6616 6617 6580
f 6590 6580 6617
f 6617 6591 6590
f 6617 6616 6619
f 6617 6620 6591
f 6620 6618 6619
f 6591 6620 6622
f 6622 6589 6591
f 6616 6578 6609
f 6619 6616 6609
f 6619 6609 6623
f 6621 6619 6624
f 6625 6619 6623
f 6626 6625 6623
f 6627 6402 6595
f 6600 6598 6596
f 6628 6599 6601
f 6628 6629 6599
f 6627 6595 6607
f 6627 6404 6401
f 6630 6627 6631
f 6405 6627 6630
f 6610 6599 6629
f 6608 6610 6623
f 6632 6623 6610
f 6632 6610 6629
f 5253 5924 6633
f 6633 5255 5253
f 5927 5924 5923
f 6633 5924 6634
f 6634 6636 6633
f 5253 4894 4897
f 5924 5253 4897
f 6633 5260 5255
f 6640 5262 5259
f 6640 6642 5262
f 5260 6633 6637
f 6638 6641 5261
f 5274 5262 6643
f 5279 5274 6642
f 5278 6645 6647
f 6646 5279 6643
f 6645 5277 5279
f 5924 5927 6634
f 5929 5927 5926
f 6634 5927 5928
f 5928 5966 6634
f 6635 6634 5966
f 5966 5972 6638
f 6639 6635 5970
f 6640 5970 6648
f 6651 6648 5987
f 5965 5967 5972
f 6648 5972 5987
f 5937 6647 6653
f 6653 5932 5937
f 6654 6647 6645
f 6654 6653 6647
f 5932 6653 6654
f 6656 5932 6655
f 6656 6654 6650
f 6656 6652 5987
f 6648 6643 6640
f 6644 6652 6645
f 6650 6643 6648
f 6649 6654 6646
f 5276 5274 5279
f 5977 5987 5971
f 5938 5932 6656
f 5939 6656 5982
f 6656 5987 5983
f 5332 5335 6015
f 6647 5937 6015
f 6647 6015 5336
f 5336 5277 6647
f 6607 6604 6614
f 6658 6614 6613
f 6658 6613 6589
f 6589 6622 6658
f 6615 6657 6659
f 6624 6622 6621
f 6631 6607 6615
f 6614 6660 6631
f 6607 6631 6627
f 6662 6660 6659
f 6631 6664 6630
f 6664 6667 6630
f 6661 6664 6631
f 6660 6669 6664
f 6670 6660 6663
f 6671 6670 6663
f 6657 6622 6659
f 6615 6659 6660
f 6663 6659 6671
f 6659 6622 6671
f 6672 6671 6622
f 6622 6625 6672
f 6626 6672 6625
f 6626 6623 6674
f 6674 6623 6632
f 6672 6626 6674
f 6675 6670 6671
f 6671 6672 6675
f 5807 5803 1836
f 5803 5806 5805
f 5749 6676 6677
f 4876 6676 5749
f 4875 5749 4872
f 5864 6676 4876
f 6677 6676 5868
f 5869 6676 5865
f 5888 6678 5868
f 5888 6680 6679
f 5892 6680 5888
f 5892 5888 5893
f 5864 5865 6676
f 5889 5893 5888
f 1530 1359 5742
f 6681 5742 5741
f 5742 6681 2187
f 6677 6681 5739
f 6680 2189 6683
f 6680 6684 2189
f 5749 6677 5741
f 5740 5750 5749
f 6679 2187 6681
f 6679 6682 2188
f 5869 6681 6677
f 5869 6678 6681
f 6678 6680 6683
f 6680 5892 6685
f 5896 6685 5892
f 5896 6199 6685
f 5897 6200 6199
f 6686 2089 6687
f 6688 2087 2089
f 6688 2195 2087
f 6688 2089 6686
f 6689 2195 6692
f 6689 6695 2195
f 6207 6686 6687
f 6205 6688 6686
f 6197 6207 6201
f 6207 6205 6686
f 6203 6688 6205
f 6219 6692 6688
f 6219 6690 6691
f 6226 6693 6689
f 6219 6688 6204
f 6225 6690 6221
f 6221 6689 6219
f 6227 6233 6226
f 6234 6224 6214
f 6234 6214 6216
f 4786 2111 2113
f 2112 6696 2113
f 6275 6698 6699
f 6701 2112 6697
f 6702 6697 6277
f 6232 6231 6700
f 6360 6700 6231
f 6699 6360 6276
f 6701 6277 6274
f 6696 2112 6702
f 6703 2113 6696
f 6705 6703 6696
f 6703 6707 6708
f 6374 6696 6702
f 6374 6701 6274
f 6705 6696 6374
f 6387 6703 6705
f 6703 6387 6707
f 6382 6707 6387
f 6363 6373 6274
f 6377 6704 6374
f 6378 6387 6704
f 6578 6580 6553
f 5742 2187 1531
f 6683 2179 2187
f 6682 2190 2179
f 6709 2191 2190
f 6201 2192 6709
f 6201 2193 2191
f 6687 2193 6201
f 6685 6709 2189
f 6685 6199 6709
f 6709 6198 6201
f 6687 2089 2193
f 6692 2195 6688
f 6687 6201 6207
f 6226 6232 6710
f 6694 2200 2194
f 6694 2194 2195
f 6711 2199 6695
f 6712 2204 2199
f 6710 2204 6712
f 6713 2108 2105
f 6714 2105 2204
f 6715 2204 6710
f 6712 6693 6226
f 6710 6712 6226
f 6698 2107 6713
f 6698 6715 6699
f 6714 6710 6700
f 2113 6708 4786
f 6698 2112 2108
f 2113 6703 6708
f 6699 6710 6233
f 2907 2905 5021
f 6716 2902 2906
f 6716 2908 2902
f 2906 5025 6716
f 2912 2908 6716
f 6717 2912 6716
f 6719 2914 2912
f 2937 2914 6719
f 6720 2913 6717
f 5025 2907 5022
f 5025 5026 6721
f 6721 6716 5025
f 6721 6718 6716
f 6723 6720 6717
f 6722 2936 6720
f 6724 6723 6718
f 2934 2914 2936
f 6725 2935 2936
f 6728 6725 2936
f 2936 6723 6728
f 6724 6728 6723
f 6725 2940 2938
f 2939 2935 6725
f 2940 6725 2945
f 6729 6731 6725
f 6731 2943 6726
f 2944 6730 3012
f 6732 3012 6730
f 6734 6732 6730
f 6728 6729 6727
f 6728 6735 6729
f 6738 6729 6735
f 6729 6734 6730
f 6729 6736 6734
f 6734 6738 6739
f 6740 6732 6733
f 6741 6740 6734
f 6742 6740 6741
f 6739 6741 6734
f 6721 5026 5024
f 6743 6717 6721
f 6745 6721 5024
f 6745 6744 6721
f 6746 6747 6744
f 6717 6744 6724
f 6743 6748 6724
f 6748 6744 6747
f 6745 5024 5051
f 5051 6747 6745
f 5058 6747 5051
f 6748 6749 6724
f 6751 6749 6748
f 6753 6749 6751
f 6752 6754 6749
f 6757 6749 6754
f 6759 6728 6724
f 6735 6728 6760
f 6735 6763 6737
f 6761 6764 6735
f 6758 6760 6724
f 6758 6763 6760
f 6763 6765 6736
f 6736 6765 6739
f 6765 6766 6739
f 6766 6767 6741
f 6739 6766 6741
f 6742 6741 6767
f 6766 6742 6767
f 6768 6766 6765
f 6758 6724 6749
f 6765 6763 6770
f 6758 6754 6762
f 6754 6770 6763
f 6770 6769 6765
f 3012 6772 3015
f 6740 3014 6772
f 6773 6775 3997
f 3998 3997 6775
f 6776 6774 6773
f 3142 3138 6777
f 3142 6777 6778
f 6780 6773 6782
f 6773 6780 6776
f 6779 6781 6783
f 6785 6783 6782
f 6787 6785 6782
f 6775 6776 6789
f 6792 6789 6776
f 6776 6779 6792
f 6790 6791 6794
f 6794 6797 6790
f 6783 6792 6780
f 6795 6791 6799
f 6784 6800 6792
f 6783 6801 6800
f 6802 6793 6799
f 6796 6802 6777
f 6802 6799 6804
f 6748 6747 5058
f 5058 6805 6748
f 6805 6750 6748
f 6806 5058 5185
f 5192 6806 5185
f 6807 6805 5058
f 6806 6808 5058
f 6805 6808 6809
f 6805 6811 6750
f 6811 6753 6751
f 6753 6813 6756
f 6812 6753 6815
f 6809 6811 6805
f 6810 6753 6811
f 6818 6752 6809
f 6816 6815 6753
f 5192 6819 6806
f 5192 5207 6819
f 6820 6809 6807
f 6821 6809 6819
f 5217 6819 5208
f 6819 5216 6821
f 6822 6821 5216
f 6824 6825 6821
f 6825 6809 6821
f 6825 6817 6809
f 6825 6826 6816
f 6815 6754 6813
f 6829 6755 6815
f 6829 6770 6754
f 6831 6768 6770
f 6814 6833 6829
f 6815 6817 6833
f 6831 6771 6828
f 6831 6829 6833
f 6832 6816 6826
f 6834 6833 6826
f 5233 5217 5214
f 6835 6822 5217
f 5233 6836 5217
f 6825 6822 6839
f 6826 6825 6839
f 6827 6839 6834
f 6839 6840 6834
f 6841 6837 5233
f 6842 6838 6841
f 6835 6842 6822
f 6842 6844 6824
f 6839 6823 6844
f 6841 5233 5241
f 5246 6841 5241
f 5244 6841 5246
f 6844 6843 6845
f 6844 6847 6848
f 6851 6839 6844
f 6853 6852 6844
f 6853 6844 6849
f 6854 6768 6831
f 6855 6854 6831
f 6855 6857 6854
f 6832 6856 6830
f 6855 6858 6857
f 6859 6860 6862
f 6850 6840 6839
f 6863 6840 6850
f 6865 6851 6853
f 6851 6867 6864
f 6868 6840 6864
f 6852 6866 6868
f 6868 6869 6840
f 6871 6870 6867
f 6866 6873 6867
f 6873 6872 6868
f 6834 6855 6833
f 6875 6856 6834
f 6834 6840 6875
f 6875 6858 6855
f 6876 6874 6840
f 6840 6870 6876
f 6877 6876 6870
f 6877 6870 6871
f 6880 6878 6871
f 6882 6883 6877
f 6884 6886 6888
f 6890 6891 6893
f 6894 6884 6895
f 6895 6896 6894
f 6886 6894 6897
f 6886 6885 6894
f 6898 6888 6886
f 6900 6898 6886
f 6886 6896 6902
f 6902 6900 6886
f 6905 6899 6900
f 6801 6784 6785
f 6785 6907 6801
f 6908 6801 6906
f 6908 6910 6801
f 6801 6803 6800
f 6911 6803 6801
f 6912 6802 6804
f 6803 6910 6913
f 6915 6888 6898
f 6898 6917 6915
f 6919 6915 6916
f 6899 6905 6917
f 6921 6918 6917
f 6923 6920 6922
f 6905 6921 6917
f 6925 6921 6903
f 3039 3169 3035
f 6928 3166 3164
f 6928 3162 3166
f 3163 6928 3170
f 6929 6931 6933
f 6930 6933 6934
f 6936 3174 3170
f 3215 4014 6937
f 6938 4014 6936
f 6936 3170 6940
f 4014 6942 6937
f 6943 6945 6937
f 6937 6942 6943
f 6934 6946 6930
f 6928 6949 6950
f 6941 6928 6951
f 6952 6940 6951
f 6951 6954 6953
f 6955 6936 6941
f 6956 6941 6957
f 6955 6938 6936
f 6957 6938 6956
f 6958 6941 6953
f 6958 6957 6940
f 6958 6939 6957
f 6943 6942 6938
f 6952 6960 6959
f 6943 6938 6962
f 6938 6958 6963
f 6963 6962 6938
f 6964 6965 6967
f 6968 6953 6954
f 6960 6953 6968
f 6963 6959 6961
f 6969 6968 6954
f 6970 6971 6967
f 6973 6970 6967
f 6960 6968 6975
f 6963 6960 6976
f 6975 6976 6960
f 6977 6962 6963
f 6977 6963 6976
f 6978 6967 6965
f 6978 6973 6967
f 6970 6973 6981
f 6983 6973 6978
f 6986 6979 6965
f 6981 6968 6969
f 6982 6978 6987
f 6987 6989 6984
f 6973 6990 6981
f 6981 6975 6968
f 6976 6975 6994
f 6995 6994 6975
f 6994 6977 6976
f 6984 6996 6990
f 6997 6985 6989
f 6999 6997 6989
f 6997 6996 6983
f 6996 6998 7000
f 6980 6995 6975
f 7001 6981 6992
f 7001 6995 6981
f 7002 6993 6995
f 6977 7004 6962
f 7007 6977 6994
f 6994 7008 7007
f 7002 7009 6994
f 7007 7009 7010
f 3214 3215 6937
f 3214 3212 3208
f 6944 3214 6937
f 6945 7012 3214
f 7012 3211 3214
f 7014 3217 3216
f 7017 7012 6944
f 7013 7017 7019
f 7020 3224 3220
f 3223 7020 3225
f 3222 7020 3220
f 7022 7020 7023
f 7023 7020 3222
f 7021 7022 3225
f 7022 7024 3225
f 7024 7022 7023
f 7025 7024 7023
f 7014 7027 3217
f 3217 7027 3219
f 7028 3219 7027
f 7030 7029 7027
f 7030 7031 7029
f 7032 7023 3222
f 7026 7023 7032
f 7033 6944 6943
f 6943 6962 7033
f 7035 7025 7032
f 7037 7039 7026
f 7041 7035 7028
f 7037 7025 7043
f 7043 7026 7034
f 7045 7037 7043
f 7043 7035 7046
f 7047 7045 7043
f 7048 7043 7046
f 7033 7017 6945
f 7049 7016 7033
f 7049 7018 7016
f 7050 7033 7051
f 7030 7027 7014
f 7052 7015 7019
f 7052 7030 7015
f 7031 7030 7051
f 7050 7052 7018
f 7031 7051 7053
f 7047 7055 7057
f 7057 7055 7058
f 7059 7061 7062
f 7006 7033 6962
f 7064 7051 7033
f 7064 7033 7005
f 7065 7064 7004
f 7066 7053 7051
f 7046 7068 7048
f 7068 7046 7069
f 7067 7055 7048
f 7041 7071 7070
f 7073 7055 7068
f 7073 7068 7069
f 7069 7072 7073
f 7074 7073 7075
f 7076 7073 7071
f 7077 7066 7064
f 7053 7066 7079
f 7066 7077 7079
f 6977 7007 7004
f 7007 7065 7006
f 7011 7065 7007
f 7077 7064 7065
f 7078 7076 7071
f 7081 7078 7077
f 7082 7075 7079
f 7082 7078 7081
f 7083 7065 7010
f 7083 7077 7065
f 7081 7077 7083
f 7085 7055 7073
f 7058 7055 7084
f 7084 7073 7074
f 7058 7084 7086
f 7088 7074 7076
f 7086 7084 7074
f 7090 7088 7076
f 7090 7076 7082
f 7087 7074 7093
f 7095 7087 7093
f 7093 7074 7088
f 7063 7086 7095
f 7091 7088 7090
f 7096 6996 7000
f 7098 6996 7096
f 6996 7098 6990
f 7099 7098 7097
f 7101 6991 7098
f 6999 7103 7104
f 7105 7104 7102
f 7097 6999 7104
f 7107 7104 7105
f 7109 6995 7001
f 7109 7002 6995
f 7111 6990 7100
f 7001 6992 7111
f 7114 7100 7116
f 7096 7117 7115
f 7118 7097 7104
f 7117 7104 7108
f 7117 7107 7119
f 7118 7119 7120
f 7115 7100 7096
f 7121 7117 7120
f 7118 7122 7116
f 7123 7118 7121
f 7114 7111 7099
f 7112 7124 7111
f 7111 7109 7001
f 7125 7116 7122
f 7126 7113 7116
f 7127 7114 7126
f 7125 7122 7121
f 7125 7121 7129
f 7127 7125 7129
f 7127 7129 7131
f 7114 7128 7124
f 7127 7133 7124
f 7124 7134 7111
f 7136 7110 7111
f 7136 7111 7134
f 7109 7136 7137
f 7133 7128 7131
f 7138 7133 7132
f 7141 7133 7139
f 7142 7140 7139
f 7140 7124 7133
f 7134 7124 7140
f 7144 7136 7135
f 7143 7144 7140
f 7145 7003 7109
f 7137 7145 7109
f 7147 7142 7139
f 7142 7147 7149
f 7150 7143 7148
f 7144 7142 7151
f 7153 7144 7152
f 7144 7153 7136
f 7155 7136 7154
f 7156 7153 7151
f 7105 7103 7157
f 7119 7107 7106
f 7120 7158 7121
f 7159 7158 7120
f 7160 7120 7119
f 7161 7121 7158
f 7129 7121 7161
f 7163 7129 7162
f 7161 7158 7164
f 7164 7163 7162
f 7129 7163 7132
f 7165 7130 7163
f 7165 7138 7131
f 7167 7170 7173
f 7174 7167 7175
f 7177 7174 7183
f 7184 7010 7009
f 7185 7010 7184
f 7145 7009 7002
f 7146 7184 7009
f 7145 7187 7184
f 7188 7185 7184
f 7186 7083 7010
f 7189 7083 7185
f 7190 7082 7081
f 7189 7190 7083
f 7080 7083 7190
f 7189 7186 7188
f 7189 7191 7190
f 7193 7187 7145
f 7184 7187 7188
f 7188 7187 7195
f 7196 7145 7137
f 7146 7196 7193
f 7195 7197 7188
f 7189 7188 7197
f 7197 7191 7189
f 7193 7195 7187
f 7198 7197 7194
f 7199 7062 7095
f 7170 7059 7062
f 7170 7063 7199
f 7093 7199 7095
f 7201 7199 7092
f 7094 7090 7204
f 7206 7089 7082
f 7203 7090 7206
f 7171 7170 7199
f 7172 7199 7207
f 7208 7202 7094
f 7199 7201 7209
f 7200 7209 7207
f 7207 7209 7211
f 7214 7172 7207
f 7215 7206 7082
f 7208 7091 7205
f 7211 7208 7204
f 7213 7203 7206
f 7216 7082 7190
f 7215 7082 7217
f 7206 7218 7210
f 7218 7206 7215
f 7190 7191 7217
f 7167 7171 7175
f 7175 7171 7214
f 7214 7220 7175
f 7207 7212 7219
f 7222 7214 7207
f 7183 7174 7175
f 7183 7176 7223
f 7223 7175 7221
f 7223 7222 7225
f 7227 7221 7211
f 7224 7221 7227
f 7212 7218 7227
f 7179 7182 7223
f 7229 7223 7232
f 7232 7225 7227
f 7232 7223 7225
f 7181 7223 7229
f 7230 7233 7177
f 7226 7236 7232
f 7237 7232 7236
f 7231 7237 7228
f 7240 7192 7197
f 7216 7191 7240
f 7216 7240 7215
f 7215 7240 7242
f 7197 7198 7240
f 7218 7215 7242
f 7236 7227 7218
f 7166 7244 7245
f 7147 7138 7245
f 7245 7139 7165
f 7246 7245 7243
f 7247 7246 7244
f 7246 7147 7245
f 7246 7148 7147
f 7148 7246 7248
f 7249 7246 7247
f 7251 7155 7153
f 7250 7252 7254
f 7255 7250 7247
f 7254 7148 7250
f 7149 7256 7150
f 7148 7254 7256
f 7257 7256 7254
f 7257 7254 7259
f 7259 7254 7253
f 7256 7151 7150
f 7257 7151 7256
f 7156 7151 7257
f 7251 7153 7156
f 7252 7260 7258
f 7264 7259 7260
f 7266 7261 7252
f 7267 7156 7263
f 7267 7263 7262
f 7263 7257 7259
f 7263 7156 7257
f 7268 7156 7267
f 7269 7271 7251
f 7272 7271 7270
f 7274 7260 7265
f 7267 7261 7274
f 7253 7276 7266
f 7275 7266 7276
f 7278 7274 7276
f 7278 7279 7274
f 7270 7280 7272
f 7281 7272 7280
f 7234 7285 7180
f 7286 7287 7288
f 7286 7290 7291
f 7291 7294 7286
f 7155 7196 7137
f 7296 7196 7155
f 7296 7193 7196
f 7193 7295 7298
f 7271 7296 7155
f 7299 7195 7193
f 7297 7299 7193
f 7198 7194 7299
f 7198 7299 7300
f 7299 7298 7301
f 7299 7301 7300
f 7272 7296 7271
f 7296 7273 7304
f 7304 7297 7296
f 7272 7281 7303
f 7298 7303 7302
f 7281 7301 7304
f 7305 7301 7281
f 7307 7305 7281
f 7283 7233 7308
f 7237 7233 7230
f 7310 7233 7237
f 7236 7311 7310
f 7310 7308 7235
f 7289 7309 7311
f 7308 7310 7288
f 7313 7239 7198
f 7313 7242 7239
f 7198 7300 7315
f 7236 7218 7316
f 7289 7287 7308
f 7312 7319 7288
f 7319 7311 7321
f 7321 7311 7316
f 7290 7286 7289
f 7301 7322 7300
f 7313 7300 7324
f 7322 7323 7300
f 7325 7321 7316
f 7326 7321 7325
f 7327 7288 7319
f 7290 7289 7327
f 7321 7329 7318
f 7327 7319 7329
f 7330 7323 7322
f 7331 7322 7302
f 7332 7326 7324
f 7335 7320 7326
f 7332 7324 7331
f 7337 7335 7326
f 7332 7337 7326
f 7305 7338 7301
f 7338 7331 7301
f 7331 7338 7340
f 7339 7333 7331
f 7290 7327 7343
f 7329 7341 7327
f 7335 7328 7321
f 7341 7329 7335
f 7291 7290 7344
f 7344 7290 7342
f 7344 7341 7335
f 7336 7345 7334
f 7345 7344 7334
f 7345 7346 7344
f 5244 6842 6841
f 5244 6845 6842
f 6846 6844 6845
f 5244 5555 6845
f 6846 6853 6849
f 5601 5593 7347
f 6845 7349 6846
f 7350 6846 7349
f 7351 6853 6846
f 6865 6853 7352
f 7351 6873 6865
f 6880 6871 6873
f 6873 7353 6881
f 7350 7352 6847
f 7351 7350 7354
f 6873 7351 7354
f 7354 7353 6873
f 7355 7353 7354
f 5558 6845 5556
f 5558 7349 6845
f 5560 7357 5558
f 7357 7349 5558
f 7359 7349 7358
f 7361 7349 7360
f 5601 7347 7364
f 7365 7364 7347
f 5608 5601 7364
f 7364 7365 7366
f 7348 7354 7350
f 7348 7362 7354
f 7365 7367 7368
f 7365 7368 7366
f 7362 7356 7354
f 7369 7356 7362
f 7371 7363 7359
f 7370 7361 7371
f 7372 7370 7371
f 7373 7375 6893
f 7375 7368 7367
f 7368 7375 7373
f 6891 7376 7373
f 7379 7381 7366
f 7379 7366 7368
f 7368 7374 7384
f 7373 7385 7384
f 7378 7368 7384
f 7373 7376 7385
f 7353 7356 6879
f 6878 6880 7355
f 6877 7356 7386
f 6877 7386 6882
f 6882 7386 6883
f 7387 6883 7386
f 7356 7388 7386
f 7370 7388 7355
f 7373 6892 6891
f 7390 7387 7388
f 7392 7393 7390
f 7392 7390 7389
f 7394 6891 7397
f 7394 7398 7399
f 7394 7397 7398
f 6900 6902 7401
f 7403 7401 6902
f 7404 7406 7401
f 7404 7401 7403
f 7406 6900 7401
f 6900 7408 6903
f 7409 6905 7406
f 7403 6902 7393
f 7411 7404 7402
f 7413 7402 7393
f 7413 7411 7402
f 7414 7411 7413
f 7416 7407 7405
f 7405 7418 7416
f 7418 7405 7412
f 7419 7392 7388
f 7421 7392 7419
f 7422 7419 7388
f 7394 7376 6891
f 7385 7377 7394
f 7423 7395 7399
f 7424 7413 7392
f 7420 7425 7391
f 7385 7396 7423
f 7423 7400 7427
f 7415 7428 7412
f 7429 7413 7425
f 7414 7413 7430
f 7431 7413 7429
f 7430 7429 7433
f 7432 7428 7415
f 7435 7430 7433
f 7433 7437 7435
f 7435 7437 7438
f 7425 7420 7439
f 7429 7425 7434
f 7425 7439 7433
f 7437 7433 7440
f 7433 7439 7440
f 7441 7446 7438
f 7439 7420 7440
f 7420 7447 7440
f 7440 7447 7449
f 7438 7437 7440
f 7435 7438 7451
f 7440 7441 7438
f 7448 7442 7440
f 7436 7455 7432
f 7436 7456 7455
f 7436 7457 7456
f 7461 7455 7456
f 7455 7460 7462
f 7456 7459 7461
f 7438 7446 7453
f 7464 7452 7444
f 7464 7443 7466
f 7459 7436 7452
f 7464 7459 7454
f 7469 7457 7463
f 7469 7470 7457
f 7472 7447 7420
f 7474 7447 7472
f 7461 7457 7475
f 5560 5631 7357
f 7358 5632 5635
f 7477 7357 5635
f 7477 7359 7357
f 7477 5635 7478
f 5608 7364 7479
f 7477 7480 7359
f 5608 5654 5637
f 5654 5608 7479
f 7480 7477 7478
f 7481 7371 7359
f 7372 7371 7483
f 7483 7371 7480
f 7483 7480 7484
f 7478 5635 5649
f 5649 7485 7478
f 5650 7485 5649
f 7481 7478 7487
f 5650 7488 7486
f 7491 5657 5655
f 7478 7485 7487
f 7485 7492 7487
f 7490 7492 7486
f 7493 7484 7481
f 7493 7482 7487
f 7493 7487 7492
f 7366 7381 7364
f 7479 7364 7382
f 7494 7479 7381
f 7380 7495 7381
f 7378 7383 7495
f 7496 7372 7483
f 7372 7497 7422
f 7484 7497 7483
f 7499 7383 7385
f 7383 7499 7500
f 7502 7498 7504
f 7381 7495 7494
f 7494 7495 7506
f 5654 7479 7494
f 7491 5654 7494
f 7494 7506 7507
f 7507 7506 7508
f 7493 7510 7484
f 7383 7500 7495
f 7506 7495 7501
f 7510 7497 7484
f 7511 7496 7510
f 7492 7510 7493
f 7509 7492 7512
f 7501 7513 7506
f 7512 7511 7510
f 7515 7511 7512
f 7501 7499 7516
f 7498 7502 7516
f 7513 7500 7516
f 7517 7516 7502
f 7517 7502 7518
f 7422 7370 7372
f 7422 7388 7370
f 7419 7422 7520
f 7499 7385 7423
f 7499 7423 7427
f 7521 7472 7419
f 7521 7474 7472
f 7521 7520 7523
f 7520 7521 7419
f 7524 7474 7522
f 7520 7422 7497
f 7523 7520 7497
f 7511 7523 7496
f 7527 7522 7523
f 7521 7527 7529
f 7523 7511 7527
f 7531 7511 7515
f 7531 7527 7511
f 7532 7528 7527
f 6925 6904 7409
f 7534 7535 6927
f 7537 6922 6926
f 7537 6924 6922
f 7538 6923 7537
f 7535 7537 6927
f 7539 7540 7542
f 7543 7544 7546
f 7544 7548 7549
f 7543 7548 7544
f 7545 7550 7543
f 7551 7553 7462
f 7555 7558 7552
f 7555 7552 7462
f 7555 7462 7559
f 7557 7555 7560
f 7556 7561 7560
f 7562 7475 7470
f 7461 7476 7462
f 7559 7462 7476
f 7559 7476 7562
f 7458 7471 7475
f 7563 7566 7567
f 7570 7571 7575
f 7575 7572 7576
f 7577 7578 7573
f 7569 7577 7573
f 7579 7580 7554
f 7559 7581 7555
f 7579 7554 7581
f 7559 7562 7581
f 7470 7583 7562
f 7562 7583 7581
f 7587 7584 7470
f 7588 7583 7587
f 7589 7561 7580
f 7593 7590 7580
f 7579 7592 7580
f 7579 7595 7593
f 7579 7581 7595
f 7593 7598 7600
f 7595 7598 7593
f 7582 7601 7596
f 7605 7600 7598
f 7606 7599 7596
f 7607 7609 7598
f 7604 7599 7609
f 7597 7610 7607
f 7585 7601 7581
f 7611 7601 7583
f 7583 7588 7611
f 7588 7613 7611
f 7614 7615 7611
f 7617 7614 7618
f 7615 7601 7611
f 7594 7601 7610
f 7610 7601 7615
f 7619 7610 7615
f 7616 7615 7613
f 7621 7578 7623
f 7620 7625 7626
f 7626 7578 7621
f 7626 7573 7578
f 7627 7626 7628
f 7627 7628 7630
f 7576 7571 7631
f 7626 7631 7572
f 7626 7627 7631
f 7632 7635 7627
f 7631 7627 7635
f 7635 7638 7631
f 7632 7638 7635
f 7627 7630 7632
f 7640 7633 7641
f 7625 7643 7629
f 7626 7624 7629
f 7643 7644 7628
f 7645 7609 7647
f 7646 7605 7609
f 7649 7608 7607
f 7609 7649 7647
f 7610 7649 7607
f 7648 7610 7651
f 7650 7647 7649
f 7645 7644 7604
f 7646 7652 7644
f 7654 7653 7646
f 7647 7654 7645
f 7647 7656 7654
f 7658 7657 7647
f 7658 7650 7659
f 7658 7647 7651
f 7619 7650 7610
f 7660 7650 7619
f 7616 7619 7615
f 7619 7616 7661
f 7617 7662 7661
f 7660 7619 7661
f 7661 7662 7663
f 7629 7644 7630
f 7644 7652 7630
f 7652 7633 7630
f 7652 7641 7632
f 7652 7654 7664
f 7664 7655 7657
f 7664 7641 7652
f 7657 7666 7665
f 7666 7657 7658
f 7641 7664 7667
f 7664 7669 7667
f 7667 7639 7642
f 7672 7667 7668
f 7668 7664 7666
f 7670 7666 7673
f 7674 7672 7670
f 7673 7674 7670
f 7676 7659 7661
f 7658 7659 7675
f 7666 7658 7676
f 7675 7673 7666
f 7661 7663 7676
f 7677 7673 7676
f 7663 7678 7676
f 7673 7678 7674
f 5650 5700 5702
f 5702 7489 5650
f 5715 5657 7681
f 7492 7488 7683
f 7488 5702 7682
f 7682 7684 7492
f 7687 7684 7682
f 7492 7684 7689
f 5718 5702 5701
f 5718 5701 5710
f 7691 5718 5712
f 7690 5712 5719
f 7692 7682 5702
f 7692 5703 5718
f 7690 7692 5718
f 7693 7691 5719
f 7694 5716 5715
f 7692 7686 7682
f 7696 7687 7692
f 7690 7696 7692
f 7693 7696 7690
f 5719 5716 7695
f 7696 7693 7697
f 7698 7693 5719
f 7699 7684 7686
f 7699 7686 7696
f 7698 7699 7696
f 7681 5657 7491
f 7507 7491 7494
f 7507 7680 7491
f 7700 7679 7507
f 7508 7700 7507
f 5715 7681 7694
f 7703 7698 5719
f 7703 5719 7694
f 7703 7704 7698
f 7701 7694 7680
f 7695 7700 7706
f 7508 7506 7513
f 7508 7705 7700
f 7492 7689 7512
f 7685 7707 7689
f 7512 7689 7515
f 7515 7688 7707
f 7709 7515 7707
f 7710 7684 7699
f 7697 7710 7699
f 7710 7698 7704
f 7710 7707 7684
f 7705 7703 7695
f 7710 7704 7711
f 7711 7708 7710
f 7704 7713 7711
f 7713 7704 7703
f 7711 7709 7707
f 7713 7709 7711
f 7714 7508 7513
f 7705 7508 7714
f 7716 7706 7715
f 7513 7516 7517
f 7715 7514 7517
f 7717 7715 7517
f 7717 7517 7518
f 7714 7717 7716
f 7718 7720 7716
f 7716 7703 7706
f 7722 7709 7712
f 7716 7720 7702
f 7713 7723 7722
f 7723 7713 7703
f 7720 7723 7703
f 7709 7531 7515
f 7725 7709 7722
f 7709 7725 7531
f 7532 7527 7531
f 7726 7531 7725
f 7723 7725 7722
f 7723 7721 7731
f 7724 7723 7732
f 7531 7727 7532
f 7732 7726 7725
f 7733 7734 7736
f 7268 7267 7737
f 7738 7267 7733
f 7739 7268 7738
f 7740 7270 7268
f 7742 7280 7270
f 7733 7736 7738
f 7743 7737 7736
f 7743 7739 7737
f 7744 7740 7743
f 7740 7742 7270
f 7744 7741 7739
f 7307 7281 7280
f 7306 7280 7742
f 7745 7742 7744
f 7306 7742 7746
f 7745 7746 7742
f 7747 7306 7746
f 7306 7747 7305
f 7748 7747 7746
f 7749 7747 7748
f 7734 7733 7752
f 7734 7743 7736
f 7754 7743 7734
f 7756 7758 7759
f 7761 7756 7762
f 7761 7752 7756
f 7752 7733 7757
f 7763 7734 7753
f 7763 7755 7735
f 7764 7754 7763
f 7755 7764 7765
f 7761 7762 7575
f 7766 7752 7761
f 7576 7761 7574
f 7767 7761 7576
f 7636 7768 7767
f 7770 7769 7638
f 7766 7763 7753
f 7771 7763 7766
f 7763 7771 7764
f 7764 7771 7770
f 7772 7764 7770
f 7775 7773 7770
f 7773 7775 7776
f 7754 7744 7743
f 7745 7744 7765
f 7765 7744 7754
f 7777 7745 7765
f 7777 7746 7745
f 7779 7748 7746
f 7780 7746 7778
f 7773 7765 7764
f 7772 7777 7765
f 7773 7776 7778
f 7778 7776 7779
f 7776 7782 7779
f 7784 7346 7345
f 7787 7785 7345
f 7788 7786 7791
f 7791 7786 7793
f 7750 7748 7795
f 7748 7779 7796
f 7795 7748 7796
f 7750 7795 7797
f 7797 7795 7799
f 7799 7795 7801
f 7781 7796 7780
f 7803 7794 7796
f 7803 7804 7795
f 7796 7783 7803
f 7804 7801 7794
f 7804 7806 7802
f 7800 7801 7808
f 7809 7807 7801
f 7811 7788 7791
f 7790 7792 7811
f 7812 7792 7808
f 7810 7813 7807
f 7813 7811 7792
f 7801 7806 7810
f 7815 7806 7804
f 7806 7815 7817
f 7819 7813 7820
f 7817 7819 7820
f 7810 7806 7820
f 7824 7819 7818
f 7818 7820 7805
f 7810 7820 7814
f 7750 7338 7305
f 7797 7338 7749
f 7797 7340 7338
f 7339 7798 7826
f 7751 7305 7747
f 7345 7337 7827
f 7826 7828 7332
f 7826 7332 7340
f 7332 7828 7337
f 7829 7828 7826
f 7345 7828 7786
f 7792 7828 7829
f 7799 7808 7825
f 7798 7800 7826
f 7808 7829 7826
f 7808 7792 7829
f 7792 7786 7828
f 7767 7576 7631
f 7767 7631 7637
f 7636 7830 7770
f 7774 7770 7831
f 7830 7638 7634
f 7830 7632 7639
f 7832 7830 7639
f 7832 7774 7830
f 7833 7782 7774
f 7776 7774 7781
f 7833 7639 7667
f 7667 7834 7833
f 7832 7835 7781
f 7836 7834 7672
f 7836 7672 7838
f 7782 7834 7836
f 7836 7804 7781
f 7804 7836 7815
f 7671 7834 7667
f 7674 7838 7672
f 7839 7838 7674
f 7841 7674 7678
f 7843 7674 7842
f 7843 7842 7845
f 7843 7840 7674
f 7836 7837 7816
f 7815 7837 7839
f 7840 7843 7846
f 7818 7815 7839
f 7846 7823 7817
f 7839 7846 7818
f 7803 7781 7804
f 7847 4171 7849
f 7847 7850 4171
f 7851 7850 7852
f 7850 7851 7853
f 7852 7850 7847
f 7852 7847 7855
f 7856 6742 6766
f 6768 7857 6766
f 7860 7851 7852
f 7852 7855 7858
f 6854 7856 6768
f 7861 6787 7856
f 7861 7856 6854
f 6740 7862 3016
f 3016 7862 3898
f 7862 3900 3899
f 7864 7862 6742
f 6772 3012 6740
f 6740 3012 6732
f 6742 7862 6740
f 7866 3039 7867
f 3926 7867 3039
f 7867 3926 7869
f 3930 7870 3928
f 7869 3928 7871
f 3928 7869 3926
f 7863 3901 7862
f 7864 6773 3997
f 3901 7864 3997
f 3998 6775 6789
f 6742 7872 7864
f 6773 7864 7872
f 6782 6773 7872
f 3995 3999 6790
f 6798 3995 6790
f 6797 3139 3995
f 6798 6777 3140
f 7873 7875 4216
f 7873 4216 4223
f 4223 7876 7874
f 7857 7872 6742
f 6787 7872 7856
f 6782 7872 6788
f 7878 7876 4223
f 7880 7873 7876
f 6798 6794 6777
f 7851 7881 7853
f 6807 6806 6819
f 7881 7851 7883
f 7884 7859 7885
f 7882 7851 7860
f 6854 6857 7861
f 7886 6788 7861
f 7860 7888 7882
f 7861 6857 7889
f 7889 7886 7861
f 7890 7886 7889
f 7890 7891 7886
f 6857 7892 7889
f 6860 7890 7893
f 7893 7894 6860
f 7895 7896 7880
f 7898 7895 7880
f 7880 7901 7903
f 6859 7905 7891
f 7890 6859 7891
f 7890 6860 6859
f 7899 7880 7902
f 7895 7898 7906
f 7902 7906 7899
f 7881 5794 7853
f 5794 7907 7853
f 7908 5794 7881
f 5592 7907 5794
f 7908 7881 7882
f 5794 7909 7347
f 7882 7910 7908
f 7367 7910 7882
f 7882 7911 7367
f 7908 7910 7365
f 7365 7910 7367
f 7367 7911 7375
f 7912 6893 7375
f 6858 6875 6876
f 6858 7892 6857
f 7892 6858 6876
f 6876 7913 7892
f 7915 7889 7892
f 7893 7889 7915
f 7893 7890 7889
f 7917 7893 7914
f 7913 7915 7892
f 6895 7917 7915
f 6876 6878 7913
f 7913 6877 6883
f 7918 6895 7913
f 7918 7913 6883
f 7921 7896 7922
f 6862 6860 7894
f 7923 6862 7894
f 7917 7894 7893
f 7923 7894 7917
f 6885 7916 6895
f 7917 6885 7924
f 7924 7923 7917
f 7923 7924 7925
f 6887 7924 6885
f 7922 7896 7895
f 7927 7922 7895
f 7927 7895 7906
f 6892 7911 7928
f 7930 7918 7387
f 6890 7919 7922
f 6889 7922 7397
f 7397 6891 6890
f 7922 7927 7397
f 7927 7398 7397
f 7918 6896 6895
f 7930 6896 7918
f 6896 7929 6902
f 7886 6785 6786
f 7886 6906 6785
f 6908 6907 7886
f 7932 6911 6908
f 7932 6913 6911
f 7933 6913 7932
f 6912 6914 7934
f 6804 6914 6912
f 7891 6908 7886
f 7935 6909 7891
f 7935 7936 6908
f 7938 7935 7939
f 7938 7937 7935
f 7904 7940 7935
f 7905 7935 7891
f 7904 7941 7940
f 7943 7941 7904
f 7942 7944 7941
f 7941 7938 7939
f 7945 7938 7941
f 7944 7945 7941
f 7937 7932 6908
f 7938 7932 7937
f 7946 7932 7938
f 7938 7945 7946
f 7945 7948 7946
f 7951 7948 7945
f 6859 7943 7904
f 6861 7942 6859
f 6862 7952 7943
f 7943 7952 7944
f 7953 7944 7952
f 7954 7952 6862
f 7956 7953 7952
f 7955 7952 7954
f 7944 7957 7945
f 7951 7945 7957
f 7953 7957 7944
f 7960 7950 7957
f 7957 7953 7962
f 7953 7956 7961
f 7958 7962 7960
f 7933 7931 7947
f 7933 7946 7964
f 7947 7948 7964
f 7969 7965 7948
f 7970 6912 7934
f 7934 7963 7970
f 7970 7963 7972
f 7963 7966 7972
f 6912 7971 7974
f 7973 7970 7972
f 7977 7972 7966
f 7980 7967 7948
f 7982 7976 7966
f 7981 7968 7979
f 7951 7984 7949
f 7984 7951 7959
f 7980 7948 7984
f 7983 7986 7980
f 7982 7979 7988
f 7990 7981 7988
f 7979 7985 7987
f 7984 7960 7986
f 7923 7954 6861
f 7926 7956 7954
f 7926 7954 7923
f 7992 7955 7926
f 7961 7956 7992
f 7993 7959 7961
f 7995 7961 7991
f 7995 7992 7996
f 7998 7962 7995
f 7999 7993 7961
f 7991 7925 7924
f 7992 7924 6915
f 6888 6915 7924
f 6915 7997 7992
f 8001 7999 7995
f 7996 8001 7995
f 7993 7986 7960
f 7986 7994 8003
f 7993 7999 8005
f 8005 7999 8001
f 8008 8005 8001
f 8005 8010 7993
f 8010 8003 7993
f 8002 8013 7985
f 8011 8014 8004
f 6919 7996 6915
f 8008 8000 7996
f 6919 8008 7996
f 6924 8016 8009
f 6920 6923 8009
f 8016 8007 8009
f 8016 8018 8006
f 8012 8021 8014
f 8018 8011 8006
f 8022 8012 8018
f 8026 8022 8018
f 8027 8022 8026
f 8028 8027 8026
f 3039 7865 3169
f 6933 3169 7866
f 3168 6949 3165
f 3168 3169 6949
f 8030 6933 7865
f 6933 6931 3169
f 3169 6932 6948
f 8030 6934 6933
f 3165 6949 6928
f 6928 6940 3170
f 8029 7865 7867
f 8031 7867 7869
f 8030 8032 6934
f 8031 8030 7867
f 8032 8030 8031
f 7869 8033 8031
f 8033 7868 7871
f 8033 7871 8035
f 6936 4014 3174
f 4014 6938 6942
f 6946 6931 6930
f 8036 6948 6931
f 6931 6946 8036
f 6951 6947 8036
f 8037 8036 6946
f 6954 6951 8036
f 8038 6954 8036
f 8031 8033 8032
f 8039 6934 8032
f 8032 8033 8039
f 8039 8033 8040
f 8043 8033 8034
f 8040 8033 8042
f 8040 8041 8034
f 8037 6946 6935
f 8045 8037 6934
f 8045 6934 8039
f 8040 8046 8039
f 8048 8039 8046
f 8040 8034 8046
f 8048 8049 8051
f 8048 8046 8050
f 8044 8053 8037
f 8053 8036 8037
f 8048 8052 8039
f 8038 8036 8053
f 6964 8038 8053
f 8054 8045 8039
f 6971 6954 8038
f 8055 8053 8039
f 8055 8039 8057
f 6964 6971 8038
f 6969 6954 6972
f 6964 8053 8055
f 8058 8039 8052
f 8057 8039 8059
f 8061 8059 8052
f 8061 8052 8049
f 8049 8063 8061
f 6967 6971 6964
f 8056 8057 8065
f 6964 8056 6965
f 6966 8056 8065
f 8060 8061 8066
f 8065 8057 8059
f 8061 8070 8067
f 8070 8072 8067
f 6987 6965 8065
f 8065 8060 8067
f 8067 8073 8065
f 8073 8068 8075
f 8075 8067 8072
f 8074 6987 8065
f 6989 6987 8073
f 7103 8073 8075
f 6974 6983 6992
f 8073 6999 6988
f 6999 8073 7102
f 7870 3930 3924
f 4035 7871 3924
f 8077 4034 4040
f 8079 4034 8076
f 4035 8078 7871
f 8080 8079 8076
f 8076 4041 4042
f 4039 4042 4041
f 3203 3225 4042
f 8082 8076 4043
f 7012 3216 3211
f 7012 7015 3216
f 7014 7012 7018
f 4042 3225 7024
f 8082 4042 7024
f 8082 7024 8084
f 7024 7026 7038
f 8085 7024 7039
f 7028 3222 3219
f 7028 7032 3222
f 8078 8035 7871
f 8088 8034 8078
f 8086 8079 8080
f 8047 8034 8050
f 8049 8034 8087
f 8080 8089 8086
f 8089 8092 8086
f 8081 8076 8082
f 8093 8080 8083
f 8081 8093 8089
f 7039 7037 8085
f 8094 8082 8085
f 7037 8094 8084
f 8094 8093 8082
f 7034 7032 7028
f 7045 8094 7036
f 8095 8094 7044
f 7031 7042 7028
f 7031 7053 7041
f 7046 7034 7041
f 8063 8049 8088
f 8064 8071 8061
f 8062 8096 8069
f 8072 8070 8100
f 8096 8100 8069
f 8063 8088 8098
f 8091 8090 8093
f 8101 8093 8095
f 8092 8093 8102
f 8093 8094 8095
f 8104 8102 8095
f 7056 8095 7045
f 7047 7056 7045
f 8104 8095 7057
f 8099 8086 8092
f 8103 7056 7058
f 8105 8101 8104
f 8075 8072 8100
f 8100 8108 8075
f 8110 8075 8106
f 8106 8100 8098
f 8098 8113 8107
f 8106 8113 8110
f 8114 7103 8075
f 8114 8075 8110
f 7157 7102 8114
f 8116 8114 8109
f 7157 8114 8116
f 8112 8115 8110
f 8117 8111 8118
f 8120 8097 8092
f 8111 8099 8120
f 8092 8101 8105
f 8120 8092 8105
f 8105 8104 7058
f 8105 8122 8120
f 7061 8105 7058
f 7086 7060 7058
f 7063 7060 7087
f 8111 8120 8118
f 8123 8119 8121
f 8123 8105 7061
f 8124 8119 8122
f 7060 8125 8123
f 7060 7059 8125
f 7051 7064 7066
f 7041 7069 7046
f 7053 7071 7040
f 7078 7071 7054
f 7134 7140 7144
f 7155 7137 7136
f 7143 7150 7151
f 8116 8126 7157
f 7105 7157 8126
f 7105 8128 7119
f 8128 7105 8126
f 8126 8116 8130
f 8130 8127 8126
f 8129 8117 8118
f 7119 8127 8131
f 7160 7119 8131
f 8133 7158 7160
f 8131 8127 8130
f 8132 8133 7160
f 8131 8134 8133
f 8135 8129 8119
f 8137 8129 8136
f 8118 8125 8135
f 7059 7167 8125
f 8139 8136 8125
f 7059 7170 7169
f 8130 8138 8131
f 8138 8134 8131
f 8137 8136 8139
f 8139 8124 7168
f 8139 7167 8143
f 7164 7158 8133
f 7164 8144 7163
f 8134 8146 8133
f 7164 8133 8146
f 7164 8146 8145
f 8145 8147 8148
f 7163 8150 7165
f 8150 7163 8144
f 8151 8144 8152
f 8145 8148 8152
f 8146 8134 8153
f 8149 8146 8153
f 8137 8139 8142
f 7174 8143 7167
f 8153 8134 8138
f 8138 8155 8154
f 8155 8138 8140
f 8157 8148 8154
f 8152 8149 8157
f 8157 8154 8156
f 8158 8157 8155
f 8158 8155 8140
f 7177 8142 7174
f 7178 8159 8141
f 7284 8158 7178
f 7166 8150 7244
f 8150 7247 7243
f 8150 8152 7255
f 8160 7255 8152
f 7247 8150 7255
f 7255 8162 7249
f 7252 7250 8162
f 8163 7255 8164
f 8165 8166 8163
f 7251 7271 7155
f 8161 8152 8157
f 8164 8161 8167
f 8167 8161 8168
f 8169 8161 8157
f 8157 8158 8170
f 8170 8168 8157
f 7255 8160 8164
f 8172 8165 8167
f 8166 8164 8172
f 8168 8172 8167
f 7279 7277 8173
f 8174 7279 8173
f 8174 8176 7279
f 8176 8175 8177
f 8177 8175 8179
f 8177 8179 8182
f 8162 8173 7253
f 8162 8166 8173
f 7252 8173 7276
f 7251 7156 7268
f 8173 7278 7276
f 7267 7274 7733
f 7270 7251 7268
f 8179 8166 8172
f 8166 8174 8173
f 8175 8166 8179
f 8183 8184 8172
f 8184 8179 8172
f 8182 8180 8184
f 8170 8158 7282
f 8170 7284 8185
f 7308 8186 7283
f 8172 8168 8189
f 8185 8168 8171
f 8189 8169 8185
f 7287 8188 7308
f 7287 7286 8188
f 8189 8183 8172
f 8189 8190 8183
f 8190 8189 8187
f 8191 8188 7293
f 7294 8186 7286
f 8193 8191 7294
f 8184 8183 8195
f 8191 8192 8196
f 8199 8195 8183
f 8190 8199 8183
f 8197 8191 8196
f 8194 7293 8201
f 8201 7292 7291
f 8193 8201 8196
f 8201 7291 7346
f 8201 8202 8196
f 8201 7346 8205
f 7310 7238 7236
f 7317 7218 7242
f 7316 7311 7236
f 7325 7316 7241
f 7325 7242 7314
f 7326 7325 7313
f 7315 7323 7326
f 7346 7291 7344
f 5593 5794 7347
f 7365 7347 7908
f 7388 7387 7386
f 6883 7387 7918
f 7930 7387 7390
f 7393 7930 7390
f 7413 7393 7392
f 7393 6901 7930
f 8206 7416 7418
f 7546 7407 7416
f 8206 7545 7417
f 7420 7419 7472
f 7412 7428 7418
f 8206 7418 7428
f 8208 7428 7455
f 8208 8206 7428
f 8206 8208 7546
f 8208 7455 7462
f 8209 7449 7447
f 7428 7432 7455
f 7474 8209 7447
f 6927 7410 7534
f 8212 7536 7534
f 7535 7538 7537
f 7535 8213 7538
f 8213 8215 7538
f 7545 7410 7407
f 7410 7545 7534
f 7544 7534 7546
f 8216 7535 8210
f 8216 8217 7535
f 8217 8214 7535
f 8216 8220 8218
f 8219 8220 8214
f 7544 8211 7534
f 7549 8216 8212
f 7549 8211 7544
f 8216 7549 8220
f 7538 8017 6924
f 8215 8017 7538
f 8220 8222 8214
f 8223 8214 8222
f 8225 8222 8220
f 8215 8018 8016
f 8227 8018 8215
f 8227 8028 8018
f 8028 8026 8018
f 8228 8028 8227
f 8228 8231 8028
f 8028 8231 8027
f 7542 8231 8228
f 8223 8227 8215
f 8214 8224 8215
f 8232 8227 8224
f 8232 8228 8227
f 8221 8234 8224
f 8234 8232 8224
f 7539 8228 8232
f 7542 8228 7539
f 8232 8235 7539
f 8235 7565 7539
f 8236 7545 8208
f 7553 8207 7462
f 7553 8236 8208
f 7550 7545 8237
f 8237 8239 7550
f 8239 8236 7553
f 7552 8238 7553
f 7557 8239 7552
f 8238 7557 7550
f 7561 7550 7557
f 7550 8241 7543
f 7547 7543 8242
f 8242 7550 7561
f 7557 7560 7561
f 7547 8225 7549
f 8220 7549 8225
f 8225 8233 8221
f 8244 8234 8225
f 7547 8246 8225
f 8226 8245 8244
f 8248 8244 8245
f 8248 8249 8243
f 8251 8252 7561
f 8247 7547 8242
f 8248 8246 8254
f 8241 8252 8246
f 8253 8254 8246
f 8253 8240 7561
f 8255 8256 8252
f 8256 8248 8254
f 8257 8248 8256
f 8258 8250 8248
f 8248 8257 8258
f 8254 8252 8256
f 8233 8235 8232
f 8233 8244 8235
f 7567 7565 8235
f 8249 8235 8244
f 8235 8250 7568
f 8260 8261 8262
f 8260 8263 8264
f 8264 7578 7577
f 8260 8265 7570
f 7577 7569 8265
f 8260 7574 7762
f 7575 8260 7570
f 8266 8256 8255
f 8258 8257 8268
f 8249 8259 8271
f 8258 8268 8273
f 8274 8259 8272
f 8270 8259 8274
f 8257 8256 8266
f 8266 8267 8257
f 8267 8266 8275
f 8275 8277 8267
f 8275 8278 8277
f 8267 8279 8273
f 8279 8274 8272
f 8267 8277 8279
f 8280 8274 8279
f 8250 8271 7567
f 7563 7567 8269
f 8282 7564 8271
f 7563 8281 8284
f 8271 8274 8283
f 8280 8283 8274
f 8285 8283 8280
f 8285 8284 8282
f 8284 8285 8286
f 8288 8285 8280
f 8292 8295 8296
f 8298 8299 8262
f 8262 8297 8264
f 8262 8261 8298
f 8263 8301 8297
f 8297 8300 8302
f 8302 8292 8296
f 8303 8302 8299
f 8278 8295 8277
f 8278 8265 8295
f 8297 8293 8265
f 8265 8278 7623
f 7622 8278 8276
f 7578 8265 7623
f 8293 8279 8277
f 8279 8294 8291
f 8288 8280 8291
f 8305 8285 8288
f 8285 8305 8307
f 8308 8305 8289
f 8306 8305 8313
f 8311 8288 8302
f 8304 8309 8302
f 8304 8314 8315
f 8310 8312 8305
f 8312 8311 8315
f 8310 8304 8315
f 7589 8251 7561
f 7555 7580 7561
f 8251 7589 7591
f 7600 8251 7593
f 8317 8252 8251
f 8320 8317 8251
f 8317 8255 8252
f 8321 8323 8318
f 8255 8317 8323
f 7600 8319 8251
f 8319 8321 8317
f 8324 8266 8255
f 8324 8322 8325
f 8326 8266 8324
f 8266 8325 8275
f 7604 8319 7600
f 8321 8319 7602
f 7643 8325 8321
f 8321 7603 7643
f 8275 8325 7624
f 7625 7623 8275
f 7624 8325 7643
f 7644 7643 7603
f 7624 7621 7623
f 7733 7274 8329
f 8328 7275 7279
f 7279 7758 8329
f 7733 8327 7758
f 7758 7756 7733
f 7758 7279 8330
f 8176 8178 8331
f 8330 8176 8332
f 8332 8176 8331
f 8330 7279 8176
f 8181 8334 8177
f 8331 8178 8334
f 7758 8335 7759
f 7759 8335 8337
f 8337 8332 8339
f 8298 8261 8338
f 8337 8339 8261
f 8331 8341 8338
f 8330 8335 7758
f 8336 8330 8332
f 8333 8337 8335
f 8332 8331 8338
f 8334 8340 8331
f 7762 7759 8342
f 7762 7757 7760
f 8342 8337 8261
f 8342 7759 8337
f 8260 8342 8261
f 7762 8342 8260
f 7761 7767 7766
f 7766 7767 7769
f 7768 7771 7766
f 7771 7769 7770
f 8184 8343 8182
f 8334 8182 8343
f 8343 8184 8195
f 8341 8334 8343
f 8344 8341 8343
f 8346 8343 8195
f 8345 8343 8346
f 8346 8195 8348
f 8349 8354 8346
f 8341 8298 8338
f 8341 8344 8298
f 8344 8355 8298
f 8346 8354 8344
f 8353 8355 8344
f 8356 8351 8358
f 8359 8361 8363
f 8365 8359 8362
f 8364 8352 8356
f 8363 8355 8354
f 8363 8360 8355
f 8363 8353 8365
f 8357 8358 8367
f 8368 8364 8357
f 8368 8370 8364
f 8367 8368 8356
f 8367 8371 8368
f 8372 8370 8369
f 8374 8371 8367
f 8195 8198 8347
f 8350 8200 8196
f 8377 8196 8202
f 8350 8196 8376
f 8376 8351 8350
f 8352 8375 8358
f 8358 8375 8202
f 8358 8202 8381
f 8380 8202 8383
f 8358 8379 8366
f 8205 8203 8201
f 8384 8203 8205
f 7346 7785 8204
f 8383 8203 8384
f 8204 7785 8384
f 8384 7785 8382
f 8374 8367 8380
f 8373 8378 8383
f 8385 8373 8383
f 8386 8387 8374
f 8386 8383 7785
f 8386 7785 7787
f 7788 8385 7787
f 8387 8386 7789
f 8355 8299 8298
f 8361 8304 8299
f 8301 8355 8360
f 8304 8360 8314
f 8359 8314 8360
f 8314 8359 8388
f 8314 8390 8315
f 8389 8393 8316
f 8388 8359 8365
f 8370 8391 8364
f 8395 8392 8370
f 5797 1558 4167
f 5797 4167 8397
f 4167 4168 8397
f 8398 5798 5797
f 5801 8397 4168
f 3757 3764 4171
f 4171 3764 7848
f 7848 3764 4175
f 4175 3764 3762
f 4176 7847 7848
f 4175 3770 4176
f 4175 4176 7848
f 4176 4172 8400
f 8401 4173 4212
f 4169 4171 7850
f 7847 4176 7855
f 7854 4176 8400
f 8399 5801 5798
f 4168 4169 8402
f 5801 4168 8402
f 8402 4169 7850
f 8402 7907 5801
f 7853 7907 8402
f 7850 7853 8402
f 8401 4212 8403
f 8403 8404 8401
f 7885 7855 8400
f 8405 7885 8400
f 8406 8405 8403
f 8404 8406 8407
f 8407 8406 8408
f 7854 7885 7860
f 7884 7885 8404
f 8407 7884 8404
f 7875 8408 8406
f 7880 8408 7875
f 7880 7876 7900
f 8403 4212 4213
f 4213 4211 4217
f 8406 4213 4217
f 7875 4217 4216
f 4213 8406 8403
f 8406 4217 7875
f 4216 4215 4223
f 4225 8410 4224
f 4225 4227 8410
f 8410 4227 8411
f 4224 8409 7879
f 8410 8411 7879
f 7875 7873 7880
f 7907 5800 5801
f 5592 5799 7907
f 7884 8407 7919
f 7888 7860 7884
f 7920 7888 7884
f 7887 7919 7928
f 8407 8408 7897
f 8408 7880 7896
f 7919 8407 7896
f 7882 7888 7911
f 7911 7888 7928
f 7913 6895 7915
f 7919 6890 7928
f 6893 7928 6890
f 8280 8279 8291
f 8288 8290 8302
f 8412 4513 4515
f 4514 8414 8412
f 8415 8414 4516
f 8417 8414 8415
f 8418 8413 8417
f 8420 8416 8421
f 8422 8419 8421
f 8423 8422 8421
f 8424 8423 8421
f 4550 4552 8425
f 8426 8425 4552
f 8427 8426 4552
f 8428 8429 8430
f 1960 1961 8431
f 1960 8431 6249
f 1961 4545 8431
f 4545 4550 8431
f 8431 4550 8432
f 8431 8432 6250
f 6250 8432 8433
f 4549 8436 8432
f 4549 8425 8436
f 8437 6256 6250
f 8437 6250 8433
f 8432 8435 8433
f 8438 8439 8433
f 8433 8439 8437
f 6256 8437 8439
f 8441 6256 8439
f 8435 8443 8434
f 8443 8436 8428
f 8430 8443 8428
f 8438 8433 8442
f 8438 8442 8430
f 8444 4560 4556
f 4552 4551 4560
f 8448 4552 4559
f 8449 4552 8448
f 4558 8447 8448
f 8450 8448 8444
f 8412 8446 4512
f 4512 4555 4557
f 8445 4556 4512
f 8412 8451 8444
f 8450 8447 8451
f 4552 8449 8428
f 8448 8429 8449
f 8428 8449 8429
f 8450 8453 8448
f 8454 8453 8450
f 8429 8448 8452
f 8429 8456 8430
f 8455 8429 8453
f 8457 8450 8451
f 8451 8412 8458
f 8458 8412 8414
f 8459 8451 8458
f 8459 8460 8451
f 8459 8458 8462
f 6256 8441 6281
f 6281 8441 6294
f 6294 8440 8463
f 6286 6282 6295
f 8464 8439 8438
f 8439 8464 8441
f 8430 8464 8438
f 8463 8441 8464
f 8466 8464 8430
f 8463 6296 6295
f 8463 8467 6296
f 8467 8463 8470
f 8464 8470 8463
f 8469 8464 8466
f 8454 8455 8453
f 8456 8454 8471
f 8456 8465 8430
f 8471 8465 8456
f 8472 8471 8454
f 8457 8472 8450
f 8472 8454 8450
f 8461 8457 8451
f 8473 8457 8461
f 8473 8472 8457
f 8466 8471 8472
f 8475 8472 8473
f 8418 8462 8414
f 8462 8420 8422
f 8477 8474 8459
f 8478 8459 8462
f 8423 8478 8462
f 8423 8462 8422
f 8473 8461 8459
f 8472 8480 8466
f 8472 8475 8481
f 8472 8481 8480
f 8483 8478 8423
f 8475 8478 8484
f 8485 8423 8424
f 8483 8423 8485
f 4589 8486 4596
f 8486 8487 4596
f 8486 8489 8487
f 3142 6778 3143
f 6778 4592 3144
f 4595 4590 4592
f 8490 4595 4592
f 8486 4594 8490
f 6778 8490 4592
f 4589 4593 8486
f 8491 8492 8489
f 8493 8488 8489
f 8494 8495 8496
f 8495 8491 8489
f 8486 8490 8497
f 8497 8496 8486
f 8497 8490 6778
f 8497 6778 8498
f 8498 6778 6777
f 8496 8489 8486
f 8495 8489 8496
f 8494 8496 8497
f 4597 8499 4599
f 4602 4600 4596
f 4601 4596 8487
f 8493 4602 8487
f 8499 4597 4602
f 8500 4599 8499
f 8502 8500 8499
f 4602 8493 8499
f 8501 8499 8493
f 8500 4514 4599
f 8415 4514 8500
f 8504 8500 8501
f 8491 8501 8493
f 8491 8495 8506
f 8500 8504 8415
f 8415 8504 8421
f 8421 8417 8415
f 8505 8495 8494
f 8506 8494 8507
f 8494 8497 8498
f 6777 8508 8498
f 8509 8498 8508
f 8509 8494 8498
f 8507 8494 8509
f 8507 8510 8506
f 8507 8512 8511
f 8491 8506 8503
f 8501 8506 8514
f 8504 8515 8421
f 8515 8504 8503
f 8515 8503 8514
f 8424 8421 8515
f 8516 8514 8513
f 8510 8514 8506
f 8513 8514 8510
f 8518 8424 8515
f 8515 8513 8518
f 8519 8522 8523
f 8525 8526 8528
f 8529 8530 8532
f 8533 8534 8528
f 8535 8536 8538
f 8536 8539 8521
f 8537 8536 8519
f 8541 8534 8542
f 8530 8541 8542
f 8535 8538 8545
f 8540 8530 8529
f 8546 8541 8529
f 8547 8546 8529
f 8550 8528 8534
f 8550 8534 8546
f 8551 8552 8554
f 8555 8552 8551
f 8553 8555 8545
f 8534 8541 8546
f 8558 8535 8544
f 8560 6382 6381
f 6385 6297 8468
f 6385 8470 8561
f 6385 8467 8469
f 8465 8562 8470
f 8563 6381 6380
f 8564 6381 8563
f 6534 6386 8561
f 8565 8566 8564
f 8568 8570 8565
f 8568 8565 8564
f 8562 8466 8480
f 8562 8571 8573
f 8562 8561 8470
f 8561 8562 8575
f 8578 8482 8475
f 8480 8481 8578
f 8578 8475 8483
f 8522 8485 8424
f 8522 8424 8523
f 8579 8483 8581
f 8578 8581 8583
f 8586 8580 8483
f 8581 8587 8582
f 8588 8484 8485
f 8485 8522 8589
f 8589 8522 8519
f 8590 8485 8592
f 8590 8588 8485
f 8589 8519 8539
f 8539 8592 8589
f 8593 8592 8539
f 8592 8485 8589
f 8586 8483 8588
f 8590 8585 8588
f 8594 8479 8578
f 8583 8594 8578
f 8480 8594 8571
f 8571 8562 8479
f 8595 8570 8568
f 8596 8598 8595
f 8564 8563 8600
f 8601 8569 8564
f 8599 8601 8564
f 8600 8603 8601
f 8603 8605 8601
f 6403 8563 6379
f 8561 6532 6534
f 8574 8606 8561
f 8606 6533 8561
f 6403 8599 8563
f 8600 6403 6406
f 8595 8568 8596
f 8571 8607 8572
f 8602 8604 8568
f 8596 8568 8604
f 8609 8572 8607
f 8574 8562 8572
f 6406 8603 8600
f 8611 8606 8577
f 8603 8615 8617
f 6406 8615 8603
f 8618 8596 8605
f 8619 8596 8618
f 8604 8603 8618
f 8620 8598 8596
f 8617 8618 8603
f 8621 8576 8572
f 8621 8613 8574
f 8621 8573 8609
f 8612 8622 8623
f 8622 8613 8621
f 8625 8621 8610
f 8625 8609 8627
f 8628 8629 8630
f 8629 8597 8631
f 8531 8628 8631
f 8629 8595 8598
f 8632 8587 8580
f 8632 8583 8587
f 8633 8580 8586
f 8586 8634 8632
f 8632 8634 8636
f 8536 8593 8539
f 8593 8590 8592
f 8637 8591 8638
f 8639 8637 8638
f 8536 8638 8593
f 8638 8536 8639
f 8639 8536 8535
f 8638 8590 8593
f 8590 8637 8586
f 8586 8637 8635
f 8635 8637 8641
f 8531 8631 8529
f 8529 8631 8642
f 8630 8644 8643
f 8631 8597 8644
f 8647 8644 8597
f 8647 8598 8620
f 8635 8641 8649
f 8641 8637 8639
f 8641 8639 8650
f 8556 8640 8535
f 8639 8558 8651
f 8571 8594 8583
f 8607 8571 8584
f 8583 8633 8608
f 8636 8608 8633
f 8636 8634 8652
f 8610 8607 8626
f 8627 8608 8636
f 8652 8627 8636
f 8653 8513 8507
f 8655 8654 8507
f 8655 8507 8509
f 8656 8655 8509
f 8657 8659 8662
f 8660 8667 8669
f 8659 8668 8661
f 8671 8668 8666
f 8670 8667 8672
f 8673 8675 8677
f 8679 8663 8668
f 8679 8668 8680
f 8681 8668 8671
f 8676 8681 8671
f 8679 8681 8682
f 8676 8673 8681
f 8683 8657 8684
f 8683 8655 8656
f 8679 8686 8664
f 8687 8683 8684
f 8687 8685 8686
f 8682 8686 8679
f 8689 8513 8653
f 8690 8653 8655
f 8690 8689 8653
f 8513 8689 8517
f 8523 8518 8689
f 8424 8518 8523
f 8691 8692 8689
f 8695 8655 8683
f 8655 8693 8691
f 8537 8692 8655
f 8692 8523 8689
f 8523 8692 8519
f 8520 8692 8537
f 8697 8681 8674
f 8697 8682 8681
f 8699 8696 8673
f 8698 8674 8700
f 8701 8688 8686
f 8702 8704 8701
f 8688 8694 8683
f 8704 8695 8688
f 8686 8682 8701
f 8682 8697 8701
f 8697 8703 8701
f 8554 8694 8704
f 8554 8704 8706
f 8553 8694 8554
f 8706 8704 8703
f 8699 8708 8697
f 8697 8708 8703
f 8703 8708 8709
f 8709 8706 8703
f 8709 8710 8705
f 8710 8709 8711
f 8715 8716 8708
f 8708 8699 8714
f 8716 8709 8707
f 8710 8554 8706
f 8717 8554 8710
f 8717 8710 8720
f 8710 8713 8720
f 8720 8721 8717
f 8721 8719 8712
f 8721 8712 8722
f 8722 8713 8723
f 8724 8709 8716
f 8725 8716 8715
f 8724 8716 8725
f 8709 8724 8712
f 8723 8712 8724
f 8715 8698 8726
f 8725 8714 8727
f 8552 8655 8694
f 8544 8655 8552
f 8545 8538 8655
f 6531 8606 8728
f 6600 6532 8728
f 6600 8728 6628
f 8728 8729 6628
f 8729 8731 6628
f 8728 8606 8611
f 6629 6628 8731
f 8730 6632 6629
f 6632 8732 8733
f 8623 8728 8613
f 8623 8729 8728
f 7398 8734 8735
f 8735 8734 8736
f 7400 7398 8735
f 8527 8524 8736
f 8735 8736 8738
f 8738 8736 8524
f 8739 8735 8738
f 8743 8737 8524
f 8745 8747 8750
f 8753 8751 8746
f 8755 8718 8721
f 8756 8755 8721
f 8758 8756 8761
f 8757 8755 8756
f 8762 8754 8757
f 8764 8769 8771
f 8773 8774 8776
f 8771 8777 8775
f 8775 8780 8783
f 8777 8771 8785
f 8747 8777 8786
f 8747 8744 8777
f 8771 8783 8764
f 8772 8774 8783
f 8772 8769 8786
f 8765 8758 8761
f 8781 8760 8765
f 8762 8759 8782
f 8778 8763 8782
f 8787 8763 8778
f 8788 7399 8735
f 8739 8789 8735
f 7427 7399 8789
f 7427 8790 8791
f 8739 8738 8740
f 8793 8739 8743
f 8789 8739 8794
f 8790 8794 8791
f 8794 8739 8793
f 7448 8796 7441
f 8795 7450 8798
f 8799 8795 8798
f 8209 8798 7449
f 8799 8798 8801
f 8209 8801 8797
f 8801 8209 8803
f 7445 7442 7465
f 7468 7441 8795
f 8805 7465 8808
f 7467 8806 8809
f 7468 8795 8808
f 7463 8809 7469
f 7467 8809 7463
f 8809 8810 7469
f 8805 8807 8811
f 8799 8808 8795
f 8800 8812 8808
f 8812 8813 8804
f 8801 8815 8812
f 8749 8805 8814
f 8749 8814 8745
f 8812 8799 8801
f 8753 8809 8806
f 8806 8751 8753
f 8779 8803 8817
f 8787 8778 8818
f 8820 8817 8803
f 8817 8820 8821
f 8824 8787 8816
f 8818 8823 8826
f 8741 8525 8828
f 8550 8828 8525
f 8548 8529 8643
f 8546 8830 8550
f 8550 8829 8828
f 8546 8549 8829
f 8831 8829 8548
f 8528 8550 8525
f 8832 8555 8762
f 8787 8832 8762
f 8832 8833 8555
f 8557 8544 8834
f 8836 8544 8555
f 8834 8544 8836
f 8833 8836 8555
f 8835 8837 8834
f 8828 8839 8741
f 8840 8792 8742
f 8840 8827 8841
f 8842 8828 8830
f 8842 8829 8844
f 8844 8829 8831
f 8846 8842 8844
f 8824 8832 8787
f 8833 8832 8847
f 8826 8849 8847
f 8852 8838 8836
f 8833 8847 8851
f 8850 8853 8833
f 8853 8836 8833
f 7505 7498 7427
f 8854 7426 8791
f 8854 7503 7426
f 7526 8855 7473
f 8858 8854 8791
f 8857 8791 8794
f 8794 8793 8861
f 8860 8857 8794
f 8854 8858 8864
f 8861 8867 8857
f 8855 8869 7474
f 8870 8820 8869
f 8870 8869 8856
f 8821 8820 8872
f 8870 8872 8819
f 8873 8822 8871
f 8873 8824 8823
f 8874 8872 8870
f 8856 8874 8870
f 8876 8873 8871
f 7505 8879 7502
f 8854 8879 7505
f 8879 8854 8864
f 7530 8855 7525
f 7528 7526 7521
f 8881 8855 7530
f 7519 7502 8879
f 8882 7518 8879
f 8883 8885 7532
f 8885 8880 7528
f 8886 8885 8883
f 8857 8888 8863
f 8857 8865 8888
f 8889 8864 8888
f 8879 8864 8889
f 8882 8879 8889
f 8890 8882 8889
f 8891 8882 8890
f 8888 8890 8889
f 8888 8892 8890
f 8894 8891 8890
f 8891 8895 8896
f 8894 8890 8892
f 8856 8881 8874
f 8881 8885 8898
f 8898 8874 8881
f 8898 8885 8887
f 8872 8874 8877
f 8886 8899 8898
f 8899 8900 8898
f 8899 8902 8901
f 8900 8903 8898
f 8900 8902 8905
f 8905 8906 8909
f 8907 8896 8909
f 8900 8912 8903
f 8904 8912 8900
f 8905 8913 8911
f 8913 8905 8910
f 8862 8792 8914
f 8914 8792 8839
f 8866 8859 8914
f 8840 8917 8915
f 8917 8839 8841
f 8842 8918 8917
f 8919 8841 8846
f 8848 8825 8873
f 8873 8920 8850
f 8878 8920 8873
f 8920 8921 8851
f 8922 8923 8920
f 8924 8921 8920
f 8925 8851 8921
f 8853 8849 8925
f 8926 8927 8853
f 8925 8926 8852
f 8928 8921 8924
f 8928 8925 8921
f 8930 8888 8867
f 8931 8868 8916
f 8931 8929 8868
f 8929 8931 8932
f 8935 8929 8933
f 8893 8888 8930
f 8937 8892 8930
f 8893 8939 8895
f 8937 8896 8894
f 8935 8936 8929
f 8917 8931 8915
f 8932 8931 8917
f 8917 8918 8941
f 8932 8917 8940
f 8933 8941 8943
f 8922 8920 8876
f 8934 8933 8944
f 8946 8947 8923
f 8948 8912 8951
f 8950 8953 8955
f 8912 8913 8958
f 8958 8951 8912
f 8960 8954 8952
f 8952 8956 8960
f 8909 8958 8913
f 8908 8897 8962
f 8908 8962 8959
f 8957 8908 8960
f 8934 8963 8938
f 8897 8936 8963
f 8945 8964 8935
f 8965 8954 8961
f 8965 8960 8946
f 8960 8962 8946
f 8897 8966 8962
f 8946 8924 8965
f 8943 8944 8932
f 8962 8966 8968
f 8963 8944 8943
f 8947 8928 8924
f 8928 8947 8969
f 8968 8947 8962
f 8968 8969 8947
f 8968 8971 8969
f 8966 8897 8963
f 8962 8947 8946
f 6668 8615 6406
f 8973 8614 6668
f 8974 6665 8975
f 8617 8977 8618
f 8618 8977 8620
f 8978 8976 8616
f 8977 8980 8620
f 8980 8976 8981
f 8981 8977 8978
f 8973 8616 8615
f 8625 8622 8621
f 8982 8622 8625
f 8982 8625 8983
f 8984 8622 8982
f 8986 8622 8984
f 8978 8617 8974
f 8987 8978 8974
f 8984 8988 8986
f 8990 8987 8973
f 8978 8993 8981
f 8981 8993 8995
f 8997 8995 8993
f 8997 8998 8994
f 9001 9003 8987
f 9001 8987 8990
f 9004 9001 9007
f 8993 8978 8987
f 9002 8992 8987
f 8989 8985 9011
f 8988 9014 9015
f 9004 9003 9001
f 9004 9016 9017
f 9018 9019 9020
f 9022 9015 9018
f 9018 9015 9014
f 9018 9014 9019
f 9016 9021 9018
f 9003 8997 8993
f 9002 9004 8997
f 9024 8997 9004
f 9023 9004 9017
f 9017 9016 9020
f 9018 9020 9016
f 9025 8643 8644
f 9025 9026 8643
f 8547 8643 9027
f 9027 8831 8549
f 9029 9026 9025
f 9028 9025 9030
f 8644 8645 9025
f 8646 8979 9025
f 8980 9031 9025
f 8620 8980 8647
f 9032 8648 9033
f 9035 9033 8649
f 9039 8650 8558
f 9038 8557 8834
f 8834 8838 9039
f 9035 9038 9040
f 8641 8650 9037
f 9035 8641 9039
f 8648 8641 9035
f 9028 8831 9027
f 8843 8831 9043
f 9028 9043 8831
f 9032 9033 9045
f 9028 9031 9046
f 9048 9050 9045
f 8927 8838 8852
f 9041 9037 8837
f 8927 9052 8837
f 8926 9052 8927
f 8838 9052 9042
f 8926 9053 9052
f 9036 9041 9058
f 9058 9042 9052
f 9057 9034 9035
f 9045 9033 9057
f 9059 9044 9057
f 9054 9059 9052
f 9058 9052 9059
f 9047 9045 9059
f 8983 8627 8652
f 8652 8635 8648
f 9061 8983 8652
f 9061 9063 8983
f 9061 9064 9063
f 9032 8652 8649
f 9060 8652 9032
f 9064 9061 9032
f 8983 8625 8626
f 8982 8983 9063
f 9062 9013 8982
f 9013 8984 8982
f 8998 8980 8981
f 9031 8980 8999
f 9064 9032 9045
f 9065 9064 9050
f 9046 9030 8998
f 9000 8981 8996
f 8998 8997 9066
f 8997 9068 9067
f 8997 9024 9069
f 9024 9070 9069
f 9044 9050 9064
f 9071 9065 9051
f 9074 9071 9051
f 9075 9076 9077
f 9076 9074 9050
f 9065 9063 9064
f 9019 9010 9079
f 9065 9011 9063
f 9079 9011 9065
f 9011 9014 8988
f 9014 9012 9019
f 9017 9020 9080
f 9081 9020 9019
f 9078 9071 9080
f 9081 9019 9079
f 9017 9070 9024
f 9081 9082 9017
f 9082 9070 9017
f 9071 9082 9081
f 9082 9077 9070
f 9077 9082 9073
f 9072 9079 9065
f 9074 9082 9071
f 8846 8844 9043
f 9083 8846 9043
f 8845 9085 8918
f 8941 8918 9086
f 9086 9088 8941
f 9085 8846 9083
f 9090 9086 9083
f 9090 9089 9086
f 9087 9090 9091
f 9092 9046 9095
f 9096 9043 9028
f 9083 9043 9096
f 9092 9083 9096
f 9097 9028 9046
f 9046 9092 9097
f 9098 9092 9068
f 9100 9103 9108
f 9090 9084 9092
f 9091 9090 9099
f 9098 9090 9092
f 9054 8926 9109
f 8926 8925 9109
f 8928 9109 8925
f 9055 9109 9111
f 9113 9110 9109
f 9114 9115 9112
f 9108 9118 9091
f 9121 9114 9112
f 9124 9112 8971
f 9125 9114 9122
f 9106 9125 9119
f 8971 8928 8969
f 9109 8928 8970
f 8971 9113 9109
f 9110 9059 9056
f 9111 9047 9059
f 9126 9128 9047
f 9116 9127 9047
f 9100 9128 9126
f 9127 9104 9101
f 9049 9111 9116
f 9091 9098 9108
f 9116 9110 9113
f 9125 9116 9114
f 9104 9126 9116
f 9102 9116 9125
f 9106 9105 9125
f 8941 9087 8942
f 8963 8943 9088
f 9091 8964 9088
f 9119 8963 9091
f 8966 8964 9118
f 8967 8966 9120
f 8967 9123 8972
f 8967 9119 9122
f 9117 9125 9124
f 9046 9000 9095
f 9095 9069 9092
f 9093 9000 9066
f 9094 9066 9069
f 9100 9077 9076
f 9051 9128 9076
f 9128 9101 9076
f 9070 9108 9069
f 9098 9069 9106
f 9077 9108 9070
f 9107 9077 9101
f 9128 9051 9047
f 8748 9129 8753
f 9130 8721 8722
f 8761 8756 9130
f 8721 9130 8756
f 8761 9130 8766
f 9130 9131 8765
f 9131 9130 8722
f 8722 9135 9131
f 8725 9137 8724
f 9137 9142 8724
f 9143 8723 8724
f 8723 9144 8722
f 9133 8722 9143
f 9144 9145 9133
f 8768 8767 9147
f 8746 8784 9148
f 8770 9148 8784
f 9148 9129 8748
f 9147 9148 8768
f 9129 9149 9152
f 9148 9147 9155
f 9155 9129 9148
f 9149 9129 9154
f 9147 9132 9136
f 8767 9132 9147
f 9136 9156 9147
f 9153 9147 9156
f 9156 9149 9153
f 9134 9146 9156
f 9139 9158 9145
f 7541 7539 7565
f 7565 9161 7540
f 9156 9146 9162
f 9163 9162 9157
f 9146 9157 9162
f 9152 8809 8752
f 7587 7469 8810
f 7587 7470 7469
f 9152 8810 8809
f 7586 8810 9152
f 9129 9151 8752
f 7587 9150 9164
f 9164 9150 9166
f 9152 9149 9166
f 9166 9149 9167
f 9149 9156 9167
f 9168 9165 9170
f 9166 9170 9165
f 9167 9156 9162
f 9167 9162 9163
f 9163 9172 9174
f 9173 9176 9163
f 9167 9163 9177
f 9177 9163 9176
f 9177 9176 9178
f 9167 9170 9166
f 9170 9167 9183
f 9182 9167 9177
f 9177 9184 9181
f 9181 9186 9170
f 7563 9160 7565
f 9187 9177 9178
f 9177 9187 9184
f 9184 9187 9188
f 9189 9181 9184
f 9189 9185 9180
f 9184 9188 9191
f 9191 9189 9184
f 9193 9189 9191
f 9191 9188 9194
f 9195 9197 9194
f 9198 9194 9197
f 9200 9202 9204
f 9194 9199 9191
f 9192 9190 9198
f 7588 7587 9165
f 7612 7588 9168
f 9168 7588 9165
f 7618 7613 9168
f 9169 9170 9185
f 7616 7618 9206
f 9206 7662 7616
f 7618 9169 9207
f 9185 9206 9169
f 9208 7662 9209
f 9210 9206 9186
f 9209 9210 9193
f 7662 9207 9209
f 9210 9209 9206
f 9189 9210 9185
f 9192 9210 9189
f 9208 9212 7663
f 9213 9209 9193
f 9213 9208 9209
f 9213 9212 9208
f 7842 7663 9211
f 9212 9215 7841
f 9211 9213 9214
f 9198 9197 9203
f 9199 9203 9217
f 9193 9199 9217
f 9193 9216 9213
f 9216 9201 9218
f 9213 9218 9214
f 9213 9217 9218
f 9216 9203 9200
f 7662 9208 7663
f 7678 7663 7842
f 7717 7518 9220
f 7518 8882 9220
f 9222 9220 8882
f 9223 7719 9221
f 7720 7719 9222
f 7730 7720 9222
f 8882 8891 9223
f 7729 9222 8891
f 7727 8883 7533
f 8886 8883 7726
f 7732 8886 7727
f 9224 7723 7730
f 7732 7723 9224
f 7732 9226 8887
f 9224 9226 7732
f 7728 8902 9225
f 9227 9224 8902
f 8907 8902 7729
f 8907 7730 8891
f 8907 8891 8896
f 8899 8887 9226
f 8899 9226 8902
f 8907 8905 8902
f 6630 6406 6404
f 6666 6406 6630
f 8975 6667 6664
f 8623 9229 8729
f 8733 8732 8729
f 9228 8733 8729
f 9233 6632 8733
f 6669 8975 6664
f 9235 8975 6669
f 6670 6669 6660
f 6675 9236 6670
f 9235 6669 6670
f 6675 9237 9238
f 9232 9239 9237
f 6675 9238 9240
f 9240 9236 6675
f 9235 6670 9236
f 8991 8974 8975
f 9235 8990 8975
f 9008 9234 9236
f 8733 9242 9231
f 9229 9242 8733
f 9238 9233 9242
f 9008 9236 9240
f 9242 9244 9238
f 9021 9006 9240
f 9238 9021 9241
f 9244 9021 9238
f 6673 9237 6672
f 6632 9232 6673
f 9237 6675 6672
f 9237 6673 9232
f 8986 8623 8622
f 9229 8624 8986
f 8986 9245 9228
f 9242 9230 9245
f 8986 8988 9245
f 9243 9245 9244
f 9245 9246 9244
f 9246 9245 8988
f 9001 8990 9235
f 9234 9008 9001
f 9244 9015 9022
f 9015 9244 9246
f 9005 9006 9016
f 9016 9009 9022
f 9015 9246 8989
f 9205 9247 9248
f 9200 9205 9248
f 9249 9248 9251
f 9200 9248 9250
f 9249 9251 9252
f 9249 9252 9253
f 9253 9252 9255
f 7819 7821 9253
f 7819 9257 7811
f 9253 9254 9256
f 9253 9256 7819
f 7814 7819 7811
f 9214 9219 9259
f 7844 9258 7843
f 9259 9219 9260
f 7842 9214 7845
f 7844 9214 9259
f 9219 9201 9249
f 9219 9249 9260
f 9259 9253 7824
f 7846 9259 7822
f 7846 7843 9259
f 9261 9250 9253
f 9259 9260 9253
f 4734 4732 4780
f 4781 9262 4734
f 9264 9262 4781
f 7900 7876 7878
f 7878 9266 7900
f 9262 9263 9268
f 8426 8435 8425
f 8428 8435 8426
f 4781 4741 9270
f 8462 8458 8414
f 8565 9274 9275
f 8560 6707 6382
f 9263 4781 9276
f 4781 9269 9272
f 4780 9274 9277
f 8473 8477 8476
f 9279 9281 9282
f 7879 8411 9284
f 7877 9284 9286
f 6777 8509 8508
f 8509 6777 9287
f 7900 9266 7903
f 7902 9266 9289
f 9288 9265 9292
f 9292 9293 9288
f 9268 9295 9296
f 9297 8533 9291
f 9296 9301 9302
f 9295 9298 9296
f 8543 9302 9300
f 7902 9304 7906
f 9303 7902 9289
f 9291 8533 9293
f 9304 9289 8527
f 9293 8533 8528
f 7398 7927 8734
f 8734 7927 7906
f 8734 7906 9304
f 8734 9304 8736
f 8736 9304 8527
f 8526 9288 9293
f 8528 8526 9293
f 9301 8532 8530
f 9297 8534 8533
f 9297 8542 8534
f 8530 8542 9299
f 8717 8551 8554
f 9273 8565 9276
f 8570 9276 8565
f 8595 9278 8570
f 6381 8567 8560
f 8564 8566 6381
f 9305 9268 9263
f 9294 9267 9305
f 9305 9263 9277
f 9295 9305 8629
f 9305 8595 8629
f 8629 8628 9294
f 8595 9305 9276
f 8532 9301 9295
f 8532 9295 8628
f 9287 6777 6802
f 6802 6912 9307
f 9306 9287 6802
f 6912 7975 9307
f 8658 8509 9287
f 9308 9306 7974
f 9307 8656 9287
f 9309 7974 7972
f 9308 7974 9311
f 9311 7974 9309
f 8667 9308 9310
f 7978 9309 7972
f 9309 7978 8672
f 8672 9311 9309
f 8665 9310 8672
f 8672 7976 9312
f 8672 9312 8671
f 8659 9307 9308
f 9307 8659 8657
f 8659 9308 8665
f 7981 7989 7978
f 7978 7989 9313
f 7989 7988 9313
f 9313 7988 8675
f 9312 8676 8671
f 8677 8676 7987
f 8663 8685 8657
f 8686 8685 8663
f 7985 8013 7987
f 8013 8678 7987
f 8704 8688 8701
f 8013 8002 9314
f 9314 8677 8013
f 8678 9314 8674
f 8002 8015 9314
f 9315 9314 8015
f 9314 8700 8673
f 9314 9317 8700
f 9315 8015 8019
f 9319 9316 9315
f 9317 8726 8700
f 9314 9315 9316
f 8726 8698 8700
f 9317 9318 8726
f 8715 8726 9320
f 8022 8020 8012
f 8019 8023 9315
f 8023 9319 9315
f 9321 9319 8025
f 8231 8024 8027
f 9321 8023 8230
f 8727 8714 9320
f 9320 8726 9319
f 9324 8727 9320
f 9321 9320 9319
f 8762 8717 8754
f 8814 8776 8744
f 8815 8773 8776
f 8773 8779 8774
f 8209 7474 9325
f 8209 9325 8803
f 8820 8803 9325
f 9325 8869 8820
f 8814 8801 8773
f 8779 8773 8802
f 8803 8773 8801
f 8763 8551 8717
f 8555 8551 8762
f 8824 8847 8832
f 7474 8869 9325
f 7528 7532 8884
f 8898 8903 8874
f 8903 8877 8874
f 8903 8948 8875
f 8903 8911 8948
f 8949 8922 8876
f 8965 8922 8949
f 8923 8922 8965
f 8955 8965 8949
f 8724 9140 9143
f 9145 9143 9140
f 8229 9326 9321
f 8231 7542 9330
f 9334 9321 9328
f 9321 9334 9320
f 9332 9323 9320
f 9327 9335 9331
f 9337 9333 9336
f 9338 9322 9333
f 9342 9336 9329
f 9322 9338 9343
f 7540 9330 7542
f 9330 7541 9339
f 9159 9339 7541
f 9344 9338 9336
f 9345 8725 8727
f 9323 9345 8727
f 9158 9141 9137
f 9137 8725 9345
f 9171 9157 9138
f 9157 9171 9163
f 9138 9347 9172
f 9346 9347 9138
f 9347 9346 9349
f 9349 9322 9343
f 9349 9346 9322
f 9174 9172 9347
f 9350 9347 9349
f 9176 9347 9351
f 9176 9174 9347
f 9179 9175 9351
f 9179 9351 9187
f 9353 9340 9160
f 9343 9336 9341
f 9355 9342 9352
f 9354 9343 9342
f 9343 9355 9356
f 9357 9356 9355
f 9358 9355 9352
f 9349 9343 9356
f 9360 9348 9356
f 9350 9348 9361
f 9159 7563 9353
f 9352 9363 9358
f 9353 7563 9362
f 9358 9364 9356
f 8284 8286 7563
f 7563 8286 9362
f 9368 9362 8287
f 8287 8285 8306
f 9370 9358 9363
f 9363 9366 9370
f 9365 9358 9370
f 9364 9370 9373
f 9376 9377 9365
f 9375 9365 9380
f 9350 9359 9382
f 9356 9365 9359
f 9382 9360 9364
f 9382 9365 9377
f 9350 9382 9187
f 9382 9188 9187
f 9188 9382 9377
f 9188 9377 9376
f 9368 8287 8306
f 9366 9384 9371
f 9383 8306 8313
f 9367 8306 9383
f 9370 9369 9371
f 9373 9378 9365
f 8315 9383 8312
f 9385 9372 9384
f 9385 9386 9387
f 9386 8316 8394
f 9373 9385 9387
f 9373 9387 9379
f 9386 9388 9387
f 9389 9388 9386
f 9195 9375 9381
f 9390 9195 9381
f 9390 9197 9196
f 9390 9379 9387
f 9391 9390 9387
f 9391 9197 9390
f 9391 9387 9388
f 9391 9388 9389
f 9391 9389 9247
f 9204 9391 9247
f 9197 9391 9202
f 9391 9205 9203
f 9188 9374 9195
f 9188 9196 9194
f 8394 8391 8396
f 8394 8395 9392
f 8394 9392 9394
f 8394 9394 9386
f 9389 9386 9393
f 8395 9396 9392
f 9392 9396 9393
f 9397 9393 9395
f 9397 9396 9398
f 8395 8370 9396
f 9396 8370 8372
f 9400 8372 8374
f 9396 8371 9400
f 9400 9398 9396
f 9389 9393 9397
f 9247 9389 9397
f 9247 9397 9251
f 9251 9248 9247
f 9398 9251 9397
f 9252 9251 9398
f 9398 9255 9252
f 9254 9399 9256
f 9400 8374 8387
f 9398 9400 8387
f 7788 7811 8387
f 9257 9398 8387
f 8387 7811 9256
f 4734 9262 4739
f 9401 4791 4738
f 9402 4791 9401
f 9404 9402 9401
f 9296 9403 9401
f 9262 9401 4738
f 9405 9406 9407
f 9406 9405 9404
f 9286 9407 9408
f 9407 9406 9408
f 9262 9267 9401
f 9401 9268 9296
f 9302 9404 9296
f 9406 9404 9302
f 6708 4783 4786
f 8560 4783 6708
f 4785 4784 9409
f 4783 8560 9409
f 9275 9271 4785
f 4741 4785 9270
f 6708 6706 8560
f 8559 8566 9409
f 9275 4785 9410
f 8566 9275 9409
f 9274 9270 9275
f 8566 8565 9275
f 4798 9281 4795
f 9279 4795 9281
f 9280 4227 4795
f 8411 4228 9279
f 9281 4797 9411
f 9411 4796 4791
f 4791 9402 9411
f 9283 9281 9411
f 9284 8411 9280
f 9285 9279 9283
f 9283 9412 9402
f 9402 9405 9283
f 9405 9402 9404
f 9285 9283 9407
f 9407 9282 9405
f 9286 9284 9407
f 9286 9265 7879
f 9291 9286 9408
f 9290 9265 9286
f 9408 9297 9292
f 9297 9408 9406
f 9302 8542 9406
f 9297 9406 8543
f 8316 9385 9384
f 8316 9386 9385
