# exported from mesh.npz by build_env/build_object_urdf.py
# mesh coordinates preserved (origin convention goal_traj tracks)
mtllib visual.mtl
v 0.003450 -0.036760 -0.065282
v 0.013542 -0.037207 -0.063963
v 0.011971 -0.033138 -0.014448
v 0.003050 -0.032756 -0.012875
v -0.005871 -0.032367 -0.012873
v -0.006642 -0.036319 -0.065280
v -0.014792 -0.031970 -0.014442
v -0.016734 -0.035885 -0.063956
v 0.028438 -0.023551 -0.065216
v 0.035886 -0.016734 -0.063861
v 0.031722 -0.015040 -0.014357
v 0.025138 -0.021081 -0.012817
v 0.018555 -0.027113 -0.012847
v 0.020990 -0.030376 -0.065250
v 0.036767 0.003457 -0.065081
v 0.037208 0.013542 -0.063709
v 0.032891 0.011723 -0.014223
v 0.032501 0.002794 -0.012697
v 0.032112 -0.006127 -0.012742
v 0.036326 -0.006635 -0.065131
v 0.023558 0.028444 -0.064956
v 0.016734 0.035885 -0.063597
v 0.016734 0.035885 -0.063597
v 0.014792 0.031474 -0.014124
v 0.014792 0.031474 -0.014124
v 0.020825 0.024882 -0.012587
v 0.026858 0.018299 -0.012620
v 0.030383 0.020997 -0.064993
v -0.003450 0.036773 -0.064914
v -0.013542 0.037207 -0.063590
v -0.011971 0.032642 -0.014118
v -0.003050 0.032245 -0.012550
v 0.005871 0.031855 -0.012552
v 0.006642 0.036332 -0.064916
v -0.028438 0.023565 -0.064980
v -0.035886 0.016734 -0.063693
v -0.031722 0.014544 -0.014209
v -0.025138 0.020569 -0.012608
v -0.018555 0.026602 -0.012578
v -0.020990 0.030389 -0.064946
v -0.036767 -0.003444 -0.065115
v -0.037208 -0.013542 -0.063845
v -0.032891 -0.012219 -0.014343
v -0.032501 -0.003306 -0.012728
v -0.032112 0.005615 -0.012683
v -0.036326 0.006648 -0.065065
v -0.023558 -0.028431 -0.065241
v -0.020825 -0.025394 -0.012839
v -0.026858 -0.018810 -0.012806
v -0.030383 -0.020983 -0.065203
v -0.006543 -0.035772 -0.067126
v 0.003399 -0.036206 -0.067128
v 0.012443 -0.034172 -0.067118
v -0.015376 -0.032957 -0.067112
v 0.020680 -0.029917 -0.067096
v 0.028017 -0.023193 -0.067063
v 0.032973 -0.015360 -0.067024
v 0.035789 -0.006527 -0.066979
v 0.036223 0.003415 -0.066929
v 0.034188 0.012459 -0.066884
v 0.029933 0.020695 -0.066843
v 0.023210 0.028033 -0.066806
v 0.015376 0.032989 -0.066781
v 0.015376 0.032989 -0.066781
v 0.006543 0.035804 -0.066767
v -0.003399 0.036238 -0.066765
v -0.012443 0.034203 -0.066775
v -0.020680 0.029949 -0.066797
v -0.028017 0.023225 -0.066830
v -0.032973 0.015391 -0.066869
v -0.035789 0.006559 -0.066914
v -0.036223 -0.003383 -0.066964
v -0.034188 -0.012427 -0.067009
v -0.029933 -0.020663 -0.067050
v -0.023210 -0.028001 -0.067087
v 0.010876 -0.030140 -0.012020
v 0.002967 -0.031871 -0.012087
v -0.005710 -0.031493 -0.012085
v -0.013438 -0.029078 -0.012015
v 0.028819 -0.013698 -0.011938
v 0.024451 -0.020515 -0.012030
v 0.018047 -0.026383 -0.012059
v 0.029880 0.010615 -0.011816
v 0.031612 0.002707 -0.011913
v 0.031233 -0.005970 -0.011957
v 0.013438 0.028558 -0.011726
v 0.013438 0.028558 -0.011726
v 0.020255 0.024191 -0.011806
v 0.026123 0.017787 -0.011838
v -0.010875 0.029620 -0.011721
v -0.002967 0.031352 -0.011770
v 0.005711 0.030973 -0.011772
v -0.028819 0.013178 -0.011803
v -0.024451 0.019995 -0.011827
v -0.018047 0.025863 -0.011797
v -0.029880 -0.011135 -0.011925
v -0.031612 -0.003226 -0.011943
v -0.031233 0.005451 -0.011900
v -0.020255 -0.024710 -0.012051
v -0.026123 -0.018307 -0.012019
v 0.002846 -0.030597 -0.010437
v 0.010419 -0.028893 -0.010428
v 0.010194 -0.028284 -0.008448
v 0.002785 -0.029951 -0.008456
v -0.005479 -0.030233 -0.010435
v -0.005360 -0.029596 -0.008455
v -0.012874 -0.027876 -0.010423
v -0.012596 -0.027289 -0.008443
v 0.023459 -0.019701 -0.010382
v 0.027608 -0.013142 -0.010349
v 0.027012 -0.012874 -0.008371
v 0.022952 -0.019291 -0.008403
v 0.017315 -0.025331 -0.010411
v 0.016941 -0.024799 -0.008431
v 0.030329 0.002578 -0.010271
v 0.028625 0.010151 -0.010233
v 0.028007 0.009916 -0.008257
v 0.029674 0.002507 -0.008294
v 0.029966 -0.005747 -0.010312
v 0.029318 -0.005638 -0.008335
v 0.019433 0.023190 -0.010167
v 0.012874 0.027340 -0.010147
v 0.012874 0.027340 -0.010147
v 0.012596 0.026734 -0.008172
v 0.012596 0.026734 -0.008172
v 0.019013 0.022673 -0.008193
v 0.025063 0.017047 -0.010198
v 0.024521 0.016663 -0.008223
v -0.002846 0.030061 -0.010133
v -0.010419 0.028357 -0.010142
v -0.010194 0.027729 -0.008167
v -0.002785 0.029396 -0.008159
v 0.005479 0.029697 -0.010135
v 0.005360 0.029040 -0.008161
v -0.023459 0.019165 -0.010188
v -0.027608 0.012606 -0.010221
v -0.027012 0.012318 -0.008245
v -0.022952 0.018735 -0.008212
v -0.017315 0.024795 -0.010159
v -0.016941 0.024243 -0.008185
v -0.030329 -0.003114 -0.010299
v -0.028625 -0.010687 -0.010337
v -0.028007 -0.010471 -0.008359
v -0.029674 -0.003063 -0.008322
v -0.029966 0.005211 -0.010258
v -0.029318 0.005082 -0.008281
v -0.019433 -0.023726 -0.010403
v -0.019013 -0.023229 -0.008423
v -0.025063 -0.017583 -0.010372
v -0.024521 -0.017218 -0.008393
v 0.010194 -0.028304 -0.004590
v 0.002785 -0.029971 -0.004599
v -0.005360 -0.029615 -0.004597
v -0.012596 -0.027309 -0.004585
v 0.027012 -0.012893 -0.004513
v 0.022952 -0.019310 -0.004545
v 0.016941 -0.024818 -0.004573
v 0.028007 0.009896 -0.004399
v 0.029674 0.002487 -0.004436
v 0.029318 -0.005658 -0.004477
v 0.012596 0.026714 -0.004315
v 0.012596 0.026714 -0.004315
v 0.019013 0.022654 -0.004335
v 0.024521 0.016643 -0.004365
v -0.010194 0.027709 -0.004310
v -0.002785 0.029376 -0.004301
v 0.005360 0.029021 -0.004303
v -0.027012 0.012298 -0.004387
v -0.022952 0.018716 -0.004355
v -0.016941 0.024224 -0.004327
v -0.028007 -0.010491 -0.004501
v -0.029674 -0.003082 -0.004464
v -0.029318 0.005063 -0.004423
v -0.019013 -0.023249 -0.004565
v -0.024521 -0.017238 -0.004535
v -0.005144 0.033261 -0.018386
v -0.005144 0.033261 -0.018386
v -0.005144 0.033261 -0.018386
v -0.005144 0.033261 -0.018386
v -0.005144 0.036217 -0.018105
v -0.005144 0.036217 -0.018105
v -0.005144 0.036217 -0.018105
v -0.005144 0.036550 -0.019624
v -0.005144 0.036550 -0.019624
v -0.005144 0.033407 -0.019921
v -0.005144 0.033407 -0.019921
v -0.005144 0.033407 -0.019921
v -0.005144 0.036820 -0.022465
v -0.005144 0.036820 -0.022465
v -0.005144 0.033676 -0.022762
v -0.005144 0.033676 -0.022762
v -0.005144 0.033676 -0.022762
v -0.005144 0.036778 -0.024018
v -0.005144 0.036778 -0.024018
v -0.005144 0.036778 -0.024018
v -0.005144 0.033821 -0.024298
v -0.005144 0.033821 -0.024298
v -0.005144 0.033821 -0.024298
v -0.005144 0.033821 -0.024298
v -0.000000 0.032981 -0.015429
v -0.000000 0.032981 -0.015429
v -0.000000 0.032981 -0.015429
v -0.000000 0.032981 -0.015429
v -0.000000 0.035937 -0.015149
v -0.000000 0.035937 -0.015149
v -0.000000 0.035937 -0.015149
v -0.001336 0.036197 -0.015899
v -0.001336 0.036197 -0.015899
v -0.001336 0.036197 -0.015899
v -0.001336 0.033054 -0.016197
v -0.001336 0.033054 -0.016197
v -0.001336 0.033054 -0.016197
v -0.001336 0.033054 -0.016197
v -0.003808 0.036332 -0.017320
v -0.003808 0.036332 -0.017320
v -0.003808 0.033188 -0.017618
v -0.003808 0.033188 -0.017618
v -0.003808 0.033188 -0.017618
v 0.005144 0.033261 -0.018386
v 0.005144 0.033261 -0.018386
v 0.005144 0.033261 -0.018386
v 0.005144 0.033261 -0.018386
v 0.005144 0.036217 -0.018105
v 0.005144 0.036217 -0.018105
v 0.005144 0.036217 -0.018105
v 0.003808 0.036332 -0.017320
v 0.003808 0.036332 -0.017320
v 0.003808 0.033188 -0.017618
v 0.003808 0.033188 -0.017618
v 0.003808 0.033188 -0.017618
v 0.001336 0.036197 -0.015899
v 0.001336 0.036197 -0.015899
v 0.001336 0.036197 -0.015899
v 0.001336 0.033054 -0.016197
v 0.001336 0.033054 -0.016197
v 0.001336 0.033054 -0.016197
v 0.001336 0.033054 -0.016197
v 0.005144 0.033821 -0.024298
v 0.005144 0.033821 -0.024298
v 0.005144 0.033821 -0.024298
v 0.005144 0.033821 -0.024298
v 0.005144 0.036778 -0.024018
v 0.005144 0.036778 -0.024018
v 0.005144 0.036778 -0.024018
v 0.005144 0.036820 -0.022465
v 0.005144 0.036820 -0.022465
v 0.005144 0.033676 -0.022762
v 0.005144 0.033676 -0.022762
v 0.005144 0.033676 -0.022762
v 0.005144 0.036550 -0.019624
v 0.005144 0.036550 -0.019624
v 0.005144 0.033407 -0.019921
v 0.005144 0.033407 -0.019921
v 0.005144 0.033407 -0.019921
v -0.000000 0.034101 -0.027255
v -0.000000 0.034101 -0.027255
v -0.000000 0.034101 -0.027255
v -0.000000 0.034101 -0.027255
v -0.000000 0.037058 -0.026975
v -0.000000 0.037058 -0.026975
v -0.000000 0.037058 -0.026975
v 0.001336 0.037173 -0.026189
v 0.001336 0.037173 -0.026189
v 0.001336 0.034029 -0.026487
v 0.001336 0.034029 -0.026487
v 0.001336 0.034029 -0.026487
v 0.003808 0.037038 -0.024768
v 0.003808 0.037038 -0.024768
v 0.003808 0.033894 -0.025066
v 0.003808 0.033894 -0.025066
v 0.003808 0.033894 -0.025066
v -0.003808 0.037038 -0.024768
v -0.003808 0.037038 -0.024768
v -0.003808 0.033894 -0.025066
v -0.003808 0.033894 -0.025066
v -0.003808 0.033894 -0.025066
v -0.001336 0.037173 -0.026189
v -0.001336 0.037173 -0.026189
v -0.001336 0.034029 -0.026487
v -0.001336 0.034029 -0.026487
v -0.001336 0.034029 -0.026487
v -0.004569 0.036550 -0.018407
v -0.004569 0.036550 -0.018407
v -0.005084 0.036666 -0.019629
v -0.005084 0.036666 -0.019629
v -0.005084 0.036932 -0.022437
v -0.005084 0.036932 -0.022437
v -0.005084 0.036932 -0.022437
v -0.004569 0.037048 -0.023659
v -0.004569 0.037048 -0.023659
v -0.004569 0.037048 -0.023659
v -0.000000 0.036301 -0.015781
v -0.000000 0.036301 -0.015781
v -0.001321 0.036317 -0.015948
v -0.001321 0.036317 -0.015948
v -0.003763 0.036450 -0.017352
v -0.003763 0.036450 -0.017352
v -0.003763 0.036450 -0.017352
v 0.004569 0.036550 -0.018407
v 0.004569 0.036550 -0.018407
v 0.003763 0.036450 -0.017352
v 0.003763 0.036450 -0.017352
v 0.003763 0.036450 -0.017352
v 0.001321 0.036317 -0.015948
v 0.001321 0.036317 -0.015948
v 0.004569 0.037048 -0.023659
v 0.004569 0.037048 -0.023659
v 0.004569 0.037048 -0.023659
v 0.005084 0.036932 -0.022437
v 0.005084 0.036932 -0.022437
v 0.005084 0.036932 -0.022437
v 0.005084 0.036666 -0.019629
v 0.005084 0.036666 -0.019629
v -0.000000 0.037297 -0.026285
v -0.000000 0.037297 -0.026285
v 0.001321 0.037281 -0.026118
v 0.001321 0.037281 -0.026118
v 0.003763 0.037148 -0.024714
v 0.003763 0.037148 -0.024714
v -0.003763 0.037148 -0.024714
v -0.003763 0.037148 -0.024714
v -0.001321 0.037281 -0.026118
v -0.001321 0.037281 -0.026118
v -0.003438 0.036612 -0.019057
v -0.003438 0.036612 -0.019057
v -0.003825 0.036699 -0.019977
v -0.003825 0.036699 -0.019977
v -0.003825 0.036899 -0.022090
v -0.003825 0.036899 -0.022090
v -0.003825 0.036899 -0.022090
v -0.003438 0.036986 -0.023009
v -0.003438 0.036986 -0.023009
v -0.003438 0.036986 -0.023009
v -0.000000 0.036425 -0.017081
v -0.000000 0.036425 -0.017081
v -0.000994 0.036437 -0.017207
v -0.000994 0.036437 -0.017207
v -0.002832 0.036537 -0.018263
v -0.002832 0.036537 -0.018263
v -0.002832 0.036537 -0.018263
v 0.003438 0.036612 -0.019057
v 0.003438 0.036612 -0.019057
v 0.002832 0.036537 -0.018263
v 0.002832 0.036537 -0.018263
v 0.002832 0.036537 -0.018263
v 0.000994 0.036437 -0.017207
v 0.000994 0.036437 -0.017207
v 0.003438 0.036986 -0.023009
v 0.003438 0.036986 -0.023009
v 0.003438 0.036986 -0.023009
v 0.003825 0.036899 -0.022090
v 0.003825 0.036899 -0.022090
v 0.003825 0.036899 -0.022090
v 0.003825 0.036699 -0.019977
v 0.003825 0.036699 -0.019977
v -0.000000 0.037174 -0.024985
v -0.000000 0.037174 -0.024985
v 0.000994 0.037162 -0.024860
v 0.000994 0.037162 -0.024860
v 0.002832 0.037062 -0.023803
v 0.002832 0.037062 -0.023803
v -0.002832 0.037062 -0.023803
v -0.002832 0.037062 -0.023803
v -0.000994 0.037162 -0.024860
v -0.000994 0.037162 -0.024860
v -0.003341 0.037336 -0.019045
v -0.003718 0.037421 -0.019938
v -0.000000 0.037154 -0.017124
v -0.000966 0.037165 -0.017247
v 0.003341 0.037336 -0.019045
v 0.002752 0.037263 -0.018273
v 0.003341 0.037700 -0.022885
v 0.003718 0.037615 -0.021992
v -0.000000 0.037882 -0.024806
v 0.000966 0.037870 -0.024684
v -0.003341 0.037700 -0.022885
v -0.002752 0.037773 -0.023657
v -0.003718 0.037615 -0.021992
v -0.002752 0.037263 -0.018273
v 0.000966 0.037165 -0.017247
v 0.003718 0.037421 -0.019938
v 0.002752 0.037773 -0.023657
v -0.000966 0.037870 -0.024684
v -0.002994 0.037650 -0.019217
v -0.003331 0.037726 -0.020017
v -0.000000 0.037487 -0.017496
v -0.000865 0.037497 -0.017605
v 0.002994 0.037650 -0.019217
v 0.002466 0.037584 -0.018525
v 0.002994 0.037976 -0.022658
v 0.003331 0.037900 -0.021857
v -0.000000 0.038139 -0.024378
v 0.000865 0.038129 -0.024269
v -0.002994 0.037976 -0.022658
v -0.002466 0.038041 -0.023349
v -0.003331 0.037900 -0.021857
v -0.002466 0.037584 -0.018525
v 0.000865 0.037497 -0.017605
v 0.003331 0.037726 -0.020017
v 0.002466 0.038041 -0.023349
v -0.000865 0.038129 -0.024269
v -0.002571 0.037673 -0.019460
v -0.002571 0.037673 -0.019460
v -0.002571 0.037673 -0.019460
v -0.002860 0.037738 -0.020147
v -0.002860 0.037738 -0.020147
v -0.002860 0.037738 -0.020147
v -0.000000 0.037533 -0.017982
v -0.000000 0.037533 -0.017982
v -0.000000 0.037533 -0.017982
v -0.000743 0.037542 -0.018076
v -0.000743 0.037542 -0.018076
v -0.000743 0.037542 -0.018076
v 0.002571 0.037673 -0.019460
v 0.002571 0.037673 -0.019460
v 0.002571 0.037673 -0.019460
v 0.002117 0.037617 -0.018866
v 0.002117 0.037617 -0.018866
v 0.002117 0.037617 -0.018866
v 0.002571 0.037953 -0.022415
v 0.002571 0.037953 -0.022415
v 0.002571 0.037953 -0.022415
v 0.002860 0.037888 -0.021727
v 0.002860 0.037888 -0.021727
v 0.002860 0.037888 -0.021727
v -0.000000 0.038093 -0.023892
v -0.000000 0.038093 -0.023892
v -0.000000 0.038093 -0.023892
v 0.000743 0.038084 -0.023798
v 0.000743 0.038084 -0.023798
v 0.000743 0.038084 -0.023798
v -0.002571 0.037953 -0.022415
v -0.002571 0.037953 -0.022415
v -0.002571 0.037953 -0.022415
v -0.002117 0.038009 -0.023008
v -0.002117 0.038009 -0.023008
v -0.002117 0.038009 -0.023008
v -0.002860 0.037888 -0.021727
v -0.002860 0.037888 -0.021727
v -0.002860 0.037888 -0.021727
v -0.002117 0.037617 -0.018866
v -0.002117 0.037617 -0.018866
v -0.002117 0.037617 -0.018866
v 0.000743 0.037542 -0.018076
v 0.000743 0.037542 -0.018076
v 0.000743 0.037542 -0.018076
v 0.002860 0.037738 -0.020147
v 0.002860 0.037738 -0.020147
v 0.002860 0.037738 -0.020147
v 0.002117 0.038009 -0.023008
v 0.002117 0.038009 -0.023008
v 0.002117 0.038009 -0.023008
v -0.000743 0.038084 -0.023798
v -0.000743 0.038084 -0.023798
v -0.000743 0.038084 -0.023798
v -0.002323 0.035285 -0.019829
v -0.002323 0.035285 -0.019829
v -0.002323 0.035285 -0.019829
v -0.002323 0.035285 -0.019829
v -0.002585 0.035344 -0.020451
v -0.002585 0.035344 -0.020451
v -0.002585 0.035344 -0.020451
v -0.002585 0.035344 -0.020451
v -0.000000 0.035159 -0.018494
v -0.000000 0.035159 -0.018494
v -0.000000 0.035159 -0.018494
v -0.000000 0.035159 -0.018494
v -0.000672 0.035167 -0.018579
v -0.000672 0.035167 -0.018579
v -0.000672 0.035167 -0.018579
v -0.000672 0.035167 -0.018579
v 0.002323 0.035285 -0.019829
v 0.002323 0.035285 -0.019829
v 0.002323 0.035285 -0.019829
v 0.002323 0.035285 -0.019829
v 0.001914 0.035234 -0.019293
v 0.001914 0.035234 -0.019293
v 0.001914 0.035234 -0.019293
v 0.001914 0.035234 -0.019293
v 0.002323 0.035538 -0.022500
v 0.002323 0.035538 -0.022500
v 0.002323 0.035538 -0.022500
v 0.002323 0.035538 -0.022500
v 0.002585 0.035480 -0.021879
v 0.002585 0.035480 -0.021879
v 0.002585 0.035480 -0.021879
v 0.002585 0.035480 -0.021879
v -0.000000 0.035665 -0.023836
v -0.000000 0.035665 -0.023836
v -0.000000 0.035665 -0.023836
v 0.000672 0.035657 -0.023751
v 0.000672 0.035657 -0.023751
v 0.000672 0.035657 -0.023751
v -0.002323 0.035538 -0.022500
v -0.002323 0.035538 -0.022500
v -0.002323 0.035538 -0.022500
v -0.002323 0.035538 -0.022500
v -0.001914 0.035589 -0.023037
v -0.001914 0.035589 -0.023037
v -0.001914 0.035589 -0.023037
v -0.001914 0.035589 -0.023037
v -0.002585 0.035480 -0.021879
v -0.002585 0.035480 -0.021879
v -0.002585 0.035480 -0.021879
v -0.002585 0.035480 -0.021879
v -0.001914 0.035234 -0.019293
v -0.001914 0.035234 -0.019293
v -0.001914 0.035234 -0.019293
v -0.001914 0.035234 -0.019293
v 0.000672 0.035167 -0.018579
v 0.000672 0.035167 -0.018579
v 0.000672 0.035167 -0.018579
v 0.000672 0.035167 -0.018579
v 0.002585 0.035344 -0.020451
v 0.002585 0.035344 -0.020451
v 0.002585 0.035344 -0.020451
v 0.002585 0.035344 -0.020451
v 0.001914 0.035589 -0.023037
v 0.001914 0.035589 -0.023037
v 0.001914 0.035589 -0.023037
v 0.001914 0.035589 -0.023037
v -0.000672 0.035657 -0.023751
v -0.000672 0.035657 -0.023751
v -0.000672 0.035657 -0.023751
v -0.001824 0.035312 -0.020116
v -0.001824 0.035312 -0.020116
v -0.002029 0.035359 -0.020604
v -0.002029 0.035359 -0.020604
v -0.000000 0.035213 -0.019068
v -0.000000 0.035213 -0.019068
v -0.000527 0.035220 -0.019135
v -0.000527 0.035220 -0.019135
v 0.001824 0.035312 -0.020116
v 0.001824 0.035312 -0.020116
v 0.001502 0.035273 -0.019695
v 0.001824 0.035511 -0.022213
v 0.002029 0.035465 -0.021725
v 0.002029 0.035465 -0.021725
v -0.000000 0.035611 -0.023261
v 0.000527 0.035604 -0.023195
v -0.001824 0.035511 -0.022213
v -0.001824 0.035511 -0.022213
v -0.001502 0.035551 -0.022634
v -0.002029 0.035465 -0.021725
v -0.002029 0.035465 -0.021725
v -0.001502 0.035273 -0.019695
v -0.001502 0.035273 -0.019695
v 0.000527 0.035220 -0.019135
v 0.000527 0.035220 -0.019135
v 0.002029 0.035359 -0.020604
v 0.002029 0.035359 -0.020604
v 0.001502 0.035551 -0.022634
v 0.001502 0.035551 -0.022634
v -0.000527 0.035604 -0.023195
v -0.001824 0.038441 -0.019820
v -0.002029 0.038488 -0.020308
v -0.000000 0.038342 -0.018771
v -0.000527 0.038348 -0.018838
v 0.001824 0.038441 -0.019820
v 0.001502 0.038402 -0.019399
v 0.001824 0.038640 -0.021916
v 0.002029 0.038594 -0.021429
v -0.000000 0.038740 -0.022965
v 0.000527 0.038733 -0.022898
v -0.001824 0.038640 -0.021916
v -0.001502 0.038680 -0.022338
v -0.002029 0.038594 -0.021429
v -0.001502 0.038402 -0.019399
v 0.000527 0.038348 -0.018838
v 0.002029 0.038488 -0.020308
v 0.001502 0.038680 -0.022338
v -0.000527 0.038733 -0.022898
v -0.002325 0.038790 -0.019496
v -0.002587 0.038849 -0.020118
v -0.000000 0.038663 -0.018160
v -0.000672 0.038671 -0.018245
v 0.002325 0.038790 -0.019496
v 0.001915 0.038739 -0.018959
v 0.002325 0.039043 -0.022169
v 0.002587 0.038984 -0.021547
v -0.000000 0.039170 -0.023505
v 0.000672 0.039162 -0.023420
v -0.002325 0.039043 -0.022169
v -0.001915 0.039094 -0.022706
v -0.002587 0.038984 -0.021547
v -0.001915 0.038739 -0.018959
v 0.000672 0.038671 -0.018245
v 0.002587 0.038849 -0.020118
v 0.001915 0.039094 -0.022706
v -0.000672 0.039162 -0.023420
v -0.002325 0.040278 -0.019355
v -0.002587 0.040337 -0.019977
v -0.000000 0.040151 -0.018019
v -0.000672 0.040159 -0.018104
v 0.002325 0.040278 -0.019355
v 0.001915 0.040227 -0.018818
v 0.002325 0.040531 -0.022028
v 0.002587 0.040472 -0.021406
v -0.000000 0.040658 -0.023365
v 0.000672 0.040650 -0.023279
v -0.002325 0.040531 -0.022028
v -0.001915 0.040582 -0.022565
v -0.002587 0.040472 -0.021406
v -0.001915 0.040227 -0.018818
v 0.000672 0.040159 -0.018104
v 0.002587 0.040337 -0.019977
v 0.001915 0.040582 -0.022565
v -0.000672 0.040650 -0.023279
v -0.001769 0.040621 -0.019645
v -0.001969 0.040666 -0.020118
v -0.000000 0.040525 -0.018628
v -0.000511 0.040531 -0.018693
v 0.001769 0.040621 -0.019645
v 0.001457 0.040582 -0.019236
v 0.001769 0.040814 -0.021679
v 0.001969 0.040769 -0.021206
v -0.000000 0.040910 -0.022696
v 0.000511 0.040904 -0.022631
v -0.001769 0.040814 -0.021679
v -0.001457 0.040853 -0.022087
v -0.001969 0.040769 -0.021206
v -0.001457 0.040582 -0.019236
v 0.000511 0.040531 -0.018693
v 0.001969 0.040666 -0.020118
v 0.001457 0.040853 -0.022087
v -0.000511 0.040904 -0.022631
v -0.004213 0.033817 -0.023763
v -0.004213 0.033817 -0.023763
v -0.004213 0.033817 -0.023763
v -0.004213 0.033674 -0.022505
v -0.004213 0.033674 -0.022505
v -0.004213 0.033674 -0.022505
v -0.004213 0.033265 -0.018921
v -0.004213 0.033265 -0.018921
v -0.004213 0.033265 -0.018921
v -0.003119 0.033193 -0.018292
v -0.003119 0.033193 -0.018292
v -0.003119 0.033193 -0.018292
v -0.000000 0.032988 -0.016499
v -0.000000 0.032988 -0.016499
v -0.000000 0.032988 -0.016499
v 0.001094 0.033060 -0.017128
v 0.001094 0.033060 -0.017128
v 0.001094 0.033060 -0.017128
v 0.004213 0.033265 -0.018921
v 0.004213 0.033265 -0.018921
v 0.004213 0.033265 -0.018921
v 0.004213 0.033408 -0.020179
v 0.004213 0.033408 -0.020179
v 0.004213 0.033408 -0.020179
v 0.004213 0.033817 -0.023763
v 0.004213 0.033817 -0.023763
v 0.004213 0.033817 -0.023763
v 0.003119 0.033889 -0.024392
v 0.003119 0.033889 -0.024392
v 0.003119 0.033889 -0.024392
v -0.000000 0.034094 -0.026184
v -0.000000 0.034094 -0.026184
v -0.000000 0.034094 -0.026184
v -0.001094 0.034022 -0.025556
v -0.001094 0.034022 -0.025556
v -0.001094 0.034022 -0.025556
v -0.004213 0.033408 -0.020179
v -0.004213 0.033408 -0.020179
v -0.004213 0.033408 -0.020179
v -0.001094 0.033060 -0.017128
v -0.001094 0.033060 -0.017128
v -0.001094 0.033060 -0.017128
v 0.003119 0.033193 -0.018292
v 0.003119 0.033193 -0.018292
v 0.003119 0.033193 -0.018292
v 0.004213 0.033674 -0.022505
v 0.004213 0.033674 -0.022505
v 0.004213 0.033674 -0.022505
v 0.001094 0.034022 -0.025556
v 0.001094 0.034022 -0.025556
v 0.001094 0.034022 -0.025556
v -0.003119 0.033889 -0.024392
v -0.003119 0.033889 -0.024392
v -0.003119 0.033889 -0.024392
v -0.004213 0.033173 -0.023824
v -0.004213 0.033030 -0.022566
v -0.004213 0.032621 -0.018982
v -0.003119 0.032549 -0.018353
v -0.000000 0.032344 -0.016561
v 0.001094 0.032416 -0.017189
v 0.004213 0.032621 -0.018982
v 0.004213 0.032764 -0.020240
v 0.004213 0.033173 -0.023824
v 0.003119 0.033245 -0.024453
v -0.000000 0.033449 -0.026245
v -0.001094 0.033378 -0.025617
v -0.004213 0.032764 -0.020240
v -0.001094 0.032416 -0.017189
v 0.003119 0.032549 -0.018353
v 0.004213 0.033030 -0.022566
v 0.001094 0.033378 -0.025617
v -0.003119 0.033245 -0.024453
v 0.018665 0.031240 0.060876
v 0.027998 0.027374 0.060856
v 0.027998 0.027374 0.060856
v 0.024750 0.024378 0.010465
v 0.024750 0.024378 0.010465
v 0.024750 0.024378 0.010465
v 0.016500 0.027803 0.008912
v 0.016500 0.027803 0.008912
v 0.008250 0.031220 0.008929
v 0.008250 0.031220 0.008929
v 0.009333 0.035106 0.060895
v -0.000000 0.034630 0.010517
v -0.000000 0.034630 0.010517
v -0.000000 0.034630 0.010517
v -0.000000 0.034630 0.010517
v -0.000000 0.038971 0.060914
v -0.000000 0.038971 0.060914
v 0.035730 0.008709 0.060763
v 0.039595 -0.000624 0.060716
v 0.039595 -0.000624 0.060716
v 0.035001 -0.000371 0.010341
v 0.035001 -0.000371 0.010341
v 0.035001 -0.000371 0.010341
v 0.031584 0.007886 0.008812
v 0.031584 0.007886 0.008812
v 0.028167 0.016136 0.008854
v 0.028167 0.016136 0.008854
v 0.031864 0.018042 0.060809
v 0.031864 -0.019289 0.060622
v 0.027998 -0.028622 0.060576
v 0.024750 -0.025121 0.010217
v 0.024750 -0.025121 0.010217
v 0.028167 -0.016863 0.008688
v 0.028167 -0.016863 0.008688
v 0.031584 -0.008613 0.008730
v 0.031584 -0.008613 0.008730
v 0.035730 -0.009956 0.060669
v 0.018665 -0.032487 0.060556
v 0.014212 -0.034332 0.060547
v 0.014212 -0.034332 0.060547
v -0.018665 -0.032487 0.060556
v -0.027998 -0.028622 0.060576
v -0.024750 -0.025121 0.010217
v -0.024750 -0.025121 0.010217
v -0.014212 -0.034332 0.060547
v -0.014212 -0.034332 0.060547
v -0.008250 -0.031947 0.008613
v -0.035730 -0.009956 0.060669
v -0.039595 -0.000624 0.060716
v -0.039595 -0.000624 0.060716
v -0.035001 -0.000371 0.010341
v -0.035001 -0.000371 0.010341
v -0.035001 -0.000371 0.010341
v -0.031584 -0.008613 0.008730
v -0.031584 -0.008613 0.008730
v -0.028167 -0.016863 0.008688
v -0.028167 -0.016863 0.008688
v -0.031864 -0.019289 0.060622
v -0.031864 0.018042 0.060809
v -0.027998 0.027374 0.060856
v -0.027998 0.027374 0.060856
v -0.024750 0.024378 0.010465
v -0.024750 0.024378 0.010465
v -0.024750 0.024378 0.010465
v -0.028167 0.016136 0.008854
v -0.028167 0.016136 0.008854
v -0.031584 0.007886 0.008812
v -0.031584 0.007886 0.008812
v -0.035730 0.008709 0.060763
v -0.009333 0.035106 0.060895
v -0.008250 0.031220 0.008929
v -0.008250 0.031220 0.008929
v -0.016500 0.027803 0.008912
v -0.016500 0.027803 0.008912
v -0.018665 0.031240 0.060876
v 0.022485 0.022125 0.008080
v 0.016049 0.027037 0.008104
v 0.008024 0.030360 0.008121
v -0.000000 0.031438 0.008127
v -0.000000 0.031438 0.008127
v 0.030720 0.007665 0.008007
v 0.022485 -0.022844 0.007855
v 0.027397 -0.016408 0.007887
v 0.008024 -0.031079 0.007813
v 0.016049 -0.027756 0.007830
v -0.016048 -0.027756 0.007830
v -0.008024 -0.031079 0.007813
v -0.031798 -0.000359 0.007967
v -0.027397 -0.016408 0.007887
v -0.022485 0.022125 0.008080
v -0.008024 0.030360 0.008121
v 0.022485 0.022208 -0.008485
v 0.016049 0.027120 -0.008461
v 0.008024 0.030443 -0.008444
v -0.000000 0.031521 -0.008439
v -0.000000 0.031521 -0.008439
v 0.031798 -0.000276 -0.008598
v 0.030720 0.007748 -0.008558
v 0.027397 0.015772 -0.008517
v 0.022485 -0.022761 -0.008711
v 0.027397 -0.016325 -0.008678
v 0.030720 -0.008301 -0.008638
v -0.000000 -0.032074 -0.008757
v 0.008024 -0.030996 -0.008752
v 0.016049 -0.027673 -0.008735
v -0.022485 -0.022761 -0.008711
v -0.016048 -0.027673 -0.008735
v -0.008024 -0.030996 -0.008752
v -0.031798 -0.000276 -0.008598
v -0.030720 -0.008301 -0.008638
v -0.027397 -0.016325 -0.008678
v -0.022485 0.022208 -0.008485
v -0.027397 0.015772 -0.008517
v -0.030720 0.007748 -0.008558
v -0.008024 0.030443 -0.008444
v -0.016049 0.027120 -0.008461
v 0.021925 0.021649 -0.008488
v 0.015649 0.026438 -0.008464
v 0.007825 0.029680 -0.008448
v -0.000000 0.030730 -0.008443
v -0.000000 0.030730 -0.008443
v 0.031007 -0.000276 -0.008598
v 0.029956 0.007548 -0.008559
v 0.026715 0.015373 -0.008519
v 0.021925 -0.022202 -0.008708
v 0.026715 -0.015926 -0.008676
v 0.029956 -0.008101 -0.008637
v -0.000000 -0.031283 -0.008753
v 0.007825 -0.030232 -0.008748
v 0.015649 -0.026991 -0.008732
v -0.021925 -0.022202 -0.008708
v -0.015649 -0.026991 -0.008732
v -0.007825 -0.030232 -0.008748
v -0.031007 -0.000276 -0.008598
v -0.029956 -0.008101 -0.008637
v -0.026715 -0.015926 -0.008676
v -0.021925 0.021649 -0.008488
v -0.026715 0.015373 -0.008519
v -0.029956 0.007548 -0.008559
v -0.007825 0.029680 -0.008448
v -0.015649 0.026438 -0.008464
v -0.000000 -0.038165 0.022016
v -0.012979 -0.035648 0.060540
v 0.002112 -0.055602 0.052223
v -0.002111 -0.055602 0.052223
v 0.002469 -0.060724 0.055230
v 0.002331 -0.058635 0.054684
v 0.003962 -0.057995 0.058056
v -0.008174 -0.049775 0.060470
v 0.008174 -0.049775 0.060470
v -0.005383 -0.055258 0.059527
v -0.000000 -0.032118 0.028159
v -0.000000 -0.032118 0.028159
v -0.000000 -0.032118 0.028159
v 0.001655 -0.053808 0.052174
v 0.001655 -0.053808 0.052174
v -0.001655 -0.053808 0.052174
v -0.001722 -0.054638 0.053448
v 0.001722 -0.054638 0.053448
v 0.001901 -0.057110 0.055455
v -0.004825 -0.052518 0.060280
v -0.001789 -0.055642 0.054539
v -0.001789 -0.055642 0.054539
v 0.005801 -0.049775 0.060470
v -0.002689 -0.057995 0.058056
v 0.004825 -0.052518 0.060280
v 0.003537 -0.055258 0.059527
v -0.001601 -0.059676 0.056316
v 0.007715 0.028980 0.060864
v 0.015430 0.025785 0.060848
v 0.023144 0.022589 0.060832
v -0.000000 0.032176 0.060880
v -0.000000 0.032176 0.060880
v 0.026340 0.014875 0.060794
v 0.029536 0.007160 0.060755
v 0.032731 -0.000555 0.060716
v 0.029536 -0.008269 0.060678
v 0.026340 -0.015984 0.060639
v 0.023144 -0.023699 0.060600
v 0.015430 -0.026894 0.060584
v 0.011748 -0.028419 0.060577
v -0.015430 -0.026894 0.060584
v -0.023144 -0.023699 0.060600
v -0.011748 -0.028419 0.060577
v -0.026340 -0.015984 0.060639
v -0.029536 -0.008269 0.060678
v -0.032731 -0.000555 0.060716
v -0.029536 0.007160 0.060755
v -0.026340 0.014875 0.060794
v -0.023144 0.022589 0.060832
v -0.015430 0.025785 0.060848
v -0.007715 0.028980 0.060864
v -0.008504 -0.028732 0.060575
v 0.008504 -0.028732 0.060575
v -0.004455 0.035904 0.065510
v -0.004455 0.035904 0.065510
v -0.004455 0.035162 0.046698
v -0.004455 0.035162 0.046698
v 0.004455 0.035162 0.046698
v 0.004455 0.035162 0.046698
v 0.004455 0.035904 0.065510
v -0.004455 0.052196 0.066581
v 0.004455 0.052196 0.066581
v 0.004455 0.049674 0.054315
v -0.004455 0.049674 0.054315
v -0.004455 0.036933 0.066505
v 0.004455 0.036933 0.066505
v 0.004455 0.036180 0.066254
v 0.004455 0.036180 0.066254
v -0.004455 0.036180 0.066254
v -0.004455 0.036180 0.066254
v 0.031864 0.018040 0.061073
v 0.031864 0.018040 0.061073
v 0.027998 0.027373 0.061120
v 0.027998 0.027373 0.061120
v 0.027998 0.027373 0.061120
v 0.027998 0.027363 0.063074
v 0.027998 0.027363 0.063074
v 0.027998 0.027363 0.063074
v 0.027998 0.027363 0.063074
v 0.031864 0.018030 0.063028
v 0.031864 0.018030 0.063028
v 0.035730 0.008708 0.061026
v 0.035730 0.008708 0.061026
v 0.035730 0.008698 0.062981
v 0.035730 0.008698 0.062981
v 0.039595 -0.000625 0.060980
v 0.039595 -0.000625 0.060980
v 0.039595 -0.000625 0.060980
v 0.039595 -0.000635 0.062934
v 0.039595 -0.000635 0.062934
v 0.039595 -0.000635 0.062934
v 0.035730 -0.009958 0.060933
v 0.035730 -0.009958 0.060933
v 0.035730 -0.009967 0.062887
v 0.031864 -0.019290 0.060886
v 0.031864 -0.019290 0.060886
v 0.031864 -0.019300 0.062841
v 0.027998 -0.028623 0.060839
v 0.027998 -0.028623 0.060839
v 0.027998 -0.028623 0.060839
v 0.027998 -0.028633 0.062794
v 0.027998 -0.028633 0.062794
v -0.014212 -0.034333 0.060811
v -0.014212 -0.034333 0.060811
v -0.012979 -0.035649 0.060804
v -0.012979 -0.035649 0.060804
v -0.012979 -0.035649 0.060804
v -0.012979 -0.035659 0.062759
v -0.012979 -0.035659 0.062759
v -0.012979 -0.035659 0.062759
v -0.012979 -0.035659 0.062759
v -0.014212 -0.034343 0.062765
v -0.018665 -0.032489 0.060820
v -0.018665 -0.032489 0.060820
v -0.018665 -0.032498 0.062775
v -0.027998 -0.028623 0.060839
v -0.027998 -0.028623 0.060839
v -0.027998 -0.028623 0.060839
v -0.027998 -0.028633 0.062794
v -0.031864 -0.019290 0.060886
v -0.031864 -0.019290 0.060886
v -0.031864 -0.019300 0.062841
v -0.035730 -0.009958 0.060933
v -0.035730 -0.009958 0.060933
v -0.035730 -0.009967 0.062887
v -0.039595 -0.000625 0.060980
v -0.039595 -0.000625 0.060980
v -0.039595 -0.000625 0.060980
v -0.039595 -0.000635 0.062934
v -0.039595 -0.000635 0.062934
v -0.039595 -0.000635 0.062934
v -0.035730 0.008708 0.061026
v -0.035730 0.008708 0.061026
v -0.035730 0.008698 0.062981
v -0.035730 0.008698 0.062981
v -0.031864 0.018040 0.061073
v -0.031864 0.018040 0.061073
v -0.031864 0.018030 0.063028
v -0.031864 0.018030 0.063028
v -0.027998 0.027373 0.061120
v -0.027998 0.027373 0.061120
v -0.027998 0.027373 0.061120
v -0.027998 0.027363 0.063074
v -0.027998 0.027363 0.063074
v -0.027998 0.027363 0.063074
v -0.027998 0.027363 0.063074
v -0.018665 0.031239 0.061139
v -0.018665 0.031239 0.061139
v -0.018665 0.031229 0.063094
v -0.018665 0.031229 0.063094
v -0.009728 0.034941 0.061158
v -0.009728 0.034941 0.061158
v -0.009728 0.034941 0.061158
v -0.009728 0.034941 0.061158
v -0.009728 0.034941 0.061158
v -0.009996 0.034820 0.063112
v -0.009996 0.034820 0.063112
v -0.009996 0.034820 0.063112
v -0.009996 0.034820 0.063112
v -0.009728 0.034930 0.063324
v -0.009728 0.034930 0.063324
v -0.009728 0.034930 0.063324
v -0.009728 0.034930 0.063324
v 0.018665 -0.032489 0.060820
v 0.018665 -0.032489 0.060820
v 0.018665 -0.032498 0.062775
v 0.014212 -0.034333 0.060811
v 0.014212 -0.034333 0.060811
v 0.014212 -0.034343 0.062765
v 0.012979 -0.035649 0.060804
v 0.012979 -0.035649 0.060804
v 0.012979 -0.035649 0.060804
v 0.012979 -0.035659 0.062759
v 0.012979 -0.035659 0.062759
v 0.012979 -0.035659 0.062759
v 0.012979 -0.035659 0.062759
v 0.018665 0.031239 0.061139
v 0.018665 0.031239 0.061139
v 0.023274 0.022716 0.061097
v 0.015516 0.025929 0.061113
v 0.009728 0.034941 0.061158
v 0.009728 0.034941 0.061158
v 0.009728 0.034941 0.061158
v 0.009728 0.034941 0.061158
v 0.009728 0.034941 0.061158
v 0.007758 0.029143 0.061129
v 0.004564 0.034941 0.061158
v 0.004564 0.034941 0.061158
v 0.004564 0.034941 0.061158
v 0.004564 0.034941 0.061158
v -0.000000 0.034941 0.061158
v -0.000000 0.034941 0.061158
v -0.000000 0.032356 0.061145
v 0.032915 -0.000558 0.060980
v 0.029701 0.007200 0.061019
v 0.026488 0.014958 0.061058
v 0.023274 -0.023832 0.060863
v 0.026488 -0.016074 0.060902
v 0.029701 -0.008316 0.060941
v 0.008552 -0.028893 0.060838
v 0.011814 -0.028578 0.060840
v 0.015516 -0.027045 0.060847
v -0.032915 -0.000558 0.060980
v -0.029701 -0.008316 0.060941
v -0.026488 -0.016074 0.060902
v -0.023274 -0.023832 0.060863
v -0.023274 0.022716 0.061097
v -0.026488 0.014958 0.061058
v -0.029701 0.007200 0.061019
v -0.004565 0.034941 0.061158
v -0.004565 0.034941 0.061158
v -0.004565 0.034941 0.061158
v -0.004565 0.034941 0.061158
v -0.004565 0.034941 0.061158
v -0.007758 0.029143 0.061129
v -0.015516 0.025929 0.061113
v -0.015516 -0.027045 0.060847
v -0.011814 -0.028578 0.060840
v -0.008552 -0.028893 0.060838
v 0.002956 0.002280 0.071256
v 0.004181 -0.000677 0.071241
v 0.002956 -0.003634 0.071226
v 0.000028 -0.024703 0.065752
v -0.000034 -0.004277 0.071223
v -0.002958 -0.003634 0.071226
v -0.004182 -0.000677 0.071241
v -0.002958 0.002280 0.071256
v -0.000001 0.003504 0.071262
v -0.000000 0.026083 0.066355
v -0.000000 0.026083 0.066355
v -0.000000 0.026083 0.066355
v -0.000000 0.026083 0.066355
v -0.000000 0.026083 0.066355
v -0.000000 0.026083 0.066355
v -0.012821 -0.035660 0.062891
v -0.012821 -0.035660 0.062891
v -0.012821 -0.035660 0.062891
v 0.000027 -0.024825 0.065884
v 0.012821 -0.035660 0.062891
v 0.012821 -0.035660 0.062891
v 0.012821 -0.035660 0.062891
v -0.008174 -0.049675 0.062821
v -0.008174 -0.049675 0.062821
v 0.000027 -0.043653 0.065557
v 0.008174 -0.049675 0.062821
v 0.008174 -0.049675 0.062821
v 0.008174 -0.049786 0.062688
v 0.008174 -0.049786 0.062688
v 0.008174 -0.049786 0.062688
v 0.008174 -0.049776 0.060733
v 0.008174 -0.049776 0.060733
v 0.008174 -0.049776 0.060733
v -0.008174 -0.049776 0.060733
v -0.008174 -0.049776 0.060733
v -0.008174 -0.049776 0.060733
v -0.008174 -0.049786 0.062688
v -0.008174 -0.049786 0.062688
v -0.008174 -0.049786 0.062688
v -0.000786 -0.044731 0.064929
v 0.000786 -0.044731 0.064929
v -0.000816 -0.044731 0.060759
v -0.000816 -0.044731 0.060759
v 0.000816 -0.044731 0.060759
v 0.000816 -0.044731 0.060759
v -0.000000 -0.028515 0.060840
v 0.018665 0.031229 0.063094
v 0.018665 0.031229 0.063094
v 0.009996 0.034820 0.063112
v 0.009996 0.034820 0.063112
v 0.009996 0.034820 0.063112
v 0.009996 0.034820 0.063112
v 0.009728 0.034930 0.063324
v 0.009728 0.034930 0.063324
v 0.009728 0.034930 0.063324
v 0.009728 0.034930 0.063324
v 0.009728 0.034914 0.066485
v 0.009728 0.034914 0.066485
v -0.000000 0.026083 0.066440
v -0.000000 0.026083 0.066440
v -0.009728 0.034914 0.066485
v -0.009728 0.034914 0.066485
v -0.004564 0.034914 0.066485
v -0.004564 0.034914 0.066485
v 0.004564 0.034914 0.066485
v 0.004564 0.034914 0.066485
v 0.009728 0.049826 0.061232
v 0.009728 0.049826 0.061232
v 0.009728 0.049810 0.064539
v 0.009728 0.047625 0.066549
v 0.009728 0.049562 0.065660
v 0.009728 0.048834 0.066330
v 0.004564 0.047625 0.066549
v 0.004564 0.049826 0.061232
v 0.004564 0.049826 0.061232
v 0.004564 0.049826 0.061232
v 0.004564 0.049810 0.064539
v 0.004564 0.048834 0.066330
v 0.004564 0.049562 0.065660
v 0.009728 0.049818 0.061232
v 0.009728 0.049167 0.058760
v 0.004564 0.049167 0.058760
v 0.004564 0.049818 0.061232
v 0.009728 0.047365 0.056940
v 0.004564 0.047365 0.056940
v 0.004564 0.047365 0.056940
v 0.009728 0.044893 0.056264
v 0.004564 0.044893 0.056264
v 0.004564 0.044893 0.056264
v 0.009728 0.042415 0.056915
v 0.004564 0.042415 0.056915
v 0.004564 0.042415 0.056915
v 0.009728 0.040594 0.058718
v 0.004564 0.040594 0.058718
v 0.004564 0.040594 0.058718
v 0.009728 0.039919 0.061183
v 0.004564 0.039919 0.061183
v 0.004564 0.039919 0.061183
v -0.009728 0.048834 0.066330
v -0.009728 0.049562 0.065660
v -0.009728 0.049810 0.064539
v -0.009728 0.047625 0.066549
v -0.009728 0.049826 0.061232
v -0.009728 0.049826 0.061232
v -0.004564 0.047625 0.066549
v -0.004564 0.049810 0.064539
v -0.004564 0.049826 0.061232
v -0.004564 0.049826 0.061232
v -0.004564 0.049826 0.061232
v -0.004564 0.048834 0.066330
v -0.004564 0.049562 0.065660
v -0.009728 0.049818 0.061232
v -0.004564 0.049818 0.061232
v -0.004564 0.049167 0.058760
v -0.009728 0.049167 0.058760
v -0.004564 0.047365 0.056940
v -0.004564 0.047365 0.056940
v -0.009728 0.047365 0.056940
v -0.004564 0.044893 0.056264
v -0.004564 0.044893 0.056264
v -0.009728 0.044893 0.056264
v -0.004564 0.042415 0.056915
v -0.004564 0.042415 0.056915
v -0.009728 0.042415 0.056915
v -0.004564 0.040594 0.058718
v -0.004564 0.040594 0.058718
v -0.009728 0.040594 0.058718
v -0.004564 0.039919 0.061183
v -0.004564 0.039919 0.061183
v -0.009728 0.039919 0.061183
v -0.000000 -0.037471 0.020190
v -0.000000 -0.037471 0.020190
v 0.001789 -0.055642 0.054539
v 0.001789 -0.055642 0.054539
v 0.002194 -0.056834 0.053560
v -0.002194 -0.056834 0.053560
v -0.000000 -0.038165 0.022016
v -0.002469 -0.060724 0.055230
v -0.002030 -0.054585 0.050660
v 0.008174 -0.049775 0.060470
v 0.002030 -0.054585 0.050660
v -0.003962 -0.057995 0.058056
v 0.001601 -0.059676 0.056316
v -0.005383 -0.055258 0.059527
v -0.006908 -0.052518 0.060280
v -0.003537 -0.055258 0.059527
v 0.002689 -0.057995 0.058056
v 0.010288 -0.034711 0.060545
v 0.010288 -0.034711 0.060545
v -0.005801 -0.049775 0.060470
v 0.002689 -0.057995 0.058056
v -0.003537 -0.055258 0.059527
v -0.010288 -0.034711 0.060545
v -0.010288 -0.034711 0.060545
v 0.010288 -0.034711 0.060545
v 0.010288 -0.034711 0.060545
v -0.004825 -0.052518 0.060280
v 0.005383 -0.055258 0.059527
v 0.006908 -0.052518 0.060280
v -0.003962 -0.057995 0.058056
v -0.001601 -0.059676 0.056316
v 0.001601 -0.059676 0.056316
v -0.002469 -0.060724 0.055230
v -0.006908 -0.052518 0.060280
v 0.002469 -0.060724 0.055230
v 0.005383 -0.055258 0.059527
v 0.012979 -0.035648 0.060540
v 0.006908 -0.052518 0.060280
v -0.027397 0.015689 0.008048
v -0.030720 0.007665 0.008007
v -0.001601 -0.059676 0.056316
v -0.002689 -0.057995 0.058056
v -0.022485 -0.022844 0.007855
v 0.005801 -0.049775 0.060470
v -0.030720 -0.008384 0.007927
v -0.005801 -0.049775 0.060470
v 0.030720 -0.008384 0.007927
v -0.010288 -0.034711 0.060545
v -0.010288 -0.034711 0.060545
v -0.016049 0.027037 0.008104
v 0.003962 -0.057995 0.058056
v 0.002469 -0.060724 0.055230
v 0.003537 -0.055258 0.059527
v 0.004825 -0.052518 0.060280
v -0.000000 -0.032157 0.007808
v 0.001601 -0.059676 0.056316
v 0.002112 -0.055602 0.052223
v -0.002194 -0.056834 0.053560
v 0.031798 -0.000359 0.007967
v -0.001601 -0.059676 0.056316
v 0.027397 0.015689 0.008048
v 0.002194 -0.056834 0.053560
v -0.000000 -0.038165 0.022016
v -0.016500 -0.028530 0.008630
v 0.008250 -0.031947 0.008613
v 0.016500 -0.028530 0.008630
v -0.000000 -0.035372 0.010166
v 0.002030 -0.054585 0.050660
v -0.002469 -0.060724 0.055230
v -0.002331 -0.058635 0.054684
v -0.002111 -0.055602 0.052223
v -0.002030 -0.054585 0.050660
v -0.002469 -0.060724 0.055230
v 0.001789 -0.055642 0.054539
v 0.001901 -0.057110 0.055455
v 0.001901 -0.057110 0.055455
v 0.001722 -0.054638 0.053448
v -0.001901 -0.057110 0.055455
v -0.001901 -0.057110 0.055455
v -0.001789 -0.055642 0.054539
v -0.001901 -0.057110 0.055455
v 0.001601 -0.059676 0.056316
v -0.001722 -0.054638 0.053448
v 0.002331 -0.058635 0.054684
v -0.002331 -0.058635 0.054684
v 0.002469 -0.060724 0.055230
v 0.008250 -0.031947 0.008613
v 0.016500 -0.028530 0.008630
v -0.016500 -0.028530 0.008630
v -0.000000 -0.035372 0.010166
v -0.008250 -0.031947 0.008613
v -0.000000 -0.037471 0.020190
v -0.000000 -0.037471 0.020190
v -0.000000 -0.035372 0.010166
v -0.000034 -0.004277 0.071223
v -0.008174 -0.049775 0.060470
v -0.018665 -0.032487 0.060556
v -0.014212 -0.034332 0.060547
v -0.014212 -0.034332 0.060547
v -0.012979 -0.035648 0.060540
v -0.035730 -0.009956 0.060669
v -0.027998 -0.028622 0.060576
v -0.031864 -0.019289 0.060622
v -0.027998 0.027374 0.060856
v -0.018665 0.031240 0.060876
v -0.031864 0.018042 0.060809
v -0.035730 0.008709 0.060763
v -0.009333 0.035106 0.060895
v -0.039595 -0.000624 0.060716
v 0.031864 -0.019289 0.060622
v 0.027998 -0.028622 0.060576
v 0.018665 -0.032487 0.060556
v 0.027998 0.027374 0.060856
v 0.031864 0.018042 0.060809
v 0.009333 0.035106 0.060895
v -0.000000 0.038971 0.060914
v -0.000000 0.038971 0.060914
v 0.018665 0.031240 0.060876
v 0.039595 -0.000624 0.060716
v 0.035730 -0.009956 0.060669
v 0.035730 0.008709 0.060763
v 0.014212 -0.034332 0.060547
v 0.014212 -0.034332 0.060547
v 0.012979 -0.035648 0.060540
v -0.027998 -0.028622 0.060576
v -0.024750 -0.025121 0.010217
v 0.027998 -0.028622 0.060576
v 0.024750 -0.025121 0.010217
v -0.016048 -0.027756 0.007830
v -0.008024 -0.031079 0.007813
v 0.022485 -0.022844 0.007855
v 0.027397 -0.016408 0.007887
v 0.022485 0.022125 0.008080
v 0.016049 0.027037 0.008104
v 0.008024 0.030360 0.008121
v 0.016049 -0.027756 0.007830
v 0.027397 0.015689 0.008048
v 0.008024 -0.031079 0.007813
v -0.027397 0.015689 0.008048
v -0.030720 0.007665 0.008007
v -0.022485 0.022125 0.008080
v -0.016049 0.027037 0.008104
v -0.022485 -0.022844 0.007855
v -0.031798 -0.000359 0.007967
v -0.030720 -0.008384 0.007927
v 0.030720 -0.008384 0.007927
v -0.008024 0.030360 0.008121
v -0.027397 -0.016408 0.007887
v -0.000000 -0.032157 0.007808
v 0.031798 -0.000359 0.007967
v 0.030720 0.007665 0.008007
v -0.000000 0.031438 0.008127
v -0.000000 0.031438 0.008127
v -0.031798 -0.000276 -0.008598
v -0.030720 -0.008301 -0.008638
v -0.000000 0.031521 -0.008439
v -0.000000 0.031521 -0.008439
v -0.008024 0.030443 -0.008444
v 0.030720 0.007748 -0.008558
v 0.027397 0.015772 -0.008517
v 0.031798 -0.000276 -0.008598
v -0.030720 0.007748 -0.008558
v 0.008024 0.030443 -0.008444
v -0.000000 -0.032074 -0.008757
v 0.008024 -0.030996 -0.008752
v 0.027397 -0.016325 -0.008678
v 0.030720 -0.008301 -0.008638
v -0.016048 -0.027673 -0.008735
v -0.008024 -0.030996 -0.008752
v 0.022485 0.022208 -0.008485
v 0.016049 0.027120 -0.008461
v -0.022485 -0.022761 -0.008711
v -0.027397 -0.016325 -0.008678
v -0.022485 0.022208 -0.008485
v -0.027397 0.015772 -0.008517
v 0.016049 -0.027673 -0.008735
v 0.022485 -0.022761 -0.008711
v -0.016049 0.027120 -0.008461
v 0.000028 -0.024703 0.065752
v 0.000027 -0.024825 0.065884
v -0.002958 -0.003634 0.071226
v 0.002956 -0.003634 0.071226
v -0.002958 0.002280 0.071256
v 0.002956 0.002280 0.071256
v -0.004182 -0.000677 0.071241
v 0.004181 -0.000677 0.071241
v -0.000001 0.003504 0.071262
v -0.014212 -0.034343 0.062765
v -0.018665 -0.032498 0.062775
v -0.027998 -0.028633 0.062794
v -0.027998 -0.028633 0.062794
v -0.027998 -0.028633 0.062794
v -0.031864 -0.019300 0.062841
v -0.035730 -0.009967 0.062887
v -0.039595 -0.000635 0.062934
v 0.014212 -0.034343 0.062765
v 0.027998 -0.028633 0.062794
v 0.027998 -0.028633 0.062794
v 0.018665 -0.032498 0.062775
v 0.031864 -0.019300 0.062841
v 0.035730 -0.009967 0.062887
v 0.039595 -0.000635 0.062934
v -0.004455 0.036933 0.066505
v 0.004455 0.052196 0.066581
v 0.004455 0.052196 0.066581
v -0.004455 0.052196 0.066581
v -0.004455 0.052196 0.066581
v -0.004455 0.049674 0.054315
v -0.004455 0.049674 0.054315
v 0.004455 0.049674 0.054315
v 0.004455 0.049674 0.054315
v 0.009728 0.034914 0.066485
v 0.009728 0.047625 0.066549
v -0.000000 0.026083 0.066440
v 0.004564 0.047625 0.066549
v -0.004564 0.034914 0.066485
v 0.004564 0.034914 0.066485
v -0.009728 0.034914 0.066485
v -0.009728 0.047625 0.066549
v -0.004564 0.047625 0.066549
v -0.009728 0.049826 0.061232
v -0.009728 0.049810 0.064539
v -0.009728 0.049562 0.065660
v -0.009728 0.048834 0.066330
v -0.009728 0.047625 0.066549
v -0.004564 0.049810 0.064539
v -0.004564 0.049562 0.065660
v -0.004564 0.047625 0.066549
v -0.004564 0.048834 0.066330
v -0.004564 0.048834 0.066330
v -0.009728 0.042415 0.056915
v -0.009728 0.040594 0.058718
v -0.009728 0.044893 0.056264
v -0.009728 0.039919 0.061183
v -0.009728 0.049167 0.058760
v -0.009728 0.047365 0.056940
v -0.009728 0.049818 0.061232
v -0.004564 0.049167 0.058760
v -0.004564 0.049818 0.061232
v 0.009728 0.049562 0.065660
v 0.009728 0.048834 0.066330
v 0.009728 0.049167 0.058760
v 0.009728 0.047365 0.056940
v 0.009728 0.049810 0.064539
v 0.009728 0.049826 0.061232
v 0.004564 0.049167 0.058760
v 0.009728 0.044893 0.056264
v 0.004564 0.047625 0.066549
v 0.004564 0.048834 0.066330
v 0.009728 0.042415 0.056915
v 0.009728 0.047625 0.066549
v 0.004564 0.049810 0.064539
v 0.004564 0.049562 0.065660
v 0.009728 0.040594 0.058718
v 0.009728 0.039919 0.061183
v 0.009728 0.049818 0.061232
v 0.004564 0.049818 0.061232
v -0.013542 0.037207 -0.063590
v -0.013542 0.037207 -0.063590
v -0.020990 0.030389 -0.064946
v 0.003050 -0.032756 -0.012875
v -0.005871 -0.032367 -0.012873
v 0.023558 0.028444 -0.064956
v 0.030383 0.020997 -0.064993
v 0.011971 -0.033138 -0.014448
v 0.011971 -0.033138 -0.014448
v -0.011971 0.032642 -0.014118
v -0.011971 0.032642 -0.014118
v -0.018555 0.026602 -0.012578
v 0.013542 -0.037207 -0.063963
v 0.013542 -0.037207 -0.063963
v -0.006642 -0.036319 -0.065280
v -0.016734 -0.035885 -0.063956
v -0.016734 -0.035885 -0.063956
v 0.003450 -0.036760 -0.065282
v -0.014792 -0.031970 -0.014442
v -0.014792 -0.031970 -0.014442
v -0.037208 -0.013542 -0.063845
v -0.037208 -0.013542 -0.063845
v -0.030383 -0.020983 -0.065203
v 0.028438 -0.023551 -0.065216
v 0.035886 -0.016734 -0.063861
v 0.035886 -0.016734 -0.063861
v -0.035886 0.016734 -0.063693
v -0.035886 0.016734 -0.063693
v -0.036326 0.006648 -0.065065
v -0.023558 -0.028431 -0.065241
v -0.003450 0.036773 -0.064914
v 0.006642 0.036332 -0.064916
v -0.031722 0.014544 -0.014209
v -0.031722 0.014544 -0.014209
v -0.032112 0.005615 -0.012683
v 0.031722 -0.015040 -0.014357
v 0.031722 -0.015040 -0.014357
v 0.036767 0.003457 -0.065081
v 0.036326 -0.006635 -0.065131
v 0.032891 0.011723 -0.014223
v 0.032891 0.011723 -0.014223
v 0.032501 0.002794 -0.012697
v 0.026858 0.018299 -0.012620
v -0.028438 0.023565 -0.064980
v 0.020990 -0.030376 -0.065250
v 0.032112 -0.006127 -0.012742
v 0.025138 -0.021081 -0.012817
v 0.018555 -0.027113 -0.012847
v -0.032891 -0.012219 -0.014343
v -0.032891 -0.012219 -0.014343
v -0.032501 -0.003306 -0.012728
v 0.016734 0.035885 -0.063597
v 0.016734 0.035885 -0.063597
v 0.014792 0.031474 -0.014124
v 0.014792 0.031474 -0.014124
v 0.005871 0.031855 -0.012552
v -0.036767 -0.003444 -0.065115
v -0.025138 0.020569 -0.012608
v -0.020825 -0.025394 -0.012839
v -0.026858 -0.018810 -0.012806
v 0.037208 0.013542 -0.063709
v 0.037208 0.013542 -0.063709
v 0.020825 0.024882 -0.012587
v -0.003050 0.032245 -0.012550
v -0.035789 0.006559 -0.066914
v -0.036223 -0.003383 -0.066964
v 0.015376 0.032989 -0.066781
v 0.006543 0.035804 -0.066767
v -0.032973 0.015391 -0.066869
v -0.012443 0.034203 -0.066775
v -0.020680 0.029949 -0.066797
v 0.036223 0.003415 -0.066929
v 0.034188 0.012459 -0.066884
v -0.029933 -0.020663 -0.067050
v -0.023210 -0.028001 -0.067087
v -0.015376 -0.032957 -0.067112
v 0.032973 -0.015360 -0.067024
v 0.035789 -0.006527 -0.066979
v 0.028017 -0.023193 -0.067063
v -0.034188 -0.012427 -0.067009
v -0.006543 -0.035772 -0.067126
v 0.003399 -0.036206 -0.067128
v -0.003399 0.036238 -0.066765
v 0.029933 0.020695 -0.066843
v 0.012443 -0.034172 -0.067118
v 0.023210 0.028033 -0.066806
v 0.020680 -0.029917 -0.067096
v -0.028017 0.023225 -0.066830
v -0.001824 0.035312 -0.020116
v -0.002029 0.035359 -0.020604
v -0.002029 0.035465 -0.021725
v 0.001824 0.035511 -0.022213
v 0.001824 0.035511 -0.022213
v 0.002029 0.035465 -0.021725
v -0.001502 0.035551 -0.022634
v -0.001502 0.035551 -0.022634
v -0.000527 0.035604 -0.023195
v -0.000527 0.035220 -0.019135
v -0.001502 0.035273 -0.019695
v -0.000000 0.035213 -0.019068
v 0.000527 0.035220 -0.019135
v 0.002029 0.035359 -0.020604
v -0.000000 0.035611 -0.023261
v 0.001502 0.035273 -0.019695
v 0.001502 0.035273 -0.019695
v 0.000527 0.035604 -0.023195
v 0.001502 0.035551 -0.022634
v 0.001824 0.035312 -0.020116
v -0.001824 0.035511 -0.022213
v 0.012979 -0.035659 0.062759
v 0.000028 -0.024703 0.065752
v 0.000027 -0.024825 0.065884
v -0.012979 -0.035659 0.062759
v 0.000028 -0.024703 0.065752
v 0.000027 -0.024825 0.065884
v -0.004455 0.036933 0.066505
v 0.004455 0.036933 0.066505
v 0.004455 0.036933 0.066505
vt 0.457300 0.322400
vt 0.489000 0.327600
vt 0.489000 0.520200
vt 0.457300 0.526300
vt 0.423300 0.526300
vt 0.423300 0.322400
vt 0.391600 0.520200
vt 0.391600 0.327600
vt 0.554700 0.322400
vt 0.586400 0.327600
vt 0.586400 0.520200
vt 0.554700 0.526300
vt 0.520700 0.526300
vt 0.520700 0.322400
vt 0.652100 0.322400
vt 0.683800 0.327600
vt 0.683800 0.520200
vt 0.652100 0.526300
vt 0.618100 0.526300
vt 0.618100 0.322400
vt 0.749500 0.322400
vt 0.002000 0.327600
vt 0.781200 0.327600
vt 0.002000 0.520200
vt 0.781200 0.520200
vt 0.749500 0.526300
vt 0.715500 0.526300
vt 0.715500 0.322400
vt 0.067700 0.322400
vt 0.099400 0.327600
vt 0.099400 0.520200
vt 0.067700 0.526300
vt 0.033700 0.526300
vt 0.033700 0.322400
vt 0.165100 0.322400
vt 0.196800 0.327600
vt 0.196800 0.520200
vt 0.165100 0.526300
vt 0.131100 0.526300
vt 0.131100 0.322400
vt 0.262500 0.322400
vt 0.294200 0.327600
vt 0.294200 0.520200
vt 0.262500 0.526300
vt 0.228500 0.526300
vt 0.228500 0.322400
vt 0.359900 0.322400
vt 0.359900 0.526300
vt 0.325900 0.526300
vt 0.325900 0.322400
vt 0.423300 0.315200
vt 0.457300 0.315200
vt 0.489000 0.315200
vt 0.391600 0.315200
vt 0.520700 0.315200
vt 0.554700 0.315200
vt 0.586400 0.315200
vt 0.618100 0.315200
vt 0.652100 0.315200
vt 0.683800 0.315200
vt 0.715500 0.315200
vt 0.749500 0.315200
vt 0.002000 0.315200
vt 0.781200 0.315200
vt 0.033700 0.315200
vt 0.067700 0.315200
vt 0.099400 0.315200
vt 0.131100 0.315200
vt 0.165100 0.315200
vt 0.196800 0.315200
vt 0.228500 0.315200
vt 0.262500 0.315200
vt 0.294200 0.315200
vt 0.325900 0.315200
vt 0.359900 0.315200
vt 0.489000 0.529600
vt 0.457300 0.529300
vt 0.423300 0.529300
vt 0.391600 0.529600
vt 0.586400 0.529600
vt 0.554700 0.529300
vt 0.520700 0.529300
vt 0.683800 0.529600
vt 0.652100 0.529300
vt 0.618100 0.529300
vt 0.781200 0.529600
vt 0.002000 0.529600
vt 0.749500 0.529300
vt 0.715500 0.529300
vt 0.099400 0.529600
vt 0.067700 0.529300
vt 0.033700 0.529300
vt 0.196800 0.529600
vt 0.165100 0.529300
vt 0.131100 0.529300
vt 0.294200 0.529600
vt 0.262500 0.529300
vt 0.228500 0.529300
vt 0.359900 0.529300
vt 0.325900 0.529300
vt 0.457300 0.535700
vt 0.489000 0.535700
vt 0.489000 0.543400
vt 0.457300 0.543400
vt 0.423300 0.535700
vt 0.423300 0.543400
vt 0.391600 0.535700
vt 0.391600 0.543400
vt 0.554700 0.535700
vt 0.586400 0.535700
vt 0.586400 0.543400
vt 0.554700 0.543400
vt 0.520700 0.535700
vt 0.520700 0.543400
vt 0.652100 0.535700
vt 0.683800 0.535700
vt 0.683800 0.543400
vt 0.652100 0.543400
vt 0.618100 0.535700
vt 0.618100 0.543400
vt 0.749500 0.535700
vt 0.781200 0.535700
vt 0.002000 0.535700
vt 0.781200 0.543400
vt 0.002000 0.543400
vt 0.749500 0.543400
vt 0.715500 0.535700
vt 0.715500 0.543400
vt 0.067700 0.535700
vt 0.099400 0.535700
vt 0.099400 0.543400
vt 0.067700 0.543400
vt 0.033700 0.535700
vt 0.033700 0.543400
vt 0.165100 0.535700
vt 0.196800 0.535700
vt 0.196800 0.543400
vt 0.165100 0.543400
vt 0.131100 0.535700
vt 0.131100 0.543400
vt 0.262500 0.535700
vt 0.294200 0.535700
vt 0.294200 0.543400
vt 0.262500 0.543400
vt 0.228500 0.535700
vt 0.228500 0.543400
vt 0.359900 0.535700
vt 0.359900 0.543400
vt 0.325900 0.535700
vt 0.325900 0.543400
vt 0.489000 0.558500
vt 0.457300 0.558500
vt 0.423300 0.558500
vt 0.391600 0.558500
vt 0.586400 0.558500
vt 0.554700 0.558500
vt 0.520700 0.558500
vt 0.683800 0.558500
vt 0.652100 0.558500
vt 0.618100 0.558500
vt 0.781200 0.558500
vt 0.002000 0.558500
vt 0.749500 0.558500
vt 0.715500 0.558500
vt 0.099400 0.558500
vt 0.067700 0.558500
vt 0.033700 0.558500
vt 0.196800 0.558500
vt 0.165100 0.558500
vt 0.131100 0.558500
vt 0.294200 0.558500
vt 0.262500 0.558500
vt 0.228500 0.558500
vt 0.359900 0.558500
vt 0.325900 0.558500
vt 0.442400 0.684400
vt 0.442400 0.684400
vt 0.442400 0.684400
vt 0.442400 0.684400
vt 0.446200 0.693200
vt 0.446200 0.693200
vt 0.446200 0.693200
vt 0.444000 0.696400
vt 0.444000 0.696400
vt 0.436900 0.687700
vt 0.436900 0.687700
vt 0.436900 0.687700
vt 0.439400 0.704300
vt 0.439400 0.704300
vt 0.429300 0.700000
vt 0.429300 0.700000
vt 0.429300 0.700000
vt 0.438000 0.708200
vt 0.438000 0.708200
vt 0.438000 0.708200
vt 0.428600 0.708400
vt 0.428600 0.708400
vt 0.428600 0.708400
vt 0.428600 0.708400
vt 0.464500 0.684100
vt 0.464500 0.684100
vt 0.464500 0.684100
vt 0.464500 0.684100
vt 0.460800 0.693000
vt 0.460800 0.693000
vt 0.460800 0.693000
vt 0.457400 0.692700
vt 0.457400 0.692700
vt 0.457400 0.692700
vt 0.459000 0.681300
vt 0.459000 0.681300
vt 0.459000 0.681300
vt 0.459000 0.681300
vt 0.449600 0.692800
vt 0.449600 0.692800
vt 0.447700 0.681400
vt 0.447700 0.681400
vt 0.447700 0.681400
vt 0.478800 0.707500
vt 0.478800 0.707500
vt 0.478800 0.707500
vt 0.478800 0.707500
vt 0.469300 0.707600
vt 0.469300 0.707600
vt 0.469300 0.707600
vt 0.467800 0.703900
vt 0.467800 0.703900
vt 0.477700 0.699200
vt 0.477700 0.699200
vt 0.477700 0.699200
vt 0.463100 0.696100
vt 0.463100 0.696100
vt 0.463100 0.696100
vt 0.470000 0.687300
vt 0.470000 0.687300
vt 0.470000 0.687300
vt 0.470000 0.687300
vt 0.465000 0.731400
vt 0.465000 0.731400
vt 0.465000 0.731400
vt 0.465000 0.731400
vt 0.461100 0.722600
vt 0.461100 0.722600
vt 0.461100 0.722600
vt 0.463400 0.719400
vt 0.463400 0.719400
vt 0.470400 0.728100
vt 0.470400 0.728100
vt 0.470400 0.728100
vt 0.467900 0.711500
vt 0.467900 0.711500
vt 0.478100 0.715800
vt 0.478100 0.715800
vt 0.478100 0.715800
vt 0.442800 0.731700
vt 0.442800 0.731700
vt 0.442800 0.731700
vt 0.442800 0.731700
vt 0.446600 0.722800
vt 0.446600 0.722800
vt 0.446600 0.722800
vt 0.450000 0.723100
vt 0.450000 0.723100
vt 0.448300 0.734500
vt 0.448300 0.734500
vt 0.448300 0.734500
vt 0.457700 0.723000
vt 0.457700 0.723000
vt 0.459600 0.734300
vt 0.459600 0.734300
vt 0.459600 0.734300
vt 0.439600 0.712000
vt 0.439600 0.712000
vt 0.429700 0.716600
vt 0.429700 0.716600
vt 0.429700 0.716600
vt 0.444200 0.719700
vt 0.444200 0.719700
vt 0.437400 0.728500
vt 0.437400 0.728500
vt 0.437400 0.728500
vt 0.446900 0.694800
vt 0.446900 0.694800
vt 0.444200 0.696700
vt 0.444200 0.696700
vt 0.440000 0.704200
vt 0.440000 0.704200
vt 0.440000 0.704200
vt 0.439800 0.708200
vt 0.439800 0.708200
vt 0.439800 0.708200
vt 0.460100 0.694600
vt 0.460100 0.694600
vt 0.457200 0.693000
vt 0.457200 0.693000
vt 0.449800 0.693100
vt 0.449800 0.693100
vt 0.449800 0.693100
vt 0.467600 0.707600
vt 0.467600 0.707600
vt 0.467200 0.703800
vt 0.467200 0.703800
vt 0.467200 0.703800
vt 0.462900 0.696400
vt 0.462900 0.696400
vt 0.460400 0.721000
vt 0.460400 0.721000
vt 0.460400 0.721000
vt 0.463200 0.719100
vt 0.463200 0.719100
vt 0.463200 0.719100
vt 0.467400 0.711600
vt 0.467400 0.711600
vt 0.447300 0.721200
vt 0.447300 0.721200
vt 0.450200 0.722800
vt 0.450200 0.722800
vt 0.457600 0.722600
vt 0.457600 0.722600
vt 0.440200 0.712100
vt 0.440200 0.712100
vt 0.444500 0.719400
vt 0.444500 0.719400
vt 0.448400 0.698100
vt 0.448400 0.698100
vt 0.446400 0.699800
vt 0.446400 0.699800
vt 0.443400 0.705100
vt 0.443400 0.705100
vt 0.443400 0.705100
vt 0.443100 0.708100
vt 0.443100 0.708100
vt 0.443100 0.708100
vt 0.458600 0.697900
vt 0.458600 0.697900
vt 0.456200 0.696900
vt 0.456200 0.696900
vt 0.450800 0.696900
vt 0.450800 0.696900
vt 0.450800 0.696900
vt 0.464200 0.707700
vt 0.464200 0.707700
vt 0.463800 0.704800
vt 0.463800 0.704800
vt 0.463800 0.704800
vt 0.460800 0.699600
vt 0.460800 0.699600
vt 0.458900 0.717700
vt 0.458900 0.717700
vt 0.458900 0.717700
vt 0.461000 0.716000
vt 0.461000 0.716000
vt 0.461000 0.716000
vt 0.463900 0.710700
vt 0.463900 0.710700
vt 0.448700 0.717900
vt 0.448700 0.717900
vt 0.451100 0.718900
vt 0.451100 0.718900
vt 0.456500 0.718800
vt 0.456500 0.718800
vt 0.443500 0.711000
vt 0.443500 0.711000
vt 0.446600 0.716200
vt 0.446600 0.716200
vt 0.449300 0.699900
vt 0.447500 0.701300
vt 0.457900 0.699800
vt 0.455900 0.698900
vt 0.462500 0.707800
vt 0.462200 0.705400
vt 0.458100 0.715900
vt 0.459800 0.714500
vt 0.449500 0.716000
vt 0.451500 0.716900
vt 0.444900 0.708000
vt 0.445200 0.710400
vt 0.445100 0.705600
vt 0.451200 0.699000
vt 0.459600 0.701100
vt 0.462300 0.710200
vt 0.456100 0.716800
vt 0.447700 0.714700
vt 0.449800 0.701100
vt 0.448300 0.702300
vt 0.457300 0.700900
vt 0.455600 0.700200
vt 0.461400 0.707800
vt 0.461100 0.705700
vt 0.457500 0.714700
vt 0.459100 0.713500
vt 0.450000 0.714900
vt 0.451800 0.715600
vt 0.446000 0.708000
vt 0.446300 0.710100
vt 0.446200 0.705900
vt 0.451600 0.700200
vt 0.458900 0.702100
vt 0.461200 0.709900
vt 0.455800 0.715600
vt 0.448400 0.713700
vt 0.450300 0.702200
vt 0.450300 0.702200
vt 0.450300 0.702200
vt 0.448900 0.703300
vt 0.448900 0.703300
vt 0.448900 0.703300
vt 0.456900 0.702100
vt 0.456900 0.702100
vt 0.456900 0.702100
vt 0.455200 0.701400
vt 0.455200 0.701400
vt 0.455200 0.701400
vt 0.460300 0.707800
vt 0.460300 0.707800
vt 0.460300 0.707800
vt 0.460000 0.706000
vt 0.460000 0.706000
vt 0.460000 0.706000
vt 0.457000 0.713600
vt 0.457000 0.713600
vt 0.457000 0.713600
vt 0.458400 0.712500
vt 0.458400 0.712500
vt 0.458400 0.712500
vt 0.450500 0.713700
vt 0.450500 0.713700
vt 0.450500 0.713700
vt 0.452100 0.714400
vt 0.452100 0.714400
vt 0.452100 0.714400
vt 0.447000 0.708000
vt 0.447000 0.708000
vt 0.447000 0.708000
vt 0.447300 0.709800
vt 0.447300 0.709800
vt 0.447300 0.709800
vt 0.447300 0.706100
vt 0.447300 0.706100
vt 0.447300 0.706100
vt 0.451900 0.701500
vt 0.451900 0.701500
vt 0.451900 0.701500
vt 0.458300 0.703200
vt 0.458300 0.703200
vt 0.458300 0.703200
vt 0.460100 0.709700
vt 0.460100 0.709700
vt 0.460100 0.709700
vt 0.455400 0.714300
vt 0.455400 0.714300
vt 0.455400 0.714300
vt 0.449100 0.712600
vt 0.449100 0.712600
vt 0.449100 0.712600
vt 0.451800 0.706100
vt 0.451800 0.706100
vt 0.451800 0.706100
vt 0.451800 0.706100
vt 0.451100 0.706300
vt 0.451100 0.706300
vt 0.451100 0.706300
vt 0.451100 0.706300
vt 0.455400 0.706100
vt 0.455400 0.706100
vt 0.455400 0.706100
vt 0.455400 0.706100
vt 0.454600 0.705900
vt 0.454600 0.705900
vt 0.454600 0.705900
vt 0.454600 0.705900
vt 0.457300 0.707900
vt 0.457300 0.707900
vt 0.457300 0.707900
vt 0.457300 0.707900
vt 0.457200 0.707500
vt 0.457200 0.707500
vt 0.457200 0.707500
vt 0.457200 0.707500
vt 0.455500 0.709700
vt 0.455500 0.709700
vt 0.455500 0.709700
vt 0.455500 0.709700
vt 0.456200 0.709500
vt 0.456200 0.709500
vt 0.456200 0.709500
vt 0.456200 0.709500
vt 0.451900 0.709700
vt 0.451900 0.709700
vt 0.451900 0.709700
vt 0.452700 0.709900
vt 0.452700 0.709900
vt 0.452700 0.709900
vt 0.450000 0.707900
vt 0.450000 0.707900
vt 0.450000 0.707900
vt 0.450000 0.707900
vt 0.450200 0.708300
vt 0.450200 0.708300
vt 0.450200 0.708300
vt 0.450200 0.708300
vt 0.450100 0.707500
vt 0.450100 0.707500
vt 0.450100 0.707500
vt 0.450100 0.707500
vt 0.452600 0.705900
vt 0.452600 0.705900
vt 0.452600 0.705900
vt 0.452600 0.705900
vt 0.456100 0.706300
vt 0.456100 0.706300
vt 0.456100 0.706300
vt 0.456100 0.706300
vt 0.457200 0.708300
vt 0.457200 0.708300
vt 0.457200 0.708300
vt 0.457200 0.708300
vt 0.454700 0.709900
vt 0.454700 0.709900
vt 0.454700 0.709900
vt 0.454700 0.709900
vt 0.451200 0.709500
vt 0.451200 0.709500
vt 0.451200 0.709500
vt 0.452000 0.706900
vt 0.452000 0.706900
vt 0.451400 0.707000
vt 0.451400 0.707000
vt 0.455300 0.706900
vt 0.455300 0.706900
vt 0.454500 0.706900
vt 0.454500 0.706900
vt 0.457000 0.708000
vt 0.457000 0.708000
vt 0.885500 0.145200
vt 0.874700 0.169800
vt 0.456000 0.708800
vt 0.456000 0.708800
vt 0.452100 0.708900
vt 0.452900 0.708900
vt 0.450300 0.707800
vt 0.450300 0.707800
vt 0.845800 0.158700
vt 0.450500 0.707700
vt 0.450500 0.707700
vt 0.452700 0.706800
vt 0.452700 0.706800
vt 0.455900 0.707000
vt 0.455900 0.707000
vt 0.456900 0.708100
vt 0.456900 0.708100
vt 0.454600 0.709000
vt 0.454600 0.709000
vt 0.451500 0.708800
vt 0.857500 0.135700
vt 0.854200 0.138100
vt 0.873700 0.135700
vt 0.870200 0.134300
vt 0.882600 0.152000
vt 0.882100 0.148200
vt 0.873800 0.168200
vt 0.877000 0.165800
vt 0.857500 0.168200
vt 0.861100 0.169600
vt 0.848600 0.151900
vt 0.849100 0.155700
vt 0.849200 0.148100
vt 0.861100 0.134300
vt 0.877000 0.138200
vt 0.882100 0.155800
vt 0.870100 0.169600
vt 0.854300 0.165700
vt 0.859200 0.139700
vt 0.856600 0.141700
vt 0.871800 0.139500
vt 0.868900 0.138300
vt 0.878600 0.151800
vt 0.878200 0.148500
vt 0.872100 0.164200
vt 0.874600 0.162200
vt 0.859400 0.164400
vt 0.862300 0.165700
vt 0.852600 0.152100
vt 0.853100 0.155400
vt 0.853000 0.148900
vt 0.862100 0.138400
vt 0.874400 0.141500
vt 0.878200 0.155100
vt 0.869200 0.165500
vt 0.856900 0.162400
vt 0.861800 0.144800
vt 0.860400 0.146000
vt 0.869300 0.144600
vt 0.867700 0.144000
vt 0.873300 0.151900
vt 0.873000 0.150000
vt 0.869500 0.159100
vt 0.870900 0.158000
vt 0.861900 0.159200
vt 0.863600 0.159900
vt 0.858000 0.152000
vt 0.858200 0.153900
vt 0.858200 0.150200
vt 0.863400 0.144100
vt 0.870800 0.145800
vt 0.873000 0.153700
vt 0.867900 0.159800
vt 0.860500 0.158100
vt 0.862700 0.146800
vt 0.861700 0.147600
vt 0.868400 0.146500
vt 0.867200 0.146200
vt 0.871300 0.151900
vt 0.871100 0.150500
vt 0.868500 0.157200
vt 0.869600 0.156300
vt 0.862900 0.157200
vt 0.864200 0.157900
vt 0.860000 0.152000
vt 0.860100 0.153400
vt 0.860100 0.150600
vt 0.864000 0.146200
vt 0.869500 0.147500
vt 0.871100 0.153400
vt 0.867300 0.157700
vt 0.861700 0.156300
vt 0.422900 0.707800
vt 0.422900 0.707800
vt 0.422900 0.707800
vt 0.424700 0.696300
vt 0.424700 0.696300
vt 0.424700 0.696300
vt 0.440900 0.679600
vt 0.440900 0.679600
vt 0.440900 0.679600
vt 0.447700 0.676100
vt 0.447700 0.676100
vt 0.447700 0.676100
vt 0.466600 0.679700
vt 0.466600 0.679700
vt 0.466600 0.679700
vt 0.473600 0.683500
vt 0.473600 0.683500
vt 0.473600 0.683500
vt 0.484500 0.708000
vt 0.484500 0.708000
vt 0.484500 0.708000
vt 0.482600 0.719600
vt 0.482600 0.719600
vt 0.482600 0.719600
vt 0.466400 0.736100
vt 0.466400 0.736100
vt 0.466400 0.736100
vt 0.459700 0.739600
vt 0.459700 0.739600
vt 0.459700 0.739600
vt 0.440800 0.736100
vt 0.440800 0.736100
vt 0.440800 0.736100
vt 0.433800 0.732200
vt 0.433800 0.732200
vt 0.433800 0.732200
vt 0.433700 0.683800
vt 0.433700 0.683800
vt 0.433700 0.683800
vt 0.459400 0.676300
vt 0.459400 0.676300
vt 0.459400 0.676300
vt 0.482300 0.696200
vt 0.482300 0.696200
vt 0.482300 0.696200
vt 0.473600 0.732000
vt 0.473600 0.732000
vt 0.473600 0.732000
vt 0.447900 0.739500
vt 0.447900 0.739500
vt 0.447900 0.739500
vt 0.425100 0.719600
vt 0.425100 0.719600
vt 0.425100 0.719600
vt 0.415400 0.707900
vt 0.420300 0.693500
vt 0.439300 0.674900
vt 0.447000 0.671800
vt 0.468100 0.674900
vt 0.475900 0.679600
vt 0.492000 0.707900
vt 0.487100 0.722300
vt 0.468100 0.740800
vt 0.460400 0.744000
vt 0.439200 0.740800
vt 0.431500 0.736200
vt 0.431400 0.679700
vt 0.460200 0.671900
vt 0.486800 0.693400
vt 0.476000 0.736000
vt 0.447200 0.743900
vt 0.420600 0.722300
vt 0.670600 0.306400
vt 0.640000 0.306400
vt 0.640000 0.306400
vt 0.639600 0.085200
vt 0.639600 0.085200
vt 0.639600 0.085200
vt 0.670400 0.078300
vt 0.670400 0.078300
vt 0.704300 0.078300
vt 0.704300 0.078300
vt 0.704500 0.306400
vt 0.002000 0.085200
vt 0.736400 0.085200
vt 0.002000 0.085200
vt 0.736400 0.085200
vt 0.736400 0.306400
vt 0.002000 0.306400
vt 0.577900 0.306400
vt 0.549200 0.306400
vt 0.549200 0.306400
vt 0.548700 0.085200
vt 0.548700 0.085200
vt 0.548700 0.085200
vt 0.577400 0.078300
vt 0.577400 0.078300
vt 0.609100 0.078300
vt 0.609100 0.078300
vt 0.609600 0.306400
vt 0.489100 0.306400
vt 0.460300 0.306400
vt 0.460000 0.085200
vt 0.460000 0.085200
vt 0.488700 0.078300
vt 0.488700 0.078300
vt 0.519600 0.078300
vt 0.519600 0.078300
vt 0.520100 0.306400
vt 0.430800 0.306400
vt 0.103800 0.998000
vt 0.415600 0.306400
vt 0.307600 0.306400
vt 0.278100 0.306400
vt 0.278400 0.085200
vt 0.278400 0.085200
vt 0.002000 0.998000
vt 0.322700 0.306400
vt 0.339500 0.078300
vt 0.218300 0.306400
vt 0.189200 0.306400
vt 0.189200 0.306400
vt 0.189700 0.085200
vt 0.189700 0.085200
vt 0.189700 0.085200
vt 0.218800 0.078300
vt 0.218800 0.078300
vt 0.249700 0.078300
vt 0.249700 0.078300
vt 0.249200 0.306400
vt 0.128800 0.306400
vt 0.098400 0.306400
vt 0.098400 0.306400
vt 0.098800 0.085200
vt 0.098800 0.085200
vt 0.098800 0.085200
vt 0.129300 0.078300
vt 0.129300 0.078300
vt 0.161000 0.078300
vt 0.161000 0.078300
vt 0.160500 0.306400
vt 0.033900 0.306400
vt 0.034000 0.078300
vt 0.034000 0.078300
vt 0.068000 0.078300
vt 0.068000 0.078300
vt 0.067700 0.306400
vt 0.639300 0.074700
vt 0.670300 0.074700
vt 0.704300 0.074700
vt 0.736400 0.074700
vt 0.002000 0.074700
vt 0.577300 0.074700
vt 0.459700 0.074700
vt 0.488600 0.074700
vt 0.398800 0.074700
vt 0.430500 0.074700
vt 0.307900 0.074700
vt 0.339600 0.074700
vt 0.190100 0.074700
vt 0.249800 0.074700
vt 0.099100 0.074700
vt 0.034100 0.074700
vt 0.639300 0.002000
vt 0.670300 0.002000
vt 0.704300 0.002000
vt 0.002000 0.002000
vt 0.736400 0.002000
vt 0.548300 0.002000
vt 0.577300 0.002000
vt 0.609000 0.002000
vt 0.459700 0.002000
vt 0.488600 0.002000
vt 0.519500 0.002000
vt 0.369200 0.002000
vt 0.398800 0.002000
vt 0.430500 0.002000
vt 0.278700 0.002000
vt 0.307900 0.002000
vt 0.339600 0.002000
vt 0.190100 0.002000
vt 0.218900 0.002000
vt 0.249800 0.002000
vt 0.099100 0.002000
vt 0.129400 0.002000
vt 0.161100 0.002000
vt 0.034100 0.002000
vt 0.068100 0.002000
vt 0.639200 0.002000
vt 0.670200 0.002000
vt 0.704300 0.002000
vt 0.736400 0.002000
vt 0.002000 0.002000
vt 0.548200 0.002000
vt 0.577200 0.002000
vt 0.608900 0.002000
vt 0.459600 0.002000
vt 0.488500 0.002000
vt 0.519400 0.002000
vt 0.369200 0.002000
vt 0.398800 0.002000
vt 0.430400 0.002000
vt 0.278800 0.002000
vt 0.308000 0.002000
vt 0.339600 0.002000
vt 0.190200 0.002000
vt 0.219000 0.002000
vt 0.249900 0.002000
vt 0.099200 0.002000
vt 0.129500 0.002000
vt 0.161200 0.002000
vt 0.034100 0.002000
vt 0.068200 0.002000
vt 0.894100 0.322300
vt 0.796100 0.433700
vt 0.898700 0.450200
vt 0.882600 0.449800
vt 0.896000 0.470200
vt 0.897400 0.464400
vt 0.907000 0.471100
vt 0.842200 0.462100
vt 0.082100 0.938500
vt 0.862500 0.469300
vt 0.968713 0.052764
vt 0.700300 0.840300
vt 0.703200 0.840500
vt 0.688700 0.958000
vt 0.690400 0.958000
vt 0.700800 0.958500
vt 0.700700 0.964100
vt 0.688200 0.963500
vt 0.689600 0.975100
vt 0.726400 0.977800
vt 0.700700 0.969500
vt 0.701500 0.969400
vt 0.073600 0.938500
vt 0.704600 0.984900
vt 0.662800 0.974400
vt 0.672800 0.980000
vt 0.698600 0.982900
vt 0.704300 0.306400
vt 0.670300 0.306400
vt 0.639600 0.306400
vt 0.736400 0.306400
vt 0.002000 0.306400
vt 0.609100 0.306400
vt 0.577400 0.306400
vt 0.548600 0.306400
vt 0.519600 0.306400
vt 0.488700 0.306400
vt 0.459900 0.306400
vt 0.430500 0.306400
vt 0.415400 0.306400
vt 0.307900 0.306400
vt 0.278500 0.306400
vt 0.323000 0.306400
vt 0.249700 0.306400
vt 0.218800 0.306400
vt 0.189800 0.306400
vt 0.161000 0.306400
vt 0.129300 0.306400
vt 0.098800 0.306400
vt 0.068100 0.306400
vt 0.034100 0.306400
vt 0.335200 0.306400
vt 0.403200 0.306400
vt 0.747000 0.207300
vt 0.800700 0.069900
vt 0.800700 0.234800
vt 0.800700 0.002000
vt 0.832800 0.234800
vt 0.832800 0.002000
vt 0.832800 0.069900
vt 0.800700 0.130600
vt 0.832800 0.130600
vt 0.832800 0.175700
vt 0.800700 0.175700
vt 0.745700 0.202500
vt 0.832800 0.075600
vt 0.832800 0.072700
vt 0.833900 0.072600
vt 0.800700 0.072700
vt 0.745200 0.205300
vt 0.345700 0.813600
vt 0.280800 0.820200
vt 0.359700 0.847500
vt 0.263800 0.855600
vt 0.263800 0.855600
vt 0.259000 0.850900
vt 0.259000 0.850900
vt 0.259000 0.850900
vt 0.259000 0.850900
vt 0.274000 0.817100
vt 0.274000 0.817100
vt 0.295400 0.785300
vt 0.331600 0.779700
vt 0.288500 0.782600
vt 0.288500 0.782600
vt 0.308700 0.748200
vt 0.317600 0.745900
vt 0.308700 0.748200
vt 0.302000 0.748100
vt 0.302000 0.748100
vt 0.302000 0.748100
vt 0.296300 0.710800
vt 0.331600 0.712000
vt 0.288900 0.713400
vt 0.345700 0.678100
vt 0.281000 0.675500
vt 0.274300 0.678700
vt 0.263700 0.640300
vt 0.359700 0.644200
vt 0.263700 0.640300
vt 0.259000 0.645000
vt 0.259000 0.645000
vt 0.098700 0.617300
vt 0.513100 0.623400
vt 0.102400 0.614200
vt 0.508600 0.618600
vt 0.102400 0.614200
vt 0.107800 0.618100
vt 0.107800 0.618100
vt 0.107800 0.618100
vt 0.107800 0.618100
vt 0.102400 0.623000
vt 0.082800 0.623600
vt 0.529200 0.630100
vt 0.085800 0.630200
vt 0.047100 0.640200
vt 0.047100 0.640200
vt 0.563100 0.644200
vt 0.051800 0.645000
vt 0.029700 0.675500
vt 0.577200 0.678100
vt 0.036500 0.678700
vt 0.591200 0.712000
vt 0.014400 0.710800
vt 0.021800 0.713400
vt 0.002000 0.748200
vt 0.002000 0.748200
vt 0.605200 0.745900
vt 0.008700 0.748200
vt 0.008700 0.748200
vt 0.008700 0.748200
vt 0.591200 0.779800
vt 0.015400 0.785300
vt 0.022300 0.782700
vt 0.022300 0.782700
vt 0.577100 0.813700
vt 0.030000 0.820200
vt 0.036700 0.817200
vt 0.036700 0.817200
vt 0.047000 0.855700
vt 0.563100 0.847500
vt 0.047000 0.855700
vt 0.051700 0.850900
vt 0.051700 0.850900
vt 0.051700 0.850900
vt 0.051700 0.850900
vt 0.529200 0.861600
vt 0.082400 0.872700
vt 0.085500 0.865900
vt 0.085500 0.865900
vt 0.496700 0.875000
vt 0.115700 0.886600
vt 0.896600 0.104400
vt 0.115700 0.886600
vt 0.465100 0.883900
vt 0.117500 0.879500
vt 0.117500 0.879500
vt 0.117500 0.879500
vt 0.117500 0.879500
vt 0.118800 0.879200
vt 0.896600 0.112100
vt 0.118800 0.879200
vt 0.118800 0.879200
vt 0.393600 0.630200
vt 0.228000 0.623700
vt 0.225100 0.630300
vt 0.409800 0.623500
vt 0.212100 0.617300
vt 0.208400 0.623100
vt 0.208400 0.614300
vt 0.208400 0.614300
vt 0.414300 0.618700
vt 0.203100 0.618200
vt 0.203100 0.618200
vt 0.203100 0.618200
vt 0.203100 0.618200
vt 0.393600 0.861600
vt 0.228300 0.872700
vt 0.376900 0.830600
vt 0.405000 0.842300
vt 0.896600 0.104400
vt 0.426100 0.875000
vt 0.195100 0.886600
vt 0.902000 0.260700
vt 0.195100 0.886600
vt 0.433200 0.853900
vt 0.896600 0.104400
vt 0.902000 0.276600
vt 0.745200 0.002000
vt 0.444800 0.875000
vt 0.745200 0.002000
vt 0.461400 0.875000
vt 0.461400 0.865600
vt 0.341900 0.746100
vt 0.353500 0.774300
vt 0.365200 0.802400
vt 0.376900 0.661600
vt 0.365200 0.689800
vt 0.353500 0.717900
vt 0.430300 0.643200
vt 0.418500 0.644400
vt 0.405000 0.649900
vt 0.580900 0.746100
vt 0.569300 0.717900
vt 0.557600 0.689800
vt 0.546000 0.661600
vt 0.545900 0.830600
vt 0.557600 0.802500
vt 0.569300 0.774300
vt 0.478000 0.875000
vt 0.465100 0.899700
vt 0.773400 0.002000
vt 0.896600 0.104400
vt 0.896600 0.104400
vt 0.489600 0.854000
vt 0.517700 0.842300
vt 0.517800 0.649900
vt 0.504300 0.644300
vt 0.492500 0.643200
vt 0.165700 0.758000
vt 0.170000 0.747800
vt 0.165800 0.737400
vt 0.155600 0.658400
vt 0.155300 0.735000
vt 0.145100 0.737500
vt 0.140800 0.747700
vt 0.145000 0.757900
vt 0.155300 0.762300
vt 0.155400 0.846300
vt 0.155400 0.846300
vt 0.155400 0.846300
vt 0.155400 0.846300
vt 0.155400 0.846300
vt 0.155400 0.846300
vt 0.108500 0.618800
vt 0.108500 0.618800
vt 0.108500 0.618800
vt 0.155600 0.657900
vt 0.202500 0.618600
vt 0.202500 0.618600
vt 0.202500 0.618600
vt 0.125600 0.570500
vt 0.125600 0.570500
vt 0.156000 0.590700
vt 0.185800 0.570700
vt 0.185800 0.570700
vt 0.185600 0.571400
vt 0.185600 0.571400
vt 0.185600 0.571400
vt 0.187900 0.567400
vt 0.431700 0.567400
vt 0.187900 0.567400
vt 0.491100 0.567300
vt 0.123400 0.567300
vt 0.123400 0.567300
vt 0.125900 0.571200
vt 0.125900 0.571200
vt 0.125900 0.571200
vt 0.152600 0.585600
vt 0.159000 0.585400
vt 0.464400 0.585700
vt 0.153200 0.571300
vt 0.157600 0.571300
vt 0.458400 0.585700
vt 0.461400 0.644600
vt 0.225300 0.865900
vt 0.225300 0.865900
vt 0.193300 0.879400
vt 0.193300 0.879400
vt 0.193300 0.879400
vt 0.193300 0.879400
vt 0.192000 0.879100
vt 0.192000 0.879100
vt 0.192000 0.879100
vt 0.896600 0.112100
vt 0.896600 0.123500
vt 0.185700 0.887400
vt 0.155400 0.859800
vt 0.155400 0.859800
vt 0.125100 0.887400
vt 0.896600 0.123500
vt 0.896600 0.123500
vt 0.773400 0.024800
vt 0.896600 0.123500
vt 0.745200 0.024800
vt 0.856400 0.260700
vt 0.856400 0.260700
vt 0.833400 0.260700
vt 0.850000 0.123500
vt 0.818000 0.260700
vt 0.810600 0.260700
vt 0.802900 0.276600
vt 0.856400 0.276600
vt 0.842000 0.104400
vt 0.856400 0.276600
vt 0.833400 0.276600
vt 0.810600 0.276600
vt 0.818000 0.276600
vt 0.842000 0.180500
vt 0.851400 0.180500
vt 0.851400 0.199200
vt 0.842000 0.199200
vt 0.860700 0.180500
vt 0.851100 0.089000
vt 0.860700 0.199200
vt 0.869800 0.180500
vt 0.860200 0.086600
vt 0.869800 0.199200
vt 0.879100 0.180500
vt 0.879100 0.199200
vt 0.869300 0.089000
vt 0.888500 0.180500
vt 0.875900 0.095500
vt 0.888500 0.199200
vt 0.878300 0.104400
vt 0.878300 0.104400
vt 0.897800 0.199200
vt 0.373700 0.883900
vt 0.381100 0.883900
vt 0.396500 0.883900
vt 0.366000 0.883900
vt 0.419500 0.883900
vt 0.419500 0.883900
vt 0.366000 0.899700
vt 0.396500 0.899700
vt 0.419500 0.899700
vt 0.842000 0.104400
vt 0.419500 0.899700
vt 0.373700 0.899700
vt 0.381100 0.899700
vt 0.842100 0.180400
vt 0.842100 0.199200
vt 0.844500 0.095500
vt 0.851400 0.180400
vt 0.860700 0.199200
vt 0.851100 0.089000
vt 0.860700 0.180400
vt 0.860200 0.086600
vt 0.870000 0.199200
vt 0.870000 0.180400
vt 0.879300 0.199200
vt 0.869300 0.089000
vt 0.879300 0.180400
vt 0.875900 0.095500
vt 0.888700 0.199200
vt 0.888700 0.180400
vt 0.878300 0.104400
vt 0.898000 0.199200
vt 0.878300 0.104400
vt 0.894300 0.315200
vt 0.369200 0.129200
vt 0.687700 0.968900
vt 0.688500 0.968700
vt 0.898400 0.457100
vt 0.882600 0.456700
vt 0.894100 0.322300
vt 0.044000 0.896200
vt 0.883200 0.442600
vt 0.938400 0.464700
vt 0.898500 0.443000
vt 0.038700 0.906800
vt 0.058600 0.900300
vt 0.033600 0.917400
vt 0.028100 0.927900
vt 0.716000 0.982200
vt 0.062500 0.906800
vt 0.614100 0.927100
vt 0.966605 0.054887
vt 0.735200 0.971700
vt 0.683900 0.983800
vt 0.040200 0.917400
vt 0.779900 0.935800
vt 0.951586 0.032214
vt 0.403300 0.306400
vt 0.089700 0.996500
vt 0.035600 0.927900
vt 0.917700 0.470700
vt 0.928500 0.468600
vt 0.873200 0.470200
vt 0.047100 0.900300
vt 0.690000 0.982400
vt 0.044000 0.896200
vt 0.851900 0.466500
vt 0.896000 0.470200
vt 0.072100 0.917400
vt 0.099300 0.992900
vt 0.077600 0.927900
vt 0.129400 0.074700
vt 0.161100 0.074700
vt 0.047100 0.900300
vt 0.043300 0.906800
vt 0.278700 0.074700
vt 0.654800 0.967500
vt 0.218900 0.074700
vt 0.032100 0.938500
vt 0.519500 0.074700
vt 0.335100 0.306400
vt 0.016000 0.996500
vt 0.068100 0.074700
vt 0.067100 0.906800
vt 0.061700 0.896200
vt 0.065500 0.917400
vt 0.070200 0.927900
vt 0.369200 0.074700
vt 0.690000 0.982400
vt 0.898700 0.450200
vt 0.882600 0.456700
vt 0.548300 0.074700
vt 0.698600 0.982900
vt 0.609000 0.074700
vt 0.898400 0.457100
vt 0.894100 0.322300
vt 0.307800 0.078300
vt 0.398900 0.078300
vt 0.430500 0.078300
vt 0.369200 0.085200
vt 0.898500 0.443000
vt 0.884200 0.469900
vt 0.883100 0.464000
vt 0.882600 0.449800
vt 0.883200 0.442600
vt 0.884200 0.469900
vt 0.688500 0.968700
vt 0.689600 0.975100
vt 0.689400 0.975000
vt 0.689000 0.963300
vt 0.699800 0.975600
vt 0.700000 0.975500
vt 0.701500 0.969400
vt 0.699800 0.975600
vt 0.058600 0.900300
vt 0.701600 0.964000
vt 0.897400 0.464400
vt 0.883100 0.464000
vt 0.061700 0.896200
vt 0.398900 0.078300
vt 0.430500 0.078300
vt 0.307800 0.078300
vt 0.369200 0.085200
vt 0.339500 0.078300
vt 0.894300 0.315200
vt 0.369200 0.129200
vt 0.369200 0.085200
vt 0.155300 0.735000
vt 0.023600 0.938500
vt 0.307600 0.306400
vt 0.790100 0.430900
vt 0.322700 0.306400
vt 0.006400 0.992900
vt 0.218300 0.306400
vt 0.278100 0.306400
vt 0.249200 0.306400
vt 0.098400 0.306400
vt 0.067700 0.306400
vt 0.128800 0.306400
vt 0.160500 0.306400
vt 0.033900 0.306400
vt 0.189200 0.306400
vt 0.489100 0.306400
vt 0.460300 0.306400
vt 0.430800 0.306400
vt 0.640000 0.306400
vt 0.609600 0.306400
vt 0.704500 0.306400
vt 0.736400 0.306400
vt 0.002000 0.306400
vt 0.670600 0.306400
vt 0.549200 0.306400
vt 0.520100 0.306400
vt 0.577900 0.306400
vt 0.992100 0.436300
vt 0.415600 0.306400
vt 0.986000 0.438800
vt 0.278100 0.306400
vt 0.278400 0.085200
vt 0.460300 0.306400
vt 0.460000 0.085200
vt 0.307900 0.074700
vt 0.339600 0.074700
vt 0.459700 0.074700
vt 0.488600 0.074700
vt 0.639300 0.074700
vt 0.670300 0.074700
vt 0.704300 0.074700
vt 0.430500 0.074700
vt 0.609000 0.074700
vt 0.398800 0.074700
vt 0.129400 0.074700
vt 0.161100 0.074700
vt 0.099100 0.074700
vt 0.068100 0.074700
vt 0.278700 0.074700
vt 0.190100 0.074700
vt 0.218900 0.074700
vt 0.519500 0.074700
vt 0.034100 0.074700
vt 0.249800 0.074700
vt 0.369200 0.074700
vt 0.548300 0.074700
vt 0.577300 0.074700
vt 0.002000 0.074700
vt 0.736400 0.074700
vt 0.190100 0.002000
vt 0.218900 0.002000
vt 0.736400 0.002000
vt 0.002000 0.002000
vt 0.034100 0.002000
vt 0.577300 0.002000
vt 0.609000 0.002000
vt 0.548300 0.002000
vt 0.161100 0.002000
vt 0.704300 0.002000
vt 0.369200 0.002000
vt 0.398800 0.002000
vt 0.488600 0.002000
vt 0.519500 0.002000
vt 0.307900 0.002000
vt 0.339600 0.002000
vt 0.639300 0.002000
vt 0.670300 0.002000
vt 0.278700 0.002000
vt 0.249800 0.002000
vt 0.099100 0.002000
vt 0.129400 0.002000
vt 0.430500 0.002000
vt 0.459700 0.002000
vt 0.068100 0.002000
vt 0.155600 0.658400
vt 0.155600 0.657900
vt 0.145100 0.737500
vt 0.165800 0.737400
vt 0.145000 0.757900
vt 0.165700 0.758000
vt 0.140800 0.747700
vt 0.170000 0.747800
vt 0.155300 0.762300
vt 0.102400 0.623000
vt 0.085800 0.630200
vt 0.051800 0.645000
vt 0.051800 0.645000
vt 0.051800 0.645000
vt 0.036500 0.678700
vt 0.021800 0.713400
vt 0.008700 0.748200
vt 0.208400 0.623100
vt 0.259000 0.645000
vt 0.259000 0.645000
vt 0.225100 0.630300
vt 0.274300 0.678700
vt 0.288900 0.713400
vt 0.302000 0.748100
vt 0.800700 0.075600
vt 0.832800 0.130600
vt 0.900400 0.076900
vt 0.800700 0.130600
vt 0.768800 0.150900
vt 0.800700 0.175700
vt 0.800700 0.175700
vt 0.832800 0.175700
vt 0.891900 0.032300
vt 0.275313 0.891996
vt 0.332231 0.891997
vt 0.235768 0.935553
vt 0.332231 0.915117
vt 0.275313 0.955991
vt 0.275313 0.915116
vt 0.275313 0.979111
vt 0.332232 0.979111
vt 0.332232 0.955991
vt 0.842000 0.104400
vt 0.842000 0.116200
vt 0.842900 0.120300
vt 0.845600 0.122700
vt 0.850000 0.123500
vt 0.842000 0.116200
vt 0.842900 0.120300
vt 0.850000 0.123500
vt 0.845600 0.122700
vt 0.845600 0.122700
vt 0.869300 0.089000
vt 0.875900 0.095500
vt 0.860200 0.086600
vt 0.898000 0.180400
vt 0.844500 0.095500
vt 0.851100 0.089000
vt 0.842100 0.104400
vt 0.851400 0.199200
vt 0.842100 0.104400
vt 0.842900 0.120300
vt 0.845600 0.122700
vt 0.844500 0.095500
vt 0.851100 0.089000
vt 0.842000 0.116200
vt 0.842000 0.104400
vt 0.844500 0.095500
vt 0.860200 0.086600
vt 0.850000 0.123500
vt 0.845600 0.122700
vt 0.869300 0.089000
vt 0.802900 0.260700
vt 0.842000 0.116200
vt 0.842900 0.120300
vt 0.875900 0.095500
vt 0.897800 0.180500
vt 0.842100 0.104400
vt 0.842100 0.104400
vt 0.099400 0.327600
vt 0.099400 0.327600
vt 0.131100 0.322400
vt 0.457300 0.526300
vt 0.423300 0.526300
vt 0.749500 0.322400
vt 0.715500 0.322400
vt 0.489000 0.520200
vt 0.489000 0.520200
vt 0.099400 0.520200
vt 0.099400 0.520200
vt 0.131100 0.526300
vt 0.489000 0.327600
vt 0.489000 0.327600
vt 0.423300 0.322400
vt 0.391600 0.327600
vt 0.391600 0.327600
vt 0.457300 0.322400
vt 0.391600 0.520200
vt 0.391600 0.520200
vt 0.294200 0.327600
vt 0.294200 0.327600
vt 0.325900 0.322400
vt 0.554700 0.322400
vt 0.586400 0.327600
vt 0.586400 0.327600
vt 0.196800 0.327600
vt 0.196800 0.327600
vt 0.228500 0.322400
vt 0.359900 0.322400
vt 0.067700 0.322400
vt 0.033700 0.322400
vt 0.196800 0.520200
vt 0.196800 0.520200
vt 0.228500 0.526300
vt 0.586400 0.520200
vt 0.586400 0.520200
vt 0.652100 0.322400
vt 0.618100 0.322400
vt 0.683800 0.520200
vt 0.683800 0.520200
vt 0.652100 0.526300
vt 0.715500 0.526300
vt 0.165100 0.322400
vt 0.520700 0.322400
vt 0.618100 0.526300
vt 0.554700 0.526300
vt 0.520700 0.526300
vt 0.294200 0.520200
vt 0.294200 0.520200
vt 0.262500 0.526300
vt 0.002000 0.327600
vt 0.781200 0.327600
vt 0.002000 0.520200
vt 0.781200 0.520200
vt 0.033700 0.526300
vt 0.262500 0.322400
vt 0.165100 0.526300
vt 0.359900 0.526300
vt 0.325900 0.526300
vt 0.683800 0.327600
vt 0.683800 0.327600
vt 0.749500 0.526300
vt 0.067700 0.526300
vt 0.709300 0.826300
vt 0.676300 0.811600
vt 0.878200 0.703000
vt 0.873000 0.736200
vt 0.742600 0.831500
vt 0.837000 0.795300
vt 0.809800 0.815200
vt 0.816000 0.587200
vt 0.842100 0.608500
vt 0.630400 0.763100
vt 0.617400 0.729300
vt 0.614100 0.695800
vt 0.749700 0.567300
vt 0.783000 0.572500
vt 0.716200 0.570700
vt 0.650200 0.790300
vt 0.619300 0.662500
vt 0.634000 0.629500
vt 0.858300 0.769300
vt 0.861900 0.635700
vt 0.655300 0.603500
vt 0.874900 0.669500
vt 0.682500 0.583600
vt 0.776100 0.828100
vt 0.856600 0.134100
vt 0.851600 0.137300
vt 0.845800 0.145200
vt 0.455400 0.708900
vt 0.455400 0.708900
vt 0.879700 0.166600
vt 0.450500 0.708000
vt 0.450500 0.708000
vt 0.851600 0.166600
vt 0.869400 0.132400
vt 0.861800 0.132400
vt 0.874700 0.134100
vt 0.879700 0.137300
vt 0.885500 0.158700
vt 0.856600 0.169800
vt 0.456800 0.707800
vt 0.456800 0.707800
vt 0.861800 0.171500
vt 0.869400 0.171500
vt 0.889200 0.152000
vt 0.842000 0.152000
vt 0.203100 0.618200
vt 0.155600 0.658400
vt 0.155600 0.657900
vt 0.107800 0.618100
vt 0.155600 0.658400
vt 0.155600 0.657900
vt 0.800700 0.075600
vt 0.837000 0.073600
vt 0.832800 0.075600
usemtl libero_visual
f 178/178 182/182 184/184
f 184/184 187/187 178/178
f 187/187 184/184 189/189
f 189/189 191/191 187/187
f 191/191 189/189 195/195
f 195/195 196/196 191/191
f 201/201 205/205 207/207
f 207/207 211/211 201/201
f 212/212 208/208 215/215
f 215/215 218/218 212/212
f 218/218 215/215 180/180
f 180/180 179/179 218/218
f 221/221 223/223 227/227
f 227/227 229/229 221/221
f 229/229 227/227 231/231
f 231/231 236/236 229/229
f 234/234 232/232 204/204
f 204/204 200/200 234/234
f 241/241 242/242 245/245
f 245/245 248/248 241/241
f 248/248 245/245 251/251
f 251/251 252/252 248/248
f 252/252 251/251 225/225
f 225/225 220/220 252/252
f 257/257 260/260 262/262
f 262/262 266/266 257/257
f 266/266 262/262 267/267
f 267/267 271/271 266/266
f 271/271 267/267 244/244
f 244/244 238/238 271/271
f 197/197 193/193 273/273
f 273/273 276/276 197/197
f 276/276 273/273 277/277
f 277/277 281/281 276/276
f 281/281 277/277 259/259
f 259/259 256/256 281/281
f 284/284 283/283 325/325
f 325/325 327/327 284/284
f 288/288 284/284 327/327
f 327/327 330/330 288/288
f 289/289 286/286 329/329
f 329/329 331/331 289/289
f 295/295 292/292 335/335
f 335/335 337/337 295/295
f 297/297 295/295 337/337
f 337/337 340/340 297/297
f 283/283 296/296 338/338
f 338/338 325/325 283/283
f 303/303 300/300 342/342
f 342/342 344/344 303/303
f 304/304 301/301 345/345
f 345/345 346/346 304/304
f 292/292 304/304 346/346
f 346/346 335/335 292/292
f 311/311 308/308 350/350
f 350/350 352/352 311/311
f 313/313 310/310 351/351
f 351/351 354/354 313/313
f 300/300 313/313 354/354
f 354/354 342/342 300/300
f 317/317 314/314 357/357
f 357/357 358/358 317/317
f 319/319 317/317 358/358
f 358/358 360/360 319/319
f 307/307 319/319 360/360
f 360/360 348/348 307/307
f 321/321 290/290 333/333
f 333/333 363/363 321/321
f 322/322 321/321 363/363
f 363/363 365/365 322/322
f 314/314 322/322 365/365
f 365/365 357/357 314/314
f 406/406 403/403 457/457
f 457/457 460/460 406/406
f 411/411 408/408 467/467
f 467/467 469/469 411/411
f 418/418 414/414 474/474
f 474/474 479/479 418/418
f 425/425 421/421 481/481
f 481/481 486/486 425/425
f 430/430 427/427 489/489
f 489/489 492/492 430/430
f 437/437 434/434 497/497
f 497/497 499/499 437/437
f 440/440 405/405 463/463
f 463/463 505/505 440/440
f 433/433 438/438 504/504
f 504/504 494/494 433/433
f 442/442 412/412 470/470
f 470/470 508/508 442/442
f 402/402 441/441 509/509
f 509/509 459/459 402/402
f 444/444 419/419 476/476
f 476/476 513/513 444/444
f 410/410 445/445 512/512
f 512/512 466/466 410/410
f 448/448 424/424 484/484
f 484/484 516/516 448/448
f 415/415 447/447 517/517
f 517/517 472/472 415/415
f 451/451 429/429 491/491
f 491/491 520/520 451/451
f 422/422 450/450 519/519
f 519/519 480/480 422/422
f 454/454 436/436 498/498
f 498/498 523/523 454/454
f 426/426 453/453 524/524
f 524/524 490/490 426/426
f 462/462 456/456 526/526
f 526/526 528/528 462/462
f 471/471 464/464 529/529
f 529/529 532/532 471/471
f 478/478 475/475 533/533
f 533/533 1550/1550 478/478
f 487/487 483/483 1537/1537
f 1537/1537 538/538 487/487
f 493/493 488/488 539/539
f 539/539 540/540 493/493
f 501/501 496/496 541/541
f 541/541 1540/1540 501/501
f 502/502 461/461 527/527
f 527/527 545/545 502/502
f 495/495 503/503 544/544
f 544/544 542/542 495/495
f 506/506 468/468 531/531
f 531/531 546/546 506/506
f 458/458 507/507 547/547
f 547/547 525/525 458/458
f 511/511 477/477 1549/1549
f 1549/1549 548/548 511/511
f 465/465 510/510 549/549
f 549/549 530/530 465/465
f 515/515 485/485 537/537
f 537/537 550/550 515/515
f 473/473 514/514 551/551
f 551/551 534/534 473/473
f 518/518 493/493 540/540
f 540/540 553/553 518/518
f 482/482 521/521 552/552
f 552/552 1538/1538 482/482
f 522/522 500/500 1541/1541
f 1541/1541 554/554 522/522
f 488/488 522/522 554/554
f 554/554 539/539 488/488
f 192/192 199/199 629/629
f 629/629 631/631 192/192
f 216/216 177/177 633/633
f 633/633 637/637 216/216
f 237/237 202/202 641/641
f 641/641 642/642 237/237
f 254/254 219/219 646/646
f 646/646 649/649 254/254
f 269/269 240/240 653/653
f 653/653 655/655 269/269
f 279/279 258/258 658/658
f 658/658 661/661 279/279
f 186/186 190/190 632/632
f 632/632 663/663 186/186
f 176/176 185/185 665/665
f 665/665 634/634 176/176
f 213/213 217/217 638/638
f 638/638 666/666 213/213
f 203/203 210/210 667/667
f 667/667 639/639 203/203
f 230/230 235/235 643/643
f 643/643 670/670 230/230
f 222/222 228/228 669/669
f 669/669 645/645 222/222
f 247/247 253/253 648/648
f 648/648 674/674 247/247
f 239/239 249/249 672/672
f 672/672 651/651 239/239
f 265/265 270/270 656/656
f 656/656 675/675 265/265
f 255/255 264/264 677/677
f 677/677 657/657 255/255
f 274/274 280/280 660/660
f 660/660 680/680 274/274
f 198/198 275/275 678/678
f 678/678 628/628 198/198
f 1107/1107 1105/1105 916/916
f 1107/1107 916/916 914/914
f 1107/1107 914/914 1017/1017
f 1107/1107 1017/1017 1024/1024
f 724/724 703/703 700/700
f 724/724 700/700 726/726
f 724/724 726/726 1309/1309
f 724/724 1309/1309 717/717
f 724/724 717/717 719/719
f 724/724 719/719 722/722
f 734/734 720/720 718/718
f 734/734 718/718 735/735
f 734/734 735/735 727/727
f 734/734 727/727 728/728
f 734/734 728/728 730/730
f 734/734 730/730 732/732
f 708/708 713/713 714/714
f 708/708 714/714 709/709
f 708/708 709/709 1306/1306
f 708/708 1306/1306 701/701
f 708/708 701/701 704/704
f 708/708 704/704 706/706
f 752/752 754/754 742/742
f 752/752 742/742 740/740
f 752/752 740/740 1291/1291
f 752/752 1291/1291 746/746
f 752/752 746/746 747/747
f 752/752 747/747 750/750
f 763/763 766/766 751/751
f 763/763 751/751 748/748
f 763/763 748/748 767/767
f 763/763 767/767 1294/1294
f 763/763 1294/1294 758/758
f 763/763 758/758 762/762
f 772/772 761/761 759/759
f 772/772 759/759 773/773
f 772/772 773/773 1296/1296
f 772/772 1296/1296 715/715
f 772/772 715/715 710/710
f 772/772 710/710 770/770
f 699/699 1303/1303 867/867
f 867/867 868/868 699/699
f 1301/1301 699/699 868/868
f 868/868 869/869 1301/1301
f 1303/1303 1304/1304 870/870
f 870/870 867/867 1303/1303
f 716/716 1302/1302 872/872
f 872/872 873/873 716/716
f 1307/1307 716/716 873/873
f 873/873 874/874 1307/1307
f 1302/1302 1301/1301 869/869
f 869/869 872/872 1302/1302
f 1298/1298 1308/1308 875/875
f 875/875 876/876 1298/1298
f 1299/1299 1298/1298 876/876
f 876/876 877/877 1299/1299
f 1308/1308 1307/1307 874/874
f 874/874 875/875 1308/1308
f 738/738 736/736 878/878
f 878/878 879/879 738/738
f 736/736 1299/1299 877/877
f 877/877 878/878 736/736
f 1290/1290 739/739 880/880
f 880/880 881/881 1290/1290
f 739/739 744/744 882/882
f 882/882 880/880 739/739
f 1289/1289 756/756 883/883
f 883/883 884/884 1289/1289
f 1297/1297 1289/1289 884/884
f 884/884 885/885 1297/1297
f 756/756 1290/1290 881/881
f 881/881 883/883 756/756
f 757/757 1295/1295 886/886
f 886/886 887/887 757/757
f 1292/1292 757/757 887/887
f 887/887 888/888 1292/1292
f 1295/1295 1297/1297 885/885
f 885/885 886/886 1295/1295
f 768/768 1293/1293 889/889
f 889/889 890/890 768/768
f 1305/1305 768/768 890/890
f 890/890 871/871 1305/1305
f 1293/1293 1292/1292 888/888
f 888/888 889/889 1293/1293
f 937/937 935/935 931/931
f 937/937 931/931 925/925
f 937/937 925/925 928/928
f 937/937 928/928 933/933
f 937/937 933/933 936/936
f 937/937 936/936 941/941
f 927/927 921/921 911/911
f 927/927 911/911 913/913
f 927/927 913/913 915/915
f 927/927 915/915 919/919
f 927/927 919/919 923/923
f 927/927 923/923 930/930
f 952/952 942/942 946/946
f 952/952 946/946 949/949
f 952/952 949/949 951/951
f 952/952 951/951 954/954
f 952/952 954/954 1379/1379
f 952/952 1379/1379 956/956
f 979/979 976/976 972/972
f 979/979 972/972 966/966
f 979/979 966/966 970/970
f 979/979 970/970 973/973
f 979/979 973/973 978/978
f 979/979 978/978 983/983
f 993/993 987/987 981/981
f 993/993 981/981 982/982
f 993/993 982/982 988/988
f 993/993 988/988 997/997
f 963/963 959/959 955/955
f 963/963 955/955 1378/1378
f 963/963 1378/1378 961/961
f 963/963 961/961 964/964
f 963/963 964/964 969/969
f 963/963 969/969 965/965
f 991/991 998/998 999/999
f 1007/1007 1004/1004 939/939
f 1007/1007 939/939 940/940
f 1007/1007 940/940 1005/1005
f 1007/1007 1005/1005 1008/1008
f 1007/1007 1008/1008 1012/1012
f 1007/1007 1012/1012 1009/1009
f 1016/1016 912/912 1018/1018
f 1018/1018 1019/1019 1016/1016
f 1021/1021 1016/1016 1019/1019
f 1019/1019 1025/1025 1021/1021
f 1029/1029 1021/1021 1025/1025
f 1025/1025 1031/1031 1029/1029
f 1031/1031 1025/1025 1032/1032
f 922/922 926/926 1033/1033
f 1033/1033 1034/1034 922/922
f 910/910 922/922 1034/1034
f 1034/1034 1035/1035 910/910
f 912/912 910/910 1035/1035
f 1035/1035 1018/1018 912/912
f 934/934 938/938 1036/1036
f 1036/1036 1037/1037 934/934
f 932/932 934/934 1037/1037
f 1037/1037 1038/1038 932/932
f 926/926 932/932 1038/1038
f 1038/1038 1033/1033 926/926
f 1006/1006 1011/1011 1039/1039
f 1039/1039 1040/1040 1006/1006
f 1003/1003 1006/1006 1040/1040
f 1040/1040 1041/1041 1003/1003
f 938/938 1003/1003 1041/1041
f 1041/1041 1036/1036 938/938
f 962/962 967/967 1042/1042
f 1042/1042 1043/1043 962/962
f 960/960 962/962 1043/1043
f 1043/1043 1044/1044 960/960
f 957/957 960/960 1044/1044
f 1044/1044 1045/1045 957/957
f 975/975 980/980 1046/1046
f 1046/1046 1047/1047 975/975
f 971/971 975/975 1047/1047
f 1047/1047 1048/1048 971/971
f 967/967 971/971 1048/1048
f 1048/1048 1042/1042 967/967
f 1049/1049 1031/1031 1032/1032
f 1032/1032 990/990 1049/1049
f 990/990 1032/1032 1054/1054
f 1054/1054 986/986 990/990
f 986/986 1054/1054 1055/1055
f 1055/1055 980/980 986/986
f 980/980 1055/1055 1046/1046
f 953/953 957/957 1045/1045
f 1045/1045 1056/1056 953/953
f 943/943 953/953 1056/1056
f 1056/1056 1057/1057 943/943
f 945/945 943/943 1057/1057
f 1057/1057 1058/1058 945/945
f 1106/1106 1109/1109 1072/1072
f 1106/1106 1072/1072 1067/1067
f 1106/1106 1067/1067 1059/1059
f 1106/1106 1059/1059 917/917
f 1372/1372 1060/1060 929/929
f 1372/1372 929/929 924/924
f 1372/1372 924/924 920/920
f 1372/1372 920/920 918/918
f 1369/1369 1065/1065 1383/1383
f 1369/1369 1383/1383 1382/1382
f 1369/1369 1382/1382 1381/1381
f 1369/1369 1381/1381 1380/1380
f 1373/1373 1066/1066 984/984
f 1373/1373 984/984 977/977
f 1373/1373 977/977 974/974
f 1373/1373 974/974 968/968
f 1367/1367 950/950 1075/1075
f 1075/1075 1077/1077 1367/1367
f 1013/1013 1556/1556 1368/1368
f 1368/1368 1079/1079 1013/1013
f 1010/1010 1014/1014 1086/1086
f 1086/1086 1089/1089 1010/1010
f 948/948 944/944 1094/1094
f 1094/1094 1095/1095 948/948
f 1074/1074 947/947 1097/1097
f 1097/1097 1082/1082 1074/1074
f 1015/1015 1078/1078 1084/1084
f 1084/1084 1087/1087 1015/1015
f 1100/1100 1092/1092 945/945
f 945/945 1104/1104 1100/1100
f 1090/1090 1103/1103 1104/1104
f 1104/1104 1011/1011 1090/1090
f 1103/1103 1100/1100 1104/1104
f 1112/1112 1108/1108 1022/1022
f 1069/1069 1111/1111 1116/1116
f 1116/1116 1117/1117 1069/1069
f 1002/1002 1068/1068 1118/1118
f 1118/1118 1119/1119 1002/1002
f 1126/1126 1023/1023 1027/1027
f 1027/1027 1134/1134 1126/1126
f 1437/1437 1441/1441 1440/1440
f 1440/1440 1026/1026 1437/1437
f 1440/1440 1133/1133 1026/1026
f 1437/1437 1026/1026 1123/1123
f 1123/1123 1436/1436 1437/1437
f 1073/1073 1001/1001 995/995
f 1110/1110 1113/1113 1070/1070
f 1115/1115 1114/1114 1020/1020
f 1115/1115 1020/1020 1433/1433
f 1115/1115 1433/1433 1432/1432
f 1115/1115 1432/1432 1428/1428
f 1115/1115 1428/1428 1429/1429
f 1115/1115 1429/1429 1128/1128
f 1409/1409 992/992 1000/1000
f 1409/1409 1000/1000 1120/1120
f 1409/1409 1120/1120 1413/1413
f 1409/1409 1413/1413 1412/1412
f 1409/1409 1412/1412 1411/1411
f 1409/1409 1411/1411 1410/1410
f 1162/1162 1167/1167 1050/1050
f 1050/1050 994/994 1162/1162
f 1053/1053 1166/1166 1414/1414
f 1414/1414 1417/1417 1053/1053
f 1414/1414 1415/1415 1417/1417
f 1121/1121 1052/1052 1418/1418
f 1418/1418 1416/1416 1121/1121
f 1374/1374 1370/1370 1386/1386
f 1374/1374 1386/1386 1388/1388
f 1374/1374 1388/1388 1389/1389
f 1374/1374 1389/1389 1390/1390
f 1371/1371 1375/1375 1071/1071
f 1371/1371 1071/1071 996/996
f 1371/1371 996/996 989/989
f 1371/1371 989/989 985/985
f 744/744 1236/1236 891/891
f 891/891 882/882 744/744
f 1213/1213 738/738 879/879
f 879/879 892/892 1213/1213
f 1493/1493 1454/1454 1459/1459
f 1493/1493 1459/1459 1490/1490
f 1493/1493 1490/1490 1469/1469
f 1493/1493 1469/1469 1470/1470
f 1493/1493 1470/1470 11/11
f 1493/1493 11/11 1492/1492
f 1450/1450 1464/1464 1461/1461
f 1450/1450 1461/1461 1460/1460
f 1450/1450 1460/1460 1463/1463
f 1450/1450 1463/1463 1458/1458
f 1450/1450 1458/1458 1453/1453
f 1450/1450 1453/1453 1449/1449
f 1503/1503 1457/1457 1455/1455
f 1503/1503 1455/1455 1446/1446
f 1503/1503 1446/1446 1448/1448
f 1503/1503 1448/1448 1489/1489
f 1503/1503 1489/1489 1472/1472
f 1503/1503 1472/1472 1478/1478
f 1487/1487 1491/1491 1482/1482
f 1487/1487 1482/1482 1471/1471
f 1487/1487 1471/1471 1484/1484
f 1487/1487 1484/1484 1483/1483
f 1487/1487 1483/1483 1506/1506
f 1487/1487 1506/1506 1485/1485
f 1509/1509 1501/1501 1499/1499
f 1509/1509 1499/1499 1497/1497
f 1509/1509 1497/1497 1477/1477
f 1509/1509 1477/1477 1476/1476
f 1509/1509 1476/1476 1447/1447
f 1509/1509 1447/1447 1456/1456
f 1496/1496 1480/1480 1479/1479
f 1496/1496 1479/1479 1473/1473
f 1496/1496 1473/1473 1474/1474
f 1496/1496 1474/1474 1502/1502
f 1496/1496 1502/1502 1466/1466
f 1496/1496 1466/1466 1494/1494
f 1505/1505 1495/1495 1467/1467
f 1505/1505 1467/1467 1468/1468
f 1505/1505 1468/1468 1475/1475
f 1505/1505 1475/1475 1462/1462
f 1505/1505 1462/1462 1465/1465
f 1505/1505 1465/1465 1504/1504
f 1488/1488 1486/1486 1507/1507
f 1488/1488 1507/1507 1452/1452
f 1488/1488 1452/1452 1451/1451
f 1488/1488 1451/1451 1498/1498
f 1488/1488 1498/1498 1500/1500
f 1488/1488 1500/1500 1508/1508
f 1/1 6/6 51/51
f 51/51 52/52 1/1
f 2/2 1/1 52/52
f 52/52 53/53 2/2
f 6/6 8/8 54/54
f 54/54 51/51 6/6
f 9/9 14/14 55/55
f 55/55 56/56 9/9
f 10/10 9/9 56/56
f 56/56 57/57 10/10
f 14/14 2/2 53/53
f 53/53 55/55 14/14
f 15/15 20/20 58/58
f 58/58 59/59 15/15
f 16/16 15/15 59/59
f 59/59 60/60 16/16
f 20/20 10/10 57/57
f 57/57 58/58 20/20
f 21/21 28/28 61/61
f 61/61 62/62 21/21
f 23/23 21/21 62/62
f 62/62 64/64 23/23
f 28/28 16/16 60/60
f 60/60 61/61 28/28
f 29/29 34/34 65/65
f 65/65 66/66 29/29
f 30/30 29/29 66/66
f 66/66 67/67 30/30
f 34/34 22/22 63/63
f 63/63 65/65 34/34
f 35/35 40/40 68/68
f 68/68 69/69 35/35
f 36/36 35/35 69/69
f 69/69 70/70 36/36
f 40/40 30/30 67/67
f 67/67 68/68 40/40
f 41/41 46/46 71/71
f 71/71 72/72 41/41
f 42/42 41/41 72/72
f 72/72 73/73 42/42
f 46/46 36/36 70/70
f 70/70 71/71 46/46
f 47/47 50/50 74/74
f 74/74 75/75 47/47
f 8/8 47/47 75/75
f 75/75 54/54 8/8
f 50/50 42/42 73/73
f 73/73 74/74 50/50
f 1529/1529 1518/1518 1517/1517
f 1529/1529 1517/1517 1523/1523
f 1529/1529 1523/1523 1522/1522
f 1529/1529 1522/1522 1524/1524
f 1529/1529 1524/1524 1532/1532
f 1529/1529 1532/1532 1530/1530
f 1529/1529 1530/1530 1527/1527
f 1529/1529 1527/1527 1526/1526
f 1529/1529 1526/1526 1521/1521
f 1529/1529 1521/1521 1520/1520
f 1529/1529 1520/1520 1519/1519
f 1529/1529 1519/1519 1525/1525
f 1529/1529 1525/1525 1511/1511
f 1529/1529 1511/1511 1510/1510
f 1529/1529 1510/1510 1514/1514
f 1529/1529 1514/1514 1533/1533
f 1529/1529 1533/1533 1516/1516
f 1529/1529 1516/1516 1515/1515
f 1529/1529 1515/1515 1528/1528
f 1529/1529 1528/1528 1513/1513
f 1529/1529 1513/1513 1512/1512
f 1529/1529 1512/1512 1531/1531
f 4/4 3/3 76/76
f 76/76 77/77 4/4
f 5/5 4/4 77/77
f 77/77 78/78 5/5
f 7/7 5/5 78/78
f 78/78 79/79 7/7
f 12/12 1481/1481 80/80
f 80/80 81/81 12/12
f 13/13 12/12 81/81
f 81/81 82/82 13/13
f 3/3 13/13 82/82
f 82/82 76/76 3/3
f 18/18 17/17 83/83
f 83/83 84/84 18/18
f 19/19 18/18 84/84
f 84/84 85/85 19/19
f 1481/1481 19/19 85/85
f 85/85 80/80 1481/1481
f 26/26 25/25 86/86
f 86/86 88/88 26/26
f 27/27 26/26 88/88
f 88/88 89/89 27/27
f 17/17 27/27 89/89
f 89/89 83/83 17/17
f 32/32 31/31 90/90
f 90/90 91/91 32/32
f 33/33 32/32 91/91
f 91/91 92/92 33/33
f 24/24 33/33 92/92
f 92/92 87/87 24/24
f 38/38 37/37 93/93
f 93/93 94/94 38/38
f 39/39 38/38 94/94
f 94/94 95/95 39/39
f 31/31 39/39 95/95
f 95/95 90/90 31/31
f 44/44 43/43 96/96
f 96/96 97/97 44/44
f 45/45 44/44 97/97
f 97/97 98/98 45/45
f 37/37 45/45 98/98
f 98/98 93/93 37/37
f 48/48 7/7 79/79
f 79/79 99/99 48/48
f 49/49 48/48 99/99
f 99/99 100/100 49/49
f 43/43 49/49 100/100
f 100/100 96/96 43/43
f 101/101 102/102 103/103
f 103/103 104/104 101/101
f 105/105 101/101 104/104
f 104/104 106/106 105/105
f 107/107 105/105 106/106
f 106/106 108/108 107/107
f 109/109 110/110 111/111
f 111/111 112/112 109/109
f 113/113 109/109 112/112
f 112/112 114/114 113/113
f 102/102 113/113 114/114
f 114/114 103/103 102/102
f 115/115 116/116 117/117
f 117/117 118/118 115/115
f 119/119 115/115 118/118
f 118/118 120/120 119/119
f 110/110 119/119 120/120
f 120/120 111/111 110/110
f 121/121 122/122 124/124
f 124/124 126/126 121/121
f 127/127 121/121 126/126
f 126/126 128/128 127/127
f 116/116 127/127 128/128
f 128/128 117/117 116/116
f 129/129 130/130 131/131
f 131/131 132/132 129/129
f 133/133 129/129 132/132
f 132/132 134/134 133/133
f 123/123 133/133 134/134
f 134/134 125/125 123/123
f 135/135 136/136 137/137
f 137/137 138/138 135/135
f 139/139 135/135 138/138
f 138/138 140/140 139/139
f 130/130 139/139 140/140
f 140/140 131/131 130/130
f 141/141 142/142 143/143
f 143/143 144/144 141/141
f 145/145 141/141 144/144
f 144/144 146/146 145/145
f 136/136 145/145 146/146
f 146/146 137/137 136/136
f 147/147 107/107 108/108
f 108/108 148/148 147/147
f 149/149 147/147 148/148
f 148/148 150/150 149/149
f 142/142 149/149 150/150
f 150/150 143/143 142/142
f 76/76 102/102 101/101
f 101/101 77/77 76/76
f 77/77 101/101 105/105
f 105/105 78/78 77/77
f 78/78 105/105 107/107
f 107/107 79/79 78/78
f 80/80 110/110 109/109
f 109/109 81/81 80/80
f 81/81 109/109 113/113
f 113/113 82/82 81/81
f 82/82 113/113 102/102
f 102/102 76/76 82/82
f 83/83 116/116 115/115
f 115/115 84/84 83/83
f 84/84 115/115 119/119
f 119/119 85/85 84/84
f 85/85 119/119 110/110
f 110/110 80/80 85/85
f 86/86 122/122 121/121
f 121/121 88/88 86/86
f 88/88 121/121 127/127
f 127/127 89/89 88/88
f 89/89 127/127 116/116
f 116/116 83/83 89/89
f 90/90 130/130 129/129
f 129/129 91/91 90/90
f 91/91 129/129 133/133
f 133/133 92/92 91/91
f 92/92 133/133 123/123
f 123/123 87/87 92/92
f 93/93 136/136 135/135
f 135/135 94/94 93/93
f 94/94 135/135 139/139
f 139/139 95/95 94/94
f 95/95 139/139 130/130
f 130/130 90/90 95/95
f 96/96 142/142 141/141
f 141/141 97/97 96/96
f 97/97 141/141 145/145
f 145/145 98/98 97/97
f 98/98 145/145 136/136
f 136/136 93/93 98/98
f 79/79 107/107 147/147
f 147/147 99/99 79/79
f 99/99 147/147 149/149
f 149/149 100/100 99/99
f 100/100 149/149 142/142
f 142/142 96/96 100/100
f 104/104 103/103 151/151
f 151/151 152/152 104/104
f 106/106 104/104 152/152
f 152/152 153/153 106/106
f 108/108 106/106 153/153
f 153/153 154/154 108/108
f 112/112 111/111 155/155
f 155/155 156/156 112/112
f 114/114 112/112 156/156
f 156/156 157/157 114/114
f 103/103 114/114 157/157
f 157/157 151/151 103/103
f 118/118 117/117 158/158
f 158/158 159/159 118/118
f 120/120 118/118 159/159
f 159/159 160/160 120/120
f 111/111 120/120 160/160
f 160/160 155/155 111/111
f 126/126 124/124 161/161
f 161/161 163/163 126/126
f 128/128 126/126 163/163
f 163/163 164/164 128/128
f 117/117 128/128 164/164
f 164/164 158/158 117/117
f 132/132 131/131 165/165
f 165/165 166/166 132/132
f 134/134 132/132 166/166
f 166/166 167/167 134/134
f 125/125 134/134 167/167
f 167/167 162/162 125/125
f 138/138 137/137 168/168
f 168/168 169/169 138/138
f 140/140 138/138 169/169
f 169/169 170/170 140/140
f 131/131 140/140 170/170
f 170/170 165/165 131/131
f 144/144 143/143 171/171
f 171/171 172/172 144/144
f 146/146 144/144 172/172
f 172/172 173/173 146/146
f 137/137 146/146 173/173
f 173/173 168/168 137/137
f 148/148 108/108 154/154
f 154/154 174/174 148/148
f 150/150 148/148 174/174
f 174/174 175/175 150/150
f 143/143 150/150 175/175
f 175/175 171/171 143/143
f 183/183 181/181 282/282
f 282/282 285/285 183/183
f 188/188 183/183 285/285
f 285/285 287/287 188/188
f 194/194 188/188 287/287
f 287/287 291/291 194/194
f 209/209 206/206 293/293
f 293/293 294/294 209/209
f 214/214 209/209 294/294
f 294/294 298/298 214/214
f 181/181 214/214 298/298
f 298/298 282/282 181/181
f 226/226 224/224 299/299
f 299/299 302/302 226/226
f 233/233 226/226 302/302
f 302/302 305/305 233/233
f 206/206 233/233 305/305
f 305/305 293/293 206/206
f 246/246 243/243 306/306
f 306/306 309/309 246/246
f 250/250 246/246 309/309
f 309/309 312/312 250/250
f 224/224 250/250 312/312
f 312/312 299/299 224/224
f 263/263 261/261 315/315
f 315/315 316/316 263/263
f 268/268 263/263 316/316
f 316/316 318/318 268/268
f 243/243 268/268 318/318
f 318/318 306/306 243/243
f 272/272 194/194 291/291
f 291/291 320/320 272/272
f 278/278 272/272 320/320
f 320/320 323/323 278/278
f 261/261 278/278 323/323
f 323/323 315/315 261/261
f 326/326 324/324 366/366
f 366/366 367/367 326/326
f 336/336 334/334 368/368
f 368/368 369/369 336/336
f 343/343 341/341 370/370
f 370/370 371/371 343/343
f 353/353 349/349 372/372
f 372/372 373/373 353/353
f 359/359 356/356 374/374
f 374/374 375/375 359/359
f 362/362 332/332 376/376
f 376/376 377/377 362/362
f 328/328 326/326 367/367
f 367/367 378/378 328/328
f 332/332 328/328 378/378
f 378/378 376/376 332/332
f 339/339 336/336 369/369
f 369/369 379/379 339/339
f 324/324 339/339 379/379
f 379/379 366/366 324/324
f 347/347 343/343 371/371
f 371/371 380/380 347/347
f 334/334 347/347 380/380
f 380/380 368/368 334/334
f 355/355 353/353 373/373
f 373/373 381/381 355/355
f 341/341 355/355 381/381
f 381/381 370/370 341/341
f 361/361 359/359 375/375
f 375/375 382/382 361/361
f 349/349 361/361 382/382
f 382/382 372/372 349/349
f 364/364 362/362 377/377
f 377/377 383/383 364/364
f 356/356 364/364 383/383
f 383/383 374/374 356/356
f 367/367 366/366 384/384
f 384/384 385/385 367/367
f 369/369 368/368 386/386
f 386/386 387/387 369/369
f 371/371 370/370 388/388
f 388/388 389/389 371/371
f 373/373 372/372 390/390
f 390/390 391/391 373/373
f 375/375 374/374 392/392
f 392/392 393/393 375/375
f 377/377 376/376 394/394
f 394/394 395/395 377/377
f 378/378 367/367 385/385
f 385/385 396/396 378/378
f 376/376 378/378 396/396
f 396/396 394/394 376/376
f 379/379 369/369 387/387
f 387/387 397/397 379/379
f 366/366 379/379 397/397
f 397/397 384/384 366/366
f 380/380 371/371 389/389
f 389/389 398/398 380/380
f 368/368 380/380 398/398
f 398/398 386/386 368/368
f 381/381 373/373 391/391
f 391/391 399/399 381/381
f 370/370 381/381 399/399
f 399/399 388/388 370/370
f 382/382 375/375 393/393
f 393/393 400/400 382/382
f 372/372 382/382 400/400
f 400/400 390/390 372/372
f 383/383 377/377 395/395
f 395/395 401/401 383/383
f 374/374 383/383 401/401
f 401/401 392/392 374/374
f 385/385 384/384 404/404
f 404/404 407/407 385/385
f 387/387 386/386 409/409
f 409/409 413/413 387/387
f 389/389 388/388 416/416
f 416/416 417/417 389/389
f 391/391 390/390 420/420
f 420/420 423/423 391/391
f 393/393 392/392 428/428
f 428/428 431/431 393/393
f 395/395 394/394 432/432
f 432/432 435/435 395/395
f 396/396 385/385 407/407
f 407/407 439/439 396/396
f 394/394 396/396 439/439
f 439/439 432/432 394/394
f 397/397 387/387 413/413
f 413/413 443/443 397/397
f 384/384 397/397 443/443
f 443/443 404/404 384/384
f 398/398 389/389 417/417
f 417/417 446/446 398/398
f 386/386 398/398 446/446
f 446/446 409/409 386/386
f 399/399 391/391 423/423
f 423/423 449/449 399/399
f 388/388 399/399 449/449
f 449/449 416/416 388/388
f 400/400 393/393 431/431
f 431/431 452/452 400/400
f 390/390 400/400 452/452
f 452/452 420/420 390/390
f 401/401 395/395 435/435
f 435/435 455/455 401/401
f 392/392 401/401 455/455
f 455/455 428/428 392/392
f 1535/1535 1534/1534 555/555
f 555/555 556/556 1535/1535
f 1543/1543 1545/1545 557/557
f 557/557 558/558 1543/1543
f 535/535 1553/1553 559/559
f 559/559 560/560 535/535
f 1539/1539 536/536 561/561
f 561/561 562/562 1539/1539
f 1551/1551 1548/1548 563/563
f 563/563 564/564 1551/1551
f 543/543 1554/1554 565/565
f 565/565 566/566 543/543
f 1536/1536 1535/1535 556/556
f 556/556 567/567 1536/1536
f 1554/1554 1536/1536 567/567
f 567/567 565/565 1554/1554
f 1544/1544 1543/1543 558/558
f 558/558 568/568 1544/1544
f 1534/1534 1544/1544 568/568
f 568/568 555/555 1534/1534
f 1546/1546 535/535 560/560
f 560/560 569/569 1546/1546
f 1545/1545 1546/1546 569/569
f 569/569 557/557 1545/1545
f 1547/1547 1539/1539 562/562
f 562/562 570/570 1547/1547
f 1553/1553 1547/1547 570/570
f 570/570 559/559 1553/1553
f 1552/1552 1551/1551 564/564
f 564/564 571/571 1552/1552
f 536/536 1552/1552 571/571
f 571/571 561/561 536/536
f 1542/1542 543/543 566/566
f 566/566 572/572 1542/1542
f 1548/1548 1542/1542 572/572
f 572/572 563/563 1548/1548
f 556/556 555/555 573/573
f 573/573 574/574 556/556
f 558/558 557/557 575/575
f 575/575 576/576 558/558
f 560/560 559/559 577/577
f 577/577 578/578 560/560
f 562/562 561/561 579/579
f 579/579 580/580 562/562
f 564/564 563/563 581/581
f 581/581 582/582 564/564
f 566/566 565/565 583/583
f 583/583 584/584 566/566
f 567/567 556/556 574/574
f 574/574 585/585 567/567
f 565/565 567/567 585/585
f 585/585 583/583 565/565
f 568/568 558/558 576/576
f 576/576 586/586 568/568
f 555/555 568/568 586/586
f 586/586 573/573 555/555
f 569/569 560/560 578/578
f 578/578 587/587 569/569
f 557/557 569/569 587/587
f 587/587 575/575 557/557
f 570/570 562/562 580/580
f 580/580 588/588 570/570
f 559/559 570/570 588/588
f 588/588 577/577 559/559
f 571/571 564/564 582/582
f 582/582 589/589 571/571
f 561/561 571/571 589/589
f 589/589 579/579 561/561
f 572/572 566/566 584/584
f 584/584 590/590 572/572
f 563/563 572/572 590/590
f 590/590 581/581 563/563
f 574/574 573/573 591/591
f 591/591 592/592 574/574
f 576/576 575/575 593/593
f 593/593 594/594 576/576
f 578/578 577/577 595/595
f 595/595 596/596 578/578
f 580/580 579/579 597/597
f 597/597 598/598 580/580
f 582/582 581/581 599/599
f 599/599 600/600 582/582
f 584/584 583/583 601/601
f 601/601 602/602 584/584
f 585/585 574/574 592/592
f 592/592 603/603 585/585
f 583/583 585/585 603/603
f 603/603 601/601 583/583
f 586/586 576/576 594/594
f 594/594 604/604 586/586
f 573/573 586/586 604/604
f 604/604 591/591 573/573
f 587/587 578/578 596/596
f 596/596 605/605 587/587
f 575/575 587/587 605/605
f 605/605 593/593 575/575
f 588/588 580/580 598/598
f 598/598 606/606 588/588
f 577/577 588/588 606/606
f 606/606 595/595 577/577
f 589/589 582/582 600/600
f 600/600 607/607 589/589
f 579/579 589/589 607/607
f 607/607 597/597 579/579
f 590/590 584/584 602/602
f 602/602 608/608 590/590
f 581/581 590/590 608/608
f 608/608 599/599 581/581
f 592/592 591/591 609/609
f 609/609 610/610 592/592
f 594/594 593/593 611/611
f 611/611 612/612 594/594
f 596/596 595/595 613/613
f 613/613 614/614 596/596
f 598/598 597/597 615/615
f 615/615 616/616 598/598
f 600/600 599/599 617/617
f 617/617 618/618 600/600
f 602/602 601/601 619/619
f 619/619 620/620 602/602
f 603/603 592/592 610/610
f 610/610 621/621 603/603
f 601/601 603/603 621/621
f 621/621 619/619 601/601
f 604/604 594/594 612/612
f 612/612 622/622 604/604
f 591/591 604/604 622/622
f 622/622 609/609 591/591
f 605/605 596/596 614/614
f 614/614 623/623 605/605
f 593/593 605/605 623/623
f 623/623 611/611 593/593
f 606/606 598/598 616/616
f 616/616 624/624 606/606
f 595/595 606/606 624/624
f 624/624 613/613 595/595
f 607/607 600/600 618/618
f 618/618 625/625 607/607
f 597/597 607/607 625/625
f 625/625 615/615 597/597
f 608/608 602/602 620/620
f 620/620 626/626 608/608
f 599/599 608/608 626/626
f 626/626 617/617 599/599
f 622/622 612/612 611/611
f 611/611 610/610 622/622
f 611/611 623/623 614/614
f 614/614 624/624 611/611
f 614/614 613/613 624/624
f 624/624 616/616 615/615
f 615/615 618/618 624/624
f 615/615 625/625 618/618
f 618/618 617/617 626/626
f 626/626 619/619 618/618
f 626/626 620/620 619/619
f 624/624 618/618 619/619
f 619/619 611/611 624/624
f 619/619 621/621 610/610
f 610/610 611/611 619/619
f 609/609 622/622 610/610
f 630/630 627/627 681/681
f 681/681 682/682 630/630
f 636/636 635/635 683/683
f 683/683 684/684 636/636
f 644/644 640/640 685/685
f 685/685 686/686 644/644
f 650/650 647/647 687/687
f 687/687 688/688 650/650
f 654/654 652/652 689/689
f 689/689 690/690 654/654
f 662/662 659/659 691/691
f 691/691 692/692 662/662
f 664/664 630/630 682/682
f 682/682 693/693 664/664
f 635/635 664/664 693/693
f 693/693 683/683 635/635
f 668/668 636/636 684/684
f 684/684 694/694 668/668
f 640/640 668/668 694/694
f 694/694 685/685 640/640
f 671/671 644/644 686/686
f 686/686 695/695 671/671
f 647/647 671/671 695/695
f 695/695 687/687 647/647
f 673/673 650/650 688/688
f 688/688 696/696 673/673
f 652/652 673/673 696/696
f 696/696 689/689 652/652
f 676/676 654/654 690/690
f 690/690 697/697 676/676
f 659/659 676/676 697/697
f 697/697 691/691 659/659
f 679/679 662/662 692/692
f 692/692 698/698 679/679
f 627/627 679/679 698/698
f 698/698 681/681 627/627
f 705/705 702/702 774/774
f 774/774 775/775 705/705
f 707/707 705/705 775/775
f 775/775 776/776 707/707
f 702/702 725/725 1249/1249
f 1249/1249 774/774 702/702
f 731/731 729/729 780/780
f 780/780 781/781 731/731
f 711/711 707/707 776/776
f 776/776 1341/1341 711/711
f 723/723 721/721 1247/1247
f 1247/1247 1339/1339 723/723
f 725/725 723/723 1339/1339
f 1339/1339 1249/1249 725/725
f 733/733 731/731 781/781
f 781/781 1334/1334 733/733
f 721/721 733/733 1334/1334
f 1334/1334 1247/1247 721/721
f 1275/1275 1278/1278 1337/1337
f 1337/1337 782/782 1275/1275
f 1276/1276 1275/1275 782/782
f 782/782 783/783 1276/1276
f 729/729 1276/1276 783/783
f 783/783 780/780 729/729
f 1252/1252 741/741 1331/1331
f 1331/1331 784/784 1252/1252
f 745/745 1252/1252 784/784
f 784/784 785/785 745/745
f 1278/1278 745/745 785/785
f 785/785 1337/1337 1278/1278
f 753/753 749/749 786/786
f 786/786 1333/1333 753/753
f 755/755 753/753 1333/1333
f 1333/1333 787/787 755/755
f 741/741 755/755 787/787
f 787/787 1331/1331 741/741
f 764/764 760/760 1329/1329
f 1329/1329 1327/1327 764/764
f 765/765 764/764 1327/1327
f 1327/1327 1328/1328 765/765
f 749/749 765/765 1328/1328
f 1328/1328 786/786 749/749
f 769/769 712/712 1340/1340
f 1340/1340 789/789 769/769
f 771/771 769/769 789/789
f 789/789 1330/1330 771/771
f 760/760 771/771 1330/1330
f 1330/1330 1329/1329 760/760
f 1227/1227 788/788 1362/1362
f 1362/1362 811/811 1227/1227
f 1228/1228 1227/1227 811/811
f 811/811 1350/1350 1228/1228
f 788/788 1238/1238 814/814
f 814/814 1362/1362 788/788
f 1322/1322 1321/1321 1358/1358
f 1358/1358 1359/1359 1322/1322
f 1323/1323 1322/1322 1359/1359
f 1359/1359 1351/1351 1323/1323
f 777/777 1323/1323 1351/1351
f 1351/1351 1344/1344 777/777
f 779/779 1338/1338 1349/1349
f 1349/1349 1347/1347 779/779
f 1325/1325 779/779 1347/1347
f 1347/1347 1348/1348 1325/1325
f 1321/1321 1325/1325 1348/1348
f 1348/1348 1358/1358 1321/1321
f 1320/1320 1319/1319 1365/1365
f 1365/1365 1354/1354 1320/1320
f 1235/1235 1320/1320 1354/1354
f 1354/1354 1355/1355 1235/1235
f 1338/1338 1235/1235 1355/1355
f 1355/1355 1349/1349 1338/1338
f 1326/1326 1243/1243 1352/1352
f 1352/1352 1353/1353 1326/1326
f 1324/1324 1326/1326 1353/1353
f 1353/1353 1364/1364 1324/1324
f 1319/1319 1324/1324 1364/1364
f 1364/1364 1365/1365 1319/1319
f 1317/1317 1231/1231 1360/1360
f 1360/1360 1356/1356 1317/1317
f 1318/1318 1317/1317 1356/1356
f 1356/1356 1357/1357 1318/1318
f 1243/1243 1318/1318 1357/1357
f 1357/1357 1352/1352 1243/1243
f 1233/1233 1332/1332 1342/1342
f 1342/1342 1343/1343 1233/1233
f 1336/1336 1233/1233 1343/1343
f 1343/1343 1361/1361 1336/1336
f 1231/1231 1336/1336 1361/1361
f 1361/1361 1360/1360 1231/1231
f 1332/1332 1228/1228 1350/1350
f 1350/1350 1342/1342 1332/1332
f 1335/1335 778/778 1345/1345
f 1345/1345 1346/1346 1335/1335
f 1238/1238 1335/1335 1346/1346
f 1346/1346 814/814 1238/1238
f 791/791 790/790 815/815
f 815/815 816/816 791/791
f 792/792 791/791 816/816
f 816/816 817/817 792/792
f 794/794 792/792 817/817
f 817/817 818/818 794/794
f 796/796 795/795 820/820
f 820/820 821/821 796/796
f 797/797 796/796 821/821
f 821/821 822/822 797/797
f 790/790 797/797 822/822
f 822/822 815/815 790/790
f 799/799 798/798 823/823
f 823/823 824/824 799/799
f 800/800 799/799 824/824
f 824/824 825/825 800/800
f 795/795 800/800 825/825
f 825/825 820/820 795/795
f 802/802 801/801 826/826
f 826/826 827/827 802/802
f 803/803 802/802 827/827
f 827/827 828/828 803/803
f 798/798 803/803 828/828
f 828/828 823/823 798/798
f 805/805 804/804 829/829
f 829/829 830/830 805/805
f 806/806 805/805 830/830
f 830/830 831/831 806/806
f 801/801 806/806 831/831
f 831/831 826/826 801/801
f 808/808 807/807 832/832
f 832/832 833/833 808/808
f 809/809 808/808 833/833
f 833/833 834/834 809/809
f 804/804 809/809 834/834
f 834/834 829/829 804/804
f 1363/1363 810/810 835/835
f 835/835 836/836 1363/1363
f 812/812 1363/1363 836/836
f 836/836 837/837 812/812
f 807/807 812/812 837/837
f 837/837 832/832 807/807
f 813/813 793/793 819/819
f 819/819 838/838 813/813
f 1366/1366 813/813 838/838
f 838/838 839/839 1366/1366
f 810/810 1366/1366 839/839
f 839/839 835/835 810/810
f 844/844 845/845 846/846
f 1255/1255 1253/1253 1254/1254
f 1255/1255 1254/1254 1316/1316
f 1255/1255 1316/1316 1315/1315
f 1255/1255 1315/1315 1300/1300
f 1255/1255 1300/1300 1311/1311
f 1255/1255 1311/1311 1281/1281
f 1312/1312 1199/1199 1195/1195
f 1199/1199 1312/1312 1198/1198
f 1217/1217 1245/1245 1199/1199
f 1199/1199 1198/1198 1217/1217
f 1216/1216 846/846 845/845
f 845/845 1250/1250 1216/1216
f 1216/1216 1250/1250 1245/1245
f 1245/1245 1217/1217 1216/1216
f 1310/1310 1312/1312 1195/1195
f 1195/1195 1280/1280 1310/1310
f 853/853 851/851 855/855
f 853/853 855/855 856/856
f 856/856 857/857 853/853
f 858/858 1192/1192 861/861
f 861/861 1269/1269 858/858
f 1220/1220 858/858 1269/1269
f 1269/1269 1248/1248 1220/1220
f 1191/1191 857/857 856/856
f 856/856 860/860 1191/1191
f 894/894 896/896 898/898
f 898/898 899/899 894/894
f 908/908 894/894 899/899
f 899/899 906/906 908/908
f 900/900 1392/1392 902/902
f 902/902 903/903 900/900
f 1391/1391 905/905 901/901
f 901/901 1394/1394 1391/1391
f 897/897 895/895 1396/1396
f 1396/1396 1398/1398 897/897
f 895/895 893/893 909/909
f 909/909 904/904 895/895
f 895/895 904/904 1395/1395
f 1395/1395 1397/1397 895/895
f 1561/1561 908/908 906/906
f 906/906 1563/1563 1561/1561
f 958/958 1377/1377 1376/1376
f 958/958 1376/1376 1558/1558
f 958/958 1558/1558 1559/1559
f 958/958 1559/1559 1063/1063
f 958/958 1063/1063 1064/1064
f 1555/1555 1384/1384 1387/1387
f 1555/1555 1387/1387 1385/1385
f 1555/1555 1385/1385 1061/1061
f 1555/1555 1061/1061 1283/1283
f 1555/1555 1283/1283 1062/1062
f 1404/1404 1408/1408 1407/1407
f 1404/1404 1407/1407 1406/1406
f 1404/1404 1406/1406 1402/1402
f 1404/1404 1402/1402 1400/1400
f 1404/1404 1400/1400 1401/1401
f 1404/1404 1401/1401 1403/1403
f 1404/1404 1403/1403 1405/1405
f 1560/1560 1076/1076 1081/1081
f 1081/1081 1083/1083 1560/1560
f 1083/1083 1081/1081 1096/1096
f 1096/1096 1098/1098 1083/1083
f 1098/1098 1096/1096 1093/1093
f 1093/1093 1101/1101 1098/1098
f 1080/1080 1557/1557 1083/1083
f 1083/1083 1085/1085 1080/1080
f 1085/1085 1083/1083 1099/1099
f 1099/1099 1088/1088 1085/1085
f 1088/1088 1099/1099 1102/1102
f 1102/1102 1091/1091 1088/1088
f 1083/1083 1098/1098 1099/1099
f 1099/1099 1098/1098 1101/1101
f 1101/1101 1102/1102 1099/1099
f 1127/1127 1125/1125 1132/1132
f 1132/1132 1135/1135 1127/1127
f 1439/1439 1130/1130 1136/1136
f 1136/1136 1131/1131 1439/1439
f 1130/1130 1129/1129 1137/1137
f 1137/1137 1136/1136 1130/1130
f 1129/1129 1127/1127 1135/1135
f 1135/1135 1137/1137 1129/1129
f 1030/1030 1051/1051 1122/1122
f 1122/1122 1124/1124 1030/1030
f 1030/1030 1124/1124 1028/1028
f 1138/1138 1139/1139 1140/1140
f 1140/1140 1141/1141 1138/1138
f 1139/1139 1142/1142 1144/1144
f 1144/1144 1140/1140 1139/1139
f 1142/1142 1145/1145 1147/1147
f 1147/1147 1144/1144 1142/1142
f 1145/1145 1148/1148 1149/1149
f 1149/1149 1147/1147 1145/1145
f 1148/1148 1151/1151 1153/1153
f 1153/1153 1149/1149 1148/1148
f 1151/1151 1443/1443 1156/1156
f 1156/1156 1153/1153 1151/1151
f 1434/1434 1143/1143 1146/1146
f 1146/1146 1155/1155 1434/1434
f 1146/1146 1150/1150 1152/1152
f 1152/1152 1155/1155 1146/1146
f 1445/1445 1434/1434 1155/1155
f 1435/1435 1431/1431 1430/1430
f 1435/1435 1430/1430 1444/1444
f 1435/1435 1444/1444 1154/1154
f 1435/1435 1154/1154 1442/1442
f 1435/1435 1442/1442 1438/1438
f 1159/1159 1164/1164 1165/1165
f 1165/1165 1161/1161 1159/1159
f 1160/1160 1163/1163 1168/1168
f 1168/1168 1157/1157 1160/1160
f 1157/1157 1168/1168 1169/1169
f 1169/1169 1158/1158 1157/1157
f 1158/1158 1169/1169 1164/1164
f 1164/1164 1159/1159 1158/1158
f 1170/1170 1171/1171 1426/1426
f 1426/1426 1173/1173 1170/1170
f 1173/1173 1426/1426 1174/1174
f 1174/1174 1176/1176 1173/1173
f 1176/1176 1174/1174 1178/1178
f 1178/1178 1179/1179 1176/1176
f 1179/1179 1178/1178 1180/1180
f 1180/1180 1182/1182 1179/1179
f 1182/1182 1180/1180 1184/1184
f 1184/1184 1185/1185 1182/1182
f 1185/1185 1184/1184 1187/1187
f 1187/1187 1422/1422 1185/1185
f 1183/1183 1181/1181 1177/1177
f 1177/1177 1186/1186 1183/1183
f 1177/1177 1175/1175 1172/1172
f 1172/1172 1186/1186 1177/1177
f 1427/1427 1186/1186 1172/1172
f 1425/1425 1423/1423 1424/1424
f 1425/1425 1424/1424 1421/1421
f 1425/1425 1421/1421 1419/1419
f 1425/1425 1419/1419 1420/1420
f 1425/1425 1420/1420 1188/1188
f 907/907 899/899 898/898
f 907/907 898/898 1399/1399
f 907/907 1399/1399 1393/1393
f 907/907 1393/1393 1562/1562
f 840/840 1197/1197 841/841
f 1259/1259 1222/1222 847/847
f 847/847 1197/1197 1259/1259
f 849/849 1246/1246 1258/1258
f 1258/1258 1218/1218 849/849
f 847/847 841/841 1197/1197
f 1258/1258 1261/1261 1218/1218
f 1259/1259 1246/1246 849/849
f 849/849 1222/1222 1259/1259
f 1189/1189 840/840 841/841
f 841/841 1286/1286 1189/1189
f 1282/1282 1190/1190 1287/1287
f 1282/1282 1287/1287 1285/1285
f 1282/1282 1285/1285 1313/1313
f 1282/1282 1313/1313 1314/1314
f 1282/1282 1314/1314 1277/1277
f 1282/1282 1277/1277 1279/1279
f 1256/1256 1260/1260 1251/1251
f 1256/1256 842/842 843/843
f 843/843 1260/1260 1256/1256
f 1272/1272 1273/1273 1194/1194
f 1194/1194 1193/1193 1272/1272
f 1223/1223 1257/1257 1273/1273
f 1273/1273 1272/1272 1223/1223
f 1193/1193 1194/1194 843/843
f 843/843 842/842 1193/1193
f 1206/1206 852/852 854/854
f 1244/1244 1209/1209 1263/1263
f 854/854 1232/1232 1206/1206
f 864/864 1232/1232 854/854
f 854/854 1265/1265 864/864
f 865/865 1262/1262 1264/1264
f 1264/1264 1209/1209 865/865
f 865/865 864/864 1265/1265
f 1265/1265 1262/1262 865/865
f 851/851 1211/1211 855/855
f 1271/1271 855/855 1208/1208
f 1208/1208 859/859 1271/1271
f 1204/1204 863/863 1267/1267
f 1267/1267 1268/1268 1204/1204
f 1208/1208 855/855 1211/1211
f 1266/1266 863/863 866/866
f 1271/1271 859/859 1204/1204
f 1204/1204 1268/1268 1271/1271
f 1234/1234 1284/1284 1203/1203
f 1203/1203 1215/1215 1234/1234
f 1215/1215 1203/1203 1202/1202
f 1202/1202 1210/1210 1215/1215
f 1210/1210 1202/1202 1200/1200
f 1200/1200 1230/1230 1210/1210
f 1229/1229 1230/1230 1200/1200
f 1200/1200 1196/1196 1229/1229
f 1234/1234 1237/1237 743/743
f 1234/1234 743/743 1288/1288
f 1234/1234 1288/1288 1284/1284
f 1219/1219 1221/1221 1274/1274
f 1274/1274 1270/1270 1219/1219
f 1201/1201 1240/1240 1239/1239
f 1239/1239 1205/1205 1201/1201
f 1241/1241 1205/1205 1239/1239
f 1239/1239 1224/1224 1241/1241
f 1242/1242 1241/1241 1224/1224
f 1224/1224 1226/1226 1242/1242
f 862/862 1242/1242 1226/1226
f 1226/1226 848/848 862/862
f 1214/1214 862/862 848/848
f 848/848 1225/1225 1214/1214
f 1214/1214 1225/1225 737/737
f 850/850 1207/1207 1212/1212
