# exported from mesh.npz by build_env/build_object_urdf.py
# mesh coordinates preserved (origin convention goal_traj tracks)
v -0.020085 -0.001585 0.000882
v -0.020232 0.000592 0.000908
v -0.019790 0.000310 0.000472
v -0.018736 -0.003938 0.000356
v -0.019483 0.000911 0.000391
v -0.019513 -0.002489 0.000459
v -0.019775 -0.003763 0.000915
v -0.018428 -0.001214 0.000588
v -0.018078 -0.003985 0.000461
v -0.018901 -0.005191 0.000453
v -0.023922 0.030383 0.015231
v -0.024540 0.030608 0.016653
v -0.023523 0.030672 0.015171
v -0.022267 0.030426 0.014248
v -0.022267 0.030426 0.014248
v -0.023612 0.029657 0.014493
v -0.022301 0.031323 0.015363
v -0.024378 0.032411 0.019808
v -0.023913 0.032189 0.018380
v -0.024983 0.031738 0.018578
v -0.022948 0.031650 0.016436
v -0.022181 0.031937 0.016053
v -0.022304 0.032791 0.016898
v -0.020695 0.032991 0.016190
v -0.020372 0.032532 0.015247
v -0.020372 0.032532 0.015247
v -0.021053 0.031692 0.014775
v -0.021053 0.031692 0.014775
v -0.021419 0.033638 0.017980
v -0.023096 0.032681 0.018349
v -0.024439 0.031455 0.017803
v -0.023109 0.032214 0.017394
v -0.023743 0.033197 0.020620
v -0.023083 0.033854 0.020763
v -0.022278 0.033712 0.019527
v -0.024121 0.033270 0.022217
v -0.022406 0.034346 0.021850
v -0.024837 0.032587 0.021469
v -0.019562 0.034572 0.017750
v -0.020524 0.034075 0.017817
v -0.018989 0.034936 0.017772
v -0.020022 0.035024 0.018826
v -0.020512 0.034795 0.018623
v -0.021537 0.034407 0.020124
v -0.019528 0.035441 0.019730
v -0.020807 0.035062 0.021040
v -0.021177 0.034176 0.018717
v -0.020710 0.031796 0.020374
v -0.020980 0.030821 0.018228
v -0.019437 0.032274 0.019485
v -0.025864 0.023461 0.010867
v -0.025615 0.022212 0.010224
v -0.026593 0.021928 0.010675
v -0.030674 0.017578 0.011351
v -0.029722 0.016570 0.010166
v -0.030908 0.016193 0.010596
v -0.028513 0.018531 0.010217
v -0.027533 0.017546 0.009220
v -0.028656 0.017087 0.009460
v -0.030592 0.014989 0.010203
v -0.028406 0.015853 0.009186
v -0.027413 0.016340 0.008876
v -0.030608 0.020000 0.012596
v -0.030608 0.020000 0.012596
v -0.029652 0.021742 0.012843
v -0.029652 0.021742 0.012843
v -0.028981 0.020711 0.011678
v -0.031824 0.017391 0.012302
v -0.031982 0.018405 0.012992
v -0.031982 0.018405 0.012992
v -0.030819 0.018997 0.011858
v -0.031835 0.020329 0.014077
v -0.030842 0.021260 0.013369
v -0.032749 0.018776 0.014044
v -0.033060 0.017451 0.013198
v -0.033060 0.017451 0.013198
v -0.033022 0.020091 0.014876
v -0.033659 0.018598 0.015018
v -0.029543 0.019421 0.011323
v -0.030335 0.019498 0.011916
v -0.028281 0.020827 0.011138
v -0.028570 0.019965 0.010500
v -0.027447 0.018850 0.009764
v -0.027144 0.020483 0.010229
v -0.026069 0.019557 0.009308
v -0.028393 0.021473 0.011627
v -0.028593 0.022595 0.012175
v -0.027223 0.022802 0.011611
v -0.026127 0.021043 0.009728
v -0.029242 0.018460 0.010732
v -0.028250 0.018530 0.013173
v -0.029513 0.018812 0.014432
v -0.029811 0.016020 0.013183
v -0.029811 0.016020 0.013183
v -0.027834 0.016201 0.011809
v -0.026114 0.019026 0.011915
v -0.031261 0.008770 0.008995
v -0.031870 0.009845 0.009421
v -0.030752 0.010317 0.009056
v -0.029978 0.009684 0.008557
v -0.034426 0.005714 0.010797
v -0.035535 0.006199 0.011489
v -0.034751 0.007213 0.011259
v -0.035211 0.004847 0.011367
v -0.035910 0.005662 0.012025
v -0.035287 0.002624 0.011160
v -0.036502 0.005061 0.012714
v -0.033941 0.008439 0.010587
v -0.032813 0.009091 0.010092
v -0.033073 0.007134 0.010007
v -0.034033 0.007149 0.010712
v -0.030887 0.007764 0.008420
v -0.031466 0.006478 0.008841
v -0.032081 0.007379 0.009373
v -0.032669 0.005502 0.009235
v -0.033885 0.002600 0.009986
v -0.033240 0.004244 0.009690
v -0.032728 0.003031 0.009220
v -0.032061 0.004579 0.008841
v -0.033705 0.005044 0.010098
v -0.034346 0.003856 0.010253
v -0.035088 0.015974 0.014536
v -0.033891 0.016255 0.013764
v -0.033891 0.016255 0.013764
v -0.034768 0.014763 0.013980
v -0.034768 0.014763 0.013980
v -0.034042 0.016960 0.014364
v -0.034782 0.017499 0.015707
v -0.035007 0.016984 0.015585
v -0.035850 0.015293 0.015765
v -0.034924 0.013448 0.013062
v -0.035650 0.013614 0.014578
v -0.035650 0.013614 0.014578
v -0.035402 0.014997 0.014855
v -0.035452 0.012342 0.013604
v -0.036146 0.012032 0.014344
v -0.036146 0.012032 0.014344
v -0.036865 0.012198 0.015394
v -0.036488 0.013106 0.015347
v -0.037157 0.012638 0.016103
v -0.036029 0.014316 0.015405
v -0.036555 0.015018 0.016640
v -0.036141 0.016220 0.016969
v -0.037703 0.012644 0.017229
v -0.037048 0.013849 0.016111
v -0.037331 0.014085 0.017459
v -0.036428 0.010404 0.014020
v -0.035173 0.011454 0.013028
v -0.036534 0.009628 0.013809
v -0.037125 0.009855 0.014782
v -0.037125 0.009855 0.014782
v -0.037970 0.008508 0.015509
v -0.037970 0.008508 0.015509
v -0.037510 0.008167 0.014642
v -0.036907 0.008005 0.013717
v -0.037328 0.007496 0.014028
v -0.037910 0.007085 0.014375
v -0.038041 0.007893 0.015349
v -0.038041 0.007893 0.015349
v -0.037199 0.006510 0.013764
v -0.037976 0.006576 0.014431
v -0.038544 0.006316 0.015716
v -0.038544 0.006316 0.015716
v -0.037929 0.005457 0.014660
v -0.038142 0.013066 0.018434
v -0.038845 0.011617 0.018264
v -0.038729 0.011572 0.017988
v -0.038952 0.010137 0.018194
v -0.038305 0.010588 0.017071
v -0.039232 0.010749 0.019342
v -0.038982 0.008869 0.017492
v -0.039519 0.008590 0.018701
v -0.039839 0.009457 0.019616
v -0.040032 0.006950 0.018125
v -0.039967 0.007938 0.019637
v -0.037492 0.011537 0.016155
v -0.038351 0.009359 0.016043
v -0.037591 0.010359 0.015640
v -0.037069 0.011154 0.014784
v -0.037069 0.011154 0.014784
v -0.036272 0.010650 0.019024
v -0.035953 0.009743 0.017648
v -0.034909 0.012138 0.017066
v -0.038624 0.008248 0.016532
v -0.039368 0.006735 0.017324
v -0.039090 0.006028 0.016666
v -0.039363 0.007593 0.017555
v -0.036896 0.008646 0.019441
v -0.036562 0.007672 0.017885
v -0.036114 0.006975 0.016818
v -0.036906 0.006980 0.018437
v -0.032571 0.013697 0.011227
v -0.033687 0.013553 0.012275
v -0.032917 0.014864 0.011653
v -0.033864 0.014429 0.012832
v -0.031737 0.015167 0.011102
v -0.031882 0.015951 0.011568
v -0.034580 0.010771 0.011728
v -0.033374 0.011653 0.011243
v -0.033433 0.010093 0.010887
v -0.034544 0.012085 0.012533
v -0.032490 0.012394 0.010515
v -0.030264 0.013853 0.009396
v -0.031228 0.013049 0.010038
v -0.030074 0.012568 0.009136
v -0.028807 0.013222 0.008691
v -0.029225 0.014301 0.009097
v -0.028239 0.014639 0.008461
v -0.031151 0.011359 0.009588
v -0.032275 0.010892 0.010191
v -0.030377 0.010782 0.008855
v -0.029856 0.011494 0.008506
v -0.031043 0.011297 0.012389
v -0.029678 0.009313 0.010913
v -0.028677 0.012342 0.011022
v -0.031239 0.008370 0.011818
v -0.032897 0.016167 0.012657
v -0.031298 0.016621 0.014932
v -0.031298 0.016621 0.014932
v -0.031468 0.014326 0.013906
v -0.033723 0.012372 0.015496
v -0.033707 0.014233 0.016514
v -0.032864 0.013862 0.015168
v -0.033110 0.010964 0.014202
v -0.032442 0.016116 0.015951
v -0.032442 0.016116 0.015951
v -0.030037 0.013296 0.012286
v -0.028439 0.014497 0.011552
v -0.035395 0.009924 0.012633
v -0.035310 0.008564 0.012215
v -0.036377 0.008773 0.013013
v -0.035758 0.007606 0.012429
v -0.034208 0.009377 0.011320
v -0.034507 0.008043 0.011223
v -0.036206 0.006629 0.012713
v -0.037312 0.005240 0.013744
v -0.035686 0.006365 0.011647
v -0.034102 0.008119 0.014396
v -0.035455 0.006320 0.015597
v -0.034068 0.004792 0.013655
v -0.032711 0.006253 0.012585
v -0.035620 0.004047 0.015366
v -0.031250 0.004520 0.011184
v -0.030512 0.006575 0.010957
v -0.032467 0.009051 0.013015
v -0.032635 0.002953 0.012106
v -0.034671 0.010015 0.015694
v -0.035547 0.007926 0.016184
v -0.037097 0.004553 0.017946
v -0.039387 0.014236 0.025475
v -0.039323 0.014730 0.023916
v -0.039601 0.013472 0.025060
v -0.039954 0.012402 0.024866
v -0.040430 0.012083 0.026039
v -0.040491 0.010769 0.025314
v -0.040581 0.011535 0.026544
v -0.040615 0.010909 0.026882
v -0.040815 0.010031 0.027130
v -0.038062 0.017429 0.025300
v -0.038549 0.016082 0.024690
v -0.038651 0.016424 0.026018
v -0.038835 0.015592 0.025311
v -0.038557 0.017079 0.026327
v -0.037657 0.018533 0.027292
v -0.036959 0.019632 0.026231
v -0.037709 0.018148 0.025132
v -0.038366 0.017066 0.027899
v -0.036617 0.020475 0.027503
v -0.036100 0.021783 0.026548
v -0.036288 0.020995 0.025921
v -0.036131 0.021296 0.028113
v -0.035568 0.022298 0.029001
v -0.035352 0.022531 0.027343
v -0.036405 0.021001 0.029671
v -0.037548 0.019336 0.028377
v -0.037930 0.018128 0.028266
v -0.038162 0.017702 0.029112
v -0.037720 0.018638 0.030235
v -0.036789 0.020319 0.029295
v -0.038755 0.017196 0.030589
v -0.039010 0.015491 0.026767
v -0.039947 0.013047 0.027073
v -0.039672 0.013938 0.027399
v -0.038835 0.016069 0.027538
v -0.039682 0.014709 0.028428
v -0.040514 0.011280 0.027694
v -0.039953 0.013193 0.028552
v -0.039880 0.013608 0.029372
v -0.040503 0.011604 0.029421
v -0.040664 0.010955 0.029567
v -0.039048 0.015759 0.029050
v -0.038810 0.016337 0.029676
v -0.039168 0.015409 0.029982
v -0.038948 0.016413 0.031119
v -0.039181 0.015697 0.031284
v -0.039862 0.013834 0.030966
v -0.038977 0.016082 0.032708
v -0.037774 0.018600 0.031445
v -0.040548 0.012443 0.030483
v -0.040689 0.011783 0.030745
v -0.040737 0.011169 0.031500
v -0.039756 0.014782 0.032114
v -0.039850 0.014489 0.032180
v -0.040071 0.013247 0.032704
v -0.040307 0.012451 0.032132
v -0.040578 0.011402 0.033847
v -0.029539 0.026889 0.017905
v -0.029556 0.026313 0.016454
v -0.030067 0.025978 0.017137
v -0.029505 0.027752 0.019319
v -0.028802 0.027547 0.017624
v -0.031684 0.022986 0.016088
v -0.031310 0.023051 0.015718
v -0.031900 0.021493 0.015168
v -0.032630 0.022610 0.016573
v -0.031950 0.023456 0.017046
v -0.032680 0.023025 0.017808
v -0.032577 0.021512 0.015944
v -0.032655 0.020730 0.015258
v -0.033935 0.019142 0.015808
v -0.033494 0.020308 0.016221
v -0.033481 0.021774 0.017707
v -0.033517 0.021228 0.017109
v -0.033768 0.021057 0.017258
v -0.034332 0.020002 0.017184
v -0.034269 0.019434 0.016579
v -0.034836 0.019325 0.017378
v -0.034527 0.020956 0.017904
v -0.034873 0.020091 0.018058
v -0.035192 0.020165 0.019336
v -0.034386 0.021816 0.019857
v -0.034548 0.021244 0.019217
v -0.033926 0.023068 0.020288
v -0.033652 0.023281 0.019737
v -0.032863 0.024308 0.020562
v -0.034159 0.022823 0.021143
v -0.034780 0.021885 0.021189
v -0.035656 0.021471 0.022179
v -0.035695 0.021248 0.021940
v -0.032284 0.024078 0.018418
v -0.032750 0.023676 0.018931
v -0.031636 0.025150 0.018160
v -0.031645 0.024257 0.017538
v -0.030693 0.025262 0.017322
v -0.030033 0.024921 0.016074
v -0.031328 0.025676 0.019062
v -0.032279 0.024597 0.019514
v -0.031705 0.025884 0.020853
v -0.030631 0.025936 0.018250
v -0.030869 0.026291 0.019417
v -0.033819 0.022030 0.018848
v -0.032084 0.019506 0.018494
v -0.030603 0.020533 0.017037
v -0.030427 0.021864 0.018373
v -0.031557 0.021040 0.019675
v -0.031202 0.021912 0.020481
v -0.032929 0.019281 0.020406
v -0.027996 0.024812 0.013403
v -0.028091 0.023548 0.012745
v -0.028091 0.023548 0.012745
v -0.028395 0.024121 0.013395
v -0.029287 0.025094 0.015374
v -0.027431 0.025943 0.014230
v -0.025975 0.027074 0.013919
v -0.024690 0.026896 0.012703
v -0.024690 0.026896 0.012703
v -0.026213 0.026346 0.013457
v -0.025615 0.025840 0.012156
v -0.025615 0.025840 0.012156
v -0.023984 0.026125 0.011622
v -0.025936 0.024516 0.011763
v -0.026735 0.025085 0.012773
v -0.026735 0.025085 0.012773
v -0.024755 0.024515 0.011044
v -0.024056 0.025532 0.014643
v -0.025628 0.022580 0.013587
v -0.022966 0.024784 0.013263
v -0.026332 0.028619 0.015925
v -0.027089 0.027572 0.014996
v -0.027234 0.028000 0.016155
v -0.027449 0.028348 0.016982
v -0.025843 0.027975 0.014595
v -0.025956 0.029745 0.016607
v -0.024724 0.029696 0.015589
v -0.028884 0.026820 0.016621
v -0.028243 0.026751 0.015876
v -0.028461 0.028619 0.018177
v -0.024960 0.026624 0.016599
v -0.026457 0.026393 0.018282
v -0.027735 0.024157 0.017040
v -0.024845 0.028104 0.013578
v -0.024255 0.029068 0.014411
v -0.023171 0.028571 0.013070
v -0.023171 0.028571 0.013070
v -0.024786 0.025985 0.015726
v -0.027058 0.023630 0.015680
v -0.022319 0.028484 0.016184
v -0.030492 0.022238 0.014098
v -0.028695 0.023250 0.013116
v -0.028695 0.023250 0.013116
v -0.029169 0.023883 0.014036
v -0.030244 0.023929 0.014855
v -0.028782 0.022357 0.016421
v -0.028109 0.021028 0.014615
v -0.032278 0.018194 0.017338
v -0.030396 0.019436 0.015787
v -0.026549 0.020615 0.013051
v -0.029345 0.023071 0.018099
v -0.028289 0.024640 0.018603
v -0.029840 0.023555 0.020159
v -0.027318 0.030631 0.020498
v -0.027573 0.029833 0.019738
v -0.028401 0.029465 0.021079
v -0.027935 0.029361 0.019374
v -0.030468 0.026854 0.019539
v -0.030538 0.027319 0.020198
v -0.029886 0.028004 0.020933
v -0.031196 0.026803 0.021821
v -0.030505 0.027954 0.023070
v -0.029733 0.028356 0.021556
v -0.028120 0.029987 0.021853
v -0.026860 0.031055 0.021484
v -0.026329 0.031631 0.022138
v -0.028261 0.030395 0.023900
v -0.027725 0.031232 0.024632
v -0.026718 0.031620 0.023524
v -0.029451 0.029242 0.022453
v -0.030313 0.028363 0.023784
v -0.028808 0.029796 0.023325
v -0.028729 0.030226 0.025618
v -0.030312 0.028627 0.025740
v -0.031725 0.026705 0.023447
v -0.032460 0.025863 0.022970
v -0.032651 0.025643 0.022212
v -0.033439 0.024559 0.023208
v -0.032429 0.026078 0.024497
v -0.033216 0.024362 0.021838
v -0.034649 0.022525 0.022359
v -0.034335 0.023262 0.023185
v -0.035167 0.022057 0.023378
v -0.035489 0.021970 0.024922
v -0.034465 0.023760 0.024395
v -0.032325 0.025352 0.021246
v -0.030576 0.023221 0.022505
v -0.028792 0.024951 0.020626
v -0.032215 0.020873 0.022133
v -0.032109 0.021218 0.023838
v -0.031324 0.027687 0.024438
v -0.031927 0.026921 0.025920
v -0.033153 0.025360 0.025373
v -0.033057 0.025968 0.026682
v -0.032056 0.026929 0.027692
v -0.033828 0.024574 0.026219
v -0.035115 0.022745 0.025882
v -0.034619 0.023619 0.027400
v -0.033628 0.025024 0.027936
v -0.034620 0.024022 0.028454
v -0.030872 0.023057 0.027239
v -0.029063 0.025133 0.023730
v -0.028887 0.025419 0.027479
v -0.027229 0.029259 0.018006
v -0.025668 0.030277 0.017379
v -0.026287 0.030692 0.019287
v -0.025112 0.030769 0.017565
v -0.024706 0.031186 0.017727
v -0.025789 0.031441 0.020165
v -0.026495 0.027310 0.020511
v -0.027503 0.026184 0.020098
v -0.024472 0.028897 0.019784
v -0.023651 0.028607 0.017783
v -0.025602 0.032612 0.022744
v -0.027089 0.027152 0.023092
v -0.024875 0.029024 0.021690
v -0.025959 0.028244 0.024755
v -0.022168 0.030852 0.020471
v -0.021799 0.031399 0.022293
v -0.023630 0.030174 0.023513
v -0.028052 0.026007 0.021704
v -0.027497 0.026814 0.026208
v -0.036546 0.017429 0.018907
v -0.035966 0.017626 0.017947
v -0.036701 0.016731 0.017908
v -0.036823 0.016665 0.018195
v -0.036298 0.019081 0.019746
v -0.035517 0.019558 0.019155
v -0.036062 0.018412 0.018905
v -0.036716 0.017500 0.019503
v -0.036552 0.018753 0.019897
v -0.036817 0.015593 0.017637
v -0.037454 0.015491 0.018964
v -0.037919 0.013912 0.018657
v -0.037641 0.015094 0.019049
v -0.038312 0.014492 0.019561
v -0.037350 0.017056 0.020969
v -0.037935 0.015549 0.020679
v -0.038524 0.014244 0.019867
v -0.038585 0.014262 0.021158
v -0.035081 0.018470 0.016467
v -0.035854 0.017391 0.017436
v -0.034942 0.018788 0.016626
v -0.035600 0.017050 0.016674
v -0.033101 0.016386 0.017110
v -0.033101 0.016386 0.017110
v -0.034252 0.014856 0.017900
v -0.034252 0.014856 0.017900
v -0.035041 0.012990 0.017971
v -0.034206 0.016577 0.019794
v -0.035651 0.013981 0.021085
v -0.035651 0.013981 0.021085
v -0.035391 0.013493 0.019305
v -0.035391 0.013493 0.019305
v -0.033317 0.017557 0.018739
v -0.035675 0.019997 0.020458
v -0.036420 0.019105 0.021318
v -0.036020 0.019924 0.021608
v -0.036915 0.017897 0.020614
v -0.037136 0.017822 0.021461
v -0.036348 0.019941 0.022889
v -0.037207 0.018151 0.022496
v -0.036818 0.019209 0.023250
v -0.035537 0.020614 0.021182
v -0.037960 0.017049 0.021965
v -0.038006 0.016185 0.021592
v -0.038436 0.015807 0.023046
v -0.038813 0.014469 0.022470
v -0.037872 0.017227 0.023528
v -0.037352 0.018250 0.023456
v -0.034365 0.016993 0.021399
v -0.033822 0.018411 0.023139
v -0.035349 0.015330 0.023628
v -0.038465 0.012962 0.019252
v -0.038502 0.013972 0.019571
v -0.038817 0.013045 0.020340
v -0.039053 0.011683 0.019748
v -0.039013 0.013157 0.021226
v -0.039725 0.012068 0.021697
v -0.039524 0.013082 0.023500
v -0.039402 0.011557 0.020730
v -0.039837 0.010534 0.021372
v -0.040471 0.008348 0.021707
v -0.039931 0.011865 0.022747
v -0.040670 0.008871 0.023162
v -0.040261 0.010362 0.022868
v -0.036270 0.011603 0.020059
v -0.036239 0.012526 0.021449
v -0.037124 0.009225 0.020927
v -0.036853 0.011046 0.022700
v -0.037393 0.006386 0.019496
v -0.040105 0.011305 0.023606
v -0.040814 0.009774 0.023831
v -0.040917 0.009597 0.024521
v -0.036282 0.013001 0.023872
v -0.036282 0.013001 0.023872
v -0.037671 0.007959 0.023236
v -0.036043 0.020699 0.023581
v -0.036398 0.020205 0.023875
v -0.037249 0.019268 0.024270
v -0.036412 0.020444 0.025005
v -0.033905 0.018400 0.026690
v -0.035067 0.016191 0.027226
v -0.032608 0.020525 0.026207
v -0.034922 0.023666 0.028988
v -0.033129 0.020416 0.029933
v -0.034244 0.018074 0.028448
v -0.032815 0.020390 0.027962
v -0.034268 0.018914 0.030737
v -0.035103 0.016767 0.029435
v -0.036052 0.013734 0.026633
v -0.036207 0.014135 0.029282
v -0.037058 0.010947 0.027321
v -0.037058 0.010947 0.027321
v -0.036956 0.012296 0.029542
v -0.037355 0.010790 0.029160
v -0.037355 0.010790 0.029160
v -0.035620 0.016951 0.031656
v -0.038317 0.009983 0.031959
v -0.038317 0.009983 0.031959
v -0.037795 0.012061 0.032256
v -0.036923 0.014124 0.031796
v -0.005844 0.022589 0.004447
v -0.006891 0.021760 0.004109
v -0.007351 0.022948 0.004698
v -0.005464 0.021864 0.003595
v -0.004414 0.022346 0.004074
v -0.005193 0.021138 0.002921
v -0.002904 0.021351 0.002813
v -0.005178 0.020746 0.002448
v -0.002829 0.022410 0.003669
v -0.004979 0.019493 0.000539
v -0.002731 0.020084 0.000630
v -0.001647 0.019766 0.000461
v -0.000196 0.020110 0.000533
v -0.002980 0.020526 0.001232
v -0.000587 0.020631 0.001073
v -0.001391 0.021027 0.001953
v -0.000946 0.019405 0.000453
v -0.001511 0.022052 0.003433
v -0.000654 0.021653 0.002996
v 0.001302 0.021282 0.002513
v -0.019718 0.027501 0.010236
v -0.020423 0.028812 0.011458
v -0.019314 0.028830 0.010755
v -0.018125 0.028407 0.010167
v -0.017740 0.029476 0.010782
v -0.016789 0.028747 0.009578
v -0.018583 0.026554 0.009217
v -0.017185 0.027478 0.009255
v -0.021172 0.029817 0.012823
v -0.021871 0.028711 0.012014
v -0.018821 0.030011 0.011614
v -0.019618 0.031064 0.012954
v -0.019760 0.031945 0.014125
v -0.020869 0.031067 0.013535
v -0.018515 0.031233 0.012227
v -0.017698 0.032233 0.013095
v -0.016309 0.029855 0.010399
v -0.015835 0.030956 0.010837
v -0.014795 0.030329 0.010220
v -0.016855 0.031243 0.011742
v -0.017254 0.030829 0.011563
v -0.015957 0.032494 0.012497
v -0.015203 0.031792 0.011439
v -0.014625 0.032745 0.011788
v -0.018187 0.028289 0.013178
v -0.016725 0.027337 0.011818
v -0.015971 0.029577 0.013181
v -0.008714 0.032659 0.010265
v -0.009955 0.031989 0.009710
v -0.009433 0.032990 0.010696
v -0.016427 0.026245 0.008419
v -0.017693 0.026360 0.008660
v -0.014953 0.027093 0.008425
v -0.015340 0.026078 0.007787
v -0.014202 0.025892 0.007598
v -0.014953 0.024780 0.007392
v -0.015677 0.028497 0.009255
v -0.014002 0.029311 0.009322
v -0.014659 0.028319 0.008766
v -0.013410 0.027957 0.008473
v -0.012776 0.026615 0.007634
v -0.013407 0.024506 0.006835
v -0.013167 0.025725 0.007114
v -0.011870 0.025267 0.006878
v -0.012315 0.024087 0.006464
v -0.010914 0.024797 0.006249
v -0.012337 0.027719 0.007888
v -0.011657 0.028710 0.008452
v -0.011041 0.027082 0.007597
v -0.010224 0.028694 0.008279
v -0.009402 0.027944 0.007695
v -0.015003 0.029521 0.009801
v -0.013493 0.030550 0.009612
v -0.014492 0.031017 0.010585
v -0.012450 0.029677 0.009130
v -0.012177 0.030356 0.009416
v -0.012867 0.031499 0.010399
v -0.013369 0.032701 0.011433
v -0.013962 0.032968 0.011830
v -0.012277 0.032629 0.010821
v -0.010917 0.032430 0.010577
v -0.011253 0.032012 0.010354
v -0.014752 0.029013 0.012230
v -0.014721 0.027069 0.010941
v -0.012466 0.029163 0.011582
v -0.011413 0.029820 0.008736
v -0.011183 0.029909 0.008709
v -0.010478 0.030830 0.009340
v -0.008915 0.031266 0.009359
v -0.009762 0.029216 0.008425
v -0.008257 0.029901 0.008500
v -0.013710 0.024959 0.009566
v -0.011333 0.027576 0.010328
v -0.010367 0.025237 0.008996
v -0.009187 0.029783 0.011176
v -0.012767 0.034880 0.013249
v -0.014376 0.034156 0.013549
v -0.014113 0.035044 0.014466
v -0.014113 0.035044 0.014466
v -0.014683 0.035714 0.015603
v -0.015410 0.035292 0.015109
v -0.014453 0.036122 0.016144
v -0.012849 0.036061 0.015255
v -0.012849 0.036061 0.015255
v -0.013570 0.037098 0.016904
v -0.015751 0.035898 0.016843
v -0.015029 0.036827 0.017941
v -0.013950 0.036796 0.016648
v -0.012087 0.037018 0.016314
v -0.011435 0.036598 0.014996
v -0.011435 0.036598 0.014996
v -0.012760 0.037636 0.017931
v -0.018166 0.033335 0.014652
v -0.018166 0.033335 0.014652
v -0.019247 0.032422 0.014314
v -0.019546 0.033354 0.015169
v -0.019546 0.033354 0.015169
v -0.017966 0.032646 0.013690
v -0.016869 0.033391 0.013521
v -0.019335 0.033921 0.016340
v -0.019837 0.033311 0.015464
v -0.018019 0.034073 0.015639
v -0.018444 0.034440 0.016390
v -0.016717 0.035019 0.015969
v -0.016250 0.034313 0.014679
v -0.016250 0.034313 0.014679
v -0.019981 0.030472 0.016630
v -0.019588 0.029339 0.014962
v -0.017251 0.031243 0.015557
v -0.017085 0.032403 0.017030
v -0.015642 0.033193 0.013004
v -0.013398 0.033689 0.012528
v -0.015622 0.034231 0.014229
v -0.015622 0.034231 0.014229
v -0.013877 0.032311 0.014896
v -0.014484 0.033067 0.016198
v -0.016851 0.030226 0.014222
v -0.017931 0.035292 0.016826
v -0.017572 0.035873 0.018372
v -0.016931 0.035922 0.017734
v -0.016827 0.035441 0.016655
v -0.016372 0.036936 0.018726
v -0.018888 0.035831 0.019863
v -0.017951 0.033293 0.020016
v -0.017252 0.033069 0.018464
v -0.015335 0.034286 0.019259
v -0.014100 0.033890 0.017255
v -0.012498 0.035246 0.018823
v -0.011134 0.034575 0.016605
v -0.011386 0.035145 0.017794
v -0.011382 0.033565 0.011705
v -0.011497 0.034707 0.012834
v -0.010262 0.034564 0.012009
v -0.011716 0.035707 0.014181
v -0.009561 0.035074 0.012622
v -0.009293 0.033751 0.011267
v -0.009051 0.034209 0.011623
v -0.008066 0.033760 0.010667
v -0.007788 0.034016 0.010911
v -0.007068 0.033043 0.010189
v -0.009170 0.035671 0.013169
v -0.008237 0.035077 0.012402
v -0.007363 0.034454 0.011497
v -0.006473 0.033902 0.010897
v -0.006963 0.035624 0.012652
v -0.006650 0.034709 0.011527
v -0.005824 0.035328 0.011751
v -0.010176 0.036055 0.014116
v -0.008511 0.036300 0.013466
v -0.009790 0.036586 0.014689
v -0.009790 0.036586 0.014689
v -0.010296 0.037469 0.016219
v -0.011136 0.037852 0.017402
v -0.008726 0.037821 0.016150
v -0.007980 0.037756 0.015705
v -0.007893 0.036909 0.014462
v -0.007893 0.036909 0.014462
v -0.007324 0.036190 0.013370
v -0.007116 0.037060 0.014423
v -0.007116 0.037060 0.014423
v -0.006847 0.037862 0.015162
v -0.005759 0.037450 0.014699
v -0.005759 0.037450 0.014699
v -0.005414 0.036986 0.013959
v -0.004961 0.036152 0.012838
v -0.004651 0.037463 0.014473
v -0.004073 0.034399 0.014340
v -0.003657 0.035942 0.016362
v -0.006141 0.034607 0.014955
v -0.008810 0.034998 0.016268
v -0.008112 0.033695 0.014365
v -0.013111 0.031151 0.013404
v -0.011109 0.032632 0.014123
v -0.011567 0.030790 0.012548
v -0.008613 0.031989 0.012778
v -0.006125 0.031018 0.011501
v -0.010791 0.033710 0.015271
v -0.006791 0.031863 0.009391
v -0.007637 0.030974 0.008775
v -0.006355 0.030187 0.008453
v -0.005129 0.031996 0.009260
v -0.004642 0.030490 0.008411
v -0.004002 0.031595 0.008737
v -0.004313 0.028616 0.007434
v -0.002863 0.030600 0.008416
v -0.001710 0.029770 0.007740
v -0.002577 0.028746 0.007444
v -0.008841 0.027569 0.007380
v -0.007366 0.026849 0.006851
v -0.008681 0.026242 0.006634
v -0.007693 0.028445 0.007571
v -0.006786 0.027955 0.007093
v -0.006200 0.026653 0.006702
v -0.011241 0.023765 0.005987
v -0.009990 0.024448 0.006006
v -0.010312 0.025663 0.006720
v -0.008411 0.024890 0.005986
v -0.009914 0.022981 0.005393
v -0.009096 0.024090 0.005569
v -0.008199 0.023425 0.005236
v -0.009667 0.026850 0.006909
v -0.007806 0.025837 0.006222
v -0.004855 0.026278 0.006145
v -0.005543 0.027299 0.006922
v -0.006920 0.025096 0.005879
v -0.006808 0.023678 0.005118
v -0.006349 0.024628 0.005432
v -0.005490 0.023876 0.005112
v -0.005461 0.025342 0.005878
v -0.004103 0.025462 0.005814
v -0.007136 0.029587 0.008240
v -0.008518 0.028913 0.007826
v -0.006123 0.028704 0.007540
v -0.008557 0.027214 0.009631
v -0.006018 0.028769 0.010099
v -0.005306 0.029439 0.007726
v -0.008486 0.023782 0.008066
v -0.005348 0.025903 0.008612
v -0.004180 0.027019 0.006620
v -0.003401 0.027909 0.006859
v -0.002551 0.027101 0.006562
v -0.003380 0.025971 0.006103
v -0.003673 0.028161 0.009569
v -0.003315 0.022867 0.007226
v -0.001668 0.026257 0.008574
v -0.000660 0.030512 0.008289
v -0.000970 0.029072 0.007498
v 0.000714 0.029052 0.007472
v -0.000047 0.028454 0.007078
v 0.001748 0.028250 0.007165
v -0.000879 0.025659 0.005801
v -0.002467 0.024575 0.005226
v -0.002524 0.025531 0.005784
v -0.004103 0.024124 0.005085
v -0.004727 0.023588 0.004777
v -0.002837 0.023426 0.004672
v -0.003400 0.024869 0.005335
v -0.001530 0.024106 0.004829
v -0.001278 0.023179 0.004336
v -0.000792 0.024715 0.005286
v -0.000486 0.022707 0.003819
v -0.000137 0.023564 0.004687
v 0.000541 0.022151 0.003535
v 0.001613 0.021608 0.003023
v 0.000718 0.024108 0.004977
v 0.001745 0.023162 0.004358
v 0.001828 0.022528 0.003758
v -0.001701 0.026463 0.006047
v -0.000767 0.027315 0.006712
v 0.000807 0.027638 0.006800
v -0.000445 0.023271 0.007326
v 0.000257 0.025218 0.005426
v 0.000860 0.026119 0.006064
v 0.001689 0.025480 0.005803
v 0.002863 0.024163 0.005085
v 0.003181 0.025189 0.005582
v 0.001588 0.027022 0.006404
v 0.002995 0.026401 0.006309
v 0.003604 0.027764 0.006913
v 0.003378 0.023132 0.007345
v -0.000225 0.019898 0.006039
v 0.003450 0.019609 0.006031
v 0.002365 0.026448 0.008673
v -0.005968 0.032773 0.009684
v -0.004918 0.033473 0.010305
v -0.003622 0.032943 0.009868
v -0.005294 0.034338 0.011022
v -0.004779 0.034669 0.011200
v -0.003930 0.034396 0.010689
v -0.002957 0.032205 0.012090
v -0.003743 0.030329 0.010783
v -0.005615 0.032952 0.013064
v -0.003294 0.035170 0.011661
v -0.002754 0.034890 0.011355
v -0.002875 0.033878 0.010430
v -0.001248 0.033882 0.010290
v -0.002721 0.032138 0.009251
v -0.002018 0.033330 0.009708
v -0.001150 0.032569 0.009363
v -0.001380 0.031188 0.008646
v -0.001747 0.031384 0.011389
v -0.004990 0.035847 0.012527
v -0.003382 0.036337 0.012889
v -0.001918 0.035913 0.011967
v -0.002957 0.036027 0.012467
v -0.004302 0.037046 0.013479
v -0.002757 0.036835 0.013511
v -0.003198 0.037384 0.014222
v -0.001799 0.036344 0.012709
v -0.001423 0.034883 0.011193
v -0.000743 0.035339 0.011624
v -0.000291 0.034644 0.010626
v -0.000113 0.034827 0.010839
v 0.001078 0.034251 0.010637
v 0.000540 0.033580 0.010088
v -0.001246 0.036855 0.013353
v -0.000710 0.036293 0.012727
v 0.000899 0.036216 0.012506
v 0.000559 0.035225 0.011517
v 0.000685 0.036765 0.013152
v 0.001892 0.036022 0.011997
v -0.001128 0.033834 0.013510
v 0.000728 0.033014 0.012664
v 0.000849 0.031764 0.011619
v -0.001744 0.034911 0.014764
v 0.001875 0.034541 0.014311
v -0.000580 0.029598 0.010199
v 0.000634 0.032603 0.009396
v 0.001742 0.033416 0.009744
v 0.001488 0.031601 0.008924
v 0.002599 0.032559 0.009372
v -0.000223 0.031886 0.008716
v 0.000532 0.030454 0.008297
v 0.002301 0.030592 0.008340
v 0.001672 0.029585 0.007649
v 0.003262 0.031881 0.008775
v 0.001043 0.028328 0.009535
v 0.002846 0.030496 0.010797
v 0.003606 0.032906 0.009738
v 0.004413 0.032341 0.009341
v 0.003383 0.031689 0.008663
v 0.004410 0.031344 0.008795
v 0.002721 0.028842 0.007453
v 0.003619 0.030188 0.008235
v 0.004887 0.029493 0.007767
v 0.004066 0.028788 0.007458
v 0.005315 0.027151 0.006731
v 0.004209 0.028892 0.009955
v 0.005238 0.030692 0.008566
v 0.002333 0.034552 0.010980
v 0.002709 0.033703 0.010225
v 0.003662 0.034389 0.010627
v 0.003000 0.035320 0.011710
v 0.001534 0.036843 0.013393
v 0.002923 0.036323 0.012743
v 0.004531 0.034805 0.011301
v 0.004389 0.031845 0.011914
v 0.004136 0.033307 0.013189
v 0.005280 0.032975 0.009674
v 0.004657 0.033667 0.010301
v 0.005794 0.031889 0.009210
v 0.006523 0.032242 0.009508
v 0.006132 0.033402 0.010278
v 0.005563 0.035312 0.011730
v 0.006541 0.034566 0.011282
v 0.007205 0.033999 0.010694
v 0.007390 0.032489 0.009847
v 0.006313 0.030306 0.010976
v 0.006867 0.032045 0.012414
v -0.020751 0.012815 0.004779
v -0.020419 0.011795 0.004389
v -0.021566 0.012484 0.005148
v -0.019565 0.012862 0.004318
v -0.015619 0.015081 0.002784
v -0.016462 0.013660 0.002326
v -0.016490 0.014396 0.003024
v -0.019363 0.010647 0.003253
v -0.017988 0.012981 0.003250
v -0.017748 0.012308 0.002669
v -0.017381 0.011111 0.001012
v -0.018770 0.010572 0.002595
v -0.017683 0.014725 0.004085
v -0.023333 0.022582 0.009226
v -0.024738 0.023490 0.010384
v -0.023450 0.023986 0.009708
v -0.024779 0.021210 0.009329
v -0.021891 0.024162 0.009353
v -0.023530 0.021445 0.008683
v -0.022498 0.021604 0.008388
v -0.020793 0.024082 0.008655
v -0.020399 0.025154 0.009201
v -0.019360 0.024086 0.008369
v -0.021068 0.022853 0.008410
v -0.018081 0.024379 0.007830
v -0.019023 0.025187 0.008756
v -0.023948 0.020085 0.008511
v -0.021447 0.021785 0.007917
v -0.021307 0.020426 0.007598
v -0.020184 0.019394 0.006746
v -0.021296 0.019321 0.007013
v -0.020030 0.021774 0.007668
v -0.025285 0.018446 0.008423
v -0.024310 0.018723 0.007951
v -0.023862 0.017575 0.007575
v -0.027062 0.015367 0.008348
v -0.026011 0.015600 0.007730
v -0.027021 0.014758 0.008150
v -0.025283 0.014464 0.007354
v -0.026170 0.012979 0.007331
v -0.026537 0.018209 0.008737
v -0.026122 0.016876 0.008384
v -0.024825 0.016001 0.007545
v -0.022695 0.018957 0.007675
v -0.022269 0.016745 0.006682
v -0.021420 0.018116 0.006804
v -0.020538 0.018290 0.006541
v -0.023595 0.016469 0.006884
v -0.021157 0.017115 0.006124
v -0.023987 0.014789 0.006863
v -0.023187 0.015357 0.006582
v -0.023961 0.013792 0.006509
v -0.025059 0.013252 0.006626
v -0.022002 0.015035 0.006020
v -0.023034 0.014375 0.006049
v -0.021765 0.013658 0.005606
v -0.022821 0.013351 0.005892
v -0.023788 0.019840 0.010976
v -0.024246 0.016250 0.009832
v -0.022189 0.019371 0.010043
v -0.026399 0.015935 0.010804
v -0.020539 0.022701 0.010747
v -0.021009 0.018055 0.009118
v -0.019465 0.020826 0.009530
v -0.020738 0.015557 0.008275
v -0.021779 0.012887 0.007978
v -0.017622 0.018247 0.005509
v -0.016732 0.019657 0.005577
v -0.016193 0.018601 0.005081
v -0.016602 0.017640 0.004661
v -0.015800 0.017260 0.004271
v -0.014256 0.018313 0.004211
v -0.014195 0.016689 0.003059
v -0.015751 0.019451 0.005260
v -0.014745 0.019400 0.004769
v -0.017505 0.021898 0.006894
v -0.018426 0.022723 0.007556
v -0.017326 0.023364 0.007426
v -0.016821 0.024339 0.007626
v -0.014961 0.023509 0.006836
v -0.016059 0.024047 0.007188
v -0.016201 0.022984 0.006913
v -0.016318 0.021931 0.006365
v -0.015183 0.021750 0.006114
v -0.019002 0.020419 0.006675
v -0.018904 0.021487 0.006967
v -0.017807 0.019713 0.006095
v -0.019115 0.019513 0.006222
v -0.016339 0.020657 0.006019
v -0.019043 0.018385 0.005914
v -0.013810 0.022350 0.005931
v -0.013686 0.023482 0.006250
v -0.012624 0.023140 0.006019
v -0.014097 0.021436 0.005429
v -0.013091 0.021134 0.005143
v -0.012121 0.022003 0.005402
v -0.014415 0.020310 0.005216
v -0.013723 0.019178 0.004426
v -0.019026 0.016339 0.005255
v -0.017643 0.016428 0.004821
v -0.018899 0.015359 0.004756
v -0.020024 0.015599 0.005437
v -0.020073 0.017158 0.005874
v -0.019042 0.017497 0.005484
v -0.020995 0.016038 0.005885
v -0.017782 0.017407 0.005195
v -0.021120 0.015048 0.005551
v -0.020491 0.014092 0.005176
v -0.022665 0.012426 0.005480
v -0.018605 0.014313 0.004326
v -0.019842 0.013923 0.004874
v -0.017964 0.014815 0.007206
v -0.015635 0.016478 0.003786
v -0.016510 0.015554 0.003582
v -0.016833 0.016395 0.004373
v -0.017369 0.011788 0.006324
v -0.014909 0.015093 0.006400
v -0.018120 0.017267 0.007922
v -0.016462 0.019910 0.008280
v -0.012656 0.017131 0.006443
v -0.029108 0.010371 0.008186
v -0.028788 0.009103 0.007524
v -0.029807 0.008453 0.008171
v -0.027430 0.009724 0.007276
v -0.028291 0.010796 0.007920
v -0.027219 0.011230 0.007432
v -0.027360 0.008630 0.007086
v -0.028245 0.007830 0.007339
v -0.026132 0.011816 0.007083
v -0.026413 0.010475 0.006631
v -0.025374 0.011106 0.006512
v -0.025138 0.009913 0.006262
v -0.024947 0.012144 0.006512
v -0.024433 0.011310 0.005993
v -0.024217 0.012373 0.006262
v -0.023746 0.010424 0.005697
v -0.023555 0.011877 0.005857
v -0.024548 0.008684 0.005743
v -0.026813 0.006005 0.006415
v -0.027442 0.007067 0.006613
v -0.026494 0.007604 0.006385
v -0.025646 0.008147 0.005954
v -0.025158 0.007181 0.005761
v -0.025941 0.009220 0.006458
v -0.027340 0.002335 0.006326
v -0.026827 0.001439 0.005813
v -0.027472 0.000769 0.006280
v -0.029031 0.000728 0.007111
v -0.028095 0.001556 0.006737
v -0.028187 0.000026 0.006515
v -0.030693 0.004554 0.008152
v -0.030249 0.003663 0.007917
v -0.029707 0.005164 0.007585
v -0.030061 0.006564 0.008096
v -0.028390 0.005995 0.007220
v -0.028654 0.004169 0.007167
v -0.031760 0.003682 0.008429
v -0.032090 0.002509 0.008773
v -0.033065 0.001776 0.009161
v -0.030682 0.002569 0.008060
v -0.028898 0.002479 0.007087
v -0.030979 0.001399 0.008131
v -0.032174 0.000820 0.008744
v -0.029858 0.001627 0.007362
v -0.028647 0.001571 0.009406
v -0.029004 0.004517 0.009781
v -0.030912 0.002369 0.010765
v -0.027250 0.004260 0.006481
v -0.028012 0.003146 0.006519
v -0.025353 0.005697 0.005683
v -0.025603 0.003978 0.005701
v -0.026337 0.005019 0.005912
v -0.026371 0.003333 0.006055
v -0.030592 0.000757 0.007837
v -0.026408 0.004665 0.008552
v -0.025796 0.001477 0.008112
v -0.027893 -0.000828 0.009012
v -0.019839 0.008060 0.002486
v -0.018521 0.008695 0.000863
v -0.019349 0.006702 0.000993
v -0.021617 0.002641 0.003117
v -0.022512 0.004769 0.004103
v -0.021066 0.005307 0.002942
v -0.020755 0.004224 0.002267
v -0.020478 0.005819 0.002380
v -0.019705 0.005058 0.000860
v -0.020962 0.007198 0.003417
v -0.022385 0.011475 0.005263
v -0.023614 0.009262 0.005226
v -0.022699 0.010205 0.005107
v -0.023018 0.008318 0.004903
v -0.020994 0.010531 0.004317
v -0.022070 0.008512 0.004498
v -0.023646 0.006855 0.004972
v -0.024550 0.006362 0.005214
v -0.021881 0.006974 0.004025
v -0.023018 0.005740 0.004593
v -0.023958 0.005292 0.005002
v -0.020351 0.008272 0.003126
v -0.024552 0.001978 0.005021
v -0.026042 0.002230 0.005722
v -0.025236 0.002928 0.005217
v -0.024377 0.003652 0.005007
v -0.023620 0.002641 0.004633
v -0.024052 0.001170 0.004608
v -0.025435 0.001305 0.005472
v -0.026065 0.000610 0.005648
v -0.026911 -0.000137 0.006138
v -0.025507 -0.000017 0.005283
v -0.026060 -0.000818 0.005675
v -0.024765 0.000581 0.005065
v -0.023243 0.000161 0.004341
v -0.024589 -0.000671 0.005040
v -0.022808 0.001136 0.004058
v -0.023029 0.003243 0.004270
v -0.020895 0.002127 0.002117
v -0.021366 0.000121 0.002787
v -0.021148 -0.002300 0.002710
v -0.022488 -0.001142 0.003889
v -0.022823 -0.001682 0.004105
v -0.023863 -0.001302 0.004538
v -0.024371 -0.002148 0.004955
v -0.022698 -0.003295 0.004167
v -0.023634 0.004250 0.004587
v -0.024091 0.004670 0.007624
v -0.021658 0.001868 0.006560
v -0.019734 0.005745 0.006158
v -0.025100 -0.001816 0.007817
v -0.018750 0.003071 0.005664
v -0.022120 -0.002896 0.006743
v -0.019808 -0.000350 0.005894
v -0.027631 0.013553 0.008098
v -0.028945 0.011970 0.008361
v -0.028319 0.012021 0.008102
v -0.027385 0.012533 0.007525
v -0.025956 0.012755 0.009665
v -0.028144 0.007618 0.009705
v -0.027302 0.010278 0.009750
v -0.023488 0.010475 0.008140
v -0.024279 0.008043 0.008058
v -0.019486 0.009173 0.006528
v -0.017401 0.008830 0.005826
v -0.017013 0.005877 0.005420
v -0.011916 0.016895 0.001027
v -0.010146 0.017485 0.000538
v -0.013306 0.015320 0.000587
v -0.011830 0.015631 0.000427
v -0.017351 0.009916 0.000484
v -0.016239 0.012904 0.001185
v -0.014600 0.014144 0.000610
v -0.016261 0.012247 0.000707
v -0.014119 0.013649 0.000421
v -0.015587 0.012297 0.000452
v -0.013144 0.013737 0.000557
v -0.014860 0.011605 0.000654
v -0.015071 0.014442 0.001331
v -0.013655 0.015733 0.001271
v -0.014380 0.015888 0.002364
v -0.016625 0.009792 0.000467
v -0.016340 0.009170 0.000673
v -0.014175 0.009971 0.001635
v -0.015368 0.008053 0.001593
v -0.011425 0.015017 0.000650
v -0.010464 0.013779 0.001690
v -0.012633 0.011634 0.001746
v -0.013025 0.009417 0.002206
v -0.010859 0.011728 0.002257
v -0.012275 0.007517 0.002488
v -0.012544 0.017440 0.002536
v -0.012506 0.017978 0.003072
v -0.012957 0.018864 0.003792
v -0.011943 0.019748 0.004169
v -0.010207 0.018848 0.002440
v -0.010124 0.019202 0.002822
v -0.010598 0.017758 0.001019
v -0.008536 0.018920 0.001136
v -0.007426 0.019065 0.000777
v -0.007832 0.020062 0.002630
v -0.008234 0.018070 0.000447
v -0.009682 0.016335 0.000571
v -0.007766 0.017312 0.000599
v -0.007957 0.015496 0.001614
v -0.012306 0.020923 0.004732
v -0.011377 0.020396 0.004312
v -0.010925 0.021169 0.004707
v -0.009863 0.020811 0.004195
v -0.010657 0.019973 0.003609
v -0.010572 0.022492 0.005257
v -0.011593 0.022962 0.005596
v -0.009822 0.021986 0.004683
v -0.008779 0.021381 0.004250
v -0.008537 0.022338 0.004808
v -0.010990 0.016774 0.006021
v -0.010004 0.019475 0.006723
v -0.008698 0.017773 0.005963
v -0.009044 0.020015 0.003191
v -0.008054 0.020900 0.003452
v -0.006351 0.019803 0.001272
v -0.006969 0.020551 0.002923
v -0.009019 0.015609 0.005488
v -0.006218 0.016997 0.005513
v -0.015069 0.011350 0.005656
v -0.012586 0.014074 0.005659
v -0.011500 0.012563 0.005286
v -0.014686 0.009438 0.005337
v -0.008137 0.012167 0.002507
v -0.013587 0.008256 0.005114
v -0.006388 0.014841 0.005207
v -0.008415 0.010576 0.004983
v -0.004926 0.020058 0.001022
v -0.004222 0.018958 0.000513
v -0.004988 0.017804 0.000901
v -0.004996 0.016485 0.001764
v -0.007961 0.013900 0.002273
v -0.005773 0.015450 0.002113
v -0.004184 0.014687 0.002440
v -0.003637 0.018513 0.000646
v -0.001137 0.018770 0.000651
v -0.002253 0.017466 0.005412
v -0.002049 0.016871 0.001837
v -0.003819 0.016055 0.002081
v -0.001212 0.015904 0.002249
v -0.001270 0.015135 0.002387
v -0.001108 0.013981 0.005007
v -0.001788 0.011095 0.002485
v -0.000809 0.006750 0.004724
v -0.018314 0.007428 0.000415
v -0.017544 0.006933 0.000546
v -0.019109 0.005996 0.000554
v -0.019029 0.004554 0.000402
v -0.016143 0.005600 0.001720
v -0.017893 0.005592 0.000591
v -0.019607 0.003048 0.000468
v -0.018937 0.002660 0.000415
v -0.020169 0.002357 0.000916
v -0.018282 0.003159 0.000668
v -0.016767 0.003525 0.001631
v -0.016802 0.001599 0.001744
v -0.015864 0.003755 0.002052
v -0.014605 0.007749 0.002010
v -0.015053 0.005809 0.002139
v -0.014306 0.005778 0.002343
v -0.015552 0.000704 0.002239
v -0.013863 0.000103 0.002473
v -0.018667 0.000727 0.000500
v -0.020488 -0.004342 0.002287
v -0.016890 -0.000517 0.001655
v -0.015771 -0.001299 0.002126
v -0.016873 -0.002975 0.001405
v -0.015676 -0.003557 0.001975
v -0.015749 -0.005335 0.001642
v -0.014184 -0.004150 0.002297
v -0.017657 0.000292 0.005321
v -0.015733 0.002071 0.005075
v -0.019589 -0.004010 0.005937
v -0.017988 -0.002258 0.005406
v -0.016015 -0.004511 0.005099
v -0.013761 0.002407 0.004938
v -0.011106 0.003615 0.002530
v -0.013807 -0.006595 0.002151
v -0.010654 -0.008690 0.002343
v -0.008767 -0.004767 0.002493
v -0.013073 -0.007124 0.004903
v -0.006595 -0.001492 0.004782
v -0.005412 -0.002653 0.002348
v -0.003811 0.005823 0.002412
v -0.022642 0.026230 0.010670
v -0.023046 0.024991 0.010272
v -0.021245 0.026129 0.010113
v -0.021573 0.027308 0.011038
v -0.022576 0.027423 0.011703
v -0.019847 0.026356 0.009411
v -0.023071 0.022921 0.012126
v -0.024320 0.021336 0.011984
v -0.021349 0.024705 0.012266
v -0.017913 0.025282 0.008341
v -0.017260 0.022953 0.009678
v -0.017115 0.025229 0.010723
v -0.019209 0.025758 0.011859
v -0.020291 0.026539 0.012941
v -0.021396 0.027517 0.014430
v -0.015963 0.024998 0.007705
v -0.013050 0.022027 0.008201
v -0.006965 0.021173 0.006897
v -0.004752 0.018805 0.005856
v 0.002144 0.018461 0.005613
v 0.003310 0.016742 0.005280
v -0.019698 -0.006800 0.002381
v -0.019059 -0.006148 0.000946
v -0.017459 -0.007877 0.000331
v -0.017439 -0.006274 0.000415
v -0.016917 -0.006013 0.000713
v -0.017851 -0.007971 0.000536
v -0.018034 -0.008632 0.001117
v -0.018809 -0.009165 0.002674
v -0.017090 -0.010199 0.001105
v -0.016129 -0.009360 0.000308
v -0.016020 -0.008527 0.000482
v -0.017171 -0.009119 0.000499
v -0.016064 -0.011279 0.000749
v -0.015654 -0.010970 0.000345
v -0.018623 -0.010305 0.003184
v -0.017311 -0.011449 0.002594
v -0.014097 -0.011388 0.000377
v -0.013268 -0.013393 0.000242
v -0.013191 -0.009787 0.001546
v -0.014541 -0.012712 0.000468
v -0.014775 -0.013120 0.001035
v -0.012222 -0.013045 0.000425
v -0.010998 -0.011689 0.001659
v -0.015764 -0.013659 0.002763
v -0.015074 -0.013771 0.002203
v -0.013403 -0.014105 0.000620
v -0.013676 -0.015284 0.002355
v -0.014045 -0.015443 0.002811
v -0.011296 -0.014464 0.000231
v -0.012106 -0.014948 0.000460
v -0.036805 0.002313 0.012720
v -0.037251 0.002936 0.013170
v -0.036208 0.003086 0.012180
v -0.037464 0.003876 0.013168
v -0.036202 0.001565 0.011554
v -0.037041 0.000975 0.012923
v -0.036389 0.000713 0.012036
v -0.037630 0.002072 0.013773
v -0.036789 0.000087 0.012540
v -0.036725 -0.001572 0.012509
v -0.037586 -0.000611 0.013087
v -0.037758 -0.000426 0.013385
v -0.038086 0.000304 0.014240
v -0.037696 -0.002057 0.013769
v -0.038247 -0.001553 0.014517
v -0.034732 0.001348 0.010616
v -0.033592 0.000561 0.009686
v -0.034506 -0.000234 0.010168
v -0.033513 -0.001066 0.009602
v -0.035397 0.000600 0.011116
v -0.035457 -0.000861 0.011241
v -0.036117 -0.002610 0.011637
v -0.034956 -0.001838 0.010793
v -0.036723 -0.002875 0.012674
v -0.035231 -0.003640 0.011084
v -0.033738 -0.003019 0.009868
v -0.038449 -0.002835 0.014526
v -0.039127 -0.002580 0.016008
v -0.037588 -0.004198 0.013831
v -0.038525 -0.004778 0.015401
v -0.037745 -0.006175 0.014494
v -0.038650 -0.007740 0.016493
v -0.038650 -0.007740 0.016493
v -0.038762 -0.006202 0.015963
v -0.038350 -0.007038 0.015583
v -0.036568 -0.003819 0.012552
v -0.034819 -0.005689 0.010948
v -0.036116 -0.005699 0.012282
v -0.035514 -0.006662 0.011491
v -0.036056 -0.007426 0.012607
v -0.037246 -0.005007 0.013232
v -0.036842 -0.006805 0.013431
v -0.037359 -0.006864 0.014008
v -0.036419 -0.008481 0.013206
v -0.035584 -0.008152 0.012231
v -0.037106 -0.008484 0.014147
v -0.036528 -0.009532 0.013652
v -0.036124 -0.009388 0.012784
v -0.036479 -0.010499 0.014069
v -0.037882 -0.007569 0.014551
v -0.037773 -0.009248 0.015471
v -0.037773 -0.009248 0.015471
v -0.038993 0.002744 0.015744
v -0.038357 0.003044 0.014806
v -0.038830 0.002024 0.014860
v -0.039104 0.003415 0.016035
v -0.039812 0.003383 0.017369
v -0.039812 0.003383 0.017369
v -0.039618 0.004422 0.016621
v -0.039618 0.004422 0.016621
v -0.039747 0.004870 0.017456
v -0.038913 0.005151 0.016037
v -0.038913 0.005151 0.016037
v -0.039097 0.004041 0.016016
v -0.039774 0.002004 0.017234
v -0.038947 0.001516 0.015096
v -0.039237 0.001990 0.016059
v -0.039046 0.000415 0.015664
v -0.039676 -0.000594 0.016313
v -0.039404 0.000649 0.016309
v -0.039526 -0.000486 0.016090
v -0.040132 0.002874 0.018065
v -0.040132 0.002874 0.018065
v -0.040764 0.001585 0.018539
v -0.040764 0.001585 0.018539
v -0.040764 0.001585 0.018539
v -0.040056 0.000988 0.017704
v -0.039912 -0.000021 0.017273
v -0.040560 -0.000924 0.019021
v -0.040560 -0.000924 0.019021
v -0.040563 0.000277 0.018880
v -0.040563 0.000277 0.018880
v -0.039797 0.005826 0.017947
v -0.040200 0.006062 0.019004
v -0.040401 0.006541 0.020263
v -0.040382 0.005284 0.019444
v -0.040468 0.003257 0.019134
v -0.040585 0.004111 0.019593
v -0.040750 0.005635 0.020801
v -0.041055 0.004345 0.020403
v -0.040824 0.003016 0.020242
v -0.041168 0.002954 0.021436
v -0.041049 0.005300 0.022023
v -0.041169 0.001490 0.021038
v -0.041169 0.001490 0.021038
v -0.041648 0.001562 0.021840
v -0.041648 0.001562 0.021840
v -0.037748 0.003523 0.019473
v -0.037813 0.005931 0.021073
v -0.040640 0.002607 0.019235
v -0.040590 0.001954 0.018324
v -0.040590 0.001954 0.018324
v -0.040840 0.001816 0.020002
v -0.040840 0.001816 0.020002
v -0.040801 0.000479 0.019672
v -0.041172 0.000405 0.021016
v -0.038234 0.002611 0.021605
v -0.038075 0.000350 0.020268
v -0.039356 -0.001450 0.016155
v -0.039967 -0.001563 0.017475
v -0.039837 -0.002624 0.017329
v -0.040397 -0.001930 0.018586
v -0.040397 -0.001930 0.018586
v -0.040542 -0.003269 0.018413
v -0.040542 -0.003269 0.018413
v -0.040438 -0.003378 0.018182
v -0.040438 -0.003378 0.018182
v -0.039924 -0.004200 0.017805
v -0.039924 -0.004200 0.017805
v -0.040649 -0.002827 0.019413
v -0.040367 -0.004716 0.019111
v -0.040637 -0.004105 0.019914
v -0.040785 -0.005532 0.020157
v -0.041309 0.000417 0.021658
v -0.040737 -0.000160 0.019380
v -0.041244 -0.000711 0.020236
v -0.040710 -0.001874 0.019589
v -0.041047 -0.002139 0.020882
v -0.040961 -0.003342 0.020875
v -0.041278 -0.001170 0.021605
v -0.041544 -0.001708 0.023176
v -0.041349 -0.002084 0.022000
v -0.041549 -0.000125 0.022845
v -0.041537 -0.003167 0.021920
v -0.040982 -0.004670 0.021554
v -0.040845 -0.005903 0.021815
v -0.041545 -0.002365 0.023191
v -0.041577 -0.003389 0.022256
v -0.041254 -0.004694 0.022717
v -0.041453 -0.003958 0.023650
v -0.041144 -0.005850 0.023011
v -0.041364 -0.004738 0.023474
v -0.037919 0.002863 0.014125
v -0.037803 0.004243 0.014058
v -0.038611 0.001609 0.014604
v -0.034750 0.002645 0.014174
v -0.036031 0.002665 0.015765
v -0.037058 0.002405 0.017476
v -0.038612 -0.000844 0.015119
v -0.036409 0.000161 0.016200
v -0.035418 0.000544 0.014830
v -0.037462 0.000605 0.018217
v -0.035963 -0.002248 0.015669
v -0.036937 -0.001908 0.017233
v -0.033384 0.001272 0.012650
v -0.034284 0.000232 0.013529
v -0.034735 -0.002397 0.014090
v -0.032677 -0.001982 0.012025
v -0.036455 0.004912 0.016815
v -0.037549 -0.001969 0.018627
v -0.039240 -0.004723 0.016501
v -0.036920 -0.004593 0.017727
v -0.039789 -0.005141 0.017887
v -0.039789 -0.005141 0.017887
v -0.039344 -0.005830 0.016540
v -0.039444 -0.006843 0.017592
v -0.039444 -0.006843 0.017592
v -0.040254 -0.006526 0.019602
v -0.039935 -0.007231 0.019100
v -0.035379 -0.004523 0.015170
v -0.036102 -0.004807 0.016283
v -0.033865 -0.005777 0.013563
v -0.035068 -0.007131 0.015313
v -0.036323 -0.007093 0.017362
v -0.035186 -0.009492 0.016378
v -0.036118 -0.009504 0.018160
v -0.037437 -0.004518 0.019018
v -0.036881 -0.006692 0.018461
v -0.038038 -0.002517 0.020659
v -0.038349 -0.001550 0.022654
v -0.037620 -0.005488 0.020240
v -0.037477 -0.007488 0.021867
v -0.037000 -0.007980 0.019653
v -0.038098 -0.004334 0.022659
v -0.037607 -0.007471 0.023912
v -0.037349 -0.011351 0.015556
v -0.037349 -0.011351 0.015556
v -0.036683 -0.012256 0.014754
v -0.036683 -0.012256 0.014754
v -0.038797 -0.009000 0.017237
v -0.038128 -0.010613 0.016192
v -0.038184 -0.011690 0.017375
v -0.037271 -0.012994 0.016569
v -0.037496 -0.013540 0.017287
v -0.036947 -0.014605 0.016453
v -0.037449 -0.014436 0.018045
v -0.036808 -0.015704 0.017677
v -0.040564 -0.006750 0.020901
v -0.041538 -0.006022 0.024061
v -0.041020 -0.007183 0.023584
v -0.040576 -0.007283 0.021430
v -0.040727 -0.008443 0.022130
v -0.040852 -0.008283 0.022927
v -0.040658 -0.009126 0.024515
v -0.040499 -0.009504 0.023317
v -0.039728 -0.008093 0.018316
v -0.038929 -0.009773 0.017970
v -0.039416 -0.009729 0.019144
v -0.038923 -0.011680 0.019296
v -0.039760 -0.009111 0.019786
v -0.039967 -0.009595 0.020958
v -0.039740 -0.010465 0.020032
v -0.039216 -0.011699 0.020202
v -0.039768 -0.010627 0.020377
v -0.039660 -0.011176 0.021327
v -0.039402 -0.012149 0.021569
v -0.036683 -0.009608 0.020010
v -0.035724 -0.011963 0.019194
v -0.035065 -0.013016 0.018398
v -0.038362 -0.012790 0.018187
v -0.037996 -0.014167 0.019080
v -0.038574 -0.014267 0.021283
v -0.038398 -0.013895 0.020033
v -0.038190 -0.015170 0.020041
v -0.040329 -0.008539 0.021287
v -0.040107 -0.010068 0.022318
v -0.038959 -0.013792 0.021980
v -0.039519 -0.013052 0.022420
v -0.039855 -0.011817 0.023200
v -0.039161 -0.014062 0.023743
v -0.040445 -0.010865 0.023698
v -0.040519 -0.010753 0.024456
v -0.040596 -0.009915 0.025518
v -0.039887 -0.012306 0.024950
v -0.040123 -0.011696 0.025625
v -0.036939 -0.009941 0.022391
v -0.036295 -0.011516 0.021006
v -0.036318 -0.012122 0.023893
v -0.035531 -0.013954 0.022258
v -0.037228 -0.015888 0.019004
v -0.037837 -0.016075 0.021218
v -0.037036 -0.016967 0.020073
v -0.037534 -0.017636 0.022068
v -0.036684 -0.018407 0.021138
v -0.039309 -0.014031 0.025107
v -0.038925 -0.015449 0.024208
v -0.039140 -0.014558 0.025535
v -0.038599 -0.015971 0.025567
v -0.038751 -0.014764 0.023043
v -0.038113 -0.016242 0.023099
v -0.038220 -0.016643 0.024696
v -0.035368 -0.014635 0.026021
v -0.037312 -0.018088 0.023296
v -0.036993 -0.018597 0.023092
v -0.038109 -0.017711 0.026183
v -0.037300 -0.018662 0.025029
v -0.036841 -0.019855 0.024218
v -0.036566 -0.020016 0.025805
v -0.040854 0.009370 0.025918
v -0.041147 0.008487 0.027384
v -0.041136 0.008058 0.025524
v -0.041310 0.007896 0.026502
v -0.041623 0.006942 0.025973
v -0.041721 0.006797 0.026685
v -0.041414 0.007281 0.027803
v -0.041605 0.005270 0.026065
v -0.041659 0.005937 0.027461
v -0.041745 0.005625 0.028198
v -0.041653 0.006092 0.028825
v -0.041785 0.004797 0.027417
v -0.042156 0.004430 0.028563
v -0.041898 0.003306 0.027561
v -0.041134 0.009902 0.028266
v -0.041266 0.009439 0.028825
v -0.041388 0.007857 0.029049
v -0.041349 0.008349 0.029774
v -0.041056 0.009467 0.030445
v -0.041393 0.008249 0.031574
v -0.041700 0.006216 0.029746
v -0.041782 0.007277 0.030450
v -0.041981 0.004424 0.029625
v -0.041954 0.004000 0.030865
v -0.041954 0.004000 0.030865
v -0.041791 0.005910 0.031274
v -0.041515 0.007467 0.032247
v -0.041183 0.010017 0.031869
v -0.041334 0.009368 0.032632
v -0.038718 0.011037 0.033641
v -0.041432 0.007703 0.034008
v -0.041789 0.005970 0.032949
v -0.042214 0.004570 0.032403
v -0.042214 0.004570 0.032403
v -0.040916 0.009909 0.034182
v -0.041079 0.008394 0.034541
v -0.041749 0.005689 0.033957
v -0.041749 0.005689 0.033957
v -0.041502 0.005799 0.034522
v -0.041502 0.005799 0.034522
v -0.041322 0.006175 0.034691
v -0.041322 0.006175 0.034691
v -0.039992 0.004354 0.033512
v -0.039850 0.006983 0.033957
v -0.039850 0.006983 0.033957
v -0.040240 0.006442 0.034352
v -0.040240 0.006442 0.034352
v -0.040852 0.008143 0.034748
v -0.040943 0.005264 0.034736
v -0.040943 0.005264 0.034736
v -0.042034 0.002713 0.029097
v -0.042034 0.002713 0.029097
v -0.042046 0.003306 0.030118
v -0.042046 0.003306 0.030118
v -0.042330 0.001797 0.030408
v -0.042062 0.003167 0.031445
v -0.042160 0.001495 0.032054
v -0.042082 0.002846 0.033617
v -0.042211 0.000262 0.033244
v -0.042452 -0.000347 0.032107
v -0.041897 0.003639 0.034302
v -0.040649 0.003441 0.034367
v -0.041639 0.002003 0.034685
v -0.041209 0.002527 0.034679
v -0.041125 0.000545 0.034624
v -0.041995 0.000707 0.034274
v -0.041674 -0.001918 0.034599
v -0.040737 0.006814 0.021480
v -0.041161 0.006907 0.022507
v -0.040886 0.007951 0.023277
v -0.040966 0.008364 0.024542
v -0.041288 0.005473 0.023237
v -0.041258 0.006235 0.024039
v -0.041366 0.004461 0.023157
v -0.041579 0.003112 0.023721
v -0.041501 0.002658 0.022725
v -0.041641 0.001965 0.022159
v -0.041730 0.001745 0.022484
v -0.041730 0.001745 0.022484
v -0.041630 0.001903 0.023868
v -0.041630 0.001903 0.023868
v -0.041755 0.004746 0.024129
v -0.041708 0.003491 0.024348
v -0.041814 0.004484 0.024540
v -0.041572 0.005313 0.025062
v -0.041805 0.003003 0.025609
v -0.041751 0.003637 0.025915
v -0.038273 0.003884 0.023108
v -0.038382 0.000967 0.022552
v -0.041237 0.007203 0.025015
v -0.041455 0.006156 0.025313
v -0.038105 0.005952 0.026379
v -0.037733 0.008175 0.027126
v -0.038441 0.002976 0.026695
v -0.041637 0.000778 0.022946
v -0.041717 0.000612 0.023811
v -0.042022 -0.000649 0.023928
v -0.041706 -0.001615 0.023721
v -0.041860 0.001892 0.025203
v -0.041860 0.001892 0.025203
v -0.042229 0.001895 0.026219
v -0.042229 0.001895 0.026219
v -0.041931 0.000657 0.025984
v -0.041836 0.000413 0.025108
v -0.041855 -0.001565 0.025941
v -0.041704 -0.002569 0.024859
v -0.042033 0.000556 0.027314
v -0.042020 -0.001120 0.027309
v -0.041989 -0.003403 0.026218
v -0.041777 -0.004132 0.025990
v -0.041927 -0.002002 0.027241
v -0.038342 -0.003061 0.026191
v -0.038514 -0.000964 0.027204
v -0.041515 -0.004763 0.025026
v -0.042057 0.002507 0.026549
v -0.041995 0.002002 0.027833
v -0.041995 0.002002 0.027833
v -0.042320 -0.000615 0.028187
v -0.042043 0.000928 0.028122
v -0.042133 0.000126 0.029419
v -0.042184 0.000779 0.030058
v -0.042045 -0.001927 0.028760
v -0.041793 -0.004269 0.027531
v -0.041893 -0.003247 0.028737
v -0.042029 -0.001596 0.029789
v -0.042071 -0.002428 0.029648
v -0.038519 0.000472 0.026936
v -0.038704 0.000946 0.028448
v -0.038945 -0.000093 0.029676
v -0.038571 -0.002857 0.028465
v -0.037956 -0.006127 0.026710
v -0.038336 0.005504 0.028222
v -0.037937 0.007990 0.028576
v -0.038222 0.007968 0.029941
v -0.038623 0.006682 0.030607
v -0.038684 0.003425 0.029125
v -0.039257 0.004309 0.031616
v -0.039276 0.007577 0.032992
v -0.039276 0.007577 0.032992
v -0.038872 0.002105 0.029471
v -0.039356 0.001510 0.031354
v -0.039405 -0.000347 0.031432
v -0.042215 0.000209 0.031077
v -0.042092 -0.001540 0.031124
v -0.042052 -0.002513 0.031252
v -0.042082 -0.002084 0.032289
v -0.042112 -0.001486 0.033606
v -0.040084 -0.000066 0.033266
v -0.039506 -0.003124 0.032132
v -0.039943 -0.003058 0.033204
v -0.039049 -0.003270 0.030734
v -0.038527 -0.004238 0.029032
v -0.039977 0.002073 0.033128
v -0.040595 0.001076 0.034125
v -0.040773 -0.001934 0.034394
v -0.041873 -0.002012 0.034378
v -0.040435 -0.003725 0.034136
v -0.041311 -0.006529 0.026012
v -0.041173 -0.007258 0.025148
v -0.041633 -0.005129 0.026936
v -0.041834 -0.005747 0.028103
v -0.041435 -0.006650 0.027338
v -0.041209 -0.007844 0.027290
v -0.041226 -0.008562 0.026082
v -0.040840 -0.009616 0.027221
v -0.041198 -0.008046 0.028650
v -0.040378 -0.011215 0.027082
v -0.040838 -0.010838 0.028389
v -0.041809 -0.004620 0.029311
v -0.042278 -0.003431 0.030235
v -0.041945 -0.004530 0.031040
v -0.041963 -0.003819 0.031629
v -0.041755 -0.005338 0.030597
v -0.041464 -0.007149 0.031182
v -0.041462 -0.007005 0.029262
v -0.041533 -0.006940 0.031685
v -0.038130 -0.006597 0.028927
v -0.038810 -0.006295 0.031293
v -0.040927 -0.009328 0.029076
v -0.041469 -0.008379 0.029942
v -0.041547 -0.008117 0.030283
v -0.040698 -0.010332 0.029951
v -0.041081 -0.009351 0.031152
v -0.041275 -0.008040 0.031780
v -0.040041 -0.012353 0.027750
v -0.040365 -0.011755 0.029522
v -0.040305 -0.012154 0.031152
v -0.040245 -0.013057 0.030141
v -0.040937 -0.009967 0.031041
v -0.041031 -0.010475 0.032038
v -0.040994 -0.010842 0.032019
v -0.040503 -0.011409 0.031026
v -0.040477 -0.011724 0.031659
v -0.039683 -0.014096 0.031331
v -0.040268 -0.012219 0.033048
v -0.039668 -0.014076 0.033285
v -0.037264 -0.009238 0.026570
v -0.036316 -0.012281 0.026380
v -0.037501 -0.009096 0.028448
v -0.036867 -0.011468 0.028712
v -0.038006 -0.008457 0.030066
v -0.037668 -0.010344 0.030599
v -0.035850 -0.013946 0.027986
v -0.039903 -0.013374 0.026111
v -0.039361 -0.014446 0.027131
v -0.040123 -0.012520 0.029135
v -0.039676 -0.013872 0.029508
v -0.039494 -0.014261 0.028811
v -0.038623 -0.016075 0.026777
v -0.039267 -0.015570 0.028081
v -0.038442 -0.016571 0.027137
v -0.038643 -0.016570 0.029135
v -0.038018 -0.017519 0.027725
v -0.039130 -0.015391 0.029207
v -0.034566 -0.016531 0.027271
v -0.037297 -0.018980 0.026937
v -0.037657 -0.018386 0.028663
v -0.038411 -0.017620 0.029952
v -0.036695 -0.013090 0.030313
v -0.036112 -0.015425 0.031475
v -0.037324 -0.013124 0.032251
v -0.038954 -0.015725 0.030493
v -0.038539 -0.016923 0.031691
v -0.039343 -0.015635 0.031976
v -0.039471 -0.015282 0.032515
v -0.038743 -0.016371 0.033710
v -0.035117 -0.016196 0.029237
v -0.034862 -0.017573 0.030878
v -0.036008 -0.017097 0.033097
v -0.041809 -0.004997 0.033477
v -0.042018 -0.005685 0.032040
v -0.041598 -0.005057 0.034313
v -0.041557 -0.006856 0.032903
v -0.041417 -0.007262 0.033948
v -0.040994 -0.008399 0.034463
v -0.040902 -0.007006 0.034622
v -0.039542 -0.005919 0.033109
v -0.040987 -0.009564 0.033098
v -0.038599 -0.009114 0.032409
v -0.040101 -0.006580 0.034219
v -0.039464 -0.008674 0.033955
v -0.040096 -0.008480 0.034488
v -0.041232 -0.002788 0.034647
v -0.040799 -0.005218 0.034578
v -0.040489 -0.011309 0.034019
v -0.040381 -0.010575 0.034497
v -0.039111 -0.013464 0.034571
v -0.038768 -0.011262 0.033879
v -0.038020 -0.011511 0.032676
v -0.039019 -0.011991 0.034402
v -0.039925 -0.012254 0.034472
v -0.039314 -0.014952 0.033820
v -0.039522 -0.013658 0.034357
v -0.037446 -0.014297 0.033448
v -0.038100 -0.014422 0.034375
v -0.038596 -0.015899 0.034413
v -0.036878 -0.016413 0.033971
v -0.037131 -0.016794 0.034362
v -0.037143 -0.017735 0.034529
v -0.036640 -0.020111 0.026772
v -0.037071 -0.019998 0.027781
v -0.036214 -0.020975 0.027383
v -0.037051 -0.020098 0.028167
v -0.037430 -0.018945 0.029352
v -0.037182 -0.019367 0.030189
v -0.036366 -0.020908 0.029235
v -0.037806 -0.018472 0.031316
v -0.036277 -0.021255 0.031001
v -0.036460 -0.020917 0.031388
v -0.035971 -0.022053 0.030090
v -0.035921 -0.022118 0.030552
v -0.037234 -0.020025 0.032138
v -0.037763 -0.018428 0.033393
v -0.037606 -0.018547 0.033865
v -0.036210 -0.021272 0.032584
v -0.036713 -0.020382 0.033535
v -0.035283 -0.022707 0.031606
v -0.034881 -0.023195 0.033293
v -0.037710 -0.017719 0.034421
v -0.037032 -0.019277 0.034236
v -0.035303 -0.019824 0.034150
v -0.035350 -0.021523 0.034461
v -0.036125 -0.020838 0.034254
v -0.034330 -0.020552 0.033485
v -0.035179 -0.021010 0.034481
v -0.035326 -0.022173 0.034132
v -0.030656 -0.001119 0.007918
v -0.031475 -0.001604 0.008411
v -0.031481 0.000046 0.008129
v -0.032862 -0.002083 0.008976
v -0.032563 -0.003934 0.009182
v -0.034454 -0.004471 0.010270
v -0.032252 -0.000966 0.008783
v -0.031862 -0.003085 0.008648
v -0.030687 -0.002745 0.007963
v -0.033420 -0.005451 0.009787
v -0.029540 -0.000415 0.007424
v -0.029832 -0.002035 0.007234
v -0.030103 -0.003327 0.007695
v -0.028580 -0.001421 0.006948
v -0.027493 -0.000781 0.006363
v -0.028831 -0.002891 0.007039
v -0.031128 -0.004176 0.008004
v -0.031874 -0.005311 0.008794
v -0.030075 -0.004835 0.007735
v -0.030699 -0.005443 0.008156
v -0.028469 -0.004560 0.006976
v -0.029218 -0.005505 0.007203
v -0.030933 -0.006378 0.008408
v -0.029669 -0.006605 0.007731
v -0.031346 -0.000631 0.010957
v -0.029642 -0.000127 0.009903
v -0.032800 -0.004431 0.012338
v -0.030796 -0.004154 0.010754
v -0.027431 -0.004075 0.008898
v -0.029137 -0.003207 0.009695
v -0.029133 -0.006088 0.009918
v -0.033127 -0.007579 0.009860
v -0.034518 -0.007680 0.011040
v -0.032623 -0.006423 0.009139
v -0.033630 -0.008747 0.010213
v -0.034006 -0.009986 0.011096
v -0.034985 -0.009941 0.012025
v -0.034488 -0.011292 0.011615
v -0.033468 -0.011931 0.011121
v -0.030568 -0.007777 0.007979
v -0.030286 -0.007968 0.007895
v -0.031008 -0.008891 0.008713
v -0.031589 -0.007351 0.008858
v -0.032635 -0.009035 0.009739
v -0.030275 -0.009316 0.008440
v -0.030586 -0.010474 0.008766
v -0.031893 -0.010277 0.009177
v -0.031748 -0.009973 0.009050
v -0.032791 -0.009684 0.010000
v -0.032143 -0.011266 0.009894
v -0.032946 -0.011933 0.010611
v -0.032074 -0.011752 0.009961
v -0.030926 -0.011432 0.009227
v -0.031165 -0.012977 0.009694
v -0.031675 -0.007951 0.011954
v -0.035363 -0.010661 0.012701
v -0.033496 -0.008197 0.013732
v -0.034357 -0.009665 0.015216
v -0.032378 -0.009929 0.013058
v -0.033358 -0.012334 0.015026
v -0.030342 -0.007436 0.010827
v -0.027741 -0.007422 0.009334
v -0.030288 -0.010593 0.011478
v -0.032111 -0.013040 0.013934
v -0.030730 -0.012864 0.012535
v -0.026759 -0.001587 0.005840
v -0.027300 -0.002525 0.006287
v -0.027904 -0.003508 0.006429
v -0.026805 -0.004156 0.006210
v -0.026466 -0.003100 0.006034
v -0.025905 -0.002325 0.005686
v -0.025230 -0.001603 0.005422
v -0.025106 -0.002958 0.005178
v -0.025737 -0.003794 0.005697
v -0.028133 -0.007748 0.007185
v -0.028136 -0.006115 0.006938
v -0.027329 -0.006641 0.006448
v -0.026514 -0.005743 0.006164
v -0.027136 -0.005288 0.006475
v -0.026396 -0.007219 0.006266
v -0.025115 -0.006479 0.005699
v -0.026055 -0.004949 0.005759
v -0.023469 -0.004176 0.004542
v -0.023879 -0.003104 0.004808
v -0.022147 -0.003737 0.003858
v -0.024710 -0.004382 0.005300
v -0.023867 -0.005129 0.004879
v -0.022480 -0.005042 0.004311
v -0.023478 -0.006038 0.004842
v -0.025192 -0.005327 0.005522
v -0.024400 -0.005732 0.005089
v -0.025513 -0.007749 0.005807
v -0.026015 -0.008695 0.006342
v -0.024489 -0.008238 0.005625
v -0.024001 -0.007037 0.005318
v -0.022786 -0.006638 0.004486
v -0.021641 -0.006335 0.003987
v -0.023144 -0.007513 0.004928
v -0.023627 -0.008453 0.005170
v -0.024309 -0.005443 0.007688
v -0.026036 -0.008873 0.008756
v -0.022186 -0.007862 0.007172
v -0.028379 -0.009050 0.007252
v -0.029297 -0.008410 0.007719
v -0.028732 -0.010244 0.007765
v -0.030080 -0.010537 0.008506
v -0.027082 -0.008477 0.006857
v -0.027166 -0.009539 0.006991
v -0.026643 -0.010828 0.006987
v -0.028114 -0.011699 0.007722
v -0.029987 -0.012233 0.008760
v -0.029239 -0.011448 0.007972
v -0.029342 -0.012626 0.008496
v -0.030083 -0.013634 0.008837
v -0.028838 -0.014235 0.008649
v -0.028539 -0.013256 0.008322
v -0.026138 -0.009805 0.006396
v -0.024596 -0.009168 0.005908
v -0.025297 -0.010320 0.006264
v -0.025846 -0.011528 0.006810
v -0.024406 -0.010789 0.005892
v -0.024550 -0.011819 0.006282
v -0.026973 -0.012114 0.007121
v -0.025963 -0.012540 0.006977
v -0.027104 -0.013393 0.007714
v -0.027865 -0.014558 0.008050
v -0.024967 -0.012837 0.006512
v -0.025194 -0.013892 0.007021
v -0.026608 -0.014795 0.007760
v -0.025550 -0.015063 0.007271
v -0.025641 -0.012138 0.009169
v -0.027948 -0.011162 0.010089
v -0.025812 -0.015608 0.010139
v -0.022897 -0.010904 0.007858
v -0.024635 -0.013792 0.009087
v -0.028381 -0.013206 0.010895
v -0.034626 -0.012323 0.012401
v -0.033826 -0.014073 0.012332
v -0.034986 -0.013598 0.013001
v -0.034336 -0.014990 0.013397
v -0.032660 -0.012712 0.010388
v -0.032689 -0.013894 0.011076
v -0.032891 -0.015239 0.011521
v -0.031312 -0.014046 0.010170
v -0.031705 -0.015487 0.010910
v -0.033314 -0.016021 0.012764
v -0.032641 -0.016498 0.012291
v -0.033043 -0.017758 0.013022
v -0.031803 -0.017468 0.012009
v -0.031835 -0.018175 0.012391
v -0.035667 -0.012432 0.013748
v -0.035831 -0.013335 0.014431
v -0.036380 -0.013802 0.015476
v -0.036380 -0.013802 0.015476
v -0.035035 -0.014776 0.014084
v -0.035012 -0.016215 0.014535
v -0.035831 -0.015283 0.015609
v -0.035831 -0.015283 0.015609
v -0.034966 -0.017307 0.015713
v -0.034966 -0.017307 0.015713
v -0.036241 -0.016052 0.016947
v -0.030992 -0.015247 0.013831
v -0.034001 -0.016818 0.013996
v -0.034587 -0.016969 0.014809
v -0.032504 -0.014973 0.015386
v -0.030068 -0.017682 0.014249
v -0.031174 -0.018189 0.015891
v -0.033186 -0.015417 0.016716
v -0.032535 -0.017288 0.017275
v -0.032766 -0.018876 0.013793
v -0.036568 -0.017035 0.018098
v -0.035747 -0.017766 0.017478
v -0.034631 -0.017912 0.015618
v -0.034631 -0.017912 0.015618
v -0.034915 -0.018762 0.016349
v -0.034722 -0.019646 0.017453
v -0.033632 -0.018136 0.014492
v -0.033571 -0.019530 0.015436
v -0.033571 -0.019530 0.015436
v -0.034189 -0.019052 0.015875
v -0.032708 -0.020203 0.014264
v -0.032498 -0.021245 0.015418
v -0.032498 -0.021245 0.015418
v -0.034237 -0.019820 0.016753
v -0.034157 -0.020996 0.017585
v -0.033172 -0.021487 0.016812
v -0.032525 -0.022009 0.016077
v -0.032355 -0.022774 0.016689
v -0.033190 -0.022133 0.017690
v -0.033556 -0.022385 0.018860
v -0.032626 -0.023824 0.019103
v -0.031966 -0.023880 0.017777
v -0.030132 -0.014745 0.009500
v -0.030700 -0.015863 0.010014
v -0.029257 -0.016120 0.009488
v -0.029878 -0.017004 0.010226
v -0.028364 -0.017086 0.009051
v -0.029248 -0.018068 0.010229
v -0.030716 -0.017017 0.010805
v -0.030537 -0.017758 0.010975
v -0.030906 -0.018770 0.011479
v -0.029658 -0.018908 0.010851
v -0.030206 -0.019959 0.011906
v -0.027825 -0.015874 0.008616
v -0.027060 -0.017456 0.008717
v -0.026484 -0.016011 0.008097
v -0.025433 -0.016261 0.007702
v -0.025958 -0.017503 0.008019
v -0.022445 -0.018336 0.009440
v -0.028407 -0.018189 0.009645
v -0.028629 -0.019457 0.010065
v -0.027134 -0.019660 0.009545
v -0.025768 -0.018994 0.008646
v -0.028045 -0.020775 0.010654
v -0.029509 -0.014867 0.012315
v -0.029121 -0.017305 0.013132
v -0.027844 -0.016042 0.011529
v -0.025992 -0.017701 0.011014
v -0.026824 -0.018916 0.012150
v -0.027771 -0.020256 0.013679
v -0.025109 -0.020702 0.011880
v -0.031753 -0.019976 0.013438
v -0.031038 -0.019836 0.012622
v -0.030528 -0.021274 0.012701
v -0.031430 -0.020872 0.013763
v -0.029278 -0.021656 0.012122
v -0.029749 -0.022418 0.013193
v -0.027105 -0.020529 0.009925
v -0.026886 -0.022132 0.010572
v -0.028694 -0.020582 0.011046
v -0.028162 -0.022258 0.011207
v -0.028336 -0.023090 0.012326
v -0.027415 -0.022996 0.011436
v -0.027798 -0.023626 0.012217
v -0.026821 -0.022842 0.010926
v -0.028699 -0.023968 0.013368
v -0.027753 -0.024954 0.012865
v -0.027519 -0.025186 0.012900
v -0.027499 -0.025759 0.013670
v -0.032104 -0.020801 0.014350
v -0.031850 -0.021735 0.014976
v -0.031850 -0.021735 0.014976
v -0.030555 -0.022366 0.014012
v -0.029711 -0.019426 0.015069
v -0.031502 -0.019533 0.017798
v -0.029440 -0.021110 0.016176
v -0.027749 -0.022374 0.015289
v -0.032060 -0.022784 0.015802
v -0.031033 -0.023140 0.015336
v -0.031033 -0.023140 0.015336
v -0.031691 -0.022471 0.015314
v -0.032020 -0.022977 0.016127
v -0.030106 -0.023896 0.014398
v -0.030901 -0.023581 0.015605
v -0.030901 -0.023581 0.015605
v -0.031468 -0.023864 0.016810
v -0.029902 -0.025432 0.016332
v -0.029677 -0.024998 0.015515
v -0.029677 -0.024998 0.015515
v -0.025548 -0.022740 0.013485
v -0.028785 -0.024559 0.014015
v -0.029762 -0.024241 0.014370
v -0.029261 -0.025077 0.015064
v -0.029261 -0.025077 0.015064
v -0.027186 -0.026028 0.013644
v -0.027923 -0.026612 0.015073
v -0.027923 -0.026612 0.015073
v -0.028053 -0.023451 0.016823
v -0.025791 -0.024180 0.014906
v -0.034784 -0.011235 0.016563
v -0.034298 -0.013064 0.016874
v -0.033781 -0.015756 0.018221
v -0.035152 -0.013977 0.019933
v -0.034341 -0.015366 0.019234
v -0.034185 -0.016464 0.020667
v -0.035880 -0.018418 0.018683
v -0.036307 -0.018052 0.019244
v -0.036075 -0.019429 0.019965
v -0.033361 -0.017284 0.019122
v -0.034812 -0.020411 0.018897
v -0.035644 -0.019382 0.019273
v -0.035195 -0.020645 0.020396
v -0.035628 -0.020344 0.021172
v -0.035730 -0.020761 0.022848
v -0.035204 -0.021603 0.021763
v -0.034189 -0.022473 0.020995
v -0.031835 -0.019886 0.019118
v -0.032350 -0.019738 0.020727
v -0.034653 -0.016028 0.023069
v -0.033478 -0.018199 0.022476
v -0.036217 -0.019960 0.022979
v -0.035953 -0.020681 0.023669
v -0.032037 -0.020619 0.023163
v -0.030391 -0.022552 0.020766
v -0.033646 -0.018073 0.025602
v -0.032253 -0.020449 0.026684
v -0.030075 -0.023275 0.022885
v -0.030016 -0.021514 0.017594
v -0.029714 -0.022680 0.018818
v -0.028858 -0.023818 0.018998
v -0.028831 -0.024528 0.021216
v -0.027498 -0.025101 0.018499
v -0.025633 -0.025860 0.016616
v -0.020758 -0.004630 0.002726
v -0.020880 -0.006070 0.003360
v -0.019920 -0.007227 0.002818
v -0.021921 -0.007812 0.004484
v -0.022544 -0.008616 0.004874
v -0.021767 -0.009236 0.004487
v -0.022864 -0.009652 0.005309
v -0.020721 -0.007430 0.003430
v -0.020043 -0.008404 0.003394
v -0.021104 -0.008220 0.004077
v -0.020601 -0.009350 0.004101
v -0.019798 -0.010533 0.004020
v -0.020466 -0.010358 0.004365
v -0.017738 -0.006434 0.005580
v -0.018661 -0.009508 0.006252
v -0.015781 -0.010780 0.005674
v -0.023136 -0.010877 0.005621
v -0.021956 -0.009980 0.004840
v -0.022189 -0.010931 0.005065
v -0.022571 -0.012113 0.005743
v -0.021120 -0.011381 0.004873
v -0.021710 -0.012493 0.005478
v -0.023907 -0.013253 0.006353
v -0.022884 -0.013671 0.005902
v -0.023952 -0.014488 0.006762
v -0.024394 -0.015775 0.007196
v -0.023152 -0.014707 0.006450
v -0.021825 -0.013551 0.005692
v -0.021525 -0.014454 0.005902
v -0.021974 -0.016073 0.006367
v -0.023138 -0.015966 0.006578
v -0.021169 -0.013362 0.007724
v -0.021686 -0.016236 0.008570
v -0.020253 -0.011716 0.004425
v -0.019142 -0.011965 0.004157
v -0.020464 -0.012553 0.004866
v -0.020820 -0.013465 0.005124
v -0.019641 -0.013670 0.004954
v -0.018405 -0.012881 0.004107
v -0.018725 -0.014112 0.004490
v -0.017594 -0.013276 0.006635
v -0.019641 -0.014588 0.005288
v -0.020807 -0.014761 0.005691
v -0.020986 -0.015968 0.005796
v -0.018669 -0.015038 0.004930
v -0.018775 -0.016092 0.005151
v -0.019767 -0.015989 0.005634
v -0.019975 -0.017120 0.006036
v -0.018885 -0.017035 0.005615
v -0.017426 -0.016889 0.007394
v -0.014458 -0.007473 0.001747
v -0.012610 -0.009187 0.001954
v -0.010886 -0.010116 0.002165
v -0.014597 -0.008776 0.005156
v -0.012463 -0.010087 0.005015
v -0.012563 -0.013040 0.005385
v -0.008257 -0.013243 0.004945
v -0.009631 -0.014093 0.005143
v -0.017252 -0.013006 0.003523
v -0.017672 -0.014030 0.004126
v -0.017291 -0.014936 0.004393
v -0.016500 -0.014272 0.003464
v -0.016590 -0.015226 0.004116
v -0.015420 -0.015122 0.003500
v -0.017715 -0.016211 0.004930
v -0.016824 -0.016332 0.004473
v -0.018094 -0.017375 0.005517
v -0.015599 -0.016531 0.004267
v -0.016691 -0.017216 0.004823
v -0.017731 -0.018466 0.005664
v -0.016603 -0.018287 0.005000
v -0.015484 -0.018131 0.004781
v -0.014492 -0.014518 0.006101
v -0.014659 -0.017230 0.004128
v -0.014487 -0.018294 0.004346
v -0.013486 -0.017267 0.003741
v -0.011955 -0.016922 0.002637
v -0.013222 -0.018383 0.004180
v -0.014384 -0.019163 0.004741
v -0.010059 -0.017594 0.005998
v -0.013853 -0.020103 0.007427
v -0.024850 -0.018019 0.007889
v -0.023305 -0.017260 0.007188
v -0.023774 -0.018562 0.007468
v -0.022112 -0.018490 0.007109
v -0.023687 -0.019272 0.010367
v -0.024214 -0.019935 0.008296
v -0.026079 -0.020549 0.009081
v -0.024627 -0.021025 0.008812
v -0.025850 -0.021773 0.009715
v -0.023517 -0.019879 0.007959
v -0.023502 -0.021248 0.008163
v -0.020890 -0.017122 0.006262
v -0.020842 -0.018221 0.006362
v -0.019862 -0.018560 0.006236
v -0.019723 -0.017622 0.006016
v -0.020955 -0.019552 0.007019
v -0.020046 -0.019926 0.006832
v -0.019506 -0.018846 0.008550
v -0.022140 -0.021176 0.007798
v -0.023245 -0.022300 0.008616
v -0.021780 -0.023445 0.008548
v -0.020995 -0.021350 0.007254
v -0.019749 -0.021551 0.007135
v -0.020759 -0.022595 0.007771
v -0.022211 -0.021652 0.010689
v -0.019485 -0.021399 0.009405
v -0.020903 -0.023015 0.010757
v -0.019179 -0.024022 0.010488
v -0.026050 -0.023150 0.010201
v -0.025789 -0.023213 0.010049
v -0.025865 -0.024316 0.011189
v -0.024395 -0.022996 0.009554
v -0.024251 -0.023826 0.009934
v -0.025154 -0.024357 0.010691
v -0.026388 -0.024908 0.012022
v -0.026073 -0.025207 0.011911
v -0.026520 -0.025558 0.012645
v -0.025969 -0.025917 0.012493
v -0.025286 -0.025589 0.011269
v -0.025456 -0.025658 0.011431
v -0.024029 -0.025780 0.010930
v -0.024402 -0.026690 0.011870
v -0.025265 -0.026683 0.012616
v -0.024255 -0.028003 0.012510
v -0.025329 -0.027424 0.013390
v -0.023132 -0.023424 0.008899
v -0.023183 -0.024660 0.009751
v -0.022520 -0.024648 0.009414
v -0.020489 -0.023790 0.007969
v -0.020412 -0.024821 0.008502
v -0.022532 -0.025930 0.009797
v -0.021281 -0.025815 0.009374
v -0.023441 -0.025753 0.010532
v -0.022856 -0.026765 0.010913
v -0.023039 -0.027828 0.011832
v -0.021816 -0.027027 0.010419
v -0.022094 -0.028035 0.011056
v -0.022696 -0.028813 0.012543
v -0.021621 -0.028889 0.011743
v -0.023178 -0.023018 0.012016
v -0.022246 -0.024824 0.012622
v -0.023300 -0.025415 0.013842
v -0.024408 -0.025722 0.015077
v -0.020270 -0.025362 0.011808
v -0.020693 -0.027266 0.013560
v -0.022090 -0.027223 0.014554
v -0.022649 -0.027887 0.015828
v -0.018968 -0.018542 0.005795
v -0.018722 -0.019597 0.006225
v -0.019525 -0.020893 0.006861
v -0.017304 -0.019211 0.005810
v -0.018520 -0.020775 0.006342
v -0.017533 -0.020732 0.006134
v -0.016398 -0.019375 0.005513
v -0.016599 -0.020633 0.005665
v -0.016936 -0.020120 0.008160
v -0.018729 -0.022018 0.006998
v -0.019228 -0.023567 0.007609
v -0.016259 -0.021692 0.006125
v -0.017069 -0.022981 0.006762
v -0.018196 -0.023312 0.007015
v -0.015250 -0.019167 0.005129
v -0.015387 -0.020402 0.005554
v -0.015100 -0.021565 0.005900
v -0.014275 -0.020169 0.004920
v -0.013145 -0.019948 0.004734
v -0.013904 -0.021187 0.005449
v -0.013833 -0.022483 0.005573
v -0.015948 -0.022834 0.006210
v -0.017839 -0.024467 0.007537
v -0.015662 -0.024031 0.006816
v -0.014835 -0.022727 0.006072
v -0.013472 -0.023481 0.006063
v -0.014212 -0.025018 0.006756
v -0.015383 -0.025226 0.006911
v -0.017295 -0.022989 0.009304
v -0.014971 -0.023404 0.008810
v -0.011699 -0.022125 0.007635
v -0.012106 -0.024585 0.008618
v -0.014064 -0.025947 0.009685
v -0.019040 -0.025496 0.008351
v -0.020257 -0.026009 0.008807
v -0.017789 -0.025745 0.007835
v -0.018714 -0.026356 0.008677
v -0.019774 -0.026773 0.009231
v -0.020560 -0.026911 0.009748
v -0.019819 -0.027367 0.009607
v -0.020324 -0.028231 0.010367
v -0.020697 -0.028462 0.010838
v -0.018237 -0.027921 0.009325
v -0.019629 -0.028505 0.009935
v -0.018924 -0.029486 0.010677
v -0.016539 -0.025463 0.007511
v -0.017358 -0.026881 0.008364
v -0.015313 -0.025533 0.006965
v -0.016112 -0.026312 0.007798
v -0.014779 -0.026419 0.007431
v -0.015857 -0.027343 0.008170
v -0.014473 -0.027711 0.007788
v -0.016915 -0.028089 0.008558
v -0.017005 -0.028225 0.008717
v -0.017996 -0.028596 0.009667
v -0.016426 -0.029250 0.009430
v -0.017282 -0.030141 0.010387
v -0.015385 -0.028460 0.008618
v -0.016036 -0.030596 0.009896
v -0.016455 -0.025336 0.010129
v -0.017110 -0.026704 0.011200
v -0.018652 -0.028077 0.013006
v -0.016229 -0.028746 0.012307
v -0.019339 -0.029512 0.014861
v -0.013434 -0.028405 0.010979
v -0.016802 -0.029923 0.013690
v -0.033340 -0.018882 0.027696
v -0.031822 -0.021412 0.028334
v -0.033491 -0.019352 0.029683
v -0.031036 -0.025270 0.017439
v -0.030624 -0.025080 0.016849
v -0.030024 -0.026072 0.017466
v -0.029160 -0.026482 0.015900
v -0.029700 -0.026057 0.016787
v -0.029069 -0.026849 0.016912
v -0.029514 -0.027165 0.018445
v -0.028092 -0.027471 0.016480
v -0.028211 -0.027766 0.016942
v -0.028569 -0.028025 0.018002
v -0.027860 -0.028691 0.017292
v -0.028856 -0.028168 0.019211
v -0.033303 -0.023661 0.019986
v -0.032323 -0.024654 0.020159
v -0.032788 -0.024435 0.020992
v -0.033133 -0.024379 0.022424
v -0.032249 -0.025730 0.021937
v -0.035331 -0.021813 0.024503
v -0.034624 -0.022543 0.022920
v -0.034490 -0.022930 0.023396
v -0.034704 -0.022986 0.024913
v -0.036127 -0.020749 0.025004
v -0.036146 -0.020946 0.026316
v -0.035739 -0.022008 0.025791
v -0.035062 -0.022704 0.025864
v -0.033732 -0.024022 0.023253
v -0.034176 -0.023977 0.023951
v -0.032887 -0.024949 0.023255
v -0.032932 -0.025040 0.023910
v -0.034123 -0.024092 0.024603
v -0.033877 -0.024115 0.026039
v -0.031379 -0.026787 0.023134
v -0.033370 -0.024822 0.025525
v -0.032791 -0.025442 0.024882
v -0.031794 -0.026630 0.025021
v -0.032587 -0.026230 0.025833
v -0.032818 -0.026054 0.026486
v -0.031551 -0.026987 0.025607
v -0.031509 -0.027182 0.026981
v -0.031723 -0.024811 0.018884
v -0.031523 -0.025899 0.020845
v -0.030552 -0.026241 0.018834
v -0.030113 -0.027415 0.019513
v -0.030768 -0.026630 0.020368
v -0.030663 -0.026981 0.021247
v -0.030387 -0.027743 0.022795
v -0.029633 -0.028143 0.021312
v -0.025768 -0.026688 0.018240
v -0.027769 -0.025430 0.020202
v -0.026218 -0.026817 0.019638
v -0.026575 -0.026961 0.021776
v -0.029147 -0.028452 0.020778
v -0.027181 -0.029411 0.018194
v -0.027955 -0.029605 0.020820
v -0.028869 -0.029419 0.021805
v -0.027338 -0.029779 0.019511
v -0.027478 -0.030021 0.020669
v -0.026699 -0.030793 0.019700
v -0.027626 -0.030293 0.022168
v -0.026289 -0.031171 0.021021
v -0.028011 -0.025788 0.026727
v -0.027926 -0.025715 0.023103
v -0.030917 -0.027849 0.023985
v -0.029895 -0.028491 0.023597
v -0.029561 -0.028650 0.022852
v -0.029937 -0.028675 0.024997
v -0.030304 -0.028325 0.025539
v -0.028570 -0.029924 0.024873
v -0.026213 -0.027562 0.026821
v -0.028197 -0.030023 0.023180
v -0.027996 -0.030442 0.024836
v -0.024301 -0.029097 0.022749
v -0.029428 -0.029696 0.025998
v -0.026914 -0.030965 0.022382
v -0.027268 -0.031275 0.023643
v -0.026636 -0.031657 0.025326
v -0.026067 -0.032059 0.024571
v -0.027048 -0.027281 0.014353
v -0.026795 -0.028005 0.015532
v -0.026795 -0.028005 0.015532
v -0.026197 -0.028157 0.014935
v -0.024688 -0.028321 0.013711
v -0.024945 -0.028821 0.014531
v -0.025825 -0.028392 0.014865
v -0.026153 -0.028771 0.015534
v -0.026153 -0.028771 0.015534
v -0.025711 -0.029459 0.015445
v -0.024441 -0.029661 0.014958
v -0.025586 -0.029592 0.015511
v -0.024233 -0.030265 0.015642
v -0.027305 -0.028206 0.016418
v -0.026604 -0.029039 0.016720
v -0.025642 -0.029896 0.016509
v -0.026435 -0.030004 0.018344
v -0.025152 -0.030436 0.016923
v -0.023844 -0.028953 0.013608
v -0.023797 -0.029693 0.014232
v -0.023249 -0.030339 0.014147
v -0.023363 -0.030463 0.014442
v -0.022098 -0.030238 0.013481
v -0.022747 -0.029904 0.013565
v -0.021972 -0.031402 0.014866
v -0.022740 -0.031234 0.015308
v -0.024283 -0.030986 0.016813
v -0.024986 -0.031327 0.017698
v -0.023047 -0.032058 0.016992
v -0.023682 -0.031786 0.017334
v -0.022133 -0.032364 0.015820
v -0.021132 -0.029159 0.011658
v -0.021717 -0.029751 0.012561
v -0.021034 -0.030337 0.012263
v -0.019814 -0.030297 0.011850
v -0.019286 -0.030405 0.011623
v -0.018479 -0.030542 0.010947
v -0.018703 -0.030855 0.011432
v -0.018150 -0.030984 0.011123
v -0.017078 -0.030828 0.010843
v -0.017557 -0.031530 0.011723
v -0.018617 -0.031472 0.012375
v -0.015160 -0.031565 0.010607
v -0.021422 -0.030749 0.013519
v -0.019843 -0.031326 0.013023
v -0.020169 -0.031707 0.013676
v -0.018939 -0.032301 0.013439
v -0.020583 -0.032431 0.014861
v -0.019803 -0.032752 0.014201
v -0.021051 -0.032360 0.015220
v -0.020861 -0.033266 0.016608
v -0.021583 -0.033318 0.017639
v -0.019885 -0.033365 0.015813
v -0.018694 -0.033779 0.015301
v -0.017327 -0.031812 0.011901
v -0.017928 -0.032301 0.012772
v -0.017197 -0.032947 0.012505
v -0.015382 -0.032607 0.011687
v -0.016681 -0.032390 0.011966
v -0.015860 -0.032780 0.012056
v -0.016893 -0.033154 0.012490
v -0.016475 -0.031332 0.015030
v -0.014491 -0.030682 0.013249
v -0.017948 -0.033475 0.014375
v -0.017917 -0.032911 0.013516
v -0.016767 -0.033670 0.013663
v -0.015872 -0.033595 0.012998
v -0.019331 -0.034271 0.016773
v -0.018013 -0.034941 0.016129
v -0.017122 -0.034688 0.015422
v -0.015943 -0.034146 0.013806
v -0.016493 -0.034541 0.014735
v -0.016001 -0.035071 0.015093
v -0.024024 -0.027627 0.017065
v -0.023710 -0.028616 0.018460
v -0.024283 -0.028718 0.020242
v -0.025730 -0.031004 0.019082
v -0.025538 -0.030838 0.018212
v -0.024766 -0.031666 0.018245
v -0.023760 -0.032538 0.019362
v -0.025220 -0.031723 0.020328
v -0.025803 -0.031615 0.021131
v -0.023907 -0.032878 0.020865
v -0.021494 -0.029454 0.016793
v -0.023697 -0.032364 0.018615
v -0.023178 -0.032669 0.018568
v -0.023083 -0.033462 0.019639
v -0.022597 -0.033327 0.018998
v -0.021529 -0.033947 0.018995
v -0.021724 -0.030280 0.018873
v -0.022215 -0.030390 0.020731
v -0.024185 -0.029287 0.026515
v -0.019951 -0.031569 0.019281
v -0.019128 -0.032426 0.020992
v -0.021248 -0.031282 0.022602
v -0.025270 -0.032458 0.021658
v -0.022796 -0.033747 0.019949
v -0.022893 -0.033700 0.021127
v -0.021776 -0.034339 0.020808
v -0.026006 -0.031800 0.022814
v -0.024929 -0.032780 0.022070
v -0.023532 -0.033487 0.022171
v -0.025172 -0.032537 0.023415
v -0.024129 -0.033276 0.022826
v -0.024749 -0.033115 0.024792
v -0.025669 -0.032860 0.025593
v -0.024098 -0.033602 0.025211
v -0.021624 -0.034683 0.021687
v -0.020978 -0.034687 0.020451
v -0.022236 -0.034499 0.022809
v -0.020771 -0.035510 0.021659
v -0.021567 -0.034964 0.023269
v -0.023364 -0.034186 0.023496
v -0.023021 -0.034460 0.024007
v -0.023026 -0.034325 0.025751
v -0.022205 -0.034851 0.024687
v -0.021225 -0.035386 0.024479
v -0.019303 -0.030330 0.015873
v -0.019116 -0.031479 0.017667
v -0.018141 -0.031548 0.016701
v -0.021115 -0.033384 0.017075
v -0.020389 -0.033794 0.016961
v -0.020608 -0.034507 0.017957
v -0.017995 -0.032796 0.019547
v -0.016354 -0.032015 0.015914
v -0.016280 -0.033106 0.017861
v -0.018771 -0.034959 0.017589
v -0.019265 -0.034948 0.017991
v -0.016906 -0.035701 0.017072
v -0.014570 -0.035932 0.015593
v -0.013951 -0.033728 0.016963
v -0.019135 -0.032632 0.023286
v -0.016637 -0.033742 0.020945
v -0.015166 -0.034106 0.019356
v -0.020045 -0.034933 0.019138
v -0.019311 -0.035326 0.019179
v -0.018447 -0.035524 0.018533
v -0.019866 -0.035535 0.020964
v -0.019235 -0.035712 0.020319
v -0.018679 -0.036131 0.019604
v -0.014960 -0.036362 0.016780
v -0.016114 -0.036697 0.017892
v -0.017318 -0.036221 0.018864
v -0.017583 -0.036588 0.020529
v -0.016316 -0.036826 0.019538
v -0.014802 -0.037216 0.018623
v -0.019873 -0.035953 0.022964
v -0.018516 -0.036310 0.021655
v -0.018636 -0.036106 0.020435
v -0.019507 -0.035949 0.021896
v -0.016418 -0.034049 0.023045
v -0.019815 -0.036187 0.024380
v -0.019144 -0.036433 0.023138
v -0.017921 -0.036991 0.023048
v -0.018709 -0.036923 0.023642
v -0.018846 -0.036867 0.024052
v -0.017211 -0.037027 0.021536
v -0.016280 -0.037180 0.020582
v -0.016307 -0.037634 0.021512
v -0.014287 -0.037933 0.020605
v -0.014977 -0.037816 0.021202
v -0.013523 -0.035150 0.021540
v -0.017056 -0.037310 0.023102
v -0.015329 -0.037993 0.022590
v -0.035717 -0.021706 0.027565
v -0.035558 -0.022265 0.026461
v -0.034776 -0.023088 0.027069
v -0.034406 -0.023548 0.026784
v -0.034957 -0.023018 0.028822
v -0.035418 -0.022387 0.029089
v -0.034258 -0.024408 0.028184
v -0.034179 -0.024059 0.029703
v -0.030294 -0.023058 0.025819
v -0.029670 -0.023916 0.026899
v -0.029882 -0.024115 0.028882
v -0.033214 -0.025279 0.027362
v -0.033660 -0.024853 0.027733
v -0.031863 -0.026820 0.027680
v -0.033370 -0.025245 0.029074
v -0.032543 -0.026116 0.028778
v -0.032869 -0.026308 0.030133
v -0.031596 -0.027267 0.029393
v -0.032498 -0.021342 0.030669
v -0.033909 -0.019924 0.031932
v -0.032947 -0.021726 0.032380
v -0.034821 -0.023355 0.030769
v -0.034512 -0.024261 0.031950
v -0.033291 -0.025424 0.030836
v -0.033898 -0.024644 0.031030
v -0.033610 -0.025075 0.031689
v -0.034290 -0.024123 0.033218
v -0.033345 -0.025295 0.032837
v -0.031946 -0.026858 0.033629
v -0.031547 -0.022829 0.030986
v -0.030399 -0.024939 0.032196
v -0.029383 -0.025218 0.030294
v -0.031933 -0.027065 0.031054
v -0.032384 -0.026448 0.031757
v -0.030721 -0.028289 0.030715
v -0.031121 -0.028231 0.031725
v -0.031142 -0.028280 0.032065
v -0.027842 -0.026494 0.029253
v -0.030635 -0.028113 0.026795
v -0.030212 -0.028607 0.026973
v -0.031048 -0.028260 0.027986
v -0.028517 -0.026813 0.031773
v -0.025872 -0.028301 0.028928
v -0.026546 -0.028441 0.031133
v -0.029655 -0.029189 0.027282
v -0.029506 -0.029384 0.028406
v -0.028775 -0.030028 0.027199
v -0.030471 -0.028493 0.029864
v -0.030010 -0.029034 0.029051
v -0.029388 -0.030014 0.029895
v -0.028194 -0.030716 0.029216
v -0.028253 -0.030429 0.026427
v -0.028363 -0.030424 0.027478
v -0.027396 -0.031110 0.026414
v -0.027506 -0.031622 0.027821
v -0.026352 -0.032070 0.026747
v -0.026704 -0.031895 0.027211
v -0.027672 -0.031502 0.028215
v -0.026725 -0.032005 0.029421
v -0.026400 -0.032243 0.028798
v -0.025716 -0.032582 0.027531
v -0.030035 -0.029049 0.030814
v -0.029705 -0.029374 0.031562
v -0.027944 -0.030942 0.030171
v -0.028600 -0.030468 0.030947
v -0.030081 -0.029019 0.033202
v -0.030658 -0.028355 0.033663
v -0.027054 -0.028894 0.032956
v -0.028579 -0.030414 0.032766
v -0.027855 -0.031183 0.031201
v -0.024579 -0.030021 0.030785
v -0.024774 -0.030619 0.032535
v -0.026795 -0.032005 0.030728
v -0.025726 -0.033131 0.029722
v -0.026292 -0.032445 0.030986
v -0.027448 -0.031842 0.031982
v -0.026168 -0.032423 0.033638
v -0.025984 -0.032649 0.032906
v -0.024823 -0.033528 0.031356
v -0.033285 -0.023046 0.034222
v -0.034223 -0.023689 0.034225
v -0.032874 -0.024518 0.034478
v -0.032102 -0.023437 0.033126
v -0.033340 -0.024981 0.034065
v -0.032851 -0.025196 0.034378
v -0.032038 -0.024932 0.034302
v -0.031361 -0.024828 0.033662
v -0.029456 -0.026795 0.033341
v -0.030159 -0.026780 0.034106
v -0.032289 -0.026072 0.034302
v -0.031902 -0.026625 0.034146
v -0.031535 -0.026602 0.034395
v -0.030626 -0.027110 0.034426
v -0.029360 -0.029254 0.034267
v -0.027666 -0.029094 0.033873
v -0.028418 -0.030434 0.033882
v -0.027859 -0.029570 0.034277
v -0.027357 -0.030532 0.034377
v -0.025642 -0.030775 0.033778
v -0.026308 -0.032063 0.034148
v -0.023567 -0.031911 0.033186
v -0.023377 -0.033712 0.034314
v -0.024465 -0.033484 0.034071
v -0.025411 -0.031682 0.034290
v -0.023759 -0.032503 0.034024
v -0.022391 -0.030652 0.026595
v -0.020574 -0.031819 0.025308
v -0.023690 -0.030079 0.028835
v -0.025523 -0.033023 0.025975
v -0.024722 -0.033378 0.026846
v -0.024757 -0.033359 0.027748
v -0.024783 -0.033459 0.028784
v -0.023844 -0.034075 0.027099
v -0.023684 -0.034534 0.027947
v -0.019284 -0.032796 0.027582
v -0.022589 -0.034803 0.027149
v -0.022025 -0.035133 0.025590
v -0.021198 -0.035857 0.025703
v -0.021898 -0.035251 0.027018
v -0.021290 -0.035852 0.026077
v -0.022916 -0.034841 0.028506
v -0.021820 -0.035324 0.028125
v -0.020333 -0.036204 0.027250
v -0.021246 -0.031806 0.028730
v -0.022860 -0.031374 0.031026
v -0.024210 -0.033923 0.030628
v -0.024021 -0.034019 0.029466
v -0.022315 -0.035195 0.029039
v -0.022626 -0.034953 0.030588
v -0.023558 -0.034656 0.031377
v -0.023621 -0.034681 0.031975
v -0.021959 -0.035409 0.031227
v -0.017702 -0.033509 0.026354
v -0.021039 -0.032546 0.030787
v -0.019025 -0.033359 0.029530
v -0.018974 -0.033953 0.031358
v -0.021678 -0.035836 0.029715
v -0.021437 -0.035964 0.029502
v -0.020281 -0.036288 0.028694
v -0.020659 -0.036220 0.030546
v -0.020660 -0.036157 0.032317
v -0.018862 -0.037007 0.029484
v -0.020226 -0.036443 0.030886
v -0.019829 -0.036230 0.025303
v -0.017743 -0.037339 0.024990
v -0.017780 -0.037437 0.026550
v -0.019036 -0.036798 0.026659
v -0.019249 -0.037110 0.027930
v -0.016955 -0.038036 0.025883
v -0.018305 -0.037220 0.027229
v -0.014357 -0.035030 0.026128
v -0.015910 -0.038098 0.024944
v -0.015472 -0.038162 0.024160
v -0.014777 -0.038300 0.022922
v -0.014310 -0.038808 0.023757
v -0.014771 -0.038512 0.024867
v -0.016032 -0.038194 0.027320
v -0.015384 -0.038439 0.026731
v -0.013713 -0.038945 0.025997
v -0.016620 -0.034391 0.028661
v -0.016723 -0.034649 0.029881
v -0.017931 -0.037489 0.028717
v -0.017404 -0.037607 0.027853
v -0.016623 -0.038066 0.028621
v -0.017092 -0.038142 0.029438
v -0.017951 -0.037544 0.030623
v -0.013396 -0.035670 0.028340
v -0.014762 -0.035276 0.029045
v -0.015696 -0.038417 0.028586
v -0.014753 -0.039023 0.027883
v -0.014085 -0.038911 0.026627
v -0.014399 -0.039159 0.027567
v -0.013695 -0.039214 0.028384
v -0.015700 -0.038444 0.029381
v -0.014319 -0.038904 0.029600
v -0.021445 -0.032875 0.032265
v -0.024417 -0.033810 0.033204
v -0.022778 -0.034825 0.033678
v -0.021965 -0.035368 0.033225
v -0.023170 -0.033406 0.034256
v -0.020669 -0.035753 0.034139
v -0.020953 -0.033726 0.033251
v -0.021543 -0.033910 0.033930
v -0.019213 -0.035522 0.034112
v -0.019150 -0.035103 0.033732
v -0.017155 -0.035245 0.032233
v -0.018711 -0.036201 0.034254
v -0.014325 -0.036542 0.032387
v -0.013831 -0.036234 0.031056
v -0.017065 -0.035632 0.032946
v -0.017037 -0.036424 0.034008
v -0.015093 -0.036718 0.033320
v -0.012401 -0.036302 0.029637
v -0.011789 -0.037905 0.033358
v -0.012989 -0.037800 0.033746
v -0.011223 -0.037476 0.032170
v -0.019288 -0.037159 0.031660
v -0.016823 -0.038264 0.030084
v -0.016451 -0.038215 0.031347
v -0.015648 -0.038550 0.030715
v -0.020145 -0.036341 0.033648
v -0.018330 -0.037107 0.033928
v -0.018771 -0.037223 0.032752
v -0.018040 -0.037574 0.031832
v -0.016279 -0.038222 0.032823
v -0.016478 -0.038063 0.033572
v -0.016738 -0.037618 0.034123
v -0.015397 -0.038244 0.034019
v -0.014598 -0.039155 0.031626
v -0.014326 -0.039216 0.032186
v -0.013215 -0.039419 0.030863
v -0.014123 -0.038893 0.033737
v -0.013276 -0.039354 0.033002
v -0.015330 -0.037669 0.034222
v -0.014915 -0.037278 0.033925
v -0.012935 -0.038373 0.034148
v -0.012497 -0.039088 0.034102
v -0.011975 -0.039549 0.033744
v 0.001226 0.020547 0.001043
v 0.003316 0.019497 0.000406
v 0.001740 0.020088 0.000570
v 0.001140 0.019011 0.000495
v 0.003377 0.018577 0.000507
v 0.005466 0.019269 0.000507
v 0.002925 0.020303 0.000980
v 0.005732 0.019631 0.000992
v 0.004109 0.020150 0.001155
v 0.006158 0.017905 0.000435
v 0.008789 0.017505 0.000368
v 0.008362 0.018305 0.000656
v 0.009065 0.016534 0.000407
v 0.004391 0.020892 0.002694
v 0.003172 0.022328 0.004002
v 0.002988 0.023475 0.004759
v 0.004422 0.021396 0.003248
v 0.004354 0.023006 0.004468
v 0.004632 0.022293 0.003872
v 0.006022 0.020430 0.002629
v 0.008721 0.019290 0.002407
v 0.007674 0.019038 0.001219
v 0.006994 0.020552 0.003126
v 0.005691 0.022401 0.004282
v 0.005975 0.021683 0.003855
v 0.004231 0.025595 0.005952
v 0.004781 0.024232 0.005246
v 0.005402 0.023230 0.004791
v 0.006825 0.023861 0.005230
v 0.004453 0.026776 0.006362
v 0.005026 0.025679 0.006014
v 0.006681 0.025423 0.006036
v 0.005747 0.024846 0.005488
v 0.007782 0.021814 0.007192
v 0.006657 0.022987 0.004641
v 0.006969 0.022157 0.004259
v 0.008047 0.021996 0.004450
v 0.007502 0.026080 0.006287
v 0.007644 0.024981 0.005928
v 0.007856 0.024140 0.005484
v 0.008952 0.024412 0.005898
v 0.008966 0.023447 0.005429
v 0.009229 0.022340 0.004680
v 0.010552 0.023524 0.005602
v 0.008490 0.021009 0.003983
v 0.009260 0.018163 0.000999
v 0.009368 0.019499 0.002984
v 0.010759 0.018104 0.002285
v 0.011638 0.018130 0.002919
v 0.010147 0.017157 0.000561
v 0.011541 0.016682 0.000962
v 0.011465 0.015796 0.000338
v 0.012132 0.015780 0.000538
v 0.012277 0.016965 0.002148
v 0.013585 0.016646 0.002854
v 0.013945 0.015804 0.002403
v 0.009436 0.021169 0.004301
v 0.010270 0.022479 0.005112
v 0.010572 0.021438 0.004754
v 0.011285 0.022645 0.005304
v 0.011596 0.021659 0.005032
v 0.012164 0.022870 0.005701
v 0.009793 0.020235 0.003597
v 0.011025 0.019723 0.003895
v 0.010670 0.020598 0.004318
v 0.012515 0.019755 0.004413
v 0.013601 0.018334 0.003985
v 0.012559 0.020683 0.004934
v 0.014065 0.019859 0.004884
v 0.014070 0.020987 0.005224
v 0.015089 0.018488 0.004721
v 0.014940 0.020182 0.005282
v 0.005780 0.028596 0.007501
v 0.006471 0.027663 0.006878
v 0.007056 0.026782 0.006621
v 0.007192 0.028571 0.007608
v 0.007982 0.027250 0.007058
v 0.005962 0.029951 0.008193
v 0.007513 0.029802 0.008228
v 0.006773 0.031134 0.008554
v 0.007841 0.030104 0.008429
v 0.008310 0.029151 0.007860
v 0.008927 0.027964 0.007521
v 0.008496 0.026145 0.006558
v 0.009335 0.026910 0.006843
v 0.009793 0.025617 0.006551
v 0.009144 0.029795 0.008401
v 0.009789 0.028596 0.007966
v 0.010651 0.027518 0.007534
v 0.010238 0.027036 0.007228
v 0.010969 0.025727 0.006872
v 0.008017 0.031421 0.009158
v 0.009014 0.032371 0.009650
v 0.009116 0.032087 0.009473
v 0.009651 0.030957 0.009152
v 0.008591 0.034133 0.011381
v 0.008195 0.033041 0.010320
v 0.009314 0.033165 0.010677
v 0.010294 0.032394 0.010189
v 0.010703 0.031537 0.009773
v 0.007818 0.028420 0.010045
v 0.008571 0.030340 0.011374
v 0.011537 0.028092 0.010545
v 0.010557 0.029905 0.008379
v 0.011680 0.030319 0.009116
v 0.011354 0.032687 0.010500
v 0.012033 0.031702 0.010094
v 0.012721 0.030879 0.009488
v 0.013124 0.029656 0.009097
v 0.011204 0.029079 0.008327
v 0.012408 0.028658 0.008435
v 0.011533 0.028461 0.008139
v 0.011699 0.027532 0.007533
v 0.011903 0.026668 0.009821
v 0.006821 0.026432 0.008956
v 0.007138 0.024443 0.008151
v 0.010352 0.024570 0.005901
v 0.011164 0.024719 0.008806
v 0.012218 0.026542 0.007341
v 0.011641 0.024844 0.006533
v 0.012704 0.025587 0.006872
v 0.013831 0.025714 0.007335
v 0.012982 0.024369 0.006572
v 0.015255 0.025161 0.007370
v 0.014399 0.023764 0.006664
v 0.013697 0.031134 0.010169
v 0.014104 0.029878 0.009544
v 0.014899 0.029104 0.009205
v 0.013939 0.028670 0.008439
v 0.016033 0.029249 0.009420
v 0.015178 0.028399 0.008913
v 0.012892 0.027727 0.008064
v 0.014251 0.027247 0.008150
v 0.014962 0.026129 0.007589
v 0.015140 0.026495 0.010540
v 0.016533 0.027974 0.009089
v 0.016308 0.029302 0.009559
v 0.016680 0.025149 0.007835
v 0.015683 0.024031 0.006832
v 0.015887 0.026466 0.008096
v 0.017946 0.024231 0.007426
v 0.016733 0.023999 0.007242
v 0.017127 0.026757 0.008327
v 0.017647 0.025417 0.008168
v 0.018391 0.026579 0.008895
v 0.018145 0.027576 0.009448
v 0.013212 0.023287 0.005986
v 0.011846 0.020842 0.007453
v 0.007996 0.018367 0.005997
v 0.013756 0.022132 0.005830
v 0.014918 0.021443 0.005751
v 0.015660 0.022827 0.006532
v 0.016010 0.021809 0.005995
v 0.015998 0.020670 0.005741
v 0.017321 0.022970 0.007085
v 0.015998 0.021414 0.008539
v 0.014021 0.017501 0.006820
v 0.014577 0.024082 0.009232
v 0.017189 0.023609 0.009727
v 0.015009 0.016949 0.003937
v 0.016250 0.017429 0.004440
v 0.016082 0.018515 0.004974
v 0.015972 0.016450 0.004070
v 0.017368 0.016527 0.004767
v 0.016780 0.014976 0.003863
v 0.017211 0.017462 0.004949
v 0.018557 0.016322 0.005141
v 0.019025 0.024135 0.007906
v 0.019831 0.025404 0.008851
v 0.020043 0.024263 0.008198
v 0.021324 0.024036 0.008801
v 0.020532 0.023180 0.008061
v 0.016913 0.020544 0.006059
v 0.017141 0.019614 0.005723
v 0.017027 0.021782 0.006446
v 0.018082 0.022961 0.007227
v 0.018179 0.021841 0.006634
v 0.018156 0.020617 0.006405
v 0.018383 0.019577 0.005840
v 0.019448 0.021482 0.007156
v 0.019366 0.019677 0.006378
v 0.016095 0.019666 0.005220
v 0.017121 0.018622 0.005424
v 0.018249 0.017621 0.005247
v 0.018333 0.018467 0.005625
v 0.020620 0.020942 0.007190
v 0.020408 0.019875 0.006549
v 0.020746 0.019865 0.006645
v 0.020426 0.018490 0.006425
v 0.019351 0.017228 0.005675
v 0.020351 0.016134 0.005576
v 0.019128 0.015131 0.004810
v 0.020076 0.015198 0.005081
v 0.020537 0.017225 0.005822
v 0.019835 0.018283 0.006223
v 0.020918 0.018058 0.006487
v 0.021767 0.019118 0.007062
v 0.021589 0.016887 0.006261
v 0.021738 0.018017 0.006789
v 0.021397 0.015546 0.005910
v 0.019684 0.023028 0.007826
v 0.019700 0.021065 0.009471
v 0.018513 0.017222 0.007854
v 0.018995 0.023782 0.010410
v 0.021325 0.018783 0.009193
v 0.020821 0.022067 0.007434
v 0.021965 0.021394 0.007907
v 0.021871 0.020581 0.007658
v 0.021618 0.019723 0.007182
v 0.022263 0.020003 0.007513
v 0.022994 0.019050 0.007151
v 0.023247 0.020392 0.008054
v 0.021928 0.022151 0.008155
v 0.023049 0.022872 0.008868
v 0.023289 0.021821 0.008283
v 0.021517 0.015242 0.008245
v 0.022636 0.017944 0.006993
v 0.022108 0.015553 0.006152
v 0.022783 0.016578 0.006366
v 0.022800 0.016917 0.006468
v 0.023452 0.015226 0.006628
v 0.024059 0.018984 0.007781
v 0.024341 0.021363 0.008805
v 0.025009 0.020127 0.008620
v 0.025192 0.019025 0.008081
v 0.025624 0.019891 0.008807
v 0.026263 0.018625 0.008655
v 0.023568 0.017671 0.007310
v 0.023847 0.016361 0.006936
v 0.024115 0.016960 0.007180
v 0.025110 0.017701 0.007870
v 0.025147 0.016538 0.007167
v 0.024676 0.015012 0.007001
v 0.023762 0.017570 0.009733
v 0.026085 0.017134 0.008159
v 0.025961 0.015391 0.007554
v 0.026174 0.016128 0.007797
v 0.025385 0.014519 0.007188
v 0.027447 0.016812 0.008647
v 0.027223 0.015365 0.007766
v 0.027390 0.015684 0.007952
v 0.026925 0.014323 0.007649
v 0.028520 0.015232 0.008665
v 0.028234 0.014557 0.008292
v 0.001483 0.018365 0.000801
v 0.000435 0.016951 0.001764
v 0.003090 0.016649 0.001704
v 0.002556 0.015741 0.002148
v 0.003858 0.014655 0.002316
v 0.005745 0.015107 0.002009
v 0.006715 0.016959 0.000729
v 0.005826 0.016000 0.001551
v 0.002000 0.004351 0.002307
v 0.004719 0.009073 0.002439
v 0.008690 0.015981 0.000681
v 0.008272 0.014604 0.001586
v 0.007049 0.013370 0.002263
v 0.007804 0.011777 0.002351
v 0.011027 0.014541 0.000556
v 0.011072 0.009562 0.002243
v 0.010337 0.006510 0.002368
v 0.009058 0.002203 0.002365
v 0.000780 -0.003950 0.002271
v -0.000782 -0.000334 0.002227
v 0.001523 -0.005875 0.002419
v -0.001424 -0.011042 0.002433
v 0.002753 -0.003601 0.004661
v 0.004908 -0.002801 0.002277
v 0.007329 -0.002836 0.002375
v 0.010464 0.002863 0.004707
v 0.009789 -0.007900 0.004595
v 0.012169 -0.001896 0.002268
v 0.013253 0.005073 0.002184
v 0.015236 0.005706 0.001407
v 0.016174 0.006944 0.000561
v 0.017121 0.004162 0.000419
v 0.014344 0.004043 0.001986
v 0.014443 0.000971 0.002032
v 0.015352 0.003352 0.001652
v 0.015694 0.001011 0.001538
v 0.017402 0.005945 0.000221
v 0.018462 0.004492 0.000160
v 0.017641 0.007515 0.000223
v 0.018508 0.005931 0.000370
v 0.018881 0.004535 0.000368
v 0.019032 0.001599 0.000174
v 0.017239 0.002209 0.000474
v 0.017964 0.000548 0.000175
v 0.018396 0.002658 0.000096
v 0.017183 -0.000360 0.000497
v 0.018457 -0.002721 0.000044
v 0.019467 0.003257 0.000752
v 0.019539 0.001579 0.000599
v 0.019244 -0.001050 0.000320
v 0.019748 -0.000394 0.000871
v 0.013357 -0.003581 0.002094
v 0.005735 -0.010728 0.002315
v 0.009182 -0.009613 0.002177
v 0.010146 -0.010553 0.001887
v 0.007459 -0.012438 0.001962
v 0.011062 -0.007153 0.002172
v 0.011791 -0.008662 0.001877
v 0.013238 -0.006167 0.001886
v 0.006407 -0.013033 0.004680
v 0.012606 -0.009956 0.004746
v 0.016988 -0.006044 0.000037
v 0.017145 -0.007821 0.000092
v 0.015477 -0.010049 -0.000017
v 0.017012 -0.002534 0.000417
v 0.015352 -0.001324 0.001655
v 0.015274 -0.003694 0.001414
v 0.014563 -0.003089 0.001829
v 0.014463 -0.005959 0.001437
v 0.016409 -0.005040 0.000391
v 0.017696 -0.003112 0.000101
v 0.019491 -0.002552 0.000791
v 0.018688 -0.003811 0.000213
v 0.019044 -0.004327 0.000641
v 0.016041 -0.007160 0.000154
v 0.018407 -0.006166 0.000556
v 0.019683 -0.005269 0.002012
v 0.017733 -0.008155 0.000706
v 0.020491 -0.002878 0.002391
v 0.020210 -0.005127 0.002573
v 0.018928 -0.007441 0.001994
v 0.013350 -0.008248 0.001371
v 0.014994 -0.007743 0.000524
v 0.013254 -0.010672 0.000408
v 0.012112 -0.009828 0.001429
v 0.010217 -0.011777 0.001445
v 0.010666 -0.013139 0.000420
v 0.014824 -0.009708 0.000044
v 0.012386 -0.012581 0.000056
v 0.014926 -0.011480 0.000127
v 0.016409 -0.010177 0.000512
v 0.011774 -0.014336 0.000051
v 0.014442 -0.012801 0.000607
v 0.012668 -0.014333 0.000419
v 0.015767 -0.011231 0.000657
v 0.017902 -0.009686 0.002093
v 0.015733 -0.012578 0.001965
v 0.016640 -0.011947 0.002325
v 0.014767 -0.003241 0.004716
v 0.015210 -0.007049 0.004893
v 0.014140 -0.010801 0.005058
v 0.018117 -0.011168 0.002995
v 0.015079 -0.013683 0.002122
v 0.017556 -0.012430 0.002969
v 0.017529 -0.013365 0.003476
v 0.004542 0.014837 0.005073
v 0.008908 0.010800 0.004858
v 0.007554 0.015251 0.005216
v 0.006501 0.017231 0.005523
v 0.008163 0.013822 0.001946
v 0.011382 0.015277 0.000315
v 0.010185 0.013006 0.001664
v 0.012986 0.014156 0.000265
v 0.012542 0.012358 0.000851
v 0.010127 0.011826 0.002073
v 0.012367 0.010739 0.001621
v 0.009980 0.015703 0.005495
v 0.010700 0.012957 0.005114
v 0.011522 0.014034 0.005373
v 0.013870 0.014290 0.005881
v 0.016131 0.011522 0.005797
v 0.013937 0.010712 0.005207
v 0.013225 0.008112 0.004891
v 0.006669 0.008605 0.004801
v 0.014252 0.013594 0.000415
v 0.013706 0.014852 0.000890
v 0.013310 0.012589 0.000453
v 0.015175 0.011214 0.000247
v 0.015942 0.011033 0.000293
v 0.015628 0.012407 0.000701
v 0.015097 0.014820 0.002529
v 0.015859 0.014132 0.002744
v 0.016676 0.012390 0.002110
v 0.012175 0.009897 0.001949
v 0.014516 0.010409 0.000565
v 0.013973 0.008312 0.001571
v 0.015112 0.008880 0.000704
v 0.016745 0.011014 0.000903
v 0.016806 0.012947 0.002669
v 0.018206 0.010378 0.002485
v 0.015720 0.009546 0.000309
v 0.016641 0.009054 0.000223
v 0.017270 0.009336 0.000488
v 0.017875 0.009080 0.001046
v 0.018180 0.007808 0.000702
v 0.017904 0.014067 0.003951
v 0.018173 0.012101 0.003391
v 0.018225 0.015095 0.004350
v 0.018757 0.013767 0.004335
v 0.020418 0.013728 0.005047
v 0.019520 0.011689 0.003952
v 0.019814 0.012787 0.004372
v 0.016855 0.008903 0.005544
v 0.022072 0.009105 0.007151
v 0.013854 0.006970 0.001898
v 0.015676 0.003005 0.004827
v 0.016217 0.007031 0.005160
v 0.019474 0.006179 0.005921
v 0.018375 0.003499 0.005338
v 0.019015 0.007778 0.001929
v 0.019439 0.007870 0.002493
v 0.020609 0.012107 0.004608
v 0.020048 0.010432 0.003810
v 0.019522 0.009464 0.003233
v 0.020732 0.008981 0.003824
v 0.021085 0.009949 0.004118
v 0.021103 0.007680 0.003752
v 0.021253 0.008660 0.004101
v 0.021411 0.010888 0.004610
v 0.022021 0.009461 0.004624
v 0.022575 0.010509 0.005137
v 0.022520 0.008346 0.004604
v 0.022179 0.007312 0.004045
v 0.023218 0.009173 0.004879
v 0.023271 0.007662 0.004896
v 0.019160 0.005367 0.000898
v 0.019983 0.005579 0.002268
v 0.020650 0.006729 0.003292
v 0.020182 0.003609 0.001975
v 0.020433 0.004741 0.002494
v 0.020592 0.004202 0.002641
v 0.021133 0.005507 0.003018
v 0.021890 0.004810 0.003655
v 0.020722 0.002887 0.002472
v 0.022035 0.003750 0.003670
v 0.020383 0.001369 0.001915
v 0.020664 -0.000137 0.002254
v 0.021017 0.001021 0.002647
v 0.021457 0.001464 0.003026
v 0.021726 0.002742 0.003039
v 0.022370 0.001987 0.003626
v 0.022393 0.000501 0.003642
v 0.017211 0.000533 0.004970
v 0.021473 0.002386 0.006244
v 0.021554 0.006278 0.003770
v 0.022069 0.005904 0.004054
v 0.022768 0.004625 0.004031
v 0.022897 0.003122 0.004186
v 0.023559 0.004091 0.004493
v 0.023052 0.006853 0.004618
v 0.023318 0.005440 0.004577
v 0.024021 0.006371 0.004848
v 0.025024 0.005811 0.005391
v 0.024064 0.004941 0.004924
v 0.019242 0.000169 0.005470
v 0.023652 0.002323 0.004432
v 0.024266 0.006282 0.007488
v 0.025262 0.002098 0.007500
v 0.024415 0.003421 0.004649
v 0.020942 0.014360 0.005347
v 0.023093 0.011420 0.007888
v 0.022149 0.014233 0.005566
v 0.021988 0.012986 0.005366
v 0.021932 0.011900 0.004869
v 0.022987 0.011625 0.005464
v 0.023065 0.012376 0.005739
v 0.023268 0.013992 0.006145
v 0.024497 0.013751 0.006306
v 0.024305 0.012466 0.006162
v 0.023595 0.010144 0.005417
v 0.024155 0.011359 0.005606
v 0.025606 0.013155 0.006832
v 0.025087 0.010904 0.006030
v 0.026195 0.011515 0.006741
v 0.026034 0.010404 0.006171
v 0.024161 0.008837 0.005364
v 0.025572 0.009375 0.006001
v 0.025157 0.008396 0.005529
v 0.024365 0.007495 0.005309
v 0.026069 0.007757 0.006012
v 0.025648 0.007152 0.005826
v 0.026975 0.009932 0.006677
v 0.024487 0.013938 0.008968
v 0.026834 0.013852 0.007525
v 0.026222 0.011622 0.009159
v 0.026773 0.012703 0.006932
v 0.027629 0.013516 0.007841
v 0.027107 0.011251 0.007117
v 0.027904 0.012051 0.007566
v 0.026222 0.014662 0.009929
v 0.026927 0.008810 0.008921
v 0.016469 -0.003377 0.004884
v 0.018538 -0.002458 0.005298
v 0.021110 -0.001484 0.002861
v 0.022168 -0.000664 0.003492
v 0.017718 -0.004742 0.005199
v 0.023789 -0.001871 0.006921
v 0.021698 -0.005126 0.006400
v 0.019853 -0.006964 0.005996
v 0.016040 -0.009903 0.005333
v 0.020947 -0.011281 0.006839
v 0.029414 0.014241 0.008611
v 0.020148 -0.006334 0.002893
v 0.019237 -0.007789 0.002489
v 0.020089 -0.007706 0.003040
v 0.020247 -0.008558 0.003450
v 0.018823 -0.010143 0.002858
v 0.019736 -0.009600 0.003488
v 0.018323 -0.012246 0.003447
v 0.019036 -0.010932 0.003396
v 0.020057 -0.010549 0.003965
v 0.019353 -0.011874 0.003684
v 0.018496 -0.013113 0.003958
v 0.020166 -0.012098 0.004295
v 0.020245 -0.011507 0.004171
v 0.020411 -0.012997 0.004666
v 0.019156 -0.013393 0.004277
v 0.025113 0.004279 0.005245
v 0.025139 0.002750 0.005066
v 0.026088 0.003486 0.005606
v 0.023227 0.001367 0.003954
v 0.023279 -0.000074 0.004233
v 0.024110 0.000836 0.004606
v 0.023971 -0.000733 0.004583
v 0.024721 0.001786 0.004949
v 0.025646 0.000938 0.005201
v 0.026122 0.002102 0.005228
v 0.026887 0.001434 0.005781
v 0.025188 0.000069 0.004870
v 0.025828 -0.000897 0.005315
v 0.027023 0.000950 0.005847
v 0.027237 -0.000743 0.005877
v 0.026730 0.008493 0.006407
v 0.027717 0.008352 0.006752
v 0.028112 0.009499 0.006825
v 0.027321 0.007354 0.006120
v 0.028304 0.006956 0.006754
v 0.027951 0.006113 0.006551
v 0.028244 0.010787 0.007438
v 0.029330 0.011547 0.007813
v 0.028842 0.012906 0.008236
v 0.029399 0.012723 0.008441
v 0.028794 0.010425 0.007593
v 0.029779 0.009906 0.008058
v 0.030333 0.011347 0.008593
v 0.028181 0.009750 0.006926
v 0.029066 0.008720 0.007497
v 0.030395 0.008395 0.007790
v 0.029608 0.007298 0.007517
v 0.027844 0.010821 0.009753
v 0.029566 0.008009 0.010134
v 0.031335 0.010529 0.008789
v 0.029168 0.006210 0.006844
v 0.030043 0.006894 0.007685
v 0.031156 0.007389 0.008267
v 0.030292 0.005260 0.007610
v 0.031026 0.009340 0.008531
v 0.032613 0.007731 0.009237
v 0.032123 0.006522 0.008496
v 0.032958 0.005647 0.009159
v 0.026648 0.006170 0.006026
v 0.026196 0.005069 0.005503
v 0.027122 0.004370 0.006057
v 0.026762 0.003975 0.005886
v 0.026975 0.002808 0.005888
v 0.027965 0.003567 0.006160
v 0.027579 0.005051 0.008691
v 0.028476 0.004802 0.006744
v 0.028628 0.001181 0.008918
v 0.029738 0.005460 0.007300
v 0.029692 0.004368 0.007294
v 0.028855 0.002763 0.006692
v 0.030508 0.003176 0.007537
v 0.028155 0.001911 0.006441
v 0.028001 0.000194 0.006022
v 0.028807 -0.000856 0.006579
v 0.028901 0.000951 0.006660
v 0.027284 -0.002155 0.008273
v 0.029080 -0.001174 0.009127
v 0.029789 0.002015 0.006876
v 0.030660 0.001292 0.007422
v 0.030114 -0.000225 0.007230
v 0.029193 0.004705 0.009465
v 0.031407 0.005586 0.008171
v 0.031262 0.004343 0.007738
v 0.031902 0.005281 0.008414
v 0.032039 0.003443 0.008272
v 0.030790 0.001073 0.010141
v 0.031164 0.004342 0.010638
v 0.031578 0.000429 0.007646
v 0.030723 -0.000766 0.007469
v 0.032153 -0.000659 0.008206
v 0.032788 0.002647 0.008522
v 0.032243 0.001454 0.008284
v 0.033896 0.004783 0.009526
v 0.033386 0.003542 0.009197
v 0.033393 0.001665 0.009086
v 0.033578 -0.000974 0.009193
v 0.032580 -0.001893 0.008356
v 0.034299 0.000326 0.009553
v 0.034894 0.002038 0.010268
v 0.035028 -0.000829 0.010251
v 0.035028 -0.000829 0.010251
v 0.022992 -0.001448 0.003788
v 0.022083 -0.002235 0.003519
v 0.022062 -0.003576 0.003654
v 0.023078 -0.002731 0.004183
v 0.023649 -0.002213 0.004386
v 0.023662 -0.003852 0.004529
v 0.021468 -0.004080 0.003367
v 0.021531 -0.006066 0.003681
v 0.020945 -0.007952 0.003774
v 0.021891 -0.004685 0.003651
v 0.022014 -0.006972 0.003967
v 0.022730 -0.004351 0.003954
v 0.022734 -0.005772 0.004321
v 0.023340 -0.005109 0.004453
v 0.022998 -0.006672 0.004514
v 0.024063 -0.005977 0.004620
v 0.024213 -0.007056 0.004961
v 0.024286 -0.001546 0.004732
v 0.024634 -0.003017 0.004682
v 0.024387 -0.004373 0.004903
v 0.025810 -0.002726 0.005364
v 0.025016 -0.005494 0.005130
v 0.025677 -0.005127 0.007740
v 0.023667 -0.007590 0.007250
v 0.025131 -0.003992 0.005131
v 0.026578 -0.001692 0.005478
v 0.027957 -0.002092 0.006262
v 0.026796 -0.002619 0.005669
v 0.026687 -0.004251 0.005666
v 0.027607 -0.003542 0.005779
v 0.028275 -0.004446 0.006342
v 0.025858 -0.004945 0.005265
v 0.025757 -0.007721 0.005730
v 0.026205 -0.005817 0.005574
v 0.026648 -0.006630 0.005772
v 0.027645 -0.005948 0.006322
v 0.027346 -0.007711 0.006365
v 0.020865 -0.009456 0.003804
v 0.022194 -0.007917 0.004281
v 0.021763 -0.009159 0.004295
v 0.021522 -0.010444 0.004565
v 0.023624 -0.008566 0.004969
v 0.022656 -0.008748 0.004490
v 0.023115 -0.009733 0.005003
v 0.021208 -0.011825 0.004436
v 0.022300 -0.011325 0.004982
v 0.021281 -0.012882 0.004897
v 0.020882 -0.014128 0.005023
v 0.021889 -0.012602 0.005054
v 0.017165 -0.013614 0.006272
v 0.024628 -0.008043 0.005129
v 0.025165 -0.008929 0.005598
v 0.024599 -0.010716 0.005681
v 0.023516 -0.010968 0.005149
v 0.022169 -0.013882 0.005131
v 0.021859 -0.014035 0.005116
v 0.023130 -0.012203 0.005453
v 0.023923 -0.011977 0.005635
v 0.023236 -0.013412 0.005644
v 0.024348 -0.013110 0.005792
v 0.025472 -0.012563 0.006326
v 0.025127 -0.014013 0.006514
v 0.024483 -0.014352 0.006342
v 0.023099 -0.011650 0.007587
v 0.026906 -0.009389 0.006351
v 0.025760 -0.009983 0.005776
v 0.026204 -0.011064 0.006338
v 0.026330 -0.008177 0.008313
v 0.025917 -0.011309 0.008606
v 0.025113 -0.014112 0.008884
v 0.028927 -0.005277 0.006528
v 0.028644 -0.007048 0.006894
v 0.028224 -0.008857 0.006554
v 0.029438 -0.008189 0.007296
v 0.028639 -0.010069 0.007165
v 0.027842 -0.011646 0.007128
v 0.029044 -0.011119 0.007434
v 0.026790 -0.012256 0.006613
v 0.027087 -0.013441 0.007126
v 0.028317 -0.013626 0.007730
v 0.027422 -0.014550 0.007333
v 0.027495 -0.013507 0.009924
v 0.029360 -0.012132 0.007873
v 0.029721 -0.013377 0.008164
v 0.028528 -0.014411 0.008039
v 0.029499 -0.014781 0.008682
v 0.028658 -0.002832 0.006564
v 0.029836 -0.001856 0.006741
v 0.028494 -0.004122 0.008934
v 0.028255 -0.006764 0.009032
v 0.030537 -0.003200 0.010010
v 0.027995 -0.010198 0.009409
v 0.030365 -0.002792 0.007181
v 0.029857 -0.004451 0.007157
v 0.030953 -0.003614 0.007429
v 0.031794 -0.002864 0.008055
v 0.031390 -0.004749 0.007941
v 0.029613 -0.006291 0.007172
v 0.031265 -0.006353 0.007957
v 0.030635 -0.007271 0.007527
v 0.031633 -0.006837 0.008231
v 0.030658 -0.008637 0.007962
v 0.030128 -0.005949 0.010000
v 0.029403 -0.008784 0.009972
v 0.032363 -0.005850 0.008377
v 0.033107 -0.005092 0.008949
v 0.032819 -0.006826 0.009008
v 0.032267 -0.008909 0.009014
v 0.033317 -0.007941 0.009374
v 0.033177 -0.003168 0.008970
v 0.032307 -0.001378 0.011251
v 0.032040 0.001133 0.011043
v 0.032086 -0.004920 0.011312
v 0.033706 -0.003479 0.012607
v 0.030873 -0.007968 0.010855
v 0.033263 -0.005968 0.012479
v 0.034490 -0.002813 0.009936
v 0.034490 -0.002813 0.009936
v 0.034019 -0.004293 0.009352
v 0.033868 -0.003633 0.009368
v 0.034630 -0.004389 0.010129
v 0.034630 -0.004389 0.010129
v 0.034386 -0.005246 0.010021
v 0.034386 -0.005246 0.010021
v 0.035845 -0.002008 0.010713
v 0.035466 -0.003272 0.010803
v 0.034731 -0.003667 0.010176
v 0.034731 -0.003667 0.010176
v 0.035677 -0.004559 0.011181
v 0.034383 -0.007260 0.010304
v 0.034383 -0.007260 0.010304
v 0.035285 -0.006315 0.010739
v 0.035917 -0.005788 0.011452
v 0.035528 -0.007738 0.011526
v 0.029965 -0.010363 0.007872
v 0.031085 -0.009875 0.008217
v 0.030849 -0.011476 0.008649
v 0.030503 -0.010661 0.011165
v 0.028636 -0.011630 0.010114
v 0.029461 -0.013261 0.011149
v 0.031332 -0.011850 0.012212
v 0.029966 -0.014283 0.011928
v 0.031782 -0.010984 0.009108
v 0.033569 -0.009286 0.010087
v 0.033569 -0.009286 0.010087
v 0.033025 -0.011219 0.010033
v 0.033025 -0.011219 0.010033
v 0.030797 -0.012672 0.008880
v 0.032205 -0.012099 0.009454
v 0.030362 -0.014345 0.009078
v 0.031516 -0.013654 0.009717
v 0.031353 -0.014841 0.009926
v 0.031353 -0.014841 0.009926
v 0.032279 -0.013349 0.010158
v 0.032279 -0.013349 0.010158
v 0.033416 -0.012360 0.010828
v 0.033355 -0.013585 0.011191
v 0.032651 -0.014805 0.010634
v 0.032364 -0.009541 0.012429
v 0.034466 -0.009220 0.010882
v 0.034230 -0.010797 0.010648
v 0.034943 -0.009919 0.011474
v 0.033530 -0.007999 0.013190
v 0.031641 -0.013870 0.013278
v 0.034277 -0.011938 0.011432
v 0.034436 -0.012873 0.011827
v 0.033014 -0.015085 0.011447
v 0.033425 -0.011133 0.014075
v 0.034913 -0.011133 0.011892
v 0.035944 -0.008941 0.011951
v 0.035294 -0.010158 0.011940
v 0.035923 -0.010188 0.012666
v 0.035238 -0.011894 0.012567
v 0.033919 -0.014619 0.012386
v 0.034998 -0.013783 0.013246
v 0.035494 -0.012509 0.013202
v -0.009918 -0.014646 0.000429
v -0.009949 -0.012653 0.001582
v -0.010175 -0.015869 0.000221
v -0.011801 -0.015642 0.000869
v -0.010793 -0.016321 0.000835
v -0.008430 -0.015912 0.000247
v -0.009817 -0.016826 0.000718
v -0.008682 -0.016788 0.000277
v -0.007074 -0.015758 0.000592
v -0.006082 -0.017497 0.000154
v -0.007849 -0.017762 0.000675
v -0.005904 -0.016769 0.000259
v -0.006342 -0.017786 0.000245
v -0.009452 -0.017973 0.002041
v -0.006876 -0.018276 0.000849
v -0.005503 -0.011431 0.002391
v -0.008802 -0.011828 0.002148
v -0.007804 -0.013751 0.001708
v -0.005652 -0.013575 0.002114
v -0.002441 -0.013353 0.002280
v -0.005792 -0.014769 0.001626
v -0.004759 -0.012794 0.004831
v -0.011900 -0.018804 0.003880
v -0.010057 -0.018314 0.002766
v -0.011185 -0.019530 0.003974
v -0.010368 -0.020112 0.004074
v -0.009307 -0.019848 0.003633
v -0.005031 -0.016293 0.000676
v -0.007444 -0.019056 0.002286
v -0.007945 -0.019492 0.002908
v -0.008120 -0.020382 0.003428
v -0.008912 -0.020769 0.003969
v -0.005588 -0.019556 0.002125
v -0.005309 -0.020138 0.002703
v -0.006824 -0.020504 0.003408
v -0.007675 -0.021236 0.003981
v -0.006892 -0.016745 0.005329
v -0.004699 -0.015770 0.005021
v -0.008078 -0.021046 0.006744
v -0.004186 -0.019258 0.005786
v -0.005595 -0.023566 0.007279
v -0.003041 -0.014602 0.001982
v -0.004041 -0.015375 0.001536
v -0.001692 -0.015565 0.001647
v 0.002204 -0.015720 0.001379
v 0.000251 -0.016980 0.000595
v 0.000250 -0.015753 0.001521
v 0.003066 -0.013447 0.002180
v -0.000316 -0.014525 0.002069
v 0.001731 -0.015158 0.001763
v -0.002902 -0.017540 0.000198
v -0.005489 -0.018643 0.000733
v -0.003456 -0.018686 0.000293
v -0.002887 -0.016865 0.000578
v -0.001646 -0.018349 0.000081
v -0.003110 -0.019235 0.000840
v -0.003476 -0.019942 0.001997
v -0.005600 -0.021011 0.003333
v -0.006026 -0.021843 0.004072
v -0.002539 -0.020608 0.002651
v -0.003866 -0.021212 0.003447
v -0.004602 -0.021670 0.003730
v -0.003207 -0.022141 0.003932
v -0.000468 -0.017532 0.000266
v 0.000101 -0.018776 0.000148
v -0.000513 -0.019102 0.000392
v -0.000705 -0.019406 0.000770
v 0.000475 -0.020164 0.001948
v -0.000911 -0.020507 0.002446
v -0.001132 -0.020855 0.002877
v -0.002333 -0.021671 0.003295
v 0.000182 -0.014440 0.004791
v -0.000962 -0.016609 0.005013
v -0.001674 -0.018130 0.005338
v 0.000480 -0.020707 0.002556
v -0.001921 -0.022274 0.003879
v -0.000652 -0.021813 0.003594
v -0.000556 -0.020768 0.006082
v 0.003756 -0.016266 0.004951
v 0.003322 -0.017839 0.005252
v -0.012106 -0.019974 0.004288
v -0.011839 -0.020940 0.004806
v -0.012683 -0.022140 0.005435
v -0.010870 -0.021613 0.004874
v -0.011820 -0.021930 0.005071
v -0.009824 -0.021275 0.004278
v -0.011463 -0.022794 0.005399
v -0.010313 -0.022782 0.005247
v -0.012509 -0.023216 0.005832
v -0.013078 -0.024644 0.006127
v -0.012123 -0.024090 0.005974
v -0.010963 -0.023917 0.005412
v -0.011746 -0.024759 0.006202
v -0.012563 -0.025700 0.006672
v -0.011816 -0.025757 0.006543
v -0.010953 -0.026214 0.006570
v -0.008565 -0.021353 0.004231
v -0.009391 -0.022022 0.004603
v -0.009824 -0.023421 0.005348
v -0.008930 -0.022908 0.004769
v -0.008005 -0.022519 0.004577
v -0.007329 -0.022263 0.004273
v -0.008610 -0.023875 0.005304
v -0.007473 -0.023573 0.005079
v -0.010351 -0.024879 0.005897
v -0.009470 -0.024652 0.005763
v -0.009926 -0.025745 0.005995
v -0.009406 -0.026706 0.006541
v -0.008933 -0.025301 0.005864
v -0.007870 -0.024922 0.005300
v -0.006677 -0.024375 0.005255
v -0.007645 -0.025947 0.006032
v -0.008953 -0.024372 0.007984
v -0.010012 -0.026867 0.009201
v -0.006861 -0.026912 0.008736
v -0.013330 -0.027090 0.007422
v -0.013206 -0.028561 0.008128
v -0.012028 -0.026866 0.006741
v -0.011598 -0.027964 0.007444
v -0.012439 -0.029607 0.008395
v -0.014271 -0.028876 0.008518
v -0.014739 -0.029909 0.009256
v -0.013565 -0.030069 0.008762
v -0.014492 -0.030590 0.009660
v -0.012832 -0.030973 0.009364
v -0.010823 -0.027819 0.007294
v -0.011263 -0.029360 0.007782
v -0.009639 -0.028886 0.007579
v -0.009406 -0.027384 0.006775
v -0.008345 -0.026888 0.006479
v -0.008539 -0.028098 0.006700
v -0.010209 -0.030000 0.008164
v -0.008232 -0.029191 0.007450
v -0.010909 -0.030524 0.008611
v -0.011223 -0.031226 0.009155
v -0.012037 -0.032127 0.009719
v -0.009821 -0.031314 0.008615
v -0.008668 -0.030794 0.008368
v -0.010805 -0.028636 0.010348
v -0.012768 -0.029793 0.011762
v -0.006529 -0.028641 0.009559
v -0.007415 -0.030127 0.010621
v -0.010697 -0.031746 0.009365
v -0.011071 -0.032994 0.010442
v -0.009324 -0.032268 0.009484
v -0.009973 -0.030882 0.011798
v -0.010948 -0.031952 0.013063
v -0.007438 -0.032011 0.012121
v -0.006644 -0.022869 0.004542
v -0.005253 -0.023091 0.004434
v -0.006032 -0.023650 0.004655
v -0.005155 -0.024495 0.005202
v -0.004355 -0.022870 0.004070
v -0.004679 -0.023790 0.004836
v -0.003487 -0.023481 0.004550
v -0.006869 -0.025643 0.005793
v -0.006032 -0.025152 0.005567
v -0.007523 -0.026740 0.006311
v -0.007479 -0.027631 0.006636
v -0.006289 -0.026883 0.005892
v -0.005517 -0.026006 0.005703
v -0.004475 -0.025696 0.005273
v -0.004980 -0.026599 0.005945
v -0.003483 -0.024877 0.005137
v -0.005677 -0.027766 0.006442
v -0.004236 -0.027540 0.006362
v -0.003361 -0.025984 0.008025
v -0.001421 -0.024874 0.007486
v -0.003466 -0.028858 0.009351
v -0.002055 -0.022982 0.004324
v -0.002521 -0.024314 0.004630
v -0.001840 -0.025270 0.005249
v -0.000637 -0.023147 0.004066
v -0.001390 -0.023746 0.004589
v 0.000261 -0.022279 0.003838
v -0.000036 -0.023781 0.004506
v -0.000253 -0.025042 0.005118
v -0.000922 -0.025992 0.005311
v 0.001706 -0.024106 0.007198
v -0.003443 -0.026372 0.005726
v -0.002478 -0.025966 0.005569
v -0.002724 -0.027110 0.005730
v -0.003564 -0.028042 0.006506
v -0.001695 -0.026619 0.005687
v -0.002517 -0.027444 0.005837
v -0.002416 -0.028407 0.006555
v -0.001627 -0.027982 0.006303
v -0.001657 -0.028293 0.008950
v -0.006649 -0.027950 0.006731
v -0.007641 -0.028884 0.007232
v -0.006194 -0.029669 0.007397
v -0.007227 -0.030395 0.007583
v -0.005779 -0.028835 0.006861
v -0.005224 -0.028832 0.006646
v -0.004905 -0.028748 0.006603
v -0.005852 -0.029383 0.007223
v -0.004376 -0.029795 0.007331
v -0.006175 -0.031220 0.008260
v -0.004550 -0.030590 0.010537
v -0.008318 -0.030429 0.008071
v -0.008480 -0.031732 0.008942
v -0.007610 -0.031206 0.008443
v -0.007119 -0.032146 0.009019
v -0.008126 -0.033278 0.009647
v -0.005214 -0.032305 0.008592
v -0.006876 -0.033016 0.009566
v -0.006056 -0.032812 0.009252
v -0.003969 -0.028830 0.006817
v -0.003160 -0.029375 0.007085
v -0.003323 -0.030887 0.007542
v -0.004256 -0.031427 0.008139
v -0.002148 -0.030126 0.007306
v -0.001239 -0.029203 0.006601
v -0.002018 -0.031217 0.007884
v -0.002812 -0.031772 0.008260
v -0.004459 -0.033023 0.009153
v -0.003689 -0.032401 0.008763
v -0.003417 -0.033941 0.009536
v -0.004705 -0.034414 0.010409
v -0.002365 -0.033039 0.009057
v 0.001001 -0.027951 0.008740
v -0.005038 -0.031932 0.011658
v -0.005375 -0.033432 0.013136
v 0.000210 -0.029738 0.009694
v -0.002284 -0.031293 0.010819
v -0.003162 -0.033495 0.012862
v 0.000085 -0.032812 0.012017
v 0.003827 -0.016532 0.000512
v 0.002809 -0.017473 0.000111
v 0.003767 -0.015274 0.001443
v 0.005863 -0.014674 0.001352
v 0.007036 -0.015450 0.000445
v 0.006163 -0.016588 0.000107
v 0.004709 -0.014026 0.001898
v 0.006262 -0.013889 0.001674
v 0.008283 -0.013392 0.001345
v 0.009050 -0.014416 0.000350
v 0.009569 -0.014894 0.000075
v 0.007106 -0.016978 0.000028
v 0.007660 -0.017153 0.000137
v 0.005046 -0.018133 0.000163
v 0.006042 -0.018252 0.000577
v 0.008150 -0.017468 0.000654
v 0.007734 -0.018530 0.001891
v 0.005395 -0.019705 0.002387
v 0.002534 -0.018354 0.000050
v 0.000560 -0.019294 0.000596
v 0.002607 -0.018959 0.000419
v 0.002174 -0.019900 0.001822
v 0.004444 -0.018821 0.000749
v 0.003129 -0.020097 0.002153
v 0.001786 -0.020863 0.002901
v 0.000744 -0.021578 0.003152
v 0.001337 -0.022168 0.003712
v 0.002681 -0.021840 0.003701
v 0.001816 -0.022921 0.004013
v 0.002590 -0.023410 0.004394
v 0.003921 -0.021748 0.003713
v 0.003207 -0.022842 0.004270
v 0.004990 -0.021364 0.003566
v 0.005806 -0.020691 0.003105
v 0.007772 -0.019046 0.002446
v 0.007180 -0.020561 0.003481
v 0.006390 -0.021311 0.003740
v 0.008008 -0.019909 0.003064
v 0.004835 -0.022540 0.003948
v 0.004047 -0.023282 0.004499
v 0.003203 -0.024141 0.004628
v 0.005561 -0.023152 0.004504
v 0.005159 -0.023907 0.004867
v 0.006178 -0.022359 0.004275
v 0.007323 -0.021750 0.003963
v 0.005895 -0.024334 0.005052
v 0.006542 -0.023543 0.004602
v 0.009480 -0.016143 0.000117
v 0.010980 -0.015676 0.000446
v 0.009534 -0.016691 0.000578
v 0.009786 -0.017507 0.001825
v 0.009757 -0.018019 0.002362
v 0.008109 -0.014999 0.004938
v 0.006985 -0.016839 0.005233
v 0.009689 -0.017074 0.005592
v 0.011049 -0.012698 0.004859
v 0.003608 -0.022145 0.006558
v 0.007717 -0.020137 0.006250
v 0.006977 -0.022600 0.004431
v 0.008113 -0.023955 0.007508
v 0.005396 -0.024610 0.007518
v 0.011475 -0.016670 0.002072
v 0.013744 -0.014788 0.002011
v 0.009074 -0.019219 0.003060
v 0.013128 -0.016978 0.003201
v 0.013136 -0.015846 0.002447
v 0.011210 -0.018207 0.003072
v 0.010295 -0.018806 0.002997
v 0.011095 -0.018933 0.003418
v 0.012110 -0.017376 0.002783
v 0.012827 -0.017627 0.003348
v 0.014556 -0.014941 0.002751
v 0.013865 -0.016177 0.002919
v 0.014723 -0.016173 0.003453
v 0.015721 -0.015059 0.003420
v 0.016369 -0.014504 0.003367
v 0.014394 -0.016899 0.003759
v 0.014406 -0.018219 0.004196
v 0.013110 -0.019308 0.004221
v 0.013491 -0.018382 0.003797
v 0.014272 -0.019154 0.004591
v 0.012843 -0.013671 0.005276
v 0.012799 -0.017797 0.006291
v 0.016099 -0.017467 0.006857
v 0.016546 -0.013652 0.003149
v 0.017401 -0.014410 0.003673
v 0.015803 -0.016386 0.003753
v 0.016827 -0.016324 0.004298
v 0.015660 -0.017234 0.004178
v 0.016670 -0.017444 0.004694
v 0.015605 -0.018350 0.004337
v 0.016652 -0.018730 0.005060
v 0.015554 -0.019356 0.004945
v 0.010354 -0.019743 0.003757
v 0.008829 -0.020175 0.003546
v 0.008285 -0.021018 0.003938
v 0.009549 -0.020755 0.003860
v 0.009426 -0.021600 0.004329
v 0.010347 -0.020983 0.004205
v 0.011582 -0.020341 0.004256
v 0.011207 -0.021348 0.004445
v 0.010945 -0.022247 0.004928
v 0.008238 -0.022110 0.004378
v 0.007821 -0.023026 0.004772
v 0.009089 -0.022667 0.004591
v 0.007407 -0.024055 0.005017
v 0.008721 -0.023516 0.005013
v 0.008257 -0.024602 0.005132
v 0.009963 -0.023178 0.005110
v 0.009424 -0.024596 0.005563
v 0.010527 -0.023073 0.007501
v 0.011106 -0.023401 0.005195
v 0.010750 -0.024372 0.005664
v 0.012379 -0.020025 0.004293
v 0.013463 -0.020320 0.004487
v 0.012209 -0.021635 0.004961
v 0.013329 -0.021198 0.004913
v 0.014583 -0.020297 0.005007
v 0.013379 -0.022132 0.005122
v 0.012226 -0.022760 0.005383
v 0.011858 -0.023970 0.005710
v 0.013111 -0.023134 0.005621
v 0.013074 -0.024350 0.005830
v 0.011614 -0.025544 0.006284
v 0.014224 -0.022573 0.005646
v 0.012741 -0.025257 0.006330
v 0.012172 -0.020924 0.007074
v 0.015662 -0.020606 0.005151
v 0.014691 -0.021712 0.005547
v 0.015727 -0.021515 0.007988
v 0.014385 -0.023899 0.006187
v 0.015321 -0.023110 0.005848
v 0.014117 -0.024656 0.006393
v 0.012963 -0.023844 0.008216
v 0.001137 -0.023559 0.004504
v 0.000411 -0.024447 0.004752
v 0.001347 -0.024977 0.005137
v 0.001288 -0.026577 0.005785
v -0.000205 -0.026734 0.005776
v 0.001994 -0.023819 0.004634
v 0.002743 -0.024942 0.005071
v 0.002279 -0.025844 0.005271
v -0.000233 -0.028430 0.006446
v 0.000422 -0.027619 0.006003
v 0.003149 -0.026563 0.005774
v 0.001626 -0.028426 0.006566
v -0.000087 -0.030041 0.007254
v 0.004045 -0.024585 0.005017
v 0.003634 -0.025715 0.005529
v 0.005131 -0.025084 0.005092
v 0.004707 -0.026177 0.005772
v 0.003997 -0.027299 0.005967
v 0.005749 -0.026205 0.005875
v 0.003348 -0.028221 0.006460
v 0.002868 -0.029422 0.006795
v 0.001988 -0.030118 0.007247
v 0.004320 -0.029004 0.006897
v 0.003652 -0.030173 0.007310
v 0.004950 -0.027913 0.006443
v -0.000094 -0.031629 0.008090
v -0.001420 -0.032499 0.008368
v 0.001086 -0.031007 0.007538
v 0.000457 -0.032391 0.008598
v 0.002226 -0.031716 0.008140
v 0.001784 -0.033094 0.009013
v -0.001590 -0.033698 0.009554
v -0.000085 -0.033207 0.009132
v -0.002544 -0.034633 0.010281
v -0.000060 -0.032099 0.008368
v -0.000338 -0.034317 0.010001
v 0.003066 -0.027025 0.008346
v 0.006136 -0.025615 0.005608
v 0.006808 -0.024929 0.005425
v 0.006415 -0.027656 0.006455
v 0.005902 -0.028795 0.006656
v 0.005544 -0.029881 0.007357
v 0.003477 -0.029301 0.009527
v 0.006742 -0.027491 0.008810
v 0.000796 -0.031044 0.010549
v 0.003228 -0.030594 0.010320
v 0.001071 -0.034349 0.009689
v 0.000384 -0.035113 0.010737
v -0.000656 -0.034173 0.013443
v 0.003149 -0.031889 0.011308
v 0.003686 -0.031802 0.008179
v 0.003072 -0.032699 0.008577
v 0.004476 -0.031032 0.007624
v 0.004421 -0.032995 0.009110
v 0.005652 -0.031356 0.008121
v 0.006617 -0.029603 0.009984
v 0.006814 -0.030919 0.010936
v 0.001378 -0.034318 0.009706
v 0.001872 -0.035136 0.010739
v 0.002332 -0.034631 0.010248
v 0.002658 -0.033788 0.009623
v 0.004109 -0.033674 0.009599
v 0.003770 -0.034571 0.010316
v 0.003230 -0.035612 0.010898
v 0.004511 -0.034796 0.010662
v 0.004779 -0.035710 0.011725
v 0.003169 -0.033551 0.012867
v 0.005420 -0.032290 0.011905
v 0.005245 -0.034499 0.014274
v 0.001508 -0.035034 0.014531
v 0.007411 -0.033211 0.013174
v 0.007740 -0.025519 0.005621
v 0.007180 -0.026495 0.005710
v 0.009172 -0.025135 0.005712
v 0.006672 -0.027097 0.006152
v 0.008005 -0.027286 0.006411
v 0.008343 -0.026774 0.006260
v 0.008988 -0.025982 0.006091
v 0.009094 -0.026990 0.006369
v 0.009236 -0.027769 0.006452
v 0.009120 -0.028042 0.006551
v 0.010301 -0.025537 0.005756
v 0.010014 -0.026366 0.006306
v 0.010010 -0.026955 0.006570
v 0.007604 -0.028360 0.006930
v 0.007002 -0.029040 0.007118
v 0.007341 -0.029430 0.007370
v 0.007540 -0.031009 0.008168
v 0.008744 -0.028993 0.007273
v 0.008470 -0.030098 0.007639
v 0.011166 -0.026262 0.006483
v 0.010735 -0.027108 0.006818
v 0.010308 -0.028220 0.007098
v 0.011963 -0.027483 0.007090
v 0.012421 -0.026510 0.006572
v 0.010182 -0.029261 0.007708
v 0.011470 -0.028678 0.007334
v 0.009634 -0.030383 0.008155
v 0.011316 -0.029659 0.008071
v 0.010732 -0.030819 0.008429
v 0.009268 -0.031100 0.008577
v 0.010332 -0.026063 0.008673
v 0.010192 -0.027901 0.009563
v 0.010547 -0.029422 0.010616
v 0.013980 -0.025998 0.006967
v 0.013578 -0.026802 0.007176
v 0.014223 -0.028259 0.008043
v 0.012633 -0.028960 0.008000
v 0.013323 -0.026194 0.009357
v 0.015731 -0.023587 0.008739
v 0.012915 -0.028793 0.010808
v 0.015189 -0.026413 0.010011
v 0.011638 -0.031146 0.008976
v 0.013294 -0.030410 0.009018
v 0.012714 -0.031603 0.009446
v 0.010882 -0.030704 0.011707
v 0.006722 -0.032017 0.008476
v 0.005863 -0.032711 0.008999
v 0.007926 -0.032348 0.009125
v 0.007364 -0.033152 0.009685
v 0.005377 -0.033809 0.009511
v 0.004852 -0.034135 0.009972
v 0.005778 -0.034561 0.010617
v 0.006506 -0.034042 0.010159
v 0.007293 -0.034968 0.010857
v 0.008345 -0.033900 0.010465
v 0.006681 -0.035493 0.011654
v 0.010203 -0.031820 0.009220
v 0.009231 -0.033025 0.009734
v 0.007771 -0.031685 0.011764
v 0.010953 -0.031916 0.012838
v 0.006291 -0.035854 0.011990
v 0.008582 -0.035011 0.011587
v 0.007486 -0.036320 0.012931
v 0.008605 -0.035973 0.012829
v 0.008334 -0.034573 0.015146
v 0.009969 -0.033443 0.014201
v 0.010285 -0.033266 0.010336
v 0.012114 -0.032509 0.010221
v 0.011521 -0.033503 0.010739
v 0.010522 -0.034417 0.011630
v 0.009487 -0.035472 0.012163
v 0.009507 -0.036159 0.013438
v 0.012456 -0.034017 0.011840
v 0.012642 -0.035172 0.013384
v 0.010868 -0.035324 0.012843
v 0.011208 -0.035767 0.013507
v 0.014957 -0.028144 0.011050
v 0.014027 -0.029908 0.012104
v 0.006498 -0.035287 0.015734
v 0.014537 -0.031078 0.013436
v 0.012124 -0.032753 0.014247
v 0.014001 -0.033250 0.015916
v 0.014732 -0.031936 0.014538
v 0.009170 -0.037150 0.014747
v 0.011173 -0.036621 0.014818
v 0.012005 -0.035949 0.013906
v 0.011417 -0.033999 0.015624
v 0.010418 -0.034935 0.016737
v 0.013280 -0.034341 0.017562
v 0.011050 -0.035319 0.018119
v 0.013552 -0.034795 0.019275
v -0.014470 -0.032616 0.010996
v -0.014105 -0.033503 0.012114
v -0.015195 -0.033996 0.013256
v -0.013260 -0.032187 0.010443
v -0.013146 -0.033443 0.011637
v -0.012406 -0.032917 0.010854
v -0.012907 -0.034748 0.012634
v -0.013453 -0.031909 0.014043
v -0.015447 -0.035099 0.014208
v -0.014397 -0.034839 0.013796
v -0.015273 -0.035533 0.015301
v -0.015060 -0.035300 0.014341
v -0.014239 -0.035545 0.014718
v -0.013849 -0.034776 0.013479
v -0.012280 -0.035680 0.014015
v -0.011540 -0.034030 0.011624
v -0.011928 -0.034683 0.012427
v -0.009181 -0.033584 0.010493
v -0.010301 -0.034224 0.011082
v -0.011469 -0.035424 0.013259
v -0.010362 -0.034884 0.012155
v -0.009077 -0.034660 0.011530
v -0.009988 -0.035916 0.013309
v -0.010699 -0.036695 0.014206
v -0.009182 -0.035450 0.012350
v -0.007238 -0.034118 0.010494
v -0.007729 -0.035005 0.011540
v -0.008137 -0.036061 0.012482
v -0.006070 -0.033945 0.010156
v -0.006139 -0.035032 0.010815
v -0.007035 -0.035517 0.011911
v -0.009124 -0.036201 0.013357
v -0.008518 -0.036630 0.013840
v -0.007196 -0.036500 0.013117
v -0.005317 -0.035486 0.011524
v -0.004256 -0.036153 0.012117
v -0.013400 -0.033126 0.015553
v -0.011924 -0.033200 0.014884
v -0.009448 -0.033103 0.013776
v -0.013575 -0.036809 0.016091
v -0.012346 -0.036323 0.015024
v -0.010646 -0.034654 0.016481
v -0.011271 -0.035170 0.018054
v -0.013630 -0.034476 0.018485
v -0.008833 -0.034758 0.015751
v -0.011869 -0.036950 0.015834
v -0.009594 -0.036818 0.014384
v -0.010004 -0.037301 0.015283
v -0.012426 -0.035326 0.020004
v -0.009604 -0.035988 0.019135
v -0.008398 -0.035659 0.017338
v -0.010538 -0.036112 0.021365
v -0.007765 -0.036687 0.020559
v -0.013470 -0.037356 0.017765
v -0.012837 -0.037216 0.016782
v -0.014577 -0.036818 0.017433
v -0.011535 -0.038199 0.017688
v -0.012397 -0.038083 0.018581
v -0.014094 -0.037705 0.019082
v -0.013535 -0.038132 0.019336
v -0.010193 -0.038065 0.016942
v -0.008920 -0.038107 0.015836
v -0.010368 -0.038565 0.018414
v -0.012642 -0.038481 0.020375
v -0.013303 -0.038596 0.022225
v -0.011736 -0.039228 0.021249
v -0.010976 -0.038707 0.019668
v -0.008859 -0.038691 0.017793
v -0.009070 -0.039347 0.019096
v -0.010233 -0.039157 0.020544
v -0.008894 -0.039433 0.019396
v -0.011905 -0.039170 0.022644
v -0.009855 -0.039503 0.021784
v -0.010607 -0.039497 0.022572
v -0.008286 -0.039692 0.020887
v -0.006368 -0.034596 0.014762
v -0.008170 -0.037483 0.014996
v -0.006443 -0.036987 0.013530
v -0.007292 -0.037329 0.014349
v -0.006223 -0.037727 0.014175
v -0.005918 -0.035695 0.016330
v -0.007873 -0.038421 0.016441
v -0.006679 -0.038053 0.015406
v -0.006723 -0.038436 0.016138
v -0.005486 -0.036744 0.013154
v -0.002684 -0.036072 0.011754
v -0.002263 -0.035561 0.011161
v -0.003180 -0.036773 0.012359
v -0.003606 -0.034979 0.014719
v -0.005761 -0.037560 0.013980
v -0.004000 -0.037010 0.013160
v -0.004833 -0.037485 0.014070
v -0.005332 -0.038075 0.015037
v -0.004461 -0.038043 0.014851
v -0.005108 -0.038544 0.015918
v -0.002446 -0.038227 0.014883
v -0.002373 -0.037304 0.013373
v -0.003657 -0.038847 0.015632
v -0.005329 -0.036509 0.017979
v -0.007196 -0.036529 0.019202
v -0.005032 -0.037060 0.019955
v -0.003969 -0.036823 0.018424
v -0.003116 -0.036091 0.016451
v -0.001006 -0.035728 0.015576
v -0.002229 -0.036534 0.017255
v -0.001169 -0.037026 0.018492
v -0.007380 -0.038831 0.017058
v -0.005788 -0.039062 0.016981
v -0.007777 -0.039141 0.018383
v -0.006603 -0.039187 0.017080
v -0.007039 -0.039435 0.018947
v -0.005718 -0.039429 0.017988
v -0.007517 -0.039751 0.020373
v -0.006300 -0.039977 0.020378
v -0.005193 -0.039994 0.019951
v -0.005198 -0.039693 0.018786
v -0.004559 -0.039166 0.017107
v -0.004196 -0.039580 0.018034
v -0.003200 -0.039683 0.018173
v -0.002529 -0.039276 0.016852
v -0.003877 -0.040255 0.019122
v -0.002191 -0.039954 0.018754
v -0.002998 -0.040196 0.019363
v -0.001571 -0.035317 0.010589
v -0.001526 -0.036534 0.012380
v -0.000732 -0.035466 0.010998
v -0.000389 -0.036380 0.012154
v 0.000897 -0.036106 0.011708
v -0.000184 -0.037407 0.013419
v -0.000019 -0.037391 0.013455
v 0.001145 -0.036944 0.012362
v 0.001059 -0.037737 0.014084
v -0.001599 -0.037674 0.013729
v -0.001281 -0.038197 0.014184
v -0.001736 -0.038722 0.015797
v 0.000319 -0.038313 0.014895
v 0.002151 -0.036022 0.011687
v 0.002616 -0.036663 0.012522
v 0.002618 -0.037300 0.013455
v 0.002931 -0.035694 0.011038
v 0.003730 -0.036144 0.012030
v 0.003242 -0.036831 0.012816
v 0.004920 -0.036756 0.012912
v 0.000973 -0.035836 0.015753
v 0.000480 -0.036667 0.017403
v 0.002874 -0.036240 0.016704
v -0.001559 -0.039733 0.017311
v -0.000964 -0.038950 0.016152
v -0.000692 -0.038468 0.015066
v 0.000236 -0.039115 0.016260
v 0.001148 -0.039037 0.015754
v -0.000307 -0.039731 0.017725
v 0.002922 -0.037857 0.014290
v 0.003925 -0.037626 0.013503
v 0.004610 -0.038045 0.014835
v 0.004246 -0.035592 0.015702
v 0.002602 -0.038523 0.015475
v 0.001451 -0.039611 0.017707
v 0.002702 -0.039145 0.016675
v 0.002907 -0.039606 0.017857
v 0.005383 -0.038091 0.015101
v 0.003641 -0.038877 0.016186
v 0.005176 -0.038886 0.016526
v -0.000931 -0.040071 0.019126
v 0.000408 -0.040114 0.018919
v 0.006101 -0.036564 0.012546
v 0.005276 -0.037124 0.013535
v 0.006982 -0.036972 0.013727
v 0.007122 -0.037510 0.014660
v 0.006257 -0.038438 0.015594
v 0.008219 -0.036881 0.013603
v -0.012165 -0.035767 0.024637
v -0.008859 -0.036655 0.022882
v -0.012764 -0.038982 0.023344
v -0.013570 -0.038975 0.024825
v -0.012929 -0.039177 0.024618
v -0.011347 -0.039624 0.024690
v -0.012350 -0.039659 0.025276
v -0.012180 -0.039761 0.025744
v -0.012787 -0.039384 0.026509
v -0.009364 -0.040181 0.023410
v -0.010631 -0.039758 0.024417
v -0.008372 -0.040144 0.023035
v -0.010514 -0.039936 0.026271
v -0.008685 -0.040268 0.025200
v -0.007871 -0.040370 0.024322
v -0.011157 -0.036152 0.026441
v -0.010260 -0.036747 0.028853
v -0.008411 -0.036864 0.026579
v -0.013322 -0.039176 0.026884
v -0.012357 -0.039469 0.027774
v -0.011200 -0.039832 0.027223
v -0.013004 -0.039388 0.028766
v -0.011121 -0.039918 0.028574
v -0.005863 -0.037232 0.022480
v -0.009792 -0.040475 0.027978
v -0.009102 -0.040305 0.026633
v -0.008229 -0.040500 0.027196
v -0.008117 -0.040682 0.028925
v -0.002079 -0.037327 0.019905
v -0.003373 -0.037425 0.021303
v -0.002434 -0.037599 0.022659
v -0.000204 -0.037600 0.021618
v -0.006936 -0.040202 0.021015
v -0.005600 -0.040182 0.020854
v -0.006530 -0.040408 0.021487
v -0.007757 -0.040092 0.022193
v -0.006896 -0.040362 0.021660
v -0.006513 -0.040434 0.023269
v -0.005442 -0.040532 0.022603
v -0.005906 -0.040727 0.024795
v -0.004783 -0.040232 0.020869
v -0.003019 -0.040407 0.020855
v -0.001795 -0.040322 0.020133
v -0.003566 -0.040617 0.022103
v -0.002825 -0.040836 0.022956
v -0.002314 -0.040735 0.021932
v -0.001486 -0.040826 0.021379
v -0.001206 -0.040907 0.023171
v -0.004240 -0.041024 0.023804
v -0.004103 -0.041005 0.023381
v -0.003493 -0.037600 0.026059
v -0.006576 -0.037193 0.026365
v -0.007090 -0.040854 0.025556
v -0.006793 -0.040960 0.026190
v -0.007186 -0.040741 0.027173
v -0.004982 -0.040835 0.024982
v -0.005381 -0.040996 0.027053
v -0.005933 -0.040937 0.028312
v -0.004168 -0.041080 0.026687
v -0.004453 -0.041353 0.028018
v -0.000457 -0.037718 0.025461
v -0.002997 -0.041031 0.024382
v -0.002137 -0.041133 0.024810
v -0.003095 -0.041121 0.025967
v -0.002902 -0.041223 0.027028
v -0.002146 -0.041285 0.027027
v -0.001706 -0.041466 0.025928
v -0.000105 -0.041141 0.024940
v -0.009674 -0.037490 0.030999
v -0.007519 -0.037432 0.029056
v -0.007662 -0.040900 0.029437
v -0.006229 -0.038271 0.031290
v -0.008751 -0.038314 0.032652
v -0.004273 -0.038300 0.030553
v -0.009468 -0.038801 0.033751
v -0.005782 -0.038872 0.032728
v -0.006293 -0.039386 0.033655
v -0.004464 -0.037761 0.028338
v -0.001814 -0.037817 0.027314
v -0.001718 -0.038225 0.029524
v -0.005764 -0.040993 0.028920
v -0.004368 -0.041178 0.029268
v -0.005047 -0.041130 0.030333
v -0.002877 -0.041342 0.030715
v -0.002802 -0.041329 0.029064
v 0.000594 -0.037797 0.026851
v 0.000061 -0.038043 0.028564
v 0.002299 -0.037708 0.026710
v -0.001646 -0.041303 0.028391
v -0.000207 -0.041328 0.027085
v -0.001803 -0.041566 0.029957
v 0.000282 -0.041394 0.029019
v -0.001276 -0.041575 0.030168
v -0.000418 -0.041431 0.029607
v -0.004062 -0.038988 0.032516
v -0.004006 -0.039277 0.033121
v -0.005666 -0.039754 0.033966
v -0.001329 -0.038895 0.031783
v -0.002474 -0.039497 0.033277
v 0.001230 -0.038721 0.031337
v -0.001796 -0.041391 0.031408
v -0.000184 -0.041455 0.031056
v -0.000255 -0.039373 0.032903
v -0.002285 -0.041317 0.032816
v 0.001549 -0.041462 0.032610
v 0.001297 -0.041535 0.031769
v -0.012243 -0.039914 0.029829
v -0.010603 -0.040075 0.029244
v -0.011699 -0.039845 0.031262
v -0.010909 -0.040047 0.030535
v -0.009097 -0.040442 0.030161
v -0.011524 -0.039818 0.033179
v -0.010727 -0.040121 0.032219
v -0.009404 -0.040645 0.031796
v -0.009902 -0.040202 0.033374
v -0.008916 -0.040488 0.029620
v -0.007831 -0.040745 0.031109
v -0.007670 -0.040695 0.032881
v -0.006754 -0.041053 0.030254
v -0.005865 -0.041049 0.031092
v -0.010723 -0.038562 0.033836
v -0.010811 -0.039171 0.034178
v -0.009662 -0.039935 0.033964
v -0.009680 -0.039088 0.034033
v -0.008092 -0.039554 0.034084
v -0.008948 -0.039812 0.034123
v -0.007881 -0.040445 0.033794
v -0.005465 -0.041010 0.033086
v -0.007271 -0.040266 0.034080
v -0.005834 -0.040164 0.034112
v -0.005158 -0.040716 0.033967
v -0.004183 -0.041424 0.031650
v -0.003605 -0.041200 0.033220
v -0.002714 -0.040582 0.034111
v -0.002166 -0.040999 0.033884
v -0.000395 -0.041228 0.033537
v 0.000262 -0.037306 0.019537
v 0.002794 -0.036868 0.018267
v 0.001880 -0.037344 0.020017
v 0.005628 -0.036241 0.017387
v 0.005567 -0.036735 0.018868
v 0.002498 -0.039937 0.018716
v 0.004097 -0.039463 0.017012
v 0.003581 -0.039816 0.018779
v 0.005318 -0.039474 0.018209
v 0.003683 -0.037195 0.019840
v 0.005902 -0.036979 0.020190
v 0.002555 -0.037541 0.022181
v 0.004982 -0.037345 0.022744
v 0.000237 -0.040296 0.019839
v -0.000049 -0.040587 0.021063
v 0.001250 -0.040328 0.019052
v 0.001317 -0.040473 0.020851
v 0.000159 -0.040872 0.022378
v 0.003133 -0.040343 0.020482
v 0.004799 -0.040163 0.020476
v 0.002606 -0.040791 0.022684
v 0.001047 -0.041134 0.023372
v 0.001870 -0.041145 0.024164
v 0.001814 -0.041162 0.025647
v 0.004198 -0.040630 0.021415
v 0.005641 -0.040147 0.020973
v 0.005211 -0.040606 0.023136
v 0.003096 -0.041056 0.024816
v 0.004999 -0.040852 0.024966
v 0.008169 -0.038084 0.016088
v 0.007335 -0.038608 0.016747
v 0.008247 -0.035650 0.017104
v 0.007506 -0.036396 0.018746
v 0.009497 -0.035743 0.018116
v 0.006996 -0.039679 0.019310
v 0.007268 -0.039185 0.018253
v 0.008687 -0.038697 0.017147
v 0.008368 -0.039171 0.019050
v 0.009666 -0.038735 0.018502
v 0.009267 -0.038087 0.016489
v 0.010332 -0.037503 0.015592
v 0.012371 -0.036773 0.015827
v 0.010741 -0.038194 0.017888
v 0.011454 -0.037451 0.016449
v 0.012492 -0.037671 0.017410
v 0.008934 -0.036320 0.019673
v 0.010425 -0.036213 0.021891
v 0.008193 -0.036779 0.022278
v 0.009445 -0.039300 0.020523
v 0.007918 -0.039691 0.020556
v 0.008550 -0.039891 0.021652
v 0.007164 -0.040267 0.022796
v 0.009910 -0.039651 0.022588
v 0.012022 -0.038118 0.018724
v 0.011636 -0.035639 0.020110
v 0.010775 -0.038901 0.019385
v 0.011830 -0.038736 0.020627
v 0.011854 -0.039072 0.022512
v 0.013709 -0.037892 0.020020
v 0.006579 -0.040691 0.023905
v 0.005054 -0.037400 0.026168
v 0.007442 -0.037019 0.026200
v 0.006785 -0.037368 0.028014
v 0.001396 -0.041307 0.026801
v 0.002588 -0.041228 0.027010
v 0.001160 -0.041559 0.027890
v 0.002137 -0.041359 0.028972
v 0.003580 -0.041224 0.025748
v 0.006045 -0.040735 0.025336
v 0.005497 -0.040932 0.026689
v 0.004588 -0.041061 0.027610
v 0.007442 -0.040596 0.026763
v 0.006306 -0.041053 0.027734
v 0.003058 -0.038044 0.029141
v 0.003577 -0.038564 0.031168
v 0.005579 -0.038016 0.030102
v 0.002168 -0.041357 0.030493
v 0.002969 -0.041288 0.028924
v 0.003810 -0.041425 0.030093
v 0.002802 -0.041355 0.031166
v 0.005042 -0.041157 0.031013
v 0.009067 -0.036876 0.028031
v 0.005267 -0.041058 0.029162
v 0.007538 -0.040690 0.028861
v 0.007601 -0.040750 0.030733
v 0.009364 -0.036559 0.025165
v 0.012385 -0.035664 0.023812
v 0.011832 -0.035917 0.026525
v 0.014337 -0.034847 0.021806
v 0.011074 -0.039678 0.023670
v 0.013093 -0.038582 0.021128
v 0.009922 -0.039928 0.024783
v 0.012237 -0.039269 0.025068
v 0.013881 -0.038390 0.022691
v 0.012637 -0.039030 0.024165
v 0.014391 -0.034982 0.025682
v 0.012346 -0.039350 0.026904
v 0.010546 -0.039880 0.026451
v 0.013517 -0.039056 0.025612
v 0.014402 -0.038481 0.024658
v 0.014237 -0.038743 0.026882
v 0.013845 -0.038920 0.028555
v 0.007947 -0.040388 0.024931
v 0.008956 -0.040374 0.025816
v 0.009759 -0.040101 0.026870
v 0.008671 -0.040684 0.029949
v 0.009554 -0.040206 0.028733
v 0.011219 -0.039908 0.027613
v 0.012122 -0.039545 0.028709
v 0.017831 -0.015198 0.004357
v 0.018466 -0.014229 0.004286
v 0.019133 -0.016531 0.005102
v 0.019444 -0.015635 0.005013
v 0.017916 -0.016520 0.004550
v 0.019722 -0.014287 0.004461
v 0.020088 -0.015419 0.005127
v 0.020217 -0.016712 0.005252
v 0.016273 -0.019526 0.005207
v 0.017929 -0.017755 0.005122
v 0.018041 -0.019090 0.005249
v 0.019166 -0.017725 0.005489
v 0.020157 -0.017831 0.005706
v 0.018993 -0.018846 0.005613
v 0.017784 -0.020048 0.005641
v 0.018987 -0.019504 0.005856
v 0.020110 -0.018826 0.005720
v 0.020198 -0.019155 0.005808
v 0.020114 -0.020138 0.006338
v 0.016503 -0.020975 0.005587
v 0.015596 -0.021739 0.005722
v 0.017251 -0.022413 0.006354
v 0.016421 -0.023075 0.006359
v 0.017580 -0.021251 0.005733
v 0.018841 -0.021188 0.006409
v 0.016755 -0.023407 0.006545
v 0.017831 -0.022263 0.006429
v 0.017934 -0.023627 0.006568
v 0.015268 -0.024066 0.006387
v 0.016205 -0.024239 0.006787
v 0.015171 -0.025086 0.006613
v 0.016148 -0.025804 0.007405
v 0.017045 -0.024641 0.007144
v 0.017880 -0.024802 0.007401
v 0.017697 -0.026004 0.007674
v 0.020220 -0.021405 0.006541
v 0.019312 -0.022188 0.006855
v 0.019122 -0.022681 0.006990
v 0.019069 -0.023907 0.007351
v 0.018754 -0.026023 0.008152
v 0.020028 -0.024899 0.008164
v 0.015065 -0.026047 0.007157
v 0.014830 -0.027207 0.007453
v 0.013809 -0.029408 0.008398
v 0.015863 -0.027522 0.008012
v 0.017207 -0.026921 0.008117
v 0.015961 -0.029013 0.008962
v 0.016856 -0.028047 0.008394
v 0.016974 -0.029048 0.009337
v 0.015239 -0.029602 0.009132
v 0.013929 -0.031590 0.010068
v 0.016618 -0.030170 0.009686
v 0.015271 -0.030704 0.009875
v 0.015291 -0.031822 0.010530
v 0.015844 -0.030956 0.010228
v 0.018036 -0.027948 0.009042
v 0.014070 -0.032676 0.011185
v 0.012837 -0.033508 0.011378
v 0.013809 -0.033943 0.011920
v 0.014516 -0.033004 0.011665
v 0.015735 -0.032819 0.012179
v 0.013225 -0.034768 0.013176
v 0.018949 -0.016650 0.007376
v 0.021065 -0.015052 0.005396
v 0.020813 -0.013931 0.007316
v 0.022500 -0.016090 0.008373
v 0.018586 -0.020673 0.008441
v 0.020837 -0.018786 0.008570
v 0.020837 -0.018786 0.008570
v 0.022531 -0.015000 0.005782
v 0.021482 -0.016229 0.005774
v 0.021161 -0.017436 0.005999
v 0.022791 -0.016290 0.005965
v 0.022619 -0.017414 0.006362
v 0.024075 -0.015935 0.006575
v 0.025230 -0.015350 0.006634
v 0.023672 -0.017395 0.006835
v 0.021349 -0.018471 0.006303
v 0.021507 -0.019063 0.006520
v 0.021122 -0.020143 0.006758
v 0.022814 -0.018700 0.006512
v 0.022663 -0.018922 0.006568
v 0.022339 -0.019902 0.007025
v 0.024024 -0.018513 0.007263
v 0.024263 -0.017859 0.007131
v 0.023062 -0.019774 0.007236
v 0.025292 -0.016478 0.009670
v 0.022727 -0.018213 0.009107
v 0.024300 -0.019785 0.010465
v 0.021623 -0.020947 0.009678
v 0.021623 -0.020947 0.009678
v 0.019506 -0.023225 0.009837
v 0.017342 -0.024800 0.009852
v 0.020299 -0.022473 0.007223
v 0.021135 -0.022235 0.007488
v 0.020276 -0.023777 0.007507
v 0.021439 -0.021251 0.007145
v 0.022759 -0.021093 0.007298
v 0.021337 -0.023674 0.008013
v 0.022272 -0.022302 0.007873
v 0.023449 -0.022211 0.008398
v 0.022509 -0.023486 0.008248
v 0.019722 -0.026127 0.008466
v 0.022244 -0.024882 0.009083
v 0.020883 -0.025592 0.008848
v 0.020612 -0.026556 0.009280
v 0.019772 -0.025021 0.010990
v 0.022145 -0.026140 0.009442
v 0.022853 -0.022675 0.011188
v 0.022853 -0.022675 0.011188
v 0.021888 -0.025125 0.012249
v 0.025304 -0.016478 0.007103
v 0.024942 -0.018973 0.007722
v 0.025577 -0.017809 0.007300
v 0.024047 -0.020655 0.007996
v 0.025520 -0.020138 0.008156
v 0.026225 -0.014993 0.007105
v 0.026588 -0.016629 0.007741
v 0.027380 -0.015718 0.007812
v 0.026792 -0.017437 0.008040
v 0.027904 -0.016948 0.008291
v 0.029026 -0.016305 0.008911
v 0.027901 -0.018141 0.008933
v 0.025077 -0.021409 0.008778
v 0.025807 -0.018847 0.008046
v 0.026588 -0.019816 0.008861
v 0.027315 -0.020599 0.009684
v 0.025996 -0.021215 0.009235
v 0.026665 -0.017360 0.010824
v 0.028001 -0.019410 0.009247
v 0.029029 -0.018609 0.009843
v 0.028257 -0.019731 0.009506
v 0.030028 -0.017297 0.009972
v 0.027958 -0.019848 0.009385
v 0.028532 -0.020426 0.010498
v 0.028247 -0.020900 0.010511
v 0.029183 -0.019274 0.010284
v 0.025132 -0.023042 0.009286
v 0.023781 -0.023479 0.009109
v 0.023280 -0.025315 0.009919
v 0.023261 -0.026365 0.010664
v 0.025880 -0.022223 0.009566
v 0.026746 -0.022093 0.010137
v 0.024736 -0.023981 0.009918
v 0.026028 -0.024417 0.011179
v 0.025446 -0.024178 0.010515
v 0.025696 -0.020430 0.011677
v 0.025815 -0.022043 0.012781
v 0.024925 -0.025298 0.010553
v 0.024494 -0.026353 0.011447
v 0.023179 -0.024826 0.012883
v 0.023179 -0.024826 0.012883
v 0.025724 -0.025685 0.011916
v 0.025075 -0.027248 0.012699
v 0.026066 -0.026500 0.012749
v 0.027500 -0.021436 0.010231
v 0.028044 -0.022288 0.010817
v 0.029098 -0.021544 0.011584
v 0.029098 -0.021544 0.011584
v 0.027176 -0.022878 0.010846
v 0.027644 -0.023286 0.011561
v 0.027546 -0.024656 0.012184
v 0.027546 -0.024656 0.012184
v 0.026614 -0.025340 0.012273
v 0.027022 -0.025675 0.013008
v 0.027022 -0.025675 0.013008
v 0.028063 -0.015309 0.010914
v 0.028274 -0.017610 0.012090
v 0.028445 -0.019616 0.013396
v 0.030483 -0.015794 0.009385
v 0.031515 -0.015505 0.010320
v 0.031515 -0.015505 0.010320
v 0.030218 -0.016394 0.013159
v 0.032603 -0.015943 0.011559
v 0.030994 -0.017213 0.010766
v 0.030994 -0.017213 0.010766
v 0.031891 -0.016431 0.011145
v 0.031257 -0.017842 0.011297
v 0.032674 -0.017231 0.011800
v 0.031344 -0.018214 0.011623
v 0.029863 -0.019633 0.011060
v 0.029863 -0.019633 0.011060
v 0.030328 -0.018707 0.010499
v 0.030328 -0.018707 0.010499
v 0.030256 -0.019407 0.011196
v 0.029964 -0.020240 0.011475
v 0.029964 -0.020240 0.011475
v 0.032571 -0.017551 0.011990
v 0.032637 -0.018034 0.012761
v 0.032306 -0.018636 0.012853
v 0.030737 -0.019716 0.011971
v 0.030326 -0.021024 0.012018
v 0.031240 -0.020330 0.012901
v 0.032155 -0.015461 0.014697
v 0.030584 -0.017708 0.014332
v 0.033170 -0.013346 0.014810
v 0.029452 -0.020414 0.015072
v 0.031781 -0.017669 0.015855
v 0.027560 -0.022418 0.014673
v 0.025652 -0.023401 0.013711
v 0.024650 -0.025483 0.014670
v 0.024650 -0.025483 0.014670
v 0.025875 -0.024775 0.015206
v 0.028322 -0.023093 0.012098
v 0.028322 -0.023093 0.012098
v 0.029918 -0.022100 0.012834
v 0.028687 -0.023388 0.012665
v 0.030831 -0.021274 0.013180
v 0.030963 -0.022533 0.014363
v 0.029842 -0.023565 0.013536
v 0.028722 -0.024256 0.013441
v 0.027440 -0.025737 0.013503
v 0.027644 -0.026405 0.014319
v 0.028751 -0.026148 0.014933
v 0.029396 -0.024747 0.014687
v 0.030367 -0.024214 0.015429
v 0.028608 -0.026340 0.015089
v 0.027362 -0.024225 0.016452
v 0.029004 -0.022030 0.016136
v 0.031528 -0.021429 0.014041
v 0.032366 -0.020526 0.014298
v 0.031356 -0.022626 0.014926
v 0.031524 -0.023483 0.016158
v 0.030659 -0.020394 0.016911
v 0.032000 -0.018816 0.017493
v 0.029807 -0.022319 0.017990
v 0.030413 -0.024640 0.015863
v 0.029685 -0.025485 0.015871
v 0.029105 -0.026695 0.016789
v 0.030810 -0.025383 0.017646
v 0.030382 -0.025262 0.016674
v 0.031297 -0.024571 0.016645
v 0.027695 -0.024805 0.017966
v 0.016965 -0.027005 0.011024
v 0.019179 -0.026778 0.011923
v 0.016895 -0.028953 0.012550
v 0.016588 -0.031856 0.011569
v 0.017365 -0.030523 0.010662
v 0.016654 -0.030589 0.014043
v 0.018605 -0.029016 0.013544
v 0.019314 -0.027225 0.009126
v 0.018080 -0.029424 0.010111
v 0.019145 -0.028333 0.009553
v 0.019021 -0.029125 0.010269
v 0.020239 -0.028081 0.010072
v 0.021496 -0.027044 0.009953
v 0.021604 -0.028001 0.010500
v 0.020623 -0.028926 0.011047
v 0.019894 -0.029680 0.011262
v 0.017659 -0.029973 0.010281
v 0.018964 -0.030343 0.010922
v 0.017984 -0.031386 0.011854
v 0.019855 -0.030423 0.011864
v 0.021045 -0.030259 0.012240
v 0.021434 -0.028997 0.011637
v 0.020368 -0.031244 0.013213
v 0.020762 -0.027241 0.013259
v 0.022908 -0.026996 0.014662
v 0.020360 -0.028663 0.014384
v 0.018464 -0.030497 0.015138
v 0.021796 -0.028827 0.015881
v 0.015094 -0.033466 0.012531
v 0.014678 -0.033983 0.012872
v 0.016150 -0.033994 0.013529
v 0.016725 -0.033347 0.013136
v 0.013245 -0.035886 0.014705
v 0.015097 -0.035023 0.014669
v 0.014136 -0.036195 0.015510
v 0.017299 -0.033996 0.014599
v 0.016067 -0.035236 0.015710
v 0.017520 -0.032566 0.012459
v 0.018537 -0.032450 0.013352
v 0.016412 -0.032075 0.015816
v 0.015437 -0.033505 0.017687
v 0.017560 -0.032072 0.016888
v 0.018062 -0.032435 0.018333
v 0.015364 -0.036075 0.016627
v 0.013454 -0.036816 0.016617
v 0.016856 -0.035901 0.017252
v 0.015840 -0.033953 0.019865
v 0.015764 -0.036527 0.018106
v 0.020044 -0.032374 0.013934
v 0.019195 -0.033140 0.014670
v 0.021039 -0.032130 0.014836
v 0.018780 -0.033869 0.015169
v 0.019845 -0.033737 0.016343
v 0.019620 -0.030979 0.016976
v 0.021569 -0.032881 0.016435
v 0.021093 -0.033609 0.017111
v 0.017588 -0.034844 0.016225
v 0.018243 -0.035325 0.017909
v 0.019392 -0.034695 0.017920
v 0.017171 -0.036171 0.019089
v 0.022158 -0.026988 0.010334
v 0.022566 -0.027888 0.011336
v 0.024016 -0.027614 0.011738
v 0.021850 -0.030082 0.012915
v 0.022980 -0.028749 0.012486
v 0.024482 -0.028356 0.013416
v 0.023771 -0.028526 0.012878
v 0.023544 -0.029684 0.013485
v 0.022557 -0.029965 0.013318
v 0.022803 -0.030673 0.014560
v 0.022223 -0.031481 0.014984
v 0.022896 -0.031455 0.015649
v 0.022311 -0.032145 0.015609
v 0.024369 -0.029735 0.014845
v 0.022841 -0.028977 0.017422
v 0.023927 -0.027418 0.016285
v 0.021103 -0.030638 0.018438
v 0.023060 -0.029599 0.019687
v 0.021762 -0.030618 0.019999
v 0.023485 -0.029524 0.021089
v 0.017941 -0.032889 0.019875
v 0.016932 -0.033696 0.022042
v 0.019816 -0.031877 0.019970
v 0.019553 -0.032322 0.022464
v 0.019184 -0.035437 0.018964
v 0.020179 -0.034578 0.018774
v 0.018121 -0.036103 0.020304
v 0.020055 -0.035105 0.020274
v 0.018525 -0.036406 0.022349
v 0.021859 -0.033445 0.018251
v 0.021598 -0.034080 0.019821
v 0.021419 -0.034764 0.021192
v 0.017340 -0.033705 0.026519
v 0.022056 -0.030699 0.022151
v 0.020903 -0.031603 0.024820
v 0.020329 -0.035460 0.022412
v 0.021223 -0.034980 0.022831
v 0.022121 -0.034412 0.022263
v 0.021723 -0.034833 0.023714
v 0.020565 -0.035697 0.024509
v 0.025771 -0.027780 0.013825
v 0.025797 -0.028398 0.014688
v 0.025662 -0.026055 0.016620
v 0.025662 -0.026055 0.016620
v 0.025821 -0.029383 0.015519
v 0.024670 -0.030519 0.016326
v 0.023490 -0.031781 0.016853
v 0.023015 -0.031924 0.016575
v 0.024562 -0.031452 0.017238
v 0.025809 -0.029813 0.016747
v 0.025607 -0.030517 0.017734
v 0.025297 -0.031051 0.018268
v 0.026503 -0.027155 0.013380
v 0.026503 -0.027155 0.013380
v 0.026196 -0.028015 0.014718
v 0.026196 -0.028015 0.014718
v 0.027277 -0.026993 0.014601
v 0.026649 -0.028323 0.015631
v 0.026649 -0.028323 0.015631
v 0.027591 -0.027491 0.015718
v 0.026629 -0.029017 0.016527
v 0.026629 -0.029017 0.016527
v 0.027784 -0.028480 0.016900
v 0.026739 -0.029642 0.018035
v 0.026739 -0.029642 0.018035
v 0.025702 -0.026802 0.017982
v 0.025702 -0.026802 0.017982
v 0.027864 -0.025153 0.019329
v 0.025293 -0.027591 0.019004
v 0.025293 -0.027591 0.019004
v 0.025488 -0.027819 0.020650
v 0.025488 -0.027819 0.020650
v 0.025534 -0.031420 0.020054
v 0.026487 -0.030643 0.018874
v 0.028303 -0.027326 0.016457
v 0.027522 -0.029088 0.018330
v 0.028903 -0.027575 0.017813
v 0.028765 -0.028269 0.019384
v 0.030424 -0.026093 0.018097
v 0.030130 -0.026997 0.018561
v 0.027417 -0.029658 0.019382
v 0.027417 -0.029658 0.019382
v 0.026667 -0.030633 0.020457
v 0.027468 -0.029982 0.020621
v 0.027468 -0.029982 0.020621
v 0.022887 -0.032566 0.017851
v 0.023655 -0.032253 0.018252
v 0.023103 -0.033124 0.018929
v 0.023134 -0.033315 0.020545
v 0.023971 -0.032598 0.020074
v 0.025132 -0.032362 0.021228
v 0.023689 -0.033336 0.022030
v 0.026013 -0.031584 0.021791
v 0.027206 -0.030583 0.021920
v 0.027206 -0.030583 0.021920
v 0.022506 -0.033859 0.021107
v 0.023340 -0.033973 0.023138
v 0.033437 -0.016144 0.012633
v 0.033305 -0.017072 0.013043
v 0.034568 -0.015670 0.013392
v 0.035622 -0.014648 0.014562
v 0.034940 -0.016186 0.014596
v 0.034193 -0.016626 0.013854
v 0.034447 -0.016924 0.014359
v 0.033451 -0.018499 0.014217
v 0.032405 -0.019731 0.013438
v 0.033576 -0.019376 0.015152
v 0.034628 -0.017876 0.014891
v 0.033117 -0.021063 0.015941
v 0.031788 -0.022053 0.014678
v 0.032178 -0.021864 0.014859
v 0.032173 -0.022023 0.015067
v 0.032028 -0.022796 0.016209
v 0.032398 -0.023188 0.017405
v 0.032113 -0.023991 0.018150
v 0.014091 -0.037301 0.018370
v 0.015231 -0.037241 0.019044
v 0.014560 -0.037996 0.021960
v 0.016330 -0.036945 0.020239
v 0.017401 -0.036851 0.021123
v 0.016302 -0.037407 0.022356
v 0.015499 -0.038125 0.023406
v 0.016450 -0.037726 0.024580
v 0.017928 -0.036938 0.024266
v 0.017451 -0.037460 0.025789
v 0.016129 -0.037941 0.026568
v 0.019648 -0.036102 0.023212
v 0.019692 -0.036267 0.026535
v -0.023761 0.033788 0.023600
v -0.021969 0.034763 0.022389
v -0.021894 0.035054 0.023692
v -0.023387 0.034500 0.024733
v -0.022280 0.035042 0.025048
v -0.021015 0.035599 0.022482
v -0.019419 0.036050 0.021719
v -0.019616 0.035741 0.020930
v -0.018558 0.036470 0.020564
v -0.019956 0.036130 0.023984
v -0.018833 0.036612 0.023395
v -0.017771 0.036851 0.021688
v -0.017177 0.037223 0.022154
v -0.019602 0.032788 0.022355
v -0.017190 0.034143 0.024035
v -0.018463 0.033390 0.022134
v -0.019325 0.033010 0.027820
v -0.023345 0.034392 0.026992
v -0.022039 0.035273 0.026185
v -0.021052 0.036132 0.026608
v -0.020077 0.036250 0.025199
v -0.022321 0.035147 0.027889
v -0.021623 0.035799 0.027211
v -0.019689 0.036557 0.025914
v -0.019908 0.036519 0.027748
v -0.021667 0.035484 0.028526
v -0.018915 0.037150 0.024850
v -0.018698 0.037189 0.024594
v -0.017586 0.037330 0.023841
v -0.016440 0.037850 0.022645
v -0.017370 0.037595 0.025479
v -0.017831 0.037440 0.026193
v -0.017952 0.037427 0.027444
v -0.015592 0.038164 0.024249
v -0.023472 0.034781 0.028744
v -0.022758 0.034939 0.029871
v -0.022065 0.035327 0.029842
v -0.019553 0.037000 0.029224
v -0.019219 0.037110 0.028454
v -0.020349 0.036289 0.029600
v -0.020621 0.036091 0.028533
v -0.021325 0.036023 0.030697
v -0.022762 0.034833 0.030899
v -0.019313 0.036821 0.030365
v -0.018932 0.037324 0.029113
v -0.016648 0.038311 0.026724
v -0.015534 0.038362 0.025579
v -0.014926 0.038634 0.026306
v -0.015881 0.038435 0.027437
v -0.016843 0.038222 0.026969
v -0.016996 0.037884 0.028055
v -0.017543 0.037630 0.029354
v -0.015744 0.038408 0.028361
v -0.014861 0.038760 0.027654
v -0.015672 0.038489 0.029723
v -0.017833 0.034049 0.029929
v -0.017572 0.033914 0.027237
v -0.015718 0.034799 0.027954
v -0.017900 0.037495 0.030057
v -0.020724 0.036069 0.032625
v -0.021837 0.035452 0.032499
v -0.019625 0.036637 0.031735
v -0.018188 0.037333 0.031216
v -0.019120 0.037065 0.032921
v -0.017407 0.037748 0.032299
v -0.020893 0.035769 0.034726
v -0.018680 0.036986 0.034611
v -0.016731 0.038282 0.030646
v -0.017343 0.037937 0.030991
v -0.014768 0.039113 0.028846
v -0.014729 0.038723 0.030448
v -0.015549 0.038448 0.031985
v -0.016308 0.034883 0.030449
v -0.016011 0.035422 0.032065
v -0.016467 0.035748 0.033588
v -0.018954 0.034248 0.032837
v -0.013178 0.036615 0.032495
v -0.016512 0.037997 0.033776
v -0.019180 0.036463 0.035099
v -0.019257 0.035895 0.035303
v -0.018059 0.036909 0.035217
v -0.017179 0.036918 0.035344
v -0.014255 0.039106 0.032828
v -0.015959 0.038123 0.034631
v -0.014040 0.038840 0.034669
v -0.015337 0.036932 0.034885
v -0.017432 0.036293 0.035146
v -0.017766 0.035520 0.034307
v -0.015832 0.037878 0.035234
v -0.015195 0.037519 0.035303
v -0.014008 0.036823 0.033831
v -0.013680 0.038562 0.035276
v -0.011636 0.038868 0.035342
v -0.013230 0.037822 0.035045
v -0.032322 0.026732 0.031836
v -0.033592 0.025122 0.031990
v -0.033657 0.024912 0.034408
v -0.031993 0.026681 0.034879
v -0.032030 0.026832 0.034475
v -0.035292 0.022844 0.029992
v -0.033884 0.024753 0.029817
v -0.036233 0.021799 0.030617
v -0.035248 0.022843 0.031399
v -0.034024 0.024503 0.030709
v -0.034643 0.024033 0.032379
v -0.034927 0.023582 0.032633
v -0.035944 0.021798 0.032063
v -0.035395 0.022629 0.033094
v -0.036681 0.020612 0.031696
v -0.037182 0.019664 0.031017
v -0.037691 0.019225 0.032350
v -0.036918 0.020203 0.033316
v -0.037405 0.019135 0.034375
v -0.038022 0.018278 0.032821
v -0.036008 0.021579 0.034364
v -0.034779 0.023387 0.034399
v -0.033966 0.024212 0.034828
v -0.035730 0.021742 0.034757
v -0.034123 0.023495 0.035032
v -0.036911 0.019513 0.034869
v -0.036748 0.018824 0.034965
v -0.034068 0.022977 0.035012
v -0.034886 0.020977 0.034699
v -0.036813 0.018000 0.034809
v -0.035236 0.019924 0.034349
v -0.033188 0.023391 0.034668
v -0.038281 0.017634 0.031930
v -0.038922 0.016065 0.034234
v -0.038159 0.017268 0.034681
v -0.039083 0.014945 0.034752
v -0.037965 0.017180 0.034861
v -0.039658 0.012864 0.034852
v -0.039053 0.013233 0.034839
v -0.037485 0.014260 0.033385
v -0.036098 0.017196 0.033156
v -0.037250 0.016178 0.034387
v -0.036375 0.017787 0.034259
v -0.039662 0.014584 0.033160
v -0.040209 0.012509 0.034281
v -0.038764 0.012540 0.034451
v -0.030836 0.028205 0.027290
v -0.029634 0.029741 0.026786
v -0.026382 0.032141 0.025162
v -0.027650 0.031173 0.026251
v -0.025522 0.032658 0.024153
v -0.024480 0.033660 0.026150
v -0.025091 0.033126 0.025499
v -0.025598 0.033179 0.026681
v -0.026976 0.031833 0.027077
v -0.026017 0.032561 0.026037
v -0.028670 0.030375 0.027984
v -0.030078 0.029031 0.028480
v -0.028804 0.030313 0.029376
v -0.030041 0.029166 0.029842
v -0.028119 0.030921 0.030530
v -0.029494 0.030068 0.030784
v -0.028742 0.030431 0.032054
v -0.024938 0.033441 0.027593
v -0.026471 0.032313 0.028041
v -0.025572 0.032924 0.029176
v -0.024277 0.033873 0.027879
v -0.024516 0.033749 0.029654
v -0.024197 0.033951 0.030004
v -0.026935 0.031943 0.029700
v -0.025523 0.033358 0.030920
v -0.027589 0.031654 0.028657
v -0.026707 0.032083 0.030592
v -0.032150 0.026957 0.029670
v -0.031445 0.027964 0.028852
v -0.030868 0.028337 0.029693
v -0.033354 0.025418 0.029523
v -0.033062 0.026226 0.030641
v -0.027067 0.027409 0.028592
v -0.026055 0.028253 0.028010
v -0.028829 0.025796 0.029366
v -0.030183 0.024205 0.029214
v -0.031633 0.022545 0.029705
v -0.031021 0.028084 0.030920
v -0.030356 0.028874 0.031688
v -0.031379 0.028023 0.032522
v -0.030777 0.028349 0.033800
v -0.030840 0.024416 0.031927
v -0.029248 0.026053 0.031560
v -0.029995 0.026305 0.033609
v -0.031623 0.024524 0.033812
v -0.027494 0.027576 0.030985
v -0.028066 0.028105 0.033546
v -0.025806 0.029119 0.031060
v -0.024997 0.029322 0.029235
v -0.024858 0.033037 0.023231
v -0.024537 0.033436 0.024640
v -0.024815 0.029247 0.027226
v -0.021104 0.031922 0.024237
v -0.023528 0.030302 0.028082
v -0.021422 0.031780 0.028067
v -0.024046 0.030410 0.030710
v -0.022372 0.031581 0.030695
v -0.027627 0.031578 0.032756
v -0.027344 0.031615 0.031622
v -0.025964 0.032498 0.034601
v -0.026494 0.032248 0.033546
v -0.027819 0.031016 0.034593
v -0.026285 0.032458 0.032098
v -0.025133 0.033319 0.032116
v -0.024218 0.033937 0.031611
v -0.023557 0.034573 0.032869
v -0.024750 0.033535 0.033700
v -0.025882 0.029613 0.032598
v -0.026043 0.030085 0.033861
v -0.023754 0.031440 0.033056
v -0.023748 0.031941 0.034036
v -0.026580 0.031684 0.035097
v -0.023230 0.034380 0.034719
v -0.023874 0.033544 0.035191
v -0.021455 0.035086 0.035234
v -0.022751 0.033843 0.035256
v -0.025022 0.032826 0.035202
v -0.025888 0.031708 0.035225
v -0.028446 0.029777 0.035175
v -0.026728 0.030673 0.035116
v -0.024464 0.032111 0.034962
v -0.026511 0.030413 0.034809
v -0.023052 0.033108 0.035005
v -0.029691 0.029314 0.034483
v -0.029238 0.029455 0.035000
v -0.029042 0.028713 0.035096
v -0.028333 0.028727 0.034692
v -0.030727 0.027636 0.035078
v -0.031601 0.026486 0.035134
v -0.031053 0.026764 0.035107
v -0.031284 0.026006 0.034879
v -0.030171 0.026763 0.034529
v -0.020770 0.033056 0.032217
v -0.020127 0.032885 0.030154
v -0.021761 0.032869 0.033381
v -0.021287 0.033487 0.034082
v -0.021351 0.034134 0.034975
v -0.020184 0.034424 0.034527
v -0.019484 0.035243 0.035058
v -0.022287 0.032362 0.032889
v -0.032478 0.022287 0.031909
v -0.033730 0.020433 0.031870
v -0.034502 0.019951 0.033023
v -0.033385 0.022336 0.033903
v -0.015112 0.037487 0.019870
v -0.013792 0.037999 0.019876
v -0.014198 0.038348 0.020783
v -0.015641 0.037641 0.021293
v -0.015304 0.037936 0.021758
v -0.011935 0.038555 0.018986
v -0.013184 0.037972 0.019148
v -0.011729 0.038507 0.018700
v -0.012787 0.038446 0.020374
v -0.010669 0.038454 0.018354
v -0.011075 0.038860 0.019898
v -0.013338 0.038640 0.021949
v -0.014966 0.038274 0.023186
v -0.014275 0.038647 0.023559
v -0.014098 0.039088 0.024440
v -0.014411 0.039014 0.025016
v -0.013215 0.038996 0.023576
v -0.012845 0.038918 0.022614
v -0.012813 0.039198 0.024093
v -0.012067 0.038821 0.021226
v -0.010651 0.039044 0.020242
v -0.010755 0.039453 0.021936
v -0.009693 0.039689 0.020981
v -0.011749 0.039527 0.022811
v -0.010564 0.039792 0.023730
v -0.008961 0.039860 0.022278
v -0.017449 0.036486 0.019645
v -0.017032 0.036808 0.020213
v -0.016488 0.034269 0.021249
v -0.014825 0.035152 0.022693
v -0.014244 0.035136 0.020642
v -0.011661 0.035972 0.020408
v -0.015012 0.035099 0.024013
v -0.015012 0.035099 0.024013
v -0.015030 0.035090 0.023968
v -0.015030 0.035090 0.023968
v -0.014963 0.035122 0.024162
v -0.014963 0.035122 0.024162
v -0.014421 0.035347 0.025876
v -0.011778 0.036186 0.022015
v -0.012086 0.036190 0.024164
v -0.009826 0.036478 0.020366
v -0.009721 0.036876 0.023328
v -0.007746 0.038410 0.016940
v -0.009455 0.038430 0.017051
v -0.008143 0.038844 0.017984
v -0.008791 0.038892 0.018467
v -0.008663 0.039399 0.019877
v -0.007163 0.039689 0.018763
v -0.006611 0.039000 0.017723
v -0.008858 0.036107 0.018358
v -0.007507 0.036847 0.019682
v -0.005700 0.038307 0.016057
v -0.004122 0.038337 0.015818
v -0.004122 0.038337 0.015818
v -0.005873 0.039110 0.017621
v -0.004667 0.039097 0.016794
v -0.005449 0.039388 0.018168
v -0.003838 0.039029 0.016888
v -0.003966 0.039558 0.018212
v -0.007130 0.035829 0.017030
v -0.004943 0.036644 0.017959
v -0.008220 0.039924 0.021760
v -0.007265 0.039885 0.020928
v -0.006080 0.039864 0.019894
v -0.007037 0.040594 0.022483
v -0.005963 0.040380 0.021732
v -0.005523 0.040227 0.020629
v -0.008180 0.037095 0.021719
v -0.005408 0.037472 0.020940
v -0.006140 0.039460 0.018428
v -0.004684 0.039930 0.019598
v -0.002792 0.040145 0.018734
v -0.002948 0.039442 0.017738
v -0.004754 0.040555 0.020812
v -0.004105 0.040092 0.019760
v -0.003330 0.040266 0.020196
v -0.003627 0.040417 0.020825
v -0.002510 0.040255 0.019221
v -0.004523 0.037126 0.019123
v -0.006578 0.037515 0.023740
v -0.002304 0.037583 0.020032
v -0.002287 0.037806 0.021225
v -0.013531 0.039193 0.025322
v -0.012521 0.039382 0.025491
v -0.013369 0.039201 0.026075
v -0.013474 0.039242 0.027842
v -0.012353 0.039855 0.026883
v -0.011763 0.039710 0.026001
v -0.010650 0.039924 0.025411
v -0.008939 0.040062 0.023122
v -0.009414 0.040364 0.024092
v -0.009456 0.040446 0.024510
v -0.008020 0.040388 0.024050
v -0.010752 0.040020 0.027687
v -0.009803 0.040140 0.026295
v -0.008698 0.040436 0.025413
v -0.012408 0.039571 0.028258
v -0.011726 0.039746 0.029281
v -0.008975 0.040450 0.027742
v -0.008265 0.040544 0.026181
v -0.007684 0.040920 0.027169
v -0.009888 0.040526 0.028905
v -0.008146 0.040574 0.028929
v -0.009142 0.040447 0.029849
v -0.010839 0.040056 0.030044
v -0.007946 0.040700 0.028011
v -0.013335 0.035737 0.027749
v -0.013924 0.035776 0.029954
v -0.011296 0.036419 0.028013
v -0.007936 0.037240 0.027956
v -0.013368 0.039242 0.029817
v -0.012886 0.039493 0.031955
v -0.012187 0.039884 0.030852
v -0.013004 0.039434 0.030616
v -0.010868 0.036831 0.030418
v -0.008015 0.040305 0.023263
v -0.005623 0.040643 0.023481
v -0.006406 0.040654 0.024534
v -0.006716 0.040684 0.025389
v -0.004749 0.041184 0.024366
v -0.004306 0.040590 0.021810
v -0.003856 0.040755 0.023024
v -0.002806 0.040626 0.021797
v -0.003374 0.040982 0.023888
v -0.002210 0.041125 0.022744
v -0.001674 0.040753 0.021818
v -0.000998 0.040854 0.022292
v -0.003027 0.037933 0.023136
v -0.004155 0.037777 0.027537
v -0.007098 0.040965 0.026683
v -0.005848 0.040895 0.026152
v -0.005338 0.040996 0.025491
v -0.004517 0.041236 0.024622
v -0.004147 0.041105 0.026783
v -0.003624 0.041132 0.025732
v -0.006092 0.040956 0.027911
v -0.004382 0.041178 0.028162
v -0.003473 0.041242 0.027722
v -0.005628 0.037614 0.027433
v -0.001172 0.041040 0.023960
v -0.001028 0.041256 0.025736
v -0.002799 0.041221 0.025815
v -0.002314 0.041540 0.026793
v -0.001762 0.041301 0.026042
v -0.000785 0.041298 0.027168
v -0.002100 0.037923 0.027245
v -0.000525 0.037981 0.025554
v -0.005908 0.037726 0.029486
v -0.007946 0.037510 0.030335
v 0.000305 0.038062 0.015012
v 0.001821 0.038461 0.015177
v 0.001090 0.037774 0.014508
v 0.000740 0.038833 0.016184
v 0.000740 0.038833 0.016184
v 0.001028 0.039640 0.017904
v -0.000305 0.039500 0.017119
v -0.001092 0.039816 0.018533
v -0.000225 0.039411 0.016855
v 0.002330 0.038861 0.016449
v 0.002330 0.038861 0.016449
v 0.002738 0.038399 0.015522
v 0.003052 0.038935 0.016525
v 0.003052 0.038935 0.016525
v 0.003676 0.038266 0.015591
v 0.000015 0.040198 0.019634
v 0.001912 0.040148 0.018624
v 0.002306 0.039550 0.017800
v 0.003054 0.039476 0.017771
v 0.003573 0.039243 0.016971
v 0.003317 0.039727 0.018579
v 0.004331 0.039674 0.018799
v 0.002779 0.037472 0.014288
v 0.004831 0.037546 0.014585
v 0.005189 0.036690 0.013524
v 0.003961 0.037005 0.013318
v 0.006560 0.036890 0.014027
v 0.006667 0.035785 0.012707
v 0.007781 0.036575 0.013490
v 0.008701 0.036095 0.013455
v 0.008546 0.035494 0.012800
v 0.003940 0.039080 0.016482
v 0.003940 0.039080 0.016482
v 0.004686 0.038343 0.015813
v 0.005830 0.038086 0.015093
v 0.005343 0.038610 0.016439
v 0.006249 0.038451 0.016398
v 0.005350 0.039072 0.017361
v 0.005350 0.039072 0.017361
v 0.005934 0.038980 0.017398
v 0.005934 0.038980 0.017398
v 0.007234 0.038847 0.017503
v 0.007234 0.038847 0.017503
v 0.007260 0.037310 0.014798
v 0.007398 0.037947 0.015928
v 0.009210 0.036879 0.014861
v 0.009138 0.036505 0.014290
v 0.008292 0.038415 0.016531
v 0.008171 0.037811 0.015889
v 0.009369 0.037779 0.016243
v 0.009821 0.037145 0.015304
v 0.008592 0.038468 0.016797
v 0.010204 0.037547 0.016244
v -0.000235 0.040842 0.020857
v 0.001042 0.040351 0.020179
v 0.001485 0.040580 0.021391
v 0.000857 0.040785 0.022233
v 0.003027 0.040205 0.019924
v 0.003098 0.040557 0.021341
v 0.002276 0.041029 0.022442
v 0.004437 0.040491 0.020528
v 0.003809 0.040636 0.022035
v 0.001354 0.041074 0.023673
v 0.002576 0.041090 0.022806
v 0.002227 0.041040 0.024120
v 0.003743 0.040860 0.023741
v 0.005182 0.040486 0.022312
v 0.005681 0.040681 0.023686
v 0.005084 0.041113 0.024719
v 0.005668 0.039483 0.018210
v 0.005477 0.039895 0.019628
v 0.006331 0.039556 0.018128
v 0.006518 0.039621 0.018482
v 0.005886 0.040236 0.021368
v 0.007747 0.039517 0.019756
v 0.007808 0.039070 0.018342
v 0.007808 0.039070 0.018342
v 0.008946 0.038921 0.018765
v 0.008946 0.038921 0.018765
v 0.009875 0.038280 0.017649
v 0.009034 0.039728 0.020364
v 0.010111 0.039060 0.019831
v 0.010217 0.038794 0.019026
v 0.010217 0.038794 0.019026
v 0.011220 0.038529 0.018333
v 0.011327 0.038715 0.019984
v 0.011327 0.038715 0.019984
v 0.006717 0.040528 0.022191
v 0.007194 0.040029 0.021329
v 0.008038 0.039862 0.021158
v 0.008034 0.040054 0.022098
v 0.007146 0.040530 0.022698
v 0.006640 0.040546 0.024006
v 0.008050 0.040195 0.023325
v 0.009010 0.039775 0.022093
v 0.009820 0.039473 0.020680
v 0.010498 0.039317 0.021358
v 0.010224 0.039526 0.022038
v 0.008821 0.040056 0.023454
v 0.010259 0.039735 0.023522
v 0.011408 0.039561 0.022408
v 0.011586 0.039444 0.022207
v 0.012275 0.038774 0.021291
v -0.002453 0.038320 0.015143
v -0.003486 0.038625 0.016123
v -0.003486 0.038625 0.016123
v -0.001359 0.037802 0.014640
v -0.001688 0.038639 0.015994
v -0.001688 0.038639 0.015994
v -0.001429 0.039193 0.016988
v -0.001915 0.039434 0.017606
v -0.000349 0.038546 0.015788
v -0.000349 0.038546 0.015788
v -0.000243 0.036091 0.016353
v -0.002322 0.036568 0.017329
v -0.000300 0.037402 0.013634
v 0.000170 0.037437 0.013649
v 0.000775 0.037622 0.014199
v 0.000861 0.035531 0.015523
v -0.000876 0.035703 0.015827
v 0.004403 0.035445 0.015745
v 0.001743 0.036355 0.016855
v -0.001695 0.040264 0.019802
v -0.001572 0.037085 0.018344
v -0.001092 0.040372 0.020155
v 0.000217 0.037650 0.020142
v 0.000779 0.037173 0.018616
v 0.003730 0.036851 0.018223
v 0.002916 0.037400 0.019638
v 0.004814 0.036080 0.012710
v 0.005350 0.034033 0.014119
v 0.008807 0.032947 0.013707
v 0.006975 0.034318 0.014817
v 0.004788 0.036183 0.017054
v 0.005877 0.037069 0.019666
v 0.007490 0.036268 0.018201
v 0.007657 0.035305 0.016346
v 0.009657 0.035502 0.017610
v 0.000035 0.038000 0.022782
v -0.000003 0.040954 0.023232
v 0.001677 0.037793 0.021248
v 0.002130 0.037963 0.023540
v 0.004444 0.037616 0.021505
v 0.000251 0.041416 0.024385
v 0.000383 0.041461 0.024760
v 0.000868 0.041256 0.026098
v 0.001631 0.041191 0.025516
v 0.000852 0.038013 0.028595
v 0.001828 0.037910 0.026945
v 0.005464 0.037590 0.023698
v 0.003489 0.041101 0.025827
v 0.007219 0.037188 0.021715
v 0.007870 0.036770 0.019970
v 0.010419 0.035887 0.019047
v 0.008274 0.037094 0.024320
v 0.009847 0.036519 0.021232
v 0.012443 0.035748 0.021364
v 0.011438 0.036220 0.023262
v -0.010906 0.039995 0.031934
v -0.009181 0.040339 0.030956
v -0.008097 0.040606 0.030109
v -0.006256 0.040994 0.030021
v -0.007227 0.041052 0.031150
v -0.009503 0.040479 0.032917
v -0.008171 0.040695 0.032358
v -0.006229 0.040972 0.032423
v -0.009394 0.040145 0.034738
v -0.007394 0.040555 0.034544
v -0.004676 0.041182 0.033326
v -0.007049 0.040454 0.034989
v -0.004430 0.040957 0.034676
v -0.004908 0.040562 0.035231
v -0.007706 0.039837 0.035345
v -0.012250 0.039496 0.033854
v -0.010124 0.037543 0.032548
v -0.010270 0.037940 0.033792
v -0.011249 0.039682 0.034742
v -0.012186 0.037664 0.034326
v -0.009766 0.038566 0.034704
v -0.006831 0.038074 0.032024
v -0.007386 0.038483 0.033587
v -0.010166 0.039657 0.035206
v -0.009624 0.039014 0.035177
v -0.007418 0.038925 0.034518
v -0.006702 0.039754 0.035288
v -0.005796 0.039563 0.035037
v -0.004770 0.040135 0.035331
v -0.005125 0.041313 0.029060
v -0.003316 0.041193 0.029187
v -0.004649 0.041121 0.030452
v -0.003442 0.041219 0.030664
v -0.004009 0.041168 0.031744
v -0.001486 0.041357 0.028176
v -0.000114 0.041505 0.028510
v -0.001664 0.041376 0.029956
v -0.000682 0.041587 0.029418
v -0.000668 0.041341 0.030731
v -0.000017 0.041540 0.029473
v -0.004527 0.038036 0.030504
v -0.002408 0.038036 0.029322
v -0.002714 0.038210 0.030501
v -0.000740 0.038055 0.028918
v -0.004182 0.038626 0.032764
v -0.000653 0.038522 0.031747
v -0.002244 0.041550 0.031464
v -0.002853 0.041324 0.032539
v -0.002765 0.039774 0.034945
v -0.000400 0.041190 0.034438
v -0.001164 0.041334 0.032740
v 0.000774 0.041260 0.030447
v 0.000288 0.041359 0.033111
v 0.001781 0.041283 0.032442
v -0.001446 0.039184 0.033840
v -0.004519 0.039129 0.034096
v 0.001244 0.039024 0.033457
v -0.002213 0.040968 0.034986
v -0.002946 0.040652 0.035269
v -0.002560 0.040211 0.035269
v 0.001690 0.040870 0.035085
v -0.000196 0.040015 0.035121
v 0.000130 0.040507 0.035323
v 0.001378 0.040228 0.035273
v 0.003066 0.041016 0.034401
v 0.001746 0.039279 0.034146
v 0.001699 0.040678 0.035219
v 0.004111 0.041041 0.026711
v 0.006055 0.040841 0.025871
v 0.007531 0.040413 0.024574
v 0.009175 0.040346 0.024588
v 0.008150 0.040436 0.025956
v 0.006977 0.040955 0.027099
v 0.007966 0.040592 0.027462
v 0.009486 0.040341 0.024893
v 0.009536 0.040153 0.027294
v 0.010266 0.040007 0.026325
v 0.011148 0.039689 0.025117
v 0.011126 0.039576 0.024153
v 0.012848 0.038868 0.022685
v 0.012464 0.039115 0.023480
v 0.012536 0.039269 0.025103
v 0.011704 0.039832 0.026550
v 0.011281 0.039933 0.027433
v 0.013358 0.039074 0.026349
v 0.012944 0.039265 0.027825
v 0.000975 0.041320 0.028105
v 0.002215 0.041524 0.026766
v 0.002392 0.041505 0.027098
v 0.003296 0.041207 0.028006
v 0.002593 0.041198 0.029482
v 0.001750 0.038390 0.031408
v 0.003783 0.037965 0.029889
v 0.004851 0.037622 0.027734
v 0.005431 0.040984 0.027981
v 0.002696 0.041437 0.030982
v 0.004554 0.041279 0.028880
v 0.003523 0.041224 0.030156
v 0.003277 0.041159 0.032513
v 0.004252 0.041040 0.031826
v 0.004652 0.038326 0.032100
v 0.005939 0.040822 0.029728
v 0.006795 0.040769 0.028199
v 0.007190 0.040898 0.030961
v 0.006112 0.040895 0.032054
v 0.007318 0.040615 0.029228
v 0.006404 0.037676 0.030282
v 0.008771 0.037698 0.032345
v 0.006591 0.037386 0.027918
v 0.009168 0.036811 0.026938
v 0.008623 0.037018 0.028694
v 0.011655 0.036117 0.027431
v 0.008583 0.040449 0.028105
v 0.009302 0.040535 0.028981
v 0.008205 0.040545 0.030023
v 0.009012 0.040325 0.030559
v 0.010642 0.039949 0.028284
v 0.010351 0.040033 0.029598
v 0.008976 0.037205 0.030492
v 0.011266 0.036482 0.029914
v 0.012294 0.039432 0.028825
v 0.014189 0.039183 0.029005
v 0.012723 0.039359 0.029513
v 0.013846 0.035432 0.028694
v 0.012618 0.036288 0.031068
v 0.005065 0.041065 0.033052
v 0.006342 0.040655 0.034336
v 0.005600 0.040550 0.034948
v 0.003612 0.039715 0.034993
v 0.004285 0.039046 0.034054
v 0.003903 0.040259 0.035278
v 0.006704 0.040095 0.035181
v 0.005828 0.039809 0.035198
v 0.008194 0.040500 0.032251
v 0.009330 0.040137 0.034320
v 0.005536 0.038543 0.033197
v 0.007541 0.038727 0.034300
v 0.006227 0.039240 0.034818
v 0.009689 0.039745 0.034958
v 0.009383 0.038831 0.034920
v 0.009961 0.039168 0.035154
v 0.010425 0.040035 0.031675
v 0.009753 0.040307 0.032883
v 0.010781 0.039940 0.030413
v 0.011834 0.039834 0.031089
v 0.011678 0.039663 0.033021
v 0.010308 0.038136 0.034350
v 0.011909 0.037098 0.033023
v 0.013474 0.039168 0.030502
v 0.013086 0.039314 0.032166
v 0.015108 0.038580 0.030250
v 0.014510 0.038950 0.032862
v 0.011711 0.039494 0.034415
v 0.012964 0.038819 0.034986
v 0.013686 0.037636 0.034900
v 0.014329 0.038759 0.034274
v 0.015210 0.037577 0.035071
v 0.016288 0.037827 0.034688
v 0.013288 0.037168 0.034176
v 0.014593 0.036192 0.033094
v 0.015593 0.036383 0.034251
v -0.014980 0.035113 0.024098
v -0.014980 0.035113 0.024098
v -0.040578 0.010332 0.034631
v -0.040193 0.009142 0.034743
v -0.039504 0.009562 0.034286
v 0.009981 0.035342 0.013112
v 0.009191 0.034970 0.012342
v 0.011169 0.034674 0.012665
v 0.011377 0.034887 0.012951
v 0.010316 0.036522 0.014559
v 0.011320 0.036118 0.014492
v 0.011718 0.035338 0.013469
v 0.010685 0.037044 0.015138
v 0.011947 0.035733 0.014194
v 0.012277 0.035221 0.013360
v 0.010298 0.037151 0.015217
v 0.010561 0.037836 0.017177
v 0.011816 0.036839 0.015774
v 0.012679 0.036193 0.015372
v 0.012115 0.037039 0.016289
v 0.013966 0.034768 0.013985
v 0.012890 0.034167 0.012699
v 0.013456 0.035290 0.014429
v 0.013836 0.036139 0.015770
v 0.014670 0.035472 0.014965
v 0.015428 0.034445 0.014279
v 0.014971 0.033548 0.012990
v 0.015104 0.035383 0.015055
v 0.016388 0.034867 0.015532
v 0.017017 0.034144 0.014953
v 0.016427 0.033560 0.013428
v 0.012071 0.037781 0.017732
v 0.013121 0.037064 0.016469
v 0.012687 0.037398 0.017211
v 0.012649 0.038121 0.019244
v 0.014177 0.037004 0.017798
v 0.014549 0.036599 0.017239
v 0.015966 0.035623 0.016455
v 0.015718 0.036945 0.018369
v 0.016407 0.036050 0.017563
v 0.012628 0.038511 0.020514
v 0.012628 0.038511 0.020514
v 0.014375 0.037420 0.018901
v 0.013918 0.038197 0.020012
v 0.015119 0.037388 0.019599
v 0.013813 0.038329 0.021056
v 0.013813 0.038329 0.021056
v 0.014700 0.038139 0.022349
v 0.014700 0.038139 0.022349
v 0.014978 0.037832 0.021203
v 0.016897 0.036450 0.019133
v 0.016903 0.036959 0.020829
v 0.018096 0.036455 0.020414
v 0.018227 0.035817 0.019189
v 0.016129 0.037535 0.021381
v 0.017570 0.036885 0.021783
v 0.017570 0.036885 0.021783
v 0.017463 0.035325 0.016700
v 0.018357 0.034275 0.016007
v 0.018947 0.033455 0.014915
v 0.017699 0.033207 0.014090
v 0.018636 0.034945 0.017525
v 0.020382 0.033805 0.017164
v 0.020059 0.034917 0.018562
v 0.019203 0.035512 0.019569
v 0.019413 0.035891 0.021523
v 0.019413 0.035891 0.021523
v 0.021071 0.034486 0.019739
v 0.021144 0.034251 0.019170
v 0.020991 0.033873 0.018012
v 0.009987 0.034534 0.011769
v 0.009539 0.031274 0.012328
v 0.010419 0.033537 0.011189
v 0.011440 0.034022 0.012066
v 0.011635 0.031861 0.013469
v 0.012513 0.033028 0.011444
v 0.014311 0.032233 0.011272
v 0.013876 0.033296 0.011831
v 0.012180 0.029647 0.011723
v 0.014185 0.030125 0.012814
v 0.010393 0.033707 0.015082
v 0.010035 0.034621 0.016223
v 0.012264 0.034502 0.017193
v 0.012032 0.034070 0.016338
v 0.013068 0.032764 0.015086
v 0.014883 0.031130 0.014087
v 0.015212 0.032313 0.015666
v 0.014841 0.033210 0.016708
v 0.014833 0.031236 0.010417
v 0.015429 0.030243 0.010100
v 0.017391 0.029744 0.010592
v 0.016092 0.031149 0.011090
v 0.015628 0.032528 0.012265
v 0.017407 0.031528 0.011708
v 0.015904 0.028283 0.011989
v 0.017203 0.029558 0.013694
v 0.017590 0.029042 0.010158
v 0.018290 0.030344 0.011386
v 0.019036 0.029431 0.010724
v 0.019521 0.027997 0.010241
v 0.020007 0.029295 0.011302
v 0.017502 0.026727 0.011533
v 0.019808 0.025487 0.011761
v 0.019027 0.027638 0.012966
v 0.017047 0.032387 0.012722
v 0.017667 0.030733 0.015221
v 0.019568 0.032476 0.014361
v 0.018670 0.031372 0.012652
v 0.020819 0.030276 0.012791
v 0.020525 0.031498 0.013566
v 0.021441 0.031015 0.014059
v 0.021280 0.031763 0.014868
v 0.019756 0.028812 0.014506
v 0.021327 0.027595 0.014388
v 0.012976 0.034804 0.018419
v 0.012189 0.035559 0.019868
v 0.014919 0.033884 0.018075
v 0.015122 0.034304 0.019361
v 0.014865 0.034680 0.020539
v 0.014448 0.035131 0.022693
v 0.017210 0.033735 0.021215
v 0.015967 0.034499 0.023496
v 0.018264 0.031418 0.016579
v 0.017480 0.032627 0.018001
v 0.020051 0.031319 0.018335
v 0.020446 0.032963 0.015867
v 0.020568 0.029438 0.015855
v 0.021104 0.029816 0.016867
v 0.022170 0.032049 0.016063
v 0.021840 0.032989 0.016766
v 0.023250 0.032155 0.017547
v 0.023210 0.029103 0.018316
v 0.017646 0.033031 0.019212
v 0.019240 0.032461 0.020320
v 0.019119 0.032901 0.023530
v 0.020838 0.031273 0.019654
v 0.022588 0.032924 0.018158
v 0.022483 0.033416 0.019227
v 0.020991 0.031528 0.021172
v 0.022600 0.034098 0.020482
v 0.023307 0.033133 0.019852
v 0.022457 0.029986 0.019100
v 0.022762 0.030196 0.020604
v 0.021600 0.027981 0.011254
v 0.021278 0.029218 0.011782
v 0.019670 0.026748 0.009233
v 0.020718 0.026518 0.009778
v 0.021955 0.025307 0.009677
v 0.021316 0.026416 0.009981
v 0.021753 0.027317 0.010780
v 0.022372 0.026561 0.010321
v 0.022886 0.025190 0.010011
v 0.022499 0.026849 0.010658
v 0.023116 0.027075 0.011466
v 0.022880 0.024164 0.009170
v 0.023130 0.024248 0.009343
v 0.023871 0.023567 0.009643
v 0.023958 0.024845 0.010494
v 0.023542 0.025495 0.010631
v 0.022946 0.026345 0.010599
v 0.023648 0.026587 0.011388
v 0.024867 0.026092 0.011540
v 0.024361 0.022526 0.009442
v 0.024572 0.024099 0.010289
v 0.025658 0.023680 0.010391
v 0.025206 0.024806 0.011145
v 0.022143 0.028941 0.012422
v 0.022936 0.030092 0.014194
v 0.022903 0.028616 0.012617
v 0.023233 0.029559 0.013873
v 0.024060 0.028516 0.013051
v 0.024037 0.029332 0.014337
v 0.021871 0.025539 0.012961
v 0.023105 0.026058 0.014261
v 0.024009 0.027393 0.012337
v 0.025014 0.028125 0.013857
v 0.024580 0.027152 0.012544
v 0.025594 0.026557 0.012884
v 0.025809 0.025342 0.012049
v 0.025119 0.024903 0.014887
v 0.025021 0.023361 0.013494
v 0.026329 0.025942 0.012917
v 0.025710 0.027631 0.013931
v 0.027031 0.026421 0.014056
v 0.021956 0.022524 0.011045
v 0.022048 0.020802 0.010267
v 0.022415 0.023675 0.011979
v 0.024696 0.021658 0.012132
v 0.024478 0.020064 0.011126
v 0.026769 0.020513 0.012891
v 0.025549 0.022401 0.009914
v 0.026442 0.022617 0.010616
v 0.026615 0.023436 0.011206
v 0.026390 0.024466 0.011857
v 0.027544 0.024014 0.012290
v 0.027979 0.023084 0.011610
v 0.027576 0.025241 0.012994
v 0.028146 0.023942 0.012838
v 0.028902 0.022498 0.012453
v 0.029189 0.023126 0.013279
v 0.028635 0.024703 0.014021
v 0.025589 0.021213 0.009084
v 0.026577 0.020924 0.009775
v 0.027564 0.019395 0.009645
v 0.027329 0.022000 0.010831
v 0.027805 0.021413 0.010701
v 0.027944 0.020777 0.010244
v 0.026603 0.016828 0.010912
v 0.026640 0.018847 0.011840
v 0.027580 0.018218 0.008911
v 0.028735 0.017983 0.009788
v 0.028167 0.020846 0.010483
v 0.029024 0.019602 0.010780
v 0.029026 0.020376 0.011205
v 0.030158 0.018210 0.010861
v 0.028468 0.016784 0.009232
v 0.030124 0.017101 0.009980
v 0.029830 0.015496 0.009547
v 0.029145 0.014667 0.011726
v 0.028576 0.017716 0.012719
v 0.028292 0.022298 0.011582
v 0.028688 0.021394 0.011584
v 0.027347 0.021997 0.014434
v 0.029080 0.020098 0.014667
v 0.029031 0.021962 0.012177
v 0.030098 0.020890 0.012412
v 0.030428 0.019691 0.011517
v 0.030076 0.022157 0.012895
v 0.031040 0.021207 0.013624
v 0.031050 0.020278 0.013036
v 0.031326 0.019211 0.012518
v 0.031977 0.019607 0.013505
v 0.030413 0.017112 0.014050
v 0.030659 0.014882 0.013068
v 0.022856 0.030973 0.014820
v 0.023449 0.030695 0.015311
v 0.024323 0.030399 0.015952
v 0.024613 0.031241 0.017623
v 0.025798 0.029024 0.015701
v 0.022783 0.027557 0.015508
v 0.023576 0.027957 0.016888
v 0.025246 0.026061 0.016296
v 0.025615 0.028339 0.014604
v 0.026644 0.027888 0.014677
v 0.025673 0.030137 0.016602
v 0.026397 0.028777 0.016107
v 0.027789 0.026714 0.015202
v 0.026531 0.024319 0.015751
v 0.025682 0.026759 0.017855
v 0.027509 0.027661 0.016034
v 0.026603 0.025362 0.017107
v 0.024193 0.032334 0.018660
v 0.025355 0.031137 0.018738
v 0.025027 0.031869 0.019948
v 0.026259 0.030837 0.019649
v 0.027075 0.030202 0.019771
v 0.024847 0.028378 0.019896
v 0.024185 0.029300 0.021788
v 0.026453 0.029675 0.017474
v 0.026899 0.029594 0.018026
v 0.027792 0.028498 0.017514
v 0.027981 0.029177 0.018506
v 0.028648 0.027734 0.017764
v 0.027899 0.024677 0.018163
v 0.027167 0.026109 0.019587
v 0.026415 0.027294 0.021514
v 0.028977 0.028438 0.020079
v 0.029071 0.027974 0.019121
v 0.028015 0.026075 0.014820
v 0.029860 0.024397 0.014657
v 0.029205 0.025398 0.015278
v 0.028428 0.027028 0.016200
v 0.029350 0.026461 0.016207
v 0.030231 0.025129 0.016486
v 0.029931 0.023133 0.013976
v 0.030950 0.023370 0.015414
v 0.030690 0.023963 0.015747
v 0.028927 0.027175 0.017079
v 0.029808 0.026346 0.017345
v 0.030664 0.025345 0.017385
v 0.029960 0.027144 0.019243
v 0.030590 0.026145 0.018460
v 0.030830 0.026401 0.019625
v 0.031408 0.025491 0.018326
v 0.032263 0.024598 0.019604
v 0.031225 0.024109 0.016661
v 0.031863 0.023286 0.016167
v 0.031748 0.024069 0.017495
v 0.032208 0.024425 0.019003
v 0.032498 0.023793 0.018634
v 0.028005 0.022730 0.015813
v 0.028717 0.022936 0.016958
v 0.030224 0.020112 0.016069
v 0.031197 0.020258 0.017810
v 0.031103 0.021524 0.013944
v 0.032139 0.020908 0.014229
v 0.031841 0.022041 0.015313
v 0.032938 0.020614 0.015482
v 0.033076 0.021740 0.016877
v 0.030776 0.018675 0.015544
v 0.032137 0.018109 0.017102
v 0.029693 0.022792 0.018592
v 0.028675 0.024635 0.020017
v 0.030427 0.022542 0.020216
v 0.031786 0.020328 0.019370
v 0.033008 0.022404 0.017617
v 0.033277 0.023798 0.019663
v 0.033471 0.022624 0.018851
v 0.034042 0.021553 0.017761
v 0.033505 0.017160 0.018869
v 0.032617 0.019528 0.020761
v 0.013252 0.038947 0.023843
v 0.014848 0.038351 0.023721
v 0.013986 0.039031 0.024684
v 0.015880 0.037963 0.023331
v 0.015440 0.038287 0.025391
v 0.016347 0.037845 0.022164
v 0.016347 0.037845 0.022164
v 0.017261 0.037310 0.023153
v 0.018531 0.036426 0.022129
v 0.018531 0.036426 0.022129
v 0.017162 0.037483 0.024560
v 0.017816 0.037157 0.023822
v 0.019508 0.036229 0.023334
v 0.018598 0.037088 0.024658
v 0.018766 0.036931 0.024185
v 0.014625 0.038645 0.025907
v 0.015635 0.038406 0.027065
v 0.014807 0.038648 0.027459
v 0.017590 0.037440 0.025665
v 0.020789 0.035678 0.022519
v 0.013562 0.035456 0.026663
v 0.016392 0.038254 0.026769
v 0.015687 0.038331 0.028269
v 0.016609 0.037947 0.027967
v 0.016540 0.034211 0.027493
v 0.016040 0.034624 0.029246
v 0.016303 0.034911 0.031204
v 0.017346 0.037688 0.026831
v 0.019522 0.036504 0.026074
v 0.019977 0.036162 0.024936
v 0.017722 0.037529 0.027930
v 0.018466 0.037095 0.027004
v 0.018630 0.037344 0.028570
v 0.019865 0.036476 0.027934
v 0.019111 0.032888 0.027281
v 0.018793 0.033310 0.029461
v 0.021140 0.035093 0.021788
v 0.021140 0.035093 0.021788
v 0.021163 0.035400 0.023977
v 0.022103 0.034665 0.023111
v 0.021753 0.034612 0.021362
v 0.021753 0.034612 0.021362
v 0.023344 0.033606 0.021470
v 0.023344 0.033606 0.021470
v 0.023675 0.033479 0.021945
v 0.023540 0.033835 0.023285
v 0.024697 0.033188 0.022457
v 0.024838 0.033119 0.022789
v 0.022347 0.030826 0.023186
v 0.020650 0.035960 0.025951
v 0.021753 0.035239 0.025433
v 0.022010 0.035023 0.024580
v 0.021111 0.035983 0.026853
v 0.021851 0.035264 0.026035
v 0.022066 0.035271 0.027677
v 0.023916 0.034031 0.027635
v 0.021942 0.031105 0.026438
v 0.021103 0.031846 0.028915
v 0.023100 0.034552 0.024500
v 0.024107 0.033573 0.023930
v 0.024308 0.033597 0.025702
v 0.023357 0.034304 0.025806
v 0.025626 0.032750 0.025984
v 0.025812 0.032433 0.025053
v 0.025249 0.033350 0.026872
v 0.023924 0.029663 0.026755
v 0.023644 0.030051 0.028642
v 0.017314 0.037710 0.029569
v 0.015702 0.038469 0.032029
v 0.016635 0.038186 0.031030
v 0.017060 0.035216 0.033285
v 0.019036 0.036949 0.030235
v 0.020389 0.036189 0.028700
v 0.017973 0.037498 0.031868
v 0.020169 0.036358 0.030015
v 0.019385 0.033562 0.031953
v 0.017624 0.037471 0.034121
v 0.017538 0.037081 0.034914
v 0.017521 0.036098 0.034833
v 0.018757 0.035266 0.034607
v 0.019213 0.037007 0.032609
v 0.020146 0.036481 0.031820
v 0.021161 0.036021 0.030824
v 0.021593 0.035599 0.032423
v 0.020066 0.036308 0.033991
v 0.020653 0.035798 0.034564
v 0.019245 0.034300 0.033501
v 0.019897 0.035269 0.034920
v 0.021049 0.035210 0.034851
v 0.022214 0.035127 0.033939
v 0.021943 0.033842 0.034739
v 0.021201 0.033651 0.034206
v 0.021583 0.035540 0.029430
v 0.023115 0.034793 0.028810
v 0.022788 0.034871 0.030605
v 0.024118 0.034002 0.029982
v 0.021113 0.032337 0.031171
v 0.023123 0.030979 0.031011
v 0.025401 0.032973 0.028601
v 0.025388 0.033295 0.030618
v 0.026318 0.032440 0.029996
v 0.023562 0.034536 0.032318
v 0.021499 0.032839 0.033110
v 0.023281 0.031666 0.033105
v 0.023524 0.032224 0.034176
v 0.024254 0.033854 0.033727
v 0.023625 0.034078 0.034318
v 0.024653 0.033771 0.031673
v 0.025342 0.030332 0.033344
v 0.026750 0.032045 0.033530
v 0.026945 0.031923 0.031112
v 0.026100 0.032320 0.034221
v 0.025419 0.029078 0.030421
v 0.025208 0.029728 0.031845
v 0.026936 0.029737 0.034213
v 0.024703 0.032429 0.021049
v 0.024703 0.032429 0.021049
v 0.025734 0.031780 0.021018
v 0.025734 0.031780 0.021018
v 0.026146 0.031219 0.020198
v 0.026618 0.031259 0.020747
v 0.026618 0.031259 0.020747
v 0.026788 0.031071 0.020613
v 0.026788 0.031071 0.020613
v 0.025495 0.032137 0.021967
v 0.025504 0.032384 0.022864
v 0.025323 0.032629 0.023785
v 0.026455 0.031413 0.022323
v 0.024877 0.028858 0.023574
v 0.027756 0.030095 0.021403
v 0.027756 0.030095 0.021403
v 0.027463 0.030473 0.021657
v 0.028432 0.030162 0.022773
v 0.027521 0.030878 0.023583
v 0.028735 0.029916 0.022555
v 0.028050 0.025733 0.022046
v 0.026811 0.027133 0.024542
v 0.029115 0.028869 0.021588
v 0.029115 0.028869 0.021588
v 0.029380 0.028973 0.022711
v 0.030196 0.028182 0.023319
v 0.026158 0.031991 0.023823
v 0.027209 0.031628 0.024687
v 0.026539 0.031980 0.026019
v 0.026470 0.032116 0.027700
v 0.027845 0.030925 0.025712
v 0.025826 0.028097 0.026843
v 0.027959 0.030568 0.023943
v 0.029538 0.029058 0.024278
v 0.028976 0.029749 0.025231
v 0.028190 0.030709 0.026555
v 0.030112 0.028761 0.025368
v 0.031056 0.027968 0.024525
v 0.029949 0.028935 0.026019
v 0.029140 0.030155 0.026759
v 0.031503 0.027345 0.026448
v 0.028864 0.025014 0.025327
v 0.028539 0.025554 0.027892
v 0.026403 0.027771 0.028389
v 0.030457 0.027456 0.020287
v 0.029749 0.028232 0.021286
v 0.029749 0.028232 0.021286
v 0.031125 0.026650 0.021194
v 0.032021 0.025247 0.020562
v 0.031500 0.026449 0.021768
v 0.031500 0.026449 0.021768
v 0.030640 0.027384 0.021698
v 0.030640 0.027384 0.021698
v 0.030408 0.027637 0.020994
v 0.031101 0.027264 0.023253
v 0.032153 0.025572 0.021404
v 0.032153 0.025572 0.021404
v 0.032408 0.025825 0.022032
v 0.032150 0.026279 0.022667
v 0.032773 0.024676 0.021371
v 0.032773 0.024676 0.021371
v 0.033207 0.024701 0.023122
v 0.032954 0.025148 0.023588
v 0.031699 0.026781 0.024075
v 0.032020 0.026662 0.025462
v 0.029370 0.024248 0.022029
v 0.031509 0.021491 0.022019
v 0.030614 0.022859 0.023850
v 0.033448 0.023774 0.020609
v 0.034242 0.021939 0.019963
v 0.034111 0.022627 0.020895
v 0.033488 0.023794 0.021709
v 0.033488 0.023794 0.021709
v 0.034181 0.023132 0.022278
v 0.034181 0.023132 0.022278
v 0.035051 0.022219 0.021899
v 0.035051 0.022219 0.021899
v 0.033375 0.018645 0.022786
v 0.032430 0.020397 0.025871
v 0.030201 0.023482 0.026670
v 0.033268 0.025183 0.025422
v 0.032697 0.026389 0.026414
v 0.033080 0.025823 0.026488
v 0.031499 0.021835 0.027100
v 0.034150 0.024254 0.024435
v 0.034343 0.023361 0.023549
v 0.034664 0.022747 0.023289
v 0.034853 0.023001 0.025381
v 0.035606 0.021362 0.023734
v 0.033973 0.024276 0.026456
v 0.035781 0.022060 0.026096
v 0.036010 0.021140 0.024881
v 0.033393 0.018764 0.025137
v 0.034428 0.016983 0.026094
v 0.033121 0.019715 0.028352
v 0.027449 0.031712 0.028968
v 0.028074 0.030868 0.027872
v 0.028917 0.030085 0.028725
v 0.028133 0.030965 0.030088
v 0.029970 0.029048 0.027794
v 0.031178 0.027750 0.027296
v 0.029468 0.029920 0.030404
v 0.030226 0.029006 0.029700
v 0.031171 0.028208 0.028722
v 0.028709 0.030505 0.031479
v 0.027716 0.031417 0.032535
v 0.031278 0.027971 0.032981
v 0.028305 0.030623 0.033884
v 0.030167 0.029067 0.031314
v 0.027578 0.027043 0.030054
v 0.029478 0.025339 0.030785
v 0.030682 0.023368 0.028902
v 0.030946 0.023629 0.030655
v 0.027538 0.027804 0.031915
v 0.027682 0.028338 0.033296
v 0.031249 0.027896 0.030196
v 0.029245 0.026430 0.032605
v 0.029316 0.027353 0.033948
v 0.030616 0.024955 0.032612
v 0.032435 0.026680 0.031742
v 0.031222 0.025168 0.033735
v 0.032152 0.026779 0.028104
v 0.031591 0.027582 0.028518
v 0.033438 0.025191 0.027455
v 0.032216 0.026850 0.029744
v 0.033801 0.024959 0.029350
v 0.032260 0.021707 0.030256
v 0.034432 0.024262 0.028340
v 0.034986 0.023107 0.027325
v 0.035632 0.022343 0.026695
v 0.036169 0.021300 0.027711
v 0.033735 0.020160 0.031402
v 0.035156 0.023007 0.029607
v 0.036369 0.021124 0.028902
v 0.036022 0.022036 0.030220
v 0.033122 0.025994 0.030264
v 0.033696 0.025087 0.031339
v 0.032885 0.026018 0.033480
v 0.034708 0.023851 0.032791
v 0.031907 0.023288 0.032285
v 0.032434 0.023454 0.033404
v 0.034081 0.020903 0.033076
v 0.035483 0.022667 0.031408
v 0.037050 0.019943 0.030044
v 0.036461 0.021148 0.031395
v 0.037164 0.019975 0.032988
v 0.037095 0.020163 0.032024
v 0.028354 0.013524 0.010778
v 0.034177 0.017911 0.028120
v 0.035126 0.017461 0.030894
v 0.034671 0.019048 0.031988
v 0.036346 0.016716 0.032765
v 0.035319 0.019078 0.033191
v 0.034995 0.020754 0.034045
v 0.030383 0.014112 0.009391
v 0.031765 0.014451 0.010448
v 0.030930 0.015889 0.010423
v 0.031305 0.016678 0.011132
v 0.032150 0.015549 0.011057
v 0.032878 0.014211 0.011382
v 0.031249 0.018525 0.011997
v 0.032304 0.018327 0.012611
v 0.032151 0.016827 0.011984
v 0.033177 0.015197 0.012123
v 0.033147 0.017103 0.013122
v 0.033306 0.017827 0.013781
v 0.034127 0.015471 0.013333
v 0.034209 0.016895 0.013994
v 0.034245 0.014079 0.012296
v 0.032872 0.019279 0.014376
v 0.033711 0.020712 0.016757
v 0.033380 0.019794 0.015343
v 0.033887 0.018407 0.014973
v 0.034231 0.019444 0.015855
v 0.032351 0.016171 0.015727
v 0.034807 0.017718 0.015808
v 0.033556 0.015683 0.017338
v 0.035142 0.016000 0.014896
v 0.035944 0.013903 0.014763
v 0.035150 0.013579 0.013511
v 0.036107 0.015301 0.015557
v 0.035765 0.016669 0.016416
v 0.036340 0.016131 0.016991
v 0.034245 0.020255 0.017168
v 0.035053 0.018663 0.017018
v 0.034904 0.020136 0.018475
v 0.034752 0.020956 0.019387
v 0.035981 0.017616 0.017285
v 0.035769 0.018731 0.018696
v 0.036123 0.017618 0.017548
v 0.034424 0.016142 0.020514
v 0.035695 0.019984 0.019546
v 0.036748 0.016666 0.018390
v 0.036748 0.016666 0.018390
v 0.036980 0.014271 0.016699
v 0.036980 0.014271 0.016699
v 0.037479 0.014740 0.018176
v 0.036481 0.018188 0.020116
v 0.036481 0.018188 0.020116
v 0.037283 0.016867 0.020410
v 0.037613 0.015859 0.019218
v 0.034663 0.021903 0.020972
v 0.035430 0.020666 0.021099
v 0.035430 0.020666 0.021099
v 0.035315 0.021785 0.022120
v 0.035847 0.020725 0.022798
v 0.035257 0.022042 0.022567
v 0.034102 0.017260 0.022268
v 0.036346 0.018964 0.020983
v 0.036346 0.018964 0.020983
v 0.036928 0.018911 0.022946
v 0.037312 0.017878 0.021472
v 0.038303 0.014699 0.020764
v 0.038036 0.016213 0.022272
v 0.037473 0.017781 0.022103
v 0.037844 0.017081 0.023008
v 0.036650 0.020160 0.023936
v 0.037348 0.018800 0.025246
v 0.036458 0.020492 0.025731
v 0.036686 0.020216 0.024570
v 0.036674 0.020325 0.026773
v 0.037551 0.018858 0.027019
v 0.038075 0.017967 0.026039
v 0.038351 0.016878 0.025177
v 0.037157 0.020115 0.028001
v 0.037618 0.018902 0.029229
v 0.030325 0.013136 0.009087
v 0.029665 0.011394 0.010998
v 0.031560 0.011762 0.009481
v 0.031553 0.013299 0.009728
v 0.032485 0.012511 0.010371
v 0.030942 0.012217 0.012219
v 0.031012 0.009150 0.011369
v 0.032217 0.009756 0.009337
v 0.033331 0.010284 0.010347
v 0.033682 0.011631 0.010894
v 0.033625 0.012977 0.011533
v 0.034476 0.010177 0.011463
v 0.033094 0.009032 0.009624
v 0.033970 0.008295 0.010337
v 0.034035 0.006427 0.010131
v 0.032305 0.009079 0.012451
v 0.032119 0.006711 0.011708
v 0.033946 0.007896 0.013775
v 0.032111 0.012047 0.013238
v 0.032316 0.014047 0.014371
v 0.035026 0.012486 0.012905
v 0.034702 0.011029 0.011940
v 0.036034 0.011126 0.013425
v 0.033542 0.011681 0.014685
v 0.036159 0.012538 0.014021
v 0.035857 0.010025 0.012544
v 0.033850 0.009757 0.014241
v 0.035205 0.007455 0.015232
v 0.032616 0.003837 0.011708
v 0.033972 0.004737 0.013097
v 0.035028 0.007548 0.010832
v 0.035051 0.008709 0.011489
v 0.034647 0.005896 0.010560
v 0.035588 0.006702 0.011591
v 0.035597 0.007935 0.011893
v 0.035735 0.009029 0.012314
v 0.037111 0.006638 0.013345
v 0.037111 0.006638 0.013345
v 0.036558 0.009013 0.013322
v 0.036015 0.005972 0.011916
v 0.037480 0.009376 0.014716
v 0.037480 0.009376 0.014716
v 0.037491 0.007822 0.014001
v 0.037491 0.007822 0.014001
v 0.038139 0.006516 0.014717
v 0.034959 0.003961 0.010522
v 0.036056 0.004409 0.011709
v 0.035707 0.002793 0.010808
v 0.036190 0.002522 0.011479
v 0.036190 0.002522 0.011479
v 0.033098 -0.000132 0.011915
v 0.035765 0.001059 0.011076
v 0.035765 0.001059 0.011076
v 0.034315 0.001737 0.013161
v 0.034725 -0.001232 0.013513
v 0.036507 0.003588 0.012130
v 0.036507 0.003588 0.012130
v 0.035950 -0.000781 0.011154
v 0.036952 0.001485 0.012323
v 0.037291 0.002357 0.012896
v 0.036784 -0.000727 0.012047
v 0.037174 0.000442 0.012332
v 0.037886 -0.000498 0.013550
v 0.035172 0.005203 0.014603
v 0.036860 0.005178 0.012462
v 0.036860 0.005178 0.012462
v 0.036139 0.004882 0.015976
v 0.036176 0.002665 0.015615
v 0.035298 0.002129 0.014323
v 0.035530 0.000100 0.014509
v 0.036272 0.000522 0.015611
v 0.036805 0.003323 0.016872
v 0.036950 -0.000167 0.016803
v 0.037309 0.004382 0.013117
v 0.038215 0.002999 0.013900
v 0.038196 0.004945 0.014455
v 0.038945 0.004312 0.015485
v 0.039230 0.002647 0.015800
v 0.038128 0.001225 0.013925
v 0.039322 0.000399 0.015384
v 0.038674 -0.000641 0.014684
v 0.039388 -0.001192 0.015968
v 0.033389 0.014001 0.015728
v 0.034780 0.013136 0.017492
v 0.034571 0.014900 0.018839
v 0.034750 0.010611 0.015814
v 0.036820 0.013509 0.015908
v 0.036820 0.013509 0.015908
v 0.035381 0.010534 0.016899
v 0.035926 0.007833 0.016559
v 0.036339 0.008757 0.017947
v 0.035808 0.011847 0.018952
v 0.038062 0.012800 0.017218
v 0.038024 0.013968 0.018925
v 0.035755 0.013049 0.020514
v 0.036738 0.008729 0.019078
v 0.036860 0.009689 0.020698
v 0.036291 0.012196 0.022437
v 0.037159 0.011340 0.015139
v 0.037159 0.011340 0.015139
v 0.037714 0.011970 0.016397
v 0.037921 0.010287 0.015614
v 0.038500 0.010757 0.017361
v 0.038903 0.006989 0.016146
v 0.038601 0.009276 0.016515
v 0.039302 0.008157 0.017116
v 0.038751 0.011747 0.018503
v 0.038949 0.012559 0.020162
v 0.039395 0.009457 0.018651
v 0.039414 0.010758 0.019203
v 0.039828 0.007598 0.018806
v 0.039789 0.010006 0.020461
v 0.040225 0.010023 0.022175
v 0.040716 0.007640 0.021410
v 0.039683 0.006685 0.017902
v 0.036947 0.005557 0.017792
v 0.037165 0.006631 0.018954
v 0.037604 0.003747 0.019104
v 0.037430 0.001938 0.018091
v 0.038905 0.005440 0.015350
v 0.039505 0.005075 0.016808
v 0.040173 0.002812 0.017385
v 0.040293 0.004131 0.018483
v 0.039711 0.002032 0.016623
v 0.040031 -0.000423 0.017353
v 0.040404 0.001674 0.018198
v 0.037933 0.001235 0.019826
v 0.037894 -0.000493 0.019507
v 0.037455 0.007004 0.020640
v 0.037864 0.004252 0.020545
v 0.037609 0.007495 0.022894
v 0.038087 0.004629 0.022992
v 0.038253 0.002071 0.022218
v 0.040482 0.005530 0.019182
v 0.040518 0.006826 0.020443
v 0.040704 0.005221 0.020355
v 0.041041 0.006551 0.022564
v 0.040714 0.004577 0.020198
v 0.040942 0.004014 0.020849
v 0.040727 0.002861 0.019720
v 0.040822 0.000602 0.019007
v 0.041028 0.001370 0.020359
v 0.041331 0.002641 0.021195
v 0.041344 0.003891 0.022369
v 0.041481 0.001135 0.022463
v 0.036275 -0.002909 0.011620
v 0.036519 -0.001500 0.011759
v 0.036460 -0.003631 0.011898
v 0.036860 -0.004899 0.012145
v 0.037273 -0.003820 0.012922
v 0.037354 -0.001699 0.012883
v 0.038229 -0.001952 0.013856
v 0.035180 -0.005054 0.014467
v 0.036943 -0.006174 0.012731
v 0.036254 -0.001699 0.015613
v 0.036174 -0.004715 0.015883
v 0.036722 -0.003156 0.016645
v 0.035289 -0.007687 0.015293
v 0.036870 -0.004879 0.017322
v 0.034845 -0.009985 0.015574
v 0.035398 -0.009980 0.016535
v 0.034421 -0.011943 0.015882
v 0.033629 -0.014434 0.016182
v 0.034957 -0.012327 0.017188
v 0.036341 -0.006677 0.016841
v 0.036364 -0.008132 0.017500
v 0.036970 -0.007079 0.018633
v 0.037594 -0.003754 0.019041
v 0.036173 -0.010131 0.018455
v 0.037060 -0.008167 0.019925
v 0.035782 -0.012172 0.019376
v 0.036490 -0.010801 0.020869
v 0.037428 -0.001438 0.017975
v 0.038073 -0.002883 0.021202
v 0.037597 -0.005149 0.019844
v 0.038254 0.000324 0.021698
v 0.038509 0.000438 0.025763
v 0.038302 -0.002331 0.023732
v 0.041015 -0.000652 0.020535
v 0.037846 -0.005605 0.022111
v 0.038417 -0.002416 0.025680
v 0.037250 -0.008457 0.021823
v 0.036408 -0.011756 0.022860
v 0.037522 -0.008395 0.025649
v 0.036729 -0.011264 0.025767
v 0.036551 -0.008049 0.012784
v 0.037395 -0.006872 0.013250
v 0.037529 -0.005096 0.013454
v 0.037688 -0.006212 0.013772
v 0.038298 -0.005695 0.014697
v 0.037933 -0.007807 0.014779
v 0.038514 -0.004035 0.014755
v 0.039382 -0.003264 0.016129
v 0.040052 -0.002276 0.016997
v 0.039037 -0.004836 0.015380
v 0.038606 -0.006890 0.015703
v 0.039345 -0.005706 0.016606
v 0.039710 -0.004030 0.017061
v 0.039621 -0.006932 0.017275
v 0.039999 -0.005968 0.018312
v 0.036513 -0.009361 0.013172
v 0.037345 -0.008376 0.014035
v 0.036931 -0.009960 0.014004
v 0.036379 -0.011223 0.013268
v 0.037138 -0.010419 0.014512
v 0.037930 -0.009284 0.014958
v 0.037786 -0.010579 0.015721
v 0.036265 -0.012580 0.014209
v 0.036583 -0.012369 0.014613
v 0.035729 -0.013710 0.014059
v 0.036591 -0.013602 0.014791
v 0.037228 -0.012732 0.015960
v 0.038101 -0.011641 0.016653
v 0.038343 -0.009140 0.015938
v 0.038587 -0.010100 0.017211
v 0.038863 -0.008101 0.016600
v 0.039382 -0.008449 0.017995
v 0.039551 -0.009558 0.018707
v 0.038734 -0.010932 0.018043
v 0.036879 -0.014350 0.016565
v 0.037951 -0.012955 0.017721
v 0.038499 -0.012875 0.019329
v 0.040493 -0.001002 0.018574
v 0.040285 -0.003456 0.018367
v 0.040675 -0.002662 0.019477
v 0.040443 -0.004965 0.018963
v 0.040828 -0.003702 0.020265
v 0.041283 -0.002603 0.020817
v 0.041481 -0.001092 0.022447
v 0.041270 -0.003589 0.022177
v 0.041230 -0.004470 0.022269
v 0.040537 -0.006413 0.020686
v 0.041612 -0.003938 0.024207
v 0.041419 -0.005333 0.022832
v 0.040851 -0.006344 0.021846
v 0.039857 -0.007789 0.019212
v 0.039955 -0.008965 0.020323
v 0.040522 -0.007736 0.021096
v 0.039373 -0.011076 0.020286
v 0.039344 -0.012392 0.020977
v 0.038508 -0.013759 0.020350
v 0.040384 -0.009148 0.022221
v 0.039727 -0.011508 0.022213
v 0.039192 -0.013454 0.022650
v 0.040895 -0.007292 0.023092
v 0.041595 -0.004953 0.024082
v 0.041263 -0.006591 0.024415
v 0.040809 -0.008554 0.023955
v 0.040604 -0.009899 0.023440
v 0.040211 -0.011099 0.024330
v 0.040718 -0.009415 0.024589
v 0.040579 -0.010407 0.026159
v 0.040195 -0.011485 0.025114
v 0.035232 0.014915 0.022398
v 0.038810 0.014499 0.022255
v 0.038792 0.014987 0.023134
v 0.039257 0.013423 0.021523
v 0.039600 0.012742 0.023093
v 0.037101 0.009628 0.022743
v 0.036997 0.010607 0.026022
v 0.036024 0.013686 0.027000
v 0.035510 0.015364 0.028477
v 0.038713 0.016043 0.023847
v 0.039216 0.014581 0.024835
v 0.038436 0.017070 0.026896
v 0.039113 0.015384 0.026689
v 0.039486 0.014578 0.027084
v 0.039988 0.013480 0.025803
v 0.036567 0.012992 0.028672
v 0.037731 0.007798 0.026575
v 0.037472 0.010210 0.028607
v 0.037967 0.008629 0.028887
v 0.038359 0.006171 0.028345
v 0.039399 0.011813 0.021001
v 0.039676 0.011953 0.022272
v 0.040422 0.011051 0.023761
v 0.040590 0.009196 0.023081
v 0.039942 0.012626 0.024734
v 0.040405 0.011447 0.026248
v 0.040633 0.010213 0.024683
v 0.040158 0.012733 0.027049
v 0.040863 0.010847 0.027587
v 0.040967 0.009590 0.026489
v 0.040987 0.008833 0.025076
v 0.038456 0.003363 0.026748
v 0.038192 0.005425 0.026634
v 0.041320 0.006721 0.024247
v 0.041537 0.005051 0.023288
v 0.041690 0.001677 0.023907
v 0.041665 0.003902 0.024748
v 0.042009 0.002329 0.025533
v 0.041193 0.008832 0.025987
v 0.041338 0.007823 0.025487
v 0.041226 0.008488 0.027511
v 0.041475 0.006768 0.026393
v 0.038812 0.003516 0.028750
v 0.041731 0.004710 0.026244
v 0.041963 0.005313 0.027762
v 0.042007 0.002784 0.027695
v 0.038357 0.017427 0.028785
v 0.038465 0.017712 0.030148
v 0.036516 0.014787 0.031109
v 0.037285 0.012400 0.030613
v 0.039221 0.015927 0.027981
v 0.038939 0.016290 0.029328
v 0.039687 0.014264 0.028777
v 0.040274 0.012637 0.028432
v 0.040335 0.013267 0.029888
v 0.039499 0.014895 0.029950
v 0.037997 0.018417 0.031418
v 0.038826 0.016766 0.031581
v 0.037046 0.017058 0.033906
v 0.035961 0.019140 0.033974
v 0.038831 0.016500 0.033347
v 0.037437 0.014074 0.032526
v 0.037419 0.015767 0.033586
v 0.038335 0.014832 0.033980
v 0.038512 0.012110 0.033050
v 0.038702 0.013045 0.033709
v 0.039539 0.015290 0.032350
v 0.040093 0.013741 0.031094
v 0.040664 0.011807 0.031081
v 0.039714 0.014256 0.033416
v 0.040544 0.012098 0.032988
v 0.038190 0.009955 0.030911
v 0.038400 0.010712 0.032035
v 0.038717 0.006830 0.030183
v 0.039147 0.007794 0.032017
v 0.039557 0.008662 0.033094
v 0.039884 0.009720 0.033719
v 0.040082 0.011161 0.033981
v 0.039310 0.013780 0.033999
v 0.040755 0.011253 0.033318
v 0.041271 0.010221 0.031728
v 0.040004 0.012555 0.033885
v 0.040796 0.009816 0.033801
v 0.040367 0.009371 0.033892
v 0.040631 0.011584 0.029429
v 0.041193 0.009267 0.028798
v 0.041703 0.006663 0.028523
v 0.041661 0.007915 0.029741
v 0.041348 0.009228 0.030352
v 0.039308 0.005491 0.031323
v 0.039811 0.004718 0.032197
v 0.042002 0.004681 0.029689
v 0.042287 0.002406 0.029956
v 0.042248 0.003071 0.030842
v 0.041860 0.006537 0.031025
v 0.042165 0.005225 0.031746
v 0.041529 0.008444 0.030898
v 0.041550 0.008333 0.030919
v 0.041571 0.008223 0.030940
v 0.041738 0.007103 0.032868
v 0.041292 0.009207 0.033278
v 0.041235 0.008361 0.033663
v 0.040259 0.004988 0.033046
v 0.041933 0.005795 0.033138
v 0.040884 0.007062 0.033874
v 0.041034 0.007876 0.033847
v 0.041483 0.007200 0.033677
v 0.040649 0.005127 0.033536
v 0.041087 0.005250 0.033803
v 0.041500 0.005902 0.033762
v 0.041961 0.003871 0.033471
v 0.042259 0.000579 0.033018
v 0.041917 -0.000196 0.023761
v 0.041863 0.000913 0.024830
v 0.038732 -0.000114 0.027549
v 0.038538 -0.003396 0.027439
v 0.039409 0.000481 0.030390
v 0.039581 0.002491 0.031170
v 0.041984 0.000635 0.026285
v 0.042014 0.001649 0.026532
v 0.041860 -0.001493 0.025048
v 0.042213 -0.000590 0.027270
v 0.042204 0.000883 0.028519
v 0.039224 -0.002226 0.029990
v 0.042163 -0.001429 0.029051
v 0.038178 -0.005011 0.026117
v 0.038102 -0.007094 0.027888
v 0.038670 -0.004677 0.028741
v 0.037405 -0.009770 0.027577
v 0.038695 -0.006694 0.029964
v 0.039646 -0.003735 0.031654
v 0.039654 -0.005462 0.032068
v 0.038374 -0.009143 0.030632
v 0.039182 -0.007526 0.031773
v 0.038915 -0.009178 0.032032
v 0.040189 0.001776 0.032474
v 0.039963 -0.001016 0.031939
v 0.040627 0.000820 0.033096
v 0.042312 0.001045 0.030681
v 0.042428 -0.000585 0.031470
v 0.042310 -0.002087 0.030777
v 0.042269 -0.003163 0.029781
v 0.040295 -0.001248 0.032617
v 0.040936 -0.001090 0.033460
v 0.040243 -0.003384 0.032730
v 0.042080 -0.003008 0.033101
v 0.040856 0.002322 0.033450
v 0.041279 0.002858 0.033742
v 0.041704 0.002364 0.033733
v 0.041256 0.001003 0.033677
v 0.042009 0.001690 0.033526
v 0.041937 -0.001247 0.033583
v 0.041380 -0.003813 0.033709
v 0.041014 -0.003109 0.033606
v 0.039632 -0.002786 0.031317
v 0.040465 -0.005038 0.033304
v 0.042140 -0.003707 0.031401
v 0.041722 -0.004265 0.033567
v 0.042025 -0.005774 0.031529
v 0.041837 -0.005724 0.032896
v 0.040901 -0.005420 0.033615
v 0.039655 -0.007529 0.032658
v 0.040045 -0.008472 0.033380
v 0.039389 -0.009988 0.033096
v 0.040537 -0.008449 0.033634
v 0.041127 -0.007919 0.033542
v 0.041017 -0.009338 0.033259
v 0.041727 -0.001962 0.024320
v 0.042011 -0.003079 0.025387
v 0.041572 -0.005023 0.025153
v 0.042016 -0.001676 0.026469
v 0.041876 -0.003680 0.026782
v 0.041699 -0.004752 0.026181
v 0.041908 -0.003608 0.027859
v 0.041885 -0.004862 0.028882
v 0.041453 -0.006777 0.026400
v 0.041368 -0.007901 0.025406
v 0.041857 -0.005568 0.027344
v 0.041301 -0.007832 0.027776
v 0.041639 -0.006574 0.028676
v 0.041041 -0.008805 0.026845
v 0.040213 -0.012002 0.026834
v 0.040847 -0.010580 0.027568
v 0.041039 -0.009631 0.028717
v 0.042025 -0.004632 0.030332
v 0.041715 -0.007208 0.030684
v 0.041613 -0.008062 0.029538
v 0.040601 -0.011406 0.029654
v 0.041334 -0.008950 0.031117
v 0.040985 -0.010751 0.031390
v 0.041308 -0.008723 0.032674
v 0.024262 0.032839 0.034816
v 0.024098 0.033410 0.034731
v 0.024828 0.031767 0.034573
v 0.025796 0.032309 0.034537
v 0.027354 0.030953 0.034568
v 0.026735 0.030809 0.034704
v 0.027245 0.030183 0.034665
v 0.028910 0.029712 0.034417
v 0.029367 0.028097 0.034495
v 0.028940 0.029089 0.034632
v 0.030421 0.028632 0.033820
v 0.031509 0.027138 0.034292
v 0.031806 0.025277 0.034272
v 0.031151 0.026703 0.034529
v 0.031643 0.026671 0.034439
v 0.034072 0.023192 0.034369
v 0.033257 0.024982 0.034320
v 0.034422 0.023929 0.033799
v 0.035868 0.021256 0.034187
v 0.033861 0.022535 0.034139
v 0.036178 0.021211 0.033744
v 0.036665 0.018906 0.034198
v 0.037530 0.018778 0.033787
v 0.037953 0.017408 0.034070
v 0.038261 0.015821 0.034082
v 0.039062 0.015158 0.033912
v -0.003079 -0.040075 0.033982
v -0.001548 -0.039840 0.033673
v -0.000349 -0.040224 0.033968
v 0.001341 -0.040726 0.034029
v 0.002439 -0.039345 0.032940
v 0.002002 -0.039878 0.033708
v 0.003575 -0.040199 0.034007
v 0.001222 -0.041090 0.033771
v 0.005610 -0.038685 0.032157
v 0.003372 -0.041033 0.033684
v 0.005079 -0.041043 0.033145
v 0.005077 -0.039465 0.033537
v 0.005403 -0.040333 0.034022
v 0.005734 -0.040756 0.033711
v 0.007973 -0.037871 0.030972
v 0.007666 -0.038961 0.033318
v 0.008018 -0.039252 0.033749
v 0.009749 -0.038013 0.032329
v 0.006585 -0.041050 0.031727
v 0.009045 -0.040349 0.032931
v 0.006448 -0.039920 0.033993
v 0.007885 -0.040528 0.033417
v 0.010466 -0.038481 0.033494
v 0.007458 -0.040284 0.033843
v 0.008326 -0.039750 0.033980
v 0.009577 -0.039829 0.033856
v 0.010769 -0.036727 0.029314
v 0.011420 -0.037159 0.031276
v 0.012904 -0.035944 0.028822
v 0.014261 -0.035320 0.028185
v 0.016674 -0.034359 0.028506
v 0.014614 -0.035898 0.030904
v 0.015215 -0.038527 0.027788
v 0.014435 -0.038784 0.030473
v 0.013268 -0.039386 0.029640
v 0.016212 -0.038018 0.028755
v 0.013183 -0.037033 0.032384
v 0.013725 -0.039047 0.031125
v 0.015420 -0.038566 0.031599
v 0.016460 -0.036033 0.032853
v 0.014654 -0.037158 0.033455
v 0.016975 -0.035025 0.031198
v 0.016035 -0.038144 0.033179
v 0.017182 -0.037358 0.033760
v 0.015456 -0.038102 0.033700
v 0.009719 -0.040296 0.030838
v 0.012198 -0.039579 0.030549
v 0.011322 -0.040012 0.031617
v 0.013125 -0.039189 0.033273
v 0.010870 -0.038813 0.033870
v 0.011131 -0.039145 0.033926
v 0.010241 -0.040007 0.033357
v 0.012621 -0.039085 0.033772
v 0.012425 -0.038044 0.033621
v 0.013241 -0.038316 0.033889
v 0.014905 -0.037561 0.033833
v 0.015216 -0.037924 0.033857
v 0.016813 -0.036511 0.033675
v 0.019511 -0.035882 0.033853
v 0.033083 -0.016772 0.017355
v 0.034068 -0.015151 0.017768
v 0.033138 -0.017706 0.018856
v 0.032291 -0.019446 0.019456
v 0.034864 -0.013927 0.018540
v 0.033778 -0.017010 0.019816
v 0.035083 -0.014755 0.021189
v 0.034052 -0.017096 0.021806
v 0.032185 -0.020081 0.020915
v 0.031378 -0.020386 0.018488
v 0.030637 -0.021977 0.019691
v 0.029391 -0.023601 0.019897
v 0.031257 -0.025778 0.019610
v 0.030778 -0.022274 0.021891
v 0.032605 -0.019711 0.022743
v 0.029553 -0.023873 0.022458
v 0.031500 -0.021560 0.025022
v 0.034635 -0.016286 0.024595
v 0.033147 -0.019188 0.025872
v 0.035499 -0.014771 0.026464
v 0.036497 -0.012663 0.027547
v 0.034231 -0.017431 0.026706
v 0.035216 -0.016632 0.029261
v 0.035986 -0.014504 0.028453
v 0.029799 -0.023834 0.025957
v 0.031413 -0.022031 0.027282
v 0.032288 -0.020835 0.027346
v 0.033535 -0.019012 0.027772
v 0.034231 -0.018872 0.029829
v 0.032746 -0.021013 0.029468
v 0.031804 -0.022445 0.029700
v 0.032742 -0.022359 0.031690
v 0.020626 -0.031975 0.026973
v 0.024742 -0.028691 0.022575
v 0.024742 -0.028691 0.022575
v 0.023627 -0.029795 0.026012
v 0.023627 -0.029795 0.026012
v 0.021178 -0.035586 0.025552
v 0.022985 -0.034319 0.025873
v 0.022781 -0.034305 0.024666
v 0.019338 -0.033168 0.029141
v 0.022402 -0.030978 0.027951
v 0.022402 -0.030978 0.027951
v 0.019568 -0.033884 0.031664
v 0.021168 -0.032605 0.030733
v 0.025034 -0.029029 0.028121
v 0.023594 -0.030502 0.029256
v 0.023594 -0.030502 0.029256
v 0.023637 -0.034255 0.027501
v 0.021825 -0.035101 0.027028
v 0.027545 -0.025831 0.020651
v 0.027259 -0.026362 0.022507
v 0.026544 -0.027230 0.025151
v 0.029659 -0.027733 0.020204
v 0.031253 -0.026061 0.020389
v 0.031691 -0.026134 0.022116
v 0.029800 -0.028103 0.021657
v 0.028694 -0.029319 0.021322
v 0.028270 -0.029880 0.022741
v 0.027270 -0.031040 0.023082
v 0.027270 -0.031040 0.023082
v 0.028989 -0.029260 0.023312
v 0.028019 -0.030416 0.024360
v 0.028602 -0.025200 0.025933
v 0.026421 -0.027531 0.026814
v 0.030994 -0.027409 0.022931
v 0.032177 -0.025963 0.023705
v 0.031716 -0.026694 0.024720
v 0.031983 -0.026655 0.026689
v 0.030841 -0.027797 0.025803
v 0.033008 -0.025611 0.025365
v 0.030206 -0.028340 0.024683
v 0.029056 -0.029752 0.024942
v 0.029843 -0.028994 0.025521
v 0.029298 -0.029463 0.026988
v 0.028154 -0.030426 0.025621
v 0.030049 -0.028791 0.026479
v 0.025826 -0.031916 0.022693
v 0.024740 -0.032791 0.023209
v 0.026658 -0.031554 0.024758
v 0.026658 -0.031554 0.024758
v 0.025639 -0.032331 0.024335
v 0.024153 -0.033428 0.024269
v 0.025326 -0.032921 0.025440
v 0.024476 -0.033427 0.026702
v 0.027965 -0.030687 0.026875
v 0.027072 -0.031431 0.026506
v 0.026253 -0.032081 0.026649
v 0.026253 -0.032081 0.026649
v 0.026975 -0.031842 0.027631
v 0.026076 -0.032297 0.028422
v 0.026076 -0.032297 0.028422
v 0.027044 -0.031578 0.029286
v 0.027397 -0.031487 0.027991
v 0.027655 -0.031211 0.027575
v 0.024301 -0.033700 0.028159
v 0.022724 -0.034651 0.028950
v 0.025593 -0.032862 0.029079
v 0.024516 -0.033655 0.029375
v 0.023916 -0.033923 0.029571
v 0.025998 -0.028633 0.029531
v 0.024433 -0.030393 0.030782
v 0.024433 -0.030393 0.030782
v 0.026241 -0.029568 0.032065
v 0.022139 -0.032936 0.032745
v 0.023007 -0.031578 0.031086
v 0.024343 -0.033730 0.030873
v 0.023057 -0.034538 0.031023
v 0.024153 -0.031560 0.032658
v 0.024153 -0.031560 0.032658
v 0.023634 -0.032547 0.033436
v 0.023634 -0.032547 0.033436
v 0.025927 -0.030310 0.032843
v 0.026121 -0.030823 0.033533
v 0.024389 -0.032713 0.033794
v 0.024389 -0.032713 0.033794
v 0.027727 -0.030386 0.033751
v 0.025434 -0.032570 0.033713
v 0.024355 -0.033390 0.033646
v 0.024355 -0.033390 0.033646
v 0.025262 -0.033094 0.033074
v 0.025262 -0.033094 0.033074
v 0.029132 -0.024950 0.027640
v 0.027981 -0.026405 0.028451
v 0.030414 -0.023576 0.028082
v 0.029977 -0.024901 0.030071
v 0.027961 -0.027481 0.031039
v 0.033718 -0.024604 0.026832
v 0.033033 -0.025623 0.028314
v 0.031978 -0.027026 0.028870
v 0.030875 -0.028226 0.027362
v 0.029815 -0.029166 0.028724
v 0.030902 -0.028154 0.029522
v 0.031485 -0.027580 0.027870
v 0.030418 -0.028739 0.030229
v 0.031228 -0.024505 0.032051
v 0.029632 -0.026683 0.032538
v 0.027715 -0.028792 0.032852
v 0.030187 -0.026888 0.033295
v 0.032963 -0.026117 0.029642
v 0.033806 -0.024771 0.029208
v 0.035290 -0.023009 0.031411
v 0.035074 -0.023106 0.028929
v 0.034398 -0.024413 0.031503
v 0.033381 -0.025587 0.030666
v 0.033230 -0.025703 0.032854
v 0.031118 -0.028293 0.031663
v 0.032162 -0.027000 0.031398
v 0.031489 -0.027691 0.033027
v 0.028148 -0.030707 0.028231
v 0.028888 -0.030302 0.029880
v 0.028849 -0.030253 0.028919
v 0.027769 -0.031068 0.030099
v 0.028741 -0.030351 0.031141
v 0.027398 -0.031698 0.031689
v 0.025300 -0.033166 0.029634
v 0.025747 -0.032770 0.030605
v 0.025747 -0.032770 0.030605
v 0.024168 -0.033946 0.032302
v 0.029704 -0.029490 0.029673
v 0.029776 -0.029463 0.031247
v 0.028008 -0.031004 0.033002
v 0.027921 -0.029316 0.033493
v 0.028804 -0.028997 0.033680
v 0.029631 -0.029246 0.033531
v 0.026484 -0.031926 0.033595
v 0.035416 -0.016896 0.015808
v 0.036267 -0.014830 0.015740
v 0.036424 -0.016205 0.016624
v 0.035855 -0.017451 0.017303
v 0.036507 -0.017113 0.018603
v 0.034717 -0.018838 0.016441
v 0.034112 -0.020524 0.016767
v 0.034897 -0.019769 0.017897
v 0.035574 -0.018329 0.017588
v 0.035945 -0.018838 0.018609
v 0.037212 -0.014955 0.017679
v 0.037929 -0.014497 0.018561
v 0.037074 -0.015681 0.018220
v 0.037614 -0.015792 0.020083
v 0.035398 -0.020033 0.019875
v 0.036592 -0.018047 0.020197
v 0.037611 -0.016908 0.021161
v 0.037062 -0.018172 0.022126
v 0.036242 -0.019315 0.021457
v 0.033449 -0.021084 0.016443
v 0.033677 -0.021581 0.017745
v 0.033381 -0.022997 0.018669
v 0.034365 -0.021520 0.019577
v 0.032877 -0.023222 0.018190
v 0.032864 -0.023908 0.019947
v 0.034187 -0.022179 0.020322
v 0.032419 -0.025135 0.020781
v 0.035162 -0.021288 0.020869
v 0.034166 -0.022721 0.021569
v 0.034844 -0.022042 0.022338
v 0.035775 -0.020531 0.022074
v 0.036140 -0.020210 0.022705
v 0.033230 -0.024291 0.022137
v 0.034279 -0.023497 0.023053
v 0.033521 -0.024412 0.024224
v 0.038178 -0.015931 0.022306
v 0.038876 -0.014896 0.023049
v 0.037462 -0.018047 0.024232
v 0.036837 -0.019411 0.022941
v 0.038516 -0.015832 0.024322
v 0.039662 -0.012865 0.024247
v 0.039305 -0.014054 0.024799
v 0.040004 -0.012835 0.025528
v 0.039483 -0.014064 0.026633
v 0.038199 -0.016743 0.024838
v 0.038722 -0.015896 0.026339
v 0.038146 -0.017569 0.025734
v 0.037195 -0.018742 0.024935
v 0.037761 -0.018266 0.028095
v 0.038440 -0.016816 0.027223
v 0.038743 -0.016531 0.029106
v 0.039341 -0.014745 0.027445
v 0.039229 -0.015530 0.027848
v 0.035363 -0.021688 0.024027
v 0.036114 -0.020577 0.024467
v 0.036409 -0.020621 0.026708
v 0.035759 -0.021870 0.025868
v 0.034887 -0.022583 0.024554
v 0.034474 -0.023386 0.026144
v 0.035236 -0.022512 0.027248
v 0.037280 -0.018958 0.026599
v 0.037068 -0.019966 0.027765
v 0.037485 -0.019182 0.029657
v 0.036323 -0.021058 0.028756
v 0.034547 -0.023953 0.027753
v 0.035881 -0.022130 0.029663
v 0.037276 -0.011697 0.029413
v 0.036656 -0.014751 0.030915
v 0.038064 -0.011825 0.031780
v 0.038637 -0.012177 0.032915
v 0.039270 -0.011830 0.033452
v 0.037394 -0.014406 0.032265
v 0.036898 -0.016026 0.032607
v 0.038107 -0.014074 0.033103
v 0.038066 -0.015154 0.033452
v 0.039632 -0.012305 0.033615
v 0.037055 -0.018538 0.033615
v 0.034426 -0.019857 0.031787
v 0.035783 -0.017538 0.031906
v 0.034561 -0.020969 0.033026
v 0.032598 -0.023601 0.032939
v 0.036275 -0.017739 0.032860
v 0.036571 -0.018271 0.033418
v 0.035052 -0.020918 0.033461
v 0.040264 -0.011472 0.033501
v 0.034472 -0.024184 0.032762
v 0.033020 -0.024069 0.033533
v 0.034077 -0.023590 0.033668
v 0.036484 -0.021054 0.033002
v 0.034384 -0.024014 0.033289
v 0.036484 -0.020427 0.033496
v 0.032853 -0.025682 0.033530
v 0.030811 -0.026733 0.033572
v 0.031587 -0.026462 0.033693
v 0.040037 -0.012900 0.028243
v 0.040449 -0.011812 0.028740
v 0.039572 -0.014520 0.028895
v 0.040236 -0.013133 0.029586
v 0.039814 -0.014225 0.030708
v 0.038741 -0.016887 0.030814
v 0.038341 -0.017748 0.029628
v 0.039453 -0.015498 0.031509
v 0.040449 -0.012368 0.031133
v 0.040885 -0.011008 0.032265
v 0.040325 -0.012492 0.032869
v 0.039334 -0.015295 0.032924
v 0.039363 -0.014328 0.033484
v 0.038454 -0.016644 0.033436
v 0.037907 -0.018620 0.030786
v 0.037696 -0.018949 0.032611
v 0.037216 -0.020163 0.031543
v 0.036312 -0.021443 0.030687
v 0.038015 -0.018036 0.033106
v 0.018734 -0.036843 0.026812
v 0.018181 -0.037177 0.028592
v 0.016457 -0.037995 0.030624
v 0.017436 -0.037727 0.029708
v 0.019488 -0.036708 0.027853
v 0.020728 -0.035781 0.028147
v 0.020179 -0.036185 0.029059
v 0.019273 -0.036611 0.029946
v 0.018290 -0.037163 0.030883
v 0.018010 -0.037278 0.033225
v 0.019325 -0.036801 0.031719
v 0.020583 -0.036005 0.031109
v 0.021366 -0.035698 0.029549
v 0.021920 -0.035251 0.030604
v 0.021688 -0.035338 0.031213
v 0.021523 -0.035534 0.032170
v 0.020242 -0.036286 0.032409
v 0.018166 -0.035369 0.033115
v 0.020263 -0.034303 0.033125
v 0.019170 -0.035463 0.033693
v 0.021610 -0.034009 0.033598
v 0.020636 -0.035964 0.033188
v 0.020935 -0.035521 0.033726
v 0.022827 -0.034900 0.031748
v 0.023054 -0.034605 0.033009
v 0.023407 -0.033769 0.033778
v 0.023061 -0.034398 0.033498
f 1 2 3
f 4 3 5
f 1 3 6
f 4 6 3
f 1 6 7
f 4 8 9
f 4 10 6
f 7 6 10
f 11 12 13
f 14 16 13
f 13 17 14
f 18 19 20
f 21 13 12
f 22 21 23
f 22 24 25
f 21 22 17
f 17 13 21
f 27 14 17
f 27 17 22
f 29 23 30
f 31 32 12
f 30 32 31
f 21 32 23
f 32 21 12
f 19 30 31
f 30 23 32
f 23 24 22
f 29 24 23
f 30 19 18
f 33 34 35
f 33 30 18
f 34 33 36
f 37 34 36
f 36 33 38
f 39 24 40
f 41 39 42
f 43 39 40
f 42 39 43
f 43 44 45
f 43 45 42
f 45 41 42
f 46 45 44
f 29 30 35
f 44 43 47
f 47 29 35
f 33 35 30
f 40 29 47
f 40 24 29
f 43 40 47
f 48 49 50
f 34 44 35
f 44 47 35
f 46 44 37
f 37 44 34
f 51 52 53
f 54 55 56
f 57 58 59
f 60 55 61
f 61 59 62
f 59 61 55
f 63 66 67
f 68 69 71
f 71 54 68
f 72 73 64
f 74 70 75
f 77 74 78
f 72 70 74
f 69 63 71
f 63 79 80
f 71 63 80
f 64 73 65
f 72 64 70
f 81 82 67
f 79 67 82
f 83 57 82
f 84 83 82
f 84 82 81
f 84 85 83
f 86 87 88
f 81 67 86
f 86 67 66
f 86 66 87
f 86 53 81
f 84 81 53
f 86 88 53
f 52 89 53
f 53 89 84
f 88 51 53
f 79 90 54
f 79 54 71
f 71 80 79
f 90 79 82
f 82 57 90
f 90 57 55
f 90 55 54
f 58 57 83
f 57 59 55
f 67 79 63
f 91 92 93
f 91 93 95
f 91 95 96
f 97 98 99
f 99 100 97
f 101 102 103
f 101 104 102
f 104 105 102
f 106 107 104
f 108 109 110
f 110 111 108
f 112 113 114
f 97 109 98
f 114 110 109
f 97 114 109
f 112 114 97
f 114 113 110
f 115 110 113
f 116 117 118
f 119 118 117
f 111 110 101
f 111 101 103
f 120 101 110
f 120 104 101
f 121 106 104
f 121 104 120
f 115 120 110
f 120 115 117
f 119 117 115
f 117 121 120
f 121 117 116
f 116 106 121
f 122 123 125
f 78 127 128
f 127 129 128
f 129 127 122
f 130 129 122
f 122 127 123
f 126 131 132
f 122 125 134
f 125 133 134
f 132 131 135
f 136 138 139
f 133 136 139
f 140 139 138
f 137 132 135
f 141 142 130
f 143 129 130
f 140 144 145
f 145 141 139
f 142 141 145
f 145 139 140
f 146 142 145
f 145 144 146
f 134 130 122
f 134 141 130
f 134 133 141
f 141 133 139
f 147 137 148
f 149 151 147
f 149 152 151
f 154 152 155
f 155 156 154
f 154 156 157
f 152 154 158
f 154 157 158
f 155 152 149
f 157 160 161
f 162 157 161
f 161 164 162
f 158 157 162
f 165 144 166
f 167 166 144
f 168 167 169
f 168 166 167
f 166 168 170
f 168 171 172
f 173 168 172
f 174 175 172
f 173 172 175
f 138 176 140
f 150 177 178
f 178 169 176
f 177 169 178
f 151 180 147
f 138 179 176
f 150 178 179
f 147 180 137
f 179 138 136
f 176 179 178
f 153 177 150
f 176 144 140
f 144 176 169
f 144 165 146
f 169 167 144
f 181 182 183
f 153 184 177
f 153 159 184
f 169 177 171
f 177 184 171
f 184 163 185
f 159 163 184
f 185 163 186
f 171 184 185
f 171 185 187
f 172 171 187
f 187 185 174
f 172 187 174
f 171 168 169
f 188 189 182
f 190 189 191
f 191 189 188
f 192 193 194
f 194 193 195
f 194 196 192
f 194 197 196
f 198 199 200
f 195 193 131
f 201 131 193
f 148 201 198
f 148 135 201
f 201 135 131
f 199 193 192
f 202 199 192
f 193 199 201
f 201 199 198
f 60 203 204
f 203 205 204
f 205 203 206
f 206 203 207
f 196 197 56
f 60 196 56
f 56 55 60
f 192 204 202
f 204 192 60
f 60 192 196
f 203 60 207
f 61 208 207
f 207 60 61
f 202 209 210
f 199 202 210
f 204 209 202
f 210 109 200
f 210 98 109
f 210 200 199
f 211 209 212
f 205 212 209
f 211 99 209
f 209 204 205
f 210 209 98
f 99 98 209
f 213 214 215
f 216 214 213
f 217 124 76
f 76 69 68
f 76 68 217
f 217 194 195
f 126 124 195
f 124 217 195
f 197 194 217
f 68 197 217
f 197 54 56
f 197 68 54
f 75 127 74
f 127 75 123
f 78 74 127
f 92 218 93
f 94 219 220
f 131 126 195
f 221 222 183
f 222 221 223
f 220 223 224
f 226 223 220
f 221 224 223
f 227 228 94
f 227 215 228
f 220 227 94
f 94 228 95
f 220 213 227
f 213 220 224
f 215 227 213
f 229 230 231
f 230 232 231
f 233 200 108
f 233 229 198
f 230 229 233
f 200 233 198
f 103 232 230
f 108 234 233
f 230 233 234
f 230 234 103
f 148 229 149
f 198 229 148
f 148 137 135
f 147 148 149
f 149 229 231
f 231 155 149
f 235 236 160
f 231 232 155
f 155 232 235
f 235 160 155
f 164 160 236
f 107 236 235
f 237 232 103
f 237 105 235
f 237 102 105
f 235 232 237
f 102 237 103
f 104 107 105
f 105 107 235
f 160 156 155
f 156 160 157
f 164 161 160
f 238 239 240
f 241 238 240
f 242 240 239
f 108 200 109
f 108 111 234
f 103 234 111
f 241 243 244
f 244 216 241
f 213 224 245
f 216 213 245
f 216 245 241
f 238 241 245
f 214 216 244
f 246 243 241
f 240 246 241
f 224 238 245
f 224 247 238
f 238 247 248
f 221 247 224
f 247 221 183
f 182 247 183
f 182 248 247
f 190 239 248
f 248 239 238
f 189 190 248
f 189 248 182
f 191 249 190
f 250 251 252
f 252 253 254
f 253 255 254
f 255 256 254
f 256 255 257
f 257 255 258
f 259 260 261
f 260 262 261
f 261 263 259
f 264 265 266
f 259 263 266
f 266 263 264
f 267 264 263
f 268 269 270
f 268 270 265
f 269 268 271
f 272 273 271
f 271 274 272
f 268 265 264
f 275 268 264
f 275 264 276
f 264 267 276
f 276 277 275
f 277 276 267
f 278 279 275
f 271 268 279
f 279 268 275
f 279 278 274
f 274 271 279
f 277 278 275
f 280 278 277
f 262 251 250
f 281 262 250
f 262 281 261
f 263 261 281
f 282 250 252
f 281 250 282
f 282 283 281
f 284 263 281
f 263 284 267
f 283 285 281
f 285 284 281
f 254 282 252
f 282 254 256
f 256 286 282
f 286 256 257
f 286 257 258
f 282 287 283
f 285 283 287
f 285 287 288
f 287 282 286
f 286 289 287
f 286 290 289
f 287 289 288
f 291 267 284
f 292 267 291
f 277 267 292
f 291 284 285
f 291 285 293
f 291 293 292
f 280 292 294
f 294 293 295
f 296 295 293
f 297 294 295
f 280 277 292
f 293 294 292
f 298 278 280
f 288 299 296
f 299 288 289
f 300 299 289
f 299 300 301
f 293 285 288
f 293 288 296
f 295 296 302
f 302 296 303
f 302 297 295
f 304 303 296
f 299 305 296
f 305 299 301
f 304 296 305
f 305 306 304
f 307 308 309
f 307 310 311
f 312 313 314
f 315 312 314
f 316 315 317
f 315 316 312
f 318 314 319
f 78 320 77
f 319 77 321
f 320 321 77
f 322 315 323
f 323 324 322
f 324 323 325
f 325 321 326
f 325 326 327
f 325 328 324
f 325 327 329
f 325 329 328
f 328 329 330
f 318 319 323
f 318 323 315
f 315 314 318
f 323 321 325
f 319 321 323
f 326 321 320
f 331 332 330
f 333 334 331
f 335 334 333
f 336 335 333
f 331 330 337
f 338 337 339
f 336 333 331
f 331 337 336
f 340 316 317
f 317 341 340
f 342 343 340
f 342 344 343
f 309 345 344
f 344 313 343
f 343 313 316
f 313 312 316
f 343 316 340
f 346 342 347
f 347 342 341
f 341 342 340
f 335 347 341
f 348 346 347
f 344 342 349
f 346 349 342
f 309 344 349
f 307 309 349
f 350 349 346
f 349 350 307
f 322 317 315
f 351 317 322
f 317 351 341
f 351 322 328
f 351 328 332
f 332 328 330
f 322 324 328
f 332 331 351
f 352 353 354
f 355 352 354
f 334 341 351
f 335 341 334
f 334 351 331
f 356 355 354
f 356 357 355
f 358 359 361
f 358 361 362
f 362 363 358
f 364 366 367
f 369 365 370
f 369 371 373
f 88 360 373
f 359 358 372
f 373 371 88
f 371 369 374
f 369 370 374
f 371 51 88
f 371 374 51
f 367 372 363
f 368 367 366
f 367 368 372
f 364 367 363
f 363 372 358
f 375 376 377
f 378 379 380
f 381 378 380
f 378 382 379
f 383 378 381
f 378 383 384
f 385 386 308
f 308 307 385
f 308 362 345
f 309 308 345
f 308 386 362
f 386 379 363
f 363 379 364
f 380 379 386
f 363 362 386
f 311 386 385
f 381 386 311
f 387 381 311
f 385 307 311
f 380 386 381
f 388 389 390
f 364 382 391
f 391 366 364
f 382 392 391
f 392 394 391
f 16 394 392
f 394 366 391
f 384 392 378
f 16 392 384
f 11 384 12
f 384 11 16
f 378 392 382
f 394 16 14
f 11 13 16
f 379 382 364
f 395 396 375
f 388 390 396
f 395 388 396
f 397 395 375
f 395 397 388
f 314 398 73
f 314 313 398
f 360 87 399
f 399 87 66
f 400 65 401
f 65 398 401
f 359 400 361
f 401 361 400
f 73 398 65
f 401 402 362
f 313 402 398
f 401 398 402
f 345 362 402
f 401 362 361
f 403 404 396
f 314 72 319
f 319 72 77
f 72 314 73
f 72 74 77
f 352 405 353
f 92 404 406
f 404 403 406
f 360 88 87
f 407 91 96
f 376 396 404
f 376 404 407
f 375 396 376
f 91 404 92
f 407 404 91
f 345 313 344
f 345 402 313
f 353 403 408
f 390 403 396
f 390 408 403
f 409 408 390
f 389 409 390
f 408 354 353
f 403 353 406
f 410 356 354
f 410 354 408
f 411 412 413
f 414 387 310
f 350 415 307
f 310 307 415
f 416 310 415
f 387 311 310
f 417 310 416
f 416 418 417
f 418 419 417
f 413 414 417
f 413 417 420
f 414 310 417
f 413 412 414
f 411 413 421
f 421 422 411
f 423 422 421
f 424 423 421
f 424 425 426
f 426 423 424
f 427 413 420
f 427 420 419
f 419 420 417
f 428 427 419
f 421 413 427
f 429 421 427
f 429 427 428
f 430 428 431
f 424 429 428
f 430 424 428
f 424 421 429
f 432 418 433
f 433 418 434
f 433 434 435
f 435 436 433
f 336 437 335
f 437 336 438
f 438 337 338
f 336 337 438
f 439 437 438
f 440 438 338
f 439 438 440
f 441 439 440
f 442 439 441
f 439 435 437
f 434 437 435
f 435 439 442
f 416 350 348
f 416 415 350
f 348 350 346
f 443 348 335
f 348 347 335
f 443 335 437
f 434 348 443
f 443 437 434
f 444 410 445
f 434 418 348
f 416 348 418
f 444 356 410
f 446 357 356
f 446 356 444
f 444 447 446
f 432 448 419
f 448 432 436
f 432 433 436
f 431 448 449
f 449 450 451
f 449 436 450
f 436 449 448
f 452 449 451
f 450 442 453
f 441 454 442
f 454 273 455
f 453 442 454
f 450 435 442
f 436 435 450
f 451 450 453
f 451 453 456
f 455 456 453
f 454 455 453
f 456 455 457
f 419 418 432
f 419 448 428
f 448 431 428
f 458 447 444
f 459 458 444
f 460 458 459
f 461 383 381
f 12 384 383
f 383 462 12
f 463 464 462
f 465 12 464
f 462 464 12
f 461 462 383
f 463 462 461
f 412 461 414
f 463 461 412
f 463 412 411
f 465 464 20
f 20 464 463
f 20 31 465
f 466 18 20
f 20 463 466
f 31 20 19
f 414 461 387
f 461 381 387
f 467 468 389
f 389 469 467
f 397 470 388
f 49 470 397
f 465 31 12
f 49 469 470
f 389 388 470
f 470 469 389
f 18 466 423
f 38 18 423
f 463 411 466
f 422 466 411
f 466 422 423
f 471 38 423
f 471 423 426
f 36 38 471
f 33 18 38
f 468 467 472
f 467 473 472
f 473 467 469
f 474 472 473
f 49 475 469
f 475 49 48
f 469 475 473
f 476 473 475
f 477 473 476
f 476 475 48
f 409 389 468
f 445 409 468
f 410 408 409
f 445 410 409
f 445 468 478
f 459 444 445
f 478 459 445
f 472 478 468
f 459 478 472
f 479 459 472
f 480 481 482
f 480 482 483
f 484 485 486
f 487 488 486
f 487 486 480
f 486 481 480
f 482 489 490
f 483 482 490
f 491 490 142
f 491 146 165
f 146 491 142
f 492 490 491
f 492 491 493
f 483 490 480
f 487 480 490
f 494 490 495
f 490 492 495
f 495 493 496
f 495 492 493
f 497 495 496
f 481 498 499
f 320 500 326
f 327 326 500
f 500 498 481
f 327 500 481
f 128 129 501
f 128 501 498
f 143 501 129
f 499 501 143
f 143 482 499
f 481 499 482
f 499 498 501
f 128 320 78
f 498 500 320
f 498 320 128
f 485 327 481
f 329 327 485
f 330 329 485
f 485 481 486
f 143 142 489
f 143 130 142
f 482 143 489
f 490 489 142
f 503 504 222
f 183 222 504
f 506 183 504
f 507 509 511
f 512 505 502
f 511 505 507
f 512 507 505
f 504 510 506
f 513 485 484
f 513 514 515
f 513 330 485
f 516 488 487
f 488 484 486
f 514 484 488
f 484 514 513
f 514 488 516
f 514 516 517
f 515 338 339
f 518 515 514
f 519 514 517
f 338 515 518
f 518 514 520
f 520 514 519
f 521 330 513
f 521 513 515
f 337 330 521
f 339 337 521
f 339 521 515
f 517 494 522
f 494 523 522
f 524 522 523
f 495 525 523
f 524 523 525
f 487 494 516
f 494 517 516
f 494 487 490
f 494 495 523
f 522 519 517
f 522 526 519
f 520 519 527
f 519 526 527
f 526 522 524
f 526 524 260
f 528 507 357
f 512 405 352
f 357 512 352
f 355 357 352
f 512 357 507
f 529 528 357
f 528 509 507
f 530 509 528
f 529 530 528
f 531 491 165
f 491 531 532
f 496 493 532
f 493 491 532
f 532 531 533
f 531 165 166
f 531 166 534
f 166 170 534
f 534 533 531
f 497 533 535
f 535 536 537
f 535 538 536
f 496 533 497
f 532 533 496
f 533 534 538
f 535 533 538
f 173 539 170
f 170 168 173
f 534 170 539
f 538 534 539
f 540 173 175
f 173 540 539
f 536 538 539
f 541 536 539
f 540 542 539
f 543 539 542
f 183 506 181
f 510 181 506
f 544 181 510
f 510 545 544
f 545 510 508
f 546 181 544
f 547 546 544
f 181 546 188
f 181 188 182
f 191 188 548
f 546 548 188
f 525 495 497
f 535 525 497
f 525 535 537
f 251 524 525
f 260 524 251
f 251 262 260
f 251 525 537
f 537 252 251
f 541 537 536
f 541 539 543
f 549 541 543
f 537 541 549
f 537 549 253
f 549 543 550
f 550 543 542
f 255 549 550
f 255 550 551
f 537 253 252
f 253 549 255
f 547 544 545
f 553 545 508
f 553 547 545
f 552 509 530
f 554 546 547
f 405 225 406
f 225 218 406
f 226 220 219
f 503 222 226
f 406 218 92
f 405 502 225
f 405 406 353
f 512 502 405
f 222 223 226
f 338 555 440
f 555 338 518
f 520 556 518
f 557 556 520
f 558 556 557
f 555 518 556
f 555 556 558
f 558 441 555
f 441 440 555
f 270 441 558
f 265 558 557
f 558 265 270
f 557 520 527
f 527 266 557
f 527 526 266
f 266 526 260
f 259 266 260
f 265 557 266
f 559 560 529
f 529 357 446
f 447 529 446
f 561 529 447
f 529 560 530
f 454 441 269
f 441 270 269
f 273 454 269
f 269 271 273
f 559 529 561
f 562 455 272
f 272 455 273
f 563 564 565
f 560 559 564
f 564 559 565
f 564 563 566
f 566 567 564
f 458 561 447
f 458 565 561
f 559 561 565
f 568 552 530
f 560 568 530
f 568 560 569
f 570 547 553
f 571 552 568
f 547 570 554
f 569 571 568
f 572 573 571
f 569 560 567
f 567 575 569
f 567 560 564
f 572 576 573
f 569 572 571
f 569 578 572
f 579 578 569
f 576 572 578
f 580 581 582
f 583 584 585
f 580 584 583
f 585 586 587
f 584 586 585
f 586 584 588
f 589 590 591
f 592 591 590
f 590 593 594
f 595 594 593
f 594 592 590
f 591 592 596
f 586 595 593
f 597 598 586
f 595 586 598
f 599 595 598
f 599 594 595
f 600 601 602
f 603 600 602
f 603 602 604
f 604 605 603
f 600 603 606
f 607 606 603
f 607 603 605
f 608 601 609
f 610 601 608
f 608 611 610
f 610 602 601
f 612 613 28
f 612 611 613
f 613 608 15
f 608 393 15
f 611 608 613
f 28 613 15
f 614 610 611
f 615 614 611
f 616 617 618
f 614 619 620
f 615 619 614
f 621 619 615
f 619 617 620
f 622 617 619
f 621 622 619
f 623 622 621
f 610 620 604
f 610 604 602
f 616 605 604
f 616 604 620
f 620 617 616
f 620 610 614
f 624 625 626
f 627 628 629
f 607 630 631
f 632 633 630
f 633 634 635
f 632 634 633
f 636 637 638
f 632 607 636
f 632 630 607
f 638 632 636
f 605 636 607
f 638 639 632
f 638 637 639
f 632 639 640
f 634 641 635
f 640 634 632
f 640 642 634
f 641 634 642
f 642 643 641
f 644 641 643
f 643 645 644
f 640 643 642
f 640 639 646
f 639 647 646
f 646 648 640
f 646 647 648
f 649 650 648
f 643 640 648
f 651 618 637
f 652 637 618
f 653 618 617
f 652 618 653
f 654 637 652
f 654 652 655
f 656 655 652
f 622 623 657
f 657 623 658
f 656 622 657
f 659 656 657
f 617 622 653
f 622 656 653
f 660 661 659
f 656 659 661
f 656 652 653
f 605 651 636
f 616 651 605
f 616 618 651
f 651 637 636
f 637 654 639
f 626 625 662
f 625 663 662
f 664 662 663
f 654 665 647
f 666 647 665
f 665 654 655
f 665 655 666
f 667 666 655
f 667 668 669
f 670 669 668
f 666 649 647
f 648 647 649
f 669 650 649
f 649 666 669
f 666 667 669
f 655 656 667
f 667 656 661
f 661 628 667
f 660 628 661
f 629 628 660
f 667 628 668
f 628 627 668
f 654 647 639
f 671 672 663
f 664 663 672
f 671 673 672
f 664 672 674
f 675 676 678
f 679 677 680
f 681 677 679
f 682 677 681
f 675 678 683
f 682 681 684
f 681 679 685
f 681 685 686
f 686 687 681
f 686 684 687
f 688 689 682
f 688 684 691
f 684 681 687
f 682 684 688
f 692 694 695
f 697 615 694
f 692 697 694
f 692 698 697
f 699 696 700
f 701 693 696
f 696 699 701
f 702 701 699
f 701 703 704
f 705 698 692
f 701 704 693
f 703 701 702
f 612 28 26
f 696 25 700
f 25 27 22
f 26 695 694
f 612 26 694
f 612 694 611
f 615 611 694
f 706 707 708
f 24 700 25
f 699 700 24
f 709 706 708
f 49 706 709
f 698 621 615
f 698 615 697
f 621 698 710
f 621 710 623
f 710 711 623
f 712 710 698
f 711 710 676
f 712 698 705
f 680 704 703
f 704 680 713
f 680 677 713
f 678 676 712
f 676 710 712
f 708 714 715
f 707 624 716
f 624 626 716
f 708 707 716
f 709 708 715
f 714 716 626
f 714 708 716
f 717 718 719
f 717 702 41
f 39 699 24
f 699 39 702
f 41 702 39
f 718 717 41
f 703 717 720
f 719 720 717
f 720 685 703
f 717 703 702
f 721 719 718
f 722 718 41
f 722 41 45
f 685 720 719
f 719 686 685
f 721 686 719
f 723 724 725
f 50 49 724
f 49 709 724
f 723 50 724
f 48 50 723
f 685 680 703
f 685 679 680
f 726 709 715
f 726 724 709
f 725 724 726
f 727 725 726
f 726 715 728
f 729 727 726
f 660 730 629
f 731 711 675
f 731 730 711
f 731 732 730
f 675 733 731
f 734 732 731
f 735 629 730
f 730 732 735
f 735 732 736
f 737 738 739
f 737 629 735
f 629 737 627
f 736 737 735
f 627 737 739
f 740 741 734
f 734 736 732
f 734 741 736
f 738 737 736
f 742 738 736
f 741 742 736
f 742 743 738
f 741 744 742
f 745 742 744
f 746 745 744
f 733 690 747
f 683 733 675
f 683 690 733
f 733 734 731
f 747 734 733
f 734 747 740
f 748 740 747
f 750 747 690
f 748 747 750
f 749 689 751
f 751 689 688
f 752 751 688
f 751 753 749
f 753 754 749
f 756 749 754
f 755 757 748
f 758 757 755
f 754 760 756
f 760 759 756
f 757 758 744
f 758 761 744
f 763 764 744
f 763 744 761
f 762 759 760
f 761 765 763
f 748 741 740
f 741 748 757
f 741 757 744
f 750 755 748
f 766 767 768
f 768 769 770
f 711 657 658
f 711 658 623
f 711 730 657
f 659 657 730
f 660 659 730
f 711 676 675
f 771 772 714
f 772 771 773
f 662 771 626
f 626 771 714
f 664 773 662
f 773 771 662
f 773 664 674
f 772 773 774
f 774 770 772
f 674 774 773
f 774 674 775
f 728 715 714
f 728 714 776
f 776 714 772
f 729 726 728
f 728 776 769
f 776 770 769
f 776 772 770
f 777 668 627
f 778 777 779
f 779 777 780
f 779 780 781
f 781 780 782
f 783 781 784
f 781 782 784
f 784 785 786
f 787 788 789
f 787 790 788
f 788 791 792
f 645 793 644
f 793 645 794
f 795 645 643
f 795 794 645
f 795 789 796
f 793 794 797
f 794 798 797
f 799 797 798
f 795 796 794
f 798 794 796
f 800 795 648
f 800 789 795
f 650 800 648
f 787 800 650
f 800 787 789
f 643 648 795
f 788 801 789
f 796 789 801
f 802 792 803
f 804 796 801
f 796 799 798
f 799 796 804
f 582 799 805
f 804 805 799
f 806 805 804
f 805 806 807
f 580 582 805
f 580 805 807
f 801 788 804
f 792 808 804
f 804 808 806
f 792 804 788
f 806 808 807
f 807 808 809
f 792 802 808
f 809 808 802
f 810 811 670
f 811 650 669
f 790 787 650
f 650 811 790
f 811 669 670
f 790 810 812
f 810 779 812
f 791 790 812
f 788 790 791
f 790 811 810
f 778 670 668
f 778 810 670
f 668 777 778
f 674 813 814
f 810 778 779
f 781 815 779
f 672 673 813
f 816 817 813
f 813 673 816
f 674 672 813
f 814 813 817
f 815 812 779
f 812 815 783
f 812 803 791
f 803 792 791
f 803 812 783
f 818 802 803
f 818 819 820
f 818 821 802
f 783 818 803
f 819 818 783
f 815 781 783
f 822 814 817
f 786 819 783
f 784 786 783
f 823 817 816
f 823 824 817
f 824 822 817
f 785 825 826
f 826 827 828
f 829 828 827
f 802 821 809
f 830 831 832
f 833 834 807
f 834 580 807
f 580 834 584
f 835 584 833
f 833 584 834
f 835 588 584
f 597 588 835
f 809 833 807
f 833 809 836
f 833 836 835
f 835 836 831
f 821 836 809
f 832 836 821
f 831 836 832
f 835 831 837
f 835 837 838
f 837 831 839
f 838 597 835
f 838 840 597
f 841 840 838
f 597 586 588
f 598 840 842
f 840 841 842
f 598 842 843
f 840 598 597
f 838 837 841
f 837 839 841
f 844 841 839
f 842 845 843
f 841 845 842
f 845 846 843
f 841 844 845
f 819 786 820
f 820 821 818
f 832 821 820
f 847 832 820
f 847 820 848
f 832 847 830
f 830 839 831
f 848 830 847
f 786 826 848
f 820 786 848
f 826 786 785
f 828 848 826
f 828 849 848
f 824 823 850
f 830 851 839
f 852 853 851
f 839 851 844
f 851 830 852
f 848 852 830
f 844 851 853
f 845 844 853
f 854 845 853
f 855 854 853
f 852 848 849
f 852 849 856
f 829 849 828
f 829 856 849
f 856 853 852
f 857 853 856
f 829 857 856
f 858 857 829
f 859 850 860
f 860 861 859
f 862 824 850
f 850 859 862
f 739 738 743
f 739 777 627
f 739 863 777
f 739 743 863
f 863 743 864
f 780 864 865
f 863 864 780
f 777 863 780
f 743 742 745
f 743 866 864
f 746 743 745
f 866 743 746
f 866 746 867
f 866 868 864
f 868 865 864
f 866 867 868
f 869 775 870
f 869 871 775
f 872 873 868
f 873 874 868
f 874 873 875
f 865 876 782
f 780 865 782
f 876 877 878
f 879 876 878
f 876 784 782
f 865 868 874
f 874 877 865
f 875 877 874
f 870 880 869
f 876 865 877
f 877 875 878
f 744 881 746
f 867 746 881
f 881 744 764
f 872 868 867
f 881 872 867
f 882 881 764
f 883 872 884
f 872 881 884
f 883 873 872
f 882 884 881
f 764 763 885
f 764 885 882
f 886 882 885
f 765 885 763
f 887 885 765
f 885 887 886
f 886 884 882
f 888 883 884
f 888 884 886
f 770 774 871
f 871 768 770
f 766 768 871
f 875 873 889
f 883 889 873
f 889 883 890
f 891 875 889
f 892 893 891
f 875 891 894
f 890 891 889
f 890 892 891
f 895 888 886
f 883 896 890
f 896 883 888
f 896 888 895
f 897 898 896
f 896 899 897
f 898 897 900
f 898 892 890
f 896 898 890
f 766 871 869
f 901 766 869
f 869 902 901
f 902 880 903
f 869 880 902
f 901 904 766
f 905 901 902
f 775 674 814
f 775 871 774
f 814 870 775
f 822 870 814
f 870 822 906
f 880 870 906
f 907 894 908
f 907 908 909
f 909 908 910
f 879 878 911
f 879 911 825
f 911 912 825
f 825 785 784
f 825 784 879
f 784 876 879
f 912 826 825
f 912 911 909
f 912 909 913
f 826 912 827
f 827 912 914
f 913 914 912
f 907 911 878
f 894 907 878
f 878 875 894
f 909 911 907
f 909 910 915
f 906 916 917
f 910 918 915
f 919 920 915
f 919 921 920
f 827 914 829
f 922 829 914
f 923 914 913
f 922 914 923
f 923 924 925
f 858 829 922
f 926 858 925
f 925 922 923
f 925 858 922
f 920 909 915
f 913 909 920
f 920 923 913
f 920 921 923
f 916 927 917
f 923 928 924
f 921 928 923
f 919 928 921
f 893 894 891
f 894 893 908
f 898 893 892
f 893 898 929
f 930 910 908
f 930 918 910
f 930 908 893
f 929 930 893
f 931 930 929
f 929 898 900
f 932 929 900
f 933 900 897
f 932 900 934
f 931 929 932
f 932 934 935
f 931 932 935
f 906 903 880
f 903 906 917
f 917 936 903
f 936 902 903
f 902 936 937
f 938 919 918
f 919 915 918
f 931 918 930
f 939 918 931
f 918 939 938
f 928 919 940
f 940 919 938
f 938 941 940
f 941 938 942
f 935 939 931
f 943 944 935
f 942 935 944
f 942 944 945
f 939 935 938
f 935 942 938
f 941 942 946
f 947 917 927
f 936 917 947
f 948 936 947
f 824 906 822
f 906 824 916
f 862 916 824
f 927 916 862
f 949 950 951
f 950 949 952
f 953 954 955
f 950 952 956
f 956 952 957
f 958 959 960
f 958 957 955
f 961 955 957
f 956 957 958
f 954 958 955
f 956 958 960
f 962 963 964
f 374 964 963
f 52 962 965
f 963 962 52
f 51 963 52
f 966 962 964
f 965 962 967
f 962 968 967
f 969 966 970
f 970 971 969
f 971 972 969
f 973 971 974
f 968 975 967
f 976 977 968
f 978 979 977
f 980 977 976
f 978 977 980
f 972 968 962
f 972 966 969
f 962 966 972
f 972 976 968
f 980 976 972
f 981 982 983
f 984 985 986
f 987 988 986
f 986 985 987
f 58 83 989
f 58 62 59
f 990 989 981
f 58 990 62
f 990 58 989
f 62 984 61
f 984 208 61
f 990 984 62
f 986 208 984
f 990 983 991
f 985 990 991
f 983 990 981
f 990 985 984
f 987 985 991
f 983 982 992
f 983 992 993
f 994 992 979
f 979 978 995
f 979 995 994
f 993 996 983
f 992 994 993
f 994 997 993
f 998 991 999
f 1000 1001 987
f 991 998 987
f 1000 987 998
f 1002 1003 999
f 1004 1005 1003
f 1003 1005 1000
f 999 1003 998
f 1000 998 1003
f 996 991 983
f 999 991 996
f 996 993 999
f 1002 999 993
f 965 85 89
f 85 989 83
f 989 85 981
f 89 85 84
f 85 965 975
f 975 965 967
f 975 981 85
f 981 975 982
f 965 89 52
f 1006 1007 1008
f 95 228 1009
f 96 95 1009
f 96 1009 1006
f 1006 1009 1007
f 992 982 975
f 977 992 975
f 977 975 968
f 992 977 979
f 1006 1008 1010
f 1008 1011 1012
f 1011 1008 1007
f 1011 1007 1013
f 1013 1007 1014
f 1015 1016 1017
f 1015 1017 1018
f 1017 1019 1018
f 1020 1021 1019
f 1017 1022 1023
f 1020 1017 1023
f 1020 1019 1017
f 1024 1025 1026
f 1027 1026 973
f 1025 971 973
f 971 1025 972
f 1025 973 1026
f 1028 1029 635
f 1030 1031 1024
f 1030 1032 1031
f 1029 1030 1026
f 1026 1027 1029
f 1024 1026 1030
f 1028 1030 1029
f 1033 1034 1024
f 1035 1036 1033
f 978 1033 1036
f 1033 978 980
f 1033 980 1034
f 1035 1024 1037
f 1031 1037 1024
f 1036 1035 1038
f 1035 1037 1016
f 1038 1035 1015
f 1035 1033 1024
f 980 1025 1034
f 980 972 1025
f 1025 1024 1034
f 641 1028 635
f 1039 1032 1028
f 1030 1028 1032
f 1039 1028 1040
f 644 1040 641
f 1041 1039 1040
f 1040 644 1041
f 1032 1039 1042
f 1042 1039 1043
f 1043 1039 1044
f 1039 1041 1044
f 1045 1022 1037
f 1031 1032 1037
f 1035 1016 1015
f 1017 1016 1022
f 1022 1016 1037
f 1022 1045 1023
f 1020 1023 1046
f 1046 1023 1045
f 1042 1045 1032
f 1037 1032 1045
f 1045 1042 1043
f 1047 1048 1049
f 1047 1049 1050
f 1038 995 978
f 995 997 994
f 997 995 1051
f 1038 1052 1051
f 1051 995 1038
f 1053 993 997
f 1051 1053 997
f 1053 1051 1050
f 1052 1054 1047
f 1015 1054 1052
f 1015 1052 1038
f 1051 1047 1050
f 1047 1051 1052
f 1047 1054 1048
f 1053 1002 993
f 1055 1002 1053
f 1004 1002 1055
f 1055 1053 1050
f 1004 1055 1056
f 951 1004 1056
f 1004 951 1005
f 1057 1005 951
f 1004 1003 1002
f 1058 1059 1050
f 1055 1050 1056
f 1050 1059 1056
f 1058 1050 1049
f 949 951 1056
f 1059 949 1056
f 952 949 1059
f 1014 1060 1013
f 1049 1048 961
f 961 1058 1049
f 1061 953 1062
f 1062 1063 1061
f 1062 955 961
f 953 955 1062
f 1063 1062 961
f 1018 1063 1048
f 1048 1054 1018
f 1018 1054 1015
f 961 1048 1063
f 1063 1019 1061
f 1063 1018 1019
f 1019 1021 1061
f 952 1058 957
f 952 1059 1058
f 961 957 1058
f 1014 1064 1060
f 1060 1064 1065
f 1038 978 1036
f 1011 1013 1066
f 1060 1066 1013
f 1066 1012 1011
f 1066 1067 1012
f 1067 1066 1065
f 1060 1065 1066
f 1068 1067 1065
f 1069 100 211
f 100 1069 1070
f 112 97 1071
f 1071 97 100
f 1071 100 1070
f 1072 1070 1069
f 1069 1073 1072
f 1073 1074 1072
f 1072 1075 1070
f 1076 1071 1070
f 1075 1076 1070
f 1074 1077 1078
f 1078 1079 1080
f 1079 1078 1077
f 1081 1082 1079
f 1081 1083 1082
f 1084 1082 1085
f 1082 1083 1085
f 1084 1086 1080
f 1082 1080 1079
f 1077 1081 1079
f 1084 1080 1082
f 1087 1088 1089
f 1090 1091 1089
f 1086 1091 1090
f 1075 1072 1092
f 1074 1078 1072
f 1092 1072 1078
f 1080 1092 1078
f 1075 1088 1076
f 1090 1089 1092
f 1075 1089 1088
f 1092 1089 1075
f 1086 1092 1080
f 1090 1092 1086
f 1093 1094 1095
f 1095 1096 1097
f 1095 1097 1093
f 1095 1098 1096
f 113 1099 119
f 1100 1099 1101
f 1099 1102 1101
f 1102 1103 1101
f 1104 1100 1101
f 1102 112 1071
f 113 112 1102
f 119 115 113
f 1099 113 1102
f 1076 1102 1071
f 1076 1103 1102
f 1105 118 119
f 1099 1105 119
f 1099 1100 1105
f 1106 118 1105
f 118 1106 1107
f 1108 1106 1105
f 1109 1108 1100
f 1100 1108 1105
f 1110 1111 1106
f 1108 1110 1106
f 1108 1109 1112
f 1112 1110 1108
f 1113 1114 1115
f 1087 1103 1088
f 1116 1104 1103
f 1116 1117 1104
f 1104 1101 1103
f 1118 1119 1120
f 1091 1087 1089
f 1118 1087 1091
f 1116 1103 1087
f 1120 1116 1087
f 1087 1118 1120
f 1093 1117 1116
f 1119 1116 1120
f 1121 1093 1116
f 1121 1116 1119
f 1076 1088 1103
f 1117 1109 1104
f 1109 1100 1104
f 1112 1122 1110
f 1096 1122 1112
f 1112 1109 1096
f 1097 1096 1109
f 1093 1109 1117
f 1093 1097 1109
f 1113 1123 1114
f 1113 1124 1123
f 1113 1125 1124
f 1126 1127 1128
f 1129 1130 1131
f 1132 1133 1134
f 1128 1134 1133
f 1135 1126 1133
f 1133 1131 1135
f 1133 1126 1128
f 1131 1133 1132
f 1136 1085 1057
f 1136 1084 1085
f 1136 1057 951
f 1086 1084 1137
f 1084 1138 1137
f 1138 1139 1137
f 1136 1138 1084
f 950 956 1140
f 1136 951 1140
f 1138 1136 1140
f 1140 951 950
f 1140 1141 1138
f 1138 1141 1139
f 1140 956 1141
f 1139 1142 1086
f 1091 1086 1142
f 1143 1118 1091
f 1143 1091 1142
f 1144 1139 1141
f 1144 1142 1139
f 1144 1145 1142
f 1142 1146 1143
f 1146 1142 1145
f 1137 1139 1086
f 1141 956 1147
f 960 959 1127
f 1126 960 1127
f 956 960 1126
f 956 1126 1147
f 1135 1147 1126
f 1135 1144 1141
f 1135 1141 1147
f 1144 1130 1145
f 1131 1130 1144
f 1144 1135 1131
f 1148 1149 1150
f 1151 1148 1150
f 1148 1151 1152
f 1153 1148 1152
f 1149 1148 1154
f 1094 1149 1154
f 1094 1154 1155
f 1095 1155 1156
f 1155 1095 1094
f 1156 1098 1095
f 1155 1157 1158
f 1155 1158 1156
f 1153 1159 1148
f 1154 1148 1159
f 1160 1159 1153
f 1157 1155 1154
f 1154 1159 1157
f 1161 1157 1159
f 1161 1158 1157
f 1160 1161 1159
f 1162 1153 1152
f 1152 1163 1162
f 1129 1162 1163
f 1131 1132 1129
f 1164 1129 1132
f 1165 1162 1129
f 1165 1160 1162
f 1164 1165 1129
f 1166 1167 1165
f 1166 1168 1167
f 1162 1160 1153
f 1160 1169 1161
f 1161 1169 1170
f 1167 1169 1160
f 1168 1169 1167
f 1167 1160 1165
f 1166 1171 1168
f 1119 1118 1146
f 1119 1146 1151
f 1118 1143 1146
f 1149 1121 1119
f 1150 1149 1119
f 1150 1119 1151
f 1172 1151 1146
f 1172 1146 1145
f 1130 1172 1145
f 1152 1172 1163
f 1130 1163 1172
f 1151 1172 1152
f 1173 1174 1175
f 1149 1093 1121
f 1149 1094 1093
f 1123 1124 1173
f 1174 1173 1124
f 1124 1176 1174
f 1163 1130 1129
f 1174 1177 1175
f 1178 1174 1176
f 1174 1178 1179
f 206 207 208
f 208 986 1180
f 206 208 1180
f 1181 205 206
f 212 205 1181
f 206 1182 1181
f 1180 1182 206
f 1180 988 1183
f 988 1180 986
f 1182 1180 1183
f 1074 1073 1182
f 1074 1182 1183
f 1074 1183 1077
f 1077 1183 988
f 215 1184 1009
f 1069 212 1181
f 212 1069 211
f 100 99 211
f 1073 1069 1181
f 214 1185 1186
f 1181 1182 1073
f 1186 215 214
f 1186 1184 215
f 988 1001 1081
f 988 1081 1077
f 1001 988 987
f 1083 1081 1001
f 1000 1083 1001
f 1005 1083 1000
f 1083 1005 1085
f 1187 1014 1184
f 1186 1187 1184
f 1007 1184 1014
f 1188 1187 1186
f 1185 1188 1186
f 1009 228 215
f 1184 1007 1009
f 214 244 1185
f 1114 244 243
f 244 1114 1185
f 246 1115 243
f 1115 1114 243
f 1188 1185 1123
f 1114 1123 1185
f 1123 1173 1188
f 1057 1085 1005
f 1189 1187 1188
f 1187 1189 1014
f 1175 1189 1188
f 1175 1188 1173
f 1064 1189 1190
f 1014 1189 1064
f 1190 1189 1175
f 1190 1175 1191
f 1192 1193 1194
f 1195 1194 1193
f 1127 959 1196
f 1197 1198 1199
f 1200 1201 1198
f 1200 1202 1203
f 954 1204 1197
f 1204 1198 1197
f 953 1204 954
f 1194 1200 1198
f 1194 1198 1204
f 1195 1200 1194
f 1205 1194 1204
f 1204 1206 1205
f 1199 1198 1201
f 1201 1207 1196
f 1196 1199 1201
f 1197 959 958
f 1197 1199 959
f 1196 959 1199
f 1200 1207 1201
f 1207 1200 1203
f 1203 1208 1207
f 1203 1209 1208
f 1208 1209 1210
f 1197 958 954
f 1200 1195 1202
f 1211 1202 1195
f 1212 1202 1211
f 1203 1202 1213
f 1202 1212 1213
f 1213 1209 1203
f 1214 1209 1213
f 1214 1213 1215
f 1215 1216 1214
f 1217 1206 1021
f 1021 1218 1217
f 1192 1194 1205
f 1217 1192 1205
f 1020 1046 1219
f 1219 1046 1220
f 1021 1020 1218
f 1020 1219 1218
f 1217 1218 1221
f 1221 1218 1222
f 1220 1218 1219
f 1220 1222 1218
f 1223 1224 1193
f 1224 1225 1193
f 1226 1224 1221
f 1221 1222 1226
f 1227 1195 1193
f 1223 1193 1192
f 1223 1192 1217
f 1217 1221 1223
f 1228 1195 1227
f 1227 1229 1228
f 1211 1195 1228
f 1228 1230 1212
f 1221 1224 1223
f 1231 1220 1043
f 1044 1232 1231
f 1232 1044 1233
f 1232 1234 1235
f 1234 1232 1233
f 1236 1044 1237
f 793 1237 1041
f 1044 1041 1237
f 797 1237 793
f 1236 1237 797
f 1043 1044 1231
f 1236 1233 1044
f 1233 1236 1238
f 1234 1238 1239
f 1240 1238 797
f 797 1238 1236
f 1233 1238 1234
f 1046 1045 1220
f 1043 1220 1045
f 1220 1231 1232
f 1232 1235 1220
f 1220 1235 1222
f 1241 1242 1068
f 1242 1241 1243
f 1235 1234 1222
f 1244 1222 1234
f 1245 1226 1244
f 1239 1244 1234
f 1244 1239 1245
f 1226 1246 1224
f 1226 1245 1247
f 1244 1226 1222
f 1240 581 1239
f 1240 1239 1238
f 582 1240 799
f 582 581 1240
f 581 1245 1239
f 581 1247 1245
f 1247 581 585
f 1241 1248 1243
f 1243 1248 1249
f 953 1206 1204
f 1061 1021 953
f 1021 1206 953
f 1217 1205 1206
f 1065 1250 1251
f 1250 1065 1064
f 1251 1250 1252
f 1252 1250 1253
f 1211 1228 1212
f 1212 1215 1213
f 1215 1254 1216
f 1255 1252 1253
f 1068 1065 1251
f 1068 1251 1241
f 1248 1241 1251
f 1252 1248 1251
f 1256 1248 1252
f 1252 1255 1257
f 1225 1227 1193
f 1225 1246 1258
f 1227 1225 589
f 1246 1225 1224
f 1258 589 1225
f 1258 590 589
f 1259 1229 1227
f 589 1259 1227
f 1229 1259 1260
f 1229 1230 1228
f 1229 1261 1230
f 1262 1230 1263
f 1229 1260 1261
f 1263 1230 1261
f 1264 1262 1263
f 1265 1259 1266
f 1259 1265 1260
f 587 1246 1226
f 585 587 1247
f 1247 587 1226
f 587 1258 1246
f 586 593 1258
f 593 590 1258
f 1258 587 586
f 585 581 583
f 580 583 581
f 1256 1267 1249
f 589 591 1259
f 1260 1265 1261
f 1261 1265 1268
f 596 1259 591
f 596 1266 1259
f 1268 1265 1266
f 1269 1263 1261
f 1269 1261 1268
f 1269 1270 1264
f 1269 1264 1263
f 1270 1269 1268
f 1271 1264 1270
f 1272 1267 1256
f 1230 1262 1212
f 1215 1212 1262
f 1215 1262 1254
f 1254 1262 1264
f 1273 1254 1264
f 1252 1257 1256
f 1256 1249 1248
f 1257 1272 1256
f 1273 1264 1271
f 1272 1257 1274
f 1196 1275 1127
f 1207 1276 1275
f 1207 1275 1196
f 1275 1277 1127
f 1277 1128 1127
f 1275 1276 1278
f 1276 1207 1208
f 1279 1280 1276
f 1128 1277 1134
f 1275 1278 1277
f 1277 1281 1134
f 1278 1281 1277
f 1282 1281 1278
f 1283 1132 1134
f 1283 1134 1281
f 1280 1282 1278
f 1284 1282 1280
f 1278 1276 1280
f 1285 1284 1280
f 1285 1280 1279
f 1285 1286 1284
f 1287 1285 1279
f 1287 1286 1285
f 1208 1210 1276
f 1279 1276 1210
f 1288 1279 1210
f 1177 1191 1175
f 1210 1209 1288
f 1279 1288 1289
f 1288 1209 1214
f 1288 1214 1290
f 1290 1289 1288
f 1290 1214 1216
f 1279 1289 1287
f 1289 1290 1287
f 1287 1290 1291
f 1291 1290 1292
f 1286 1287 1291
f 1290 1216 1292
f 5 3 1281
f 1282 5 1281
f 1281 3 1283
f 1132 1283 1164
f 2 1164 1283
f 1283 3 2
f 1164 2 1165
f 1293 5 1282
f 1282 1284 1293
f 1293 4 5
f 8 4 1293
f 1286 1293 1284
f 1165 2 1
f 1 1166 1165
f 1 7 1166
f 1294 1166 7
f 1293 1286 1295
f 1295 8 1293
f 1291 1295 1286
f 1291 1296 1295
f 1292 1296 1291
f 1297 9 8
f 8 1295 1297
f 1298 1297 1295
f 1297 1299 9
f 1299 1297 1298
f 1295 1296 1298
f 1300 1298 1296
f 1174 1179 1177
f 1301 1191 1177
f 1302 1191 1301
f 1178 1303 1179
f 1304 1179 1303
f 1301 1179 1304
f 1301 1177 1179
f 1305 1301 1304
f 1301 1305 1302
f 1302 1305 1306
f 1216 1307 1292
f 1292 1300 1296
f 1300 1308 1298
f 1300 1292 1309
f 1292 1307 1310
f 1306 1305 1311
f 1312 1306 1311
f 1307 1313 1310
f 1253 1190 1191
f 1255 1253 1191
f 1064 1190 1250
f 1253 1250 1190
f 1302 1255 1191
f 1257 1255 1306
f 1255 1302 1306
f 1216 1254 1307
f 1273 1307 1254
f 1306 1312 1257
f 1273 1314 1307
f 1257 1312 1274
f 1315 1316 370
f 970 1316 1317
f 1316 1315 1317
f 970 966 1316
f 1317 1315 1318
f 1319 609 1318
f 370 1319 1315
f 365 1319 370
f 1319 1318 1315
f 365 393 1319
f 1318 601 600
f 1318 600 1317
f 1320 1317 600
f 609 601 1318
f 1316 964 374
f 370 1316 374
f 51 374 963
f 1316 966 964
f 1321 1322 1010
f 377 376 1321
f 377 1321 1323
f 606 974 1320
f 1317 1320 970
f 974 970 1320
f 974 1324 973
f 974 606 631
f 607 631 606
f 1324 974 631
f 971 970 974
f 1320 600 606
f 1010 1325 1326
f 1326 1327 1010
f 1012 1325 1010
f 1010 1008 1012
f 1327 1323 1010
f 1321 1010 1323
f 393 609 1319
f 393 608 609
f 1328 1329 377
f 1327 1328 1323
f 397 375 1329
f 1329 1328 624
f 707 1329 624
f 375 377 1329
f 1323 1328 377
f 1327 624 1328
f 624 1327 625
f 625 1327 1326
f 1322 1321 376
f 376 407 1322
f 1322 96 1006
f 1322 407 96
f 1322 1006 1010
f 973 1324 1027
f 630 1027 1324
f 1027 630 1330
f 1324 631 630
f 633 635 1330
f 1330 1029 1027
f 635 1029 1330
f 630 633 1330
f 1326 1325 671
f 1331 671 1325
f 1325 1012 1067
f 641 1040 1028
f 644 793 1041
f 1331 673 671
f 1067 1068 1331
f 1067 1331 1325
f 625 1326 663
f 671 663 1326
f 397 1329 707
f 706 397 707
f 397 706 49
f 1331 1242 816
f 1242 1332 816
f 1331 816 673
f 1331 1068 1242
f 1240 797 799
f 823 816 1332
f 1242 1243 1332
f 1333 1332 1243
f 1332 1333 823
f 823 1333 860
f 1249 1333 1243
f 1267 1333 1249
f 1267 860 1333
f 1334 860 1267
f 1267 1272 1335
f 850 823 860
f 477 474 473
f 1336 1294 1337
f 7 10 1337
f 1337 1294 7
f 1338 10 4
f 1339 1338 4
f 1339 4 9
f 1340 1339 9
f 1299 1340 9
f 10 1341 1337
f 1338 1341 10
f 1342 1337 1341
f 1342 1336 1337
f 1342 1343 1336
f 1342 1344 1343
f 1338 1339 1345
f 1339 1346 1345
f 1340 1346 1339
f 1341 1338 1347
f 1341 1347 1342
f 1344 1342 1347
f 1348 1344 1347
f 1347 1338 1349
f 1349 1348 1347
f 1350 1343 1351
f 1344 1351 1343
f 1345 1349 1338
f 1352 1345 1346
f 1345 1353 1349
f 1353 1345 1352
f 1346 1354 1352
f 1348 1351 1344
f 1348 1349 1355
f 1356 1348 1355
f 1353 1355 1349
f 1357 1352 1354
f 1358 1357 1354
f 1348 1356 1351
f 1359 1351 1360
f 1361 1356 1355
f 1356 1360 1351
f 1360 1356 1361
f 1360 1361 1362
f 1363 1360 1362
f 1361 1355 1353
f 1357 1364 1352
f 1364 1353 1352
f 1362 1361 1365
f 1366 1367 1368
f 1367 1369 1368
f 1368 107 106
f 1368 1370 1366
f 1370 1371 1366
f 1372 1371 1370
f 1371 1373 1366
f 1371 1372 1374
f 1374 1375 1376
f 1377 1371 1376
f 1378 1371 1377
f 1371 1374 1376
f 1375 1379 1376
f 1380 1378 1377
f 1376 1380 1377
f 1379 1380 1376
f 1381 106 116
f 1107 116 118
f 1382 1381 116
f 1107 1382 116
f 1383 1382 1384
f 1381 1383 1385
f 1382 1383 1381
f 106 1370 1368
f 106 1381 1370
f 1370 1381 1385
f 1370 1385 1372
f 1372 1385 1374
f 1385 1386 1374
f 1383 1386 1385
f 1387 1375 1386
f 1388 1387 1386
f 1387 1389 1375
f 1388 1383 1384
f 1386 1383 1388
f 1390 1388 1391
f 1390 1387 1388
f 1386 1375 1374
f 1375 1389 1379
f 1379 1392 1380
f 1380 1392 1393
f 1394 1392 1379
f 1395 1392 1394
f 1393 1392 1395
f 1394 1396 1395
f 1398 1399 1400
f 1399 1396 1400
f 1389 1387 1401
f 1402 1403 1390
f 1390 1401 1387
f 1403 1401 1390
f 1402 1404 1403
f 1405 1403 1404
f 1401 1403 1406
f 1407 1406 1403
f 1407 1403 1405
f 1401 1394 1389
f 1389 1394 1379
f 1394 1401 1406
f 1406 1396 1394
f 1406 1407 1396
f 1408 1396 1407
f 1409 1405 1410
f 1409 1411 1407
f 1405 1409 1407
f 1412 1411 1409
f 1412 1409 1413
f 1414 1411 1412
f 1415 1396 1408
f 1415 1408 1407
f 1416 1398 1415
f 1407 1411 1415
f 1415 1411 1416
f 1400 1396 1415
f 1398 1400 1415
f 1418 1419 1420
f 1421 1422 1424
f 1426 1425 1423
f 1427 162 164
f 164 1419 1421
f 163 1428 186
f 1428 1425 186
f 1427 1429 1424
f 1427 164 1429
f 1421 1418 1430
f 1421 1429 164
f 1421 1419 1418
f 1424 1429 1421
f 1430 1422 1421
f 1431 1432 1420
f 1432 1431 1433
f 1434 1435 1436
f 1433 1436 1435
f 1438 1422 1430
f 1439 1430 1442
f 1418 1432 1430
f 1420 1432 1418
f 1433 1435 1432
f 1432 1442 1430
f 1442 1432 1435
f 1442 1435 1443
f 1435 1434 1443
f 1443 1444 1442
f 1447 1442 1444
f 1448 1449 174
f 174 1450 175
f 174 1449 1450
f 1450 1449 1451
f 1452 1453 1451
f 1454 1451 1455
f 1453 1455 1451
f 1451 1454 1450
f 1452 1456 1453
f 1455 1453 1456
f 1456 1457 1455
f 1458 1455 1457
f 1459 1461 1457
f 186 1448 185
f 186 1425 1426
f 1448 186 1426
f 174 185 1448
f 1423 1437 1426
f 1448 1426 1452
f 1452 1426 1437
f 1449 1448 1451
f 1451 1448 1452
f 249 191 548
f 249 548 1463
f 548 1464 1463
f 1465 1452 1466
f 1438 1430 1467
f 1452 1437 1466
f 1452 1465 1456
f 1466 1441 1465
f 1430 1439 1467
f 1439 1442 1447
f 1465 1441 1468
f 1456 1465 1468
f 1470 1469 1440
f 1470 1440 1446
f 1457 1456 1468
f 1469 1471 1460
f 1470 1471 1469
f 1468 1459 1457
f 1472 1473 1463
f 1474 1475 1434
f 1434 1475 1443
f 1475 1474 1476
f 1444 1443 1475
f 1477 1444 1475
f 1476 1477 1475
f 1477 1476 1479
f 1479 1476 1481
f 1481 1476 1484
f 1478 1480 1485
f 1482 1483 1486
f 1487 1480 1486
f 1480 1482 1486
f 1485 1480 1487
f 1486 1488 1487
f 1460 1489 1462
f 1446 1445 1490
f 1470 1446 1490
f 1445 1491 1490
f 1471 1470 1491
f 1490 1491 1470
f 1491 1445 1492
f 1491 1492 1493
f 1492 1494 1493
f 1445 1478 1492
f 1492 1478 1485
f 1485 1494 1492
f 1471 1491 1495
f 1460 1471 1489
f 1489 1471 1495
f 1496 1495 1497
f 1493 1495 1491
f 1489 1495 1498
f 1496 1498 1495
f 1494 1499 1493
f 1494 1485 1487
f 1488 1500 1487
f 1487 1500 1494
f 1499 1494 1500
f 1500 1488 1501
f 1497 1495 1493
f 1499 1497 1493
f 1496 1497 1502
f 1502 1497 1499
f 1503 1502 1499
f 1504 1499 1500
f 1504 1503 1499
f 1505 1502 1503
f 1505 1503 1504
f 1504 1506 1507
f 1507 1505 1504
f 1504 1500 1501
f 1508 1509 1369
f 107 1369 236
f 236 1369 1509
f 1367 1508 1369
f 1509 164 236
f 1508 1419 1509
f 164 1509 1419
f 1510 1508 1373
f 1508 1510 1420
f 1373 1508 1367
f 1508 1420 1419
f 107 1368 1369
f 1366 1373 1367
f 242 1511 240
f 1511 242 1512
f 1513 1512 242
f 1371 1378 1373
f 1510 1373 1378
f 1420 1510 1431
f 1433 1431 1378
f 1378 1431 1510
f 1433 1378 1514
f 1378 1380 1514
f 1514 1380 1393
f 1393 1474 1514
f 1436 1474 1434
f 1433 1514 1436
f 1436 1514 1474
f 1515 1516 1512
f 1513 1515 1512
f 1515 1513 1517
f 1516 1515 1518
f 1515 1519 1518
f 1519 1515 1517
f 1520 240 1511
f 1521 1520 1511
f 240 1520 246
f 1516 1521 1511
f 1511 1512 1516
f 1522 1521 1516
f 1522 1516 1518
f 1523 1520 1521
f 1523 1521 1522
f 190 1524 239
f 239 1524 242
f 249 1524 190
f 1524 249 1513
f 1524 1513 242
f 249 1463 1513
f 1519 1517 1525
f 1517 1513 1463
f 1517 1463 1473
f 1476 1474 1393
f 1393 1484 1476
f 1526 1393 1395
f 1527 1519 1525
f 1528 1526 1530
f 1530 1531 1528
f 1484 1393 1526
f 1526 1395 1530
f 1399 1530 1395
f 1399 1398 1530
f 1399 1395 1396
f 1531 1530 1398
f 1526 1528 1484
f 1486 1483 1529
f 1529 1488 1486
f 1488 1529 1533
f 1532 1533 1529
f 1533 1532 1534
f 1535 1522 1518
f 1535 1518 1536
f 1535 1537 1522
f 1537 1535 1538
f 1519 1536 1518
f 1527 1536 1519
f 1535 1536 1538
f 1538 1536 1539
f 1539 1540 1538
f 1540 1539 1541
f 1527 1539 1536
f 1527 1542 1543
f 1527 1543 1539
f 1541 1539 1543
f 1473 1525 1517
f 1542 1527 1525
f 1525 1544 1542
f 1544 1525 1473
f 1473 1545 1544
f 1546 1542 1544
f 1546 1543 1542
f 1547 1548 1546
f 1549 1546 1544
f 1549 1547 1546
f 1550 1547 1549
f 1548 1543 1546
f 1551 1414 1553
f 1417 1555 1397
f 1555 1417 1556
f 1552 1556 1417
f 1416 1411 1414
f 1416 1414 1551
f 1557 1556 1552
f 1557 1552 1558
f 1557 1558 1559
f 1558 1552 1554
f 1559 1558 1560
f 1560 1561 1559
f 1560 1562 1561
f 1501 1488 1563
f 1506 1564 1507
f 1506 1504 1501
f 1501 1565 1506
f 1566 1501 1563
f 1501 1566 1565
f 1564 1506 1565
f 1565 1566 1567
f 1565 1567 1568
f 1569 1568 1570
f 1568 1569 1565
f 1397 1555 1571
f 1571 1532 1397
f 1571 1555 1572
f 1573 1571 1572
f 1574 1573 1572
f 1534 1532 1571
f 1575 1534 1571
f 1563 1533 1534
f 1566 1563 1534
f 1575 1566 1534
f 1566 1575 1576
f 1575 1571 1573
f 1575 1573 1577
f 1577 1576 1575
f 1577 1573 1574
f 1577 1574 1578
f 1579 1577 1578
f 1579 1576 1577
f 1580 1579 1578
f 1574 1581 1578
f 1580 1578 1581
f 1556 1572 1555
f 1572 1556 1557
f 1572 1557 1574
f 1548 1541 1543
f 1548 1582 1541
f 1541 1583 1584
f 1582 1583 1541
f 1557 1585 1574
f 1574 1585 1586
f 1559 1585 1557
f 1586 1585 1561
f 1559 1561 1585
f 1587 1574 1588
f 1574 1586 1588
f 1586 1589 1588
f 1581 1574 1587
f 1488 1533 1563
f 1590 1566 1576
f 1567 1566 1590
f 1591 1590 1576
f 1591 1567 1590
f 1548 1547 1582
f 1591 1576 1580
f 1570 1567 1591
f 1580 1576 1579
f 1591 1580 1581
f 1592 1581 1587
f 1592 1593 1581
f 1591 1581 1594
f 1594 1581 1593
f 1594 1593 1595
f 1568 1567 1570
f 1569 1570 1596
f 1570 1591 1596
f 1597 1569 1596
f 1598 1569 1597
f 1591 1594 1596
f 1596 1594 1599
f 1600 1597 1596
f 1600 1596 1599
f 1599 1594 1595
f 1601 1602 1582
f 1547 1601 1582
f 1582 1602 1583
f 1601 1547 1550
f 1603 1602 1601
f 1602 1603 1604
f 1605 1589 1586
f 1605 1586 1561
f 1589 1587 1588
f 1587 1589 1606
f 1607 1606 1589
f 1608 1606 1607
f 1607 1609 1608
f 1593 1592 1595
f 1610 1599 1595
f 1610 1595 1611
f 1612 1610 1611
f 1611 1613 1612
f 1595 1592 1587
f 1595 1587 1614
f 1587 1606 1615
f 1611 1614 1615
f 1614 1587 1615
f 1608 1615 1606
f 1595 1614 1611
f 1611 1615 1616
f 1617 1604 1603
f 1618 1608 1619
f 1618 1615 1608
f 1613 1611 1616
f 1613 1616 1620
f 1620 1616 1621
f 1616 1615 1618
f 1621 1616 1618
f 1618 1619 1621
f 1621 1619 1622
f 1623 1621 1622
f 255 551 1624
f 1625 1624 1626
f 258 255 1624
f 1627 1626 1628
f 1627 1625 1626
f 1629 1627 1628
f 1627 1629 1630
f 1627 1630 1625
f 1629 1631 1632
f 1630 1629 1632
f 1632 1633 1634
f 1633 1632 1635
f 1635 1636 1633
f 1636 1635 1637
f 258 1638 286
f 258 1624 1625
f 258 1625 1638
f 1625 1639 1638
f 1640 1625 1630
f 1639 1625 1640
f 1641 1639 1640
f 290 286 1638
f 1639 1642 290
f 1638 1639 290
f 1642 1639 1641
f 1641 1643 1642
f 1644 1640 1634
f 1634 1640 1630
f 1630 1632 1634
f 1645 1640 1644
f 1634 1633 1636
f 1646 1634 1636
f 1646 1644 1634
f 1644 1646 1647
f 1641 1640 1645
f 1644 1649 1645
f 1643 1641 1645
f 1643 1645 1650
f 1650 1645 1649
f 1647 1649 1644
f 289 290 300
f 300 290 301
f 301 290 1642
f 301 1642 1651
f 1651 1642 1643
f 1652 1651 1643
f 301 306 305
f 301 1652 306
f 1651 1652 301
f 1653 576 578
f 1643 1650 1652
f 1654 1650 1655
f 1650 1649 1655
f 1657 1655 1649
f 1652 1650 1654
f 1658 1652 1654
f 1654 1659 1658
f 1655 1660 1654
f 1660 1662 1654
f 1664 1654 1662
f 1664 1659 1654
f 1666 1668 1670
f 1671 1664 1672
f 1646 1636 1674
f 1646 1674 1677
f 1678 1676 1675
f 1646 1677 1647
f 1679 1678 1680
f 1648 1676 1679
f 1647 1657 1649
f 1656 1679 1681
f 1679 1676 1678
f 1656 1648 1679
f 1680 1681 1679
f 1682 1680 1683
f 1657 1660 1655
f 1684 1656 1681
f 1661 1656 1684
f 1663 1661 1684
f 1663 1684 1665
f 1685 1666 1670
f 1686 1673 1665
f 1673 1685 1670
f 1665 1684 1686
f 1687 1673 1686
f 1687 1685 1673
f 1688 1685 1687
f 1682 1681 1680
f 1689 1681 1682
f 1684 1681 1689
f 1686 1684 1689
f 1689 1690 1686
f 1688 1687 1686
f 540 1691 1692
f 540 175 1450
f 540 1450 1691
f 1454 1458 1691
f 1691 1450 1454
f 1691 1458 1692
f 1693 540 1692
f 1694 542 1693
f 542 540 1693
f 1692 1458 1695
f 1696 1692 1695
f 1696 1693 1692
f 1455 1458 1454
f 1695 1458 1697
f 1698 1697 1458
f 1457 1698 1458
f 1699 1457 1700
f 1700 1701 1699
f 1457 1461 1700
f 1699 1698 1457
f 1703 1698 1699
f 1705 1697 1706
f 1695 1697 1705
f 1707 1708 1705
f 1696 1695 1705
f 1696 1705 1708
f 1697 1698 1706
f 1706 1707 1705
f 1706 1698 1709
f 1709 1698 1703
f 1707 1706 1710
f 554 1464 546
f 548 546 1464
f 1711 1472 1464
f 554 1711 1464
f 1472 1463 1464
f 1712 1473 1472
f 1711 1712 1472
f 1694 550 542
f 1693 1696 1694
f 550 1694 551
f 551 1694 1624
f 1626 1694 1696
f 1696 1713 1626
f 1713 1696 1714
f 1713 1714 1628
f 1628 1626 1713
f 1624 1694 1626
f 1715 554 1716
f 1708 1714 1696
f 1631 1708 1710
f 1714 1631 1628
f 1628 1631 1629
f 1714 1708 1631
f 1707 1710 1708
f 1710 1706 1709
f 1637 1631 1710
f 1632 1631 1635
f 1635 1631 1637
f 1715 1711 554
f 1715 1717 1711
f 1717 1712 1711
f 1702 1462 1718
f 1701 1700 1461
f 1462 1489 1718
f 1718 1489 1498
f 1699 1701 1703
f 1704 1702 1718
f 1719 1704 1718
f 1719 1718 1498
f 1498 1496 1720
f 1720 1496 1721
f 1719 1498 1720
f 1703 1722 1709
f 1725 1723 1726
f 1704 1719 1727
f 1704 1727 1723
f 1727 1719 1720
f 1728 1727 1720
f 1727 1726 1723
f 1728 1726 1727
f 1720 1721 1729
f 1729 1728 1720
f 1730 1728 1731
f 1729 1732 1728
f 1729 1733 1732
f 1734 1728 1732
f 1473 1712 1545
f 1735 1549 1545
f 1736 1545 1712
f 1502 1721 1496
f 1721 1502 1729
f 1737 1505 1507
f 1502 1505 1737
f 1729 1502 1737
f 1737 1733 1729
f 1736 1735 1545
f 1724 1738 1709
f 1709 1722 1724
f 1710 1738 1637
f 1739 1738 1724
f 1637 1738 1739
f 1710 1709 1738
f 1730 1725 1726
f 1740 1725 1730
f 1741 1742 1730
f 1730 1726 1728
f 1637 1739 1674
f 1636 1637 1674
f 1740 1730 1742
f 1675 1740 1742
f 1675 1742 1743
f 1744 1678 1675
f 1743 1744 1675
f 1731 1741 1730
f 1745 1741 1731
f 1731 1728 1734
f 1734 1732 1746
f 1734 1745 1731
f 1745 1734 1747
f 1734 1746 1747
f 1741 1745 1748
f 1741 1748 1743
f 1741 1743 1742
f 1748 1745 1749
f 1747 1749 1745
f 1750 1712 1717
f 1736 1712 1750
f 1750 1717 1751
f 1751 1736 1750
f 1752 1736 1751
f 1753 1754 1735
f 1735 1736 1753
f 1549 1544 1545
f 1754 1549 1735
f 1754 1550 1549
f 554 570 1716
f 1715 1716 1755
f 1756 1755 1716
f 1756 1716 570
f 1757 1756 570
f 570 574 1757
f 1757 1758 1756
f 1715 1755 1717
f 1755 1759 1717
f 1758 1755 1756
f 1759 1755 1758
f 1758 1760 1759
f 574 577 1757
f 577 1761 1758
f 1758 1757 577
f 1761 1760 1758
f 1666 1760 1761
f 1668 1666 1761
f 1752 1751 1763
f 1763 1759 1764
f 1760 1764 1759
f 1764 1752 1763
f 1752 1764 1765
f 1766 1678 1744
f 1744 1743 1766
f 1766 1680 1678
f 1743 1748 1767
f 1743 1767 1766
f 1768 1767 1748
f 1683 1766 1767
f 1683 1767 1769
f 1680 1766 1683
f 1770 1683 1769
f 1682 1683 1770
f 1771 1765 1764
f 1772 1765 1773
f 1759 1751 1717
f 1751 1759 1763
f 1753 1736 1752
f 1774 1775 1753
f 1752 1772 1774
f 1774 1753 1752
f 1772 1752 1765
f 1760 1666 1776
f 1777 1776 1666
f 1760 1776 1764
f 1685 1777 1666
f 1776 1771 1764
f 1688 1778 1777
f 1777 1771 1776
f 1689 1682 1770
f 1770 1779 1689
f 1689 1779 1690
f 1690 1688 1686
f 1771 1777 1778
f 1773 1765 1771
f 1778 1780 1771
f 1780 1773 1771
f 1685 1688 1777
f 1746 1732 1733
f 1564 1737 1507
f 1564 1781 1737
f 1781 1564 1782
f 1782 1564 1565
f 1782 1565 1569
f 1783 1737 1781
f 1746 1733 1783
f 1783 1733 1737
f 1783 1784 1746
f 1781 1785 1783
f 1784 1783 1785
f 1785 1781 1786
f 1787 1782 1569
f 1781 1782 1787
f 1787 1569 1598
f 1788 1787 1598
f 1788 1789 1786
f 1786 1781 1787
f 1786 1787 1788
f 1788 1790 1791
f 1747 1746 1792
f 1746 1784 1792
f 1768 1748 1749
f 1768 1749 1793
f 1793 1747 1792
f 1749 1747 1793
f 1793 1794 1795
f 1794 1793 1792
f 1794 1792 1796
f 1797 1796 1792
f 1797 1792 1798
f 1796 1797 1799
f 1784 1798 1792
f 1775 1754 1753
f 1800 1754 1775
f 1800 1775 1801
f 1798 1784 1785
f 1786 1789 1785
f 1798 1785 1789
f 1789 1788 1802
f 1798 1803 1804
f 1789 1803 1798
f 1802 1803 1789
f 1802 1788 1791
f 1791 1805 1802
f 1806 1802 1805
f 1797 1798 1804
f 1807 1797 1804
f 1804 1803 1806
f 1806 1803 1802
f 1807 1804 1806
f 1791 1790 1808
f 1809 1791 1808
f 1805 1791 1809
f 1810 1809 1811
f 1812 1813 1806
f 1813 1812 1814
f 1812 1806 1805
f 1812 1805 1815
f 1815 1805 1809
f 1814 1812 1815
f 1814 1815 1816
f 1815 1809 1810
f 1817 1810 1811
f 1816 1815 1810
f 1818 1814 1816
f 1810 1818 1816
f 1810 1817 1818
f 1818 1817 1819
f 1820 1550 1754
f 1597 1600 1598
f 1600 1788 1598
f 1790 1788 1600
f 1821 1820 1822
f 1820 1603 1601
f 1820 1601 1550
f 1820 1821 1603
f 1800 1820 1754
f 1822 1820 1800
f 1823 1821 1822
f 1824 1822 1800
f 1824 1825 1822
f 1825 1823 1822
f 1823 1826 1821
f 1600 1599 1827
f 1827 1808 1600
f 1827 1828 1808
f 1827 1599 1610
f 1827 1610 1612
f 1612 1828 1827
f 1808 1790 1600
f 1829 1808 1830
f 1830 1808 1831
f 1831 1808 1828
f 1832 1612 1613
f 1828 1612 1832
f 1828 1832 1833
f 1833 1832 1834
f 1835 1833 1834
f 1834 1836 1835
f 1831 1828 1833
f 1837 1831 1833
f 1833 1835 1837
f 1821 1617 1603
f 1826 1617 1821
f 1838 1617 1826
f 1832 1613 1620
f 1832 1620 1834
f 1620 1836 1834
f 1836 1620 1839
f 1839 1840 1836
f 1839 1620 1621
f 1621 1623 1839
f 1840 1835 1836
f 1835 1840 1841
f 1829 1809 1808
f 1809 1829 1811
f 1829 1830 1811
f 1830 1817 1811
f 1842 1823 1825
f 1843 1842 1844
f 1837 1845 1831
f 1831 1845 1830
f 1845 1817 1830
f 1837 1835 1845
f 1846 1835 1841
f 1846 1845 1835
f 1847 1817 1845
f 1848 1817 1847
f 1819 1817 1848
f 1849 1848 1847
f 1849 1847 1846
f 1847 1845 1846
f 1842 1826 1823
f 1850 1826 1842
f 1850 1838 1826
f 1843 1850 1842
f 1843 1851 1850
f 1843 1852 1851
f 1768 1793 1795
f 1769 1767 1768
f 1768 1795 1853
f 1795 1794 1854
f 1796 1854 1794
f 1853 1795 1854
f 1770 1769 1853
f 1769 1768 1853
f 1779 1770 1853
f 1855 1779 1853
f 1854 1796 1799
f 1856 1854 1799
f 1853 1854 1856
f 1856 1799 1807
f 1856 1807 1857
f 1857 1853 1856
f 1853 1857 1855
f 1858 1859 1855
f 1857 1858 1855
f 1801 1774 1772
f 1774 1801 1775
f 1800 1801 1824
f 1860 1801 1772
f 1773 1860 1772
f 1780 1860 1773
f 1799 1797 1807
f 1861 1807 1806
f 1801 1862 1824
f 1780 1863 1860
f 1863 1864 1860
f 1865 1864 1863
f 1860 1862 1801
f 1862 1860 1864
f 1866 1688 1690
f 1688 1866 1778
f 1779 1855 1690
f 1866 1690 1859
f 1859 1690 1855
f 1867 1780 1778
f 1867 1866 1859
f 1866 1867 1778
f 1867 1863 1780
f 1867 1865 1863
f 1865 1867 1859
f 1861 1806 1813
f 1861 1813 1814
f 1814 1868 1861
f 1807 1861 1857
f 1861 1868 1857
f 1868 1814 1818
f 1868 1858 1857
f 1868 1869 1858
f 1858 1869 1859
f 1859 1869 1870
f 1865 1859 1870
f 1862 1864 1871
f 1871 1872 1862
f 1865 1873 1864
f 1871 1864 1873
f 1869 1868 1874
f 1869 1874 1870
f 1873 1865 1870
f 1868 1818 1819
f 1868 1819 1875
f 1868 1875 1876
f 1874 1868 1876
f 1874 1876 1870
f 1862 1825 1824
f 1862 1872 1825
f 1872 1842 1825
f 1872 1844 1842
f 1872 1877 1844
f 1877 1872 1871
f 1878 1877 1871
f 1873 1878 1871
f 1876 1875 1879
f 1875 1819 1848
f 1875 1848 1849
f 1879 1875 1849
f 1843 1844 1877
f 1877 1880 1852
f 1878 1873 1870
f 1870 1876 1879
f 1881 1878 1870
f 1877 1878 1880
f 1880 1878 1881
f 1881 1870 1882
f 1877 1852 1843
f 1839 1623 1883
f 1883 1884 1839
f 1884 1883 1885
f 1886 1884 1885
f 1884 1840 1839
f 1886 1840 1884
f 1840 1886 1887
f 1888 1887 1886
f 1889 1888 1886
f 1841 1890 1846
f 1841 1840 1887
f 1890 1841 1887
f 1890 1887 1888
f 1891 1888 1889
f 1891 1892 1888
f 1891 1889 1893
f 1894 1891 1893
f 1895 1890 1888
f 1890 1895 1896
f 1896 1846 1890
f 1888 1892 1895
f 1897 1896 1895
f 1898 1895 1892
f 1899 1895 1898
f 1900 1898 1892
f 1901 1898 1900
f 1849 1846 1896
f 1896 1897 1849
f 1902 1879 1849
f 1902 1849 1897
f 1902 1897 1903
f 1882 1879 1902
f 1882 1870 1879
f 1852 1880 1904
f 1895 1899 1897
f 1899 1903 1897
f 1902 1903 1905
f 1902 1905 1882
f 1903 1899 1906
f 1903 1906 1905
f 1904 1907 1852
f 1904 1880 1881
f 1904 1881 1882
f 1904 1882 1908
f 1905 1908 1882
f 1899 1898 1901
f 1909 1899 1901
f 1906 1899 1909
f 1906 1909 1905
f 1910 1911 1912
f 1391 1913 1914
f 1915 1391 1914
f 1911 1913 1916
f 1913 1917 1914
f 1917 1913 1911
f 1917 1911 1918
f 1914 1919 1915
f 1912 1122 1910
f 1122 1920 1910
f 1920 1122 1096
f 1911 1910 1918
f 1920 1921 1910
f 1921 1918 1910
f 1918 1921 1922
f 1096 1923 1920
f 1098 1923 1096
f 1098 1156 1924
f 1923 1098 1924
f 1920 1923 1921
f 1925 1921 1923
f 1917 1918 1926
f 1918 1922 1926
f 1914 1926 1927
f 1928 1929 1926
f 1926 1929 1927
f 1917 1926 1914
f 1925 1922 1921
f 1928 1926 1922
f 1925 1930 1922
f 1930 1928 1922
f 1930 1931 1928
f 1932 1929 1933
f 1928 1933 1929
f 1928 1931 1933
f 1107 1111 1382
f 1111 1107 1106
f 1111 1912 1916
f 1382 1111 1916
f 1382 1916 1384
f 1384 1916 1913
f 1912 1110 1122
f 1912 1111 1110
f 1911 1916 1912
f 246 1934 1115
f 1520 1934 246
f 1934 1935 1115
f 1113 1115 1935
f 1391 1388 1384
f 1384 1913 1391
f 1915 1390 1391
f 1523 1934 1520
f 1522 1936 1523
f 1937 1523 1936
f 1523 1937 1934
f 1938 1125 1939
f 1935 1939 1125
f 1939 1935 1934
f 1125 1113 1935
f 1939 1940 1938
f 1937 1940 1939
f 1939 1934 1937
f 1919 1402 1915
f 1941 1942 1402
f 1914 1927 1919
f 1943 1919 1927
f 1941 1919 1943
f 1919 1941 1402
f 1942 1941 1944
f 1942 1944 1945
f 1942 1945 1946
f 1947 1946 1945
f 1945 1948 1947
f 1949 1950 1951
f 1943 1927 1932
f 1929 1932 1927
f 1932 1952 1943
f 1943 1952 1941
f 1941 1952 1951
f 1953 1941 1951
f 1949 1952 1932
f 1949 1932 1933
f 1950 1949 1933
f 1952 1949 1951
f 1951 1950 1954
f 1955 1956 1957
f 1944 1941 1953
f 1944 1953 1958
f 1957 1953 1951
f 1957 1958 1953
f 1956 1958 1957
f 1956 1959 1958
f 1944 1958 1945
f 1945 1958 1959
f 1945 1959 1948
f 1948 1959 1960
f 1960 1959 1961
f 1951 1955 1957
f 1954 1955 1951
f 1955 1962 1956
f 1962 1959 1956
f 1959 1962 1961
f 1961 1962 1963
f 1402 1390 1915
f 1942 1404 1402
f 1936 1522 1537
f 1936 1537 1964
f 1942 1410 1404
f 1404 1410 1405
f 1410 1942 1946
f 1946 1413 1410
f 1413 1409 1410
f 1965 1413 1946
f 1414 1412 1413
f 1538 1966 1537
f 1967 1968 1966
f 1966 1538 1967
f 1964 1537 1966
f 1968 1964 1966
f 1968 1967 1969
f 1940 1937 1970
f 1940 1970 1971
f 1970 1937 1936
f 1964 1970 1936
f 1972 1964 1968
f 1970 1964 1972
f 1973 1974 1968
f 1972 1968 1974
f 1924 1156 1975
f 1924 1976 1923
f 1924 1975 1976
f 1158 1975 1156
f 1925 1923 1976
f 1925 1976 1977
f 1978 1976 1979
f 1976 1978 1977
f 1975 1158 1980
f 1981 1980 1158
f 1975 1980 1976
f 1158 1161 1981
f 1161 1170 1981
f 1981 1982 1980
f 1979 1976 1980
f 1980 1983 1979
f 1983 1978 1979
f 1982 1983 1980
f 1984 1985 1986
f 1987 1986 1988
f 1987 1989 1986
f 1989 1987 1990
f 1989 1984 1986
f 1925 1977 1930
f 1977 1978 1930
f 1988 1930 1978
f 1985 1933 1931
f 1985 1931 1930
f 1985 1930 1988
f 1984 1933 1985
f 1991 1988 1978
f 1991 1978 1983
f 1988 1991 1987
f 1988 1986 1985
f 1171 1992 1993
f 1166 1994 1171
f 1992 1995 1993
f 1992 1996 1995
f 1997 1996 1992
f 1997 1998 1996
f 1997 1992 1171
f 1170 1982 1981
f 1982 1170 1993
f 1168 1170 1169
f 1993 1170 1168
f 1995 1983 1982
f 1982 1993 1995
f 1983 1995 1999
f 1168 1171 1993
f 1999 1987 1991
f 1987 1999 1990
f 2000 1999 1995
f 1996 2000 1995
f 1999 2000 1990
f 2001 1989 1990
f 2001 2002 1989
f 1990 2003 2001
f 1996 1998 2000
f 1998 2004 2000
f 1990 2000 2004
f 1997 2005 1998
f 2006 2005 1997
f 2004 2005 2007
f 2005 2004 1998
f 2004 2003 1990
f 2008 2004 2007
f 2008 2003 2004
f 1999 1991 1983
f 1176 1124 1125
f 1176 1125 1938
f 1971 1938 1940
f 2009 1176 1938
f 2009 1938 1971
f 2009 1971 2010
f 1178 1176 2009
f 2010 2011 2009
f 1303 1178 2009
f 1984 2012 2013
f 2013 1954 1950
f 2013 2014 1954
f 2015 1954 2014
f 2013 2012 2014
f 2016 2012 1984
f 1984 1989 2016
f 2017 2012 2016
f 2017 2014 2012
f 2018 2014 2017
f 2019 2014 2018
f 1933 2013 1950
f 1984 2013 1933
f 2015 1955 1954
f 2015 2020 1955
f 2021 2015 2014
f 2015 2021 2020
f 2020 1962 1955
f 1963 1962 2020
f 2020 2022 2023
f 2019 2021 2014
f 2019 2022 2021
f 2021 2022 2020
f 2022 2024 2023
f 2024 2022 2025
f 2025 2022 2019
f 2002 2016 1989
f 2017 2016 2002
f 2026 2017 2002
f 2001 2027 2002
f 2026 2002 2027
f 2017 2026 2018
f 2026 2028 2018
f 2001 2003 2027
f 2027 2028 2026
f 2027 2003 2008
f 2018 2028 2029
f 2028 2030 2031
f 2031 2029 2028
f 2030 2028 2027
f 2032 2019 2018
f 2032 2018 2029
f 2033 2032 2029
f 2019 2032 2034
f 2019 2034 2025
f 2035 2025 2034
f 2034 2032 2033
f 2031 2033 2029
f 2036 2033 2031
f 2033 2036 2037
f 2034 2033 2037
f 2037 2038 2034
f 2039 2038 2037
f 2040 2041 2042
f 2043 2040 2044
f 2044 2040 2042
f 2041 1971 1970
f 2010 1971 2041
f 1970 1972 2041
f 2045 2041 1972
f 2010 2041 2040
f 2043 2010 2040
f 2043 2011 2010
f 1967 1538 1540
f 1947 1965 1946
f 2046 1947 1948
f 2047 2048 2046
f 2047 2049 2048
f 1960 1961 2050
f 2050 1948 1960
f 2050 2051 1948
f 2047 2046 1948
f 2051 2047 1948
f 2051 2052 2047
f 1963 2050 1961
f 1963 2053 2050
f 2053 2051 2050
f 2053 2054 2051
f 2051 2054 2052
f 2047 2052 2055
f 2055 2049 2047
f 2056 2055 2052
f 2052 2054 2056
f 2056 2057 2055
f 2056 2058 2057
f 2057 2058 2059
f 1414 1413 1965
f 2060 1414 1965
f 2046 2060 1965
f 1553 1414 2060
f 1553 2060 2061
f 1965 1947 2046
f 2060 2046 2048
f 2063 2061 2064
f 2048 2061 2060
f 2048 2064 2061
f 2064 2048 2049
f 2049 2065 2064
f 2064 2066 2063
f 2065 2066 2064
f 2066 2065 2068
f 2063 1553 2061
f 1558 1554 2062
f 1560 1558 2062
f 1560 2062 2067
f 2070 1560 2067
f 1562 1560 2070
f 1973 1968 1969
f 1973 2071 1974
f 2072 2065 2049
f 2073 2065 2072
f 2055 2072 2049
f 2072 2055 2057
f 2074 1973 1969
f 2071 1973 2074
f 2071 2074 2075
f 2074 2076 2075
f 2077 2076 2074
f 2078 2076 2077
f 2079 2057 2059
f 2068 2065 2073
f 2080 2070 2081
f 2069 2070 2067
f 2069 2083 2084
f 2069 2081 2070
f 2081 2069 2084
f 2081 2084 2085
f 2072 2086 2073
f 2068 2086 2082
f 2086 2068 2073
f 2087 2082 2086
f 2088 2089 2083
f 2072 2057 2086
f 2057 2079 2086
f 2086 2079 2087
f 2090 2087 2079
f 2091 2087 2090
f 2089 2084 2083
f 2093 2084 2089
f 2084 2093 2085
f 2089 2088 2093
f 2094 2085 2093
f 2093 2088 2095
f 2093 2095 2094
f 2092 2095 2088
f 2096 2095 2092
f 2095 2096 2097
f 2098 2094 2095
f 2095 2097 2098
f 2099 2098 2100
f 2101 2100 2098
f 2023 1963 2020
f 1963 2023 2053
f 2053 2023 2102
f 2102 2103 2053
f 2024 2102 2023
f 2104 2102 2024
f 2103 2102 2104
f 2053 2103 2054
f 2104 2105 2103
f 2104 2106 2107
f 2107 2105 2104
f 2108 2054 2103
f 2056 2054 2058
f 2054 2108 2058
f 2058 2108 2109
f 2109 2110 2058
f 2110 2059 2058
f 2103 2105 2108
f 2108 2105 2109
f 2107 2109 2105
f 2109 2111 2110
f 2109 2107 2111
f 2112 2110 2111
f 2035 2024 2025
f 2035 2113 2024
f 2038 2035 2034
f 2038 2113 2035
f 2113 2106 2104
f 2024 2113 2104
f 2114 2106 2113
f 2115 2113 2038
f 2039 2115 2038
f 2039 2116 2115
f 2113 2115 2114
f 2114 2115 2117
f 2117 2115 2116
f 2118 2044 2042
f 2119 2107 2106
f 2114 2119 2106
f 2107 2120 2111
f 2119 2120 2107
f 2120 2119 2121
f 2119 2114 2121
f 2122 2114 2117
f 2122 2121 2114
f 2121 2123 2120
f 2045 1972 1974
f 2124 2045 1974
f 2124 1974 2071
f 2071 2125 2124
f 2124 2126 2045
f 2071 2075 2125
f 2126 2124 2125
f 2045 2126 2042
f 2042 2041 2045
f 2042 2126 2127
f 2127 2126 2128
f 2128 2126 2125
f 2128 2125 2129
f 2130 2127 2128
f 2131 2059 2132
f 2059 2131 2079
f 2110 2132 2059
f 2132 2110 2112
f 2133 2132 2112
f 2133 2134 2132
f 2112 2135 2133
f 2133 2135 2136
f 2121 2137 2123
f 2123 2137 2138
f 2111 2120 2139
f 2112 2111 2135
f 2139 2135 2111
f 2123 2139 2120
f 2135 2139 2140
f 2141 2136 2135
f 2138 2140 2123
f 2139 2123 2140
f 2141 2135 2140
f 2142 2143 2141
f 2138 2142 2140
f 2141 2140 2142
f 2138 2144 2142
f 2136 2141 2145
f 2145 2141 2143
f 2143 2146 2145
f 2146 2147 2148
f 2131 2090 2079
f 2090 2131 2149
f 2149 2131 2134
f 2134 2151 2149
f 2134 2131 2132
f 2134 2152 2151
f 2091 2090 2149
f 2152 2134 2133
f 2136 2152 2133
f 2075 2076 2153
f 2154 2155 2076
f 2153 2129 2075
f 2075 2129 2125
f 2129 2153 2156
f 2076 2155 2153
f 2151 2091 2149
f 2150 2096 2092
f 2157 2096 2150
f 2159 2160 2150
f 2160 2157 2150
f 2157 2160 2159
f 2161 2157 2159
f 2152 2136 2162
f 2162 2158 2152
f 2158 2151 2152
f 2159 2163 2161
f 2164 2158 2162
f 2097 2096 2157
f 2097 2157 2161
f 2165 2097 2161
f 2161 2163 2165
f 2101 2098 2097
f 2101 2097 2165
f 2163 2166 2165
f 2166 2163 2167
f 2128 2129 2130
f 2129 2169 2130
f 2129 2156 2169
f 2155 2156 2153
f 2162 2136 2145
f 2162 2170 2171
f 2170 2162 2145
f 2173 2171 2170
f 2173 2170 2174
f 2164 2162 2168
f 2162 2171 2168
f 2171 2173 2168
f 2170 2145 2146
f 2146 2148 2170
f 2174 2170 2148
f 2173 2174 2176
f 2155 2177 2156
f 2169 2156 2178
f 1540 2179 1967
f 2179 1540 1541
f 1584 2179 1541
f 2179 1584 2180
f 2179 1969 1967
f 2180 1969 2179
f 2074 1969 2180
f 2181 2077 2180
f 2181 2180 1584
f 2182 1584 1583
f 1602 2182 1583
f 2183 1584 2182
f 2181 1584 2183
f 2074 2180 2077
f 2182 1602 1604
f 1604 2184 2182
f 2184 2183 2182
f 2080 1605 1562
f 1605 1561 1562
f 2080 1562 2070
f 1605 2080 1607
f 1589 1605 1607
f 2185 2080 2081
f 1607 2080 2186
f 2186 2080 2185
f 2186 2185 2187
f 1609 1607 2186
f 2183 2188 2181
f 2184 2188 2183
f 2189 2081 2085
f 2189 2185 2081
f 2190 2185 2189
f 2190 2187 2185
f 2187 2190 2191
f 2191 2190 2189
f 1609 2186 2187
f 1609 2187 2192
f 1619 1609 2192
f 1619 2192 2193
f 2192 2187 2191
f 2194 2193 2192
f 2192 2191 2194
f 2194 2191 2195
f 2181 2078 2077
f 2078 2181 2188
f 2154 2076 2078
f 2078 2188 2154
f 2196 2154 2188
f 2184 2197 2188
f 2188 2197 2196
f 2189 2085 2094
f 2189 2094 2099
f 2094 2098 2099
f 2195 2191 2189
f 2195 2189 2099
f 2198 2184 1604
f 2198 2199 2184
f 1619 1608 1609
f 2200 1619 2193
f 2201 2200 2193
f 1622 1619 2200
f 2201 1622 2200
f 2184 2199 2197
f 2199 2202 2197
f 2202 2203 2197
f 2204 2202 2199
f 2205 2206 2202
f 2196 2207 2154
f 2154 2207 2155
f 2207 2177 2155
f 2177 2207 2208
f 2196 2208 2207
f 2197 2203 2196
f 2203 2208 2196
f 2203 2209 2208
f 2210 2209 2203
f 2209 2177 2208
f 2177 2209 2211
f 2177 2211 2212
f 2206 2203 2202
f 1294 2213 1166
f 1166 2213 1994
f 2213 1997 1994
f 1997 1171 1994
f 2006 1997 2213
f 2214 2006 2213
f 2213 1294 1336
f 1336 2214 2213
f 2215 2214 1336
f 2005 2216 2007
f 2006 2216 2005
f 2217 2007 2216
f 2216 2218 2217
f 2217 2008 2007
f 2218 2219 2217
f 2220 2006 2214
f 2215 2220 2214
f 2221 2222 2220
f 2006 2222 2216
f 2222 2006 2220
f 2222 2218 2216
f 2223 2218 2222
f 2215 1336 1343
f 2221 2220 2215
f 1343 2221 2215
f 2221 2223 2222
f 2221 1343 2223
f 2224 2225 2223
f 1343 2224 2223
f 2224 1343 1350
f 2009 2011 1303
f 2226 1303 2011
f 2011 2227 2226
f 2227 2011 2043
f 2226 1304 1303
f 2226 1305 1304
f 2228 2226 2227
f 2219 2027 2008
f 2219 2008 2217
f 2229 2027 2219
f 2229 2030 2027
f 2219 2218 2230
f 2231 2229 2219
f 2229 2031 2030
f 2031 2229 2232
f 2231 2219 2230
f 2223 2230 2218
f 2225 2230 2223
f 2233 2231 2230
f 2225 2233 2230
f 2229 2231 2232
f 2233 2232 2231
f 2234 2232 2233
f 2235 2036 2031
f 2031 2232 2235
f 2232 2236 2235
f 2235 2037 2036
f 2237 2037 2235
f 2039 2037 2238
f 2235 2239 2237
f 2237 2238 2037
f 2238 2237 2239
f 2232 2234 2240
f 2236 2232 2240
f 2236 2240 2241
f 2236 2239 2235
f 2241 2239 2236
f 2239 2242 2243
f 2241 2242 2239
f 2043 2044 2244
f 2044 2245 2244
f 2224 2246 2225
f 2246 2233 2225
f 2247 2246 2224
f 2233 2246 2248
f 2234 2248 2249
f 2234 2233 2248
f 2249 2248 2250
f 2224 1350 2247
f 1351 2247 1350
f 2247 1351 2251
f 2247 2248 2246
f 2247 2251 2250
f 2251 2252 2250
f 2247 2250 2248
f 2227 2043 2244
f 2253 2227 2244
f 2249 2240 2234
f 2240 2249 2241
f 2254 2249 2250
f 2254 2241 2249
f 2254 2255 2241
f 2241 2255 2256
f 2241 2256 2242
f 2252 2254 2250
f 2257 2254 2252
f 2258 2254 2257
f 2259 2256 2255
f 2255 2254 2259
f 2260 2256 2259
f 2258 2259 2254
f 2261 2259 2258
f 2261 2260 2259
f 2253 2244 2262
f 2244 2245 2262
f 2253 2228 2227
f 1299 1346 1340
f 2263 1346 1299
f 1308 2263 1299
f 1354 1346 2263
f 1299 1298 1308
f 2263 1308 2264
f 1354 2263 2264
f 1309 1308 1300
f 1309 1292 1310
f 1308 1309 2265
f 2264 1308 2265
f 2264 1358 1354
f 2264 2265 1358
f 2266 1311 1305
f 2266 1305 2226
f 2266 2226 2228
f 2267 1311 2266
f 2268 2266 2228
f 2267 2266 2268
f 1311 2267 2269
f 2270 2267 2268
f 2270 2269 2267
f 2251 1351 2271
f 1351 1359 2271
f 2272 2251 2271
f 2252 2251 2272
f 2271 2273 2272
f 2274 2271 1359
f 2274 2273 2271
f 2275 2273 2274
f 2276 2274 1359
f 2274 2276 2275
f 2273 2252 2272
f 2273 2257 2252
f 2277 2257 2273
f 2273 2278 2277
f 2257 2277 2258
f 2277 2261 2258
f 2279 2261 2277
f 2273 2275 2278
f 2275 2276 2280
f 2275 2280 2278
f 2281 2279 2277
f 2278 2281 2277
f 2279 2281 2282
f 2281 2278 2280
f 2283 2282 2281
f 2281 2284 2283
f 2253 2262 2285
f 1360 1363 1359
f 1363 2276 1359
f 2276 1363 2280
f 2286 2280 1363
f 2280 2286 2284
f 2284 2281 2280
f 2284 2286 2287
f 2286 1363 2288
f 1363 1362 2289
f 2288 1363 2289
f 2287 2286 2288
f 2290 2291 2287
f 2288 2290 2287
f 2285 2228 2253
f 2268 2228 2285
f 2268 2285 2292
f 2293 2285 2262
f 2292 2285 2293
f 2116 2039 2238
f 2294 2117 2116
f 2116 2238 2294
f 2294 2238 2295
f 2243 2238 2239
f 2238 2243 2295
f 2242 2295 2243
f 2295 2296 2294
f 2297 2296 2295
f 2044 2118 2245
f 2118 2042 2298
f 2294 2122 2117
f 2294 2299 2122
f 2122 2300 2121
f 2300 2137 2121
f 2301 2300 2122
f 2301 2302 2300
f 2294 2296 2299
f 2297 2303 2296
f 2303 2299 2296
f 2303 2304 2299
f 2301 2122 2299
f 2304 2301 2299
f 2242 2297 2295
f 2242 2256 2305
f 2297 2242 2305
f 2306 2297 2305
f 2307 2306 2308
f 2260 2305 2256
f 2306 2305 2260
f 2306 2260 2308
f 2309 2297 2306
f 2310 2309 2307
f 2306 2307 2309
f 2311 2245 2118
f 2245 2311 2262
f 2312 2303 2297
f 2312 2304 2303
f 2297 2309 2312
f 2301 2304 2313
f 2313 2304 2312
f 2314 2313 2312
f 2315 2312 2309
f 2315 2309 2310
f 2316 2315 2310
f 2317 2312 2315
f 2118 2298 2318
f 2118 2319 2311
f 2319 2118 2318
f 2298 2042 2127
f 2298 2127 2130
f 2319 2318 2320
f 2321 2319 2320
f 2137 2300 2302
f 2138 2137 2302
f 2138 2302 2322
f 2323 2322 2302
f 2138 2322 2144
f 2324 2322 2323
f 2325 2323 2302
f 2301 2325 2302
f 2326 2323 2325
f 2144 2143 2142
f 2144 2322 2324
f 2324 2323 2327
f 2326 2327 2323
f 2328 2324 2329
f 2143 2144 2328
f 2147 2146 2143
f 2328 2147 2143
f 2328 2330 2147
f 2328 2144 2324
f 2329 2330 2328
f 2329 2331 2330
f 2174 2330 2331
f 2332 2324 2327
f 2333 2329 2324
f 2332 2333 2324
f 2332 2327 2334
f 2332 2334 2335
f 2333 2332 2335
f 2331 2329 2333
f 2331 2333 2336
f 2174 2331 2336
f 2336 2333 2335
f 2336 2335 2337
f 2338 2336 2337
f 2313 2325 2301
f 2339 2325 2313
f 2314 2339 2313
f 2325 2339 2326
f 2340 2326 2339
f 2341 2340 2339
f 2312 2317 2314
f 2314 2341 2339
f 2342 2314 2317
f 2342 2343 2314
f 2340 2341 2344
f 2345 2344 2341
f 2343 2341 2314
f 2341 2343 2345
f 2326 2346 2327
f 2340 2346 2326
f 2346 2334 2327
f 2334 2346 2335
f 2346 2340 2344
f 2344 2347 2346
f 2347 2348 2346
f 2346 2348 2335
f 2348 2337 2335
f 2344 2349 2347
f 2344 2345 2349
f 2347 2350 2348
f 2349 2350 2347
f 2348 2350 2351
f 2350 2352 2351
f 2130 2318 2298
f 2169 2353 2130
f 2353 2169 2354
f 2147 2330 2148
f 2330 2174 2148
f 2355 2169 2178
f 2169 2355 2354
f 2336 2338 2174
f 2177 2178 2156
f 2212 2178 2177
f 2356 2178 2212
f 2355 2178 2356
f 2318 2130 2353
f 2353 2354 2357
f 2357 2318 2353
f 2320 2318 2357
f 2358 2354 2355
f 2358 2357 2354
f 2359 2355 2356
f 2356 2360 2359
f 2358 2355 2359
f 2308 2361 2307
f 2308 2260 2261
f 2308 2261 2279
f 2361 2308 2279
f 2279 2282 2361
f 2307 2362 2310
f 2362 2307 2361
f 2310 2362 2363
f 2282 2362 2361
f 2283 2364 2282
f 2364 2362 2282
f 2365 2362 2366
f 2362 2364 2366
f 2364 2367 2368
f 2368 2366 2364
f 2369 2262 2311
f 2316 2310 2363
f 2365 2363 2362
f 2363 2370 2316
f 2316 2317 2315
f 2370 2317 2316
f 2371 2317 2370
f 2370 2363 2365
f 2366 2370 2365
f 2372 2370 2366
f 2366 2368 2372
f 2373 2370 2372
f 2374 2371 2370
f 2370 2373 2374
f 2369 2311 2319
f 2367 2283 2284
f 2375 2367 2284
f 2367 2364 2283
f 2287 2291 2284
f 2291 2375 2284
f 2367 2375 2376
f 2368 2367 2376
f 2376 2372 2368
f 2377 2372 2376
f 2378 2375 2291
f 2378 2376 2375
f 2290 2379 2291
f 2379 2378 2291
f 2380 2376 2378
f 2377 2376 2380
f 2380 2378 2379
f 2381 2377 2380
f 2382 2373 2372
f 2373 2383 2374
f 2384 2373 2382
f 2384 2383 2373
f 2372 2377 2385
f 2385 2382 2372
f 2381 2385 2377
f 2385 2384 2382
f 2386 2384 2385
f 2387 2384 2386
f 2384 2387 2388
f 2389 2319 2321
f 2319 2389 2369
f 2293 2262 2369
f 2390 2293 2369
f 2390 2369 2389
f 2390 2391 2293
f 2390 2392 2391
f 2392 2390 2393
f 2371 2342 2317
f 2342 2371 2343
f 2394 2343 2371
f 2395 2345 2343
f 2343 2394 2395
f 2371 2383 2394
f 2371 2374 2383
f 2396 2394 2383
f 2397 2395 2394
f 2397 2394 2396
f 2397 2398 2395
f 2399 2349 2345
f 2399 2345 2395
f 2398 2399 2395
f 2399 2400 2401
f 2350 2349 2402
f 2402 2349 2399
f 2402 2399 2401
f 2402 2352 2350
f 2400 2399 2398
f 2397 2400 2398
f 2400 2397 2403
f 2404 2400 2403
f 2404 2401 2400
f 2402 2401 2404
f 2402 2404 2405
f 2383 2406 2396
f 2383 2384 2406
f 2397 2396 2407
f 2407 2396 2406
f 2406 2384 2388
f 2388 2408 2406
f 2408 2409 2406
f 2388 2387 2408
f 2410 2409 2408
f 2407 2406 2409
f 2411 2407 2409
f 2409 2410 2411
f 2410 2412 2411
f 2397 2407 2403
f 2407 2413 2403
f 2414 2403 2413
f 2403 2414 2415
f 2414 2416 2415
f 2415 2404 2403
f 2405 2404 2415
f 2405 2415 2417
f 2407 2411 2413
f 2416 2414 2413
f 2418 2413 2411
f 2416 2413 2418
f 2417 2415 2416
f 2417 2416 2419
f 2320 2357 2321
f 2321 2420 2389
f 2421 2420 2321
f 2321 2357 2421
f 2421 2357 2422
f 2421 2422 2423
f 2422 2357 2358
f 2358 2424 2422
f 2389 2420 2390
f 2420 2393 2390
f 2421 2393 2420
f 2421 2423 2425
f 2393 2421 2425
f 2423 2422 2426
f 2198 1604 1617
f 1617 1838 2198
f 1838 2204 2198
f 2204 2199 2198
f 2204 1838 2427
f 2427 2205 2204
f 2428 2205 2427
f 2205 2202 2204
f 1838 1850 2427
f 1850 2429 2427
f 2429 2428 2427
f 2429 1850 1851
f 2430 2101 2165
f 2166 2431 2165
f 2432 2431 2166
f 2431 2430 2165
f 2432 2430 2431
f 2166 2167 2433
f 2167 2172 2433
f 2175 2433 2172
f 2166 2434 2432
f 2433 2434 2166
f 2434 2433 2435
f 2432 2434 2435
f 2432 2435 2436
f 2175 2437 2433
f 2435 2433 2437
f 2435 2438 2436
f 2437 2438 2435
f 2438 2439 2436
f 2439 2438 2440
f 2441 2439 2440
f 2195 2099 2442
f 2100 2442 2099
f 2443 2442 2100
f 2444 2195 2442
f 2444 2442 2443
f 2195 2444 2445
f 2445 2444 2446
f 2193 2447 2201
f 2447 2193 2448
f 2193 2194 2448
f 2449 2447 2448
f 2449 2450 2447
f 2451 1622 2201
f 2451 2201 2447
f 1622 2451 1623
f 2452 1623 2451
f 2453 2451 2447
f 2453 2452 2451
f 2454 2453 2447
f 2450 2454 2447
f 2195 2448 2194
f 2195 2445 2448
f 2455 2448 2445
f 2455 2449 2448
f 2456 2449 2455
f 2450 2449 2456
f 2457 2445 2446
f 2455 2445 2457
f 2458 2455 2457
f 2456 2455 2458
f 2450 2456 2459
f 2460 2450 2459
f 2457 2446 2461
f 2458 2457 2461
f 2462 2456 2458
f 2462 2459 2456
f 2460 2459 2462
f 2462 2458 2463
f 2463 2458 2464
f 2462 2463 2465
f 2466 2462 2465
f 2463 2464 2465
f 2467 2465 2464
f 2468 2465 2467
f 2469 2100 2101
f 2469 2101 2430
f 2443 2100 2469
f 2470 2443 2469
f 2469 2430 2471
f 2471 2430 2432
f 2436 2472 2471
f 2473 2470 2469
f 2473 2469 2471
f 2473 2471 2472
f 2444 2443 2470
f 2446 2444 2470
f 2470 2473 2474
f 2474 2446 2470
f 2473 2472 2474
f 2475 2474 2476
f 2471 2432 2436
f 2441 2472 2436
f 2441 2436 2439
f 2212 2211 2477
f 2478 2211 2209
f 2210 2478 2209
f 2211 2479 2477
f 2479 2211 2478
f 2479 2478 2480
f 2481 2472 2441
f 2441 2440 2482
f 2483 2441 2482
f 2472 2476 2474
f 2476 2472 2481
f 2483 2484 2481
f 2476 2481 2484
f 2441 2483 2481
f 2485 2483 2482
f 2483 2485 2486
f 2486 2485 2487
f 2488 2484 2483
f 2488 2483 2486
f 2488 2486 2489
f 2203 2206 2210
f 2490 2491 2206
f 2446 2474 2461
f 2458 2461 2464
f 2492 2461 2475
f 2492 2464 2461
f 2461 2474 2475
f 2475 2493 2492
f 2493 2475 2494
f 2467 2464 2492
f 2467 2492 2495
f 2496 2467 2495
f 2495 2492 2493
f 2493 2497 2495
f 2210 2480 2478
f 2491 2210 2206
f 2491 2480 2210
f 2498 2480 2491
f 2475 2476 2494
f 2494 2476 2484
f 2494 2499 2493
f 2494 2484 2499
f 2497 2493 2499
f 2499 2484 2488
f 2500 2497 2499
f 2501 2480 2498
f 2497 2502 2495
f 2499 2488 2503
f 2504 2499 2503
f 2500 2499 2504
f 2505 2500 2504
f 2504 2506 2505
f 2348 2351 2337
f 2174 2507 2176
f 2176 2507 2508
f 2510 2508 2507
f 2174 2338 2507
f 2338 2511 2512
f 2513 2507 2338
f 2510 2507 2513
f 2513 2338 2512
f 2515 2510 2513
f 2512 2516 2513
f 2516 2515 2513
f 2517 2516 2512
f 2518 2516 2519
f 2437 2175 2509
f 2520 2437 2509
f 2509 2521 2520
f 2437 2520 2438
f 2438 2520 2440
f 2510 2515 2508
f 2514 2521 2509
f 2520 2521 2440
f 2514 2516 2521
f 2521 2516 2522
f 2521 2482 2440
f 2482 2521 2523
f 2523 2521 2522
f 2516 2518 2522
f 2519 2522 2518
f 2522 2524 2523
f 2519 2524 2522
f 2511 2338 2337
f 2511 2337 2525
f 2337 2351 2525
f 2511 2517 2512
f 2526 2525 2351
f 2511 2525 2517
f 2519 2516 2517
f 2517 2525 2526
f 2527 2528 2526
f 2526 2519 2517
f 2519 2526 2528
f 2351 2529 2530
f 2351 2352 2529
f 2351 2530 2526
f 2530 2527 2526
f 2529 2527 2530
f 2531 2527 2529
f 2527 2531 2528
f 2359 2360 2424
f 2528 2531 2532
f 2524 2519 2533
f 2528 2532 2519
f 2533 2519 2532
f 2533 2534 2524
f 2535 2533 2532
f 2535 2536 2533
f 2531 2537 2532
f 2535 2532 2537
f 2352 2538 2539
f 2540 2539 2538
f 2402 2538 2352
f 2402 2405 2538
f 2541 2538 2405
f 2542 2541 2405
f 2541 2540 2538
f 2405 2543 2542
f 2543 2405 2417
f 2542 2543 2544
f 2543 2545 2544
f 2417 2545 2543
f 2417 2546 2545
f 2545 2547 2548
f 2545 2546 2547
f 2546 2417 2419
f 2419 2549 2546
f 2540 2550 2539
f 2529 2352 2539
f 2550 2529 2539
f 2540 2551 2550
f 2551 2552 2550
f 2529 2550 2531
f 2550 2552 2531
f 2540 2541 2551
f 2551 2541 2542
f 2551 2542 2548
f 2552 2551 2553
f 2553 2551 2548
f 2359 2424 2358
f 2552 2554 2531
f 2555 2552 2553
f 2556 2537 2531
f 2556 2531 2554
f 2557 2558 2537
f 2556 2557 2537
f 2552 2555 2554
f 2559 2554 2555
f 2556 2554 2559
f 2559 2555 2560
f 2557 2556 2559
f 2542 2544 2548
f 2544 2545 2548
f 2561 2562 2548
f 2547 2561 2548
f 2563 2562 2561
f 2548 2562 2553
f 2546 2561 2547
f 2549 2561 2546
f 2564 2561 2549
f 2565 2563 2561
f 2561 2564 2565
f 2566 2565 2564
f 2567 2563 2565
f 2567 2565 2566
f 2422 2424 2426
f 2426 2424 2568
f 2426 2569 2423
f 2568 2569 2426
f 2555 2553 2570
f 2571 2553 2562
f 2570 2553 2571
f 2563 2571 2562
f 2563 2567 2571
f 2572 2571 2567
f 2572 2567 2573
f 2560 2555 2570
f 2570 2571 2572
f 2574 2559 2560
f 2575 2560 2576
f 2577 2570 2572
f 2572 2573 2577
f 2577 2578 2570
f 2576 2560 2570
f 2576 2570 2578
f 2579 2576 2578
f 2356 2212 2580
f 2356 2580 2360
f 2212 2477 2580
f 2477 2581 2580
f 2479 2581 2477
f 2582 2581 2479
f 2523 2485 2482
f 2485 2523 2487
f 2523 2583 2487
f 2584 2523 2524
f 2534 2584 2524
f 2584 2583 2523
f 2534 2585 2584
f 2583 2584 2585
f 2583 2585 2586
f 2489 2487 2587
f 2486 2487 2489
f 2588 2489 2587
f 2587 2487 2583
f 2587 2583 2586
f 2587 2586 2589
f 2590 2360 2580
f 2360 2590 2424
f 2580 2581 2590
f 2534 2533 2536
f 2585 2534 2536
f 2585 2536 2591
f 2591 2536 2535
f 2591 2586 2585
f 2586 2591 2592
f 2558 2592 2535
f 2558 2535 2537
f 2591 2535 2592
f 2593 2592 2594
f 2595 2592 2558
f 2582 2596 2581
f 2582 2597 2596
f 2596 2590 2581
f 2480 2582 2479
f 2501 2582 2480
f 2501 2597 2582
f 2598 2501 2498
f 2596 2597 2599
f 2600 2599 2597
f 2601 2600 2597
f 2597 2501 2601
f 2503 2489 2588
f 2602 2588 2587
f 2594 2592 2595
f 2586 2592 2593
f 2586 2593 2589
f 2589 2593 2603
f 2589 2603 2604
f 2603 2593 2594
f 2594 2595 2603
f 2605 2603 2595
f 2603 2605 2604
f 2488 2489 2503
f 2606 2503 2588
f 2606 2588 2602
f 2606 2504 2503
f 2587 2589 2602
f 2607 2602 2589
f 2607 2589 2608
f 2602 2607 2606
f 2606 2607 2609
f 2609 2607 2610
f 2610 2607 2608
f 2606 2506 2504
f 2506 2606 2609
f 2611 2506 2609
f 2612 2506 2611
f 2611 2609 2610
f 2613 2611 2610
f 2604 2608 2589
f 2605 2608 2604
f 2614 2605 2615
f 2608 2605 2616
f 2614 2617 2618
f 2616 2605 2614
f 2616 2614 2618
f 2619 2610 2608
f 2619 2613 2610
f 2619 2608 2616
f 2616 2620 2619
f 2621 2619 2620
f 2616 2618 2620
f 2620 2618 2622
f 2623 2622 2618
f 2590 2624 2424
f 2625 2624 2590
f 2568 2424 2624
f 2624 2626 2568
f 2625 2626 2624
f 2557 2627 2558
f 2627 2557 2628
f 2627 2629 2558
f 2629 2627 2628
f 2628 2557 2574
f 2559 2574 2557
f 2596 2625 2590
f 2599 2625 2596
f 2625 2599 2630
f 2568 2626 2631
f 2626 2632 2631
f 2560 2575 2574
f 2633 2634 2574
f 2633 2574 2575
f 2635 2575 2576
f 2576 2636 2635
f 2576 2579 2636
f 2626 2625 2632
f 2632 2637 2631
f 2630 2632 2625
f 2630 2599 2600
f 2638 2600 2601
f 2639 2630 2600
f 2640 2630 2639
f 2640 2632 2630
f 2595 2558 2629
f 2574 2629 2628
f 2574 2634 2629
f 2629 2641 2595
f 2615 2605 2595
f 2641 2615 2595
f 2641 2629 2634
f 2642 2641 2634
f 2642 2634 2633
f 2633 2643 2642
f 2615 2641 2642
f 2615 2642 2644
f 2644 2642 2645
f 2646 2642 2643
f 2645 2642 2646
f 2575 2635 2633
f 2636 2647 2635
f 2648 2635 2647
f 2643 2633 2635
f 2635 2649 2643
f 2646 2643 2649
f 2650 2646 2649
f 2648 2649 2635
f 2650 2649 2651
f 2648 2651 2649
f 2648 2652 2651
f 2617 2614 2615
f 2615 2644 2617
f 2618 2617 2653
f 2654 2644 2645
f 2654 2645 2655
f 2656 2617 2644
f 2644 2654 2656
f 2653 2656 2654
f 2600 2657 2639
f 2617 2656 2653
f 2618 2653 2623
f 2658 2653 2659
f 2654 2659 2653
f 2654 2660 2659
f 2658 2659 2661
f 2662 2658 2661
f 2661 2659 2660
f 2655 2645 2646
f 2655 2646 2650
f 2655 2650 2654
f 2650 2663 2654
f 2663 2650 2651
f 2651 2664 2663
f 2665 2663 2664
f 2666 2664 2651
f 2664 2666 2667
f 2665 2664 2667
f 2668 2640 2639
f 2657 2668 2639
f 2669 2654 2663
f 2669 2663 2665
f 2654 2669 2660
f 2670 2665 2667
f 2665 2670 2669
f 1885 1623 2452
f 1883 1623 1885
f 2452 2671 1885
f 2452 2453 2671
f 2453 2672 2671
f 2672 2453 2454
f 2673 2672 2454
f 2454 2450 2673
f 2450 2674 2673
f 2671 2672 2673
f 2675 2671 2673
f 1886 1885 1889
f 1889 1885 2671
f 1889 2671 2676
f 2675 2676 2671
f 2676 1893 1889
f 2677 2675 2673
f 2673 2674 2677
f 2675 2677 2678
f 2450 2460 2674
f 2206 2205 2679
f 2428 2679 2205
f 2680 2428 2681
f 2682 2460 2462
f 2466 2682 2462
f 2674 2460 2683
f 2682 2683 2460
f 2677 2674 2683
f 2468 2466 2465
f 2682 2466 2684
f 2684 2466 2468
f 2678 2677 2685
f 2677 2683 2685
f 2686 2682 2684
f 2682 2685 2683
f 2685 2682 2686
f 2687 2685 2686
f 2686 2684 2688
f 2686 2688 2687
f 2689 2428 2429
f 2690 2429 1851
f 1852 2690 1851
f 2690 2689 2429
f 2690 2691 2689
f 2692 1894 1893
f 2692 1893 2676
f 1900 1894 2692
f 1892 1891 1894
f 2692 2693 1900
f 2692 2676 2675
f 2692 2675 2678
f 2694 2678 2685
f 2693 2692 2695
f 2692 2678 2695
f 2695 2678 2694
f 2695 2696 2693
f 2696 2695 2694
f 1900 1892 1894
f 1901 1900 2693
f 2693 2697 1901
f 2698 2693 2696
f 2697 2693 2698
f 2697 2698 2699
f 2700 2428 2689
f 2681 2428 2700
f 2687 2694 2685
f 2691 2700 2689
f 2698 2696 2694
f 2700 2701 2702
f 2702 2681 2700
f 2688 2703 2687
f 2704 2687 2703
f 2694 2687 2704
f 2703 2688 2705
f 2706 2703 2705
f 2703 2706 2707
f 2694 2704 2698
f 2698 2704 2699
f 2699 2703 2707
f 2704 2703 2699
f 2490 2206 2679
f 2679 2680 2490
f 2680 2679 2428
f 2680 2708 2490
f 2681 2708 2680
f 2709 2467 2496
f 2709 2468 2467
f 2709 2496 2710
f 2711 2684 2468
f 2490 2498 2491
f 2681 2702 2708
f 2701 2712 2702
f 2712 2708 2702
f 2498 2490 2708
f 2713 2498 2708
f 2714 2713 2708
f 2708 2712 2714
f 2711 2468 2709
f 2709 2710 2711
f 2710 2496 2495
f 2495 2502 2710
f 2710 2502 2715
f 2715 2716 2710
f 2715 2502 2717
f 2688 2684 2711
f 2716 2711 2710
f 2718 2688 2711
f 2718 2711 2719
f 2715 2717 2716
f 2719 2711 2716
f 2720 2719 2716
f 2720 2716 2721
f 2502 2497 2722
f 2500 2722 2497
f 2717 2502 2722
f 2717 2722 2723
f 2722 2500 2724
f 2722 2724 2723
f 2725 2723 2724
f 2724 2500 2505
f 2724 2505 2726
f 2727 2724 2726
f 2727 2725 2724
f 2723 2716 2717
f 2728 2723 2725
f 2716 2723 2721
f 2721 2723 2728
f 2729 2721 2728
f 2728 2725 2729
f 2725 2730 2729
f 2730 2725 2727
f 2727 2731 2730
f 2688 2718 2705
f 2718 2719 2720
f 2732 2718 2720
f 2732 2705 2718
f 2705 2732 2733
f 2734 2720 2721
f 2733 2732 2720
f 2733 2720 2735
f 2734 2735 2720
f 2706 2705 2733
f 2707 2706 2733
f 2736 2707 2733
f 2736 2737 2707
f 2738 2714 2712
f 2733 2735 2739
f 2739 2735 2740
f 2734 2721 2729
f 2714 2741 2713
f 2741 2714 2742
f 2734 2729 2743
f 2740 2734 2743
f 2740 2735 2734
f 2729 2730 2744
f 2745 2743 2729
f 2745 2729 2744
f 2739 2740 2746
f 2746 2740 2743
f 2747 2746 2748
f 2743 2745 2746
f 2745 2748 2746
f 2748 2745 2749
f 1852 1907 2690
f 2690 1907 2691
f 2750 1907 1904
f 2750 1904 1908
f 1901 2697 2751
f 1909 1901 2751
f 1905 1909 2751
f 2752 1908 1905
f 2750 1908 2752
f 1907 2753 2691
f 2753 1907 2750
f 2754 2751 2697
f 2754 2697 2699
f 2754 2755 2751
f 2751 2752 1905
f 2755 2752 2751
f 2750 2752 2756
f 2753 2700 2691
f 2700 2753 2701
f 2701 2753 2757
f 2757 2750 2756
f 2750 2757 2753
f 2758 2701 2757
f 2759 2758 2757
f 2760 2754 2699
f 2755 2754 2760
f 2760 2699 2761
f 2760 2752 2755
f 2752 2760 2762
f 2762 2763 2752
f 2763 2756 2752
f 2757 2756 2759
f 2760 2761 2762
f 2763 2759 2756
f 2761 2699 2737
f 2737 2764 2761
f 2762 2761 2764
f 2699 2707 2737
f 2762 2764 2763
f 2758 2712 2701
f 2758 2759 2765
f 2737 2736 2766
f 2739 2736 2733
f 2759 2763 2767
f 2764 2737 2766
f 2764 2768 2763
f 2767 2765 2759
f 2767 2763 2768
f 2758 2738 2712
f 2738 2758 2765
f 2736 2739 2766
f 2738 2742 2714
f 2769 2738 2765
f 2769 2742 2738
f 2766 2739 2746
f 2766 2746 2747
f 2770 2764 2766
f 2764 2770 2768
f 2766 2747 2770
f 2742 2769 2771
f 2772 2770 2773
f 2773 2770 2747
f 2769 2765 2767
f 2767 2774 2769
f 2768 2774 2767
f 2774 2775 2769
f 2769 2775 2771
f 2774 2768 2772
f 2772 2768 2770
f 2598 2776 2501
f 2776 2601 2501
f 2601 2776 2777
f 2777 2638 2601
f 2713 2598 2498
f 2713 2778 2598
f 2612 2505 2506
f 2726 2505 2612
f 2726 2612 2779
f 2731 2726 2779
f 2731 2779 2780
f 2779 2612 2611
f 2779 2611 2613
f 2780 2779 2613
f 2727 2726 2731
f 2776 2598 2778
f 2621 2780 2613
f 2781 2731 2780
f 2782 2730 2731
f 2782 2731 2781
f 2783 2780 2621
f 2780 2783 2781
f 2784 2781 2783
f 2781 2784 2782
f 2613 2619 2621
f 2621 2620 2622
f 2785 2777 2776
f 2786 2621 2787
f 2623 2787 2622
f 2621 2622 2787
f 2623 2788 2787
f 2789 2787 2790
f 2790 2787 2788
f 2621 2786 2783
f 2784 2783 2786
f 2789 2786 2787
f 2791 2784 2786
f 2792 2786 2789
f 2786 2792 2791
f 2790 2793 2789
f 2792 2789 2793
f 2794 2776 2778
f 2778 2713 2741
f 2795 2778 2741
f 2742 2795 2741
f 2795 2794 2778
f 2744 2730 2782
f 2782 2796 2744
f 2796 2749 2744
f 2796 2782 2797
f 2797 2782 2784
f 2791 2797 2784
f 2791 2798 2797
f 2796 2797 2799
f 2745 2744 2749
f 2749 2796 2800
f 2799 2800 2796
f 2801 2749 2800
f 2799 2802 2800
f 2801 2800 2802
f 2785 2776 2794
f 2777 2785 2803
f 2795 2804 2794
f 2805 2794 2804
f 2805 2785 2794
f 2806 2805 2804
f 2791 2792 2798
f 2799 2797 2798
f 2799 2798 2807
f 2798 2792 2808
f 2798 2808 2807
f 2792 2793 2809
f 2792 2809 2808
f 2809 2810 2808
f 2802 2799 2807
f 2802 2807 2810
f 2802 2810 2811
f 2807 2808 2810
f 2809 2812 2810
f 2811 2810 2813
f 2657 2600 2638
f 2803 2657 2638
f 2638 2777 2803
f 2788 2623 2814
f 2658 2623 2653
f 2814 2623 2658
f 2662 2814 2658
f 2662 2815 2814
f 2662 2661 2815
f 2815 2816 2814
f 2790 2788 2814
f 2793 2790 2814
f 2814 2817 2793
f 2793 2818 2809
f 2793 2817 2818
f 2819 2816 2815
f 2814 2816 2817
f 2817 2816 2820
f 2818 2817 2820
f 2821 2668 2657
f 2803 2821 2657
f 2661 2660 2815
f 2660 2669 2815
f 2822 2815 2669
f 2819 2815 2822
f 2670 2823 2669
f 2823 2670 2824
f 2822 2669 2823
f 2823 2825 2826
f 2819 2827 2816
f 2828 2827 2819
f 2823 2826 2822
f 2826 2829 2822
f 2828 2819 2822
f 2828 2822 2829
f 2785 2830 2803
f 2805 2830 2785
f 2831 2830 2805
f 2812 2809 2818
f 2832 2812 2818
f 2832 2818 2820
f 2816 2833 2820
f 2833 2832 2820
f 2834 2832 2833
f 2835 2832 2834
f 2813 2810 2812
f 2836 2813 2812
f 2832 2836 2812
f 2835 2836 2832
f 2821 2803 2830
f 2837 2821 2830
f 2830 2838 2837
f 2831 2838 2830
f 2816 2827 2833
f 2834 2833 2827
f 2834 2827 2839
f 2827 2828 2840
f 2828 2829 2841
f 2840 2828 2842
f 2842 2828 2841
f 2839 2827 2840
f 2843 2840 2842
f 2844 2834 2839
f 2840 2845 2839
f 2844 2839 2845
f 2742 2771 2795
f 2795 2846 2804
f 2847 2748 2749
f 2847 2749 2801
f 2848 2847 2801
f 2747 2748 2847
f 2847 2773 2747
f 2773 2847 2848
f 2846 2795 2771
f 2801 2802 2849
f 2801 2849 2848
f 2850 2775 2774
f 2850 2774 2772
f 2851 2772 2773
f 2775 2852 2771
f 2775 2853 2852
f 2852 2846 2771
f 2775 2850 2853
f 2848 2851 2773
f 2806 2804 2846
f 2846 2852 2806
f 2849 2802 2811
f 2850 2854 2853
f 2854 2850 2772
f 2852 2853 2855
f 2855 2853 2854
f 2856 2806 2852
f 2855 2856 2852
f 2854 2772 2857
f 2831 2805 2806
f 2856 2831 2806
f 2856 2858 2831
f 2859 2831 2858
f 2855 2860 2856
f 2860 2855 2861
f 2854 2861 2855
f 2858 2856 2860
f 2862 2860 2861
f 2862 2858 2860
f 2859 2838 2831
f 2838 2859 2863
f 2837 2838 2863
f 2864 2862 2865
f 2864 2858 2862
f 2858 2864 2866
f 2867 2813 2836
f 2835 2868 2836
f 2869 2836 2868
f 2868 2835 2844
f 2835 2834 2844
f 2844 2870 2868
f 2869 2868 2870
f 2845 2840 2843
f 2844 2845 2870
f 2811 2813 2867
f 2871 2811 2867
f 2811 2871 2849
f 2848 2849 2871
f 2871 2851 2848
f 2772 2851 2857
f 2851 2871 2872
f 2871 2867 2873
f 2836 2874 2867
f 2867 2874 2873
f 2874 2836 2869
f 2875 2874 2869
f 2876 2874 2875
f 2874 2876 2873
f 2872 2871 2873
f 2873 2876 2872
f 2857 2861 2854
f 2851 2872 2877
f 2877 2857 2851
f 2876 2877 2872
f 2877 2876 2878
f 2870 2875 2869
f 2879 2875 2870
f 2879 2870 2845
f 2880 2879 2881
f 2881 2879 2845
f 2875 2880 2876
f 2880 2875 2879
f 2882 2878 2876
f 2880 2882 2876
f 2883 2880 2881
f 2882 2880 2883
f 2857 2884 2861
f 2885 2862 2861
f 2877 2884 2857
f 2884 2885 2861
f 2884 2877 2878
f 2862 2885 2865
f 2884 2886 2885
f 2865 2885 2886
f 2884 2878 2887
f 2886 2884 2887
f 2887 2878 2882
f 2882 2883 2888
f 2887 2882 2888
f 2889 592 594
f 596 592 2890
f 2891 2890 592
f 2889 2891 592
f 2892 596 2890
f 2893 2892 2890
f 599 2889 594
f 2890 2891 2894
f 2895 2894 2891
f 2889 2895 2891
f 599 2895 2889
f 2896 2894 2897
f 2897 2894 2895
f 2893 2890 2898
f 2899 2898 2890
f 2890 2894 2899
f 2896 2900 2894
f 2900 2899 2894
f 2899 2901 2898
f 599 598 843
f 2902 2895 599
f 843 2902 599
f 2903 846 845
f 846 2903 843
f 2904 2903 845
f 843 2903 2902
f 2903 2905 2902
f 2906 2903 2904
f 2907 2905 2903
f 2906 2907 2903
f 2902 2897 2895
f 2897 2902 2896
f 2896 2902 2908
f 2896 2908 2909
f 2909 2910 2896
f 2905 2908 2902
f 2908 2905 2911
f 2912 2905 2907
f 2912 2913 2905
f 2913 2911 2905
f 2908 2911 2909
f 845 854 2904
f 2904 854 2906
f 855 853 857
f 854 855 2914
f 2914 2915 854
f 2906 854 2915
f 2916 2906 2915
f 2917 2916 2915
f 857 2914 855
f 857 2918 2914
f 858 2918 857
f 926 2919 2918
f 2918 2919 2914
f 2920 2921 2919
f 2919 926 2920
f 2919 2915 2914
f 2915 2919 2921
f 2915 2921 2917
f 2906 2912 2907
f 859 861 2922
f 2912 2916 2923
f 2917 2923 2916
f 2917 2924 2923
f 2925 2924 2917
f 2926 2927 2920
f 2928 2920 2927
f 2920 2917 2921
f 2917 2920 2928
f 2929 2928 2927
f 2917 2928 2930
f 2925 2917 2930
f 2930 2931 2925
f 2929 2930 2928
f 2929 2932 2930
f 2912 2906 2916
f 2923 2924 2912
f 2913 2912 2924
f 2911 2913 2924
f 2933 2911 2925
f 2924 2925 2911
f 2910 2900 2896
f 2934 2900 2910
f 2909 2934 2910
f 2911 2935 2909
f 2934 2909 2936
f 2937 2909 2935
f 2900 2938 2899
f 2934 2938 2900
f 2938 2934 2939
f 2938 2940 2899
f 2941 2940 2938
f 2939 2941 2938
f 2934 2936 2939
f 2942 2939 2936
f 2936 2909 2937
f 2936 2937 2942
f 2937 2943 2942
f 2942 2943 2944
f 2931 2945 2925
f 2946 2945 2931
f 2947 2945 2946
f 2930 2946 2931
f 2930 2932 2946
f 2932 2948 2946
f 2947 2946 2949
f 2946 2948 2949
f 2950 2949 2948
f 2933 2935 2911
f 2945 2935 2933
f 2935 2945 2951
f 2945 2933 2925
f 2951 2952 2935
f 2951 2945 2953
f 2952 2951 2953
f 2954 2952 2953
f 2952 2937 2935
f 2953 2945 2947
f 2953 2947 2949
f 2952 2954 2937
f 2937 2954 2955
f 2955 2943 2937
f 2953 2949 2954
f 2955 2954 2956
f 2956 2954 2949
f 2957 2955 2956
f 2957 2956 2958
f 2955 2957 2959
f 2959 2957 2960
f 2918 858 926
f 2961 926 925
f 925 924 2961
f 926 2961 2962
f 2963 926 2962
f 2962 2961 2964
f 2964 2965 2962
f 2963 2962 2965
f 2966 924 928
f 2967 2964 2966
f 2966 928 2968
f 2969 2966 2968
f 2966 2961 924
f 2964 2961 2966
f 2964 2967 2970
f 2969 2967 2966
f 2970 2971 2964
f 2969 2970 2967
f 2965 2964 2971
f 2963 2965 2972
f 2963 2972 2926
f 2973 2972 2965
f 2973 2974 2972
f 2975 2976 2970
f 2970 2976 2971
f 2965 2971 2973
f 2971 2976 2977
f 2971 2978 2973
f 2978 2974 2973
f 2979 2974 2978
f 2977 2979 2978
f 2977 2978 2971
f 928 940 2968
f 940 941 2968
f 2968 941 2980
f 2980 941 946
f 2981 2980 946
f 2982 2983 2980
f 2983 2969 2980
f 2983 2975 2969
f 2984 2985 945
f 2984 2986 2985
f 945 946 942
f 2985 946 945
f 2985 2981 946
f 2986 2981 2985
f 2986 2987 2981
f 2981 2982 2980
f 2983 2982 2988
f 2987 2982 2981
f 947 927 2989
f 2980 2969 2968
f 2970 2969 2975
f 947 2989 2990
f 2989 2991 2990
f 2975 2983 2992
f 2988 2982 2987
f 2983 2993 2992
f 2983 2988 2993
f 2994 2988 2987
f 2993 2988 2995
f 2994 2995 2988
f 2993 2996 2997
f 2995 2996 2993
f 2975 2992 2976
f 2992 2998 2976
f 2976 2998 2977
f 2998 2999 3000
f 2977 2998 3000
f 3001 2977 3000
f 2998 2992 2993
f 2993 2999 2998
f 2991 2989 3002
f 862 859 3003
f 3004 3003 859
f 2920 926 2963
f 2920 2963 2926
f 3003 927 862
f 3003 2989 927
f 859 2922 3004
f 2972 2927 2926
f 2929 2927 2972
f 2929 2972 2974
f 2929 2974 3005
f 2932 2929 3005
f 3003 3004 3006
f 3006 3004 2922
f 3006 3002 3003
f 2989 3003 3002
f 2979 3007 3008
f 3009 3008 3007
f 3001 2979 2977
f 2979 3001 3007
f 3010 3009 3007
f 3009 3010 3011
f 3010 3012 3013
f 3014 3015 2996
f 3015 2997 2996
f 3016 3017 3015
f 3018 3019 3016
f 2999 3020 3000
f 3001 3000 3020
f 3020 3007 3001
f 2999 3017 3020
f 3017 3021 3020
f 3021 3007 3020
f 3021 3010 3007
f 3021 3022 3010
f 2993 2997 2999
f 2997 3017 2999
f 3015 3017 2997
f 2991 3002 3023
f 3019 3021 3017
f 3017 3016 3019
f 3024 3018 3025
f 3012 3010 3022
f 3012 3026 3027
f 3028 3022 3021
f 3028 3012 3022
f 3012 3028 3026
f 3029 3030 3026
f 3031 3026 3028
f 3032 3029 3026
f 3024 3021 3019
f 3021 3024 3028
f 3028 3024 3031
f 3018 3024 3019
f 3033 3032 3031
f 3034 3031 3024
f 3031 3034 3033
f 3031 3032 3026
f 2979 3005 2974
f 2979 3008 3005
f 2932 3005 3008
f 3008 2950 2932
f 2950 3008 3011
f 3011 3035 2950
f 2950 2948 2932
f 2950 2956 2949
f 2922 3036 3006
f 3009 3011 3008
f 2922 3037 3036
f 3013 3038 3035
f 2950 3038 2956
f 2956 3038 2958
f 2958 3038 3039
f 2950 3035 3038
f 2960 2958 3039
f 3040 3039 3038
f 3040 3041 3039
f 3039 3042 2960
f 3042 3039 3041
f 3010 3013 3011
f 3011 3013 3035
f 3027 3013 3012
f 3038 3013 3040
f 3027 3040 3013
f 3030 3040 3027
f 3043 3040 3030
f 2958 2960 2957
f 3044 3036 3045
f 3036 3046 3006
f 3002 3006 3046
f 3002 3046 3023
f 3046 3036 3044
f 3027 3026 3030
f 3046 3047 3023
f 3044 3047 3046
f 2943 2955 3048
f 2959 3048 2955
f 3049 3048 2959
f 3050 3049 2959
f 3049 3051 3048
f 3052 3051 3049
f 3052 3053 3051
f 3054 3052 3049
f 3053 3052 3055
f 3056 3029 3032
f 3056 3032 3057
f 3057 3032 3033
f 3057 3058 3056
f 3059 3060 3058
f 3057 3059 3058
f 3061 3062 3042
f 3043 3063 3040
f 3064 3063 3043
f 3065 3063 3064
f 3063 3041 3040
f 3063 3042 3041
f 3042 3063 3061
f 3061 3066 3062
f 3066 3061 3063
f 3067 3062 3066
f 3066 3063 3065
f 3066 3065 3068
f 3066 3069 3067
f 3068 3069 3066
f 2959 2960 3070
f 3070 2960 3042
f 3070 3050 2959
f 3070 3042 3062
f 3062 3050 3070
f 3071 3050 3062
f 3071 3054 3050
f 3071 3072 3054
f 3062 3073 3071
f 3067 3073 3062
f 3073 3072 3071
f 3049 3050 3054
f 3074 3069 3068
f 3075 3076 3077
f 3078 3072 3073
f 3055 3072 3078
f 3072 3052 3054
f 3072 3055 3052
f 3079 3080 3055
f 3079 3081 3080
f 3082 3079 3078
f 3079 3055 3078
f 3069 3073 3067
f 3073 3069 3083
f 3083 3078 3073
f 3077 3083 3069
f 3077 3069 3075
f 3077 3084 3083
f 3084 3082 3083
f 3085 3084 3077
f 3084 3086 3082
f 3084 3087 3086
f 3078 3083 3082
f 3082 3086 3079
f 3079 3086 3088
f 3029 3043 3030
f 3029 3064 3043
f 3029 3056 3064
f 3056 3089 3064
f 3068 3065 3064
f 3060 3089 3056
f 3089 3068 3064
f 3090 3047 3044
f 3090 3044 3091
f 3047 3090 3092
f 3058 3060 3056
f 3044 3045 3091
f 3090 3091 3093
f 3068 3089 3094
f 3068 3094 3074
f 3095 3074 3094
f 3074 3075 3069
f 3075 3074 3076
f 3074 3095 3096
f 3097 3085 3076
f 3096 3097 3074
f 3074 3097 3076
f 3096 3098 3097
f 3098 3085 3097
f 3098 3099 3085
f 3100 3099 3098
f 3094 3089 3060
f 3101 3094 3060
f 3095 3094 3101
f 3059 3101 3060
f 3102 3101 3059
f 3102 3103 3101
f 3101 3103 3095
f 3095 3103 3100
f 3096 3095 3100
f 3098 3096 3100
f 3104 3093 3091
f 3085 3077 3076
f 3087 3084 3085
f 3086 3087 3105
f 3086 3106 3088
f 3106 3086 3107
f 3108 3107 3086
f 3109 3106 3107
f 3110 3099 3100
f 3111 3100 3103
f 3100 3112 3110
f 3110 3112 3113
f 3112 3114 3113
f 3115 3113 3114
f 3085 3105 3087
f 3085 3099 3105
f 3086 3105 3108
f 3105 3116 3108
f 3099 3116 3105
f 3099 3110 3116
f 3117 3107 3108
f 3116 3117 3108
f 3118 3117 3116
f 3119 3118 3116
f 3119 3120 3118
f 3117 3118 3120
f 3117 3109 3107
f 3121 3109 3117
f 3121 3117 3120
f 3104 3122 3093
f 3110 3119 3116
f 3110 3113 3119
f 3113 3115 3119
f 3115 3123 3119
f 3124 3120 3125
f 3121 3120 3124
f 3121 3124 3126
f 3123 3120 3119
f 3115 3127 3123
f 3123 3125 3120
f 3128 3125 3129
f 3128 3124 3125
f 3127 3125 3123
f 3127 3129 3125
f 3130 3124 3128
f 3131 3129 3127
f 3132 3128 3129
f 3131 3132 3129
f 2892 1266 596
f 3133 1266 2892
f 3133 3134 1266
f 3134 1268 1266
f 3134 1270 1268
f 2892 2893 3133
f 3135 3133 2893
f 3133 3135 3134
f 3134 3135 3136
f 3134 3136 1270
f 1271 3137 1273
f 1270 3137 1271
f 1270 3136 3137
f 3138 3136 3135
f 3139 2893 2898
f 3135 2893 3140
f 3140 2893 3139
f 3135 3140 3138
f 3136 3138 3137
f 3141 1314 1273
f 3142 3141 1273
f 3142 1273 3137
f 3143 3140 3139
f 3138 3140 3144
f 3143 2898 2901
f 3143 3139 2898
f 3144 3140 3143
f 3137 3145 3146
f 3145 3137 3138
f 3142 3137 3146
f 2901 2899 2940
f 3147 3143 2901
f 3146 3148 3149
f 3142 3146 3150
f 1314 1313 1307
f 3151 1313 3152
f 1313 3151 1310
f 1310 3151 3153
f 3154 1310 3153
f 1314 3152 1313
f 1314 3141 3152
f 1274 1312 3155
f 3152 3156 3151
f 3152 3141 3156
f 3142 3150 3141
f 3141 3150 3156
f 3151 3156 3153
f 3156 3157 3153
f 3158 3155 3159
f 3146 3149 3150
f 3149 3160 3150
f 3160 3149 3161
f 3162 3163 3164
f 3161 3165 3166
f 3161 3166 3160
f 3167 3166 3165
f 3168 3166 3167
f 3162 3164 3167
f 3169 3164 3163
f 3170 3171 3172
f 3169 3171 3170
f 3172 3173 3170
f 3170 3173 3174
f 3175 3167 3164
f 3175 3168 3167
f 3176 3175 3164
f 3176 3164 3177
f 3164 3169 3177
f 3169 3170 3177
f 3175 3178 3168
f 3176 3178 3175
f 3177 3174 3179
f 3174 3177 3170
f 3180 3174 3173
f 3180 3181 3174
f 3177 3179 3176
f 3182 3174 3181
f 3181 3183 3182
f 3157 3150 3160
f 3150 3157 3156
f 3166 3184 3160
f 3185 3157 3160
f 3153 3157 3185
f 3186 3187 3188
f 3160 3186 3185
f 3189 3186 3160
f 3187 3186 3190
f 3189 3190 3186
f 3189 3184 3191
f 3184 3189 3160
f 3159 3192 3193
f 3194 3195 3196
f 3197 3198 3178
f 3197 3199 3198
f 3168 3198 3166
f 3200 3166 3198
f 3168 3178 3198
f 3199 3200 3198
f 3191 3200 3201
f 3191 3184 3200
f 3199 3197 3202
f 3201 3199 3202
f 3201 3200 3199
f 3184 3166 3200
f 3176 3179 3203
f 3197 3178 3176
f 3176 3203 3197
f 3174 3182 3179
f 3204 3182 3183
f 3205 3179 3182
f 3204 3205 3182
f 3205 3204 3206
f 3179 3194 3203
f 3202 3197 3203
f 3194 3202 3203
f 3202 3194 3207
f 3208 3205 3206
f 3209 3208 3206
f 3194 3179 3195
f 3179 3205 3195
f 3208 3195 3205
f 3210 3195 3208
f 3209 3206 3211
f 3204 3211 3206
f 3209 3211 3212
f 3213 3208 3209
f 3213 3210 3208
f 3190 3191 3214
f 3215 3214 3201
f 3214 3216 3217
f 3215 3216 3214
f 3218 3216 3219
f 3187 3217 3218
f 3216 3220 3221
f 3216 3221 3219
f 3218 3217 3216
f 3190 3217 3187
f 3190 3214 3217
f 3202 3215 3201
f 3202 3207 3215
f 3196 3207 3194
f 3220 3207 3196
f 3215 3220 3216
f 3220 3215 3207
f 3196 3195 3222
f 3223 3222 3195
f 3223 3195 3210
f 3221 3220 3196
f 3196 3224 3221
f 3222 3224 3196
f 3225 3226 3222
f 3227 3225 3222
f 3222 3223 3227
f 3228 3227 3223
f 3229 3227 3230
f 3191 3190 3189
f 3201 3214 3191
f 3231 3159 3193
f 3193 3232 3231
f 3232 3193 3233
f 3228 3210 3213
f 3228 3223 3210
f 3228 3234 3230
f 3227 3228 3230
f 3230 3235 3229
f 3230 3234 3236
f 3230 3236 3237
f 860 1334 861
f 1334 1267 1335
f 3238 1335 1272
f 3239 3238 1272
f 3240 1335 3238
f 3241 861 1334
f 3037 861 3241
f 2922 861 3037
f 3241 1334 1335
f 3240 3241 1335
f 3239 1272 1274
f 3144 3242 3138
f 3138 3242 3145
f 3240 3238 3239
f 3143 3147 3144
f 3243 2901 2940
f 3147 2901 3243
f 3244 3144 3147
f 3242 3144 3244
f 3243 2940 3245
f 3147 3246 3244
f 3247 3242 3244
f 3242 3247 3145
f 3247 3148 3145
f 3145 3148 3146
f 3248 3247 3244
f 3240 3249 3241
f 3250 3251 3249
f 3249 3037 3241
f 3037 3249 3036
f 3250 3249 3240
f 3249 3045 3036
f 3045 3249 3252
f 3251 3252 3249
f 3250 3240 3239
f 3253 3252 3251
f 3250 3254 3251
f 3250 3239 3255
f 3250 3255 3254
f 3239 1274 3256
f 3239 3256 3158
f 3256 1274 3158
f 3158 1274 3155
f 2941 3245 2940
f 3245 3147 3243
f 3257 3245 2941
f 3257 2941 3258
f 3258 2941 2939
f 3147 3245 3259
f 3246 3147 3259
f 3259 3245 3260
f 3245 3261 3260
f 3257 3261 3245
f 3262 3257 3258
f 2944 3258 2939
f 2942 2944 2939
f 2944 3263 3258
f 3258 3263 3262
f 3264 3265 3263
f 3246 3248 3244
f 3266 3247 3248
f 3247 3266 3148
f 3267 3246 3259
f 3267 3248 3246
f 3259 3260 3267
f 3268 3266 3248
f 3268 3267 3269
f 3267 3268 3248
f 3257 3262 3261
f 3265 3270 3262
f 3264 3271 3265
f 3272 3265 3271
f 3273 3267 3260
f 3274 3260 3261
f 3273 3260 3274
f 3261 3171 3274
f 3275 3171 3261
f 3270 3261 3262
f 3275 3261 3270
f 3276 3277 3275
f 3270 3276 3275
f 3269 3267 3273
f 3163 3269 3273
f 3273 3169 3163
f 3274 3169 3273
f 3272 3276 3270
f 3270 3265 3272
f 3263 2944 2943
f 3264 3263 3053
f 3051 3263 3048
f 3263 2943 3048
f 3053 3263 3051
f 3254 3253 3251
f 3091 3252 3253
f 3278 3271 3264
f 3279 3272 3271
f 3278 3264 3053
f 3271 3278 3279
f 3280 3278 3053
f 3055 3280 3053
f 3055 3080 3280
f 3281 3278 3280
f 3281 3280 3080
f 3282 3281 3080
f 3279 3278 3281
f 3283 3279 3281
f 3284 3283 3281
f 3284 3281 3282
f 3253 3254 3285
f 3286 3253 3285
f 3287 3148 3266
f 3287 3266 3268
f 3149 3148 3161
f 3148 3287 3161
f 3158 3255 3239
f 3162 3287 3268
f 3167 3165 3287
f 3269 3163 3268
f 3162 3268 3163
f 3287 3162 3167
f 3165 3161 3287
f 3255 3158 3288
f 3254 3255 3289
f 3285 3254 3289
f 3255 3288 3289
f 3289 3290 3285
f 3288 3291 3289
f 3171 3169 3274
f 3277 3171 3275
f 3292 3276 3272
f 3277 3276 3292
f 3292 3272 3293
f 3284 3294 3283
f 3282 3294 3284
f 3283 3272 3279
f 3295 3296 3272
f 3296 3293 3272
f 3297 3293 3296
f 3297 3296 3295
f 3298 3297 3295
f 3293 3297 3299
f 3300 3299 3297
f 3295 3272 3283
f 3295 3283 3294
f 3301 3295 3294
f 3295 3301 3298
f 3302 3301 3303
f 3302 3298 3301
f 3298 3300 3297
f 3302 3300 3298
f 3304 3299 3300
f 3304 3305 3299
f 3300 3302 3304
f 3306 3304 3302
f 3306 3307 3304
f 3307 3305 3304
f 3171 3277 3172
f 3308 3172 3277
f 3277 3292 3308
f 3308 3173 3172
f 3309 3308 3292
f 3293 3309 3292
f 3310 3309 3293
f 3180 3173 3308
f 3309 3311 3308
f 3180 3308 3311
f 3309 3312 3311
f 3312 3313 3311
f 3314 3312 3309
f 3314 3315 3312
f 3315 3313 3312
f 3316 3313 3317
f 3311 3181 3180
f 3311 3318 3181
f 3319 3181 3318
f 3319 3183 3181
f 3318 3311 3320
f 3313 3316 3311
f 3311 3316 3320
f 3316 3321 3320
f 3322 3321 3316
f 3322 3316 3317
f 3323 3321 3322
f 3320 3319 3318
f 3324 3319 3320
f 3321 3324 3320
f 3324 3321 3323
f 3293 3299 3310
f 3286 3285 3290
f 3290 3289 3291
f 3291 3288 3325
f 3291 3326 3290
f 3314 3309 3310
f 3310 3327 3314
f 3327 3315 3314
f 3299 3327 3310
f 3305 3327 3299
f 3305 3328 3327
f 3313 3315 3317
f 3328 3315 3327
f 3315 3328 3329
f 3315 3329 3317
f 3330 3317 3329
f 3331 3330 3329
f 3307 3332 3305
f 3328 3305 3332
f 3333 3328 3332
f 3307 3334 3332
f 3333 3332 3334
f 3334 3335 3333
f 3333 3329 3328
f 3329 3333 3336
f 3336 3331 3329
f 3326 3291 3337
f 3317 3323 3322
f 3330 3323 3317
f 3338 3323 3330
f 3339 3290 3326
f 3340 3339 3326
f 3331 3341 3330
f 3091 3045 3252
f 3081 3282 3080
f 3342 3282 3081
f 3081 3088 3342
f 3079 3088 3081
f 3253 3104 3091
f 3343 3104 3253
f 3343 3253 3286
f 3088 3344 3342
f 3342 3344 3345
f 3345 3282 3342
f 3345 3294 3282
f 3346 3294 3345
f 3294 3346 3301
f 3347 3346 3345
f 3348 3347 3345
f 3344 3088 3106
f 3349 3344 3106
f 3344 3349 3345
f 3109 3349 3106
f 3349 3109 3121
f 3350 3349 3121
f 3348 3345 3349
f 3348 3349 3351
f 3346 3303 3301
f 3346 3347 3303
f 3352 3347 3353
f 3350 3351 3349
f 3351 3350 3354
f 3353 3347 3348
f 3351 3353 3348
f 3351 3355 3353
f 3356 3355 3351
f 3354 3356 3351
f 3356 3357 3355
f 3302 3303 3306
f 3303 3352 3306
f 3358 3306 3352
f 3347 3352 3303
f 3359 3358 3352
f 3359 3360 3358
f 3306 3358 3307
f 3307 3358 3361
f 3360 3361 3358
f 3360 3362 3363
f 3352 3353 3355
f 3359 3355 3357
f 3355 3359 3352
f 3364 3357 3356
f 3359 3362 3360
f 3343 3365 3104
f 3122 3104 3365
f 3121 3126 3350
f 3354 3350 3126
f 3354 3126 3366
f 3126 3124 3130
f 3367 3365 3343
f 3130 3366 3126
f 3366 3368 3354
f 3369 3368 3366
f 3368 3356 3354
f 3370 3356 3368
f 3371 3370 3368
f 3371 3368 3369
f 3367 3372 3365
f 3130 3369 3366
f 3132 3130 3128
f 3130 3132 3369
f 3343 3373 3367
f 3373 3343 3339
f 3343 3286 3339
f 3339 3286 3290
f 3307 3361 3334
f 3335 3334 3361
f 3288 3158 3231
f 3231 3158 3159
f 3325 3288 3231
f 3325 3231 3374
f 3325 3374 3375
f 3211 3204 3319
f 3211 3319 3376
f 3337 3325 3375
f 3377 3319 3324
f 3377 3376 3319
f 3375 3374 3378
f 3379 3337 3375
f 3378 3380 3375
f 3378 3381 3380
f 3291 3325 3337
f 3337 3379 3326
f 3379 3375 3380
f 3374 3231 3232
f 3232 3378 3374
f 3233 3382 3232
f 3382 3378 3232
f 3381 3378 3382
f 3382 3383 3381
f 3132 3131 3384
f 3212 3213 3209
f 3212 3385 3213
f 3213 3385 3386
f 3386 3385 3387
f 3386 3387 3388
f 3213 3386 3228
f 3389 3228 3390
f 3388 3390 3386
f 3386 3390 3228
f 3391 3236 3234
f 3234 3228 3389
f 3234 3389 3392
f 3389 3390 3392
f 3393 3392 3390
f 3392 3393 3394
f 3391 3234 3392
f 3237 3236 3391
f 3394 3391 3392
f 3391 3394 3395
f 3396 3395 3394
f 3396 3394 3397
f 3398 3399 3395
f 3336 3400 3331
f 3336 3333 3335
f 3400 3341 3331
f 3400 3401 3341
f 3402 3401 3400
f 3330 3341 3338
f 3403 3323 3338
f 3403 3324 3323
f 3324 3403 3404
f 3405 3404 3403
f 3338 3405 3403
f 3406 3404 3405
f 3407 3338 3341
f 3401 3407 3341
f 3407 3405 3338
f 3407 3401 3408
f 3402 3409 3401
f 3409 3408 3401
f 3409 3410 3408
f 3411 3405 3407
f 3411 3407 3408
f 3408 3412 3411
f 3413 3408 3410
f 3413 3412 3408
f 3412 3413 3414
f 3361 3360 3363
f 3364 3359 3357
f 3415 3359 3364
f 3364 3416 3415
f 3364 3417 3416
f 3415 3362 3359
f 3362 3415 3418
f 3418 3415 3416
f 3419 3418 3416
f 3418 3419 3420
f 3371 3421 3370
f 3422 3421 3371
f 3423 3371 3369
f 3423 3369 3132
f 3384 3423 3132
f 3424 3423 3384
f 3423 3422 3371
f 3424 3422 3423
f 3422 3425 3421
f 3426 3425 3422
f 3427 3426 3422
f 3427 3422 3424
f 3370 3364 3356
f 3364 3370 3421
f 3421 3428 3364
f 3428 3417 3364
f 3429 3416 3417
f 3428 3429 3417
f 3425 3428 3421
f 3425 3429 3428
f 3426 3429 3425
f 3429 3426 3430
f 3431 3419 3416
f 3429 3431 3416
f 3367 3373 3432
f 3432 3373 3433
f 3434 3426 3427
f 3431 3435 3419
f 3429 3430 3431
f 3436 3431 3430
f 3437 3438 3436
f 3439 3430 3426
f 3426 3434 3439
f 3437 3436 3430
f 3439 3437 3430
f 3439 3440 3437
f 3440 3441 3437
f 3442 3441 3440
f 3363 3335 3361
f 3443 3335 3363
f 3362 3443 3363
f 3418 3443 3362
f 3444 3335 3443
f 3335 3400 3336
f 3444 3400 3335
f 3445 3444 3443
f 3400 3446 3402
f 3444 3446 3400
f 3447 3402 3446
f 3445 3446 3444
f 3445 3447 3446
f 3448 3447 3445
f 3449 3339 3340
f 3443 3418 3420
f 3443 3450 3445
f 3420 3450 3443
f 3435 3420 3419
f 3445 3450 3448
f 3409 3402 3447
f 3410 3409 3447
f 3451 3449 3340
f 3420 3435 3450
f 3435 3452 3450
f 3452 3453 3450
f 3448 3450 3454
f 3453 3454 3450
f 3455 3454 3453
f 3456 3410 3447
f 3456 3413 3410
f 3456 3447 3448
f 3457 3414 3413
f 3457 3413 3456
f 3458 3414 3457
f 3457 3456 3459
f 3459 3458 3457
f 3454 3456 3448
f 3451 3340 3460
f 3451 3460 3461
f 3454 3462 3456
f 3459 3456 3462
f 3463 3459 3462
f 3454 3455 3462
f 3463 3462 3455
f 3464 3459 3463
f 3459 3464 3458
f 3449 3373 3339
f 3433 3373 3449
f 3465 3433 3449
f 3465 3449 3451
f 3431 3436 3435
f 3435 3436 3452
f 3438 3452 3436
f 3453 3452 3438
f 3466 3438 3437
f 3467 3453 3438
f 3466 3467 3438
f 3468 3467 3466
f 3467 3455 3453
f 3467 3469 3455
f 3468 3469 3467
f 3441 3466 3437
f 3468 3466 3441
f 3441 3442 3468
f 3470 3465 3451
f 3470 3471 3465
f 3472 3464 3463
f 3473 3464 3472
f 3474 3473 3472
f 3475 3455 3469
f 3475 3476 3455
f 3477 3478 3442
f 3442 3469 3468
f 3475 3469 3478
f 3442 3478 3469
f 3479 3475 3478
f 3476 3463 3455
f 3476 3472 3463
f 3476 3474 3472
f 3476 3479 3474
f 3474 3479 3480
f 3480 3481 3474
f 3476 3475 3479
f 3482 3479 3483
f 3482 3480 3479
f 3485 3480 3482
f 3486 3487 3377
f 3487 3211 3376
f 3376 3377 3487
f 3488 3211 3487
f 3489 3487 3486
f 3486 3490 3489
f 3489 3488 3487
f 3491 3488 3489
f 3492 3212 3211
f 3492 3211 3488
f 3493 3385 3212
f 3494 3385 3493
f 3495 3493 3212
f 3494 3493 3496
f 3488 3495 3492
f 3497 3495 3488
f 3212 3492 3495
f 3498 3493 3495
f 3498 3495 3497
f 3499 3498 3497
f 3491 3497 3488
f 3499 3497 3491
f 3493 3498 3496
f 3498 3500 3496
f 3499 3501 3498
f 3498 3501 3500
f 3502 3500 3501
f 3324 3404 3377
f 3404 3486 3377
f 3406 3490 3486
f 3406 3486 3404
f 3503 3490 3406
f 3406 3405 3411
f 3412 3406 3411
f 3503 3406 3412
f 3490 3491 3489
f 3490 3504 3491
f 3505 3491 3504
f 3504 3490 3503
f 3503 3506 3504
f 3412 3506 3503
f 3505 3499 3491
f 3507 3499 3505
f 3507 3501 3499
f 3508 3379 3380
f 3380 3509 3508
f 3504 3506 3510
f 3506 3412 3511
f 3412 3414 3511
f 3512 3513 3511
f 3511 3414 3512
f 3513 3506 3511
f 3514 3506 3513
f 3506 3514 3510
f 3515 3514 3513
f 3512 3515 3513
f 3516 3514 3515
f 3510 3507 3505
f 3504 3510 3505
f 3514 3517 3510
f 3517 3507 3510
f 3501 3507 3502
f 3502 3507 3518
f 3519 3507 3517
f 3518 3507 3519
f 3517 3514 3519
f 3518 3519 3520
f 3521 3519 3514
f 3521 3514 3516
f 3520 3519 3521
f 3522 3520 3521
f 3522 3518 3520
f 3494 3387 3385
f 3494 3388 3387
f 3494 3523 3388
f 3390 3388 3523
f 3523 3393 3390
f 3496 3524 3494
f 3525 3523 3494
f 3494 3524 3525
f 3525 3526 3523
f 3496 3500 3524
f 3527 3528 3524
f 3527 3524 3500
f 3524 3528 3525
f 3529 3525 3528
f 3526 3525 3529
f 3393 3523 3526
f 3526 3397 3393
f 3397 3394 3393
f 3530 3397 3526
f 3530 3396 3397
f 3531 3530 3526
f 3398 3395 3396
f 3532 3398 3396
f 3396 3530 3532
f 3532 3533 3398
f 3534 3532 3530
f 3530 3531 3534
f 3535 3383 3382
f 3527 3500 3502
f 3536 3527 3502
f 3528 3527 3529
f 3527 3537 3529
f 3538 3539 3529
f 3529 3537 3538
f 3540 3533 3532
f 3541 3533 3540
f 3532 3534 3540
f 3526 3529 3531
f 3529 3539 3531
f 3539 3542 3531
f 3543 3542 3539
f 3531 3542 3534
f 3534 3542 3544
f 3542 3543 3544
f 3534 3544 3540
f 3543 3539 3538
f 3545 3544 3543
f 3543 3546 3545
f 3547 3548 3545
f 3546 3547 3545
f 3383 3509 3381
f 3509 3380 3381
f 3549 3509 3383
f 3502 3518 3536
f 3536 3537 3527
f 3518 3537 3536
f 3518 3522 3550
f 3550 3537 3518
f 3538 3537 3551
f 3551 3552 3538
f 3550 3551 3537
f 3553 3509 3549
f 3553 3549 3554
f 3546 3543 3538
f 3552 3546 3538
f 3554 3549 3555
f 3556 3521 3516
f 3556 3557 3521
f 3557 3522 3521
f 3552 3551 3550
f 3558 3550 3522
f 3557 3558 3522
f 3559 3558 3557
f 3550 3558 3560
f 3552 3550 3561
f 3550 3560 3561
f 3558 3559 3560
f 3562 3561 3560
f 3546 3552 3563
f 3552 3561 3563
f 3546 3563 3564
f 3564 3547 3546
f 3565 3566 3564
f 3564 3563 3561
f 3567 3554 3555
f 3564 3561 3568
f 3561 3562 3568
f 3568 3565 3564
f 3569 3565 3568
f 3569 3570 3565
f 3571 3570 3569
f 3379 3340 3326
f 3340 3379 3460
f 3512 3414 3458
f 3572 3512 3458
f 3464 3573 3458
f 3458 3573 3572
f 3572 3515 3512
f 3516 3515 3572
f 3461 3460 3574
f 3379 3508 3460
f 3460 3508 3574
f 3575 3508 3553
f 3574 3508 3575
f 3451 3461 3470
f 3576 3461 3574
f 3509 3553 3508
f 3577 3575 3553
f 3554 3577 3553
f 3573 3578 3572
f 3579 3516 3572
f 3572 3578 3579
f 3578 3580 3579
f 3473 3573 3464
f 3578 3573 3473
f 3578 3473 3581
f 3474 3581 3473
f 3578 3581 3580
f 3481 3581 3474
f 3581 3582 3580
f 3579 3556 3516
f 3583 3556 3579
f 3582 3579 3580
f 3583 3557 3556
f 3557 3583 3559
f 3583 3579 3582
f 3584 3583 3582
f 3583 3585 3559
f 3585 3583 3584
f 3585 3586 3587
f 3576 3574 3588
f 3575 3588 3574
f 3575 3589 3588
f 3582 3590 3584
f 3584 3590 3586
f 3586 3585 3584
f 3582 3591 3590
f 3586 3592 3593
f 3592 3586 3590
f 3592 3594 3593
f 3461 3576 3470
f 3595 3481 3480
f 3595 3581 3481
f 3582 3581 3595
f 3595 3591 3582
f 3596 3470 3576
f 3596 3597 3470
f 3598 3599 3596
f 3598 3596 3576
f 3588 3598 3576
f 3588 3600 3598
f 3599 3598 3601
f 3595 3480 3602
f 3591 3595 3604
f 3595 3602 3605
f 3604 3595 3605
f 3606 3608 3604
f 3602 3480 3485
f 3610 3603 3484
f 3611 3603 3610
f 3612 3605 3602
f 3604 3605 3612
f 3612 3606 3604
f 3613 3614 3607
f 3611 3613 3603
f 3613 3611 3614
f 3592 3590 3591
f 3591 3608 3592
f 3591 3604 3608
f 3615 3594 3592
f 3615 3592 3608
f 3614 3617 3609
f 3609 3607 3614
f 3618 3617 3614
f 3617 3616 3609
f 3617 3619 3616
f 3619 3617 3618
f 3587 3560 3559
f 3587 3559 3585
f 3620 3560 3587
f 3620 3562 3560
f 3587 3621 3620
f 3568 3562 3620
f 3622 3568 3620
f 3589 3575 3577
f 3588 3589 3600
f 3623 3600 3589
f 3554 3567 3577
f 3577 3567 3624
f 3624 3589 3577
f 3624 3623 3589
f 3623 3624 3625
f 3624 3567 3625
f 3625 3626 3623
f 3626 3625 3627
f 3621 3587 3593
f 3621 3622 3620
f 3628 3622 3621
f 3586 3593 3587
f 3593 3628 3621
f 3594 3629 3593
f 3632 3628 3593
f 3569 3568 3633
f 3633 3568 3622
f 3622 3634 3633
f 3571 3569 3635
f 3569 3633 3635
f 3636 3635 3633
f 3638 3635 3636
f 3634 3622 3628
f 3634 3628 3632
f 3633 3634 3636
f 3640 3636 3634
f 3640 3634 3632
f 3639 3641 3642
f 3636 3640 3638
f 3643 3637 3639
f 3639 3642 3643
f 3623 3644 3600
f 3601 3598 3600
f 3601 3600 3644
f 3629 3594 3615
f 3645 3630 3616
f 3619 3645 3616
f 3629 3632 3593
f 3646 3631 3630
f 3646 3630 3645
f 3646 3645 3647
f 3648 3601 3644
f 3623 3626 3644
f 3626 3627 3649
f 3631 3641 3639
f 3641 3631 3646
f 3650 3641 3646
f 3642 3641 3650
f 3651 3642 3650
f 3652 3643 3642
f 3644 3626 3653
f 3649 3653 3626
f 3654 3650 3646
f 3655 3645 3619
f 3655 3647 3645
f 3655 3656 3647
f 3655 3657 3656
f 3647 3654 3646
f 3656 3654 3647
f 3657 3654 3656
f 3658 3654 3657
f 3642 3651 3659
f 3650 3654 3658
f 3650 3658 3651
f 3660 3659 3651
f 3651 3658 3661
f 3651 3661 3660
f 3204 3183 3319
f 3225 3227 3229
f 3263 3265 3262
f 3662 1357 3663
f 1353 1365 1361
f 1353 3664 1365
f 3662 1364 1357
f 3665 1362 1365
f 3665 2289 1362
f 3665 3666 2289
f 3664 1353 1364
f 3662 3667 1364
f 3667 3664 1364
f 1365 3666 3665
f 3664 3666 1365
f 3664 3668 3666
f 3669 3668 3664
f 2289 3666 3668
f 3670 3667 3662
f 3667 3671 3664
f 3671 3669 3664
f 3672 3668 3669
f 3673 3671 3667
f 3674 3669 3671
f 3672 3669 3674
f 3675 3668 3672
f 3674 3676 3672
f 3677 1309 1310
f 3663 1357 1358
f 3678 3663 1358
f 3663 3679 3662
f 1358 2265 3678
f 1309 3678 2265
f 1309 3677 3678
f 3678 3679 3663
f 3677 3680 3678
f 3681 3680 3677
f 3679 3678 3680
f 3679 3680 3682
f 1312 1311 3683
f 1311 2269 3683
f 3677 1310 3154
f 2289 2290 2288
f 2289 3684 2290
f 3685 2289 3675
f 3668 3675 2289
f 3685 3684 2289
f 3685 3686 3684
f 3687 3686 3685
f 3687 3685 3688
f 3679 3670 3662
f 3682 3670 3679
f 3667 3670 3673
f 3670 3682 3689
f 3690 3675 3672
f 3691 3688 3685
f 3691 3692 3688
f 3692 3693 3688
f 3676 3690 3672
f 3690 3685 3675
f 3685 3690 3691
f 3676 3694 3690
f 3690 3694 3695
f 3692 3691 3696
f 3691 3690 3695
f 3696 3697 3692
f 2270 2268 2292
f 2270 2292 3698
f 2270 3698 2269
f 3699 2269 3698
f 2269 3699 3683
f 3700 3698 2292
f 3700 3701 3698
f 3701 3700 3702
f 3682 3680 3703
f 3703 3680 3681
f 3704 3682 3703
f 3704 3703 3705
f 3706 3707 3708
f 3677 3154 3681
f 3185 3154 3153
f 3154 3185 3709
f 3710 3703 3681
f 3710 3705 3703
f 3705 3710 3708
f 3708 3710 3711
f 3711 3706 3708
f 3154 3709 3681
f 3709 3710 3681
f 3689 3673 3670
f 3689 3712 3673
f 3676 3674 3713
f 3674 3714 3713
f 3712 3671 3673
f 3712 3689 3715
f 3712 3716 3671
f 3671 3714 3674
f 3714 3717 3713
f 3671 3716 3714
f 3682 3704 3689
f 3704 3715 3689
f 3705 3715 3704
f 3713 3694 3676
f 3694 3713 3718
f 3696 3691 3695
f 3713 3717 3718
f 3696 3695 3719
f 3719 3720 3696
f 3695 3694 3718
f 3721 3695 3718
f 3695 3722 3719
f 3719 3722 3723
f 3721 3722 3695
f 3724 3723 3722
f 3712 3715 3725
f 3716 3712 3725
f 3726 3714 3716
f 3717 3714 3727
f 3727 3714 3726
f 3728 3717 3727
f 3715 3707 3725
f 3715 3705 3707
f 3705 3708 3707
f 3727 3729 3728
f 3718 3717 3730
f 3718 3730 3721
f 3721 3730 3731
f 3721 3732 3722
f 3732 3724 3722
f 3721 3731 3732
f 3730 3717 3728
f 3730 3728 3729
f 3733 3683 3699
f 3734 3733 3699
f 3735 3699 3698
f 3734 3699 3735
f 3701 3735 3698
f 3736 3731 3730
f 3732 3731 3737
f 3738 3737 3731
f 3738 3731 3736
f 3735 3701 3739
f 3155 1312 3683
f 3155 3683 3733
f 3733 3192 3155
f 3733 3734 3740
f 3733 3740 3192
f 3740 3734 3741
f 3741 3734 3735
f 3741 3735 3739
f 3684 2379 2290
f 2379 3684 3742
f 3684 3686 3742
f 3743 2379 3742
f 3743 2380 2379
f 2381 2380 3744
f 3744 2380 3743
f 3743 3742 3686
f 3687 3743 3686
f 3745 3743 3687
f 3745 3746 3743
f 3743 3746 3744
f 3687 3747 3745
f 3748 3744 3746
f 3748 3746 3745
f 3749 3748 3745
f 2386 2385 2381
f 3744 2386 2381
f 3744 3750 2386
f 3751 2387 2386
f 3748 3750 3744
f 3750 3752 2386
f 3752 3750 3748
f 3748 3749 3753
f 3748 3753 3752
f 3754 3752 3753
f 3751 2386 3752
f 3751 3752 3754
f 2387 3751 3755
f 3754 3755 3751
f 3755 3754 3756
f 3754 3757 3756
f 3693 3687 3688
f 3747 3687 3693
f 3693 3758 3747
f 3747 3758 3759
f 3747 3759 3745
f 3759 3749 3745
f 3760 3749 3759
f 3761 3760 3759
f 3693 3692 3697
f 3697 3758 3693
f 3758 3697 3762
f 3762 3759 3758
f 3696 3720 3697
f 3763 3762 3697
f 3720 3763 3697
f 3762 3761 3759
f 3761 3762 3764
f 3765 3764 3762
f 3760 3753 3749
f 3761 3764 3760
f 3760 3766 3753
f 3764 3767 3760
f 3760 3767 3766
f 3753 3766 3754
f 3757 3754 3766
f 3768 3757 3766
f 3766 3767 3768
f 3768 3769 3757
f 3770 3767 3764
f 3764 3771 3770
f 3765 3771 3764
f 3772 3771 3765
f 3770 3768 3767
f 3769 3768 3770
f 3773 3770 3771
f 3773 3769 3770
f 2292 2293 2391
f 3700 2292 2391
f 2391 2392 3774
f 3774 3700 2391
f 3775 3774 2392
f 3700 3774 3702
f 3774 3776 3702
f 3775 3776 3774
f 2408 2387 2410
f 2387 3755 3777
f 3777 2410 2387
f 2412 2410 3777
f 2411 2412 2418
f 3777 3778 2412
f 3777 3755 3779
f 3779 3755 3756
f 3780 3777 3779
f 3780 3778 3777
f 3778 3780 3781
f 3782 2418 2412
f 2416 2418 3783
f 3782 2412 3778
f 3782 3783 2418
f 3784 3783 3782
f 2419 2416 3783
f 3785 2419 3783
f 3784 3785 3783
f 2419 3785 2549
f 3778 3784 3782
f 3781 3784 3778
f 3786 3785 3784
f 3786 2549 3785
f 3786 3784 3781
f 3757 3779 3756
f 3787 3779 3757
f 3787 3780 3779
f 3769 3787 3757
f 3788 3781 3780
f 3780 3787 3788
f 3789 3788 3787
f 3790 3787 3769
f 3790 3769 3791
f 3791 3792 3790
f 3789 3787 3790
f 3792 3789 3790
f 3793 3788 3789
f 3794 3789 3792
f 3788 3793 3795
f 3788 3795 3781
f 3795 3796 3781
f 3786 3781 3796
f 3796 3797 3786
f 3798 3795 3793
f 3799 3793 3789
f 3799 3798 3793
f 3800 2393 2425
f 2393 3775 2392
f 3800 3775 2393
f 2423 3801 2425
f 3801 2423 2569
f 3800 2425 3801
f 3802 3776 3775
f 3800 3802 3775
f 3802 3800 3803
f 3795 3804 3796
f 3796 3804 3797
f 3798 3804 3795
f 3805 3804 3806
f 3804 3798 3806
f 3807 3801 3808
f 3801 3807 3800
f 3800 3807 3803
f 3809 3803 3807
f 3720 3810 3763
f 3720 3719 3723
f 3720 3811 3810
f 3811 3720 3723
f 3763 3810 3762
f 3765 3762 3810
f 3812 3765 3810
f 3812 3772 3765
f 3810 3811 3812
f 3812 3813 3772
f 3814 3811 3723
f 3815 3812 3811
f 3812 3815 3813
f 3815 3811 3814
f 3815 3814 3816
f 3771 3772 3817
f 3818 3772 3813
f 3817 3772 3818
f 3771 3817 3773
f 3819 3773 3817
f 3791 3769 3773
f 3773 3819 3791
f 3820 3791 3819
f 3819 3817 3821
f 3818 3813 3822
f 3817 3818 3822
f 3822 3813 3823
f 3824 3822 3823
f 3817 3822 3821
f 3724 3814 3723
f 3816 3814 3724
f 3737 3724 3732
f 3825 3815 3816
f 3825 3813 3815
f 3739 3701 3702
f 3813 3825 3823
f 3824 3821 3822
f 3821 3824 3826
f 3827 3826 3824
f 3702 3828 3829
f 3828 3702 3776
f 3828 3776 3830
f 3724 3831 3816
f 3831 3724 3737
f 3831 3832 3816
f 3832 3825 3816
f 3832 3833 3825
f 3738 3831 3737
f 3834 3831 3738
f 3832 3831 3835
f 3835 3831 3834
f 3738 3836 3834
f 3834 3837 3835
f 3835 3833 3832
f 3838 3835 3837
f 3838 3833 3835
f 3833 3838 3839
f 3739 3702 3829
f 3829 3840 3739
f 3841 3823 3825
f 3841 3824 3823
f 3833 3842 3825
f 3842 3841 3825
f 3824 3841 3827
f 3843 3827 3841
f 3843 3844 3827
f 3845 3843 3842
f 3845 3842 3833
f 3833 3839 3845
f 3843 3841 3842
f 3846 3844 3843
f 3847 3844 3846
f 3845 3846 3843
f 3845 3848 3846
f 3846 3848 3847
f 3829 3828 3849
f 3820 3792 3791
f 3850 3820 3819
f 3821 3850 3819
f 3792 3820 3851
f 3820 3850 3851
f 3794 3792 3851
f 3821 3826 3850
f 3852 3851 3850
f 3853 3794 3851
f 3854 3850 3826
f 3850 3854 3852
f 3855 3826 3856
f 3855 3854 3826
f 3852 3853 3851
f 3857 3852 3854
f 3855 3857 3854
f 3858 3852 3857
f 3858 3859 3852
f 3830 3776 3802
f 3860 3802 3803
f 3861 3799 3789
f 3794 3861 3789
f 3862 3798 3799
f 3853 3861 3794
f 3853 3863 3861
f 3861 3863 3799
f 3864 3799 3863
f 3862 3806 3798
f 3799 3864 3862
f 3865 3806 3862
f 3865 3862 3864
f 3853 3859 3863
f 3863 3859 3864
f 3859 3853 3852
f 3866 3864 3859
f 3865 3864 3867
f 3868 3864 3866
f 3867 3864 3868
f 3856 3826 3827
f 3827 3844 3869
f 3869 3856 3827
f 3858 3855 3856
f 3856 3869 3858
f 3844 3870 3869
f 3869 3870 3858
f 3855 3858 3857
f 3871 3872 3858
f 3870 3844 3847
f 3873 3870 3847
f 3874 3847 3848
f 3874 3873 3847
f 3870 3871 3858
f 3870 3873 3871
f 3871 3875 3876
f 3875 3871 3873
f 3830 3849 3828
f 3830 3802 3860
f 3872 3859 3858
f 3866 3859 3872
f 3877 3866 3878
f 3878 3866 3872
f 3877 3868 3866
f 3871 3876 3872
f 3878 3872 3876
f 3877 3878 3879
f 3880 3877 3879
f 3878 3881 3879
f 3849 3882 3829
f 3883 3803 3809
f 3883 3809 3884
f 3883 3860 3803
f 3830 3885 3849
f 3885 3830 3886
f 3860 3883 3886
f 3887 3883 3884
f 3830 3860 3886
f 3887 3888 3886
f 3883 3887 3886
f 3889 3890 3707
f 3711 3891 3706
f 3889 3707 3706
f 3892 3893 3889
f 3892 3889 3891
f 3706 3891 3889
f 3889 3894 3890
f 3711 3710 3709
f 3709 3895 3711
f 3895 3891 3711
f 3891 3895 3892
f 3896 3892 3895
f 3896 3895 3188
f 3892 3896 3897
f 3892 3897 3893
f 3893 3897 3898
f 3894 3893 3898
f 3898 3899 3894
f 3897 3219 3898
f 3889 3893 3894
f 3890 3894 3900
f 3899 3900 3894
f 3900 3901 3902
f 3902 3901 3903
f 3903 3901 3904
f 3903 3905 3906
f 3905 3903 3904
f 3725 3707 3890
f 3890 3716 3725
f 3716 3907 3726
f 3907 3716 3890
f 3908 3727 3726
f 3729 3727 3908
f 3726 3909 3908
f 3729 3908 3910
f 3908 3909 3910
f 3909 3726 3907
f 3890 3900 3907
f 3900 3902 3907
f 3907 3902 3909
f 3911 3909 3902
f 3730 3729 3736
f 3909 3912 3910
f 3912 3909 3911
f 3913 3736 3729
f 3913 3729 3910
f 3736 3913 3914
f 3738 3736 3914
f 3836 3738 3914
f 3836 3914 3915
f 3915 3914 3913
f 3913 3910 3912
f 3913 3912 3916
f 3916 3915 3913
f 3916 3917 3915
f 3918 3917 3916
f 3912 3919 3916
f 3920 3918 3916
f 3919 3920 3916
f 3903 3911 3902
f 3903 3906 3911
f 3906 3912 3911
f 3921 3906 3922
f 3906 3905 3923
f 3923 3924 3906
f 3924 3922 3906
f 3922 3924 3925
f 3926 3924 3923
f 3919 3912 3906
f 3921 3919 3906
f 3927 3919 3921
f 3928 3920 3919
f 3928 3919 3927
f 3928 3929 3920
f 3927 3930 3928
f 3931 3928 3930
f 3921 3922 3925
f 3921 3925 3932
f 3921 3932 3927
f 3925 3924 3933
f 3932 3925 3933
f 3932 3930 3927
f 3934 3931 3930
f 3935 3934 3930
f 3935 3930 3932
f 3897 3218 3219
f 3898 3219 3899
f 3219 3221 3899
f 3900 3899 3224
f 3900 3224 3936
f 3936 3224 3937
f 3899 3221 3224
f 3937 3224 3226
f 3901 3900 3936
f 3938 3901 3936
f 3936 3937 3938
f 3904 3901 3938
f 3939 3904 3938
f 3905 3904 3939
f 3905 3939 3940
f 3939 3938 3937
f 3709 3185 3188
f 3188 3895 3709
f 3159 3155 3192
f 3941 3192 3740
f 3186 3188 3185
f 3897 3896 3188
f 3188 3218 3897
f 3218 3188 3187
f 3740 3942 3941
f 3941 3942 3943
f 3192 3944 3193
f 3944 3192 3941
f 3741 3739 3945
f 3942 3740 3741
f 3942 3741 3946
f 3946 3943 3942
f 3932 3933 3947
f 3935 3932 3947
f 3945 3946 3741
f 3946 3945 3948
f 3949 3948 3945
f 3226 3950 3937
f 3951 3950 3226
f 3939 3950 3940
f 3923 3905 3940
f 3923 3940 3952
f 3939 3937 3950
f 3953 3950 3954
f 3955 3940 3950
f 3956 3940 3955
f 3957 3956 3955
f 3950 3958 3955
f 3955 3959 3957
f 3224 3222 3226
f 3951 3226 3225
f 3954 3950 3951
f 3229 3235 3225
f 3235 3951 3225
f 3951 3235 3960
f 3951 3960 3954
f 3961 3954 3960
f 3960 3962 3961
f 3962 3960 3963
f 3235 3964 3960
f 3960 3964 3963
f 3950 3953 3958
f 3954 3961 3953
f 3958 3953 3959
f 3962 3965 3961
f 3965 3953 3961
f 3965 3959 3953
f 3966 3959 3965
f 3959 3955 3958
f 3967 3957 3959
f 3959 3968 3967
f 3968 3959 3966
f 3968 3966 3969
f 3969 3967 3968
f 3233 3944 3970
f 3193 3944 3233
f 3970 3944 3941
f 3941 3943 3970
f 3970 3943 3971
f 3970 3971 3972
f 3973 3964 3235
f 3973 3235 3230
f 3230 3237 3973
f 3974 3964 3973
f 3973 3237 3974
f 3963 3975 3962
f 3976 3975 3963
f 3382 3233 3970
f 3535 3970 3972
f 3975 3965 3962
f 3977 3965 3975
f 3965 3977 3966
f 3975 3976 3977
f 3978 3979 3977
f 3977 3979 3966
f 3979 3969 3966
f 3979 3980 3981
f 3979 3981 3969
f 3952 3926 3923
f 3982 3952 3956
f 3983 3952 3982
f 3983 3924 3926
f 3984 3924 3983
f 3983 3926 3952
f 3985 3984 3983
f 3984 3985 3986
f 3985 3983 3982
f 3956 3952 3940
f 3957 3982 3956
f 3985 3982 3987
f 3986 3985 3987
f 3982 3988 3987
f 3988 3982 3957
f 3987 3988 3989
f 3986 3987 3990
f 3989 3990 3987
f 3924 3984 3933
f 3991 3933 3984
f 3947 3933 3991
f 3992 3947 3991
f 3986 3991 3984
f 3991 3993 3992
f 3991 3986 3993
f 3935 3947 3992
f 3992 3994 3935
f 3994 3934 3935
f 3994 3992 3995
f 3996 3994 3995
f 3995 3992 3993
f 3997 3993 3986
f 3993 3997 3995
f 3996 3995 3998
f 3995 3997 3998
f 3946 3948 3999
f 3986 3990 3997
f 3990 4000 3997
f 4001 3998 3997
f 3957 3967 4002
f 3957 4002 3988
f 4002 3967 4003
f 4004 3988 4002
f 4004 3989 3988
f 4004 4002 4005
f 4002 4003 4005
f 3969 4003 3967
f 4003 4006 4005
f 4005 4007 4004
f 4004 3990 3989
f 3990 4008 4000
f 4004 4008 3990
f 4000 4008 4009
f 4000 4001 3997
f 4009 4001 4000
f 4010 4009 4008
f 4009 4010 4011
f 4001 4009 4012
f 4007 4008 4004
f 4010 4008 4007
f 4013 4010 4007
f 4009 4011 4014
f 3946 4015 3943
f 3971 3943 4015
f 4015 3946 3999
f 4003 3969 4006
f 3981 4006 3969
f 4016 4006 3981
f 4016 4017 4006
f 4017 4005 4006
f 4017 4007 4005
f 4013 4007 4017
f 3972 3971 4015
f 3972 4015 4018
f 4010 4013 4019
f 4013 4020 4019
f 4019 4011 4010
f 4021 4011 4019
f 4011 4021 4014
f 4018 4015 4022
f 4022 4015 3999
f 3834 3836 3837
f 3836 4023 3837
f 3836 3915 4023
f 4023 3915 3917
f 4024 3837 4023
f 4024 3838 3837
f 4023 4025 4024
f 4025 3838 4024
f 3838 4025 4026
f 3838 4026 4027
f 4023 3917 4028
f 3918 4028 3917
f 4028 4025 4023
f 4029 4025 4028
f 3920 3929 3918
f 4028 3918 3929
f 3929 4029 4028
f 4030 4026 4025
f 4025 4029 4030
f 3838 4027 3839
f 4027 3845 3839
f 4027 3848 3845
f 4031 3848 4027
f 3848 4031 3874
f 4031 4027 4032
f 4026 4032 4027
f 4026 4030 4033
f 4034 4026 4033
f 4034 4031 4032
f 4035 4031 4034
f 4032 4026 4034
f 4036 4029 3929
f 3928 4036 3929
f 3931 4036 3928
f 4037 4030 4029
f 4033 4030 4037
f 4036 4037 4029
f 4036 4038 4039
f 4039 4037 4036
f 4037 4039 4033
f 4033 4039 4040
f 3931 4038 4036
f 3931 3934 4038
f 4041 4039 4038
f 4034 4033 4042
f 4033 4040 4042
f 4034 4042 4043
f 4044 4034 4043
f 4043 4042 4045
f 4043 4045 4046
f 4040 4039 4047
f 4047 4042 4040
f 4042 4047 4045
f 4035 3874 4031
f 4035 3873 3874
f 3875 3873 4035
f 4048 3875 4035
f 3875 4048 4049
f 4035 4034 4044
f 4035 4044 4050
f 4048 4035 4050
f 4051 4048 4050
f 4050 4052 4051
f 4052 4053 4051
f 3875 4049 3876
f 3876 4049 3881
f 3876 3881 3878
f 3881 4049 4054
f 4055 4054 4049
f 3879 3881 4054
f 4054 4056 3879
f 4049 4048 4055
f 4055 4048 4057
f 4057 4048 4051
f 4051 4055 4057
f 4053 4055 4051
f 4058 4054 4055
f 4052 4050 4044
f 4043 4046 4044
f 4046 4052 4044
f 3945 3739 3840
f 4059 3840 3829
f 3949 3945 3840
f 4059 3949 3840
f 4059 3829 3882
f 4038 3934 4060
f 4060 3934 4061
f 4041 4038 4060
f 4039 4041 4047
f 4047 4041 4062
f 4063 4045 4047
f 4064 4045 4063
f 4059 3882 4065
f 4065 4066 4059
f 4066 3949 4059
f 3849 3885 3882
f 4067 3885 3886
f 4065 3882 3885
f 4067 4068 3885
f 3886 3888 4067
f 4069 4055 4053
f 4069 4058 4055
f 4058 4069 4070
f 3887 4071 3888
f 4067 3888 4072
f 4073 4052 4046
f 4052 4074 4053
f 4046 4045 4064
f 4075 4073 4046
f 4075 4046 4064
f 4074 4052 4073
f 4076 4074 4073
f 4073 4075 4077
f 4065 3885 4068
f 4072 4068 4067
f 4065 4078 4066
f 4078 4065 4068
f 4078 4068 4079
f 4069 4053 4080
f 4080 4081 4069
f 4081 4080 4082
f 4083 4080 4053
f 4069 4081 4070
f 4082 4080 4083
f 4083 4053 4074
f 4083 4074 4076
f 4083 4076 4084
f 4083 4084 4085
f 4085 4082 4083
f 4086 4082 4085
f 4082 4086 4081
f 4087 4085 4084
f 4085 4087 4086
f 4086 4087 4088
f 4089 3888 4071
f 4068 4072 4079
f 4090 4079 4072
f 4072 3888 4089
f 4090 4072 4089
f 4091 4089 4092
f 4089 4091 4093
f 4061 3934 3994
f 4094 4061 3994
f 4095 4060 4094
f 4061 4094 4060
f 3994 3996 4094
f 3996 4096 4094
f 4095 4041 4060
f 4097 4041 4095
f 4097 4062 4041
f 4097 4095 4098
f 4098 4095 4099
f 3996 3998 4096
f 4100 4094 4096
f 4094 4099 4095
f 4100 4099 4094
f 4101 4098 4099
f 4102 4098 4101
f 4102 4103 4098
f 3948 3949 4066
f 4104 4096 3998
f 4001 4104 3998
f 4104 4100 4096
f 4105 4100 4104
f 4099 4100 4101
f 4100 4105 4106
f 4100 4106 4101
f 4102 4101 4106
f 4063 4047 4062
f 4097 4098 4062
f 4107 4062 4098
f 4063 4062 4108
f 4107 4108 4062
f 4063 4108 4064
f 4109 4064 4108
f 4109 4110 4064
f 4103 4107 4098
f 4111 4107 4103
f 4109 4108 4107
f 4107 4111 4109
f 4112 4110 4109
f 4111 4112 4109
f 4012 4104 4001
f 4104 4113 4105
f 4014 4012 4009
f 4113 4104 4012
f 4113 4106 4105
f 4114 4106 4113
f 4103 4102 4115
f 4115 4102 4106
f 4106 4114 4115
f 4116 4114 4113
f 4116 4113 4117
f 4115 4114 4116
f 4117 4012 4014
f 4117 4113 4012
f 4103 4115 4111
f 4118 4111 4115
f 4115 4116 4119
f 4115 4119 4118
f 4112 4111 4120
f 4111 4118 4120
f 4121 4120 4118
f 4120 4121 4122
f 4123 4120 4122
f 4121 4118 4119
f 4124 3948 4066
f 3948 4124 3999
f 4124 4022 3999
f 4124 4066 4125
f 4066 4078 4125
f 4126 4078 4079
f 4078 4126 4125
f 4127 4014 4021
f 4127 4117 4014
f 4128 4117 4127
f 4117 4128 4116
f 4129 4116 4128
f 4119 4116 4130
f 4116 4129 4130
f 4124 4131 4022
f 4124 4125 4131
f 4131 4132 4022
f 4133 4134 4131
f 4130 4121 4119
f 4135 4122 4121
f 4121 4130 4136
f 4135 4121 4136
f 4137 4135 4136
f 4133 4126 4138
f 4125 4133 4131
f 4126 4133 4125
f 4064 4077 4075
f 4110 4077 4064
f 4139 4077 4110
f 4077 4076 4073
f 4140 4076 4077
f 4077 4139 4140
f 4139 4110 4141
f 4123 4110 4112
f 4141 4110 4123
f 4139 4142 4140
f 4141 4142 4139
f 4076 4140 4143
f 4143 4084 4076
f 4143 4144 4084
f 4144 4087 4084
f 4143 4145 4144
f 4140 4142 4143
f 4146 4145 4143
f 4087 4144 4145
f 4145 4088 4087
f 4143 4142 4146
f 4146 4147 4145
f 4146 4148 4147
f 4148 4146 4142
f 4149 4145 4147
f 4120 4123 4112
f 4150 4141 4123
f 4150 4123 4122
f 4151 4142 4141
f 4151 4141 4150
f 4142 4151 4148
f 4090 4152 4079
f 4079 4138 4126
f 4079 4152 4138
f 4093 4153 4152
f 4090 4093 4152
f 4089 4093 4090
f 4145 4154 4088
f 4145 4149 4154
f 4149 4147 4155
f 4156 4154 4149
f 4155 4157 4149
f 4156 4149 4157
f 4091 4158 4093
f 4159 4153 4093
f 4160 4151 4150
f 4135 4150 4122
f 4135 4161 4150
f 4135 4137 4161
f 4160 4150 4161
f 4161 4162 4160
f 4153 4138 4152
f 4151 4160 4148
f 4155 4148 4160
f 4147 4148 4155
f 4160 4163 4155
f 4163 4164 4155
f 4155 4164 4157
f 4160 4162 4163
f 4165 4157 4164
f 4166 4163 4162
f 4167 4163 4166
f 4167 4168 4163
f 4163 4168 4164
f 4165 4164 4168
f 4165 4168 4169
f 3970 3535 3382
f 4134 4133 4170
f 4171 4133 4138
f 4091 4172 4158
f 4093 4158 4159
f 4171 4138 4153
f 4173 4171 4153
f 4174 4173 4153
f 4174 4175 4176
f 4159 4174 4153
f 4169 4177 4165
f 4178 4177 4169
f 4179 4169 4168
f 4179 4168 4167
f 4178 4169 4179
f 4180 4174 4159
f 4180 4159 4158
f 4180 4158 4181
f 4175 4174 4180
f 4182 4181 4183
f 4175 4180 4181
f 4175 4181 4182
f 4182 4183 4184
f 2564 2549 4185
f 4186 2564 4185
f 2567 2566 2573
f 2573 2566 2564
f 4187 2573 2564
f 4186 4187 2564
f 2549 3786 4188
f 4188 4185 2549
f 4188 4189 4185
f 4188 3786 3797
f 4188 4190 4189
f 4185 4189 4186
f 4191 4186 4189
f 3808 3801 2569
f 4192 3808 2569
f 4187 2577 2573
f 2577 4187 4193
f 4187 4194 4193
f 2578 2577 4193
f 2579 2578 4193
f 4193 4195 2579
f 4195 4193 4196
f 4194 4196 4193
f 4195 4196 4197
f 4198 4187 4186
f 4198 4194 4187
f 4198 4186 4191
f 4199 4198 4191
f 4197 4196 4194
f 4197 4194 4198
f 4190 4188 3797
f 4190 3797 3805
f 4200 4189 4190
f 4200 4201 4189
f 4200 4190 3805
f 3797 3804 3805
f 4202 3805 3806
f 4202 4203 3805
f 4200 3805 4203
f 4200 4204 4201
f 4204 4200 4205
f 4203 4205 4200
f 4205 4203 4206
f 4189 4201 4191
f 4204 4199 4191
f 4204 4191 4201
f 4204 4207 4208
f 4205 4207 4204
f 4207 4205 4209
f 3865 4202 3806
f 3865 4210 4202
f 4202 4206 4203
f 4210 3865 3867
f 4210 4206 4202
f 4205 4206 4209
f 4211 4209 4206
f 4211 4212 4209
f 4213 4210 3867
f 3868 4213 3867
f 4214 4210 4213
f 4210 4211 4206
f 4214 4211 4210
f 4212 4211 4215
f 4214 4215 4211
f 4209 4216 4207
f 4209 4212 4216
f 4217 4216 4212
f 4218 4212 4215
f 4214 4213 3880
f 3880 3868 3877
f 3868 3880 4213
f 4215 4214 4219
f 4219 4214 3880
f 4219 3880 4220
f 3880 3879 4056
f 2569 2568 4192
f 4192 2568 4221
f 2568 2631 4221
f 4222 3808 4192
f 3808 4222 4223
f 4192 4221 4222
f 2636 2579 4195
f 4195 4197 2636
f 2636 4224 2647
f 4225 4197 4198
f 4197 4225 2636
f 4199 4225 4198
f 4225 4224 2636
f 2637 4221 2631
f 4221 2637 4226
f 4226 2637 4227
f 4228 4227 2637
f 3808 3809 3807
f 4223 3809 3808
f 4229 4223 4222
f 4204 4208 4199
f 4208 4225 4199
f 4230 4225 4208
f 4208 4207 4231
f 4208 4232 4230
f 4208 4231 4232
f 4226 4222 4221
f 4222 4226 4229
f 2640 4228 2632
f 4228 2637 2632
f 4228 2640 4233
f 2668 4233 2640
f 4233 4227 4228
f 4234 4227 4233
f 4235 4229 4226
f 4227 4235 4226
f 4235 4227 4234
f 4233 4236 4234
f 4234 4236 4237
f 4238 2647 4224
f 4225 4230 4224
f 4238 4224 4239
f 2647 4240 2648
f 2648 4240 2652
f 4240 2647 4238
f 2652 4240 4238
f 4238 4239 4241
f 4238 4241 4242
f 2652 4238 4243
f 4244 4243 4238
f 4239 4224 4230
f 4239 4230 4241
f 4230 4245 4241
f 4245 4230 4232
f 4246 4245 4232
f 4247 4241 4245
f 2652 2666 2651
f 4243 2666 2652
f 4243 4244 2666
f 4244 4238 4242
f 4242 4248 4244
f 2666 4244 4248
f 2667 2824 2670
f 2666 4249 2667
f 2824 2667 4249
f 2666 4248 4249
f 4248 4250 4249
f 4241 4251 4242
f 4247 4251 4241
f 4248 4242 4251
f 4247 4245 4252
f 4247 4253 4251
f 4251 4250 4248
f 4254 4251 4253
f 4255 4254 4253
f 4250 4251 4254
f 4256 4249 4250
f 4257 4250 4254
f 4257 4258 4250
f 4259 4257 4254
f 4223 3884 3809
f 4260 4223 4229
f 4260 3884 4223
f 4231 4207 4216
f 4231 4216 4217
f 4261 4231 4217
f 4261 4232 4231
f 4218 4217 4212
f 4218 4262 4263
f 4217 4218 4263
f 4217 4263 4261
f 4262 4264 4263
f 4265 4260 4229
f 4232 4261 4246
f 4266 4246 4261
f 4267 4261 4263
f 4267 4266 4261
f 4268 4266 4267
f 4267 4263 4264
f 4220 4269 4219
f 4270 4220 3880
f 4271 4270 3880
f 4220 4270 4272
f 3884 4273 3887
f 4273 3884 4260
f 4260 4265 4273
f 4215 4269 4218
f 4219 4269 4215
f 4269 4262 4218
f 4264 4262 4274
f 4262 4269 4274
f 4220 4275 4269
f 4275 4276 4269
f 4269 4276 4274
f 4220 4272 4275
f 4264 4277 4267
f 4264 4274 4276
f 4277 4264 4276
f 4277 4276 4278
f 4268 4267 4277
f 4279 4277 4278
f 4279 4268 4277
f 4275 4280 4276
f 4281 4275 4272
f 4281 4280 4275
f 4280 4278 4276
f 4279 4278 4282
f 4278 4280 4282
f 4229 4235 4265
f 4235 4283 4265
f 4284 4235 4234
f 4284 4283 4235
f 4237 4284 4234
f 4283 4284 4285
f 4286 4283 4285
f 4273 4071 3887
f 4287 4288 4273
f 4265 4287 4273
f 4283 4287 4265
f 4287 4283 4286
f 4286 4289 4287
f 4289 4286 4290
f 4252 4245 4246
f 4266 4252 4246
f 4291 4266 4268
f 4292 4268 4279
f 4266 4293 4252
f 4266 4291 4293
f 4253 4247 4252
f 4253 4252 4293
f 4255 4253 4293
f 4291 4294 4293
f 4268 4292 4294
f 4268 4294 4291
f 4295 4293 4294
f 4294 4296 4295
f 4255 4259 4254
f 4293 4295 4255
f 4259 4255 4297
f 4295 4297 4255
f 4297 4295 4298
f 4299 4295 4300
f 4298 4295 4299
f 4294 4292 4296
f 4279 4301 4292
f 4296 4292 4301
f 4301 4302 4296
f 4301 4279 4282
f 4301 4282 4303
f 4303 4282 4304
f 4302 4300 4296
f 4295 4296 4300
f 4302 4305 4300
f 4299 4300 4305
f 4302 4301 4303
f 4303 4305 4302
f 4306 4307 4303
f 4307 4305 4303
f 3880 4056 4271
f 4308 4056 4054
f 4271 4056 4308
f 4058 4308 4054
f 4271 4308 4309
f 4310 4309 4308
f 4270 4309 4272
f 4270 4271 4309
f 4058 4310 4308
f 4310 4058 4070
f 4070 4311 4310
f 4311 4070 4312
f 4311 4309 4310
f 4311 4313 4309
f 4311 4314 4313
f 4312 4315 4311
f 4315 4314 4311
f 4314 4315 4316
f 4281 4272 4309
f 4281 4309 4313
f 4313 4317 4281
f 4280 4281 4317
f 4318 4317 4313
f 4280 4317 4318
f 4319 4280 4318
f 4320 4313 4314
f 4318 4313 4320
f 4321 4070 4081
f 4321 4312 4070
f 4321 4322 4315
f 4315 4312 4321
f 4323 4316 4315
f 4323 4315 4322
f 4086 4324 4081
f 4321 4081 4324
f 4325 4321 4324
f 4086 4325 4324
f 4322 4321 4325
f 4326 4322 4325
f 4325 4086 4088
f 4327 4325 4088
f 4327 4326 4325
f 4288 4071 4273
f 4288 4092 4071
f 4071 4092 4089
f 4288 4328 4092
f 4328 4288 4329
f 4329 4330 4328
f 4304 4282 4319
f 4282 4280 4319
f 4331 4319 4332
f 4320 4333 4318
f 4314 4316 4320
f 4319 4318 4333
f 4332 4319 4333
f 4320 4332 4333
f 4332 4320 4334
f 4334 4320 4335
f 4289 4288 4287
f 4289 4329 4288
f 4290 4329 4289
f 4336 4332 4334
f 4337 4316 4323
f 4326 4323 4322
f 4337 4323 4338
f 4326 4327 4338
f 4326 4338 4323
f 4337 4338 4339
f 4092 4340 4091
f 4340 4092 4328
f 4330 4340 4328
f 4320 4316 4335
f 4341 4335 4316
f 4341 4316 4337
f 4335 4342 4334
f 4335 4341 4343
f 4342 4335 4343
f 4344 4342 4343
f 4339 4341 4337
f 4341 4339 4345
f 4346 4341 4345
f 4347 4346 4345
f 4346 4343 4341
f 4319 4331 4304
f 4303 4304 4331
f 4306 4303 4331
f 4306 4331 4348
f 4331 4332 4336
f 4342 4336 4334
f 4342 4349 4336
f 4088 4350 4327
f 4088 4154 4350
f 4338 4327 4351
f 4351 4327 4350
f 4350 4154 4156
f 4352 4351 4350
f 4339 4338 4351
f 4353 4351 4352
f 4345 4339 4351
f 4345 4351 4353
f 4345 4353 4354
f 4352 4350 4156
f 4156 4355 4352
f 4353 4352 4355
f 4177 4353 4355
f 4345 4354 4347
f 4355 4156 4157
f 4165 4355 4157
f 4177 4355 4165
f 2668 4356 4236
f 4233 2668 4236
f 2668 2821 4356
f 4236 4356 4357
f 2825 2823 2824
f 2825 2824 4249
f 4249 4358 2825
f 2825 4359 2826
f 2825 4358 4359
f 4249 4256 4358
f 4359 4358 4360
f 2826 4359 2829
f 2829 4359 4360
f 4360 4358 4361
f 2829 4360 4362
f 4362 4360 4361
f 2829 4362 4363
f 4364 2829 4363
f 4363 4362 4361
f 4357 4237 4236
f 4256 4250 4258
f 4256 4258 4358
f 4258 4365 4366
f 4365 4258 4257
f 4365 4257 4367
f 4361 4358 4258
f 4361 4258 4366
f 4366 4368 4361
f 4369 4366 4365
f 4365 4370 4369
f 4371 4356 2821
f 4357 4356 4371
f 2837 4371 2821
f 4372 4371 2837
f 4371 4372 4373
f 2829 4374 2841
f 2842 2841 4374
f 4374 2829 4364
f 4374 2843 2842
f 2843 4374 4375
f 4376 4364 4363
f 4375 4374 4364
f 4375 4364 4376
f 4376 4363 4368
f 4377 2843 4375
f 4375 4378 4377
f 4378 4375 4376
f 4373 4357 4371
f 4373 4379 4357
f 4368 4363 4361
f 4369 4368 4366
f 4368 4380 4376
f 4368 4369 4381
f 4380 4368 4381
f 4381 4369 4382
f 4378 4376 4380
f 4380 4381 4382
f 4380 4382 4383
f 4237 4285 4284
f 4285 4384 4286
f 4384 4285 4385
f 4290 4286 4384
f 4386 4384 4385
f 4387 4384 4386
f 4379 4285 4237
f 4388 4297 4298
f 4299 4389 4298
f 4389 4390 4298
f 4237 4357 4379
f 4391 4367 4257
f 4391 4257 4259
f 4259 4392 4391
f 4393 4391 4392
f 4297 4388 4259
f 4390 4388 4298
f 4392 4259 4388
f 4392 4388 4390
f 4393 4392 4390
f 4393 4390 4394
f 4367 4391 4393
f 4370 4365 4367
f 4370 4367 4393
f 4393 4394 4395
f 4389 4299 4396
f 4299 4305 4396
f 4396 4305 4397
f 4397 4305 4307
f 4398 4307 4306
f 4398 4397 4307
f 4379 4385 4285
f 4396 4397 4399
f 4400 4399 4401
f 4401 4399 4397
f 4401 4397 4402
f 4403 4401 4402
f 4390 4389 4396
f 4394 4390 4396
f 4394 4396 4399
f 4404 4394 4405
f 4399 4405 4394
f 4405 4399 4400
f 4401 4403 4400
f 4406 4386 4379
f 4406 4379 4407
f 4370 4408 4369
f 4382 4369 4408
f 4395 4408 4370
f 4408 4409 4382
f 4409 4410 4382
f 4409 4408 4395
f 4393 4395 4370
f 4395 4394 4411
f 4410 4409 4412
f 4413 4382 4410
f 4410 4412 4413
f 4409 4395 4411
f 4412 4409 4411
f 4412 4411 4414
f 4415 4412 4414
f 4416 4387 4386
f 4416 4386 4406
f 4394 4404 4411
f 4404 4405 4417
f 4417 4411 4404
f 4417 4405 4400
f 4417 4400 4403
f 4403 4418 4417
f 4411 4417 4419
f 4419 4417 4418
f 4419 4414 4411
f 4420 4414 4419
f 4421 4420 4419
f 4422 4419 4418
f 4418 4423 4422
f 4422 4421 4419
f 4372 2837 2863
f 4424 2863 2859
f 4424 4372 2863
f 4424 2859 2866
f 2866 2859 2858
f 4373 4372 4425
f 4407 4373 4425
f 4383 4382 4413
f 4383 4413 4426
f 4425 4372 4424
f 4425 4424 4427
f 4427 4424 4428
f 4427 4429 4425
f 4428 2866 2864
f 4430 4428 2864
f 2866 4428 4424
f 4428 4431 4427
f 4432 4428 4430
f 4428 4432 4431
f 4433 4406 4407
f 4433 4407 4425
f 4434 4406 4433
f 4435 4434 4433
f 4426 4413 4436
f 4413 4412 4415
f 4415 4436 4413
f 4437 4436 4415
f 4425 4429 4433
f 4433 4429 4435
f 4438 4436 4437
f 4439 4437 4440
f 4438 4437 4439
f 4434 4416 4406
f 4434 4441 4416
f 4442 4434 4435
f 4442 4441 4434
f 4443 4441 4442
f 4414 4420 4415
f 4415 4420 4444
f 4440 4415 4444
f 4445 4421 4422
f 4444 4420 4421
f 4444 4421 4445
f 4440 4437 4415
f 4439 4440 4446
f 4445 4447 4444
f 4446 4440 4444
f 4448 4446 4444
f 4447 4449 4444
f 4448 4444 4449
f 4429 4427 4450
f 4450 4427 4431
f 4451 4450 4431
f 4451 4431 4432
f 4452 4451 4432
f 4429 4450 4453
f 4450 4451 4454
f 4451 4452 4454
f 4453 4455 4435
f 4435 4455 4442
f 4453 4435 4429
f 4456 4439 4446
f 4456 4446 4448
f 4457 4456 4448
f 4457 4448 4449
f 4450 4454 4453
f 4453 4454 4458
f 4458 4455 4453
f 4459 4456 4457
f 4460 4457 4461
f 2845 2843 4377
f 4377 4462 2845
f 4462 4377 4378
f 4462 4378 4463
f 4463 4378 4380
f 2881 2845 4462
f 2881 4462 4464
f 4465 4462 4463
f 4466 4465 4463
f 4462 4465 4464
f 2883 2881 4464
f 2883 4467 2888
f 4467 2883 4464
f 4468 4464 4465
f 4468 4467 4464
f 4468 4465 4469
f 4470 4468 4469
f 4471 4466 4463
f 4471 4463 4380
f 4465 4466 4469
f 4471 4380 4383
f 4383 4426 4471
f 4426 4472 4471
f 4469 4466 4472
f 4472 4473 4469
f 4472 4466 4471
f 4472 4426 4474
f 4475 4472 4474
f 4476 2865 2886
f 2864 2865 4476
f 4477 2886 2887
f 4476 4430 2864
f 2886 4477 4476
f 2887 2888 4478
f 4477 2887 4478
f 2888 4467 4470
f 4467 4468 4470
f 4479 4476 4477
f 4478 2888 4470
f 4430 4476 4479
f 4430 4479 4480
f 4481 4477 4478
f 4479 4477 4481
f 4481 4480 4479
f 4478 4470 4482
f 4470 4469 4482
f 4482 4469 4473
f 4473 4472 4483
f 4481 4478 4482
f 4430 4480 4432
f 4480 4481 4484
f 4482 4484 4481
f 4452 4432 4480
f 4480 4484 4485
f 4482 4473 4483
f 4486 4484 4482
f 4485 4452 4480
f 4485 4484 4486
f 4426 4436 4474
f 4475 4474 4438
f 4438 4474 4436
f 4483 4472 4475
f 4438 4487 4475
f 4483 4475 4487
f 4487 4438 4439
f 4483 4487 4488
f 4486 4482 4483
f 4488 4486 4483
f 4489 4486 4490
f 4486 4489 4485
f 4490 4486 4488
f 4488 4487 4459
f 4459 4487 4439
f 4459 4439 4456
f 4459 4491 4488
f 4460 4459 4457
f 4491 4459 4460
f 4492 4290 4384
f 4330 4329 4493
f 4290 4492 4329
f 4493 4329 4492
f 4387 4492 4384
f 4494 4493 4492
f 4492 4387 4494
f 4495 4330 4493
f 4172 4091 4340
f 4340 4330 4495
f 4496 4495 4493
f 4497 4342 4344
f 4346 4498 4343
f 4344 4343 4498
f 4499 4344 4498
f 4500 4499 4498
f 4501 4493 4494
f 4496 4493 4501
f 4502 4496 4501
f 4503 4494 4387
f 4443 4503 4387
f 4443 4504 4503
f 4494 4503 4501
f 4503 4504 4501
f 4502 4501 4504
f 4398 4306 4348
f 4398 4402 4397
f 4398 4348 4505
f 4398 4505 4506
f 4505 4336 4349
f 4348 4331 4336
f 4348 4336 4505
f 4507 4349 4342
f 4505 4349 4507
f 4508 4505 4507
f 4402 4398 4506
f 4509 4402 4506
f 4509 4403 4402
f 4508 4506 4505
f 4509 4506 4508
f 4507 4342 4497
f 4497 4344 4499
f 4507 4510 4508
f 4510 4507 4497
f 4510 4497 4499
f 4510 4499 4511
f 4512 4509 4508
f 4423 4509 4513
f 4513 4509 4512
f 4443 4387 4416
f 4514 4513 4512
f 4423 4403 4509
f 4423 4418 4403
f 4514 4423 4513
f 4514 4515 4423
f 4512 4508 4510
f 4511 4516 4510
f 4516 4511 4517
f 4512 4510 4516
f 4518 4516 4517
f 4519 4514 4512
f 4518 4512 4516
f 4520 4512 4518
f 4495 4172 4340
f 4521 4353 4177
f 4521 4354 4353
f 4522 4354 4521
f 4523 4158 4172
f 4495 4523 4172
f 4496 4524 4495
f 4181 4158 4523
f 4523 4495 4524
f 4525 4181 4523
f 4498 4346 4347
f 4522 4347 4354
f 4500 4498 4347
f 4522 4500 4347
f 4499 4500 4526
f 4500 4527 4526
f 4511 4499 4526
f 4517 4511 4526
f 4500 4522 4527
f 4528 4527 4522
f 4529 4527 4528
f 4530 4529 4528
f 4527 4529 4526
f 4177 4531 4521
f 4528 4521 4531
f 4531 4177 4532
f 4532 4177 4178
f 4533 4532 4178
f 4534 4531 4532
f 4534 4528 4531
f 4535 4532 4533
f 4536 4535 4533
f 4535 4534 4532
f 4534 4535 4536
f 4522 4521 4528
f 4528 4534 4530
f 4524 4496 4502
f 4537 4524 4502
f 4524 4525 4523
f 4537 4525 4524
f 4538 4537 4539
f 4540 4529 4530
f 4517 4526 4541
f 4529 4541 4526
f 4540 4541 4529
f 4539 4537 4502
f 4539 4502 4504
f 4542 4543 4517
f 4542 4517 4541
f 4542 4541 4540
f 4542 4540 4544
f 4525 4183 4181
f 4536 4545 4534
f 4183 4525 4537
f 4546 4184 4183
f 4546 4183 4537
f 4540 4530 4547
f 4547 4530 4534
f 4547 4534 4545
f 4540 4547 4548
f 4540 4548 4549
f 4544 4540 4549
f 4548 4547 4545
f 4550 4548 4545
f 4518 4517 4543
f 4518 4543 4551
f 4504 4443 4552
f 4553 4504 4552
f 4552 4554 4553
f 4416 4441 4443
f 4423 4445 4422
f 4445 4423 4515
f 4515 4555 4445
f 4515 4556 4555
f 4557 4445 4555
f 4447 4445 4557
f 4555 4556 4557
f 4558 4557 4556
f 4519 4515 4514
f 4519 4559 4515
f 4520 4519 4512
f 4519 4520 4559
f 4551 4520 4518
f 4560 4520 4551
f 4561 4562 4559
f 4561 4559 4520
f 4561 4520 4560
f 4563 4561 4560
f 4564 4561 4563
f 4556 4515 4559
f 4559 4562 4556
f 4565 4443 4442
f 4565 4442 4455
f 4565 4552 4443
f 4566 4565 4455
f 4566 4567 4565
f 4457 4449 4447
f 4447 4568 4457
f 4568 4447 4558
f 4461 4457 4568
f 4569 4558 4556
f 4558 4447 4557
f 4568 4558 4569
f 4570 4568 4569
f 4571 4568 4570
f 4571 4461 4568
f 4460 4571 4572
f 4460 4461 4571
f 4554 4552 4565
f 4567 4554 4565
f 4554 4567 4573
f 4574 4564 4575
f 4562 4569 4556
f 4562 4574 4569
f 4570 4569 4574
f 4564 4562 4561
f 4562 4564 4574
f 4570 4574 4572
f 4571 4570 4572
f 4572 4574 4575
f 4576 4572 4575
f 4538 4546 4537
f 4577 4578 4538
f 4504 4553 4539
f 4577 4538 4539
f 4578 4577 4579
f 4580 4184 4546
f 4580 4546 4538
f 4578 4580 4538
f 4581 4544 4549
f 4549 4548 4582
f 4581 4583 4544
f 4581 4584 4583
f 4582 4585 4549
f 4549 4585 4586
f 4549 4586 4581
f 4584 4581 4586
f 4553 4577 4539
f 4553 4573 4577
f 4573 4579 4577
f 4553 4554 4573
f 4587 4578 4579
f 4587 4580 4578
f 4584 4588 4589
f 4584 4586 4590
f 4584 4590 4588
f 4591 4590 4586
f 4588 4590 4592
f 4593 4588 4592
f 4551 4543 4594
f 4551 4594 4560
f 4543 4542 4544
f 4544 4594 4543
f 4560 4594 4563
f 4595 4563 4594
f 4594 4544 4583
f 4595 4594 4583
f 4575 4564 4563
f 4563 4596 4575
f 4596 4563 4595
f 4583 4596 4595
f 4597 4575 4598
f 4599 4596 4589
f 4598 4596 4599
f 4598 4575 4596
f 4583 4589 4596
f 4584 4589 4583
f 4588 4599 4589
f 4600 4599 4588
f 4593 4600 4588
f 3974 3963 3964
f 4601 3963 3974
f 3237 3391 3395
f 4602 3237 3395
f 3237 4602 3974
f 4602 4601 3974
f 3399 4602 3395
f 3963 4601 3976
f 4603 4601 4604
f 4601 4605 3976
f 4601 4603 4605
f 4604 4601 4602
f 4606 4602 3399
f 3398 4606 3399
f 4604 4602 4606
f 4607 4604 4606
f 4608 4603 4604
f 3977 3976 3978
f 3979 3978 3980
f 3980 4609 3981
f 4610 3976 4605
f 4610 3978 3976
f 3978 4610 3980
f 4610 4611 3980
f 4605 4603 4610
f 4612 4610 4603
f 4612 4603 4608
f 4612 4613 4614
f 4614 4611 4610
f 4615 3980 4611
f 4615 4611 4616
f 4612 4614 4610
f 4617 4618 4614
f 4614 4616 4611
f 4617 4614 4613
f 4616 4614 4618
f 4619 4616 4618
f 3981 4609 4016
f 4615 4609 3980
f 4620 4016 4609
f 4620 4609 4615
f 4016 4620 4621
f 4016 4621 4017
f 4020 4017 4621
f 4622 4621 4620
f 4621 4623 4020
f 4621 4622 4623
f 4615 4624 4620
f 4625 4615 4616
f 4619 4625 4616
f 4615 4625 4624
f 4620 4624 4622
f 4626 4623 4622
f 4627 4622 4624
f 4624 4625 4627
f 4622 4627 4628
f 4017 4020 4013
f 4629 4019 4020
f 4020 4623 4630
f 4020 4630 4629
f 4019 4629 4021
f 4631 4021 4629
f 4629 4630 4631
f 4631 4630 4632
f 4132 4018 4022
f 4622 4628 4626
f 4626 4630 4623
f 4630 4626 4633
f 4633 4626 4628
f 4630 4633 4632
f 4634 4635 4633
f 4635 4632 4633
f 4619 4636 4625
f 4637 4627 4625
f 4637 4638 4627
f 4637 4625 4636
f 4638 4628 4627
f 4628 4638 4639
f 4633 4628 4634
f 4639 4634 4628
f 4640 4635 4634
f 4641 4640 4634
f 4127 4021 4631
f 4631 4642 4127
f 4128 4127 4643
f 4642 4631 4632
f 4643 4127 4642
f 4128 4643 4129
f 4129 4644 4130
f 4645 4643 4642
f 4645 4129 4643
f 4632 4645 4642
f 4646 4645 4632
f 4635 4646 4632
f 4645 4647 4129
f 4648 4647 4645
f 4645 4646 4648
f 4647 4648 4649
f 4130 4644 4136
f 4650 4644 4129
f 4136 4644 4650
f 4651 4136 4650
f 4137 4136 4651
f 4647 4650 4129
f 4652 4653 4650
f 4650 4647 4652
f 4647 4649 4652
f 4653 4651 4650
f 4653 4654 4651
f 4654 4653 4655
f 4652 4655 4653
f 4635 4640 4646
f 4648 4646 4656
f 4648 4656 4649
f 4161 4137 4651
f 4657 4161 4651
f 4658 4162 4161
f 4162 4658 4166
f 4161 4657 4658
f 4658 4657 4659
f 4659 4657 4660
f 4659 4166 4658
f 4651 4654 4657
f 4660 4657 4661
f 4662 4167 4166
f 3535 3972 4663
f 4606 3398 3533
f 3533 4607 4606
f 4664 4607 3533
f 4604 4607 4608
f 3383 3535 4665
f 3535 4663 4665
f 4666 4665 4663
f 4667 4669 4663
f 3533 3541 4664
f 4664 3541 4670
f 3541 3540 4670
f 4607 4671 4608
f 4608 4671 4672
f 4607 4664 4671
f 4664 4670 4671
f 4671 4670 4673
f 4674 4672 4671
f 4673 4674 4671
f 4670 3540 3544
f 3544 3548 4670
f 3544 3545 3548
f 4675 4670 3548
f 4676 4675 3548
f 4675 4673 4670
f 4677 4674 4673
f 4675 4677 4673
f 4612 4608 4613
f 4672 4613 4608
f 4678 4617 4613
f 4613 4672 4678
f 4672 4674 4678
f 4678 4618 4617
f 4679 4618 4678
f 4619 4618 4679
f 4680 4619 4679
f 4681 4678 4674
f 4682 4679 4678
f 4681 4682 4678
f 4683 4679 4682
f 4680 4679 4683
f 4668 4666 4663
f 4674 4677 4681
f 4684 4677 4685
f 4681 4677 4684
f 4686 4682 4681
f 4686 4683 4682
f 3549 3383 4665
f 4665 4666 3549
f 4666 3555 3549
f 4666 4687 3555
f 4666 4668 4688
f 4666 4688 4687
f 4689 4687 4688
f 4691 4689 4688
f 4663 3972 4667
f 4018 4667 3972
f 4690 4667 4692
f 4667 4018 4132
f 4134 4693 4132
f 4692 4667 4132
f 4692 4132 4693
f 4637 4636 4694
f 4695 4694 4636
f 4638 4637 4694
f 4638 4694 4696
f 4680 4636 4619
f 4697 4695 4636
f 4697 4680 4683
f 4636 4680 4697
f 4698 4697 4683
f 4699 4696 4694
f 4699 4694 4695
f 4697 4698 4700
f 4695 4697 4700
f 4695 4700 4699
f 4669 4667 4690
f 4686 4698 4683
f 4698 4701 4700
f 4700 4702 4699
f 4638 4696 4639
f 4634 4639 4641
f 4640 4641 4703
f 4641 4639 4696
f 4699 4641 4696
f 4704 4705 4699
f 4641 4705 4703
f 4706 4703 4705
f 4699 4705 4641
f 4692 4693 4707
f 4705 4708 4706
f 4688 4668 4691
f 4709 4689 4691
f 4690 4692 4710
f 4692 4707 4710
f 4707 4711 4710
f 4676 3548 3547
f 4712 4677 4675
f 4675 4676 4712
f 4677 4712 4685
f 4713 4684 4685
f 4685 4712 4714
f 4713 4685 4714
f 4684 4686 4681
f 4715 4686 4684
f 4684 4713 4715
f 4716 4715 4713
f 3547 4717 4676
f 3547 3564 4717
f 4676 4717 4712
f 3566 4717 3564
f 4718 4714 4712
f 4717 3566 4719
f 4719 4712 4717
f 4714 4718 4720
f 4712 4719 4718
f 4721 4720 4718
f 3565 3570 3566
f 3566 3570 4719
f 3570 4722 4719
f 4721 4718 4719
f 4722 4721 4719
f 4720 4721 4723
f 4715 4716 4724
f 4714 4725 4713
f 4714 4720 4725
f 4720 4723 4725
f 4713 4725 4716
f 4726 4716 4725
f 4725 4723 4726
f 4727 4728 4726
f 4729 4687 4689
f 4723 4730 4726
f 3571 4722 3570
f 4723 4721 4722
f 4730 4731 4732
f 4731 4723 4722
f 4730 4723 4731
f 4733 4731 4722
f 4734 4726 4730
f 4730 4732 4734
f 4726 4734 4727
f 4735 4734 4732
f 4735 4736 4734
f 4727 4734 4736
f 4732 4731 4737
f 4732 4737 4735
f 4698 4686 4715
f 4701 4698 4715
f 4724 4701 4715
f 4702 4700 4701
f 4701 4738 4739
f 4739 4702 4701
f 4702 4739 4704
f 4702 4704 4699
f 4740 4704 4739
f 4705 4704 4708
f 4704 4740 4708
f 4740 4741 4708
f 4724 4716 4728
f 4724 4738 4701
f 4724 4728 4742
f 4742 4738 4724
f 4716 4726 4728
f 4728 4743 4742
f 4739 4738 4744
f 4745 4738 4742
f 4746 4738 4745
f 4747 4689 4709
f 4747 4709 4748
f 4745 4742 4743
f 4740 4739 4744
f 4744 4749 4740
f 4744 4738 4746
f 4749 4744 4746
f 4741 4740 4749
f 4749 4750 4741
f 4710 4711 4751
f 4748 4709 4752
f 4745 4749 4746
f 4753 4749 4745
f 4750 4749 4753
f 4753 4754 4750
f 4755 4754 4753
f 4756 4728 4727
f 4756 4743 4728
f 4756 4757 4743
f 4736 4756 4727
f 4758 4757 4736
f 4757 4756 4736
f 4745 4743 4760
f 4761 4745 4760
f 4743 4757 4760
f 4761 4760 4757
f 4761 4762 4745
f 4764 4745 4762
f 4745 4764 4753
f 4753 4764 4766
f 3567 4687 4767
f 3567 3555 4687
f 4767 4687 4729
f 3625 3567 4767
f 4729 4768 4767
f 3625 4767 3627
f 3627 4767 4768
f 4729 4689 4747
f 4729 4747 4768
f 4769 4768 4747
f 3571 3635 4770
f 4770 4722 3571
f 3638 4770 3635
f 4722 4770 4733
f 4770 3638 4771
f 4771 4733 4770
f 4773 3627 4768
f 3637 3643 4772
f 3643 4774 4772
f 3643 3652 4774
f 4771 4776 4733
f 4772 4777 4775
f 4777 4778 4775
f 4774 4777 4772
f 4779 4777 4774
f 4779 4778 4777
f 4779 4780 4778
f 4781 4735 4737
f 4783 4731 4733
f 4737 4731 4783
f 4733 4776 4783
f 4784 4775 4778
f 4780 4784 4778
f 4781 4737 4783
f 4782 4784 4785
f 4735 4781 4787
f 4769 4773 4768
f 4780 4785 4784
f 4780 4779 4788
f 4789 4780 4788
f 4789 4790 4780
f 4780 4791 4785
f 4785 4791 4782
f 4791 4786 4782
f 4786 4791 4792
f 4792 4791 4793
f 4793 4791 4780
f 4780 4790 4793
f 3627 4773 3649
f 4794 3649 4773
f 4795 4794 4773
f 4794 4796 3649
f 4773 4769 4795
f 4795 4769 4797
f 4794 4795 4798
f 4795 4797 4798
f 4747 4748 4769
f 4748 4799 4769
f 4748 4800 4799
f 4752 4800 4748
f 4800 4752 4801
f 4803 4800 4801
f 4803 4799 4800
f 4758 4736 4735
f 4761 4757 4804
f 4757 4758 4804
f 4787 4758 4735
f 4786 4792 4759
f 4805 4759 4806
f 4806 4807 4805
f 4806 4759 4792
f 4808 4792 4793
f 4792 4808 4806
f 4809 4806 4808
f 4806 4810 4807
f 4809 4810 4806
f 4762 4761 4804
f 4805 4807 4763
f 4807 4811 4763
f 4811 4812 4763
f 4766 4755 4753
f 4766 4764 4762
f 4812 4765 4763
f 4813 4812 4814
f 4810 4811 4807
f 4815 4812 4811
f 4810 4815 4811
f 4815 4810 4816
f 4812 4815 4814
f 4813 4814 4817
f 4799 4803 4818
f 4797 4769 4799
f 4819 4797 4799
f 4820 4809 4808
f 4808 4793 4820
f 4793 4821 4820
f 4816 4810 4809
f 4822 4816 4809
f 4823 4816 4822
f 4798 4797 4824
f 4825 4798 4824
f 4797 4819 4824
f 4824 4819 4826
f 4819 4799 4818
f 4827 4815 4816
f 4828 4814 4815
f 4829 4817 4814
f 4827 4828 4815
f 4830 4829 4828
f 4831 4828 4827
f 4831 4827 4832
f 4831 4830 4828
f 4818 4826 4819
f 4818 4833 4826
f 4832 4827 4816
f 4832 4830 4831
f 4131 4134 4132
f 4834 4134 4170
f 4134 4834 4693
f 4693 4834 4707
f 4835 4834 4836
f 4170 4133 4171
f 4654 4655 4837
f 4838 4837 4655
f 4173 4836 4171
f 4170 4836 4834
f 4170 4171 4836
f 4836 4839 4840
f 4839 4836 4173
f 4656 4646 4841
f 4640 4703 4841
f 4640 4841 4646
f 4656 4842 4649
f 4843 4656 4841
f 4656 4843 4842
f 4844 4842 4843
f 4706 4841 4703
f 4845 4843 4841
f 4845 4844 4843
f 4707 4834 4835
f 4846 4706 4708
f 4706 4845 4841
f 4847 4848 4845
f 4848 4844 4845
f 4849 4844 4848
f 4842 4850 4649
f 4850 4652 4649
f 4850 4838 4652
f 4844 4851 4842
f 4850 4842 4851
f 4838 4850 4851
f 4652 4838 4655
f 4837 4838 4852
f 4852 4838 4851
f 4844 4849 4851
f 4851 4849 4853
f 4854 4849 4855
f 4854 4853 4849
f 4853 4852 4851
f 4856 4852 4853
f 4711 4707 4835
f 4711 4835 4857
f 4840 4835 4836
f 4857 4835 4840
f 4751 4711 4857
f 4857 4858 4751
f 4858 4857 4859
f 4840 4859 4857
f 4860 4840 4839
f 4856 4853 4854
f 4840 4860 4859
f 4861 4859 4860
f 4654 4661 4657
f 4654 4837 4661
f 4862 4659 4660
f 4862 4660 4661
f 4863 4659 4862
f 4661 4864 4862
f 4864 4863 4862
f 4176 4839 4173
f 4176 4173 4174
f 4865 4864 4661
f 4659 4662 4166
f 4662 4659 4863
f 4167 4866 4179
f 4866 4178 4179
f 4866 4167 4662
f 4867 4662 4863
f 4662 4867 4866
f 4868 4866 4867
f 4533 4866 4868
f 4863 4864 4867
f 4867 4864 4869
f 4868 4867 4870
f 4871 4837 4852
f 4871 4661 4837
f 4872 4871 4852
f 4865 4871 4872
f 4661 4871 4865
f 4869 4864 4865
f 4869 4865 4872
f 4872 4852 4856
f 4175 4873 4176
f 4873 4175 4874
f 4873 4839 4176
f 4873 4860 4839
f 4875 4860 4873
f 4875 4873 4874
f 4876 4875 4874
f 4869 4870 4867
f 4877 4868 4870
f 4877 4878 4868
f 4879 4877 4870
f 4175 4182 4874
f 4184 4874 4182
f 4184 4880 4874
f 4881 4877 4879
f 4882 4872 4856
f 4883 4869 4872
f 4882 4883 4872
f 4884 4882 4856
f 4885 4869 4883
f 4885 4883 4886
f 4887 4860 4875
f 4876 4887 4875
f 4884 4883 4882
f 4886 4883 4884
f 4888 4886 4884
f 4886 4888 4889
f 4870 4869 4890
f 4885 4890 4869
f 4890 4879 4870
f 4891 4879 4890
f 4891 4890 4892
f 4885 4892 4890
f 4881 4879 4893
f 4879 4891 4893
f 4892 4885 4886
f 4845 4706 4846
f 4845 4846 4847
f 4846 4708 4894
f 4741 4894 4708
f 4846 4894 4847
f 4895 4847 4894
f 4895 4855 4847
f 4848 4847 4855
f 4855 4849 4848
f 4741 4895 4894
f 4895 4741 4896
f 4897 4855 4898
f 4895 4898 4855
f 4896 4741 4750
f 4896 4898 4895
f 4750 4754 4896
f 4899 4896 4754
f 4900 4898 4896
f 4899 4900 4896
f 4898 4900 4901
f 4900 4899 4901
f 4897 4854 4855
f 4902 4897 4898
f 4897 4856 4854
f 4903 4856 4897
f 4898 4901 4902
f 4903 4897 4902
f 4903 4902 4901
f 4884 4856 4903
f 4903 4904 4884
f 4904 4905 4906
f 4903 4901 4907
f 4906 4884 4904
f 4906 4888 4884
f 4861 4858 4859
f 4861 4908 4909
f 4861 4860 4887
f 4908 4861 4887
f 4910 4908 4887
f 4911 4910 4912
f 4912 4913 4911
f 4580 4880 4184
f 4880 4876 4874
f 4876 4880 4914
f 4915 4914 4880
f 4910 4887 4876
f 4910 4876 4916
f 4914 4916 4876
f 4916 4914 4917
f 4912 4910 4916
f 4918 4893 4891
f 4889 4892 4886
f 4918 4891 4892
f 4892 4919 4918
f 4919 4892 4889
f 4920 4893 4918
f 4921 4920 4918
f 4922 4920 4921
f 4921 4918 4919
f 4919 4889 4923
f 4924 4919 4923
f 4924 4921 4919
f 4925 4921 4924
f 4915 4880 4580
f 4914 4915 4917
f 4915 4587 4926
f 4916 4917 4927
f 4927 4917 4928
f 4927 4912 4916
f 4913 4912 4927
f 4929 4922 4921
f 4921 4925 4929
f 4930 4929 4925
f 4930 4925 4931
f 4932 4930 4931
f 4933 4930 4932
f 4802 4751 4858
f 4802 4858 4909
f 4909 4858 4861
f 4754 4934 4899
f 4899 4934 4935
f 4907 4899 4935
f 4936 4803 4801
f 4937 4802 4909
f 4901 4899 4907
f 4907 4935 4938
f 4938 4939 4907
f 4939 4903 4907
f 4905 4904 4903
f 4905 4903 4940
f 4940 4941 4905
f 4939 4940 4903
f 4942 4940 4939
f 4943 4939 4938
f 4944 4939 4943
f 4939 4944 4942
f 4942 4944 4945
f 4946 4754 4755
f 4755 4766 4946
f 4812 4947 4765
f 4947 4812 4813
f 4946 4934 4754
f 4949 4947 4950
f 4934 4946 4948
f 4950 4947 4813
f 4948 4935 4934
f 4948 4951 4935
f 4935 4951 4938
f 4950 4813 4817
f 4953 4950 4817
f 4950 4953 4949
f 4953 4952 4949
f 4938 4951 4954
f 4952 4953 4956
f 4955 4952 4956
f 4954 4943 4938
f 4943 4954 4957
f 4959 4909 4908
f 4803 4936 4818
f 4818 4936 4833
f 4833 4936 4960
f 4959 4937 4909
f 4961 4833 4960
f 4961 4960 4963
f 4959 4908 4962
f 4965 4962 4911
f 4911 4962 4908
f 4911 4908 4910
f 4966 4945 4967
f 4913 4965 4911
f 4956 4953 4968
f 4969 4956 4970
f 4953 4817 4829
f 4814 4828 4829
f 4953 4829 4968
f 4829 4970 4968
f 4968 4970 4956
f 4969 4970 4971
f 4972 4829 4830
f 4970 4829 4973
f 4829 4972 4973
f 4973 4971 4970
f 4957 4944 4943
f 4958 4955 4956
f 4969 4958 4956
f 4957 4974 4967
f 4975 4958 4969
f 4967 4944 4957
f 4944 4967 4945
f 4971 4975 4969
f 4976 4967 4974
f 4976 4966 4967
f 4977 4976 4974
f 4941 4906 4905
f 4888 4906 4941
f 4979 4888 4941
f 4923 4889 4888
f 4923 4888 4979
f 4980 4979 4941
f 4979 4980 4981
f 4981 4923 4979
f 4981 4924 4923
f 4980 4941 4940
f 4980 4940 4942
f 4980 4942 4945
f 4982 4981 4983
f 4981 4982 4924
f 4983 4981 4980
f 4980 4945 4983
f 4966 4983 4945
f 4984 4985 4983
f 4966 4984 4983
f 4986 4966 4976
f 4988 4986 4976
f 4986 4984 4966
f 4985 4982 4983
f 4989 4925 4924
f 4989 4924 4982
f 4931 4925 4989
f 4985 4989 4982
f 4931 4989 4985
f 4990 4932 4931
f 4985 4990 4931
f 3659 3652 3642
f 3652 3659 4774
f 4991 4774 3659
f 4779 4774 4991
f 4789 4788 4779
f 4991 4992 4779
f 4779 4992 4789
f 4993 4991 3659
f 4993 3659 3660
f 4994 4993 3660
f 4995 4993 4994
f 4996 4992 4991
f 4993 4996 4991
f 4995 4996 4993
f 4995 4997 4996
f 4790 4789 4992
f 4996 4790 4992
f 4790 4998 4999
f 4790 4999 4793
f 4999 4821 4793
f 4821 4999 5000
f 4790 4996 4998
f 4999 4998 5000
f 4998 4996 4997
f 5001 4998 4997
f 5000 4998 5001
f 4821 5000 5002
f 5003 4820 5004
f 5004 4820 4821
f 5003 5004 5005
f 4822 4809 4820
f 4822 4820 5003
f 4822 5003 5005
f 5006 4822 5005
f 5006 4823 4822
f 4821 5002 5004
f 5004 5002 5005
f 5002 5006 5005
f 4832 4816 4823
f 5007 4823 5006
f 5007 4832 4823
f 4832 5008 4830
f 4866 4533 4178
f 4878 4533 4868
f 4533 4878 4536
f 4536 4878 5009
f 5009 4878 4877
f 4545 4536 5009
f 4545 5009 4550
f 4550 5009 5010
f 4877 4881 5009
f 5010 5009 4881
f 5010 4881 4893
f 5011 4550 5012
f 5012 5010 4893
f 4550 5010 5012
f 5013 5014 5012
f 5012 5014 5011
f 5014 5015 5011
f 4582 4548 4550
f 5011 4582 4550
f 5011 4585 4582
f 4585 4591 4586
f 5015 4585 5011
f 5012 4893 4920
f 5013 5012 4920
f 4922 5013 4920
f 4915 4580 4587
f 4922 5014 5013
f 5015 5014 5016
f 5017 5014 4922
f 5017 5016 5014
f 5018 5016 5017
f 4591 4585 5015
f 5015 5016 4591
f 5019 4591 5016
f 5018 5019 5016
f 4590 4591 4592
f 4591 5019 4592
f 5020 4922 4929
f 5021 5017 5020
f 5017 4922 5020
f 5021 5018 5017
f 4929 4930 5020
f 4933 5020 4930
f 4379 4386 4385
f 4379 4373 4407
f 4915 4926 4917
f 37 36 5022
f 5023 37 5022
f 5024 5023 5022
f 5022 5025 5024
f 5025 5026 5024
f 5027 5028 46
f 5029 45 46
f 45 5029 722
f 5030 722 5029
f 5030 5029 5028
f 5028 5029 46
f 5027 5031 5028
f 5028 5031 5032
f 5033 5030 5028
f 5033 5032 5034
f 5032 5033 5028
f 5023 46 37
f 5027 46 5023
f 476 48 5035
f 5024 5027 5023
f 5031 5027 5024
f 5036 5035 5037
f 5035 5036 5038
f 5026 5025 5039
f 5040 5026 5039
f 5024 5040 5031
f 5040 5024 5026
f 5041 5042 5040
f 5043 5040 5039
f 5044 5040 5043
f 5041 5045 5042
f 5041 5044 5046
f 5041 5040 5044
f 5047 5044 5043
f 5046 5044 5047
f 5031 5042 5048
f 5048 5032 5031
f 5048 5049 5032
f 5050 5051 5034
f 5050 5034 5032
f 5032 5049 5050
f 5052 5049 5048
f 5053 5048 5045
f 5045 5048 5042
f 5054 5053 5045
f 5055 5050 5052
f 5049 5052 5050
f 5052 5048 5053
f 5031 5040 5042
f 5046 5045 5041
f 5054 5045 5046
f 5047 5043 5056
f 5057 5047 5056
f 5058 5047 5057
f 5059 5060 5046
f 5061 5046 5062
f 5059 5046 5061
f 5047 5062 5046
f 5047 5061 5062
f 5061 5047 5058
f 5063 5058 5064
f 5065 5059 5061
f 5059 5065 5066
f 5063 5065 5061
f 5058 5063 5061
f 5067 5068 5052
f 5068 5055 5052
f 5069 5068 5067
f 5070 5067 5071
f 5067 5052 5053
f 5067 5053 5071
f 5054 5071 5053
f 5072 5071 5054
f 5054 5066 5073
f 5073 5072 5054
f 5074 5075 5070
f 5070 5071 5072
f 5074 5070 5072
f 5072 5073 5074
f 5074 5073 5076
f 5060 5054 5046
f 5054 5060 5066
f 5077 5078 5079
f 5066 5060 5059
f 5080 5073 5066
f 5066 5065 5080
f 5038 5078 5077
f 5081 5063 5082
f 5065 5063 5083
f 5084 5065 5083
f 5081 5083 5063
f 5085 5084 5083
f 5084 5085 5086
f 5083 5081 5085
f 5087 5085 5081
f 5085 5087 5088
f 5089 5080 5090
f 5091 5074 5076
f 5080 5089 5073
f 5073 5089 5076
f 5089 5092 5076
f 5089 5090 5086
f 5093 5089 5086
f 5093 5092 5089
f 5080 5065 5084
f 5090 5080 5084
f 5077 5094 5095
f 5086 5090 5084
f 5096 5097 5095
f 5096 5095 5098
f 5085 5088 5099
f 5100 5101 5102
f 5100 5102 5088
f 5102 5101 5103
f 5104 5093 5099
f 5105 5104 5099
f 5106 5104 5105
f 5099 5086 5085
f 5099 5093 5086
f 5099 5088 5105
f 5107 5108 5109
f 5107 5109 5096
f 5102 5110 5088
f 5110 5105 5088
f 5103 5111 5110
f 5102 5103 5110
f 5111 5108 5107
f 5103 5108 5111
f 5110 5106 5105
f 5112 5107 5096
f 5110 5113 5106
f 5110 5114 5113
f 5114 5110 5111
f 5111 5107 5115
f 5116 5117 5118
f 5119 5120 5118
f 562 272 5121
f 5122 562 5121
f 274 5123 272
f 5123 5121 272
f 5124 5121 5123
f 5125 5122 5121
f 5125 5121 5124
f 5125 5124 5126
f 5126 5124 5127
f 5128 5124 5123
f 5129 5124 5128
f 5127 5124 5129
f 5129 5128 5130
f 5130 5131 5132
f 5130 5123 274
f 5128 5123 5130
f 5130 274 5131
f 278 5131 274
f 278 298 5131
f 5132 5131 298
f 5133 5130 5132
f 5134 5132 5135
f 5133 5132 5134
f 5136 5130 5133
f 5117 5125 5126
f 5126 5118 5117
f 5118 5127 5137
f 5118 5126 5127
f 5130 5136 5129
f 5137 5127 5129
f 5129 5136 5137
f 5138 5118 5137
f 5137 5136 5139
f 5139 5140 5138
f 5138 5137 5139
f 5133 5134 5136
f 5136 5134 5141
f 5139 5136 5141
f 5141 5140 5139
f 5141 5142 5140
f 5143 5140 5142
f 5142 5144 5143
f 5145 5146 5144
f 5144 5142 5145
f 5143 5144 5147
f 5148 298 280
f 5135 298 5148
f 298 5135 5132
f 5149 5135 5148
f 5148 280 294
f 294 297 5148
f 5149 5148 297
f 5134 5135 5149
f 5150 5134 5149
f 5150 5151 5152
f 5151 5153 5152
f 5153 5154 5145
f 5155 5156 5157
f 5145 5154 5157
f 5157 5156 5158
f 303 5159 302
f 297 302 5159
f 5159 5149 297
f 5159 303 304
f 5160 5159 304
f 304 306 5160
f 5159 5160 5149
f 5151 5149 5160
f 1653 5155 5161
f 1653 578 5155
f 5151 5150 5149
f 5151 5160 5153
f 5157 5161 5155
f 5154 5161 5157
f 5141 5134 5150
f 5150 5152 5141
f 5141 5152 5142
f 5142 5152 5153
f 5145 5142 5153
f 5146 5145 5158
f 5158 5156 5146
f 5145 5157 5158
f 5119 5118 5138
f 5140 5119 5138
f 431 5162 5163
f 5164 426 425
f 5165 5164 425
f 5164 5166 426
f 5167 5168 5169
f 5170 5164 5165
f 5168 5164 5171
f 5169 5171 5170
f 5171 5164 5170
f 5169 5168 5171
f 430 425 424
f 5165 425 430
f 5163 430 431
f 430 5172 5165
f 5170 5165 5172
f 5172 430 5163
f 5172 5163 5173
f 5174 5173 5175
f 5176 5174 5177
f 5178 5176 5177
f 5167 5169 5179
f 5169 5170 5180
f 5179 5169 5180
f 5181 5179 5180
f 5182 5181 5183
f 5056 5182 5183
f 5184 5056 5183
f 5180 5185 5181
f 5182 5179 5181
f 5181 5186 5183
f 5170 5187 5180
f 5187 5170 5172
f 5185 5180 5187
f 5174 5187 5172
f 5173 5174 5172
f 5176 5187 5174
f 5187 5176 5185
f 5188 5185 5176
f 5188 5181 5185
f 452 5162 449
f 5162 431 449
f 5189 5190 452
f 5190 5173 5162
f 5163 5162 5173
f 5173 5190 5191
f 452 5190 5162
f 452 451 456
f 456 5192 452
f 456 457 5122
f 5122 457 562
f 456 5122 5192
f 5189 452 5192
f 5193 5189 5192
f 5193 5192 5125
f 5125 5192 5122
f 460 459 479
f 5194 460 479
f 479 5195 5194
f 5196 460 5194
f 5197 458 460
f 458 5197 5198
f 5197 460 5196
f 5191 5190 5189
f 5175 5173 5191
f 5175 5191 5199
f 5200 5175 5199
f 5175 5200 5177
f 5177 5174 5175
f 5189 5199 5191
f 5199 5116 5201
f 5201 5200 5199
f 5202 5200 5201
f 5178 5177 5200
f 5116 5189 5193
f 5116 5199 5189
f 5117 5193 5125
f 5193 5117 5116
f 5197 5203 5198
f 5197 5204 5203
f 5120 5201 5116
f 5120 5116 5118
f 5204 5205 5203
f 5205 5206 5203
f 5196 5194 5207
f 5204 5207 5208
f 5209 5207 5194
f 5209 5194 5210
f 5204 5197 5196
f 5204 5196 5207
f 5166 471 426
f 5166 5211 471
f 5211 36 471
f 5022 36 5211
f 5022 5211 5166
f 5212 5022 5166
f 5168 5212 5166
f 5168 5166 5164
f 5025 5022 5212
f 5167 5212 5168
f 5167 5025 5212
f 477 5213 474
f 5195 474 5213
f 5214 477 476
f 476 5035 5214
f 5038 5214 5035
f 5167 5039 5025
f 5167 5182 5039
f 5182 5167 5179
f 5215 477 5214
f 5216 5215 5214
f 5056 5039 5182
f 5056 5043 5039
f 5210 5213 5215
f 5195 5213 5210
f 5210 5194 5195
f 5215 5213 477
f 5217 5215 5218
f 5215 5217 5210
f 5210 5217 5209
f 5216 5218 5215
f 5216 5214 5038
f 474 479 472
f 5195 479 474
f 5219 5220 5178
f 5221 5222 5219
f 5221 5219 5223
f 5186 5181 5188
f 5186 5224 5225
f 5064 5057 5184
f 5184 5183 5186
f 5184 5186 5226
f 5226 5186 5225
f 5184 5226 5064
f 5064 5226 5227
f 5228 5227 5226
f 5228 5226 5225
f 5188 5220 5224
f 5220 5219 5224
f 5186 5188 5224
f 5220 5176 5178
f 5220 5188 5176
f 5229 5209 5217
f 5225 5224 5228
f 5222 5228 5224
f 5222 5224 5219
f 5230 5229 5231
f 5231 5232 5230
f 5233 5221 5223
f 5087 5082 5227
f 5227 5228 5234
f 5234 5235 5236
f 5235 5237 5236
f 5234 5087 5227
f 5221 5228 5222
f 5238 5234 5221
f 5239 5233 5240
f 5240 5241 5239
f 5238 5221 5233
f 5239 5238 5233
f 5237 5238 5239
f 5242 5237 5239
f 5239 5241 5242
f 5228 5221 5234
f 5243 5230 5232
f 5242 5243 5232
f 5235 5234 5238
f 5238 5237 5235
f 5237 5242 5244
f 5178 5202 5245
f 5178 5200 5202
f 5245 5219 5178
f 5223 5219 5245
f 5246 5223 5245
f 5243 5247 5248
f 5202 5201 5120
f 5119 5202 5120
f 5249 5119 5250
f 5119 5245 5202
f 5249 5250 5251
f 5250 5140 5143
f 5252 5206 5253
f 5140 5250 5119
f 5250 5252 5251
f 5250 5143 5252
f 5208 5253 5205
f 5248 5253 5208
f 5206 5205 5253
f 5119 5249 5246
f 5246 5245 5119
f 5240 5249 5247
f 5240 5246 5249
f 5249 5251 5247
f 5251 5252 5247
f 5247 5252 5253
f 5247 5253 5248
f 5209 5208 5207
f 5229 5208 5209
f 5230 5208 5229
f 5243 5248 5230
f 5248 5208 5230
f 5205 5204 5208
f 5246 5233 5223
f 5246 5240 5233
f 5240 5247 5241
f 5241 5247 5243
f 5241 5243 5242
f 5184 5057 5056
f 5064 5058 5057
f 5064 5082 5063
f 5254 5218 5255
f 5254 5255 5097
f 5229 5217 5231
f 5231 5217 5218
f 5255 5218 5038
f 5038 5218 5216
f 5077 5255 5038
f 5077 5097 5255
f 5064 5227 5082
f 5218 5254 5256
f 5257 5254 5097
f 5257 5256 5254
f 5087 5081 5082
f 5234 5236 5087
f 5244 5257 5258
f 5237 5244 5258
f 5259 5258 5257
f 5258 5259 5260
f 5257 5097 5259
f 5259 5097 5109
f 5261 5231 5218
f 5256 5231 5261
f 5256 5261 5218
f 5232 5231 5256
f 5244 5232 5257
f 5242 5232 5244
f 5257 5232 5256
f 5095 5097 5077
f 5109 5097 5096
f 457 455 562
f 5198 563 565
f 563 5198 5262
f 5263 563 5262
f 575 567 566
f 563 5263 566
f 5264 566 5263
f 575 566 5264
f 575 5264 5156
f 5198 565 458
f 5265 5262 5206
f 5198 5203 5262
f 5206 5262 5203
f 5206 5147 5265
f 5147 5144 5265
f 5262 5265 5264
f 5263 5262 5264
f 5146 5265 5144
f 5265 5146 5264
f 5146 5156 5264
f 579 569 575
f 579 575 5156
f 5155 579 5156
f 579 5155 578
f 5252 5143 5147
f 5252 5147 5206
f 5260 5237 5258
f 5100 5088 5087
f 5087 5236 5100
f 5236 5237 5101
f 5237 5260 5101
f 5260 5109 5108
f 5260 5259 5109
f 5101 5100 5236
f 5260 5103 5101
f 5108 5103 5260
f 5266 686 721
f 5267 686 5266
f 5267 5266 5268
f 5268 5266 5269
f 5270 5268 5269
f 5271 691 5272
f 691 684 686
f 5272 686 5267
f 691 686 5272
f 752 688 691
f 5273 752 691
f 5274 5271 5272
f 5274 5267 5268
f 5274 5272 5267
f 5271 5273 691
f 5275 752 5273
f 5276 5275 5273
f 5276 5271 5274
f 5276 5273 5271
f 5277 5268 5270
f 5277 5270 5278
f 5279 5055 5280
f 5278 5055 5279
f 5280 5055 5281
f 5282 5283 5278
f 5279 5282 5278
f 5279 5280 5282
f 5282 5280 5284
f 5285 5276 5274
f 5277 5274 5268
f 5277 5285 5274
f 5283 5277 5278
f 5283 5285 5277
f 5276 5285 5286
f 5286 5285 5287
f 5286 5287 5288
f 5289 5287 5285
f 5284 5289 5283
f 5290 5287 5289
f 5289 5285 5283
f 5282 5284 5283
f 5291 5288 5287
f 5290 5291 5287
f 5292 722 5030
f 5292 718 722
f 721 718 5292
f 5293 721 5292
f 5293 5292 5030
f 5033 5293 5030
f 721 5293 5266
f 723 725 5294
f 5033 5269 5293
f 5269 5033 5034
f 5293 5269 5266
f 5037 723 5294
f 5035 48 723
f 5035 723 5037
f 5036 5037 5294
f 5036 5294 5295
f 725 5296 5294
f 727 5296 725
f 727 5297 5296
f 5296 5295 5294
f 5034 5051 5269
f 5051 5270 5269
f 5055 5278 5051
f 5051 5050 5055
f 5051 5278 5270
f 5298 5036 5301
f 5303 5304 5036
f 5079 5078 5036
f 5078 5038 5036
f 5297 5305 5296
f 5296 5305 5295
f 5306 5295 5305
f 5305 5297 5307
f 5306 5305 5308
f 754 753 5309
f 5309 753 5310
f 5311 5309 5310
f 5275 5312 5310
f 5313 5312 5275
f 5312 5311 5310
f 5314 5311 5312
f 5315 5309 5311
f 5314 5315 5311
f 5310 751 752
f 5310 752 5275
f 753 751 5310
f 5316 729 728
f 728 769 5316
f 5276 5313 5275
f 727 729 5316
f 5307 727 5316
f 727 5307 5297
f 5317 5307 5316
f 5318 760 5309
f 754 5309 760
f 5318 762 760
f 5320 765 761
f 5318 5319 762
f 5318 5309 5315
f 5315 5321 5318
f 5321 5322 5318
f 5322 5319 5318
f 5323 5322 5321
f 5319 5322 5324
f 5325 5324 5322
f 5326 769 768
f 5326 5316 769
f 767 5326 768
f 5327 5316 5326
f 767 5327 5326
f 5328 5313 5288
f 5329 5314 5313
f 5314 5312 5313
f 5329 5330 5314
f 5313 5328 5329
f 5291 5328 5288
f 5331 5329 5328
f 5332 5333 5330
f 5330 5329 5332
f 5276 5286 5313
f 5288 5313 5286
f 5334 5307 5317
f 5307 5308 5305
f 5307 5334 5308
f 5317 5335 5334
f 5330 5323 5336
f 5337 5323 5330
f 5336 5315 5314
f 5336 5321 5315
f 5336 5323 5321
f 5330 5336 5314
f 5322 5323 5325
f 5323 5337 5325
f 5338 5339 5325
f 5337 5338 5325
f 5330 5333 5337
f 5333 5340 5337
f 5337 5341 5338
f 5341 5337 5340
f 5342 5338 5341
f 5343 5341 5340
f 5343 5342 5341
f 5338 5342 5344
f 5316 5327 5317
f 5317 5327 5345
f 5345 5335 5317
f 5346 5334 5335
f 5335 5345 5347
f 5348 5335 5347
f 5069 5349 5281
f 5349 5280 5281
f 5349 5284 5280
f 5350 5284 5349
f 5069 5351 5349
f 5350 5349 5351
f 5351 5352 5353
f 5351 5353 5350
f 5353 5354 5350
f 5284 5290 5289
f 5355 5290 5350
f 5284 5350 5290
f 5291 5290 5356
f 5357 5290 5358
f 5358 5290 5355
f 5357 5356 5290
f 5359 5356 5357
f 5350 5354 5355
f 5360 5355 5354
f 5360 5354 5353
f 5358 5355 5361
f 5358 5359 5357
f 5359 5358 5362
f 5362 5358 5361
f 5363 5353 5352
f 5360 5353 5363
f 5364 5360 5363
f 5361 5355 5360
f 5360 5365 5361
f 5366 5362 5361
f 5366 5361 5365
f 5365 5367 5366
f 5360 5368 5365
f 5369 5368 5370
f 5368 5360 5364
f 5364 5371 5368
f 5370 5368 5371
f 5372 5365 5369
f 5372 5367 5365
f 5369 5365 5368
f 5068 5281 5055
f 5069 5281 5068
f 5067 5070 5069
f 5069 5070 5075
f 5069 5075 5352
f 5351 5069 5352
f 5091 5075 5074
f 5352 5075 5091
f 5036 5304 5079
f 5079 5304 5373
f 5094 5077 5079
f 5094 5079 5374
f 5373 5374 5079
f 5374 5373 5375
f 5373 5306 5375
f 5308 5375 5306
f 5375 5308 5376
f 5346 5376 5308
f 5092 5091 5076
f 5377 5352 5091
f 5377 5091 5092
f 5377 5363 5352
f 5364 5363 5377
f 5093 5377 5092
f 5378 5379 5380
f 5380 5377 5093
f 5378 5380 5093
f 5377 5380 5364
f 5379 5364 5380
f 5379 5371 5364
f 5095 5094 5374
f 5381 5374 5375
f 5098 5095 5374
f 5098 5374 5381
f 5376 5381 5375
f 5328 5291 5356
f 5382 5328 5356
f 5359 5382 5356
f 5382 5331 5328
f 5331 5382 5359
f 5329 5331 5332
f 5331 5383 5332
f 5384 5331 5359
f 5385 5384 5359
f 5384 5383 5331
f 5386 5383 5384
f 5308 5334 5346
f 5385 5359 5362
f 5333 5332 5340
f 5387 5343 5340
f 5387 5340 5332
f 5383 5387 5332
f 5383 5388 5387
f 5389 5342 5343
f 5343 5387 5388
f 5343 5388 5389
f 5390 5388 5386
f 5386 5388 5383
f 5391 5389 5388
f 5391 5392 5389
f 5391 5388 5390
f 5393 5392 5391
f 5394 5346 5335
f 5394 5335 5348
f 5394 5395 5346
f 5396 5385 5366
f 5397 5385 5396
f 5398 5384 5397
f 5386 5384 5398
f 5399 5386 5398
f 5385 5397 5384
f 5400 5398 5397
f 5401 5399 5398
f 5396 5402 5397
f 5402 5400 5397
f 5398 5400 5401
f 5400 5402 5403
f 5400 5403 5404
f 5366 5385 5362
f 5367 5396 5366
f 5405 5376 5346
f 5396 5367 5402
f 5402 5367 5372
f 5402 5372 5369
f 5386 5399 5390
f 5401 5390 5399
f 5406 5391 5390
f 5407 5406 5390
f 5400 5408 5401
f 5409 5408 5400
f 5408 5390 5401
f 5408 5407 5390
f 5410 5407 5408
f 5409 5410 5408
f 5410 5409 5411
f 5411 5407 5410
f 5395 5394 5412
f 5394 5413 5412
f 5405 5395 5414
f 5381 5376 5415
f 5376 5414 5415
f 5376 5405 5414
f 5416 5417 5418
f 5417 5416 5420
f 5421 5422 5423
f 5421 5424 5422
f 5421 5419 5424
f 5417 5420 5425
f 5425 5427 5417
f 5421 5426 5419
f 5428 5427 5425
f 5428 5430 5427
f 5431 5432 5421
f 5421 5432 5433
f 5433 5426 5421
f 5426 5433 5434
f 5435 5429 5426
f 5434 5435 5426
f 5436 5433 5432
f 5434 5433 5436
f 5437 5435 5434
f 5427 5438 5417
f 5430 5438 5427
f 5439 5438 5430
f 5439 5440 5441
f 5439 5441 5438
f 5440 5442 5443
f 5440 5439 5442
f 5444 5445 5446
f 5442 5444 5443
f 5447 5430 5428
f 5430 5447 5449
f 5430 5449 5439
f 5450 5439 5449
f 5450 5442 5439
f 5451 5450 5449
f 5452 5450 5451
f 5435 5448 5429
f 5447 5451 5449
f 5437 5448 5435
f 5451 5447 5454
f 5448 5437 5453
f 5454 5455 5451
f 5455 5452 5451
f 5458 5452 5455
f 5459 5442 5450
f 5459 5444 5442
f 5460 5459 5450
f 5460 5461 5459
f 5444 5459 5462
f 5462 5445 5444
f 5459 5461 5462
f 5452 5460 5450
f 5458 5460 5452
f 5463 5464 5460
f 5458 5463 5460
f 5460 5464 5461
f 5461 5464 5465
f 5466 5461 5465
f 5464 5463 5465
f 5467 5465 5463
f 5468 5466 5465
f 5431 5469 5470
f 5469 5471 5470
f 5469 5472 5471
f 5432 5431 5470
f 5473 5432 5470
f 5473 5436 5432
f 5437 5434 5436
f 5437 5436 5473
f 5471 5473 5470
f 5474 5473 5471
f 5474 5471 5475
f 5476 5437 5473
f 5473 5474 5476
f 5474 5477 5476
f 5475 5471 5472
f 5478 5475 5472
f 5478 5479 5475
f 5480 5479 5478
f 5474 5475 5477
f 5479 5477 5475
f 5481 5477 5479
f 5482 5476 5477
f 5481 5482 5477
f 5480 5481 5479
f 5483 5482 5481
f 5484 5483 5481
f 5485 5453 5437
f 5485 5437 5486
f 5487 5485 5486
f 5453 5485 5456
f 5487 5457 5456
f 5485 5487 5456
f 5486 5488 5487
f 5488 5457 5487
f 5486 5437 5476
f 5489 5486 5476
f 5486 5489 5490
f 5490 5488 5486
f 5490 5492 5488
f 5491 5463 5458
f 5491 5467 5463
f 5492 5457 5488
f 5493 5467 5491
f 5495 5467 5493
f 5495 5465 5467
f 5490 5494 5492
f 5496 5494 5490
f 5497 5494 5496
f 5495 5493 5498
f 5495 5498 5500
f 5497 5499 5494
f 5498 5501 5500
f 5476 5482 5489
f 5489 5482 5503
f 5503 5504 5489
f 5504 5490 5489
f 5490 5504 5505
f 5490 5505 5496
f 5504 5503 5506
f 5506 5505 5504
f 5483 5507 5503
f 5482 5483 5503
f 5508 5507 5483
f 5507 5506 5503
f 5509 5506 5507
f 5505 5506 5510
f 5510 5506 5509
f 5507 5508 5509
f 5497 5496 5511
f 5510 5496 5505
f 5511 5496 5510
f 5512 5497 5511
f 5502 5499 5497
f 5512 5502 5497
f 5511 5510 5513
f 5514 5510 5509
f 5515 5510 5514
f 5515 5513 5510
f 5513 5512 5511
f 5513 5516 5512
f 5517 5512 5516
f 5512 5517 5518
f 5516 5513 5515
f 5519 887 5320
f 5519 5320 5520
f 5320 887 765
f 886 887 5522
f 886 5522 895
f 887 5519 5522
f 5324 5521 5319
f 5524 5519 5520
f 5519 5524 5522
f 5416 5522 5524
f 5525 5523 5526
f 5525 5528 5523
f 5524 5527 5416
f 5529 5530 767
f 767 766 904
f 5327 767 5530
f 5531 895 5522
f 5531 896 895
f 5532 896 5531
f 5531 5522 5416
f 5532 5531 5416
f 5532 5416 5533
f 5529 904 5534
f 896 5532 899
f 933 897 899
f 5533 899 5532
f 933 899 5533
f 5418 933 5533
f 5534 904 905
f 5416 5527 5420
f 767 5535 5529
f 767 904 5535
f 904 5529 5535
f 5418 5533 5416
f 5418 5417 5438
f 5536 5537 5534
f 905 5536 5534
f 905 904 901
f 5339 5521 5324
f 5325 5339 5324
f 5523 5521 5526
f 5339 5526 5521
f 5338 5526 5339
f 5526 5338 5423
f 5525 5424 5528
f 5526 5422 5525
f 5423 5422 5526
f 5422 5424 5525
f 5338 5344 5423
f 5538 5344 5342
f 5538 5423 5344
f 5539 5347 5345
f 5421 5423 5431
f 5540 5431 5423
f 5538 5540 5423
f 5541 5347 5539
f 5539 5327 5530
f 5345 5327 5539
f 5419 5528 5424
f 5529 5539 5530
f 5539 5529 5537
f 5542 5539 5537
f 5529 5534 5537
f 5541 5539 5542
f 5542 5537 5543
f 5544 5542 5543
f 934 900 933
f 5438 934 933
f 5441 934 5438
f 935 934 5545
f 934 5441 5545
f 5440 5545 5441
f 933 5418 5438
f 905 5546 5536
f 5546 905 937
f 937 905 902
f 935 5545 943
f 5443 943 5545
f 5443 5545 5440
f 5443 944 943
f 945 944 2984
f 5443 2984 944
f 948 5546 937
f 2984 5443 5446
f 5443 5444 5446
f 5546 948 5547
f 5548 5546 5547
f 937 936 948
f 5537 5536 5549
f 5543 5537 5549
f 5550 5544 5543
f 5543 5549 5551
f 5546 5548 5536
f 5536 5548 5552
f 5536 5552 5549
f 5551 5549 5552
f 5552 5553 5551
f 5540 5538 5342
f 5389 5540 5342
f 5389 5392 5540
f 5469 5540 5392
f 5554 5394 5348
f 5469 5431 5540
f 5348 5347 5541
f 5554 5348 5541
f 5469 5392 5393
f 5472 5469 5393
f 5555 5472 5393
f 5554 5541 5556
f 5557 5554 5556
f 5542 5544 5541
f 5556 5541 5544
f 5558 5556 5544
f 5557 5556 5558
f 5406 5393 5391
f 5555 5393 5406
f 5406 5407 5559
f 5559 5555 5406
f 5478 5472 5555
f 5559 5478 5555
f 5560 5559 5407
f 5560 5478 5559
f 5561 5560 5407
f 5562 5560 5561
f 5562 5478 5560
f 5562 5480 5478
f 5554 5413 5394
f 5554 5557 5413
f 5563 5412 5413
f 5557 5564 5413
f 5557 5558 5565
f 5481 5480 5562
f 5566 5481 5562
f 5550 5543 5551
f 5550 5558 5544
f 5567 5558 5550
f 5550 5568 5567
f 5551 5568 5550
f 5551 5569 5568
f 5551 5553 5569
f 5565 5558 5567
f 5565 5567 5570
f 5567 5568 5571
f 5570 5567 5571
f 5571 5568 5569
f 5572 5573 5571
f 5573 5570 5571
f 5574 5371 5379
f 5575 5371 5574
f 5370 5371 5575
f 5575 5576 5370
f 5370 5576 5369
f 5577 5402 5369
f 5577 5369 5576
f 5578 5577 5576
f 5575 5574 5579
f 5580 5575 5579
f 5575 5578 5576
f 5581 5578 5580
f 5580 5578 5575
f 5582 5583 5579
f 5583 5580 5579
f 5581 5580 5583
f 5583 5584 5581
f 5583 5582 5585
f 5585 5586 5583
f 5587 5585 5588
f 5589 5378 5104
f 5378 5093 5104
f 5574 5379 5378
f 5590 5098 5381
f 5590 5591 5098
f 5589 5104 5106
f 5592 5589 5106
f 5589 5574 5378
f 5579 5574 5589
f 5592 5579 5589
f 5591 5593 5098
f 5594 5593 5591
f 5112 5096 5098
f 5593 5112 5098
f 5112 5593 5107
f 5115 5107 5593
f 5590 5381 5415
f 5415 5595 5590
f 5596 5590 5595
f 5591 5590 5596
f 5106 5113 5592
f 5597 5592 5113
f 5582 5592 5597
f 5113 5114 5597
f 5598 5115 5593
f 5598 5593 5594
f 5114 5111 5115
f 5114 5115 5598
f 5582 5579 5592
f 5594 5596 5599
f 5598 5594 5599
f 5594 5591 5596
f 5588 5597 5114
f 5598 5588 5114
f 5585 5582 5597
f 5588 5585 5597
f 5598 5600 5588
f 5599 5601 5598
f 5598 5601 5600
f 5587 5588 5600
f 5601 5602 5600
f 5603 5403 5402
f 5604 5403 5603
f 5577 5603 5402
f 5605 5603 5577
f 5578 5581 5577
f 5581 5605 5577
f 5605 5604 5603
f 5606 5604 5605
f 5581 5607 5605
f 5607 5606 5605
f 5404 5409 5400
f 5608 5409 5404
f 5604 5404 5403
f 5608 5404 5604
f 5609 5411 5608
f 5608 5411 5409
f 5608 5604 5610
f 5604 5606 5610
f 5611 5608 5610
f 5609 5608 5611
f 5612 5611 5610
f 5613 5609 5611
f 5614 5414 5395
f 5615 5395 5412
f 5614 5395 5615
f 5616 5614 5615
f 5617 5615 5412
f 5616 5618 5614
f 5619 5616 5615
f 5619 5615 5617
f 5607 5620 5606
f 5584 5607 5581
f 5621 5607 5584
f 5620 5607 5621
f 5586 5584 5583
f 5587 5586 5585
f 5587 5600 5602
f 5601 5622 5602
f 5584 5623 5621
f 5586 5623 5584
f 5620 5610 5606
f 5612 5610 5620
f 5624 5612 5620
f 5613 5611 5612
f 5625 5613 5612
f 5624 5625 5612
f 5626 5625 5624
f 5627 5625 5626
f 5618 5616 5619
f 5623 5624 5621
f 5621 5624 5620
f 5618 5628 5629
f 5628 5618 5619
f 5628 5622 5629
f 5628 5619 5630
f 5595 5415 5414
f 5595 5414 5614
f 5618 5595 5614
f 5618 5596 5595
f 5629 5599 5596
f 5629 5596 5618
f 5601 5599 5629
f 5622 5601 5629
f 5631 5586 5587
f 5632 5631 5587
f 5632 5587 5602
f 5631 5623 5586
f 5602 5633 5632
f 5602 5622 5633
f 5623 5626 5624
f 5631 5632 5634
f 5622 5635 5633
f 5636 5632 5633
f 5635 5636 5633
f 5636 5634 5632
f 5635 5637 5636
f 5638 5626 5623
f 5631 5634 5623
f 5628 5639 5622
f 5639 5628 5630
f 5622 5639 5635
f 5640 5634 5636
f 5637 5640 5636
f 5484 5481 5566
f 5484 5641 5642
f 5483 5484 5508
f 5642 5508 5484
f 5642 5643 5508
f 5643 5509 5508
f 5643 5514 5509
f 5644 5514 5643
f 5643 5645 5644
f 5645 5643 5642
f 5646 5645 5642
f 5647 5645 5646
f 5644 5645 5648
f 5649 5645 5647
f 5650 5648 5645
f 5650 5645 5649
f 5514 5644 5515
f 5648 5515 5644
f 5651 5515 5648
f 5651 5652 5515
f 5515 5652 5516
f 5653 5517 5516
f 5516 5652 5654
f 5654 5653 5516
f 5650 5651 5648
f 5655 5654 5652
f 5651 5655 5652
f 5651 5656 5655
f 5657 5656 5650
f 5656 5651 5650
f 5658 5655 5656
f 5659 5658 5656
f 5411 5660 5407
f 5561 5407 5660
f 5566 5562 5661
f 5661 5562 5561
f 5660 5661 5561
f 5662 5661 5660
f 5641 5566 5661
f 5660 5411 5609
f 5609 5613 5660
f 5662 5660 5663
f 5641 5661 5662
f 5641 5662 5663
f 5660 5664 5663
f 5412 5563 5617
f 5564 5563 5413
f 5617 5563 5665
f 5617 5665 5619
f 5666 5563 5564
f 5665 5563 5666
f 5641 5484 5566
f 5667 5557 5565
f 5668 5641 5663
f 5641 5668 5642
f 5642 5668 5646
f 5564 5557 5667
f 5666 5564 5667
f 5625 5664 5660
f 5625 5660 5613
f 5669 5664 5625
f 5670 5663 5664
f 5671 5670 5664
f 5671 5664 5669
f 5625 5627 5669
f 5672 5669 5627
f 5673 5671 5669
f 5673 5669 5672
f 5630 5619 5665
f 5665 5674 5630
f 5670 5668 5663
f 5675 5668 5670
f 5670 5671 5675
f 5676 5646 5668
f 5675 5676 5668
f 5675 5671 5673
f 5677 5675 5678
f 5675 5673 5678
f 5675 5677 5679
f 5666 5667 5680
f 5674 5665 5666
f 5674 5666 5680
f 5681 5674 5680
f 5570 5667 5565
f 5682 5570 5683
f 5667 5570 5682
f 5684 5682 5683
f 5685 5570 5573
f 5685 5683 5570
f 5646 5676 5647
f 5647 5676 5679
f 5686 5649 5647
f 5675 5679 5676
f 5647 5679 5686
f 5686 5679 5687
f 5649 5686 5687
f 5688 5687 5679
f 5677 5688 5679
f 5688 5689 5687
f 5690 5649 5687
f 5689 5691 5687
f 5691 5690 5687
f 5680 5667 5682
f 5680 5682 5684
f 5692 5680 5684
f 5692 5684 5693
f 5650 5649 5657
f 5690 5657 5649
f 5659 5656 5657
f 5694 5657 5690
f 5659 5657 5694
f 5694 5690 5691
f 5695 5659 5694
f 5696 5695 5694
f 5684 5683 5685
f 5685 5693 5684
f 5693 5697 5698
f 5626 5638 5627
f 5672 5627 5638
f 5638 5699 5672
f 5700 5699 5638
f 5638 5701 5700
f 5635 5639 5702
f 5630 5703 5639
f 5674 5703 5630
f 5702 5639 5703
f 5635 5702 5637
f 5638 5623 5634
f 5704 5640 5637
f 5704 5637 5702
f 5640 5704 5634
f 5638 5634 5701
f 5701 5634 5704
f 5705 5701 5704
f 5706 5705 5704
f 5706 5704 5702
f 5672 5699 5673
f 5673 5699 5678
f 5700 5678 5699
f 5707 5677 5678
f 5707 5678 5700
f 5700 5701 5708
f 5703 5674 5709
f 5674 5681 5709
f 5710 5709 5681
f 5710 5703 5709
f 5703 5710 5711
f 5706 5702 5711
f 5703 5711 5702
f 5701 5705 5712
f 5706 5711 5713
f 5714 5705 5706
f 5714 5706 5713
f 5713 5711 5710
f 5688 5677 5689
f 5689 5677 5707
f 5689 5707 5715
f 5716 5715 5707
f 5715 5717 5689
f 5717 5691 5689
f 5715 5718 5717
f 5716 5707 5700
f 5708 5716 5700
f 5716 5719 5715
f 5681 5680 5692
f 5713 5710 5720
f 5721 5710 5681
f 5720 5710 5721
f 5691 5717 5694
f 5717 5696 5694
f 5718 5696 5717
f 5722 5695 5696
f 5718 5722 5696
f 5723 5724 5722
f 5719 5718 5715
f 5723 5718 5719
f 5723 5722 5718
f 5723 5725 5724
f 5692 5693 5681
f 5693 5698 5681
f 5721 5681 5698
f 5701 5712 5708
f 5705 5714 5712
f 5716 5708 5726
f 5719 5716 5726
f 5712 5726 5708
f 5727 5712 5714
f 5727 5726 5712
f 5713 5728 5714
f 5727 5729 5726
f 5725 5723 5726
f 5719 5726 5723
f 5729 5725 5726
f 5714 5730 5727
f 5729 5727 5731
f 5720 5721 5732
f 5728 5713 5720
f 5728 5720 5732
f 5732 5721 5733
f 5732 5733 5734
f 5728 5732 5734
f 5730 5714 5728
f 5301 5036 5295
f 5302 5299 5300
f 5303 5301 5295
f 5303 5295 5304
f 5303 5036 5735
f 5036 5298 5735
f 5299 5302 5736
f 5295 5306 5304
f 5304 5306 5373
f 5405 5346 5395
f 5153 5160 5737
f 306 5737 5160
f 5154 5153 5738
f 1658 306 1652
f 5737 306 1658
f 1659 5737 1658
f 5161 5154 5738
f 1762 576 1653
f 1653 5739 1762
f 1653 5161 5739
f 5739 5161 5738
f 5737 1659 1671
f 1671 5153 5737
f 1671 5738 5153
f 1659 1664 1671
f 1669 1667 5739
f 5739 5738 1669
f 5739 1667 1762
f 1671 1672 5738
f 1672 1669 5738
f 5740 5446 5445
f 5740 5741 5446
f 5742 5740 5743
f 5462 5740 5445
f 5462 5461 5744
f 5461 5466 5744
f 5745 5743 5740
f 5746 5743 5745
f 5745 5740 5462
f 5744 5745 5462
f 5745 5744 5747
f 5748 5746 5745
f 5749 5746 5748
f 5750 5744 5466
f 5747 5744 5750
f 5468 5750 5466
f 5468 5747 5750
f 5468 5751 5747
f 5747 5751 5752
f 5752 5745 5747
f 5753 5748 5745
f 5745 5752 5753
f 5752 5754 5753
f 5749 5742 5743
f 5746 5749 5743
f 5755 5756 5749
f 5757 5755 5749
f 5757 5749 5748
f 5753 5757 5748
f 5757 5753 5758
f 5759 5757 5758
f 5759 5755 5757
f 5760 5761 5755
f 5759 5760 5755
f 5760 5759 5762
f 5762 5763 5760
f 5760 5764 5765
f 5760 5763 5764
f 5495 5468 5465
f 5495 5751 5468
f 5754 5752 5751
f 5766 5754 5751
f 5753 5754 5767
f 5754 5766 5768
f 5768 5767 5754
f 5495 5500 5751
f 5500 5766 5751
f 5501 5769 5500
f 5769 5766 5500
f 5770 5767 5768
f 5770 5771 5767
f 5770 5768 5766
f 5770 5766 5769
f 5767 5758 5753
f 5759 5758 5762
f 5771 5758 5767
f 5771 5772 5758
f 5762 5758 5772
f 5763 5762 5772
f 5770 5773 5771
f 5771 5774 5772
f 5771 5773 5774
f 5518 5502 5512
f 5518 5775 5502
f 5769 5501 5776
f 5777 5770 5769
f 5769 5778 5777
f 5778 5769 5776
f 5778 5779 5777
f 5518 5781 5775
f 5781 5518 5782
f 5517 5653 5518
f 5782 5518 5653
f 5778 5776 5780
f 5784 5778 5780
f 5784 5780 5783
f 5777 5773 5770
f 5777 5779 5773
f 5785 5773 5779
f 5784 5785 5779
f 5774 5773 5785
f 5778 5784 5779
f 5785 5784 5786
f 5787 5788 5785
f 5785 5786 5787
f 5789 5786 5784
f 5790 5787 5786
f 5792 5763 5772
f 5763 5792 5793
f 5794 5795 5764
f 5764 5763 5793
f 5793 5794 5764
f 5774 5792 5772
f 5785 5792 5774
f 5785 5796 5792
f 5792 5796 5793
f 5797 5793 5796
f 5788 5796 5785
f 5798 5796 5788
f 5798 5797 5796
f 5799 5798 5788
f 5787 5799 5788
f 5801 5799 5787
f 5802 5798 5799
f 5801 5802 5799
f 5798 5803 5804
f 5803 5798 5802
f 5446 5741 2984
f 2984 5741 5805
f 948 5806 5547
f 2986 2984 5807
f 2986 5807 2987
f 5807 2984 5805
f 5808 5807 5805
f 5740 5805 5741
f 5805 5740 5742
f 5808 5805 5742
f 5547 5806 5809
f 947 2990 948
f 5806 948 2990
f 5807 2994 2987
f 5807 5808 2994
f 5808 5810 2994
f 2995 2994 5810
f 5810 3014 2995
f 5811 3014 5810
f 3014 2996 2995
f 5808 5756 5810
f 5749 5756 5742
f 5742 5756 5808
f 5811 5810 5812
f 5756 5812 5810
f 5806 2990 5813
f 5813 2990 2991
f 5809 5806 5813
f 5814 5809 5813
f 5815 5548 5547
f 5548 5815 5552
f 5816 5552 5815
f 5815 5547 5809
f 5552 5816 5553
f 5817 5553 5816
f 5817 5816 5818
f 5816 5815 5818
f 5819 5815 5809
f 5812 5756 5761
f 5756 5755 5761
f 5820 5809 5814
f 5819 5809 5820
f 5821 5819 5820
f 5818 5815 5819
f 5822 5818 5819
f 5821 5822 5819
f 5823 3014 5811
f 3015 3014 5823
f 5823 5824 3015
f 5824 3016 3015
f 5824 3018 3016
f 3025 3018 5824
f 5825 3025 5824
f 5826 5824 5823
f 5823 5811 5826
f 5812 5827 5811
f 5812 5761 5827
f 5811 5827 5826
f 5827 5828 5826
f 5826 5825 5824
f 5813 2991 3023
f 5829 5813 3023
f 5813 5829 5814
f 5829 5830 5814
f 5831 3024 3025
f 5831 3025 5825
f 5828 5832 5826
f 5825 5826 5832
f 5833 5831 5825
f 5834 5831 5833
f 5833 5835 5834
f 5833 5825 5832
f 5832 5835 5833
f 5829 3023 5836
f 3034 3024 5831
f 5834 3034 5831
f 5837 5836 3092
f 5829 5836 5838
f 5837 5838 5836
f 5765 5827 5761
f 5761 5760 5765
f 5839 5828 5827
f 5765 5839 5827
f 5839 5765 5795
f 5821 5820 5840
f 5841 5839 5795
f 5764 5795 5765
f 5830 5840 5820
f 5814 5830 5820
f 5828 5839 5842
f 5828 5842 5832
f 5839 5841 5842
f 5843 5835 5832
f 5842 5843 5832
f 5844 5843 5842
f 5841 5844 5842
f 5794 5841 5795
f 5845 5843 5844
f 5846 5845 5844
f 5830 5829 5838
f 5847 5830 5838
f 5840 5830 5847
f 5838 5848 5847
f 5836 3023 3092
f 3023 3047 3092
f 5553 5817 5569
f 5569 5817 5849
f 5569 5849 5850
f 5849 5817 5851
f 5822 5817 5818
f 5822 5851 5817
f 5851 5852 5849
f 5571 5569 5850
f 5850 5572 5571
f 5852 5850 5849
f 5853 5850 5852
f 5572 5850 5853
f 5853 5854 5572
f 5855 5853 5852
f 5855 5854 5853
f 5855 5856 5854
f 5857 5821 5840
f 5822 5821 5857
f 5858 5822 5857
f 5858 5851 5822
f 5852 5851 5858
f 5859 5858 5857
f 5860 5794 5793
f 5860 5841 5794
f 5857 5840 5861
f 5857 5861 5862
f 5844 5841 5846
f 5841 5860 5846
f 5863 5846 5860
f 5797 5860 5793
f 5860 5797 5864
f 5859 5857 5862
f 5864 5863 5860
f 5865 5863 5864
f 5847 5861 5840
f 5861 5847 5848
f 5862 5866 5859
f 5858 5867 5852
f 5855 5852 5867
f 5867 5858 5859
f 5868 5867 5859
f 5868 5855 5867
f 5869 5855 5868
f 5797 5798 5804
f 5864 5797 5804
f 5859 5870 5868
f 5864 5804 5871
f 5871 5865 5864
f 5803 5871 5804
f 5872 5871 5803
f 5803 5802 5872
f 5868 5870 5873
f 5872 5802 5874
f 5875 5872 5874
f 5875 5871 5872
f 5876 5859 5866
f 5870 5859 5876
f 5873 5870 5877
f 5877 5870 5876
f 5878 5834 5835
f 5878 5835 5879
f 3033 3034 5880
f 5880 3057 3033
f 3034 5834 5880
f 5880 5834 5881
f 5881 3057 5880
f 5882 3059 3057
f 5881 5883 3057
f 5882 3057 5883
f 5878 5881 5834
f 5884 5881 5878
f 5883 5881 5884
f 5885 5883 5884
f 5883 5885 5886
f 5883 5886 5882
f 5884 5887 5885
f 5884 5888 5887
f 3059 5889 3102
f 5889 3059 5882
f 5889 5882 5886
f 5886 5890 5889
f 5891 5889 5890
f 3102 5889 5891
f 5892 5891 5890
f 5893 5886 5885
f 5893 5885 5894
f 5894 5885 5887
f 5888 5894 5887
f 5894 5895 5893
f 5893 5892 5886
f 5896 5892 5893
f 5890 5886 5892
f 5897 5891 5898
f 5898 5891 5892
f 5899 5897 5898
f 5898 5892 5900
f 5843 5879 5835
f 5901 5879 5843
f 5879 5901 5878
f 5901 5843 5902
f 5902 5843 5845
f 5903 5901 5904
f 5905 5903 5904
f 5904 5901 5902
f 5906 5905 5904
f 5907 5838 5837
f 5848 5838 5907
f 5878 5888 5884
f 5903 5878 5901
f 5878 5903 5888
f 5848 5907 5908
f 5905 5909 5903
f 5905 5906 5910
f 5888 5895 5894
f 5896 5893 5895
f 5909 5888 5903
f 5895 5909 5911
f 5888 5909 5895
f 5911 5896 5895
f 5912 5896 5911
f 5913 5900 5896
f 5912 5913 5896
f 5900 5892 5896
f 5905 5911 5909
f 5911 5905 5910
f 5914 5908 5915
f 5912 5916 5913
f 5911 5910 5912
f 5910 5917 5912
f 5918 5916 5912
f 5919 5837 3092
f 3092 3090 5920
f 5919 3092 5920
f 5837 5919 5921
f 5837 5921 5907
f 5920 3090 3093
f 5897 3103 3102
f 5897 3102 5891
f 5921 5919 5922
f 5920 5923 5919
f 5922 5919 5923
f 5920 3093 3122
f 5907 5921 5915
f 5921 5922 5915
f 5915 5922 5924
f 5908 5907 5915
f 5899 5925 5897
f 5900 5899 5898
f 5926 5925 5899
f 5927 5926 5899
f 5928 5899 5900
f 5928 5900 5913
f 5927 5899 5928
f 5929 5927 5928
f 5929 5930 5927
f 5916 5918 5931
f 5916 5928 5913
f 5929 5928 5931
f 5931 5928 5916
f 5931 5932 5929
f 5932 5930 5929
f 5933 5930 5932
f 5934 5933 5932
f 5932 5931 5935
f 5935 5934 5932
f 3103 5897 3111
f 3111 5936 3112
f 5925 5936 5897
f 5897 5936 3111
f 3100 3111 3112
f 5936 3114 3112
f 5937 3114 5936
f 3114 5937 3115
f 3115 5937 5938
f 5937 5936 5925
f 5937 5925 5926
f 5939 5937 5926
f 5940 5941 5937
f 5939 5940 5937
f 5923 5920 3122
f 5923 3122 5942
f 3122 3365 3372
f 5942 3122 3372
f 5923 5942 5943
f 3115 5938 5944
f 5944 5938 5945
f 5946 5941 5940
f 5937 5941 5938
f 5947 5945 5938
f 5946 5947 5941
f 5947 5938 5941
f 5947 5946 5948
f 5947 5949 5945
f 5944 3127 3115
f 5950 3127 5944
f 5950 5944 5945
f 5951 5950 5945
f 5950 3131 3127
f 5952 3131 5950
f 5943 5942 5953
f 5954 5943 5953
f 5949 5951 5945
f 5943 5922 5923
f 5924 5922 5943
f 5927 5939 5926
f 5930 5939 5927
f 5955 5939 5930
f 5956 5940 5955
f 5940 5939 5955
f 5930 5933 5955
f 5957 5914 5915
f 5915 5924 5957
f 5957 5924 5958
f 5956 5946 5940
f 5956 5948 5946
f 5959 5956 5955
f 5956 5960 5948
f 5961 5947 5948
f 5949 5947 5961
f 5960 5961 5948
f 5933 5959 5955
f 5933 5962 5959
f 5956 5959 5960
f 5962 5960 5959
f 5934 5962 5933
f 5963 5960 5962
f 5963 5964 5960
f 5964 5961 5960
f 5964 5965 5961
f 5964 5963 5966
f 5954 5924 5943
f 5967 5954 5968
f 5968 5954 5953
f 5958 5924 5954
f 5954 5967 5958
f 5845 5969 5902
f 5969 5845 5846
f 5863 5969 5846
f 5970 5902 5969
f 5902 5970 5904
f 5906 5904 5970
f 5971 5906 5970
f 5970 5969 5863
f 5865 5970 5863
f 5865 5971 5970
f 5972 5971 5865
f 5973 5906 5971
f 5861 5848 5974
f 5862 5861 5974
f 5974 5848 5908
f 5975 5862 5974
f 5862 5975 5866
f 5975 5974 5976
f 5977 5917 5910
f 5973 5910 5906
f 5973 5977 5910
f 5977 5978 5917
f 5973 5971 5979
f 5979 5980 5973
f 5977 5973 5978
f 5980 5978 5973
f 5974 5908 5914
f 5974 5914 5976
f 5912 5917 5918
f 5978 5918 5917
f 5981 5918 5978
f 5914 5982 5976
f 5975 5976 5983
f 5980 5984 5978
f 5978 5984 5981
f 5976 5985 5983
f 5865 5871 5986
f 5865 5986 5972
f 5971 5972 5979
f 5979 5972 5987
f 5986 5871 5875
f 5875 5988 5986
f 5986 5987 5972
f 5988 5987 5986
f 5988 5989 5987
f 5989 5990 5987
f 5983 5866 5975
f 5877 5991 5992
f 5876 5866 5991
f 5991 5877 5876
f 5980 5979 5993
f 5979 5987 5993
f 5994 5993 5987
f 5980 5993 5994
f 5980 5994 5995
f 5995 5984 5980
f 5996 5995 5994
f 5990 5994 5987
f 5994 5990 5996
f 5991 5866 5983
f 5995 5997 5984
f 5985 5998 5983
f 5999 5983 5998
f 5991 5983 5999
f 6000 5991 5999
f 5996 5997 5995
f 6001 6002 5996
f 5985 5976 5982
f 5918 6003 5931
f 6003 5918 5981
f 5935 5931 6003
f 6004 5934 5935
f 6005 5935 6003
f 5935 6005 6004
f 6006 6003 5981
f 6007 6005 6003
f 5981 5984 6006
f 6007 6003 6006
f 6008 6005 6007
f 6008 6004 6005
f 6004 6009 5934
f 6010 6009 6004
f 6011 6010 6004
f 6008 6011 6004
f 6012 6006 5984
f 6007 6006 6012
f 5997 6012 5984
f 6013 6007 6012
f 6013 6008 6007
f 6014 6008 6013
f 5997 5996 6002
f 6013 6012 5997
f 6015 6013 5997
f 6015 5997 6002
f 6013 6015 6014
f 6016 6014 6015
f 6015 6017 6016
f 6014 6016 6018
f 6017 6018 6016
f 6019 6018 6017
f 6014 6011 6008
f 6020 6010 6011
f 6014 6020 6011
f 6021 6010 6020
f 6022 6021 6020
f 6020 6014 6022
f 6022 6014 6018
f 6022 6018 6023
f 6023 6024 6022
f 6019 6023 6018
f 5957 5982 5914
f 5982 5957 6025
f 5958 6025 5957
f 6026 5985 5982
f 6026 5982 6025
f 5998 5985 6026
f 6025 5958 6027
f 6026 6025 6027
f 6026 6027 6028
f 6009 5962 5934
f 6009 6029 5962
f 6029 6009 6010
f 5962 6029 5963
f 6030 5966 5963
f 6030 5963 6029
f 6031 6029 6010
f 6031 6030 6029
f 6032 6030 6031
f 6010 6021 6031
f 6021 6033 6031
f 6033 6032 6031
f 6034 6027 5958
f 6034 5958 5967
f 6035 6027 6034
f 6028 6027 6035
f 6026 6036 5998
f 6036 6026 6028
f 5998 6037 5999
f 6037 5998 6036
f 6038 6037 6036
f 6039 6038 6036
f 6028 6039 6036
f 6033 6021 6040
f 6021 6022 6040
f 6019 6024 6023
f 6041 6024 6019
f 6022 6024 6040
f 6040 6042 6043
f 6042 6040 6024
f 6041 6042 6024
f 6039 6028 6044
f 6038 6039 6045
f 6046 5653 5654
f 6047 5653 6046
f 6047 5782 5653
f 5789 5784 5783
f 6046 5654 5655
f 6048 6046 5655
f 6047 6046 6048
f 5655 5658 6048
f 6049 5782 6047
f 6050 6047 6048
f 6051 5789 5783
f 5782 6049 6052
f 5790 5789 6051
f 5790 5786 5789
f 6053 5791 6052
f 6053 6054 5791
f 6049 6053 6052
f 6056 6049 6047
f 6053 6049 6056
f 6050 6056 6047
f 6057 6054 6053
f 6058 6054 6057
f 6056 6057 6053
f 6057 6056 6059
f 6058 6057 6060
f 6057 6059 6060
f 6061 6048 5658
f 6061 6050 6048
f 6062 6050 6061
f 6062 6061 6063
f 6064 6056 6050
f 6064 6059 6056
f 6055 5787 5790
f 6055 5801 5787
f 6058 5800 6054
f 5800 6058 6065
f 5854 5573 5572
f 5573 6066 5685
f 5854 6066 5573
f 6066 5854 5856
f 5856 5855 5869
f 6063 6061 5658
f 6067 6050 6062
f 6063 5659 5695
f 6063 5658 5659
f 6068 6063 5695
f 6063 6068 6062
f 6069 6062 6068
f 6069 6067 6062
f 5697 5685 6066
f 5693 5685 5697
f 6070 6071 5697
f 6071 6072 5697
f 6067 6064 6050
f 6067 6073 6064
f 6074 6059 6064
f 6074 6075 6059
f 6069 6073 6067
f 6076 6077 6073
f 6076 6073 6069
f 6077 6064 6073
f 6074 6064 6077
f 6078 6077 6076
f 6079 6074 6077
f 6066 5856 6070
f 5697 6066 6070
f 6070 5869 6080
f 6071 6070 6080
f 6080 6081 6071
f 6082 5802 5801
f 6083 5800 6065
f 5868 5873 5869
f 6075 6084 6058
f 6085 6083 6065
f 6084 6065 6058
f 6084 6085 6065
f 6082 6087 5802
f 6087 5874 5802
f 6088 5874 6087
f 5875 5874 6088
f 6086 6083 6085
f 6085 6089 6086
f 6089 6085 6090
f 6091 6090 6085
f 6091 6092 6090
f 6092 6091 6093
f 6094 5869 5873
f 5873 5877 6094
f 5992 6094 5877
f 6075 6058 6060
f 6075 6060 6059
f 6075 6074 6095
f 6096 6097 6084
f 6075 6096 6084
f 6095 6096 6075
f 6098 6095 6074
f 6079 6098 6074
f 6095 6099 6096
f 6098 6099 6095
f 6100 6099 6098
f 6101 6099 6100
f 6102 6080 5869
f 6103 6081 6080
f 6080 6102 6103
f 6097 6085 6084
f 6097 6104 6085
f 6104 6091 6085
f 6104 6097 6096
f 6104 6105 6091
f 6105 6093 6091
f 6104 6106 6105
f 6096 6107 6104
f 6107 6096 6099
f 6101 6107 6099
f 6107 6106 6104
f 6108 6109 6106
f 6106 6107 6101
f 6110 6106 6101
f 6108 6106 6110
f 5869 6094 6102
f 6111 6102 6094
f 6103 6102 6112
f 6102 6111 6112
f 5695 5724 6068
f 5695 5722 5724
f 6113 6069 6068
f 6068 5724 6113
f 5724 5725 6114
f 6115 5724 6114
f 5724 6115 6113
f 5698 5697 6072
f 6072 5721 5698
f 5733 5721 6072
f 6072 6116 5733
f 6069 6113 6076
f 6113 6078 6076
f 6117 6078 6113
f 6079 6077 6078
f 6118 6079 6078
f 6118 6078 6117
f 6119 6113 6115
f 6117 6113 6119
f 6120 6118 6117
f 6119 6120 6117
f 6081 6072 6071
f 6072 6081 6121
f 6114 5725 6122
f 6122 5725 5729
f 6114 6119 6115
f 6122 6119 6114
f 5731 5727 6123
f 6123 5727 5730
f 5731 6122 5729
f 5734 5733 6116
f 5730 5728 6124
f 5728 5734 6124
f 6124 5734 6125
f 5734 6116 6125
f 6126 6119 6122
f 6127 6119 6126
f 6119 6127 6120
f 6127 6128 6120
f 6129 6127 6126
f 6130 6126 6122
f 6131 6122 5731
f 5731 6123 6131
f 6130 6122 6131
f 6126 6130 6129
f 6121 6116 6072
f 6132 6116 6121
f 6125 6116 6132
f 6133 6123 5730
f 6124 6133 5730
f 6125 6133 6124
f 6133 6134 6123
f 6131 6123 6134
f 6135 6129 6130
f 6131 6135 6130
f 6133 6125 6136
f 6125 6132 6137
f 6136 6125 6137
f 6118 6098 6079
f 6118 6100 6098
f 6118 6138 6100
f 6139 6101 6100
f 6138 6139 6100
f 6118 6120 6138
f 6128 6138 6120
f 6140 6139 6138
f 6141 6139 6140
f 6140 6138 6128
f 6142 6081 6103
f 6143 6142 6103
f 6142 6121 6081
f 6144 6101 6141
f 6144 6110 6101
f 6141 6101 6139
f 6103 6112 6143
f 6145 6144 6141
f 6145 6146 6144
f 6140 6128 6129
f 6128 6127 6129
f 6147 6140 6129
f 6142 6148 6121
f 6121 6148 6132
f 6132 6148 6137
f 6149 6148 6142
f 6136 6137 6150
f 6129 6135 6147
f 6151 6147 6135
f 6152 6151 6135
f 6150 6137 6148
f 6150 6148 6149
f 6153 6141 6140
f 6153 6140 6147
f 6145 6141 6153
f 6143 6149 6142
f 6153 6147 6151
f 6154 6150 6149
f 6153 6151 6145
f 6155 6156 6145
f 6145 6151 6155
f 6157 6155 6151
f 6158 6143 6112
f 6159 6143 6158
f 6159 6149 6143
f 6154 6149 6159
f 6150 6154 6160
f 5875 6161 5988
f 6088 6161 5875
f 6089 6090 6162
f 6163 6165 5988
f 6166 6165 6163
f 6165 5989 5988
f 6165 6169 5989
f 6165 6166 6169
f 6161 6163 5988
f 6164 6162 6170
f 6162 6090 6092
f 6162 6092 6170
f 6171 6170 6092
f 6092 6093 6171
f 6093 6172 6171
f 6173 6167 6164
f 6170 6173 6164
f 6000 6174 5992
f 5992 6174 6094
f 6169 5990 5989
f 6175 5990 6169
f 6177 6176 6168
f 5990 6001 5996
f 5990 6175 6001
f 6177 6168 6167
f 6177 6167 6173
f 6178 6176 6177
f 6179 6177 6173
f 6178 6177 6179
f 6180 6176 6178
f 5992 5991 6000
f 6000 5999 6181
f 6182 6174 6000
f 6001 6175 6183
f 6180 6184 6176
f 6184 6180 6185
f 6185 6186 6184
f 6172 6093 6105
f 6187 6170 6171
f 6172 6187 6171
f 6172 6105 6106
f 6109 6172 6106
f 6109 6187 6172
f 6173 6170 6187
f 6187 6179 6173
f 6188 6179 6187
f 6108 6189 6109
f 6190 6189 6108
f 6109 6188 6187
f 6189 6188 6109
f 6188 6189 6191
f 6111 6094 6174
f 6182 6192 6174
f 6193 6178 6179
f 6193 6179 6188
f 6180 6178 6193
f 6194 6193 6195
f 6194 6185 6180
f 6186 6185 6194
f 6194 6180 6193
f 6188 6191 6193
f 6195 6193 6191
f 6195 6191 6196
f 6197 6194 6195
f 6198 6194 6197
f 6199 6197 6195
f 6195 6200 6199
f 6201 6197 6199
f 6181 5999 6037
f 6182 6000 6181
f 6112 6111 6192
f 6182 6181 6202
f 6192 6182 6203
f 6192 6203 6204
f 6203 6182 6202
f 6001 6015 6002
f 6015 6001 6205
f 6206 6205 6001
f 6017 6015 6205
f 6017 6205 6208
f 6209 6019 6017
f 6210 6209 6017
f 6206 6001 6183
f 6212 6214 6206
f 6205 6206 6214
f 6205 6214 6212
f 6186 6207 6184
f 6186 6213 6207
f 6215 6213 6186
f 6208 6205 6212
f 6213 6215 6211
f 6208 6212 6210
f 6208 6210 6017
f 6217 6209 6210
f 6218 6216 6211
f 6219 6211 6215
f 6219 6218 6211
f 6221 6019 6209
f 6209 6217 6221
f 6216 6218 6220
f 6222 6220 6218
f 6198 6215 6186
f 6194 6198 6186
f 6223 6218 6219
f 6224 6219 6215
f 6224 6223 6219
f 6224 6215 6198
f 6201 6198 6197
f 6201 6225 6198
f 6198 6225 6224
f 6223 6222 6218
f 6226 6037 6038
f 6181 6037 6226
f 6038 6227 6226
f 6181 6226 6202
f 6202 6226 6228
f 6228 6226 6227
f 6221 6041 6019
f 6221 6229 6041
f 6227 6038 6045
f 6230 6042 6041
f 6231 6041 6229
f 6231 6230 6041
f 6233 6229 6221
f 6222 6232 6220
f 6233 6231 6229
f 6235 6231 6233
f 6235 6236 6231
f 6227 6045 6238
f 6239 6228 6227
f 6202 6228 6240
f 6203 6202 6240
f 6223 6224 6225
f 6241 6223 6225
f 6242 6241 6225
f 6243 6241 6242
f 6244 6240 6228
f 6244 6228 6239
f 6222 6245 6246
f 6246 6232 6222
f 6246 6234 6232
f 6246 6247 6234
f 6234 6247 6237
f 6248 6247 6246
f 6248 6249 6247
f 6223 6245 6222
f 6245 6223 6241
f 6241 6250 6245
f 6248 6245 6250
f 6245 6248 6246
f 6251 6252 6248
f 6239 6227 6238
f 6239 6238 6253
f 6253 6238 6254
f 6255 6244 6239
f 6110 6190 6108
f 6190 6110 6144
f 6191 6189 6190
f 6190 6196 6191
f 6144 6146 6190
f 6256 6190 6146
f 6256 6257 6190
f 6257 6256 6258
f 6259 6258 6256
f 6200 6195 6196
f 6196 6190 6257
f 6200 6196 6257
f 6257 6258 6200
f 6258 6260 6200
f 6260 6199 6200
f 6201 6199 6260
f 6260 6261 6201
f 6262 6263 6258
f 6260 6264 6261
f 6263 6260 6258
f 6263 6264 6260
f 6156 6256 6146
f 6259 6256 6156
f 6156 6146 6145
f 6265 6259 6156
f 6265 6262 6259
f 6266 6156 6155
f 6266 6265 6156
f 6267 6265 6266
f 6268 6267 6266
f 6259 6262 6258
f 6269 6263 6262
f 6262 6265 6269
f 6267 6269 6265
f 6204 6112 6192
f 6158 6112 6204
f 6270 6159 6158
f 6270 6158 6204
f 6270 6204 6203
f 6270 6203 6271
f 6271 6203 6272
f 6271 6272 6273
f 6159 6270 6274
f 6274 6154 6159
f 6154 6274 6275
f 6160 6154 6275
f 6274 6270 6271
f 6276 6264 6263
f 6269 6276 6263
f 6275 6274 6277
f 6278 6275 6277
f 6278 6277 6279
f 6269 6267 6280
f 6277 6274 6271
f 6279 6277 6271
f 6273 6279 6271
f 6279 6281 6278
f 6201 6261 6282
f 6225 6201 6242
f 6283 6282 6261
f 6283 6261 6264
f 6201 6282 6242
f 6284 6243 6242
f 6242 6282 6284
f 6276 6283 6264
f 6285 6282 6283
f 6286 6284 6282
f 6285 6286 6282
f 6272 6240 6244
f 6272 6203 6240
f 6272 6244 6287
f 6287 6273 6272
f 6250 6241 6284
f 6284 6241 6243
f 6288 6289 6250
f 6289 6248 6250
f 6289 6290 6248
f 6290 6251 6248
f 6250 6284 6288
f 6284 6286 6288
f 6244 6255 6287
f 6289 6291 6290
f 6287 6255 6292
f 6288 6293 6289
f 6291 6289 6293
f 6293 6294 6291
f 6293 6295 6294
f 6283 6276 6285
f 6276 6280 6285
f 6269 6280 6276
f 6280 6296 6285
f 6296 6286 6285
f 6296 6280 6297
f 6296 6297 6286
f 6293 6286 6297
f 6267 6298 6280
f 6280 6299 6297
f 6280 6298 6299
f 6279 6273 6300
f 6273 6287 6300
f 6300 6287 6292
f 6281 6279 6300
f 6281 6300 6301
f 6302 6300 6292
f 6302 6301 6300
f 6293 6288 6286
f 6293 6303 6295
f 6295 6304 6294
f 6297 6299 6293
f 6293 6299 6303
f 6299 6305 6303
f 6303 6305 6295
f 6306 6305 6299
f 6306 6307 6305
f 3367 3432 3372
f 3432 6308 3372
f 6308 5942 3372
f 6308 5953 5942
f 6239 6253 6255
f 6255 6253 6254
f 6254 6309 6255
f 6292 6255 6310
f 6310 6255 6309
f 6292 6310 6311
f 6310 6312 6311
f 6302 6292 6311
f 6302 6311 6313
f 6313 6314 6302
f 6313 6311 6312
f 5952 3384 3131
f 3384 5952 6315
f 6315 5952 6316
f 5952 5950 5951
f 5951 6317 5952
f 6317 5951 6318
f 6316 5952 6317
f 6317 6319 6316
f 6320 6316 6319
f 5949 5961 6321
f 5965 6321 5961
f 5966 5965 5964
f 6322 5965 5966
f 6322 6321 5965
f 5949 6318 5951
f 5949 6323 6318
f 6323 5949 6321
f 6322 6323 6321
f 6319 6317 6318
f 6323 6319 6318
f 6320 6319 6324
f 6319 6323 6324
f 6323 6322 6325
f 6325 6322 6326
f 6327 6324 6323
f 6325 6327 6323
f 6327 6325 6328
f 6327 6329 6324
f 6330 5966 6030
f 6330 6322 5966
f 6032 6330 6030
f 6331 6332 6032
f 6332 6330 6032
f 6333 6330 6332
f 6334 6332 6331
f 6333 6332 6334
f 6330 6326 6322
f 6034 5967 6335
f 6326 6328 6325
f 6333 6326 6330
f 6328 6326 6333
f 6336 6328 6333
f 6035 6034 6335
f 6335 6337 6035
f 6336 6338 6328
f 6333 6334 6336
f 6338 6327 6328
f 6338 6339 6327
f 6327 6339 6340
f 6341 6339 6338
f 6336 6342 6338
f 6341 6338 6342
f 6342 6343 6341
f 6033 6331 6032
f 6334 6331 6344
f 6033 6043 6331
f 6043 6344 6331
f 6345 6334 6344
f 6346 6345 6344
f 6043 6033 6040
f 6346 6344 6043
f 6043 6347 6346
f 6337 6044 6035
f 6028 6035 6044
f 6334 6345 6336
f 6348 6336 6345
f 6349 6350 6345
f 6045 6039 6044
f 6351 6045 6044
f 6349 6345 6346
f 6346 6352 6349
f 6348 6342 6336
f 6348 6345 6350
f 6348 6343 6342
f 6350 6343 6348
f 6350 6354 6343
f 6355 6341 6343
f 6343 6354 6355
f 6357 6356 6353
f 6349 6354 6350
f 6359 6354 6349
f 6360 6361 6353
f 6353 6361 6357
f 6230 6043 6042
f 6043 6230 6347
f 6362 6230 6231
f 6363 6352 6347
f 6363 6347 6230
f 6363 6230 6362
f 6352 6346 6347
f 6236 6362 6231
f 6236 6363 6362
f 6365 6364 6237
f 6365 6366 6364
f 6366 6365 6367
f 6238 6045 6368
f 6359 6349 6352
f 6369 6359 6352
f 6352 6363 6369
f 6366 6370 6364
f 6371 6370 6366
f 6358 6360 6353
f 6372 6358 6370
f 6372 6360 6358
f 6360 6373 6361
f 6371 6372 6370
f 6374 6360 6372
f 6375 6374 6372
f 6375 6372 6371
f 6374 6375 6376
f 6367 6365 6237
f 6237 6247 6367
f 6247 6249 6367
f 6367 6249 6366
f 6249 6252 6377
f 6377 6366 6249
f 6377 6371 6366
f 6377 6378 6371
f 6252 6249 6248
f 6379 6380 6252
f 6379 6252 6251
f 6252 6380 6377
f 6379 6378 6380
f 6378 6377 6380
f 6381 6382 6378
f 6383 6378 6382
f 6371 6376 6375
f 6376 6371 6378
f 6376 6378 6384
f 6383 6384 6378
f 6290 6291 6251
f 6291 6379 6251
f 6381 6379 6291
f 6381 6291 6385
f 6379 6381 6378
f 6381 6385 6382
f 6294 6385 6291
f 6294 6304 6385
f 6386 6385 6304
f 6382 6385 6386
f 6305 6304 6295
f 3384 6315 6387
f 6387 3424 3384
f 6308 3432 6388
f 6387 3427 3424
f 6389 3427 6387
f 6390 6387 6315
f 6315 6316 6390
f 6389 6387 6390
f 5953 6308 6388
f 6390 6316 6391
f 5953 6388 6392
f 6388 3432 3433
f 6388 3433 6393
f 6392 6388 6393
f 3427 6389 3434
f 6389 6394 3434
f 6395 6394 6389
f 6391 6389 6390
f 6320 6391 6316
f 6396 6391 6397
f 6391 6395 6389
f 6396 6395 6391
f 6396 6398 6395
f 3434 6394 3439
f 6394 3440 3439
f 6399 3440 6394
f 6395 6399 6394
f 6399 6400 3440
f 3440 6400 6401
f 6402 6392 6393
f 6402 6393 6403
f 6399 6395 6400
f 6402 6403 6404
f 5968 5953 6392
f 5968 6392 6405
f 6406 5967 5968
f 5967 6406 6335
f 5968 6405 6406
f 6397 6391 6320
f 6329 6320 6324
f 6397 6320 6329
f 6397 6407 6408
f 6407 6397 6329
f 6396 6397 6408
f 6408 6398 6396
f 6408 6407 6409
f 6329 6327 6340
f 6406 6405 6410
f 6329 6340 6407
f 6411 6407 6340
f 6409 6412 6408
f 6407 6411 6409
f 6405 6392 6402
f 6405 6402 6413
f 6404 6413 6402
f 6410 6405 6413
f 6413 6404 6414
f 3433 3465 3471
f 6403 6393 3433
f 3433 3471 6403
f 6415 6403 3471
f 6403 6415 6416
f 3471 3470 3597
f 6415 3471 3597
f 6416 6404 6403
f 3442 3440 6401
f 6398 6400 6395
f 6417 6400 6418
f 6398 6418 6400
f 6417 6401 6400
f 6417 6419 6401
f 6420 6419 6417
f 6421 6417 6418
f 6421 6420 6417
f 6412 6398 6408
f 6412 6422 6398
f 6422 6418 6398
f 6424 6418 6422
f 6425 6422 6412
f 6424 6422 6425
f 6424 6420 6421
f 6418 6424 6421
f 6420 6424 6426
f 6409 6425 6412
f 6427 6430 6425
f 6430 6424 6425
f 6423 6429 6431
f 6419 3477 6401
f 6401 3477 3442
f 6432 3477 6419
f 6433 6432 6419
f 3477 6432 3478
f 3483 3479 3478
f 6432 3483 3478
f 6434 3483 6432
f 6420 6433 6419
f 6426 6433 6420
f 6433 6434 6432
f 6435 6434 6433
f 6415 3597 6437
f 3482 3483 6439
f 6437 6440 6415
f 6416 6415 6440
f 6440 6437 6441
f 6433 6442 6435
f 6434 6439 3483
f 6435 6439 6434
f 3485 3482 6439
f 6438 6444 3484
f 6445 6438 6436
f 6446 6436 6443
f 6436 6446 6445
f 6447 6438 6448
f 6447 6444 6438
f 6448 6438 6445
f 6449 6447 6448
f 6404 6416 6450
f 6424 6452 6426
f 6426 6452 6433
f 6452 6442 6433
f 6414 6404 6450
f 6453 6450 6454
f 6450 6416 6455
f 6455 6416 6440
f 6455 6440 6456
f 6440 6441 6456
f 6457 6455 6456
f 6450 6455 6454
f 6458 6453 6454
f 6457 6454 6455
f 6459 6454 6457
f 6459 6458 6454
f 6443 6451 6460
f 6423 6460 6451
f 6446 6443 6460
f 6446 6460 6461
f 6431 6462 6423
f 6460 6423 6462
f 6462 6461 6460
f 6463 6461 6462
f 6463 6464 6461
f 6461 6465 6446
f 6465 6445 6446
f 6465 6448 6445
f 6465 6449 6448
f 6464 6465 6461
f 6464 6466 6465
f 6467 6465 6466
f 6466 6468 6467
f 6335 6406 6469
f 6337 6335 6469
f 6469 6470 6337
f 6470 6471 6337
f 6406 6410 6469
f 6469 6410 6472
f 6339 6411 6340
f 6411 6339 6474
f 6470 6469 6472
f 6470 6472 6475
f 6341 6474 6339
f 6341 6355 6474
f 6410 6413 6472
f 6472 6413 6414
f 6476 6472 6414
f 6475 6472 6476
f 6476 6477 6475
f 6044 6337 6471
f 6471 6351 6044
f 6478 6471 6470
f 6356 6357 6479
f 6357 6480 6479
f 6481 6471 6478
f 6351 6471 6481
f 6361 6480 6357
f 6361 6373 6480
f 6470 6475 6478
f 6478 6475 6477
f 6482 6478 6477
f 6481 6478 6483
f 6484 6481 6483
f 6483 6478 6482
f 6486 6409 6411
f 6474 6486 6411
f 6479 6473 6356
f 6485 6473 6487
f 6485 6487 6488
f 6479 6487 6473
f 6488 6487 6489
f 6479 6489 6487
f 6409 6486 6425
f 6486 6427 6425
f 6488 6428 6485
f 6490 6428 6488
f 6491 6490 6488
f 6429 6490 6431
f 6490 6429 6428
f 6489 6491 6488
f 6492 6490 6491
f 6493 6489 6479
f 6493 6479 6480
f 6494 6493 6480
f 6495 6491 6489
f 6492 6491 6495
f 6489 6493 6496
f 6495 6497 6492
f 6496 6493 6494
f 6489 6496 6495
f 6498 6495 6496
f 6498 6497 6495
f 6498 6499 6500
f 6497 6501 6492
f 6500 6497 6498
f 6453 6414 6450
f 6476 6414 6453
f 6502 6476 6453
f 6502 6453 6458
f 6477 6476 6502
f 6503 6477 6502
f 6502 6504 6503
f 6502 6458 6505
f 6504 6502 6505
f 6431 6506 6462
f 6490 6506 6431
f 6507 6463 6506
f 6463 6462 6506
f 6463 6507 6464
f 6490 6507 6506
f 6490 6492 6501
f 6501 6507 6490
f 6507 6508 6464
f 6509 6508 6507
f 6505 6458 6459
f 6510 6466 6464
f 6510 6464 6508
f 6511 6468 6466
f 6512 6466 6510
f 6466 6512 6511
f 6513 6504 6505
f 6505 6514 6513
f 6508 6512 6510
f 6477 6503 6482
f 6515 6482 6503
f 6482 6515 6483
f 6503 6516 6515
f 6504 6516 6503
f 6517 6483 6515
f 6518 6515 6516
f 6519 6518 6516
f 6520 6501 6497
f 6501 6509 6507
f 6509 6501 6520
f 6521 6520 6497
f 6521 6497 6500
f 6521 6522 6520
f 6523 6522 6521
f 6509 6520 6522
f 6509 6522 6524
f 6525 6524 6522
f 6525 6509 6524
f 6523 6525 6522
f 6513 6516 6504
f 6519 6516 6513
f 6509 6512 6508
f 6512 6509 6526
f 6527 6512 6526
f 6528 6527 6526
f 6525 6526 6509
f 6529 6526 6525
f 6530 6529 6525
f 6528 6526 6529
f 6528 6529 6531
f 6437 3597 3596
f 6437 3596 3599
f 3599 6441 6437
f 6444 3610 3484
f 3611 3610 6532
f 6444 6533 3610
f 6447 6533 6444
f 6532 3610 6533
f 6534 3611 6532
f 6534 3614 3611
f 6534 6535 3614
f 6535 6534 6536
f 6537 6533 6447
f 6537 6532 6533
f 6536 6532 6537
f 6537 6447 6449
f 6536 6534 6532
f 6538 6536 6537
f 3601 3648 6539
f 6535 3618 3614
f 6540 3619 3618
f 6441 3599 6539
f 3599 3601 6539
f 6441 6541 6456
f 6541 6441 6539
f 6539 6542 6541
f 6449 6538 6537
f 6449 6467 6538
f 6467 6449 6465
f 6468 6538 6467
f 6457 6456 6541
f 6459 6457 6541
f 6543 6541 6542
f 6541 6543 6459
f 6542 6539 6544
f 6543 6542 6545
f 3644 3653 3648
f 6544 3648 3653
f 6544 6539 3648
f 6546 6544 3653
f 6547 6544 6546
f 4796 6548 3653
f 4796 3653 3649
f 4796 6549 6548
f 3653 6548 6546
f 6548 6547 6546
f 6549 6550 6548
f 6551 6544 6552
f 6551 6542 6544
f 6547 6552 6544
f 6545 6542 6551
f 6551 6553 6545
f 6553 6551 6552
f 6545 6553 6554
f 6555 6552 6547
f 6556 6553 6552
f 6547 6548 6550
f 6550 6555 6547
f 6550 6557 6555
f 6556 6552 6555
f 6558 6555 6557
f 6505 6459 6559
f 6514 6505 6559
f 6559 6459 6543
f 6514 6559 6554
f 6554 6560 6514
f 6543 6545 6559
f 6554 6559 6545
f 6554 6561 6560
f 6513 6562 6519
f 6513 6514 6562
f 6562 6514 6560
f 6563 6562 6564
f 6531 6565 6528
f 6562 6560 6564
f 6560 6566 6564
f 6564 6566 6567
f 6554 6553 6561
f 6561 6553 6556
f 6566 6561 6556
f 6568 6566 6556
f 6555 6558 6556
f 6558 6557 6569
f 6569 6568 6558
f 6560 6561 6566
f 6570 6568 6569
f 6569 6571 6570
f 6535 6540 3618
f 6572 3619 6540
f 6572 6540 6573
f 6574 6535 6536
f 6540 6535 6574
f 6575 6540 6574
f 6576 6574 6536
f 6575 6573 6540
f 6575 6577 6573
f 6577 6575 6576
f 6538 6578 6536
f 6538 6579 6578
f 6579 6538 6468
f 6579 6468 6580
f 6578 6576 6536
f 6581 6576 6578
f 6576 6575 6574
f 6582 6577 6576
f 6582 6576 6581
f 6579 6581 6578
f 6583 6582 6581
f 6579 6584 6581
f 6584 6583 6581
f 6585 6582 6583
f 6586 6585 6583
f 3619 6572 3655
f 6587 3657 3655
f 6587 3655 6572
f 6588 6587 6572
f 6589 3657 6587
f 6590 3657 6589
f 6589 6591 6590
f 6573 6588 6572
f 6589 6587 6588
f 6573 6577 6588
f 6589 6588 6592
f 6592 6588 6577
f 6592 6591 6589
f 6593 6591 6592
f 6590 3658 3657
f 6590 3661 3658
f 6594 3661 6590
f 6595 6590 6591
f 6594 6590 6595
f 6596 3660 3661
f 6596 3661 6594
f 4994 3660 6596
f 6596 6594 6597
f 6597 4994 6596
f 6595 6591 6593
f 6593 6598 6595
f 6599 6598 6593
f 6597 6594 6595
f 6597 6595 6598
f 6600 6577 6582
f 6600 6592 6577
f 6592 6600 6593
f 6601 6593 6600
f 6582 6602 6600
f 6585 6602 6582
f 6603 6602 6585
f 6602 6603 6601
f 6601 6600 6602
f 6604 6601 6603
f 6604 6605 6601
f 6601 6599 6593
f 6606 6598 6607
f 6607 6598 6599
f 6605 6599 6601
f 6605 6607 6599
f 6607 6605 6608
f 6580 6468 6511
f 6584 6579 6580
f 6580 6609 6610
f 6609 6580 6511
f 6527 6511 6512
f 6527 6609 6511
f 6610 6609 6611
f 6610 6583 6584
f 6610 6584 6580
f 6612 6586 6610
f 6583 6610 6586
f 6612 6610 6611
f 6613 6612 6611
f 6565 6609 6527
f 6527 6528 6565
f 6609 6565 6611
f 6565 6614 6611
f 6565 6531 6615
f 6615 6614 6565
f 6613 6611 6614
f 6613 6614 6616
f 6617 6618 6613
f 6617 6613 6616
f 6613 6618 6612
f 6615 6616 6614
f 6619 6617 6616
f 6620 6621 6617
f 6586 6622 6585
f 6603 6585 6622
f 6618 6622 6586
f 6618 6586 6612
f 6603 6622 6604
f 6623 6604 6622
f 6624 6622 6618
f 6624 6623 6622
f 6605 6604 6625
f 6625 6604 6623
f 6605 6625 6608
f 6626 6608 6625
f 6627 6608 6626
f 6625 6623 6628
f 6628 6629 6625
f 6629 6626 6625
f 6629 6630 6626
f 6624 6618 6621
f 6618 6617 6621
f 6631 6624 6621
f 6624 6628 6623
f 6628 6624 6631
f 6621 6620 6631
f 6632 6633 6620
f 6633 6631 6620
f 6634 6628 6631
f 6633 6634 6631
f 6628 6634 6635
f 6629 6628 6635
f 6635 6636 6629
f 6635 6634 6637
f 6637 6636 6635
f 6636 6638 6639
f 6351 6368 6045
f 6351 6640 6368
f 6254 6368 6640
f 6640 6351 6481
f 6373 6360 6374
f 6374 6641 6373
f 6642 6641 6374
f 6373 6641 6643
f 6644 6641 6642
f 6481 6484 6640
f 6484 6483 6645
f 6484 6645 6646
f 6254 6238 6368
f 6254 6640 6647
f 6309 6254 6648
f 6648 6254 6647
f 6647 6640 6484
f 6376 6384 6649
f 6374 6376 6649
f 6649 6642 6374
f 6649 6650 6642
f 6651 6384 6383
f 6650 6649 6384
f 6384 6652 6650
f 6653 6650 6652
f 6653 6654 6650
f 6647 6484 6646
f 6655 6647 6646
f 6645 6517 6656
f 6645 6656 6646
f 6655 6646 6657
f 6657 6646 6656
f 6658 6657 6656
f 6656 6659 6658
f 6494 6480 6373
f 6494 6373 6643
f 6643 6660 6494
f 6644 6643 6641
f 6644 6661 6643
f 6661 6660 6643
f 6660 6496 6494
f 6498 6496 6660
f 6499 6498 6660
f 6499 6661 6662
f 6499 6660 6661
f 6662 6663 6499
f 6650 6644 6642
f 6664 6644 6650
f 6644 6662 6661
f 6662 6644 6664
f 6665 6662 6664
f 6666 6662 6665
f 6663 6662 6666
f 6650 6654 6664
f 6654 6665 6664
f 6667 6665 6654
f 6668 6669 6665
f 6665 6670 6666
f 6645 6483 6517
f 6517 6515 6518
f 6663 6500 6499
f 6656 6517 6518
f 6671 6672 6518
f 6523 6521 6500
f 6530 6525 6523
f 6523 6500 6663
f 6670 6523 6663
f 6670 6673 6523
f 6523 6673 6674
f 6674 6530 6523
f 6531 6529 6530
f 6530 6675 6531
f 6676 6530 6674
f 6676 6675 6530
f 6675 6676 6677
f 6666 6670 6663
f 6669 6670 6665
f 6678 6670 6669
f 6678 6679 6670
f 6680 6678 6669
f 6678 6681 6679
f 6681 6678 6680
f 6656 6518 6672
f 6656 6672 6659
f 6672 6682 6659
f 6679 6673 6670
f 6673 6681 6674
f 6681 6673 6679
f 6681 6676 6674
f 6676 6681 6683
f 6683 6677 6676
f 6681 6684 6683
f 6685 6683 6684
f 6685 6677 6683
f 6309 6648 6310
f 6686 6382 6386
f 6686 6651 6382
f 6687 6686 6386
f 6655 6648 6647
f 6648 6688 6310
f 6688 6648 6655
f 6688 6655 6689
f 6651 6383 6382
f 6651 6652 6384
f 6690 6652 6651
f 6653 6652 6690
f 6686 6690 6651
f 6691 6690 6686
f 6691 6692 6690
f 6692 6653 6690
f 6653 6667 6654
f 6692 6667 6653
f 6667 6692 6693
f 6692 6694 6693
f 6695 6692 6691
f 6695 6694 6692
f 6304 6687 6386
f 6696 6687 6304
f 6697 6687 6696
f 6305 6307 6304
f 6696 6304 6307
f 6307 6306 6696
f 6312 6698 6313
f 6698 6699 6313
f 6306 6697 6696
f 6700 6697 6306
f 6688 6312 6310
f 6312 6688 6701
f 6689 6701 6688
f 6701 6702 6312
f 6698 6312 6702
f 6702 6703 6698
f 6701 6704 6702
f 6703 6702 6705
f 6705 6702 6704
f 6687 6691 6686
f 6697 6691 6687
f 6697 6695 6691
f 6706 6695 6697
f 6695 6706 6707
f 6707 6694 6695
f 6707 6708 6694
f 6700 6706 6697
f 6700 6709 6706
f 6710 6707 6706
f 6708 6707 6710
f 6710 6706 6709
f 6689 6655 6657
f 6658 6711 6657
f 6689 6657 6711
f 6711 6712 6689
f 6659 6713 6658
f 6658 6713 6711
f 6713 6714 6711
f 6701 6689 6712
f 6701 6712 6704
f 6712 6711 6714
f 6715 6712 6714
f 6704 6712 6715
f 6716 6705 6704
f 6703 6705 6717
f 6717 6718 6703
f 6716 6717 6705
f 6719 6720 6710
f 6710 6709 6719
f 6721 6719 6709
f 6719 6721 6722
f 6722 6721 6717
f 6715 6716 6704
f 6716 6723 6717
f 6717 6723 6722
f 6667 6693 6665
f 6693 6668 6665
f 6724 6668 6693
f 6725 6668 6724
f 6724 6693 6694
f 6708 6724 6694
f 6668 6680 6669
f 6668 6725 6680
f 6681 6680 6726
f 6725 6726 6680
f 6727 6726 6725
f 6728 6725 6724
f 6728 6724 6708
f 6728 6727 6725
f 6659 6682 6713
f 6729 6713 6682
f 6714 6713 6729
f 6730 6714 6729
f 6684 6681 6726
f 6726 6727 6731
f 6731 6684 6726
f 6731 6685 6684
f 6732 6685 6731
f 6733 6732 6731
f 6734 6731 6727
f 6735 6733 6731
f 6735 6731 6734
f 6708 6720 6728
f 6710 6720 6708
f 6728 6736 6727
f 6737 6727 6736
f 6727 6737 6738
f 6739 6737 6736
f 6739 6736 6728
f 6739 6738 6737
f 6738 6739 6727
f 6728 6720 6739
f 6740 6739 6720
f 6719 6740 6720
f 6719 6722 6740
f 6722 6741 6740
f 6730 6715 6714
f 6715 6730 6742
f 6734 6727 6739
f 6734 6739 6735
f 6743 6735 6739
f 6723 6716 6744
f 6741 6745 6746
f 6722 6723 6745
f 6744 6745 6723
f 6741 6722 6745
f 6716 6715 6742
f 6716 6742 6747
f 6744 6716 6747
f 6745 6744 6746
f 6744 6747 6748
f 6740 6746 6739
f 6740 6741 6746
f 6743 6739 6746
f 6744 6749 6746
f 6746 6749 6743
f 6748 6749 6744
f 6749 6750 6743
f 6751 6735 6743
f 6563 6518 6519
f 6519 6562 6563
f 6675 6752 6531
f 6677 6753 6675
f 6563 6564 6567
f 6754 6563 6567
f 6754 6567 6755
f 6563 6671 6518
f 6682 6671 6563
f 6672 6671 6682
f 6563 6754 6682
f 6756 6682 6754
f 6757 6682 6756
f 6753 6677 6758
f 6759 6758 6677
f 6677 6685 6759
f 6685 6758 6759
f 6758 6760 6753
f 6758 6685 6761
f 6732 6762 6685
f 6762 6761 6685
f 6763 6756 6754
f 6764 6761 6762
f 6567 6566 6765
f 6765 6566 6570
f 6766 6765 6570
f 6755 6567 6765
f 6755 6765 6767
f 6767 6765 6766
f 6768 6766 6570
f 6763 6755 6767
f 6754 6755 6763
f 6769 6767 6766
f 6763 6767 6770
f 6770 6767 6769
f 6771 6770 6769
f 6769 6766 6768
f 6769 6768 6772
f 6773 6771 6769
f 6773 6769 6772
f 6773 6772 6774
f 6682 6757 6729
f 6729 6757 6730
f 6775 6730 6757
f 6757 6756 6776
f 6775 6757 6776
f 6777 6775 6776
f 6732 6778 6762
f 6764 6762 6778
f 6751 6779 6733
f 6733 6778 6732
f 6779 6778 6733
f 6776 6756 6763
f 6779 6780 6764
f 6778 6779 6764
f 6780 6781 6764
f 6777 6776 6782
f 6782 6783 6777
f 6784 6783 6782
f 6779 6785 6780
f 6751 6785 6779
f 6747 6742 6786
f 6787 6748 6747
f 6747 6786 6787
f 6750 6751 6743
f 6787 6788 6748
f 6786 6742 6775
f 6775 6742 6730
f 6789 6787 6786
f 6787 6789 6788
f 6750 6749 6788
f 6788 6749 6748
f 6786 6775 6777
f 6733 6735 6751
f 6751 6750 6790
f 6750 6788 6790
f 6786 6777 6789
f 6777 6783 6789
f 6788 6791 6790
f 6751 6790 6791
f 6792 6788 6789
f 6783 6792 6789
f 6788 6792 6791
f 6792 6783 6793
f 6785 6751 6791
f 6776 6794 6770
f 6794 6776 6763
f 6770 6794 6763
f 6776 6770 6782
f 6784 6770 6771
f 6784 6771 6795
f 6780 6796 6781
f 6784 6782 6770
f 6793 6783 6784
f 6784 6795 6793
f 6796 6780 6785
f 6785 6791 6797
f 6785 6798 6796
f 6799 6798 6785
f 6800 6792 6793
f 6793 6795 6800
f 6797 6799 6785
f 6771 6773 6801
f 6795 6771 6801
f 6801 6802 6795
f 6801 6803 6802
f 6804 6795 6802
f 6800 6795 6804
f 6804 6792 6800
f 6797 6805 6799
f 6805 6797 6792
f 6805 6792 6804
f 6806 6799 6805
f 6797 6791 6792
f 6752 6615 6531
f 6807 6615 6752
f 6753 6752 6675
f 6760 6807 6752
f 6760 6752 6753
f 6615 6807 6616
f 6616 6807 6619
f 6617 6619 6620
f 6619 6632 6620
f 6619 6808 6809
f 6809 6632 6619
f 6807 6760 6808
f 6760 6810 6808
f 6808 6810 6811
f 6808 6619 6807
f 6811 6809 6808
f 6809 6811 6812
f 6758 6810 6760
f 6761 6810 6758
f 6810 6761 6764
f 6810 6813 6811
f 6764 6813 6810
f 6781 6814 6813
f 6813 6764 6781
f 6633 6632 6809
f 6809 6815 6633
f 6816 6634 6633
f 6634 6816 6637
f 6815 6816 6633
f 6809 6812 6815
f 6817 6815 6812
f 6815 6817 6818
f 6819 6818 6817
f 6816 6815 6820
f 6820 6637 6816
f 6820 6638 6637
f 6638 6636 6637
f 6638 6821 6639
f 6822 6821 6638
f 6818 6820 6815
f 6823 6820 6818
f 6823 6822 6820
f 6822 6638 6820
f 6813 6812 6811
f 6812 6813 6817
f 6814 6817 6813
f 6814 6819 6817
f 6781 6824 6814
f 6819 6814 6825
f 6825 6814 6824
f 6818 6826 6823
f 6826 6818 6819
f 6822 6823 6827
f 6827 6823 6826
f 6827 6826 6828
f 6819 6825 6826
f 6825 6828 6826
f 6829 6827 6828
f 6828 6825 6830
f 6781 6796 6824
f 6824 6796 6798
f 6798 6825 6824
f 6830 6825 6798
f 6798 6799 6830
f 6830 6799 6806
f 6133 6831 6134
f 6136 6831 6133
f 6832 6131 6134
f 6131 6152 6135
f 6832 6152 6131
f 6832 6134 6831
f 6833 6831 6136
f 6833 6136 6150
f 6152 6157 6151
f 6832 6157 6152
f 6157 6832 6834
f 6831 6834 6832
f 6834 6831 6835
f 6835 6831 6836
f 6833 6150 6160
f 6837 6833 6160
f 6831 6833 6836
f 6837 6836 6833
f 6157 6834 6835
f 6268 6157 6835
f 6268 6155 6157
f 6155 6268 6266
f 6838 6268 6835
f 6839 6837 6160
f 6837 6835 6836
f 6837 6840 6835
f 6838 6835 6840
f 6841 6267 6268
f 6838 6841 6268
f 6839 6840 6837
f 6278 6160 6275
f 6160 6278 6839
f 6840 6842 6838
f 6841 6838 6842
f 6843 6278 6281
f 6839 6278 6843
f 6844 6840 6839
f 6844 6842 6840
f 6845 6842 6844
f 6298 6841 6842
f 6841 6298 6267
f 6844 6839 6843
f 6846 6844 6843
f 6843 6281 6301
f 6844 6846 6845
f 6845 6847 6842
f 6847 6845 6846
f 6847 6298 6842
f 6298 6847 6848
f 6848 6299 6298
f 6849 6848 6847
f 6849 6847 6846
f 6850 6843 6301
f 6846 6843 6850
f 6302 6314 6301
f 6850 6301 6314
f 6850 6314 6846
f 6306 6299 6848
f 6851 6306 6848
f 6849 6851 6848
f 6314 6313 6699
f 6852 6314 6699
f 6853 6851 6849
f 6846 6852 6849
f 6852 6846 6314
f 6853 6306 6851
f 6853 6849 6854
f 6854 6849 6852
f 6698 6852 6699
f 6853 6700 6306
f 6698 6703 6855
f 6852 6698 6855
f 6854 6852 6855
f 6700 6853 6854
f 6856 6700 6854
f 6854 6855 6856
f 6700 6856 6709
f 6855 6718 6856
f 6703 6718 6855
f 6709 6856 6721
f 6721 6856 6718
f 6721 6718 6717
f 5856 5869 6070
f 6192 6111 6174
f 6568 6556 6558
f 6566 6568 6570
f 4452 6857 4454
f 6857 6858 4454
f 6857 6859 6858
f 6857 4489 6859
f 4458 4454 6858
f 4489 6860 6859
f 6861 4455 4458
f 6862 4458 6858
f 6859 6862 6858
f 6862 6861 4458
f 6862 6859 6863
f 4491 6864 4490
f 6863 6859 6860
f 6860 4490 6864
f 6857 4452 4485
f 4485 4489 6857
f 4490 4488 4491
f 6860 4489 4490
f 6865 4566 6861
f 6861 4566 4455
f 4491 4460 6864
f 4460 6866 6864
f 6860 6864 6866
f 6866 4460 6867
f 6867 4460 4572
f 6862 6868 6861
f 6868 6862 6863
f 6865 6861 6868
f 6863 6860 6869
f 6867 6870 6866
f 6869 6860 6866
f 6871 4567 6865
f 6865 4567 4566
f 4573 4567 6871
f 6872 6865 6868
f 6872 6868 6873
f 6874 6871 6865
f 6872 6874 6865
f 6867 4572 6875
f 6875 4572 4576
f 6875 4576 6876
f 6868 6877 6873
f 6877 6868 6863
f 6877 6863 6869
f 6869 6866 6870
f 6867 6875 6878
f 6876 6878 6875
f 6870 6867 6878
f 6879 6874 6872
f 6872 6873 6879
f 6880 6877 6869
f 6880 6881 6877
f 6873 6877 6881
f 6870 6880 6869
f 6880 6870 6878
f 6882 6880 6878
f 6880 6882 6881
f 6883 6871 6884
f 4573 6871 6883
f 6883 4579 4573
f 6883 6885 4579
f 6884 6885 6883
f 6886 4587 4579
f 6886 4579 6885
f 4926 4587 6886
f 6886 6887 4926
f 6887 6886 6888
f 6889 4593 4592
f 6886 6885 6888
f 6888 6885 6884
f 6890 6891 4593
f 6890 4593 6892
f 6893 6888 6884
f 6894 6890 6895
f 6893 6896 6888
f 6897 6896 6893
f 6898 6888 6896
f 6899 6900 6901
f 4597 6902 4576
f 4598 4600 6903
f 4598 6902 4597
f 6902 4598 6903
f 6871 6874 6884
f 6904 6876 6902
f 6902 6903 6904
f 4576 4575 4597
f 6876 4576 6902
f 4599 4600 4598
f 6891 6903 4600
f 6891 4600 4593
f 6891 6894 6903
f 6905 6904 6903
f 6894 6891 6890
f 6906 6873 6907
f 6873 6881 6907
f 6907 6881 6882
f 6879 6873 6906
f 6882 6908 6909
f 6909 6907 6882
f 6893 6884 6874
f 6893 6874 6879
f 6908 6876 6904
f 6904 6905 6908
f 6909 6908 6905
f 6879 6906 6910
f 6910 6897 6893
f 6879 6910 6893
f 6911 6910 6906
f 6907 6911 6906
f 6878 6876 6908
f 6882 6878 6908
f 6903 6894 6905
f 6905 6894 6895
f 6909 6911 6907
f 6910 6912 6897
f 6912 6910 6911
f 6912 6911 6913
f 6909 6913 6911
f 6905 6895 6899
f 6909 6905 6901
f 6901 6905 6899
f 6913 6909 6901
f 6914 6896 6897
f 6897 6912 6914
f 6912 6915 6914
f 6915 6912 6913
f 6915 6913 6900
f 6913 6901 6900
f 4794 6549 4796
f 6549 4794 4798
f 6916 6549 4798
f 6917 6550 6549
f 6917 6549 6916
f 4798 4825 6916
f 6917 6916 6918
f 6918 6916 4825
f 4825 6919 6918
f 6920 6550 6917
f 6557 6550 6920
f 6920 6917 6921
f 6557 6920 6922
f 6922 6920 6921
f 6917 6918 6921
f 6918 6919 6921
f 6923 6921 6924
f 6922 6921 6923
f 6925 4824 4826
f 6926 6925 4826
f 4824 6925 4825
f 6919 6926 6924
f 6919 4825 6925
f 6919 6925 6926
f 6927 4826 4833
f 6927 4833 4961
f 6928 4972 4830
f 5008 6928 4830
f 6926 4826 6927
f 6924 6926 6929
f 6919 6924 6921
f 6924 6929 6930
f 6924 6930 6923
f 6927 6929 6926
f 6931 6929 6927
f 6929 6931 6932
f 6932 6930 6929
f 6569 6557 6922
f 6933 6922 6923
f 6933 6923 6934
f 6935 6569 6922
f 6569 6935 6571
f 6570 6571 6768
f 6768 6571 6936
f 6936 6571 6935
f 6922 6933 6935
f 6933 6937 6935
f 6935 6938 6939
f 6936 6935 6939
f 6934 6930 6932
f 6934 6923 6930
f 6937 6933 6934
f 6940 6932 6931
f 6941 6932 6940
f 6934 6932 6942
f 6942 6932 6941
f 6943 6937 6934
f 6943 6934 6942
f 6937 6938 6935
f 6938 6937 6943
f 6944 6938 6943
f 6945 6942 6941
f 6945 6943 6942
f 6946 6945 6941
f 6944 6943 6945
f 6947 6945 6946
f 4917 4926 4928
f 6948 4928 4926
f 4913 4927 6949
f 6951 6949 4927
f 6951 4927 4928
f 6948 6951 4928
f 6953 4933 4932
f 6954 4932 6955
f 6953 4932 6954
f 6948 4926 6956
f 6957 6948 6956
f 6959 6960 6956
f 6957 6951 6948
f 6961 6952 6958
f 6962 6961 6958
f 6954 6964 6965
f 6963 6957 6960
f 6956 6960 6957
f 6966 4961 4963
f 6927 4961 6966
f 4964 6966 4963
f 6967 6966 4964
f 6966 6967 6931
f 6949 4965 4913
f 6950 6968 6967
f 6950 6952 6968
f 6950 6967 4964
f 4972 6928 4973
f 6969 4973 6928
f 6969 6928 6970
f 4971 4973 6969
f 6966 6931 6927
f 6971 6972 6970
f 6969 6970 6972
f 4978 4975 4971
f 6973 4978 4971
f 4988 4976 4977
f 4987 4978 6973
f 6973 4971 6969
f 6972 6973 6969
f 6974 6975 4987
f 6974 4987 6973
f 6977 6974 6973
f 6974 6977 6978
f 6977 6973 6972
f 6979 6931 6967
f 6968 6979 6967
f 6940 6931 6979
f 6968 6952 6980
f 6980 6979 6968
f 6961 6980 6952
f 6971 6981 6972
f 6971 6982 6981
f 6981 6982 6983
f 6983 6984 6985
f 6986 6983 6982
f 6977 6987 6988
f 6988 6978 6977
f 6972 6981 6977
f 6987 6977 6981
f 6989 6988 6987
f 6990 6988 6989
f 6988 6990 6991
f 6992 6990 6989
f 6987 6981 6983
f 6983 6985 6987
f 6989 6987 6985
f 6992 6989 6985
f 4986 6993 4984
f 6993 4986 4988
f 6994 4984 6993
f 6994 4985 4984
f 6996 6993 6976
f 6997 6998 6994
f 6997 6994 6993
f 6997 6993 6996
f 6996 6999 6997
f 6994 4990 4985
f 6998 4990 6994
f 4990 6998 6955
f 4932 4990 6955
f 6955 6998 7000
f 6954 6955 7000
f 7000 6998 6999
f 6999 6998 6997
f 6976 6993 4988
f 6978 6975 6974
f 6995 6975 6978
f 7001 7002 6995
f 6999 6996 7003
f 6995 7002 7004
f 7005 7004 7002
f 7006 7004 7005
f 7008 7005 7009
f 7010 7002 7001
f 7005 7002 7010
f 7009 7005 7010
f 6964 6954 7000
f 7011 6964 7000
f 6964 7011 7012
f 7000 6999 7003
f 7013 7011 7000
f 7014 7011 7013
f 7013 7000 7007
f 7012 7011 7015
f 7011 7014 7015
f 7007 7000 7003
f 7008 7006 7005
f 6991 6995 6978
f 6991 6978 6988
f 7001 6995 6991
f 6990 7001 6991
f 7016 6961 6962
f 6962 7018 7016
f 7016 7018 7019
f 7020 7021 6960
f 7021 6963 6960
f 7021 7017 6963
f 7022 7023 7015
f 7021 7020 7024
f 7024 7020 7027
f 7024 7017 7021
f 7019 7018 7025
f 7028 7019 7025
f 7029 7028 7025
f 7025 7026 7029
f 7026 7030 7029
f 7032 7029 7030
f 7033 7032 7030
f 7033 7034 7036
f 7034 7033 7030
f 7038 6940 6979
f 7039 7038 6979
f 7040 6940 7038
f 7040 6941 6940
f 7041 7040 7038
f 7041 7038 7039
f 7039 6979 6980
f 7016 6980 6961
f 7016 7039 6980
f 7039 7016 7042
f 7041 7039 7042
f 6984 6983 6986
f 6986 7043 6984
f 7044 6984 7043
f 7045 6984 7044
f 7046 6992 6985
f 7046 6990 6992
f 7047 6990 7046
f 7047 7046 7048
f 7049 6985 6984
f 7046 6985 7049
f 7048 7046 7049
f 7050 7047 7048
f 7045 7049 6984
f 7049 7045 7048
f 7040 6946 6941
f 7041 6946 7040
f 6946 7041 7051
f 7052 7041 7042
f 7052 7051 7041
f 7053 7054 7052
f 7055 7045 7044
f 7056 7044 7043
f 7056 7055 7044
f 6947 6946 7051
f 7057 7056 7058
f 7059 7056 7057
f 7060 7055 7056
f 7061 7060 7059
f 7056 7059 7060
f 7050 7048 7062
f 7063 7048 7045
f 7063 7045 7055
f 7062 7048 7063
f 7064 7062 7063
f 7060 7063 7055
f 7061 7063 7060
f 7065 7010 7001
f 7008 7009 7010
f 7065 7008 7010
f 7066 7065 7067
f 7066 7068 7065
f 7008 7065 7068
f 7042 7016 7019
f 7069 7068 7066
f 7069 7070 7068
f 7071 7014 7013
f 7073 7013 7007
f 7008 7072 7006
f 7015 7014 7022
f 7071 7022 7014
f 7071 7013 7073
f 7073 7022 7071
f 7070 7072 7008
f 7022 7073 7074
f 7037 7074 7073
f 7036 7072 7070
f 7070 7008 7068
f 7065 7001 6990
f 7047 7065 6990
f 7067 7065 7047
f 7075 7067 7047
f 7066 7067 7075
f 7075 7047 7050
f 7076 7066 7075
f 7042 7019 7053
f 7053 7019 7028
f 7053 7028 7029
f 7069 7066 7076
f 7077 7069 7076
f 7069 7077 7070
f 7052 7042 7053
f 7078 7053 7029
f 7029 7079 7078
f 7029 7032 7079
f 7054 7053 7078
f 7078 7079 7054
f 7064 7080 7077
f 7036 7070 7077
f 7081 7036 7077
f 7033 7081 7032
f 7081 7033 7036
f 7081 7077 7080
f 7080 7032 7081
f 7062 7076 7050
f 7076 7075 7050
f 7077 7076 7062
f 7064 7077 7062
f 4995 7082 4997
f 7082 5001 4997
f 4994 7082 4995
f 6597 7083 4994
f 7083 7082 4994
f 7083 6597 6606
f 7084 7083 6606
f 6598 6606 6597
f 7084 7082 7083
f 7082 7084 7085
f 7084 7086 7085
f 7087 5000 5001
f 7087 5001 7082
f 5000 7088 5002
f 7088 5000 7087
f 7087 7089 7088
f 7085 7087 7082
f 7087 7085 7090
f 7090 7085 7086
f 7090 7089 7087
f 7091 7089 7090
f 7092 7084 6606
f 7093 6606 6607
f 7092 6606 7093
f 7092 7094 7084
f 7084 7094 7086
f 7093 7094 7092
f 6608 7093 6607
f 7095 7093 6627
f 7093 6608 6627
f 7095 7094 7093
f 7095 7086 7094
f 7091 7090 7086
f 7096 7089 7091
f 7097 7091 7086
f 7097 7096 7091
f 7086 7095 7097
f 7098 7097 7095
f 7097 7099 7100
f 5002 7088 7101
f 7102 7101 7088
f 5006 5002 7101
f 7101 7102 5006
f 5007 5006 7102
f 5007 7102 7103
f 7088 7089 7104
f 7088 7104 7102
f 7096 7104 7089
f 7102 7104 7103
f 5008 4832 5007
f 5008 5007 7105
f 7106 5008 7105
f 7103 7105 5007
f 6928 5008 7106
f 7106 7105 7103
f 7107 7103 7104
f 7107 7106 7103
f 7108 6928 7106
f 7108 6970 6928
f 7109 7104 7096
f 7104 7109 7107
f 7109 7110 7107
f 7111 7110 7109
f 7109 7112 7111
f 7097 7100 7096
f 7112 7109 7096
f 7096 7100 7112
f 7113 7112 7100
f 7110 7106 7107
f 7114 7106 7110
f 7108 7106 7114
f 7115 7110 7111
f 7116 7114 7115
f 7115 7114 7110
f 7095 7117 7098
f 6627 6630 7095
f 6626 6630 6627
f 7095 7118 7117
f 7095 6630 7118
f 7097 7098 7099
f 7117 7099 7098
f 7119 7120 7099
f 7099 7117 7119
f 7121 7117 7118
f 7121 7119 7117
f 6629 6636 6630
f 7122 6630 6636
f 7123 6630 7122
f 6630 7123 7118
f 7121 7118 7123
f 7122 6636 6639
f 6639 7124 7122
f 7125 7124 6821
f 7122 7124 7123
f 7125 7123 7124
f 7125 7121 7123
f 7126 7119 7121
f 7127 7126 7121
f 7119 7126 7128
f 7128 7129 7119
f 7127 7128 7126
f 7130 7131 7132
f 7127 7121 7125
f 7133 7127 7125
f 7133 7134 7127
f 7131 7128 7127
f 7134 7131 7127
f 7135 7111 7112
f 7136 7135 7112
f 7120 7100 7099
f 7113 7100 7120
f 7136 7113 7120
f 7129 7136 7120
f 7136 7112 7113
f 7137 7138 7136
f 7119 7129 7120
f 7111 7135 7139
f 7139 7115 7111
f 7116 7115 7139
f 7116 7139 7140
f 7138 7135 7136
f 7138 7139 7135
f 7140 7139 7138
f 7141 7140 7138
f 7142 7136 7129
f 7142 7137 7136
f 7142 7129 7128
f 7131 7130 7142
f 7137 7142 7143
f 7143 7142 7130
f 7144 7143 7130
f 7131 7142 7128
f 7141 7138 7137
f 7145 7141 7137
f 7146 7140 7141
f 7058 7146 7141
f 7145 7137 7143
f 7145 7058 7141
f 7147 7058 7145
f 7147 7057 7058
f 6971 6970 7108
f 6971 7108 7114
f 6982 6971 7114
f 7116 6982 7114
f 6986 6982 7116
f 7116 7043 6986
f 7043 7116 7140
f 7146 7043 7140
f 7056 7043 7146
f 7058 7056 7146
f 7148 6768 6936
f 6768 7148 6772
f 7148 6936 6939
f 6938 7149 6939
f 6939 7149 7148
f 7150 7148 7149
f 7150 6772 7148
f 6774 6772 7150
f 7150 6803 6774
f 6803 7150 7151
f 6803 7151 7152
f 7149 7153 7150
f 7153 7149 7154
f 7153 7154 7155
f 7151 7150 7153
f 7155 7151 7153
f 7152 7151 7155
f 7152 7155 7156
f 7156 7155 7154
f 7157 7156 7158
f 6938 6944 7159
f 6938 7159 7160
f 7149 6938 7160
f 7159 6945 6947
f 6944 6945 7159
f 7160 7159 7161
f 7159 6947 7162
f 7159 7162 7161
f 7163 7160 7161
f 7154 7149 7160
f 7156 7154 7163
f 7163 7154 7160
f 7156 7163 7164
f 7156 7164 7158
f 7165 7163 7161
f 7165 7164 7163
f 7158 7164 7165
f 6801 6773 6774
f 6774 6803 6801
f 6802 6803 7152
f 7152 6804 6802
f 7157 6804 7152
f 7157 6805 6804
f 7157 7166 6805
f 7157 7152 7156
f 7052 7054 7051
f 7051 7054 7162
f 6947 7051 7162
f 7167 7061 7059
f 7161 7168 7165
f 7169 7165 7168
f 7168 7161 7162
f 7057 7167 7059
f 7170 7167 7057
f 7158 7165 7169
f 7171 7172 7169
f 7172 7171 7170
f 7171 7167 7170
f 7171 7169 7173
f 7063 7061 7064
f 7168 7162 7174
f 7174 7162 7054
f 7174 7175 7168
f 7080 7173 7175
f 7173 7080 7064
f 7173 7064 7061
f 7171 7061 7167
f 7061 7171 7173
f 7169 7168 7175
f 7173 7169 7175
f 7169 7172 7158
f 7079 7174 7054
f 7174 7079 7032
f 7175 7174 7032
f 7080 7175 7032
f 6821 7124 6639
f 7176 7125 6821
f 7176 6821 7177
f 7176 7178 7125
f 6827 7179 7177
f 7179 7176 7177
f 7177 6821 6822
f 7176 7179 7178
f 7178 7133 7125
f 7134 7133 7178
f 7132 7131 7134
f 7132 7134 7178
f 7178 7180 7132
f 7181 7182 7132
f 7183 7181 7132
f 6827 7177 6822
f 6827 6829 7184
f 7184 7179 6827
f 6829 6828 6830
f 6830 7185 6829
f 7185 7184 6829
f 7184 7185 7186
f 7184 7180 7179
f 7180 7178 7179
f 7186 7180 7184
f 7183 7180 7186
f 7183 7132 7180
f 7187 7183 7186
f 7186 7188 7187
f 7158 7188 7157
f 7188 7189 7187
f 7144 7130 7182
f 7182 7130 7132
f 7182 7190 7144
f 7145 7143 7144
f 7181 7190 7182
f 7191 7190 7181
f 7191 7192 7190
f 7144 7193 7145
f 7192 7193 7144
f 7193 7147 7145
f 7057 7147 7193
f 7192 7144 7190
f 7057 7193 7192
f 7170 7057 7192
f 7170 7192 7191
f 7191 7181 7183
f 7187 7191 7183
f 7194 7191 7187
f 7189 7194 7187
f 7189 7188 7158
f 7158 7172 7189
f 7194 7189 7172
f 7170 7191 7194
f 7172 7170 7194
f 6806 7185 6830
f 6805 7166 6806
f 7185 6806 7186
f 7166 7186 6806
f 7188 7186 7166
f 7157 7188 7166
f 4592 5019 6889
f 6892 6889 5019
f 4593 6889 6892
f 5019 5018 7195
f 5019 7195 7196
f 7197 6890 6892
f 7197 6892 7198
f 5019 7196 6892
f 7198 6892 7196
f 5021 5020 4933
f 6953 5021 4933
f 7195 5018 5021
f 7199 7195 5021
f 7195 7199 7196
f 7200 7199 5021
f 7201 7196 7199
f 5021 6953 6965
f 6965 6953 6954
f 7200 5021 6965
f 6956 4926 6887
f 6956 6887 6898
f 6887 6888 6898
f 7196 7201 7202
f 6956 6898 6959
f 7203 7197 7198
f 6895 6890 7197
f 7204 6895 7197
f 7203 7198 7196
f 7203 7196 7202
f 6895 7204 6899
f 7203 7204 7197
f 6900 6899 7204
f 7205 7203 7202
f 7205 7202 7206
f 7205 7204 7203
f 7200 7201 7199
f 7201 7206 7202
f 7206 7201 7207
f 7207 7201 7200
f 7012 6965 6964
f 7200 6965 7012
f 7207 7200 7012
f 7207 7208 7206
f 7209 7210 7206
f 7209 7206 7208
f 7208 7207 7012
f 7211 7205 7206
f 6898 7212 6959
f 7213 6959 7212
f 7020 6960 6959
f 7020 6959 7213
f 7212 7214 7213
f 7213 7214 7215
f 7214 6915 7215
f 6898 6896 7212
f 7212 6896 6914
f 6914 7214 7212
f 6915 7214 6914
f 7205 7211 7204
f 7204 7211 7216
f 7217 6915 6900
f 6900 7204 7217
f 7217 7204 7216
f 7211 7206 7210
f 7208 7218 7209
f 7218 7210 7209
f 7216 7211 7210
f 7219 7210 7218
f 7218 7208 7023
f 7023 7208 7012
f 7015 7023 7012
f 7218 7023 7022
f 7074 7218 7022
f 7215 7020 7213
f 7215 7027 7020
f 7031 7027 7215
f 7215 6915 7031
f 7217 7220 6915
f 7220 7217 7221
f 7216 7210 7219
f 7221 7216 7219
f 7216 7221 7217
f 7219 7218 7074
f 7220 7031 6915
f 7031 7220 7035
f 7035 7220 7221
f 7074 7037 7219
f 7035 7219 7037
f 7035 7221 7219
